ISO-10303-21;
HEADER;
/* Generated by software containing ST-Developer
 * from STEP Tools, Inc. (www.steptools.com) 
 */

FILE_DESCRIPTION(
/* description */ (''),
/* implementation_level */ '2;1');

FILE_NAME(
/* name */ 'Arm Strap Support2.step',
/* time_stamp */ '2026-07-10T21:18:56-04:00',
/* author */ (''),
/* organization */ (''),
/* preprocessor_version */ 'ST-DEVELOPER v20.1',
/* originating_system */ 'Autodesk Translation Framework v15.8.0.0',
/* authorisation */ '');

FILE_SCHEMA (('AUTOMOTIVE_DESIGN { 1 0 10303 214 3 1 1 }'));
ENDSEC;

DATA;
#10=MECHANICAL_DESIGN_GEOMETRIC_PRESENTATION_REPRESENTATION('',(#13),#7219);
#11=SHAPE_REPRESENTATION_RELATIONSHIP('SRR','None',#7229,#12);
#12=ADVANCED_BREP_SHAPE_REPRESENTATION('',(#14),#7218);
#13=STYLED_ITEM('',(#7239),#14);
#14=MANIFOLD_SOLID_BREP('ArmSupport2',#1959);
#15=FACE_BOUND('',#266,.T.);
#16=FACE_BOUND('',#267,.T.);
#17=TOROIDAL_SURFACE('',#2057,0.45,0.05);
#18=TOROIDAL_SURFACE('',#2073,0.55,0.05);
#19=TOROIDAL_SURFACE('',#2101,0.55,0.05);
#20=TOROIDAL_SURFACE('',#2116,0.45,0.05);
#21=(
BOUNDED_SURFACE()
B_SPLINE_SURFACE(2,2,((#6982,#6983,#6984),(#6985,#6986,#6987),(#6988,#6989,
#6990)),.UNSPECIFIED.,.F.,.F.,.F.)
B_SPLINE_SURFACE_WITH_KNOTS((3,3),(3,3),(0.,1.5707963267949),(-1.5707963267949,
0.),.UNSPECIFIED.)
GEOMETRIC_REPRESENTATION_ITEM()
RATIONAL_B_SPLINE_SURFACE(((1.,0.707106781186548,1.),(0.707106781186557,
0.500000000000007,0.707106781186557),(1.,0.707106781186548,1.)))
REPRESENTATION_ITEM('')
SURFACE()
);
#22=(
BOUNDED_SURFACE()
B_SPLINE_SURFACE(2,2,((#7017,#7018,#7019),(#7020,#7021,#7022),(#7023,#7024,
#7025)),.UNSPECIFIED.,.F.,.F.,.F.)
B_SPLINE_SURFACE_WITH_KNOTS((3,3),(3,3),(0.,1.5707963267949),(1.5707963267949,
3.14159265358979),.UNSPECIFIED.)
GEOMETRIC_REPRESENTATION_ITEM()
RATIONAL_B_SPLINE_SURFACE(((1.,0.707106781186548,1.),(0.707106781186547,
0.499999999999999,0.707106781186547),(1.,0.707106781186548,1.)))
REPRESENTATION_ITEM('')
SURFACE()
);
#23=(
BOUNDED_SURFACE()
B_SPLINE_SURFACE(2,2,((#7037,#7038,#7039),(#7040,#7041,#7042),(#7043,#7044,
#7045)),.UNSPECIFIED.,.F.,.F.,.F.)
B_SPLINE_SURFACE_WITH_KNOTS((3,3),(3,3),(0.,1.5707963267949),(-3.14159265358979,
-1.5707963267949),.UNSPECIFIED.)
GEOMETRIC_REPRESENTATION_ITEM()
RATIONAL_B_SPLINE_SURFACE(((1.,0.707106781186548,1.),(0.707106781186547,
0.499999999999999,0.707106781186547),(1.,0.707106781186548,1.)))
REPRESENTATION_ITEM('')
SURFACE()
);
#24=(
BOUNDED_SURFACE()
B_SPLINE_SURFACE(2,2,((#7069,#7070,#7071),(#7072,#7073,#7074),(#7075,#7076,
#7077)),.UNSPECIFIED.,.F.,.F.,.F.)
B_SPLINE_SURFACE_WITH_KNOTS((3,3),(3,3),(0.,1.5707963267949),(-3.14159265358979,
-1.57079632679489),.UNSPECIFIED.)
GEOMETRIC_REPRESENTATION_ITEM()
RATIONAL_B_SPLINE_SURFACE(((1.,0.707106781186547,1.),(0.707106781186558,
0.500000000000007,0.707106781186558),(1.,0.707106781186547,1.)))
REPRESENTATION_ITEM('')
SURFACE()
);
#25=(
BOUNDED_SURFACE()
B_SPLINE_SURFACE(2,2,((#7121,#7122,#7123),(#7124,#7125,#7126),(#7127,#7128,
#7129)),.UNSPECIFIED.,.F.,.F.,.F.)
B_SPLINE_SURFACE_WITH_KNOTS((3,3),(3,3),(0.,1.5707963267949),(-1.5707963267949,
0.),.UNSPECIFIED.)
GEOMETRIC_REPRESENTATION_ITEM()
RATIONAL_B_SPLINE_SURFACE(((1.,0.707106781186546,1.),(0.707106781186549,
0.5,0.707106781186549),(1.,0.707106781186546,1.)))
REPRESENTATION_ITEM('')
SURFACE()
);
#26=(
BOUNDED_SURFACE()
B_SPLINE_SURFACE(2,2,((#7153,#7154,#7155),(#7156,#7157,#7158),(#7159,#7160,
#7161)),.UNSPECIFIED.,.F.,.F.,.F.)
B_SPLINE_SURFACE_WITH_KNOTS((3,3),(3,3),(0.,1.5707963267949),(-1.5707963267949,
0.),.UNSPECIFIED.)
GEOMETRIC_REPRESENTATION_ITEM()
RATIONAL_B_SPLINE_SURFACE(((1.,0.707106781186548,1.),(0.707106781186547,
0.499999999999999,0.707106781186547),(1.,0.707106781186548,1.)))
REPRESENTATION_ITEM('')
SURFACE()
);
#27=(
BOUNDED_SURFACE()
B_SPLINE_SURFACE(2,2,((#7170,#7171,#7172),(#7173,#7174,#7175),(#7176,#7177,
#7178)),.UNSPECIFIED.,.F.,.F.,.F.)
B_SPLINE_SURFACE_WITH_KNOTS((3,3),(3,3),(0.,1.5707963267949),(0.,1.5707963267949),
 .UNSPECIFIED.)
GEOMETRIC_REPRESENTATION_ITEM()
RATIONAL_B_SPLINE_SURFACE(((1.,0.707106781186548,1.),(0.707106781186547,
0.499999999999999,0.707106781186547),(1.,0.707106781186548,1.)))
REPRESENTATION_ITEM('')
SURFACE()
);
#28=(
BOUNDED_SURFACE()
B_SPLINE_SURFACE(2,2,((#7194,#7195,#7196),(#7197,#7198,#7199),(#7200,#7201,
#7202)),.UNSPECIFIED.,.F.,.F.,.F.)
B_SPLINE_SURFACE_WITH_KNOTS((3,3),(3,3),(0.,1.5707963267949),(-3.14159265358979,
-1.5707963267949),.UNSPECIFIED.)
GEOMETRIC_REPRESENTATION_ITEM()
RATIONAL_B_SPLINE_SURFACE(((1.,0.707106781186547,1.),(0.707106781186547,
0.5,0.707106781186547),(1.,0.707106781186547,1.)))
REPRESENTATION_ITEM('')
SURFACE()
);
#29=PLANE('',#2047);
#30=PLANE('',#2050);
#31=PLANE('',#2083);
#32=PLANE('',#2086);
#33=PLANE('',#2089);
#34=PLANE('',#2092);
#35=PLANE('',#2123);
#36=PLANE('',#2125);
#37=PLANE('',#2127);
#38=PLANE('',#2128);
#39=B_SPLINE_SURFACE_WITH_KNOTS('',3,3,((#4870,#4871,#4872,#4873,#4874,
#4875,#4876,#4877,#4878,#4879,#4880,#4881,#4882,#4883,#4884,#4885,#4886,
#4887,#4888,#4889,#4890,#4891,#4892,#4893,#4894,#4895,#4896,#4897,#4898,
#4899,#4900,#4901,#4902,#4903,#4904,#4905,#4906,#4907,#4908,#4909,#4910,
#4911,#4912,#4913,#4914,#4915,#4916,#4917,#4918,#4919,#4920,#4921,#4922,
#4923,#4924,#4925,#4926,#4927,#4928,#4929,#4930,#4931,#4932,#4933,#4934,
#4935,#4936,#4937,#4938,#4939,#4940,#4941,#4942,#4943,#4944,#4945,#4946,
#4947,#4948,#4949,#4950,#4951,#4952,#4953,#4954,#4955,#4956,#4957,#4958,
#4959,#4960,#4961,#4962,#4963,#4964,#4965,#4966,#4967,#4968,#4969,#4970,
#4971,#4972,#4973,#4974,#4975),(#4976,#4977,#4978,#4979,#4980,#4981,#4982,
#4983,#4984,#4985,#4986,#4987,#4988,#4989,#4990,#4991,#4992,#4993,#4994,
#4995,#4996,#4997,#4998,#4999,#5000,#5001,#5002,#5003,#5004,#5005,#5006,
#5007,#5008,#5009,#5010,#5011,#5012,#5013,#5014,#5015,#5016,#5017,#5018,
#5019,#5020,#5021,#5022,#5023,#5024,#5025,#5026,#5027,#5028,#5029,#5030,
#5031,#5032,#5033,#5034,#5035,#5036,#5037,#5038,#5039,#5040,#5041,#5042,
#5043,#5044,#5045,#5046,#5047,#5048,#5049,#5050,#5051,#5052,#5053,#5054,
#5055,#5056,#5057,#5058,#5059,#5060,#5061,#5062,#5063,#5064,#5065,#5066,
#5067,#5068,#5069,#5070,#5071,#5072,#5073,#5074,#5075,#5076,#5077,#5078,
#5079,#5080,#5081),(#5082,#5083,#5084,#5085,#5086,#5087,#5088,#5089,#5090,
#5091,#5092,#5093,#5094,#5095,#5096,#5097,#5098,#5099,#5100,#5101,#5102,
#5103,#5104,#5105,#5106,#5107,#5108,#5109,#5110,#5111,#5112,#5113,#5114,
#5115,#5116,#5117,#5118,#5119,#5120,#5121,#5122,#5123,#5124,#5125,#5126,
#5127,#5128,#5129,#5130,#5131,#5132,#5133,#5134,#5135,#5136,#5137,#5138,
#5139,#5140,#5141,#5142,#5143,#5144,#5145,#5146,#5147,#5148,#5149,#5150,
#5151,#5152,#5153,#5154,#5155,#5156,#5157,#5158,#5159,#5160,#5161,#5162,
#5163,#5164,#5165,#5166,#5167,#5168,#5169,#5170,#5171,#5172,#5173,#5174,
#5175,#5176,#5177,#5178,#5179,#5180,#5181,#5182,#5183,#5184,#5185,#5186,
#5187),(#5188,#5189,#5190,#5191,#5192,#5193,#5194,#5195,#5196,#5197,#5198,
#5199,#5200,#5201,#5202,#5203,#5204,#5205,#5206,#5207,#5208,#5209,#5210,
#5211,#5212,#5213,#5214,#5215,#5216,#5217,#5218,#5219,#5220,#5221,#5222,
#5223,#5224,#5225,#5226,#5227,#5228,#5229,#5230,#5231,#5232,#5233,#5234,
#5235,#5236,#5237,#5238,#5239,#5240,#5241,#5242,#5243,#5244,#5245,#5246,
#5247,#5248,#5249,#5250,#5251,#5252,#5253,#5254,#5255,#5256,#5257,#5258,
#5259,#5260,#5261,#5262,#5263,#5264,#5265,#5266,#5267,#5268,#5269,#5270,
#5271,#5272,#5273,#5274,#5275,#5276,#5277,#5278,#5279,#5280,#5281,#5282,
#5283,#5284,#5285,#5286,#5287,#5288,#5289,#5290,#5291,#5292,#5293)),
 .UNSPECIFIED.,.F.,.F.,.F.,(4,4),(4,1,1,1,1,1,1,1,1,1,1,1,1,1,1,1,1,1,1,
1,1,1,1,1,1,1,1,1,1,1,1,1,1,1,1,1,1,1,1,1,1,1,1,1,1,1,1,1,1,1,1,1,1,1,1,
1,1,1,1,1,1,1,1,1,1,1,1,1,1,1,1,1,1,1,1,1,1,1,1,1,1,1,1,1,1,1,1,1,1,1,1,
1,1,1,1,1,1,1,1,1,1,1,1,4),(0.,0.0432608556703783),(11.9221090801831,12.9147614249861,
13.9074137697891,14.9000661145921,15.8927184593951,16.8853708041982,17.8780231490012,
18.8706754938042,19.8633278386072,20.8559801834102,21.8486325282132,22.8412848730162,
23.8339372178193,24.8265895626223,25.8192419074253,26.8118942522283,27.8045465970313,
28.7971989418343,29.7898512866373,30.7825036314404,31.7751559762434,32.7678083210464,
33.7604606658494,34.7531130106524,35.7457653554554,36.7384177002584,37.7310700450615,
38.7237223898645,39.7163747346675,40.7090270794705,41.7016794242735,42.6943317690765,
43.6869841138795,44.6796364586826,45.6722888034856,46.6649411482886,47.6575934930916,
48.6502458378946,49.6428981826976,50.6355505275007,51.6282028723037,52.6208552171067,
53.6135075619097,54.6061599067127,55.5988122515157,56.5914645963187,57.5841169411218,
58.5767692859248,59.5694216307278,60.5620739755308,61.5547263203338,62.5473786651368,
63.5400310099398,64.5326833547429,65.5253356995459,66.5179880443489,67.5106403891519,
68.5032927339549,69.4959450787579,70.4885974235609,71.481249768364,72.473902113167,
73.46655445797,74.459206802773,75.451859147576,76.444511492379,77.437163837182,
78.429816181985,79.4224685267881,80.4151208715911,81.4077732163941,82.4004255611971,
83.3930779060001,84.3857302508031,85.3783825956062,86.3710349404092,87.3636872852122,
88.3563396300152,89.3489919748182,90.3416443196212,91.3342966644242,92.3269490092273,
93.3196013540303,94.3122536988333,95.3049060436363,96.2975583884393,97.2902107332423,
98.2828630780453,99.2755154228484,100.268167767651,101.260820112454,102.253472457257,
103.24612480206,104.238777146863,105.231429491666,106.224081836469,107.216734181272,
108.209386526075,109.202038870879,110.194691215682,111.187343560485,112.179995905288,
113.172648250091,114.165300594894),.UNSPECIFIED.);
#40=B_SPLINE_SURFACE_WITH_KNOTS('',3,3,((#5396,#5397,#5398,#5399,#5400,
#5401,#5402,#5403,#5404,#5405,#5406,#5407,#5408,#5409,#5410,#5411,#5412,
#5413,#5414,#5415,#5416,#5417,#5418,#5419,#5420,#5421,#5422,#5423,#5424,
#5425,#5426,#5427,#5428,#5429,#5430,#5431,#5432,#5433,#5434,#5435,#5436,
#5437,#5438,#5439,#5440,#5441,#5442,#5443,#5444,#5445,#5446,#5447,#5448,
#5449,#5450,#5451,#5452,#5453,#5454,#5455,#5456,#5457,#5458,#5459,#5460,
#5461,#5462,#5463,#5464,#5465,#5466,#5467,#5468,#5469,#5470,#5471,#5472,
#5473,#5474,#5475,#5476,#5477,#5478,#5479,#5480,#5481,#5482,#5483,#5484,
#5485,#5486,#5487,#5488,#5489,#5490,#5491,#5492,#5493,#5494,#5495,#5496,
#5497,#5498,#5499,#5500,#5501),(#5502,#5503,#5504,#5505,#5506,#5507,#5508,
#5509,#5510,#5511,#5512,#5513,#5514,#5515,#5516,#5517,#5518,#5519,#5520,
#5521,#5522,#5523,#5524,#5525,#5526,#5527,#5528,#5529,#5530,#5531,#5532,
#5533,#5534,#5535,#5536,#5537,#5538,#5539,#5540,#5541,#5542,#5543,#5544,
#5545,#5546,#5547,#5548,#5549,#5550,#5551,#5552,#5553,#5554,#5555,#5556,
#5557,#5558,#5559,#5560,#5561,#5562,#5563,#5564,#5565,#5566,#5567,#5568,
#5569,#5570,#5571,#5572,#5573,#5574,#5575,#5576,#5577,#5578,#5579,#5580,
#5581,#5582,#5583,#5584,#5585,#5586,#5587,#5588,#5589,#5590,#5591,#5592,
#5593,#5594,#5595,#5596,#5597,#5598,#5599,#5600,#5601,#5602,#5603,#5604,
#5605,#5606,#5607),(#5608,#5609,#5610,#5611,#5612,#5613,#5614,#5615,#5616,
#5617,#5618,#5619,#5620,#5621,#5622,#5623,#5624,#5625,#5626,#5627,#5628,
#5629,#5630,#5631,#5632,#5633,#5634,#5635,#5636,#5637,#5638,#5639,#5640,
#5641,#5642,#5643,#5644,#5645,#5646,#5647,#5648,#5649,#5650,#5651,#5652,
#5653,#5654,#5655,#5656,#5657,#5658,#5659,#5660,#5661,#5662,#5663,#5664,
#5665,#5666,#5667,#5668,#5669,#5670,#5671,#5672,#5673,#5674,#5675,#5676,
#5677,#5678,#5679,#5680,#5681,#5682,#5683,#5684,#5685,#5686,#5687,#5688,
#5689,#5690,#5691,#5692,#5693,#5694,#5695,#5696,#5697,#5698,#5699,#5700,
#5701,#5702,#5703,#5704,#5705,#5706,#5707,#5708,#5709,#5710,#5711,#5712,
#5713),(#5714,#5715,#5716,#5717,#5718,#5719,#5720,#5721,#5722,#5723,#5724,
#5725,#5726,#5727,#5728,#5729,#5730,#5731,#5732,#5733,#5734,#5735,#5736,
#5737,#5738,#5739,#5740,#5741,#5742,#5743,#5744,#5745,#5746,#5747,#5748,
#5749,#5750,#5751,#5752,#5753,#5754,#5755,#5756,#5757,#5758,#5759,#5760,
#5761,#5762,#5763,#5764,#5765,#5766,#5767,#5768,#5769,#5770,#5771,#5772,
#5773,#5774,#5775,#5776,#5777,#5778,#5779,#5780,#5781,#5782,#5783,#5784,
#5785,#5786,#5787,#5788,#5789,#5790,#5791,#5792,#5793,#5794,#5795,#5796,
#5797,#5798,#5799,#5800,#5801,#5802,#5803,#5804,#5805,#5806,#5807,#5808,
#5809,#5810,#5811,#5812,#5813,#5814,#5815,#5816,#5817,#5818,#5819)),
 .UNSPECIFIED.,.F.,.F.,.F.,(4,4),(4,1,1,1,1,1,1,1,1,1,1,1,1,1,1,1,1,1,1,
1,1,1,1,1,1,1,1,1,1,1,1,1,1,1,1,1,1,1,1,1,1,1,1,1,1,1,1,1,1,1,1,1,1,1,1,
1,1,1,1,1,1,1,1,1,1,1,1,1,1,1,1,1,1,1,1,1,1,1,1,1,1,1,1,1,1,1,1,1,1,1,1,
1,1,1,1,1,1,1,1,1,1,1,1,4),(0.,0.0432608556703783),(14.6399982022878,15.6326505470908,
16.6253028918938,17.6179552366968,18.6106075814998,19.6032599263028,20.5959122711059,
21.5885646159089,22.5812169607119,23.5738693055149,24.5665216503179,25.5591739951209,
26.5518263399239,27.544478684727,28.53713102953,29.529783374333,30.522435719136,
31.515088063939,32.507740408742,33.500392753545,34.4930450983481,35.4856974431511,
36.4783497879541,37.4710021327571,38.4636544775601,39.4563068223631,40.4489591671661,
41.4416115119692,42.4342638567722,43.4269162015752,44.4195685463782,45.4122208911812,
46.4048732359842,47.3975255807872,48.3901779255903,49.3828302703933,50.3754826151963,
51.3681349599993,52.3607873048023,53.3534396496053,54.3460919944083,55.3387443392114,
56.3313966840144,57.3240490288174,58.3167013736204,59.3093537184234,60.3020060632264,
61.2946584080294,62.2873107528325,63.2799630976355,64.2726154424385,65.2652677872415,
66.2579201320445,67.2505724768475,68.2432248216506,69.2358771664536,70.2285295112566,
71.2211818560596,72.2138342008626,73.2064865456656,74.1991388904686,75.1917912352717,
76.1844435800747,77.1770959248777,78.1697482696807,79.1624006144837,80.1550529592867,
81.1477053040897,82.1403576488928,83.1330099936958,84.1256623384988,85.1183146833018,
86.1109670281048,87.1036193729078,88.0962717177108,89.0889240625139,90.0815764073169,
91.0742287521199,92.0668810969229,93.0595334417259,94.0521857865289,95.044838131332,
96.037490476135,97.030142820938,98.022795165741,99.015447510544,100.008099855347,
101.00075220015,101.993404544953,102.986056889756,103.978709234559,104.971361579362,
105.964013924165,106.956666268968,107.949318613771,108.941970958574,109.934623303377,
110.92727564818,111.919927992983,112.912580337786,113.905232682589,114.897885027392,
115.890537372195,116.883189716998),.UNSPECIFIED.);
#41=B_SPLINE_SURFACE_WITH_KNOTS('',3,3,((#5937,#5938,#5939,#5940,#5941,
#5942,#5943,#5944,#5945,#5946,#5947,#5948,#5949,#5950,#5951,#5952,#5953,
#5954,#5955,#5956,#5957,#5958,#5959,#5960,#5961,#5962,#5963,#5964,#5965,
#5966,#5967,#5968,#5969,#5970,#5971,#5972,#5973,#5974,#5975,#5976,#5977,
#5978,#5979,#5980,#5981,#5982,#5983,#5984,#5985,#5986,#5987,#5988,#5989,
#5990,#5991,#5992,#5993,#5994,#5995,#5996,#5997,#5998,#5999,#6000,#6001,
#6002,#6003,#6004,#6005,#6006,#6007,#6008,#6009,#6010,#6011,#6012,#6013,
#6014,#6015,#6016,#6017,#6018,#6019,#6020,#6021,#6022,#6023,#6024,#6025,
#6026,#6027,#6028,#6029,#6030,#6031,#6032,#6033,#6034,#6035,#6036,#6037,
#6038,#6039,#6040,#6041,#6042),(#6043,#6044,#6045,#6046,#6047,#6048,#6049,
#6050,#6051,#6052,#6053,#6054,#6055,#6056,#6057,#6058,#6059,#6060,#6061,
#6062,#6063,#6064,#6065,#6066,#6067,#6068,#6069,#6070,#6071,#6072,#6073,
#6074,#6075,#6076,#6077,#6078,#6079,#6080,#6081,#6082,#6083,#6084,#6085,
#6086,#6087,#6088,#6089,#6090,#6091,#6092,#6093,#6094,#6095,#6096,#6097,
#6098,#6099,#6100,#6101,#6102,#6103,#6104,#6105,#6106,#6107,#6108,#6109,
#6110,#6111,#6112,#6113,#6114,#6115,#6116,#6117,#6118,#6119,#6120,#6121,
#6122,#6123,#6124,#6125,#6126,#6127,#6128,#6129,#6130,#6131,#6132,#6133,
#6134,#6135,#6136,#6137,#6138,#6139,#6140,#6141,#6142,#6143,#6144,#6145,
#6146,#6147,#6148),(#6149,#6150,#6151,#6152,#6153,#6154,#6155,#6156,#6157,
#6158,#6159,#6160,#6161,#6162,#6163,#6164,#6165,#6166,#6167,#6168,#6169,
#6170,#6171,#6172,#6173,#6174,#6175,#6176,#6177,#6178,#6179,#6180,#6181,
#6182,#6183,#6184,#6185,#6186,#6187,#6188,#6189,#6190,#6191,#6192,#6193,
#6194,#6195,#6196,#6197,#6198,#6199,#6200,#6201,#6202,#6203,#6204,#6205,
#6206,#6207,#6208,#6209,#6210,#6211,#6212,#6213,#6214,#6215,#6216,#6217,
#6218,#6219,#6220,#6221,#6222,#6223,#6224,#6225,#6226,#6227,#6228,#6229,
#6230,#6231,#6232,#6233,#6234,#6235,#6236,#6237,#6238,#6239,#6240,#6241,
#6242,#6243,#6244,#6245,#6246,#6247,#6248,#6249,#6250,#6251,#6252,#6253,
#6254),(#6255,#6256,#6257,#6258,#6259,#6260,#6261,#6262,#6263,#6264,#6265,
#6266,#6267,#6268,#6269,#6270,#6271,#6272,#6273,#6274,#6275,#6276,#6277,
#6278,#6279,#6280,#6281,#6282,#6283,#6284,#6285,#6286,#6287,#6288,#6289,
#6290,#6291,#6292,#6293,#6294,#6295,#6296,#6297,#6298,#6299,#6300,#6301,
#6302,#6303,#6304,#6305,#6306,#6307,#6308,#6309,#6310,#6311,#6312,#6313,
#6314,#6315,#6316,#6317,#6318,#6319,#6320,#6321,#6322,#6323,#6324,#6325,
#6326,#6327,#6328,#6329,#6330,#6331,#6332,#6333,#6334,#6335,#6336,#6337,
#6338,#6339,#6340,#6341,#6342,#6343,#6344,#6345,#6346,#6347,#6348,#6349,
#6350,#6351,#6352,#6353,#6354,#6355,#6356,#6357,#6358,#6359,#6360)),
 .UNSPECIFIED.,.F.,.F.,.F.,(4,4),(4,1,1,1,1,1,1,1,1,1,1,1,1,1,1,1,1,1,1,
1,1,1,1,1,1,1,1,1,1,1,1,1,1,1,1,1,1,1,1,1,1,1,1,1,1,1,1,1,1,1,1,1,1,1,1,
1,1,1,1,1,1,1,1,1,1,1,1,1,1,1,1,1,1,1,1,1,1,1,1,1,1,1,1,1,1,1,1,1,1,1,1,
1,1,1,1,1,1,1,1,1,1,1,1,4),(0.,0.0432608556703779),(11.9221090801831,12.9147614249861,
13.9074137697891,14.9000661145921,15.8927184593951,16.8853708041982,17.8780231490012,
18.8706754938042,19.8633278386072,20.8559801834102,21.8486325282132,22.8412848730162,
23.8339372178193,24.8265895626223,25.8192419074253,26.8118942522283,27.8045465970313,
28.7971989418343,29.7898512866373,30.7825036314404,31.7751559762434,32.7678083210464,
33.7604606658494,34.7531130106524,35.7457653554554,36.7384177002584,37.7310700450615,
38.7237223898645,39.7163747346675,40.7090270794705,41.7016794242735,42.6943317690765,
43.6869841138795,44.6796364586826,45.6722888034856,46.6649411482886,47.6575934930916,
48.6502458378946,49.6428981826976,50.6355505275006,51.6282028723037,52.6208552171067,
53.6135075619097,54.6061599067127,55.5988122515157,56.5914645963187,57.5841169411217,
58.5767692859248,59.5694216307278,60.5620739755308,61.5547263203338,62.5473786651368,
63.5400310099398,64.5326833547428,65.5253356995458,66.5179880443489,67.5106403891519,
68.5032927339549,69.4959450787579,70.4885974235609,71.4812497683639,72.473902113167,
73.46655445797,74.459206802773,75.451859147576,76.444511492379,77.437163837182,
78.429816181985,79.4224685267881,80.4151208715911,81.4077732163941,82.4004255611971,
83.3930779060001,84.3857302508031,85.3783825956061,86.3710349404091,87.3636872852122,
88.3563396300152,89.3489919748182,90.3416443196212,91.3342966644242,92.3269490092272,
93.3196013540303,94.3122536988333,95.3049060436363,96.2975583884393,97.2902107332423,
98.2828630780453,99.2755154228483,100.268167767651,101.260820112454,102.253472457257,
103.24612480206,104.238777146863,105.231429491666,106.224081836469,107.216734181272,
108.209386526075,109.202038870878,110.194691215682,111.187343560485,112.179995905288,
113.172648250091,114.165300594894),.UNSPECIFIED.);
#42=B_SPLINE_SURFACE_WITH_KNOTS('',3,3,((#6463,#6464,#6465,#6466,#6467,
#6468,#6469,#6470,#6471,#6472,#6473,#6474,#6475,#6476,#6477,#6478,#6479,
#6480,#6481,#6482,#6483,#6484,#6485,#6486,#6487,#6488,#6489,#6490,#6491,
#6492,#6493,#6494,#6495,#6496,#6497,#6498,#6499,#6500,#6501,#6502,#6503,
#6504,#6505,#6506,#6507,#6508,#6509,#6510,#6511,#6512,#6513,#6514,#6515,
#6516,#6517,#6518,#6519,#6520,#6521,#6522,#6523,#6524,#6525,#6526,#6527,
#6528,#6529,#6530,#6531,#6532,#6533,#6534,#6535,#6536,#6537,#6538,#6539,
#6540,#6541,#6542,#6543,#6544,#6545,#6546,#6547,#6548,#6549,#6550,#6551,
#6552,#6553,#6554,#6555,#6556,#6557,#6558,#6559,#6560,#6561,#6562,#6563,
#6564,#6565,#6566,#6567,#6568),(#6569,#6570,#6571,#6572,#6573,#6574,#6575,
#6576,#6577,#6578,#6579,#6580,#6581,#6582,#6583,#6584,#6585,#6586,#6587,
#6588,#6589,#6590,#6591,#6592,#6593,#6594,#6595,#6596,#6597,#6598,#6599,
#6600,#6601,#6602,#6603,#6604,#6605,#6606,#6607,#6608,#6609,#6610,#6611,
#6612,#6613,#6614,#6615,#6616,#6617,#6618,#6619,#6620,#6621,#6622,#6623,
#6624,#6625,#6626,#6627,#6628,#6629,#6630,#6631,#6632,#6633,#6634,#6635,
#6636,#6637,#6638,#6639,#6640,#6641,#6642,#6643,#6644,#6645,#6646,#6647,
#6648,#6649,#6650,#6651,#6652,#6653,#6654,#6655,#6656,#6657,#6658,#6659,
#6660,#6661,#6662,#6663,#6664,#6665,#6666,#6667,#6668,#6669,#6670,#6671,
#6672,#6673,#6674),(#6675,#6676,#6677,#6678,#6679,#6680,#6681,#6682,#6683,
#6684,#6685,#6686,#6687,#6688,#6689,#6690,#6691,#6692,#6693,#6694,#6695,
#6696,#6697,#6698,#6699,#6700,#6701,#6702,#6703,#6704,#6705,#6706,#6707,
#6708,#6709,#6710,#6711,#6712,#6713,#6714,#6715,#6716,#6717,#6718,#6719,
#6720,#6721,#6722,#6723,#6724,#6725,#6726,#6727,#6728,#6729,#6730,#6731,
#6732,#6733,#6734,#6735,#6736,#6737,#6738,#6739,#6740,#6741,#6742,#6743,
#6744,#6745,#6746,#6747,#6748,#6749,#6750,#6751,#6752,#6753,#6754,#6755,
#6756,#6757,#6758,#6759,#6760,#6761,#6762,#6763,#6764,#6765,#6766,#6767,
#6768,#6769,#6770,#6771,#6772,#6773,#6774,#6775,#6776,#6777,#6778,#6779,
#6780),(#6781,#6782,#6783,#6784,#6785,#6786,#6787,#6788,#6789,#6790,#6791,
#6792,#6793,#6794,#6795,#6796,#6797,#6798,#6799,#6800,#6801,#6802,#6803,
#6804,#6805,#6806,#6807,#6808,#6809,#6810,#6811,#6812,#6813,#6814,#6815,
#6816,#6817,#6818,#6819,#6820,#6821,#6822,#6823,#6824,#6825,#6826,#6827,
#6828,#6829,#6830,#6831,#6832,#6833,#6834,#6835,#6836,#6837,#6838,#6839,
#6840,#6841,#6842,#6843,#6844,#6845,#6846,#6847,#6848,#6849,#6850,#6851,
#6852,#6853,#6854,#6855,#6856,#6857,#6858,#6859,#6860,#6861,#6862,#6863,
#6864,#6865,#6866,#6867,#6868,#6869,#6870,#6871,#6872,#6873,#6874,#6875,
#6876,#6877,#6878,#6879,#6880,#6881,#6882,#6883,#6884,#6885,#6886)),
 .UNSPECIFIED.,.F.,.F.,.F.,(4,4),(4,1,1,1,1,1,1,1,1,1,1,1,1,1,1,1,1,1,1,
1,1,1,1,1,1,1,1,1,1,1,1,1,1,1,1,1,1,1,1,1,1,1,1,1,1,1,1,1,1,1,1,1,1,1,1,
1,1,1,1,1,1,1,1,1,1,1,1,1,1,1,1,1,1,1,1,1,1,1,1,1,1,1,1,1,1,1,1,1,1,1,1,
1,1,1,1,1,1,1,1,1,1,1,1,4),(0.,0.0432608556703779),(14.6399982022878,15.6326505470908,
16.6253028918938,17.6179552366968,18.6106075814998,19.6032599263028,20.5959122711059,
21.5885646159089,22.5812169607119,23.5738693055149,24.5665216503179,25.5591739951209,
26.5518263399239,27.544478684727,28.53713102953,29.529783374333,30.522435719136,
31.515088063939,32.507740408742,33.500392753545,34.4930450983481,35.4856974431511,
36.4783497879541,37.4710021327571,38.4636544775601,39.4563068223631,40.4489591671661,
41.4416115119692,42.4342638567722,43.4269162015752,44.4195685463782,45.4122208911812,
46.4048732359842,47.3975255807872,48.3901779255903,49.3828302703933,50.3754826151963,
51.3681349599993,52.3607873048023,53.3534396496053,54.3460919944083,55.3387443392114,
56.3313966840144,57.3240490288174,58.3167013736204,59.3093537184234,60.3020060632264,
61.2946584080294,62.2873107528325,63.2799630976355,64.2726154424385,65.2652677872415,
66.2579201320445,67.2505724768475,68.2432248216505,69.2358771664536,70.2285295112566,
71.2211818560596,72.2138342008626,73.2064865456656,74.1991388904686,75.1917912352716,
76.1844435800747,77.1770959248777,78.1697482696807,79.1624006144837,80.1550529592867,
81.1477053040897,82.1403576488927,83.1330099936958,84.1256623384988,85.1183146833018,
86.1109670281048,87.1036193729078,88.0962717177108,89.0889240625138,90.0815764073169,
91.0742287521199,92.0668810969229,93.0595334417259,94.0521857865289,95.0448381313319,
96.0374904761349,97.030142820938,98.022795165741,99.015447510544,100.008099855347,
101.00075220015,101.993404544953,102.986056889756,103.978709234559,104.971361579362,
105.964013924165,106.956666268968,107.949318613771,108.941970958574,109.934623303377,
110.92727564818,111.919927992983,112.912580337786,113.905232682589,114.897885027392,
115.890537372195,116.883189716998),.UNSPECIFIED.);
#43=FACE_OUTER_BOUND('',#155,.T.);
#44=FACE_OUTER_BOUND('',#156,.T.);
#45=FACE_OUTER_BOUND('',#157,.T.);
#46=FACE_OUTER_BOUND('',#158,.T.);
#47=FACE_OUTER_BOUND('',#159,.T.);
#48=FACE_OUTER_BOUND('',#160,.T.);
#49=FACE_OUTER_BOUND('',#161,.T.);
#50=FACE_OUTER_BOUND('',#162,.T.);
#51=FACE_OUTER_BOUND('',#163,.T.);
#52=FACE_OUTER_BOUND('',#164,.T.);
#53=FACE_OUTER_BOUND('',#165,.T.);
#54=FACE_OUTER_BOUND('',#166,.T.);
#55=FACE_OUTER_BOUND('',#167,.T.);
#56=FACE_OUTER_BOUND('',#168,.T.);
#57=FACE_OUTER_BOUND('',#169,.T.);
#58=FACE_OUTER_BOUND('',#170,.T.);
#59=FACE_OUTER_BOUND('',#171,.T.);
#60=FACE_OUTER_BOUND('',#172,.T.);
#61=FACE_OUTER_BOUND('',#173,.T.);
#62=FACE_OUTER_BOUND('',#174,.T.);
#63=FACE_OUTER_BOUND('',#175,.T.);
#64=FACE_OUTER_BOUND('',#176,.T.);
#65=FACE_OUTER_BOUND('',#177,.T.);
#66=FACE_OUTER_BOUND('',#178,.T.);
#67=FACE_OUTER_BOUND('',#179,.T.);
#68=FACE_OUTER_BOUND('',#180,.T.);
#69=FACE_OUTER_BOUND('',#181,.T.);
#70=FACE_OUTER_BOUND('',#182,.T.);
#71=FACE_OUTER_BOUND('',#183,.T.);
#72=FACE_OUTER_BOUND('',#184,.T.);
#73=FACE_OUTER_BOUND('',#185,.T.);
#74=FACE_OUTER_BOUND('',#186,.T.);
#75=FACE_OUTER_BOUND('',#187,.T.);
#76=FACE_OUTER_BOUND('',#188,.T.);
#77=FACE_OUTER_BOUND('',#189,.T.);
#78=FACE_OUTER_BOUND('',#190,.T.);
#79=FACE_OUTER_BOUND('',#191,.T.);
#80=FACE_OUTER_BOUND('',#192,.T.);
#81=FACE_OUTER_BOUND('',#193,.T.);
#82=FACE_OUTER_BOUND('',#194,.T.);
#83=FACE_OUTER_BOUND('',#195,.T.);
#84=FACE_OUTER_BOUND('',#196,.T.);
#85=FACE_OUTER_BOUND('',#197,.T.);
#86=FACE_OUTER_BOUND('',#198,.T.);
#87=FACE_OUTER_BOUND('',#199,.T.);
#88=FACE_OUTER_BOUND('',#200,.T.);
#89=FACE_OUTER_BOUND('',#201,.T.);
#90=FACE_OUTER_BOUND('',#202,.T.);
#91=FACE_OUTER_BOUND('',#203,.T.);
#92=FACE_OUTER_BOUND('',#204,.T.);
#93=FACE_OUTER_BOUND('',#205,.T.);
#94=FACE_OUTER_BOUND('',#206,.T.);
#95=FACE_OUTER_BOUND('',#207,.T.);
#96=FACE_OUTER_BOUND('',#208,.T.);
#97=FACE_OUTER_BOUND('',#209,.T.);
#98=FACE_OUTER_BOUND('',#210,.T.);
#99=FACE_OUTER_BOUND('',#211,.T.);
#100=FACE_OUTER_BOUND('',#212,.T.);
#101=FACE_OUTER_BOUND('',#213,.T.);
#102=FACE_OUTER_BOUND('',#214,.T.);
#103=FACE_OUTER_BOUND('',#215,.T.);
#104=FACE_OUTER_BOUND('',#216,.T.);
#105=FACE_OUTER_BOUND('',#217,.T.);
#106=FACE_OUTER_BOUND('',#218,.T.);
#107=FACE_OUTER_BOUND('',#219,.T.);
#108=FACE_OUTER_BOUND('',#220,.T.);
#109=FACE_OUTER_BOUND('',#221,.T.);
#110=FACE_OUTER_BOUND('',#222,.T.);
#111=FACE_OUTER_BOUND('',#223,.T.);
#112=FACE_OUTER_BOUND('',#224,.T.);
#113=FACE_OUTER_BOUND('',#225,.T.);
#114=FACE_OUTER_BOUND('',#226,.T.);
#115=FACE_OUTER_BOUND('',#227,.T.);
#116=FACE_OUTER_BOUND('',#228,.T.);
#117=FACE_OUTER_BOUND('',#229,.T.);
#118=FACE_OUTER_BOUND('',#230,.T.);
#119=FACE_OUTER_BOUND('',#231,.T.);
#120=FACE_OUTER_BOUND('',#232,.T.);
#121=FACE_OUTER_BOUND('',#233,.T.);
#122=FACE_OUTER_BOUND('',#234,.T.);
#123=FACE_OUTER_BOUND('',#235,.T.);
#124=FACE_OUTER_BOUND('',#236,.T.);
#125=FACE_OUTER_BOUND('',#237,.T.);
#126=FACE_OUTER_BOUND('',#238,.T.);
#127=FACE_OUTER_BOUND('',#239,.T.);
#128=FACE_OUTER_BOUND('',#240,.T.);
#129=FACE_OUTER_BOUND('',#241,.T.);
#130=FACE_OUTER_BOUND('',#242,.T.);
#131=FACE_OUTER_BOUND('',#243,.T.);
#132=FACE_OUTER_BOUND('',#244,.T.);
#133=FACE_OUTER_BOUND('',#245,.T.);
#134=FACE_OUTER_BOUND('',#246,.T.);
#135=FACE_OUTER_BOUND('',#247,.T.);
#136=FACE_OUTER_BOUND('',#248,.T.);
#137=FACE_OUTER_BOUND('',#249,.T.);
#138=FACE_OUTER_BOUND('',#250,.T.);
#139=FACE_OUTER_BOUND('',#251,.T.);
#140=FACE_OUTER_BOUND('',#252,.T.);
#141=FACE_OUTER_BOUND('',#253,.T.);
#142=FACE_OUTER_BOUND('',#254,.T.);
#143=FACE_OUTER_BOUND('',#255,.T.);
#144=FACE_OUTER_BOUND('',#256,.T.);
#145=FACE_OUTER_BOUND('',#257,.T.);
#146=FACE_OUTER_BOUND('',#258,.T.);
#147=FACE_OUTER_BOUND('',#259,.T.);
#148=FACE_OUTER_BOUND('',#260,.T.);
#149=FACE_OUTER_BOUND('',#261,.T.);
#150=FACE_OUTER_BOUND('',#262,.T.);
#151=FACE_OUTER_BOUND('',#263,.T.);
#152=FACE_OUTER_BOUND('',#264,.T.);
#153=FACE_OUTER_BOUND('',#265,.T.);
#154=FACE_OUTER_BOUND('',#268,.T.);
#155=EDGE_LOOP('',(#1161,#1162,#1163,#1164));
#156=EDGE_LOOP('',(#1165,#1166,#1167,#1168));
#157=EDGE_LOOP('',(#1169,#1170,#1171,#1172));
#158=EDGE_LOOP('',(#1173,#1174,#1175,#1176));
#159=EDGE_LOOP('',(#1177,#1178,#1179,#1180));
#160=EDGE_LOOP('',(#1181,#1182,#1183,#1184));
#161=EDGE_LOOP('',(#1185,#1186,#1187,#1188));
#162=EDGE_LOOP('',(#1189,#1190,#1191,#1192));
#163=EDGE_LOOP('',(#1193,#1194,#1195,#1196));
#164=EDGE_LOOP('',(#1197,#1198,#1199,#1200));
#165=EDGE_LOOP('',(#1201,#1202,#1203,#1204));
#166=EDGE_LOOP('',(#1205,#1206,#1207,#1208));
#167=EDGE_LOOP('',(#1209,#1210,#1211,#1212));
#168=EDGE_LOOP('',(#1213,#1214,#1215,#1216));
#169=EDGE_LOOP('',(#1217,#1218,#1219,#1220));
#170=EDGE_LOOP('',(#1221,#1222,#1223,#1224));
#171=EDGE_LOOP('',(#1225,#1226,#1227,#1228));
#172=EDGE_LOOP('',(#1229,#1230,#1231,#1232));
#173=EDGE_LOOP('',(#1233,#1234,#1235,#1236));
#174=EDGE_LOOP('',(#1237,#1238,#1239,#1240));
#175=EDGE_LOOP('',(#1241,#1242,#1243,#1244));
#176=EDGE_LOOP('',(#1245,#1246,#1247,#1248));
#177=EDGE_LOOP('',(#1249,#1250,#1251,#1252));
#178=EDGE_LOOP('',(#1253,#1254,#1255,#1256));
#179=EDGE_LOOP('',(#1257,#1258,#1259,#1260));
#180=EDGE_LOOP('',(#1261,#1262,#1263,#1264));
#181=EDGE_LOOP('',(#1265,#1266,#1267,#1268));
#182=EDGE_LOOP('',(#1269,#1270,#1271,#1272));
#183=EDGE_LOOP('',(#1273,#1274,#1275,#1276));
#184=EDGE_LOOP('',(#1277,#1278,#1279,#1280));
#185=EDGE_LOOP('',(#1281,#1282,#1283,#1284));
#186=EDGE_LOOP('',(#1285,#1286,#1287,#1288));
#187=EDGE_LOOP('',(#1289,#1290,#1291,#1292));
#188=EDGE_LOOP('',(#1293,#1294,#1295,#1296));
#189=EDGE_LOOP('',(#1297,#1298,#1299,#1300));
#190=EDGE_LOOP('',(#1301,#1302,#1303,#1304));
#191=EDGE_LOOP('',(#1305,#1306,#1307,#1308));
#192=EDGE_LOOP('',(#1309,#1310,#1311,#1312));
#193=EDGE_LOOP('',(#1313,#1314,#1315,#1316));
#194=EDGE_LOOP('',(#1317,#1318,#1319,#1320));
#195=EDGE_LOOP('',(#1321,#1322,#1323,#1324));
#196=EDGE_LOOP('',(#1325,#1326,#1327,#1328));
#197=EDGE_LOOP('',(#1329,#1330,#1331,#1332));
#198=EDGE_LOOP('',(#1333,#1334,#1335,#1336));
#199=EDGE_LOOP('',(#1337,#1338,#1339,#1340));
#200=EDGE_LOOP('',(#1341,#1342,#1343,#1344));
#201=EDGE_LOOP('',(#1345,#1346,#1347,#1348));
#202=EDGE_LOOP('',(#1349,#1350,#1351,#1352));
#203=EDGE_LOOP('',(#1353,#1354,#1355,#1356));
#204=EDGE_LOOP('',(#1357,#1358,#1359,#1360));
#205=EDGE_LOOP('',(#1361,#1362,#1363,#1364));
#206=EDGE_LOOP('',(#1365,#1366,#1367,#1368));
#207=EDGE_LOOP('',(#1369,#1370,#1371,#1372));
#208=EDGE_LOOP('',(#1373,#1374,#1375,#1376));
#209=EDGE_LOOP('',(#1377,#1378,#1379,#1380));
#210=EDGE_LOOP('',(#1381,#1382,#1383,#1384));
#211=EDGE_LOOP('',(#1385,#1386,#1387,#1388));
#212=EDGE_LOOP('',(#1389,#1390,#1391,#1392));
#213=EDGE_LOOP('',(#1393,#1394,#1395,#1396));
#214=EDGE_LOOP('',(#1397,#1398,#1399,#1400));
#215=EDGE_LOOP('',(#1401,#1402,#1403,#1404));
#216=EDGE_LOOP('',(#1405,#1406,#1407,#1408));
#217=EDGE_LOOP('',(#1409,#1410,#1411,#1412));
#218=EDGE_LOOP('',(#1413,#1414,#1415,#1416));
#219=EDGE_LOOP('',(#1417,#1418,#1419,#1420));
#220=EDGE_LOOP('',(#1421,#1422,#1423,#1424,#1425,#1426,#1427,#1428,#1429,
#1430,#1431,#1432,#1433,#1434,#1435,#1436,#1437,#1438,#1439,#1440,#1441,
#1442,#1443,#1444,#1445,#1446,#1447,#1448,#1449,#1450,#1451,#1452,#1453,
#1454,#1455,#1456));
#221=EDGE_LOOP('',(#1457,#1458,#1459,#1460,#1461,#1462,#1463,#1464,#1465,
#1466,#1467,#1468,#1469,#1470,#1471,#1472,#1473,#1474,#1475,#1476,#1477,
#1478,#1479,#1480,#1481,#1482,#1483,#1484,#1485,#1486,#1487,#1488,#1489,
#1490,#1491,#1492));
#222=EDGE_LOOP('',(#1493,#1494,#1495,#1496));
#223=EDGE_LOOP('',(#1497,#1498,#1499,#1500));
#224=EDGE_LOOP('',(#1501,#1502,#1503,#1504));
#225=EDGE_LOOP('',(#1505,#1506,#1507,#1508,#1509,#1510,#1511,#1512,#1513,
#1514,#1515,#1516,#1517,#1518,#1519,#1520,#1521,#1522,#1523,#1524,#1525,
#1526,#1527,#1528,#1529,#1530,#1531,#1532,#1533,#1534,#1535,#1536,#1537,
#1538,#1539,#1540));
#226=EDGE_LOOP('',(#1541,#1542,#1543,#1544,#1545,#1546,#1547,#1548,#1549,
#1550,#1551,#1552,#1553,#1554,#1555,#1556,#1557,#1558,#1559,#1560,#1561,
#1562,#1563,#1564,#1565,#1566,#1567,#1568,#1569,#1570,#1571,#1572,#1573,
#1574,#1575,#1576));
#227=EDGE_LOOP('',(#1577,#1578,#1579,#1580));
#228=EDGE_LOOP('',(#1581,#1582,#1583,#1584));
#229=EDGE_LOOP('',(#1585,#1586,#1587,#1588));
#230=EDGE_LOOP('',(#1589,#1590,#1591,#1592));
#231=EDGE_LOOP('',(#1593,#1594,#1595,#1596));
#232=EDGE_LOOP('',(#1597,#1598,#1599,#1600));
#233=EDGE_LOOP('',(#1601,#1602,#1603,#1604));
#234=EDGE_LOOP('',(#1605,#1606,#1607,#1608));
#235=EDGE_LOOP('',(#1609,#1610,#1611,#1612));
#236=EDGE_LOOP('',(#1613,#1614,#1615,#1616));
#237=EDGE_LOOP('',(#1617,#1618,#1619,#1620));
#238=EDGE_LOOP('',(#1621,#1622,#1623,#1624));
#239=EDGE_LOOP('',(#1625,#1626,#1627,#1628));
#240=EDGE_LOOP('',(#1629,#1630,#1631,#1632));
#241=EDGE_LOOP('',(#1633,#1634,#1635,#1636));
#242=EDGE_LOOP('',(#1637,#1638,#1639,#1640));
#243=EDGE_LOOP('',(#1641,#1642,#1643,#1644));
#244=EDGE_LOOP('',(#1645,#1646,#1647,#1648));
#245=EDGE_LOOP('',(#1649,#1650,#1651,#1652));
#246=EDGE_LOOP('',(#1653,#1654,#1655,#1656));
#247=EDGE_LOOP('',(#1657,#1658,#1659,#1660,#1661,#1662,#1663,#1664,#1665,
#1666,#1667,#1668));
#248=EDGE_LOOP('',(#1669,#1670,#1671,#1672));
#249=EDGE_LOOP('',(#1673,#1674,#1675,#1676));
#250=EDGE_LOOP('',(#1677,#1678,#1679,#1680));
#251=EDGE_LOOP('',(#1681,#1682,#1683,#1684));
#252=EDGE_LOOP('',(#1685,#1686,#1687,#1688));
#253=EDGE_LOOP('',(#1689,#1690,#1691,#1692));
#254=EDGE_LOOP('',(#1693,#1694,#1695,#1696));
#255=EDGE_LOOP('',(#1697,#1698,#1699,#1700));
#256=EDGE_LOOP('',(#1701,#1702,#1703,#1704));
#257=EDGE_LOOP('',(#1705,#1706,#1707,#1708));
#258=EDGE_LOOP('',(#1709,#1710,#1711,#1712));
#259=EDGE_LOOP('',(#1713,#1714,#1715,#1716));
#260=EDGE_LOOP('',(#1717,#1718,#1719,#1720));
#261=EDGE_LOOP('',(#1721,#1722,#1723,#1724));
#262=EDGE_LOOP('',(#1725,#1726,#1727,#1728));
#263=EDGE_LOOP('',(#1729,#1730,#1731,#1732));
#264=EDGE_LOOP('',(#1733,#1734,#1735,#1736));
#265=EDGE_LOOP('',(#1737,#1738,#1739,#1740));
#266=EDGE_LOOP('',(#1741,#1742,#1743,#1744));
#267=EDGE_LOOP('',(#1745,#1746,#1747,#1748));
#268=EDGE_LOOP('',(#1749,#1750,#1751,#1752,#1753,#1754,#1755,#1756,#1757,
#1758,#1759,#1760));
#269=CIRCLE('',#1974,0.06725);
#270=CIRCLE('',#1990,0.06725);
#271=CIRCLE('',#1992,0.0819999999999997);
#272=CIRCLE('',#2008,0.0819999999999997);
#273=CIRCLE('',#2010,0.06725);
#274=CIRCLE('',#2026,0.06725);
#275=CIRCLE('',#2028,0.0819999999999999);
#276=CIRCLE('',#2044,0.0819999999999999);
#277=CIRCLE('',#2051,0.0499999999999999);
#278=CIRCLE('',#2052,0.1);
#279=CIRCLE('',#2053,0.05);
#280=CIRCLE('',#2054,0.05);
#281=CIRCLE('',#2056,0.05);
#282=CIRCLE('',#2058,0.0499999999999996);
#283=CIRCLE('',#2059,0.45);
#284=CIRCLE('',#2060,0.5);
#285=CIRCLE('',#2062,0.0500000000000003);
#286=CIRCLE('',#2063,0.0500000000000003);
#287=CIRCLE('',#2064,0.0499999999999998);
#288=CIRCLE('',#2065,0.0999999999999998);
#289=CIRCLE('',#2067,0.0499999999999999);
#290=CIRCLE('',#2068,0.0500000000000003);
#291=CIRCLE('',#2069,0.0499999999999998);
#292=CIRCLE('',#2070,0.0999999999999998);
#293=CIRCLE('',#2072,0.0499999999999999);
#294=CIRCLE('',#2074,0.0500000000000001);
#295=CIRCLE('',#2075,0.55);
#296=CIRCLE('',#2076,0.5);
#297=CIRCLE('',#2078,0.05);
#298=CIRCLE('',#2079,0.05);
#299=CIRCLE('',#2080,0.0499999999999999);
#300=CIRCLE('',#2081,0.0999999999999999);
#301=CIRCLE('',#2085,0.0999999999999998);
#302=CIRCLE('',#2088,0.5);
#303=CIRCLE('',#2091,0.1);
#304=CIRCLE('',#2094,0.0499999999999999);
#305=CIRCLE('',#2095,0.05);
#306=CIRCLE('',#2096,0.05);
#307=CIRCLE('',#2097,0.0499999999999999);
#308=CIRCLE('',#2098,0.0999999999999999);
#309=CIRCLE('',#2100,0.05);
#310=CIRCLE('',#2102,0.0499999999999999);
#311=CIRCLE('',#2103,0.55);
#312=CIRCLE('',#2104,0.5);
#313=CIRCLE('',#2106,0.0499999999999999);
#314=CIRCLE('',#2107,0.0500000000000003);
#315=CIRCLE('',#2108,0.0499999999999998);
#316=CIRCLE('',#2109,0.0999999999999998);
#317=CIRCLE('',#2111,0.0499999999999999);
#318=CIRCLE('',#2112,0.0500000000000003);
#319=CIRCLE('',#2113,0.0499999999999998);
#320=CIRCLE('',#2115,0.0499999999999999);
#321=CIRCLE('',#2117,0.05);
#322=CIRCLE('',#2118,0.45);
#323=CIRCLE('',#2120,0.05);
#324=CIRCLE('',#2121,0.05);
#325=B_SPLINE_CURVE_WITH_KNOTS('',3,(#2549,#2550,#2551,#2552),
 .UNSPECIFIED.,.F.,.F.,(4,4),(101.598929980534,102.24319151471),
 .UNSPECIFIED.);
#326=B_SPLINE_CURVE_WITH_KNOTS('',3,(#2555,#2556,#2557,#2558,#2559,#2560,
#2561,#2562,#2563,#2564,#2565,#2566,#2567),.UNSPECIFIED.,.F.,.F.,(4,3,3,
3,4),(-100.530964914873,-100.257886825104,-99.2652344803014,-98.2725821354984,
-98.0336337954597),.UNSPECIFIED.);
#327=B_SPLINE_CURVE_WITH_KNOTS('',3,(#2572,#2573,#2574,#2575,#2576,#2577,
#2578,#2579,#2580,#2581,#2582,#2583,#2584,#2585,#2586,#2587,#2588,#2589,
#2590,#2591,#2592,#2593),.UNSPECIFIED.,.F.,.F.,(4,3,3,3,3,3,3,4),(95.3157446733549,
96.2872774458924,97.2799297906954,98.2725821354984,99.2652344803014,100.257886825104,
101.250539169907,101.598929980534),.UNSPECIFIED.);
#328=B_SPLINE_CURVE_WITH_KNOTS('',3,(#2594,#2595,#2596,#2597,#2598,#2599,
#2600,#2601,#2602,#2603,#2604,#2605,#2606,#2607,#2608,#2609,#2610,#2611,
#2612,#2613,#2614,#2615),.UNSPECIFIED.,.F.,.F.,(4,3,3,3,3,3,3,4),(-98.0336337954597,
-97.2799297906954,-96.2872774458924,-95.2946251010894,-94.3019727562863,
-93.3093204114833,-92.3166680666804,-91.7504484882801),.UNSPECIFIED.);
#329=B_SPLINE_CURVE_WITH_KNOTS('',3,(#2620,#2621,#2622,#2623,#2624,#2625,
#2626,#2627,#2628,#2629,#2630,#2631,#2632,#2633,#2634,#2635,#2636,#2637,
#2638,#2639,#2640,#2641,#2642,#2643,#2644),.UNSPECIFIED.,.F.,.F.,(4,3,3,
3,3,3,3,3,4),(89.0325593661753,89.3387110322713,90.3313633770743,91.3240157218773,
92.3166680666804,93.3093204114833,94.3019727562864,95.2946251010894,95.3157446733549),
 .UNSPECIFIED.);
#330=B_SPLINE_CURVE_WITH_KNOTS('',3,(#2645,#2646,#2647,#2648,#2649,#2650,
#2651,#2652,#2653,#2654,#2655,#2656,#2657,#2658,#2659,#2660,#2661,#2662,
#2663,#2664,#2665,#2666),.UNSPECIFIED.,.F.,.F.,(4,3,3,3,3,3,3,4),(-91.7504484882801,
-91.3240157218773,-90.3313633770743,-89.3387110322713,-88.3460586874683,
-87.3534063426653,-86.3607539978622,-85.4672631811005),.UNSPECIFIED.);
#331=B_SPLINE_CURVE_WITH_KNOTS('',3,(#2671,#2672,#2673,#2674,#2675,#2676,
#2677,#2678,#2679,#2680,#2681,#2682,#2683,#2684,#2685,#2686,#2687,#2688,
#2689,#2690,#2691,#2692),.UNSPECIFIED.,.F.,.F.,(4,3,3,3,3,3,3,4),(82.7493740589957,
83.3827969634532,84.3754493082562,85.3681016530592,86.3607539978623,87.3534063426653,
88.3460586874683,89.0325593661753),.UNSPECIFIED.);
#332=B_SPLINE_CURVE_WITH_KNOTS('',3,(#2693,#2694,#2695,#2696,#2697,#2698,
#2699,#2700,#2701,#2702,#2703,#2704,#2705,#2706,#2707,#2708,#2709,#2710,
#2711,#2712,#2713,#2714,#2715,#2716,#2717),.UNSPECIFIED.,.F.,.F.,(4,3,3,
3,3,3,3,3,4),(-85.4672631811005,-85.3681016530592,-84.3754493082562,-83.3827969634532,
-82.3901446186502,-81.3974922738472,-80.4048399290442,-79.4121875842412,
-79.1840778739209),.UNSPECIFIED.);
#333=B_SPLINE_CURVE_WITH_KNOTS('',3,(#2722,#2723,#2724,#2725,#2726,#2727,
#2728,#2729,#2730,#2731,#2732,#2733,#2734,#2735,#2736,#2737,#2738,#2739,
#2740,#2741,#2742,#2743),.UNSPECIFIED.,.F.,.F.,(4,3,3,3,3,3,3,4),(76.4661887518161,
77.4268828946351,78.4195352394381,79.4121875842412,80.4048399290442,81.3974922738472,
82.3901446186502,82.7493740589957),.UNSPECIFIED.);
#334=B_SPLINE_CURVE_WITH_KNOTS('',3,(#2744,#2745,#2746,#2747,#2748,#2749,
#2750,#2751,#2752,#2753,#2754,#2755,#2756,#2757,#2758,#2759,#2760,#2761,
#2762,#2763,#2764,#2765),.UNSPECIFIED.,.F.,.F.,(4,3,3,3,3,3,3,4),(-79.1840778739209,
-78.4195352394381,-77.4268828946351,-76.4342305498321,-75.4415782050291,
-74.4489258602261,-73.456273515423,-72.9008925667413),.UNSPECIFIED.);
#335=B_SPLINE_CURVE_WITH_KNOTS('',3,(#2770,#2771,#2772,#2773,#2774,#2775,
#2776,#2777,#2778,#2779,#2780,#2781,#2782,#2783,#2784,#2785,#2786,#2787,
#2788,#2789,#2790,#2791,#2792,#2793,#2794),.UNSPECIFIED.,.F.,.F.,(4,3,3,
3,3,3,3,3,4),(70.1830034446365,70.478316481014,71.470968825817,72.46362117062,
73.4562735154231,74.4489258602261,75.4415782050291,76.4342305498321,76.4661887518161),
 .UNSPECIFIED.);
#336=B_SPLINE_CURVE_WITH_KNOTS('',3,(#2795,#2796,#2797,#2798,#2799,#2800,
#2801,#2802,#2803,#2804,#2805,#2806,#2807,#2808,#2809,#2810,#2811,#2812,
#2813,#2814,#2815,#2816),.UNSPECIFIED.,.F.,.F.,(4,3,3,3,3,3,3,4),(-72.9008925667413,
-72.46362117062,-71.470968825817,-70.478316481014,-69.485664136211,-68.493011791408,
-67.500359446605,-66.6177072595617),.UNSPECIFIED.);
#337=B_SPLINE_CURVE_WITH_KNOTS('',3,(#2821,#2822,#2823,#2824,#2825,#2826,
#2827,#2828,#2829,#2830,#2831,#2832,#2833,#2834,#2835,#2836,#2837,#2838,
#2839,#2840,#2841,#2842),.UNSPECIFIED.,.F.,.F.,(4,3,3,3,3,3,3,4),(63.8998181374569,
64.5224024121959,65.515054756999,66.507707101802,67.500359446605,68.493011791408,
69.485664136211,70.1830034446365),.UNSPECIFIED.);
#338=B_SPLINE_CURVE_WITH_KNOTS('',3,(#2843,#2844,#2845,#2846,#2847,#2848,
#2849,#2850,#2851,#2852,#2853,#2854,#2855,#2856,#2857,#2858,#2859,#2860,
#2861,#2862,#2863,#2864,#2865,#2866,#2867),.UNSPECIFIED.,.F.,.F.,(4,3,3,
3,3,3,3,3,4),(-66.6177072595617,-66.507707101802,-65.5150547569989,-64.5224024121959,
-63.5297500673929,-62.5370977225899,-61.5444453777869,-60.5517930329839,
-60.3345219523821),.UNSPECIFIED.);
#339=B_SPLINE_CURVE_WITH_KNOTS('',3,(#2872,#2873,#2874,#2875,#2876,#2877,
#2878,#2879,#2880,#2881,#2882,#2883,#2884,#2885,#2886,#2887,#2888,#2889,
#2890,#2891,#2892,#2893),.UNSPECIFIED.,.F.,.F.,(4,3,3,3,3,3,3,4),(57.6166328302773,
58.5664883433779,59.5591406881809,60.5517930329839,61.5444453777869,62.5370977225899,
63.5297500673929,63.8998181374569),.UNSPECIFIED.);
#340=B_SPLINE_CURVE_WITH_KNOTS('',3,(#2894,#2895,#2896,#2897,#2898,#2899,
#2900,#2901,#2902,#2903,#2904,#2905,#2906,#2907,#2908,#2909,#2910,#2911,
#2912,#2913,#2914,#2915),.UNSPECIFIED.,.F.,.F.,(4,3,3,3,3,3,3,4),(-60.3345219523821,
-59.5591406881809,-58.5664883433779,-57.5738359985748,-56.5811836537718,
-55.5885313089688,-54.5958789641658,-54.0513366452025),.UNSPECIFIED.);
#341=B_SPLINE_CURVE_WITH_KNOTS('',3,(#2920,#2921,#2922,#2923,#2924,#2925,
#2926,#2927,#2928,#2929,#2930,#2931,#2932,#2933,#2934,#2935,#2936,#2937,
#2938,#2939,#2940,#2941,#2942,#2943,#2944),.UNSPECIFIED.,.F.,.F.,(4,3,3,
3,3,3,3,3,4),(51.3334475230977,51.6179219297567,52.6105742745598,53.6032266193628,
54.5958789641658,55.5885313089688,56.5811836537718,57.5738359985748,57.6166328302773),
 .UNSPECIFIED.);
#342=B_SPLINE_CURVE_WITH_KNOTS('',3,(#2945,#2946,#2947,#2948,#2949,#2950,
#2951,#2952,#2953,#2954,#2955,#2956,#2957,#2958,#2959,#2960,#2961,#2962,
#2963,#2964,#2965,#2966),.UNSPECIFIED.,.F.,.F.,(4,3,3,3,3,3,3,4),(-54.0513366452025,
-53.6032266193628,-52.6105742745598,-51.6179219297568,-50.6252695849537,
-49.6326172401507,-48.6399648953477,-47.768151338023),.UNSPECIFIED.);
#343=B_SPLINE_CURVE_WITH_KNOTS('',3,(#2971,#2972,#2973,#2974,#2975,#2976,
#2977,#2978,#2979,#2980,#2981,#2982,#2983,#2984,#2985,#2986,#2987,#2988,
#2989,#2990,#2991,#2992),.UNSPECIFIED.,.F.,.F.,(4,3,3,3,3,3,3,4),(45.0502622159182,
45.6620078609387,46.6546602057417,47.6473125505447,48.6399648953477,49.6326172401507,
50.6252695849537,51.3334475230977),.UNSPECIFIED.);
#344=B_SPLINE_CURVE_WITH_KNOTS('',3,(#2993,#2994,#2995,#2996,#2997,#2998,
#2999,#3000,#3001,#3002,#3003,#3004,#3005,#3006,#3007,#3008,#3009,#3010,
#3011,#3012,#3013,#3014,#3015,#3016,#3017),.UNSPECIFIED.,.F.,.F.,(4,3,3,
3,3,3,3,3,4),(-47.768151338023,-47.6473125505447,-46.6546602057417,-45.6620078609387,
-44.6693555161357,-43.6767031713326,-42.6840508265296,-41.6913984817266,
-41.4849660308434),.UNSPECIFIED.);
#345=B_SPLINE_CURVE_WITH_KNOTS('',3,(#3022,#3023,#3024,#3025,#3026,#3027,
#3028,#3029,#3030,#3031,#3032,#3033,#3034,#3035,#3036,#3037,#3038,#3039,
#3040,#3041,#3042,#3043),.UNSPECIFIED.,.F.,.F.,(4,3,3,3,3,3,3,4),(38.7670769087386,
39.7060937921206,40.6987461369236,41.6913984817266,42.6840508265296,43.6767031713326,
44.6693555161356,45.0502622159182),.UNSPECIFIED.);
#346=B_SPLINE_CURVE_WITH_KNOTS('',3,(#3044,#3045,#3046,#3047,#3048,#3049,
#3050,#3051,#3052,#3053,#3054,#3055,#3056,#3057,#3058,#3059,#3060,#3061,
#3062,#3063,#3064,#3065),.UNSPECIFIED.,.F.,.F.,(4,3,3,3,3,3,3,4),(-41.4849660308434,
-40.6987461369236,-39.7060937921206,-38.7134414473176,-37.7207891025146,
-36.7281367577115,-35.7354844129085,-35.2017807236638),.UNSPECIFIED.);
#347=B_SPLINE_CURVE_WITH_KNOTS('',3,(#3070,#3071,#3072,#3073,#3074,#3075,
#3076,#3077,#3078,#3079,#3080,#3081,#3082,#3083,#3084,#3085,#3086,#3087,
#3088,#3089,#3090,#3091,#3092,#3093,#3094),.UNSPECIFIED.,.F.,.F.,(4,3,3,
3,3,3,3,3,4),(32.483891601559,32.7575273784995,33.7501797233025,34.7428320681055,
35.7354844129085,36.7281367577115,37.7207891025146,38.7134414473176,38.7670769087386),
 .UNSPECIFIED.);
#348=B_SPLINE_CURVE_WITH_KNOTS('',3,(#3095,#3096,#3097,#3098,#3099,#3100,
#3101,#3102,#3103,#3104,#3105,#3106,#3107,#3108,#3109,#3110,#3111,#3112,
#3113,#3114,#3115,#3116),.UNSPECIFIED.,.F.,.F.,(4,3,3,3,3,3,3,4),(-35.2017807236638,
-34.7428320681055,-33.7501797233025,-32.7575273784995,-31.7648750336965,
-30.7722226888935,-29.7795703440904,-28.9185954164841),.UNSPECIFIED.);
#349=B_SPLINE_CURVE_WITH_KNOTS('',3,(#3121,#3122,#3123,#3124,#3125,#3126,
#3127,#3128,#3129,#3130,#3131,#3132,#3133,#3134,#3135,#3136,#3137,#3138,
#3139,#3140,#3141,#3142),.UNSPECIFIED.,.F.,.F.,(4,3,3,3,3,3,3,4),(26.2007062943794,
26.8016133096814,27.7942656544844,28.7869179992874,29.7795703440904,30.7722226888934,
31.7648750336965,32.483891601559),.UNSPECIFIED.);
#350=B_SPLINE_CURVE_WITH_KNOTS('',3,(#3143,#3144,#3145,#3146,#3147,#3148,
#3149,#3150,#3151,#3152,#3153,#3154,#3155,#3156,#3157,#3158,#3159,#3160,
#3161,#3162,#3163,#3164,#3165,#3166,#3167),.UNSPECIFIED.,.F.,.F.,(4,3,3,
3,3,3,3,3,4),(-28.9185954164841,-28.7869179992874,-27.7942656544844,-26.8016133096814,
-25.8089609648784,-24.8163086200754,-23.8236562752723,-22.8310039304693,
-22.6354101093046),.UNSPECIFIED.);
#351=B_SPLINE_CURVE_WITH_KNOTS('',3,(#3172,#3173,#3174,#3175,#3176,#3177,
#3178,#3179,#3180,#3181,#3182,#3183,#3184,#3185,#3186,#3187,#3188,#3189,
#3190,#3191,#3192,#3193),.UNSPECIFIED.,.F.,.F.,(4,3,3,3,3,3,3,4),(19.9175209871998,
20.8456992408633,21.8383515856663,22.8310039304693,23.8236562752723,24.8163086200754,
25.8089609648784,26.2007062943794),.UNSPECIFIED.);
#352=B_SPLINE_CURVE_WITH_KNOTS('',3,(#3194,#3195,#3196,#3197,#3198,#3199,
#3200,#3201,#3202,#3203,#3204,#3205,#3206,#3207,#3208,#3209,#3210,#3211,
#3212,#3213,#3214,#3215),.UNSPECIFIED.,.F.,.F.,(4,3,3,3,3,3,3,4),(-22.6354101093046,
-21.8383515856663,-20.8456992408633,-19.8530468960603,-18.8603945512573,
-17.8677422064543,-16.8750898616512,-16.352224802125),.UNSPECIFIED.);
#353=B_SPLINE_CURVE_WITH_KNOTS('',3,(#3220,#3221,#3222,#3223,#3224,#3225,
#3226,#3227,#3228,#3229,#3230,#3231,#3232,#3233,#3234,#3235,#3236,#3237,
#3238,#3239,#3240,#3241,#3242,#3243,#3244),.UNSPECIFIED.,.F.,.F.,(4,3,3,
3,3,3,3,3,4),(13.6343356800202,13.8971328272422,14.8897851720452,15.8824375168482,
16.8750898616512,17.8677422064543,18.8603945512573,19.8530468960603,19.9175209871998),
 .UNSPECIFIED.);
#354=B_SPLINE_CURVE_WITH_KNOTS('',3,(#3245,#3246,#3247,#3248,#3249,#3250,
#3251,#3252,#3253,#3254,#3255,#3256,#3257,#3258,#3259,#3260,#3261,#3262,
#3263,#3264,#3265,#3266),.UNSPECIFIED.,.F.,.F.,(4,3,3,3,3,3,3,4),(-16.352224802125,
-15.8824375168482,-14.8897851720452,-13.8971328272422,-12.9044804824392,
-11.9118281376362,-10.9191757928332,-10.0690394949454),.UNSPECIFIED.);
#355=B_SPLINE_CURVE_WITH_KNOTS('',3,(#3272,#3273,#3274,#3275,#3276,#3277,
#3278,#3279,#3280,#3281,#3282,#3283,#3284),.UNSPECIFIED.,.F.,.F.,(4,3,3,
3,4),(-3.78585418776581,-2.97795703440904,-1.98530468960603,-0.992652344803015,
0.),.UNSPECIFIED.);
#356=B_SPLINE_CURVE_WITH_KNOTS('',3,(#3287,#3288,#3289,#3290,#3291,#3292,
#3293,#3294,#3295,#3296,#3297,#3298,#3299,#3300,#3301,#3302,#3303,#3304,
#3305,#3306,#3307,#3308),.UNSPECIFIED.,.F.,.F.,(4,3,3,3,3,3,3,4),(1.7122265998371,
1.98530468960603,2.97795703440904,3.97060937921205,4.96326172401507,5.95591406881808,
6.9485664136211,7.35115037284062),.UNSPECIFIED.);
#357=B_SPLINE_CURVE_WITH_KNOTS('',3,(#3314,#3315,#3316,#3317,#3318,#3319,
#3320,#3321),.UNSPECIFIED.,.F.,.F.,(4,1,1,1,1,4),(109.955742875643,110.194691215682,
111.187343560485,112.179995905288,113.172648250091,114.165300594894),
 .UNSPECIFIED.);
#358=B_SPLINE_CURVE_WITH_KNOTS('',3,(#3324,#3325,#3326,#3327,#3328,#3329,
#3330,#3331,#3332),.UNSPECIFIED.,.F.,.F.,(4,1,1,1,1,1,4),(109.955742875643,
110.92727564818,111.919927992983,112.912580337786,113.905232682589,114.897885027392,
115.170963117161),.UNSPECIFIED.);
#359=B_SPLINE_CURVE_WITH_KNOTS('',3,(#3337,#3338,#3339,#3340,#3341,#3342,
#3343,#3344,#3345,#3346),.UNSPECIFIED.,.F.,.F.,(4,1,1,1,1,1,1,4),(103.672557568463,
104.238777146863,105.231429491666,106.224081836469,107.216734181272,108.209386526075,
109.202038870878,109.955742875643),.UNSPECIFIED.);
#360=B_SPLINE_CURVE_WITH_KNOTS('',3,(#3347,#3348,#3349,#3350,#3351,#3352,
#3353,#3354,#3355,#3356,#3357),.UNSPECIFIED.,.F.,.F.,(4,1,1,1,1,1,1,1,4),
(103.672557568463,103.978709234559,104.971361579362,105.964013924165,106.956666268968,
107.949318613771,108.941970958574,109.934623303377,109.955742875643),
 .UNSPECIFIED.);
#361=B_SPLINE_CURVE_WITH_KNOTS('',3,(#3362,#3363,#3364,#3365,#3366,#3367,
#3368,#3369,#3370,#3371),.UNSPECIFIED.,.F.,.F.,(4,1,1,1,1,1,1,4),(97.3893722612836,
98.2828630780453,99.2755154228483,100.268167767651,101.260820112454,102.253472457257,
103.24612480206,103.672557568463),.UNSPECIFIED.);
#362=B_SPLINE_CURVE_WITH_KNOTS('',3,(#3372,#3373,#3374,#3375,#3376,#3377,
#3378,#3379,#3380,#3381),.UNSPECIFIED.,.F.,.F.,(4,1,1,1,1,1,1,4),(97.3893722612836,
98.022795165741,99.015447510544,100.008099855347,101.00075220015,101.993404544953,
102.986056889756,103.672557568463),.UNSPECIFIED.);
#363=B_SPLINE_CURVE_WITH_KNOTS('',3,(#3386,#3387,#3388,#3389,#3390,#3391,
#3392,#3393,#3394,#3395,#3396),.UNSPECIFIED.,.F.,.F.,(4,1,1,1,1,1,1,1,4),
(91.106186954104,91.3342966644242,92.3269490092272,93.3196013540303,94.3122536988333,
95.3049060436363,96.2975583884393,97.2902107332423,97.3893722612836),
 .UNSPECIFIED.);
#364=B_SPLINE_CURVE_WITH_KNOTS('',3,(#3397,#3398,#3399,#3400,#3401,#3402,
#3403,#3404,#3405,#3406),.UNSPECIFIED.,.F.,.F.,(4,1,1,1,1,1,1,4),(91.106186954104,
92.0668810969229,93.0595334417259,94.0521857865289,95.0448381313319,96.0374904761349,
97.030142820938,97.3893722612836),.UNSPECIFIED.);
#365=B_SPLINE_CURVE_WITH_KNOTS('',3,(#3411,#3412,#3413,#3414,#3415,#3416,
#3417,#3418,#3419,#3420),.UNSPECIFIED.,.F.,.F.,(4,1,1,1,1,1,1,4),(84.8230016469244,
85.3783825956061,86.3710349404091,87.3636872852122,88.3563396300152,89.3489919748182,
90.3416443196212,91.106186954104),.UNSPECIFIED.);
#366=B_SPLINE_CURVE_WITH_KNOTS('',3,(#3421,#3422,#3423,#3424,#3425,#3426,
#3427,#3428,#3429,#3430,#3431),.UNSPECIFIED.,.F.,.F.,(4,1,1,1,1,1,1,1,4),
(84.8230016469244,85.1183146833018,86.1109670281048,87.1036193729078,88.0962717177108,
89.0889240625138,90.0815764073169,91.0742287521199,91.106186954104),
 .UNSPECIFIED.);
#367=B_SPLINE_CURVE_WITH_KNOTS('',3,(#3436,#3437,#3438,#3439,#3440,#3441,
#3442,#3443,#3444,#3445),.UNSPECIFIED.,.F.,.F.,(4,1,1,1,1,1,1,4),(78.5398163397448,
79.4224685267881,80.4151208715911,81.4077732163941,82.4004255611971,83.3930779060001,
84.3857302508031,84.8230016469244),.UNSPECIFIED.);
#368=B_SPLINE_CURVE_WITH_KNOTS('',3,(#3446,#3447,#3448,#3449,#3450,#3451,
#3452,#3453,#3454,#3455),.UNSPECIFIED.,.F.,.F.,(4,1,1,1,1,1,1,4),(78.5398163397448,
79.1624006144837,80.1550529592867,81.1477053040897,82.1403576488927,83.1330099936958,
84.1256623384988,84.8230016469244),.UNSPECIFIED.);
#369=B_SPLINE_CURVE_WITH_KNOTS('',3,(#3460,#3461,#3462,#3463,#3464,#3465,
#3466,#3467,#3468,#3469,#3470),.UNSPECIFIED.,.F.,.F.,(4,1,1,1,1,1,1,1,4),
(72.2566310325652,72.473902113167,73.46655445797,74.459206802773,75.451859147576,
76.444511492379,77.437163837182,78.429816181985,78.5398163397448),
 .UNSPECIFIED.);
#370=B_SPLINE_CURVE_WITH_KNOTS('',3,(#3471,#3472,#3473,#3474,#3475,#3476,
#3477,#3478,#3479,#3480),.UNSPECIFIED.,.F.,.F.,(4,1,1,1,1,1,1,4),(72.2566310325652,
73.2064865456656,74.1991388904686,75.1917912352716,76.1844435800747,77.1770959248777,
78.1697482696807,78.5398163397448),.UNSPECIFIED.);
#371=B_SPLINE_CURVE_WITH_KNOTS('',3,(#3485,#3486,#3487,#3488,#3489,#3490,
#3491,#3492,#3493,#3494),.UNSPECIFIED.,.F.,.F.,(4,1,1,1,1,1,1,4),(65.9734457253856,
66.5179880443489,67.5106403891519,68.5032927339549,69.4959450787579,70.4885974235609,
71.4812497683639,72.2566310325652),.UNSPECIFIED.);
#372=B_SPLINE_CURVE_WITH_KNOTS('',3,(#3495,#3496,#3497,#3498,#3499,#3500,
#3501,#3502,#3503,#3504,#3505),.UNSPECIFIED.,.F.,.F.,(4,1,1,1,1,1,1,1,4),
(65.9734457253856,66.2579201320445,67.2505724768475,68.2432248216505,69.2358771664536,
70.2285295112566,71.2211818560596,72.2138342008626,72.2566310325652),
 .UNSPECIFIED.);
#373=B_SPLINE_CURVE_WITH_KNOTS('',3,(#3510,#3511,#3512,#3513,#3514,#3515,
#3516,#3517,#3518,#3519),.UNSPECIFIED.,.F.,.F.,(4,1,1,1,1,1,1,4),(59.690260418206,
60.5620739755308,61.5547263203338,62.5473786651368,63.5400310099398,64.5326833547428,
65.5253356995458,65.9734457253856),.UNSPECIFIED.);
#374=B_SPLINE_CURVE_WITH_KNOTS('',3,(#3520,#3521,#3522,#3523,#3524,#3525,
#3526,#3527,#3528,#3529),.UNSPECIFIED.,.F.,.F.,(4,1,1,1,1,1,1,4),(59.690260418206,
60.3020060632264,61.2946584080294,62.2873107528325,63.2799630976355,64.2726154424385,
65.2652677872415,65.9734457253856),.UNSPECIFIED.);
#375=B_SPLINE_CURVE_WITH_KNOTS('',3,(#3534,#3535,#3536,#3537,#3538,#3539,
#3540,#3541,#3542,#3543,#3544),.UNSPECIFIED.,.F.,.F.,(4,1,1,1,1,1,1,1,4),
(53.4070751110264,53.6135075619097,54.6061599067127,55.5988122515157,56.5914645963187,
57.5841169411217,58.5767692859248,59.5694216307278,59.690260418206),
 .UNSPECIFIED.);
#376=B_SPLINE_CURVE_WITH_KNOTS('',3,(#3545,#3546,#3547,#3548,#3549,#3550,
#3551,#3552,#3553,#3554),.UNSPECIFIED.,.F.,.F.,(4,1,1,1,1,1,1,4),(53.4070751110264,
54.3460919944083,55.3387443392114,56.3313966840144,57.3240490288174,58.3167013736204,
59.3093537184234,59.690260418206),.UNSPECIFIED.);
#377=B_SPLINE_CURVE_WITH_KNOTS('',3,(#3559,#3560,#3561,#3562,#3563,#3564,
#3565,#3566,#3567,#3568),.UNSPECIFIED.,.F.,.F.,(4,1,1,1,1,1,1,4),(47.1238898038468,
47.6575934930916,48.6502458378946,49.6428981826976,50.6355505275006,51.6282028723037,
52.6208552171067,53.4070751110264),.UNSPECIFIED.);
#378=B_SPLINE_CURVE_WITH_KNOTS('',3,(#3569,#3570,#3571,#3572,#3573,#3574,
#3575,#3576,#3577,#3578,#3579),.UNSPECIFIED.,.F.,.F.,(4,1,1,1,1,1,1,1,4),
(47.1238898038468,47.3975255807872,48.3901779255903,49.3828302703933,50.3754826151963,
51.3681349599993,52.3607873048023,53.3534396496053,53.4070751110264),
 .UNSPECIFIED.);
#379=B_SPLINE_CURVE_WITH_KNOTS('',3,(#3584,#3585,#3586,#3587,#3588,#3589,
#3590,#3591,#3592,#3593),.UNSPECIFIED.,.F.,.F.,(4,1,1,1,1,1,1,4),(40.8407044966672,
41.7016794242735,42.6943317690765,43.6869841138795,44.6796364586826,45.6722888034856,
46.6649411482886,47.1238898038468),.UNSPECIFIED.);
#380=B_SPLINE_CURVE_WITH_KNOTS('',3,(#3594,#3595,#3596,#3597,#3598,#3599,
#3600,#3601,#3602,#3603),.UNSPECIFIED.,.F.,.F.,(4,1,1,1,1,1,1,4),(40.8407044966672,
41.4416115119692,42.4342638567722,43.4269162015752,44.4195685463782,45.4122208911812,
46.4048732359842,47.1238898038468),.UNSPECIFIED.);
#381=B_SPLINE_CURVE_WITH_KNOTS('',3,(#3608,#3609,#3610,#3611,#3612,#3613,
#3614,#3615,#3616,#3617,#3618),.UNSPECIFIED.,.F.,.F.,(4,1,1,1,1,1,1,1,4),
(34.5575191894876,34.7531130106524,35.7457653554554,36.7384177002584,37.7310700450615,
38.7237223898645,39.7163747346675,40.7090270794705,40.8407044966672),
 .UNSPECIFIED.);
#382=B_SPLINE_CURVE_WITH_KNOTS('',3,(#3619,#3620,#3621,#3622,#3623,#3624,
#3625,#3626,#3627,#3628),.UNSPECIFIED.,.F.,.F.,(4,1,1,1,1,1,1,4),(34.5575191894876,
35.4856974431511,36.4783497879541,37.4710021327571,38.4636544775601,39.4563068223631,
40.4489591671661,40.8407044966672),.UNSPECIFIED.);
#383=B_SPLINE_CURVE_WITH_KNOTS('',3,(#3633,#3634,#3635,#3636,#3637,#3638,
#3639,#3640,#3641,#3642),.UNSPECIFIED.,.F.,.F.,(4,1,1,1,1,1,1,4),(28.274333882308,
28.7971989418343,29.7898512866373,30.7825036314404,31.7751559762434,32.7678083210464,
33.7604606658494,34.5575191894876),.UNSPECIFIED.);
#384=B_SPLINE_CURVE_WITH_KNOTS('',3,(#3643,#3644,#3645,#3646,#3647,#3648,
#3649,#3650,#3651,#3652,#3653),.UNSPECIFIED.,.F.,.F.,(4,1,1,1,1,1,1,1,4),
(28.274333882308,28.53713102953,29.529783374333,30.522435719136,31.515088063939,
32.507740408742,33.500392753545,34.4930450983481,34.5575191894876),
 .UNSPECIFIED.);
#385=B_SPLINE_CURVE_WITH_KNOTS('',3,(#3658,#3659,#3660,#3661,#3662,#3663,
#3664,#3665,#3666,#3667),.UNSPECIFIED.,.F.,.F.,(4,1,1,1,1,1,1,4),(21.9911485751285,
22.8412848730162,23.8339372178193,24.8265895626223,25.8192419074253,26.8118942522283,
27.8045465970313,28.274333882308),.UNSPECIFIED.);
#386=B_SPLINE_CURVE_WITH_KNOTS('',3,(#3668,#3669,#3670,#3671,#3672,#3673,
#3674,#3675,#3676,#3677),.UNSPECIFIED.,.F.,.F.,(4,1,1,1,1,1,1,4),(21.9911485751285,
22.5812169607119,23.5738693055149,24.5665216503179,25.5591739951209,26.5518263399239,
27.544478684727,28.274333882308),.UNSPECIFIED.);
#387=B_SPLINE_CURVE_WITH_KNOTS('',3,(#3683,#3684,#3685,#3686,#3687),
 .UNSPECIFIED.,.F.,.F.,(4,1,4),(14.6399982022878,15.6326505470908,15.7079632679489),
 .UNSPECIFIED.);
#388=B_SPLINE_CURVE_WITH_KNOTS('',3,(#3690,#3691,#3692,#3693,#3694,#3695),
 .UNSPECIFIED.,.F.,.F.,(4,1,1,4),(13.6343356800202,13.9074137697891,14.9000661145921,
15.7079632679489),.UNSPECIFIED.);
#389=B_SPLINE_CURVE_WITH_KNOTS('',3,(#3701,#3702,#3703,#3704),
 .UNSPECIFIED.,.F.,.F.,(4,4),(101.598929980534,102.243191514711),
 .UNSPECIFIED.);
#390=B_SPLINE_CURVE_WITH_KNOTS('',3,(#3707,#3708,#3709,#3710,#3711,#3712,
#3713,#3714,#3715,#3716,#3717,#3718,#3719),.UNSPECIFIED.,.F.,.F.,(4,3,3,
3,4),(-100.530964914873,-100.257886825104,-99.2652344803015,-98.2725821354984,
-98.0336337954597),.UNSPECIFIED.);
#391=B_SPLINE_CURVE_WITH_KNOTS('',3,(#3724,#3725,#3726,#3727,#3728,#3729,
#3730,#3731,#3732,#3733,#3734,#3735,#3736,#3737,#3738,#3739,#3740,#3741,
#3742,#3743,#3744,#3745),.UNSPECIFIED.,.F.,.F.,(4,3,3,3,3,3,3,4),(95.3157446733549,
96.2872774458924,97.2799297906954,98.2725821354985,99.2652344803015,100.257886825104,
101.250539169907,101.598929980534),.UNSPECIFIED.);
#392=B_SPLINE_CURVE_WITH_KNOTS('',3,(#3746,#3747,#3748,#3749,#3750,#3751,
#3752,#3753,#3754,#3755,#3756,#3757,#3758,#3759,#3760,#3761,#3762,#3763,
#3764,#3765,#3766,#3767),.UNSPECIFIED.,.F.,.F.,(4,3,3,3,3,3,3,4),(-98.0336337954597,
-97.2799297906954,-96.2872774458924,-95.2946251010894,-94.3019727562864,
-93.3093204114834,-92.3166680666804,-91.7504484882801),.UNSPECIFIED.);
#393=B_SPLINE_CURVE_WITH_KNOTS('',3,(#3772,#3773,#3774,#3775,#3776,#3777,
#3778,#3779,#3780,#3781,#3782,#3783,#3784,#3785,#3786,#3787,#3788,#3789,
#3790,#3791,#3792,#3793,#3794,#3795,#3796),.UNSPECIFIED.,.F.,.F.,(4,3,3,
3,3,3,3,3,4),(89.0325593661753,89.3387110322713,90.3313633770744,91.3240157218773,
92.3166680666804,93.3093204114834,94.3019727562864,95.2946251010894,95.3157446733549),
 .UNSPECIFIED.);
#394=B_SPLINE_CURVE_WITH_KNOTS('',3,(#3797,#3798,#3799,#3800,#3801,#3802,
#3803,#3804,#3805,#3806,#3807,#3808,#3809,#3810,#3811,#3812,#3813,#3814,
#3815,#3816,#3817,#3818),.UNSPECIFIED.,.F.,.F.,(4,3,3,3,3,3,3,4),(-91.7504484882801,
-91.3240157218773,-90.3313633770743,-89.3387110322713,-88.3460586874683,
-87.3534063426653,-86.3607539978623,-85.4672631811005),.UNSPECIFIED.);
#395=B_SPLINE_CURVE_WITH_KNOTS('',3,(#3823,#3824,#3825,#3826,#3827,#3828,
#3829,#3830,#3831,#3832,#3833,#3834,#3835,#3836,#3837,#3838,#3839,#3840,
#3841,#3842,#3843,#3844),.UNSPECIFIED.,.F.,.F.,(4,3,3,3,3,3,3,4),(82.7493740589957,
83.3827969634532,84.3754493082563,85.3681016530593,86.3607539978623,87.3534063426653,
88.3460586874683,89.0325593661753),.UNSPECIFIED.);
#396=B_SPLINE_CURVE_WITH_KNOTS('',3,(#3845,#3846,#3847,#3848,#3849,#3850,
#3851,#3852,#3853,#3854,#3855,#3856,#3857,#3858,#3859,#3860,#3861,#3862,
#3863,#3864,#3865,#3866,#3867,#3868,#3869),.UNSPECIFIED.,.F.,.F.,(4,3,3,
3,3,3,3,3,4),(-85.4672631811005,-85.3681016530592,-84.3754493082562,-83.3827969634532,
-82.3901446186502,-81.3974922738472,-80.4048399290442,-79.4121875842412,
-79.1840778739209),.UNSPECIFIED.);
#397=B_SPLINE_CURVE_WITH_KNOTS('',3,(#3874,#3875,#3876,#3877,#3878,#3879,
#3880,#3881,#3882,#3883,#3884,#3885,#3886,#3887,#3888,#3889,#3890,#3891,
#3892,#3893,#3894,#3895),.UNSPECIFIED.,.F.,.F.,(4,3,3,3,3,3,3,4),(76.4661887518161,
77.4268828946352,78.4195352394382,79.4121875842412,80.4048399290442,81.3974922738472,
82.3901446186502,82.7493740589957),.UNSPECIFIED.);
#398=B_SPLINE_CURVE_WITH_KNOTS('',3,(#3896,#3897,#3898,#3899,#3900,#3901,
#3902,#3903,#3904,#3905,#3906,#3907,#3908,#3909,#3910,#3911,#3912,#3913,
#3914,#3915,#3916,#3917),.UNSPECIFIED.,.F.,.F.,(4,3,3,3,3,3,3,4),(-79.1840778739209,
-78.4195352394381,-77.4268828946351,-76.4342305498321,-75.4415782050291,
-74.4489258602261,-73.4562735154231,-72.9008925667413),.UNSPECIFIED.);
#399=B_SPLINE_CURVE_WITH_KNOTS('',3,(#3922,#3923,#3924,#3925,#3926,#3927,
#3928,#3929,#3930,#3931,#3932,#3933,#3934,#3935,#3936,#3937,#3938,#3939,
#3940,#3941,#3942,#3943,#3944,#3945,#3946),.UNSPECIFIED.,.F.,.F.,(4,3,3,
3,3,3,3,3,4),(70.1830034446366,70.478316481014,71.4709688258171,72.4636211706201,
73.4562735154231,74.4489258602261,75.4415782050291,76.4342305498321,76.4661887518161),
 .UNSPECIFIED.);
#400=B_SPLINE_CURVE_WITH_KNOTS('',3,(#3947,#3948,#3949,#3950,#3951,#3952,
#3953,#3954,#3955,#3956,#3957,#3958,#3959,#3960,#3961,#3962,#3963,#3964,
#3965,#3966,#3967,#3968),.UNSPECIFIED.,.F.,.F.,(4,3,3,3,3,3,3,4),(-72.9008925667413,
-72.46362117062,-71.470968825817,-70.478316481014,-69.485664136211,-68.493011791408,
-67.500359446605,-66.6177072595617),.UNSPECIFIED.);
#401=B_SPLINE_CURVE_WITH_KNOTS('',3,(#3973,#3974,#3975,#3976,#3977,#3978,
#3979,#3980,#3981,#3982,#3983,#3984,#3985,#3986,#3987,#3988,#3989,#3990,
#3991,#3992,#3993,#3994),.UNSPECIFIED.,.F.,.F.,(4,3,3,3,3,3,3,4),(63.8998181374569,
64.5224024121959,65.515054756999,66.507707101802,67.500359446605,68.493011791408,
69.485664136211,70.1830034446366),.UNSPECIFIED.);
#402=B_SPLINE_CURVE_WITH_KNOTS('',3,(#3995,#3996,#3997,#3998,#3999,#4000,
#4001,#4002,#4003,#4004,#4005,#4006,#4007,#4008,#4009,#4010,#4011,#4012,
#4013,#4014,#4015,#4016,#4017,#4018,#4019),.UNSPECIFIED.,.F.,.F.,(4,3,3,
3,3,3,3,3,4),(-66.6177072595617,-66.507707101802,-65.515054756999,-64.5224024121959,
-63.5297500673929,-62.5370977225899,-61.5444453777869,-60.5517930329839,
-60.3345219523821),.UNSPECIFIED.);
#403=B_SPLINE_CURVE_WITH_KNOTS('',3,(#4024,#4025,#4026,#4027,#4028,#4029,
#4030,#4031,#4032,#4033,#4034,#4035,#4036,#4037,#4038,#4039,#4040,#4041,
#4042,#4043,#4044,#4045),.UNSPECIFIED.,.F.,.F.,(4,3,3,3,3,3,3,4),(57.6166328302773,
58.5664883433779,59.5591406881809,60.5517930329839,61.5444453777869,62.5370977225899,
63.5297500673929,63.8998181374569),.UNSPECIFIED.);
#404=B_SPLINE_CURVE_WITH_KNOTS('',3,(#4046,#4047,#4048,#4049,#4050,#4051,
#4052,#4053,#4054,#4055,#4056,#4057,#4058,#4059,#4060,#4061,#4062,#4063,
#4064,#4065,#4066,#4067),.UNSPECIFIED.,.F.,.F.,(4,3,3,3,3,3,3,4),(-60.3345219523821,
-59.5591406881809,-58.5664883433779,-57.5738359985749,-56.5811836537718,
-55.5885313089688,-54.5958789641658,-54.0513366452025),.UNSPECIFIED.);
#405=B_SPLINE_CURVE_WITH_KNOTS('',3,(#4072,#4073,#4074,#4075,#4076,#4077,
#4078,#4079,#4080,#4081,#4082,#4083,#4084,#4085,#4086,#4087,#4088,#4089,
#4090,#4091,#4092,#4093,#4094,#4095,#4096),.UNSPECIFIED.,.F.,.F.,(4,3,3,
3,3,3,3,3,4),(51.3334475230977,51.6179219297568,52.6105742745598,53.6032266193628,
54.5958789641658,55.5885313089688,56.5811836537718,57.5738359985749,57.6166328302773),
 .UNSPECIFIED.);
#406=B_SPLINE_CURVE_WITH_KNOTS('',3,(#4097,#4098,#4099,#4100,#4101,#4102,
#4103,#4104,#4105,#4106,#4107,#4108,#4109,#4110,#4111,#4112,#4113,#4114,
#4115,#4116,#4117,#4118),.UNSPECIFIED.,.F.,.F.,(4,3,3,3,3,3,3,4),(-54.0513366452025,
-53.6032266193628,-52.6105742745598,-51.6179219297568,-50.6252695849537,
-49.6326172401507,-48.6399648953477,-47.7681513380229),.UNSPECIFIED.);
#407=B_SPLINE_CURVE_WITH_KNOTS('',3,(#4123,#4124,#4125,#4126,#4127,#4128,
#4129,#4130,#4131,#4132,#4133,#4134,#4135,#4136,#4137,#4138,#4139,#4140,
#4141,#4142,#4143,#4144),.UNSPECIFIED.,.F.,.F.,(4,3,3,3,3,3,3,4),(45.0502622159182,
45.6620078609387,46.6546602057417,47.6473125505447,48.6399648953477,49.6326172401507,
50.6252695849537,51.3334475230977),.UNSPECIFIED.);
#408=B_SPLINE_CURVE_WITH_KNOTS('',3,(#4145,#4146,#4147,#4148,#4149,#4150,
#4151,#4152,#4153,#4154,#4155,#4156,#4157,#4158,#4159,#4160,#4161,#4162,
#4163,#4164,#4165,#4166,#4167,#4168,#4169),.UNSPECIFIED.,.F.,.F.,(4,3,3,
3,3,3,3,3,4),(-47.7681513380229,-47.6473125505447,-46.6546602057417,-45.6620078609387,
-44.6693555161357,-43.6767031713326,-42.6840508265296,-41.6913984817266,
-41.4849660308433),.UNSPECIFIED.);
#409=B_SPLINE_CURVE_WITH_KNOTS('',3,(#4174,#4175,#4176,#4177,#4178,#4179,
#4180,#4181,#4182,#4183,#4184,#4185,#4186,#4187,#4188,#4189,#4190,#4191,
#4192,#4193,#4194,#4195),.UNSPECIFIED.,.F.,.F.,(4,3,3,3,3,3,3,4),(38.7670769087386,
39.7060937921206,40.6987461369236,41.6913984817266,42.6840508265296,43.6767031713326,
44.6693555161357,45.0502622159182),.UNSPECIFIED.);
#410=B_SPLINE_CURVE_WITH_KNOTS('',3,(#4196,#4197,#4198,#4199,#4200,#4201,
#4202,#4203,#4204,#4205,#4206,#4207,#4208,#4209,#4210,#4211,#4212,#4213,
#4214,#4215,#4216,#4217),.UNSPECIFIED.,.F.,.F.,(4,3,3,3,3,3,3,4),(-41.4849660308433,
-40.6987461369236,-39.7060937921206,-38.7134414473176,-37.7207891025146,
-36.7281367577115,-35.7354844129085,-35.2017807236637),.UNSPECIFIED.);
#411=B_SPLINE_CURVE_WITH_KNOTS('',3,(#4222,#4223,#4224,#4225,#4226,#4227,
#4228,#4229,#4230,#4231,#4232,#4233,#4234,#4235,#4236,#4237,#4238,#4239,
#4240,#4241,#4242,#4243,#4244,#4245,#4246),.UNSPECIFIED.,.F.,.F.,(4,3,3,
3,3,3,3,3,4),(32.483891601559,32.7575273784995,33.7501797233025,34.7428320681055,
35.7354844129085,36.7281367577115,37.7207891025146,38.7134414473176,38.7670769087386),
 .UNSPECIFIED.);
#412=B_SPLINE_CURVE_WITH_KNOTS('',3,(#4247,#4248,#4249,#4250,#4251,#4252,
#4253,#4254,#4255,#4256,#4257,#4258,#4259,#4260,#4261,#4262,#4263,#4264,
#4265,#4266,#4267,#4268),.UNSPECIFIED.,.F.,.F.,(4,3,3,3,3,3,3,4),(-35.2017807236637,
-34.7428320681055,-33.7501797233025,-32.7575273784995,-31.7648750336965,
-30.7722226888935,-29.7795703440904,-28.9185954164842),.UNSPECIFIED.);
#413=B_SPLINE_CURVE_WITH_KNOTS('',3,(#4273,#4274,#4275,#4276,#4277,#4278,
#4279,#4280,#4281,#4282,#4283,#4284,#4285,#4286,#4287,#4288,#4289,#4290,
#4291,#4292,#4293,#4294),.UNSPECIFIED.,.F.,.F.,(4,3,3,3,3,3,3,4),(26.2007062943794,
26.8016133096814,27.7942656544844,28.7869179992874,29.7795703440904,30.7722226888935,
31.7648750336965,32.483891601559),.UNSPECIFIED.);
#414=B_SPLINE_CURVE_WITH_KNOTS('',3,(#4295,#4296,#4297,#4298,#4299,#4300,
#4301,#4302,#4303,#4304,#4305,#4306,#4307,#4308,#4309,#4310,#4311,#4312,
#4313,#4314,#4315,#4316,#4317,#4318,#4319),.UNSPECIFIED.,.F.,.F.,(4,3,3,
3,3,3,3,3,4),(-28.9185954164842,-28.7869179992874,-27.7942656544844,-26.8016133096814,
-25.8089609648784,-24.8163086200754,-23.8236562752723,-22.8310039304693,
-22.6354101093046),.UNSPECIFIED.);
#415=B_SPLINE_CURVE_WITH_KNOTS('',3,(#4324,#4325,#4326,#4327,#4328,#4329,
#4330,#4331,#4332,#4333,#4334,#4335,#4336,#4337,#4338,#4339,#4340,#4341,
#4342,#4343,#4344,#4345),.UNSPECIFIED.,.F.,.F.,(4,3,3,3,3,3,3,4),(19.9175209871998,
20.8456992408633,21.8383515856663,22.8310039304693,23.8236562752723,24.8163086200754,
25.8089609648784,26.2007062943794),.UNSPECIFIED.);
#416=B_SPLINE_CURVE_WITH_KNOTS('',3,(#4346,#4347,#4348,#4349,#4350,#4351,
#4352,#4353,#4354,#4355,#4356,#4357,#4358,#4359,#4360,#4361,#4362,#4363,
#4364,#4365,#4366,#4367),.UNSPECIFIED.,.F.,.F.,(4,3,3,3,3,3,3,4),(-22.6354101093046,
-21.8383515856663,-20.8456992408633,-19.8530468960603,-18.8603945512573,
-17.8677422064543,-16.8750898616512,-16.352224802125),.UNSPECIFIED.);
#417=B_SPLINE_CURVE_WITH_KNOTS('',3,(#4372,#4373,#4374,#4375,#4376,#4377,
#4378,#4379,#4380,#4381,#4382,#4383,#4384,#4385,#4386,#4387,#4388,#4389,
#4390,#4391,#4392,#4393,#4394,#4395,#4396),.UNSPECIFIED.,.F.,.F.,(4,3,3,
3,3,3,3,3,4),(13.6343356800202,13.8971328272422,14.8897851720452,15.8824375168482,
16.8750898616512,17.8677422064543,18.8603945512573,19.8530468960603,19.9175209871998),
 .UNSPECIFIED.);
#418=B_SPLINE_CURVE_WITH_KNOTS('',3,(#4397,#4398,#4399,#4400,#4401,#4402,
#4403,#4404,#4405,#4406,#4407,#4408,#4409,#4410,#4411,#4412,#4413,#4414,
#4415,#4416,#4417,#4418),.UNSPECIFIED.,.F.,.F.,(4,3,3,3,3,3,3,4),(-16.352224802125,
-15.8824375168482,-14.8897851720452,-13.8971328272422,-12.9044804824392,
-11.9118281376362,-10.9191757928332,-10.0690394949454),.UNSPECIFIED.);
#419=B_SPLINE_CURVE_WITH_KNOTS('',3,(#4424,#4425,#4426,#4427,#4428,#4429,
#4430,#4431,#4432,#4433,#4434,#4435,#4436),.UNSPECIFIED.,.F.,.F.,(4,3,3,
3,4),(-3.78585418776581,-2.97795703440904,-1.98530468960603,-0.992652344803014,
0.),.UNSPECIFIED.);
#420=B_SPLINE_CURVE_WITH_KNOTS('',3,(#4439,#4440,#4441,#4442,#4443,#4444,
#4445,#4446,#4447,#4448,#4449,#4450,#4451,#4452,#4453,#4454,#4455,#4456,
#4457,#4458,#4459,#4460),.UNSPECIFIED.,.F.,.F.,(4,3,3,3,3,3,3,4),(1.71222659983712,
1.98530468960603,2.97795703440904,3.97060937921206,4.96326172401507,5.95591406881808,
6.9485664136211,7.35115037284064),.UNSPECIFIED.);
#421=B_SPLINE_CURVE_WITH_KNOTS('',3,(#4466,#4467,#4468,#4469,#4470,#4471,
#4472,#4473),.UNSPECIFIED.,.F.,.F.,(4,1,1,1,1,4),(109.955742875643,110.194691215682,
111.187343560485,112.179995905288,113.172648250091,114.165300594894),
 .UNSPECIFIED.);
#422=B_SPLINE_CURVE_WITH_KNOTS('',3,(#4476,#4477,#4478,#4479,#4480,#4481,
#4482,#4483,#4484),.UNSPECIFIED.,.F.,.F.,(4,1,1,1,1,1,4),(109.955742875643,
110.92727564818,111.919927992983,112.912580337786,113.905232682589,114.897885027392,
115.170963117161),.UNSPECIFIED.);
#423=B_SPLINE_CURVE_WITH_KNOTS('',3,(#4489,#4490,#4491,#4492,#4493,#4494,
#4495,#4496,#4497,#4498),.UNSPECIFIED.,.F.,.F.,(4,1,1,1,1,1,1,4),(103.672557568463,
104.238777146863,105.231429491666,106.224081836469,107.216734181272,108.209386526075,
109.202038870879,109.955742875643),.UNSPECIFIED.);
#424=B_SPLINE_CURVE_WITH_KNOTS('',3,(#4499,#4500,#4501,#4502,#4503,#4504,
#4505,#4506,#4507,#4508,#4509),.UNSPECIFIED.,.F.,.F.,(4,1,1,1,1,1,1,1,4),
(103.672557568463,103.978709234559,104.971361579362,105.964013924165,106.956666268968,
107.949318613771,108.941970958574,109.934623303377,109.955742875643),
 .UNSPECIFIED.);
#425=B_SPLINE_CURVE_WITH_KNOTS('',3,(#4514,#4515,#4516,#4517,#4518,#4519,
#4520,#4521,#4522,#4523),.UNSPECIFIED.,.F.,.F.,(4,1,1,1,1,1,1,4),(97.3893722612836,
98.2828630780453,99.2755154228484,100.268167767651,101.260820112454,102.253472457257,
103.24612480206,103.672557568463),.UNSPECIFIED.);
#426=B_SPLINE_CURVE_WITH_KNOTS('',3,(#4524,#4525,#4526,#4527,#4528,#4529,
#4530,#4531,#4532,#4533),.UNSPECIFIED.,.F.,.F.,(4,1,1,1,1,1,1,4),(97.3893722612836,
98.022795165741,99.015447510544,100.008099855347,101.00075220015,101.993404544953,
102.986056889756,103.672557568463),.UNSPECIFIED.);
#427=B_SPLINE_CURVE_WITH_KNOTS('',3,(#4538,#4539,#4540,#4541,#4542,#4543,
#4544,#4545,#4546,#4547,#4548),.UNSPECIFIED.,.F.,.F.,(4,1,1,1,1,1,1,1,4),
(91.106186954104,91.3342966644242,92.3269490092273,93.3196013540303,94.3122536988333,
95.3049060436363,96.2975583884393,97.2902107332423,97.3893722612836),
 .UNSPECIFIED.);
#428=B_SPLINE_CURVE_WITH_KNOTS('',3,(#4549,#4550,#4551,#4552,#4553,#4554,
#4555,#4556,#4557,#4558),.UNSPECIFIED.,.F.,.F.,(4,1,1,1,1,1,1,4),(91.106186954104,
92.0668810969229,93.0595334417259,94.0521857865289,95.044838131332,96.037490476135,
97.030142820938,97.3893722612836),.UNSPECIFIED.);
#429=B_SPLINE_CURVE_WITH_KNOTS('',3,(#4563,#4564,#4565,#4566,#4567,#4568,
#4569,#4570,#4571,#4572),.UNSPECIFIED.,.F.,.F.,(4,1,1,1,1,1,1,4),(84.8230016469244,
85.3783825956062,86.3710349404092,87.3636872852122,88.3563396300152,89.3489919748182,
90.3416443196212,91.106186954104),.UNSPECIFIED.);
#430=B_SPLINE_CURVE_WITH_KNOTS('',3,(#4573,#4574,#4575,#4576,#4577,#4578,
#4579,#4580,#4581,#4582,#4583),.UNSPECIFIED.,.F.,.F.,(4,1,1,1,1,1,1,1,4),
(84.8230016469244,85.1183146833018,86.1109670281048,87.1036193729078,88.0962717177108,
89.0889240625139,90.0815764073169,91.0742287521199,91.106186954104),
 .UNSPECIFIED.);
#431=B_SPLINE_CURVE_WITH_KNOTS('',3,(#4588,#4589,#4590,#4591,#4592,#4593,
#4594,#4595,#4596,#4597),.UNSPECIFIED.,.F.,.F.,(4,1,1,1,1,1,1,4),(78.5398163397448,
79.4224685267881,80.4151208715911,81.4077732163941,82.4004255611971,83.3930779060001,
84.3857302508031,84.8230016469244),.UNSPECIFIED.);
#432=B_SPLINE_CURVE_WITH_KNOTS('',3,(#4598,#4599,#4600,#4601,#4602,#4603,
#4604,#4605,#4606,#4607),.UNSPECIFIED.,.F.,.F.,(4,1,1,1,1,1,1,4),(78.5398163397448,
79.1624006144837,80.1550529592867,81.1477053040897,82.1403576488928,83.1330099936958,
84.1256623384988,84.8230016469244),.UNSPECIFIED.);
#433=B_SPLINE_CURVE_WITH_KNOTS('',3,(#4612,#4613,#4614,#4615,#4616,#4617,
#4618,#4619,#4620,#4621,#4622),.UNSPECIFIED.,.F.,.F.,(4,1,1,1,1,1,1,1,4),
(72.2566310325652,72.473902113167,73.46655445797,74.459206802773,75.451859147576,
76.444511492379,77.437163837182,78.429816181985,78.5398163397448),
 .UNSPECIFIED.);
#434=B_SPLINE_CURVE_WITH_KNOTS('',3,(#4623,#4624,#4625,#4626,#4627,#4628,
#4629,#4630,#4631,#4632),.UNSPECIFIED.,.F.,.F.,(4,1,1,1,1,1,1,4),(72.2566310325652,
73.2064865456656,74.1991388904686,75.1917912352717,76.1844435800747,77.1770959248777,
78.1697482696807,78.5398163397448),.UNSPECIFIED.);
#435=B_SPLINE_CURVE_WITH_KNOTS('',3,(#4637,#4638,#4639,#4640,#4641,#4642,
#4643,#4644,#4645,#4646),.UNSPECIFIED.,.F.,.F.,(4,1,1,1,1,1,1,4),(65.9734457253856,
66.5179880443489,67.5106403891519,68.5032927339549,69.4959450787579,70.4885974235609,
71.481249768364,72.2566310325652),.UNSPECIFIED.);
#436=B_SPLINE_CURVE_WITH_KNOTS('',3,(#4647,#4648,#4649,#4650,#4651,#4652,
#4653,#4654,#4655,#4656,#4657),.UNSPECIFIED.,.F.,.F.,(4,1,1,1,1,1,1,1,4),
(65.9734457253856,66.2579201320445,67.2505724768475,68.2432248216506,69.2358771664536,
70.2285295112566,71.2211818560596,72.2138342008626,72.2566310325652),
 .UNSPECIFIED.);
#437=B_SPLINE_CURVE_WITH_KNOTS('',3,(#4662,#4663,#4664,#4665,#4666,#4667,
#4668,#4669,#4670,#4671),.UNSPECIFIED.,.F.,.F.,(4,1,1,1,1,1,1,4),(59.690260418206,
60.5620739755308,61.5547263203338,62.5473786651368,63.5400310099398,64.5326833547429,
65.5253356995459,65.9734457253856),.UNSPECIFIED.);
#438=B_SPLINE_CURVE_WITH_KNOTS('',3,(#4672,#4673,#4674,#4675,#4676,#4677,
#4678,#4679,#4680,#4681),.UNSPECIFIED.,.F.,.F.,(4,1,1,1,1,1,1,4),(59.690260418206,
60.3020060632264,61.2946584080294,62.2873107528325,63.2799630976355,64.2726154424385,
65.2652677872415,65.9734457253856),.UNSPECIFIED.);
#439=B_SPLINE_CURVE_WITH_KNOTS('',3,(#4686,#4687,#4688,#4689,#4690,#4691,
#4692,#4693,#4694,#4695,#4696),.UNSPECIFIED.,.F.,.F.,(4,1,1,1,1,1,1,1,4),
(53.4070751110264,53.6135075619097,54.6061599067127,55.5988122515157,56.5914645963187,
57.5841169411218,58.5767692859248,59.5694216307278,59.690260418206),
 .UNSPECIFIED.);
#440=B_SPLINE_CURVE_WITH_KNOTS('',3,(#4697,#4698,#4699,#4700,#4701,#4702,
#4703,#4704,#4705,#4706),.UNSPECIFIED.,.F.,.F.,(4,1,1,1,1,1,1,4),(53.4070751110264,
54.3460919944083,55.3387443392114,56.3313966840144,57.3240490288174,58.3167013736204,
59.3093537184234,59.690260418206),.UNSPECIFIED.);
#441=B_SPLINE_CURVE_WITH_KNOTS('',3,(#4711,#4712,#4713,#4714,#4715,#4716,
#4717,#4718,#4719,#4720),.UNSPECIFIED.,.F.,.F.,(4,1,1,1,1,1,1,4),(47.1238898038468,
47.6575934930916,48.6502458378946,49.6428981826976,50.6355505275007,51.6282028723037,
52.6208552171067,53.4070751110264),.UNSPECIFIED.);
#442=B_SPLINE_CURVE_WITH_KNOTS('',3,(#4721,#4722,#4723,#4724,#4725,#4726,
#4727,#4728,#4729,#4730,#4731),.UNSPECIFIED.,.F.,.F.,(4,1,1,1,1,1,1,1,4),
(47.1238898038468,47.3975255807872,48.3901779255903,49.3828302703933,50.3754826151963,
51.3681349599993,52.3607873048023,53.3534396496053,53.4070751110264),
 .UNSPECIFIED.);
#443=B_SPLINE_CURVE_WITH_KNOTS('',3,(#4736,#4737,#4738,#4739,#4740,#4741,
#4742,#4743,#4744,#4745),.UNSPECIFIED.,.F.,.F.,(4,1,1,1,1,1,1,4),(40.8407044966672,
41.7016794242735,42.6943317690765,43.6869841138795,44.6796364586826,45.6722888034856,
46.6649411482886,47.1238898038468),.UNSPECIFIED.);
#444=B_SPLINE_CURVE_WITH_KNOTS('',3,(#4746,#4747,#4748,#4749,#4750,#4751,
#4752,#4753,#4754,#4755),.UNSPECIFIED.,.F.,.F.,(4,1,1,1,1,1,1,4),(40.8407044966672,
41.4416115119692,42.4342638567722,43.4269162015752,44.4195685463782,45.4122208911812,
46.4048732359842,47.1238898038468),.UNSPECIFIED.);
#445=B_SPLINE_CURVE_WITH_KNOTS('',3,(#4760,#4761,#4762,#4763,#4764,#4765,
#4766,#4767,#4768,#4769,#4770),.UNSPECIFIED.,.F.,.F.,(4,1,1,1,1,1,1,1,4),
(34.5575191894876,34.7531130106524,35.7457653554554,36.7384177002584,37.7310700450615,
38.7237223898645,39.7163747346675,40.7090270794705,40.8407044966672),
 .UNSPECIFIED.);
#446=B_SPLINE_CURVE_WITH_KNOTS('',3,(#4771,#4772,#4773,#4774,#4775,#4776,
#4777,#4778,#4779,#4780),.UNSPECIFIED.,.F.,.F.,(4,1,1,1,1,1,1,4),(34.5575191894876,
35.4856974431511,36.4783497879541,37.4710021327571,38.4636544775601,39.4563068223631,
40.4489591671661,40.8407044966672),.UNSPECIFIED.);
#447=B_SPLINE_CURVE_WITH_KNOTS('',3,(#4785,#4786,#4787,#4788,#4789,#4790,
#4791,#4792,#4793,#4794),.UNSPECIFIED.,.F.,.F.,(4,1,1,1,1,1,1,4),(28.274333882308,
28.7971989418343,29.7898512866373,30.7825036314404,31.7751559762434,32.7678083210464,
33.7604606658494,34.5575191894876),.UNSPECIFIED.);
#448=B_SPLINE_CURVE_WITH_KNOTS('',3,(#4795,#4796,#4797,#4798,#4799,#4800,
#4801,#4802,#4803,#4804,#4805),.UNSPECIFIED.,.F.,.F.,(4,1,1,1,1,1,1,1,4),
(28.274333882308,28.53713102953,29.529783374333,30.522435719136,31.515088063939,
32.507740408742,33.500392753545,34.4930450983481,34.5575191894876),
 .UNSPECIFIED.);
#449=B_SPLINE_CURVE_WITH_KNOTS('',3,(#4810,#4811,#4812,#4813,#4814,#4815,
#4816,#4817,#4818,#4819),.UNSPECIFIED.,.F.,.F.,(4,1,1,1,1,1,1,4),(21.9911485751285,
22.8412848730162,23.8339372178193,24.8265895626223,25.8192419074253,26.8118942522283,
27.8045465970313,28.274333882308),.UNSPECIFIED.);
#450=B_SPLINE_CURVE_WITH_KNOTS('',3,(#4820,#4821,#4822,#4823,#4824,#4825,
#4826,#4827,#4828,#4829),.UNSPECIFIED.,.F.,.F.,(4,1,1,1,1,1,1,4),(21.9911485751285,
22.5812169607119,23.5738693055149,24.5665216503179,25.5591739951209,26.5518263399239,
27.544478684727,28.274333882308),.UNSPECIFIED.);
#451=B_SPLINE_CURVE_WITH_KNOTS('',3,(#4835,#4836,#4837,#4838,#4839),
 .UNSPECIFIED.,.F.,.F.,(4,1,4),(14.6399982022878,15.6326505470908,15.7079632679489),
 .UNSPECIFIED.);
#452=B_SPLINE_CURVE_WITH_KNOTS('',3,(#4842,#4843,#4844,#4845,#4846,#4847),
 .UNSPECIFIED.,.F.,.F.,(4,1,1,4),(13.6343356800202,13.9074137697891,14.9000661145921,
15.7079632679489),.UNSPECIFIED.);
#453=B_SPLINE_CURVE_WITH_KNOTS('',3,(#4849,#4850,#4851,#4852,#4853,#4854,
#4855,#4856,#4857,#4858,#4859),.UNSPECIFIED.,.F.,.F.,(4,1,1,1,1,1,1,1,4),
(15.7079632679489,15.8927184593951,16.8853708041982,17.8780231490012,18.8706754938042,
19.8633278386072,20.8559801834102,21.8486325282132,21.9911485751285),
 .UNSPECIFIED.);
#454=B_SPLINE_CURVE_WITH_KNOTS('',3,(#4860,#4861,#4862,#4863,#4864,#4865,
#4866,#4867,#4868,#4869),.UNSPECIFIED.,.F.,.F.,(4,1,1,1,1,1,1,4),(15.7079632679489,
16.6253028918938,17.6179552366968,18.6106075814998,19.6032599263028,20.5959122711059,
21.5885646159089,21.9911485751285),.UNSPECIFIED.);
#455=B_SPLINE_CURVE_WITH_KNOTS('',3,(#5294,#5295,#5296,#5297,#5298,#5299,
#5300,#5301,#5302,#5303,#5304,#5305,#5306,#5307,#5308,#5309,#5310,#5311,
#5312,#5313,#5314,#5315,#5316,#5317,#5318,#5319,#5320,#5321,#5322,#5323,
#5324,#5325,#5326,#5327,#5328,#5329,#5330,#5331,#5332,#5333),
 .UNSPECIFIED.,.F.,.F.,(4,3,3,3,3,3,3,3,3,3,3,3,3,4),(-0.326867331054369,
-0.293418985410917,-0.270350457277376,-0.24861414216398,-0.214559722897201,
-0.194637327807278,-0.160205086488515,-0.139314768467289,-0.129843222775072,
-0.0973824170813041,-0.0750433726630821,-0.0565440280696933,-0.0120110597903827,
0.),.UNSPECIFIED.);
#456=B_SPLINE_CURVE_WITH_KNOTS('',3,(#5334,#5335,#5336,#5337,#5338,#5339,
#5340,#5341,#5342,#5343,#5344,#5345,#5346,#5347,#5348,#5349,#5350,#5351,
#5352,#5353,#5354,#5355,#5356,#5357,#5358,#5359,#5360,#5361,#5362,#5363,
#5364,#5365,#5366,#5367,#5368,#5369,#5370),.UNSPECIFIED.,.F.,.F.,(4,3,3,
3,3,3,3,3,3,3,3,3,4),(0.,0.0433524091862537,0.0638228763413252,0.0790712889122851,
0.118207907280047,0.136905599105879,0.156226909005818,0.181986587520993,
0.211822901816659,0.231978934016854,0.264649311482384,0.283662991531132,
0.326867331054408),.UNSPECIFIED.);
#457=B_SPLINE_CURVE_WITH_KNOTS('',3,(#5371,#5372,#5373,#5374,#5375,#5376,
#5377,#5378,#5379,#5380,#5381,#5382,#5383,#5384,#5385,#5386,#5387,#5388,
#5389,#5390,#5391,#5392,#5393,#5394,#5395),.UNSPECIFIED.,.F.,.F.,(4,3,3,
3,3,3,3,3,4),(-10.0690394949454,-9.92652344803014,-8.93387110322713,-7.94121875842412,
-6.9485664136211,-5.95591406881809,-4.96326172401507,-3.97060937921206,
-3.78585418776581),.UNSPECIFIED.);
#458=B_SPLINE_CURVE_WITH_KNOTS('',3,(#5820,#5821,#5822,#5823,#5824,#5825,
#5826,#5827,#5828,#5829,#5830,#5831,#5832,#5833,#5834,#5835,#5836,#5837,
#5838,#5839,#5840,#5841,#5842,#5843,#5844,#5845,#5846,#5847,#5848,#5849,
#5850,#5851,#5852,#5853,#5854,#5855,#5856),.UNSPECIFIED.,.F.,.F.,(4,3,3,
3,3,3,3,3,3,3,3,3,4),(-0.328226035497133,-0.292772316010216,-0.26503552330631,
-0.230823419026608,-0.211580544008934,-0.175371429538333,-0.157256316185642,
-0.145670747163793,-0.108536386688625,-0.0859307028397881,-0.0671968887067352,
-0.0161985027322721,0.),.UNSPECIFIED.);
#459=B_SPLINE_CURVE_WITH_KNOTS('',3,(#5857,#5858,#5859,#5860,#5861,#5862,
#5863,#5864,#5865,#5866,#5867,#5868,#5869,#5870,#5871,#5872,#5873,#5874,
#5875,#5876,#5877,#5878),.UNSPECIFIED.,.F.,.F.,(4,3,3,3,3,3,3,4),(7.35115037284064,
7.94121875842412,8.93387110322713,9.92652344803014,10.9191757928332,11.9118281376362,
12.9044804824392,13.6343356800202),.UNSPECIFIED.);
#460=B_SPLINE_CURVE_WITH_KNOTS('',3,(#5879,#5880,#5881,#5882,#5883,#5884,
#5885,#5886,#5887,#5888,#5889,#5890,#5891,#5892,#5893,#5894,#5895,#5896,
#5897,#5898,#5899,#5900,#5901,#5902,#5903,#5904,#5905,#5906,#5907,#5908,
#5909,#5910,#5911,#5912),.UNSPECIFIED.,.F.,.F.,(4,3,3,3,3,3,3,3,3,3,3,4),
(0.,0.0495098407597779,0.0742445489572078,0.0920852072321864,0.14083308566348,
0.158388936800963,0.198039363039112,0.227698979122885,0.246721209176993,
0.273147334412614,0.293064925929322,0.328226035497142),.UNSPECIFIED.);
#461=B_SPLINE_CURVE_WITH_KNOTS('',3,(#5916,#5917,#5918,#5919,#5920,#5921,
#5922,#5923,#5924,#5925,#5926),.UNSPECIFIED.,.F.,.F.,(4,1,1,1,1,1,1,1,4),
(15.7079632679489,15.8927184593951,16.8853708041982,17.8780231490012,18.8706754938042,
19.8633278386072,20.8559801834102,21.8486325282132,21.9911485751285),
 .UNSPECIFIED.);
#462=B_SPLINE_CURVE_WITH_KNOTS('',3,(#5927,#5928,#5929,#5930,#5931,#5932,
#5933,#5934,#5935,#5936),.UNSPECIFIED.,.F.,.F.,(4,1,1,1,1,1,1,4),(15.7079632679489,
16.6253028918938,17.6179552366968,18.6106075814998,19.6032599263028,20.5959122711059,
21.5885646159089,21.9911485751285),.UNSPECIFIED.);
#463=B_SPLINE_CURVE_WITH_KNOTS('',3,(#6361,#6362,#6363,#6364,#6365,#6366,
#6367,#6368,#6369,#6370,#6371,#6372,#6373,#6374,#6375,#6376,#6377,#6378,
#6379,#6380,#6381,#6382,#6383,#6384,#6385,#6386,#6387,#6388,#6389,#6390,
#6391,#6392,#6393,#6394,#6395,#6396,#6397,#6398,#6399,#6400),
 .UNSPECIFIED.,.F.,.F.,(4,3,3,3,3,3,3,3,3,3,3,3,3,4),(-0.32686733105433,
-0.293418975317327,-0.270350774080626,-0.248614275451943,-0.214560637143014,
-0.194637647429216,-0.160205474351507,-0.139315617948757,-0.129843222775063,
-0.0973824170812974,-0.0750432403835793,-0.0565439517040395,-0.0120106688435266,
0.),.UNSPECIFIED.);
#464=B_SPLINE_CURVE_WITH_KNOTS('',3,(#6401,#6402,#6403,#6404,#6405,#6406,
#6407,#6408,#6409,#6410,#6411,#6412,#6413,#6414,#6415,#6416,#6417,#6418,
#6419,#6420,#6421,#6422,#6423,#6424,#6425,#6426,#6427,#6428,#6429,#6430,
#6431,#6432,#6433,#6434,#6435,#6436,#6437),.UNSPECIFIED.,.F.,.F.,(4,3,3,
3,3,3,3,3,3,3,3,3,4),(0.,0.0433513356087154,0.0638198260229915,0.0790679134012369,
0.118200377032125,0.136858901680792,0.156219173450385,0.181986587520972,
0.211824089817138,0.231979196042109,0.264650917724627,0.283665422255654,
0.326867331054365),.UNSPECIFIED.);
#465=B_SPLINE_CURVE_WITH_KNOTS('',3,(#6438,#6439,#6440,#6441,#6442,#6443,
#6444,#6445,#6446,#6447,#6448,#6449,#6450,#6451,#6452,#6453,#6454,#6455,
#6456,#6457,#6458,#6459,#6460,#6461,#6462),.UNSPECIFIED.,.F.,.F.,(4,3,3,
3,3,3,3,3,4),(-10.0690394949454,-9.92652344803015,-8.93387110322713,-7.94121875842412,
-6.9485664136211,-5.95591406881809,-4.96326172401507,-3.97060937921206,
-3.78585418776581),.UNSPECIFIED.);
#466=B_SPLINE_CURVE_WITH_KNOTS('',3,(#6887,#6888,#6889,#6890,#6891,#6892,
#6893,#6894,#6895,#6896,#6897,#6898,#6899,#6900,#6901,#6902,#6903,#6904,
#6905,#6906,#6907,#6908,#6909,#6910,#6911,#6912,#6913,#6914,#6915,#6916,
#6917,#6918,#6919,#6920,#6921,#6922,#6923),.UNSPECIFIED.,.F.,.F.,(4,3,3,
3,3,3,3,3,3,3,3,3,4),(-0.328226035497178,-0.292773689988363,-0.265035589773247,
-0.230823501676106,-0.211580818610064,-0.175371646503283,-0.157256748422869,
-0.145670747163809,-0.108536394105871,-0.0859303309067598,-0.0671966615585361,
-0.0161981496974123,0.),.UNSPECIFIED.);
#467=B_SPLINE_CURVE_WITH_KNOTS('',3,(#6924,#6925,#6926,#6927,#6928,#6929,
#6930,#6931,#6932,#6933,#6934,#6935,#6936,#6937,#6938,#6939,#6940,#6941,
#6942,#6943,#6944,#6945),.UNSPECIFIED.,.F.,.F.,(4,3,3,3,3,3,3,4),(7.35115037284062,
7.94121875842411,8.93387110322713,9.92652344803014,10.9191757928332,11.9118281376362,
12.9044804824392,13.6343356800202),.UNSPECIFIED.);
#468=B_SPLINE_CURVE_WITH_KNOTS('',3,(#6946,#6947,#6948,#6949,#6950,#6951,
#6952,#6953,#6954,#6955,#6956,#6957,#6958,#6959,#6960,#6961,#6962,#6963,
#6964,#6965,#6966,#6967,#6968,#6969,#6970,#6971,#6972,#6973,#6974,#6975,
#6976,#6977,#6978,#6979),.UNSPECIFIED.,.F.,.F.,(4,3,3,3,3,3,3,3,3,3,3,4),
(0.,0.0495098407597801,0.0742648116059119,0.0921022628822974,0.14084950750935,
0.158416418526642,0.198039363039121,0.227695297760516,0.246720604429169,
0.273144487813099,0.293063100041175,0.328226035497165),.UNSPECIFIED.);
#469=LINE('',#2547,#569);
#470=LINE('',#2571,#570);
#471=LINE('',#2619,#571);
#472=LINE('',#2670,#572);
#473=LINE('',#2721,#573);
#474=LINE('',#2769,#574);
#475=LINE('',#2820,#575);
#476=LINE('',#2871,#576);
#477=LINE('',#2919,#577);
#478=LINE('',#2970,#578);
#479=LINE('',#3021,#579);
#480=LINE('',#3069,#580);
#481=LINE('',#3120,#581);
#482=LINE('',#3171,#582);
#483=LINE('',#3219,#583);
#484=LINE('',#3270,#584);
#485=LINE('',#3312,#585);
#486=LINE('',#3336,#586);
#487=LINE('',#3361,#587);
#488=LINE('',#3385,#588);
#489=LINE('',#3410,#589);
#490=LINE('',#3435,#590);
#491=LINE('',#3459,#591);
#492=LINE('',#3484,#592);
#493=LINE('',#3509,#593);
#494=LINE('',#3533,#594);
#495=LINE('',#3558,#595);
#496=LINE('',#3583,#596);
#497=LINE('',#3607,#597);
#498=LINE('',#3632,#598);
#499=LINE('',#3657,#599);
#500=LINE('',#3681,#600);
#501=LINE('',#3699,#601);
#502=LINE('',#3723,#602);
#503=LINE('',#3771,#603);
#504=LINE('',#3822,#604);
#505=LINE('',#3873,#605);
#506=LINE('',#3921,#606);
#507=LINE('',#3972,#607);
#508=LINE('',#4023,#608);
#509=LINE('',#4071,#609);
#510=LINE('',#4122,#610);
#511=LINE('',#4173,#611);
#512=LINE('',#4221,#612);
#513=LINE('',#4272,#613);
#514=LINE('',#4323,#614);
#515=LINE('',#4371,#615);
#516=LINE('',#4422,#616);
#517=LINE('',#4464,#617);
#518=LINE('',#4488,#618);
#519=LINE('',#4513,#619);
#520=LINE('',#4537,#620);
#521=LINE('',#4562,#621);
#522=LINE('',#4587,#622);
#523=LINE('',#4611,#623);
#524=LINE('',#4636,#624);
#525=LINE('',#4661,#625);
#526=LINE('',#4685,#626);
#527=LINE('',#4710,#627);
#528=LINE('',#4735,#628);
#529=LINE('',#4759,#629);
#530=LINE('',#4784,#630);
#531=LINE('',#4809,#631);
#532=LINE('',#4833,#632);
#533=LINE('',#7003,#633);
#534=LINE('',#7004,#634);
#535=LINE('',#7015,#635);
#536=LINE('',#7016,#636);
#537=LINE('',#7035,#637);
#538=LINE('',#7036,#638);
#539=LINE('',#7055,#639);
#540=LINE('',#7056,#640);
#541=LINE('',#7067,#641);
#542=LINE('',#7068,#642);
#543=LINE('',#7084,#643);
#544=LINE('',#7085,#644);
#545=LINE('',#7088,#645);
#546=LINE('',#7090,#646);
#547=LINE('',#7091,#647);
#548=LINE('',#7094,#648);
#549=LINE('',#7098,#649);
#550=LINE('',#7099,#650);
#551=LINE('',#7102,#651);
#552=LINE('',#7106,#652);
#553=LINE('',#7107,#653);
#554=LINE('',#7110,#654);
#555=LINE('',#7117,#655);
#556=LINE('',#7120,#656);
#557=LINE('',#7139,#657);
#558=LINE('',#7140,#658);
#559=LINE('',#7151,#659);
#560=LINE('',#7152,#660);
#561=LINE('',#7169,#661);
#562=LINE('',#7185,#662);
#563=LINE('',#7193,#663);
#564=LINE('',#7205,#664);
#565=LINE('',#7207,#665);
#566=LINE('',#7209,#666);
#567=LINE('',#7211,#667);
#568=LINE('',#7213,#668);
#569=VECTOR('',#2133,0.0675);
#570=VECTOR('',#2138,0.0675);
#571=VECTOR('',#2141,0.0675);
#572=VECTOR('',#2144,0.0675);
#573=VECTOR('',#2147,0.0675);
#574=VECTOR('',#2150,0.0675);
#575=VECTOR('',#2153,0.0675);
#576=VECTOR('',#2156,0.0675);
#577=VECTOR('',#2159,0.0675);
#578=VECTOR('',#2162,0.0675);
#579=VECTOR('',#2165,0.0675);
#580=VECTOR('',#2168,0.0675);
#581=VECTOR('',#2171,0.0675);
#582=VECTOR('',#2174,0.0675);
#583=VECTOR('',#2177,0.0675);
#584=VECTOR('',#2180,0.0675);
#585=VECTOR('',#2185,0.0819999999999997);
#586=VECTOR('',#2190,0.0819999999999997);
#587=VECTOR('',#2193,0.0819999999999997);
#588=VECTOR('',#2196,0.0819999999999997);
#589=VECTOR('',#2199,0.0819999999999997);
#590=VECTOR('',#2202,0.0819999999999997);
#591=VECTOR('',#2205,0.0819999999999997);
#592=VECTOR('',#2208,0.0819999999999997);
#593=VECTOR('',#2211,0.0819999999999997);
#594=VECTOR('',#2214,0.0819999999999997);
#595=VECTOR('',#2217,0.0819999999999997);
#596=VECTOR('',#2220,0.0819999999999997);
#597=VECTOR('',#2223,0.0819999999999997);
#598=VECTOR('',#2226,0.0819999999999997);
#599=VECTOR('',#2229,0.0819999999999997);
#600=VECTOR('',#2232,0.0819999999999997);
#601=VECTOR('',#2237,0.0675);
#602=VECTOR('',#2242,0.0675);
#603=VECTOR('',#2245,0.0675);
#604=VECTOR('',#2248,0.0675);
#605=VECTOR('',#2251,0.0675);
#606=VECTOR('',#2254,0.0675);
#607=VECTOR('',#2257,0.0675);
#608=VECTOR('',#2260,0.0675);
#609=VECTOR('',#2263,0.0675);
#610=VECTOR('',#2266,0.0675);
#611=VECTOR('',#2269,0.0675);
#612=VECTOR('',#2272,0.0675);
#613=VECTOR('',#2275,0.0675);
#614=VECTOR('',#2278,0.0675);
#615=VECTOR('',#2281,0.0675);
#616=VECTOR('',#2284,0.0675);
#617=VECTOR('',#2289,0.0819999999999999);
#618=VECTOR('',#2294,0.0819999999999999);
#619=VECTOR('',#2297,0.0819999999999999);
#620=VECTOR('',#2300,0.0819999999999999);
#621=VECTOR('',#2303,0.0819999999999999);
#622=VECTOR('',#2306,0.0819999999999999);
#623=VECTOR('',#2309,0.0819999999999999);
#624=VECTOR('',#2312,0.0819999999999999);
#625=VECTOR('',#2315,0.0819999999999999);
#626=VECTOR('',#2318,0.0819999999999999);
#627=VECTOR('',#2321,0.0819999999999999);
#628=VECTOR('',#2324,0.0819999999999999);
#629=VECTOR('',#2327,0.0819999999999999);
#630=VECTOR('',#2330,0.0819999999999999);
#631=VECTOR('',#2333,0.0819999999999999);
#632=VECTOR('',#2336,0.0819999999999999);
#633=VECTOR('',#2363,0.393700787401575);
#634=VECTOR('',#2364,0.393700787401575);
#635=VECTOR('',#2377,0.393700787401575);
#636=VECTOR('',#2378,0.393700787401575);
#637=VECTOR('',#2389,0.393700787401575);
#638=VECTOR('',#2390,0.393700787401575);
#639=VECTOR('',#2401,0.393700787401575);
#640=VECTOR('',#2402,0.393700787401575);
#641=VECTOR('',#2415,0.393700787401575);
#642=VECTOR('',#2416,0.393700787401575);
#643=VECTOR('',#2425,0.393700787401575);
#644=VECTOR('',#2426,0.393700787401575);
#645=VECTOR('',#2429,0.393700787401575);
#646=VECTOR('',#2430,0.393700787401575);
#647=VECTOR('',#2431,0.393700787401575);
#648=VECTOR('',#2434,0.393700787401575);
#649=VECTOR('',#2439,0.393700787401575);
#650=VECTOR('',#2440,0.393700787401575);
#651=VECTOR('',#2443,0.393700787401575);
#652=VECTOR('',#2448,0.393700787401575);
#653=VECTOR('',#2449,0.393700787401575);
#654=VECTOR('',#2452,0.393700787401575);
#655=VECTOR('',#2461,0.393700787401575);
#656=VECTOR('',#2464,0.393700787401575);
#657=VECTOR('',#2475,0.393700787401575);
#658=VECTOR('',#2476,0.393700787401575);
#659=VECTOR('',#2489,0.393700787401575);
#660=VECTOR('',#2490,0.393700787401575);
#661=VECTOR('',#2501,0.393700787401575);
#662=VECTOR('',#2510,0.393700787401575);
#663=VECTOR('',#2521,0.393700787401575);
#664=VECTOR('',#2526,0.393700787401575);
#665=VECTOR('',#2529,0.393700787401575);
#666=VECTOR('',#2532,0.393700787401575);
#667=VECTOR('',#2535,0.393700787401575);
#668=VECTOR('',#2538,0.393700787401575);
#669=VERTEX_POINT('',#2545);
#670=VERTEX_POINT('',#2546);
#671=VERTEX_POINT('',#2548);
#672=VERTEX_POINT('',#2553);
#673=VERTEX_POINT('',#2569);
#674=VERTEX_POINT('',#2570);
#675=VERTEX_POINT('',#2617);
#676=VERTEX_POINT('',#2618);
#677=VERTEX_POINT('',#2668);
#678=VERTEX_POINT('',#2669);
#679=VERTEX_POINT('',#2719);
#680=VERTEX_POINT('',#2720);
#681=VERTEX_POINT('',#2767);
#682=VERTEX_POINT('',#2768);
#683=VERTEX_POINT('',#2818);
#684=VERTEX_POINT('',#2819);
#685=VERTEX_POINT('',#2869);
#686=VERTEX_POINT('',#2870);
#687=VERTEX_POINT('',#2917);
#688=VERTEX_POINT('',#2918);
#689=VERTEX_POINT('',#2968);
#690=VERTEX_POINT('',#2969);
#691=VERTEX_POINT('',#3019);
#692=VERTEX_POINT('',#3020);
#693=VERTEX_POINT('',#3067);
#694=VERTEX_POINT('',#3068);
#695=VERTEX_POINT('',#3118);
#696=VERTEX_POINT('',#3119);
#697=VERTEX_POINT('',#3169);
#698=VERTEX_POINT('',#3170);
#699=VERTEX_POINT('',#3217);
#700=VERTEX_POINT('',#3218);
#701=VERTEX_POINT('',#3268);
#702=VERTEX_POINT('',#3269);
#703=VERTEX_POINT('',#3271);
#704=VERTEX_POINT('',#3285);
#705=VERTEX_POINT('',#3310);
#706=VERTEX_POINT('',#3311);
#707=VERTEX_POINT('',#3313);
#708=VERTEX_POINT('',#3322);
#709=VERTEX_POINT('',#3334);
#710=VERTEX_POINT('',#3335);
#711=VERTEX_POINT('',#3359);
#712=VERTEX_POINT('',#3360);
#713=VERTEX_POINT('',#3383);
#714=VERTEX_POINT('',#3384);
#715=VERTEX_POINT('',#3408);
#716=VERTEX_POINT('',#3409);
#717=VERTEX_POINT('',#3433);
#718=VERTEX_POINT('',#3434);
#719=VERTEX_POINT('',#3457);
#720=VERTEX_POINT('',#3458);
#721=VERTEX_POINT('',#3482);
#722=VERTEX_POINT('',#3483);
#723=VERTEX_POINT('',#3507);
#724=VERTEX_POINT('',#3508);
#725=VERTEX_POINT('',#3531);
#726=VERTEX_POINT('',#3532);
#727=VERTEX_POINT('',#3556);
#728=VERTEX_POINT('',#3557);
#729=VERTEX_POINT('',#3581);
#730=VERTEX_POINT('',#3582);
#731=VERTEX_POINT('',#3605);
#732=VERTEX_POINT('',#3606);
#733=VERTEX_POINT('',#3630);
#734=VERTEX_POINT('',#3631);
#735=VERTEX_POINT('',#3655);
#736=VERTEX_POINT('',#3656);
#737=VERTEX_POINT('',#3679);
#738=VERTEX_POINT('',#3680);
#739=VERTEX_POINT('',#3682);
#740=VERTEX_POINT('',#3688);
#741=VERTEX_POINT('',#3697);
#742=VERTEX_POINT('',#3698);
#743=VERTEX_POINT('',#3700);
#744=VERTEX_POINT('',#3705);
#745=VERTEX_POINT('',#3721);
#746=VERTEX_POINT('',#3722);
#747=VERTEX_POINT('',#3769);
#748=VERTEX_POINT('',#3770);
#749=VERTEX_POINT('',#3820);
#750=VERTEX_POINT('',#3821);
#751=VERTEX_POINT('',#3871);
#752=VERTEX_POINT('',#3872);
#753=VERTEX_POINT('',#3919);
#754=VERTEX_POINT('',#3920);
#755=VERTEX_POINT('',#3970);
#756=VERTEX_POINT('',#3971);
#757=VERTEX_POINT('',#4021);
#758=VERTEX_POINT('',#4022);
#759=VERTEX_POINT('',#4069);
#760=VERTEX_POINT('',#4070);
#761=VERTEX_POINT('',#4120);
#762=VERTEX_POINT('',#4121);
#763=VERTEX_POINT('',#4171);
#764=VERTEX_POINT('',#4172);
#765=VERTEX_POINT('',#4219);
#766=VERTEX_POINT('',#4220);
#767=VERTEX_POINT('',#4270);
#768=VERTEX_POINT('',#4271);
#769=VERTEX_POINT('',#4321);
#770=VERTEX_POINT('',#4322);
#771=VERTEX_POINT('',#4369);
#772=VERTEX_POINT('',#4370);
#773=VERTEX_POINT('',#4420);
#774=VERTEX_POINT('',#4421);
#775=VERTEX_POINT('',#4423);
#776=VERTEX_POINT('',#4437);
#777=VERTEX_POINT('',#4462);
#778=VERTEX_POINT('',#4463);
#779=VERTEX_POINT('',#4465);
#780=VERTEX_POINT('',#4474);
#781=VERTEX_POINT('',#4486);
#782=VERTEX_POINT('',#4487);
#783=VERTEX_POINT('',#4511);
#784=VERTEX_POINT('',#4512);
#785=VERTEX_POINT('',#4535);
#786=VERTEX_POINT('',#4536);
#787=VERTEX_POINT('',#4560);
#788=VERTEX_POINT('',#4561);
#789=VERTEX_POINT('',#4585);
#790=VERTEX_POINT('',#4586);
#791=VERTEX_POINT('',#4609);
#792=VERTEX_POINT('',#4610);
#793=VERTEX_POINT('',#4634);
#794=VERTEX_POINT('',#4635);
#795=VERTEX_POINT('',#4659);
#796=VERTEX_POINT('',#4660);
#797=VERTEX_POINT('',#4683);
#798=VERTEX_POINT('',#4684);
#799=VERTEX_POINT('',#4708);
#800=VERTEX_POINT('',#4709);
#801=VERTEX_POINT('',#4733);
#802=VERTEX_POINT('',#4734);
#803=VERTEX_POINT('',#4757);
#804=VERTEX_POINT('',#4758);
#805=VERTEX_POINT('',#4782);
#806=VERTEX_POINT('',#4783);
#807=VERTEX_POINT('',#4807);
#808=VERTEX_POINT('',#4808);
#809=VERTEX_POINT('',#4831);
#810=VERTEX_POINT('',#4832);
#811=VERTEX_POINT('',#4834);
#812=VERTEX_POINT('',#4840);
#813=VERTEX_POINT('',#6991);
#814=VERTEX_POINT('',#6992);
#815=VERTEX_POINT('',#6994);
#816=VERTEX_POINT('',#6996);
#817=VERTEX_POINT('',#7000);
#818=VERTEX_POINT('',#7001);
#819=VERTEX_POINT('',#7006);
#820=VERTEX_POINT('',#7007);
#821=VERTEX_POINT('',#7012);
#822=VERTEX_POINT('',#7013);
#823=VERTEX_POINT('',#7026);
#824=VERTEX_POINT('',#7027);
#825=VERTEX_POINT('',#7032);
#826=VERTEX_POINT('',#7033);
#827=VERTEX_POINT('',#7046);
#828=VERTEX_POINT('',#7047);
#829=VERTEX_POINT('',#7052);
#830=VERTEX_POINT('',#7053);
#831=VERTEX_POINT('',#7058);
#832=VERTEX_POINT('',#7059);
#833=VERTEX_POINT('',#7064);
#834=VERTEX_POINT('',#7065);
#835=VERTEX_POINT('',#7078);
#836=VERTEX_POINT('',#7079);
#837=VERTEX_POINT('',#7087);
#838=VERTEX_POINT('',#7089);
#839=VERTEX_POINT('',#7093);
#840=VERTEX_POINT('',#7097);
#841=VERTEX_POINT('',#7101);
#842=VERTEX_POINT('',#7105);
#843=VERTEX_POINT('',#7109);
#844=VERTEX_POINT('',#7114);
#845=VERTEX_POINT('',#7116);
#846=VERTEX_POINT('',#7118);
#847=VERTEX_POINT('',#7130);
#848=VERTEX_POINT('',#7131);
#849=VERTEX_POINT('',#7136);
#850=VERTEX_POINT('',#7137);
#851=VERTEX_POINT('',#7142);
#852=VERTEX_POINT('',#7143);
#853=VERTEX_POINT('',#7148);
#854=VERTEX_POINT('',#7149);
#855=VERTEX_POINT('',#7162);
#856=VERTEX_POINT('',#7167);
#857=VERTEX_POINT('',#7179);
#858=VERTEX_POINT('',#7183);
#859=VERTEX_POINT('',#7187);
#860=VERTEX_POINT('',#7191);
#861=EDGE_CURVE('',#669,#670,#469,.T.);
#862=EDGE_CURVE('',#670,#671,#325,.T.);
#863=EDGE_CURVE('',#671,#672,#269,.F.);
#864=EDGE_CURVE('',#672,#669,#326,.T.);
#865=EDGE_CURVE('',#673,#674,#470,.T.);
#866=EDGE_CURVE('',#674,#670,#327,.T.);
#867=EDGE_CURVE('',#669,#673,#328,.T.);
#868=EDGE_CURVE('',#675,#676,#471,.T.);
#869=EDGE_CURVE('',#676,#674,#329,.T.);
#870=EDGE_CURVE('',#673,#675,#330,.T.);
#871=EDGE_CURVE('',#677,#678,#472,.T.);
#872=EDGE_CURVE('',#678,#676,#331,.T.);
#873=EDGE_CURVE('',#675,#677,#332,.T.);
#874=EDGE_CURVE('',#679,#680,#473,.T.);
#875=EDGE_CURVE('',#680,#678,#333,.T.);
#876=EDGE_CURVE('',#677,#679,#334,.T.);
#877=EDGE_CURVE('',#681,#682,#474,.T.);
#878=EDGE_CURVE('',#682,#680,#335,.T.);
#879=EDGE_CURVE('',#679,#681,#336,.T.);
#880=EDGE_CURVE('',#683,#684,#475,.T.);
#881=EDGE_CURVE('',#684,#682,#337,.T.);
#882=EDGE_CURVE('',#681,#683,#338,.T.);
#883=EDGE_CURVE('',#685,#686,#476,.T.);
#884=EDGE_CURVE('',#686,#684,#339,.T.);
#885=EDGE_CURVE('',#683,#685,#340,.T.);
#886=EDGE_CURVE('',#687,#688,#477,.T.);
#887=EDGE_CURVE('',#688,#686,#341,.T.);
#888=EDGE_CURVE('',#685,#687,#342,.T.);
#889=EDGE_CURVE('',#689,#690,#478,.T.);
#890=EDGE_CURVE('',#690,#688,#343,.T.);
#891=EDGE_CURVE('',#687,#689,#344,.T.);
#892=EDGE_CURVE('',#691,#692,#479,.T.);
#893=EDGE_CURVE('',#692,#690,#345,.T.);
#894=EDGE_CURVE('',#689,#691,#346,.T.);
#895=EDGE_CURVE('',#693,#694,#480,.T.);
#896=EDGE_CURVE('',#694,#692,#347,.T.);
#897=EDGE_CURVE('',#691,#693,#348,.T.);
#898=EDGE_CURVE('',#695,#696,#481,.T.);
#899=EDGE_CURVE('',#696,#694,#349,.T.);
#900=EDGE_CURVE('',#693,#695,#350,.T.);
#901=EDGE_CURVE('',#697,#698,#482,.T.);
#902=EDGE_CURVE('',#698,#696,#351,.T.);
#903=EDGE_CURVE('',#695,#697,#352,.T.);
#904=EDGE_CURVE('',#699,#700,#483,.T.);
#905=EDGE_CURVE('',#700,#698,#353,.T.);
#906=EDGE_CURVE('',#697,#699,#354,.T.);
#907=EDGE_CURVE('',#701,#702,#484,.T.);
#908=EDGE_CURVE('',#701,#703,#355,.T.);
#909=EDGE_CURVE('',#704,#703,#270,.T.);
#910=EDGE_CURVE('',#704,#702,#356,.T.);
#911=EDGE_CURVE('',#705,#706,#485,.T.);
#912=EDGE_CURVE('',#706,#707,#357,.T.);
#913=EDGE_CURVE('',#708,#707,#271,.T.);
#914=EDGE_CURVE('',#705,#708,#358,.T.);
#915=EDGE_CURVE('',#709,#710,#486,.T.);
#916=EDGE_CURVE('',#710,#706,#359,.T.);
#917=EDGE_CURVE('',#709,#705,#360,.T.);
#918=EDGE_CURVE('',#711,#712,#487,.T.);
#919=EDGE_CURVE('',#712,#710,#361,.T.);
#920=EDGE_CURVE('',#711,#709,#362,.T.);
#921=EDGE_CURVE('',#713,#714,#488,.T.);
#922=EDGE_CURVE('',#714,#712,#363,.T.);
#923=EDGE_CURVE('',#713,#711,#364,.T.);
#924=EDGE_CURVE('',#715,#716,#489,.T.);
#925=EDGE_CURVE('',#716,#714,#365,.T.);
#926=EDGE_CURVE('',#715,#713,#366,.T.);
#927=EDGE_CURVE('',#717,#718,#490,.T.);
#928=EDGE_CURVE('',#718,#716,#367,.T.);
#929=EDGE_CURVE('',#717,#715,#368,.T.);
#930=EDGE_CURVE('',#719,#720,#491,.T.);
#931=EDGE_CURVE('',#720,#718,#369,.T.);
#932=EDGE_CURVE('',#719,#717,#370,.T.);
#933=EDGE_CURVE('',#721,#722,#492,.T.);
#934=EDGE_CURVE('',#722,#720,#371,.T.);
#935=EDGE_CURVE('',#721,#719,#372,.T.);
#936=EDGE_CURVE('',#723,#724,#493,.T.);
#937=EDGE_CURVE('',#724,#722,#373,.T.);
#938=EDGE_CURVE('',#723,#721,#374,.T.);
#939=EDGE_CURVE('',#725,#726,#494,.T.);
#940=EDGE_CURVE('',#726,#724,#375,.T.);
#941=EDGE_CURVE('',#725,#723,#376,.T.);
#942=EDGE_CURVE('',#727,#728,#495,.T.);
#943=EDGE_CURVE('',#728,#726,#377,.T.);
#944=EDGE_CURVE('',#727,#725,#378,.T.);
#945=EDGE_CURVE('',#729,#730,#496,.T.);
#946=EDGE_CURVE('',#730,#728,#379,.T.);
#947=EDGE_CURVE('',#729,#727,#380,.T.);
#948=EDGE_CURVE('',#731,#732,#497,.T.);
#949=EDGE_CURVE('',#732,#730,#381,.T.);
#950=EDGE_CURVE('',#731,#729,#382,.T.);
#951=EDGE_CURVE('',#733,#734,#498,.T.);
#952=EDGE_CURVE('',#734,#732,#383,.T.);
#953=EDGE_CURVE('',#733,#731,#384,.T.);
#954=EDGE_CURVE('',#735,#736,#499,.T.);
#955=EDGE_CURVE('',#736,#734,#385,.T.);
#956=EDGE_CURVE('',#735,#733,#386,.T.);
#957=EDGE_CURVE('',#737,#738,#500,.T.);
#958=EDGE_CURVE('',#739,#737,#387,.T.);
#959=EDGE_CURVE('',#740,#739,#272,.T.);
#960=EDGE_CURVE('',#740,#738,#388,.T.);
#961=EDGE_CURVE('',#741,#742,#501,.T.);
#962=EDGE_CURVE('',#742,#743,#389,.T.);
#963=EDGE_CURVE('',#743,#744,#273,.F.);
#964=EDGE_CURVE('',#744,#741,#390,.T.);
#965=EDGE_CURVE('',#745,#746,#502,.T.);
#966=EDGE_CURVE('',#746,#742,#391,.T.);
#967=EDGE_CURVE('',#741,#745,#392,.T.);
#968=EDGE_CURVE('',#747,#748,#503,.T.);
#969=EDGE_CURVE('',#748,#746,#393,.T.);
#970=EDGE_CURVE('',#745,#747,#394,.T.);
#971=EDGE_CURVE('',#749,#750,#504,.T.);
#972=EDGE_CURVE('',#750,#748,#395,.T.);
#973=EDGE_CURVE('',#747,#749,#396,.T.);
#974=EDGE_CURVE('',#751,#752,#505,.T.);
#975=EDGE_CURVE('',#752,#750,#397,.T.);
#976=EDGE_CURVE('',#749,#751,#398,.T.);
#977=EDGE_CURVE('',#753,#754,#506,.T.);
#978=EDGE_CURVE('',#754,#752,#399,.T.);
#979=EDGE_CURVE('',#751,#753,#400,.T.);
#980=EDGE_CURVE('',#755,#756,#507,.T.);
#981=EDGE_CURVE('',#756,#754,#401,.T.);
#982=EDGE_CURVE('',#753,#755,#402,.T.);
#983=EDGE_CURVE('',#757,#758,#508,.T.);
#984=EDGE_CURVE('',#758,#756,#403,.T.);
#985=EDGE_CURVE('',#755,#757,#404,.T.);
#986=EDGE_CURVE('',#759,#760,#509,.T.);
#987=EDGE_CURVE('',#760,#758,#405,.T.);
#988=EDGE_CURVE('',#757,#759,#406,.T.);
#989=EDGE_CURVE('',#761,#762,#510,.T.);
#990=EDGE_CURVE('',#762,#760,#407,.T.);
#991=EDGE_CURVE('',#759,#761,#408,.T.);
#992=EDGE_CURVE('',#763,#764,#511,.T.);
#993=EDGE_CURVE('',#764,#762,#409,.T.);
#994=EDGE_CURVE('',#761,#763,#410,.T.);
#995=EDGE_CURVE('',#765,#766,#512,.T.);
#996=EDGE_CURVE('',#766,#764,#411,.T.);
#997=EDGE_CURVE('',#763,#765,#412,.T.);
#998=EDGE_CURVE('',#767,#768,#513,.T.);
#999=EDGE_CURVE('',#768,#766,#413,.T.);
#1000=EDGE_CURVE('',#765,#767,#414,.T.);
#1001=EDGE_CURVE('',#769,#770,#514,.T.);
#1002=EDGE_CURVE('',#770,#768,#415,.T.);
#1003=EDGE_CURVE('',#767,#769,#416,.T.);
#1004=EDGE_CURVE('',#771,#772,#515,.T.);
#1005=EDGE_CURVE('',#772,#770,#417,.T.);
#1006=EDGE_CURVE('',#769,#771,#418,.T.);
#1007=EDGE_CURVE('',#773,#774,#516,.T.);
#1008=EDGE_CURVE('',#773,#775,#419,.T.);
#1009=EDGE_CURVE('',#776,#775,#274,.T.);
#1010=EDGE_CURVE('',#776,#774,#420,.T.);
#1011=EDGE_CURVE('',#777,#778,#517,.T.);
#1012=EDGE_CURVE('',#778,#779,#421,.T.);
#1013=EDGE_CURVE('',#780,#779,#275,.T.);
#1014=EDGE_CURVE('',#777,#780,#422,.T.);
#1015=EDGE_CURVE('',#781,#782,#518,.T.);
#1016=EDGE_CURVE('',#782,#778,#423,.T.);
#1017=EDGE_CURVE('',#781,#777,#424,.T.);
#1018=EDGE_CURVE('',#783,#784,#519,.T.);
#1019=EDGE_CURVE('',#784,#782,#425,.T.);
#1020=EDGE_CURVE('',#783,#781,#426,.T.);
#1021=EDGE_CURVE('',#785,#786,#520,.T.);
#1022=EDGE_CURVE('',#786,#784,#427,.T.);
#1023=EDGE_CURVE('',#785,#783,#428,.T.);
#1024=EDGE_CURVE('',#787,#788,#521,.T.);
#1025=EDGE_CURVE('',#788,#786,#429,.T.);
#1026=EDGE_CURVE('',#787,#785,#430,.T.);
#1027=EDGE_CURVE('',#789,#790,#522,.T.);
#1028=EDGE_CURVE('',#790,#788,#431,.T.);
#1029=EDGE_CURVE('',#789,#787,#432,.T.);
#1030=EDGE_CURVE('',#791,#792,#523,.T.);
#1031=EDGE_CURVE('',#792,#790,#433,.T.);
#1032=EDGE_CURVE('',#791,#789,#434,.T.);
#1033=EDGE_CURVE('',#793,#794,#524,.T.);
#1034=EDGE_CURVE('',#794,#792,#435,.T.);
#1035=EDGE_CURVE('',#793,#791,#436,.T.);
#1036=EDGE_CURVE('',#795,#796,#525,.T.);
#1037=EDGE_CURVE('',#796,#794,#437,.T.);
#1038=EDGE_CURVE('',#795,#793,#438,.T.);
#1039=EDGE_CURVE('',#797,#798,#526,.T.);
#1040=EDGE_CURVE('',#798,#796,#439,.T.);
#1041=EDGE_CURVE('',#797,#795,#440,.T.);
#1042=EDGE_CURVE('',#799,#800,#527,.T.);
#1043=EDGE_CURVE('',#800,#798,#441,.T.);
#1044=EDGE_CURVE('',#799,#797,#442,.T.);
#1045=EDGE_CURVE('',#801,#802,#528,.T.);
#1046=EDGE_CURVE('',#802,#800,#443,.T.);
#1047=EDGE_CURVE('',#801,#799,#444,.T.);
#1048=EDGE_CURVE('',#803,#804,#529,.T.);
#1049=EDGE_CURVE('',#804,#802,#445,.T.);
#1050=EDGE_CURVE('',#803,#801,#446,.T.);
#1051=EDGE_CURVE('',#805,#806,#530,.T.);
#1052=EDGE_CURVE('',#806,#804,#447,.T.);
#1053=EDGE_CURVE('',#805,#803,#448,.T.);
#1054=EDGE_CURVE('',#807,#808,#531,.T.);
#1055=EDGE_CURVE('',#808,#806,#449,.T.);
#1056=EDGE_CURVE('',#807,#805,#450,.T.);
#1057=EDGE_CURVE('',#809,#810,#532,.T.);
#1058=EDGE_CURVE('',#811,#809,#451,.T.);
#1059=EDGE_CURVE('',#812,#811,#276,.T.);
#1060=EDGE_CURVE('',#812,#810,#452,.T.);
#1061=EDGE_CURVE('',#810,#808,#453,.T.);
#1062=EDGE_CURVE('',#809,#807,#454,.T.);
#1063=EDGE_CURVE('',#779,#744,#455,.T.);
#1064=EDGE_CURVE('',#775,#812,#456,.T.);
#1065=EDGE_CURVE('',#771,#773,#457,.T.);
#1066=EDGE_CURVE('',#743,#780,#458,.T.);
#1067=EDGE_CURVE('',#774,#772,#459,.T.);
#1068=EDGE_CURVE('',#811,#776,#460,.T.);
#1069=EDGE_CURVE('',#738,#736,#461,.T.);
#1070=EDGE_CURVE('',#737,#735,#462,.T.);
#1071=EDGE_CURVE('',#707,#672,#463,.T.);
#1072=EDGE_CURVE('',#703,#740,#464,.T.);
#1073=EDGE_CURVE('',#699,#701,#465,.T.);
#1074=EDGE_CURVE('',#671,#708,#466,.T.);
#1075=EDGE_CURVE('',#702,#700,#467,.T.);
#1076=EDGE_CURVE('',#739,#704,#468,.T.);
#1077=EDGE_CURVE('',#813,#814,#277,.T.);
#1078=EDGE_CURVE('',#814,#815,#278,.T.);
#1079=EDGE_CURVE('',#815,#816,#279,.T.);
#1080=EDGE_CURVE('',#816,#813,#280,.T.);
#1081=EDGE_CURVE('',#817,#818,#281,.T.);
#1082=EDGE_CURVE('',#818,#816,#533,.T.);
#1083=EDGE_CURVE('',#815,#817,#534,.T.);
#1084=EDGE_CURVE('',#819,#820,#282,.T.);
#1085=EDGE_CURVE('',#820,#818,#283,.T.);
#1086=EDGE_CURVE('',#817,#819,#284,.T.);
#1087=EDGE_CURVE('',#821,#822,#285,.T.);
#1088=EDGE_CURVE('',#822,#820,#535,.T.);
#1089=EDGE_CURVE('',#819,#821,#536,.T.);
#1090=EDGE_CURVE('',#823,#824,#286,.T.);
#1091=EDGE_CURVE('',#824,#822,#287,.T.);
#1092=EDGE_CURVE('',#821,#823,#288,.T.);
#1093=EDGE_CURVE('',#825,#826,#289,.T.);
#1094=EDGE_CURVE('',#826,#824,#537,.T.);
#1095=EDGE_CURVE('',#823,#825,#538,.T.);
#1096=EDGE_CURVE('',#827,#828,#290,.T.);
#1097=EDGE_CURVE('',#828,#826,#291,.T.);
#1098=EDGE_CURVE('',#825,#827,#292,.T.);
#1099=EDGE_CURVE('',#829,#830,#293,.T.);
#1100=EDGE_CURVE('',#830,#828,#539,.T.);
#1101=EDGE_CURVE('',#827,#829,#540,.T.);
#1102=EDGE_CURVE('',#831,#832,#294,.T.);
#1103=EDGE_CURVE('',#832,#830,#295,.T.);
#1104=EDGE_CURVE('',#829,#831,#296,.T.);
#1105=EDGE_CURVE('',#833,#834,#297,.T.);
#1106=EDGE_CURVE('',#834,#832,#541,.T.);
#1107=EDGE_CURVE('',#831,#833,#542,.T.);
#1108=EDGE_CURVE('',#835,#836,#298,.T.);
#1109=EDGE_CURVE('',#836,#834,#299,.T.);
#1110=EDGE_CURVE('',#833,#835,#300,.T.);
#1111=EDGE_CURVE('',#835,#814,#543,.T.);
#1112=EDGE_CURVE('',#813,#836,#544,.T.);
#1113=EDGE_CURVE('',#823,#837,#545,.T.);
#1114=EDGE_CURVE('',#838,#837,#546,.T.);
#1115=EDGE_CURVE('',#825,#838,#547,.T.);
#1116=EDGE_CURVE('',#821,#839,#548,.T.);
#1117=EDGE_CURVE('',#837,#839,#301,.T.);
#1118=EDGE_CURVE('',#819,#840,#549,.T.);
#1119=EDGE_CURVE('',#839,#840,#550,.T.);
#1120=EDGE_CURVE('',#817,#841,#551,.T.);
#1121=EDGE_CURVE('',#840,#841,#302,.T.);
#1122=EDGE_CURVE('',#815,#842,#552,.T.);
#1123=EDGE_CURVE('',#841,#842,#553,.T.);
#1124=EDGE_CURVE('',#814,#843,#554,.T.);
#1125=EDGE_CURVE('',#842,#843,#303,.T.);
#1126=EDGE_CURVE('',#844,#843,#304,.T.);
#1127=EDGE_CURVE('',#843,#845,#555,.T.);
#1128=EDGE_CURVE('',#845,#846,#305,.T.);
#1129=EDGE_CURVE('',#846,#844,#556,.T.);
#1130=EDGE_CURVE('',#847,#848,#306,.T.);
#1131=EDGE_CURVE('',#848,#846,#307,.T.);
#1132=EDGE_CURVE('',#845,#847,#308,.T.);
#1133=EDGE_CURVE('',#849,#850,#309,.T.);
#1134=EDGE_CURVE('',#850,#848,#557,.T.);
#1135=EDGE_CURVE('',#847,#849,#558,.T.);
#1136=EDGE_CURVE('',#851,#852,#310,.T.);
#1137=EDGE_CURVE('',#852,#850,#311,.T.);
#1138=EDGE_CURVE('',#849,#851,#312,.T.);
#1139=EDGE_CURVE('',#853,#854,#313,.T.);
#1140=EDGE_CURVE('',#854,#852,#559,.T.);
#1141=EDGE_CURVE('',#851,#853,#560,.T.);
#1142=EDGE_CURVE('',#838,#855,#314,.T.);
#1143=EDGE_CURVE('',#855,#854,#315,.T.);
#1144=EDGE_CURVE('',#853,#838,#316,.T.);
#1145=EDGE_CURVE('',#837,#856,#317,.T.);
#1146=EDGE_CURVE('',#856,#855,#561,.T.);
#1147=EDGE_CURVE('',#839,#857,#318,.T.);
#1148=EDGE_CURVE('',#857,#856,#319,.T.);
#1149=EDGE_CURVE('',#840,#858,#320,.T.);
#1150=EDGE_CURVE('',#858,#857,#562,.T.);
#1151=EDGE_CURVE('',#841,#859,#321,.T.);
#1152=EDGE_CURVE('',#859,#858,#322,.T.);
#1153=EDGE_CURVE('',#842,#860,#323,.T.);
#1154=EDGE_CURVE('',#860,#859,#563,.T.);
#1155=EDGE_CURVE('',#844,#860,#324,.T.);
#1156=EDGE_CURVE('',#827,#853,#564,.T.);
#1157=EDGE_CURVE('',#829,#851,#565,.T.);
#1158=EDGE_CURVE('',#831,#849,#566,.T.);
#1159=EDGE_CURVE('',#833,#847,#567,.T.);
#1160=EDGE_CURVE('',#835,#845,#568,.T.);
#1161=ORIENTED_EDGE('',*,*,#861,.T.);
#1162=ORIENTED_EDGE('',*,*,#862,.T.);
#1163=ORIENTED_EDGE('',*,*,#863,.T.);
#1164=ORIENTED_EDGE('',*,*,#864,.T.);
#1165=ORIENTED_EDGE('',*,*,#865,.T.);
#1166=ORIENTED_EDGE('',*,*,#866,.T.);
#1167=ORIENTED_EDGE('',*,*,#861,.F.);
#1168=ORIENTED_EDGE('',*,*,#867,.T.);
#1169=ORIENTED_EDGE('',*,*,#868,.T.);
#1170=ORIENTED_EDGE('',*,*,#869,.T.);
#1171=ORIENTED_EDGE('',*,*,#865,.F.);
#1172=ORIENTED_EDGE('',*,*,#870,.T.);
#1173=ORIENTED_EDGE('',*,*,#871,.T.);
#1174=ORIENTED_EDGE('',*,*,#872,.T.);
#1175=ORIENTED_EDGE('',*,*,#868,.F.);
#1176=ORIENTED_EDGE('',*,*,#873,.T.);
#1177=ORIENTED_EDGE('',*,*,#874,.T.);
#1178=ORIENTED_EDGE('',*,*,#875,.T.);
#1179=ORIENTED_EDGE('',*,*,#871,.F.);
#1180=ORIENTED_EDGE('',*,*,#876,.T.);
#1181=ORIENTED_EDGE('',*,*,#877,.T.);
#1182=ORIENTED_EDGE('',*,*,#878,.T.);
#1183=ORIENTED_EDGE('',*,*,#874,.F.);
#1184=ORIENTED_EDGE('',*,*,#879,.T.);
#1185=ORIENTED_EDGE('',*,*,#880,.T.);
#1186=ORIENTED_EDGE('',*,*,#881,.T.);
#1187=ORIENTED_EDGE('',*,*,#877,.F.);
#1188=ORIENTED_EDGE('',*,*,#882,.T.);
#1189=ORIENTED_EDGE('',*,*,#883,.T.);
#1190=ORIENTED_EDGE('',*,*,#884,.T.);
#1191=ORIENTED_EDGE('',*,*,#880,.F.);
#1192=ORIENTED_EDGE('',*,*,#885,.T.);
#1193=ORIENTED_EDGE('',*,*,#886,.T.);
#1194=ORIENTED_EDGE('',*,*,#887,.T.);
#1195=ORIENTED_EDGE('',*,*,#883,.F.);
#1196=ORIENTED_EDGE('',*,*,#888,.T.);
#1197=ORIENTED_EDGE('',*,*,#889,.T.);
#1198=ORIENTED_EDGE('',*,*,#890,.T.);
#1199=ORIENTED_EDGE('',*,*,#886,.F.);
#1200=ORIENTED_EDGE('',*,*,#891,.T.);
#1201=ORIENTED_EDGE('',*,*,#892,.T.);
#1202=ORIENTED_EDGE('',*,*,#893,.T.);
#1203=ORIENTED_EDGE('',*,*,#889,.F.);
#1204=ORIENTED_EDGE('',*,*,#894,.T.);
#1205=ORIENTED_EDGE('',*,*,#895,.T.);
#1206=ORIENTED_EDGE('',*,*,#896,.T.);
#1207=ORIENTED_EDGE('',*,*,#892,.F.);
#1208=ORIENTED_EDGE('',*,*,#897,.T.);
#1209=ORIENTED_EDGE('',*,*,#898,.T.);
#1210=ORIENTED_EDGE('',*,*,#899,.T.);
#1211=ORIENTED_EDGE('',*,*,#895,.F.);
#1212=ORIENTED_EDGE('',*,*,#900,.T.);
#1213=ORIENTED_EDGE('',*,*,#901,.T.);
#1214=ORIENTED_EDGE('',*,*,#902,.T.);
#1215=ORIENTED_EDGE('',*,*,#898,.F.);
#1216=ORIENTED_EDGE('',*,*,#903,.T.);
#1217=ORIENTED_EDGE('',*,*,#904,.T.);
#1218=ORIENTED_EDGE('',*,*,#905,.T.);
#1219=ORIENTED_EDGE('',*,*,#901,.F.);
#1220=ORIENTED_EDGE('',*,*,#906,.T.);
#1221=ORIENTED_EDGE('',*,*,#907,.F.);
#1222=ORIENTED_EDGE('',*,*,#908,.T.);
#1223=ORIENTED_EDGE('',*,*,#909,.F.);
#1224=ORIENTED_EDGE('',*,*,#910,.T.);
#1225=ORIENTED_EDGE('',*,*,#911,.T.);
#1226=ORIENTED_EDGE('',*,*,#912,.T.);
#1227=ORIENTED_EDGE('',*,*,#913,.F.);
#1228=ORIENTED_EDGE('',*,*,#914,.F.);
#1229=ORIENTED_EDGE('',*,*,#915,.T.);
#1230=ORIENTED_EDGE('',*,*,#916,.T.);
#1231=ORIENTED_EDGE('',*,*,#911,.F.);
#1232=ORIENTED_EDGE('',*,*,#917,.F.);
#1233=ORIENTED_EDGE('',*,*,#918,.T.);
#1234=ORIENTED_EDGE('',*,*,#919,.T.);
#1235=ORIENTED_EDGE('',*,*,#915,.F.);
#1236=ORIENTED_EDGE('',*,*,#920,.F.);
#1237=ORIENTED_EDGE('',*,*,#921,.T.);
#1238=ORIENTED_EDGE('',*,*,#922,.T.);
#1239=ORIENTED_EDGE('',*,*,#918,.F.);
#1240=ORIENTED_EDGE('',*,*,#923,.F.);
#1241=ORIENTED_EDGE('',*,*,#924,.T.);
#1242=ORIENTED_EDGE('',*,*,#925,.T.);
#1243=ORIENTED_EDGE('',*,*,#921,.F.);
#1244=ORIENTED_EDGE('',*,*,#926,.F.);
#1245=ORIENTED_EDGE('',*,*,#927,.T.);
#1246=ORIENTED_EDGE('',*,*,#928,.T.);
#1247=ORIENTED_EDGE('',*,*,#924,.F.);
#1248=ORIENTED_EDGE('',*,*,#929,.F.);
#1249=ORIENTED_EDGE('',*,*,#930,.T.);
#1250=ORIENTED_EDGE('',*,*,#931,.T.);
#1251=ORIENTED_EDGE('',*,*,#927,.F.);
#1252=ORIENTED_EDGE('',*,*,#932,.F.);
#1253=ORIENTED_EDGE('',*,*,#933,.T.);
#1254=ORIENTED_EDGE('',*,*,#934,.T.);
#1255=ORIENTED_EDGE('',*,*,#930,.F.);
#1256=ORIENTED_EDGE('',*,*,#935,.F.);
#1257=ORIENTED_EDGE('',*,*,#936,.T.);
#1258=ORIENTED_EDGE('',*,*,#937,.T.);
#1259=ORIENTED_EDGE('',*,*,#933,.F.);
#1260=ORIENTED_EDGE('',*,*,#938,.F.);
#1261=ORIENTED_EDGE('',*,*,#939,.T.);
#1262=ORIENTED_EDGE('',*,*,#940,.T.);
#1263=ORIENTED_EDGE('',*,*,#936,.F.);
#1264=ORIENTED_EDGE('',*,*,#941,.F.);
#1265=ORIENTED_EDGE('',*,*,#942,.T.);
#1266=ORIENTED_EDGE('',*,*,#943,.T.);
#1267=ORIENTED_EDGE('',*,*,#939,.F.);
#1268=ORIENTED_EDGE('',*,*,#944,.F.);
#1269=ORIENTED_EDGE('',*,*,#945,.T.);
#1270=ORIENTED_EDGE('',*,*,#946,.T.);
#1271=ORIENTED_EDGE('',*,*,#942,.F.);
#1272=ORIENTED_EDGE('',*,*,#947,.F.);
#1273=ORIENTED_EDGE('',*,*,#948,.T.);
#1274=ORIENTED_EDGE('',*,*,#949,.T.);
#1275=ORIENTED_EDGE('',*,*,#945,.F.);
#1276=ORIENTED_EDGE('',*,*,#950,.F.);
#1277=ORIENTED_EDGE('',*,*,#951,.T.);
#1278=ORIENTED_EDGE('',*,*,#952,.T.);
#1279=ORIENTED_EDGE('',*,*,#948,.F.);
#1280=ORIENTED_EDGE('',*,*,#953,.F.);
#1281=ORIENTED_EDGE('',*,*,#954,.T.);
#1282=ORIENTED_EDGE('',*,*,#955,.T.);
#1283=ORIENTED_EDGE('',*,*,#951,.F.);
#1284=ORIENTED_EDGE('',*,*,#956,.F.);
#1285=ORIENTED_EDGE('',*,*,#957,.F.);
#1286=ORIENTED_EDGE('',*,*,#958,.F.);
#1287=ORIENTED_EDGE('',*,*,#959,.F.);
#1288=ORIENTED_EDGE('',*,*,#960,.T.);
#1289=ORIENTED_EDGE('',*,*,#961,.T.);
#1290=ORIENTED_EDGE('',*,*,#962,.T.);
#1291=ORIENTED_EDGE('',*,*,#963,.T.);
#1292=ORIENTED_EDGE('',*,*,#964,.T.);
#1293=ORIENTED_EDGE('',*,*,#965,.T.);
#1294=ORIENTED_EDGE('',*,*,#966,.T.);
#1295=ORIENTED_EDGE('',*,*,#961,.F.);
#1296=ORIENTED_EDGE('',*,*,#967,.T.);
#1297=ORIENTED_EDGE('',*,*,#968,.T.);
#1298=ORIENTED_EDGE('',*,*,#969,.T.);
#1299=ORIENTED_EDGE('',*,*,#965,.F.);
#1300=ORIENTED_EDGE('',*,*,#970,.T.);
#1301=ORIENTED_EDGE('',*,*,#971,.T.);
#1302=ORIENTED_EDGE('',*,*,#972,.T.);
#1303=ORIENTED_EDGE('',*,*,#968,.F.);
#1304=ORIENTED_EDGE('',*,*,#973,.T.);
#1305=ORIENTED_EDGE('',*,*,#974,.T.);
#1306=ORIENTED_EDGE('',*,*,#975,.T.);
#1307=ORIENTED_EDGE('',*,*,#971,.F.);
#1308=ORIENTED_EDGE('',*,*,#976,.T.);
#1309=ORIENTED_EDGE('',*,*,#977,.T.);
#1310=ORIENTED_EDGE('',*,*,#978,.T.);
#1311=ORIENTED_EDGE('',*,*,#974,.F.);
#1312=ORIENTED_EDGE('',*,*,#979,.T.);
#1313=ORIENTED_EDGE('',*,*,#980,.T.);
#1314=ORIENTED_EDGE('',*,*,#981,.T.);
#1315=ORIENTED_EDGE('',*,*,#977,.F.);
#1316=ORIENTED_EDGE('',*,*,#982,.T.);
#1317=ORIENTED_EDGE('',*,*,#983,.T.);
#1318=ORIENTED_EDGE('',*,*,#984,.T.);
#1319=ORIENTED_EDGE('',*,*,#980,.F.);
#1320=ORIENTED_EDGE('',*,*,#985,.T.);
#1321=ORIENTED_EDGE('',*,*,#986,.T.);
#1322=ORIENTED_EDGE('',*,*,#987,.T.);
#1323=ORIENTED_EDGE('',*,*,#983,.F.);
#1324=ORIENTED_EDGE('',*,*,#988,.T.);
#1325=ORIENTED_EDGE('',*,*,#989,.T.);
#1326=ORIENTED_EDGE('',*,*,#990,.T.);
#1327=ORIENTED_EDGE('',*,*,#986,.F.);
#1328=ORIENTED_EDGE('',*,*,#991,.T.);
#1329=ORIENTED_EDGE('',*,*,#992,.T.);
#1330=ORIENTED_EDGE('',*,*,#993,.T.);
#1331=ORIENTED_EDGE('',*,*,#989,.F.);
#1332=ORIENTED_EDGE('',*,*,#994,.T.);
#1333=ORIENTED_EDGE('',*,*,#995,.T.);
#1334=ORIENTED_EDGE('',*,*,#996,.T.);
#1335=ORIENTED_EDGE('',*,*,#992,.F.);
#1336=ORIENTED_EDGE('',*,*,#997,.T.);
#1337=ORIENTED_EDGE('',*,*,#998,.T.);
#1338=ORIENTED_EDGE('',*,*,#999,.T.);
#1339=ORIENTED_EDGE('',*,*,#995,.F.);
#1340=ORIENTED_EDGE('',*,*,#1000,.T.);
#1341=ORIENTED_EDGE('',*,*,#1001,.T.);
#1342=ORIENTED_EDGE('',*,*,#1002,.T.);
#1343=ORIENTED_EDGE('',*,*,#998,.F.);
#1344=ORIENTED_EDGE('',*,*,#1003,.T.);
#1345=ORIENTED_EDGE('',*,*,#1004,.T.);
#1346=ORIENTED_EDGE('',*,*,#1005,.T.);
#1347=ORIENTED_EDGE('',*,*,#1001,.F.);
#1348=ORIENTED_EDGE('',*,*,#1006,.T.);
#1349=ORIENTED_EDGE('',*,*,#1007,.F.);
#1350=ORIENTED_EDGE('',*,*,#1008,.T.);
#1351=ORIENTED_EDGE('',*,*,#1009,.F.);
#1352=ORIENTED_EDGE('',*,*,#1010,.T.);
#1353=ORIENTED_EDGE('',*,*,#1011,.T.);
#1354=ORIENTED_EDGE('',*,*,#1012,.T.);
#1355=ORIENTED_EDGE('',*,*,#1013,.F.);
#1356=ORIENTED_EDGE('',*,*,#1014,.F.);
#1357=ORIENTED_EDGE('',*,*,#1015,.T.);
#1358=ORIENTED_EDGE('',*,*,#1016,.T.);
#1359=ORIENTED_EDGE('',*,*,#1011,.F.);
#1360=ORIENTED_EDGE('',*,*,#1017,.F.);
#1361=ORIENTED_EDGE('',*,*,#1018,.T.);
#1362=ORIENTED_EDGE('',*,*,#1019,.T.);
#1363=ORIENTED_EDGE('',*,*,#1015,.F.);
#1364=ORIENTED_EDGE('',*,*,#1020,.F.);
#1365=ORIENTED_EDGE('',*,*,#1021,.T.);
#1366=ORIENTED_EDGE('',*,*,#1022,.T.);
#1367=ORIENTED_EDGE('',*,*,#1018,.F.);
#1368=ORIENTED_EDGE('',*,*,#1023,.F.);
#1369=ORIENTED_EDGE('',*,*,#1024,.T.);
#1370=ORIENTED_EDGE('',*,*,#1025,.T.);
#1371=ORIENTED_EDGE('',*,*,#1021,.F.);
#1372=ORIENTED_EDGE('',*,*,#1026,.F.);
#1373=ORIENTED_EDGE('',*,*,#1027,.T.);
#1374=ORIENTED_EDGE('',*,*,#1028,.T.);
#1375=ORIENTED_EDGE('',*,*,#1024,.F.);
#1376=ORIENTED_EDGE('',*,*,#1029,.F.);
#1377=ORIENTED_EDGE('',*,*,#1030,.T.);
#1378=ORIENTED_EDGE('',*,*,#1031,.T.);
#1379=ORIENTED_EDGE('',*,*,#1027,.F.);
#1380=ORIENTED_EDGE('',*,*,#1032,.F.);
#1381=ORIENTED_EDGE('',*,*,#1033,.T.);
#1382=ORIENTED_EDGE('',*,*,#1034,.T.);
#1383=ORIENTED_EDGE('',*,*,#1030,.F.);
#1384=ORIENTED_EDGE('',*,*,#1035,.F.);
#1385=ORIENTED_EDGE('',*,*,#1036,.T.);
#1386=ORIENTED_EDGE('',*,*,#1037,.T.);
#1387=ORIENTED_EDGE('',*,*,#1033,.F.);
#1388=ORIENTED_EDGE('',*,*,#1038,.F.);
#1389=ORIENTED_EDGE('',*,*,#1039,.T.);
#1390=ORIENTED_EDGE('',*,*,#1040,.T.);
#1391=ORIENTED_EDGE('',*,*,#1036,.F.);
#1392=ORIENTED_EDGE('',*,*,#1041,.F.);
#1393=ORIENTED_EDGE('',*,*,#1042,.T.);
#1394=ORIENTED_EDGE('',*,*,#1043,.T.);
#1395=ORIENTED_EDGE('',*,*,#1039,.F.);
#1396=ORIENTED_EDGE('',*,*,#1044,.F.);
#1397=ORIENTED_EDGE('',*,*,#1045,.T.);
#1398=ORIENTED_EDGE('',*,*,#1046,.T.);
#1399=ORIENTED_EDGE('',*,*,#1042,.F.);
#1400=ORIENTED_EDGE('',*,*,#1047,.F.);
#1401=ORIENTED_EDGE('',*,*,#1048,.T.);
#1402=ORIENTED_EDGE('',*,*,#1049,.T.);
#1403=ORIENTED_EDGE('',*,*,#1045,.F.);
#1404=ORIENTED_EDGE('',*,*,#1050,.F.);
#1405=ORIENTED_EDGE('',*,*,#1051,.T.);
#1406=ORIENTED_EDGE('',*,*,#1052,.T.);
#1407=ORIENTED_EDGE('',*,*,#1048,.F.);
#1408=ORIENTED_EDGE('',*,*,#1053,.F.);
#1409=ORIENTED_EDGE('',*,*,#1054,.T.);
#1410=ORIENTED_EDGE('',*,*,#1055,.T.);
#1411=ORIENTED_EDGE('',*,*,#1051,.F.);
#1412=ORIENTED_EDGE('',*,*,#1056,.F.);
#1413=ORIENTED_EDGE('',*,*,#1057,.F.);
#1414=ORIENTED_EDGE('',*,*,#1058,.F.);
#1415=ORIENTED_EDGE('',*,*,#1059,.F.);
#1416=ORIENTED_EDGE('',*,*,#1060,.T.);
#1417=ORIENTED_EDGE('',*,*,#1057,.T.);
#1418=ORIENTED_EDGE('',*,*,#1061,.T.);
#1419=ORIENTED_EDGE('',*,*,#1054,.F.);
#1420=ORIENTED_EDGE('',*,*,#1062,.F.);
#1421=ORIENTED_EDGE('',*,*,#1063,.F.);
#1422=ORIENTED_EDGE('',*,*,#1012,.F.);
#1423=ORIENTED_EDGE('',*,*,#1016,.F.);
#1424=ORIENTED_EDGE('',*,*,#1019,.F.);
#1425=ORIENTED_EDGE('',*,*,#1022,.F.);
#1426=ORIENTED_EDGE('',*,*,#1025,.F.);
#1427=ORIENTED_EDGE('',*,*,#1028,.F.);
#1428=ORIENTED_EDGE('',*,*,#1031,.F.);
#1429=ORIENTED_EDGE('',*,*,#1034,.F.);
#1430=ORIENTED_EDGE('',*,*,#1037,.F.);
#1431=ORIENTED_EDGE('',*,*,#1040,.F.);
#1432=ORIENTED_EDGE('',*,*,#1043,.F.);
#1433=ORIENTED_EDGE('',*,*,#1046,.F.);
#1434=ORIENTED_EDGE('',*,*,#1049,.F.);
#1435=ORIENTED_EDGE('',*,*,#1052,.F.);
#1436=ORIENTED_EDGE('',*,*,#1055,.F.);
#1437=ORIENTED_EDGE('',*,*,#1061,.F.);
#1438=ORIENTED_EDGE('',*,*,#1060,.F.);
#1439=ORIENTED_EDGE('',*,*,#1064,.F.);
#1440=ORIENTED_EDGE('',*,*,#1008,.F.);
#1441=ORIENTED_EDGE('',*,*,#1065,.F.);
#1442=ORIENTED_EDGE('',*,*,#1006,.F.);
#1443=ORIENTED_EDGE('',*,*,#1003,.F.);
#1444=ORIENTED_EDGE('',*,*,#1000,.F.);
#1445=ORIENTED_EDGE('',*,*,#997,.F.);
#1446=ORIENTED_EDGE('',*,*,#994,.F.);
#1447=ORIENTED_EDGE('',*,*,#991,.F.);
#1448=ORIENTED_EDGE('',*,*,#988,.F.);
#1449=ORIENTED_EDGE('',*,*,#985,.F.);
#1450=ORIENTED_EDGE('',*,*,#982,.F.);
#1451=ORIENTED_EDGE('',*,*,#979,.F.);
#1452=ORIENTED_EDGE('',*,*,#976,.F.);
#1453=ORIENTED_EDGE('',*,*,#973,.F.);
#1454=ORIENTED_EDGE('',*,*,#970,.F.);
#1455=ORIENTED_EDGE('',*,*,#967,.F.);
#1456=ORIENTED_EDGE('',*,*,#964,.F.);
#1457=ORIENTED_EDGE('',*,*,#1066,.F.);
#1458=ORIENTED_EDGE('',*,*,#962,.F.);
#1459=ORIENTED_EDGE('',*,*,#966,.F.);
#1460=ORIENTED_EDGE('',*,*,#969,.F.);
#1461=ORIENTED_EDGE('',*,*,#972,.F.);
#1462=ORIENTED_EDGE('',*,*,#975,.F.);
#1463=ORIENTED_EDGE('',*,*,#978,.F.);
#1464=ORIENTED_EDGE('',*,*,#981,.F.);
#1465=ORIENTED_EDGE('',*,*,#984,.F.);
#1466=ORIENTED_EDGE('',*,*,#987,.F.);
#1467=ORIENTED_EDGE('',*,*,#990,.F.);
#1468=ORIENTED_EDGE('',*,*,#993,.F.);
#1469=ORIENTED_EDGE('',*,*,#996,.F.);
#1470=ORIENTED_EDGE('',*,*,#999,.F.);
#1471=ORIENTED_EDGE('',*,*,#1002,.F.);
#1472=ORIENTED_EDGE('',*,*,#1005,.F.);
#1473=ORIENTED_EDGE('',*,*,#1067,.F.);
#1474=ORIENTED_EDGE('',*,*,#1010,.F.);
#1475=ORIENTED_EDGE('',*,*,#1068,.F.);
#1476=ORIENTED_EDGE('',*,*,#1058,.T.);
#1477=ORIENTED_EDGE('',*,*,#1062,.T.);
#1478=ORIENTED_EDGE('',*,*,#1056,.T.);
#1479=ORIENTED_EDGE('',*,*,#1053,.T.);
#1480=ORIENTED_EDGE('',*,*,#1050,.T.);
#1481=ORIENTED_EDGE('',*,*,#1047,.T.);
#1482=ORIENTED_EDGE('',*,*,#1044,.T.);
#1483=ORIENTED_EDGE('',*,*,#1041,.T.);
#1484=ORIENTED_EDGE('',*,*,#1038,.T.);
#1485=ORIENTED_EDGE('',*,*,#1035,.T.);
#1486=ORIENTED_EDGE('',*,*,#1032,.T.);
#1487=ORIENTED_EDGE('',*,*,#1029,.T.);
#1488=ORIENTED_EDGE('',*,*,#1026,.T.);
#1489=ORIENTED_EDGE('',*,*,#1023,.T.);
#1490=ORIENTED_EDGE('',*,*,#1020,.T.);
#1491=ORIENTED_EDGE('',*,*,#1017,.T.);
#1492=ORIENTED_EDGE('',*,*,#1014,.T.);
#1493=ORIENTED_EDGE('',*,*,#1007,.T.);
#1494=ORIENTED_EDGE('',*,*,#1067,.T.);
#1495=ORIENTED_EDGE('',*,*,#1004,.F.);
#1496=ORIENTED_EDGE('',*,*,#1065,.T.);
#1497=ORIENTED_EDGE('',*,*,#1066,.T.);
#1498=ORIENTED_EDGE('',*,*,#1013,.T.);
#1499=ORIENTED_EDGE('',*,*,#1063,.T.);
#1500=ORIENTED_EDGE('',*,*,#963,.F.);
#1501=ORIENTED_EDGE('',*,*,#957,.T.);
#1502=ORIENTED_EDGE('',*,*,#1069,.T.);
#1503=ORIENTED_EDGE('',*,*,#954,.F.);
#1504=ORIENTED_EDGE('',*,*,#1070,.F.);
#1505=ORIENTED_EDGE('',*,*,#1071,.F.);
#1506=ORIENTED_EDGE('',*,*,#912,.F.);
#1507=ORIENTED_EDGE('',*,*,#916,.F.);
#1508=ORIENTED_EDGE('',*,*,#919,.F.);
#1509=ORIENTED_EDGE('',*,*,#922,.F.);
#1510=ORIENTED_EDGE('',*,*,#925,.F.);
#1511=ORIENTED_EDGE('',*,*,#928,.F.);
#1512=ORIENTED_EDGE('',*,*,#931,.F.);
#1513=ORIENTED_EDGE('',*,*,#934,.F.);
#1514=ORIENTED_EDGE('',*,*,#937,.F.);
#1515=ORIENTED_EDGE('',*,*,#940,.F.);
#1516=ORIENTED_EDGE('',*,*,#943,.F.);
#1517=ORIENTED_EDGE('',*,*,#946,.F.);
#1518=ORIENTED_EDGE('',*,*,#949,.F.);
#1519=ORIENTED_EDGE('',*,*,#952,.F.);
#1520=ORIENTED_EDGE('',*,*,#955,.F.);
#1521=ORIENTED_EDGE('',*,*,#1069,.F.);
#1522=ORIENTED_EDGE('',*,*,#960,.F.);
#1523=ORIENTED_EDGE('',*,*,#1072,.F.);
#1524=ORIENTED_EDGE('',*,*,#908,.F.);
#1525=ORIENTED_EDGE('',*,*,#1073,.F.);
#1526=ORIENTED_EDGE('',*,*,#906,.F.);
#1527=ORIENTED_EDGE('',*,*,#903,.F.);
#1528=ORIENTED_EDGE('',*,*,#900,.F.);
#1529=ORIENTED_EDGE('',*,*,#897,.F.);
#1530=ORIENTED_EDGE('',*,*,#894,.F.);
#1531=ORIENTED_EDGE('',*,*,#891,.F.);
#1532=ORIENTED_EDGE('',*,*,#888,.F.);
#1533=ORIENTED_EDGE('',*,*,#885,.F.);
#1534=ORIENTED_EDGE('',*,*,#882,.F.);
#1535=ORIENTED_EDGE('',*,*,#879,.F.);
#1536=ORIENTED_EDGE('',*,*,#876,.F.);
#1537=ORIENTED_EDGE('',*,*,#873,.F.);
#1538=ORIENTED_EDGE('',*,*,#870,.F.);
#1539=ORIENTED_EDGE('',*,*,#867,.F.);
#1540=ORIENTED_EDGE('',*,*,#864,.F.);
#1541=ORIENTED_EDGE('',*,*,#1074,.F.);
#1542=ORIENTED_EDGE('',*,*,#862,.F.);
#1543=ORIENTED_EDGE('',*,*,#866,.F.);
#1544=ORIENTED_EDGE('',*,*,#869,.F.);
#1545=ORIENTED_EDGE('',*,*,#872,.F.);
#1546=ORIENTED_EDGE('',*,*,#875,.F.);
#1547=ORIENTED_EDGE('',*,*,#878,.F.);
#1548=ORIENTED_EDGE('',*,*,#881,.F.);
#1549=ORIENTED_EDGE('',*,*,#884,.F.);
#1550=ORIENTED_EDGE('',*,*,#887,.F.);
#1551=ORIENTED_EDGE('',*,*,#890,.F.);
#1552=ORIENTED_EDGE('',*,*,#893,.F.);
#1553=ORIENTED_EDGE('',*,*,#896,.F.);
#1554=ORIENTED_EDGE('',*,*,#899,.F.);
#1555=ORIENTED_EDGE('',*,*,#902,.F.);
#1556=ORIENTED_EDGE('',*,*,#905,.F.);
#1557=ORIENTED_EDGE('',*,*,#1075,.F.);
#1558=ORIENTED_EDGE('',*,*,#910,.F.);
#1559=ORIENTED_EDGE('',*,*,#1076,.F.);
#1560=ORIENTED_EDGE('',*,*,#958,.T.);
#1561=ORIENTED_EDGE('',*,*,#1070,.T.);
#1562=ORIENTED_EDGE('',*,*,#956,.T.);
#1563=ORIENTED_EDGE('',*,*,#953,.T.);
#1564=ORIENTED_EDGE('',*,*,#950,.T.);
#1565=ORIENTED_EDGE('',*,*,#947,.T.);
#1566=ORIENTED_EDGE('',*,*,#944,.T.);
#1567=ORIENTED_EDGE('',*,*,#941,.T.);
#1568=ORIENTED_EDGE('',*,*,#938,.T.);
#1569=ORIENTED_EDGE('',*,*,#935,.T.);
#1570=ORIENTED_EDGE('',*,*,#932,.T.);
#1571=ORIENTED_EDGE('',*,*,#929,.T.);
#1572=ORIENTED_EDGE('',*,*,#926,.T.);
#1573=ORIENTED_EDGE('',*,*,#923,.T.);
#1574=ORIENTED_EDGE('',*,*,#920,.T.);
#1575=ORIENTED_EDGE('',*,*,#917,.T.);
#1576=ORIENTED_EDGE('',*,*,#914,.T.);
#1577=ORIENTED_EDGE('',*,*,#907,.T.);
#1578=ORIENTED_EDGE('',*,*,#1075,.T.);
#1579=ORIENTED_EDGE('',*,*,#904,.F.);
#1580=ORIENTED_EDGE('',*,*,#1073,.T.);
#1581=ORIENTED_EDGE('',*,*,#1074,.T.);
#1582=ORIENTED_EDGE('',*,*,#913,.T.);
#1583=ORIENTED_EDGE('',*,*,#1071,.T.);
#1584=ORIENTED_EDGE('',*,*,#863,.F.);
#1585=ORIENTED_EDGE('',*,*,#1077,.T.);
#1586=ORIENTED_EDGE('',*,*,#1078,.T.);
#1587=ORIENTED_EDGE('',*,*,#1079,.T.);
#1588=ORIENTED_EDGE('',*,*,#1080,.T.);
#1589=ORIENTED_EDGE('',*,*,#1081,.T.);
#1590=ORIENTED_EDGE('',*,*,#1082,.T.);
#1591=ORIENTED_EDGE('',*,*,#1079,.F.);
#1592=ORIENTED_EDGE('',*,*,#1083,.T.);
#1593=ORIENTED_EDGE('',*,*,#1084,.T.);
#1594=ORIENTED_EDGE('',*,*,#1085,.T.);
#1595=ORIENTED_EDGE('',*,*,#1081,.F.);
#1596=ORIENTED_EDGE('',*,*,#1086,.T.);
#1597=ORIENTED_EDGE('',*,*,#1087,.T.);
#1598=ORIENTED_EDGE('',*,*,#1088,.T.);
#1599=ORIENTED_EDGE('',*,*,#1084,.F.);
#1600=ORIENTED_EDGE('',*,*,#1089,.T.);
#1601=ORIENTED_EDGE('',*,*,#1090,.T.);
#1602=ORIENTED_EDGE('',*,*,#1091,.T.);
#1603=ORIENTED_EDGE('',*,*,#1087,.F.);
#1604=ORIENTED_EDGE('',*,*,#1092,.T.);
#1605=ORIENTED_EDGE('',*,*,#1093,.T.);
#1606=ORIENTED_EDGE('',*,*,#1094,.T.);
#1607=ORIENTED_EDGE('',*,*,#1090,.F.);
#1608=ORIENTED_EDGE('',*,*,#1095,.T.);
#1609=ORIENTED_EDGE('',*,*,#1096,.T.);
#1610=ORIENTED_EDGE('',*,*,#1097,.T.);
#1611=ORIENTED_EDGE('',*,*,#1093,.F.);
#1612=ORIENTED_EDGE('',*,*,#1098,.T.);
#1613=ORIENTED_EDGE('',*,*,#1099,.T.);
#1614=ORIENTED_EDGE('',*,*,#1100,.T.);
#1615=ORIENTED_EDGE('',*,*,#1096,.F.);
#1616=ORIENTED_EDGE('',*,*,#1101,.T.);
#1617=ORIENTED_EDGE('',*,*,#1102,.T.);
#1618=ORIENTED_EDGE('',*,*,#1103,.T.);
#1619=ORIENTED_EDGE('',*,*,#1099,.F.);
#1620=ORIENTED_EDGE('',*,*,#1104,.T.);
#1621=ORIENTED_EDGE('',*,*,#1105,.T.);
#1622=ORIENTED_EDGE('',*,*,#1106,.T.);
#1623=ORIENTED_EDGE('',*,*,#1102,.F.);
#1624=ORIENTED_EDGE('',*,*,#1107,.T.);
#1625=ORIENTED_EDGE('',*,*,#1108,.T.);
#1626=ORIENTED_EDGE('',*,*,#1109,.T.);
#1627=ORIENTED_EDGE('',*,*,#1105,.F.);
#1628=ORIENTED_EDGE('',*,*,#1110,.T.);
#1629=ORIENTED_EDGE('',*,*,#1108,.F.);
#1630=ORIENTED_EDGE('',*,*,#1111,.T.);
#1631=ORIENTED_EDGE('',*,*,#1077,.F.);
#1632=ORIENTED_EDGE('',*,*,#1112,.T.);
#1633=ORIENTED_EDGE('',*,*,#1095,.F.);
#1634=ORIENTED_EDGE('',*,*,#1113,.T.);
#1635=ORIENTED_EDGE('',*,*,#1114,.F.);
#1636=ORIENTED_EDGE('',*,*,#1115,.F.);
#1637=ORIENTED_EDGE('',*,*,#1092,.F.);
#1638=ORIENTED_EDGE('',*,*,#1116,.T.);
#1639=ORIENTED_EDGE('',*,*,#1117,.F.);
#1640=ORIENTED_EDGE('',*,*,#1113,.F.);
#1641=ORIENTED_EDGE('',*,*,#1089,.F.);
#1642=ORIENTED_EDGE('',*,*,#1118,.T.);
#1643=ORIENTED_EDGE('',*,*,#1119,.F.);
#1644=ORIENTED_EDGE('',*,*,#1116,.F.);
#1645=ORIENTED_EDGE('',*,*,#1086,.F.);
#1646=ORIENTED_EDGE('',*,*,#1120,.T.);
#1647=ORIENTED_EDGE('',*,*,#1121,.F.);
#1648=ORIENTED_EDGE('',*,*,#1118,.F.);
#1649=ORIENTED_EDGE('',*,*,#1083,.F.);
#1650=ORIENTED_EDGE('',*,*,#1122,.T.);
#1651=ORIENTED_EDGE('',*,*,#1123,.F.);
#1652=ORIENTED_EDGE('',*,*,#1120,.F.);
#1653=ORIENTED_EDGE('',*,*,#1078,.F.);
#1654=ORIENTED_EDGE('',*,*,#1124,.T.);
#1655=ORIENTED_EDGE('',*,*,#1125,.F.);
#1656=ORIENTED_EDGE('',*,*,#1122,.F.);
#1657=ORIENTED_EDGE('',*,*,#1080,.F.);
#1658=ORIENTED_EDGE('',*,*,#1082,.F.);
#1659=ORIENTED_EDGE('',*,*,#1085,.F.);
#1660=ORIENTED_EDGE('',*,*,#1088,.F.);
#1661=ORIENTED_EDGE('',*,*,#1091,.F.);
#1662=ORIENTED_EDGE('',*,*,#1094,.F.);
#1663=ORIENTED_EDGE('',*,*,#1097,.F.);
#1664=ORIENTED_EDGE('',*,*,#1100,.F.);
#1665=ORIENTED_EDGE('',*,*,#1103,.F.);
#1666=ORIENTED_EDGE('',*,*,#1106,.F.);
#1667=ORIENTED_EDGE('',*,*,#1109,.F.);
#1668=ORIENTED_EDGE('',*,*,#1112,.F.);
#1669=ORIENTED_EDGE('',*,*,#1126,.T.);
#1670=ORIENTED_EDGE('',*,*,#1127,.T.);
#1671=ORIENTED_EDGE('',*,*,#1128,.T.);
#1672=ORIENTED_EDGE('',*,*,#1129,.T.);
#1673=ORIENTED_EDGE('',*,*,#1130,.T.);
#1674=ORIENTED_EDGE('',*,*,#1131,.T.);
#1675=ORIENTED_EDGE('',*,*,#1128,.F.);
#1676=ORIENTED_EDGE('',*,*,#1132,.T.);
#1677=ORIENTED_EDGE('',*,*,#1133,.T.);
#1678=ORIENTED_EDGE('',*,*,#1134,.T.);
#1679=ORIENTED_EDGE('',*,*,#1130,.F.);
#1680=ORIENTED_EDGE('',*,*,#1135,.T.);
#1681=ORIENTED_EDGE('',*,*,#1136,.T.);
#1682=ORIENTED_EDGE('',*,*,#1137,.T.);
#1683=ORIENTED_EDGE('',*,*,#1133,.F.);
#1684=ORIENTED_EDGE('',*,*,#1138,.T.);
#1685=ORIENTED_EDGE('',*,*,#1139,.T.);
#1686=ORIENTED_EDGE('',*,*,#1140,.T.);
#1687=ORIENTED_EDGE('',*,*,#1136,.F.);
#1688=ORIENTED_EDGE('',*,*,#1141,.T.);
#1689=ORIENTED_EDGE('',*,*,#1142,.T.);
#1690=ORIENTED_EDGE('',*,*,#1143,.T.);
#1691=ORIENTED_EDGE('',*,*,#1139,.F.);
#1692=ORIENTED_EDGE('',*,*,#1144,.T.);
#1693=ORIENTED_EDGE('',*,*,#1145,.T.);
#1694=ORIENTED_EDGE('',*,*,#1146,.T.);
#1695=ORIENTED_EDGE('',*,*,#1142,.F.);
#1696=ORIENTED_EDGE('',*,*,#1114,.T.);
#1697=ORIENTED_EDGE('',*,*,#1147,.T.);
#1698=ORIENTED_EDGE('',*,*,#1148,.T.);
#1699=ORIENTED_EDGE('',*,*,#1145,.F.);
#1700=ORIENTED_EDGE('',*,*,#1117,.T.);
#1701=ORIENTED_EDGE('',*,*,#1149,.T.);
#1702=ORIENTED_EDGE('',*,*,#1150,.T.);
#1703=ORIENTED_EDGE('',*,*,#1147,.F.);
#1704=ORIENTED_EDGE('',*,*,#1119,.T.);
#1705=ORIENTED_EDGE('',*,*,#1151,.T.);
#1706=ORIENTED_EDGE('',*,*,#1152,.T.);
#1707=ORIENTED_EDGE('',*,*,#1149,.F.);
#1708=ORIENTED_EDGE('',*,*,#1121,.T.);
#1709=ORIENTED_EDGE('',*,*,#1153,.T.);
#1710=ORIENTED_EDGE('',*,*,#1154,.T.);
#1711=ORIENTED_EDGE('',*,*,#1151,.F.);
#1712=ORIENTED_EDGE('',*,*,#1123,.T.);
#1713=ORIENTED_EDGE('',*,*,#1126,.F.);
#1714=ORIENTED_EDGE('',*,*,#1155,.T.);
#1715=ORIENTED_EDGE('',*,*,#1153,.F.);
#1716=ORIENTED_EDGE('',*,*,#1125,.T.);
#1717=ORIENTED_EDGE('',*,*,#1098,.F.);
#1718=ORIENTED_EDGE('',*,*,#1115,.T.);
#1719=ORIENTED_EDGE('',*,*,#1144,.F.);
#1720=ORIENTED_EDGE('',*,*,#1156,.F.);
#1721=ORIENTED_EDGE('',*,*,#1101,.F.);
#1722=ORIENTED_EDGE('',*,*,#1156,.T.);
#1723=ORIENTED_EDGE('',*,*,#1141,.F.);
#1724=ORIENTED_EDGE('',*,*,#1157,.F.);
#1725=ORIENTED_EDGE('',*,*,#1104,.F.);
#1726=ORIENTED_EDGE('',*,*,#1157,.T.);
#1727=ORIENTED_EDGE('',*,*,#1138,.F.);
#1728=ORIENTED_EDGE('',*,*,#1158,.F.);
#1729=ORIENTED_EDGE('',*,*,#1107,.F.);
#1730=ORIENTED_EDGE('',*,*,#1158,.T.);
#1731=ORIENTED_EDGE('',*,*,#1135,.F.);
#1732=ORIENTED_EDGE('',*,*,#1159,.F.);
#1733=ORIENTED_EDGE('',*,*,#1110,.F.);
#1734=ORIENTED_EDGE('',*,*,#1159,.T.);
#1735=ORIENTED_EDGE('',*,*,#1132,.F.);
#1736=ORIENTED_EDGE('',*,*,#1160,.F.);
#1737=ORIENTED_EDGE('',*,*,#1111,.F.);
#1738=ORIENTED_EDGE('',*,*,#1160,.T.);
#1739=ORIENTED_EDGE('',*,*,#1127,.F.);
#1740=ORIENTED_EDGE('',*,*,#1124,.F.);
#1741=ORIENTED_EDGE('',*,*,#1068,.T.);
#1742=ORIENTED_EDGE('',*,*,#1009,.T.);
#1743=ORIENTED_EDGE('',*,*,#1064,.T.);
#1744=ORIENTED_EDGE('',*,*,#1059,.T.);
#1745=ORIENTED_EDGE('',*,*,#1076,.T.);
#1746=ORIENTED_EDGE('',*,*,#909,.T.);
#1747=ORIENTED_EDGE('',*,*,#1072,.T.);
#1748=ORIENTED_EDGE('',*,*,#959,.T.);
#1749=ORIENTED_EDGE('',*,*,#1129,.F.);
#1750=ORIENTED_EDGE('',*,*,#1131,.F.);
#1751=ORIENTED_EDGE('',*,*,#1134,.F.);
#1752=ORIENTED_EDGE('',*,*,#1137,.F.);
#1753=ORIENTED_EDGE('',*,*,#1140,.F.);
#1754=ORIENTED_EDGE('',*,*,#1143,.F.);
#1755=ORIENTED_EDGE('',*,*,#1146,.F.);
#1756=ORIENTED_EDGE('',*,*,#1148,.F.);
#1757=ORIENTED_EDGE('',*,*,#1150,.F.);
#1758=ORIENTED_EDGE('',*,*,#1152,.F.);
#1759=ORIENTED_EDGE('',*,*,#1154,.F.);
#1760=ORIENTED_EDGE('',*,*,#1155,.F.);
#1761=CYLINDRICAL_SURFACE('',#1973,0.06725);
#1762=CYLINDRICAL_SURFACE('',#1975,0.06725);
#1763=CYLINDRICAL_SURFACE('',#1976,0.06725);
#1764=CYLINDRICAL_SURFACE('',#1977,0.06725);
#1765=CYLINDRICAL_SURFACE('',#1978,0.06725);
#1766=CYLINDRICAL_SURFACE('',#1979,0.06725);
#1767=CYLINDRICAL_SURFACE('',#1980,0.06725);
#1768=CYLINDRICAL_SURFACE('',#1981,0.06725);
#1769=CYLINDRICAL_SURFACE('',#1982,0.06725);
#1770=CYLINDRICAL_SURFACE('',#1983,0.06725);
#1771=CYLINDRICAL_SURFACE('',#1984,0.06725);
#1772=CYLINDRICAL_SURFACE('',#1985,0.06725);
#1773=CYLINDRICAL_SURFACE('',#1986,0.06725);
#1774=CYLINDRICAL_SURFACE('',#1987,0.06725);
#1775=CYLINDRICAL_SURFACE('',#1988,0.06725);
#1776=CYLINDRICAL_SURFACE('',#1989,0.06725);
#1777=CYLINDRICAL_SURFACE('',#1991,0.0819999999999997);
#1778=CYLINDRICAL_SURFACE('',#1993,0.0819999999999997);
#1779=CYLINDRICAL_SURFACE('',#1994,0.0819999999999997);
#1780=CYLINDRICAL_SURFACE('',#1995,0.0819999999999997);
#1781=CYLINDRICAL_SURFACE('',#1996,0.0819999999999997);
#1782=CYLINDRICAL_SURFACE('',#1997,0.0819999999999997);
#1783=CYLINDRICAL_SURFACE('',#1998,0.0819999999999997);
#1784=CYLINDRICAL_SURFACE('',#1999,0.0819999999999997);
#1785=CYLINDRICAL_SURFACE('',#2000,0.0819999999999997);
#1786=CYLINDRICAL_SURFACE('',#2001,0.0819999999999997);
#1787=CYLINDRICAL_SURFACE('',#2002,0.0819999999999997);
#1788=CYLINDRICAL_SURFACE('',#2003,0.0819999999999997);
#1789=CYLINDRICAL_SURFACE('',#2004,0.0819999999999997);
#1790=CYLINDRICAL_SURFACE('',#2005,0.0819999999999997);
#1791=CYLINDRICAL_SURFACE('',#2006,0.0819999999999997);
#1792=CYLINDRICAL_SURFACE('',#2007,0.0819999999999997);
#1793=CYLINDRICAL_SURFACE('',#2009,0.06725);
#1794=CYLINDRICAL_SURFACE('',#2011,0.06725);
#1795=CYLINDRICAL_SURFACE('',#2012,0.06725);
#1796=CYLINDRICAL_SURFACE('',#2013,0.06725);
#1797=CYLINDRICAL_SURFACE('',#2014,0.06725);
#1798=CYLINDRICAL_SURFACE('',#2015,0.06725);
#1799=CYLINDRICAL_SURFACE('',#2016,0.06725);
#1800=CYLINDRICAL_SURFACE('',#2017,0.06725);
#1801=CYLINDRICAL_SURFACE('',#2018,0.06725);
#1802=CYLINDRICAL_SURFACE('',#2019,0.06725);
#1803=CYLINDRICAL_SURFACE('',#2020,0.06725);
#1804=CYLINDRICAL_SURFACE('',#2021,0.06725);
#1805=CYLINDRICAL_SURFACE('',#2022,0.06725);
#1806=CYLINDRICAL_SURFACE('',#2023,0.06725);
#1807=CYLINDRICAL_SURFACE('',#2024,0.06725);
#1808=CYLINDRICAL_SURFACE('',#2025,0.06725);
#1809=CYLINDRICAL_SURFACE('',#2027,0.0819999999999999);
#1810=CYLINDRICAL_SURFACE('',#2029,0.0819999999999999);
#1811=CYLINDRICAL_SURFACE('',#2030,0.0819999999999999);
#1812=CYLINDRICAL_SURFACE('',#2031,0.0819999999999999);
#1813=CYLINDRICAL_SURFACE('',#2032,0.0819999999999999);
#1814=CYLINDRICAL_SURFACE('',#2033,0.0819999999999999);
#1815=CYLINDRICAL_SURFACE('',#2034,0.0819999999999999);
#1816=CYLINDRICAL_SURFACE('',#2035,0.0819999999999999);
#1817=CYLINDRICAL_SURFACE('',#2036,0.0819999999999999);
#1818=CYLINDRICAL_SURFACE('',#2037,0.0819999999999999);
#1819=CYLINDRICAL_SURFACE('',#2038,0.0819999999999999);
#1820=CYLINDRICAL_SURFACE('',#2039,0.0819999999999999);
#1821=CYLINDRICAL_SURFACE('',#2040,0.0819999999999999);
#1822=CYLINDRICAL_SURFACE('',#2041,0.0819999999999999);
#1823=CYLINDRICAL_SURFACE('',#2042,0.0819999999999999);
#1824=CYLINDRICAL_SURFACE('',#2043,0.0819999999999999);
#1825=CYLINDRICAL_SURFACE('',#2045,0.0819999999999999);
#1826=CYLINDRICAL_SURFACE('',#2046,0.06725);
#1827=CYLINDRICAL_SURFACE('',#2048,0.0819999999999997);
#1828=CYLINDRICAL_SURFACE('',#2049,0.06725);
#1829=CYLINDRICAL_SURFACE('',#2055,0.05);
#1830=CYLINDRICAL_SURFACE('',#2061,0.05);
#1831=CYLINDRICAL_SURFACE('',#2066,0.05);
#1832=CYLINDRICAL_SURFACE('',#2071,0.05);
#1833=CYLINDRICAL_SURFACE('',#2077,0.05);
#1834=CYLINDRICAL_SURFACE('',#2082,0.05);
#1835=CYLINDRICAL_SURFACE('',#2084,0.0999999999999998);
#1836=CYLINDRICAL_SURFACE('',#2087,0.5);
#1837=CYLINDRICAL_SURFACE('',#2090,0.1);
#1838=CYLINDRICAL_SURFACE('',#2093,0.05);
#1839=CYLINDRICAL_SURFACE('',#2099,0.05);
#1840=CYLINDRICAL_SURFACE('',#2105,0.05);
#1841=CYLINDRICAL_SURFACE('',#2110,0.05);
#1842=CYLINDRICAL_SURFACE('',#2114,0.05);
#1843=CYLINDRICAL_SURFACE('',#2119,0.05);
#1844=CYLINDRICAL_SURFACE('',#2122,0.0999999999999998);
#1845=CYLINDRICAL_SURFACE('',#2124,0.5);
#1846=CYLINDRICAL_SURFACE('',#2126,0.0999999999999999);
#1847=ADVANCED_FACE('',(#43),#1761,.F.);
#1848=ADVANCED_FACE('',(#44),#1762,.F.);
#1849=ADVANCED_FACE('',(#45),#1763,.F.);
#1850=ADVANCED_FACE('',(#46),#1764,.F.);
#1851=ADVANCED_FACE('',(#47),#1765,.F.);
#1852=ADVANCED_FACE('',(#48),#1766,.F.);
#1853=ADVANCED_FACE('',(#49),#1767,.F.);
#1854=ADVANCED_FACE('',(#50),#1768,.F.);
#1855=ADVANCED_FACE('',(#51),#1769,.F.);
#1856=ADVANCED_FACE('',(#52),#1770,.F.);
#1857=ADVANCED_FACE('',(#53),#1771,.F.);
#1858=ADVANCED_FACE('',(#54),#1772,.F.);
#1859=ADVANCED_FACE('',(#55),#1773,.F.);
#1860=ADVANCED_FACE('',(#56),#1774,.F.);
#1861=ADVANCED_FACE('',(#57),#1775,.F.);
#1862=ADVANCED_FACE('',(#58),#1776,.F.);
#1863=ADVANCED_FACE('',(#59),#1777,.F.);
#1864=ADVANCED_FACE('',(#60),#1778,.F.);
#1865=ADVANCED_FACE('',(#61),#1779,.F.);
#1866=ADVANCED_FACE('',(#62),#1780,.F.);
#1867=ADVANCED_FACE('',(#63),#1781,.F.);
#1868=ADVANCED_FACE('',(#64),#1782,.F.);
#1869=ADVANCED_FACE('',(#65),#1783,.F.);
#1870=ADVANCED_FACE('',(#66),#1784,.F.);
#1871=ADVANCED_FACE('',(#67),#1785,.F.);
#1872=ADVANCED_FACE('',(#68),#1786,.F.);
#1873=ADVANCED_FACE('',(#69),#1787,.F.);
#1874=ADVANCED_FACE('',(#70),#1788,.F.);
#1875=ADVANCED_FACE('',(#71),#1789,.F.);
#1876=ADVANCED_FACE('',(#72),#1790,.F.);
#1877=ADVANCED_FACE('',(#73),#1791,.F.);
#1878=ADVANCED_FACE('',(#74),#1792,.F.);
#1879=ADVANCED_FACE('',(#75),#1793,.F.);
#1880=ADVANCED_FACE('',(#76),#1794,.F.);
#1881=ADVANCED_FACE('',(#77),#1795,.F.);
#1882=ADVANCED_FACE('',(#78),#1796,.F.);
#1883=ADVANCED_FACE('',(#79),#1797,.F.);
#1884=ADVANCED_FACE('',(#80),#1798,.F.);
#1885=ADVANCED_FACE('',(#81),#1799,.F.);
#1886=ADVANCED_FACE('',(#82),#1800,.F.);
#1887=ADVANCED_FACE('',(#83),#1801,.F.);
#1888=ADVANCED_FACE('',(#84),#1802,.F.);
#1889=ADVANCED_FACE('',(#85),#1803,.F.);
#1890=ADVANCED_FACE('',(#86),#1804,.F.);
#1891=ADVANCED_FACE('',(#87),#1805,.F.);
#1892=ADVANCED_FACE('',(#88),#1806,.F.);
#1893=ADVANCED_FACE('',(#89),#1807,.F.);
#1894=ADVANCED_FACE('',(#90),#1808,.F.);
#1895=ADVANCED_FACE('',(#91),#1809,.F.);
#1896=ADVANCED_FACE('',(#92),#1810,.F.);
#1897=ADVANCED_FACE('',(#93),#1811,.F.);
#1898=ADVANCED_FACE('',(#94),#1812,.F.);
#1899=ADVANCED_FACE('',(#95),#1813,.F.);
#1900=ADVANCED_FACE('',(#96),#1814,.F.);
#1901=ADVANCED_FACE('',(#97),#1815,.F.);
#1902=ADVANCED_FACE('',(#98),#1816,.F.);
#1903=ADVANCED_FACE('',(#99),#1817,.F.);
#1904=ADVANCED_FACE('',(#100),#1818,.F.);
#1905=ADVANCED_FACE('',(#101),#1819,.F.);
#1906=ADVANCED_FACE('',(#102),#1820,.F.);
#1907=ADVANCED_FACE('',(#103),#1821,.F.);
#1908=ADVANCED_FACE('',(#104),#1822,.F.);
#1909=ADVANCED_FACE('',(#105),#1823,.F.);
#1910=ADVANCED_FACE('',(#106),#1824,.F.);
#1911=ADVANCED_FACE('',(#107),#1825,.F.);
#1912=ADVANCED_FACE('',(#108),#39,.F.);
#1913=ADVANCED_FACE('',(#109),#40,.F.);
#1914=ADVANCED_FACE('',(#110),#1826,.F.);
#1915=ADVANCED_FACE('',(#111),#29,.F.);
#1916=ADVANCED_FACE('',(#112),#1827,.F.);
#1917=ADVANCED_FACE('',(#113),#41,.F.);
#1918=ADVANCED_FACE('',(#114),#42,.F.);
#1919=ADVANCED_FACE('',(#115),#1828,.F.);
#1920=ADVANCED_FACE('',(#116),#30,.F.);
#1921=ADVANCED_FACE('',(#117),#21,.F.);
#1922=ADVANCED_FACE('',(#118),#1829,.T.);
#1923=ADVANCED_FACE('',(#119),#17,.T.);
#1924=ADVANCED_FACE('',(#120),#1830,.T.);
#1925=ADVANCED_FACE('',(#121),#22,.F.);
#1926=ADVANCED_FACE('',(#122),#1831,.T.);
#1927=ADVANCED_FACE('',(#123),#23,.F.);
#1928=ADVANCED_FACE('',(#124),#1832,.T.);
#1929=ADVANCED_FACE('',(#125),#18,.T.);
#1930=ADVANCED_FACE('',(#126),#1833,.T.);
#1931=ADVANCED_FACE('',(#127),#24,.F.);
#1932=ADVANCED_FACE('',(#128),#1834,.T.);
#1933=ADVANCED_FACE('',(#129),#31,.T.);
#1934=ADVANCED_FACE('',(#130),#1835,.T.);
#1935=ADVANCED_FACE('',(#131),#32,.T.);
#1936=ADVANCED_FACE('',(#132),#1836,.T.);
#1937=ADVANCED_FACE('',(#133),#33,.T.);
#1938=ADVANCED_FACE('',(#134),#1837,.T.);
#1939=ADVANCED_FACE('',(#135),#34,.T.);
#1940=ADVANCED_FACE('',(#136),#1838,.T.);
#1941=ADVANCED_FACE('',(#137),#25,.F.);
#1942=ADVANCED_FACE('',(#138),#1839,.T.);
#1943=ADVANCED_FACE('',(#139),#19,.T.);
#1944=ADVANCED_FACE('',(#140),#1840,.T.);
#1945=ADVANCED_FACE('',(#141),#26,.F.);
#1946=ADVANCED_FACE('',(#142),#1841,.T.);
#1947=ADVANCED_FACE('',(#143),#27,.F.);
#1948=ADVANCED_FACE('',(#144),#1842,.T.);
#1949=ADVANCED_FACE('',(#145),#20,.T.);
#1950=ADVANCED_FACE('',(#146),#1843,.T.);
#1951=ADVANCED_FACE('',(#147),#28,.F.);
#1952=ADVANCED_FACE('',(#148),#1844,.T.);
#1953=ADVANCED_FACE('',(#149),#35,.T.);
#1954=ADVANCED_FACE('',(#150),#1845,.F.);
#1955=ADVANCED_FACE('',(#151),#36,.T.);
#1956=ADVANCED_FACE('',(#152),#1846,.T.);
#1957=ADVANCED_FACE('',(#153,#15,#16),#37,.T.);
#1958=ADVANCED_FACE('',(#154),#38,.F.);
#1959=CLOSED_SHELL('',(#1847,#1848,#1849,#1850,#1851,#1852,#1853,#1854,
#1855,#1856,#1857,#1858,#1859,#1860,#1861,#1862,#1863,#1864,#1865,#1866,
#1867,#1868,#1869,#1870,#1871,#1872,#1873,#1874,#1875,#1876,#1877,#1878,
#1879,#1880,#1881,#1882,#1883,#1884,#1885,#1886,#1887,#1888,#1889,#1890,
#1891,#1892,#1893,#1894,#1895,#1896,#1897,#1898,#1899,#1900,#1901,#1902,
#1903,#1904,#1905,#1906,#1907,#1908,#1909,#1910,#1911,#1912,#1913,#1914,
#1915,#1916,#1917,#1918,#1919,#1920,#1921,#1922,#1923,#1924,#1925,#1926,
#1927,#1928,#1929,#1930,#1931,#1932,#1933,#1934,#1935,#1936,#1937,#1938,
#1939,#1940,#1941,#1942,#1943,#1944,#1945,#1946,#1947,#1948,#1949,#1950,
#1951,#1952,#1953,#1954,#1955,#1956,#1957,#1958));
#1960=DERIVED_UNIT_ELEMENT(#1962,1.);
#1961=DERIVED_UNIT_ELEMENT(#7223,-3.);
#1962=(
MASS_UNIT()
NAMED_UNIT(*)
SI_UNIT(.KILO.,.GRAM.)
);
#1963=DERIVED_UNIT((#1960,#1961));
#1964=MEASURE_REPRESENTATION_ITEM('density measure',
POSITIVE_RATIO_MEASURE(7850.),#1963);
#1965=PROPERTY_DEFINITION_REPRESENTATION(#1970,#1967);
#1966=PROPERTY_DEFINITION_REPRESENTATION(#1971,#1968);
#1967=REPRESENTATION('material name',(#1969),#7218);
#1968=REPRESENTATION('density',(#1964),#7218);
#1969=DESCRIPTIVE_REPRESENTATION_ITEM('Steel','Steel');
#1970=PROPERTY_DEFINITION('material property','material name',#7231);
#1971=PROPERTY_DEFINITION('material property','density of part',#7231);
#1972=AXIS2_PLACEMENT_3D('',#2543,#2129,#2130);
#1973=AXIS2_PLACEMENT_3D('',#2544,#2131,#2132);
#1974=AXIS2_PLACEMENT_3D('',#2554,#2134,#2135);
#1975=AXIS2_PLACEMENT_3D('',#2568,#2136,#2137);
#1976=AXIS2_PLACEMENT_3D('',#2616,#2139,#2140);
#1977=AXIS2_PLACEMENT_3D('',#2667,#2142,#2143);
#1978=AXIS2_PLACEMENT_3D('',#2718,#2145,#2146);
#1979=AXIS2_PLACEMENT_3D('',#2766,#2148,#2149);
#1980=AXIS2_PLACEMENT_3D('',#2817,#2151,#2152);
#1981=AXIS2_PLACEMENT_3D('',#2868,#2154,#2155);
#1982=AXIS2_PLACEMENT_3D('',#2916,#2157,#2158);
#1983=AXIS2_PLACEMENT_3D('',#2967,#2160,#2161);
#1984=AXIS2_PLACEMENT_3D('',#3018,#2163,#2164);
#1985=AXIS2_PLACEMENT_3D('',#3066,#2166,#2167);
#1986=AXIS2_PLACEMENT_3D('',#3117,#2169,#2170);
#1987=AXIS2_PLACEMENT_3D('',#3168,#2172,#2173);
#1988=AXIS2_PLACEMENT_3D('',#3216,#2175,#2176);
#1989=AXIS2_PLACEMENT_3D('',#3267,#2178,#2179);
#1990=AXIS2_PLACEMENT_3D('',#3286,#2181,#2182);
#1991=AXIS2_PLACEMENT_3D('',#3309,#2183,#2184);
#1992=AXIS2_PLACEMENT_3D('',#3323,#2186,#2187);
#1993=AXIS2_PLACEMENT_3D('',#3333,#2188,#2189);
#1994=AXIS2_PLACEMENT_3D('',#3358,#2191,#2192);
#1995=AXIS2_PLACEMENT_3D('',#3382,#2194,#2195);
#1996=AXIS2_PLACEMENT_3D('',#3407,#2197,#2198);
#1997=AXIS2_PLACEMENT_3D('',#3432,#2200,#2201);
#1998=AXIS2_PLACEMENT_3D('',#3456,#2203,#2204);
#1999=AXIS2_PLACEMENT_3D('',#3481,#2206,#2207);
#2000=AXIS2_PLACEMENT_3D('',#3506,#2209,#2210);
#2001=AXIS2_PLACEMENT_3D('',#3530,#2212,#2213);
#2002=AXIS2_PLACEMENT_3D('',#3555,#2215,#2216);
#2003=AXIS2_PLACEMENT_3D('',#3580,#2218,#2219);
#2004=AXIS2_PLACEMENT_3D('',#3604,#2221,#2222);
#2005=AXIS2_PLACEMENT_3D('',#3629,#2224,#2225);
#2006=AXIS2_PLACEMENT_3D('',#3654,#2227,#2228);
#2007=AXIS2_PLACEMENT_3D('',#3678,#2230,#2231);
#2008=AXIS2_PLACEMENT_3D('',#3689,#2233,#2234);
#2009=AXIS2_PLACEMENT_3D('',#3696,#2235,#2236);
#2010=AXIS2_PLACEMENT_3D('',#3706,#2238,#2239);
#2011=AXIS2_PLACEMENT_3D('',#3720,#2240,#2241);
#2012=AXIS2_PLACEMENT_3D('',#3768,#2243,#2244);
#2013=AXIS2_PLACEMENT_3D('',#3819,#2246,#2247);
#2014=AXIS2_PLACEMENT_3D('',#3870,#2249,#2250);
#2015=AXIS2_PLACEMENT_3D('',#3918,#2252,#2253);
#2016=AXIS2_PLACEMENT_3D('',#3969,#2255,#2256);
#2017=AXIS2_PLACEMENT_3D('',#4020,#2258,#2259);
#2018=AXIS2_PLACEMENT_3D('',#4068,#2261,#2262);
#2019=AXIS2_PLACEMENT_3D('',#4119,#2264,#2265);
#2020=AXIS2_PLACEMENT_3D('',#4170,#2267,#2268);
#2021=AXIS2_PLACEMENT_3D('',#4218,#2270,#2271);
#2022=AXIS2_PLACEMENT_3D('',#4269,#2273,#2274);
#2023=AXIS2_PLACEMENT_3D('',#4320,#2276,#2277);
#2024=AXIS2_PLACEMENT_3D('',#4368,#2279,#2280);
#2025=AXIS2_PLACEMENT_3D('',#4419,#2282,#2283);
#2026=AXIS2_PLACEMENT_3D('',#4438,#2285,#2286);
#2027=AXIS2_PLACEMENT_3D('',#4461,#2287,#2288);
#2028=AXIS2_PLACEMENT_3D('',#4475,#2290,#2291);
#2029=AXIS2_PLACEMENT_3D('',#4485,#2292,#2293);
#2030=AXIS2_PLACEMENT_3D('',#4510,#2295,#2296);
#2031=AXIS2_PLACEMENT_3D('',#4534,#2298,#2299);
#2032=AXIS2_PLACEMENT_3D('',#4559,#2301,#2302);
#2033=AXIS2_PLACEMENT_3D('',#4584,#2304,#2305);
#2034=AXIS2_PLACEMENT_3D('',#4608,#2307,#2308);
#2035=AXIS2_PLACEMENT_3D('',#4633,#2310,#2311);
#2036=AXIS2_PLACEMENT_3D('',#4658,#2313,#2314);
#2037=AXIS2_PLACEMENT_3D('',#4682,#2316,#2317);
#2038=AXIS2_PLACEMENT_3D('',#4707,#2319,#2320);
#2039=AXIS2_PLACEMENT_3D('',#4732,#2322,#2323);
#2040=AXIS2_PLACEMENT_3D('',#4756,#2325,#2326);
#2041=AXIS2_PLACEMENT_3D('',#4781,#2328,#2329);
#2042=AXIS2_PLACEMENT_3D('',#4806,#2331,#2332);
#2043=AXIS2_PLACEMENT_3D('',#4830,#2334,#2335);
#2044=AXIS2_PLACEMENT_3D('',#4841,#2337,#2338);
#2045=AXIS2_PLACEMENT_3D('',#4848,#2339,#2340);
#2046=AXIS2_PLACEMENT_3D('',#5913,#2341,#2342);
#2047=AXIS2_PLACEMENT_3D('',#5914,#2343,#2344);
#2048=AXIS2_PLACEMENT_3D('',#5915,#2345,#2346);
#2049=AXIS2_PLACEMENT_3D('',#6980,#2347,#2348);
#2050=AXIS2_PLACEMENT_3D('',#6981,#2349,#2350);
#2051=AXIS2_PLACEMENT_3D('',#6993,#2351,#2352);
#2052=AXIS2_PLACEMENT_3D('',#6995,#2353,#2354);
#2053=AXIS2_PLACEMENT_3D('',#6997,#2355,#2356);
#2054=AXIS2_PLACEMENT_3D('',#6998,#2357,#2358);
#2055=AXIS2_PLACEMENT_3D('',#6999,#2359,#2360);
#2056=AXIS2_PLACEMENT_3D('',#7002,#2361,#2362);
#2057=AXIS2_PLACEMENT_3D('',#7005,#2365,#2366);
#2058=AXIS2_PLACEMENT_3D('',#7008,#2367,#2368);
#2059=AXIS2_PLACEMENT_3D('',#7009,#2369,#2370);
#2060=AXIS2_PLACEMENT_3D('',#7010,#2371,#2372);
#2061=AXIS2_PLACEMENT_3D('',#7011,#2373,#2374);
#2062=AXIS2_PLACEMENT_3D('',#7014,#2375,#2376);
#2063=AXIS2_PLACEMENT_3D('',#7028,#2379,#2380);
#2064=AXIS2_PLACEMENT_3D('',#7029,#2381,#2382);
#2065=AXIS2_PLACEMENT_3D('',#7030,#2383,#2384);
#2066=AXIS2_PLACEMENT_3D('',#7031,#2385,#2386);
#2067=AXIS2_PLACEMENT_3D('',#7034,#2387,#2388);
#2068=AXIS2_PLACEMENT_3D('',#7048,#2391,#2392);
#2069=AXIS2_PLACEMENT_3D('',#7049,#2393,#2394);
#2070=AXIS2_PLACEMENT_3D('',#7050,#2395,#2396);
#2071=AXIS2_PLACEMENT_3D('',#7051,#2397,#2398);
#2072=AXIS2_PLACEMENT_3D('',#7054,#2399,#2400);
#2073=AXIS2_PLACEMENT_3D('',#7057,#2403,#2404);
#2074=AXIS2_PLACEMENT_3D('',#7060,#2405,#2406);
#2075=AXIS2_PLACEMENT_3D('',#7061,#2407,#2408);
#2076=AXIS2_PLACEMENT_3D('',#7062,#2409,#2410);
#2077=AXIS2_PLACEMENT_3D('',#7063,#2411,#2412);
#2078=AXIS2_PLACEMENT_3D('',#7066,#2413,#2414);
#2079=AXIS2_PLACEMENT_3D('',#7080,#2417,#2418);
#2080=AXIS2_PLACEMENT_3D('',#7081,#2419,#2420);
#2081=AXIS2_PLACEMENT_3D('',#7082,#2421,#2422);
#2082=AXIS2_PLACEMENT_3D('',#7083,#2423,#2424);
#2083=AXIS2_PLACEMENT_3D('',#7086,#2427,#2428);
#2084=AXIS2_PLACEMENT_3D('',#7092,#2432,#2433);
#2085=AXIS2_PLACEMENT_3D('',#7095,#2435,#2436);
#2086=AXIS2_PLACEMENT_3D('',#7096,#2437,#2438);
#2087=AXIS2_PLACEMENT_3D('',#7100,#2441,#2442);
#2088=AXIS2_PLACEMENT_3D('',#7103,#2444,#2445);
#2089=AXIS2_PLACEMENT_3D('',#7104,#2446,#2447);
#2090=AXIS2_PLACEMENT_3D('',#7108,#2450,#2451);
#2091=AXIS2_PLACEMENT_3D('',#7111,#2453,#2454);
#2092=AXIS2_PLACEMENT_3D('',#7112,#2455,#2456);
#2093=AXIS2_PLACEMENT_3D('',#7113,#2457,#2458);
#2094=AXIS2_PLACEMENT_3D('',#7115,#2459,#2460);
#2095=AXIS2_PLACEMENT_3D('',#7119,#2462,#2463);
#2096=AXIS2_PLACEMENT_3D('',#7132,#2465,#2466);
#2097=AXIS2_PLACEMENT_3D('',#7133,#2467,#2468);
#2098=AXIS2_PLACEMENT_3D('',#7134,#2469,#2470);
#2099=AXIS2_PLACEMENT_3D('',#7135,#2471,#2472);
#2100=AXIS2_PLACEMENT_3D('',#7138,#2473,#2474);
#2101=AXIS2_PLACEMENT_3D('',#7141,#2477,#2478);
#2102=AXIS2_PLACEMENT_3D('',#7144,#2479,#2480);
#2103=AXIS2_PLACEMENT_3D('',#7145,#2481,#2482);
#2104=AXIS2_PLACEMENT_3D('',#7146,#2483,#2484);
#2105=AXIS2_PLACEMENT_3D('',#7147,#2485,#2486);
#2106=AXIS2_PLACEMENT_3D('',#7150,#2487,#2488);
#2107=AXIS2_PLACEMENT_3D('',#7163,#2491,#2492);
#2108=AXIS2_PLACEMENT_3D('',#7164,#2493,#2494);
#2109=AXIS2_PLACEMENT_3D('',#7165,#2495,#2496);
#2110=AXIS2_PLACEMENT_3D('',#7166,#2497,#2498);
#2111=AXIS2_PLACEMENT_3D('',#7168,#2499,#2500);
#2112=AXIS2_PLACEMENT_3D('',#7180,#2502,#2503);
#2113=AXIS2_PLACEMENT_3D('',#7181,#2504,#2505);
#2114=AXIS2_PLACEMENT_3D('',#7182,#2506,#2507);
#2115=AXIS2_PLACEMENT_3D('',#7184,#2508,#2509);
#2116=AXIS2_PLACEMENT_3D('',#7186,#2511,#2512);
#2117=AXIS2_PLACEMENT_3D('',#7188,#2513,#2514);
#2118=AXIS2_PLACEMENT_3D('',#7189,#2515,#2516);
#2119=AXIS2_PLACEMENT_3D('',#7190,#2517,#2518);
#2120=AXIS2_PLACEMENT_3D('',#7192,#2519,#2520);
#2121=AXIS2_PLACEMENT_3D('',#7203,#2522,#2523);
#2122=AXIS2_PLACEMENT_3D('',#7204,#2524,#2525);
#2123=AXIS2_PLACEMENT_3D('',#7206,#2527,#2528);
#2124=AXIS2_PLACEMENT_3D('',#7208,#2530,#2531);
#2125=AXIS2_PLACEMENT_3D('',#7210,#2533,#2534);
#2126=AXIS2_PLACEMENT_3D('',#7212,#2536,#2537);
#2127=AXIS2_PLACEMENT_3D('',#7214,#2539,#2540);
#2128=AXIS2_PLACEMENT_3D('',#7215,#2541,#2542);
#2129=DIRECTION('axis',(0.,0.,1.));
#2130=DIRECTION('refdir',(1.,0.,0.));
#2131=DIRECTION('center_axis',(1.,0.,2.49772991669215E-16));
#2132=DIRECTION('ref_axis',(-2.36872740289954E-16,0.317219641777649,0.948352096465474));
#2133=DIRECTION('',(1.,0.,2.49772991669215E-16));
#2134=DIRECTION('center_axis',(-1.,0.,-2.49772991669215E-16));
#2135=DIRECTION('ref_axis',(0.,-1.,0.));
#2136=DIRECTION('center_axis',(1.,0.,2.49772991669215E-16));
#2137=DIRECTION('ref_axis',(0.,-1.,0.));
#2138=DIRECTION('',(1.,0.,2.49772991669215E-16));
#2139=DIRECTION('center_axis',(1.,0.,2.49772991669215E-16));
#2140=DIRECTION('ref_axis',(0.,-1.,0.));
#2141=DIRECTION('',(1.,0.,2.49772991669215E-16));
#2142=DIRECTION('center_axis',(1.,0.,2.49772991669215E-16));
#2143=DIRECTION('ref_axis',(0.,-1.,0.));
#2144=DIRECTION('',(1.,0.,2.49772991669215E-16));
#2145=DIRECTION('center_axis',(1.,0.,2.49772991669215E-16));
#2146=DIRECTION('ref_axis',(0.,-1.,0.));
#2147=DIRECTION('',(1.,0.,2.49772991669215E-16));
#2148=DIRECTION('center_axis',(1.,0.,2.49772991669215E-16));
#2149=DIRECTION('ref_axis',(0.,-1.,0.));
#2150=DIRECTION('',(1.,0.,2.49772991669215E-16));
#2151=DIRECTION('center_axis',(1.,0.,2.49772991669215E-16));
#2152=DIRECTION('ref_axis',(0.,-1.,0.));
#2153=DIRECTION('',(1.,0.,2.49772991669215E-16));
#2154=DIRECTION('center_axis',(1.,0.,2.49772991669215E-16));
#2155=DIRECTION('ref_axis',(0.,-1.,0.));
#2156=DIRECTION('',(1.,0.,2.49772991669215E-16));
#2157=DIRECTION('center_axis',(1.,0.,2.49772991669215E-16));
#2158=DIRECTION('ref_axis',(0.,-1.,0.));
#2159=DIRECTION('',(1.,0.,2.49772991669215E-16));
#2160=DIRECTION('center_axis',(1.,0.,2.49772991669215E-16));
#2161=DIRECTION('ref_axis',(0.,-1.,0.));
#2162=DIRECTION('',(1.,0.,2.49772991669215E-16));
#2163=DIRECTION('center_axis',(1.,0.,2.49772991669215E-16));
#2164=DIRECTION('ref_axis',(0.,-1.,0.));
#2165=DIRECTION('',(1.,0.,2.49772991669215E-16));
#2166=DIRECTION('center_axis',(1.,0.,2.49772991669215E-16));
#2167=DIRECTION('ref_axis',(0.,-1.,0.));
#2168=DIRECTION('',(1.,0.,2.49772991669215E-16));
#2169=DIRECTION('center_axis',(1.,0.,2.49772991669215E-16));
#2170=DIRECTION('ref_axis',(0.,-1.,0.));
#2171=DIRECTION('',(1.,0.,2.49772991669215E-16));
#2172=DIRECTION('center_axis',(1.,0.,2.49772991669215E-16));
#2173=DIRECTION('ref_axis',(0.,-1.,0.));
#2174=DIRECTION('',(1.,0.,2.49772991669215E-16));
#2175=DIRECTION('center_axis',(1.,0.,2.49772991669215E-16));
#2176=DIRECTION('ref_axis',(0.,-1.,0.));
#2177=DIRECTION('',(1.,0.,2.49772991669215E-16));
#2178=DIRECTION('center_axis',(1.,0.,2.49772991669215E-16));
#2179=DIRECTION('ref_axis',(7.91732739265923E-17,-0.948431912800525,-0.316980924949022));
#2180=DIRECTION('',(1.,0.,2.49772991669215E-16));
#2181=DIRECTION('center_axis',(1.,0.,2.49772991669215E-16));
#2182=DIRECTION('ref_axis',(0.,-1.,0.));
#2183=DIRECTION('center_axis',(1.,0.,2.49772991669215E-16));
#2184=DIRECTION('ref_axis',(-1.27138909383089E-16,-0.860755967634034,0.509017842695517));
#2185=DIRECTION('',(1.,-1.22464679914735E-16,2.49772991669206E-16));
#2186=DIRECTION('center_axis',(-1.,0.,-2.49772987948494E-16));
#2187=DIRECTION('ref_axis',(0.,-1.,-7.87285012327036E-14));
#2188=DIRECTION('center_axis',(1.,0.,2.49772991669215E-16));
#2189=DIRECTION('ref_axis',(0.,-1.,-7.87285012327036E-14));
#2190=DIRECTION('',(1.,-1.22464679914735E-16,2.49772991669206E-16));
#2191=DIRECTION('center_axis',(1.,0.,2.49772991669215E-16));
#2192=DIRECTION('ref_axis',(0.,-1.,-7.87285012327036E-14));
#2193=DIRECTION('',(1.,-1.22464679914735E-16,2.49772991669206E-16));
#2194=DIRECTION('center_axis',(1.,0.,2.49772991669215E-16));
#2195=DIRECTION('ref_axis',(0.,-1.,-7.87285012327036E-14));
#2196=DIRECTION('',(1.,-1.22464679914735E-16,2.49772991669206E-16));
#2197=DIRECTION('center_axis',(1.,0.,2.49772991669215E-16));
#2198=DIRECTION('ref_axis',(0.,-1.,-7.87285012327036E-14));
#2199=DIRECTION('',(1.,-1.22464679914735E-16,2.49772991669206E-16));
#2200=DIRECTION('center_axis',(1.,0.,2.49772991669215E-16));
#2201=DIRECTION('ref_axis',(0.,-1.,-7.87285012327036E-14));
#2202=DIRECTION('',(1.,-1.22464679914735E-16,2.49772991669206E-16));
#2203=DIRECTION('center_axis',(1.,0.,2.49772991669215E-16));
#2204=DIRECTION('ref_axis',(0.,-1.,-7.87285012327036E-14));
#2205=DIRECTION('',(1.,-1.22464679914735E-16,2.49772991669206E-16));
#2206=DIRECTION('center_axis',(1.,0.,2.49772991669215E-16));
#2207=DIRECTION('ref_axis',(0.,-1.,-7.87285012327036E-14));
#2208=DIRECTION('',(1.,-1.22464679914735E-16,2.49772991669206E-16));
#2209=DIRECTION('center_axis',(1.,0.,2.49772991669215E-16));
#2210=DIRECTION('ref_axis',(0.,-1.,-7.87285012327036E-14));
#2211=DIRECTION('',(1.,-1.22464679914735E-16,2.49772991669206E-16));
#2212=DIRECTION('center_axis',(1.,0.,2.49772991669215E-16));
#2213=DIRECTION('ref_axis',(0.,-1.,-7.87285012327036E-14));
#2214=DIRECTION('',(1.,-1.22464679914735E-16,2.49772991669206E-16));
#2215=DIRECTION('center_axis',(1.,0.,2.49772991669215E-16));
#2216=DIRECTION('ref_axis',(0.,-1.,-7.87285012327036E-14));
#2217=DIRECTION('',(1.,-1.22464679914735E-16,2.49772991669206E-16));
#2218=DIRECTION('center_axis',(1.,0.,2.49772991669215E-16));
#2219=DIRECTION('ref_axis',(0.,-1.,-7.87285012327036E-14));
#2220=DIRECTION('',(1.,-1.22464679914735E-16,2.49772991669206E-16));
#2221=DIRECTION('center_axis',(1.,0.,2.49772991669215E-16));
#2222=DIRECTION('ref_axis',(0.,-1.,-7.87285012327036E-14));
#2223=DIRECTION('',(1.,-1.22464679914735E-16,2.49772991669206E-16));
#2224=DIRECTION('center_axis',(1.,0.,2.49772991669215E-16));
#2225=DIRECTION('ref_axis',(0.,-1.,-7.87285012327036E-14));
#2226=DIRECTION('',(1.,-1.22464679914735E-16,2.49772991669206E-16));
#2227=DIRECTION('center_axis',(1.,0.,2.49772991669215E-16));
#2228=DIRECTION('ref_axis',(0.,-1.,-7.87285012327036E-14));
#2229=DIRECTION('',(1.,-1.22464679914735E-16,2.49772991669206E-16));
#2230=DIRECTION('center_axis',(1.,0.,2.49772991669215E-16));
#2231=DIRECTION('ref_axis',(2.14948704781667E-16,0.509321623481958,-0.860576251039792));
#2232=DIRECTION('',(1.,-1.22464679914735E-16,2.49772991669206E-16));
#2233=DIRECTION('center_axis',(1.,0.,2.49772991669215E-16));
#2234=DIRECTION('ref_axis',(0.,-1.,-7.87285012327036E-14));
#2235=DIRECTION('center_axis',(1.,0.,2.49772991669215E-16));
#2236=DIRECTION('ref_axis',(-2.3687304200108E-16,0.317216030522802,0.948353304406831));
#2237=DIRECTION('',(1.,0.,2.49772991669215E-16));
#2238=DIRECTION('center_axis',(-1.,0.,-2.49772991669215E-16));
#2239=DIRECTION('ref_axis',(0.,-1.,0.));
#2240=DIRECTION('center_axis',(1.,0.,2.49772991669215E-16));
#2241=DIRECTION('ref_axis',(0.,-1.,0.));
#2242=DIRECTION('',(1.,0.,2.49772991669215E-16));
#2243=DIRECTION('center_axis',(1.,0.,2.49772991669215E-16));
#2244=DIRECTION('ref_axis',(0.,-1.,0.));
#2245=DIRECTION('',(1.,0.,2.49772991669215E-16));
#2246=DIRECTION('center_axis',(1.,0.,2.49772991669215E-16));
#2247=DIRECTION('ref_axis',(0.,-1.,0.));
#2248=DIRECTION('',(1.,0.,2.49772991669215E-16));
#2249=DIRECTION('center_axis',(1.,0.,2.49772991669215E-16));
#2250=DIRECTION('ref_axis',(0.,-1.,0.));
#2251=DIRECTION('',(1.,0.,2.49772991669215E-16));
#2252=DIRECTION('center_axis',(1.,0.,2.49772991669215E-16));
#2253=DIRECTION('ref_axis',(0.,-1.,0.));
#2254=DIRECTION('',(1.,0.,2.49772991669215E-16));
#2255=DIRECTION('center_axis',(1.,0.,2.49772991669215E-16));
#2256=DIRECTION('ref_axis',(0.,-1.,0.));
#2257=DIRECTION('',(1.,0.,2.49772991669215E-16));
#2258=DIRECTION('center_axis',(1.,0.,2.49772991669215E-16));
#2259=DIRECTION('ref_axis',(0.,-1.,0.));
#2260=DIRECTION('',(1.,0.,2.49772991669215E-16));
#2261=DIRECTION('center_axis',(1.,0.,2.49772991669215E-16));
#2262=DIRECTION('ref_axis',(0.,-1.,0.));
#2263=DIRECTION('',(1.,0.,2.49772991669215E-16));
#2264=DIRECTION('center_axis',(1.,0.,2.49772991669215E-16));
#2265=DIRECTION('ref_axis',(0.,-1.,0.));
#2266=DIRECTION('',(1.,0.,2.49772991669215E-16));
#2267=DIRECTION('center_axis',(1.,0.,2.49772991669215E-16));
#2268=DIRECTION('ref_axis',(0.,-1.,0.));
#2269=DIRECTION('',(1.,0.,2.49772991669215E-16));
#2270=DIRECTION('center_axis',(1.,0.,2.49772991669215E-16));
#2271=DIRECTION('ref_axis',(0.,-1.,0.));
#2272=DIRECTION('',(1.,0.,2.49772991669215E-16));
#2273=DIRECTION('center_axis',(1.,0.,2.49772991669215E-16));
#2274=DIRECTION('ref_axis',(0.,-1.,0.));
#2275=DIRECTION('',(1.,0.,2.49772991669215E-16));
#2276=DIRECTION('center_axis',(1.,0.,2.49772991669215E-16));
#2277=DIRECTION('ref_axis',(0.,-1.,0.));
#2278=DIRECTION('',(1.,0.,2.49772991669215E-16));
#2279=DIRECTION('center_axis',(1.,0.,2.49772991669215E-16));
#2280=DIRECTION('ref_axis',(0.,-1.,0.));
#2281=DIRECTION('',(1.,0.,2.49772991669215E-16));
#2282=DIRECTION('center_axis',(1.,0.,2.49772991669215E-16));
#2283=DIRECTION('ref_axis',(7.91731941044391E-17,-0.948432019608748,-0.316980605370221));
#2284=DIRECTION('',(1.,0.,2.49772991669215E-16));
#2285=DIRECTION('center_axis',(1.,0.,2.49772991669215E-16));
#2286=DIRECTION('ref_axis',(0.,-1.,0.));
#2287=DIRECTION('center_axis',(1.,0.,2.49772991669215E-16));
#2288=DIRECTION('ref_axis',(-1.27138881409524E-16,-0.860756033864108,0.50901773069956));
#2289=DIRECTION('',(1.,-1.22464679914735E-16,2.49772991669206E-16));
#2290=DIRECTION('center_axis',(-1.,0.,-2.49772987948494E-16));
#2291=DIRECTION('ref_axis',(0.,-1.,-7.87110851331544E-14));
#2292=DIRECTION('center_axis',(1.,0.,2.49772991669215E-16));
#2293=DIRECTION('ref_axis',(0.,-1.,-7.87110851331544E-14));
#2294=DIRECTION('',(1.,-1.22464679914735E-16,2.49772991669206E-16));
#2295=DIRECTION('center_axis',(1.,0.,2.49772991669215E-16));
#2296=DIRECTION('ref_axis',(0.,-1.,-7.87110851331544E-14));
#2297=DIRECTION('',(1.,-1.22464679914735E-16,2.49772991669206E-16));
#2298=DIRECTION('center_axis',(1.,0.,2.49772991669215E-16));
#2299=DIRECTION('ref_axis',(0.,-1.,-7.87110851331544E-14));
#2300=DIRECTION('',(1.,-1.22464679914735E-16,2.49772991669206E-16));
#2301=DIRECTION('center_axis',(1.,0.,2.49772991669215E-16));
#2302=DIRECTION('ref_axis',(0.,-1.,-7.87110851331544E-14));
#2303=DIRECTION('',(1.,-1.22464679914735E-16,2.49772991669206E-16));
#2304=DIRECTION('center_axis',(1.,0.,2.49772991669215E-16));
#2305=DIRECTION('ref_axis',(0.,-1.,-7.87110851331544E-14));
#2306=DIRECTION('',(1.,-1.22464679914735E-16,2.49772991669206E-16));
#2307=DIRECTION('center_axis',(1.,0.,2.49772991669215E-16));
#2308=DIRECTION('ref_axis',(0.,-1.,-7.87110851331544E-14));
#2309=DIRECTION('',(1.,-1.22464679914735E-16,2.49772991669206E-16));
#2310=DIRECTION('center_axis',(1.,0.,2.49772991669215E-16));
#2311=DIRECTION('ref_axis',(0.,-1.,-7.87110851331544E-14));
#2312=DIRECTION('',(1.,-1.22464679914735E-16,2.49772991669206E-16));
#2313=DIRECTION('center_axis',(1.,0.,2.49772991669215E-16));
#2314=DIRECTION('ref_axis',(0.,-1.,-7.87110851331544E-14));
#2315=DIRECTION('',(1.,-1.22464679914735E-16,2.49772991669206E-16));
#2316=DIRECTION('center_axis',(1.,0.,2.49772991669215E-16));
#2317=DIRECTION('ref_axis',(0.,-1.,-7.87110851331544E-14));
#2318=DIRECTION('',(1.,-1.22464679914735E-16,2.49772991669206E-16));
#2319=DIRECTION('center_axis',(1.,0.,2.49772991669215E-16));
#2320=DIRECTION('ref_axis',(0.,-1.,-7.87110851331544E-14));
#2321=DIRECTION('',(1.,-1.22464679914735E-16,2.49772991669206E-16));
#2322=DIRECTION('center_axis',(1.,0.,2.49772991669215E-16));
#2323=DIRECTION('ref_axis',(0.,-1.,-7.87110851331544E-14));
#2324=DIRECTION('',(1.,-1.22464679914735E-16,2.49772991669206E-16));
#2325=DIRECTION('center_axis',(1.,0.,2.49772991669215E-16));
#2326=DIRECTION('ref_axis',(0.,-1.,-7.87110851331544E-14));
#2327=DIRECTION('',(1.,-1.22464679914735E-16,2.49772991669206E-16));
#2328=DIRECTION('center_axis',(1.,0.,2.49772991669215E-16));
#2329=DIRECTION('ref_axis',(0.,-1.,-7.87110851331544E-14));
#2330=DIRECTION('',(1.,-1.22464679914735E-16,2.49772991669206E-16));
#2331=DIRECTION('center_axis',(1.,0.,2.49772991669215E-16));
#2332=DIRECTION('ref_axis',(0.,-1.,-7.87110851331544E-14));
#2333=DIRECTION('',(1.,-1.22464679914735E-16,2.49772991669206E-16));
#2334=DIRECTION('center_axis',(1.,0.,2.49772991669215E-16));
#2335=DIRECTION('ref_axis',(2.14948747647301E-16,0.509321333506542,-0.860576422658161));
#2336=DIRECTION('',(1.,-1.22464679914735E-16,2.49772991669206E-16));
#2337=DIRECTION('center_axis',(1.,0.,2.49772991669215E-16));
#2338=DIRECTION('ref_axis',(0.,-1.,-7.87110851331544E-14));
#2339=DIRECTION('center_axis',(1.,0.,2.49772991669215E-16));
#2340=DIRECTION('ref_axis',(0.,-1.,-7.87110851331544E-14));
#2341=DIRECTION('center_axis',(1.,0.,2.49772991669215E-16));
#2342=DIRECTION('ref_axis',(0.,-1.,0.));
#2343=DIRECTION('center_axis',(1.,0.,2.49772991669215E-16));
#2344=DIRECTION('ref_axis',(0.,-1.,0.));
#2345=DIRECTION('center_axis',(1.,0.,2.49772991669215E-16));
#2346=DIRECTION('ref_axis',(0.,-1.,-7.87285012327036E-14));
#2347=DIRECTION('center_axis',(1.,0.,2.49772991669215E-16));
#2348=DIRECTION('ref_axis',(0.,-1.,0.));
#2349=DIRECTION('center_axis',(1.,0.,2.49772991669215E-16));
#2350=DIRECTION('ref_axis',(0.,-1.,0.));
#2351=DIRECTION('center_axis',(0.,0.,1.));
#2352=DIRECTION('ref_axis',(0.,1.,0.));
#2353=DIRECTION('center_axis',(0.,1.,0.));
#2354=DIRECTION('ref_axis',(-0.707106781186547,0.,0.707106781186547));
#2355=DIRECTION('center_axis',(-1.,0.,0.));
#2356=DIRECTION('ref_axis',(0.,0.,1.));
#2357=DIRECTION('center_axis',(0.,-1.,0.));
#2358=DIRECTION('ref_axis',(-0.707106781186547,0.,0.707106781186547));
#2359=DIRECTION('center_axis',(-1.,0.,0.));
#2360=DIRECTION('ref_axis',(0.,0.707106781186549,0.707106781186546));
#2361=DIRECTION('center_axis',(-1.,0.,0.));
#2362=DIRECTION('ref_axis',(0.,0.,1.));
#2363=DIRECTION('',(-1.,0.,0.));
#2364=DIRECTION('',(1.,0.,0.));
#2365=DIRECTION('center_axis',(0.,1.,0.));
#2366=DIRECTION('ref_axis',(0.,0.,1.));
#2367=DIRECTION('center_axis',(8.74191357972572E-16,0.,1.));
#2368=DIRECTION('ref_axis',(1.,0.,-8.74191357972572E-16));
#2369=DIRECTION('center_axis',(0.,-1.,0.));
#2370=DIRECTION('ref_axis',(0.707106781186547,0.,0.707106781186547));
#2371=DIRECTION('center_axis',(0.,1.,0.));
#2372=DIRECTION('ref_axis',(0.707106781186548,0.,0.707106781186548));
#2373=DIRECTION('center_axis',(0.,0.,1.));
#2374=DIRECTION('ref_axis',(0.707106781186547,0.707106781186547,0.));
#2375=DIRECTION('center_axis',(0.,0.,1.));
#2376=DIRECTION('ref_axis',(1.,0.,0.));
#2377=DIRECTION('',(0.,0.,1.));
#2378=DIRECTION('',(0.,0.,-1.));
#2379=DIRECTION('center_axis',(1.,0.,0.));
#2380=DIRECTION('ref_axis',(0.,0.,-1.));
#2381=DIRECTION('center_axis',(0.,-1.,0.));
#2382=DIRECTION('ref_axis',(0.707106781186548,0.,-0.707106781186548));
#2383=DIRECTION('center_axis',(0.,1.,0.));
#2384=DIRECTION('ref_axis',(0.707106781186548,0.,-0.707106781186548));
#2385=DIRECTION('center_axis',(1.,0.,0.));
#2386=DIRECTION('ref_axis',(0.,0.707106781186552,-0.707106781186543));
#2387=DIRECTION('center_axis',(1.,0.,0.));
#2388=DIRECTION('ref_axis',(0.,0.,-1.));
#2389=DIRECTION('',(1.,0.,0.));
#2390=DIRECTION('',(-1.,0.,0.));
#2391=DIRECTION('center_axis',(0.,0.,-1.));
#2392=DIRECTION('ref_axis',(-1.,0.,0.));
#2393=DIRECTION('center_axis',(0.,-1.,0.));
#2394=DIRECTION('ref_axis',(-0.707106781186548,0.,-0.707106781186548));
#2395=DIRECTION('center_axis',(0.,1.,0.));
#2396=DIRECTION('ref_axis',(-0.707106781186548,0.,-0.707106781186548));
#2397=DIRECTION('center_axis',(3.88529492432251E-16,0.,-1.));
#2398=DIRECTION('ref_axis',(-0.707106781186543,0.707106781186552,0.));
#2399=DIRECTION('center_axis',(0.,0.,-1.));
#2400=DIRECTION('ref_axis',(-1.,0.,0.));
#2401=DIRECTION('',(3.88529492432251E-16,0.,-1.));
#2402=DIRECTION('',(-3.88529492432251E-16,0.,1.));
#2403=DIRECTION('center_axis',(0.,1.,0.));
#2404=DIRECTION('ref_axis',(0.,0.,1.));
#2405=DIRECTION('center_axis',(1.,0.,0.));
#2406=DIRECTION('ref_axis',(0.,0.,-1.));
#2407=DIRECTION('center_axis',(0.,1.,0.));
#2408=DIRECTION('ref_axis',(0.707106781186548,0.,0.707106781186548));
#2409=DIRECTION('center_axis',(0.,-1.,0.));
#2410=DIRECTION('ref_axis',(0.707106781186548,0.,0.707106781186548));
#2411=DIRECTION('center_axis',(1.,0.,3.27821759239712E-16));
#2412=DIRECTION('ref_axis',(0.,0.707106781186549,-0.707106781186546));
#2413=DIRECTION('center_axis',(1.,0.,0.));
#2414=DIRECTION('ref_axis',(0.,0.,-1.));
#2415=DIRECTION('',(1.,0.,3.27821759239712E-16));
#2416=DIRECTION('',(-1.,0.,-3.27821759239712E-16));
#2417=DIRECTION('center_axis',(-1.74838271594513E-15,0.,-1.));
#2418=DIRECTION('ref_axis',(-1.,0.,1.74838271594513E-15));
#2419=DIRECTION('center_axis',(0.,-1.,0.));
#2420=DIRECTION('ref_axis',(-0.707106781186548,0.,-0.707106781186547));
#2421=DIRECTION('center_axis',(0.,1.,0.));
#2422=DIRECTION('ref_axis',(-0.707106781186548,0.,-0.707106781186547));
#2423=DIRECTION('center_axis',(2.49772991669215E-16,0.,-1.));
#2424=DIRECTION('ref_axis',(-0.707106781186545,0.70710678118655,0.));
#2425=DIRECTION('',(-2.49772991669215E-16,0.,1.));
#2426=DIRECTION('',(2.49772991669215E-16,0.,-1.));
#2427=DIRECTION('center_axis',(0.,0.,-1.));
#2428=DIRECTION('ref_axis',(1.,0.,0.));
#2429=DIRECTION('',(0.,-1.,0.));
#2430=DIRECTION('',(1.,0.,0.));
#2431=DIRECTION('',(0.,-1.,0.));
#2432=DIRECTION('center_axis',(0.,-1.,0.));
#2433=DIRECTION('ref_axis',(1.,0.,0.));
#2434=DIRECTION('',(0.,-1.,0.));
#2435=DIRECTION('center_axis',(0.,-1.,0.));
#2436=DIRECTION('ref_axis',(0.707106781186548,0.,-0.707106781186548));
#2437=DIRECTION('center_axis',(1.,0.,0.));
#2438=DIRECTION('ref_axis',(0.,0.,1.));
#2439=DIRECTION('',(0.,-1.,0.));
#2440=DIRECTION('',(0.,0.,1.));
#2441=DIRECTION('center_axis',(0.,-1.,0.));
#2442=DIRECTION('ref_axis',(3.49676543189026E-16,0.,1.));
#2443=DIRECTION('',(0.,-1.,0.));
#2444=DIRECTION('center_axis',(0.,-1.,0.));
#2445=DIRECTION('ref_axis',(0.707106781186548,0.,0.707106781186548));
#2446=DIRECTION('center_axis',(0.,0.,1.));
#2447=DIRECTION('ref_axis',(-1.,0.,0.));
#2448=DIRECTION('',(0.,-1.,0.));
#2449=DIRECTION('',(-1.,0.,0.));
#2450=DIRECTION('center_axis',(0.,-1.,0.));
#2451=DIRECTION('ref_axis',(-1.,0.,0.));
#2452=DIRECTION('',(0.,-1.,0.));
#2453=DIRECTION('center_axis',(0.,-1.,0.));
#2454=DIRECTION('ref_axis',(-0.707106781186547,0.,0.707106781186547));
#2455=DIRECTION('center_axis',(0.,1.,0.));
#2456=DIRECTION('ref_axis',(-1.,0.,0.));
#2457=DIRECTION('center_axis',(2.49772991669215E-16,0.,-1.));
#2458=DIRECTION('ref_axis',(-0.707106781186548,-0.707106781186548,0.));
#2459=DIRECTION('center_axis',(-8.74191357972566E-16,0.,-1.));
#2460=DIRECTION('ref_axis',(0.,-1.,0.));
#2461=DIRECTION('',(2.49772991669215E-16,0.,-1.));
#2462=DIRECTION('center_axis',(0.,0.,1.));
#2463=DIRECTION('ref_axis',(-1.,0.,0.));
#2464=DIRECTION('',(-2.49772991669215E-16,0.,1.));
#2465=DIRECTION('center_axis',(-1.,0.,0.));
#2466=DIRECTION('ref_axis',(0.,0.,-1.));
#2467=DIRECTION('center_axis',(0.,1.,0.));
#2468=DIRECTION('ref_axis',(-0.707106781186548,0.,-0.707106781186547));
#2469=DIRECTION('center_axis',(0.,-1.,0.));
#2470=DIRECTION('ref_axis',(-0.707106781186548,0.,-0.707106781186547));
#2471=DIRECTION('center_axis',(1.,0.,3.27821759239712E-16));
#2472=DIRECTION('ref_axis',(0.,-0.707106781186547,-0.707106781186548));
#2473=DIRECTION('center_axis',(-1.,0.,0.));
#2474=DIRECTION('ref_axis',(0.,0.,-1.));
#2475=DIRECTION('',(-1.,0.,-3.27821759239712E-16));
#2476=DIRECTION('',(1.,0.,3.27821759239712E-16));
#2477=DIRECTION('center_axis',(0.,1.,0.));
#2478=DIRECTION('ref_axis',(0.,0.,1.));
#2479=DIRECTION('center_axis',(0.,0.,1.));
#2480=DIRECTION('ref_axis',(-1.,0.,0.));
#2481=DIRECTION('center_axis',(0.,-1.,0.));
#2482=DIRECTION('ref_axis',(0.707106781186548,0.,0.707106781186548));
#2483=DIRECTION('center_axis',(0.,1.,0.));
#2484=DIRECTION('ref_axis',(0.707106781186548,0.,0.707106781186548));
#2485=DIRECTION('center_axis',(3.88529492432251E-16,0.,-1.));
#2486=DIRECTION('ref_axis',(-0.707106781186545,-0.70710678118655,0.));
#2487=DIRECTION('center_axis',(0.,0.,1.));
#2488=DIRECTION('ref_axis',(-1.,0.,0.));
#2489=DIRECTION('',(-3.88529492432251E-16,0.,1.));
#2490=DIRECTION('',(3.88529492432251E-16,0.,-1.));
#2491=DIRECTION('center_axis',(-1.,0.,0.));
#2492=DIRECTION('ref_axis',(0.,0.,-1.));
#2493=DIRECTION('center_axis',(0.,1.,0.));
#2494=DIRECTION('ref_axis',(-0.707106781186548,0.,-0.707106781186548));
#2495=DIRECTION('center_axis',(0.,-1.,0.));
#2496=DIRECTION('ref_axis',(-0.707106781186548,0.,-0.707106781186548));
#2497=DIRECTION('center_axis',(1.,0.,0.));
#2498=DIRECTION('ref_axis',(0.,-0.70710678118655,-0.707106781186545));
#2499=DIRECTION('center_axis',(-1.,0.,0.));
#2500=DIRECTION('ref_axis',(0.,0.,-1.));
#2501=DIRECTION('',(-1.,0.,0.));
#2502=DIRECTION('center_axis',(0.,0.,-1.));
#2503=DIRECTION('ref_axis',(1.,0.,0.));
#2504=DIRECTION('center_axis',(0.,1.,0.));
#2505=DIRECTION('ref_axis',(0.707106781186548,0.,-0.707106781186548));
#2506=DIRECTION('center_axis',(0.,0.,1.));
#2507=DIRECTION('ref_axis',(0.70710678118655,-0.707106781186545,0.));
#2508=DIRECTION('center_axis',(8.74191357972566E-16,0.,-1.));
#2509=DIRECTION('ref_axis',(1.,0.,8.74191357972566E-16));
#2510=DIRECTION('',(0.,0.,-1.));
#2511=DIRECTION('center_axis',(0.,-1.,0.));
#2512=DIRECTION('ref_axis',(0.,0.,-1.));
#2513=DIRECTION('center_axis',(1.,0.,3.49676543189026E-15));
#2514=DIRECTION('ref_axis',(-3.49676543189026E-15,0.,1.));
#2515=DIRECTION('center_axis',(0.,1.,0.));
#2516=DIRECTION('ref_axis',(0.707106781186547,0.,0.707106781186547));
#2517=DIRECTION('center_axis',(-1.,0.,0.));
#2518=DIRECTION('ref_axis',(0.,-0.707106781186546,0.707106781186549));
#2519=DIRECTION('center_axis',(1.,0.,0.));
#2520=DIRECTION('ref_axis',(0.,0.,1.));
#2521=DIRECTION('',(1.,0.,0.));
#2522=DIRECTION('center_axis',(0.,1.,0.));
#2523=DIRECTION('ref_axis',(-0.707106781186547,0.,0.707106781186547));
#2524=DIRECTION('center_axis',(0.,-1.,0.));
#2525=DIRECTION('ref_axis',(0.,0.,-1.));
#2526=DIRECTION('',(0.,-1.,0.));
#2527=DIRECTION('center_axis',(-1.,0.,-3.88529492432251E-16));
#2528=DIRECTION('ref_axis',(3.88529492432251E-16,0.,-1.));
#2529=DIRECTION('',(0.,-1.,0.));
#2530=DIRECTION('center_axis',(0.,-1.,0.));
#2531=DIRECTION('ref_axis',(0.,0.,1.));
#2532=DIRECTION('',(0.,-1.,0.));
#2533=DIRECTION('center_axis',(3.27821759239712E-16,0.,-1.));
#2534=DIRECTION('ref_axis',(1.,0.,3.27821759239712E-16));
#2535=DIRECTION('',(0.,-1.,0.));
#2536=DIRECTION('center_axis',(0.,-1.,0.));
#2537=DIRECTION('ref_axis',(0.,0.,-1.));
#2538=DIRECTION('',(0.,-1.,0.));
#2539=DIRECTION('center_axis',(-1.,0.,-2.49772991669215E-16));
#2540=DIRECTION('ref_axis',(2.49772991669215E-16,0.,-1.));
#2541=DIRECTION('center_axis',(0.,1.,0.));
#2542=DIRECTION('ref_axis',(-1.,0.,0.));
#2543=CARTESIAN_POINT('',(0.,0.,0.));
#2544=CARTESIAN_POINT('Origin',(1.00010265260602,2.,1.75909181000546E-8));
#2545=CARTESIAN_POINT('',(1.23768194660003,2.06724400559322,6.36317584781798E-5));
#2546=CARTESIAN_POINT('',(1.24689835861202,2.06716473539734,-8.93785372383556E-5));
#2547=CARTESIAN_POINT('',(1.00010265260602,2.06725,1.75909181082903E-8));
#2548=CARTESIAN_POINT('',(1.25010265260602,2.05376930128393,0.0403909168064355));
#2549=CARTESIAN_POINT('Ctrl Pts',(1.24689835861202,2.06716473539734,-8.93785372383556E-5));
#2550=CARTESIAN_POINT('Ctrl Pts',(1.24796645661002,2.06705901959745,0.0143468723727529));
#2551=CARTESIAN_POINT('Ctrl Pts',(1.24903455460802,2.06244340218237,0.028843752627517));
#2552=CARTESIAN_POINT('Ctrl Pts',(1.25010265260602,2.05376930128393,0.0403909168064355));
#2553=CARTESIAN_POINT('',(1.25010265260602,1.94628856928215,0.0404168841184324));
#2554=CARTESIAN_POINT('Origin',(1.25010265260602,2.,1.75909181624978E-8));
#2555=CARTESIAN_POINT('Ctrl Pts',(1.25010265260602,1.94628856928215,0.0404168841184324));
#2556=CARTESIAN_POINT('Ctrl Pts',(1.24964992627439,1.94992371884639,0.0453525972471689));
#2557=CARTESIAN_POINT('Ctrl Pts',(1.24919719994276,1.95420822473566,0.0497843574548369));
#2558=CARTESIAN_POINT('Ctrl Pts',(1.24874447361112,1.95904571615247,0.0534925935633433));
#2559=CARTESIAN_POINT('Ctrl Pts',(1.24709879103355,1.97663023639693,0.066972214983381));
#2560=CARTESIAN_POINT('Ctrl Pts',(1.24545310845597,2.00152167741496,0.0708914898716484));
#2561=CARTESIAN_POINT('Ctrl Pts',(1.2438074258784,2.02241451423757,0.0635149323546656));
#2562=CARTESIAN_POINT('Ctrl Pts',(1.24216174330082,2.04330735106019,0.0561383748376829));
#2563=CARTESIAN_POINT('Ctrl Pts',(1.24051606072325,2.06020158368739,0.0374659849154504));
#2564=CARTESIAN_POINT('Ctrl Pts',(1.23887037814568,2.06544356750005,0.0159454837670878));
#2565=CARTESIAN_POINT('Ctrl Pts',(1.23847423429713,2.06670540235805,0.0107651323045392));
#2566=CARTESIAN_POINT('Ctrl Pts',(1.23807809044858,2.06729205119864,0.00541974790229716));
#2567=CARTESIAN_POINT('Ctrl Pts',(1.23768194660003,2.06724400559322,6.36317584781798E-5));
#2568=CARTESIAN_POINT('Origin',(1.00010265260602,2.,1.75909181000546E-8));
#2569=CARTESIAN_POINT('',(1.20643194660003,2.06715157193029,-2.45096665009753E-5));
#2570=CARTESIAN_POINT('',(1.21564835861202,2.06735722883547,-8.17730548243759E-6));
#2571=CARTESIAN_POINT('',(1.00010265260602,2.06725,1.75909181082903E-8));
#2572=CARTESIAN_POINT('Ctrl Pts',(1.21564835861202,2.06735722883547,-8.17730548243759E-6));
#2573=CARTESIAN_POINT('Ctrl Pts',(1.21725902781124,2.06731789057621,0.0216740456373068));
#2574=CARTESIAN_POINT('Ctrl Pts',(1.21886969701046,2.05589600833948,0.0433907859578438));
#2575=CARTESIAN_POINT('Ctrl Pts',(1.22048036620968,2.03799255166994,0.0556206476781564));
#2576=CARTESIAN_POINT('Ctrl Pts',(1.22212604878726,2.01969990241975,0.0681163670779015));
#2577=CARTESIAN_POINT('Ctrl Pts',(1.22377173136483,1.99464081764355,0.0707082655685251));
#2578=CARTESIAN_POINT('Ctrl Pts',(1.2254174139424,1.97418011914354,0.0622150949027631));
#2579=CARTESIAN_POINT('Ctrl Pts',(1.22706309651998,1.95371942064353,0.0537219242370014));
#2580=CARTESIAN_POINT('Ctrl Pts',(1.22870877909755,1.9378571084197,0.034143684414855));
#2581=CARTESIAN_POINT('Ctrl Pts',(1.23035446167513,1.93378763024733,0.0123709968409472));
#2582=CARTESIAN_POINT('Ctrl Pts',(1.2320001442527,1.92971815207496,-0.00940169073296114));
#2583=CARTESIAN_POINT('Ctrl Pts',(1.23364582683028,1.93744150795405,-0.033368826058631));
#2584=CARTESIAN_POINT('Ctrl Pts',(1.23529150940785,1.9534540576128,-0.0486829574308842));
#2585=CARTESIAN_POINT('Ctrl Pts',(1.23693719198543,1.96946660727155,-0.0639970888031375));
#2586=CARTESIAN_POINT('Ctrl Pts',(1.238582874563,1.99376835070997,-0.0706582162219743));
#2587=CARTESIAN_POINT('Ctrl Pts',(1.24022855714058,2.0153399101633,-0.0656002577718904));
#2588=CARTESIAN_POINT('Ctrl Pts',(1.24187423971815,2.03691146961663,-0.0605422993218066));
#2589=CARTESIAN_POINT('Ctrl Pts',(1.24351992229573,2.05575284508488,-0.0437652550028022));
#2590=CARTESIAN_POINT('Ctrl Pts',(1.2451656048733,2.06330847973629,-0.0229798028872339));
#2591=CARTESIAN_POINT('Ctrl Pts',(1.24574318945287,2.06596027791597,-0.0156847407743967));
#2592=CARTESIAN_POINT('Ctrl Pts',(1.24632077403245,2.067221902264,-0.00789592431119826));
#2593=CARTESIAN_POINT('Ctrl Pts',(1.24689835861202,2.06716473539734,-8.93785372383556E-5));
#2594=CARTESIAN_POINT('Ctrl Pts',(1.23768194660003,2.06724400559322,6.36317584781798E-5));
#2595=CARTESIAN_POINT('Ctrl Pts',(1.236432407871,2.0670924575004,-0.0168309245582762));
#2596=CARTESIAN_POINT('Ctrl Pts',(1.23518286914198,2.06062612819755,-0.0338322544579529));
#2597=CARTESIAN_POINT('Ctrl Pts',(1.23393333041295,2.04911575284382,-0.046097968505546));
#2598=CARTESIAN_POINT('Ctrl Pts',(1.23228764783538,2.03395621937681,-0.0622523072553237));
#2599=CARTESIAN_POINT('Ctrl Pts',(1.2306419652578,2.01004741744469,-0.070192372380386));
#2600=CARTESIAN_POINT('Ctrl Pts',(1.22899628268023,1.98823486177847,-0.0663224441429531));
#2601=CARTESIAN_POINT('Ctrl Pts',(1.22735060010265,1.96642230611224,-0.0624525159055202));
#2602=CARTESIAN_POINT('Ctrl Pts',(1.22570491752508,1.94670599671191,-0.0467725943055923));
#2603=CARTESIAN_POINT('Ctrl Pts',(1.2240592349475,1.93802675923934,-0.0263912747054298));
#2604=CARTESIAN_POINT('Ctrl Pts',(1.22241355236993,1.92934752176677,-0.00600995510526676));
#2605=CARTESIAN_POINT('Ctrl Pts',(1.22076786979235,1.93170535622197,0.0190727624951311));
#2606=CARTESIAN_POINT('Ctrl Pts',(1.21912218721478,1.94403147553285,0.0374797471959418));
#2607=CARTESIAN_POINT('Ctrl Pts',(1.21747650463721,1.95635759484373,0.055886731896752));
#2608=CARTESIAN_POINT('Ctrl Pts',(1.21583082205963,1.97865199901029,0.0676179836979754));
#2609=CARTESIAN_POINT('Ctrl Pts',(1.21418513948206,2.00080323321984,0.0673537348254947));
#2610=CARTESIAN_POINT('Ctrl Pts',(1.21253945690448,2.02295446742939,0.067089485953014));
#2611=CARTESIAN_POINT('Ctrl Pts',(1.21089377432691,2.04496253168194,0.0548297364068295));
#2612=CARTESIAN_POINT('Ctrl Pts',(1.20924809174933,2.05684626455752,0.0361342878346947));
#2613=CARTESIAN_POINT('Ctrl Pts',(1.20830937669956,2.06362487365854,0.0254702028063974));
#2614=CARTESIAN_POINT('Ctrl Pts',(1.2073706616498,2.06710934490293,0.012712144457207));
#2615=CARTESIAN_POINT('Ctrl Pts',(1.20643194660003,2.06715157193029,-2.45096665009753E-5));
#2616=CARTESIAN_POINT('Origin',(1.00010265260602,2.,1.75909181000546E-8));
#2617=CARTESIAN_POINT('',(1.17518194660003,2.06733197551298,-3.70975667383583E-5));
#2618=CARTESIAN_POINT('',(1.18439835861202,2.06720319957042,5.4868827533877E-5));
#2619=CARTESIAN_POINT('',(1.00010265260602,2.06725,1.75909181082903E-8));
#2620=CARTESIAN_POINT('Ctrl Pts',(1.18439835861202,2.06720319957042,5.4868827533877E-5));
#2621=CARTESIAN_POINT('Ctrl Pts',(1.18490591643489,2.06725679298344,0.00692818916524585));
#2622=CARTESIAN_POINT('Ctrl Pts',(1.18541347425775,2.06628567059891,0.0137867293458767));
#2623=CARTESIAN_POINT('Ctrl Pts',(1.18592103208061,2.06422647058557,0.0203013376130702));
#2624=CARTESIAN_POINT('Ctrl Pts',(1.18756671465819,2.0575498133989,0.0414240094389858));
#2625=CARTESIAN_POINT('Ctrl Pts',(1.18921239723576,2.03943434289571,0.0589309714595732));
#2626=CARTESIAN_POINT('Ctrl Pts',(1.19085807981334,2.01809596114078,0.0648823503910053));
#2627=CARTESIAN_POINT('Ctrl Pts',(1.19250376239091,1.99675757938585,0.0708337293224374));
#2628=CARTESIAN_POINT('Ctrl Pts',(1.19414944496849,1.97219628637917,0.0652295251647145));
#2629=CARTESIAN_POINT('Ctrl Pts',(1.19579512754606,1.95555134930318,0.050611310698836));
#2630=CARTESIAN_POINT('Ctrl Pts',(1.19744081012364,1.93890641222719,0.035993096232957));
#2631=CARTESIAN_POINT('Ctrl Pts',(1.19908649270121,1.9301778310819,0.0123608714589219));
#2632=CARTESIAN_POINT('Ctrl Pts',(1.20073217527879,1.93332428206581,-0.00956725766448331));
#2633=CARTESIAN_POINT('Ctrl Pts',(1.20237785785636,1.93647073304972,-0.0314953867878876));
#2634=CARTESIAN_POINT('Ctrl Pts',(1.20402354043394,1.95149221616283,-0.0517194202606622));
#2635=CARTESIAN_POINT('Ctrl Pts',(1.20566922301151,1.97157603159319,-0.0610675459305359));
#2636=CARTESIAN_POINT('Ctrl Pts',(1.20731490558908,1.99165984702355,-0.0704156716004098));
#2637=CARTESIAN_POINT('Ctrl Pts',(1.20896058816666,2.01680599477118,-0.0688878894673822));
#2638=CARTESIAN_POINT('Ctrl Pts',(1.21060627074423,2.03560998295327,-0.0571763392350297));
#2639=CARTESIAN_POINT('Ctrl Pts',(1.21225195332181,2.05441397113536,-0.0454647890026772));
#2640=CARTESIAN_POINT('Ctrl Pts',(1.21389763589938,2.06687579975192,-0.0235694706709998));
#2641=CARTESIAN_POINT('Ctrl Pts',(1.21554331847696,2.06734360719811,-0.00142204135072766));
#2642=CARTESIAN_POINT('Ctrl Pts',(1.21557833185531,2.06735356022267,-0.000950834853836963));
#2643=CARTESIAN_POINT('Ctrl Pts',(1.21561334523367,2.06735808398645,-0.000479514235395071));
#2644=CARTESIAN_POINT('Ctrl Pts',(1.21564835861202,2.06735722883547,-8.17730548243759E-6));
#2645=CARTESIAN_POINT('Ctrl Pts',(1.20643194660003,2.06715157193029,-2.45096665009753E-5));
#2646=CARTESIAN_POINT('Ctrl Pts',(1.20572497907222,2.06718337405933,-0.009616771855727));
#2647=CARTESIAN_POINT('Ctrl Pts',(1.20501801154441,2.06526275707559,-0.0191968937038583));
#2648=CARTESIAN_POINT('Ctrl Pts',(1.20431104401661,2.06132645492229,-0.0278612570570208));
#2649=CARTESIAN_POINT('Ctrl Pts',(1.20266536143903,2.05216351091287,-0.0480302057785132));
#2650=CARTESIAN_POINT('Ctrl Pts',(1.20101967886146,2.03207822139543,-0.0632369556234126));
#2651=CARTESIAN_POINT('Ctrl Pts',(1.19937399628389,2.01017989505084,-0.0665848891274524));
#2652=CARTESIAN_POINT('Ctrl Pts',(1.19772831370631,1.98828156870624,-0.0699328226314924));
#2653=CARTESIAN_POINT('Ctrl Pts',(1.19608263112874,1.9645702055345,-0.0614219397946714));
#2654=CARTESIAN_POINT('Ctrl Pts',(1.19443694855116,1.94979958908305,-0.0449121301788445));
#2655=CARTESIAN_POINT('Ctrl Pts',(1.19279126597359,1.93502897263161,-0.0284023205630184));
#2656=CARTESIAN_POINT('Ctrl Pts',(1.19114558339601,1.92919910290046,-0.00389358416818726));
#2657=CARTESIAN_POINT('Ctrl Pts',(1.18949990081844,1.93495400745138,0.0174986203256031));
#2658=CARTESIAN_POINT('Ctrl Pts',(1.18785421824086,1.9407089120023,0.0388908248193934));
#2659=CARTESIAN_POINT('Ctrl Pts',(1.18620853566329,1.95804859083529,0.057166497412143));
#2660=CARTESIAN_POINT('Ctrl Pts',(1.18456285308571,1.97910898322667,0.0640370936331447));
#2661=CARTESIAN_POINT('Ctrl Pts',(1.18291717050814,2.00016937561805,0.0709076898541466));
#2662=CARTESIAN_POINT('Ctrl Pts',(1.18127148793056,2.02495048156782,0.0663732097034003));
#2663=CARTESIAN_POINT('Ctrl Pts',(1.17962580535299,2.0422133410875,0.0524901675215774));
#2664=CARTESIAN_POINT('Ctrl Pts',(1.178144519102,2.05775171817656,0.0399939791398974));
#2665=CARTESIAN_POINT('Ctrl Pts',(1.17666323285102,2.06719890174381,0.0199236973826803));
#2666=CARTESIAN_POINT('Ctrl Pts',(1.17518194660003,2.06733197551298,-3.70975667383583E-5));
#2667=CARTESIAN_POINT('Origin',(1.00010265260602,2.,1.75909181000546E-8));
#2668=CARTESIAN_POINT('',(1.14393194660003,2.06725272777348,5.97899310158695E-5));
#2669=CARTESIAN_POINT('',(1.15314835861202,2.06717550962768,-4.4222893639372E-5));
#2670=CARTESIAN_POINT('',(1.00010265260602,2.06725,1.75909181082903E-8));
#2671=CARTESIAN_POINT('Ctrl Pts',(1.15314835861202,2.06717550962768,-4.4222893639372E-5));
#2672=CARTESIAN_POINT('Ctrl Pts',(1.1541984876361,2.06708854780512,0.0141913597755017));
#2673=CARTESIAN_POINT('Ctrl Pts',(1.15524861666019,2.06265862226141,0.0284764049084486));
#2674=CARTESIAN_POINT('Ctrl Pts',(1.15629874568427,2.05429145946651,0.0398700593410978));
#2675=CARTESIAN_POINT('Ctrl Pts',(1.15794442826185,2.04117907639784,0.0577253306122412));
#2676=CARTESIAN_POINT('Ctrl Pts',(1.15959011083942,2.01839731830949,0.0684796985783843));
#2677=CARTESIAN_POINT('Ctrl Pts',(1.161235793417,1.99627838449673,0.0672557410253767));
#2678=CARTESIAN_POINT('Ctrl Pts',(1.16288147599457,1.97415945068397,0.0660317834723691));
#2679=CARTESIAN_POINT('Ctrl Pts',(1.16452715857214,1.95270334114681,0.0528295004002114));
#2680=CARTESIAN_POINT('Ctrl Pts',(1.16617284114972,1.94164103436617,0.0336365148866542));
#2681=CARTESIAN_POINT('Ctrl Pts',(1.16781852372729,1.93057872758552,0.0144435293730961));
#2682=CARTESIAN_POINT('Ctrl Pts',(1.16946420630487,1.92991022356139,-0.0107401585818629));
#2683=CARTESIAN_POINT('Ctrl Pts',(1.17110988888244,1.93993870871095,-0.0304930003098021));
#2684=CARTESIAN_POINT('Ctrl Pts',(1.17275557146002,1.94996719386051,-0.0502458420377407));
#2685=CARTESIAN_POINT('Ctrl Pts',(1.17440125403759,1.97069266818376,-0.0645678375386605));
#2686=CARTESIAN_POINT('Ctrl Pts',(1.17604693661517,1.99271551751299,-0.0669635460284125));
#2687=CARTESIAN_POINT('Ctrl Pts',(1.17769261919274,2.01473836684221,-0.0693592545181646));
#2688=CARTESIAN_POINT('Ctrl Pts',(1.17933830177032,2.03805859117741,-0.0598286759967483));
#2689=CARTESIAN_POINT('Ctrl Pts',(1.18098398434789,2.05209978140992,-0.0426941959204182));
#2690=CARTESIAN_POINT('Ctrl Pts',(1.1821221091026,2.06181041844708,-0.0308442947306651));
#2691=CARTESIAN_POINT('Ctrl Pts',(1.18326023385731,2.06708302411986,-0.0153575544885969));
#2692=CARTESIAN_POINT('Ctrl Pts',(1.18439835861202,2.06720319957042,5.4868827533877E-5));
#2693=CARTESIAN_POINT('Ctrl Pts',(1.17518194660003,2.06733197551298,-3.70975667383583E-5));
#2694=CARTESIAN_POINT('Ctrl Pts',(1.17501755027344,2.06734674432542,-0.00225238942085733));
#2695=CARTESIAN_POINT('Ctrl Pts',(1.17485315394685,2.06724679090591,-0.00446633272194949));
#2696=CARTESIAN_POINT('Ctrl Pts',(1.17468875762027,2.06702770962084,-0.00666842423750595));
#2697=CARTESIAN_POINT('Ctrl Pts',(1.17304307504269,2.06483460554492,-0.0287123696018677));
#2698=CARTESIAN_POINT('Ctrl Pts',(1.17139739246512,2.05070378430348,-0.0495686561176917));
#2699=CARTESIAN_POINT('Ctrl Pts',(1.16975170988754,2.03104399077883,-0.0597783442650764));
#2700=CARTESIAN_POINT('Ctrl Pts',(1.16810602730997,2.01138419725417,-0.069988032412461));
#2701=CARTESIAN_POINT('Ctrl Pts',(1.16646034473239,1.9861954314463,-0.0695511221914065));
#2702=CARTESIAN_POINT('Ctrl Pts',(1.16481466215482,1.96690154128735,-0.0586657644650602));
#2703=CARTESIAN_POINT('Ctrl Pts',(1.16316897957724,1.9476076511284,-0.047780406738714));
#2704=CARTESIAN_POINT('Ctrl Pts',(1.16152329699967,1.93420863661838,-0.0264466015070765));
#2705=CARTESIAN_POINT('Ctrl Pts',(1.1598776144221,1.93278134622182,-0.00433985911550656));
#2706=CARTESIAN_POINT('Ctrl Pts',(1.15823193184452,1.93135405582526,0.0177668832760637));
#2707=CARTESIAN_POINT('Ctrl Pts',(1.15658624926695,1.94189848954216,0.0406465628275663));
#2708=CARTESIAN_POINT('Ctrl Pts',(1.15494056668937,1.95963243557853,0.0539225702131198));
#2709=CARTESIAN_POINT('Ctrl Pts',(1.1532948841118,1.97736638161489,0.0671985775986733));
#2710=CARTESIAN_POINT('Ctrl Pts',(1.15164920153422,2.00228983997071,0.0708709128182777));
#2711=CARTESIAN_POINT('Ctrl Pts',(1.15000351895665,2.02309928718316,0.0632740634243778));
#2712=CARTESIAN_POINT('Ctrl Pts',(1.14835783637907,2.0439087343956,0.055677214030478));
#2713=CARTESIAN_POINT('Ctrl Pts',(1.1467121538015,2.06060417046467,0.0368111800230743));
#2714=CARTESIAN_POINT('Ctrl Pts',(1.14506647122392,2.06561372266289,0.0152322643506687));
#2715=CARTESIAN_POINT('Ctrl Pts',(1.14468829634929,2.06676490868159,0.0102734686264377));
#2716=CARTESIAN_POINT('Ctrl Pts',(1.14431012147466,2.06729899580839,0.0051714131977777));
#2717=CARTESIAN_POINT('Ctrl Pts',(1.14393194660003,2.06725272777348,5.97899310158695E-5));
#2718=CARTESIAN_POINT('Origin',(1.00010265260602,2.,1.75909181000546E-8));
#2719=CARTESIAN_POINT('',(1.11268194660003,2.06714909452779,-2.09054015018265E-5));
#2720=CARTESIAN_POINT('',(1.12189835861202,2.06735547124208,-1.29082425173659E-5));
#2721=CARTESIAN_POINT('',(1.00010265260602,2.06725,1.75909181082903E-8));
#2722=CARTESIAN_POINT('Ctrl Pts',(1.12189835861202,2.06735547124208,-1.29082425173659E-5));
#2723=CARTESIAN_POINT('Ctrl Pts',(1.12349105883732,2.06729845004634,0.0214293530213018));
#2724=CARTESIAN_POINT('Ctrl Pts',(1.12508375906263,2.0561648441313,0.0429226012251578));
#2725=CARTESIAN_POINT('Ctrl Pts',(1.12667645928793,2.03859319914611,0.0552064281751997));
#2726=CARTESIAN_POINT('Ctrl Pts',(1.1283221418655,2.02043702037997,0.0678988857240028));
#2727=CARTESIAN_POINT('Ctrl Pts',(1.12996782444308,1.99540734587544,0.0707590143522601));
#2728=CARTESIAN_POINT('Ctrl Pts',(1.13161350702065,1.97485587129553,0.0624896613797665));
#2729=CARTESIAN_POINT('Ctrl Pts',(1.13325918959823,1.95430439671562,0.0542203084072729));
#2730=CARTESIAN_POINT('Ctrl Pts',(1.1349048721758,1.93823112206033,0.0348214738340282));
#2731=CARTESIAN_POINT('Ctrl Pts',(1.13655055475338,1.93392575148165,0.0130911012970466));
#2732=CARTESIAN_POINT('Ctrl Pts',(1.13819623733095,1.92962038090298,-0.00863927123993464));
#2733=CARTESIAN_POINT('Ctrl Pts',(1.13984191990853,1.93708291440092,-0.0327011817406522));
#2734=CARTESIAN_POINT('Ctrl Pts',(1.1414876024861,1.95292887292159,-0.0481818440054969));
#2735=CARTESIAN_POINT('Ctrl Pts',(1.14313328506368,1.96877483144227,-0.0636625062703421));
#2736=CARTESIAN_POINT('Ctrl Pts',(1.14477896764125,1.99300421498568,-0.0705619202993131));
#2737=CARTESIAN_POINT('Ctrl Pts',(1.14642465021883,2.01462828344139,-0.065750998439473));
#2738=CARTESIAN_POINT('Ctrl Pts',(1.1480703327964,2.0362523518971,-0.060940076579633));
#2739=CARTESIAN_POINT('Ctrl Pts',(1.14971601537397,2.05527110526511,-0.0444188188309823));
#2740=CARTESIAN_POINT('Ctrl Pts',(1.15136169795155,2.06305897792463,-0.0236801026685852));
#2741=CARTESIAN_POINT('Ctrl Pts',(1.15195725150504,2.06587731926196,-0.0161750003641322));
#2742=CARTESIAN_POINT('Ctrl Pts',(1.15255280505853,2.06722482777931,-0.00811756593071675));
#2743=CARTESIAN_POINT('Ctrl Pts',(1.15314835861202,2.06717550962768,-4.4222893639372E-5));
#2744=CARTESIAN_POINT('Ctrl Pts',(1.14393194660003,2.06725272777348,5.97899310158695E-5));
#2745=CARTESIAN_POINT('Ctrl Pts',(1.14266443889709,2.0670976537731,-0.0170725535951211));
#2746=CARTESIAN_POINT('Ctrl Pts',(1.14139693119414,2.06042314832745,-0.0343123776240593));
#2747=CARTESIAN_POINT('Ctrl Pts',(1.1401294234912,2.04861264099462,-0.0466260810862859));
#2748=CARTESIAN_POINT('Ctrl Pts',(1.13848374091363,2.03327833880077,-0.0626137135134258));
#2749=CARTESIAN_POINT('Ctrl Pts',(1.13683805833605,2.00928606608569,-0.0702971810302979));
#2750=CARTESIAN_POINT('Ctrl Pts',(1.13519237575848,1.98751702619548,-0.0661918044726552));
#2751=CARTESIAN_POINT('Ctrl Pts',(1.1335466931809,1.96574798630527,-0.0620864279150126));
#2752=CARTESIAN_POINT('Ctrl Pts',(1.13190101060333,1.94620217923992,-0.0461922072828558));
#2753=CARTESIAN_POINT('Ctrl Pts',(1.13025532802575,1.93774420502909,-0.0257176404555111));
#2754=CARTESIAN_POINT('Ctrl Pts',(1.12860964544818,1.92928623081826,-0.00524307362816553));
#2755=CARTESIAN_POINT('Ctrl Pts',(1.1269639628706,1.93191608946196,0.0198118393943677));
#2756=CARTESIAN_POINT('Ctrl Pts',(1.12531828029303,1.94444106249355,0.0380839565408942));
#2757=CARTESIAN_POINT('Ctrl Pts',(1.12367259771545,1.95696603552515,0.0563560736874204));
#2758=CARTESIAN_POINT('Ctrl Pts',(1.12202691513788,1.97938612294463,0.0678453949579393));
#2759=CARTESIAN_POINT('Ctrl Pts',(1.12038123256031,2.00153315380568,0.067341174265699));
#2760=CARTESIAN_POINT('Ctrl Pts',(1.11873554998273,2.02368018466673,0.0668369535734588));
#2761=CARTESIAN_POINT('Ctrl Pts',(1.11708986740516,2.04555415896935,0.0543391909184598));
#2762=CARTESIAN_POINT('Ctrl Pts',(1.11544418482758,2.05723458417271,0.0355159902993742));
#2763=CARTESIAN_POINT('Ctrl Pts',(1.11452343875173,2.063769687489,0.0249845619782842));
#2764=CARTESIAN_POINT('Ctrl Pts',(1.11360269267588,2.06711389201368,0.0124730742922464));
#2765=CARTESIAN_POINT('Ctrl Pts',(1.11268194660003,2.06714909452779,-2.09054015018265E-5));
#2766=CARTESIAN_POINT('Origin',(1.00010265260602,2.,1.75909181000546E-8));
#2767=CARTESIAN_POINT('',(1.08143194660003,2.06732654344395,-4.03656337701468E-5));
#2768=CARTESIAN_POINT('',(1.09064835861202,2.06720959379596,5.63522716099979E-5));
#2769=CARTESIAN_POINT('',(1.00010265260602,2.06725,1.75909181082903E-8));
#2770=CARTESIAN_POINT('Ctrl Pts',(1.09064835861202,2.06720959379596,5.63522716099979E-5));
#2771=CARTESIAN_POINT('Ctrl Pts',(1.09113794746097,2.06726307061557,0.00668473920799502));
#2772=CARTESIAN_POINT('Ctrl Pts',(1.09162753630992,2.06636080538168,0.0132988905026732));
#2773=CARTESIAN_POINT('Ctrl Pts',(1.09211712515886,2.06444273192772,0.0196040246144261));
#2774=CARTESIAN_POINT('Ctrl Pts',(1.09376280773644,2.05799540357768,0.0407978270862155));
#2775=CARTESIAN_POINT('Ctrl Pts',(1.09540849031401,2.04007074624062,0.058500132047911));
#2776=CARTESIAN_POINT('Ctrl Pts',(1.09705417289159,2.01879812072414,0.0646824220525063));
#2777=CARTESIAN_POINT('Ctrl Pts',(1.09869985546916,1.99752549520766,0.0708647120571016));
#2778=CARTESIAN_POINT('Ctrl Pts',(1.10034553804674,1.97290490151176,0.0655269871045961));
#2779=CARTESIAN_POINT('Ctrl Pts',(1.10199122062431,1.95610250508595,0.0510900629026121));
#2780=CARTESIAN_POINT('Ctrl Pts',(1.10363690320189,1.93930010866015,0.0366531387006281));
#2781=CARTESIAN_POINT('Ctrl Pts',(1.10528258577946,1.93031590950445,0.0131170152491656));
#2782=CARTESIAN_POINT('Ctrl Pts',(1.10692826835703,1.93322450693365,-0.00884398124613497));
#2783=CARTESIAN_POINT('Ctrl Pts',(1.10857395093461,1.93613310436285,-0.0308049777414352));
#2784=CARTESIAN_POINT('Ctrl Pts',(1.11021963351218,1.95093449837696,-0.0511908472805736));
#2785=CARTESIAN_POINT('Ctrl Pts',(1.11186531608976,1.97091582020907,-0.0607559967254499));
#2786=CARTESIAN_POINT('Ctrl Pts',(1.11351099866733,1.99089714204117,-0.0703211461703264));
#2787=CARTESIAN_POINT('Ctrl Pts',(1.11515668124491,2.01605839169127,-0.0690655755209404));
#2788=CARTESIAN_POINT('Ctrl Pts',(1.11680236382248,2.03498820028738,-0.0575587231030384));
#2789=CARTESIAN_POINT('Ctrl Pts',(1.11844804640006,2.05391800888349,-0.0460518706851363));
#2790=CARTESIAN_POINT('Ctrl Pts',(1.12009372897763,2.06661637642561,-0.0242937364987182));
#2791=CARTESIAN_POINT('Ctrl Pts',(1.12173941155521,2.0673242186828,-0.00215227617083475));
#2792=CARTESIAN_POINT('Ctrl Pts',(1.12179239390748,2.06734700749295,-0.00143943721459352));
#2793=CARTESIAN_POINT('Ctrl Pts',(1.12184537625975,2.06735736809437,-0.000726200939871199));
#2794=CARTESIAN_POINT('Ctrl Pts',(1.12189835861202,2.06735547124208,-1.29082425173659E-5));
#2795=CARTESIAN_POINT('Ctrl Pts',(1.11268194660003,2.06714909452779,-2.09054015018265E-5));
#2796=CARTESIAN_POINT('Ctrl Pts',(1.1119570100983,2.06717681073327,-0.00985786498170287));
#2797=CARTESIAN_POINT('Ctrl Pts',(1.11123207359658,2.06515328346032,-0.0196839713938219));
#2798=CARTESIAN_POINT('Ctrl Pts',(1.11050713709486,2.06102087031515,-0.0285242760695338));
#2799=CARTESIAN_POINT('Ctrl Pts',(1.10886145451728,2.05163985515013,-0.0485927032361817));
#2800=CARTESIAN_POINT('Ctrl Pts',(1.10721577193971,2.03139094871597,-0.0635809189863054));
#2801=CARTESIAN_POINT('Ctrl Pts',(1.10557008936213,2.00945762734172,-0.0666913253849443));
#2802=CARTESIAN_POINT('Ctrl Pts',(1.10392440678456,1.98752430596746,-0.0698017317835834));
#2803=CARTESIAN_POINT('Ctrl Pts',(1.10227872420699,1.96390656965309,-0.0610343288307369));
#2804=CARTESIAN_POINT('Ctrl Pts',(1.10063304162941,1.94931575844541,-0.0443653923687426));
#2805=CARTESIAN_POINT('Ctrl Pts',(1.09898735905184,1.93472494723772,-0.0276964559067486));
#2806=CARTESIAN_POINT('Ctrl Pts',(1.09734167647426,1.9291610611367,-0.00312598593560619));
#2807=CARTESIAN_POINT('Ctrl Pts',(1.09569599389669,1.93514748660139,0.0182025846828626));
#2808=CARTESIAN_POINT('Ctrl Pts',(1.09405031131911,1.94113391206608,0.0395311553013313));
#2809=CARTESIAN_POINT('Ctrl Pts',(1.09240462874154,1.95867064909648,0.0576178265671269));
#2810=CARTESIAN_POINT('Ctrl Pts',(1.09075894616396,1.97980427018614,0.0642597595771748));
#2811=CARTESIAN_POINT('Ctrl Pts',(1.08911326358639,2.00093789127581,0.0709016925872228));
#2812=CARTESIAN_POINT('Ctrl Pts',(1.08746758100881,2.02566839642475,0.0660988873415222));
#2813=CARTESIAN_POINT('Ctrl Pts',(1.08582189843124,2.04277977209755,0.0520295576824381));
#2814=CARTESIAN_POINT('Ctrl Pts',(1.08435858115417,2.05799496122191,0.0395193121177768));
#2815=CARTESIAN_POINT('Ctrl Pts',(1.0828952638771,2.0671860775471,0.019682479200021));
#2816=CARTESIAN_POINT('Ctrl Pts',(1.08143194660003,2.06732654344395,-4.03656337701468E-5));
#2817=CARTESIAN_POINT('Origin',(1.00010265260602,2.,1.75909181000546E-8));
#2818=CARTESIAN_POINT('',(1.05018194660003,2.06725998218253,5.93586387951877E-5));
#2819=CARTESIAN_POINT('',(1.05939835861202,2.06717072873247,-4.14571155576566E-5));
#2820=CARTESIAN_POINT('',(1.00010265260602,2.06725,1.75909181082903E-8));
#2821=CARTESIAN_POINT('Ctrl Pts',(1.05939835861202,2.06717072873247,-4.14571155576566E-5));
#2822=CARTESIAN_POINT('Ctrl Pts',(1.06043051866219,2.06709096171252,0.013953041470801));
#2823=CARTESIAN_POINT('Ctrl Pts',(1.06146267871235,2.06282253003719,0.0279921112474402));
#2824=CARTESIAN_POINT('Ctrl Pts',(1.06249483876252,2.05472039868138,0.0392792838498118));
#2825=CARTESIAN_POINT('Ctrl Pts',(1.06414052134009,2.04180230869009,0.0572756239511382));
#2826=CARTESIAN_POINT('Ctrl Pts',(1.06578620391767,2.01913844909562,0.0682762789265193));
#2827=CARTESIAN_POINT('Ctrl Pts',(1.06743188649524,1.99700754871669,0.0672921272695721));
#2828=CARTESIAN_POINT('Ctrl Pts',(1.06907756907282,1.97487664833777,0.0663079756126249));
#2829=CARTESIAN_POINT('Ctrl Pts',(1.07072325165039,1.9532787071744,0.0533390173233505));
#2830=CARTESIAN_POINT('Ctrl Pts',(1.07236893422797,1.9420090285965,0.0342670575180098));
#2831=CARTESIAN_POINT('Ctrl Pts',(1.07401461680554,1.9307393500186,0.0151950977126685));
#2832=CARTESIAN_POINT('Ctrl Pts',(1.07566029938312,1.92979793402617,-0.00997986360873955));
#2833=CARTESIAN_POINT('Ctrl Pts',(1.07730598196069,1.93961174053977,-0.0298402389269325));
#2834=CARTESIAN_POINT('Ctrl Pts',(1.07895166453827,1.94942554705337,-0.0497006142451255));
#2835=CARTESIAN_POINT('Ctrl Pts',(1.08059734711584,1.96999457607299,-0.0642464035601034));
#2836=CARTESIAN_POINT('Ctrl Pts',(1.08224302969342,1.99199016623467,-0.0668806623752672));
#2837=CARTESIAN_POINT('Ctrl Pts',(1.08388871227099,2.01398575639635,-0.0695149211904309));
#2838=CARTESIAN_POINT('Ctrl Pts',(1.08553439484857,2.03740790770008,-0.0602376495057808));
#2839=CARTESIAN_POINT('Ctrl Pts',(1.08718007742614,2.05163398367043,-0.0432563636725142));
#2840=CARTESIAN_POINT('Ctrl Pts',(1.08833617115477,2.0616278168898,-0.0313269926483653));
#2841=CARTESIAN_POINT('Ctrl Pts',(1.08949226488339,2.06708331596934,-0.0155956311927671));
#2842=CARTESIAN_POINT('Ctrl Pts',(1.09064835861202,2.06720959379596,5.63522716099979E-5));
#2843=CARTESIAN_POINT('Ctrl Pts',(1.08143194660003,2.06732654344395,-4.03656337701468E-5));
#2844=CARTESIAN_POINT('Ctrl Pts',(1.08124958129952,2.0673440489473,-0.00249831688006581));
#2845=CARTESIAN_POINT('Ctrl Pts',(1.08106721599902,2.06722098621176,-0.00495449774484647));
#2846=CARTESIAN_POINT('Ctrl Pts',(1.08088485069852,2.0669514970543,-0.00739450639933546));
#2847=CARTESIAN_POINT('Ctrl Pts',(1.07923916812094,2.06451960014158,-0.0294133867495591));
#2848=CARTESIAN_POINT('Ctrl Pts',(1.07759348554337,2.05016356011948,-0.0501152933775399));
#2849=CARTESIAN_POINT('Ctrl Pts',(1.07594780296579,2.03039426458341,-0.0601113010045625));
#2850=CARTESIAN_POINT('Ctrl Pts',(1.07430212038822,2.01062496904735,-0.0701073086315852));
#2851=CARTESIAN_POINT('Ctrl Pts',(1.07265643781064,1.98544241799733,-0.0693974172576494));
#2852=CARTESIAN_POINT('Ctrl Pts',(1.07101075523307,1.96626764111843,-0.0583035835597754));
#2853=CARTESIAN_POINT('Ctrl Pts',(1.06936507265549,1.94709286423954,-0.0472097498619014));
#2854=CARTESIAN_POINT('Ctrl Pts',(1.06771939007792,1.93392586153176,-0.0257319738400895));
#2855=CARTESIAN_POINT('Ctrl Pts',(1.06607370750034,1.93273825709667,-0.00361106042817658));
#2856=CARTESIAN_POINT('Ctrl Pts',(1.06442802492277,1.93155065266157,0.018509852983737));
#2857=CARTESIAN_POINT('Ctrl Pts',(1.0627823423452,1.94234244649917,0.0412739037857516));
#2858=CARTESIAN_POINT('Ctrl Pts',(1.06113665976762,1.96021924178961,0.0543569234912773));
#2859=CARTESIAN_POINT('Ctrl Pts',(1.05949097719005,1.97809603708005,0.0674399431968025));
#2860=CARTESIAN_POINT('Ctrl Pts',(1.05784529461247,2.00305783382335,0.0708419318058397));
#2861=CARTESIAN_POINT('Ctrl Pts',(1.0561996120349,2.02378372092388,0.0630199871392198));
#2862=CARTESIAN_POINT('Ctrl Pts',(1.05455392945732,2.04450960802441,0.0551980424725996));
#2863=CARTESIAN_POINT('Ctrl Pts',(1.05290824687975,2.06099958548218,0.0361521645303214));
#2864=CARTESIAN_POINT('Ctrl Pts',(1.05126256430217,2.06577496213211,0.0145202207359497));
#2865=CARTESIAN_POINT('Ctrl Pts',(1.05090235840146,2.06682019337591,0.00978543536186952));
#2866=CARTESIAN_POINT('Ctrl Pts',(1.05054215250074,2.06730419963464,0.0049267563278175));
#2867=CARTESIAN_POINT('Ctrl Pts',(1.05018194660003,2.06725998218253,5.93586387951877E-5));
#2868=CARTESIAN_POINT('Origin',(1.00010265260602,2.,1.75909181000546E-8));
#2869=CARTESIAN_POINT('',(1.01893194660003,2.06714701119772,-1.71835504837485E-5));
#2870=CARTESIAN_POINT('',(1.02814835861202,2.06735308821125,-1.71639456188973E-5));
#2871=CARTESIAN_POINT('',(1.00010265260602,2.06725,1.75909181082903E-8));
#2872=CARTESIAN_POINT('Ctrl Pts',(1.02814835861202,2.06735308821125,-1.71639456188973E-5));
#2873=CARTESIAN_POINT('Ctrl Pts',(1.02972308986341,2.06727997571138,0.0211851938518776));
#2874=CARTESIAN_POINT('Ctrl Pts',(1.03129782111479,2.05643002701461,0.0424520696883911));
#2875=CARTESIAN_POINT('Ctrl Pts',(1.03287255236618,2.03918928240987,0.0547848962882947));
#2876=CARTESIAN_POINT('Ctrl Pts',(1.03451823494375,2.02117173624416,0.0676733925633566));
#2877=CARTESIAN_POINT('Ctrl Pts',(1.03616391752133,1.99617453118553,0.0708046352659127));
#2878=CARTESIAN_POINT('Ctrl Pts',(1.0378096000989,1.97553463704501,0.0627585134712971));
#2879=CARTESIAN_POINT('Ctrl Pts',(1.03945528267648,1.95489474290449,0.0547123916766815));
#2880=CARTESIAN_POINT('Ctrl Pts',(1.04110096525405,1.93861215968207,0.0354889053848946));
#2881=CARTESIAN_POINT('Ctrl Pts',(1.04274664783163,1.9340715191398,0.0138064726447341));
#2882=CARTESIAN_POINT('Ctrl Pts',(1.0443923304092,1.92953087859752,-0.00787596009542667));
#2883=CARTESIAN_POINT('Ctrl Pts',(1.04603801298677,1.93673218073539,-0.0320173392839608));
#2884=CARTESIAN_POINT('Ctrl Pts',(1.04768369556435,1.95240942262445,-0.0476688373853491));
#2885=CARTESIAN_POINT('Ctrl Pts',(1.04932937814192,1.9680866645135,-0.0633203354867373));
#2886=CARTESIAN_POINT('Ctrl Pts',(1.0509750607195,1.99223984615375,-0.0704819525009797));
#2887=CARTESIAN_POINT('Ctrl Pts',(1.05262074329707,2.01391478724969,-0.0659056838732399));
#2888=CARTESIAN_POINT('Ctrl Pts',(1.05426642587465,2.03558972834563,-0.0613294152455002));
#2889=CARTESIAN_POINT('Ctrl Pts',(1.05591210845222,2.05478642889727,-0.0450152609757786));
#2890=CARTESIAN_POINT('Ctrl Pts',(1.0575577910298,2.06279861897903,-0.0243621712272823));
#2891=CARTESIAN_POINT('Ctrl Pts',(1.05817131355721,2.06578562216908,-0.0166625479864771));
#2892=CARTESIAN_POINT('Ctrl Pts',(1.05878483608461,2.06721814275869,-0.0083598764741876));
#2893=CARTESIAN_POINT('Ctrl Pts',(1.05939835861202,2.06717072873247,-4.14571155576566E-5));
#2894=CARTESIAN_POINT('Ctrl Pts',(1.05018194660003,2.06725998218253,5.93586387951877E-5));
#2895=CARTESIAN_POINT('Ctrl Pts',(1.04889646992317,2.06710218214849,-0.0173110569868442));
#2896=CARTESIAN_POINT('Ctrl Pts',(1.04761099324631,2.06021702242182,-0.0347925117930742));
#2897=CARTESIAN_POINT('Ctrl Pts',(1.04632551656945,2.04810443249323,-0.0471502264949647));
#2898=CARTESIAN_POINT('Ctrl Pts',(1.04467983399187,2.0325977503623,-0.0629707202850419));
#2899=CARTESIAN_POINT('Ctrl Pts',(1.0430341514143,2.00852361025833,-0.0703936982187316));
#2900=CARTESIAN_POINT('Ctrl Pts',(1.04138846883673,1.9868003448087,-0.0660526208551332));
#2901=CARTESIAN_POINT('Ctrl Pts',(1.03974278625915,1.96507707935908,-0.0617115434915348));
#2902=CARTESIAN_POINT('Ctrl Pts',(1.03809710368158,1.9457046885638,-0.0456064108306477));
#2903=CARTESIAN_POINT('Ctrl Pts',(1.036451421104,1.93746912305608,-0.0250413755707762));
#2904=CARTESIAN_POINT('Ctrl Pts',(1.03480573852643,1.92923355754837,-0.00447634031090534));
#2905=CARTESIAN_POINT('Ctrl Pts',(1.03316005594885,1.93213481732821,0.0205485975479497));
#2906=CARTESIAN_POINT('Ctrl Pts',(1.03151437337128,1.94485709550997,0.0386838905518545));
#2907=CARTESIAN_POINT('Ctrl Pts',(1.0298686907937,1.95757937369174,0.0568191835557594));
#2908=CARTESIAN_POINT('Ctrl Pts',(1.02822300821613,1.98012267027541,0.0680648317047141));
#2909=CARTESIAN_POINT('Ctrl Pts',(1.02657732563855,2.00226293532379,0.0673206018618102));
#2910=CARTESIAN_POINT('Ctrl Pts',(1.02493164306098,2.02440320037217,0.0665763720189063));
#2911=CARTESIAN_POINT('Ctrl Pts',(1.0232859604834,2.04614043388526,0.0538422641841433));
#2912=CARTESIAN_POINT('Ctrl Pts',(1.02164027790583,2.05761615930396,0.0348935718655138));
#2913=CARTESIAN_POINT('Ctrl Pts',(1.0207375008039,2.06391143293527,0.0244988300301377));
#2914=CARTESIAN_POINT('Ctrl Pts',(1.01983472370196,2.06711868645996,0.0122339184629964));
#2915=CARTESIAN_POINT('Ctrl Pts',(1.01893194660003,2.06714701119772,-1.71835504837485E-5));
#2916=CARTESIAN_POINT('Origin',(1.00010265260602,2.,1.75909181000546E-8));
#2917=CARTESIAN_POINT('',(0.987681946600027,2.06732076374599,-4.34140723943501E-5));
#2918=CARTESIAN_POINT('',(0.996898358612021,2.06721618882774,5.75950166913098E-5));
#2919=CARTESIAN_POINT('',(1.00010265260602,2.06725,1.75909181082903E-8));
#2920=CARTESIAN_POINT('Ctrl Pts',(0.996898358612021,2.06721618882774,5.75950166913098E-5));
#2921=CARTESIAN_POINT('Ctrl Pts',(0.997369978487052,2.06726923462393,0.00644111666041327));
#2922=CARTESIAN_POINT('Ctrl Pts',(0.997841598362082,2.06643316107449,0.0128110247653082));
#2923=CARTESIAN_POINT('Ctrl Pts',(0.998313218237112,2.06465142314393,0.0189044158926787));
#2924=CARTESIAN_POINT('Ctrl Pts',(0.999958900814687,2.05843418077276,0.0401668523326499));
#2925=CARTESIAN_POINT('Ctrl Pts',(1.00160458339226,2.04070244125496,0.0580623924272844));
#2926=CARTESIAN_POINT('Ctrl Pts',(1.00325026596984,2.01949807147682,0.0644748808972605));
#2927=CARTESIAN_POINT('Ctrl Pts',(1.00489594854741,1.99829370169868,0.0708873693672367));
#2928=CARTESIAN_POINT('Ctrl Pts',(1.00654163112499,1.97361670166019,0.0658168062125544));
#2929=CARTESIAN_POINT('Ctrl Pts',(1.00818731370256,1.95665881875098,0.0515628413850664));
#2930=CARTESIAN_POINT('Ctrl Pts',(1.00983299628013,1.93970093584177,0.0373088765575784));
#2931=CARTESIAN_POINT('Ctrl Pts',(1.01147867885771,1.93046217006184,0.0138715100572847));
#2932=CARTESIAN_POINT('Ctrl Pts',(1.01312436143528,1.9331325741988,-0.00811972109995289));
#2933=CARTESIAN_POINT('Ctrl Pts',(1.01477004401286,1.93580297833576,-0.0301109522571901));
#2934=CARTESIAN_POINT('Ctrl Pts',(1.01641572659043,1.9503825523896,-0.0506560480713715));
#2935=CARTESIAN_POINT('Ctrl Pts',(1.01806140916801,1.97025902948816,-0.0604372015931314));
#2936=CARTESIAN_POINT('Ctrl Pts',(1.01970709174558,1.99013550658672,-0.0702183551148914));
#2937=CARTESIAN_POINT('Ctrl Pts',(1.02135277432316,2.01530888672999,-0.0692355663442297));
#2938=CARTESIAN_POINT('Ctrl Pts',(1.02299845690073,2.03436229950961,-0.0579345589769545));
#2939=CARTESIAN_POINT('Ctrl Pts',(1.02464413947831,2.05341571228923,-0.0466335516096795));
#2940=CARTESIAN_POINT('Ctrl Pts',(1.02628982205588,2.06634915770519,-0.0250143256457911));
#2941=CARTESIAN_POINT('Ctrl Pts',(1.02793550463345,2.06729693677678,-0.00288183774006331));
#2942=CARTESIAN_POINT('Ctrl Pts',(1.02800645595964,2.06733779895943,-0.00192762616234645));
#2943=CARTESIAN_POINT('Ctrl Pts',(1.02807740728583,2.06735638237895,-0.000972460541617466));
#2944=CARTESIAN_POINT('Ctrl Pts',(1.02814835861202,2.06735308821125,-1.71639456188973E-5));
#2945=CARTESIAN_POINT('Ctrl Pts',(1.01893194660003,2.06714701119772,-1.71835504837485E-5));
#2946=CARTESIAN_POINT('Ctrl Pts',(1.01818904112439,2.0671703199444,-0.0100987537951576));
#2947=CARTESIAN_POINT('Ctrl Pts',(1.01744613564875,2.06504091215092,-0.0201709724448222));
#2948=CARTESIAN_POINT('Ctrl Pts',(1.01670323017311,2.06070812790584,-0.0291839702966564));
#2949=CARTESIAN_POINT('Ctrl Pts',(1.01505754759553,2.05111015376468,-0.0491495433377009));
#2950=CARTESIAN_POINT('Ctrl Pts',(1.01341186501796,2.03069998815804,-0.0639174126172943));
#2951=CARTESIAN_POINT('Ctrl Pts',(1.01176618244038,2.00873424320626,-0.0667899138244368));
#2952=CARTESIAN_POINT('Ctrl Pts',(1.01012049986281,1.98676849825448,-0.0696624150315793));
#2953=CARTESIAN_POINT('Ctrl Pts',(1.00847481728523,1.96324717395757,-0.0606395481662708));
#2954=CARTESIAN_POINT('Ctrl Pts',(1.00682913470766,1.94883788466856,-0.043813449490185));
#2955=CARTESIAN_POINT('Ctrl Pts',(1.00518345213008,1.93442859537956,-0.0269873508140989));
#2956=CARTESIAN_POINT('Ctrl Pts',(1.00353776955251,1.92913134109846,-0.00235802032723531));
#2957=CARTESIAN_POINT('Ctrl Pts',(1.00189208697494,1.93534858288944,0.0189044141284946));
#2958=CARTESIAN_POINT('Ctrl Pts',(1.00024640439736,1.94156582468041,0.0401668485842246));
#2959=CARTESIAN_POINT('Ctrl Pts',(0.998600721819787,1.95929756254345,0.0580623870088209));
#2960=CARTESIAN_POINT('Ctrl Pts',(0.996955039242212,1.98050193034277,0.0644748748803735));
#2961=CARTESIAN_POINT('Ctrl Pts',(0.995309356664637,2.00170629814209,0.0708873627519261));
#2962=CARTESIAN_POINT('Ctrl Pts',(0.993663674087062,2.02638329587768,0.0658168000704352));
#2963=CARTESIAN_POINT('Ctrl Pts',(0.992017991509488,2.04334117720436,0.0515628365731476));
#2964=CARTESIAN_POINT('Ctrl Pts',(0.990572643206334,2.05823472067051,0.0390440542546373));
#2965=CARTESIAN_POINT('Ctrl Pts',(0.98912729490318,2.06717410440203,0.0194416327645232));
#2966=CARTESIAN_POINT('Ctrl Pts',(0.987681946600027,2.06732076374599,-4.34140723943501E-5));
#2967=CARTESIAN_POINT('Origin',(1.00010265260602,2.,1.75909181000546E-8));
#2968=CARTESIAN_POINT('',(0.956431946600026,2.06726723851525,5.86468375184637E-5));
#2969=CARTESIAN_POINT('',(0.965648358612021,2.06716628366844,-3.85151040763042E-5));
#2970=CARTESIAN_POINT('',(1.00010265260602,2.06725,1.75909181082903E-8));
#2971=CARTESIAN_POINT('Ctrl Pts',(0.965648358612021,2.06716628366844,-3.85151040763042E-5));
#2972=CARTESIAN_POINT('Ctrl Pts',(0.96666254968827,2.06709376642094,0.0137146377842556));
#2973=CARTESIAN_POINT('Ctrl Pts',(0.96767674076452,2.0629833172465,0.0275075869585458));
#2974=CARTESIAN_POINT('Ctrl Pts',(0.968690931840769,2.05514290963604,0.0386838941618872));
#2975=CARTESIAN_POINT('Ctrl Pts',(0.970336614418344,2.04242063026702,0.0568191888582049));
#2976=CARTESIAN_POINT('Ctrl Pts',(0.971982296995918,2.01987733157957,0.0680648380566211));
#2977=CARTESIAN_POINT('Ctrl Pts',(0.973627979573493,1.99773706446503,0.0673206081442655));
#2978=CARTESIAN_POINT('Ctrl Pts',(0.975273662151068,1.97559679735049,0.0665763782319099));
#2979=CARTESIAN_POINT('Ctrl Pts',(0.976919344728643,1.95385956180885,0.0538422692087823));
#2980=CARTESIAN_POINT('Ctrl Pts',(0.978565027306217,1.94238383531921,0.0348935751218337));
#2981=CARTESIAN_POINT('Ctrl Pts',(0.980210709883792,1.93090810882957,0.0159448810348852));
#2982=CARTESIAN_POINT('Ctrl Pts',(0.981856392461366,1.92969389139193,-0.00921839811588462));
#2983=CARTESIAN_POINT('Ctrl Pts',(0.98350207503894,1.93929186642879,-0.0291839730201461));
#2984=CARTESIAN_POINT('Ctrl Pts',(0.985147757616515,1.94888984146564,-0.0491495479244075));
#2985=CARTESIAN_POINT('Ctrl Pts',(0.98679344019409,1.96930000897699,-0.0639174185821609));
#2986=CARTESIAN_POINT('Ctrl Pts',(0.988439122771665,1.99126575597864,-0.0667899200573703));
#2987=CARTESIAN_POINT('Ctrl Pts',(0.99008480534924,2.0132315029803,-0.0696624215325798));
#2988=CARTESIAN_POINT('Ctrl Pts',(0.991730487926814,2.03675282947226,-0.0606395538252449));
#2989=CARTESIAN_POINT('Ctrl Pts',(0.993376170504388,2.05116212010596,-0.0438134535789231));
#2990=CARTESIAN_POINT('Ctrl Pts',(0.994550233206932,2.06144199481186,-0.0318093787970227));
#2991=CARTESIAN_POINT('Ctrl Pts',(0.995724295909477,2.0670841352521,-0.0158337086996639));
#2992=CARTESIAN_POINT('Ctrl Pts',(0.996898358612021,2.06721618882774,5.75950166913098E-5));
#2993=CARTESIAN_POINT('Ctrl Pts',(0.987681946600027,2.06732076374599,-4.34140723943501E-5));
#2994=CARTESIAN_POINT('Ctrl Pts',(0.987481612325606,2.06734109164425,-0.00274416288955577));
#2995=CARTESIAN_POINT('Ctrl Pts',(0.987281278051185,2.06719249648203,-0.00544265674172953));
#2996=CARTESIAN_POINT('Ctrl Pts',(0.987080943776764,2.06686741956103,-0.00811972034220903));
#2997=CARTESIAN_POINT('Ctrl Pts',(0.98543526119919,2.06419701567328,-0.030110949447193));
#2998=CARTESIAN_POINT('Ctrl Pts',(0.983789578621614,2.04961744298002,-0.0506560433440759));
#2999=CARTESIAN_POINT('Ctrl Pts',(0.98214389604404,2.02974096773636,-0.0604371959530437));
#3000=CARTESIAN_POINT('Ctrl Pts',(0.980498213466465,2.00986449249271,-0.0702183485620113));
#3001=CARTESIAN_POINT('Ctrl Pts',(0.978852530888891,1.98469111469865,-0.069235559883064));
#3002=CARTESIAN_POINT('Ctrl Pts',(0.977206848311317,1.96563770369713,-0.0579345535704148));
#3003=CARTESIAN_POINT('Ctrl Pts',(0.975561165733743,1.9465842926956,-0.0466335472577654));
#3004=CARTESIAN_POINT('Ctrl Pts',(0.973915483156168,1.9336508484866,-0.0250143233114139));
#3005=CARTESIAN_POINT('Ctrl Pts',(0.972269800578593,1.93270306950346,-0.00288183747112149));
#3006=CARTESIAN_POINT('Ctrl Pts',(0.970624118001018,1.93175529052033,0.0192506483691707));
#3007=CARTESIAN_POINT('Ctrl Pts',(0.968978435423443,1.94279317676305,0.041896396103404));
#3008=CARTESIAN_POINT('Ctrl Pts',(0.967332752845869,1.96081072124733,0.0547848911756919));
#3009=CARTESIAN_POINT('Ctrl Pts',(0.965687070268294,1.97882826573162,0.0676733862479799));
#3010=CARTESIAN_POINT('Ctrl Pts',(0.96404138769072,2.00382546845747,0.070804628658323));
#3011=CARTESIAN_POINT('Ctrl Pts',(0.962395705113145,2.02446536067185,0.0627585076145824));
#3012=CARTESIAN_POINT('Ctrl Pts',(0.960750022535571,2.04510525288622,0.0547123865708418));
#3013=CARTESIAN_POINT('Ctrl Pts',(0.959104339957996,2.06138783458913,0.0354889020730175));
#3014=CARTESIAN_POINT('Ctrl Pts',(0.957458657380421,2.06592847470766,0.0138064713562928));
#3015=CARTESIAN_POINT('Ctrl Pts',(0.957116420453623,2.06687274837321,0.00929738281447479));
#3016=CARTESIAN_POINT('Ctrl Pts',(0.956774183526824,2.0673092117365,0.00468195085289827));
#3017=CARTESIAN_POINT('Ctrl Pts',(0.956431946600026,2.06726723851525,5.86468375184637E-5));
#3018=CARTESIAN_POINT('Origin',(1.00010265260602,2.,1.75909181000546E-8));
#3019=CARTESIAN_POINT('',(0.925181946600027,2.06714534097754,-1.33902076210247E-5));
#3020=CARTESIAN_POINT('',(0.934398358612021,2.0673501070324,-2.13131181729283E-5));
#3021=CARTESIAN_POINT('',(1.00010265260602,2.06725,1.75909181082903E-8));
#3022=CARTESIAN_POINT('Ctrl Pts',(0.934398358612021,2.0673501070324,-2.13131181729283E-5));
#3023=CARTESIAN_POINT('Ctrl Pts',(0.935955120889489,2.0672624542687,0.0209415870276331));
#3024=CARTESIAN_POINT('Ctrl Pts',(0.937511883166958,2.05669163132528,0.0419808156177533));
#3025=CARTESIAN_POINT('Ctrl Pts',(0.939068645444427,2.03978076192279,0.0543569285639405));
#3026=CARTESIAN_POINT('Ctrl Pts',(0.940714328022002,2.02190396496406,0.0674399494903938));
#3027=CARTESIAN_POINT('Ctrl Pts',(0.942360010599577,1.99694216589129,0.0708419384169109));
#3028=CARTESIAN_POINT('Ctrl Pts',(0.944005693177151,1.97621627685659,0.0630199930203359));
#3029=CARTESIAN_POINT('Ctrl Pts',(0.945651375754726,1.95549038782189,0.0551980476237611));
#3030=CARTESIAN_POINT('Ctrl Pts',(0.9472970583323,1.93900040882525,0.0361521679040948));
#3031=CARTESIAN_POINT('Ctrl Pts',(0.948942740909874,1.93422503172967,0.014520222090999));
#3032=CARTESIAN_POINT('Ctrl Pts',(0.950588423487449,1.92944965463409,-0.00711172372209704));
#3033=CARTESIAN_POINT('Ctrl Pts',(0.952234106065024,1.93638887943956,-0.0313297356286226));
#3034=CARTESIAN_POINT('Ctrl Pts',(0.953879788642599,1.95189556301759,-0.0471502308950922));
#3035=CARTESIAN_POINT('Ctrl Pts',(0.955525471220173,1.96740224659563,-0.062970726161562));
#3036=CARTESIAN_POINT('Ctrl Pts',(0.957171153797747,1.99147638894624,-0.0703937047879758));
#3037=CARTESIAN_POINT('Ctrl Pts',(0.958816836375322,2.01319965642311,-0.0660526270192622));
#3038=CARTESIAN_POINT('Ctrl Pts',(0.960462518952896,2.03492292389998,-0.0617115492505487));
#3039=CARTESIAN_POINT('Ctrl Pts',(0.962108201530472,2.05429531650312,-0.0456064150867085));
#3040=CARTESIAN_POINT('Ctrl Pts',(0.963753884108046,2.06253088277939,-0.0250413779076792));
#3041=CARTESIAN_POINT('Ctrl Pts',(0.964385375609371,2.06569108522847,-0.0171500345952092));
#3042=CARTESIAN_POINT('Ctrl Pts',(0.965016867110696,2.06721143692069,-0.0086019893534489));
#3043=CARTESIAN_POINT('Ctrl Pts',(0.965648358612021,2.06716628366844,-3.85151040763042E-5));
#3044=CARTESIAN_POINT('Ctrl Pts',(0.956431946600026,2.06726723851525,5.86468375184637E-5));
#3045=CARTESIAN_POINT('Ctrl Pts',(0.95512850094925,2.06710737904832,-0.0175496970879538));
#3046=CARTESIAN_POINT('Ctrl Pts',(0.953825055298474,2.06000756703024,-0.0352722289364264));
#3047=CARTESIAN_POINT('Ctrl Pts',(0.952521609647698,2.04759057293433,-0.0476688329368241));
#3048=CARTESIAN_POINT('Ctrl Pts',(0.950875927070123,2.03191333250829,-0.0633203295775912));
#3049=CARTESIAN_POINT('Ctrl Pts',(0.949230244492549,2.00776015312206,-0.0704819459235002));
#3050=CARTESIAN_POINT('Ctrl Pts',(0.947584561914974,1.98608521404885,-0.0659056777228239));
#3051=CARTESIAN_POINT('Ctrl Pts',(0.9459388793374,1.96441027497565,-0.0613294095221475));
#3052=CARTESIAN_POINT('Ctrl Pts',(0.944293196759825,1.94521357621548,-0.0450152567748854));
#3053=CARTESIAN_POINT('Ctrl Pts',(0.94264751418225,1.93720138688143,-0.0243621689537649));
#3054=CARTESIAN_POINT('Ctrl Pts',(0.941001831604675,1.92918919754738,-0.00370908113264448));
#3055=CARTESIAN_POINT('Ctrl Pts',(0.939356149027101,1.93236151763944,0.0212829417623341));
#3056=CARTESIAN_POINT('Ctrl Pts',(0.937710466449526,1.9452796064252,0.0392792801842152));
#3057=CARTESIAN_POINT('Ctrl Pts',(0.936064783871952,1.95819769521096,0.0572756186060963));
#3058=CARTESIAN_POINT('Ctrl Pts',(0.934419101294378,1.98086155269041,0.0682762725548796));
#3059=CARTESIAN_POINT('Ctrl Pts',(0.932773418716803,2.00299245100405,0.0672921209897747));
#3060=CARTESIAN_POINT('Ctrl Pts',(0.931127736139229,2.02512334931768,0.0663079694246698));
#3061=CARTESIAN_POINT('Ctrl Pts',(0.929482053561654,2.04672128846551,0.0533390123456765));
#3062=CARTESIAN_POINT('Ctrl Pts',(0.927836370984079,2.0579909659917,0.0342670543201578));
#3063=CARTESIAN_POINT('Ctrl Pts',(0.926951562856062,2.06405015529783,0.0240129362367913));
#3064=CARTESIAN_POINT('Ctrl Pts',(0.926066754728044,2.06712373310628,0.0119946113136146));
#3065=CARTESIAN_POINT('Ctrl Pts',(0.925181946600027,2.06714534097754,-1.33902076210247E-5));
#3066=CARTESIAN_POINT('Origin',(1.00010265260602,2.,1.75909181000546E-8));
#3067=CARTESIAN_POINT('',(0.893931946600026,2.06731467485391,-4.6230112915334E-5));
#3068=CARTESIAN_POINT('',(0.903148358612021,2.06722296008264,5.85810684937315E-5));
#3069=CARTESIAN_POINT('',(1.00010265260602,2.06725,1.75909181082903E-8));
#3070=CARTESIAN_POINT('Ctrl Pts',(0.903148358612021,2.06722296008264,5.85810684937315E-5));
#3071=CARTESIAN_POINT('Ctrl Pts',(0.903602009513134,2.06727527261141,0.00619731570591218));
#3072=CARTESIAN_POINT('Ctrl Pts',(0.904055660414247,2.06650274507562,0.0123231255940754));
#3073=CARTESIAN_POINT('Ctrl Pts',(0.904509311315361,2.06485251945074,0.0182025863815499));
#3074=CARTESIAN_POINT('Ctrl Pts',(0.906154993892935,2.05886609342739,0.0395311589904322));
#3075=CARTESIAN_POINT('Ctrl Pts',(0.90780067647051,2.04132935476044,0.0576178319441032));
#3076=CARTESIAN_POINT('Ctrl Pts',(0.909446359048084,2.02019573169856,0.0642597655739867));
#3077=CARTESIAN_POINT('Ctrl Pts',(0.911092041625659,1.99906210863667,0.0709016992038704));
#3078=CARTESIAN_POINT('Ctrl Pts',(0.912737724203233,1.97433160117984,0.0660988935099663));
#3079=CARTESIAN_POINT('Ctrl Pts',(0.914383406780808,1.95722022391018,0.0520295625379131));
#3080=CARTESIAN_POINT('Ctrl Pts',(0.916029089358382,1.94010884664052,0.0379602315658599));
#3081=CARTESIAN_POINT('Ctrl Pts',(0.917674771935957,1.93061659955802,0.0146243753156577));
#3082=CARTESIAN_POINT('Ctrl Pts',(0.919320454513532,1.93304849669769,-0.00739450708940038));
#3083=CARTESIAN_POINT('Ctrl Pts',(0.920966137091107,1.93548039383736,-0.0294133894944581));
#3084=CARTESIAN_POINT('Ctrl Pts',(0.922611819668681,1.94983643519918,-0.0501152980543718));
#3085=CARTESIAN_POINT('Ctrl Pts',(0.924257502246256,1.96960573258014,-0.0601113066142372));
#3086=CARTESIAN_POINT('Ctrl Pts',(0.92590318482383,1.9893750299611,-0.0701073151741029));
#3087=CARTESIAN_POINT('Ctrl Pts',(0.927548867401405,2.0145575833612,-0.06939742373392));
#3088=CARTESIAN_POINT('Ctrl Pts',(0.92919454997898,2.03373236202952,-0.058303589000754));
#3089=CARTESIAN_POINT('Ctrl Pts',(0.930840232556554,2.05290714069783,-0.0472097542675881));
#3090=CARTESIAN_POINT('Ctrl Pts',(0.932485915134129,2.06607414463437,-0.0257319762414394));
#3091=CARTESIAN_POINT('Ctrl Pts',(0.934131597711703,2.0672617491803,-0.00361106076517056));
#3092=CARTESIAN_POINT('Ctrl Pts',(0.934220518011809,2.06732591839134,-0.00241581298800429));
#3093=CARTESIAN_POINT('Ctrl Pts',(0.934309438311915,2.06735511364784,-0.00121868756579008));
#3094=CARTESIAN_POINT('Ctrl Pts',(0.934398358612021,2.0673501070324,-2.13131181729283E-5));
#3095=CARTESIAN_POINT('Ctrl Pts',(0.925181946600027,2.06714534097754,-1.33902076210247E-5));
#3096=CARTESIAN_POINT('Ctrl Pts',(0.924421072150469,2.06716392226836,-0.0103394499017389));
#3097=CARTESIAN_POINT('Ctrl Pts',(0.923660197700912,2.06492562575415,-0.020657875622655));
#3098=CARTESIAN_POINT('Ctrl Pts',(0.922899323251355,2.0603882538247,-0.0298402361421987));
#3099=CARTESIAN_POINT('Ctrl Pts',(0.921253640673781,2.05057444822695,-0.0497006096069922));
#3100=CARTESIAN_POINT('Ctrl Pts',(0.919607958096207,2.03000542112686,-0.0642463975645352));
#3101=CARTESIAN_POINT('Ctrl Pts',(0.917962275518632,2.00800983301784,-0.0668806561338654));
#3102=CARTESIAN_POINT('Ctrl Pts',(0.916316592941057,1.98601424490882,-0.0695149147031957));
#3103=CARTESIAN_POINT('Ctrl Pts',(0.914670910363482,1.96259209579088,-0.060237643884313));
#3104=CARTESIAN_POINT('Ctrl Pts',(0.913025227785907,1.94836602114812,-0.043256359635764));
#3105=CARTESIAN_POINT('Ctrl Pts',(0.911379545208333,1.93413994650536,-0.0262750753872148));
#3106=CARTESIAN_POINT('Ctrl Pts',(0.909733862630759,1.9291099463378,-0.00158977770899899));
#3107=CARTESIAN_POINT('Ctrl Pts',(0.908088180053184,1.93555727408617,0.0196040227849543));
#3108=CARTESIAN_POINT('Ctrl Pts',(0.90644249747561,1.94200460183454,0.0407978232789072));
#3109=CARTESIAN_POINT('Ctrl Pts',(0.904796814898035,1.95992925749884,0.0585001265885977));
#3110=CARTESIAN_POINT('Ctrl Pts',(0.90315113232046,1.98120188103013,0.0646824160162515));
#3111=CARTESIAN_POINT('Ctrl Pts',(0.901505449742885,2.00247450456142,0.0708647054439053));
#3112=CARTESIAN_POINT('Ctrl Pts',(0.899859767165311,2.02709509595969,0.065526980989522));
#3113=CARTESIAN_POINT('Ctrl Pts',(0.898214084587736,2.04389749081747,0.0510900581348125));
#3114=CARTESIAN_POINT('Ctrl Pts',(0.8967867052585,2.05847101272776,0.0385682234010643));
#3115=CARTESIAN_POINT('Ctrl Pts',(0.895359325929263,2.0671629649457,0.0192011310354781));
#3116=CARTESIAN_POINT('Ctrl Pts',(0.893931946600026,2.06731467485391,-4.6230112915334E-5));
#3117=CARTESIAN_POINT('Origin',(1.00010265260602,2.,1.75909181000546E-8));
#3118=CARTESIAN_POINT('',(0.862681946600027,2.06727446508291,5.76547305125159E-5));
#3119=CARTESIAN_POINT('',(0.871898358612021,2.06716218919209,-3.54100984498221E-5));
#3120=CARTESIAN_POINT('',(1.00010265260602,2.06725,1.75909181082903E-8));
#3121=CARTESIAN_POINT('Ctrl Pts',(0.871898358612021,2.06716218919209,-3.54100984498221E-5));
#3122=CARTESIAN_POINT('Ctrl Pts',(0.872894580714354,2.06709694233886,0.0134761376065504));
#3123=CARTESIAN_POINT('Ctrl Pts',(0.873890802816686,2.06314099788204,0.0270228424137044));
#3124=CARTESIAN_POINT('Ctrl Pts',(0.874887024919018,2.05555894269129,0.0380839600949441));
#3125=CARTESIAN_POINT('Ctrl Pts',(0.876532707496593,2.04303396849085,0.0563560789466548));
#3126=CARTESIAN_POINT('Ctrl Pts',(0.878178390074167,2.02061387897909,0.0678454012893677));
#3127=CARTESIAN_POINT('Ctrl Pts',(0.879824072651742,1.99846684605124,0.0673411805500721));
#3128=CARTESIAN_POINT('Ctrl Pts',(0.881469755229316,1.9763198131234,0.0668369598107765));
#3129=CARTESIAN_POINT('Ctrl Pts',(0.883115437806891,1.95444583677947,0.0543391959894728));
#3130=CARTESIAN_POINT('Ctrl Pts',(0.884761120384466,1.94276541048608,0.03551599361378));
#3131=CARTESIAN_POINT('Ctrl Pts',(0.88640680296204,1.93108498419268,0.016692791238087));
#3132=CARTESIAN_POINT('Ctrl Pts',(0.888052485539615,1.92959810794981,-0.00845584969199539));
#3133=CARTESIAN_POINT('Ctrl Pts',(0.889698168117189,1.93897912399029,-0.0285242787314596));
#3134=CARTESIAN_POINT('Ctrl Pts',(0.891343850694764,1.94836014003076,-0.0485927077709238));
#3135=CARTESIAN_POINT('Ctrl Pts',(0.892989533272339,1.96860904835457,-0.0635809249197698));
#3136=CARTESIAN_POINT('Ctrl Pts',(0.894635215849913,1.99054237177568,-0.0666913316086771));
#3137=CARTESIAN_POINT('Ctrl Pts',(0.896280898427488,2.01247569519679,-0.0698017382975845));
#3138=CARTESIAN_POINT('Ctrl Pts',(0.897926581005062,2.03609343371519,-0.0610343345265525));
#3139=CARTESIAN_POINT('Ctrl Pts',(0.899572263582637,2.05068424628452,-0.0443653965089894));
#3140=CARTESIAN_POINT('Ctrl Pts',(0.900764295259098,2.06125293735833,-0.0322914386263038));
#3141=CARTESIAN_POINT('Ctrl Pts',(0.901956326935559,2.06708550154079,-0.0160718093335427));
#3142=CARTESIAN_POINT('Ctrl Pts',(0.903148358612021,2.06722296008264,5.85810684937315E-5));
#3143=CARTESIAN_POINT('Ctrl Pts',(0.893931946600026,2.06731467485391,-4.6230112915334E-5));
#3144=CARTESIAN_POINT('Ctrl Pts',(0.893713643351688,2.06733787735173,-0.00298991955451083));
#3145=CARTESIAN_POINT('Ctrl Pts',(0.893495340103351,2.06716131835312,-0.00593080840963029));
#3146=CARTESIAN_POINT('Ctrl Pts',(0.893277036855013,2.06677548683476,-0.00884398042080161));
#3147=CARTESIAN_POINT('Ctrl Pts',(0.891631354277438,2.06386688967699,-0.0308049748666708));
#3148=CARTESIAN_POINT('Ctrl Pts',(0.889985671699864,2.04906549704417,-0.0511908425033736));
#3149=CARTESIAN_POINT('Ctrl Pts',(0.888339989122289,2.02908417707675,-0.0607559910556138));
#3150=CARTESIAN_POINT('Ctrl Pts',(0.886694306544714,2.00910285710933,-0.070321139607854));
#3151=CARTESIAN_POINT('Ctrl Pts',(0.885048623967139,1.98394160980732,-0.0690655690756315));
#3152=CARTESIAN_POINT('Ctrl Pts',(0.883402941389565,1.96501180297776,-0.0575587177315683));
#3153=CARTESIAN_POINT('Ctrl Pts',(0.881757258811991,1.94608199614821,-0.046051866387505));
#3154=CARTESIAN_POINT('Ctrl Pts',(0.880111576234417,1.93338362979113,-0.0242937342316011));
#3155=CARTESIAN_POINT('Ctrl Pts',(0.878465893656842,1.9326757876,-0.00215227596998479));
#3156=CARTESIAN_POINT('Ctrl Pts',(0.876820211079267,1.93196794540886,0.0199891822916317));
#3157=CARTESIAN_POINT('Ctrl Pts',(0.875174528501692,1.94325062738369,0.0425139666589604));
#3158=CARTESIAN_POINT('Ctrl Pts',(0.873528845924118,1.96140680445547,0.0552064230232725));
#3159=CARTESIAN_POINT('Ctrl Pts',(0.871883163346543,1.97956298152724,0.0678988793875846));
#3160=CARTESIAN_POINT('Ctrl Pts',(0.870237480768968,2.00459265369598,0.0707590077488801));
#3161=CARTESIAN_POINT('Ctrl Pts',(0.868591798191394,2.02514412635799,0.0624896555481158));
#3162=CARTESIAN_POINT('Ctrl Pts',(0.866946115613819,2.04569559902,0.0542203033473514));
#3163=CARTESIAN_POINT('Ctrl Pts',(0.865300433036245,2.06176887217529,0.0348214705845272));
#3164=CARTESIAN_POINT('Ctrl Pts',(0.86365475045867,2.06607424235219,0.0130911000754141));
#3165=CARTESIAN_POINT('Ctrl Pts',(0.863330482505789,2.06692257944507,0.00880931277550417));
#3166=CARTESIAN_POINT('Ctrl Pts',(0.863006214552908,2.06731402302064,0.00443700259453467));
#3167=CARTESIAN_POINT('Ctrl Pts',(0.862681946600027,2.06727446508291,5.76547305125159E-5));
#3168=CARTESIAN_POINT('Origin',(1.00010265260602,2.,1.75909181000546E-8));
#3169=CARTESIAN_POINT('',(0.831431946600026,2.06714408921447,-9.54203853678003E-6));
#3170=CARTESIAN_POINT('',(0.840648358612021,2.06734656920895,-2.53330497579561E-5));
#3171=CARTESIAN_POINT('',(1.00010265260602,2.06725,1.75909181082903E-8));
#3172=CARTESIAN_POINT('Ctrl Pts',(0.840648358612021,2.06734656920895,-2.53330497579561E-5));
#3173=CARTESIAN_POINT('Ctrl Pts',(0.842187151915573,2.06724587021948,0.0206985017166772));
#3174=CARTESIAN_POINT('Ctrl Pts',(0.843725945219124,2.05694967237131,0.0415088610529834));
#3175=CARTESIAN_POINT('Ctrl Pts',(0.845264738522676,2.04036756818868,0.0539225752454188));
#3176=CARTESIAN_POINT('Ctrl Pts',(0.84691042110025,2.02263362049739,0.067198583870054));
#3177=CARTESIAN_POINT('Ctrl Pts',(0.848556103677825,1.99771015981559,0.0708709194320402));
#3178=CARTESIAN_POINT('Ctrl Pts',(0.8502017862554,1.97690071066116,0.0632740693291152));
#3179=CARTESIAN_POINT('Ctrl Pts',(0.851847468832974,1.95609126150673,0.0556772192261904));
#3180=CARTESIAN_POINT('Ctrl Pts',(0.853493151410548,1.93939582387967,0.0368111834583548));
#3181=CARTESIAN_POINT('Ctrl Pts',(0.855138833988123,1.93438627121396,0.0152322657722144));
#3182=CARTESIAN_POINT('Ctrl Pts',(0.856784516565698,1.92937671854825,-0.00634665191392644));
#3183=CARTESIAN_POINT('Ctrl Pts',(0.858430199143273,1.9360530508439,-0.0306384515183722));
#3184=CARTESIAN_POINT('Ctrl Pts',(0.860075881720847,1.95138735446877,-0.0466260854375238));
#3185=CARTESIAN_POINT('Ctrl Pts',(0.861721564298422,1.96672165809363,-0.0626137193566753));
#3186=CARTESIAN_POINT('Ctrl Pts',(0.863367246875996,1.99071393304771,-0.0702971875905327));
#3187=CARTESIAN_POINT('Ctrl Pts',(0.86501292945357,2.01248297496945,-0.0661918106497603));
#3188=CARTESIAN_POINT('Ctrl Pts',(0.866658612031145,2.03425201689118,-0.0620864337089878));
#3189=CARTESIAN_POINT('Ctrl Pts',(0.86830429460872,2.05379782578057,-0.0461922115935854));
#3190=CARTESIAN_POINT('Ctrl Pts',(0.869949977186295,2.06225580078071,-0.0257176428555302));
#3191=CARTESIAN_POINT('Ctrl Pts',(0.870599437661537,2.06559369870709,-0.0176374557500714));
#3192=CARTESIAN_POINT('Ctrl Pts',(0.871248898136779,2.06720472514085,-0.00884390388031044));
#3193=CARTESIAN_POINT('Ctrl Pts',(0.871898358612021,2.06716218919209,-3.54100984498221E-5));
#3194=CARTESIAN_POINT('Ctrl Pts',(0.862681946600027,2.06727446508291,5.76547305125159E-5));
#3195=CARTESIAN_POINT('Ctrl Pts',(0.861360531975333,2.0671132637154,-0.0177884946120865));
#3196=CARTESIAN_POINT('Ctrl Pts',(0.86003911735064,2.05979476676065,-0.0357515130985336));
#3197=CARTESIAN_POINT('Ctrl Pts',(0.858717702725946,2.04707112268567,-0.0481818395091895));
#3198=CARTESIAN_POINT('Ctrl Pts',(0.857072020148372,2.03122516564375,-0.0636625003292781));
#3199=CARTESIAN_POINT('Ctrl Pts',(0.855426337570797,2.0069957843614,-0.0705619137140532));
#3200=CARTESIAN_POINT('Ctrl Pts',(0.853780654993223,1.98537171792371,-0.0657509923033202));
#3201=CARTESIAN_POINT('Ctrl Pts',(0.852134972415648,1.96374765148601,-0.0609400708925873));
#3202=CARTESIAN_POINT('Ctrl Pts',(0.850489289838074,1.94472889989298,-0.0444188146863465));
#3203=CARTESIAN_POINT('Ctrl Pts',(0.848843607260499,1.93694102796019,-0.0236801004590442));
#3204=CARTESIAN_POINT('Ctrl Pts',(0.847197924682925,1.92915315602739,-0.00294138623174177));
#3205=CARTESIAN_POINT('Ctrl Pts',(0.84555224210535,1.93259616375483,0.0220147860166219));
#3206=CARTESIAN_POINT('Ctrl Pts',(0.843906559527775,1.94570854559993,0.0398700556209774));
#3207=CARTESIAN_POINT('Ctrl Pts',(0.8422608769502,1.95882092744504,0.0577253252253328));
#3208=CARTESIAN_POINT('Ctrl Pts',(0.840615194372626,1.98160268340782,0.0684796921856798));
#3209=CARTESIAN_POINT('Ctrl Pts',(0.838969511795051,2.00372161515619,0.0672557347478365));
#3210=CARTESIAN_POINT('Ctrl Pts',(0.837323829217477,2.02584054690457,0.0660317773099932));
#3211=CARTESIAN_POINT('Ctrl Pts',(0.835678146639902,2.04729665443854,0.0528294954739594));
#3212=CARTESIAN_POINT('Ctrl Pts',(0.834032464062328,2.05835896018725,0.0336365117497704));
#3213=CARTESIAN_POINT('Ctrl Pts',(0.833165624908227,2.06418586744645,0.0235268891513106));
#3214=CARTESIAN_POINT('Ctrl Pts',(0.832298785754127,2.06712901328895,0.0117551456734148));
#3215=CARTESIAN_POINT('Ctrl Pts',(0.831431946600026,2.06714408921447,-9.54203853678003E-6));
#3216=CARTESIAN_POINT('Origin',(1.00010265260602,2.,1.75909181000546E-8));
#3217=CARTESIAN_POINT('',(0.800181946600026,2.06730831728588,-4.8871653253811E-5));
#3218=CARTESIAN_POINT('',(0.809398358612021,2.0672298818799,5.93031650013393E-5));
#3219=CARTESIAN_POINT('',(1.00010265260602,2.06725,1.75909181082903E-8));
#3220=CARTESIAN_POINT('Ctrl Pts',(0.809398358612021,2.0672298818799,5.93031650013393E-5));
#3221=CARTESIAN_POINT('Ctrl Pts',(0.809834040539217,2.06728117332309,0.00595334134910171));
#3222=CARTESIAN_POINT('Ctrl Pts',(0.810269722466413,2.06656956590338,0.0118351982246508));
#3223=CARTESIAN_POINT('Ctrl Pts',(0.810705404393609,2.06504599861619,0.0174986219448494));
#3224=CARTESIAN_POINT('Ctrl Pts',(0.812351086971184,2.05929109352653,0.0388908284238625));
#3225=CARTESIAN_POINT('Ctrl Pts',(0.813996769548759,2.04195141308016,0.0571665027483479));
#3226=CARTESIAN_POINT('Ctrl Pts',(0.815642452126333,2.02089101872441,0.0640370996165699));
#3227=CARTESIAN_POINT('Ctrl Pts',(0.817288134703908,1.99983062436866,0.0709076964847919));
#3228=CARTESIAN_POINT('Ctrl Pts',(0.818933817281483,1.97504951610351,0.0663732158967505));
#3229=CARTESIAN_POINT('Ctrl Pts',(0.820579499859057,1.95778665497224,0.0524901724160724));
#3230=CARTESIAN_POINT('Ctrl Pts',(0.822225182436631,1.94052379384097,0.0386071289353944));
#3231=CARTESIAN_POINT('Ctrl Pts',(0.823870865014206,1.93077917984357,0.0153755225620798));
#3232=CARTESIAN_POINT('Ctrl Pts',(0.825516547591781,1.9329722841245,-0.00666842485769245));
#3233=CARTESIAN_POINT('Ctrl Pts',(0.827162230169355,1.93516538840543,-0.0287123722774647));
#3234=CARTESIAN_POINT('Ctrl Pts',(0.82880791274693,1.94929621096469,-0.0495686607436946));
#3235=CARTESIAN_POINT('Ctrl Pts',(0.830453595324504,1.96895600632384,-0.0597783498448099));
#3236=CARTESIAN_POINT('Ctrl Pts',(0.832099277902079,1.98861580168298,-0.0699880389459254));
#3237=CARTESIAN_POINT('Ctrl Pts',(0.833744960479653,2.013804569842,-0.0695511286819263));
#3238=CARTESIAN_POINT('Ctrl Pts',(0.835390643057228,2.03309846180159,-0.0586657699392361));
#3239=CARTESIAN_POINT('Ctrl Pts',(0.837036325634802,2.05239235376118,-0.047780411196546));
#3240=CARTESIAN_POINT('Ctrl Pts',(0.838682008212378,2.06579136952135,-0.0264466039751649));
#3241=CARTESIAN_POINT('Ctrl Pts',(0.840327690789952,2.06721866005104,-0.00433985952083247));
#3242=CARTESIAN_POINT('Ctrl Pts',(0.840434580063975,2.06731136447085,-0.00290399704167902));
#3243=CARTESIAN_POINT('Ctrl Pts',(0.840541469337998,2.06735356406775,-0.00146487379122367));
#3244=CARTESIAN_POINT('Ctrl Pts',(0.840648358612021,2.06734656920895,-2.53330497579561E-5));
#3245=CARTESIAN_POINT('Ctrl Pts',(0.831431946600026,2.06714408921447,-9.54203853678003E-6));
#3246=CARTESIAN_POINT('Ctrl Pts',(0.830653103176552,2.06715763473257,-0.0105799571038197));
#3247=CARTESIAN_POINT('Ctrl Pts',(0.829874259753078,2.06480741296625,-0.0211446762024153));
#3248=CARTESIAN_POINT('Ctrl Pts',(0.829095416329604,2.0600612856849,-0.0304929974681115));
#3249=CARTESIAN_POINT('Ctrl Pts',(0.827449733752029,2.05003280147041,-0.0502458373494605));
#3250=CARTESIAN_POINT('Ctrl Pts',(0.825804051174455,2.02930732907799,-0.0645678314998144));
#3251=CARTESIAN_POINT('Ctrl Pts',(0.82415836859688,2.00728448180554,-0.0669635397719219));
#3252=CARTESIAN_POINT('Ctrl Pts',(0.822512686019306,1.98526163453308,-0.0693592480440295));
#3253=CARTESIAN_POINT('Ctrl Pts',(0.820867003441731,1.96194141238058,-0.0598286704378904));
#3254=CARTESIAN_POINT('Ctrl Pts',(0.819221320864156,1.94790022345537,-0.0426941919497375));
#3255=CARTESIAN_POINT('Ctrl Pts',(0.817575638286582,1.93385903453017,-0.0255597134615846));
#3256=CARTESIAN_POINT('Ctrl Pts',(0.815929955709007,1.92909687883225,-0.000821334091417992));
#3257=CARTESIAN_POINT('Ctrl Pts',(0.814284273131432,1.93577353540178,0.0203013357435986));
#3258=CARTESIAN_POINT('Ctrl Pts',(0.812638590553858,1.9424501919713,0.0414240055786153));
#3259=CARTESIAN_POINT('Ctrl Pts',(0.810992907976283,1.96056566080827,0.0589309658784819));
#3260=CARTESIAN_POINT('Ctrl Pts',(0.809347225398708,1.98190404056034,0.064882344290093));
#3261=CARTESIAN_POINT('Ctrl Pts',(0.807701542821134,2.00324242031241,0.0708337227017041));
#3262=CARTESIAN_POINT('Ctrl Pts',(0.806055860243559,2.02780371097958,0.0652295192250596));
#3263=CARTESIAN_POINT('Ctrl Pts',(0.804410177665985,2.04444864652469,0.0506113060596595));
#3264=CARTESIAN_POINT('Ctrl Pts',(0.803000767310666,2.05870385274768,0.038091843745153));
#3265=CARTESIAN_POINT('Ctrl Pts',(0.801591356955346,2.06715264439009,0.0189608693800481));
#3266=CARTESIAN_POINT('Ctrl Pts',(0.800181946600026,2.06730831728588,-4.8871653253811E-5));
#3267=CARTESIAN_POINT('Origin',(1.00010265260602,2.,1.75909181000546E-8));
#3268=CARTESIAN_POINT('',(0.768931946600027,2.0672816508518,5.56987793620831E-5));
#3269=CARTESIAN_POINT('',(0.778148358612021,2.06715829830355,-3.25497555448002E-5));
#3270=CARTESIAN_POINT('',(1.00010265260602,2.06725,1.75909181082903E-8));
#3271=CARTESIAN_POINT('',(0.750102652606024,1.94623069871607,0.0403909168064379));
#3272=CARTESIAN_POINT('Ctrl Pts',(0.768931946600027,2.0672816508518,5.56987793620831E-5));
#3273=CARTESIAN_POINT('Ctrl Pts',(0.767592563001416,2.06711970246767,-0.0180235909925956));
#3274=CARTESIAN_POINT('Ctrl Pts',(0.766253179402806,2.05957817780986,-0.0362191212976061));
#3275=CARTESIAN_POINT('Ctrl Pts',(0.764913795804195,2.04654593316451,-0.0486829460801384));
#3276=CARTESIAN_POINT('Ctrl Pts',(0.76326811322662,2.0305333897962,-0.0639970796232368));
#3277=CARTESIAN_POINT('Ctrl Pts',(0.761622430649046,2.00623166803627,-0.0706582260040379));
#3278=CARTESIAN_POINT('Ctrl Pts',(0.759976748071472,1.98466010031334,-0.0656002608172784));
#3279=CARTESIAN_POINT('Ctrl Pts',(0.758331065493897,1.96308853259041,-0.0605422956305188));
#3280=CARTESIAN_POINT('Ctrl Pts',(0.756685382916322,1.94424711890449,-0.0437652188761986));
#3281=CARTESIAN_POINT('Ctrl Pts',(0.755039700338748,1.93669148370132,-0.0229797676834519));
#3282=CARTESIAN_POINT('Ctrl Pts',(0.753394017761173,1.92913584849816,-0.00219431649070508));
#3283=CARTESIAN_POINT('Ctrl Pts',(0.751748335183598,1.93286599177774,0.0225995091404683));
#3284=CARTESIAN_POINT('Ctrl Pts',(0.750102652606024,1.94623069871607,0.0403909168064382));
#3285=CARTESIAN_POINT('',(0.750102652606024,2.05371143205886,0.040416891323677));
#3286=CARTESIAN_POINT('Origin',(0.750102652606024,2.,1.75909180376113E-8));
#3287=CARTESIAN_POINT('Ctrl Pts',(0.750102652606024,2.05371143205886,0.040416891323677));
#3288=CARTESIAN_POINT('Ctrl Pts',(0.750555378937657,2.05007628556162,0.0453525981178368));
#3289=CARTESIAN_POINT('Ctrl Pts',(0.751008105269291,2.04579178225063,0.0497843529960855));
#3290=CARTESIAN_POINT('Ctrl Pts',(0.751460831600925,2.04095429214567,0.0534925864798897));
#3291=CARTESIAN_POINT('Ctrl Pts',(0.753106514178499,2.02336977666984,0.066972198359005));
#3292=CARTESIAN_POINT('Ctrl Pts',(0.754752196756074,1.99847832368631,0.0708914994453573));
#3293=CARTESIAN_POINT('Ctrl Pts',(0.756397879333648,1.97758548202202,0.063514946493507));
#3294=CARTESIAN_POINT('Ctrl Pts',(0.758043561911223,1.95669264035773,0.0561383935416567));
#3295=CARTESIAN_POINT('Ctrl Pts',(0.759689244488797,1.93979841001267,0.0374659865516039));
#3296=CARTESIAN_POINT('Ctrl Pts',(0.761334927066372,1.93455642693503,0.015945480279675));
#3297=CARTESIAN_POINT('Ctrl Pts',(0.762980609643946,1.92931444385739,-0.00557502599225406));
#3298=CARTESIAN_POINT('Ctrl Pts',(0.764626292221521,1.93572470804716,-0.0299436315460594));
#3299=CARTESIAN_POINT('Ctrl Pts',(0.766271974799095,1.95088424244108,-0.0460979699115147));
#3300=CARTESIAN_POINT('Ctrl Pts',(0.76791765737667,1.96604377683501,-0.06225230827697));
#3301=CARTESIAN_POINT('Ctrl Pts',(0.769563339954245,1.98995258143309,-0.0701923794540754));
#3302=CARTESIAN_POINT('Ctrl Pts',(0.77120902253182,2.01176513931359,-0.0663224519848337));
#3303=CARTESIAN_POINT('Ctrl Pts',(0.772854705109394,2.0335776971941,-0.0624525245155919));
#3304=CARTESIAN_POINT('Ctrl Pts',(0.774500387686968,2.05329400835703,-0.046772598400003));
#3305=CARTESIAN_POINT('Ctrl Pts',(0.776146070264543,2.06197324658401,-0.026391276237239));
#3306=CARTESIAN_POINT('Ctrl Pts',(0.776813499713702,2.06549323231388,-0.0181253476738583));
#3307=CARTESIAN_POINT('Ctrl Pts',(0.777480929162861,2.06719781733713,-0.00908612371271091));
#3308=CARTESIAN_POINT('Ctrl Pts',(0.778148358612021,2.06715829830355,-3.25497555448002E-5));
#3309=CARTESIAN_POINT('Origin',(0.68229103012948,2.,1.75909180206738E-8));
#3310=CARTESIAN_POINT('',(1.22416427508257,2.08213074742763,-9.97469910866156E-6));
#3311=CARTESIAN_POINT('',(1.22916603012948,2.08199269083486,7.75843082369414E-5));
#3312=CARTESIAN_POINT('',(0.68229103012948,2.082,1.7590924486453E-8));
#3313=CARTESIAN_POINT('',(1.25010265260602,1.96048352111068,-0.0718501591394805));
#3314=CARTESIAN_POINT('Ctrl Pts',(1.22916603012948,2.08199269083486,7.7584308236944E-5));
#3315=CARTESIAN_POINT('Ctrl Pts',(1.22956217397803,2.08205127432399,0.00660846198545974));
#3316=CARTESIAN_POINT('Ctrl Pts',(1.23160400040415,2.07836433759938,0.040202824909611));
#3317=CARTESIAN_POINT('Ctrl Pts',(1.23529150940785,2.03220633028259,0.0912190699010708));
#3318=CARTESIAN_POINT('Ctrl Pts',(1.24022855714058,1.94115362410513,0.0768823914993793));
#3319=CARTESIAN_POINT('Ctrl Pts',(1.2451656048733,1.90355824165399,-0.00739763996745684));
#3320=CARTESIAN_POINT('Ctrl Pts',(1.24845697002845,1.93670943897536,-0.058774783996865));
#3321=CARTESIAN_POINT('Ctrl Pts',(1.25010265260602,1.96048352111068,-0.0718501591394805));
#3322=CARTESIAN_POINT('',(1.25010265260602,2.0394391353423,-0.0718500193352909));
#3323=CARTESIAN_POINT('Origin',(1.25010265260602,2.,1.75909181624978E-8));
#3324=CARTESIAN_POINT('Ctrl Pts',(1.22416427508257,2.08213074742763,-9.97469910865524E-6));
#3325=CARTESIAN_POINT('Ctrl Pts',(1.22577494428179,2.08208278107434,0.026427828740423));
#3326=CARTESIAN_POINT('Ctrl Pts',(1.22903129605858,2.05392592228787,0.0799632424169011));
#3327=CARTESIAN_POINT('Ctrl Pts',(1.23393333041295,1.96291006832897,0.0893771478570134));
#3328=CARTESIAN_POINT('Ctrl Pts',(1.23887037814568,1.90488584814962,0.0177600921507212));
#3329=CARTESIAN_POINT('Ctrl Pts',(1.2438074258784,1.93313782653259,-0.0699115106762632));
#3330=CARTESIAN_POINT('Ctrl Pts',(1.24755151736518,2.00055326694726,-0.0883901371063831));
#3331=CARTESIAN_POINT('Ctrl Pts',(1.24964992627439,2.03292429602697,-0.0755137465654171));
#3332=CARTESIAN_POINT('Ctrl Pts',(1.25010265260602,2.0394391353423,-0.0718500193352909));
#3333=CARTESIAN_POINT('Origin',(0.68229103012948,2.,1.75909180206738E-8));
#3334=CARTESIAN_POINT('',(1.19291427508257,2.08194293479219,6.68993961666183E-5));
#3335=CARTESIAN_POINT('',(1.19791603012948,2.08187998361761,-2.98892508419788E-5));
#3336=CARTESIAN_POINT('',(0.68229103012948,2.082,1.7590924486453E-8));
#3337=CARTESIAN_POINT('Ctrl Pts',(1.19791603012948,2.08187998361761,-2.98892508419828E-5));
#3338=CARTESIAN_POINT('Ctrl Pts',(1.19885474517925,2.08182849490023,0.0155003061118945));
#3339=CARTESIAN_POINT('Ctrl Pts',(1.20143914280659,2.07013123871701,0.058328691380115));
#3340=CARTESIAN_POINT('Ctrl Pts',(1.20566922301151,2.00115397859482,0.096752967308078));
#3341=CARTESIAN_POINT('Ctrl Pts',(1.21060627074423,1.91960121391119,0.0538401354404049));
#3342=CARTESIAN_POINT('Ctrl Pts',(1.21554331847696,1.91097627300445,-0.0379122590532415));
#3343=CARTESIAN_POINT('Ctrl Pts',(1.22048036620968,1.9830983862012,-0.0952692956864353));
#3344=CARTESIAN_POINT('Ctrl Pts',(1.22502127009386,2.06353904447934,-0.0685551145557957));
#3345=CARTESIAN_POINT('Ctrl Pts',(1.22791649140045,2.08180790356926,-0.0205224694906296));
#3346=CARTESIAN_POINT('Ctrl Pts',(1.22916603012948,2.08199269083486,7.7584308236944E-5));
#3347=CARTESIAN_POINT('Ctrl Pts',(1.19291427508257,2.08194293479219,6.68993961666114E-5));
#3348=CARTESIAN_POINT('Ctrl Pts',(1.19342183290543,2.08200828289431,0.00844775096036322));
#3349=CARTESIAN_POINT('Ctrl Pts',(1.19557507330587,2.07698482782279,0.0439258420868705));
#3350=CARTESIAN_POINT('Ctrl Pts',(1.19937399628388,2.02599475890242,0.0932031269279865));
#3351=CARTESIAN_POINT('Ctrl Pts',(1.20431104401661,1.93614973169582,0.0727029897859813));
#3352=CARTESIAN_POINT('Ctrl Pts',(1.20924809174933,1.90422064676286,-0.0137435127331627));
#3353=CARTESIAN_POINT('Ctrl Pts',(1.21418513948206,1.95916912030672,-0.0877228768120134));
#3354=CARTESIAN_POINT('Ctrl Pts',(1.21912218721478,2.05115354180731,-0.082134261128373));
#3355=CARTESIAN_POINT('Ctrl Pts',(1.22244856574828,2.08186701535618,-0.0281709704175286));
#3356=CARTESIAN_POINT('Ctrl Pts',(1.22412926170421,2.08213179013962,-0.000584690360863566));
#3357=CARTESIAN_POINT('Ctrl Pts',(1.22416427508257,2.08213074742763,-9.97469910865524E-6));
#3358=CARTESIAN_POINT('Origin',(0.68229103012948,2.,1.75909180206738E-8));
#3359=CARTESIAN_POINT('',(1.16166427508257,2.08190917159063,-5.39261969356337E-5));
#3360=CARTESIAN_POINT('',(1.16666603012948,2.08209995527233,-4.52380660024613E-5));
#3361=CARTESIAN_POINT('',(0.68229103012948,2.082,1.7590924486453E-8));
#3362=CARTESIAN_POINT('Ctrl Pts',(1.16666603012948,2.08209995527233,-4.52380660024622E-5));
#3363=CARTESIAN_POINT('Ctrl Pts',(1.16814731638047,2.08193769431959,0.0242935751065232));
#3364=CARTESIAN_POINT('Ctrl Pts',(1.17127428520903,2.05762077924577,0.0759541926359194));
#3365=CARTESIAN_POINT('Ctrl Pts',(1.17604693661517,1.96999015781113,0.0919889617982921));
#3366=CARTESIAN_POINT('Ctrl Pts',(1.18098398434789,1.90656174155961,0.0251366873326204));
#3367=CARTESIAN_POINT('Ctrl Pts',(1.18592103208062,1.92788736169139,-0.064516088178584));
#3368=CARTESIAN_POINT('Ctrl Pts',(1.19085807981334,2.01462335188096,-0.0956488343177348));
#3369=CARTESIAN_POINT('Ctrl Pts',(1.19485641249629,2.07412548229169,-0.050599246577978));
#3370=CARTESIAN_POINT('Ctrl Pts',(1.19720906260167,2.0819187609348,-0.0117260305075934));
#3371=CARTESIAN_POINT('Ctrl Pts',(1.19791603012948,2.08187998361761,-2.98892508419828E-5));
#3372=CARTESIAN_POINT('Ctrl Pts',(1.16166427508257,2.08190917159063,-5.39261969356296E-5));
#3373=CARTESIAN_POINT('Ctrl Pts',(1.16271440410665,2.08180313635717,0.0173039589907131));
#3374=CARTESIAN_POINT('Ctrl Pts',(1.16541021570831,2.06793669987489,0.0620186317381979));
#3375=CARTESIAN_POINT('Ctrl Pts',(1.16975170988754,1.99465391729565,0.0966125382481068));
#3376=CARTESIAN_POINT('Ctrl Pts',(1.17468875762027,1.91616762813371,0.0483186849283906));
#3377=CARTESIAN_POINT('Ctrl Pts',(1.17962580535299,1.91372224538373,-0.0438030583715282));
#3378=CARTESIAN_POINT('Ctrl Pts',(1.18456285308571,1.98953587636543,-0.0961928114306561));
#3379=CARTESIAN_POINT('Ctrl Pts',(1.18899234299557,2.06607120175738,-0.0649141274083408));
#3380=CARTESIAN_POINT('Ctrl Pts',(1.19177615032786,2.0817964011573,-0.0187259439038021));
#3381=CARTESIAN_POINT('Ctrl Pts',(1.19291427508257,2.08194293479219,6.68993961666114E-5));
#3382=CARTESIAN_POINT('Origin',(0.68229103012948,2.,1.75909180206738E-8));
#3383=CARTESIAN_POINT('',(1.13041427508257,2.08212860433978,-1.57432766096247E-5));
#3384=CARTESIAN_POINT('',(1.13541603012948,2.08200332605837,7.2899849473641E-5));
#3385=CARTESIAN_POINT('',(0.68229103012948,2.082,1.7590924486453E-8));
#3386=CARTESIAN_POINT('Ctrl Pts',(1.13541603012948,2.08200332605837,7.28998494736418E-5));
#3387=CARTESIAN_POINT('Ctrl Pts',(1.13579420500411,2.08205974210094,0.00630565981786801));
#3388=CARTESIAN_POINT('Ctrl Pts',(1.13781806245632,2.07857459653196,0.0395987406234809));
#3389=CARTESIAN_POINT('Ctrl Pts',(1.1414876024861,2.03318201431637,0.0908928785076618));
#3390=CARTESIAN_POINT('Ctrl Pts',(1.14642465021883,1.94201218895529,0.0774595035779568));
#3391=CARTESIAN_POINT('Ctrl Pts',(1.15136169795155,1.90344072881614,-0.00623419411229759));
#3392=CARTESIAN_POINT('Ctrl Pts',(1.15629874568427,1.95245422427287,-0.0842730950339758));
#3393=CARTESIAN_POINT('Ctrl Pts',(1.161235793417,2.04459454232101,-0.0858713093741904));
#3394=CARTESIAN_POINT('Ctrl Pts',(1.16469155489873,2.08077604954486,-0.0324694675178793));
#3395=CARTESIAN_POINT('Ctrl Pts',(1.16650163380289,2.08211796334103,-0.00274641177660105));
#3396=CARTESIAN_POINT('Ctrl Pts',(1.16666603012948,2.08209995527233,-4.52380660024622E-5));
#3397=CARTESIAN_POINT('Ctrl Pts',(1.13041427508257,2.08212860433978,-1.57432766096238E-5));
#3398=CARTESIAN_POINT('Ctrl Pts',(1.13200697530787,2.08205907663642,0.0261294674837326));
#3399=CARTESIAN_POINT('Ctrl Pts',(1.13524535811075,2.05445637750029,0.0794160368267321));
#3400=CARTESIAN_POINT('Ctrl Pts',(1.1401294234912,1.96388058070505,0.0897660886979386));
#3401=CARTESIAN_POINT('Ctrl Pts',(1.14506647122393,1.9050846615199,0.0188052960582637));
#3402=CARTESIAN_POINT('Ctrl Pts',(1.15000351895665,1.93238255357184,-0.0692129936544015));
#3403=CARTESIAN_POINT('Ctrl Pts',(1.15494056668937,2.02101345842953,-0.0944509988756176));
#3404=CARTESIAN_POINT('Ctrl Pts',(1.15882748539801,2.07578601300634,-0.0468710405993965));
#3405=CARTESIAN_POINT('Ctrl Pts',(1.16106872152908,2.08196930673463,-0.00989800246519626));
#3406=CARTESIAN_POINT('Ctrl Pts',(1.16166427508257,2.08190917159063,-5.39261969356296E-5));
#3407=CARTESIAN_POINT('Origin',(0.68229103012948,2.,1.75909180206738E-8));
#3408=CARTESIAN_POINT('',(1.09916427508257,2.08195073146868,6.87082052980205E-5));
#3409=CARTESIAN_POINT('',(1.10416603012948,2.0818769628443,-2.54944593200375E-5));
#3410=CARTESIAN_POINT('',(0.68229103012948,2.082,1.7590924486453E-8));
#3411=CARTESIAN_POINT('Ctrl Pts',(1.10416603012948,2.0818769628443,-2.54944593200494E-5));
#3412=CARTESIAN_POINT('Ctrl Pts',(1.10508677620533,2.08183403933267,0.0152088004832432));
#3413=CARTESIAN_POINT('Ctrl Pts',(1.10765320485876,2.07046814242208,0.0577314028504322));
#3414=CARTESIAN_POINT('Ctrl Pts',(1.11186531608976,2.00220236802762,0.0967352635132712));
#3415=CARTESIAN_POINT('Ctrl Pts',(1.11680236382248,1.92018985493924,0.0547074117281766));
#3416=CARTESIAN_POINT('Ctrl Pts',(1.12173941155521,1.91056985157345,-0.0369432738263696));
#3417=CARTESIAN_POINT('Ctrl Pts',(1.12667645928793,1.98206826849652,-0.0950842147261556));
#3418=CARTESIAN_POINT('Ctrl Pts',(1.13123533214602,2.06310918838208,-0.0691310554372079));
#3419=CARTESIAN_POINT('Ctrl Pts',(1.13414852242654,2.08181423954489,-0.0208170952307219));
#3420=CARTESIAN_POINT('Ctrl Pts',(1.13541603012948,2.08200332605837,7.28998494736418E-5));
#3421=CARTESIAN_POINT('Ctrl Pts',(1.09916427508257,2.08195073146868,6.87082052980123E-5));
#3422=CARTESIAN_POINT('Ctrl Pts',(1.09965386393152,2.08201593740486,0.0081509049158328));
#3423=CARTESIAN_POINT('Ctrl Pts',(1.10178913535804,2.0772177483242,0.0433245404808242));
#3424=CARTESIAN_POINT('Ctrl Pts',(1.10557008936213,2.02700340951809,0.0929159788151926));
#3425=CARTESIAN_POINT('Ctrl Pts',(1.11050713709486,1.93694146083123,0.0733906206246148));
#3426=CARTESIAN_POINT('Ctrl Pts',(1.11544418482758,1.90407732711669,-0.0127043439710685));
#3427=CARTESIAN_POINT('Ctrl Pts',(1.1203812325603,1.95822071637276,-0.0872757031774339));
#3428=CARTESIAN_POINT('Ctrl Pts',(1.12531828029303,2.05026038052034,-0.0826828350770778));
#3429=CARTESIAN_POINT('Ctrl Pts',(1.12866262780045,2.08172589112572,-0.028767967695485));
#3430=CARTESIAN_POINT('Ctrl Pts',(1.1303612927303,2.08213091723031,-0.000885483071154905));
#3431=CARTESIAN_POINT('Ctrl Pts',(1.13041427508257,2.08212860433978,-1.57432766096238E-5));
#3432=CARTESIAN_POINT('Origin',(0.68229103012948,2.,1.75909180206738E-8));
#3433=CARTESIAN_POINT('',(1.06791427508257,2.08190334209758,-5.05537983836284E-5));
#3434=CARTESIAN_POINT('',(1.07291603012948,2.08209333178296,-4.92229209717812E-5));
#3435=CARTESIAN_POINT('',(0.68229103012948,2.082,1.7590924486453E-8));
#3436=CARTESIAN_POINT('Ctrl Pts',(1.07291603012948,2.08209333178296,-4.92229209717853E-5));
#3437=CARTESIAN_POINT('Ctrl Pts',(1.07437934740655,2.08192205738086,0.0239994503336148));
#3438=CARTESIAN_POINT('Ctrl Pts',(1.0774883472612,2.05811136480081,0.0753891524824041));
#3439=CARTESIAN_POINT('Ctrl Pts',(1.08224302969342,1.97098893178295,0.0923088262131393));
#3440=CARTESIAN_POINT('Ctrl Pts',(1.08718007742614,1.90683967811043,0.0261479171962504));
#3441=CARTESIAN_POINT('Ctrl Pts',(1.09211712515886,1.92719233210076,-0.0637306792781121));
#3442=CARTESIAN_POINT('Ctrl Pts',(1.09705417289159,2.01358583594214,-0.0958017740944721));
#3443=CARTESIAN_POINT('Ctrl Pts',(1.10107047454846,2.0738422649395,-0.051200039127638));
#3444=CARTESIAN_POINT('Ctrl Pts',(1.10344109362776,2.08191075806882,-0.012020002795029));
#3445=CARTESIAN_POINT('Ctrl Pts',(1.10416603012948,2.0818769628443,-2.54944593200494E-5));
#3446=CARTESIAN_POINT('Ctrl Pts',(1.06791427508257,2.08190334209758,-5.05537983836284E-5));
#3447=CARTESIAN_POINT('Ctrl Pts',(1.06894643513274,2.08180607970894,0.0170133701284751));
#3448=CARTESIAN_POINT('Ctrl Pts',(1.07162427776048,2.0683031532364,0.0614251216466178));
#3449=CARTESIAN_POINT('Ctrl Pts',(1.07594780296579,1.99570135820214,0.096664807739624));
#3450=CARTESIAN_POINT('Ctrl Pts',(1.08088485069852,1.916696250006,0.0492244547409398));
#3451=CARTESIAN_POINT('Ctrl Pts',(1.08582189843124,1.9132525573051,-0.0428653665983366));
#3452=CARTESIAN_POINT('Ctrl Pts',(1.09075894616396,1.98849391252928,-0.0960737557653928));
#3453=CARTESIAN_POINT('Ctrl Pts',(1.09520640504774,2.06567559051502,-0.0655028920362064));
#3454=CARTESIAN_POINT('Ctrl Pts',(1.09800818135394,2.08179675701838,-0.0190162381750592));
#3455=CARTESIAN_POINT('Ctrl Pts',(1.09916427508257,2.08195073146868,6.87082052980123E-5));
#3456=CARTESIAN_POINT('Origin',(0.68229103012948,2.,1.75909180206738E-8));
#3457=CARTESIAN_POINT('',(1.03666427508257,2.08212569863677,-2.09323867111084E-5));
#3458=CARTESIAN_POINT('',(1.04166603012948,2.08201217158317,7.23739615637554E-5));
#3459=CARTESIAN_POINT('',(0.68229103012948,2.082,1.7590924486453E-8));
#3460=CARTESIAN_POINT('Ctrl Pts',(1.04166603012948,2.08201217158317,7.2373961563755E-5));
#3461=CARTESIAN_POINT('Ctrl Pts',(1.0420262360302,2.08206608728685,0.0060073421474348));
#3462=CARTESIAN_POINT('Ctrl Pts',(1.04403212450849,2.07877962614124,0.0389983615322964));
#3463=CARTESIAN_POINT('Ctrl Pts',(1.04768369556435,2.03416520009613,0.0905278991011728));
#3464=CARTESIAN_POINT('Ctrl Pts',(1.05262074329707,1.94285513319872,0.0780834500629097));
#3465=CARTESIAN_POINT('Ctrl Pts',(1.0575577910298,1.9033788315772,-0.00518727852140929));
#3466=CARTESIAN_POINT('Ctrl Pts',(1.06249483876252,1.95154362958631,-0.0837528235231307));
#3467=CARTESIAN_POINT('Ctrl Pts',(1.06743188649524,2.04366121409642,-0.086349600890985));
#3468=CARTESIAN_POINT('Ctrl Pts',(1.0709056169509,2.08061051867939,-0.0330674247290504));
#3469=CARTESIAN_POINT('Ctrl Pts',(1.07273366482898,2.08211467678333,-0.00304627871571069));
#3470=CARTESIAN_POINT('Ctrl Pts',(1.07291603012948,2.08209333178296,-4.92229209717853E-5));
#3471=CARTESIAN_POINT('Ctrl Pts',(1.03666427508257,2.08212569863677,-2.09323867111096E-5));
#3472=CARTESIAN_POINT('Ctrl Pts',(1.03823900633395,2.08203655030979,0.0258317566749178));
#3473=CARTESIAN_POINT('Ctrl Pts',(1.04145942016292,2.05498111755653,0.0788628395995256));
#3474=CARTESIAN_POINT('Ctrl Pts',(1.04632551656945,1.9648556244224,0.0901522934416116));
#3475=CARTESIAN_POINT('Ctrl Pts',(1.05126256430217,1.9052940560549,0.0198329235118028));
#3476=CARTESIAN_POINT('Ctrl Pts',(1.0561996120349,1.93163636573394,-0.0684760620700462));
#3477=CARTESIAN_POINT('Ctrl Pts',(1.06113665976762,2.01998852459639,-0.0946732038619214));
#3478=CARTESIAN_POINT('Ctrl Pts',(1.06504154745018,2.07552913256177,-0.047472486001893));
#3479=CARTESIAN_POINT('Ctrl Pts',(1.06730075255516,2.08196115548271,-0.0101934591873473));
#3480=CARTESIAN_POINT('Ctrl Pts',(1.06791427508257,2.08190334209758,-5.05537983836284E-5));
#3481=CARTESIAN_POINT('Origin',(0.68229103012948,2.,1.75909180206738E-8));
#3482=CARTESIAN_POINT('',(1.00541427508257,2.08195877299441,7.02235227240854E-5));
#3483=CARTESIAN_POINT('',(1.01041603012948,2.08187442257566,-2.09562915335659E-5));
#3484=CARTESIAN_POINT('',(0.68229103012948,2.082,1.7590924486453E-8));
#3485=CARTESIAN_POINT('Ctrl Pts',(1.01041603012948,2.08187442257566,-2.09562915335657E-5));
#3486=CARTESIAN_POINT('Ctrl Pts',(1.01131880723141,2.08183988534895,0.0149171904014827));
#3487=CARTESIAN_POINT('Ctrl Pts',(1.01386726691092,2.0708003171567,0.057133786805448));
#3488=CARTESIAN_POINT('Ctrl Pts',(1.01806140916801,2.00325069564975,0.0967057113536772));
#3489=CARTESIAN_POINT('Ctrl Pts',(1.02299845690073,1.92078748435481,0.0555692140355675));
#3490=CARTESIAN_POINT('Ctrl Pts',(1.02793550463346,1.91017469765083,-0.0359718225931075));
#3491=CARTESIAN_POINT('Ctrl Pts',(1.03287255236618,1.98103875914732,-0.0948842781258671));
#3492=CARTESIAN_POINT('Ctrl Pts',(1.03744939419819,2.06267672597066,-0.0697121713065242));
#3493=CARTESIAN_POINT('Ctrl Pts',(1.04038055345262,2.08181976113273,-0.0211079097752753));
#3494=CARTESIAN_POINT('Ctrl Pts',(1.04166603012948,2.08201217158317,7.2373961563755E-5));
#3495=CARTESIAN_POINT('Ctrl Pts',(1.00541427508257,2.08195877299442,7.02235227240847E-5));
#3496=CARTESIAN_POINT('Ctrl Pts',(1.0058858949576,2.08202345337044,0.00785384842659051));
#3497=CARTESIAN_POINT('Ctrl Pts',(1.0080031974102,2.07744670696141,0.0427233333712592));
#3498=CARTESIAN_POINT('Ctrl Pts',(1.01176618244038,2.02800888538956,0.0926178469491642));
#3499=CARTESIAN_POINT('Ctrl Pts',(1.01670323017311,1.93774060272088,0.0740697646286905));
#3500=CARTESIAN_POINT('Ctrl Pts',(1.02164027790583,1.90394526618761,-0.0116639477738698));
#3501=CARTESIAN_POINT('Ctrl Pts',(1.02657732563855,1.95727723967826,-0.0868177555105036));
#3502=CARTESIAN_POINT('Ctrl Pts',(1.03151437337128,2.04936127707967,-0.083222721494403));
#3503=CARTESIAN_POINT('Ctrl Pts',(1.03487668985262,2.08158148334019,-0.029364225374761));
#3504=CARTESIAN_POINT('Ctrl Pts',(1.03659332375638,2.08212971531709,-0.00118575500190871));
#3505=CARTESIAN_POINT('Ctrl Pts',(1.03666427508257,2.08212569863677,-2.09323867111096E-5));
#3506=CARTESIAN_POINT('Origin',(0.68229103012948,2.,1.75909180206738E-8));
#3507=CARTESIAN_POINT('',(0.974164275082568,2.08189792209386,-4.69665130079775E-5));
#3508=CARTESIAN_POINT('',(0.97916603012948,2.0820862844189,-5.29399762452851E-5));
#3509=CARTESIAN_POINT('',(0.68229103012948,2.082,1.7590924486453E-8));
#3510=CARTESIAN_POINT('Ctrl Pts',(0.97916603012948,2.0820862844189,-5.29399762452838E-5));
#3511=CARTESIAN_POINT('Ctrl Pts',(0.980611378432634,2.08190745815563,0.0237057788434909));
#3512=CARTESIAN_POINT('Ctrl Pts',(0.983702409313362,2.05859650826367,0.0748223970401267));
#3513=CARTESIAN_POINT('Ctrl Pts',(0.988439122771664,1.97199111722427,0.0926178383059352));
#3514=CARTESIAN_POINT('Ctrl Pts',(0.993376170504389,1.90712855195575,0.0271560918010927));
#3515=CARTESIAN_POINT('Ctrl Pts',(0.998313218237112,1.92650586873121,-0.0629378160021548));
#3516=CARTESIAN_POINT('Ctrl Pts',(1.00325026596984,2.01254669812959,-0.0959433959109415));
#3517=CARTESIAN_POINT('Ctrl Pts',(1.00728453660063,2.0735547348722,-0.0518007500851597));
#3518=CARTESIAN_POINT('Ctrl Pts',(1.00967312465384,2.08190284364968,-0.012313725957902));
#3519=CARTESIAN_POINT('Ctrl Pts',(1.01041603012948,2.08187442257566,-2.09562915335657E-5));
#3520=CARTESIAN_POINT('Ctrl Pts',(0.974164275082568,2.08189792209386,-4.69665130079884E-5));
#3521=CARTESIAN_POINT('Ctrl Pts',(0.975178466158818,2.08180949957646,0.0167226771575208));
#3522=CARTESIAN_POINT('Ctrl Pts',(0.977838339812642,2.0686647574934,0.0608309368066995));
#3523=CARTESIAN_POINT('Ctrl Pts',(0.982143896044041,1.9967493040469,0.0967057203783938));
#3524=CARTESIAN_POINT('Ctrl Pts',(0.987080943776764,1.91723465805073,0.0501244442491841));
#3525=CARTESIAN_POINT('Ctrl Pts',(0.992017991509488,1.91279305969148,-0.0419226437967531));
#3526=CARTESIAN_POINT('Ctrl Pts',(0.996955039242212,1.98745330069954,-0.0959434048645205));
#3527=CARTESIAN_POINT('Ctrl Pts',(1.00142046709991,2.0652749409083,-0.066090736282604));
#3528=CARTESIAN_POINT('Ctrl Pts',(1.00424021238002,2.08179775599513,-0.0193065334251019));
#3529=CARTESIAN_POINT('Ctrl Pts',(1.00541427508257,2.08195877299442,7.02235227240847E-5));
#3530=CARTESIAN_POINT('Origin',(0.68229103012948,2.,1.75909180206738E-8));
#3531=CARTESIAN_POINT('',(0.942914275082569,2.08212206359341,-2.59916008278914E-5));
#3532=CARTESIAN_POINT('',(0.947916030129479,2.08202101945354,7.15060403050065E-5));
#3533=CARTESIAN_POINT('',(0.68229103012948,2.082,1.7590924486453E-8));
#3534=CARTESIAN_POINT('Ctrl Pts',(0.947916030129479,2.08202101945354,7.15060403050093E-5));
#3535=CARTESIAN_POINT('Ctrl Pts',(0.948258267056278,2.08207219869729,0.00570884327838871));
#3536=CARTESIAN_POINT('Ctrl Pts',(0.950246186560651,2.07898089775677,0.0383981601007708));
#3537=CARTESIAN_POINT('Ctrl Pts',(0.953879788642599,2.03514437229788,0.0901522850284693));
#3538=CARTESIAN_POINT('Ctrl Pts',(0.958816836375321,1.94370479057952,0.0786982235720467));
#3539=CARTESIAN_POINT('Ctrl Pts',(0.963753884108047,1.90332828476972,-0.00413975326990551));
#3540=CARTESIAN_POINT('Ctrl Pts',(0.968690931840769,1.95063872752679,-0.0832227137279342));
#3541=CARTESIAN_POINT('Ctrl Pts',(0.973627979573494,2.04272275633479,-0.0868177474085448));
#3542=CARTESIAN_POINT('Ctrl Pts',(0.977119679003064,2.08044149314233,-0.0336656416722021));
#3543=CARTESIAN_POINT('Ctrl Pts',(0.978965695855059,2.08211107085247,-0.00334604634066456));
#3544=CARTESIAN_POINT('Ctrl Pts',(0.97916603012948,2.0820862844189,-5.29399762452838E-5));
#3545=CARTESIAN_POINT('Ctrl Pts',(0.942914275082569,2.08212206359341,-2.59916008278919E-5));
#3546=CARTESIAN_POINT('Ctrl Pts',(0.944471037360037,2.0820151858741,0.0255347193576245));
#3547=CARTESIAN_POINT('Ctrl Pts',(0.94767348221508,2.05550030239356,0.0783075921579176));
#3548=CARTESIAN_POINT('Ctrl Pts',(0.952521609647698,1.96583479671552,0.0905279075493682));
#3549=CARTESIAN_POINT('Ctrl Pts',(0.957458657380422,1.90551457614791,0.0208582211398819));
#3550=CARTESIAN_POINT('Ctrl Pts',(0.962395705113145,1.93089820889356,-0.0677310863546196));
#3551=CARTESIAN_POINT('Ctrl Pts',(0.967332752845869,2.01896124262217,-0.0948842869806088));
#3552=CARTESIAN_POINT('Ctrl Pts',(0.971255609502343,2.07526808759069,-0.0480738949377726));
#3553=CARTESIAN_POINT('Ctrl Pts',(0.973532783581243,2.08195297884753,-0.0104886748914276));
#3554=CARTESIAN_POINT('Ctrl Pts',(0.974164275082568,2.08189792209386,-4.69665130079884E-5));
#3555=CARTESIAN_POINT('Origin',(0.68229103012948,2.,1.75909180206738E-8));
#3556=CARTESIAN_POINT('',(0.911664275082568,2.08196702939444,7.14258461108352E-5));
#3557=CARTESIAN_POINT('',(0.916666030129479,2.08187238602465,-1.63309515408671E-5));
#3558=CARTESIAN_POINT('',(0.68229103012948,2.082,1.7590924486453E-8));
#3559=CARTESIAN_POINT('Ctrl Pts',(0.916666030129479,2.08187238602465,-1.63309515408653E-5));
#3560=CARTESIAN_POINT('Ctrl Pts',(0.917550838257496,2.08184603888052,0.0146253958104126));
#3561=CARTESIAN_POINT('Ctrl Pts',(0.920081328963088,2.07112784969159,0.0565357323264403));
#3562=CARTESIAN_POINT('Ctrl Pts',(0.924257502246257,2.00429864139671,0.0966647987187254));
#3563=CARTESIAN_POINT('Ctrl Pts',(0.929194549978979,1.92139441924139,0.0564244883633257));
#3564=CARTESIAN_POINT('Ctrl Pts',(0.934131597711704,1.90979009593064,-0.0349961455722107));
#3565=CARTESIAN_POINT('Ctrl Pts',(0.939068645444427,1.98001147726896,-0.0946731950268786));
#3566=CARTESIAN_POINT('Ctrl Pts',(0.943663456250353,2.0622390428832,-0.0702920455073745));
#3567=CARTESIAN_POINT('Ctrl Pts',(0.946612584478703,2.08182609787305,-0.0213988910138026));
#3568=CARTESIAN_POINT('Ctrl Pts',(0.947916030129479,2.08202101945354,7.15060403050093E-5));
#3569=CARTESIAN_POINT('Ctrl Pts',(0.911664275082568,2.08196702939444,7.14258461108298E-5));
#3570=CARTESIAN_POINT('Ctrl Pts',(0.912117925983681,2.08203081567488,0.00755657440028391));
#3571=CARTESIAN_POINT('Ctrl Pts',(0.914217259462369,2.07767173219937,0.0421222247112312));
#3572=CARTESIAN_POINT('Ctrl Pts',(0.917962275518633,2.02901107092441,0.0923088348275306));
#3573=CARTESIAN_POINT('Ctrl Pts',(0.922899323251354,1.93854705851728,0.0747402073078221));
#3574=CARTESIAN_POINT('Ctrl Pts',(0.92783637098408,1.90382448926385,-0.010622181354627));
#3575=CARTESIAN_POINT('Ctrl Pts',(0.932773418716803,1.95633878182904,-0.0863496089492557));
#3576=CARTESIAN_POINT('Ctrl Pts',(0.937710466449526,2.0484563749357,-0.0837528313390701));
#3577=CARTESIAN_POINT('Ctrl Pts',(0.941090751904782,2.0814337310751,-0.0299607660776824));
#3578=CARTESIAN_POINT('Ctrl Pts',(0.942825354782463,2.0821281683141,-0.00148598720982102));
#3579=CARTESIAN_POINT('Ctrl Pts',(0.942914275082569,2.08212206359341,-2.59916008278919E-5));
#3580=CARTESIAN_POINT('Origin',(0.68229103012948,2.,1.75909180206738E-8));
#3581=CARTESIAN_POINT('',(0.880414275082568,2.08189292957251,-4.31804838455444E-5));
#3582=CARTESIAN_POINT('',(0.885416030129479,2.08207886004492,-5.63736613391627E-5));
#3583=CARTESIAN_POINT('',(0.68229103012948,2.082,1.7590924486453E-8));
#3584=CARTESIAN_POINT('Ctrl Pts',(0.885416030129479,2.08207886004492,-5.63736613391639E-5));
#3585=CARTESIAN_POINT('Ctrl Pts',(0.886843409458716,2.08189387547282,0.0234125276645829));
#3586=CARTESIAN_POINT('Ctrl Pts',(0.889916471365528,2.05907623147545,0.0742539736115586));
#3587=CARTESIAN_POINT('Ctrl Pts',(0.894635215849913,1.97299659300191,0.0929159701441425));
#3588=CARTESIAN_POINT('Ctrl Pts',(0.899572263582638,1.90742833585069,0.0281610762529319));
#3589=CARTESIAN_POINT('Ctrl Pts',(0.90450931131536,1.92582803906588,-0.0621375591201683));
#3590=CARTESIAN_POINT('Ctrl Pts',(0.909446359048084,2.01150608639695,-0.0960737467996495));
#3591=CARTESIAN_POINT('Ctrl Pts',(0.913498598652791,2.07326282597169,-0.0524012661114652));
#3592=CARTESIAN_POINT('Ctrl Pts',(0.915905155679922,2.08189504276588,-0.0126072141473417));
#3593=CARTESIAN_POINT('Ctrl Pts',(0.916666030129479,2.08187238602465,-1.63309515408653E-5));
#3594=CARTESIAN_POINT('Ctrl Pts',(0.880414275082568,2.08189292957251,-4.31804838455444E-5));
#3595=CARTESIAN_POINT('Ctrl Pts',(0.881410497184901,2.08181337207118,0.0164318665319152));
#3596=CARTESIAN_POINT('Ctrl Pts',(0.884052401864808,2.06902154085654,0.0602361118388956));
#3597=CARTESIAN_POINT('Ctrl Pts',(0.888339989122289,1.99779763176685,0.0967352725407366));
#3598=CARTESIAN_POINT('Ctrl Pts',(0.893277036855012,1.91778278893256,0.0510185454025845));
#3599=CARTESIAN_POINT('Ctrl Pts',(0.898214084587737,1.912343806691,-0.0409749961409125));
#3600=CARTESIAN_POINT('Ctrl Pts',(0.903151132320459,1.98641416279001,-0.0958017830348334));
#3601=CARTESIAN_POINT('Ctrl Pts',(0.907634529152072,2.06486922713415,-0.0666776047630031));
#3602=CARTESIAN_POINT('Ctrl Pts',(0.910472243406107,2.08179942195309,-0.0195968568745905));
#3603=CARTESIAN_POINT('Ctrl Pts',(0.911664275082568,2.08196702939444,7.14258461108298E-5));
#3604=CARTESIAN_POINT('Origin',(0.68229103012948,2.,1.75909180206738E-8));
#3605=CARTESIAN_POINT('',(0.849164275082569,2.08211774981612,-3.089322744513E-5));
#3606=CARTESIAN_POINT('',(0.854166030129479,2.08202983103046,7.02963336182609E-5));
#3607=CARTESIAN_POINT('',(0.68229103012948,2.082,1.7590924486453E-8));
#3608=CARTESIAN_POINT('Ctrl Pts',(0.854166030129479,2.08202983103046,7.02963336182773E-5));
#3609=CARTESIAN_POINT('Ctrl Pts',(0.85449029808236,2.0820780652445,0.00541017030908099));
#3610=CARTESIAN_POINT('Ctrl Pts',(0.856460248612816,2.07917843898675,0.0377981470161723));
#3611=CARTESIAN_POINT('Ctrl Pts',(0.860075881720847,2.03611941592425,0.0897660803207187));
#3612=CARTESIAN_POINT('Ctrl Pts',(0.86501292945357,1.94456106122525,0.0793037520399946));
#3613=CARTESIAN_POINT('Ctrl Pts',(0.869949977186294,1.90328909444745,-0.00309174170517761));
#3614=CARTESIAN_POINT('Ctrl Pts',(0.874887024919018,1.94973962417003,-0.0826828273609748));
#3615=CARTESIAN_POINT('Ctrl Pts',(0.879824072651743,2.04177927972833,-0.0872756950327478));
#3616=CARTESIAN_POINT('Ctrl Pts',(0.883333741055228,2.08026894705255,-0.0342641113989082));
#3617=CARTESIAN_POINT('Ctrl Pts',(0.885197726881141,2.08210715156642,-0.00364570502506917));
#3618=CARTESIAN_POINT('Ctrl Pts',(0.885416030129479,2.08207886004492,-5.63736613391639E-5));
#3619=CARTESIAN_POINT('Ctrl Pts',(0.849164275082569,2.08211774981612,-3.08932274451272E-5));
#3620=CARTESIAN_POINT('Ctrl Pts',(0.85070306838612,2.08199496443119,0.0252383179375736));
#3621=CARTESIAN_POINT('Ctrl Pts',(0.853887544267245,2.05601394910031,0.0777503493622133));
#3622=CARTESIAN_POINT('Ctrl Pts',(0.858717702725947,1.96681798258693,0.0908928869895033));
#3623=CARTESIAN_POINT('Ctrl Pts',(0.86365475045867,1.90574619587678,0.0218810684186841));
#3624=CARTESIAN_POINT('Ctrl Pts',(0.868591798191393,1.93016816977611,-0.0669781539262019));
#3625=CARTESIAN_POINT('Ctrl Pts',(0.873528845924119,2.01793173317691,-0.0950842235994945));
#3626=CARTESIAN_POINT('Ctrl Pts',(0.877469671554508,2.07500284844478,-0.0486752472519467));
#3627=CARTESIAN_POINT('Ctrl Pts',(0.879764814607326,2.08194479496728,-0.0107836487383091));
#3628=CARTESIAN_POINT('Ctrl Pts',(0.880414275082568,2.08189292957251,-4.31804838455444E-5));
#3629=CARTESIAN_POINT('Origin',(0.68229103012948,2.,1.75909180206738E-8));
#3630=CARTESIAN_POINT('',(0.817914275082568,2.08197546935542,7.23063206599668E-5));
#3631=CARTESIAN_POINT('',(0.822916030129479,2.08187085971132,-1.16387602411392E-5));
#3632=CARTESIAN_POINT('',(0.68229103012948,2.082,1.7590924486453E-8));
#3633=CARTESIAN_POINT('Ctrl Pts',(0.822916030129479,2.08187085971133,-1.16387602411398E-5));
#3634=CARTESIAN_POINT('Ctrl Pts',(0.82378286928358,2.08185247717017,0.0143334079666002));
#3635=CARTESIAN_POINT('Ctrl Pts',(0.826295391015254,2.07145076926013,0.0559372712481209));
#3636=CARTESIAN_POINT('Ctrl Pts',(0.830453595324506,2.00534608220653,0.0966125292268868));
#3637=CARTESIAN_POINT('Ctrl Pts',(0.835390643057227,1.92201058827577,0.0572731348440562));
#3638=CARTESIAN_POINT('Ctrl Pts',(0.840327690789953,1.90941609160738,-0.0340163576927093));
#3639=CARTESIAN_POINT('Ctrl Pts',(0.845264738522675,1.97898654353132,-0.0944509900605194));
#3640=CARTESIAN_POINT('Ctrl Pts',(0.849877518302518,2.06179611511695,-0.0708706328104768));
#3641=CARTESIAN_POINT('Ctrl Pts',(0.852844615504786,2.08183327322919,-0.0216900642030816));
#3642=CARTESIAN_POINT('Ctrl Pts',(0.854166030129479,2.08202983103046,7.02963336182773E-5));
#3643=CARTESIAN_POINT('Ctrl Pts',(0.817914275082568,2.08197546935541,7.23063206599715E-5));
#3644=CARTESIAN_POINT('Ctrl Pts',(0.818349957009764,2.08203801059469,0.00725908893918969));
#3645=CARTESIAN_POINT('Ctrl Pts',(0.820431321514535,2.07789285697428,0.0415212391742416));
#3646=CARTESIAN_POINT('Ctrl Pts',(0.824158368596881,2.03000984499586,0.09198897041645));
#3647=CARTESIAN_POINT('Ctrl Pts',(0.829095416329603,1.93936073520812,0.075401874139005));
#3648=CARTESIAN_POINT('Ctrl Pts',(0.834032464062329,1.9037150096563,-0.00957916924888182));
#3649=CARTESIAN_POINT('Ctrl Pts',(0.838969511795051,1.9554054535162,-0.0858713173930085));
#3650=CARTESIAN_POINT('Ctrl Pts',(0.843906559527775,2.04754578016481,-0.0842731028957035));
#3651=CARTESIAN_POINT('Ctrl Pts',(0.847304813956948,2.08128261087466,-0.0305575871065522));
#3652=CARTESIAN_POINT('Ctrl Pts',(0.849057385808546,2.08212627886328,-0.00178616967057311));
#3653=CARTESIAN_POINT('Ctrl Pts',(0.849164275082569,2.08211774981612,-3.08932274451272E-5));
#3654=CARTESIAN_POINT('Origin',(0.68229103012948,2.,1.75909180206738E-8));
#3655=CARTESIAN_POINT('',(0.786664275082568,2.08188818529205,-3.96927794837461E-5));
#3656=CARTESIAN_POINT('',(0.79166603012948,2.08207110806606,-5.95945729786762E-5));
#3657=CARTESIAN_POINT('',(0.68229103012948,2.082,1.7590924486453E-8));
#3658=CARTESIAN_POINT('Ctrl Pts',(0.79166603012948,2.08207110806606,-5.95945729786776E-5));
#3659=CARTESIAN_POINT('Ctrl Pts',(0.793075440484799,2.08188129130092,0.023119569214839));
#3660=CARTESIAN_POINT('Ctrl Pts',(0.796130533417693,2.05955055046722,0.0736840580228243));
#3661=CARTESIAN_POINT('Ctrl Pts',(0.800831308928162,1.97400524358231,0.0932031180246618));
#3662=CARTESIAN_POINT('Ctrl Pts',(0.805768356660885,1.90773899326417,0.0291627874110236));
#3663=CARTESIAN_POINT('Ctrl Pts',(0.81070540439361,1.92515892340079,-0.0613300203965748));
#3664=CARTESIAN_POINT('Ctrl Pts',(0.815642452126332,2.01046412265007,-0.0961928024205178));
#3665=CARTESIAN_POINT('Ctrl Pts',(0.819712660704957,2.07296650852031,-0.0530015647074335));
#3666=CARTESIAN_POINT('Ctrl Pts',(0.822137186706005,2.08188737617949,-0.0129004719996931));
#3667=CARTESIAN_POINT('Ctrl Pts',(0.822916030129479,2.08187085971133,-1.16387602411398E-5));
#3668=CARTESIAN_POINT('Ctrl Pts',(0.786664275082568,2.08188818529205,-3.96927794837461E-5));
#3669=CARTESIAN_POINT('Ctrl Pts',(0.787642528210983,2.08181755780414,0.0161406417909716));
#3670=CARTESIAN_POINT('Ctrl Pts',(0.790266463916973,2.06937383997492,0.0596414377316286));
#3671=CARTESIAN_POINT('Ctrl Pts',(0.794536082200537,1.99884602139478,0.096752977609381));
#3672=CARTESIAN_POINT('Ctrl Pts',(0.799473129933262,1.9183406783048,0.0519068987587669));
#3673=CARTESIAN_POINT('Ctrl Pts',(0.804410177665984,1.91190480022487,-0.0400226597944459));
#3674=CARTESIAN_POINT('Ctrl Pts',(0.80934722539871,1.98537664672353,-0.095648843455328));
#3675=CARTESIAN_POINT('Ctrl Pts',(0.813848591204236,2.06445841342769,-0.0672634801698964));
#3676=CARTESIAN_POINT('Ctrl Pts',(0.816704274432189,2.08180177626539,-0.0198872354912225));
#3677=CARTESIAN_POINT('Ctrl Pts',(0.817914275082568,2.08197546935541,7.23063206599715E-5));
#3678=CARTESIAN_POINT('Origin',(0.68229103012948,2.,1.75909180206738E-8));
#3679=CARTESIAN_POINT('',(0.755414275082568,2.08209938519802,-5.93835452968793E-5));
#3680=CARTESIAN_POINT('',(0.76041603012948,2.08203859286018,6.79113820312351E-5));
#3681=CARTESIAN_POINT('',(0.68229103012948,2.082,1.7590924486453E-8));
#3682=CARTESIAN_POINT('',(0.750102652606024,2.03951647888932,-0.0718501591394822));
#3683=CARTESIAN_POINT('Ctrl Pts',(0.750102652606024,2.03951647888932,-0.0718501591394825));
#3684=CARTESIAN_POINT('Ctrl Pts',(0.751748335183598,2.06329056102464,-0.0587747839968679));
#3685=CARTESIAN_POINT('Ctrl Pts',(0.753518876009113,2.08112372759282,-0.0311371541602305));
#3686=CARTESIAN_POINT('Ctrl Pts',(0.755289416834628,2.08211106823669,-0.00210783142592347));
#3687=CARTESIAN_POINT('Ctrl Pts',(0.755414275082568,2.08209938519802,-5.93835452968728E-5));
#3688=CARTESIAN_POINT('',(0.750102652606024,1.96056086253613,-0.0718500106543309));
#3689=CARTESIAN_POINT('Origin',(0.750102652606024,2.,1.75909180376113E-8));
#3690=CARTESIAN_POINT('Ctrl Pts',(0.750102652606024,1.96056086253613,-0.0718500106543308));
#3691=CARTESIAN_POINT('Ctrl Pts',(0.750555378937657,1.96707570843609,-0.0755137433878546));
#3692=CARTESIAN_POINT('Ctrl Pts',(0.752653787846866,1.99944676318237,-0.0883901553945037));
#3693=CARTESIAN_POINT('Ctrl Pts',(0.756091580354684,2.06134698384848,-0.071423191698099));
#3694=CARTESIAN_POINT('Ctrl Pts',(0.759076646530869,2.08184112419849,-0.0219767244737384));
#3695=CARTESIAN_POINT('Ctrl Pts',(0.76041603012948,2.08203859286018,6.79113820312357E-5));
#3696=CARTESIAN_POINT('Origin',(1.00010265260602,1.5,1.75909181000546E-8));
#3697=CARTESIAN_POINT('',(1.23768194660003,1.56724390011954,6.37452020637747E-5));
#3698=CARTESIAN_POINT('',(1.24689835861202,1.56716528038348,-8.88677411720961E-5));
#3699=CARTESIAN_POINT('',(1.00010265260602,1.56725,1.75909181082903E-8));
#3700=CARTESIAN_POINT('',(1.25010265260602,1.55376930128393,0.0403909168064378));
#3701=CARTESIAN_POINT('Ctrl Pts',(1.24689835861202,1.56716528038348,-8.88677411720961E-5));
#3702=CARTESIAN_POINT('Ctrl Pts',(1.24796645661002,1.56705934195451,0.0143471698159426));
#3703=CARTESIAN_POINT('Ctrl Pts',(1.24903455460802,1.56244340218237,0.0288437526275192));
#3704=CARTESIAN_POINT('Ctrl Pts',(1.25010265260602,1.55376930128393,0.0403909168064378));
#3705=CARTESIAN_POINT('',(1.25010265260602,1.44628860003967,0.0404167463502046));
#3706=CARTESIAN_POINT('Origin',(1.25010265260602,1.5,1.75909181624978E-8));
#3707=CARTESIAN_POINT('Ctrl Pts',(1.25010265260602,1.44628860003967,0.0404167463502046));
#3708=CARTESIAN_POINT('Ctrl Pts',(1.24964992627439,1.44992381316696,0.0453525908302663));
#3709=CARTESIAN_POINT('Ctrl Pts',(1.24919719994276,1.45420837239659,0.0497844612547129));
#3710=CARTESIAN_POINT('Ctrl Pts',(1.24874447361112,1.45904589077656,0.0534927511124235));
#3711=CARTESIAN_POINT('Ctrl Pts',(1.24709879103355,1.47663050903342,0.0669725679134726));
#3712=CARTESIAN_POINT('Ctrl Pts',(1.24545310845597,1.50152169952639,0.0708912920437108));
#3713=CARTESIAN_POINT('Ctrl Pts',(1.2438074258784,1.52241443619769,0.0635146385500429));
#3714=CARTESIAN_POINT('Ctrl Pts',(1.24216174330082,1.54330717286899,0.0561379850563748));
#3715=CARTESIAN_POINT('Ctrl Pts',(1.24051606072325,1.56020145571862,0.0374659539387991));
#3716=CARTESIAN_POINT('Ctrl Pts',(1.23887037814568,1.56544345547889,0.0159455589920695));
#3717=CARTESIAN_POINT('Ctrl Pts',(1.23847423429713,1.56670529417576,0.0107652330940637));
#3718=CARTESIAN_POINT('Ctrl Pts',(1.23807809044858,1.56729194486917,0.00541985961935898));
#3719=CARTESIAN_POINT('Ctrl Pts',(1.23768194660003,1.56724390011954,6.37452020637747E-5));
#3720=CARTESIAN_POINT('Origin',(1.00010265260602,1.5,1.75909181000546E-8));
#3721=CARTESIAN_POINT('',(1.20643194660003,1.56715144464676,-2.45079789377136E-5));
#3722=CARTESIAN_POINT('',(1.21564835861202,1.56735710831535,-8.15976268494971E-6));
#3723=CARTESIAN_POINT('',(1.00010265260602,1.56725,1.75909181082903E-8));
#3724=CARTESIAN_POINT('Ctrl Pts',(1.21564835861202,1.56735710831535,-8.15976268494971E-6));
#3725=CARTESIAN_POINT('Ctrl Pts',(1.21725902781124,1.5673177625587,0.0216740083213678));
#3726=CARTESIAN_POINT('Ctrl Pts',(1.21886969701046,1.55589587509696,0.043390652200346));
#3727=CARTESIAN_POINT('Ctrl Pts',(1.22048036620968,1.53799246531392,0.0556205104399269));
#3728=CARTESIAN_POINT('Ctrl Pts',(1.22212604878726,1.51969986396946,0.0681162262832747));
#3729=CARTESIAN_POINT('Ctrl Pts',(1.22377173136483,1.49464088150076,0.0707082182638975));
#3730=CARTESIAN_POINT('Ctrl Pts',(1.22541741394241,1.47418019596665,0.0622150317323299));
#3731=CARTESIAN_POINT('Ctrl Pts',(1.22706309651998,1.45371951043253,0.0537218452007624));
#3732=CARTESIAN_POINT('Ctrl Pts',(1.22870877909755,1.43785712183301,0.0341434801570053));
#3733=CARTESIAN_POINT('Ctrl Pts',(1.23035446167513,1.43378770165056,0.0123708826314839));
#3734=CARTESIAN_POINT('Ctrl Pts',(1.2320001442527,1.42971828146812,-0.00940171489403746));
#3735=CARTESIAN_POINT('Ctrl Pts',(1.23364582683028,1.43744182970276,-0.0333685449013225));
#3736=CARTESIAN_POINT('Ctrl Pts',(1.23529150940785,1.45345424897666,-0.0486827223454343));
#3737=CARTESIAN_POINT('Ctrl Pts',(1.23693719198543,1.46946666825057,-0.0639968997895459));
#3738=CARTESIAN_POINT('Ctrl Pts',(1.238582874563,1.49376795856375,-0.0706584246704847));
#3739=CARTESIAN_POINT('Ctrl Pts',(1.24022855714058,1.5153396874186,-0.0656003285954794));
#3740=CARTESIAN_POINT('Ctrl Pts',(1.24187423971815,1.53691141627345,-0.0605422325204739));
#3741=CARTESIAN_POINT('Ctrl Pts',(1.24351992229573,1.55575358366996,-0.043764515489524));
#3742=CARTESIAN_POINT('Ctrl Pts',(1.2451656048733,1.56330923165717,-0.0229790800742886));
#3743=CARTESIAN_POINT('Ctrl Pts',(1.24574318945287,1.56596103451731,-0.0156840238227609));
#3744=CARTESIAN_POINT('Ctrl Pts',(1.24632077403245,1.56722256763903,-0.00789529814244888));
#3745=CARTESIAN_POINT('Ctrl Pts',(1.24689835861202,1.56716528038348,-8.88677411720961E-5));
#3746=CARTESIAN_POINT('Ctrl Pts',(1.23768194660003,1.56724390011954,6.37452020637747E-5));
#3747=CARTESIAN_POINT('Ctrl Pts',(1.236432407871,1.56709235472612,-0.0168308056687915));
#3748=CARTESIAN_POINT('Ctrl Pts',(1.23518286914198,1.56062601820295,-0.0338322216664418));
#3749=CARTESIAN_POINT('Ctrl Pts',(1.23393333041295,1.54911565674726,-0.0460979427597363));
#3750=CARTESIAN_POINT('Ctrl Pts',(1.23228764783538,1.53395614158443,-0.0622522907889297));
#3751=CARTESIAN_POINT('Ctrl Pts',(1.2306419652578,1.51004739458783,-0.0701922280714326));
#3752=CARTESIAN_POINT('Ctrl Pts',(1.22899628268023,1.4882348841029,-0.0663222832775548));
#3753=CARTESIAN_POINT('Ctrl Pts',(1.22735060010265,1.46642237361797,-0.0624523384836771));
#3754=CARTESIAN_POINT('Ctrl Pts',(1.22570491752508,1.4467060996447,-0.0467725116134189));
#3755=CARTESIAN_POINT('Ctrl Pts',(1.22405923494751,1.43802687737624,-0.0263912446356829));
#3756=CARTESIAN_POINT('Ctrl Pts',(1.22241355236993,1.42934765510778,-0.00600997765794726));
#3757=CARTESIAN_POINT('Ctrl Pts',(1.22076786979236,1.43170548454414,0.0190727294272667));
#3758=CARTESIAN_POINT('Ctrl Pts',(1.21912218721478,1.4440315807627,0.0374796873517759));
#3759=CARTESIAN_POINT('Ctrl Pts',(1.21747650463721,1.45635767698127,0.0558866452762852));
#3760=CARTESIAN_POINT('Ctrl Pts',(1.21583082205963,1.47865203998205,0.0676178540400906));
#3761=CARTESIAN_POINT('Ctrl Pts',(1.21418513948206,1.50080323229683,0.0673536010647148));
#3762=CARTESIAN_POINT('Ctrl Pts',(1.21253945690448,1.52295442461161,0.067089348089339));
#3763=CARTESIAN_POINT('Ctrl Pts',(1.21089377432691,1.54496244624039,0.0548296333747817));
#3764=CARTESIAN_POINT('Ctrl Pts',(1.20924809174933,1.55684615647835,0.03613422280491));
#3765=CARTESIAN_POINT('Ctrl Pts',(1.20830937669956,1.56362475266664,0.0254701594535123));
#3766=CARTESIAN_POINT('Ctrl Pts',(1.2073706616498,1.56710921750116,0.0127121238128464));
#3767=CARTESIAN_POINT('Ctrl Pts',(1.20643194660003,1.56715144464676,-2.45079789377136E-5));
#3768=CARTESIAN_POINT('Origin',(1.00010265260602,1.5,1.75909181000546E-8));
#3769=CARTESIAN_POINT('',(1.17518194660003,1.5673318479877,-3.70975280701276E-5));
#3770=CARTESIAN_POINT('',(1.18439835861202,1.56720307251881,5.48693075822453E-5));
#3771=CARTESIAN_POINT('',(1.00010265260602,1.56725,1.75909181082903E-8));
#3772=CARTESIAN_POINT('Ctrl Pts',(1.18439835861202,1.56720307251881,5.48693075822453E-5));
#3773=CARTESIAN_POINT('Ctrl Pts',(1.18490591643489,1.56725666584947,0.00692817671353692));
#3774=CARTESIAN_POINT('Ctrl Pts',(1.18541347425775,1.56628554530185,0.0137867039185029));
#3775=CARTESIAN_POINT('Ctrl Pts',(1.18592103208062,1.56422634914668,0.0203012997235886));
#3776=CARTESIAN_POINT('Ctrl Pts',(1.18756671465819,1.55754970446951,0.0414239311429254));
#3777=CARTESIAN_POINT('Ctrl Pts',(1.18921239723576,1.53943426772487,0.0589308581558909));
#3778=CARTESIAN_POINT('Ctrl Pts',(1.19085807981334,1.51809592661355,0.064882226581363));
#3779=CARTESIAN_POINT('Ctrl Pts',(1.19250376239091,1.49675758550223,0.0708335950068349));
#3780=CARTESIAN_POINT('Ctrl Pts',(1.19414944496849,1.47219634002423,0.0652294048448144));
#3781=CARTESIAN_POINT('Ctrl Pts',(1.19579512754606,1.45555143397093,0.0506112166932342));
#3782=CARTESIAN_POINT('Ctrl Pts',(1.19744081012364,1.43890652791764,0.0359930285416538));
#3783=CARTESIAN_POINT('Ctrl Pts',(1.19908649270121,1.43017796128904,0.0123608424005128));
#3784=CARTESIAN_POINT('Ctrl Pts',(1.20073217527879,1.43332440725838,-0.00956724281129823));
#3785=CARTESIAN_POINT('Ctrl Pts',(1.20237785785636,1.43647085322772,-0.0314953280231096));
#3786=CARTESIAN_POINT('Ctrl Pts',(1.20402354043394,1.451492311795,-0.0517193123055912));
#3787=CARTESIAN_POINT('Ctrl Pts',(1.20566922301151,1.47157608738234,-0.0610674244795229));
#3788=CARTESIAN_POINT('Ctrl Pts',(1.20731490558909,1.49165986296969,-0.0704155366534546));
#3789=CARTESIAN_POINT('Ctrl Pts',(1.20896058816666,1.51680595557711,-0.0688877767188361));
#3790=CARTESIAN_POINT('Ctrl Pts',(1.21060627074423,1.53560991169986,-0.0571762414234182));
#3791=CARTESIAN_POINT('Ctrl Pts',(1.21225195332181,1.55441386782261,-0.0454647061280005));
#3792=CARTESIAN_POINT('Ctrl Pts',(1.21389763589938,1.5668756874607,-0.0235693954717838));
#3793=CARTESIAN_POINT('Ctrl Pts',(1.21554331847696,1.56734348716964,-0.00142202029063902));
#3794=CARTESIAN_POINT('Ctrl Pts',(1.21557833185531,1.56735344002959,-0.000950814945606983));
#3795=CARTESIAN_POINT('Ctrl Pts',(1.21561334523367,1.56735796362932,-0.000479495500056186));
#3796=CARTESIAN_POINT('Ctrl Pts',(1.21564835861202,1.56735710831535,-8.15976268494971E-6));
#3797=CARTESIAN_POINT('Ctrl Pts',(1.20643194660003,1.56715144464676,-2.45079789377136E-5));
#3798=CARTESIAN_POINT('Ctrl Pts',(1.20572497907222,1.56718324686484,-0.00961675334948515));
#3799=CARTESIAN_POINT('Ctrl Pts',(1.20501801154441,1.56526263367284,-0.0191968585925433));
#3800=CARTESIAN_POINT('Ctrl Pts',(1.20431104401661,1.56132633902477,-0.027861206155785));
#3801=CARTESIAN_POINT('Ctrl Pts',(1.20266536143903,1.55216341248607,-0.0480301181214234));
#3802=CARTESIAN_POINT('Ctrl Pts',(1.20101967886146,1.53207816056151,-0.0632368356275142));
#3803=CARTESIAN_POINT('Ctrl Pts',(1.19937399628389,1.51017987561011,-0.0665847619896538));
#3804=CARTESIAN_POINT('Ctrl Pts',(1.19772831370631,1.4882815906587,-0.0699326883517934));
#3805=CARTESIAN_POINT('Ctrl Pts',(1.19608263112874,1.46457027268046,-0.0614218235699817));
#3806=CARTESIAN_POINT('Ctrl Pts',(1.19443694855116,1.44979968426157,-0.0449120456656737));
#3807=CARTESIAN_POINT('Ctrl Pts',(1.19279126597359,1.43502909584269,-0.0284022677613662));
#3808=CARTESIAN_POINT('Ctrl Pts',(1.19114558339601,1.42919923698316,-0.00389357673456265));
#3809=CARTESIAN_POINT('Ctrl Pts',(1.18949990081844,1.43495413059881,0.0174985874816718));
#3810=CARTESIAN_POINT('Ctrl Pts',(1.18785421824086,1.44070902421445,0.0388907516979071));
#3811=CARTESIAN_POINT('Ctrl Pts',(1.18620853566329,1.45804867030527,0.0571663891035731));
#3812=CARTESIAN_POINT('Ctrl Pts',(1.18456285308571,1.47910902282767,0.0640369721797691));
#3813=CARTESIAN_POINT('Ctrl Pts',(1.18291717050814,1.50016937535008,0.0709075552559649));
#3814=CARTESIAN_POINT('Ctrl Pts',(1.18127148793057,1.52495043430408,0.0663730840026913));
#3815=CARTESIAN_POINT('Ctrl Pts',(1.17962580535299,1.54221326111393,0.0524900681877552));
#3816=CARTESIAN_POINT('Ctrl Pts',(1.178144519102,1.55775160876073,0.0399939035390273));
#3817=CARTESIAN_POINT('Ctrl Pts',(1.17666323285101,1.56719877446003,0.0199236596682719));
#3818=CARTESIAN_POINT('Ctrl Pts',(1.17518194660003,1.5673318479877,-3.70975280701276E-5));
#3819=CARTESIAN_POINT('Origin',(1.00010265260602,1.5,1.75909181000546E-8));
#3820=CARTESIAN_POINT('',(1.14393194660003,1.56725260039144,5.97898165283436E-5));
#3821=CARTESIAN_POINT('',(1.15314835861202,1.56717538246707,-4.42228055263106E-5));
#3822=CARTESIAN_POINT('',(1.00010265260602,1.56725,1.75909181082903E-8));
#3823=CARTESIAN_POINT('Ctrl Pts',(1.15314835861202,1.56717538246707,-4.42228055263106E-5));
#3824=CARTESIAN_POINT('Ctrl Pts',(1.15419848763611,1.56708842081077,0.0141913329241356));
#3825=CARTESIAN_POINT('Ctrl Pts',(1.15524861666019,1.56265850365435,0.0284763510236736));
#3826=CARTESIAN_POINT('Ctrl Pts',(1.15629874568427,1.55429135669673,0.0398699838813753));
#3827=CARTESIAN_POINT('Ctrl Pts',(1.15794442826185,1.54117899844706,0.0577252213418969));
#3828=CARTESIAN_POINT('Ctrl Pts',(1.15959011083942,1.518397283474,0.0684795689027348));
#3829=CARTESIAN_POINT('Ctrl Pts',(1.161235793417,1.49627839153655,0.0672556136871004));
#3830=CARTESIAN_POINT('Ctrl Pts',(1.16288147599457,1.4741594995991,0.0660316584714659));
#3831=CARTESIAN_POINT('Ctrl Pts',(1.16452715857215,1.45270343069726,0.0528294004793592));
#3832=CARTESIAN_POINT('Ctrl Pts',(1.16617284114972,1.44164114484816,0.0336364512598571));
#3833=CARTESIAN_POINT('Ctrl Pts',(1.1678185237273,1.43057885899906,0.0144435020403553));
#3834=CARTESIAN_POINT('Ctrl Pts',(1.16946420630487,1.42991035620271,-0.0107401384065417));
#3835=CARTESIAN_POINT('Ctrl Pts',(1.17110988888244,1.43993882238631,-0.030492942673247));
#3836=CARTESIAN_POINT('Ctrl Pts',(1.17275557146002,1.44996728856991,-0.0502457469399525));
#3837=CARTESIAN_POINT('Ctrl Pts',(1.17440125403759,1.47069272373346,-0.0645677150264662));
#3838=CARTESIAN_POINT('Ctrl Pts',(1.17604693661517,1.4927155313396,-0.0669634191087538));
#3839=CARTESIAN_POINT('Ctrl Pts',(1.17769261919274,1.51473833894574,-0.0693591231910415));
#3840=CARTESIAN_POINT('Ctrl Pts',(1.17933830177032,1.53805851899448,-0.0598285632691029));
#3841=CARTESIAN_POINT('Ctrl Pts',(1.18098398434789,1.552099682714,-0.0426941153952796));
#3842=CARTESIAN_POINT('Ctrl Pts',(1.1821221091026,1.56181030141526,-0.030844236476207));
#3843=CARTESIAN_POINT('Ctrl Pts',(1.18326023385731,1.56708289725293,-0.0153575250109567));
#3844=CARTESIAN_POINT('Ctrl Pts',(1.18439835861202,1.56720307251881,5.48693075822453E-5));
#3845=CARTESIAN_POINT('Ctrl Pts',(1.17518194660003,1.5673318479877,-3.70975280701276E-5));
#3846=CARTESIAN_POINT('Ctrl Pts',(1.17501755027344,1.56734661677334,-0.00225238519227123));
#3847=CARTESIAN_POINT('Ctrl Pts',(1.17485315394685,1.56724666354413,-0.00446632430508842));
#3848=CARTESIAN_POINT('Ctrl Pts',(1.17468875762027,1.56702758267475,-0.0066684116535426));
#3849=CARTESIAN_POINT('Ctrl Pts',(1.17304307504269,1.56483448275999,-0.0287123153033035));
#3850=CARTESIAN_POINT('Ctrl Pts',(1.17139739246512,1.55070368826477,-0.0495685622262262));
#3851=CARTESIAN_POINT('Ctrl Pts',(1.16975170988754,1.53104393197329,-0.0597782310148596));
#3852=CARTESIAN_POINT('Ctrl Pts',(1.16810602730997,1.51138417568181,-0.0699878998034932));
#3853=CARTESIAN_POINT('Ctrl Pts',(1.16646034473239,1.48619545759407,-0.0695509904578373));
#3854=CARTESIAN_POINT('Ctrl Pts',(1.16481466215482,1.46690160398172,-0.0586656533604191));
#3855=CARTESIAN_POINT('Ctrl Pts',(1.16316897957724,1.44760775036936,-0.0477803162630013));
#3856=CARTESIAN_POINT('Ctrl Pts',(1.16152329699967,1.4342087612324,-0.0264465514138217));
#3857=CARTESIAN_POINT('Ctrl Pts',(1.1598776144221,1.43278147353794,-0.00433985088832433));
#3858=CARTESIAN_POINT('Ctrl Pts',(1.15823193184452,1.43135418584348,0.0177668496371737));
#3859=CARTESIAN_POINT('Ctrl Pts',(1.15658624926695,1.44189859959154,0.0406464858389897));
#3860=CARTESIAN_POINT('Ctrl Pts',(1.15494056668937,1.45963251203903,0.053922468075473));
#3861=CARTESIAN_POINT('Ctrl Pts',(1.1532948841118,1.47736642448653,0.0671984503119564));
#3862=CARTESIAN_POINT('Ctrl Pts',(1.15164920153422,1.50228983563346,0.0708707785831069));
#3863=CARTESIAN_POINT('Ctrl Pts',(1.15000351895665,1.52309924343065,0.0632739435799841));
#3864=CARTESIAN_POINT('Ctrl Pts',(1.14835783637907,1.54390865122784,0.0556771085768613));
#3865=CARTESIAN_POINT('Ctrl Pts',(1.1467121538015,1.5606040556753,0.0368111102994653));
#3866=CARTESIAN_POINT('Ctrl Pts',(1.14506647122392,1.56561359838522,0.0152322354984455));
#3867=CARTESIAN_POINT('Ctrl Pts',(1.14468829634929,1.56676478222353,0.0102734491663841));
#3868=CARTESIAN_POINT('Ctrl Pts',(1.14431012147466,1.56729886833873,0.00517140340139548));
#3869=CARTESIAN_POINT('Ctrl Pts',(1.14393194660003,1.56725260039144,5.97898165283436E-5));
#3870=CARTESIAN_POINT('Origin',(1.00010265260602,1.5,1.75909181000546E-8));
#3871=CARTESIAN_POINT('',(1.11268194660003,1.56714896734173,-2.09053618869764E-5));
#3872=CARTESIAN_POINT('',(1.12189835861202,1.56735534373979,-1.29082181930628E-5));
#3873=CARTESIAN_POINT('',(1.00010265260602,1.56725,1.75909181082903E-8));
#3874=CARTESIAN_POINT('Ctrl Pts',(1.12189835861202,1.56735534373979,-1.29082181930628E-5));
#3875=CARTESIAN_POINT('Ctrl Pts',(1.12349105883732,1.56729832265202,0.0214293124561077));
#3876=CARTESIAN_POINT('Ctrl Pts',(1.12508375906263,1.55616473781272,0.0429225199743041));
#3877=CARTESIAN_POINT('Ctrl Pts',(1.12667645928793,1.53859312609017,0.0552063236711126));
#3878=CARTESIAN_POINT('Ctrl Pts',(1.12832214186551,1.52043698169319,0.0678987571931458));
#3879=CARTESIAN_POINT('Ctrl Pts',(1.12996782444308,1.49540735456904,0.0707588804061561));
#3880=CARTESIAN_POINT('Ctrl Pts',(1.13161350702065,1.47485591889266,0.0624895430878289));
#3881=CARTESIAN_POINT('Ctrl Pts',(1.13325918959823,1.45430448321627,0.0542202057695016));
#3882=CARTESIAN_POINT('Ctrl Pts',(1.1349048721758,1.43823123898766,0.0348214079198364));
#3883=CARTESIAN_POINT('Ctrl Pts',(1.13655055475338,1.43392587655878,0.0130910765170122));
#3884=CARTESIAN_POINT('Ctrl Pts',(1.13819623733095,1.4296205141299,-0.00863925488581222));
#3885=CARTESIAN_POINT('Ctrl Pts',(1.13984191990853,1.43708303350074,-0.0327011198417957));
#3886=CARTESIAN_POINT('Ctrl Pts',(1.1414876024861,1.45292896202573,-0.0481817528004238));
#3887=CARTESIAN_POINT('Ctrl Pts',(1.14313328506368,1.46877489055073,-0.0636623857590512));
#3888=CARTESIAN_POINT('Ctrl Pts',(1.14477896764125,1.49300422822988,-0.0705617867203241));
#3889=CARTESIAN_POINT('Ctrl Pts',(1.14642465021883,1.51462825575111,-0.0657508739706207));
#3890=CARTESIAN_POINT('Ctrl Pts',(1.1480703327964,1.53625228327234,-0.0609399612209171));
#3891=CARTESIAN_POINT('Ctrl Pts',(1.14971601537397,1.55527100063565,-0.0444187347602365));
#3892=CARTESIAN_POINT('Ctrl Pts',(1.15136169795155,1.56305885855417,-0.0236800578497936));
#3893=CARTESIAN_POINT('Ctrl Pts',(1.15195725150504,1.5658771945569,-0.0161749697501703));
#3894=CARTESIAN_POINT('Ctrl Pts',(1.15255280505853,1.56722470052442,-0.00811755056457394));
#3895=CARTESIAN_POINT('Ctrl Pts',(1.15314835861202,1.56717538246707,-4.42228055263106E-5));
#3896=CARTESIAN_POINT('Ctrl Pts',(1.14393194660003,1.56725260039144,5.97898165283436E-5));
#3897=CARTESIAN_POINT('Ctrl Pts',(1.14266443889708,1.56709752668474,-0.017072521259336));
#3898=CARTESIAN_POINT('Ctrl Pts',(1.14139693119414,1.56042303388084,-0.0343123126332891));
#3899=CARTESIAN_POINT('Ctrl Pts',(1.1401294234912,1.54861254891802,-0.0466259927719486));
#3900=CARTESIAN_POINT('Ctrl Pts',(1.13848374091363,1.53327827576851,-0.0626135949166794));
#3901=CARTESIAN_POINT('Ctrl Pts',(1.13683805833605,1.50928604849711,-0.0702970478814981));
#3902=CARTESIAN_POINT('Ctrl Pts',(1.13519237575848,1.48751704983937,-0.0661916791000421));
#3903=CARTESIAN_POINT('Ctrl Pts',(1.1335466931809,1.46574805118162,-0.0620863103185859));
#3904=CARTESIAN_POINT('Ctrl Pts',(1.13190101060333,1.44620228113753,-0.046192119790855));
#3905=CARTESIAN_POINT('Ctrl Pts',(1.13025532802575,1.43774432294679,-0.0257175917439358));
#3906=CARTESIAN_POINT('Ctrl Pts',(1.12860964544818,1.42928636475604,-0.00524306369701719));
#3907=CARTESIAN_POINT('Ctrl Pts',(1.1269639628706,1.43191621841865,0.0198118018690899));
#3908=CARTESIAN_POINT('Ctrl Pts',(1.12531828029303,1.4444411677269,0.0380838844066091));
#3909=CARTESIAN_POINT('Ctrl Pts',(1.12367259771545,1.45696611703515,0.0563559669441285));
#3910=CARTESIAN_POINT('Ctrl Pts',(1.12202691513788,1.47938616198906,0.0678452664530607));
#3911=CARTESIAN_POINT('Ctrl Pts',(1.12038123256031,1.50153315090175,0.0673410467158955));
#3912=CARTESIAN_POINT('Ctrl Pts',(1.11873554998273,1.52368013981444,0.0668368269787302));
#3913=CARTESIAN_POINT('Ctrl Pts',(1.11708986740516,1.54555407268591,0.054339087995467));
#3914=CARTESIAN_POINT('Ctrl Pts',(1.11544418482758,1.55723447576557,0.0355159230290956));
#3915=CARTESIAN_POINT('Ctrl Pts',(1.11452343875173,1.56376956670383,0.0249845146554098));
#3916=CARTESIAN_POINT('Ctrl Pts',(1.11360269267588,1.5671137648943,0.0124730506671959));
#3917=CARTESIAN_POINT('Ctrl Pts',(1.11268194660003,1.56714896734173,-2.09053618869764E-5));
#3918=CARTESIAN_POINT('Origin',(1.00010265260602,1.5,1.75909181000546E-8));
#3919=CARTESIAN_POINT('',(1.08143194660003,1.56732641592179,-4.0365557282636E-5));
#3920=CARTESIAN_POINT('',(1.09064835861202,1.56720946656984,5.63521649678876E-5));
#3921=CARTESIAN_POINT('',(1.00010265260602,1.56725,1.75909181082903E-8));
#3922=CARTESIAN_POINT('Ctrl Pts',(1.09064835861202,1.56720946656984,5.63521649678876E-5));
#3923=CARTESIAN_POINT('Ctrl Pts',(1.09113794746097,1.56726294328822,0.00668472655397743));
#3924=CARTESIAN_POINT('Ctrl Pts',(1.09162753630992,1.56636067976229,0.0132988653282283));
#3925=CARTESIAN_POINT('Ctrl Pts',(1.09211712515886,1.5644426099392,0.0196039875045168));
#3926=CARTESIAN_POINT('Ctrl Pts',(1.09376280773644,1.5579952937938,0.0407977498569584));
#3927=CARTESIAN_POINT('Ctrl Pts',(1.09540849031401,1.54007067038767,0.058500021308635));
#3928=CARTESIAN_POINT('Ctrl Pts',(1.09705417289159,1.51879808513975,0.0646822996102999));
#3929=CARTESIAN_POINT('Ctrl Pts',(1.09869985546916,1.49752549989183,0.0708645779119648));
#3930=CARTESIAN_POINT('Ctrl Pts',(1.10034553804674,1.47290495280211,0.0655268630636181));
#3931=CARTESIAN_POINT('Ctrl Pts',(1.10199122062431,1.45610258818284,0.0510899661903896));
#3932=CARTESIAN_POINT('Ctrl Pts',(1.10363690320189,1.43930022356356,0.0366530693171613));
#3933=CARTESIAN_POINT('Ctrl Pts',(1.10528258577946,1.43031604141474,0.0131169904190521));
#3934=CARTESIAN_POINT('Ctrl Pts',(1.10692826835704,1.43322463333803,-0.00884396450463776));
#3935=CARTESIAN_POINT('Ctrl Pts',(1.10857395093461,1.43613322526133,-0.030804919428328));
#3936=CARTESIAN_POINT('Ctrl Pts',(1.11021963351218,1.45093459125675,-0.0511907503775985));
#3937=CARTESIAN_POINT('Ctrl Pts',(1.11186531608976,1.47091587526471,-0.060755881715842));
#3938=CARTESIAN_POINT('Ctrl Pts',(1.11351099866733,1.49089715927266,-0.0703210130540854));
#3939=CARTESIAN_POINT('Ctrl Pts',(1.11515668124491,1.51605836129315,-0.0690654447813019));
#3940=CARTESIAN_POINT('Ctrl Pts',(1.11680236382248,1.53498813405559,-0.0575586141456626));
#3941=CARTESIAN_POINT('Ctrl Pts',(1.11844804640006,1.55391790681802,-0.0460517835100234));
#3942=CARTESIAN_POINT('Ctrl Pts',(1.12009372897763,1.56661625032239,-0.0242936905115283));
#3943=CARTESIAN_POINT('Ctrl Pts',(1.12173941155521,1.56732409123967,-0.0021522720967527));
#3944=CARTESIAN_POINT('Ctrl Pts',(1.12179239390748,1.56734688000668,-0.00143943448989416));
#3945=CARTESIAN_POINT('Ctrl Pts',(1.12184537625975,1.5673572405885,-0.000726199565306171));
#3946=CARTESIAN_POINT('Ctrl Pts',(1.12189835861202,1.56735534373979,-1.29082181930628E-5));
#3947=CARTESIAN_POINT('Ctrl Pts',(1.11268194660003,1.56714896734173,-2.09053618869764E-5));
#3948=CARTESIAN_POINT('Ctrl Pts',(1.1119570100983,1.56717668349471,-0.00985784631004385));
#3949=CARTESIAN_POINT('Ctrl Pts',(1.11123207359658,1.56515316005449,-0.0196839341106737));
#3950=CARTESIAN_POINT('Ctrl Pts',(1.11050713709486,1.56102075473646,-0.0285242220420951));
#3951=CARTESIAN_POINT('Ctrl Pts',(1.10886145451728,1.55163975733987,-0.0485926111974344));
#3952=CARTESIAN_POINT('Ctrl Pts',(1.10721577193971,1.53139088925886,-0.0635807985586336));
#3953=CARTESIAN_POINT('Ctrl Pts',(1.10557008936213,1.50945760942817,-0.0666911990659056));
#3954=CARTESIAN_POINT('Ctrl Pts',(1.10392440678456,1.48752432959748,-0.0698015995731776));
#3955=CARTESIAN_POINT('Ctrl Pts',(1.10227872420698,1.4639066380171,-0.0610342132265221));
#3956=CARTESIAN_POINT('Ctrl Pts',(1.10063304162941,1.44931585444565,-0.0443653083369007));
#3957=CARTESIAN_POINT('Ctrl Pts',(1.09898735905184,1.43472507087419,-0.0276964034472797));
#3958=CARTESIAN_POINT('Ctrl Pts',(1.09734167647426,1.42916119531165,-0.00312598001469233));
#3959=CARTESIAN_POINT('Ctrl Pts',(1.09569599389669,1.43514760943754,0.0182025502056581));
#3960=CARTESIAN_POINT('Ctrl Pts',(1.09405031131911,1.44113402356343,0.0395310804260085));
#3961=CARTESIAN_POINT('Ctrl Pts',(1.09240462874154,1.45867072737776,0.0576177174341225));
#3962=CARTESIAN_POINT('Ctrl Pts',(1.09075894616396,1.47980430843856,0.0642596378637884));
#3963=CARTESIAN_POINT('Ctrl Pts',(1.08911326358639,1.50093788949936,0.0709015582934545));
#3964=CARTESIAN_POINT('Ctrl Pts',(1.08746758100881,1.52566834780664,0.0660987621446721));
#3965=CARTESIAN_POINT('Ctrl Pts',(1.08582189843124,1.54277969106905,0.0520294591340888));
#3966=CARTESIAN_POINT('Ctrl Pts',(1.08435858115417,1.55799485137455,0.0395192372648901));
#3967=CARTESIAN_POINT('Ctrl Pts',(1.0828952638771,1.56718595029099,0.019682441919773));
#3968=CARTESIAN_POINT('Ctrl Pts',(1.08143194660003,1.56732641592179,-4.0365557282636E-5));
#3969=CARTESIAN_POINT('Origin',(1.00010265260602,1.5,1.75909181000546E-8));
#3970=CARTESIAN_POINT('',(1.05018194660003,1.56725985478644,5.93585263963125E-5));
#3971=CARTESIAN_POINT('',(1.05939835861202,1.56717060157992,-4.14570370470932E-5));
#3972=CARTESIAN_POINT('',(1.00010265260602,1.56725,1.75909181082903E-8));
#3973=CARTESIAN_POINT('Ctrl Pts',(1.05939835861202,1.56717060157992,-4.14570370470932E-5));
#3974=CARTESIAN_POINT('Ctrl Pts',(1.06043051866219,1.56709083471097,0.0139530150580674));
#3975=CARTESIAN_POINT('Ctrl Pts',(1.06146267871235,1.56282241111567,0.0279920582590907));
#3976=CARTESIAN_POINT('Ctrl Pts',(1.06249483876252,1.55472029509701,0.03927920949512));
#3977=CARTESIAN_POINT('Ctrl Pts',(1.0641405213401,1.54180222955934,0.0572755155298134));
#3978=CARTESIAN_POINT('Ctrl Pts',(1.06578620391767,1.519138412867,0.0682761496812229));
#3979=CARTESIAN_POINT('Ctrl Pts',(1.06743188649525,1.49700755438133,0.0672919998872506));
#3980=CARTESIAN_POINT('Ctrl Pts',(1.06907756907282,1.47487669589566,0.0663078500932784));
#3981=CARTESIAN_POINT('Ctrl Pts',(1.07072325165039,1.45327879561666,0.0533389163539244));
#3982=CARTESIAN_POINT('Ctrl Pts',(1.07236893422797,1.44200913837199,0.0342669926513375));
#3983=CARTESIAN_POINT('Ctrl Pts',(1.07401461680554,1.43073948112732,0.0151950689487507));
#3984=CARTESIAN_POINT('Ctrl Pts',(1.07566029938312,1.42979806691697,-0.00997984471706902));
#3985=CARTESIAN_POINT('Ctrl Pts',(1.07730598196069,1.43961185485328,-0.0298401824400564));
#3986=CARTESIAN_POINT('Ctrl Pts',(1.07895166453827,1.44942564278958,-0.0497005201630434));
#3987=CARTESIAN_POINT('Ctrl Pts',(1.08059734711584,1.46999463287253,-0.0642462819431982));
#3988=CARTESIAN_POINT('Ctrl Pts',(1.08224302969342,1.49199018139709,-0.0668805357717731));
#3989=CARTESIAN_POINT('Ctrl Pts',(1.08388871227099,1.51398572992165,-0.0695147896003481));
#3990=CARTESIAN_POINT('Ctrl Pts',(1.08553439484857,1.53740783688782,-0.0602375354773431));
#3991=CARTESIAN_POINT('Ctrl Pts',(1.08718007742614,1.55163388592856,-0.0432562817892375));
#3992=CARTESIAN_POINT('Ctrl Pts',(1.08833617115477,1.56162770022985,-0.0313269333470976));
#3993=CARTESIAN_POINT('Ctrl Pts',(1.08949226488339,1.56708318898226,-0.0155956016705858));
#3994=CARTESIAN_POINT('Ctrl Pts',(1.09064835861202,1.56720946656984,5.63521649678876E-5));
#3995=CARTESIAN_POINT('Ctrl Pts',(1.08143194660003,1.56732641592179,-4.0365557282636E-5));
#3996=CARTESIAN_POINT('Ctrl Pts',(1.08124958129952,1.56734392139198,-0.00249831214800973));
#3997=CARTESIAN_POINT('Ctrl Pts',(1.08106721599902,1.56722085888953,-0.00495448836057508));
#3998=CARTESIAN_POINT('Ctrl Pts',(1.08088485069852,1.5669513702425,-0.00739449239348031));
#3999=CARTESIAN_POINT('Ctrl Pts',(1.07923916812094,1.564519477936,-0.0294133310380818));
#4000=CARTESIAN_POINT('Ctrl Pts',(1.07759348554337,1.55016346510545,-0.050115198454901));
#4001=CARTESIAN_POINT('Ctrl Pts',(1.07594780296579,1.53039420701411,-0.0601111871486401));
#4002=CARTESIAN_POINT('Ctrl Pts',(1.07430212038822,1.51062494892276,-0.0701071758423792));
#4003=CARTESIAN_POINT('Ctrl Pts',(1.07265643781064,1.48544244557062,-0.0693972858130378));
#4004=CARTESIAN_POINT('Ctrl Pts',(1.07101075523307,1.46626770501038,-0.0583034731278233));
#4005=CARTESIAN_POINT('Ctrl Pts',(1.06936507265549,1.44709296445013,-0.047209660442609));
#4006=CARTESIAN_POINT('Ctrl Pts',(1.06771939007792,1.43392598668177,-0.0257319251015221));
#4007=CARTESIAN_POINT('Ctrl Pts',(1.06607370750034,1.4327383844961,-0.00361105358849035));
#4008=CARTESIAN_POINT('Ctrl Pts',(1.06442802492277,1.43155078231043,0.0185098179245415));
#4009=CARTESIAN_POINT('Ctrl Pts',(1.06278234234519,1.44234255570745,0.0412738256095184));
#4010=CARTESIAN_POINT('Ctrl Pts',(1.06113665976762,1.46021931713773,0.0543568205346984));
#4011=CARTESIAN_POINT('Ctrl Pts',(1.05949097719005,1.47809607856801,0.0674398154598786));
#4012=CARTESIAN_POINT('Ctrl Pts',(1.05784529461247,1.50305782803155,0.0708417976252621));
#4013=CARTESIAN_POINT('Ctrl Pts',(1.0561996120349,1.5237836758755,0.0630198677740667));
#4014=CARTESIAN_POINT('Ctrl Pts',(1.05455392945732,1.54450952371945,0.0551979379228714));
#4015=CARTESIAN_POINT('Ctrl Pts',(1.05290824687975,1.5609994699438,0.0361520960550976));
#4016=CARTESIAN_POINT('Ctrl Pts',(1.05126256430217,1.56577483754877,0.0145201932334576));
#4017=CARTESIAN_POINT('Ctrl Pts',(1.05090235840146,1.56682006681281,0.00978541682746054));
#4018=CARTESIAN_POINT('Ctrl Pts',(1.05054215250074,1.5673040721548,0.00492674699615664));
#4019=CARTESIAN_POINT('Ctrl Pts',(1.05018194660003,1.56725985478644,5.93585263963125E-5));
#4020=CARTESIAN_POINT('Origin',(1.00010265260602,1.5,1.75909181000546E-8));
#4021=CARTESIAN_POINT('',(1.01893194660003,1.5671468840156,-1.71835179033359E-5));
#4022=CARTESIAN_POINT('',(1.02814835861202,1.5673529607135,-1.71639130937127E-5));
#4023=CARTESIAN_POINT('',(1.00010265260602,1.56725,1.75909181082903E-8));
#4024=CARTESIAN_POINT('Ctrl Pts',(1.02814835861202,1.5673529607135,-1.71639130937127E-5));
#4025=CARTESIAN_POINT('Ctrl Pts',(1.02972308986341,1.56727984835203,0.0211851537488568));
#4026=CARTESIAN_POINT('Ctrl Pts',(1.03129782111479,1.55642992019394,0.0424519893276932));
#4027=CARTESIAN_POINT('Ctrl Pts',(1.03287255236618,1.53918920822551,0.0547847925818567));
#4028=CARTESIAN_POINT('Ctrl Pts',(1.03451823494375,1.52117169616658,0.0676732644593094));
#4029=CARTESIAN_POINT('Ctrl Pts',(1.03616391752133,1.49617453842705,0.0708045012344992));
#4030=CARTESIAN_POINT('Ctrl Pts',(1.0378096000989,1.47553468335735,0.0627583946709955));
#4031=CARTESIAN_POINT('Ctrl Pts',(1.03945528267648,1.45489482828764,0.0547122881074918));
#4032=CARTESIAN_POINT('Ctrl Pts',(1.04110096525405,1.43861227588776,0.0354888382052951));
#4033=CARTESIAN_POINT('Ctrl Pts',(1.04274664783163,1.4340716439408,0.0138064465094506));
#4034=CARTESIAN_POINT('Ctrl Pts',(1.0443923304092,1.42953101199385,-0.00787594518639413));
#4035=CARTESIAN_POINT('Ctrl Pts',(1.04603801298678,1.43673230049983,-0.0320172786758864));
#4036=CARTESIAN_POINT('Ctrl Pts',(1.04768369556435,1.45240951271225,-0.0476687471493705));
#4037=CARTESIAN_POINT('Ctrl Pts',(1.04932937814193,1.46808672492467,-0.0633202156228545));
#4038=CARTESIAN_POINT('Ctrl Pts',(1.0509750607195,1.49223986084353,-0.0704818190803303));
#4039=CARTESIAN_POINT('Ctrl Pts',(1.05262074329707,1.51391476090934,-0.0659055591153551));
#4040=CARTESIAN_POINT('Ctrl Pts',(1.05426642587465,1.53558966097515,-0.0613292991503799));
#4041=CARTESIAN_POINT('Ctrl Pts',(1.05591210845222,1.55478632518789,-0.045015175762954));
#4042=CARTESIAN_POINT('Ctrl Pts',(1.0575577910298,1.56279850010278,-0.0243621251102525));
#4043=CARTESIAN_POINT('Ctrl Pts',(1.05817131355721,1.56578549763851,-0.0166625164446464));
#4044=CARTESIAN_POINT('Ctrl Pts',(1.05878483608461,1.56721801551638,-0.00835986064911184));
#4045=CARTESIAN_POINT('Ctrl Pts',(1.05939835861202,1.56717060157992,-4.14570370470932E-5));
#4046=CARTESIAN_POINT('Ctrl Pts',(1.05018194660003,1.56725985478644,5.93585263963125E-5));
#4047=CARTESIAN_POINT('Ctrl Pts',(1.04889646992317,1.56710205505128,-0.0173110241982055));
#4048=CARTESIAN_POINT('Ctrl Pts',(1.04761099324631,1.56021690836568,-0.0347924458930803));
#4049=CARTESIAN_POINT('Ctrl Pts',(1.04632551656945,1.54810434137937,-0.0471501371884134));
#4050=CARTESIAN_POINT('Ctrl Pts',(1.04467983399187,1.5325976886194,-0.0629706010131374));
#4051=CARTESIAN_POINT('Ctrl Pts',(1.0430341514143,1.50852359411389,-0.0703935648870792));
#4052=CARTESIAN_POINT('Ctrl Pts',(1.04138846883673,1.48680036980996,-0.0660524957458489));
#4053=CARTESIAN_POINT('Ctrl Pts',(1.03974278625915,1.46507714550604,-0.0617114266046185));
#4054=CARTESIAN_POINT('Ctrl Pts',(1.03809710368158,1.44570479140371,-0.0456063244482157));
#4055=CARTESIAN_POINT('Ctrl Pts',(1.036451421104,1.43746924149485,-0.0250413281402612));
#4056=CARTESIAN_POINT('Ctrl Pts',(1.03480573852643,1.42923369158599,-0.0044763318323066));
#4057=CARTESIAN_POINT('Ctrl Pts',(1.03316005594885,1.43213494587061,0.0205485586271999));
#4058=CARTESIAN_POINT('Ctrl Pts',(1.03151437337128,1.4448571999553,0.0386838172813262));
#4059=CARTESIAN_POINT('Ctrl Pts',(1.0298686907937,1.45757945403999,0.0568190759354522));
#4060=CARTESIAN_POINT('Ctrl Pts',(1.02822300821613,1.48012270792476,0.0680647027841984));
#4061=CARTESIAN_POINT('Ctrl Pts',(1.02657732563855,1.5022629310376,0.0673204743509291));
#4062=CARTESIAN_POINT('Ctrl Pts',(1.02493164306098,1.52440315415045,0.0665762459176597));
#4063=CARTESIAN_POINT('Ctrl Pts',(1.02328596048341,1.54614034649137,0.0538421622023746));
#4064=CARTESIAN_POINT('Ctrl Pts',(1.02164027790583,1.55761605017408,0.0348935057741713));
#4065=CARTESIAN_POINT('Ctrl Pts',(1.0207375008039,1.5639113118816,0.0244987836273153));
#4066=CARTESIAN_POINT('Ctrl Pts',(1.01983472370196,1.56711855933149,0.0122338952909536));
#4067=CARTESIAN_POINT('Ctrl Pts',(1.01893194660003,1.5671468840156,-1.71835179033359E-5));
#4068=CARTESIAN_POINT('Origin',(1.00010265260602,1.5,1.75909181000546E-8));
#4069=CARTESIAN_POINT('',(0.987681946600026,1.56732063623476,-4.34139901320623E-5));
#4070=CARTESIAN_POINT('',(0.996898358612021,1.56721606158913,5.75949076996085E-5));
#4071=CARTESIAN_POINT('',(1.00010265260602,1.56725,1.75909181082903E-8));
#4072=CARTESIAN_POINT('Ctrl Pts',(0.996898358612021,1.56721606158913,5.75949076996085E-5));
#4073=CARTESIAN_POINT('Ctrl Pts',(0.997369978487052,1.56726910728491,0.00644110446757055));
#4074=CARTESIAN_POINT('Ctrl Pts',(0.997841598362082,1.56643303531814,0.0128110005143845));
#4075=CARTESIAN_POINT('Ctrl Pts',(0.998313218237112,1.56465130076036,0.018904380107114));
#4076=CARTESIAN_POINT('Ctrl Pts',(0.999958900814687,1.55843407015828,0.0401667762978122));
#4077=CARTESIAN_POINT('Ctrl Pts',(1.00160458339226,1.54070236420624,0.0580622825166261));
#4078=CARTESIAN_POINT('Ctrl Pts',(1.00325026596984,1.51949803456745,0.0644747588479179));
#4079=CARTESIAN_POINT('Ctrl Pts',(1.00489594854741,1.49829370492866,0.0708872351792096));
#4080=CARTESIAN_POINT('Ctrl Pts',(1.00654163112499,1.47361675160313,0.0658166816229793));
#4081=CARTESIAN_POINT('Ctrl Pts',(1.00818731370256,1.45665890079478,0.0515627437778985));
#4082=CARTESIAN_POINT('Ctrl Pts',(1.00983299628013,1.43970104998643,0.0373088059328181));
#4083=CARTESIAN_POINT('Ctrl Pts',(1.01147867885771,1.43046230169526,0.0138714837988876));
#4084=CARTESIAN_POINT('Ctrl Pts',(1.01312436143528,1.43313270077721,-0.00811970572948569));
#4085=CARTESIAN_POINT('Ctrl Pts',(1.01477004401286,1.43580309985916,-0.0301108952578593));
#4086=CARTESIAN_POINT('Ctrl Pts',(1.01641572659043,1.45038264631422,-0.0506559521806759));
#4087=CARTESIAN_POINT('Ctrl Pts',(1.01806140916801,1.47025908578709,-0.0604370871869507));
#4088=CARTESIAN_POINT('Ctrl Pts',(1.01970709174558,1.49013552525997,-0.0702182221932254));
#4089=CARTESIAN_POINT('Ctrl Pts',(1.02135277432316,1.51530885775064,-0.0692354352829587));
#4090=CARTESIAN_POINT('Ctrl Pts',(1.02299845690073,1.53436223446262,-0.0579344493082148));
#4091=CARTESIAN_POINT('Ctrl Pts',(1.02464413947831,1.55341561117459,-0.0466334633334708));
#4092=CARTESIAN_POINT('Ctrl Pts',(1.02628982205588,1.56634903210786,-0.0250142782942492));
#4093=CARTESIAN_POINT('Ctrl Pts',(1.02793550463345,1.56729680938532,-0.00288183228478053));
#4094=CARTESIAN_POINT('Ctrl Pts',(1.02800645595964,1.56733767149062,-0.00192762251336291));
#4095=CARTESIAN_POINT('Ctrl Pts',(1.02807740728583,1.56735625487496,-0.000972458700739137));
#4096=CARTESIAN_POINT('Ctrl Pts',(1.02814835861202,1.5673529607135,-1.71639130937127E-5));
#4097=CARTESIAN_POINT('Ctrl Pts',(1.01893194660003,1.5671468840156,-1.71835179033359E-5));
#4098=CARTESIAN_POINT('Ctrl Pts',(1.01818904112439,1.56717019271813,-0.01009873466723));
#4099=CARTESIAN_POINT('Ctrl Pts',(1.01744613564875,1.56504078895793,-0.0201709342392602));
#4100=CARTESIAN_POINT('Ctrl Pts',(1.01670323017311,1.56070801291951,-0.0291839150197138));
#4101=CARTESIAN_POINT('Ctrl Pts',(1.01505754759553,1.55111005695773,-0.0491494502442743));
#4102=CARTESIAN_POINT('Ctrl Pts',(1.01341186501796,1.53069993000967,-0.0639172915522744));
#4103=CARTESIAN_POINT('Ctrl Pts',(1.01176618244038,1.50873422666287,-0.0667897873186569));
#4104=CARTESIAN_POINT('Ctrl Pts',(1.01012049986281,1.48676852331607,-0.0696622830850394));
#4105=CARTESIAN_POINT('Ctrl Pts',(1.00847481728523,1.46324724357053,-0.0606394333098041));
#4106=CARTESIAN_POINT('Ctrl Pts',(1.00682913470766,1.44883798157394,-0.0438133665037722));
#4107=CARTESIAN_POINT('Ctrl Pts',(1.00518345213009,1.43442871957735,-0.0269872996977404));
#4108=CARTESIAN_POINT('Ctrl Pts',(1.00353776955251,1.4291314753297,-0.00235801586091204));
#4109=CARTESIAN_POINT('Ctrl Pts',(1.00189208697494,1.43534870534469,0.0189043783219685));
#4110=CARTESIAN_POINT('Ctrl Pts',(1.00024640439736,1.44156593535968,0.0401667725048486));
#4111=CARTESIAN_POINT('Ctrl Pts',(0.998600721819787,1.45929763963731,0.0580622770337814));
#4112=CARTESIAN_POINT('Ctrl Pts',(0.996955039242212,1.48050196727376,0.0644747527595397));
#4113=CARTESIAN_POINT('Ctrl Pts',(0.995309356664637,1.50170629491021,0.0708872284852981));
#4114=CARTESIAN_POINT('Ctrl Pts',(0.993663674087062,1.52638324590549,0.0658166754078823));
#4115=CARTESIAN_POINT('Ctrl Pts',(0.992017991509487,1.5433410951125,0.0515627389088074));
#4116=CARTESIAN_POINT('Ctrl Pts',(0.990572643206333,1.55823461036902,0.0390439803019296));
#4117=CARTESIAN_POINT('Ctrl Pts',(0.98912729490318,1.56717397716859,0.0194415959404592));
#4118=CARTESIAN_POINT('Ctrl Pts',(0.987681946600026,1.56732063623476,-4.34139901320623E-5));
#4119=CARTESIAN_POINT('Origin',(1.00010265260602,1.5,1.75909181000546E-8));
#4120=CARTESIAN_POINT('',(0.956431946600026,1.56726711110541,5.86467264692471E-5));
#4121=CARTESIAN_POINT('',(0.965648358612021,1.5671661565243,-3.85150311334187E-5));
#4122=CARTESIAN_POINT('',(1.00010265260602,1.56725,1.75909181082903E-8));
#4123=CARTESIAN_POINT('Ctrl Pts',(0.965648358612021,1.5671661565243,-3.85150311334187E-5));
#4124=CARTESIAN_POINT('Ctrl Pts',(0.966662549688271,1.56709363941408,0.0137146118228156));
#4125=CARTESIAN_POINT('Ctrl Pts',(0.96767674076452,1.56298319802062,0.0275075348873893));
#4126=CARTESIAN_POINT('Ctrl Pts',(0.96869093184077,1.55514280525186,0.0386838209342536));
#4127=CARTESIAN_POINT('Ctrl Pts',(0.970336614418344,1.5424205499658,0.0568190813009008));
#4128=CARTESIAN_POINT('Ctrl Pts',(0.971982296995919,1.51987729395227,0.0680647092115771));
#4129=CARTESIAN_POINT('Ctrl Pts',(0.973627979573494,1.49773706874871,0.0673204807080303));
#4130=CARTESIAN_POINT('Ctrl Pts',(0.975273662151068,1.47559684354515,0.0665762522044834));
#4131=CARTESIAN_POINT('Ctrl Pts',(0.976919344728643,1.45385964915157,0.0538421672867132));
#4132=CARTESIAN_POINT('Ctrl Pts',(0.978565027306217,1.44238394438521,0.03489350906918));
#4133=CARTESIAN_POINT('Ctrl Pts',(0.980210709883791,1.43090823961884,0.015944850851647));
#4134=CARTESIAN_POINT('Ctrl Pts',(0.981856392461366,1.42969402447968,-0.00921838066564884));
#4135=CARTESIAN_POINT('Ctrl Pts',(0.983502075038941,1.4392919813478,-0.0291839177755641));
#4136=CARTESIAN_POINT('Ctrl Pts',(0.985147757616515,1.44888993821592,-0.0491494548854796));
#4137=CARTESIAN_POINT('Ctrl Pts',(0.986793440194091,1.46930006709132,-0.0639172975880143));
#4138=CARTESIAN_POINT('Ctrl Pts',(0.988439122771665,1.49126577251235,-0.0667897936256483));
#4139=CARTESIAN_POINT('Ctrl Pts',(0.990084805349239,1.51323147793338,-0.0696622896632822));
#4140=CARTESIAN_POINT('Ctrl Pts',(0.991730487926813,1.53675275990005,-0.0606394390360153));
#4141=CARTESIAN_POINT('Ctrl Pts',(0.993376170504388,1.55116202325731,-0.0438133706410906));
#4142=CARTESIAN_POINT('Ctrl Pts',(0.994550233206932,1.56144187850366,-0.0318093185826107));
#4143=CARTESIAN_POINT('Ctrl Pts',(0.995724295909477,1.56708400826347,-0.0158336787268054));
#4144=CARTESIAN_POINT('Ctrl Pts',(0.996898358612021,1.56721606158913,5.75949076996085E-5));
#4145=CARTESIAN_POINT('Ctrl Pts',(0.987681946600026,1.56732063623476,-4.34139901320623E-5));
#4146=CARTESIAN_POINT('Ctrl Pts',(0.987481612325605,1.56734096409452,-0.00274415769184629));
#4147=CARTESIAN_POINT('Ctrl Pts',(0.987281278051184,1.56719236921376,-0.00544264643284396));
#4148=CARTESIAN_POINT('Ctrl Pts',(0.987080943776764,1.56686729290848,-0.00811970496273808));
#4149=CARTESIAN_POINT('Ctrl Pts',(0.985435261199189,1.5641968940787,-0.0301108924144737));
#4150=CARTESIAN_POINT('Ctrl Pts',(0.983789578621615,1.54961734900039,-0.0506559473972109));
#4151=CARTESIAN_POINT('Ctrl Pts',(0.982143896044041,1.52974091140446,-0.0604370814798485));
#4152=CARTESIAN_POINT('Ctrl Pts',(0.980498213466466,1.50986447380853,-0.0702182155624859));
#4153=CARTESIAN_POINT('Ctrl Pts',(0.978852530888891,1.48469114369498,-0.0692354287450239));
#4154=CARTESIAN_POINT('Ctrl Pts',(0.977206848311316,1.46563776878222,-0.0579344438374369));
#4155=CARTESIAN_POINT('Ctrl Pts',(0.975561165733742,1.44658439386947,-0.0466334589298496));
#4156=CARTESIAN_POINT('Ctrl Pts',(0.973915483156167,1.43365097415751,-0.0250142759321369));
#4157=CARTESIAN_POINT('Ctrl Pts',(0.972269800578593,1.43270319696954,-0.00288183201264472));
#4158=CARTESIAN_POINT('Ctrl Pts',(0.970624118001018,1.43175541978158,0.0192506119068471));
#4159=CARTESIAN_POINT('Ctrl Pts',(0.968978435423444,1.44279328511761,0.0418963167481184));
#4160=CARTESIAN_POINT('Ctrl Pts',(0.967332752845869,1.46081079547514,0.0547847874085067));
#4161=CARTESIAN_POINT('Ctrl Pts',(0.965687070268295,1.47882830583267,0.0676732580688949));
#4162=CARTESIAN_POINT('Ctrl Pts',(0.96404138769072,1.50382546121171,0.0708044945484003));
#4163=CARTESIAN_POINT('Ctrl Pts',(0.962395705113145,1.52446531433238,0.0627583887446941));
#4164=CARTESIAN_POINT('Ctrl Pts',(0.960750022535571,1.54510516745306,0.0547122829409877));
#4165=CARTESIAN_POINT('Ctrl Pts',(0.959104339957996,1.56138771831537,0.035488834854069));
#4166=CARTESIAN_POINT('Ctrl Pts',(0.957458657380422,1.56592834983355,0.013806445205702));
#4167=CARTESIAN_POINT('Ctrl Pts',(0.957116420453623,1.56687262171057,0.00929736520447879));
#4168=CARTESIAN_POINT('Ctrl Pts',(0.956774183526825,1.56730908424716,0.00468194198492048));
#4169=CARTESIAN_POINT('Ctrl Pts',(0.956431946600026,1.56726711110541,5.86467264692471E-5));
#4170=CARTESIAN_POINT('Origin',(1.00010265260602,1.5,1.75909181000546E-8));
#4171=CARTESIAN_POINT('',(0.925181946600027,1.56714521379858,-1.33901822260444E-5));
#4172=CARTESIAN_POINT('',(0.934398358612021,1.56734997954029,-2.13130777935108E-5));
#4173=CARTESIAN_POINT('',(1.00010265260602,1.56725,1.75909181082903E-8));
#4174=CARTESIAN_POINT('Ctrl Pts',(0.934398358612021,1.56734997954029,-2.13130777935108E-5));
#4175=CARTESIAN_POINT('Ctrl Pts',(0.935955120889489,1.56726232694251,0.0209415473857542));
#4176=CARTESIAN_POINT('Ctrl Pts',(0.937511883166959,1.55669152400941,0.0419807361491282));
#4177=CARTESIAN_POINT('Ctrl Pts',(0.939068645444428,1.53978068661878,0.0543568256676353));
#4178=CARTESIAN_POINT('Ctrl Pts',(0.940714328022002,1.52190392350039,0.0674398218282486));
#4179=CARTESIAN_POINT('Ctrl Pts',(0.942360010599576,1.49694217167969,0.0708418043148833));
#4180=CARTESIAN_POINT('Ctrl Pts',(0.944005693177151,1.4762163218786,0.0630198737250603));
#4181=CARTESIAN_POINT('Ctrl Pts',(0.945651375754725,1.4554904720775,0.0551979431352372));
#4182=CARTESIAN_POINT('Ctrl Pts',(0.9472970583323,1.43900052429599,0.0361520994689564));
#4183=CARTESIAN_POINT('Ctrl Pts',(0.948942740909875,1.43422515624008,0.0145201946046062));
#4184=CARTESIAN_POINT('Ctrl Pts',(0.95058842348745,1.42944978818417,-0.00711171025974426));
#4185=CARTESIAN_POINT('Ctrl Pts',(0.952234106065024,1.43638899985386,-0.0313296763221642));
#4186=CARTESIAN_POINT('Ctrl Pts',(0.953879788642598,1.45189565407812,-0.0471501416408225));
#4187=CARTESIAN_POINT('Ctrl Pts',(0.955525471220173,1.46740230830238,-0.0629706069594806));
#4188=CARTESIAN_POINT('Ctrl Pts',(0.957171153797748,1.49147640508122,-0.070393571534377));
#4189=CARTESIAN_POINT('Ctrl Pts',(0.958816836375322,1.51319963143648,-0.0660525019832179));
#4190=CARTESIAN_POINT('Ctrl Pts',(0.960462518952897,1.53492285779174,-0.0617114324320588));
#4191=CARTESIAN_POINT('Ctrl Pts',(0.962108201530472,1.55429521372341,-0.0456063287548447));
#4192=CARTESIAN_POINT('Ctrl Pts',(0.963753884108046,1.56253076440995,-0.0250413305049286));
#4193=CARTESIAN_POINT('Ctrl Pts',(0.964385375609371,1.56569096087685,-0.0171500021305786));
#4194=CARTESIAN_POINT('Ctrl Pts',(0.965016867110696,1.56721130969108,-0.00860197307005856));
#4195=CARTESIAN_POINT('Ctrl Pts',(0.965648358612021,1.5671661565243,-3.85150311334187E-5));
#4196=CARTESIAN_POINT('Ctrl Pts',(0.956431946600026,1.56726711110541,5.86467264692471E-5));
#4197=CARTESIAN_POINT('Ctrl Pts',(0.95512850094925,1.56710725194127,-0.0175496638473099));
#4198=CARTESIAN_POINT('Ctrl Pts',(0.953825055298474,1.56000745337083,-0.0352721621278076));
#4199=CARTESIAN_POINT('Ctrl Pts',(0.952521609647698,1.54759048279376,-0.0476687426479886));
#4200=CARTESIAN_POINT('Ctrl Pts',(0.950875927070123,1.53191327206174,-0.0633202096434972));
#4201=CARTESIAN_POINT('Ctrl Pts',(0.949230244492549,1.50776013842367,-0.0704818124246993));
#4202=CARTESIAN_POINT('Ctrl Pts',(0.947584561914974,1.48608524040464,-0.0659055528918622));
#4203=CARTESIAN_POINT('Ctrl Pts',(0.9459388793374,1.4644103423856,-0.061329293359025));
#4204=CARTESIAN_POINT('Ctrl Pts',(0.944293196759825,1.4452136799856,-0.0450151715121486));
#4205=CARTESIAN_POINT('Ctrl Pts',(0.94264751418225,1.43720150582731,-0.0243621228097237));
#4206=CARTESIAN_POINT('Ctrl Pts',(0.941001831604676,1.42918933166903,-0.00370907410729858));
#4207=CARTESIAN_POINT('Ctrl Pts',(0.939356149027101,1.43236164575245,0.0212829014506751));
#4208=CARTESIAN_POINT('Ctrl Pts',(0.937710466449526,1.44527971007026,0.0392792057859692));
#4209=CARTESIAN_POINT('Ctrl Pts',(0.936064783871952,1.45819777438806,0.0572755101212633));
#4210=CARTESIAN_POINT('Ctrl Pts',(0.934419101294377,1.48086158894025,0.0682761432338777));
#4211=CARTESIAN_POINT('Ctrl Pts',(0.932773418716803,1.50299244533609,0.0672919935328388));
#4212=CARTESIAN_POINT('Ctrl Pts',(0.931127736139228,1.52512330173194,0.0663078438317999));
#4213=CARTESIAN_POINT('Ctrl Pts',(0.929482053561654,1.54672119997144,0.0533389113171082));
#4214=CARTESIAN_POINT('Ctrl Pts',(0.927836370984079,1.55799085615191,0.0342669894154918));
#4215=CARTESIAN_POINT('Ctrl Pts',(0.926951562856062,1.56405003398141,0.0240128907542921));
#4216=CARTESIAN_POINT('Ctrl Pts',(0.926066754728044,1.56712360596825,0.0119945885948392));
#4217=CARTESIAN_POINT('Ctrl Pts',(0.925181946600027,1.56714521379858,-1.33901822260444E-5));
#4218=CARTESIAN_POINT('Origin',(1.00010265260602,1.5,1.75909181000546E-8));
#4219=CARTESIAN_POINT('',(0.893931946600026,1.56731454735422,-4.62300252880096E-5));
#4220=CARTESIAN_POINT('',(0.903148358612021,1.56722283283121,5.85809576358101E-5));
#4221=CARTESIAN_POINT('',(1.00010265260602,1.56725,1.75909181082903E-8));
#4222=CARTESIAN_POINT('Ctrl Pts',(0.903148358612021,1.56722283283121,5.85809576358101E-5));
#4223=CARTESIAN_POINT('Ctrl Pts',(0.903602009513134,1.56727514526096,0.00619730397457837));
#4224=CARTESIAN_POINT('Ctrl Pts',(0.904055660414247,1.56650261918755,0.012323102266732));
#4225=CARTESIAN_POINT('Ctrl Pts',(0.904509311315361,1.5648523966865,0.0182025519245301));
#4226=CARTESIAN_POINT('Ctrl Pts',(0.906154993892935,1.55886598199531,0.0395310841589434));
#4227=CARTESIAN_POINT('Ctrl Pts',(0.90780067647051,1.54132927652498,0.0576177228749869));
#4228=CARTESIAN_POINT('Ctrl Pts',(0.909446359048085,1.52019569346853,0.0642596439318529));
#4229=CARTESIAN_POINT('Ctrl Pts',(0.911092041625659,1.49906211041207,0.0709015649887188));
#4230=CARTESIAN_POINT('Ctrl Pts',(0.912737724203233,1.47433164976949,0.066098768386407));
#4231=CARTESIAN_POINT('Ctrl Pts',(0.914383406780808,1.45722030489125,0.0520294640472537));
#4232=CARTESIAN_POINT('Ctrl Pts',(0.916029089358383,1.44010896001301,0.0379601597081003));
#4233=CARTESIAN_POINT('Ctrl Pts',(0.917674771935958,1.43061673089911,0.0146243476321054));
#4234=CARTESIAN_POINT('Ctrl Pts',(0.919320454513533,1.43304862343525,-0.00739449309174538));
#4235=CARTESIAN_POINT('Ctrl Pts',(0.920966137091107,1.4354805159714,-0.029413333815596));
#4236=CARTESIAN_POINT('Ctrl Pts',(0.922611819668681,1.44983653015759,-0.0501152031873025));
#4237=CARTESIAN_POINT('Ctrl Pts',(0.924257502246256,1.46960579011575,-0.0601111928249677));
#4238=CARTESIAN_POINT('Ctrl Pts',(0.92590318482383,1.48937505007391,-0.0701071824626329));
#4239=CARTESIAN_POINT('Ctrl Pts',(0.927548867401405,1.51455755580405,-0.069397292366257));
#4240=CARTESIAN_POINT('Ctrl Pts',(0.92919454997898,1.53373229817498,-0.0583034786334496));
#4241=CARTESIAN_POINT('Ctrl Pts',(0.930840232556554,1.55290704054591,-0.0472096649006421));
#4242=CARTESIAN_POINT('Ctrl Pts',(0.932485915134128,1.56607401955763,-0.0257319275314023));
#4243=CARTESIAN_POINT('Ctrl Pts',(0.934131597711703,1.56726162185545,-0.00361105392948644));
#4244=CARTESIAN_POINT('Ctrl Pts',(0.934220518011809,1.56732579094502,-0.00241580841489505));
#4245=CARTESIAN_POINT('Ctrl Pts',(0.934309438311915,1.56735498614626,-0.00121868525881005));
#4246=CARTESIAN_POINT('Ctrl Pts',(0.934398358612021,1.56734997954029,-2.13130777935108E-5));
#4247=CARTESIAN_POINT('Ctrl Pts',(0.925181946600027,1.56714521379858,-1.33901822260444E-5));
#4248=CARTESIAN_POINT('Ctrl Pts',(0.924421072150469,1.56716379505421,-0.0103394303179125));
#4249=CARTESIAN_POINT('Ctrl Pts',(0.923660197700912,1.56492550277952,-0.0206578364948568));
#4250=CARTESIAN_POINT('Ctrl Pts',(0.922899323251356,1.56038813944424,-0.0298401796222326));
#4251=CARTESIAN_POINT('Ctrl Pts',(0.921253640673781,1.55057435243466,-0.0497005154697994));
#4252=CARTESIAN_POINT('Ctrl Pts',(0.919607958096206,1.53000536429405,-0.0642462758763917));
#4253=CARTESIAN_POINT('Ctrl Pts',(0.917962275518632,1.50800981784654,-0.0668805294562129));
#4254=CARTESIAN_POINT('Ctrl Pts',(0.916316592941057,1.48601427139903,-0.0695147830360341));
#4255=CARTESIAN_POINT('Ctrl Pts',(0.914670910363483,1.46259216664461,-0.0602375297890838));
#4256=CARTESIAN_POINT('Ctrl Pts',(0.913025227785908,1.44836611894725,-0.0432562777045252));
#4257=CARTESIAN_POINT('Ctrl Pts',(0.911379545208334,1.43414007124988,-0.0262750256199665));
#4258=CARTESIAN_POINT('Ctrl Pts',(0.909733862630759,1.42911008060956,-0.00158977469779946));
#4259=CARTESIAN_POINT('Ctrl Pts',(0.908088180053184,1.43555739614614,0.0196039856533059));
#4260=CARTESIAN_POINT('Ctrl Pts',(0.906442497475609,1.44200471168273,0.0407977460044111));
#4261=CARTESIAN_POINT('Ctrl Pts',(0.904796814898034,1.45992933339622,0.0585000157844547));
#4262=CARTESIAN_POINT('Ctrl Pts',(0.90315113232046,1.48120191663536,0.0646822935023238));
#4263=CARTESIAN_POINT('Ctrl Pts',(0.901505449742886,1.5024744998745,0.070864571220193));
#4264=CARTESIAN_POINT('Ctrl Pts',(0.899859767165311,1.52709504463929,0.0655268568758877));
#4265=CARTESIAN_POINT('Ctrl Pts',(0.898214084587737,1.54389740767191,0.0510899613659424));
#4266=CARTESIAN_POINT('Ctrl Pts',(0.8967867052585,1.55847090197872,0.0385681503496181));
#4267=CARTESIAN_POINT('Ctrl Pts',(0.895359325929263,1.56716283773336,0.0192010946669791));
#4268=CARTESIAN_POINT('Ctrl Pts',(0.893931946600026,1.56731454735422,-4.62300252880096E-5));
#4269=CARTESIAN_POINT('Origin',(1.00010265260602,1.5,1.75909181000546E-8));
#4270=CARTESIAN_POINT('',(0.862681946600027,1.56727433765935,5.76546215972222E-5));
#4271=CARTESIAN_POINT('',(0.871898358612022,1.56716206205574,-3.54100312335677E-5));
#4272=CARTESIAN_POINT('',(1.00010265260602,1.56725,1.75909181082903E-8));
#4273=CARTESIAN_POINT('Ctrl Pts',(0.871898358612022,1.56716206205574,-3.54100312335677E-5));
#4274=CARTESIAN_POINT('Ctrl Pts',(0.872894580714354,1.56709681532601,0.0134761120966727));
#4275=CARTESIAN_POINT('Ctrl Pts',(0.873890802816686,1.56314087835766,0.0270227912601179));
#4276=CARTESIAN_POINT('Ctrl Pts',(0.874887024919018,1.55555883751955,0.0380838880028887));
#4277=CARTESIAN_POINT('Ctrl Pts',(0.876532707496593,1.54303388702856,0.0563559722658534));
#4278=CARTESIAN_POINT('Ctrl Pts',(0.878178390074168,1.52061383995752,0.0678452728597176));
#4279=CARTESIAN_POINT('Ctrl Pts',(0.879824072651742,1.49846684895348,0.0673410530749369));
#4280=CARTESIAN_POINT('Ctrl Pts',(0.881469755229317,1.47631985794944,0.0668368332901563));
#4281=CARTESIAN_POINT('Ctrl Pts',(0.883115437806891,1.45444592301239,0.0543390931267312));
#4282=CARTESIAN_POINT('Ctrl Pts',(0.884761120384466,1.44276551882975,0.0355159263828815));
#4283=CARTESIAN_POINT('Ctrl Pts',(0.88640680296204,1.43108511464711,0.0166927596390314));
#4284=CARTESIAN_POINT('Ctrl Pts',(0.888052485539615,1.42959824121888,-0.00845583368524339));
#4285=CARTESIAN_POINT('Ctrl Pts',(0.88969816811719,1.43897923950132,-0.0285242247356509));
#4286=CARTESIAN_POINT('Ctrl Pts',(0.891343850694764,1.44836023778376,-0.0485926157860582));
#4287=CARTESIAN_POINT('Ctrl Pts',(0.892989533272338,1.46860910777688,-0.0635808045625981));
#4288=CARTESIAN_POINT('Ctrl Pts',(0.894635215849913,1.49054238967874,-0.0666912053635868));
#4289=CARTESIAN_POINT('Ctrl Pts',(0.896280898427488,1.5124756715806,-0.0698016061645755));
#4290=CARTESIAN_POINT('Ctrl Pts',(0.897926581005063,1.53609336539121,-0.0610342189900129));
#4291=CARTESIAN_POINT('Ctrl Pts',(0.899572263582637,1.55068415034048,-0.0443653125263399));
#4292=CARTESIAN_POINT('Ctrl Pts',(0.900764295259099,1.56125282140802,-0.0322913774993596));
#4293=CARTESIAN_POINT('Ctrl Pts',(0.90195632693556,1.56708537454957,-0.0160717789099633));
#4294=CARTESIAN_POINT('Ctrl Pts',(0.903148358612021,1.56722283283121,5.85809576358101E-5));
#4295=CARTESIAN_POINT('Ctrl Pts',(0.893931946600026,1.56731454735422,-4.62300252880096E-5));
#4296=CARTESIAN_POINT('Ctrl Pts',(0.893713643351688,1.56733774980809,-0.0029899138912878));
#4297=CARTESIAN_POINT('Ctrl Pts',(0.893495340103351,1.5671611911439,-0.00593079717611704));
#4298=CARTESIAN_POINT('Ctrl Pts',(0.893277036855013,1.56677536035634,-0.00884396366949732));
#4299=CARTESIAN_POINT('Ctrl Pts',(0.891631354277438,1.5638667687077,-0.0308049165194058));
#4300=CARTESIAN_POINT('Ctrl Pts',(0.889985671699863,1.54906540410998,-0.0511907455436373));
#4301=CARTESIAN_POINT('Ctrl Pts',(0.888339989122289,1.52908412198887,-0.0607558759786385));
#4302=CARTESIAN_POINT('Ctrl Pts',(0.886694306544714,1.50910283986775,-0.0703210064136398));
#4303=CARTESIAN_POINT('Ctrl Pts',(0.88504862396714,1.48394164022324,-0.0690654382594108));
#4304=CARTESIAN_POINT('Ctrl Pts',(0.883402941389565,1.46501186924836,-0.0575586087103702));
#4305=CARTESIAN_POINT('Ctrl Pts',(0.881757258811991,1.44608209827347,-0.0460517791613297));
#4306=CARTESIAN_POINT('Ctrl Pts',(0.880111576234416,1.43338375596822,-0.0242936882174778));
#4307=CARTESIAN_POINT('Ctrl Pts',(0.878465893656841,1.43267591511777,-0.00215227189351884));
#4308=CARTESIAN_POINT('Ctrl Pts',(0.876820211079267,1.43196807426733,0.0199891444304401));
#4309=CARTESIAN_POINT('Ctrl Pts',(0.875174528501692,1.4432507348717,0.0425138861345061));
#4310=CARTESIAN_POINT('Ctrl Pts',(0.873528845924118,1.46140687755419,0.0552063184579731));
#4311=CARTESIAN_POINT('Ctrl Pts',(0.871883163346543,1.47956302023668,0.0678987507814402));
#4312=CARTESIAN_POINT('Ctrl Pts',(0.870237480768968,1.50459264499729,0.0707588737243079));
#4313=CARTESIAN_POINT('Ctrl Pts',(0.868591798191394,1.52514407873298,0.0624895371868838));
#4314=CARTESIAN_POINT('Ctrl Pts',(0.86694611561382,1.54569551246868,0.0542202006494598));
#4315=CARTESIAN_POINT('Ctrl Pts',(0.865300433036245,1.56176875517946,0.0348214046317441));
#4316=CARTESIAN_POINT('Ctrl Pts',(0.86365475045867,1.5660741172018,0.0130910752808756));
#4317=CARTESIAN_POINT('Ctrl Pts',(0.863330482505789,1.56692245268789,0.00880929609085236));
#4318=CARTESIAN_POINT('Ctrl Pts',(0.863006214552908,1.56731389552209,0.00443699419111128));
#4319=CARTESIAN_POINT('Ctrl Pts',(0.862681946600027,1.56727433765935,5.76546215972222E-5));
#4320=CARTESIAN_POINT('Origin',(1.00010265260602,1.5,1.75909181000546E-8));
#4321=CARTESIAN_POINT('',(0.831431946600026,1.56714396205408,-9.54208685076844E-6));
#4322=CARTESIAN_POINT('',(0.840648358612021,1.56734644172542,-2.5332993825672E-5));
#4323=CARTESIAN_POINT('',(1.00010265260602,1.56725,1.75909181082903E-8));
#4324=CARTESIAN_POINT('Ctrl Pts',(0.840648358612021,1.56734644172542,-2.53329938256719E-5));
#4325=CARTESIAN_POINT('Ctrl Pts',(0.842187151915572,1.56724574292727,0.0206984625461866));
#4326=CARTESIAN_POINT('Ctrl Pts',(0.843725945219123,1.55694956456672,0.0415087824769778));
#4327=CARTESIAN_POINT('Ctrl Pts',(0.845264738522675,1.54036749177294,0.0539224731675977));
#4328=CARTESIAN_POINT('Ctrl Pts',(0.84691042110025,1.52263357765086,0.0671984566579097));
#4329=CARTESIAN_POINT('Ctrl Pts',(0.848556103677825,1.49771016415031,0.0708707852754481));
#4330=CARTESIAN_POINT('Ctrl Pts',(0.8502017862554,1.47690075438805,0.0632739495548614));
#4331=CARTESIAN_POINT('Ctrl Pts',(0.851847468832974,1.4560913446258,0.0556771138342748));
#4332=CARTESIAN_POINT('Ctrl Pts',(0.853493151410548,1.43939593860184,0.0368111137755635));
#4333=CARTESIAN_POINT('Ctrl Pts',(0.855138833988123,1.43438639541888,0.0152322369368902));
#4334=CARTESIAN_POINT('Ctrl Pts',(0.856784516565698,1.42937685223591,-0.0063466399017834));
#4335=CARTESIAN_POINT('Ctrl Pts',(0.858430199143273,1.43605317189394,-0.030638393520419));
#4336=CARTESIAN_POINT('Ctrl Pts',(0.860075881720847,1.45138744649146,-0.046625997174893));
#4337=CARTESIAN_POINT('Ctrl Pts',(0.861721564298422,1.46672172108899,-0.0626136008293671));
#4338=CARTESIAN_POINT('Ctrl Pts',(0.863367246875995,1.490713950626,-0.0702970545196795));
#4339=CARTESIAN_POINT('Ctrl Pts',(0.86501292945357,1.5124829513394,-0.066191685350538));
#4340=CARTESIAN_POINT('Ctrl Pts',(0.866658612031145,1.53425195205281,-0.0620863161813966));
#4341=CARTESIAN_POINT('Ctrl Pts',(0.86830429460872,1.55379772394261,-0.0461921241528012));
#4342=CARTESIAN_POINT('Ctrl Pts',(0.869949977186295,1.56225568293204,-0.0257175941724708));
#4343=CARTESIAN_POINT('Ctrl Pts',(0.870599437661537,1.56559357453988,-0.0176374223625561));
#4344=CARTESIAN_POINT('Ctrl Pts',(0.87124889813678,1.567204597924,-0.00884388713878894));
#4345=CARTESIAN_POINT('Ctrl Pts',(0.871898358612022,1.56716206205574,-3.54100312335677E-5));
#4346=CARTESIAN_POINT('Ctrl Pts',(0.862681946600027,1.56727433765935,5.76546215972222E-5));
#4347=CARTESIAN_POINT('Ctrl Pts',(0.861360531975333,1.56711313659743,-0.0177884609202988));
#4348=CARTESIAN_POINT('Ctrl Pts',(0.86003911735064,1.55979465350494,-0.0357514453855181));
#4349=CARTESIAN_POINT('Ctrl Pts',(0.858717702725946,1.54707103352935,-0.0481817482507073));
#4350=CARTESIAN_POINT('Ctrl Pts',(0.857072020148372,1.53122510650067,-0.0636623797474));
#4351=CARTESIAN_POINT('Ctrl Pts',(0.855426337570797,1.50699577110943,-0.0705617800567641));
#4352=CARTESIAN_POINT('Ctrl Pts',(0.853780654993223,1.4853717456302,-0.0657508677615287));
#4353=CARTESIAN_POINT('Ctrl Pts',(0.852134972415648,1.46374772015097,-0.0609399554662934));
#4354=CARTESIAN_POINT('Ctrl Pts',(0.850489289838074,1.44472900458376,-0.0444187305664586));
#4355=CARTESIAN_POINT('Ctrl Pts',(0.848843607260499,1.43694114740058,-0.0236800556140585));
#4356=CARTESIAN_POINT('Ctrl Pts',(0.847197924682924,1.42915329021741,-0.00294138066165828));
#4357=CARTESIAN_POINT('Ctrl Pts',(0.84555224210535,1.43259629141828,0.0220147443433074));
#4358=CARTESIAN_POINT('Ctrl Pts',(0.843906559527775,1.44570864842988,0.0398699801171575));
#4359=CARTESIAN_POINT('Ctrl Pts',(0.842260876950201,1.45882100544148,0.0577252158910076));
#4360=CARTESIAN_POINT('Ctrl Pts',(0.840615194372626,1.4816027182638,0.0684795624337422));
#4361=CARTESIAN_POINT('Ctrl Pts',(0.838969511795052,1.5037216081123,0.0672556073347832));
#4362=CARTESIAN_POINT('Ctrl Pts',(0.837323829217477,1.52584049796079,0.0660316522358243));
#4363=CARTESIAN_POINT('Ctrl Pts',(0.835678146639902,1.54729656483545,0.0528293954951718));
#4364=CARTESIAN_POINT('Ctrl Pts',(0.834032464062328,1.55835884964044,0.033636448086046));
#4365=CARTESIAN_POINT('Ctrl Pts',(0.833165624908227,1.56418574586784,0.0235268446160126));
#4366=CARTESIAN_POINT('Ctrl Pts',(0.832298785754127,1.56712888614863,0.0117551233794449));
#4367=CARTESIAN_POINT('Ctrl Pts',(0.831431946600026,1.56714396205408,-9.54208685076844E-6));
#4368=CARTESIAN_POINT('Origin',(1.00010265260602,1.5,1.75909181000546E-8));
#4369=CARTESIAN_POINT('',(0.800181946600026,1.56730819106738,-4.88753888585513E-5));
#4370=CARTESIAN_POINT('',(0.809398358612021,1.56722975462089,5.9303033146865E-5));
#4371=CARTESIAN_POINT('',(1.00010265260602,1.56725,1.75909181082903E-8));
#4372=CARTESIAN_POINT('Ctrl Pts',(0.809398358612021,1.56722975462089,5.9303033146865E-5));
#4373=CARTESIAN_POINT('Ctrl Pts',(0.809834040539217,1.56728104598848,0.00595333019395918));
#4374=CARTESIAN_POINT('Ctrl Pts',(0.810269722466413,1.56656943993453,0.0118351760552398));
#4375=CARTESIAN_POINT('Ctrl Pts',(0.810705404393609,1.56504587554066,0.0174985891181148));
#4376=CARTESIAN_POINT('Ctrl Pts',(0.812351086971184,1.55929098137979,0.0388907553416772));
#4377=CARTESIAN_POINT('Ctrl Pts',(0.813996769548758,1.54195133365677,0.0571663945034847));
#4378=CARTESIAN_POINT('Ctrl Pts',(0.815642452126333,1.52089097914671,0.0640369782354318));
#4379=CARTESIAN_POINT('Ctrl Pts',(0.817288134703907,1.49983062463665,0.070907561967379));
#4380=CARTESIAN_POINT('Ctrl Pts',(0.818933817281482,1.47504956333955,0.0663730902694659));
#4381=CARTESIAN_POINT('Ctrl Pts',(0.820579499859057,1.45778673489892,0.0524900731397668));
#4382=CARTESIAN_POINT('Ctrl Pts',(0.822225182436631,1.44052390645828,0.0386070560100677));
#4383=CARTESIAN_POINT('Ctrl Pts',(0.823870865014207,1.43077931087411,0.0153754934485824));
#4384=CARTESIAN_POINT('Ctrl Pts',(0.825516547591782,1.43297241099633,-0.00666841228074468));
#4385=CARTESIAN_POINT('Ctrl Pts',(0.827162230169356,1.43516551111855,-0.0287123180100719));
#4386=CARTESIAN_POINT('Ctrl Pts',(0.828807912746929,1.44929630694717,-0.049568566907241));
#4387=CARTESIAN_POINT('Ctrl Pts',(0.830453595324504,1.46895606509492,-0.0597782366610856));
#4388=CARTESIAN_POINT('Ctrl Pts',(0.832099277902078,1.48861582324267,-0.0699879064149301));
#4389=CARTESIAN_POINT('Ctrl Pts',(0.833744960479654,1.51380454370954,-0.0695509970254502));
#4390=CARTESIAN_POINT('Ctrl Pts',(0.835390643057228,1.53309839914394,-0.0586656588995294));
#4391=CARTESIAN_POINT('Ctrl Pts',(0.837036325634803,1.55239225457834,-0.0477803207736086));
#4392=CARTESIAN_POINT('Ctrl Pts',(0.838682008212378,1.56579124498028,-0.0264465539112469));
#4393=CARTESIAN_POINT('Ctrl Pts',(0.840327690789952,1.56721853280945,-0.00433985129852328));
#4394=CARTESIAN_POINT('Ctrl Pts',(0.840434580063975,1.56731123705385,-0.00290399153703772));
#4395=CARTESIAN_POINT('Ctrl Pts',(0.840541469337998,1.56735343657093,-0.0014648710105048));
#4396=CARTESIAN_POINT('Ctrl Pts',(0.840648358612021,1.56734644172542,-2.53329938256719E-5));
#4397=CARTESIAN_POINT('Ctrl Pts',(0.831431946600026,1.56714396205408,-9.54208685076844E-6));
#4398=CARTESIAN_POINT('Ctrl Pts',(0.830653103176552,1.56715750755413,-0.0105799371647076));
#4399=CARTESIAN_POINT('Ctrl Pts',(0.829874259753078,1.5648072902434,-0.0211446362723833));
#4400=CARTESIAN_POINT('Ctrl Pts',(0.829095416329604,1.56006117194315,-0.0304929397984045));
#4401=CARTESIAN_POINT('Ctrl Pts',(0.82744973375203,1.55003270670557,-0.0502457421961301));
#4402=CARTESIAN_POINT('Ctrl Pts',(0.825804051174455,1.52930727349512,-0.0645677089139823));
#4403=CARTESIAN_POINT('Ctrl Pts',(0.82415836859688,1.50728446797047,-0.0669634127768315));
#4404=CARTESIAN_POINT('Ctrl Pts',(0.822512686019305,1.48526166244582,-0.0693591166396807));
#4405=CARTESIAN_POINT('Ctrl Pts',(0.820867003441731,1.46194148460698,-0.0598285576475269));
#4406=CARTESIAN_POINT('Ctrl Pts',(0.819221320864157,1.44790032220976,-0.0426941113793667));
#4407=CARTESIAN_POINT('Ctrl Pts',(0.817575638286582,1.43385915981253,-0.0255596651112066));
#4408=CARTESIAN_POINT('Ctrl Pts',(0.815929955709008,1.42909701285692,-0.000821331567040044));
#4409=CARTESIAN_POINT('Ctrl Pts',(0.814284273131433,1.43577365691058,0.0203012978353408));
#4410=CARTESIAN_POINT('Ctrl Pts',(0.812638590553858,1.44245030096425,0.0414239272377218));
#4411=CARTESIAN_POINT('Ctrl Pts',(0.810992907976283,1.46056573602719,0.058930852498317));
#4412=CARTESIAN_POINT('Ctrl Pts',(0.809347225398709,1.48190407511006,0.0648822204019213));
#4413=CARTESIAN_POINT('Ctrl Pts',(0.807701542821134,1.50324241419292,0.0708335883055256));
#4414=CARTESIAN_POINT('Ctrl Pts',(0.80605586024356,1.52780365729569,0.0652293988521392));
#4415=CARTESIAN_POINT('Ctrl Pts',(0.804410177665985,1.5444485618032,0.0506112120094691));
#4416=CARTESIAN_POINT('Ctrl Pts',(0.803000767310666,1.55870374144469,0.0380917722385135));
#4417=CARTESIAN_POINT('Ctrl Pts',(0.801591356955346,1.56715251862751,0.018960829438262));
#4418=CARTESIAN_POINT('Ctrl Pts',(0.800181946600026,1.56730819106738,-4.88753888585513E-5));
#4419=CARTESIAN_POINT('Origin',(1.00010265260602,1.5,1.75909181000546E-8));
#4420=CARTESIAN_POINT('',(0.768931946600026,1.56728153608697,5.56533426669069E-5));
#4421=CARTESIAN_POINT('',(0.778148358612021,1.56715817156887,-3.25667390367722E-5));
#4422=CARTESIAN_POINT('',(1.00010265260602,1.56725,1.75909181082903E-8));
#4423=CARTESIAN_POINT('',(0.750102652606024,1.44623069871607,0.0403909168064379));
#4424=CARTESIAN_POINT('Ctrl Pts',(0.768931946600026,1.56728153608697,5.56533426669069E-5));
#4425=CARTESIAN_POINT('Ctrl Pts',(0.767592563001416,1.56711951234985,-0.0180235135212164));
#4426=CARTESIAN_POINT('Ctrl Pts',(0.766253179402805,1.55957787945773,-0.0362188478650853));
#4427=CARTESIAN_POINT('Ctrl Pts',(0.764913795804195,1.54654574123087,-0.0486827103411768));
#4428=CARTESIAN_POINT('Ctrl Pts',(0.76326811322662,1.53053332861754,-0.0639968901978435));
#4429=CARTESIAN_POINT('Ctrl Pts',(0.761622430649046,1.50623206166763,-0.0706584356338389));
#4430=CARTESIAN_POINT('Ctrl Pts',(0.759976748071472,1.48466032427048,-0.0656003326398665));
#4431=CARTESIAN_POINT('Ctrl Pts',(0.758331065493897,1.46308858687333,-0.0605422296458942));
#4432=CARTESIAN_POINT('Ctrl Pts',(0.756685382916322,1.44424637902893,-0.043764478221954));
#4433=CARTESIAN_POINT('Ctrl Pts',(0.755039700338747,1.43669073025504,-0.0229790435253634));
#4434=CARTESIAN_POINT('Ctrl Pts',(0.753394017761173,1.42913508148114,-0.00219360882877279));
#4435=CARTESIAN_POINT('Ctrl Pts',(0.751748335183598,1.43286599177774,0.0225995091404683));
#4436=CARTESIAN_POINT('Ctrl Pts',(0.750102652606024,1.44623069871607,0.0403909168064382));
#4437=CARTESIAN_POINT('',(0.750102652606024,1.55371140165793,0.0404167528253371));
#4438=CARTESIAN_POINT('Origin',(0.750102652606024,1.5,1.75909180376113E-8));
#4439=CARTESIAN_POINT('Ctrl Pts',(0.750102652606024,1.55371140165793,0.0404167528253371));
#4440=CARTESIAN_POINT('Ctrl Pts',(0.750555378937657,1.55007619176021,0.0453525906282968));
#4441=CARTESIAN_POINT('Ctrl Pts',(0.751008105269291,1.54579163523643,0.0497844554633784));
#4442=CARTESIAN_POINT('Ctrl Pts',(0.751460831600924,1.54095411821608,0.053492742619828));
#4443=CARTESIAN_POINT('Ctrl Pts',(0.753106514178499,1.5233695049015,0.0669725496016613));
#4444=CARTESIAN_POINT('Ctrl Pts',(0.754752196756074,1.49847830156219,0.0708913020748866));
#4445=CARTESIAN_POINT('Ctrl Pts',(0.756397879333648,1.47758555981119,0.0635146535188622));
#4446=CARTESIAN_POINT('Ctrl Pts',(0.758043561911223,1.45669281806019,0.0561380049628378));
#4447=CARTESIAN_POINT('Ctrl Pts',(0.759689244488797,1.43979853789749,0.0374659553775635));
#4448=CARTESIAN_POINT('Ctrl Pts',(0.761334927066372,1.43455653898025,0.0159455550332076));
#4449=CARTESIAN_POINT('Ctrl Pts',(0.762980609643946,1.42931454006302,-0.00557484531114809));
#4450=CARTESIAN_POINT('Ctrl Pts',(0.764626292221521,1.43572482239125,-0.0299435964145853));
#4451=CARTESIAN_POINT('Ctrl Pts',(0.766271974799096,1.45088433844277,-0.046097943912082));
#4452=CARTESIAN_POINT('Ctrl Pts',(0.76791765737667,1.46604385449428,-0.0622522914095787));
#4453=CARTESIAN_POINT('Ctrl Pts',(0.769563339954245,1.48995260426906,-0.070192235301135));
#4454=CARTESIAN_POINT('Ctrl Pts',(0.771209022531819,1.51176511701784,-0.066322291377878));
#4455=CARTESIAN_POINT('Ctrl Pts',(0.772854705109394,1.53357762976662,-0.0624523474546211));
#4456=CARTESIAN_POINT('Ctrl Pts',(0.774500387686969,1.5532939054894,-0.0467725157165509));
#4457=CARTESIAN_POINT('Ctrl Pts',(0.776146070264543,1.56197312851073,-0.0263912460866162));
#4458=CARTESIAN_POINT('Ctrl Pts',(0.776813499713703,1.56549310807374,-0.0181253388286545));
#4459=CARTESIAN_POINT('Ctrl Pts',(0.777480929162862,1.56719769025833,-0.00908612929022495));
#4460=CARTESIAN_POINT('Ctrl Pts',(0.778148358612021,1.56715817156887,-3.25667390367722E-5));
#4461=CARTESIAN_POINT('Origin',(0.68229103012948,1.5,1.75909180206738E-8));
#4462=CARTESIAN_POINT('',(1.22416427508257,1.58213060047373,-9.9533086355339E-6));
#4463=CARTESIAN_POINT('',(1.22916603012948,1.58199256222755,7.77226335022994E-5));
#4464=CARTESIAN_POINT('',(0.68229103012948,1.582,1.75909244850249E-8));
#4465=CARTESIAN_POINT('',(1.25010265260602,1.46048352111068,-0.0718501591394818));
#4466=CARTESIAN_POINT('Ctrl Pts',(1.22916603012948,1.58199256222755,7.77226335023004E-5));
#4467=CARTESIAN_POINT('Ctrl Pts',(1.22956217397803,1.58205114467318,0.00660859820552105));
#4468=CARTESIAN_POINT('Ctrl Pts',(1.23160400040415,1.57836419630407,0.0402028924529142));
#4469=CARTESIAN_POINT('Ctrl Pts',(1.23529150940785,1.53220605177082,0.0912181571271044));
#4470=CARTESIAN_POINT('Ctrl Pts',(1.24022855714058,1.44115426201214,0.0768834933941885));
#4471=CARTESIAN_POINT('Ctrl Pts',(1.2451656048733,1.40355724608496,-0.0073999821460005));
#4472=CARTESIAN_POINT('Ctrl Pts',(1.24845697002845,1.43670943897536,-0.0587747839968667));
#4473=CARTESIAN_POINT('Ctrl Pts',(1.25010265260602,1.46048352111068,-0.0718501591394818));
#4474=CARTESIAN_POINT('',(1.25010265260602,1.53943917098269,-0.0718498501527709));
#4475=CARTESIAN_POINT('Origin',(1.25010265260602,1.5,1.75909181624978E-8));
#4476=CARTESIAN_POINT('Ctrl Pts',(1.22416427508257,1.58213060047373,-9.9533086355391E-6));
#4477=CARTESIAN_POINT('Ctrl Pts',(1.22577494428179,1.58208262497864,0.0264277832399469));
#4478=CARTESIAN_POINT('Ctrl Pts',(1.22903129605858,1.55392575331165,0.07996295917178));
#4479=CARTESIAN_POINT('Ctrl Pts',(1.23393333041295,1.46291027093872,0.0893772041722618));
#4480=CARTESIAN_POINT('Ctrl Pts',(1.23887037814568,1.40488577137763,0.0177596904062487));
#4481=CARTESIAN_POINT('Ctrl Pts',(1.2438074258784,1.43313845339578,-0.0699107955683542));
#4482=CARTESIAN_POINT('Ctrl Pts',(1.24755151736518,1.50055263679622,-0.0883905245976656));
#4483=CARTESIAN_POINT('Ctrl Pts',(1.24964992627439,1.53292419552053,-0.0755136912166888));
#4484=CARTESIAN_POINT('Ctrl Pts',(1.25010265260602,1.53943917098269,-0.071849850152771));
#4485=CARTESIAN_POINT('Origin',(0.68229103012948,1.5,1.75909180206738E-8));
#4486=CARTESIAN_POINT('',(1.19291427508257,1.58194277987424,6.68999815055806E-5));
#4487=CARTESIAN_POINT('',(1.19791603012948,1.58187982841686,-2.98871931416434E-5));
#4488=CARTESIAN_POINT('',(0.68229103012948,1.582,1.75909244850249E-8));
#4489=CARTESIAN_POINT('Ctrl Pts',(1.19791603012948,1.58187982841686,-2.98871931416595E-5));
#4490=CARTESIAN_POINT('Ctrl Pts',(1.19885474517925,1.58182833955531,0.0155002809395905));
#4491=CARTESIAN_POINT('Ctrl Pts',(1.20143914280659,1.57013110488983,0.0583285899760344));
#4492=CARTESIAN_POINT('Ctrl Pts',(1.20566922301151,1.50115397835825,0.0967527567353673));
#4493=CARTESIAN_POINT('Ctrl Pts',(1.21060627074423,1.41960136425874,0.053840082298249));
#4494=CARTESIAN_POINT('Ctrl Pts',(1.21554331847696,1.41097644171089,-0.0379122737309327));
#4495=CARTESIAN_POINT('Ctrl Pts',(1.22048036620968,1.48309842531571,-0.0952689638436987));
#4496=CARTESIAN_POINT('Ctrl Pts',(1.22502127009385,1.56353889876443,-0.0685552128366458));
#4497=CARTESIAN_POINT('Ctrl Pts',(1.22791649140045,1.58180777825341,-0.0205223245250118));
#4498=CARTESIAN_POINT('Ctrl Pts',(1.22916603012948,1.58199256222755,7.77226335023004E-5));
#4499=CARTESIAN_POINT('Ctrl Pts',(1.19291427508257,1.58194277987424,6.68999815055738E-5));
#4500=CARTESIAN_POINT('Ctrl Pts',(1.19342183290543,1.58200812787594,0.00844773577761072));
#4501=CARTESIAN_POINT('Ctrl Pts',(1.19557507330587,1.57698468230649,0.0439257597831508));
#4502=CARTESIAN_POINT('Ctrl Pts',(1.19937399628389,1.52599470840711,0.0932029460874369));
#4503=CARTESIAN_POINT('Ctrl Pts',(1.20431104401661,1.43614985506009,0.0727028601416063));
#4504=CARTESIAN_POINT('Ctrl Pts',(1.20924809174933,1.40422082322909,-0.0137435010586994));
#4505=CARTESIAN_POINT('Ctrl Pts',(1.21418513948206,1.45916920698449,-0.0877226851998219));
#4506=CARTESIAN_POINT('Ctrl Pts',(1.21912218721478,1.55115342678261,-0.0821341507177974));
#4507=CARTESIAN_POINT('Ctrl Pts',(1.22244856574829,1.58186687820312,-0.0281708789239242));
#4508=CARTESIAN_POINT('Ctrl Pts',(1.22412926170421,1.58213164338445,-0.000584667516287543));
#4509=CARTESIAN_POINT('Ctrl Pts',(1.22416427508257,1.58213060047373,-9.9533086355391E-6));
#4510=CARTESIAN_POINT('Origin',(0.68229103012948,1.5,1.75909180206738E-8));
#4511=CARTESIAN_POINT('',(1.16166427508257,1.58190901653978,-5.39260894978327E-5));
#4512=CARTESIAN_POINT('',(1.16666603012948,1.58209979977682,-4.52380188519524E-5));
#4513=CARTESIAN_POINT('',(0.68229103012948,1.582,1.75909244850249E-8));
#4514=CARTESIAN_POINT('Ctrl Pts',(1.16666603012948,1.58209979977682,-4.52380188519511E-5));
#4515=CARTESIAN_POINT('Ctrl Pts',(1.16814731638047,1.58193753911855,0.0242935291201818));
#4516=CARTESIAN_POINT('Ctrl Pts',(1.17127428520903,1.55762067003658,0.0759540491303663));
#4517=CARTESIAN_POINT('Ctrl Pts',(1.17604693661517,1.46999021478778,0.0919887868296137));
#4518=CARTESIAN_POINT('Ctrl Pts',(1.18098398434789,1.40656191830689,0.0251366410780345));
#4519=CARTESIAN_POINT('Ctrl Pts',(1.18592103208062,1.42788749867035,-0.0645159684772637));
#4520=CARTESIAN_POINT('Ctrl Pts',(1.19085807981334,1.51462332354246,-0.0956486485713258));
#4521=CARTESIAN_POINT('Ctrl Pts',(1.19485641249629,1.57412534258527,-0.0505991566344212));
#4522=CARTESIAN_POINT('Ctrl Pts',(1.19720906260167,1.58191860584263,-0.0117260079423601));
#4523=CARTESIAN_POINT('Ctrl Pts',(1.19791603012948,1.58187982841686,-2.98871931416595E-5));
#4524=CARTESIAN_POINT('Ctrl Pts',(1.16166427508257,1.58190901653978,-5.39260894978313E-5));
#4525=CARTESIAN_POINT('Ctrl Pts',(1.16271440410665,1.58180298150904,0.0173039262500133));
#4526=CARTESIAN_POINT('Ctrl Pts',(1.16541021570831,1.56793657128041,0.0620185143782326));
#4527=CARTESIAN_POINT('Ctrl Pts',(1.16975170988754,1.49465392739149,0.0966123552497681));
#4528=CARTESIAN_POINT('Ctrl Pts',(1.17468875762027,1.41616778687322,0.0483185936726939));
#4529=CARTESIAN_POINT('Ctrl Pts',(1.17962580535299,1.41372240861444,-0.0438029758430935));
#4530=CARTESIAN_POINT('Ctrl Pts',(1.18456285308571,1.48953589635026,-0.0961926286205262));
#4531=CARTESIAN_POINT('Ctrl Pts',(1.18899234299557,1.56607107639717,-0.0649140056403797));
#4532=CARTESIAN_POINT('Ctrl Pts',(1.19177615032786,1.58179624646454,-0.0187259079608049));
#4533=CARTESIAN_POINT('Ctrl Pts',(1.19291427508257,1.58194277987424,6.68999815055738E-5));
#4534=CARTESIAN_POINT('Origin',(0.68229103012948,1.5,1.75909180206738E-8));
#4535=CARTESIAN_POINT('',(1.13041427508257,1.58212844887231,-1.57432469502542E-5));
#4536=CARTESIAN_POINT('',(1.13541603012948,1.58200317073752,7.28997098778042E-5));
#4537=CARTESIAN_POINT('',(0.68229103012948,1.582,1.75909244850249E-8));
#4538=CARTESIAN_POINT('Ctrl Pts',(1.13541603012948,1.58200317073752,7.28997098778095E-5));
#4539=CARTESIAN_POINT('Ctrl Pts',(1.13579420500411,1.58205958667325,0.00630564787283847));
#4540=CARTESIAN_POINT('Ctrl Pts',(1.13781806245632,1.57857444770536,0.0395986656188819));
#4541=CARTESIAN_POINT('Ctrl Pts',(1.1414876024861,1.53318195146456,0.090892706358112));
#4542=CARTESIAN_POINT('Ctrl Pts',(1.14642465021882,1.44201229879326,0.0774593568458));
#4543=CARTESIAN_POINT('Ctrl Pts',(1.15136169795155,1.4034409117,-0.00623418227162214));
#4544=CARTESIAN_POINT('Ctrl Pts',(1.15629874568427,1.45245431434229,-0.0842729354745711));
#4545=CARTESIAN_POINT('Ctrl Pts',(1.161235793417,1.54459445783053,-0.0858711466125839));
#4546=CARTESIAN_POINT('Ctrl Pts',(1.16469155489873,1.58077589657157,-0.0324694061326047));
#4547=CARTESIAN_POINT('Ctrl Pts',(1.16650163380289,1.58211780781284,-0.00274640662055402));
#4548=CARTESIAN_POINT('Ctrl Pts',(1.16666603012948,1.58209979977682,-4.52380188519511E-5));
#4549=CARTESIAN_POINT('Ctrl Pts',(1.13041427508257,1.58212844887231,-1.57432469502573E-5));
#4550=CARTESIAN_POINT('Ctrl Pts',(1.13200697530787,1.5820589213006,0.0261294180213397));
#4551=CARTESIAN_POINT('Ctrl Pts',(1.13524535811075,1.55445627441592,0.0794158864954886));
#4552=CARTESIAN_POINT('Ctrl Pts',(1.1401294234912,1.46388064907778,0.0897659187703436));
#4553=CARTESIAN_POINT('Ctrl Pts',(1.14506647122392,1.4050848411932,0.0188052604652489));
#4554=CARTESIAN_POINT('Ctrl Pts',(1.15000351895665,1.43238268156832,-0.0692128626451124));
#4555=CARTESIAN_POINT('Ctrl Pts',(1.15494056668937,1.52101341865487,-0.0944508200647883));
#4556=CARTESIAN_POINT('Ctrl Pts',(1.15882748539801,1.57578586954092,-0.046870951895528));
#4557=CARTESIAN_POINT('Ctrl Pts',(1.16106872152908,1.58196915156881,-0.009897983728785));
#4558=CARTESIAN_POINT('Ctrl Pts',(1.16166427508257,1.58190901653978,-5.39260894978313E-5));
#4559=CARTESIAN_POINT('Origin',(0.68229103012948,1.5,1.75909180206738E-8));
#4560=CARTESIAN_POINT('',(1.09916427508257,1.58195057633794,6.87080752636514E-5));
#4561=CARTESIAN_POINT('',(1.10416603012948,1.58187680776241,-2.54944110140777E-5));
#4562=CARTESIAN_POINT('',(0.68229103012948,1.582,1.75909244850249E-8));
#4563=CARTESIAN_POINT('Ctrl Pts',(1.10416603012948,1.58187680776241,-2.54944110140804E-5));
#4564=CARTESIAN_POINT('Ctrl Pts',(1.10508677620533,1.58183388433209,0.0152087716764918));
#4565=CARTESIAN_POINT('Ctrl Pts',(1.10765320485876,1.57046800894948,0.0577312935022455));
#4566=CARTESIAN_POINT('Ctrl Pts',(1.11186531608976,1.5022023638561,0.0967350802887345));
#4567=CARTESIAN_POINT('Ctrl Pts',(1.11680236382248,1.42019000610651,0.0547073081073606));
#4568=CARTESIAN_POINT('Ctrl Pts',(1.12173941155521,1.41057002096152,-0.036943203851928));
#4569=CARTESIAN_POINT('Ctrl Pts',(1.12667645928793,1.4820683024611,-0.0950840346299483));
#4570=CARTESIAN_POINT('Ctrl Pts',(1.13123533214602,1.56310906884735,-0.0691309244948187));
#4571=CARTESIAN_POINT('Ctrl Pts',(1.13414852242654,1.58181408458213,-0.0208170558027002));
#4572=CARTESIAN_POINT('Ctrl Pts',(1.13541603012948,1.58200317073752,7.28997098778095E-5));
#4573=CARTESIAN_POINT('Ctrl Pts',(1.09916427508257,1.58195057633794,6.87080752636521E-5));
#4574=CARTESIAN_POINT('Ctrl Pts',(1.09965386393152,1.58201578215069,0.00815088948639719));
#4575=CARTESIAN_POINT('Ctrl Pts',(1.10178913535804,1.57721760215288,0.0433244584685555));
#4576=CARTESIAN_POINT('Ctrl Pts',(1.10557008936213,1.5270033584013,0.0929158029275758));
#4577=CARTESIAN_POINT('Ctrl Pts',(1.11050713709486,1.43694158019949,0.0733904816979366));
#4578=CARTESIAN_POINT('Ctrl Pts',(1.11544418482758,1.40407750869598,-0.0127043199219161));
#4579=CARTESIAN_POINT('Ctrl Pts',(1.12038123256031,1.45822079545989,-0.0872755379668297));
#4580=CARTESIAN_POINT('Ctrl Pts',(1.12531828029303,1.55026028537872,-0.0826826785600671));
#4581=CARTESIAN_POINT('Ctrl Pts',(1.12866262780045,1.58172573642054,-0.0287679132387616));
#4582=CARTESIAN_POINT('Ctrl Pts',(1.1303612927303,1.58213076175846,-0.000885481395105363));
#4583=CARTESIAN_POINT('Ctrl Pts',(1.13041427508257,1.58212844887231,-1.57432469502573E-5));
#4584=CARTESIAN_POINT('Origin',(0.68229103012948,1.5,1.75909180206738E-8));
#4585=CARTESIAN_POINT('',(1.06791427508257,1.58190318705655,-5.05537026532768E-5));
#4586=CARTESIAN_POINT('',(1.07291603012948,1.58209317629125,-4.92228277058778E-5));
#4587=CARTESIAN_POINT('',(0.68229103012948,1.582,1.75909244850249E-8));
#4588=CARTESIAN_POINT('Ctrl Pts',(1.07291603012948,1.58209317629125,-4.92228277058832E-5));
#4589=CARTESIAN_POINT('Ctrl Pts',(1.07437934740655,1.58192190221355,0.0239994048766593));
#4590=CARTESIAN_POINT('Ctrl Pts',(1.0774883472612,1.55811125473297,0.0753890096890044));
#4591=CARTESIAN_POINT('Ctrl Pts',(1.08224302969342,1.47098898673236,0.0923086513724516));
#4592=CARTESIAN_POINT('Ctrl Pts',(1.08718007742614,1.40683985456396,0.0261478676699073));
#4593=CARTESIAN_POINT('Ctrl Pts',(1.09211712515886,1.42719247000464,-0.0637305585667669));
#4594=CARTESIAN_POINT('Ctrl Pts',(1.09705417289159,1.51358581020943,-0.0958015926378043));
#4595=CARTESIAN_POINT('Ctrl Pts',(1.10107047454846,1.573842125076,-0.051199942150359));
#4596=CARTESIAN_POINT('Ctrl Pts',(1.10344109362776,1.58191060292292,-0.0120199800280979));
#4597=CARTESIAN_POINT('Ctrl Pts',(1.10416603012948,1.58187680776241,-2.54944110140804E-5));
#4598=CARTESIAN_POINT('Ctrl Pts',(1.06791427508257,1.58190318705655,-5.0553702653274E-5));
#4599=CARTESIAN_POINT('Ctrl Pts',(1.06894643513274,1.58180592485203,0.0170133379226143));
#4600=CARTESIAN_POINT('Ctrl Pts',(1.07162427776048,1.5683030239402,0.0614250053703954));
#4601=CARTESIAN_POINT('Ctrl Pts',(1.07594780296579,1.49570136633936,0.0966646247555359));
#4602=CARTESIAN_POINT('Ctrl Pts',(1.08088485069852,1.41669640769797,0.0492243615602791));
#4603=CARTESIAN_POINT('Ctrl Pts',(1.08582189843124,1.41325272151589,-0.0428652854552093));
#4604=CARTESIAN_POINT('Ctrl Pts',(1.09075894616396,1.48849393431003,-0.096073573900089));
#4605=CARTESIAN_POINT('Ctrl Pts',(1.09520640504774,1.56567546619273,-0.0655027680407893));
#4606=CARTESIAN_POINT('Ctrl Pts',(1.09800818135394,1.58179660217911,-0.0190162021777542));
#4607=CARTESIAN_POINT('Ctrl Pts',(1.09916427508257,1.58195057633794,6.87080752636521E-5));
#4608=CARTESIAN_POINT('Origin',(0.68229103012948,1.5,1.75909180206738E-8));
#4609=CARTESIAN_POINT('',(1.03666427508257,1.58212554317482,-2.09323470533068E-5));
#4610=CARTESIAN_POINT('',(1.04166603012948,1.58201201624517,7.23738245146632E-5));
#4611=CARTESIAN_POINT('',(0.68229103012948,1.582,1.75909244850249E-8));
#4612=CARTESIAN_POINT('Ctrl Pts',(1.04166603012948,1.58201201624518,7.23738245146593E-5));
#4613=CARTESIAN_POINT('Ctrl Pts',(1.04202623603019,1.58206593184674,0.00600733076905432));
#4614=CARTESIAN_POINT('Ctrl Pts',(1.04403212450848,1.57877947692596,0.038998287666135));
#4615=CARTESIAN_POINT('Ctrl Pts',(1.04768369556435,1.53416513538436,0.0905277276337083));
#4616=CARTESIAN_POINT('Ctrl Pts',(1.05262074329707,1.44285524143593,0.0780833021662831));
#4617=CARTESIAN_POINT('Ctrl Pts',(1.0575577910298,1.40337901458587,-0.00518726869623321));
#4618=CARTESIAN_POINT('Ctrl Pts',(1.06249483876252,1.45154372136678,-0.0837526648881657));
#4619=CARTESIAN_POINT('Ctrl Pts',(1.06743188649525,1.5436611313984,-0.0863494373375036));
#4620=CARTESIAN_POINT('Ctrl Pts',(1.0709056169509,1.58061036599625,-0.0330673620965161));
#4621=CARTESIAN_POINT('Ctrl Pts',(1.07273366482898,1.58211452125118,-0.00304627294576716));
#4622=CARTESIAN_POINT('Ctrl Pts',(1.07291603012948,1.58209317629125,-4.92228277058832E-5));
#4623=CARTESIAN_POINT('Ctrl Pts',(1.03666427508257,1.58212554317482,-2.09323470533056E-5));
#4624=CARTESIAN_POINT('Ctrl Pts',(1.03823900633395,1.5820363950166,0.0258317077760665));
#4625=CARTESIAN_POINT('Ctrl Pts',(1.04145942016292,1.55498101347862,0.0788626903141289));
#4626=CARTESIAN_POINT('Ctrl Pts',(1.04632551656945,1.46485569094984,0.0901521227855531));
#4627=CARTESIAN_POINT('Ctrl Pts',(1.05126256430217,1.40529423533094,0.0198328859685945));
#4628=CARTESIAN_POINT('Ctrl Pts',(1.0561996120349,1.43163649514463,-0.0684759324464995));
#4629=CARTESIAN_POINT('Ctrl Pts',(1.06113665976762,1.51998848675861,-0.0946730246478235));
#4630=CARTESIAN_POINT('Ctrl Pts',(1.06504154745018,1.57552898958696,-0.0474723961376014));
#4631=CARTESIAN_POINT('Ctrl Pts',(1.06730075255516,1.58196100033224,-0.0101934398913442));
#4632=CARTESIAN_POINT('Ctrl Pts',(1.06791427508257,1.58190318705655,-5.0553702653274E-5));
#4633=CARTESIAN_POINT('Origin',(0.68229103012948,1.5,1.75909180206738E-8));
#4634=CARTESIAN_POINT('',(1.00541427508257,1.58195861784846,7.02233898259419E-5));
#4635=CARTESIAN_POINT('',(1.01041603012948,1.58187426749858,-2.09562518072447E-5));
#4636=CARTESIAN_POINT('',(0.68229103012948,1.582,1.75909244850249E-8));
#4637=CARTESIAN_POINT('Ctrl Pts',(1.01041603012948,1.58187426749858,-2.09562518072411E-5));
#4638=CARTESIAN_POINT('Ctrl Pts',(1.01131880723141,1.58183973033728,0.014917162147096));
#4639=CARTESIAN_POINT('Ctrl Pts',(1.01386726691092,1.57080018305491,0.0571336785892571));
#4640=CARTESIAN_POINT('Ctrl Pts',(1.01806140916801,1.50325068949265,0.0967055281849133));
#4641=CARTESIAN_POINT('Ctrl Pts',(1.02299845690073,1.42078763439001,0.0555691087828078));
#4642=CARTESIAN_POINT('Ctrl Pts',(1.02793550463345,1.41017486778756,-0.0359717544594006));
#4643=CARTESIAN_POINT('Ctrl Pts',(1.03287255236618,1.48103879506151,-0.0948840984069854));
#4644=CARTESIAN_POINT('Ctrl Pts',(1.03744939419819,1.56267660725564,-0.0697120392657408));
#4645=CARTESIAN_POINT('Ctrl Pts',(1.04038055345262,1.58181960615918,-0.021107869795075));
#4646=CARTESIAN_POINT('Ctrl Pts',(1.04166603012948,1.58201201624518,7.23738245146593E-5));
#4647=CARTESIAN_POINT('Ctrl Pts',(1.00541427508257,1.58195861784846,7.02233898259419E-5));
#4648=CARTESIAN_POINT('Ctrl Pts',(1.0058858949576,1.58202329810205,0.00785383355948037));
#4649=CARTESIAN_POINT('Ctrl Pts',(1.0080031974102,1.57744656035668,0.0427232524970654));
#4650=CARTESIAN_POINT('Ctrl Pts',(1.01176618244038,1.52800883236943,0.0926176716258741));
#4651=CARTESIAN_POINT('Ctrl Pts',(1.01670323017311,1.4377407205764,0.0740696244164662));
#4652=CARTESIAN_POINT('Ctrl Pts',(1.02164027790583,1.40394544801688,-0.0116639256942688));
#4653=CARTESIAN_POINT('Ctrl Pts',(1.02657732563855,1.4572773205514,-0.0868175911665785));
#4654=CARTESIAN_POINT('Ctrl Pts',(1.03151437337128,1.54936118363997,-0.0832225639557882));
#4655=CARTESIAN_POINT('Ctrl Pts',(1.03487668985262,1.58158132890843,-0.0293641697889649));
#4656=CARTESIAN_POINT('Ctrl Pts',(1.03659332375638,1.58212955984754,-0.00118575275726973));
#4657=CARTESIAN_POINT('Ctrl Pts',(1.03666427508257,1.58212554317482,-2.09323470533056E-5));
#4658=CARTESIAN_POINT('Origin',(0.68229103012948,1.5,1.75909180206738E-8));
#4659=CARTESIAN_POINT('',(0.974164275082568,1.58189776706309,-4.6966424068235E-5));
#4660=CARTESIAN_POINT('',(0.97916603012948,1.58208612894053,-5.29398759391513E-5));
#4661=CARTESIAN_POINT('',(0.68229103012948,1.582,1.75909244850249E-8));
#4662=CARTESIAN_POINT('Ctrl Pts',(0.97916603012948,1.58208612894053,-5.2939875939151E-5));
#4663=CARTESIAN_POINT('Ctrl Pts',(0.980611378432633,1.58190730301598,0.0237057339427743));
#4664=CARTESIAN_POINT('Ctrl Pts',(0.983702409313361,1.55859639727693,0.0748222553202117));
#4665=CARTESIAN_POINT('Ctrl Pts',(0.988439122771666,1.47199117027546,0.0926176628799481));
#4666=CARTESIAN_POINT('Ctrl Pts',(0.993376170504388,1.40712872786213,0.0271560403651902));
#4667=CARTESIAN_POINT('Ctrl Pts',(0.998313218237112,1.42650600793531,-0.062937696792575));
#4668=CARTESIAN_POINT('Ctrl Pts',(1.00325026596984,1.51254667436508,-0.0959432141860009));
#4669=CARTESIAN_POINT('Ctrl Pts',(1.00728453660062,1.57355459555331,-0.0518006519701233));
#4670=CARTESIAN_POINT('Ctrl Pts',(1.00967312465384,1.58190268851876,-0.0123137026346297));
#4671=CARTESIAN_POINT('Ctrl Pts',(1.01041603012948,1.58187426749858,-2.09562518072411E-5));
#4672=CARTESIAN_POINT('Ctrl Pts',(0.974164275082568,1.58189776706309,-4.6966424068235E-5));
#4673=CARTESIAN_POINT('Ctrl Pts',(0.975178466158818,1.58180934471307,0.0167226455019345));
#4674=CARTESIAN_POINT('Ctrl Pts',(0.977838339812641,1.56866462751268,0.0608308216552546));
#4675=CARTESIAN_POINT('Ctrl Pts',(0.982143896044042,1.49674931020039,0.0967055373168585));
#4676=CARTESIAN_POINT('Ctrl Pts',(0.987080943776763,1.4172348147235,0.0501243493648669));
#4677=CARTESIAN_POINT('Ctrl Pts',(0.992017991509488,1.41279322477209,-0.041922564438179));
#4678=CARTESIAN_POINT('Ctrl Pts',(0.996955039242212,1.48745332445013,-0.0959432232459636));
#4679=CARTESIAN_POINT('Ctrl Pts',(1.00142046709991,1.56527481734443,-0.0660906111744189));
#4680=CARTESIAN_POINT('Ctrl Pts',(1.00424021238002,1.58179760115397,-0.0193064968782717));
#4681=CARTESIAN_POINT('Ctrl Pts',(1.00541427508257,1.58195861784846,7.02233898259419E-5));
#4682=CARTESIAN_POINT('Origin',(0.68229103012948,1.5,1.75909180206738E-8));
#4683=CARTESIAN_POINT('',(0.942914275082569,1.58212190813835,-2.59915515931786E-5));
#4684=CARTESIAN_POINT('',(0.947916030129479,1.58202086409879,7.15059048998453E-5));
#4685=CARTESIAN_POINT('',(0.68229103012948,1.582,1.75909244850249E-8));
#4686=CARTESIAN_POINT('Ctrl Pts',(0.947916030129479,1.58202086409879,7.15059048998543E-5));
#4687=CARTESIAN_POINT('Ctrl Pts',(0.948258267056278,1.5820720432456,0.00570883246539018));
#4688=CARTESIAN_POINT('Ctrl Pts',(0.95024618656065,1.57898074816027,0.0383980873714415));
#4689=CARTESIAN_POINT('Ctrl Pts',(0.953879788642598,1.53514430573147,0.0901521142724493));
#4690=CARTESIAN_POINT('Ctrl Pts',(0.958816836375322,1.44370489720741,0.0786980745109873));
#4691=CARTESIAN_POINT('Ctrl Pts',(0.963753884108046,1.40332846787413,-0.00413974542883032));
#4692=CARTESIAN_POINT('Ctrl Pts',(0.968690931840769,1.45063882102122,-0.0832225560970421));
#4693=CARTESIAN_POINT('Ctrl Pts',(0.973627979573493,1.54272267541428,-0.0868175829683538));
#4694=CARTESIAN_POINT('Ctrl Pts',(0.977119679003064,1.58044134077934,-0.0336655779065952));
#4695=CARTESIAN_POINT('Ctrl Pts',(0.978965695855059,1.58211091532715,-0.00334604000293623));
#4696=CARTESIAN_POINT('Ctrl Pts',(0.97916603012948,1.58208612894053,-5.2939875939151E-5));
#4697=CARTESIAN_POINT('Ctrl Pts',(0.942914275082569,1.58212190813835,-2.59915515931827E-5));
#4698=CARTESIAN_POINT('Ctrl Pts',(0.944471037360038,1.58201503062135,0.0255346710210573));
#4699=CARTESIAN_POINT('Ctrl Pts',(0.947673482215079,1.55550019733285,0.0783074439235903));
#4700=CARTESIAN_POINT('Ctrl Pts',(0.952521609647698,1.46583486138941,0.0905277361822816));
#4701=CARTESIAN_POINT('Ctrl Pts',(0.957458657380421,1.40551475500651,0.0208581816558113));
#4702=CARTESIAN_POINT('Ctrl Pts',(0.962395705113146,1.43089833970157,-0.0677309581412931));
#4703=CARTESIAN_POINT('Ctrl Pts',(0.967332752845869,1.518961206729,-0.0948841073669358));
#4704=CARTESIAN_POINT('Ctrl Pts',(0.971255609502343,1.57526794511004,-0.0480738039350292));
#4705=CARTESIAN_POINT('Ctrl Pts',(0.973532783581243,1.58195282371254,-0.0104886550365886));
#4706=CARTESIAN_POINT('Ctrl Pts',(0.974164275082568,1.58189776706309,-4.6966424068235E-5));
#4707=CARTESIAN_POINT('Origin',(0.68229103012948,1.5,1.75909180206738E-8));
#4708=CARTESIAN_POINT('',(0.911664275082569,1.58196687423286,7.14257109371826E-5));
#4709=CARTESIAN_POINT('',(0.916666030129479,1.58187223095143,-1.63309205748217E-5));
#4710=CARTESIAN_POINT('',(0.68229103012948,1.582,1.75909244850249E-8));
#4711=CARTESIAN_POINT('Ctrl Pts',(0.916666030129479,1.58187223095143,-1.63309205748205E-5));
#4712=CARTESIAN_POINT('Ctrl Pts',(0.917550838257497,1.5818458838572,0.0146253681087096));
#4713=CARTESIAN_POINT('Ctrl Pts',(0.920081328963089,1.57112771496943,0.0565356252430139));
#4714=CARTESIAN_POINT('Ctrl Pts',(0.924257502246257,1.50429863325472,0.0966646156274541));
#4715=CARTESIAN_POINT('Ctrl Pts',(0.929194549978978,1.42139456812701,0.0564243814906043));
#4716=CARTESIAN_POINT('Ctrl Pts',(0.934131597711705,1.40979026679583,-0.0349960792865182));
#4717=CARTESIAN_POINT('Ctrl Pts',(0.939068645444426,1.48001151512891,-0.0946730157078059));
#4718=CARTESIAN_POINT('Ctrl Pts',(0.943663456250354,1.56223892499719,-0.0702919123682609));
#4719=CARTESIAN_POINT('Ctrl Pts',(0.946612584478704,1.5818259428875,-0.0213988504824594));
#4720=CARTESIAN_POINT('Ctrl Pts',(0.947916030129479,1.58202086409879,7.15059048998543E-5));
#4721=CARTESIAN_POINT('Ctrl Pts',(0.911664275082568,1.58196687423286,7.14257109371955E-5));
#4722=CARTESIAN_POINT('Ctrl Pts',(0.912117925983682,1.58203066039255,0.0075565600959057));
#4723=CARTESIAN_POINT('Ctrl Pts',(0.914217259462369,1.57767158516867,0.0421221449749163));
#4724=CARTESIAN_POINT('Ctrl Pts',(0.917962275518631,1.52901101600716,0.0923086600891965));
#4725=CARTESIAN_POINT('Ctrl Pts',(0.922899323251356,1.43854717484619,0.0747400658264647));
#4726=CARTESIAN_POINT('Ctrl Pts',(0.927836370984078,1.40382467132174,-0.0106221612470628));
#4727=CARTESIAN_POINT('Ctrl Pts',(0.932773418716804,1.45633886447866,-0.0863494454915207));
#4728=CARTESIAN_POINT('Ctrl Pts',(0.937710466449526,1.54845628320897,-0.0837526727969706));
#4729=CARTESIAN_POINT('Ctrl Pts',(0.941090751904782,1.58143357692304,-0.0299607093626497));
#4730=CARTESIAN_POINT('Ctrl Pts',(0.942825354782463,1.58212801284748,-0.00148598439684987));
#4731=CARTESIAN_POINT('Ctrl Pts',(0.942914275082569,1.58212190813835,-2.59915515931827E-5));
#4732=CARTESIAN_POINT('Origin',(0.68229103012948,1.5,1.75909180206738E-8));
#4733=CARTESIAN_POINT('',(0.880414275082569,1.58189277455124,-4.31804018878535E-5));
#4734=CARTESIAN_POINT('',(0.885416030129479,1.58207870458061,-5.63735544947939E-5));
#4735=CARTESIAN_POINT('',(0.68229103012948,1.582,1.75909244850249E-8));
#4736=CARTESIAN_POINT('Ctrl Pts',(0.885416030129479,1.58207870458061,-5.63735544947906E-5));
#4737=CARTESIAN_POINT('Ctrl Pts',(0.886843409458716,1.58189372035889,0.0234124833193481));
#4738=CARTESIAN_POINT('Ctrl Pts',(0.889916471365527,1.55907611958008,0.0742538329682319));
#4739=CARTESIAN_POINT('Ctrl Pts',(0.894635215849915,1.47299664414864,0.0929157941534988));
#4740=CARTESIAN_POINT('Ctrl Pts',(0.899572263582636,1.40742851118925,0.0281610229134882));
#4741=CARTESIAN_POINT('Ctrl Pts',(0.904509311315362,1.42582817955385,-0.0621374414263342));
#4742=CARTESIAN_POINT('Ctrl Pts',(0.909446359048084,1.51150606460345,-0.0960735648278176));
#4743=CARTESIAN_POINT('Ctrl Pts',(0.913498598652791,1.5732626872057,-0.0524011668589999));
#4744=CARTESIAN_POINT('Ctrl Pts',(0.915905155679922,1.58189488764974,-0.0126071902681775));
#4745=CARTESIAN_POINT('Ctrl Pts',(0.916666030129479,1.58187223095143,-1.63309205748205E-5));
#4746=CARTESIAN_POINT('Ctrl Pts',(0.880414275082569,1.58189277455124,-4.31804018878563E-5));
#4747=CARTESIAN_POINT('Ctrl Pts',(0.881410497184901,1.58181321720049,0.0164318354269334));
#4748=CARTESIAN_POINT('Ctrl Pts',(0.884052401864807,1.56902141020036,0.0602359978131369));
#4749=CARTESIAN_POINT('Ctrl Pts',(0.888339989122289,1.49779763593593,0.0967350894234593));
#4750=CARTESIAN_POINT('Ctrl Pts',(0.893277036855012,1.41778294456771,0.0510184488256509));
#4751=CARTESIAN_POINT('Ctrl Pts',(0.898214084587736,1.41234397262205,-0.0409749185761566));
#4752=CARTESIAN_POINT('Ctrl Pts',(0.90315113232046,1.48641418850766,-0.0958016016843919));
#4753=CARTESIAN_POINT('Ctrl Pts',(0.907634529152071,1.56486910433829,-0.0666774785438797));
#4754=CARTESIAN_POINT('Ctrl Pts',(0.910472243406107,1.58179926710878,-0.019596819778182));
#4755=CARTESIAN_POINT('Ctrl Pts',(0.911664275082568,1.58196687423286,7.14257109371955E-5));
#4756=CARTESIAN_POINT('Origin',(0.68229103012948,1.5,1.75909180206738E-8));
#4757=CARTESIAN_POINT('',(0.849164275082568,1.58211759437152,-3.0893159246326E-5));
#4758=CARTESIAN_POINT('',(0.854166030129479,1.58202967565898,7.02962008150389E-5));
#4759=CARTESIAN_POINT('',(0.68229103012948,1.582,1.75909244850249E-8));
#4760=CARTESIAN_POINT('Ctrl Pts',(0.854166030129479,1.58202967565898,7.02962008150368E-5));
#4761=CARTESIAN_POINT('Ctrl Pts',(0.85449029808236,1.58207790978158,0.00541016006252792));
#4762=CARTESIAN_POINT('Ctrl Pts',(0.856460248612816,1.57917828901556,0.0377980754262489));
#4763=CARTESIAN_POINT('Ctrl Pts',(0.860075881720848,1.53611934751148,0.0897659102935663));
#4764=CARTESIAN_POINT('Ctrl Pts',(0.86501292945357,1.44456116623105,0.0793036018334113));
#4765=CARTESIAN_POINT('Ctrl Pts',(0.869949977186295,1.40328927762621,-0.00309173584986455));
#4766=CARTESIAN_POINT('Ctrl Pts',(0.874887024919017,1.44973971936737,-0.0826826707522816));
#4767=CARTESIAN_POINT('Ctrl Pts',(0.879824072651743,1.54177920059488,-0.0872755297253721));
#4768=CARTESIAN_POINT('Ctrl Pts',(0.883333741055229,1.58026879501637,-0.0342640464997316));
#4769=CARTESIAN_POINT('Ctrl Pts',(0.885197726881141,1.58210699604852,-0.00364569811972816));
#4770=CARTESIAN_POINT('Ctrl Pts',(0.885416030129479,1.58207870458061,-5.63735544947906E-5));
#4771=CARTESIAN_POINT('Ctrl Pts',(0.849164275082568,1.58211759437152,-3.08931592463229E-5));
#4772=CARTESIAN_POINT('Ctrl Pts',(0.85070306838612,1.58199480921987,0.0252382701757851));
#4773=CARTESIAN_POINT('Ctrl Pts',(0.853887544267246,1.55601384306329,0.0777502021661198));
#4774=CARTESIAN_POINT('Ctrl Pts',(0.858717702725946,1.46681804540193,0.0908927149406518));
#4775=CARTESIAN_POINT('Ctrl Pts',(0.86365475045867,1.4057463742957,0.0218810269935433));
#4776=CARTESIAN_POINT('Ctrl Pts',(0.868591798191394,1.43016830196672,-0.0669780271355913));
#4777=CARTESIAN_POINT('Ctrl Pts',(0.873528845924117,1.51793169923222,-0.0950840436087044));
#4778=CARTESIAN_POINT('Ctrl Pts',(0.87746967155451,1.5750027064663,-0.0486751551105593));
#4779=CARTESIAN_POINT('Ctrl Pts',(0.879764814607326,1.58194463984785,-0.0107836283248563));
#4780=CARTESIAN_POINT('Ctrl Pts',(0.880414275082569,1.58189277455124,-4.31804018878563E-5));
#4781=CARTESIAN_POINT('Origin',(0.68229103012948,1.5,1.75909180206738E-8));
#4782=CARTESIAN_POINT('',(0.817914275082569,1.58197531418458,7.23061598872156E-5));
#4783=CARTESIAN_POINT('',(0.822916030129479,1.58187070466073,-1.16388191506721E-5));
#4784=CARTESIAN_POINT('',(0.68229103012948,1.582,1.75909244850249E-8));
#4785=CARTESIAN_POINT('Ctrl Pts',(0.822916030129479,1.58187070466073,-1.16388191506648E-5));
#4786=CARTESIAN_POINT('Ctrl Pts',(0.82378286928358,1.58185232214406,0.0143333807828757));
#4787=CARTESIAN_POINT('Ctrl Pts',(0.826295391015254,1.57145063389028,0.0559371654587761));
#4788=CARTESIAN_POINT('Ctrl Pts',(0.830453595324506,1.50534607210502,0.0966123461205211));
#4789=CARTESIAN_POINT('Ctrl Pts',(0.835390643057227,1.42201073598172,0.0572730264251647));
#4790=CARTESIAN_POINT('Ctrl Pts',(0.840327690789953,1.40941626318745,-0.0340162932956013));
#4791=CARTESIAN_POINT('Ctrl Pts',(0.845264738522675,1.47898658332924,-0.094450811144811));
#4792=CARTESIAN_POINT('Ctrl Pts',(0.849877518302519,1.56179599807127,-0.0708704985830403));
#4793=CARTESIAN_POINT('Ctrl Pts',(0.852844615504786,1.58183311823032,-0.0216900231216449));
#4794=CARTESIAN_POINT('Ctrl Pts',(0.854166030129479,1.58202967565898,7.02962008150368E-5));
#4795=CARTESIAN_POINT('Ctrl Pts',(0.817914275082569,1.58197531418458,7.23061598872121E-5));
#4796=CARTESIAN_POINT('Ctrl Pts',(0.818349957009765,1.58203785533167,0.0072590753373812));
#4797=CARTESIAN_POINT('Ctrl Pts',(0.820431321514535,1.57789270966692,0.0415211614136913));
#4798=CARTESIAN_POINT('Ctrl Pts',(0.82415836859688,1.53000978805304,0.0919887955552103));
#4799=CARTESIAN_POINT('Ctrl Pts',(0.829095416329604,1.43936085007408,0.0754017317977885));
#4800=CARTESIAN_POINT('Ctrl Pts',(0.834032464062328,1.40371519187769,-0.00957915132675216));
#4801=CARTESIAN_POINT('Ctrl Pts',(0.838969511795051,1.4554055379571,-0.0858711547275488));
#4802=CARTESIAN_POINT('Ctrl Pts',(0.843906559527775,1.54754569014818,-0.0842729434292283));
#4803=CARTESIAN_POINT('Ctrl Pts',(0.847304813956947,1.58128245700959,-0.0305575292583921));
#4804=CARTESIAN_POINT('Ctrl Pts',(0.849057385808545,1.58212612340248,-0.00178616627995758));
#4805=CARTESIAN_POINT('Ctrl Pts',(0.849164275082568,1.58211759437152,-3.08931592463229E-5));
#4806=CARTESIAN_POINT('Origin',(0.68229103012948,1.5,1.75909180206738E-8));
#4807=CARTESIAN_POINT('',(0.786664275082569,1.58188803076056,-3.97134879807095E-5));
#4808=CARTESIAN_POINT('',(0.791666030129479,1.58207095416395,-5.95991279182606E-5));
#4809=CARTESIAN_POINT('',(0.68229103012948,1.582,1.75909244850249E-8));
#4810=CARTESIAN_POINT('Ctrl Pts',(0.791666030129479,1.58207095416395,-5.95991279182574E-5));
#4811=CARTESIAN_POINT('Ctrl Pts',(0.793075440484799,1.58188113795473,0.0231195205125859));
#4812=CARTESIAN_POINT('Ctrl Pts',(0.796130533417692,1.5595504353387,0.0736839258924814));
#4813=CARTESIAN_POINT('Ctrl Pts',(0.800831308928163,1.47400529411735,0.0932029370522637));
#4814=CARTESIAN_POINT('Ctrl Pts',(0.805768356660885,1.40773916734434,0.0291627346120201));
#4815=CARTESIAN_POINT('Ctrl Pts',(0.81070540439361,1.42515906550168,-0.0613299055644108));
#4816=CARTESIAN_POINT('Ctrl Pts',(0.815642452126332,1.51046410265193,-0.0961926194985347));
#4817=CARTESIAN_POINT('Ctrl Pts',(0.819712660704957,1.57296637036004,-0.0530014645144119));
#4818=CARTESIAN_POINT('Ctrl Pts',(0.822137186706005,1.58188722110689,-0.0129004476873176));
#4819=CARTESIAN_POINT('Ctrl Pts',(0.822916030129479,1.58187070466073,-1.16388191506648E-5));
#4820=CARTESIAN_POINT('Ctrl Pts',(0.786664275082569,1.58188803076056,-3.97134879807095E-5));
#4821=CARTESIAN_POINT('Ctrl Pts',(0.787642528210984,1.58181740388766,0.0161406006979784));
#4822=CARTESIAN_POINT('Ctrl Pts',(0.790266463916973,1.56937371007069,0.0596413631579418));
#4823=CARTESIAN_POINT('Ctrl Pts',(0.794536082200537,1.49884602162855,0.096752767304332));
#4824=CARTESIAN_POINT('Ctrl Pts',(0.799473129933262,1.41834083436673,0.0519068155644447));
#4825=CARTESIAN_POINT('Ctrl Pts',(0.804410177665985,1.41190496598226,-0.0400225923340997));
#4826=CARTESIAN_POINT('Ctrl Pts',(0.80934722539871,1.48537667504405,-0.0956486578454441));
#4827=CARTESIAN_POINT('Ctrl Pts',(0.813848591204236,1.56445829111008,-0.0672633547018033));
#4828=CARTESIAN_POINT('Ctrl Pts',(0.81670427443219,1.58180162135059,-0.0198871983227854));
#4829=CARTESIAN_POINT('Ctrl Pts',(0.817914275082569,1.58197531418458,7.23061598872121E-5));
#4830=CARTESIAN_POINT('Origin',(0.68229103012948,1.5,1.75909180206738E-8));
#4831=CARTESIAN_POINT('',(0.755414275082569,1.58209984476391,-6.05475383659998E-5));
#4832=CARTESIAN_POINT('',(0.760416030129479,1.58203845292389,6.78559796665592E-5));
#4833=CARTESIAN_POINT('',(0.68229103012948,1.582,1.75909244850249E-8));
#4834=CARTESIAN_POINT('',(0.750102652606024,1.53951647888932,-0.0718501591394824));
#4835=CARTESIAN_POINT('Ctrl Pts',(0.750102652606024,1.53951647888932,-0.0718501591394827));
#4836=CARTESIAN_POINT('Ctrl Pts',(0.751748335183598,1.56329056102464,-0.0587747839968682));
#4837=CARTESIAN_POINT('Ctrl Pts',(0.753518876009113,1.58112426187488,-0.0311384112980864));
#4838=CARTESIAN_POINT('Ctrl Pts',(0.755289416834628,1.58211153513456,-0.00210900693223093));
#4839=CARTESIAN_POINT('Ctrl Pts',(0.755414275082569,1.58209984476391,-6.05475383660036E-5));
#4840=CARTESIAN_POINT('',(0.750102652606024,1.46056082765812,-0.0718498421045741));
#4841=CARTESIAN_POINT('Origin',(0.750102652606024,1.5,1.75909180376113E-8));
#4842=CARTESIAN_POINT('Ctrl Pts',(0.750102652606024,1.46056082765812,-0.0718498421045741));
#4843=CARTESIAN_POINT('Ctrl Pts',(0.750555378937657,1.46707581005732,-0.0755136889711128));
#4844=CARTESIAN_POINT('Ctrl Pts',(0.752653787846866,1.49944739570944,-0.0883905448605525));
#4845=CARTESIAN_POINT('Ctrl Pts',(0.756091580354684,1.56134645790452,-0.0714225647092302));
#4846=CARTESIAN_POINT('Ctrl Pts',(0.759076646530869,1.58184089238197,-0.0219766300104956));
#4847=CARTESIAN_POINT('Ctrl Pts',(0.760416030129479,1.58203845292389,6.78559796665584E-5));
#4848=CARTESIAN_POINT('Origin',(0.68229103012948,1.5,1.75909180206738E-8));
#4849=CARTESIAN_POINT('Ctrl Pts',(0.760416030129479,1.58203845292389,6.78559796665584E-5));
#4850=CARTESIAN_POINT('Ctrl Pts',(0.760722329108443,1.58208363235743,0.00510913284581771));
#4851=CARTESIAN_POINT('Ctrl Pts',(0.762674310664982,1.57937262244342,0.0371889643686621));
#4852=CARTESIAN_POINT('Ctrl Pts',(0.766271974799096,1.53708971861268,0.0893772074698732));
#4853=CARTESIAN_POINT('Ctrl Pts',(0.77120902253182,1.44542416625789,0.0798957022162566));
#4854=CARTESIAN_POINT('Ctrl Pts',(0.776146070264543,1.40326133690203,-0.00204126282696296));
#4855=CARTESIAN_POINT('Ctrl Pts',(0.781083117997267,1.44884657901579,-0.0821341453277937));
#4856=CARTESIAN_POINT('Ctrl Pts',(0.78602016572999,1.54083078865815,-0.0877226755708748));
#4857=CARTESIAN_POINT('Ctrl Pts',(0.789547803107395,1.58009270534195,-0.0348628052202977));
#4858=CARTESIAN_POINT('Ctrl Pts',(0.791429757907224,1.58210277477418,-0.00394532487606887));
#4859=CARTESIAN_POINT('Ctrl Pts',(0.791666030129479,1.58207095416395,-5.95991279182574E-5));
#4860=CARTESIAN_POINT('Ctrl Pts',(0.755414275082569,1.58209984476391,-6.05475383660036E-5));
#4861=CARTESIAN_POINT('Ctrl Pts',(0.756935099412203,1.58195745128643,0.0248905224618127));
#4862=CARTESIAN_POINT('Ctrl Pts',(0.760101606319411,1.55654306396006,0.0772459636767382));
#4863=CARTESIAN_POINT('Ctrl Pts',(0.764913795804196,1.4677939338926,0.0912182039179052));
#4864=CARTESIAN_POINT('Ctrl Pts',(0.769850843536918,1.40599478266546,0.0229159853606199));
#4865=CARTESIAN_POINT('Ctrl Pts',(0.774787891269643,1.42944354776206,-0.0662247249954479));
#4866=CARTESIAN_POINT('Ctrl Pts',(0.779724939002366,1.516901576678,-0.0952689807177207));
#4867=CARTESIAN_POINT('Ctrl Pts',(0.783683733606675,1.57473292859898,-0.0492772386637891));
#4868=CARTESIAN_POINT('Ctrl Pts',(0.785996845633409,1.58193621711796,-0.011079001654487));
#4869=CARTESIAN_POINT('Ctrl Pts',(0.786664275082569,1.58188803076056,-3.97134879807095E-5));
#4870=CARTESIAN_POINT('Ctrl Pts',(0.750102652606024,1.44623069871607,0.0403909168064382));
#4871=CARTESIAN_POINT('Ctrl Pts',(0.751748335183598,1.43286599177774,0.0225995091404683));
#4872=CARTESIAN_POINT('Ctrl Pts',(0.755039700338747,1.42540417118453,-0.0269867267980139));
#4873=CARTESIAN_POINT('Ctrl Pts',(0.759976748071472,1.48193079471773,-0.0773199810698343));
#4874=CARTESIAN_POINT('Ctrl Pts',(0.764913795804194,1.55483459556744,-0.0573353447618481));
#4875=CARTESIAN_POINT('Ctrl Pts',(0.769850843536919,1.57800527039772,0.0145650980701654));
#4876=CARTESIAN_POINT('Ctrl Pts',(0.774787891269642,1.53041809239881,0.0733002129489637));
#4877=CARTESIAN_POINT('Ctrl Pts',(0.779724939002367,1.45524116074199,0.0655242223598696));
#4878=CARTESIAN_POINT('Ctrl Pts',(0.78466198673509,1.42066249886172,-0.00167408128838075));
#4879=CARTESIAN_POINT('Ctrl Pts',(0.789599034467814,1.45804795657087,-0.0673600123637572));
#4880=CARTESIAN_POINT('Ctrl Pts',(0.794536082200537,1.53348622606416,-0.0719432886911623));
#4881=CARTESIAN_POINT('Ctrl Pts',(0.799473129933262,1.5785505981352,-0.0112713432971086));
#4882=CARTESIAN_POINT('Ctrl Pts',(0.804410177665985,1.55236490039847,0.0596252093987528));
#4883=CARTESIAN_POINT('Ctrl Pts',(0.809347225398708,1.47868117109014,0.076437777758912));
#4884=CARTESIAN_POINT('Ctrl Pts',(0.814284273131433,1.4243348659013,0.0239170019771268));
#4885=CARTESIAN_POINT('Ctrl Pts',(0.819221320864157,1.43862130676815,-0.0502979986553731));
#4886=CARTESIAN_POINT('Ctrl Pts',(0.82415836859688,1.50858184028466,-0.0788896756318345));
#4887=CARTESIAN_POINT('Ctrl Pts',(0.829095416329604,1.57075813991603,-0.0359237754782779));
#4888=CARTESIAN_POINT('Ctrl Pts',(0.834032464062327,1.56875263171011,0.0396271387545192));
#4889=CARTESIAN_POINT('Ctrl Pts',(0.838969511795052,1.50438443108613,0.0792339089764768));
#4890=CARTESIAN_POINT('Ctrl Pts',(0.843906559527775,1.43603929261916,0.0469708693482729));
#4891=CARTESIAN_POINT('Ctrl Pts',(0.848843607260499,1.42571028901654,-0.0278975056666238));
#4892=CARTESIAN_POINT('Ctrl Pts',(0.853780654993223,1.48276643571819,-0.0774611803661282));
#4893=CARTESIAN_POINT('Ctrl Pts',(0.858717702725946,1.55545444189191,-0.0567629794380359));
#4894=CARTESIAN_POINT('Ctrl Pts',(0.863654750458671,1.57784199789025,0.0154226086140283));
#4895=CARTESIAN_POINT('Ctrl Pts',(0.868591798191394,1.52962226975789,0.0736189966671754));
#4896=CARTESIAN_POINT('Ctrl Pts',(0.873528845924118,1.45453339547608,0.0650386278385727));
#4897=CARTESIAN_POINT('Ctrl Pts',(0.878465893656842,1.42068541366296,-0.0025355972736262));
#4898=CARTESIAN_POINT('Ctrl Pts',(0.883402941389565,1.45878044057873,-0.0678098701051818));
#4899=CARTESIAN_POINT('Ctrl Pts',(0.888339989122289,1.53426403951226,-0.0715765745678687));
#4900=CARTESIAN_POINT('Ctrl Pts',(0.893277036855012,1.57866813330542,-0.0104190874951742));
#4901=CARTESIAN_POINT('Ctrl Pts',(0.898214084587737,1.55171558940408,0.0601891425315824));
#4902=CARTESIAN_POINT('Ctrl Pts',(0.90315113232046,1.47785395510971,0.0762022855644982));
#4903=CARTESIAN_POINT('Ctrl Pts',(0.908088180053184,1.42408008996923,0.0230954762243674));
#4904=CARTESIAN_POINT('Ctrl Pts',(0.913025227785908,1.4391700618902,-0.0509602765421334));
#4905=CARTESIAN_POINT('Ctrl Pts',(0.917962275518632,1.50943637615344,-0.0787920362829842));
#4906=CARTESIAN_POINT('Ctrl Pts',(0.922899323251356,1.57114334057527,-0.0351547550632074));
#4907=CARTESIAN_POINT('Ctrl Pts',(0.927836370984079,1.56831909821094,0.0403699788024164));
#4908=CARTESIAN_POINT('Ctrl Pts',(0.932773418716803,1.50352540349244,0.079276776346492));
#4909=CARTESIAN_POINT('Ctrl Pts',(0.937710466449526,1.43553395983588,0.0462748770086487));
#4910=CARTESIAN_POINT('Ctrl Pts',(0.94264751418225,1.4260170175856,-0.0287010496652721));
#4911=CARTESIAN_POINT('Ctrl Pts',(0.947584561914974,1.4836070047856,-0.0776434152059014));
#4912=CARTESIAN_POINT('Ctrl Pts',(0.952521609647698,1.55606640569981,-0.0561586068622952));
#4913=CARTESIAN_POINT('Ctrl Pts',(0.957458657380422,1.57767026917769,0.0162653867671505));
#4914=CARTESIAN_POINT('Ctrl Pts',(0.962395705113145,1.52882261659075,0.0739357310279058));
#4915=CARTESIAN_POINT('Ctrl Pts',(0.96733275284587,1.45383115045364,0.0645420215893896));
#4916=CARTESIAN_POINT('Ctrl Pts',(0.972269800578592,1.42071755444555,-0.00339509293442426));
#4917=CARTESIAN_POINT('Ctrl Pts',(0.977206848311316,1.45951781358143,-0.0682526419275618));
#4918=CARTESIAN_POINT('Ctrl Pts',(0.982143896044041,1.53503780392208,-0.0712010023799481));
#4919=CARTESIAN_POINT('Ctrl Pts',(0.987080943776764,1.57877643915702,-0.00956583743173637));
#4920=CARTESIAN_POINT('Ctrl Pts',(0.992017991509487,1.55106019690077,0.0607461223304661));
#4921=CARTESIAN_POINT('Ctrl Pts',(0.996955039242213,1.47702934391493,0.0759577815627141));
#4922=CARTESIAN_POINT('Ctrl Pts',(1.00189208697494,1.42383423108205,0.0222712679759157));
#4923=CARTESIAN_POINT('Ctrl Pts',(1.00682913470766,1.43972596382499,-0.0516165835345687));
#4924=CARTESIAN_POINT('Ctrl Pts',(1.01176618244038,1.51028980306161,-0.0786851328602747));
#4925=CARTESIAN_POINT('Ctrl Pts',(1.01670323017311,1.57152018390579,-0.034381608936274));
#4926=CARTESIAN_POINT('Ctrl Pts',(1.02164027790583,1.5678775388323,0.0411080784870892));
#4927=CARTESIAN_POINT('Ctrl Pts',(1.02657732563855,1.50266596180952,0.0793103296329448));
#4928=CARTESIAN_POINT('Ctrl Pts',(1.03151437337128,1.43503620015522,0.0455734490867059));
#4929=CARTESIAN_POINT('Ctrl Pts',(1.036451421104,1.42633243730138,-0.029501222291813));
#4930=CARTESIAN_POINT('Ctrl Pts',(1.04138846883673,1.48444949960837,-0.0778165287610211));
#4931=CARTESIAN_POINT('Ctrl Pts',(1.04632551656945,1.55667178312492,-0.0555476371391954));
#4932=CARTESIAN_POINT('Ctrl Pts',(1.05126256430217,1.57748941616815,0.0171062541873235));
#4933=CARTESIAN_POINT('Ctrl Pts',(1.0561996120349,1.5280195774951,0.0742437797906455));
#4934=CARTESIAN_POINT('Ctrl Pts',(1.06113665976762,1.45313432910447,0.064037833294495));
#4935=CARTESIAN_POINT('Ctrl Pts',(1.06607370750034,1.42075900891341,-0.00425418976043471));
#4936=CARTESIAN_POINT('Ctrl Pts',(1.07101075523307,1.46025994221849,-0.0686873957836964));
#4937=CARTESIAN_POINT('Ctrl Pts',(1.07594780296579,1.5358074522749,-0.0708170658717206));
#4938=CARTESIAN_POINT('Ctrl Pts',(1.08088485069852,1.57887549076654,-0.00871146362126223));
#4939=CARTESIAN_POINT('Ctrl Pts',(1.08582189843124,1.55039880611391,0.0612959659958896));
#4940=CARTESIAN_POINT('Ctrl Pts',(1.09075894616396,1.47620743119209,0.0757043544422368));
#4941=CARTESIAN_POINT('Ctrl Pts',(1.09569599389669,1.42359731974911,0.0214444434178941));
#4942=CARTESIAN_POINT('Ctrl Pts',(1.10063304162941,1.44028894643673,-0.0522668268798664));
#4943=CARTESIAN_POINT('Ctrl Pts',(1.10557008936213,1.51114202117785,-0.078568985919833));
#4944=CARTESIAN_POINT('Ctrl Pts',(1.11050713709486,1.57188862542088,-0.0336044238362349));
#4945=CARTESIAN_POINT('Ctrl Pts',(1.11544418482758,1.56742800555739,0.0418413490122039));
#4946=CARTESIAN_POINT('Ctrl Pts',(1.12038123256031,1.50180620694296,0.0793345659619932));
#4947=CARTESIAN_POINT('Ctrl Pts',(1.12531828029303,1.43454607208125,0.0448666674351957));
#4948=CARTESIAN_POINT('Ctrl Pts',(1.13025532802575,1.42665651109344,-0.0302979292631234));
#4949=CARTESIAN_POINT('Ctrl Pts',(1.13519237575848,1.48529382122572,-0.077980500846317));
#4950=CARTESIAN_POINT('Ctrl Pts',(1.1401294234912,1.55727050303991,-0.0549301419518605));
#4951=CARTESIAN_POINT('Ctrl Pts',(1.14506647122392,1.57729946012275,0.0179451120220692));
#4952=CARTESIAN_POINT('Ctrl Pts',(1.15000351895665,1.52721324678039,0.0745431068542571));
#4953=CARTESIAN_POINT('Ctrl Pts',(1.15494056668937,1.4524430133396,0.0635261220408061));
#4954=CARTESIAN_POINT('Ctrl Pts',(1.1598776144221,1.42080977209543,-0.00511278656464086));
#4955=CARTESIAN_POINT('Ctrl Pts',(1.16481466215482,1.46100673950633,-0.0691140811121814));
#4956=CARTESIAN_POINT('Ctrl Pts',(1.16975170988754,1.53657289376955,-0.0704248091491492));
#4957=CARTESIAN_POINT('Ctrl Pts',(1.17468875762027,1.57896527725521,-0.00785606838038003));
#4958=CARTESIAN_POINT('Ctrl Pts',(1.17962580535299,1.54973149325808,0.0618386127494175));
#4959=CARTESIAN_POINT('Ctrl Pts',(1.18456285308571,1.47538831639608,0.0754420265092387));
#4960=CARTESIAN_POINT('Ctrl Pts',(1.18949990081844,1.42336937812364,0.0206151142922423));
#4961=CARTESIAN_POINT('Ctrl Pts',(1.19443694855116,1.44085895470221,-0.0529109587881702));
#4962=CARTESIAN_POINT('Ctrl Pts',(1.19937399628389,1.51199290863695,-0.078443553133605));
#4963=CARTESIAN_POINT('Ctrl Pts',(1.20431104401661,1.57224866441063,-0.0328234006153328));
#4964=CARTESIAN_POINT('Ctrl Pts',(1.20924809174933,1.56697046786916,0.0425699186602244));
#4965=CARTESIAN_POINT('Ctrl Pts',(1.21418513948206,1.50094640298283,0.0793490628038964));
#4966=CARTESIAN_POINT('Ctrl Pts',(1.21912218721478,1.43406331398049,0.0441554365124792));
#4967=CARTESIAN_POINT('Ctrl Pts',(1.22405923494751,1.42698982567143,-0.0310926847431608));
#4968=CARTESIAN_POINT('Ctrl Pts',(1.22899628268023,1.48613864759124,-0.0781321653539354));
#4969=CARTESIAN_POINT('Ctrl Pts',(1.23393333041295,1.55786488858102,-0.0543123535064269));
#4970=CARTESIAN_POINT('Ctrl Pts',(1.23887037814567,1.57709573856825,0.018793922821224));
#4971=CARTESIAN_POINT('Ctrl Pts',(1.2438074258784,1.52641289001936,0.0748100161739491));
#4972=CARTESIAN_POINT('Ctrl Pts',(1.24874447361112,1.45173931854044,0.0630538437832345));
#4973=CARTESIAN_POINT('Ctrl Pts',(1.25368152134385,1.42090518047821,-0.00606888463234748));
#4974=CARTESIAN_POINT('Ctrl Pts',(1.256972886499,1.4480940215987,-0.0482024873697958));
#4975=CARTESIAN_POINT('Ctrl Pts',(1.25861856907657,1.46759166822796,-0.0589258895446843));
#4976=CARTESIAN_POINT('Ctrl Pts',(0.747264013782508,1.44229960977462,0.0433439069597414));
#4977=CARTESIAN_POINT('Ctrl Pts',(0.748909696360083,1.42795780530301,0.024251764408651));
#4978=CARTESIAN_POINT('Ctrl Pts',(0.752201061515232,1.41995044887956,-0.028959735371678));
#4979=CARTESIAN_POINT('Ctrl Pts',(0.757138109247956,1.48060974996971,-0.0829728682086004));
#4980=CARTESIAN_POINT('Ctrl Pts',(0.76207515698068,1.55884356847758,-0.0615271494443924));
#4981=CARTESIAN_POINT('Ctrl Pts',(0.767012204713403,1.58370825794849,0.0156299552551413));
#4982=CARTESIAN_POINT('Ctrl Pts',(0.771949252446127,1.53264196780343,0.0786592111226003));
#4983=CARTESIAN_POINT('Ctrl Pts',(0.776886300178851,1.45196882924729,0.0703147156453319));
#4984=CARTESIAN_POINT('Ctrl Pts',(0.781823347911574,1.41486211154182,-0.00179647513457481));
#4985=CARTESIAN_POINT('Ctrl Pts',(0.786760395644298,1.45498083071918,-0.0722847233517694));
#4986=CARTESIAN_POINT('Ctrl Pts',(0.791697443377022,1.53593441359549,-0.0772030843177331));
#4987=CARTESIAN_POINT('Ctrl Pts',(0.796634491109746,1.58429345475227,-0.0120953957040399));
#4988=CARTESIAN_POINT('Ctrl Pts',(0.801571538842469,1.55619331319092,0.0639844241653726));
#4989=CARTESIAN_POINT('Ctrl Pts',(0.806508586575193,1.47712254543254,0.0820261641900293));
#4990=CARTESIAN_POINT('Ctrl Pts',(0.811445634307917,1.41880296638231,0.0256655795220912));
#4991=CARTESIAN_POINT('Ctrl Pts',(0.816382682040641,1.43413389301266,-0.0539753009583856));
#4992=CARTESIAN_POINT('Ctrl Pts',(0.821319729773365,1.50920926107375,-0.0846573235874012));
#4993=CARTESIAN_POINT('Ctrl Pts',(0.826256777506089,1.5759312876918,-0.0385501742280703));
#4994=CARTESIAN_POINT('Ctrl Pts',(0.831193825238811,1.57377915620937,0.0425242888767651));
#4995=CARTESIAN_POINT('Ctrl Pts',(0.836130872971537,1.50470497809243,0.0850267213578249));
#4996=CARTESIAN_POINT('Ctrl Pts',(0.841067920704259,1.43136310707334,0.0504049217072367));
#4997=CARTESIAN_POINT('Ctrl Pts',(0.846004968436983,1.42027894707351,-0.0299371015429496));
#4998=CARTESIAN_POINT('Ctrl Pts',(0.850942016169708,1.48150648492187,-0.0831243906256891));
#4999=CARTESIAN_POINT('Ctrl Pts',(0.855879063902431,1.55950873194349,-0.0609129383286285));
#5000=CARTESIAN_POINT('Ctrl Pts',(0.860816111635155,1.58353304854145,0.0165501586392618));
#5001=CARTESIAN_POINT('Ctrl Pts',(0.865753159367878,1.53178796234242,0.0790013012093057));
#5002=CARTESIAN_POINT('Ctrl Pts',(0.870690207100602,1.45120931906107,0.0697936191701855));
#5003=CARTESIAN_POINT('Ctrl Pts',(0.875627254833326,1.41488670165071,-0.00272097679903901));
#5004=CARTESIAN_POINT('Ctrl Pts',(0.88056430256605,1.45576686684161,-0.0727674703208817));
#5005=CARTESIAN_POINT('Ctrl Pts',(0.885501350298774,1.53676909320647,-0.0768095596203699));
#5006=CARTESIAN_POINT('Ctrl Pts',(0.890438398031496,1.58441958295228,-0.0111808312375278));
#5007=CARTESIAN_POINT('Ctrl Pts',(0.895375445764222,1.55549653088468,0.0645895866102678));
#5008=CARTESIAN_POINT('Ctrl Pts',(0.900312493496944,1.47623485145602,0.0817734550941651));
#5009=CARTESIAN_POINT('Ctrl Pts',(0.905249541229669,1.41852956370924,0.0247839917874077));
#5010=CARTESIAN_POINT('Ctrl Pts',(0.910186588962391,1.43472276777808,-0.0546859981702003));
#5011=CARTESIAN_POINT('Ctrl Pts',(0.915123636695117,1.51012627230344,-0.0845525457979286));
#5012=CARTESIAN_POINT('Ctrl Pts',(0.920060684427838,1.57634465048102,-0.0377249305112785));
#5013=CARTESIAN_POINT('Ctrl Pts',(0.924997732160565,1.5733139269525,0.043321438172278));
#5014=CARTESIAN_POINT('Ctrl Pts',(0.929934779893287,1.50378314674653,0.0850727227734794));
#5015=CARTESIAN_POINT('Ctrl Pts',(0.934871827626011,1.43082082926625,0.0496580451693005));
#5016=CARTESIAN_POINT('Ctrl Pts',(0.939808875358736,1.42060810065568,-0.0307993928723541));
#5017=CARTESIAN_POINT('Ctrl Pts',(0.944745923091457,1.48240850823337,-0.0833199487065363));
#5018=CARTESIAN_POINT('Ctrl Pts',(0.949682970824184,1.5601654365998,-0.0602643799016254));
#5019=CARTESIAN_POINT('Ctrl Pts',(0.954620018556905,1.58334876469378,0.0174545525433558));
#5020=CARTESIAN_POINT('Ctrl Pts',(0.95955706628963,1.53092984630432,0.0793411921094203));
#5021=CARTESIAN_POINT('Ctrl Pts',(0.964494114022353,1.45045573270489,0.0692607058965888));
#5022=CARTESIAN_POINT('Ctrl Pts',(0.969431161755078,1.41492119225508,-0.00364331043255959));
#5023=CARTESIAN_POINT('Ctrl Pts',(0.974368209487801,1.45655814939469,-0.0732426133173886));
#5024=CARTESIAN_POINT('Ctrl Pts',(0.979305257220525,1.53759942775281,-0.07640652924275));
#5025=CARTESIAN_POINT('Ctrl Pts',(0.984242304953249,1.58453580707556,-0.0102651998187705));
#5026=CARTESIAN_POINT('Ctrl Pts',(0.989179352685972,1.55479322244866,0.0651872873609905));
#5027=CARTESIAN_POINT('Ctrl Pts',(0.994116400418697,1.47534995270177,0.0815110753351255));
#5028=CARTESIAN_POINT('Ctrl Pts',(0.999053448151419,1.41826573000874,0.0238995254390072));
#5029=CARTESIAN_POINT('Ctrl Pts',(1.00399049588414,1.43531931186177,-0.0553902879539042));
#5030=CARTESIAN_POINT('Ctrl Pts',(1.00892754361687,1.5110420934961,-0.0844378266355167));
#5031=CARTESIAN_POINT('Ctrl Pts',(1.01386459134959,1.57674904493484,-0.0368952594506535));
#5032=CARTESIAN_POINT('Ctrl Pts',(1.01880163908231,1.57284008504185,0.0441135005352603));
#5033=CARTESIAN_POINT('Ctrl Pts',(1.02373868681504,1.50286087103723,0.0851087291502676));
#5034=CARTESIAN_POINT('Ctrl Pts',(1.02867573454776,1.43028667823349,0.0489053356520732));
#5035=CARTESIAN_POINT('Ctrl Pts',(1.03361278228049,1.42094658079677,-0.0316580663476755));
#5036=CARTESIAN_POINT('Ctrl Pts',(1.03854983001321,1.48331259809275,-0.0835057186430092));
#5037=CARTESIAN_POINT('Ctrl Pts',(1.04348687774593,1.56081507334099,-0.0596087420079397));
#5038=CARTESIAN_POINT('Ctrl Pts',(1.04842392547866,1.58315468946917,0.0183568960202702));
#5039=CARTESIAN_POINT('Ctrl Pts',(1.05336097321138,1.53006809679152,0.0796717624049996));
#5040=CARTESIAN_POINT('Ctrl Pts',(1.05829802094411,1.44970796654829,0.0687196562517578));
#5041=CARTESIAN_POINT('Ctrl Pts',(1.06323506867683,1.4149656774709,-0.00456521607236762));
#5042=CARTESIAN_POINT('Ctrl Pts',(1.06817211640955,1.45735453526792,-0.0737091521518527));
#5043=CARTESIAN_POINT('Ctrl Pts',(1.07310916414228,1.53842534531607,-0.0759945230269816));
#5044=CARTESIAN_POINT('Ctrl Pts',(1.078046211875,1.58464210037649,-0.00934836249551089));
#5045=CARTESIAN_POINT('Ctrl Pts',(1.08298325960772,1.55408347719287,0.0657773302535021));
#5046=CARTESIAN_POINT('Ctrl Pts',(1.08792030734045,1.47446794970551,0.0812391200856417));
#5047=CARTESIAN_POINT('Ctrl Pts',(1.09285735507317,1.41801149802072,0.0230122515018985));
#5048=CARTESIAN_POINT('Ctrl Pts',(1.09779440280589,1.4359234542927,-0.0560880707754999));
#5049=CARTESIAN_POINT('Ctrl Pts',(1.10273145053862,1.51195661752171,-0.0843131881591568));
#5050=CARTESIAN_POINT('Ctrl Pts',(1.10766849827134,1.5771444233141,-0.036061254126448));
#5051=CARTESIAN_POINT('Ctrl Pts',(1.11260554600407,1.5723576862611,0.0449003806774527));
#5052=CARTESIAN_POINT('Ctrl Pts',(1.11754259373679,1.50193825924733,0.0851347374042403));
#5053=CARTESIAN_POINT('Ctrl Pts',(1.12247964146951,1.42976071675634,0.048146880992584));
#5054=CARTESIAN_POINT('Ctrl Pts',(1.12741668920224,1.42129434771613,-0.0325130207927249));
#5055=CARTESIAN_POINT('Ctrl Pts',(1.13235373693496,1.48421864830418,-0.0836816787741941));
#5056=CARTESIAN_POINT('Ctrl Pts',(1.13729078466769,1.56145756583961,-0.0589461015714689));
#5057=CARTESIAN_POINT('Ctrl Pts',(1.14222783240041,1.58295084568315,0.0192570829903937));
#5058=CARTESIAN_POINT('Ctrl Pts',(1.14716488013313,1.52920281500845,0.079992973355542));
#5059=CARTESIAN_POINT('Ctrl Pts',(1.15210192786586,1.44896610849082,0.0681705336424707));
#5060=CARTESIAN_POINT('Ctrl Pts',(1.15703897559858,1.41502015196362,-0.00548658513363463));
#5061=CARTESIAN_POINT('Ctrl Pts',(1.1619760233313,1.45815593111831,-0.0741670325663113));
#5062=CARTESIAN_POINT('Ctrl Pts',(1.16691307106403,1.53924674845655,-0.0755735883036274));
#5063=CARTESIAN_POINT('Ctrl Pts',(1.17185011879675,1.58473845118094,-0.00843042906477485));
#5064=CARTESIAN_POINT('Ctrl Pts',(1.17678716652948,1.55336737690396,0.0663596500658382));
#5065=CARTESIAN_POINT('Ctrl Pts',(1.1817242142622,1.47358894919331,0.080957613282697));
#5066=CARTESIAN_POINT('Ctrl Pts',(1.18666126199492,1.41776689151806,0.0221222898875064));
#5067=CARTESIAN_POINT('Ctrl Pts',(1.19159830972765,1.43653513602492,-0.0567792953512014));
#5068=CARTESIAN_POINT('Ctrl Pts',(1.19653535746037,1.51286971360545,-0.0841785849461787));
#5069=CARTESIAN_POINT('Ctrl Pts',(1.2014724051931,1.57753078485701,-0.0352231300752692));
#5070=CARTESIAN_POINT('Ctrl Pts',(1.20640945292582,1.57186669786208,0.0456822162600869));
#5071=CARTESIAN_POINT('Ctrl Pts',(1.21134650065854,1.50101559477463,0.0851502941143867));
#5072=CARTESIAN_POINT('Ctrl Pts',(1.21628354839126,1.42924266407324,0.0473836517744025));
#5073=CARTESIAN_POINT('Ctrl Pts',(1.22122059612399,1.42165203101791,-0.0333658810724181));
#5074=CARTESIAN_POINT('Ctrl Pts',(1.22615764385671,1.48512524016606,-0.0838444315171898));
#5075=CARTESIAN_POINT('Ctrl Pts',(1.23109469158944,1.56209540707703,-0.0582831464367161));
#5076=CARTESIAN_POINT('Ctrl Pts',(1.23603173932216,1.58273222998773,0.0201679505889911));
#5077=CARTESIAN_POINT('Ctrl Pts',(1.24096878705488,1.52834394393651,0.0802793964916675));
#5078=CARTESIAN_POINT('Ctrl Pts',(1.24590583478761,1.44821096636434,0.0676637269868858));
#5079=CARTESIAN_POINT('Ctrl Pts',(1.25084288252033,1.41512253568046,-0.00651258380356515));
#5080=CARTESIAN_POINT('Ctrl Pts',(1.25413424767548,1.44429916072425,-0.0517265862454861));
#5081=CARTESIAN_POINT('Ctrl Pts',(1.25577993025306,1.46522228585553,-0.0632339794096168));
#5082=CARTESIAN_POINT('Ctrl Pts',(0.744425374958993,1.43836852083317,0.0462968971130445));
#5083=CARTESIAN_POINT('Ctrl Pts',(0.746071057536567,1.42304961882827,0.0259040196768337));
#5084=CARTESIAN_POINT('Ctrl Pts',(0.749362422691716,1.41449672657459,-0.0309327439453422));
#5085=CARTESIAN_POINT('Ctrl Pts',(0.75429947042444,1.47928870522168,-0.0886257553473667));
#5086=CARTESIAN_POINT('Ctrl Pts',(0.759236518157163,1.56285254138771,-0.0657189541269366));
#5087=CARTESIAN_POINT('Ctrl Pts',(0.764173565889888,1.58941124549925,0.0166948124401173));
#5088=CARTESIAN_POINT('Ctrl Pts',(0.769110613622611,1.53486584320806,0.0840182092962368));
#5089=CARTESIAN_POINT('Ctrl Pts',(0.774047661355336,1.44869649775259,0.0751052089307943));
#5090=CARTESIAN_POINT('Ctrl Pts',(0.778984709088058,1.40906172422193,-0.00191886898076892));
#5091=CARTESIAN_POINT('Ctrl Pts',(0.783921756820783,1.45191370486748,-0.0772094343397815));
#5092=CARTESIAN_POINT('Ctrl Pts',(0.788858804553507,1.53838260112682,-0.0824628799443041));
#5093=CARTESIAN_POINT('Ctrl Pts',(0.79379585228623,1.59003631136934,-0.0129194481109712));
#5094=CARTESIAN_POINT('Ctrl Pts',(0.798732900018953,1.56002172598337,0.0683436389319925));
#5095=CARTESIAN_POINT('Ctrl Pts',(0.803669947751678,1.47556391977495,0.0876145506211465));
#5096=CARTESIAN_POINT('Ctrl Pts',(0.8086069954844,1.41327106686333,0.0274141570670557));
#5097=CARTESIAN_POINT('Ctrl Pts',(0.813544043217127,1.42964647925717,-0.0576526032613983));
#5098=CARTESIAN_POINT('Ctrl Pts',(0.818481090949847,1.50983668186284,-0.0904249715429679));
#5099=CARTESIAN_POINT('Ctrl Pts',(0.823418138682575,1.58110443546757,-0.0411765729778628));
#5100=CARTESIAN_POINT('Ctrl Pts',(0.828355186415295,1.57880568070862,0.045421438999011));
#5101=CARTESIAN_POINT('Ctrl Pts',(0.833292234148022,1.50502552509872,0.090819533739173));
#5102=CARTESIAN_POINT('Ctrl Pts',(0.838229281880743,1.42668692152753,0.0538389740662008));
#5103=CARTESIAN_POINT('Ctrl Pts',(0.843166329613467,1.41484760513048,-0.0319766974192754));
#5104=CARTESIAN_POINT('Ctrl Pts',(0.848103377346192,1.48024653412556,-0.08878760088525));
#5105=CARTESIAN_POINT('Ctrl Pts',(0.853040425078914,1.56356302199507,-0.0650628972192212));
#5106=CARTESIAN_POINT('Ctrl Pts',(0.857977472811639,1.58922409919267,0.0176777086644954));
#5107=CARTESIAN_POINT('Ctrl Pts',(0.862914520544363,1.53395365492695,0.084383605751436));
#5108=CARTESIAN_POINT('Ctrl Pts',(0.867851568277086,1.44788524264606,0.0745486105017984));
#5109=CARTESIAN_POINT('Ctrl Pts',(0.87278861600981,1.40908798963846,-0.00290635632445176));
#5110=CARTESIAN_POINT('Ctrl Pts',(0.877725663742534,1.45275329310449,-0.0777250705365817));
#5111=CARTESIAN_POINT('Ctrl Pts',(0.882662711475257,1.53927414690067,-0.082042544672871));
#5112=CARTESIAN_POINT('Ctrl Pts',(0.887599759207981,1.59017103259915,-0.0119425749798816));
#5113=CARTESIAN_POINT('Ctrl Pts',(0.892536806940706,1.55927747236528,0.0689900306889533));
#5114=CARTESIAN_POINT('Ctrl Pts',(0.897473854673429,1.47461574780233,0.0873446246238319));
#5115=CARTESIAN_POINT('Ctrl Pts',(0.902410902406152,1.41297903744925,0.026472507350448));
#5116=CARTESIAN_POINT('Ctrl Pts',(0.907347950138877,1.43027547366597,-0.0584117197982673));
#5117=CARTESIAN_POINT('Ctrl Pts',(0.9122849978716,1.51081616845345,-0.090313055312873));
#5118=CARTESIAN_POINT('Ctrl Pts',(0.917222045604324,1.58154596038677,-0.0402951059593497));
#5119=CARTESIAN_POINT('Ctrl Pts',(0.922159093337047,1.57830875569407,0.0462728975421398));
#5120=CARTESIAN_POINT('Ctrl Pts',(0.927096141069773,1.50404089000063,0.0908686692004667));
#5121=CARTESIAN_POINT('Ctrl Pts',(0.932033188802494,1.42610769869663,0.0530412133299525));
#5122=CARTESIAN_POINT('Ctrl Pts',(0.93697023653522,1.41519918372575,-0.0328977360794362));
#5123=CARTESIAN_POINT('Ctrl Pts',(0.941907284267941,1.48121001168114,-0.088996482207171));
#5124=CARTESIAN_POINT('Ctrl Pts',(0.946844332000668,1.56426446749979,-0.0643701529409557));
#5125=CARTESIAN_POINT('Ctrl Pts',(0.951781379733389,1.58902726020986,0.0186437183195612));
#5126=CARTESIAN_POINT('Ctrl Pts',(0.956718427466114,1.53303707601789,0.0847466531909349));
#5127=CARTESIAN_POINT('Ctrl Pts',(0.961655475198838,1.44708031495615,0.073979390203788));
#5128=CARTESIAN_POINT('Ctrl Pts',(0.966592522931562,1.4091248300646,-0.00389152793069491));
#5129=CARTESIAN_POINT('Ctrl Pts',(0.971529570664285,1.45359848520796,-0.0782325847072154));
#5130=CARTESIAN_POINT('Ctrl Pts',(0.97646661839701,1.54016105158354,-0.0816120561055518));
#5131=CARTESIAN_POINT('Ctrl Pts',(0.981403666129732,1.5902951749941,-0.0109645622058048));
#5132=CARTESIAN_POINT('Ctrl Pts',(0.986340713862457,1.55852624799654,0.0696284523915151));
#5133=CARTESIAN_POINT('Ctrl Pts',(0.99127776159518,1.47367056148862,0.0870643691075367));
#5134=CARTESIAN_POINT('Ctrl Pts',(0.996214809327905,1.41269722893544,0.0255277829020987));
#5135=CARTESIAN_POINT('Ctrl Pts',(1.00115185706063,1.43091265989854,-0.0591639923732396));
#5136=CARTESIAN_POINT('Ctrl Pts',(1.00608890479335,1.51179438393059,-0.0901905204107587));
#5137=CARTESIAN_POINT('Ctrl Pts',(1.01102595252608,1.58197790596389,-0.0394089099650331));
#5138=CARTESIAN_POINT('Ctrl Pts',(1.0159630002588,1.57780263125139,0.0471189225834314));
#5139=CARTESIAN_POINT('Ctrl Pts',(1.02090004799152,1.50305578026494,0.0909071286675904));
#5140=CARTESIAN_POINT('Ctrl Pts',(1.02583709572425,1.42553715631175,0.0522372222174405));
#5141=CARTESIAN_POINT('Ctrl Pts',(1.03077414345697,1.41556072429217,-0.0338149104035381));
#5142=CARTESIAN_POINT('Ctrl Pts',(1.0357111911897,1.48217569657713,-0.0891949085249973));
#5143=CARTESIAN_POINT('Ctrl Pts',(1.04064823892242,1.56495836355706,-0.0636698468766839));
#5144=CARTESIAN_POINT('Ctrl Pts',(1.04558528665514,1.58881996277019,0.0196075378532167));
#5145=CARTESIAN_POINT('Ctrl Pts',(1.05052233438786,1.53211661608794,0.085099745019354));
#5146=CARTESIAN_POINT('Ctrl Pts',(1.05545938212059,1.44628160399211,0.0734014792090204));
#5147=CARTESIAN_POINT('Ctrl Pts',(1.06039642985331,1.40917234602838,-0.00487624238430045));
#5148=CARTESIAN_POINT('Ctrl Pts',(1.06533347758604,1.45444912831735,-0.0787309085200091));
#5149=CARTESIAN_POINT('Ctrl Pts',(1.07027052531876,1.54104323835723,-0.0811719801822427));
#5150=CARTESIAN_POINT('Ctrl Pts',(1.07520757305148,1.59040870998643,-0.0099852613697595));
#5151=CARTESIAN_POINT('Ctrl Pts',(1.08014462078421,1.55776814827183,0.0702586945111146));
#5152=CARTESIAN_POINT('Ctrl Pts',(1.08508166851693,1.47272846821894,0.0867738857290466));
#5153=CARTESIAN_POINT('Ctrl Pts',(1.09001871624966,1.41242567629234,0.024580059585903));
#5154=CARTESIAN_POINT('Ctrl Pts',(1.09495576398238,1.43155796214867,-0.0599093146711335));
#5155=CARTESIAN_POINT('Ctrl Pts',(1.0998928117151,1.51277121386557,-0.0900573903984805));
#5156=CARTESIAN_POINT('Ctrl Pts',(1.10482985944783,1.58240022120733,-0.0385180844166612));
#5157=CARTESIAN_POINT('Ctrl Pts',(1.10976690718055,1.5772873669648,0.0479594123427016));
#5158=CARTESIAN_POINT('Ctrl Pts',(1.11470395491327,1.50207031155171,0.0909349088464874));
#5159=CARTESIAN_POINT('Ctrl Pts',(1.119641002646,1.42497536143143,0.0514270945499723));
#5160=CARTESIAN_POINT('Ctrl Pts',(1.12457805037872,1.41593218433883,-0.0347281123223265));
#5161=CARTESIAN_POINT('Ctrl Pts',(1.12951509811144,1.48314347538264,-0.0893828567020712));
#5162=CARTESIAN_POINT('Ctrl Pts',(1.13445214584417,1.56564462863931,-0.0629620611910772));
#5163=CARTESIAN_POINT('Ctrl Pts',(1.13938919357689,1.58860223124355,0.0205690539587183));
#5164=CARTESIAN_POINT('Ctrl Pts',(1.14432624130962,1.53119238323651,0.085442839856827));
#5165=CARTESIAN_POINT('Ctrl Pts',(1.14926328904234,1.44548920364204,0.0728149452441353));
#5166=CARTESIAN_POINT('Ctrl Pts',(1.15420033677507,1.40923053183181,-0.00586038370262837));
#5167=CARTESIAN_POINT('Ctrl Pts',(1.15913738450779,1.4553051227303,-0.0792199840204412));
#5168=CARTESIAN_POINT('Ctrl Pts',(1.16407443224051,1.54192060314354,-0.0807223674581056));
#5169=CARTESIAN_POINT('Ctrl Pts',(1.16901147997323,1.59051162510666,-0.00900478974916968));
#5170=CARTESIAN_POINT('Ctrl Pts',(1.17394852770596,1.55700326054984,0.0708806873822588));
#5171=CARTESIAN_POINT('Ctrl Pts',(1.17888557543868,1.47178958199055,0.0864732000561553));
#5172=CARTESIAN_POINT('Ctrl Pts',(1.18382262317141,1.41216440491247,0.0236294654827705));
#5173=CARTESIAN_POINT('Ctrl Pts',(1.18875967090413,1.43221131734764,-0.0606476319142326));
#5174=CARTESIAN_POINT('Ctrl Pts',(1.19369671863685,1.51374651857395,-0.0899136167587522));
#5175=CARTESIAN_POINT('Ctrl Pts',(1.19863376636958,1.58281290530339,-0.0376228595352058));
#5176=CARTESIAN_POINT('Ctrl Pts',(1.2035708141023,1.57676292785499,0.0487945138599494));
#5177=CARTESIAN_POINT('Ctrl Pts',(1.20850786183503,1.50108478656644,0.090951525424877));
#5178=CARTESIAN_POINT('Ctrl Pts',(1.21344490956775,1.42442201416599,0.0506118670363257));
#5179=CARTESIAN_POINT('Ctrl Pts',(1.21838195730047,1.4163142363644,-0.0356390774016754));
#5180=CARTESIAN_POINT('Ctrl Pts',(1.2233190050332,1.48411183274088,-0.0895566976804443));
#5181=CARTESIAN_POINT('Ctrl Pts',(1.22825605276592,1.56632592557305,-0.0622539393670052));
#5182=CARTESIAN_POINT('Ctrl Pts',(1.23319310049865,1.58836872140722,0.0215419783567582));
#5183=CARTESIAN_POINT('Ctrl Pts',(1.23813014823137,1.53027499785367,0.0857487768093859));
#5184=CARTESIAN_POINT('Ctrl Pts',(1.24306719596409,1.44468261418824,0.0722736101905372));
#5185=CARTESIAN_POINT('Ctrl Pts',(1.24800424369682,1.40933989088271,-0.00695628297478286));
#5186=CARTESIAN_POINT('Ctrl Pts',(1.25129560885196,1.44050429984981,-0.0552506851211764));
#5187=CARTESIAN_POINT('Ctrl Pts',(1.25294129142954,1.46285290348311,-0.0675420692745493));
#5188=CARTESIAN_POINT('Ctrl Pts',(0.741586736135477,1.43443743189172,0.0492498872663477));
#5189=CARTESIAN_POINT('Ctrl Pts',(0.743232418713051,1.41814143235353,0.0275562749450164));
#5190=CARTESIAN_POINT('Ctrl Pts',(0.746523783868201,1.40904300426962,-0.0329057525190063));
#5191=CARTESIAN_POINT('Ctrl Pts',(0.751460831600924,1.47796766047366,-0.094278642486133));
#5192=CARTESIAN_POINT('Ctrl Pts',(0.756397879333649,1.56686151429785,-0.0699107588094807));
#5193=CARTESIAN_POINT('Ctrl Pts',(0.761334927066371,1.59511423305001,0.0177596696250932));
#5194=CARTESIAN_POINT('Ctrl Pts',(0.766271974799096,1.53708971861268,0.0893772074698732));
#5195=CARTESIAN_POINT('Ctrl Pts',(0.77120902253182,1.44542416625789,0.0798957022162566));
#5196=CARTESIAN_POINT('Ctrl Pts',(0.776146070264543,1.40326133690203,-0.00204126282696296));
#5197=CARTESIAN_POINT('Ctrl Pts',(0.781083117997267,1.44884657901579,-0.0821341453277937));
#5198=CARTESIAN_POINT('Ctrl Pts',(0.78602016572999,1.54083078865815,-0.0877226755708748));
#5199=CARTESIAN_POINT('Ctrl Pts',(0.790957213462715,1.59577916798641,-0.0137435005179026));
#5200=CARTESIAN_POINT('Ctrl Pts',(0.795894261195437,1.56385013877582,0.0727028536986124));
#5201=CARTESIAN_POINT('Ctrl Pts',(0.800831308928163,1.47400529411735,0.0932029370522637));
#5202=CARTESIAN_POINT('Ctrl Pts',(0.805768356660885,1.40773916734434,0.0291627346120201));
#5203=CARTESIAN_POINT('Ctrl Pts',(0.81070540439361,1.42515906550168,-0.0613299055644108));
#5204=CARTESIAN_POINT('Ctrl Pts',(0.815642452126332,1.51046410265193,-0.0961926194985347));
#5205=CARTESIAN_POINT('Ctrl Pts',(0.820579499859058,1.58627758324334,-0.0438029717276553));
#5206=CARTESIAN_POINT('Ctrl Pts',(0.82551654759178,1.58383220520787,0.0483185891212569));
#5207=CARTESIAN_POINT('Ctrl Pts',(0.830453595324506,1.50534607210502,0.0966123461205211));
#5208=CARTESIAN_POINT('Ctrl Pts',(0.835390643057227,1.42201073598172,0.0572730264251647));
#5209=CARTESIAN_POINT('Ctrl Pts',(0.840327690789953,1.40941626318745,-0.0340162932956013));
#5210=CARTESIAN_POINT('Ctrl Pts',(0.845264738522675,1.47898658332924,-0.094450811144811));
#5211=CARTESIAN_POINT('Ctrl Pts',(0.8502017862554,1.56761731204664,-0.0692128561098137));
#5212=CARTESIAN_POINT('Ctrl Pts',(0.855138833988122,1.59491514984387,0.018805258689729));
#5213=CARTESIAN_POINT('Ctrl Pts',(0.860075881720848,1.53611934751148,0.0897659102935663));
#5214=CARTESIAN_POINT('Ctrl Pts',(0.86501292945357,1.44456116623105,0.0793036018334113));
#5215=CARTESIAN_POINT('Ctrl Pts',(0.869949977186295,1.40328927762621,-0.00309173584986455));
#5216=CARTESIAN_POINT('Ctrl Pts',(0.874887024919017,1.44973971936737,-0.0826826707522816));
#5217=CARTESIAN_POINT('Ctrl Pts',(0.879824072651743,1.54177920059488,-0.0872755297253721));
#5218=CARTESIAN_POINT('Ctrl Pts',(0.884761120384465,1.59592248224601,-0.0127043187222352));
#5219=CARTESIAN_POINT('Ctrl Pts',(0.889698168117189,1.56305841384587,0.0733904747676388));
#5220=CARTESIAN_POINT('Ctrl Pts',(0.894635215849915,1.47299664414864,0.0929157941534988));
#5221=CARTESIAN_POINT('Ctrl Pts',(0.899572263582636,1.40742851118925,0.0281610229134882));
#5222=CARTESIAN_POINT('Ctrl Pts',(0.904509311315362,1.42582817955385,-0.0621374414263342));
#5223=CARTESIAN_POINT('Ctrl Pts',(0.909446359048084,1.51150606460345,-0.0960735648278176));
#5224=CARTESIAN_POINT('Ctrl Pts',(0.914383406780809,1.58674727029253,-0.0428652814074207));
#5225=CARTESIAN_POINT('Ctrl Pts',(0.919320454513532,1.58330358443564,0.0492243569120014));
#5226=CARTESIAN_POINT('Ctrl Pts',(0.924257502246257,1.50429863325472,0.0966646156274541));
#5227=CARTESIAN_POINT('Ctrl Pts',(0.929194549978978,1.42139456812701,0.0564243814906043));
#5228=CARTESIAN_POINT('Ctrl Pts',(0.934131597711705,1.40979026679583,-0.0349960792865182));
#5229=CARTESIAN_POINT('Ctrl Pts',(0.939068645444426,1.48001151512891,-0.0946730157078059));
#5230=CARTESIAN_POINT('Ctrl Pts',(0.944005693177152,1.56836349839978,-0.068475925980286));
#5231=CARTESIAN_POINT('Ctrl Pts',(0.948942740909874,1.59470575572595,0.0198328840957666));
#5232=CARTESIAN_POINT('Ctrl Pts',(0.953879788642598,1.53514430573147,0.0901521142724493));
#5233=CARTESIAN_POINT('Ctrl Pts',(0.958816836375322,1.44370489720741,0.0786980745109873));
#5234=CARTESIAN_POINT('Ctrl Pts',(0.963753884108046,1.40332846787413,-0.00413974542883032));
#5235=CARTESIAN_POINT('Ctrl Pts',(0.968690931840769,1.45063882102122,-0.0832225560970421));
#5236=CARTESIAN_POINT('Ctrl Pts',(0.973627979573493,1.54272267541428,-0.0868175829683538));
#5237=CARTESIAN_POINT('Ctrl Pts',(0.978565027306218,1.59605454291264,-0.0116639245928389));
#5238=CARTESIAN_POINT('Ctrl Pts',(0.98350207503894,1.56225927354443,0.0740696174220395));
#5239=CARTESIAN_POINT('Ctrl Pts',(0.988439122771666,1.47199117027546,0.0926176628799481));
#5240=CARTESIAN_POINT('Ctrl Pts',(0.993376170504388,1.40712872786213,0.0271560403651902));
#5241=CARTESIAN_POINT('Ctrl Pts',(0.998313218237112,1.42650600793531,-0.062937696792575));
#5242=CARTESIAN_POINT('Ctrl Pts',(1.00325026596984,1.51254667436508,-0.0959432141860009));
#5243=CARTESIAN_POINT('Ctrl Pts',(1.00818731370256,1.58720676699293,-0.0419225604794126));
#5244=CARTESIAN_POINT('Ctrl Pts',(1.01312436143528,1.58276517746094,0.0501243446316025));
#5245=CARTESIAN_POINT('Ctrl Pts',(1.01806140916801,1.50325068949265,0.0967055281849133));
#5246=CARTESIAN_POINT('Ctrl Pts',(1.02299845690073,1.42078763439001,0.0555691087828078));
#5247=CARTESIAN_POINT('Ctrl Pts',(1.02793550463345,1.41017486778756,-0.0359717544594006));
#5248=CARTESIAN_POINT('Ctrl Pts',(1.03287255236618,1.48103879506151,-0.0948840984069854));
#5249=CARTESIAN_POINT('Ctrl Pts',(1.0378096000989,1.56910165377313,-0.0677309517454282));
#5250=CARTESIAN_POINT('Ctrl Pts',(1.04274664783163,1.59448523607121,0.0208581796861632));
#5251=CARTESIAN_POINT('Ctrl Pts',(1.04768369556435,1.53416513538436,0.0905277276337083));
#5252=CARTESIAN_POINT('Ctrl Pts',(1.05262074329707,1.44285524143593,0.0780833021662831));
#5253=CARTESIAN_POINT('Ctrl Pts',(1.0575577910298,1.40337901458587,-0.00518726869623321));
#5254=CARTESIAN_POINT('Ctrl Pts',(1.06249483876252,1.45154372136678,-0.0837526648881657));
#5255=CARTESIAN_POINT('Ctrl Pts',(1.06743188649525,1.5436611313984,-0.0863494373375036));
#5256=CARTESIAN_POINT('Ctrl Pts',(1.07236893422797,1.59617531959638,-0.0106221602440081));
#5257=CARTESIAN_POINT('Ctrl Pts',(1.07730598196069,1.56145281935079,0.0747400587687271));
#5258=CARTESIAN_POINT('Ctrl Pts',(1.08224302969342,1.47098898673236,0.0923086513724516));
#5259=CARTESIAN_POINT('Ctrl Pts',(1.08718007742614,1.40683985456396,0.0261478676699073));
#5260=CARTESIAN_POINT('Ctrl Pts',(1.09211712515886,1.42719247000464,-0.0637305585667669));
#5261=CARTESIAN_POINT('Ctrl Pts',(1.09705417289159,1.51358581020943,-0.0958015926378043));
#5262=CARTESIAN_POINT('Ctrl Pts',(1.10199122062431,1.58765601910055,-0.0409749147068743));
#5263=CARTESIAN_POINT('Ctrl Pts',(1.10692826835704,1.5822170476685,0.0510184440079505));
#5264=CARTESIAN_POINT('Ctrl Pts',(1.11186531608976,1.5022023638561,0.0967350802887345));
#5265=CARTESIAN_POINT('Ctrl Pts',(1.11680236382248,1.42019000610651,0.0547073081073606));
#5266=CARTESIAN_POINT('Ctrl Pts',(1.12173941155521,1.41057002096152,-0.036943203851928));
#5267=CARTESIAN_POINT('Ctrl Pts',(1.12667645928793,1.4820683024611,-0.0950840346299483));
#5268=CARTESIAN_POINT('Ctrl Pts',(1.13161350702065,1.569831691439,-0.0669780208106855));
#5269=CARTESIAN_POINT('Ctrl Pts',(1.13655055475338,1.59425361680395,0.0218810249270428));
#5270=CARTESIAN_POINT('Ctrl Pts',(1.1414876024861,1.53318195146456,0.090892706358112));
#5271=CARTESIAN_POINT('Ctrl Pts',(1.14642465021882,1.44201229879326,0.0774593568458));
#5272=CARTESIAN_POINT('Ctrl Pts',(1.15136169795155,1.4034409117,-0.00623418227162214));
#5273=CARTESIAN_POINT('Ctrl Pts',(1.15629874568427,1.45245431434229,-0.0842729354745711));
#5274=CARTESIAN_POINT('Ctrl Pts',(1.161235793417,1.54459445783053,-0.0858711466125839));
#5275=CARTESIAN_POINT('Ctrl Pts',(1.16617284114972,1.59628479903238,-0.00957915043356439));
#5276=CARTESIAN_POINT('Ctrl Pts',(1.17110988888244,1.56063914419572,0.0754017246986793));
#5277=CARTESIAN_POINT('Ctrl Pts',(1.17604693661517,1.46999021478778,0.0919887868296137));
#5278=CARTESIAN_POINT('Ctrl Pts',(1.18098398434789,1.40656191830689,0.0251366410780345));
#5279=CARTESIAN_POINT('Ctrl Pts',(1.18592103208062,1.42788749867035,-0.0645159684772637));
#5280=CARTESIAN_POINT('Ctrl Pts',(1.19085807981334,1.51462332354246,-0.0956486485713258));
#5281=CARTESIAN_POINT('Ctrl Pts',(1.19579512754606,1.58809502574977,-0.0400225889951423));
#5282=CARTESIAN_POINT('Ctrl Pts',(1.20073217527879,1.5816591578479,0.0519068114598119));
#5283=CARTESIAN_POINT('Ctrl Pts',(1.20566922301151,1.50115397835825,0.0967527567353673));
#5284=CARTESIAN_POINT('Ctrl Pts',(1.21060627074423,1.41960136425874,0.053840082298249));
#5285=CARTESIAN_POINT('Ctrl Pts',(1.21554331847696,1.41097644171089,-0.0379122737309327));
#5286=CARTESIAN_POINT('Ctrl Pts',(1.22048036620968,1.48309842531571,-0.0952689638436987));
#5287=CARTESIAN_POINT('Ctrl Pts',(1.2254174139424,1.57055644406906,-0.0662247322972943));
#5288=CARTESIAN_POINT('Ctrl Pts',(1.23035446167513,1.59400521282671,0.0229160061245253));
#5289=CARTESIAN_POINT('Ctrl Pts',(1.23529150940785,1.53220605177082,0.0912181571271044));
#5290=CARTESIAN_POINT('Ctrl Pts',(1.24022855714058,1.44115426201214,0.0768834933941885));
#5291=CARTESIAN_POINT('Ctrl Pts',(1.2451656048733,1.40355724608496,-0.0073999821460005));
#5292=CARTESIAN_POINT('Ctrl Pts',(1.24845697002845,1.43670943897536,-0.0587747839968667));
#5293=CARTESIAN_POINT('Ctrl Pts',(1.25010265260602,1.46048352111068,-0.0718501591394818));
#5294=CARTESIAN_POINT('Ctrl Pts',(1.25010265260602,1.46048352111068,-0.0718501591394818));
#5295=CARTESIAN_POINT('Ctrl Pts',(1.25010265260602,1.45686607924313,-0.0693352859264225));
#5296=CARTESIAN_POINT('Ctrl Pts',(1.25010265260602,1.45348133656863,-0.0665143826126623));
#5297=CARTESIAN_POINT('Ctrl Pts',(1.25010265260602,1.45034863635433,-0.0634296934044919));
#5298=CARTESIAN_POINT('Ctrl Pts',(1.25010265260602,1.44818808755477,-0.0613022566534956));
#5299=CARTESIAN_POINT('Ctrl Pts',(1.25010265260602,1.44614757163938,-0.0590491776061355));
#5300=CARTESIAN_POINT('Ctrl Pts',(1.25010265260602,1.44423582309385,-0.0566831122069031));
#5301=CARTESIAN_POINT('Ctrl Pts',(1.25010265260602,1.44243447848432,-0.0544536876506894));
#5302=CARTESIAN_POINT('Ctrl Pts',(1.25010265260602,1.44075298237547,-0.0521305960235834));
#5303=CARTESIAN_POINT('Ctrl Pts',(1.25010265260602,1.43919942803754,-0.0497282007247019));
#5304=CARTESIAN_POINT('Ctrl Pts',(1.25010265260602,1.43676546485188,-0.0459643531578148));
#5305=CARTESIAN_POINT('Ctrl Pts',(1.25010265260602,1.43464312419224,-0.0420035688250438));
#5306=CARTESIAN_POINT('Ctrl Pts',(1.25010265260602,1.43286381237284,-0.0378881781858724));
#5307=CARTESIAN_POINT('Ctrl Pts',(1.25010265260602,1.43182288570847,-0.0354806070092607));
#5308=CARTESIAN_POINT('Ctrl Pts',(1.25010265260602,1.43090301798249,-0.0330276898471043));
#5309=CARTESIAN_POINT('Ctrl Pts',(1.25010265260602,1.43011091773895,-0.0305429025317352));
#5310=CARTESIAN_POINT('Ctrl Pts',(1.25010265260602,1.42874191634072,-0.0262483989802086));
#5311=CARTESIAN_POINT('Ctrl Pts',(1.25010265260602,1.42775181028688,-0.0218541155731218));
#5312=CARTESIAN_POINT('Ctrl Pts',(1.25010265260602,1.42717565187735,-0.0174052300077548));
#5313=CARTESIAN_POINT('Ctrl Pts',(1.25010265260602,1.42682609193166,-0.0147060553173778));
#5314=CARTESIAN_POINT('Ctrl Pts',(1.25010265260602,1.42662917511249,-0.0119867829586947));
#5315=CARTESIAN_POINT('Ctrl Pts',(1.25010265260602,1.42659543940979,-0.00925818025586043));
#5316=CARTESIAN_POINT('Ctrl Pts',(1.25010265260602,1.42658014384324,-0.00802104805186324));
#5317=CARTESIAN_POINT('Ctrl Pts',(1.25010265260602,1.42659846980948,-0.00678442394880129));
#5318=CARTESIAN_POINT('Ctrl Pts',(1.25010265260602,1.42665105736398,-0.00555025097410154));
#5319=CARTESIAN_POINT('Ctrl Pts',(1.25010265260602,1.42683128501045,-0.00132050321950342));
#5320=CARTESIAN_POINT('Ctrl Pts',(1.25010265260602,1.4274129877212,0.0028845893748719));
#5321=CARTESIAN_POINT('Ctrl Pts',(1.25010265260602,1.42836801620043,0.00701832209033457));
#5322=CARTESIAN_POINT('Ctrl Pts',(1.25010265260602,1.42902525261716,0.00986309555698658));
#5323=CARTESIAN_POINT('Ctrl Pts',(1.25010265260602,1.42985957443493,0.0126740317090852));
#5324=CARTESIAN_POINT('Ctrl Pts',(1.25010265260602,1.43086452895488,0.0154340649445575));
#5325=CARTESIAN_POINT('Ctrl Pts',(1.25010265260602,1.43169674897365,0.0177196956526714));
#5326=CARTESIAN_POINT('Ctrl Pts',(1.25010265260602,1.43264696389464,0.0199712953093459));
#5327=CARTESIAN_POINT('Ctrl Pts',(1.25010265260602,1.43370368053911,0.0221631234913409));
#5328=CARTESIAN_POINT('Ctrl Pts',(1.25010265260602,1.4362474857302,0.0274394517639308));
#5329=CARTESIAN_POINT('Ctrl Pts',(1.25010265260602,1.43941357696801,0.03239500490795));
#5330=CARTESIAN_POINT('Ctrl Pts',(1.25010265260602,1.44314567364186,0.0368872087980449));
#5331=CARTESIAN_POINT('Ctrl Pts',(1.25010265260602,1.44415226354649,0.0380988084645237));
#5332=CARTESIAN_POINT('Ctrl Pts',(1.25010265260602,1.44520018045571,0.0392764576790252));
#5333=CARTESIAN_POINT('Ctrl Pts',(1.25010265260602,1.44628860003966,0.0404167463502031));
#5334=CARTESIAN_POINT('Ctrl Pts',(0.750102652606024,1.44623069871607,0.0403909168064382));
#5335=CARTESIAN_POINT('Ctrl Pts',(0.750102652606024,1.44226338838358,0.0363131112227484));
#5336=CARTESIAN_POINT('Ctrl Pts',(0.750102652606024,1.43888907214933,0.0317306620220711));
#5337=CARTESIAN_POINT('Ctrl Pts',(0.750102652606024,1.43610592718911,0.0267944929792903));
#5338=CARTESIAN_POINT('Ctrl Pts',(0.750102652606024,1.4347917608356,0.0244636954951642));
#5339=CARTESIAN_POINT('Ctrl Pts',(0.750102652606024,1.43360977179962,0.0220533455711423));
#5340=CARTESIAN_POINT('Ctrl Pts',(0.750102652606024,1.43256214133799,0.0195764159888968));
#5341=CARTESIAN_POINT('Ctrl Pts',(0.750102652606024,1.431781763373,0.0177313557910429));
#5342=CARTESIAN_POINT('Ctrl Pts',(0.750102652606024,1.43107674257946,0.0158504383430427));
#5343=CARTESIAN_POINT('Ctrl Pts',(0.750102652606024,1.43045075155827,0.0139486444147638));
#5344=CARTESIAN_POINT('Ctrl Pts',(0.750102652606024,1.42884408125183,0.00906749479746358));
#5345=CARTESIAN_POINT('Ctrl Pts',(0.750102652606024,1.42774949464465,0.00403403210109138));
#5346=CARTESIAN_POINT('Ctrl Pts',(0.750102652606024,1.42717697655556,-0.00106038162347304));
#5347=CARTESIAN_POINT('Ctrl Pts',(0.750102652606024,1.4269034535165,-0.00349426022177464));
#5348=CARTESIAN_POINT('Ctrl Pts',(0.750102652606024,1.42674939194853,-0.00594229031916162));
#5349=CARTESIAN_POINT('Ctrl Pts',(0.750102652606024,1.42671772905309,-0.00839535442844403));
#5350=CARTESIAN_POINT('Ctrl Pts',(0.750102652606024,1.42668501011533,-0.0109302347923606));
#5351=CARTESIAN_POINT('Ctrl Pts',(0.750102652606024,1.42678335402729,-0.0134622481115803));
#5352=CARTESIAN_POINT('Ctrl Pts',(0.750102652606024,1.42701347332474,-0.015974104585484));
#5353=CARTESIAN_POINT('Ctrl Pts',(0.750102652606024,1.42732027442432,-0.0193229776991141));
#5354=CARTESIAN_POINT('Ctrl Pts',(0.750102652606024,1.42786106891326,-0.0226398009168314));
#5355=CARTESIAN_POINT('Ctrl Pts',(0.750102652606024,1.42864059886255,-0.0259009609950685));
#5356=CARTESIAN_POINT('Ctrl Pts',(0.750102652606024,1.42954349446957,-0.0296782207541698));
#5357=CARTESIAN_POINT('Ctrl Pts',(0.750102652606024,1.43076643588474,-0.0333809779688335));
#5358=CARTESIAN_POINT('Ctrl Pts',(0.750102652606024,1.43228160776932,-0.0369864817517348));
#5359=CARTESIAN_POINT('Ctrl Pts',(0.750102652606024,1.433305187726,-0.0394221931343784));
#5360=CARTESIAN_POINT('Ctrl Pts',(0.750102652606024,1.43445887144908,-0.0418049491650457));
#5361=CARTESIAN_POINT('Ctrl Pts',(0.750102652606024,1.43573076489108,-0.044124415195458));
#5362=CARTESIAN_POINT('Ctrl Pts',(0.750102652606024,1.43779234320339,-0.0478839761040434));
#5363=CARTESIAN_POINT('Ctrl Pts',(0.750102652606024,1.44016529758796,-0.0514805206070797));
#5364=CARTESIAN_POINT('Ctrl Pts',(0.750102652606024,1.44281393112203,-0.054884294385861));
#5365=CARTESIAN_POINT('Ctrl Pts',(0.750102652606024,1.44435539695407,-0.056865240754061));
#5366=CARTESIAN_POINT('Ctrl Pts',(0.750102652606024,1.44598949031634,-0.058779192665273));
#5367=CARTESIAN_POINT('Ctrl Pts',(0.750102652606024,1.447703027258,-0.0606135879007924));
#5368=CARTESIAN_POINT('Ctrl Pts',(0.750102652606024,1.45159665708784,-0.0647818411990527));
#5369=CARTESIAN_POINT('Ctrl Pts',(0.750102652606024,1.45590686215305,-0.0685507847461987));
#5370=CARTESIAN_POINT('Ctrl Pts',(0.750102652606024,1.46056082765813,-0.0718498421045757));
#5371=CARTESIAN_POINT('Ctrl Pts',(0.800181946600026,1.56730819106738,-4.88753888585513E-5));
#5372=CARTESIAN_POINT('Ctrl Pts',(0.799945674377771,1.56733428784833,-0.00323564437133605));
#5373=CARTESIAN_POINT('Ctrl Pts',(0.799709402155516,1.56712732472346,-0.00641900622084265));
#5374=CARTESIAN_POINT('Ctrl Pts',(0.799473129933261,1.56667558650057,-0.0095672420801408));
#5375=CARTESIAN_POINT('Ctrl Pts',(0.797827447355687,1.56352914077818,-0.0314953250951266));
#5376=CARTESIAN_POINT('Ctrl Pts',(0.796181764778112,1.54850768342117,-0.0517193068931444));
#5377=CARTESIAN_POINT('Ctrl Pts',(0.794536082200538,1.52842390982712,-0.0610674184042525));
#5378=CARTESIAN_POINT('Ctrl Pts',(0.792890399622963,1.50834013623306,-0.0704155299153606));
#5379=CARTESIAN_POINT('Ctrl Pts',(0.791244717045389,1.48319404640197,-0.0688877711395589));
#5380=CARTESIAN_POINT('Ctrl Pts',(0.789599034467814,1.46439009186823,-0.0571762365724287));
#5381=CARTESIAN_POINT('Ctrl Pts',(0.787953351890239,1.44558613733449,-0.0454647020052984));
#5382=CARTESIAN_POINT('Ctrl Pts',(0.786307669312664,1.43312431809811,-0.0235693916468396));
#5383=CARTESIAN_POINT('Ctrl Pts',(0.78466198673509,1.43265651879329,-0.00142201919290185));
#5384=CARTESIAN_POINT('Ctrl Pts',(0.783016304157515,1.43218871948848,0.020725353261036));
#5385=CARTESIAN_POINT('Ctrl Pts',(0.781370621579941,1.44371494011523,0.0431247878104528));
#5386=CARTESIAN_POINT('Ctrl Pts',(0.779724939002367,1.46200753903808,0.0556205035166769));
#5387=CARTESIAN_POINT('Ctrl Pts',(0.778079256424792,1.48030013796093,0.068116219222901));
#5388=CARTESIAN_POINT('Ctrl Pts',(0.776433573847217,1.50535911517987,0.0707082160859324));
#5389=CARTESIAN_POINT('Ctrl Pts',(0.774787891269643,1.52581980012249,0.062215028704315));
#5390=CARTESIAN_POINT('Ctrl Pts',(0.773142208692068,1.54628048506512,0.0537218413226976));
#5391=CARTESIAN_POINT('Ctrl Pts',(0.771496526114493,1.56214287773142,0.0341434696964315));
#5392=CARTESIAN_POINT('Ctrl Pts',(0.769850843536919,1.56621229492619,0.0123708767446296));
#5393=CARTESIAN_POINT('Ctrl Pts',(0.769544544557955,1.56696970607505,0.00831850171106272));
#5394=CARTESIAN_POINT('Ctrl Pts',(0.76923824557899,1.56731858873216,0.0041901151627723));
#5395=CARTESIAN_POINT('Ctrl Pts',(0.768931946600026,1.56728153608697,5.56533426669069E-5));
#5396=CARTESIAN_POINT('Ctrl Pts',(0.750102652606024,1.53951647888932,-0.0718501591394827));
#5397=CARTESIAN_POINT('Ctrl Pts',(0.751748335183598,1.56329056102464,-0.0587747839968682));
#5398=CARTESIAN_POINT('Ctrl Pts',(0.755039700338748,1.59644270342088,-0.00739986351796034));
#5399=CARTESIAN_POINT('Ctrl Pts',(0.759976748071471,1.55884577064306,0.0768834365065531));
#5400=CARTESIAN_POINT('Ctrl Pts',(0.764913795804196,1.4677939338926,0.0912182039179052));
#5401=CARTESIAN_POINT('Ctrl Pts',(0.769850843536918,1.40599478266546,0.0229159853606199));
#5402=CARTESIAN_POINT('Ctrl Pts',(0.774787891269643,1.42944354776206,-0.0662247249954479));
#5403=CARTESIAN_POINT('Ctrl Pts',(0.779724939002366,1.516901576678,-0.0952689807177207));
#5404=CARTESIAN_POINT('Ctrl Pts',(0.78466198673509,1.58902356668251,-0.0379122727985345));
#5405=CARTESIAN_POINT('Ctrl Pts',(0.789599034467814,1.58039864324297,0.0538400848276738));
#5406=CARTESIAN_POINT('Ctrl Pts',(0.794536082200537,1.49884602162855,0.096752767304332));
#5407=CARTESIAN_POINT('Ctrl Pts',(0.799473129933262,1.41834083436673,0.0519068155644447));
#5408=CARTESIAN_POINT('Ctrl Pts',(0.804410177665985,1.41190496598226,-0.0400225923340997));
#5409=CARTESIAN_POINT('Ctrl Pts',(0.80934722539871,1.48537667504405,-0.0956486578454441));
#5410=CARTESIAN_POINT('Ctrl Pts',(0.814284273131432,1.5721125081593,-0.064515974437245));
#5411=CARTESIAN_POINT('Ctrl Pts',(0.819221320864157,1.59343809050455,0.0251366433796769));
#5412=CARTESIAN_POINT('Ctrl Pts',(0.82415836859688,1.53000978805304,0.0919887955552103));
#5413=CARTESIAN_POINT('Ctrl Pts',(0.829095416329604,1.43936085007408,0.0754017317977885));
#5414=CARTESIAN_POINT('Ctrl Pts',(0.834032464062328,1.40371519187769,-0.00957915132675216));
#5415=CARTESIAN_POINT('Ctrl Pts',(0.838969511795051,1.4554055379571,-0.0858711547275488));
#5416=CARTESIAN_POINT('Ctrl Pts',(0.843906559527775,1.54754569014818,-0.0842729434292283));
#5417=CARTESIAN_POINT('Ctrl Pts',(0.848843607260498,1.59655909741772,-0.00623418286207606));
#5418=CARTESIAN_POINT('Ctrl Pts',(0.853780654993223,1.55798770668276,0.0774593641612549));
#5419=CARTESIAN_POINT('Ctrl Pts',(0.858717702725946,1.46681804540193,0.0908927149406518));
#5420=CARTESIAN_POINT('Ctrl Pts',(0.86365475045867,1.4057463742957,0.0218810269935433));
#5421=CARTESIAN_POINT('Ctrl Pts',(0.868591798191394,1.43016830196672,-0.0669780271355913));
#5422=CARTESIAN_POINT('Ctrl Pts',(0.873528845924117,1.51793169923222,-0.0950840436087044));
#5423=CARTESIAN_POINT('Ctrl Pts',(0.878465893656842,1.58942998748338,-0.0369432073405345));
#5424=CARTESIAN_POINT('Ctrl Pts',(0.883402941389565,1.57981000142999,0.0547073132734139));
#5425=CARTESIAN_POINT('Ctrl Pts',(0.888339989122289,1.49779763593593,0.0967350894234593));
#5426=CARTESIAN_POINT('Ctrl Pts',(0.893277036855012,1.41778294456771,0.0510184488256509));
#5427=CARTESIAN_POINT('Ctrl Pts',(0.898214084587736,1.41234397262205,-0.0409749185761566));
#5428=CARTESIAN_POINT('Ctrl Pts',(0.90315113232046,1.48641418850766,-0.0958016016843919));
#5429=CARTESIAN_POINT('Ctrl Pts',(0.908088180053184,1.57280753687061,-0.0637305645848767));
#5430=CARTESIAN_POINT('Ctrl Pts',(0.913025227785908,1.59316015423319,0.0261478701390588));
#5431=CARTESIAN_POINT('Ctrl Pts',(0.917962275518631,1.52901101600716,0.0923086600891965));
#5432=CARTESIAN_POINT('Ctrl Pts',(0.922899323251356,1.43854717484619,0.0747400658264647));
#5433=CARTESIAN_POINT('Ctrl Pts',(0.927836370984078,1.40382467132174,-0.0106221612470628));
#5434=CARTESIAN_POINT('Ctrl Pts',(0.932773418716804,1.45633886447866,-0.0863494454915207));
#5435=CARTESIAN_POINT('Ctrl Pts',(0.937710466449526,1.54845628320897,-0.0837526727969706));
#5436=CARTESIAN_POINT('Ctrl Pts',(0.942647514182252,1.59662099453809,-0.00518726918607308));
#5437=CARTESIAN_POINT('Ctrl Pts',(0.947584561914973,1.55714476396028,0.0780833095397216));
#5438=CARTESIAN_POINT('Ctrl Pts',(0.952521609647698,1.46583486138941,0.0905277361822816));
#5439=CARTESIAN_POINT('Ctrl Pts',(0.957458657380421,1.40551475500651,0.0208581816558113));
#5440=CARTESIAN_POINT('Ctrl Pts',(0.962395705113146,1.43089833970157,-0.0677309581412931));
#5441=CARTESIAN_POINT('Ctrl Pts',(0.967332752845869,1.518961206729,-0.0948841073669358));
#5442=CARTESIAN_POINT('Ctrl Pts',(0.972269800578593,1.58982514069467,-0.0359717578562331));
#5443=CARTESIAN_POINT('Ctrl Pts',(0.977206848311316,1.57921237309005,0.0555691140302207));
#5444=CARTESIAN_POINT('Ctrl Pts',(0.982143896044042,1.49674931020039,0.0967055373168585));
#5445=CARTESIAN_POINT('Ctrl Pts',(0.987080943776763,1.4172348147235,0.0501243493648669));
#5446=CARTESIAN_POINT('Ctrl Pts',(0.992017991509488,1.41279322477209,-0.041922564438179));
#5447=CARTESIAN_POINT('Ctrl Pts',(0.996955039242212,1.48745332445013,-0.0959432232459636));
#5448=CARTESIAN_POINT('Ctrl Pts',(1.00189208697494,1.57349399900476,-0.062937702735813));
#5449=CARTESIAN_POINT('Ctrl Pts',(1.00682913470766,1.59287128090775,0.027156042929544));
#5450=CARTESIAN_POINT('Ctrl Pts',(1.01176618244038,1.52800883236943,0.0926176716258741));
#5451=CARTESIAN_POINT('Ctrl Pts',(1.01670323017311,1.4377407205764,0.0740696244164662));
#5452=CARTESIAN_POINT('Ctrl Pts',(1.02164027790583,1.40394544801688,-0.0116639256942688));
#5453=CARTESIAN_POINT('Ctrl Pts',(1.02657732563855,1.4572773205514,-0.0868175911665785));
#5454=CARTESIAN_POINT('Ctrl Pts',(1.03151437337128,1.54936118363997,-0.0832225639557882));
#5455=CARTESIAN_POINT('Ctrl Pts',(1.036451421104,1.59667154125461,-0.00413974581975134));
#5456=CARTESIAN_POINT('Ctrl Pts',(1.04138846883673,1.55629510810856,0.0786980819424797));
#5457=CARTESIAN_POINT('Ctrl Pts',(1.04632551656945,1.46485569094984,0.0901521227855531));
#5458=CARTESIAN_POINT('Ctrl Pts',(1.05126256430217,1.40529423533094,0.0198328859685945));
#5459=CARTESIAN_POINT('Ctrl Pts',(1.0561996120349,1.43163649514463,-0.0684759324464995));
#5460=CARTESIAN_POINT('Ctrl Pts',(1.06113665976762,1.51998848675861,-0.0946730246478235));
#5461=CARTESIAN_POINT('Ctrl Pts',(1.06607370750034,1.59020974172272,-0.0349960825912165));
#5462=CARTESIAN_POINT('Ctrl Pts',(1.07101075523307,1.57860543929573,0.0564243868187817));
#5463=CARTESIAN_POINT('Ctrl Pts',(1.07594780296579,1.49570136633936,0.0966646247555359));
#5464=CARTESIAN_POINT('Ctrl Pts',(1.08088485069852,1.41669640769797,0.0492243615602791));
#5465=CARTESIAN_POINT('Ctrl Pts',(1.08582189843124,1.41325272151589,-0.0428652854552093));
#5466=CARTESIAN_POINT('Ctrl Pts',(1.09075894616396,1.48849393431003,-0.096073573900089));
#5467=CARTESIAN_POINT('Ctrl Pts',(1.09569599389669,1.57417182745023,-0.0621374472940038));
#5468=CARTESIAN_POINT('Ctrl Pts',(1.10063304162941,1.59257149755231,0.0281610255727445));
#5469=CARTESIAN_POINT('Ctrl Pts',(1.10557008936213,1.5270033584013,0.0929158029275758));
#5470=CARTESIAN_POINT('Ctrl Pts',(1.11050713709486,1.43694158019949,0.0733904816979366));
#5471=CARTESIAN_POINT('Ctrl Pts',(1.11544418482758,1.40407750869598,-0.0127043199219161));
#5472=CARTESIAN_POINT('Ctrl Pts',(1.12038123256031,1.45822079545989,-0.0872755379668297));
#5473=CARTESIAN_POINT('Ctrl Pts',(1.12531828029303,1.55026028537872,-0.0826826785600671));
#5474=CARTESIAN_POINT('Ctrl Pts',(1.13025532802575,1.59671073150623,-0.00309173614178106));
#5475=CARTESIAN_POINT('Ctrl Pts',(1.13519237575848,1.55543883900405,0.079303609322008));
#5476=CARTESIAN_POINT('Ctrl Pts',(1.1401294234912,1.46388064907778,0.0897659187703436));
#5477=CARTESIAN_POINT('Ctrl Pts',(1.14506647122392,1.4050848411932,0.0188052604652489));
#5478=CARTESIAN_POINT('Ctrl Pts',(1.15000351895665,1.43238268156832,-0.0692128626451124));
#5479=CARTESIAN_POINT('Ctrl Pts',(1.15494056668937,1.52101341865487,-0.0944508200647883));
#5480=CARTESIAN_POINT('Ctrl Pts',(1.1598776144221,1.59058374536677,-0.034016296506017));
#5481=CARTESIAN_POINT('Ctrl Pts',(1.16481466215482,1.57798927138214,0.0572730318301977));
#5482=CARTESIAN_POINT('Ctrl Pts',(1.16975170988754,1.49465392739149,0.0966123552497681));
#5483=CARTESIAN_POINT('Ctrl Pts',(1.17468875762027,1.41616778687322,0.0483185936726939));
#5484=CARTESIAN_POINT('Ctrl Pts',(1.17962580535299,1.41372240861444,-0.0438029758430935));
#5485=CARTESIAN_POINT('Ctrl Pts',(1.18456285308571,1.48953589635026,-0.0961926286205262));
#5486=CARTESIAN_POINT('Ctrl Pts',(1.18949990081844,1.57484094158429,-0.061329911285257));
#5487=CARTESIAN_POINT('Ctrl Pts',(1.19443694855116,1.59226084133176,0.029162737237035));
#5488=CARTESIAN_POINT('Ctrl Pts',(1.19937399628389,1.52599470840711,0.0932029460874369));
#5489=CARTESIAN_POINT('Ctrl Pts',(1.20431104401661,1.43614985506009,0.0727028601416063));
#5490=CARTESIAN_POINT('Ctrl Pts',(1.20924809174933,1.40422082322909,-0.0137435010586994));
#5491=CARTESIAN_POINT('Ctrl Pts',(1.21418513948206,1.45916920698449,-0.0877226851998219));
#5492=CARTESIAN_POINT('Ctrl Pts',(1.21912218721478,1.55115342678261,-0.0821341507177974));
#5493=CARTESIAN_POINT('Ctrl Pts',(1.22405923494751,1.59673867036582,-0.00204126712776962));
#5494=CARTESIAN_POINT('Ctrl Pts',(1.22899628268023,1.55457584249709,0.0798957167784597));
#5495=CARTESIAN_POINT('Ctrl Pts',(1.23393333041295,1.46291027093872,0.0893772041722618));
#5496=CARTESIAN_POINT('Ctrl Pts',(1.23887037814568,1.40488577137763,0.0177596904062487));
#5497=CARTESIAN_POINT('Ctrl Pts',(1.2438074258784,1.43313845339578,-0.0699107955683542));
#5498=CARTESIAN_POINT('Ctrl Pts',(1.24874447361112,1.52203239268266,-0.0942786040547623));
#5499=CARTESIAN_POINT('Ctrl Pts',(1.25368152134385,1.59095690092864,-0.0329058398969385));
#5500=CARTESIAN_POINT('Ctrl Pts',(1.256972886499,1.58185856764647,0.0275562749450156));
#5501=CARTESIAN_POINT('Ctrl Pts',(1.25861856907657,1.56556256810828,0.0492498872663472));
#5502=CARTESIAN_POINT('Ctrl Pts',(0.747264013782508,1.53714709651689,-0.0675420692745502));
#5503=CARTESIAN_POINT('Ctrl Pts',(0.748909696360083,1.55949570015019,-0.0552506851211778));
#5504=CARTESIAN_POINT('Ctrl Pts',(0.752201061515233,1.59066006165073,-0.00695617145960279));
#5505=CARTESIAN_POINT('Ctrl Pts',(0.757138109247955,1.55531741650897,0.0722735567138474));
#5506=CARTESIAN_POINT('Ctrl Pts',(0.76207515698068,1.46972498866936,0.0857488207946408));
#5507=CARTESIAN_POINT('Ctrl Pts',(0.767012204713403,1.41163127435523,0.0215419588378431));
#5508=CARTESIAN_POINT('Ctrl Pts',(0.771949252446127,1.43367406674787,-0.0622539325029728));
#5509=CARTESIAN_POINT('Ctrl Pts',(0.776886300178851,1.51588816913328,-0.0895567135427109));
#5510=CARTESIAN_POINT('Ctrl Pts',(0.781823347911574,1.58368577152573,-0.0356390765251832));
#5511=CARTESIAN_POINT('Ctrl Pts',(0.786760395644299,1.57557799288592,0.0506118694140879));
#5512=CARTESIAN_POINT('Ctrl Pts',(0.791697443377021,1.49891521342114,0.0909515353601333));
#5513=CARTESIAN_POINT('Ctrl Pts',(0.796634491109747,1.42323706482645,0.0487945177184711));
#5514=CARTESIAN_POINT('Ctrl Pts',(0.801571538842468,1.41718708692438,-0.0376228626739614));
#5515=CARTESIAN_POINT('Ctrl Pts',(0.806508586575194,1.4862534800973,-0.0899136254768006));
#5516=CARTESIAN_POINT('Ctrl Pts',(0.811445634307917,1.56778868907251,-0.0606476375168572));
#5517=CARTESIAN_POINT('Ctrl Pts',(0.816382682040641,1.58783560337063,0.0236294676464078));
#5518=CARTESIAN_POINT('Ctrl Pts',(0.821319729773364,1.52821042067995,0.0864732082585709));
#5519=CARTESIAN_POINT('Ctrl Pts',(0.826256777506089,1.44299673406353,0.0708806940557099));
#5520=CARTESIAN_POINT('Ctrl Pts',(0.831193825238812,1.40948836634844,-0.00900479058880242));
#5521=CARTESIAN_POINT('Ctrl Pts',(0.836130872971536,1.45807939289667,-0.0807223750865025));
#5522=CARTESIAN_POINT('Ctrl Pts',(0.841067920704259,1.54469488149093,-0.0792199914981423));
#5523=CARTESIAN_POINT('Ctrl Pts',(0.846004968436983,1.59076947673922,-0.00586038425767911));
#5524=CARTESIAN_POINT('Ctrl Pts',(0.850942016169708,1.55451080150565,0.0728149521209605));
#5525=CARTESIAN_POINT('Ctrl Pts',(0.855879063902431,1.46880761381787,0.0854428479247633));
#5526=CARTESIAN_POINT('Ctrl Pts',(0.860816111635154,1.41139776038976,0.0205690559013128));
#5527=CARTESIAN_POINT('Ctrl Pts',(0.865753159367879,1.43435536516181,-0.0629620671367458));
#5528=CARTESIAN_POINT('Ctrl Pts',(0.870690207100602,1.51685652620915,-0.0893828651424668));
#5529=CARTESIAN_POINT('Ctrl Pts',(0.875627254833327,1.58406782359973,-0.0347281156017584));
#5530=CARTESIAN_POINT('Ctrl Pts',(0.880564302566048,1.57502464565319,0.0514270994062724));
#5531=CARTESIAN_POINT('Ctrl Pts',(0.885501350298775,1.49792968825278,0.0909349174335001));
#5532=CARTESIAN_POINT('Ctrl Pts',(0.890438398031495,1.42271262573692,0.0479594168715359));
#5533=CARTESIAN_POINT('Ctrl Pts',(0.895375445764222,1.41759977101158,-0.0385180880539439));
#5534=CARTESIAN_POINT('Ctrl Pts',(0.900312493496944,1.48722878492844,-0.0900573989026407));
#5535=CARTESIAN_POINT('Ctrl Pts',(0.905249541229669,1.56844204431434,-0.0599093203284012));
#5536=CARTESIAN_POINT('Ctrl Pts',(0.910186588962392,1.58757433197734,0.0245800619070056));
#5537=CARTESIAN_POINT('Ctrl Pts',(0.915123636695117,1.52727153435633,0.0867738939231412));
#5538=CARTESIAN_POINT('Ctrl Pts',(0.920060684427838,1.4422318462731,0.0702587011456748));
#5539=CARTESIAN_POINT('Ctrl Pts',(0.924997732160565,1.40959128147623,-0.00998526231267158));
#5540=CARTESIAN_POINT('Ctrl Pts',(0.929934779893286,1.45895675776703,-0.0811719878473502));
#5541=CARTESIAN_POINT('Ctrl Pts',(0.934871827626012,1.54555087598404,-0.0787309159546073));
#5542=CARTESIAN_POINT('Ctrl Pts',(0.939808875358734,1.59082766254852,-0.0048762428447698));
#5543=CARTESIAN_POINT('Ctrl Pts',(0.944745923091459,1.55371840108054,0.0734014861403524));
#5544=CARTESIAN_POINT('Ctrl Pts',(0.949682970824182,1.46788338087928,0.0850997530553604));
#5545=CARTESIAN_POINT('Ctrl Pts',(0.954620018556907,1.4111800288425,0.0196075397047659));
#5546=CARTESIAN_POINT('Ctrl Pts',(0.959557066289629,1.43504163030889,-0.0636698528890569));
#5547=CARTESIAN_POINT('Ctrl Pts',(0.964494114022355,1.51782430510602,-0.0891949169477149));
#5548=CARTESIAN_POINT('Ctrl Pts',(0.969431161755076,1.58443928368147,-0.0338149135966987));
#5549=CARTESIAN_POINT('Ctrl Pts',(0.974368209487801,1.57446285071981,0.052237227150222));
#5550=CARTESIAN_POINT('Ctrl Pts',(0.979305257220525,1.4969442194465,0.0909071372519901));
#5551=CARTESIAN_POINT('Ctrl Pts',(0.984242304953248,1.42219736140167,0.0471189270328924));
#5552=CARTESIAN_POINT('Ctrl Pts',(0.989179352685973,1.4180220862949,-0.0394089136864344));
#5553=CARTESIAN_POINT('Ctrl Pts',(0.994116400418696,1.48820561495566,-0.090190528927492));
#5554=CARTESIAN_POINT('Ctrl Pts',(0.99905344815142,1.56908734662541,-0.0591639979601249));
#5555=CARTESIAN_POINT('Ctrl Pts',(1.00399049588414,1.5873027793086,0.0255277853126956));
#5556=CARTESIAN_POINT('Ctrl Pts',(1.00892754361687,1.52632944099769,0.0870643773290627));
#5557=CARTESIAN_POINT('Ctrl Pts',(1.01386459134959,1.44147374647679,0.0696284589665604));
#5558=CARTESIAN_POINT('Ctrl Pts',(1.01880163908231,1.40970481647928,-0.0109645632411936));
#5559=CARTESIAN_POINT('Ctrl Pts',(1.02373868681504,1.45983894462403,-0.0816120638122165));
#5560=CARTESIAN_POINT('Ctrl Pts',(1.02867573454776,1.54640151917376,-0.078232592094756));
#5561=CARTESIAN_POINT('Ctrl Pts',(1.03361278228049,1.59087517851678,-0.00389152829817669));
#5562=CARTESIAN_POINT('Ctrl Pts',(1.03854983001321,1.55291969004108,0.0739793971896931));
#5563=CARTESIAN_POINT('Ctrl Pts',(1.04348687774593,1.4669629208624,0.0847466611935983));
#5564=CARTESIAN_POINT('Ctrl Pts',(1.04842392547866,1.41097273138325,0.0186437200800957));
#5565=CARTESIAN_POINT('Ctrl Pts',(1.05336097321138,1.43573552643169,-0.0643701590194592));
#5566=CARTESIAN_POINT('Ctrl Pts',(1.0582980209441,1.5187899900932,-0.0889964906111511));
#5567=CARTESIAN_POINT('Ctrl Pts',(1.06323506867683,1.58480082428203,-0.0328977391859869));
#5568=CARTESIAN_POINT('Ctrl Pts',(1.06817211640955,1.57389230828105,0.0530412183386558));
#5569=CARTESIAN_POINT('Ctrl Pts',(1.07310916414228,1.49595910961779,0.0908686777812346));
#5570=CARTESIAN_POINT('Ctrl Pts',(1.078046211875,1.4216912369112,0.0462729019117097));
#5571=CARTESIAN_POINT('Ctrl Pts',(1.08298325960772,1.4184540319128,-0.0402951097644355));
#5572=CARTESIAN_POINT('Ctrl Pts',(1.08792030734045,1.48918383052518,-0.0903130638411771));
#5573=CARTESIAN_POINT('Ctrl Pts',(1.09285735507317,1.56972453291815,-0.0584117253141152));
#5574=CARTESIAN_POINT('Ctrl Pts',(1.09779440280589,1.58702097076818,0.0264725098502569));
#5575=CARTESIAN_POINT('Ctrl Pts',(1.10273145053862,1.52538425459472,0.087344632871821));
#5576=CARTESIAN_POINT('Ctrl Pts',(1.10766849827134,1.44072252203713,0.068990037203715));
#5577=CARTESIAN_POINT('Ctrl Pts',(1.11260554600407,1.40982895888596,-0.0119425761076304));
#5578=CARTESIAN_POINT('Ctrl Pts',(1.11754259373679,1.46072584939065,-0.0820425524201761));
#5579=CARTESIAN_POINT('Ctrl Pts',(1.12247964146951,1.54724671135703,-0.0777250778762175));
#5580=CARTESIAN_POINT('Ctrl Pts',(1.12741668920224,1.5909120189464,-0.00290635659886509));
#5581=CARTESIAN_POINT('Ctrl Pts',(1.13235373693496,1.55211476227515,0.0745486175413837));
#5582=CARTESIAN_POINT('Ctrl Pts',(1.13729078466768,1.46604634186681,0.0843836137199513));
#5583=CARTESIAN_POINT('Ctrl Pts',(1.14222783240041,1.41077589238182,0.0176777103335563));
#5584=CARTESIAN_POINT('Ctrl Pts',(1.14716488013313,1.43643697200274,-0.0650629033626675));
#5585=CARTESIAN_POINT('Ctrl Pts',(1.15210192786586,1.51975346773959,-0.0887876092703913));
#5586=CARTESIAN_POINT('Ctrl Pts',(1.15703897559858,1.58515240291083,-0.0319767004371968));
#5587=CARTESIAN_POINT('Ctrl Pts',(1.16197602333131,1.5733130853948,0.0538389791471516));
#5588=CARTESIAN_POINT('Ctrl Pts',(1.16691307106403,1.49497447442798,0.0908195423210363));
#5589=CARTESIAN_POINT('Ctrl Pts',(1.17185011879675,1.42119431184729,0.0454214432775468));
#5590=CARTESIAN_POINT('Ctrl Pts',(1.17678716652947,1.41889555687841,-0.041176576846542));
#5591=CARTESIAN_POINT('Ctrl Pts',(1.1817242142622,1.49016331719917,-0.0904249801180107));
#5592=CARTESIAN_POINT('Ctrl Pts',(1.18666126199492,1.57035352740393,-0.0576526086392262));
#5593=CARTESIAN_POINT('Ctrl Pts',(1.19159830972765,1.58672894129256,0.0274141595346765));
#5594=CARTESIAN_POINT('Ctrl Pts',(1.19653535746037,1.52443608259815,0.0876145591145766));
#5595=CARTESIAN_POINT('Ctrl Pts',(1.2014724051931,1.43997826822214,0.0683436449886688));
#5596=CARTESIAN_POINT('Ctrl Pts',(1.20640945292582,1.40996368037287,-0.0129194486193422));
#5597=CARTESIAN_POINT('Ctrl Pts',(1.21134650065854,1.46161739477708,-0.0824628889959057));
#5598=CARTESIAN_POINT('Ctrl Pts',(1.21628354839126,1.54808630058325,-0.077209439406604));
#5599=CARTESIAN_POINT('Ctrl Pts',(1.22122059612399,1.59093828261014,-0.001918873023702));
#5600=CARTESIAN_POINT('Ctrl Pts',(1.22615764385671,1.55130351047745,0.0751052226198571));
#5601=CARTESIAN_POINT('Ctrl Pts',(1.23109469158944,1.46513414696983,0.084018206196348));
#5602=CARTESIAN_POINT('Ctrl Pts',(1.23603173932216,1.41058875866291,0.0166948319752482));
#5603=CARTESIAN_POINT('Ctrl Pts',(1.24096878705488,1.43714742824298,-0.0657189886817718));
#5604=CARTESIAN_POINT('Ctrl Pts',(1.24590583478761,1.52071134474742,-0.0886257192203161));
#5605=CARTESIAN_POINT('Ctrl Pts',(1.25084288252033,1.58550318430792,-0.0309328260841504));
#5606=CARTESIAN_POINT('Ctrl Pts',(1.25413424767548,1.57695038117173,0.025904019676833));
#5607=CARTESIAN_POINT('Ctrl Pts',(1.25577993025306,1.56163147916683,0.0462968971130441));
#5608=CARTESIAN_POINT('Ctrl Pts',(0.744425374958993,1.53477771414446,-0.0632339794096176));
#5609=CARTESIAN_POINT('Ctrl Pts',(0.746071057536567,1.55570083927575,-0.0517265862454874));
#5610=CARTESIAN_POINT('Ctrl Pts',(0.749362422691716,1.58487741988057,-0.00651247940124524));
#5611=CARTESIAN_POINT('Ctrl Pts',(0.754299470424439,1.55178906237488,0.0676636769211416));
#5612=CARTESIAN_POINT('Ctrl Pts',(0.759236518157165,1.47165604344613,0.0802794376713764));
#5613=CARTESIAN_POINT('Ctrl Pts',(0.764173565889886,1.41726776604501,0.0201679323150662));
#5614=CARTESIAN_POINT('Ctrl Pts',(0.769110613622612,1.43790458573368,-0.0582831400104976));
#5615=CARTESIAN_POINT('Ctrl Pts',(0.774047661355334,1.51487476158856,-0.0838444463677011));
#5616=CARTESIAN_POINT('Ctrl Pts',(0.77898470908806,1.57834797636895,-0.0333658802518319));
#5617=CARTESIAN_POINT('Ctrl Pts',(0.783921756820782,1.57075734252887,0.0473836540005019));
#5618=CARTESIAN_POINT('Ctrl Pts',(0.788858804553506,1.49898440521374,0.0851503034159348));
#5619=CARTESIAN_POINT('Ctrl Pts',(0.793795852286231,1.42813329528617,0.0456822198724975));
#5620=CARTESIAN_POINT('Ctrl Pts',(0.798732900018953,1.4224692078665,-0.0352231330138232));
#5621=CARTESIAN_POINT('Ctrl Pts',(0.803669947751679,1.48713028515056,-0.0841785931081569));
#5622=CARTESIAN_POINT('Ctrl Pts',(0.8086069954844,1.56346486998572,-0.0567793005964694));
#5623=CARTESIAN_POINT('Ctrl Pts',(0.813544043217126,1.58223311623672,0.0221222919131387));
#5624=CARTESIAN_POINT('Ctrl Pts',(0.818481090949848,1.52641105330685,0.0809576209619316));
#5625=CARTESIAN_POINT('Ctrl Pts',(0.823418138682573,1.446632618053,0.0663596563136313));
#5626=CARTESIAN_POINT('Ctrl Pts',(0.828355186415297,1.41526154081918,-0.00843042985085265));
#5627=CARTESIAN_POINT('Ctrl Pts',(0.833292234148018,1.46075324783623,-0.0755735954454563));
#5628=CARTESIAN_POINT('Ctrl Pts',(0.838229281880745,1.54184407283367,-0.0741670395670563));
#5629=CARTESIAN_POINT('Ctrl Pts',(0.843166329613467,1.58497985606072,-0.00548658565328207));
#5630=CARTESIAN_POINT('Ctrl Pts',(0.848103377346192,1.55103389632853,0.0681705400806659));
#5631=CARTESIAN_POINT('Ctrl Pts',(0.853040425078916,1.47079718223381,0.0799929809088749));
#5632=CARTESIAN_POINT('Ctrl Pts',(0.857977472811638,1.41704914648382,0.0192570848090822));
#5633=CARTESIAN_POINT('Ctrl Pts',(0.862914520544364,1.4385424283569,-0.0589461071379002));
#5634=CARTESIAN_POINT('Ctrl Pts',(0.867851568277086,1.51578135318607,-0.0836816866762294));
#5635=CARTESIAN_POINT('Ctrl Pts',(0.872788616009811,1.57870565971607,-0.0325130238629823));
#5636=CARTESIAN_POINT('Ctrl Pts',(0.877725663742534,1.57023928987639,0.0481468855391309));
#5637=CARTESIAN_POINT('Ctrl Pts',(0.882662711475258,1.49806174056963,0.0851347454435408));
#5638=CARTESIAN_POINT('Ctrl Pts',(0.887599759207981,1.42764230690614,0.0449003849174209));
#5639=CARTESIAN_POINT('Ctrl Pts',(0.892536806940706,1.42285556940111,-0.0360612575317311));
#5640=CARTESIAN_POINT('Ctrl Pts',(0.897473854673429,1.48804338134922,-0.0843131961208894));
#5641=CARTESIAN_POINT('Ctrl Pts',(0.902410902406153,1.56407655175807,-0.0560880760719258));
#5642=CARTESIAN_POINT('Ctrl Pts',(0.907347950138876,1.58198850972149,0.0230122536749525));
#5643=CARTESIAN_POINT('Ctrl Pts',(0.912284997871601,1.52553205270549,0.081239127757086));
#5644=CARTESIAN_POINT('Ctrl Pts',(0.917222045604323,1.4459165177,0.0657773364648849));
#5645=CARTESIAN_POINT('Ctrl Pts',(0.922159093337049,1.41535789163072,-0.00934836337828043));
#5646=CARTESIAN_POINT('Ctrl Pts',(0.927096141069771,1.46157465105541,-0.0759945302031796));
#5647=CARTESIAN_POINT('Ctrl Pts',(0.932033188802496,1.54264546875911,-0.0737091591122441));
#5648=CARTESIAN_POINT('Ctrl Pts',(0.936970236535218,1.58503433055894,-0.00456521650346643));
#5649=CARTESIAN_POINT('Ctrl Pts',(0.941907284267943,1.55029203820081,0.068719662740983));
#5650=CARTESIAN_POINT('Ctrl Pts',(0.946844332000667,1.46993190036914,0.0796717699284393));
#5651=CARTESIAN_POINT('Ctrl Pts',(0.95178137973339,1.41684530267849,0.0183568977537204));
#5652=CARTESIAN_POINT('Ctrl Pts',(0.956718427466114,1.43918492091621,-0.0596087476368207));
#5653=CARTESIAN_POINT('Ctrl Pts',(0.961655475198838,1.51668740348304,-0.083505726528494));
#5654=CARTESIAN_POINT('Ctrl Pts',(0.966592522931562,1.57905342666828,-0.0316580693371642));
#5655=CARTESIAN_POINT('Ctrl Pts',(0.971529570664285,1.56971332834957,0.0489053402702232));
#5656=CARTESIAN_POINT('Ctrl Pts',(0.976466618397009,1.49713912869262,0.0851087371871218));
#5657=CARTESIAN_POINT('Ctrl Pts',(0.981403666129733,1.42715990807983,0.0441135047009178));
#5658=CARTESIAN_POINT('Ctrl Pts',(0.986340713862456,1.42325094781771,-0.0368952629346897));
#5659=CARTESIAN_POINT('Ctrl Pts',(0.991277761595181,1.48895790546119,-0.0844378346090206));
#5660=CARTESIAN_POINT('Ctrl Pts',(0.996214809327904,1.56468069424606,-0.0553902931844367));
#5661=CARTESIAN_POINT('Ctrl Pts',(1.00115185706063,1.58173427770946,0.023899527695847));
#5662=CARTESIAN_POINT('Ctrl Pts',(1.00608890479335,1.52465004962594,0.0815110830322514));
#5663=CARTESIAN_POINT('Ctrl Pts',(1.01102595252608,1.4452067723772,0.0651872935166546));
#5664=CARTESIAN_POINT('Ctrl Pts',(1.0159630002588,1.41546418494169,-0.0102652007881183));
#5665=CARTESIAN_POINT('Ctrl Pts',(1.02090004799152,1.46240056869666,-0.0764065364578545));
#5666=CARTESIAN_POINT('Ctrl Pts',(1.02583709572425,1.54344185470754,-0.0732426202337238));
#5667=CARTESIAN_POINT('Ctrl Pts',(1.03077414345697,1.58507881577895,-0.00364331077660203));
#5668=CARTESIAN_POINT('Ctrl Pts',(1.0357111911897,1.54954427197359,0.0692607124369064));
#5669=CARTESIAN_POINT('Ctrl Pts',(1.04064823892242,1.46907015077496,0.0793411996016436));
#5670=CARTESIAN_POINT('Ctrl Pts',(1.04558528665514,1.41665122743556,0.0174545541915968));
#5671=CARTESIAN_POINT('Ctrl Pts',(1.05052233438787,1.43983455771875,-0.060264385592419));
#5672=CARTESIAN_POINT('Ctrl Pts',(1.05545938212059,1.5175914934278,-0.0833199565744786));
#5673=CARTESIAN_POINT('Ctrl Pts',(1.06039642985331,1.57939190684133,-0.0307993957807573));
#5674=CARTESIAN_POINT('Ctrl Pts',(1.06533347758604,1.56917917726637,0.0496580498585298));
#5675=CARTESIAN_POINT('Ctrl Pts',(1.07027052531876,1.49621685289622,0.0850727308069335));
#5676=CARTESIAN_POINT('Ctrl Pts',(1.07520757305148,1.42668606612443,0.0433214422631403));
#5677=CARTESIAN_POINT('Ctrl Pts',(1.08014462078421,1.42365534230971,-0.0377249340736616));
#5678=CARTESIAN_POINT('Ctrl Pts',(1.08508166851693,1.48987372674033,-0.0845525537822651));
#5679=CARTESIAN_POINT('Ctrl Pts',(1.09001871624966,1.56527723838607,-0.0546860033342266));
#5680=CARTESIAN_POINT('Ctrl Pts',(1.09495576398238,1.58147044398405,0.0247839941277694));
#5681=CARTESIAN_POINT('Ctrl Pts',(1.0998928117151,1.52376515078814,0.0817734628160662));
#5682=CARTESIAN_POINT('Ctrl Pts',(1.10482985944783,1.44450346387476,0.0645895927094934));
#5683=CARTESIAN_POINT('Ctrl Pts',(1.10976690718055,1.41558040907594,-0.0111808322933445));
#5684=CARTESIAN_POINT('Ctrl Pts',(1.11470395491327,1.46323090332141,-0.0768095668735226));
#5685=CARTESIAN_POINT('Ctrl Pts',(1.119641002646,1.54423313733534,-0.0727674771923677));
#5686=CARTESIAN_POINT('Ctrl Pts',(1.12457805037872,1.58511330638658,-0.0027209770559493));
#5687=CARTESIAN_POINT('Ctrl Pts',(1.12951509811145,1.54879068554625,0.0697936257607596));
#5688=CARTESIAN_POINT('Ctrl Pts',(1.13445214584417,1.46821203465585,0.0790013086695589));
#5689=CARTESIAN_POINT('Ctrl Pts',(1.13938919357689,1.41646694357044,0.0165501602018637));
#5690=CARTESIAN_POINT('Ctrl Pts',(1.14432624130962,1.44049126243716,-0.0609129440802226));
#5691=CARTESIAN_POINT('Ctrl Pts',(1.14926328904234,1.51849351682431,-0.0831243984759944));
#5692=CARTESIAN_POINT('Ctrl Pts',(1.15420033677506,1.5797210604549,-0.0299371043683764));
#5693=CARTESIAN_POINT('Ctrl Pts',(1.15913738450779,1.56863689940746,0.0504049264641053));
#5694=CARTESIAN_POINT('Ctrl Pts',(1.16407443224051,1.49529502146446,0.0850267293923045));
#5695=CARTESIAN_POINT('Ctrl Pts',(1.16901147997324,1.42622083682135,0.0425242928823997));
#5696=CARTESIAN_POINT('Ctrl Pts',(1.17394852770596,1.42406870514238,-0.0385501778499905));
#5697=CARTESIAN_POINT('Ctrl Pts',(1.17888557543868,1.49079073804809,-0.0846573316154954));
#5698=CARTESIAN_POINT('Ctrl Pts',(1.18382262317141,1.56586611322357,-0.0539753059931954));
#5699=CARTESIAN_POINT('Ctrl Pts',(1.18875967090413,1.58119704125336,0.0256655818323178));
#5700=CARTESIAN_POINT('Ctrl Pts',(1.19369671863685,1.52287745678918,0.0820261721417163));
#5701=CARTESIAN_POINT('Ctrl Pts',(1.19863376636958,1.44380668138419,0.0639844298357312));
#5702=CARTESIAN_POINT('Ctrl Pts',(1.2035708141023,1.41570653751665,-0.0120953961799851));
#5703=CARTESIAN_POINT('Ctrl Pts',(1.20850786183503,1.46406558256968,-0.0772030927919894));
#5704=CARTESIAN_POINT('Ctrl Pts',(1.21344490956775,1.54501917438389,-0.0722847280954109));
#5705=CARTESIAN_POINT('Ctrl Pts',(1.21838195730047,1.58513789485447,-0.00179647891963425));
#5706=CARTESIAN_POINT('Ctrl Pts',(1.2233190050332,1.54803117845781,0.0703147284612545));
#5707=CARTESIAN_POINT('Ctrl Pts',(1.22825605276592,1.46735802300094,0.0786592082204342));
#5708=CARTESIAN_POINT('Ctrl Pts',(1.23319310049864,1.4162917459482,0.0156299735442476));
#5709=CARTESIAN_POINT('Ctrl Pts',(1.23813014823137,1.44115640309018,-0.0615271817951894));
#5710=CARTESIAN_POINT('Ctrl Pts',(1.24306719596409,1.51939029681218,-0.0829728343858699));
#5711=CARTESIAN_POINT('Ctrl Pts',(1.24800424369682,1.5800494676872,-0.0289598122713622));
#5712=CARTESIAN_POINT('Ctrl Pts',(1.25129560885197,1.57204219469699,0.0242517644086503));
#5713=CARTESIAN_POINT('Ctrl Pts',(1.25294129142954,1.55770039022538,0.0433439069597409));
#5714=CARTESIAN_POINT('Ctrl Pts',(0.741586736135477,1.53240833177203,-0.0589258895446851));
#5715=CARTESIAN_POINT('Ctrl Pts',(0.743232418713051,1.5519059784013,-0.048202487369797));
#5716=CARTESIAN_POINT('Ctrl Pts',(0.746523783868201,1.57909477811042,-0.0060687873428877));
#5717=CARTESIAN_POINT('Ctrl Pts',(0.751460831600924,1.5482607082408,0.0630537971284359));
#5718=CARTESIAN_POINT('Ctrl Pts',(0.756397879333648,1.47358709822289,0.074810054548112));
#5719=CARTESIAN_POINT('Ctrl Pts',(0.761334927066371,1.42290425773478,0.0187939057922894));
#5720=CARTESIAN_POINT('Ctrl Pts',(0.766271974799096,1.44213510471949,-0.0543123475180225));
#5721=CARTESIAN_POINT('Ctrl Pts',(0.771209022531819,1.51386135404385,-0.0781321791926913));
#5722=CARTESIAN_POINT('Ctrl Pts',(0.776146070264544,1.57301018121218,-0.0310926839784806));
#5723=CARTESIAN_POINT('Ctrl Pts',(0.781083117997267,1.56593669217183,0.044155438586916));
#5724=CARTESIAN_POINT('Ctrl Pts',(0.786020165729991,1.49905359700634,0.0793490714717363));
#5725=CARTESIAN_POINT('Ctrl Pts',(0.790957213462714,1.43302952574589,0.0425699220265238));
#5726=CARTESIAN_POINT('Ctrl Pts',(0.795894261195438,1.42775132880862,-0.0328234033536849));
#5727=CARTESIAN_POINT('Ctrl Pts',(0.800831308928162,1.48800709020381,-0.0784435607395133));
#5728=CARTESIAN_POINT('Ctrl Pts',(0.805768356660886,1.55914105089893,-0.0529109636760816));
#5729=CARTESIAN_POINT('Ctrl Pts',(0.810705404393609,1.57663062910281,0.0206151161798696));
#5730=CARTESIAN_POINT('Ctrl Pts',(0.815642452126333,1.52461168593375,0.0754420336652922));
#5731=CARTESIAN_POINT('Ctrl Pts',(0.820579499859056,1.45026850204246,0.0618386185715527));
#5732=CARTESIAN_POINT('Ctrl Pts',(0.825516547591782,1.42103471528993,-0.00785606911290292));
#5733=CARTESIAN_POINT('Ctrl Pts',(0.830453595324503,1.46342710277579,-0.0704248158044101));
#5734=CARTESIAN_POINT('Ctrl Pts',(0.835390643057229,1.53899326417641,-0.0691140876359703));
#5735=CARTESIAN_POINT('Ctrl Pts',(0.840327690789952,1.57919023538221,-0.00511278704888512));
#5736=CARTESIAN_POINT('Ctrl Pts',(0.845264738522675,1.54755699115141,0.0635261280403713));
#5737=CARTESIAN_POINT('Ctrl Pts',(0.8502017862554,1.47278675064975,0.0745431138929864));
#5738=CARTESIAN_POINT('Ctrl Pts',(0.855138833988122,1.42270053257788,0.0179451137168516));
#5739=CARTESIAN_POINT('Ctrl Pts',(0.860075881720848,1.44272949155197,-0.0549301471390547));
#5740=CARTESIAN_POINT('Ctrl Pts',(0.865012929453569,1.51470618016301,-0.0779805082099919));
#5741=CARTESIAN_POINT('Ctrl Pts',(0.869949977186296,1.57334349583241,-0.0302979321242062));
#5742=CARTESIAN_POINT('Ctrl Pts',(0.874887024919018,1.5654539340996,0.0448666716719894));
#5743=CARTESIAN_POINT('Ctrl Pts',(0.879824072651742,1.49819379288648,0.0793345734535816));
#5744=CARTESIAN_POINT('Ctrl Pts',(0.884761120384466,1.43257198807535,0.0418413529633058));
#5745=CARTESIAN_POINT('Ctrl Pts',(0.88969816811719,1.42811136779064,-0.0336044270095183));
#5746=CARTESIAN_POINT('Ctrl Pts',(0.894635215849913,1.48885797777,-0.0785689933391381));
#5747=CARTESIAN_POINT('Ctrl Pts',(0.899572263582638,1.55971105920181,-0.0522668318154503));
#5748=CARTESIAN_POINT('Ctrl Pts',(0.90450931131536,1.57640268746563,0.0214444454428994));
#5749=CARTESIAN_POINT('Ctrl Pts',(0.909446359048085,1.52379257105466,0.0757043615910307));
#5750=CARTESIAN_POINT('Ctrl Pts',(0.914383406780807,1.44960118912691,0.0612959717840951));
#5751=CARTESIAN_POINT('Ctrl Pts',(0.919320454513533,1.42112450178521,-0.00871146444388937));
#5752=CARTESIAN_POINT('Ctrl Pts',(0.924257502246255,1.46419254434378,-0.070817072559009));
#5753=CARTESIAN_POINT('Ctrl Pts',(0.92919454997898,1.53974006153419,-0.0686874022698809));
#5754=CARTESIAN_POINT('Ctrl Pts',(0.934131597711702,1.57924099856935,-0.00425419016216311));
#5755=CARTESIAN_POINT('Ctrl Pts',(0.939068645444428,1.54686567532108,0.0640378393416138));
#5756=CARTESIAN_POINT('Ctrl Pts',(0.94400569317715,1.471980419859,0.0742437868015182));
#5757=CARTESIAN_POINT('Ctrl Pts',(0.948942740909876,1.42251057651449,0.017106255802675));
#5758=CARTESIAN_POINT('Ctrl Pts',(0.953879788642598,1.44332821152354,-0.0555476423845845));
#5759=CARTESIAN_POINT('Ctrl Pts',(0.958816836375322,1.51555050186007,-0.0778165361092732));
#5760=CARTESIAN_POINT('Ctrl Pts',(0.963753884108046,1.57366756965508,-0.0295012250776298));
#5761=CARTESIAN_POINT('Ctrl Pts',(0.968690931840769,1.56496380597934,0.0455734533902243));
#5762=CARTESIAN_POINT('Ctrl Pts',(0.973627979573494,1.49733403793873,0.0793103371222535));
#5763=CARTESIAN_POINT('Ctrl Pts',(0.978565027306217,1.432122454758,0.0411080823689432));
#5764=CARTESIAN_POINT('Ctrl Pts',(0.98350207503894,1.42847980934052,-0.0343816121829451));
#5765=CARTESIAN_POINT('Ctrl Pts',(0.988439122771666,1.48971019596672,-0.078685140290549));
#5766=CARTESIAN_POINT('Ctrl Pts',(0.993376170504387,1.56027404186671,-0.0516165884087486));
#5767=CARTESIAN_POINT('Ctrl Pts',(0.998313218237113,1.57616577611032,0.0222712700789986));
#5768=CARTESIAN_POINT('Ctrl Pts',(1.00325026596984,1.5229706582542,0.07595778873544));
#5769=CARTESIAN_POINT('Ctrl Pts',(1.00818731370256,1.44893979827759,0.0607461280667488));
#5770=CARTESIAN_POINT('Ctrl Pts',(1.01312436143528,1.42122355340409,-0.0095658383350431));
#5771=CARTESIAN_POINT('Ctrl Pts',(1.01806140916801,1.46496219276929,-0.0712010091034924));
#5772=CARTESIAN_POINT('Ctrl Pts',(1.02299845690073,1.54048219024132,-0.0682526483726917));
#5773=CARTESIAN_POINT('Ctrl Pts',(1.02793550463346,1.57928245304112,-0.00339509325502731));
#5774=CARTESIAN_POINT('Ctrl Pts',(1.03287255236618,1.54616885390611,0.0645420276841197));
#5775=CARTESIAN_POINT('Ctrl Pts',(1.0378096000989,1.47117738068752,0.073935738009689));
#5776=CARTESIAN_POINT('Ctrl Pts',(1.04274664783162,1.42232972348787,0.0162653883030979));
#5777=CARTESIAN_POINT('Ctrl Pts',(1.04768369556435,1.44393358900581,-0.0561586121653788));
#5778=CARTESIAN_POINT('Ctrl Pts',(1.05262074329707,1.5163929967624,-0.0776434225378061));
#5779=CARTESIAN_POINT('Ctrl Pts',(1.0575577910298,1.57398298940064,-0.0287010523755277));
#5780=CARTESIAN_POINT('Ctrl Pts',(1.06249483876252,1.56446604625168,0.0462748813784039));
#5781=CARTESIAN_POINT('Ctrl Pts',(1.06743188649525,1.49647459617466,0.0792767838326322));
#5782=CARTESIAN_POINT('Ctrl Pts',(1.07236893422797,1.43168089533766,0.040369982614571));
#5783=CARTESIAN_POINT('Ctrl Pts',(1.07730598196069,1.42885665270663,-0.0351547583828877));
#5784=CARTESIAN_POINT('Ctrl Pts',(1.08224302969342,1.49056362295548,-0.0787920437233531));
#5785=CARTESIAN_POINT('Ctrl Pts',(1.08718007742614,1.560829943854,-0.050960281354338));
#5786=CARTESIAN_POINT('Ctrl Pts',(1.09211712515886,1.57591991719992,0.0230954784052819));
#5787=CARTESIAN_POINT('Ctrl Pts',(1.09705417289159,1.52214604698155,0.0762022927603112));
#5788=CARTESIAN_POINT('Ctrl Pts',(1.10199122062431,1.44828440571239,0.0601891482152718));
#5789=CARTESIAN_POINT('Ctrl Pts',(1.10692826835704,1.42133185926591,-0.0104190884790588));
#5790=CARTESIAN_POINT('Ctrl Pts',(1.11186531608976,1.46573595725217,-0.0715765813268691));
#5791=CARTESIAN_POINT('Ctrl Pts',(1.11680236382248,1.54121956331365,-0.067809876508518));
#5792=CARTESIAN_POINT('Ctrl Pts',(1.12173941155521,1.57931459382676,-0.00253559751303339));
#5793=CARTESIAN_POINT('Ctrl Pts',(1.12667645928793,1.54546660881734,0.0650386339801353));
#5794=CARTESIAN_POINT('Ctrl Pts',(1.13161350702065,1.47037772744488,0.0736190036191665));
#5795=CARTESIAN_POINT('Ctrl Pts',(1.13655055475338,1.42215799475905,0.0154226100701712));
#5796=CARTESIAN_POINT('Ctrl Pts',(1.1414876024861,1.44454555287158,-0.0567629847977777));
#5797=CARTESIAN_POINT('Ctrl Pts',(1.14642465021883,1.51723356590903,-0.0774611876815974));
#5798=CARTESIAN_POINT('Ctrl Pts',(1.15136169795155,1.57428971799896,-0.0278975082995561));
#5799=CARTESIAN_POINT('Ctrl Pts',(1.15629874568427,1.56396071342011,0.0469708737810591));
#5800=CARTESIAN_POINT('Ctrl Pts',(1.16123579341699,1.49561556850095,0.0792339164635727));
#5801=CARTESIAN_POINT('Ctrl Pts',(1.16617284114972,1.43124736179542,0.0396271424872526));
#5802=CARTESIAN_POINT('Ctrl Pts',(1.17110988888244,1.42924185340635,-0.035923778853439));
#5803=CARTESIAN_POINT('Ctrl Pts',(1.17604693661517,1.49141815889701,-0.07888968311298));
#5804=CARTESIAN_POINT('Ctrl Pts',(1.18098398434789,1.56137869904321,-0.0502980033471646));
#5805=CARTESIAN_POINT('Ctrl Pts',(1.18592103208062,1.57566514121416,0.0239170041299591));
#5806=CARTESIAN_POINT('Ctrl Pts',(1.19085807981334,1.52131883098022,0.076437785168856));
#5807=CARTESIAN_POINT('Ctrl Pts',(1.19579512754606,1.44763509454624,0.0596252146827936));
#5808=CARTESIAN_POINT('Ctrl Pts',(1.20073217527878,1.42144939466044,-0.0112713437406279));
#5809=CARTESIAN_POINT('Ctrl Pts',(1.20566922301151,1.46651377036228,-0.0719432965880731));
#5810=CARTESIAN_POINT('Ctrl Pts',(1.21060627074423,1.54195204818452,-0.0673600167842176));
#5811=CARTESIAN_POINT('Ctrl Pts',(1.21554331847696,1.57933750709879,-0.00167408481556666));
#5812=CARTESIAN_POINT('Ctrl Pts',(1.22048036620968,1.54475884643817,0.065524234302652));
#5813=CARTESIAN_POINT('Ctrl Pts',(1.22541741394241,1.46958189903206,0.0733002102445202));
#5814=CARTESIAN_POINT('Ctrl Pts',(1.23035446167513,1.42199473323348,0.0145651151132472));
#5815=CARTESIAN_POINT('Ctrl Pts',(1.23529150940785,1.44516537793739,-0.0573353749086071));
#5816=CARTESIAN_POINT('Ctrl Pts',(1.24022855714058,1.51806924887693,-0.0773199495514236));
#5817=CARTESIAN_POINT('Ctrl Pts',(1.2451656048733,1.57459575106648,-0.0269867984585741));
#5818=CARTESIAN_POINT('Ctrl Pts',(1.24845697002845,1.56713400822226,0.0225995091404677));
#5819=CARTESIAN_POINT('Ctrl Pts',(1.25010265260602,1.55376930128393,0.0403909168064378));
#5820=CARTESIAN_POINT('Ctrl Pts',(1.25010265260602,1.55376930128393,0.040390916806437));
#5821=CARTESIAN_POINT('Ctrl Pts',(1.25010265260602,1.55700212627708,0.0370680530263592));
#5822=CARTESIAN_POINT('Ctrl Pts',(1.25010265260602,1.55984448414109,0.0334053608778789));
#5823=CARTESIAN_POINT('Ctrl Pts',(1.25010265260602,1.56229627468199,0.0294841993931604));
#5824=CARTESIAN_POINT('Ctrl Pts',(1.25010265260602,1.56421440363913,0.0264165256812297));
#5825=CARTESIAN_POINT('Ctrl Pts',(1.25010265260602,1.56589465448429,0.0231849773174126));
#5826=CARTESIAN_POINT('Ctrl Pts',(1.25010265260602,1.56732086440094,0.0198514039162262));
#5827=CARTESIAN_POINT('Ctrl Pts',(1.25010265260602,1.56908003111188,0.0157395888969875));
#5828=CARTESIAN_POINT('Ctrl Pts',(1.25010265260602,1.57045805271726,0.0114669419440193));
#5829=CARTESIAN_POINT('Ctrl Pts',(1.25010265260602,1.57144685791505,0.00709459880158646));
#5830=CARTESIAN_POINT('Ctrl Pts',(1.25010265260602,1.57200301940347,0.00463533900463397));
#5831=CARTESIAN_POINT('Ctrl Pts',(1.25010265260602,1.57243430101023,0.00214989127005563));
#5832=CARTESIAN_POINT('Ctrl Pts',(1.25010265260602,1.57273890740154,-0.000343406843706236));
#5833=CARTESIAN_POINT('Ctrl Pts',(1.25010265260602,1.57331208202755,-0.0050350195433481));
#5834=CARTESIAN_POINT('Ctrl Pts',(1.25010265260602,1.57343953097615,-0.0097618942463225));
#5835=CARTESIAN_POINT('Ctrl Pts',(1.25010265260602,1.57310932262179,-0.0144567851809411));
#5836=CARTESIAN_POINT('Ctrl Pts',(1.25010265260602,1.5729441221783,-0.0168055993594316));
#5837=CARTESIAN_POINT('Ctrl Pts',(1.25010265260602,1.57266413334724,-0.0191465253529303));
#5838=CARTESIAN_POINT('Ctrl Pts',(1.25010265260602,1.57226626136744,-0.0214714661551241));
#5839=CARTESIAN_POINT('Ctrl Pts',(1.25010265260602,1.57201180128242,-0.0229583882411806));
#5840=CARTESIAN_POINT('Ctrl Pts',(1.25010265260602,1.57170935935741,-0.0244367739735516));
#5841=CARTESIAN_POINT('Ctrl Pts',(1.25010265260602,1.57135935820657,-0.0259010021913952));
#5842=CARTESIAN_POINT('Ctrl Pts',(1.25010265260602,1.57023752561663,-0.0305941837137505));
#5843=CARTESIAN_POINT('Ctrl Pts',(1.25010265260602,1.56862690475273,-0.0351527067488692));
#5844=CARTESIAN_POINT('Ctrl Pts',(1.25010265260602,1.56659147185595,-0.0395344941672948));
#5845=CARTESIAN_POINT('Ctrl Pts',(1.25010265260602,1.5653523943016,-0.0422019240033352));
#5846=CARTESIAN_POINT('Ctrl Pts',(1.25010265260602,1.56395547433065,-0.0448039049085409));
#5847=CARTESIAN_POINT('Ctrl Pts',(1.25010265260602,1.56241178646681,-0.0473305594815332));
#5848=CARTESIAN_POINT('Ctrl Pts',(1.25010265260602,1.56113249928779,-0.0494244522151211));
#5849=CARTESIAN_POINT('Ctrl Pts',(1.25010265260602,1.55975170244055,-0.0514667747135258));
#5850=CARTESIAN_POINT('Ctrl Pts',(1.25010265260602,1.5582852723163,-0.0534392421788438));
#5851=CARTESIAN_POINT('Ctrl Pts',(1.25010265260602,1.55429326252319,-0.0588088191589463));
#5852=CARTESIAN_POINT('Ctrl Pts',(1.25010265260602,1.54965668355806,-0.0636861148266735));
#5853=CARTESIAN_POINT('Ctrl Pts',(1.25010265260602,1.54450363272151,-0.0679620266283971));
#5854=CARTESIAN_POINT('Ctrl Pts',(1.25010265260602,1.54286688076435,-0.0693201748850469));
#5855=CARTESIAN_POINT('Ctrl Pts',(1.25010265260602,1.54117765933644,-0.0706174878346285));
#5856=CARTESIAN_POINT('Ctrl Pts',(1.25010265260602,1.53943917098269,-0.0718498501527704));
#5857=CARTESIAN_POINT('Ctrl Pts',(0.778148358612021,1.56715817156887,-3.25667390367722E-5));
#5858=CARTESIAN_POINT('Ctrl Pts',(0.779126611740436,1.56710024892007,0.0132372641024983));
#5859=CARTESIAN_POINT('Ctrl Pts',(0.780104864868852,1.56329550169552,0.0265379292964151));
#5860=CARTESIAN_POINT('Ctrl Pts',(0.781083117997267,1.5559684244843,0.0374796903068199));
#5861=CARTESIAN_POINT('Ctrl Pts',(0.782728800574841,1.54364232711666,0.0558866495485227));
#5862=CARTESIAN_POINT('Ctrl Pts',(0.784374483152416,1.5213479620615,0.0676178605101295));
#5863=CARTESIAN_POINT('Ctrl Pts',(0.786020165729991,1.49919676765718,0.0673536077500642));
#5864=CARTESIAN_POINT('Ctrl Pts',(0.787665848307565,1.47704557325286,0.0670893549899988));
#5865=CARTESIAN_POINT('Ctrl Pts',(0.78931153088514,1.45503754949937,0.0548296385082613));
#5866=CARTESIAN_POINT('Ctrl Pts',(0.790957213462714,1.44315383813308,0.0361342260373579));
#5867=CARTESIAN_POINT('Ctrl Pts',(0.792602896040289,1.4312701267668,0.0174388135664543));
#5868=CARTESIAN_POINT('Ctrl Pts',(0.794248578617863,1.42951072778771,-0.00769229489361512));
#5869=CARTESIAN_POINT('Ctrl Pts',(0.795894261195438,1.43867365519736,-0.0278612086879546));
#5870=CARTESIAN_POINT('Ctrl Pts',(0.797539943773013,1.44783658260702,-0.0480301224822943));
#5871=CARTESIAN_POINT('Ctrl Pts',(0.799185626350587,1.46792183640541,-0.0632368416109039));
#5872=CARTESIAN_POINT('Ctrl Pts',(0.800831308928162,1.48982012342047,-0.0665847683313033));
#5873=CARTESIAN_POINT('Ctrl Pts',(0.802476991505737,1.51171841043552,-0.0699326950517027));
#5874=CARTESIAN_POINT('Ctrl Pts',(0.804122674083311,1.53542973066723,-0.0614218293638922));
#5875=CARTESIAN_POINT('Ctrl Pts',(0.805768356660886,1.55020032048373,-0.0449120498773284));
#5876=CARTESIAN_POINT('Ctrl Pts',(0.806978357311264,1.56106050915436,-0.0327731087543149));
#5877=CARTESIAN_POINT('Ctrl Pts',(0.808188357961642,1.56708730531496,-0.0163099247285556));
#5878=CARTESIAN_POINT('Ctrl Pts',(0.809398358612021,1.56722975462089,5.9303033146865E-5));
#5879=CARTESIAN_POINT('Ctrl Pts',(0.750102652606024,1.53951647888932,-0.0718501591394827));
#5880=CARTESIAN_POINT('Ctrl Pts',(0.750102652606024,1.54485130244665,-0.0681413490598759));
#5881=CARTESIAN_POINT('Ctrl Pts',(0.750102652606024,1.54967162378241,-0.0637754642147696));
#5882=CARTESIAN_POINT('Ctrl Pts',(0.750102652606024,1.55391669997486,-0.0588882110474137));
#5883=CARTESIAN_POINT('Ctrl Pts',(0.750102652606024,1.55603750503674,-0.0564465796641086));
#5884=CARTESIAN_POINT('Ctrl Pts',(0.750102652606024,1.55801414851695,-0.0538743237284894));
#5885=CARTESIAN_POINT('Ctrl Pts',(0.750102652606024,1.55983507523678,-0.051186666098433));
#5886=CARTESIAN_POINT('Ctrl Pts',(0.750102652606024,1.56114847384626,-0.0492481115395821));
#5887=CARTESIAN_POINT('Ctrl Pts',(0.750102652606024,1.56237985712171,-0.0472502790353357));
#5888=CARTESIAN_POINT('Ctrl Pts',(0.750102652606024,1.56351916835556,-0.0452101006851401));
#5889=CARTESIAN_POINT('Ctrl Pts',(0.750102652606024,1.5666322264427,-0.0396355100696708));
#5890=CARTESIAN_POINT('Ctrl Pts',(0.750102652606024,1.56907628511236,-0.0337241933101622));
#5891=CARTESIAN_POINT('Ctrl Pts',(0.750102652606024,1.57076307554823,-0.0276004607912392));
#5892=CARTESIAN_POINT('Ctrl Pts',(0.750102652606024,1.57137054899621,-0.0253950861171494));
#5893=CARTESIAN_POINT('Ctrl Pts',(0.750102652606024,1.57187974900266,-0.0231596129703296));
#5894=CARTESIAN_POINT('Ctrl Pts',(0.750102652606024,1.57228339012688,-0.0209085342962231));
#5895=CARTESIAN_POINT('Ctrl Pts',(0.750102652606024,1.57319502593978,-0.015824404325825));
#5896=CARTESIAN_POINT('Ctrl Pts',(0.750102652606024,1.57356758175124,-0.0106819348588285));
#5897=CARTESIAN_POINT('Ctrl Pts',(0.750102652606024,1.57334892112771,-0.0055501974833091));
#5898=CARTESIAN_POINT('Ctrl Pts',(0.750102652606024,1.57318535693026,-0.00171151591437764));
#5899=CARTESIAN_POINT('Ctrl Pts',(0.750102652606024,1.5726902165278,0.00212129746601989));
#5900=CARTESIAN_POINT('Ctrl Pts',(0.750102652606024,1.57187853683529,0.0059107111037344));
#5901=CARTESIAN_POINT('Ctrl Pts',(0.750102652606024,1.57135796509904,0.0083410560476198));
#5902=CARTESIAN_POINT('Ctrl Pts',(0.750102652606024,1.57070897250877,0.0107443663229944));
#5903=CARTESIAN_POINT('Ctrl Pts',(0.750102652606024,1.5699376620657,0.0131091575649751));
#5904=CARTESIAN_POINT('Ctrl Pts',(0.750102652606024,1.56886613962558,0.0163943806612643));
#5905=CARTESIAN_POINT('Ctrl Pts',(0.750102652606024,1.56755839480337,0.0196067312023324));
#5906=CARTESIAN_POINT('Ctrl Pts',(0.750102652606024,1.56602598943944,0.0227178552952094));
#5907=CARTESIAN_POINT('Ctrl Pts',(0.750102652606024,1.56487100270549,0.0250627355335043));
#5908=CARTESIAN_POINT('Ctrl Pts',(0.750102652606024,1.56358830749553,0.0273490222168279));
#5909=CARTESIAN_POINT('Ctrl Pts',(0.750102652606024,1.56218967595802,0.0295532139448656));
#5910=CARTESIAN_POINT('Ctrl Pts',(0.750102652606024,1.55972063060712,0.0334443383708787));
#5911=CARTESIAN_POINT('Ctrl Pts',(0.750102652606024,1.55688618956642,0.0370906716062122));
#5912=CARTESIAN_POINT('Ctrl Pts',(0.750102652606024,1.55371140165793,0.0404167528253373));
#5913=CARTESIAN_POINT('Origin',(1.00010265260602,1.5,1.75909181000546E-8));
#5914=CARTESIAN_POINT('Origin',(1.25010265260602,1.5,1.75909181624978E-8));
#5915=CARTESIAN_POINT('Origin',(0.68229103012948,2.,1.75909180206738E-8));
#5916=CARTESIAN_POINT('Ctrl Pts',(0.76041603012948,2.08203859286018,6.79113820312357E-5));
#5917=CARTESIAN_POINT('Ctrl Pts',(0.760722329108444,2.08208375128195,0.00510922252042712));
#5918=CARTESIAN_POINT('Ctrl Pts',(0.762674310664983,2.07937262082651,0.0371892427660259));
#5919=CARTESIAN_POINT('Ctrl Pts',(0.766271974799095,2.0370899219754,0.0893771502127854));
#5920=CARTESIAN_POINT('Ctrl Pts',(0.77120902253182,1.9454239941686,0.0798959886334723));
#5921=CARTESIAN_POINT('Ctrl Pts',(0.776146070264542,1.90326118914844,-0.00204134556858981));
#5922=CARTESIAN_POINT('Ctrl Pts',(0.781083117997268,1.94884646381192,-0.0821342555845055));
#5923=CARTESIAN_POINT('Ctrl Pts',(0.78602016572999,2.04083087544853,-0.0877228674259097));
#5924=CARTESIAN_POINT('Ctrl Pts',(0.789547803107395,2.0800928562574,-0.0348628682819214));
#5925=CARTESIAN_POINT('Ctrl Pts',(0.791429757907225,2.08210292876948,-0.00394532772194326));
#5926=CARTESIAN_POINT('Ctrl Pts',(0.79166603012948,2.08207110806606,-5.95945729786776E-5));
#5927=CARTESIAN_POINT('Ctrl Pts',(0.755414275082568,2.08209938519802,-5.93835452968728E-5));
#5928=CARTESIAN_POINT('Ctrl Pts',(0.756935099412203,2.08195708102708,0.0248915462189488));
#5929=CARTESIAN_POINT('Ctrl Pts',(0.760101606319412,2.05654367663969,0.0772449172074899));
#5930=CARTESIAN_POINT('Ctrl Pts',(0.764913795804195,1.96779365647031,0.091219113518723));
#5931=CARTESIAN_POINT('Ctrl Pts',(0.769850843536919,1.90599468747576,0.0229155875774145));
#5932=CARTESIAN_POINT('Ctrl Pts',(0.774787891269642,1.92944338622198,-0.0662245903591809));
#5933=CARTESIAN_POINT('Ctrl Pts',(0.779724939002366,2.01690161568112,-0.0952693116910461));
#5934=CARTESIAN_POINT('Ctrl Pts',(0.783683733606675,2.0747330715544,-0.0492772928110254));
#5935=CARTESIAN_POINT('Ctrl Pts',(0.785996845633409,2.08193637206906,-0.0110789948536512));
#5936=CARTESIAN_POINT('Ctrl Pts',(0.786664275082568,2.08188818529205,-3.96927794837461E-5));
#5937=CARTESIAN_POINT('Ctrl Pts',(0.750102652606024,1.94623069871607,0.0403909168064382));
#5938=CARTESIAN_POINT('Ctrl Pts',(0.751748335183598,1.93286599177774,0.0225995091404683));
#5939=CARTESIAN_POINT('Ctrl Pts',(0.755039700338747,1.92540570521857,-0.0269881421218785));
#5940=CARTESIAN_POINT('Ctrl Pts',(0.759976748071472,1.98192994627634,-0.077319372384839));
#5941=CARTESIAN_POINT('Ctrl Pts',(0.764913795804195,2.05483511155613,-0.0573359332424357));
#5942=CARTESIAN_POINT('Ctrl Pts',(0.769850843536919,2.07800520648619,0.0145654288737516));
#5943=CARTESIAN_POINT('Ctrl Pts',(0.774787891269642,2.03041825918104,0.0733001659911693));
#5944=CARTESIAN_POINT('Ctrl Pts',(0.779724939002367,1.95524101960778,0.0655244572569156));
#5945=CARTESIAN_POINT('Ctrl Pts',(0.784661986735089,1.92066237768576,-0.00167414914660515));
#5946=CARTESIAN_POINT('Ctrl Pts',(0.789599034467814,1.95804786208966,-0.0673601027877071));
#5947=CARTESIAN_POINT('Ctrl Pts',(0.794536082200538,2.03348629724284,-0.0719434460356879));
#5948=CARTESIAN_POINT('Ctrl Pts',(0.799473129933262,2.0785507429159,-0.0112713528140523));
#5949=CARTESIAN_POINT('Ctrl Pts',(0.804410177665985,2.05236500164675,0.059625315748415));
#5950=CARTESIAN_POINT('Ctrl Pts',(0.809347225398708,1.97868112964524,0.0764379261783485));
#5951=CARTESIAN_POINT('Ctrl Pts',(0.814284273131433,1.92433472313433,0.0239170452787485));
#5952=CARTESIAN_POINT('Ctrl Pts',(0.819221320864156,1.93862119022808,-0.0502980928317515));
#5953=CARTESIAN_POINT('Ctrl Pts',(0.824158368596881,2.00858185668558,-0.0788898256501684));
#5954=CARTESIAN_POINT('Ctrl Pts',(0.829095416329604,2.07075827386282,-0.0359238431991065));
#5955=CARTESIAN_POINT('Ctrl Pts',(0.834032464062328,2.06875276197252,0.0396272136379258));
#5956=CARTESIAN_POINT('Ctrl Pts',(0.838969511795051,2.00438443937059,0.0792340591460268));
#5957=CARTESIAN_POINT('Ctrl Pts',(0.843906559527775,1.93603917148227,0.0469709582649858));
#5958=CARTESIAN_POINT('Ctrl Pts',(0.848843607260499,1.92571014829995,-0.0278975584801057));
#5959=CARTESIAN_POINT('Ctrl Pts',(0.853780654993222,1.98276640307905,-0.0774613270988282));
#5960=CARTESIAN_POINT('Ctrl Pts',(0.858717702725946,2.0554545469261,-0.0567630869445031));
#5961=CARTESIAN_POINT('Ctrl Pts',(0.86365475045867,2.07784214533059,0.015422637821703));
#5962=CARTESIAN_POINT('Ctrl Pts',(0.868591798191394,2.02962232586471,0.0736191361101757));
#5963=CARTESIAN_POINT('Ctrl Pts',(0.873528845924117,1.95453330935851,0.065038751026289));
#5964=CARTESIAN_POINT('Ctrl Pts',(0.878465893656843,1.92068526343404,-0.00253560207569694));
#5965=CARTESIAN_POINT('Ctrl Pts',(0.883402941389565,1.9587803625053,-0.067809998543409));
#5966=CARTESIAN_POINT('Ctrl Pts',(0.888339989122289,2.03426410441135,-0.0715767101400764));
#5967=CARTESIAN_POINT('Ctrl Pts',(0.893277036855013,2.07866828230982,-0.0104191072299678));
#5968=CARTESIAN_POINT('Ctrl Pts',(0.898214084587737,2.05171568735796,0.0601892565351389));
#5969=CARTESIAN_POINT('Ctrl Pts',(0.90315113232046,1.97785391316315,0.0762024298982884));
#5970=CARTESIAN_POINT('Ctrl Pts',(0.908088180053185,1.92407994617023,0.0230955199692161));
#5971=CARTESIAN_POINT('Ctrl Pts',(0.913025227785907,1.93916994667293,-0.0509603730654304));
#5972=CARTESIAN_POINT('Ctrl Pts',(0.917962275518632,2.00943639402677,-0.0787921855220783));
#5973=CARTESIAN_POINT('Ctrl Pts',(0.922899323251355,2.07114347532703,-0.035154821649449));
#5974=CARTESIAN_POINT('Ctrl Pts',(0.927836370984079,2.06831922761333,0.040370055266683));
#5975=CARTESIAN_POINT('Ctrl Pts',(0.932773418716803,2.00352541016986,0.0792769265036629));
#5976=CARTESIAN_POINT('Ctrl Pts',(0.937710466449526,1.93553383773151,0.0462749646573135));
#5977=CARTESIAN_POINT('Ctrl Pts',(0.94264751418225,1.92601687745531,-0.0287011040276236));
#5978=CARTESIAN_POINT('Ctrl Pts',(0.947584561914975,1.98360697373582,-0.0776435622694094));
#5979=CARTESIAN_POINT('Ctrl Pts',(0.952521609647698,2.05606651189453,-0.0561587132316821));
#5980=CARTESIAN_POINT('Ctrl Pts',(0.957458657380421,2.07767041629203,0.0162654175751932));
#5981=CARTESIAN_POINT('Ctrl Pts',(0.962395705113146,2.02882267118332,0.0739358710686662));
#5982=CARTESIAN_POINT('Ctrl Pts',(0.967332752845868,1.95383106300577,0.0645421438376366));
#5983=CARTESIAN_POINT('Ctrl Pts',(0.972269800578593,1.92071740427761,-0.0033950993650622));
#5984=CARTESIAN_POINT('Ctrl Pts',(0.977206848311318,1.9595177369046,-0.0682527712041166));
#5985=CARTESIAN_POINT('Ctrl Pts',(0.982143896044039,2.03503787028676,-0.0712011372409587));
#5986=CARTESIAN_POINT('Ctrl Pts',(0.987080943776765,2.07877658836654,-0.00956585555031013));
#5987=CARTESIAN_POINT('Ctrl Pts',(0.992017991509487,2.05106029361328,0.0607462373889441));
#5988=CARTESIAN_POINT('Ctrl Pts',(0.996955039242212,1.97702930040649,0.0759579254334171));
#5989=CARTESIAN_POINT('Ctrl Pts',(1.00189208697494,1.92383408681737,0.0222713101596284));
#5990=CARTESIAN_POINT('Ctrl Pts',(1.00682913470766,1.93972584966065,-0.051616681300962));
#5991=CARTESIAN_POINT('Ctrl Pts',(1.01176618244038,2.0102898225514,-0.0786852818968879));
#5992=CARTESIAN_POINT('Ctrl Pts',(1.01670323017311,2.07152031937133,-0.0343816740581072));
#5993=CARTESIAN_POINT('Ctrl Pts',(1.02164027790583,2.06787766739834,0.0411081563493803));
#5994=CARTESIAN_POINT('Ctrl Pts',(1.02657732563855,2.00266596685909,0.079310479853669));
#5995=CARTESIAN_POINT('Ctrl Pts',(1.03151437337128,1.93503607710806,0.0455735354068045));
#5996=CARTESIAN_POINT('Ctrl Pts',(1.036451421104,1.92633229776852,-0.0295012781697615));
#5997=CARTESIAN_POINT('Ctrl Pts',(1.04138846883673,1.98444947015435,-0.0778166761524213));
#5998=CARTESIAN_POINT('Ctrl Pts',(1.04632551656945,2.05667189046627,-0.0555477423513522));
#5999=CARTESIAN_POINT('Ctrl Pts',(1.05126256430217,2.07748956293994,0.0171062865880429));
#6000=CARTESIAN_POINT('Ctrl Pts',(1.0561996120349,2.02801963056665,0.0742439204148773));
#6001=CARTESIAN_POINT('Ctrl Pts',(1.06113665976762,1.95313424033676,0.0640379545877652));
#6002=CARTESIAN_POINT('Ctrl Pts',(1.06607370750034,1.92075885882398,-0.00425419781827728));
#6003=CARTESIAN_POINT('Ctrl Pts',(1.07101075523307,1.96025986694731,-0.0686875258837137));
#6004=CARTESIAN_POINT('Ctrl Pts',(1.07594780296579,2.03580752009737,-0.070817200005521));
#6005=CARTESIAN_POINT('Ctrl Pts',(1.08088485069852,2.07887564016368,-0.00871148012157793));
#6006=CARTESIAN_POINT('Ctrl Pts',(1.08582189843124,2.05039890157369,0.0612960820958219));
#6007=CARTESIAN_POINT('Ctrl Pts',(1.09075894616396,1.97620738612687,0.075704497832923));
#6008=CARTESIAN_POINT('Ctrl Pts',(1.09569599389669,1.92359717503569,0.0214444840355352));
#6009=CARTESIAN_POINT('Ctrl Pts',(1.10063304162941,1.94028883333873,-0.0522669258778904));
#6010=CARTESIAN_POINT('Ctrl Pts',(1.10557008936213,2.01114204228182,-0.0785691347364297));
#6011=CARTESIAN_POINT('Ctrl Pts',(1.11050713709486,2.07188876158428,-0.0336044874860568));
#6012=CARTESIAN_POINT('Ctrl Pts',(1.11544418482758,2.06742813327196,0.0418414282634607));
#6013=CARTESIAN_POINT('Ctrl Pts',(1.12038123256031,2.00180621036412,0.079334716228458));
#6014=CARTESIAN_POINT('Ctrl Pts',(1.12531828029303,1.93454594810566,0.0448667524169016));
#6015=CARTESIAN_POINT('Ctrl Pts',(1.13025532802575,1.92665637217456,-0.0302979866506991));
#6016=CARTESIAN_POINT('Ctrl Pts',(1.13519237575848,1.98529379337062,-0.0779806485471701));
#6017=CARTESIAN_POINT('Ctrl Pts',(1.1401294234912,2.05727061151584,-0.0549302459965529));
#6018=CARTESIAN_POINT('Ctrl Pts',(1.14506647122392,2.07729960653374,0.0179451460156702));
#6019=CARTESIAN_POINT('Ctrl Pts',(1.15000351895665,2.02721329832654,0.074543248037882));
#6020=CARTESIAN_POINT('Ctrl Pts',(1.15494056668937,1.95244292325907,0.0635262423790689));
#6021=CARTESIAN_POINT('Ctrl Pts',(1.1598776144221,1.92080962210835,-0.00511279627543861));
#6022=CARTESIAN_POINT('Ctrl Pts',(1.16481466215482,1.96100666563842,-0.0691142119703519));
#6023=CARTESIAN_POINT('Ctrl Pts',(1.16975170988754,2.03657296306205,-0.0704249426335156));
#6024=CARTESIAN_POINT('Ctrl Pts',(1.17468875762027,2.07896542678636,-0.00785608308604449));
#6025=CARTESIAN_POINT('Ctrl Pts',(1.17962580535299,2.0497315875176,0.0618387295526541));
#6026=CARTESIAN_POINT('Ctrl Pts',(1.18456285308571,1.97538826966828,0.0754421700048928));
#6027=CARTESIAN_POINT('Ctrl Pts',(1.18949990081844,1.92336923316931,0.0206151522266436));
#6028=CARTESIAN_POINT('Ctrl Pts',(1.19443694855116,1.94085884236276,-0.0529110569578506));
#6029=CARTESIAN_POINT('Ctrl Pts',(1.19937399628389,2.01199293187798,-0.0784437054683128));
#6030=CARTESIAN_POINT('Ctrl Pts',(1.20431104401661,2.07224880043031,-0.0328234559336137));
#6031=CARTESIAN_POINT('Ctrl Pts',(1.20924809174933,2.06697059593449,0.0425699868606441));
#6032=CARTESIAN_POINT('Ctrl Pts',(1.21418513948206,2.00094640317685,0.079349235499199));
#6033=CARTESIAN_POINT('Ctrl Pts',(1.21912218721478,1.93406319067717,0.0441554800955279));
#6034=CARTESIAN_POINT('Ctrl Pts',(1.2240592349475,1.92698968731157,-0.0310926727056642));
#6035=CARTESIAN_POINT('Ctrl Pts',(1.22899628268023,1.98613861551257,-0.0781324375054483));
#6036=CARTESIAN_POINT('Ctrl Pts',(1.23393333041295,2.05786502130894,-0.0543122421302614));
#6037=CARTESIAN_POINT('Ctrl Pts',(1.23887037814568,2.0770958163146,0.0187935949932176));
#6038=CARTESIAN_POINT('Ctrl Pts',(1.2438074258784,2.02641311843299,0.0748107647599157));
#6039=CARTESIAN_POINT('Ctrl Pts',(1.24874447361112,1.9517387953789,0.0630529400951136));
#6040=CARTESIAN_POINT('Ctrl Pts',(1.25368152134385,1.92090599696623,-0.00606696376031008));
#6041=CARTESIAN_POINT('Ctrl Pts',(1.256972886499,1.9480940215987,-0.0482024873697944));
#6042=CARTESIAN_POINT('Ctrl Pts',(1.25861856907657,1.96759166822796,-0.0589258895446834));
#6043=CARTESIAN_POINT('Ctrl Pts',(0.747264013782508,1.94229960977462,0.0433439069597413));
#6044=CARTESIAN_POINT('Ctrl Pts',(0.748909696360083,1.92795780530301,0.0242517644086509));
#6045=CARTESIAN_POINT('Ctrl Pts',(0.752201061515233,1.91995209506726,-0.0289612541702737));
#6046=CARTESIAN_POINT('Ctrl Pts',(0.757138109247955,1.98060883949852,-0.0829722150224717));
#6047=CARTESIAN_POINT('Ctrl Pts',(0.762075156980679,2.05884412219035,-0.0615277809489634));
#6048=CARTESIAN_POINT('Ctrl Pts',(0.767012204713403,2.08370818936436,0.015630310243872));
#6049=CARTESIAN_POINT('Ctrl Pts',(0.771949252446127,2.03264214677916,0.078659160731708));
#6050=CARTESIAN_POINT('Ctrl Pts',(0.776886300178851,1.95196867779472,0.0703149677157679));
#6051=CARTESIAN_POINT('Ctrl Pts',(0.781823347911574,1.91486198150666,-0.00179654795393339));
#6052=CARTESIAN_POINT('Ctrl Pts',(0.786760395644298,1.95498072933041,-0.0722848203866399));
#6053=CARTESIAN_POINT('Ctrl Pts',(0.791697443377022,2.03593448997807,-0.0772032531657619));
#6054=CARTESIAN_POINT('Ctrl Pts',(0.796634491109746,2.08429361011793,-0.01209540591677));
#6055=CARTESIAN_POINT('Ctrl Pts',(0.801571538842469,2.0561934218415,0.0639845382902889));
#6056=CARTESIAN_POINT('Ctrl Pts',(0.806508586575193,1.9771225009576,0.082026323460453));
#6057=CARTESIAN_POINT('Ctrl Pts',(0.811445634307917,1.91880281317761,0.0256656259895069));
#6058=CARTESIAN_POINT('Ctrl Pts',(0.816382682040641,1.93413376795232,-0.053975402020026));
#6059=CARTESIAN_POINT('Ctrl Pts',(0.821319729773364,2.00920927867374,-0.0846574845736181));
#6060=CARTESIAN_POINT('Ctrl Pts',(0.826256777506088,2.07593143143148,-0.0385502468999881));
#6061=CARTESIAN_POINT('Ctrl Pts',(0.831193825238813,2.07377929599529,0.0425243692349189));
#6062=CARTESIAN_POINT('Ctrl Pts',(0.836130872971535,2.00470498698257,0.0850268825063134));
#6063=CARTESIAN_POINT('Ctrl Pts',(0.841067920704261,1.9313629770801,0.050405017124676));
#6064=CARTESIAN_POINT('Ctrl Pts',(0.846004968436983,1.9202787960691,-0.0299371582176403));
#6065=CARTESIAN_POINT('Ctrl Pts',(0.850942016169707,1.98150644989647,-0.0831245480860585));
#6066=CARTESIAN_POINT('Ctrl Pts',(0.855879063902431,2.05950884465676,-0.0609130536949242));
#6067=CARTESIAN_POINT('Ctrl Pts',(0.860816111635154,2.0835332067612,0.016550189982318));
#6068=CARTESIAN_POINT('Ctrl Pts',(0.86575315936788,2.03178802255122,0.0790014508470233));
#6069=CARTESIAN_POINT('Ctrl Pts',(0.870690207100601,1.95120922664742,0.0697937513641909));
#6070=CARTESIAN_POINT('Ctrl Pts',(0.875627254833326,1.91488654043851,-0.00272098195219051));
#6071=CARTESIAN_POINT('Ctrl Pts',(0.88056430256605,1.95576678306021,-0.0727676081492643));
#6072=CARTESIAN_POINT('Ctrl Pts',(0.885501350298773,2.03676916285034,-0.0768097051043002));
#6073=CARTESIAN_POINT('Ctrl Pts',(0.890438398031498,2.08441974285043,-0.0111808524151379));
#6074=CARTESIAN_POINT('Ctrl Pts',(0.89537544576422,2.05549663599999,0.0645897089486569));
#6075=CARTESIAN_POINT('Ctrl Pts',(0.900312493496944,1.97623480644274,0.0817736099802397));
#6076=CARTESIAN_POINT('Ctrl Pts',(0.90524954122967,1.91852940939705,0.0247840387304547));
#6077=CARTESIAN_POINT('Ctrl Pts',(0.910186588962391,1.93472264413725,-0.0546861017503431));
#6078=CARTESIAN_POINT('Ctrl Pts',(0.915123636695117,2.01012629148349,-0.0845527059479353));
#6079=CARTESIAN_POINT('Ctrl Pts',(0.920060684427839,2.07634479508452,-0.0377250019656592));
#6080=CARTESIAN_POINT('Ctrl Pts',(0.924997732160564,2.07331406581554,0.043321520226869));
#6081=CARTESIAN_POINT('Ctrl Pts',(0.929934779893286,2.00378315391215,0.0850728839086837));
#6082=CARTESIAN_POINT('Ctrl Pts',(0.934871827626011,1.9308206982348,0.0496581392259842));
#6083=CARTESIAN_POINT('Ctrl Pts',(0.939808875358735,1.92060795028042,-0.0307994512091526));
#6084=CARTESIAN_POINT('Ctrl Pts',(0.944745923091458,1.98240847491353,-0.0833201065218991));
#6085=CARTESIAN_POINT('Ctrl Pts',(0.949682970824183,2.06016555055844,-0.0602644940477086));
#6086=CARTESIAN_POINT('Ctrl Pts',(0.954620018556905,2.08334892256369,0.0174545856037833));
#6087=CARTESIAN_POINT('Ctrl Pts',(0.959557066289631,2.03092990488818,0.0793413423886005));
#6088=CARTESIAN_POINT('Ctrl Pts',(0.964494114022353,1.95045563886368,0.06926083708244));
#6089=CARTESIAN_POINT('Ctrl Pts',(0.969431161755078,1.91492103110831,-0.00364331733334329));
#6090=CARTESIAN_POINT('Ctrl Pts',(0.9743682094878,1.956558067112,-0.0732427520453892));
#6091=CARTESIAN_POINT('Ctrl Pts',(0.979305257220525,2.03759949896944,-0.0764066739634874));
#6092=CARTESIAN_POINT('Ctrl Pts',(0.984242304953249,2.08453596719383,-0.0102652192619984));
#6093=CARTESIAN_POINT('Ctrl Pts',(0.989179352685972,2.05479332623185,0.0651874108314267));
#6094=CARTESIAN_POINT('Ctrl Pts',(0.994116400418696,1.97534990601241,0.0815112297242565));
#6095=CARTESIAN_POINT('Ctrl Pts',(0.99905344815142,1.91826557519683,0.0238995707067832));
#6096=CARTESIAN_POINT('Ctrl Pts',(1.00399049588414,1.93531918935084,-0.0553903928680263));
#6097=CARTESIAN_POINT('Ctrl Pts',(1.00892754361687,2.0110421144108,-0.084437986568239));
#6098=CARTESIAN_POINT('Ctrl Pts',(1.01386459134959,2.07674919030429,-0.0368953293335626));
#6099=CARTESIAN_POINT('Ctrl Pts',(1.01880163908231,2.07284022300739,0.0441135840900857));
#6100=CARTESIAN_POINT('Ctrl Pts',(1.02373868681504,2.00286087645597,0.0851088903536717));
#6101=CARTESIAN_POINT('Ctrl Pts',(1.02867573454776,1.93028654619031,0.0489054282830588));
#6102=CARTESIAN_POINT('Ctrl Pts',(1.03361278228049,1.92094643106262,-0.0316581263108768));
#6103=CARTESIAN_POINT('Ctrl Pts',(1.03854983001321,1.98331256648534,-0.0835058768102365));
#6104=CARTESIAN_POINT('Ctrl Pts',(1.04348687774593,2.0608151885301,-0.0596088549121872));
#6105=CARTESIAN_POINT('Ctrl Pts',(1.04842392547866,2.08315484697148,0.0183569307898152));
#6106=CARTESIAN_POINT('Ctrl Pts',(1.05336097321138,2.03006815374315,0.0796719133103092));
#6107=CARTESIAN_POINT('Ctrl Pts',(1.0582980209441,1.94970787129074,0.0687197864128133));
#6108=CARTESIAN_POINT('Ctrl Pts',(1.06323506867683,1.91496551640839,-0.00456522471932123));
#6109=CARTESIAN_POINT('Ctrl Pts',(1.06817211640955,1.95735445449364,-0.0737092917635194));
#6110=CARTESIAN_POINT('Ctrl Pts',(1.07310916414228,2.03842541809706,-0.0759946669673423));
#6111=CARTESIAN_POINT('Ctrl Pts',(1.078046211875,2.08464226069609,-0.00934838020216932));
#6112=CARTESIAN_POINT('Ctrl Pts',(1.08298325960772,2.05408357963175,0.0657774548415334));
#6113=CARTESIAN_POINT('Ctrl Pts',(1.08792030734045,1.97446790134556,0.0812392739596618));
#6114=CARTESIAN_POINT('Ctrl Pts',(1.09285735507317,1.91801134272727,0.0230122950891069));
#6115=CARTESIAN_POINT('Ctrl Pts',(1.09779440280589,1.93592333292608,-0.0560881770112976));
#6116=CARTESIAN_POINT('Ctrl Pts',(1.10273145053862,2.01195664016859,-0.0843133478557772));
#6117=CARTESIAN_POINT('Ctrl Pts',(1.10766849827134,2.07714456943246,-0.0360613224297266));
#6118=CARTESIAN_POINT('Ctrl Pts',(1.11260554600407,2.07235782331291,0.0449004657227915));
#6119=CARTESIAN_POINT('Ctrl Pts',(1.11754259373679,2.00193826291862,0.0851348986567291));
#6120=CARTESIAN_POINT('Ctrl Pts',(1.12247964146951,1.92976058371685,0.0481469721873266));
#6121=CARTESIAN_POINT('Ctrl Pts',(1.12741668920224,1.92129419864086,-0.0325130823759227));
#6122=CARTESIAN_POINT('Ctrl Pts',(1.13235373693496,1.98421861841259,-0.0836818372734985));
#6123=CARTESIAN_POINT('Ctrl Pts',(1.13729078466768,2.06145768224624,-0.0589462132228984));
#6124=CARTESIAN_POINT('Ctrl Pts',(1.14222783240041,2.08295100279828,0.0192571194692767));
#6125=CARTESIAN_POINT('Ctrl Pts',(1.14716488013313,2.02920287032315,0.0799931248611419));
#6126=CARTESIAN_POINT('Ctrl Pts',(1.15210192786586,1.94896601182447,0.0681706627786982));
#6127=CARTESIAN_POINT('Ctrl Pts',(1.15703897559858,1.91501999101095,-0.00548659555439163));
#6128=CARTESIAN_POINT('Ctrl Pts',(1.1619760233313,1.9581558518499,-0.0741671729915599));
#6129=CARTESIAN_POINT('Ctrl Pts',(1.16691307106403,2.03924682281504,-0.0755737315470739));
#6130=CARTESIAN_POINT('Ctrl Pts',(1.17185011879675,2.08473861164434,-0.00843044484557456));
#6131=CARTESIAN_POINT('Ctrl Pts',(1.17678716652947,2.05336747805482,0.0663597754085925));
#6132=CARTESIAN_POINT('Ctrl Pts',(1.1817242142622,1.97358889904923,0.0809577672693592));
#6133=CARTESIAN_POINT('Ctrl Pts',(1.18666126199492,1.91776673596608,0.0221223305953025));
#6134=CARTESIAN_POINT('Ctrl Pts',(1.19159830972765,1.9365350154723,-0.056779400698095));
#6135=CARTESIAN_POINT('Ctrl Pts',(1.19653535746037,2.01286973854564,-0.0841787484181202));
#6136=CARTESIAN_POINT('Ctrl Pts',(1.2014724051931,2.07753093082113,-0.0352231894378855));
#6137=CARTESIAN_POINT('Ctrl Pts',(1.20640945292582,2.07186683529029,0.0456822894466587));
#6138=CARTESIAN_POINT('Ctrl Pts',(1.21134650065854,2.00101559498284,0.085150479435492));
#6139=CARTESIAN_POINT('Ctrl Pts',(1.21628354839127,1.92924253175518,0.0473836985438202));
#6140=CARTESIAN_POINT('Ctrl Pts',(1.22122059612399,1.92165188254253,-0.0333658681548566));
#6141=CARTESIAN_POINT('Ctrl Pts',(1.22615764385671,1.98512520574212,-0.0838447235657773));
#6142=CARTESIAN_POINT('Ctrl Pts',(1.23109469158944,2.06209554950872,-0.0582830269178072));
#6143=CARTESIAN_POINT('Ctrl Pts',(1.23603173932216,2.08273231341815,0.0201675987933857));
#6144=CARTESIAN_POINT('Ctrl Pts',(1.24096878705488,2.02834418904952,0.0802801998069674));
#6145=CARTESIAN_POINT('Ctrl Pts',(1.24590583478761,1.94821040495431,0.0676627572298688));
#6146=CARTESIAN_POINT('Ctrl Pts',(1.25084288252033,1.91512341186215,-0.00651052249602565));
#6147=CARTESIAN_POINT('Ctrl Pts',(1.25413424767548,1.94429916072425,-0.0517265862454846));
#6148=CARTESIAN_POINT('Ctrl Pts',(1.25577993025306,1.96522228585553,-0.0632339794096158));
#6149=CARTESIAN_POINT('Ctrl Pts',(0.744425374958993,1.93836852083317,0.0462968971130445));
#6150=CARTESIAN_POINT('Ctrl Pts',(0.746071057536567,1.92304961882827,0.0259040196768337));
#6151=CARTESIAN_POINT('Ctrl Pts',(0.749362422691717,1.91449848491596,-0.030934366218669));
#6152=CARTESIAN_POINT('Ctrl Pts',(0.75429947042444,1.97928773272071,-0.0886250576601043));
#6153=CARTESIAN_POINT('Ctrl Pts',(0.759236518157164,2.06285313282456,-0.065719628655491));
#6154=CARTESIAN_POINT('Ctrl Pts',(0.764173565889888,2.08941117224253,0.0166951916139924));
#6155=CARTESIAN_POINT('Ctrl Pts',(0.769110613622611,2.03486603437728,0.0840181554722467));
#6156=CARTESIAN_POINT('Ctrl Pts',(0.774047661355335,1.94869633598166,0.0751054781746201));
#6157=CARTESIAN_POINT('Ctrl Pts',(0.778984709088058,1.90906158532755,-0.00191894676126158));
#6158=CARTESIAN_POINT('Ctrl Pts',(0.783921756820782,1.95191359657117,-0.0772095379855727));
#6159=CARTESIAN_POINT('Ctrl Pts',(0.788858804553507,2.0383826827133,-0.0824630602958358));
#6160=CARTESIAN_POINT('Ctrl Pts',(0.793795852286231,2.09003647731996,-0.0129194590194878));
#6161=CARTESIAN_POINT('Ctrl Pts',(0.798732900018953,2.06002184203624,0.0683437608321629));
#6162=CARTESIAN_POINT('Ctrl Pts',(0.803669947751678,1.97556387226995,0.0876147207425575));
#6163=CARTESIAN_POINT('Ctrl Pts',(0.808606995484401,1.91327090322089,0.0274142067002652));
#6164=CARTESIAN_POINT('Ctrl Pts',(0.813544043217125,1.92964634567655,-0.0576527112083003));
#6165=CARTESIAN_POINT('Ctrl Pts',(0.818481090949849,2.00983670066191,-0.090425143497068));
#6166=CARTESIAN_POINT('Ctrl Pts',(0.823418138682573,2.08110458900014,-0.0411766506008696));
#6167=CARTESIAN_POINT('Ctrl Pts',(0.828355186415296,2.07880583001807,0.0454215248319119));
#6168=CARTESIAN_POINT('Ctrl Pts',(0.83329223414802,2.00502553459455,0.0908197058666001));
#6169=CARTESIAN_POINT('Ctrl Pts',(0.838229281880744,1.92668678267793,0.0538390759843662));
#6170=CARTESIAN_POINT('Ctrl Pts',(0.843166329613468,1.91484744383824,-0.0319767579551748));
#6171=CARTESIAN_POINT('Ctrl Pts',(0.848103377346192,1.9802464967139,-0.0887877690732889));
#6172=CARTESIAN_POINT('Ctrl Pts',(0.853040425078915,2.06356314238741,-0.0650630204453452));
#6173=CARTESIAN_POINT('Ctrl Pts',(0.857977472811639,2.08922426819181,0.017677742142933));
#6174=CARTESIAN_POINT('Ctrl Pts',(0.862914520544362,2.03395371923774,0.0843837655838711));
#6175=CARTESIAN_POINT('Ctrl Pts',(0.867851568277088,1.94788514393633,0.0745487517020927));
#6176=CARTESIAN_POINT('Ctrl Pts',(0.872788616009809,1.90908781744299,-0.00290636182868407));
#6177=CARTESIAN_POINT('Ctrl Pts',(0.877725663742535,1.95275320361512,-0.0777252177551195));
#6178=CARTESIAN_POINT('Ctrl Pts',(0.882662711475256,2.03927422128934,-0.082042700068524));
#6179=CARTESIAN_POINT('Ctrl Pts',(0.887599759207982,2.09017120339105,-0.0119425976003079));
#6180=CARTESIAN_POINT('Ctrl Pts',(0.892536806940705,2.05927758464203,0.0689901613621747));
#6181=CARTESIAN_POINT('Ctrl Pts',(0.897473854673428,1.97461569972232,0.0873447900621911));
#6182=CARTESIAN_POINT('Ctrl Pts',(0.902410902406153,1.91297887262387,0.0264725574916933));
#6183=CARTESIAN_POINT('Ctrl Pts',(0.907347950138875,1.93027534160157,-0.0584118304352556));
#6184=CARTESIAN_POINT('Ctrl Pts',(0.912284997871601,2.01081618894022,-0.0903132263737924));
#6185=CARTESIAN_POINT('Ctrl Pts',(0.917222045604324,2.08154611484202,-0.0402951822818694));
#6186=CARTESIAN_POINT('Ctrl Pts',(0.922159093337048,2.07830890401775,0.046272985187055));
#6187=CARTESIAN_POINT('Ctrl Pts',(0.927096141069771,2.00404089765443,0.0908688413137046));
#6188=CARTESIAN_POINT('Ctrl Pts',(0.932033188802495,1.9261075587381,0.0530413137946549));
#6189=CARTESIAN_POINT('Ctrl Pts',(0.936970236535218,1.91519902310553,-0.0328977983906816));
#6190=CARTESIAN_POINT('Ctrl Pts',(0.941907284267942,1.98120997609125,-0.0889966507743889));
#6191=CARTESIAN_POINT('Ctrl Pts',(0.946844332000667,2.06426458922236,-0.0643702748637349));
#6192=CARTESIAN_POINT('Ctrl Pts',(0.95178137973339,2.08902742883535,0.0186437536323734));
#6193=CARTESIAN_POINT('Ctrl Pts',(0.956718427466115,2.03303713859303,0.0847468137085349));
#6194=CARTESIAN_POINT('Ctrl Pts',(0.961655475198836,1.9470802147216,0.0739795303272433));
#6195=CARTESIAN_POINT('Ctrl Pts',(0.966592522931563,1.90912465793902,-0.00389153530162439));
#6196=CARTESIAN_POINT('Ctrl Pts',(0.971529570664285,1.95359839731939,-0.0782327328866617));
#6197=CARTESIAN_POINT('Ctrl Pts',(0.976466618397009,2.04016112765212,-0.0816122106860161));
#6198=CARTESIAN_POINT('Ctrl Pts',(0.981403666129733,2.09029534602112,-0.0109645829736867));
#6199=CARTESIAN_POINT('Ctrl Pts',(0.986340713862457,2.05852635885042,0.0696285842739093));
#6200=CARTESIAN_POINT('Ctrl Pts',(0.99127776159518,1.97367051161834,0.0870645340150958));
#6201=CARTESIAN_POINT('Ctrl Pts',(0.996214809327906,1.91269706357629,0.0255278312539379));
#6202=CARTESIAN_POINT('Ctrl Pts',(1.00115185706063,1.93091252904102,-0.0591641044350905));
#6203=CARTESIAN_POINT('Ctrl Pts',(1.00608890479335,2.01179440627019,-0.0901906912395904));
#6204=CARTESIAN_POINT('Ctrl Pts',(1.01102595252607,2.08197806123727,-0.0394089846090179));
#6205=CARTESIAN_POINT('Ctrl Pts',(1.0159630002588,2.07780277861644,0.047119011830791));
#6206=CARTESIAN_POINT('Ctrl Pts',(1.02090004799152,2.00305578605286,0.0909073008536745));
#6207=CARTESIAN_POINT('Ctrl Pts',(1.02583709572425,1.92553701527256,0.0522373211593131));
#6208=CARTESIAN_POINT('Ctrl Pts',(1.03077414345697,1.91556056435673,-0.0338149744519922));
#6209=CARTESIAN_POINT('Ctrl Pts',(1.03571119118969,1.98217566281633,-0.0891950774680518));
#6210=CARTESIAN_POINT('Ctrl Pts',(1.04064823892242,2.06495848659393,-0.0636699674730222));
#6211=CARTESIAN_POINT('Ctrl Pts',(1.04558528665514,2.08882013100303,0.0196075749915877));
#6212=CARTESIAN_POINT('Ctrl Pts',(1.05052233438787,2.03211667691964,0.085099906205741));
#6213=CARTESIAN_POINT('Ctrl Pts',(1.05545938212059,1.94628150224473,0.0734016182378616));
#6214=CARTESIAN_POINT('Ctrl Pts',(1.06039642985331,1.90917217399279,-0.00487625162036527));
#6215=CARTESIAN_POINT('Ctrl Pts',(1.06533347758604,1.95444904203998,-0.0787310576433251));
#6216=CARTESIAN_POINT('Ctrl Pts',(1.07027052531876,2.04104331609675,-0.0811721339291637));
#6217=CARTESIAN_POINT('Ctrl Pts',(1.07520757305148,2.0904088812285,-0.00998528028276068));
#6218=CARTESIAN_POINT('Ctrl Pts',(1.08014462078421,2.0577682576898,0.070258827587245));
#6219=CARTESIAN_POINT('Ctrl Pts',(1.08508166851693,1.97272841656425,0.0867740500864006));
#6220=CARTESIAN_POINT('Ctrl Pts',(1.09001871624965,1.91242551041885,0.0245801061426786));
#6221=CARTESIAN_POINT('Ctrl Pts',(1.09495576398238,1.93155783251342,-0.0599094281447048));
#6222=CARTESIAN_POINT('Ctrl Pts',(1.0998928117151,2.01277123805536,-0.0900575609751247));
#6223=CARTESIAN_POINT('Ctrl Pts',(1.10482985944783,2.08240037728063,-0.0385181573733964));
#6224=CARTESIAN_POINT('Ctrl Pts',(1.10976690718055,2.07728751335386,0.0479595031821224));
#6225=CARTESIAN_POINT('Ctrl Pts',(1.11470395491327,2.00207031547312,0.0909350810850001));
#6226=CARTESIAN_POINT('Ctrl Pts',(1.119641002646,1.92497521932805,0.0514271919577516));
#6227=CARTESIAN_POINT('Ctrl Pts',(1.12457805037872,1.91593202510715,-0.0347281781011462));
#6228=CARTESIAN_POINT('Ctrl Pts',(1.12951509811145,1.98314344345455,-0.0893830259998271));
#6229=CARTESIAN_POINT('Ctrl Pts',(1.13445214584417,2.06564475297665,-0.0629621804492437));
#6230=CARTESIAN_POINT('Ctrl Pts',(1.13938919357689,2.08860239906283,0.020569092922883));
#6231=CARTESIAN_POINT('Ctrl Pts',(1.14432624130962,2.03119244231976,0.085443001684402));
#6232=CARTESIAN_POINT('Ctrl Pts',(1.14926328904234,1.94548910038988,0.0728150831783274));
#6233=CARTESIAN_POINT('Ctrl Pts',(1.15420033677507,1.90923035991355,-0.00586039483334453));
#6234=CARTESIAN_POINT('Ctrl Pts',(1.15913738450779,1.95530503806138,-0.0792201340127679));
#6235=CARTESIAN_POINT('Ctrl Pts',(1.16407443224051,2.04192068256803,-0.0807225204606321));
#6236=CARTESIAN_POINT('Ctrl Pts',(1.16901147997323,2.09051179650233,-0.00900480660510469));
#6237=CARTESIAN_POINT('Ctrl Pts',(1.17394852770596,2.05700336859204,0.070880821264531));
#6238=CARTESIAN_POINT('Ctrl Pts',(1.17888557543868,1.97178952843018,0.0864733645338257));
#6239=CARTESIAN_POINT('Ctrl Pts',(1.18382262317141,1.91216423876285,0.0236295089639614));
#6240=CARTESIAN_POINT('Ctrl Pts',(1.18875967090413,1.93221118858185,-0.0606477444383394));
#6241=CARTESIAN_POINT('Ctrl Pts',(1.19369671863685,2.0137465452133,-0.0899137913679275));
#6242=CARTESIAN_POINT('Ctrl Pts',(1.19863376636958,2.08281306121195,-0.0376229229421573));
#6243=CARTESIAN_POINT('Ctrl Pts',(1.2035708141023,2.0767630746461,0.0487945920326733));
#6244=CARTESIAN_POINT('Ctrl Pts',(1.20850786183503,2.00108478678883,0.0909517233717849));
#6245=CARTESIAN_POINT('Ctrl Pts',(1.21344490956775,1.92442187283319,0.0506119169921126));
#6246=CARTESIAN_POINT('Ctrl Pts',(1.21838195730047,1.91631407777349,-0.0356390636040491));
#6247=CARTESIAN_POINT('Ctrl Pts',(1.2233190050332,1.98411179597166,-0.0895570096261063));
#6248=CARTESIAN_POINT('Ctrl Pts',(1.22825605276592,2.06632607770851,-0.0622538117053531));
#6249=CARTESIAN_POINT('Ctrl Pts',(1.23319310049864,2.0883688105217,0.0215416025935538));
#6250=CARTESIAN_POINT('Ctrl Pts',(1.23813014823137,2.03027525966605,0.0857496348540192));
#6251=CARTESIAN_POINT('Ctrl Pts',(1.24306719596409,1.94468201452973,0.0722725743646239));
#6252=CARTESIAN_POINT('Ctrl Pts',(1.24800424369682,1.90934082675807,-0.00695408123174119));
#6253=CARTESIAN_POINT('Ctrl Pts',(1.25129560885196,1.94050429984981,-0.0552506851211748));
#6254=CARTESIAN_POINT('Ctrl Pts',(1.25294129142954,1.9628529034831,-0.0675420692745481));
#6255=CARTESIAN_POINT('Ctrl Pts',(0.741586736135477,1.93443743189172,0.0492498872663476));
#6256=CARTESIAN_POINT('Ctrl Pts',(0.743232418713051,1.91814143235353,0.0275562749450163));
#6257=CARTESIAN_POINT('Ctrl Pts',(0.746523783868201,1.90904487476465,-0.0329074782670643));
#6258=CARTESIAN_POINT('Ctrl Pts',(0.751460831600924,1.97796662594289,-0.0942779002977369));
#6259=CARTESIAN_POINT('Ctrl Pts',(0.756397879333648,2.06686214345878,-0.0699114763620187));
#6260=CARTESIAN_POINT('Ctrl Pts',(0.761334927066373,2.09511415512071,0.0177600729841128));
#6261=CARTESIAN_POINT('Ctrl Pts',(0.766271974799095,2.0370899219754,0.0893771502127854));
#6262=CARTESIAN_POINT('Ctrl Pts',(0.77120902253182,1.9454239941686,0.0798959886334723));
#6263=CARTESIAN_POINT('Ctrl Pts',(0.776146070264542,1.90326118914844,-0.00204134556858981));
#6264=CARTESIAN_POINT('Ctrl Pts',(0.781083117997268,1.94884646381192,-0.0821342555845055));
#6265=CARTESIAN_POINT('Ctrl Pts',(0.78602016572999,2.04083087544853,-0.0877228674259097));
#6266=CARTESIAN_POINT('Ctrl Pts',(0.790957213462715,2.09577934452199,-0.0137435121222056));
#6267=CARTESIAN_POINT('Ctrl Pts',(0.795894261195438,2.06385026223099,0.0727029833740368));
#6268=CARTESIAN_POINT('Ctrl Pts',(0.800831308928162,1.97400524358231,0.0932031180246618));
#6269=CARTESIAN_POINT('Ctrl Pts',(0.805768356660885,1.90773899326417,0.0291627874110236));
#6270=CARTESIAN_POINT('Ctrl Pts',(0.81070540439361,1.92515892340079,-0.0613300203965748));
#6271=CARTESIAN_POINT('Ctrl Pts',(0.815642452126332,2.01046412265007,-0.0961928024205178));
#6272=CARTESIAN_POINT('Ctrl Pts',(0.820579499859058,2.08627774656879,-0.0438030543017512));
#6273=CARTESIAN_POINT('Ctrl Pts',(0.82551654759178,2.08383236404084,0.0483186804289049));
#6274=CARTESIAN_POINT('Ctrl Pts',(0.830453595324506,2.00534608220653,0.0966125292268868));
#6275=CARTESIAN_POINT('Ctrl Pts',(0.835390643057227,1.92201058827577,0.0572731348440562));
#6276=CARTESIAN_POINT('Ctrl Pts',(0.840327690789953,1.90941609160738,-0.0340163576927093));
#6277=CARTESIAN_POINT('Ctrl Pts',(0.845264738522675,1.97898654353132,-0.0944509900605194));
#6278=CARTESIAN_POINT('Ctrl Pts',(0.8502017862554,2.06761744011807,-0.0692129871957662));
#6279=CARTESIAN_POINT('Ctrl Pts',(0.855138833988123,2.09491532962242,0.018805294303548));
#6280=CARTESIAN_POINT('Ctrl Pts',(0.860075881720847,2.03611941592425,0.0897660803207187));
#6281=CARTESIAN_POINT('Ctrl Pts',(0.86501292945357,1.94456106122525,0.0793037520399946));
#6282=CARTESIAN_POINT('Ctrl Pts',(0.869949977186294,1.90328909444745,-0.00309174170517761));
#6283=CARTESIAN_POINT('Ctrl Pts',(0.874887024919018,1.94973962417003,-0.0826828273609748));
#6284=CARTESIAN_POINT('Ctrl Pts',(0.879824072651743,2.04177927972833,-0.0872756950327478));
#6285=CARTESIAN_POINT('Ctrl Pts',(0.884761120384465,2.09592266393167,-0.012704342785478));
#6286=CARTESIAN_POINT('Ctrl Pts',(0.88969816811719,2.06305853328406,0.0733906137756926));
#6287=CARTESIAN_POINT('Ctrl Pts',(0.894635215849913,1.97299659300191,0.0929159701441425));
#6288=CARTESIAN_POINT('Ctrl Pts',(0.899572263582638,1.90742833585069,0.0281610762529319));
#6289=CARTESIAN_POINT('Ctrl Pts',(0.90450931131536,1.92582803906588,-0.0621375591201683));
#6290=CARTESIAN_POINT('Ctrl Pts',(0.909446359048084,2.01150608639695,-0.0960737467996495));
#6291=CARTESIAN_POINT('Ctrl Pts',(0.914383406780809,2.08674743459951,-0.0428653625980796));
#6292=CARTESIAN_POINT('Ctrl Pts',(0.919320454513531,2.08330374221997,0.049224450147241));
#6293=CARTESIAN_POINT('Ctrl Pts',(0.924257502246257,2.00429864139671,0.0966647987187254));
#6294=CARTESIAN_POINT('Ctrl Pts',(0.929194549978979,1.92139441924139,0.0564244883633257));
#6295=CARTESIAN_POINT('Ctrl Pts',(0.934131597711704,1.90979009593064,-0.0349961455722107));
#6296=CARTESIAN_POINT('Ctrl Pts',(0.939068645444427,1.98001147726896,-0.0946731950268786));
#6297=CARTESIAN_POINT('Ctrl Pts',(0.944005693177151,2.06836362788627,-0.0684760556797614));
#6298=CARTESIAN_POINT('Ctrl Pts',(0.948942740909874,2.094705935107,0.0198329216609635));
#6299=CARTESIAN_POINT('Ctrl Pts',(0.953879788642599,2.03514437229788,0.0901522850284693));
#6300=CARTESIAN_POINT('Ctrl Pts',(0.958816836375321,1.94370479057952,0.0786982235720467));
#6301=CARTESIAN_POINT('Ctrl Pts',(0.963753884108047,1.90332828476972,-0.00413975326990551));
#6302=CARTESIAN_POINT('Ctrl Pts',(0.968690931840769,1.95063872752679,-0.0832227137279342));
#6303=CARTESIAN_POINT('Ctrl Pts',(0.973627979573494,2.04272275633479,-0.0868177474085448));
#6304=CARTESIAN_POINT('Ctrl Pts',(0.978565027306218,2.09605472484842,-0.011663946685375));
#6305=CARTESIAN_POINT('Ctrl Pts',(0.983502075038941,2.06225939146899,0.0740697577163919));
#6306=CARTESIAN_POINT('Ctrl Pts',(0.988439122771664,1.97199111722427,0.0926178383059352));
#6307=CARTESIAN_POINT('Ctrl Pts',(0.993376170504389,1.90712855195575,0.0271560918010927));
#6308=CARTESIAN_POINT('Ctrl Pts',(0.998313218237112,1.92650586873121,-0.0629378160021548));
#6309=CARTESIAN_POINT('Ctrl Pts',(1.00325026596984,2.01254669812959,-0.0959433959109415));
#6310=CARTESIAN_POINT('Ctrl Pts',(1.00818731370256,2.08720693217024,-0.0419226398844733));
#6311=CARTESIAN_POINT('Ctrl Pts',(1.01312436143528,2.08276533422549,0.0501244395714964));
#6312=CARTESIAN_POINT('Ctrl Pts',(1.01806140916801,2.00325069564975,0.0967057113536772));
#6313=CARTESIAN_POINT('Ctrl Pts',(1.02299845690073,1.92078748435481,0.0555692140355675));
#6314=CARTESIAN_POINT('Ctrl Pts',(1.02793550463346,1.91017469765083,-0.0359718225931075));
#6315=CARTESIAN_POINT('Ctrl Pts',(1.03287255236618,1.98103875914732,-0.0948842781258671));
#6316=CARTESIAN_POINT('Ctrl Pts',(1.0378096000989,2.06910178465776,-0.0677310800338573));
#6317=CARTESIAN_POINT('Ctrl Pts',(1.04274664783163,2.09448541503457,0.0208582191933601));
#6318=CARTESIAN_POINT('Ctrl Pts',(1.04768369556435,2.03416520009613,0.0905278991011728));
#6319=CARTESIAN_POINT('Ctrl Pts',(1.05262074329707,1.94285513319872,0.0780834500629097));
#6320=CARTESIAN_POINT('Ctrl Pts',(1.0575577910298,1.9033788315772,-0.00518727852140929));
#6321=CARTESIAN_POINT('Ctrl Pts',(1.06249483876252,1.95154362958631,-0.0837528235231307));
#6322=CARTESIAN_POINT('Ctrl Pts',(1.06743188649524,2.04366121409642,-0.086349600890985));
#6323=CARTESIAN_POINT('Ctrl Pts',(1.07236893422797,2.09617550176092,-0.0106221803633522));
#6324=CARTESIAN_POINT('Ctrl Pts',(1.07730598196069,2.06145293574785,0.0747402003329567));
#6325=CARTESIAN_POINT('Ctrl Pts',(1.08224302969342,1.97098893178295,0.0923088262131393));
#6326=CARTESIAN_POINT('Ctrl Pts',(1.08718007742614,1.90683967811043,0.0261479171962504));
#6327=CARTESIAN_POINT('Ctrl Pts',(1.09211712515886,1.92719233210076,-0.0637306792781121));
#6328=CARTESIAN_POINT('Ctrl Pts',(1.09705417289159,2.01358583594214,-0.0958017740944721));
#6329=CARTESIAN_POINT('Ctrl Pts',(1.10199122062431,2.0876561851288,-0.0409749923170661));
#6330=CARTESIAN_POINT('Ctrl Pts',(1.10692826835703,2.08221720339481,0.0510185406414531));
#6331=CARTESIAN_POINT('Ctrl Pts',(1.11186531608976,2.00220236802762,0.0967352635132712));
#6332=CARTESIAN_POINT('Ctrl Pts',(1.11680236382248,1.92018985493924,0.0547074117281766));
#6333=CARTESIAN_POINT('Ctrl Pts',(1.12173941155521,1.91056985157345,-0.0369432738263696));
#6334=CARTESIAN_POINT('Ctrl Pts',(1.12667645928793,1.98206826849652,-0.0950842147261556));
#6335=CARTESIAN_POINT('Ctrl Pts',(1.13161350702065,2.06983182370705,-0.0669781476755891));
#6336=CARTESIAN_POINT('Ctrl Pts',(1.13655055475338,2.09425379532738,0.0218810663764895));
#6337=CARTESIAN_POINT('Ctrl Pts',(1.1414876024861,2.03318201431637,0.0908928785076618));
#6338=CARTESIAN_POINT('Ctrl Pts',(1.14642465021883,1.94201218895529,0.0774595035779568));
#6339=CARTESIAN_POINT('Ctrl Pts',(1.15136169795155,1.90344072881614,-0.00623419411229759));
#6340=CARTESIAN_POINT('Ctrl Pts',(1.15629874568427,1.95245422427287,-0.0842730950339758));
#6341=CARTESIAN_POINT('Ctrl Pts',(1.161235793417,2.04459454232101,-0.0858713093741904));
#6342=CARTESIAN_POINT('Ctrl Pts',(1.16617284114972,2.09628498136031,-0.00957916836463473));
#6343=CARTESIAN_POINT('Ctrl Pts',(1.17110988888244,2.06063925912927,0.0754018671204695));
#6344=CARTESIAN_POINT('Ctrl Pts',(1.17604693661517,1.96999015781113,0.0919889617982921));
#6345=CARTESIAN_POINT('Ctrl Pts',(1.18098398434789,1.90656174155961,0.0251366873326204));
#6346=CARTESIAN_POINT('Ctrl Pts',(1.18592103208062,1.92788736169139,-0.064516088178584));
#6347=CARTESIAN_POINT('Ctrl Pts',(1.19085807981334,2.01462335188096,-0.0956488343177348));
#6348=CARTESIAN_POINT('Ctrl Pts',(1.19579512754606,2.08809519160276,-0.0400226564464291));
#6349=CARTESIAN_POINT('Ctrl Pts',(1.20073217527879,2.0816593140019,0.0519068946186879));
#6350=CARTESIAN_POINT('Ctrl Pts',(1.20566922301151,2.00115397859482,0.096752967308078));
#6351=CARTESIAN_POINT('Ctrl Pts',(1.21060627074423,1.91960121391119,0.0538401354404049));
#6352=CARTESIAN_POINT('Ctrl Pts',(1.21554331847696,1.91097627300445,-0.0379122590532415));
#6353=CARTESIAN_POINT('Ctrl Pts',(1.22048036620968,1.9830983862012,-0.0952692956864353));
#6354=CARTESIAN_POINT('Ctrl Pts',(1.22541741394241,2.07055660590829,-0.066224596492899));
#6355=CARTESIAN_POINT('Ctrl Pts',(1.23035446167513,2.09400530762524,0.0229156063937219));
#6356=CARTESIAN_POINT('Ctrl Pts',(1.23529150940785,2.03220633028259,0.0912190699010708));
#6357=CARTESIAN_POINT('Ctrl Pts',(1.24022855714058,1.94115362410513,0.0768823914993793));
#6358=CARTESIAN_POINT('Ctrl Pts',(1.2451656048733,1.90355824165399,-0.00739763996745684));
#6359=CARTESIAN_POINT('Ctrl Pts',(1.24845697002845,1.93670943897536,-0.058774783996865));
#6360=CARTESIAN_POINT('Ctrl Pts',(1.25010265260602,1.96048352111068,-0.0718501591394805));
#6361=CARTESIAN_POINT('Ctrl Pts',(1.25010265260602,1.96048352111068,-0.0718501591394805));
#6362=CARTESIAN_POINT('Ctrl Pts',(1.25010265260602,1.95686607815152,-0.0693352851675205));
#6363=CARTESIAN_POINT('Ctrl Pts',(1.25010265260602,1.95348134748675,-0.0665143504181568));
#6364=CARTESIAN_POINT('Ctrl Pts',(1.25010265260602,1.95034866800405,-0.0634296092000508));
#6365=CARTESIAN_POINT('Ctrl Pts',(1.25010265260602,1.94818816477079,-0.0613021673687712));
#6366=CARTESIAN_POINT('Ctrl Pts',(1.25010265260602,1.94614769510904,-0.0590490770719617));
#6367=CARTESIAN_POINT('Ctrl Pts',(1.25010265260602,1.94423599169736,-0.0566829969667079));
#6368=CARTESIAN_POINT('Ctrl Pts',(1.25010265260602,1.9424346488809,-0.0544535081376708));
#6369=CARTESIAN_POINT('Ctrl Pts',(1.25010265260602,1.94075315844996,-0.052130344432173));
#6370=CARTESIAN_POINT('Ctrl Pts',(1.25010265260602,1.9391996131056,-0.0497278731296559));
#6371=CARTESIAN_POINT('Ctrl Pts',(1.25010265260602,1.93676574037581,-0.0459640245825149));
#6372=CARTESIAN_POINT('Ctrl Pts',(1.25010265260602,1.93464347840178,-0.0420032413763413));
#6373=CARTESIAN_POINT('Ctrl Pts',(1.25010265260602,1.93286422630538,-0.0378878621352162));
#6374=CARTESIAN_POINT('Ctrl Pts',(1.25010265260602,1.93182327964079,-0.0354801705533209));
#6375=CARTESIAN_POINT('Ctrl Pts',(1.25010265260602,1.93090339735193,-0.0330271298863446));
#6376=CARTESIAN_POINT('Ctrl Pts',(1.25010265260602,1.93011128852596,-0.0305422217463874));
#6377=CARTESIAN_POINT('Ctrl Pts',(1.25010265260602,1.92874231586754,-0.0262476460634038));
#6378=CARTESIAN_POINT('Ctrl Pts',(1.25010265260602,1.92775223126174,-0.0218533023106134));
#6379=CARTESIAN_POINT('Ctrl Pts',(1.25010265260602,1.92717608135758,-0.0174043799846184));
#6380=CARTESIAN_POINT('Ctrl Pts',(1.25010265260602,1.92682653360359,-0.0147052372866751));
#6381=CARTESIAN_POINT('Ctrl Pts',(1.25010265260602,1.9266296180693,-0.0119860064269125));
#6382=CARTESIAN_POINT('Ctrl Pts',(1.25010265260602,1.92659587068931,-0.00925745693910909));
#6383=CARTESIAN_POINT('Ctrl Pts',(1.25010265260602,1.9265805681179,-0.00802021056933256));
#6384=CARTESIAN_POINT('Ctrl Pts',(1.25010265260602,1.92659889194869,-0.00678347378153953));
#6385=CARTESIAN_POINT('Ctrl Pts',(1.25010265260602,1.92665148231962,-0.00554919167992331));
#6386=CARTESIAN_POINT('Ctrl Pts',(1.25010265260602,1.9268317034549,-0.00131944928244355));
#6387=CARTESIAN_POINT('Ctrl Pts',(1.25010265260602,1.92741338557137,0.00288560647864542));
#6388=CARTESIAN_POINT('Ctrl Pts',(1.25010265260602,1.9283683839499,0.00701928092820309));
#6389=CARTESIAN_POINT('Ctrl Pts',(1.25010265260602,1.92902560354344,0.00986403114206626));
#6390=CARTESIAN_POINT('Ctrl Pts',(1.25010265260602,1.9298599061213,0.012674933469956));
#6391=CARTESIAN_POINT('Ctrl Pts',(1.25010265260602,1.93086484034123,0.0154349252112389));
#6392=CARTESIAN_POINT('Ctrl Pts',(1.25010265260602,1.93169703610609,0.0177205011152226));
#6393=CARTESIAN_POINT('Ctrl Pts',(1.25010265260602,1.93264722388417,0.019972041171745));
#6394=CARTESIAN_POINT('Ctrl Pts',(1.25010265260602,1.9337039116529,0.0221638075335108));
#6395=CARTESIAN_POINT('Ctrl Pts',(1.25010265260602,1.93624767298964,0.0274400402062095));
#6396=CARTESIAN_POINT('Ctrl Pts',(1.25010265260602,1.93941372265267,0.0323954778883953));
#6397=CARTESIAN_POINT('Ctrl Pts',(1.25010265260602,1.94314579148462,0.0368875705971244));
#6398=CARTESIAN_POINT('Ctrl Pts',(1.25010265260602,1.94415233400658,0.0380990922832296));
#6399=CARTESIAN_POINT('Ctrl Pts',(1.25010265260602,1.94520020126743,0.0392766665197448));
#6400=CARTESIAN_POINT('Ctrl Pts',(1.25010265260602,1.94628856928214,0.0404168841184317));
#6401=CARTESIAN_POINT('Ctrl Pts',(0.750102652606024,1.94623069871607,0.0403909168064382));
#6402=CARTESIAN_POINT('Ctrl Pts',(0.750102652606024,1.94226348662991,0.0363132122053826));
#6403=CARTESIAN_POINT('Ctrl Pts',(0.750102652606024,1.93888928834262,0.0317308436315146));
#6404=CARTESIAN_POINT('Ctrl Pts',(0.750102652606024,1.93610625642714,0.0267947462398049));
#6405=CARTESIAN_POINT('Ctrl Pts',(0.750102652606024,1.93479223780961,0.0244641499449625));
#6406=CARTESIAN_POINT('Ctrl Pts',(0.750102652606024,1.93361037648229,0.0220540106236845));
#6407=CARTESIAN_POINT('Ctrl Pts',(0.750102652606024,1.93256285055282,0.0195772995463215));
#6408=CARTESIAN_POINT('Ctrl Pts',(0.750102652606024,1.93178249173884,0.0177322632904011));
#6409=CARTESIAN_POINT('Ctrl Pts',(0.750102652606024,1.93107748687063,0.0158513646064148));
#6410=CARTESIAN_POINT('Ctrl Pts',(0.750102652606024,1.93045150941893,0.0139495889756861));
#6411=CARTESIAN_POINT('Ctrl Pts',(0.750102652606024,1.92884501023941,0.00906890041078613));
#6412=CARTESIAN_POINT('Ctrl Pts',(0.750102652606024,1.92775049076026,0.00403591767107103));
#6413=CARTESIAN_POINT('Ctrl Pts',(0.750102652606024,1.92717791398312,-0.00105801006532297));
#6414=CARTESIAN_POINT('Ctrl Pts',(0.750102652606024,1.92690490694706,-0.00348681641711661));
#6415=CARTESIAN_POINT('Ctrl Pts',(0.750102652606024,1.92675085839514,-0.00592971667389184));
#6416=CARTESIAN_POINT('Ctrl Pts',(0.750102652606024,1.92671868349776,-0.00837764866800047));
#6417=CARTESIAN_POINT('Ctrl Pts',(0.750102652606024,1.92668529850247,-0.0109176473855738));
#6418=CARTESIAN_POINT('Ctrl Pts',(0.750102652606024,1.9267834966691,-0.0134548869122942));
#6419=CARTESIAN_POINT('Ctrl Pts',(0.750102652606024,1.92701399645779,-0.0159718460724));
#6420=CARTESIAN_POINT('Ctrl Pts',(0.750102652606024,1.92732077848901,-0.0193217747122997));
#6421=CARTESIAN_POINT('Ctrl Pts',(0.750102652606024,1.92786168184969,-0.0226396312501822));
#6422=CARTESIAN_POINT('Ctrl Pts',(0.750102652606024,1.92864144811379,-0.0259017772339498));
#6423=CARTESIAN_POINT('Ctrl Pts',(0.750102652606024,1.92954438224726,-0.0296791950227298));
#6424=CARTESIAN_POINT('Ctrl Pts',(0.750102652606024,1.93076736652225,-0.0333820857050425));
#6425=CARTESIAN_POINT('Ctrl Pts',(0.750102652606024,1.93228258793267,-0.0369877004616316));
#6426=CARTESIAN_POINT('Ctrl Pts',(0.750102652606024,1.93330611356757,-0.0394232779340367));
#6427=CARTESIAN_POINT('Ctrl Pts',(0.750102652606024,1.93445972240253,-0.041805896011194));
#6428=CARTESIAN_POINT('Ctrl Pts',(0.750102652606024,1.93573152513583,-0.0441252261405825));
#6429=CARTESIAN_POINT('Ctrl Pts',(0.750102652606024,1.93779313594916,-0.0478848941686963));
#6430=CARTESIAN_POINT('Ctrl Pts',(0.750102652606024,1.94016613424039,-0.051481519833477));
#6431=CARTESIAN_POINT('Ctrl Pts',(0.750102652606024,1.94281482593059,-0.0548853511705165));
#6432=CARTESIAN_POINT('Ctrl Pts',(0.750102652606024,1.94435632902718,-0.0568663354299294));
#6433=CARTESIAN_POINT('Ctrl Pts',(0.750102652606024,1.94599046351985,-0.0587803152101297));
#6434=CARTESIAN_POINT('Ctrl Pts',(0.750102652606024,1.94770404701959,-0.060614730344036));
#6435=CARTESIAN_POINT('Ctrl Pts',(0.750102652606024,1.95159739475073,-0.064782613613604));
#6436=CARTESIAN_POINT('Ctrl Pts',(0.750102652606024,1.95590726210915,-0.0685512242181443));
#6437=CARTESIAN_POINT('Ctrl Pts',(0.750102652606024,1.96056086253614,-0.0718500106543324));
#6438=CARTESIAN_POINT('Ctrl Pts',(0.800181946600026,2.06730831728588,-4.8871653253811E-5));
#6439=CARTESIAN_POINT('Ctrl Pts',(0.799945674377771,2.06733441414327,-0.00323564670530084));
#6440=CARTESIAN_POINT('Ctrl Pts',(0.799709402155516,2.06712745070128,-0.00641901475481152));
#6441=CARTESIAN_POINT('Ctrl Pts',(0.799473129933261,2.06667571175887,-0.00956725692391367));
#6442=CARTESIAN_POINT('Ctrl Pts',(0.797827447355687,2.06352926102488,-0.0314953838879309));
#6443=CARTESIAN_POINT('Ctrl Pts',(0.796181764778112,2.04850777913386,-0.0517194149618094));
#6444=CARTESIAN_POINT('Ctrl Pts',(0.794536082200538,2.02842396566282,-0.0610675399574186));
#6445=CARTESIAN_POINT('Ctrl Pts',(0.792890399622963,2.00834015219178,-0.0704156649530276));
#6446=CARTESIAN_POINT('Ctrl Pts',(0.791244717045388,1.98319400714072,-0.0688878838703674));
#6447=CARTESIAN_POINT('Ctrl Pts',(0.789599034467814,1.96439002054787,-0.0571763343888536));
#6448=CARTESIAN_POINT('Ctrl Pts',(0.787953351890239,1.94558603395503,-0.0454647849073398));
#6449=CARTESIAN_POINT('Ctrl Pts',(0.786307669312664,1.93312420582039,-0.0235694670269723));
#6450=CARTESIAN_POINT('Ctrl Pts',(0.78466198673509,1.93265639874008,-0.00142204035286838));
#6451=CARTESIAN_POINT('Ctrl Pts',(0.783016304157515,1.93218859165977,0.0207253863212353));
#6452=CARTESIAN_POINT('Ctrl Pts',(0.781370621579941,1.94371480563378,0.0431249217890754));
#6453=CARTESIAN_POINT('Ctrl Pts',(0.779724939002367,1.96200745254966,0.0556206409787044));
#6454=CARTESIAN_POINT('Ctrl Pts',(0.778079256424792,1.98030009946554,0.0681163601683335));
#6455=CARTESIAN_POINT('Ctrl Pts',(0.776433573847217,2.00535917932329,0.0707082630797514));
#6456=CARTESIAN_POINT('Ctrl Pts',(0.774787891269643,2.02581987713636,0.0622150916825574));
#6457=CARTESIAN_POINT('Ctrl Pts',(0.773142208692068,2.04628057494943,0.0537219202853633));
#6458=CARTESIAN_POINT('Ctrl Pts',(0.771496526114493,2.06214289071781,0.0341436745795573));
#6459=CARTESIAN_POINT('Ctrl Pts',(0.769850843536919,2.06621236611366,0.0123709913739565));
#6460=CARTESIAN_POINT('Ctrl Pts',(0.769544544557955,2.06696978809506,0.00831859954210368));
#6461=CARTESIAN_POINT('Ctrl Pts',(0.769238245578991,2.06731868626477,0.00419018870688778));
#6462=CARTESIAN_POINT('Ctrl Pts',(0.768931946600027,2.0672816508518,5.56987793620831E-5));
#6463=CARTESIAN_POINT('Ctrl Pts',(0.750102652606024,2.03951647888932,-0.0718501591394825));
#6464=CARTESIAN_POINT('Ctrl Pts',(0.751748335183598,2.06329056102464,-0.0587747839968679));
#6465=CARTESIAN_POINT('Ctrl Pts',(0.755039700338747,2.09644171021173,-0.00739752654855857));
#6466=CARTESIAN_POINT('Ctrl Pts',(0.759976748071472,2.05884640641748,0.0768823392846314));
#6467=CARTESIAN_POINT('Ctrl Pts',(0.764913795804195,1.96779365647031,0.091219113518723));
#6468=CARTESIAN_POINT('Ctrl Pts',(0.769850843536919,1.90599468747576,0.0229155875774145));
#6469=CARTESIAN_POINT('Ctrl Pts',(0.774787891269642,1.92944338622198,-0.0662245903591809));
#6470=CARTESIAN_POINT('Ctrl Pts',(0.779724939002366,2.01690161568112,-0.0952693116910461));
#6471=CARTESIAN_POINT('Ctrl Pts',(0.78466198673509,2.08902373532545,-0.037912258539598));
#6472=CARTESIAN_POINT('Ctrl Pts',(0.789599034467814,2.08039879349045,0.0538401381837475));
#6473=CARTESIAN_POINT('Ctrl Pts',(0.794536082200537,1.99884602139478,0.096752977609381));
#6474=CARTESIAN_POINT('Ctrl Pts',(0.799473129933262,1.9183406783048,0.0519068987587669));
#6475=CARTESIAN_POINT('Ctrl Pts',(0.804410177665984,1.91190480022487,-0.0400226597944459));
#6476=CARTESIAN_POINT('Ctrl Pts',(0.80934722539871,1.98537664672353,-0.095648843455328));
#6477=CARTESIAN_POINT('Ctrl Pts',(0.814284273131432,2.07211264505699,-0.0645160940842846));
#6478=CARTESIAN_POINT('Ctrl Pts',(0.819221320864156,2.09343826714911,0.0251366896161023));
#6479=CARTESIAN_POINT('Ctrl Pts',(0.824158368596881,2.03000984499586,0.09198897041645));
#6480=CARTESIAN_POINT('Ctrl Pts',(0.829095416329603,1.93936073520812,0.075401874139005));
#6481=CARTESIAN_POINT('Ctrl Pts',(0.834032464062329,1.9037150096563,-0.00957916924888182));
#6482=CARTESIAN_POINT('Ctrl Pts',(0.838969511795051,1.9554054535162,-0.0858713173930085));
#6483=CARTESIAN_POINT('Ctrl Pts',(0.843906559527775,2.04754578016481,-0.0842731028957035));
#6484=CARTESIAN_POINT('Ctrl Pts',(0.8488436072605,2.09655928019456,-0.00623419469555845));
#6485=CARTESIAN_POINT('Ctrl Pts',(0.853780654993222,2.05798781645641,0.0774595108073679));
#6486=CARTESIAN_POINT('Ctrl Pts',(0.858717702725947,1.96681798258693,0.0908928869895033));
#6487=CARTESIAN_POINT('Ctrl Pts',(0.86365475045867,1.90574619587678,0.0218810684186841));
#6488=CARTESIAN_POINT('Ctrl Pts',(0.868591798191393,1.93016816977611,-0.0669781539262019));
#6489=CARTESIAN_POINT('Ctrl Pts',(0.873528845924119,2.01793173317691,-0.0950842235994945));
#6490=CARTESIAN_POINT('Ctrl Pts',(0.87846589365684,2.08943015677229,-0.0369432772740079));
#6491=CARTESIAN_POINT('Ctrl Pts',(0.883402941389566,2.07981015250876,0.0547074168335637));
#6492=CARTESIAN_POINT('Ctrl Pts',(0.888339989122289,1.99779763176685,0.0967352725407366));
#6493=CARTESIAN_POINT('Ctrl Pts',(0.893277036855012,1.91778278893256,0.0510185454025845));
#6494=CARTESIAN_POINT('Ctrl Pts',(0.898214084587737,1.912343806691,-0.0409749961409125));
#6495=CARTESIAN_POINT('Ctrl Pts',(0.903151132320459,1.98641416279001,-0.0958017830348334));
#6496=CARTESIAN_POINT('Ctrl Pts',(0.908088180053185,2.07280767469375,-0.0637306852255574));
#6497=CARTESIAN_POINT('Ctrl Pts',(0.913025227785907,2.09316033058343,0.0261479196364067));
#6498=CARTESIAN_POINT('Ctrl Pts',(0.917962275518633,2.02901107092441,0.0923088348275306));
#6499=CARTESIAN_POINT('Ctrl Pts',(0.922899323251354,1.93854705851728,0.0747402073078221));
#6500=CARTESIAN_POINT('Ctrl Pts',(0.92783637098408,1.90382448926385,-0.010622181354627));
#6501=CARTESIAN_POINT('Ctrl Pts',(0.932773418716803,1.95633878182904,-0.0863496089492557));
#6502=CARTESIAN_POINT('Ctrl Pts',(0.937710466449526,2.0484563749357,-0.0837528313390701));
#6503=CARTESIAN_POINT('Ctrl Pts',(0.942647514182251,2.09662117743963,-0.00518727900549953));
#6504=CARTESIAN_POINT('Ctrl Pts',(0.947584561914974,2.05714487213412,0.0780834573497671));
#6505=CARTESIAN_POINT('Ctrl Pts',(0.952521609647698,1.96583479671552,0.0905279075493682));
#6506=CARTESIAN_POINT('Ctrl Pts',(0.957458657380422,1.90551457614791,0.0208582211398819));
#6507=CARTESIAN_POINT('Ctrl Pts',(0.962395705113145,1.93089820889356,-0.0677310863546196));
#6508=CARTESIAN_POINT('Ctrl Pts',(0.967332752845869,2.01896124262217,-0.0948842869806088));
#6509=CARTESIAN_POINT('Ctrl Pts',(0.972269800578593,2.08982531073179,-0.0359718259500554));
#6510=CARTESIAN_POINT('Ctrl Pts',(0.977206848311317,2.07921252303742,0.0555692192213625));
#6511=CARTESIAN_POINT('Ctrl Pts',(0.982143896044041,1.9967493040469,0.0967057203783938));
#6512=CARTESIAN_POINT('Ctrl Pts',(0.987080943776764,1.91723465805073,0.0501244442491841));
#6513=CARTESIAN_POINT('Ctrl Pts',(0.992017991509488,1.91279305969148,-0.0419226437967531));
#6514=CARTESIAN_POINT('Ctrl Pts',(0.996955039242212,1.98745330069954,-0.0959434048645205));
#6515=CARTESIAN_POINT('Ctrl Pts',(1.00189208697494,2.07349413812737,-0.0629378218756081));
#6516=CARTESIAN_POINT('Ctrl Pts',(1.00682913470766,2.09287145671115,0.0271560943353339));
#6517=CARTESIAN_POINT('Ctrl Pts',(1.01176618244038,2.02800888538956,0.0926178469491642));
#6518=CARTESIAN_POINT('Ctrl Pts',(1.01670323017311,1.93774060272088,0.0740697646286905));
#6519=CARTESIAN_POINT('Ctrl Pts',(1.02164027790583,1.90394526618761,-0.0116639477738698));
#6520=CARTESIAN_POINT('Ctrl Pts',(1.02657732563855,1.95727723967826,-0.0868177555105036));
#6521=CARTESIAN_POINT('Ctrl Pts',(1.03151437337128,2.04936127707967,-0.083222721494403));
#6522=CARTESIAN_POINT('Ctrl Pts',(1.036451421104,2.09667172425182,-0.00413975365623866));
#6523=CARTESIAN_POINT('Ctrl Pts',(1.04138846883673,2.05629521467403,0.0786982309162762));
#6524=CARTESIAN_POINT('Ctrl Pts',(1.04632551656945,1.9648556244224,0.0901522934416116));
#6525=CARTESIAN_POINT('Ctrl Pts',(1.05126256430217,1.9052940560549,0.0198329235118028));
#6526=CARTESIAN_POINT('Ctrl Pts',(1.0561996120349,1.93163636573394,-0.0684760620700462));
#6527=CARTESIAN_POINT('Ctrl Pts',(1.06113665976762,2.01998852459639,-0.0946732038619214));
#6528=CARTESIAN_POINT('Ctrl Pts',(1.06607370750034,2.09020991248788,-0.0349961488381069));
#6529=CARTESIAN_POINT('Ctrl Pts',(1.07101075523307,2.07860558809419,0.056424493628937));
#6530=CARTESIAN_POINT('Ctrl Pts',(1.07594780296579,1.99570135820214,0.096664807739624));
#6531=CARTESIAN_POINT('Ctrl Pts',(1.08088485069852,1.916696250006,0.0492244547409398));
#6532=CARTESIAN_POINT('Ctrl Pts',(1.08582189843124,1.9132525573051,-0.0428653665983366));
#6533=CARTESIAN_POINT('Ctrl Pts',(1.09075894616396,1.98849391252928,-0.0960737557653928));
#6534=CARTESIAN_POINT('Ctrl Pts',(1.09569599389669,2.07417196785595,-0.0621375649189403));
#6535=CARTESIAN_POINT('Ctrl Pts',(1.10063304162941,2.09257167278823,0.0281610788809606));
#6536=CARTESIAN_POINT('Ctrl Pts',(1.10557008936213,2.02700340951809,0.0929159788151926));
#6537=CARTESIAN_POINT('Ctrl Pts',(1.11050713709486,1.93694146083123,0.0733906206246148));
#6538=CARTESIAN_POINT('Ctrl Pts',(1.11544418482758,1.90407732711669,-0.0127043439710685));
#6539=CARTESIAN_POINT('Ctrl Pts',(1.1203812325603,1.95822071637276,-0.0872757031774339));
#6540=CARTESIAN_POINT('Ctrl Pts',(1.12531828029303,2.05026038052034,-0.0826828350770778));
#6541=CARTESIAN_POINT('Ctrl Pts',(1.13025532802575,2.09671091457775,-0.00309174199367539));
#6542=CARTESIAN_POINT('Ctrl Pts',(1.13519237575848,2.05543894394838,0.0793037594406702));
#6543=CARTESIAN_POINT('Ctrl Pts',(1.1401294234912,1.96388058070505,0.0897660886979386));
#6544=CARTESIAN_POINT('Ctrl Pts',(1.14506647122393,1.9050846615199,0.0188052960582637));
#6545=CARTESIAN_POINT('Ctrl Pts',(1.15000351895665,1.93238255357184,-0.0692129936544015));
#6546=CARTESIAN_POINT('Ctrl Pts',(1.15494056668937,2.02101345842953,-0.0944509988756176));
#6547=CARTESIAN_POINT('Ctrl Pts',(1.1598776144221,2.09058391684632,-0.0340163608656839));
#6548=CARTESIAN_POINT('Ctrl Pts',(1.16481466215482,2.07798941900176,0.0572731401860815));
#6549=CARTESIAN_POINT('Ctrl Pts',(1.16975170988754,1.99465391729565,0.0966125382481068));
#6550=CARTESIAN_POINT('Ctrl Pts',(1.17468875762027,1.91616762813371,0.0483186849283906));
#6551=CARTESIAN_POINT('Ctrl Pts',(1.17962580535299,1.91372224538373,-0.0438030583715282));
#6552=CARTESIAN_POINT('Ctrl Pts',(1.18456285308571,1.98953587636543,-0.0961928114306561));
#6553=CARTESIAN_POINT('Ctrl Pts',(1.18949990081844,2.07484108359901,-0.0613300260586363));
#6554=CARTESIAN_POINT('Ctrl Pts',(1.19443694855116,2.09226101531554,0.0291627900199644));
#6555=CARTESIAN_POINT('Ctrl Pts',(1.19937399628388,2.02599475890242,0.0932031269279865));
#6556=CARTESIAN_POINT('Ctrl Pts',(1.20431104401661,1.93614973169582,0.0727029897859813));
#6557=CARTESIAN_POINT('Ctrl Pts',(1.20924809174933,1.90422064676286,-0.0137435127331627));
#6558=CARTESIAN_POINT('Ctrl Pts',(1.21418513948206,1.95916912030672,-0.0877228768120134));
#6559=CARTESIAN_POINT('Ctrl Pts',(1.21912218721478,2.05115354180731,-0.082134261128373));
#6560=CARTESIAN_POINT('Ctrl Pts',(1.22405923494751,2.09673881823368,-0.00204134946156882));
#6561=CARTESIAN_POINT('Ctrl Pts',(1.22899628268023,2.05457601412741,0.0798960024489321));
#6562=CARTESIAN_POINT('Ctrl Pts',(1.23393333041295,1.96291006832897,0.0893771478570134));
#6563=CARTESIAN_POINT('Ctrl Pts',(1.23887037814568,1.90488584814962,0.0177600921507212));
#6564=CARTESIAN_POINT('Ctrl Pts',(1.2438074258784,1.93313782653259,-0.0699115106762632));
#6565=CARTESIAN_POINT('Ctrl Pts',(1.24874447361112,2.02203342334821,-0.0942778652492568));
#6566=CARTESIAN_POINT('Ctrl Pts',(1.25368152134385,2.09095503472649,-0.0329075618667282));
#6567=CARTESIAN_POINT('Ctrl Pts',(1.256972886499,2.08185856764647,0.0275562749450136));
#6568=CARTESIAN_POINT('Ctrl Pts',(1.25861856907657,2.06556256810828,0.0492498872663453));
#6569=CARTESIAN_POINT('Ctrl Pts',(0.747264013782508,2.03714709651689,-0.06754206927455));
#6570=CARTESIAN_POINT('Ctrl Pts',(0.748909696360083,2.05949570015019,-0.0552506851211776));
#6571=CARTESIAN_POINT('Ctrl Pts',(0.752201061515232,2.09065912799375,-0.00695397461336635));
#6572=CARTESIAN_POINT('Ctrl Pts',(0.757138109247956,2.05531801416278,0.0722725252806385));
#6573=CARTESIAN_POINT('Ctrl Pts',(0.76207515698068,1.96972472788113,0.0857496758563853));
#6574=CARTESIAN_POINT('Ctrl Pts',(0.767012204713403,1.91163118487304,0.0215415849054599));
#6575=CARTESIAN_POINT('Ctrl Pts',(0.771949252446126,1.93367391489363,-0.0622538059394088));
#6576=CARTESIAN_POINT('Ctrl Pts',(0.776886300178852,2.0158882057978,-0.089557024671091));
#6577=CARTESIAN_POINT('Ctrl Pts',(0.781823347911574,2.08368593005695,-0.0356390631212033));
#6578=CARTESIAN_POINT('Ctrl Pts',(0.786760395644299,2.07557813412466,0.0506119195709662));
#6579=CARTESIAN_POINT('Ctrl Pts',(0.791697443377021,1.99891521320139,0.0909517330554285));
#6580=CARTESIAN_POINT('Ctrl Pts',(0.796634491109746,1.92323691812189,0.0487945959245159));
#6581=CARTESIAN_POINT('Ctrl Pts',(0.801571538842469,1.9171869311057,-0.0376229260894292));
#6582=CARTESIAN_POINT('Ctrl Pts',(0.806508586575193,1.98625345347487,-0.0899137999576365));
#6583=CARTESIAN_POINT('Ctrl Pts',(0.811445634307918,2.06778881776191,-0.0606477499899381));
#6584=CARTESIAN_POINT('Ctrl Pts',(0.81638268204064,2.08783576942371,0.0236295111105272));
#6585=CARTESIAN_POINT('Ctrl Pts',(0.821319729773366,2.0282104742085,0.0864733726352445));
#6586=CARTESIAN_POINT('Ctrl Pts',(0.826256777506087,1.94299662608487,0.0708808278622396));
#6587=CARTESIAN_POINT('Ctrl Pts',(0.831193825238813,1.90948819505292,-0.00900480743633281));
#6588=CARTESIAN_POINT('Ctrl Pts',(0.836130872971535,1.95807931351879,-0.0807225279986472));
#6589=CARTESIAN_POINT('Ctrl Pts',(0.84106792070426,2.04469496611021,-0.0792201414031114));
#6590=CARTESIAN_POINT('Ctrl Pts',(0.846004968436982,2.09076964855687,-0.00586039538163355));
#6591=CARTESIAN_POINT('Ctrl Pts',(0.850942016169708,2.05451090469734,0.0728150899742679));
#6592=CARTESIAN_POINT('Ctrl Pts',(0.85587906390243,1.96880755476922,0.0854430096576776));
#6593=CARTESIAN_POINT('Ctrl Pts',(0.860816111635155,1.91139759266872,0.020569094842629));
#6594=CARTESIAN_POINT('Ctrl Pts',(0.865753159367878,1.93435524089725,-0.0629621863250739));
#6595=CARTESIAN_POINT('Ctrl Pts',(0.870690207100603,2.01685655811854,-0.0893830343411264));
#6596=CARTESIAN_POINT('Ctrl Pts',(0.875627254833325,2.08406798273818,-0.0347281813420663));
#6597=CARTESIAN_POINT('Ctrl Pts',(0.88056430256605,2.07502478767338,0.051427196757023));
#6598=CARTESIAN_POINT('Ctrl Pts',(0.885501350298773,1.99792968433367,0.0909350895711845));
#6599=CARTESIAN_POINT('Ctrl Pts',(0.890438398031498,1.92271247943356,0.0479595076577794));
#6600=CARTESIAN_POINT('Ctrl Pts',(0.89537544576422,1.91759961502965,-0.0385181609679674));
#6601=CARTESIAN_POINT('Ctrl Pts',(0.900312493496945,1.9872287607528,-0.0900575693794276));
#6602=CARTESIAN_POINT('Ctrl Pts',(0.905249541229668,2.0684421738737,-0.0599094337355453));
#6603=CARTESIAN_POINT('Ctrl Pts',(0.910186588962392,2.08757449775373,0.0245801084365248));
#6604=CARTESIAN_POINT('Ctrl Pts',(0.915123636695116,2.02727158598078,0.0867740581842786));
#6605=CARTESIAN_POINT('Ctrl Pts',(0.920060684427839,1.94223173691918,0.0702588341439021));
#6606=CARTESIAN_POINT('Ctrl Pts',(0.924997732160563,1.90959111033441,-0.00998528121459935));
#6607=CARTESIAN_POINT('Ctrl Pts',(0.929934779893287,1.95895668007303,-0.0811721415042657));
#6608=CARTESIAN_POINT('Ctrl Pts',(0.934871827626011,2.0455509622109,-0.0787310649906258));
#6609=CARTESIAN_POINT('Ctrl Pts',(0.939808875358736,2.09082783448339,-0.0048762520754298));
#6610=CARTESIAN_POINT('Ctrl Pts',(0.944745923091457,2.05371850276836,0.0734016250878037));
#6611=CARTESIAN_POINT('Ctrl Pts',(0.949682970824183,1.96788332008319,0.0850999141473881));
#6612=CARTESIAN_POINT('Ctrl Pts',(0.954620018556905,1.91117986070815,0.0196075768213974));
#6613=CARTESIAN_POINT('Ctrl Pts',(0.95955706628963,1.93504150734405,-0.0636699734147958));
#6614=CARTESIAN_POINT('Ctrl Pts',(0.964494114022353,2.01782433884706,-0.0891950857918689));
#6615=CARTESIAN_POINT('Ctrl Pts',(0.969431161755077,2.08443944352328,-0.0338149776076597));
#6616=CARTESIAN_POINT('Ctrl Pts',(0.974368209487801,2.07446299167644,0.0522373260341713));
#6617=CARTESIAN_POINT('Ctrl Pts',(0.979305257220524,1.99694421366197,0.0909073093372749));
#6618=CARTESIAN_POINT('Ctrl Pts',(0.984242304953249,1.92219721412289,0.0471190162280077));
#6619=CARTESIAN_POINT('Ctrl Pts',(0.989179352685971,1.91802193111242,-0.03940898828672));
#6620=CARTESIAN_POINT('Ctrl Pts',(0.994116400418697,1.98820559262913,-0.0901906996563184));
#6621=CARTESIAN_POINT('Ctrl Pts',(0.99905344815142,2.06908747740632,-0.0591641099563754));
#6622=CARTESIAN_POINT('Ctrl Pts',(1.00399049588414,2.08730294457094,0.0255278336362277));
#6623=CARTESIAN_POINT('Ctrl Pts',(1.00892754361687,2.02632949083877,0.0870645421400824));
#6624=CARTESIAN_POINT('Ctrl Pts',(1.01386459134959,1.94147363568782,0.0696285907717511));
#6625=CARTESIAN_POINT('Ctrl Pts',(1.01880163908231,1.90970464555238,-0.0109645839969161));
#6626=CARTESIAN_POINT('Ctrl Pts',(1.02373868681504,1.95983886859999,-0.0816122183021867));
#6627=CARTESIAN_POINT('Ctrl Pts',(1.02867573454776,2.04640160701087,-0.078232740187458));
#6628=CARTESIAN_POINT('Ctrl Pts',(1.03361278228048,2.0908753505416,-0.00389153566479326));
#6629=CARTESIAN_POINT('Ctrl Pts',(1.03854983001321,2.05291979021695,0.0739795372311176));
#6630=CARTESIAN_POINT('Ctrl Pts',(1.04348687774593,1.9669628583239,0.0847468216172307));
#6631=CARTESIAN_POINT('Ctrl Pts',(1.04842392547866,1.91097256285649,0.0186437553722376));
#6632=CARTESIAN_POINT('Ctrl Pts',(1.05336097321138,1.93573540478038,-0.0643702808708625));
#6633=CARTESIAN_POINT('Ctrl Pts',(1.0582980209441,2.01879002566226,-0.0889966590796883));
#6634=CARTESIAN_POINT('Ctrl Pts',(1.06323506867683,2.08480098480822,-0.0328978014607569));
#6635=CARTESIAN_POINT('Ctrl Pts',(1.06817211640955,2.07389244815765,0.0530413187445436));
#6636=CARTESIAN_POINT('Ctrl Pts',(1.07310916414228,1.99595910196847,0.090868849793716));
#6637=CARTESIAN_POINT('Ctrl Pts',(1.078046211875,1.92169108867434,0.0462729895053186));
#6638=CARTESIAN_POINT('Ctrl Pts',(1.08298325960772,1.91845387754798,-0.0402951860422736));
#6639=CARTESIAN_POINT('Ctrl Pts',(1.08792030734045,1.98918381005039,-0.0903132348019556));
#6640=CARTESIAN_POINT('Ctrl Pts',(1.09285735507317,2.06972466490524,-0.0584118358863371));
#6641=CARTESIAN_POINT('Ctrl Pts',(1.0977944028059,2.08702113549707,0.0264725599621471));
#6642=CARTESIAN_POINT('Ctrl Pts',(1.10273145053862,2.02538430264658,0.0873447982133307));
#6643=CARTESIAN_POINT('Ctrl Pts',(1.10766849827134,1.9407224098261,0.06899016780044));
#6644=CARTESIAN_POINT('Ctrl Pts',(1.11260554600407,1.90982878819404,-0.0119425987148112));
#6645=CARTESIAN_POINT('Ctrl Pts',(1.11754259373679,1.96072577504553,-0.08204270772486));
#6646=CARTESIAN_POINT('Ctrl Pts',(1.12247964146951,2.04724680079402,-0.07772522500857));
#6647=CARTESIAN_POINT('Ctrl Pts',(1.12741668920224,2.09091219104108,-0.00290636209988372));
#6648=CARTESIAN_POINT('Ctrl Pts',(1.13235373693496,2.05211486092709,0.0745487586590287));
#6649=CARTESIAN_POINT('Ctrl Pts',(1.13729078466769,1.96604627759367,0.0843837734587982));
#6650=CARTESIAN_POINT('Ctrl Pts',(1.14222783240041,1.91077572348161,0.0176777437924372));
#6651=CARTESIAN_POINT('Ctrl Pts',(1.14716488013313,1.93643685168085,-0.065063026516725));
#6652=CARTESIAN_POINT('Ctrl Pts',(1.15210192786586,2.01975350512938,-0.0887877773598396));
#6653=CARTESIAN_POINT('Ctrl Pts',(1.15703897559858,2.08515256410859,-0.0319767609378999));
#6654=CARTESIAN_POINT('Ctrl Pts',(1.1619760233313,2.07331322416324,0.0538390810060871));
#6655=CARTESIAN_POINT('Ctrl Pts',(1.16691307106403,1.99497446493748,0.0908197143469136));
#6656=CARTESIAN_POINT('Ctrl Pts',(1.17185011879675,1.92119416262569,0.0454215290616113));
#6657=CARTESIAN_POINT('Ctrl Pts',(1.17678716652948,1.91889540343491,-0.0411766544266255));
#6658=CARTESIAN_POINT('Ctrl Pts',(1.1817242142622,1.99016329841262,-0.0904251519669643));
#6659=CARTESIAN_POINT('Ctrl Pts',(1.18666126199492,2.07035366090354,-0.0576527165308684));
#6660=CARTESIAN_POINT('Ctrl Pts',(1.19159830972765,2.08672910484438,0.0274142091527757));
#6661=CARTESIAN_POINT('Ctrl Pts',(1.19653535746037,2.02443613006579,0.0876147291120444));
#6662=CARTESIAN_POINT('Ctrl Pts',(1.20147240519309,1.93997815225471,0.0683437668596514));
#6663=CARTESIAN_POINT('Ctrl Pts',(1.20640945292582,1.90996351448744,-0.0129194595938124));
#6664=CARTESIAN_POINT('Ctrl Pts',(1.21134650065854,1.96161731329645,-0.0824630691191547));
#6665=CARTESIAN_POINT('Ctrl Pts',(1.21628354839126,2.04808640871114,-0.0772095431970336));
#6666=CARTESIAN_POINT('Ctrl Pts',(1.22122059612399,2.09093842161195,-0.00191895042082013));
#6667=CARTESIAN_POINT('Ctrl Pts',(1.22615764385671,2.05130367181693,0.0751054911617139));
#6668=CARTESIAN_POINT('Ctrl Pts',(1.23109469158944,1.96513395650843,0.0840181532577252));
#6669=CARTESIAN_POINT('Ctrl Pts',(1.23603173932216,1.9105888308317,0.0166952096313835));
#6670=CARTESIAN_POINT('Ctrl Pts',(1.24096878705488,1.93714683896611,-0.0657196609122758));
#6671=CARTESIAN_POINT('Ctrl Pts',(1.24590583478761,2.02071231361493,-0.0886250247131081));
#6672=CARTESIAN_POINT('Ctrl Pts',(1.25084288252033,2.08550143000204,-0.0309344448057515));
#6673=CARTESIAN_POINT('Ctrl Pts',(1.25413424767548,2.07695038117173,0.025904019676831));
#6674=CARTESIAN_POINT('Ctrl Pts',(1.25577993025306,2.06163147916683,0.0462968971130423));
#6675=CARTESIAN_POINT('Ctrl Pts',(0.744425374958993,2.03477771414446,-0.0632339794096175));
#6676=CARTESIAN_POINT('Ctrl Pts',(0.746071057536567,2.05570083927575,-0.0517265862454872));
#6677=CARTESIAN_POINT('Ctrl Pts',(0.749362422691716,2.08487654577577,-0.00651042267817423));
#6678=CARTESIAN_POINT('Ctrl Pts',(0.75429947042444,2.05178962190807,0.0676627112766457));
#6679=CARTESIAN_POINT('Ctrl Pts',(0.759236518157164,1.97165579929196,0.0802802381940474));
#6680=CARTESIAN_POINT('Ctrl Pts',(0.764173565889888,1.91726768227033,0.0201675822335054));
#6681=CARTESIAN_POINT('Ctrl Pts',(0.769110613622611,1.93790444356528,-0.0582830215196367));
#6682=CARTESIAN_POINT('Ctrl Pts',(0.774047661355335,2.01487479591448,-0.0838447376511359));
#6683=CARTESIAN_POINT('Ctrl Pts',(0.778984709088059,2.07834812478845,-0.0333658677028086));
#6684=CARTESIAN_POINT('Ctrl Pts',(0.783921756820782,2.07075747475887,0.0473837009581848));
#6685=CARTESIAN_POINT('Ctrl Pts',(0.788858804553506,1.998984405008,0.0851504885014761));
#6686=CARTESIAN_POINT('Ctrl Pts',(0.79379585228623,1.92813315793898,0.0456822930902648));
#6687=CARTESIAN_POINT('Ctrl Pts',(0.798732900018953,1.92246906198653,-0.0352231923844125));
#6688=CARTESIAN_POINT('Ctrl Pts',(0.803669947751677,1.9871302602262,-0.084178756459945));
#6689=CARTESIAN_POINT('Ctrl Pts',(0.808606995484402,2.06346499046683,-0.0567794058955917));
#6690=CARTESIAN_POINT('Ctrl Pts',(0.813544043217124,2.0822332716983,0.0221223326049522));
#6691=CARTESIAN_POINT('Ctrl Pts',(0.818481090949849,2.02641110342115,0.0809577748540389));
#6692=CARTESIAN_POINT('Ctrl Pts',(0.823418138682573,1.94663251696162,0.0663597815854744));
#6693=CARTESIAN_POINT('Ctrl Pts',(0.828355186415296,1.91526138044955,-0.00843044562378382));
#6694=CARTESIAN_POINT('Ctrl Pts',(0.833292234148021,1.96075317352137,-0.0755737386042859));
#6695=CARTESIAN_POINT('Ctrl Pts',(0.838229281880743,2.04184415205562,-0.0741671799105193));
#6696=CARTESIAN_POINT('Ctrl Pts',(0.843166329613467,2.08498001691919,-0.00548659606770867));
#6697=CARTESIAN_POINT('Ctrl Pts',(0.848103377346191,2.05103399293827,0.0681706691411678));
#6698=CARTESIAN_POINT('Ctrl Pts',(0.853040425078916,1.9707971269515,0.079993132325852));
#6699=CARTESIAN_POINT('Ctrl Pts',(0.857977472811639,1.91704898946066,0.0192571212665739));
#6700=CARTESIAN_POINT('Ctrl Pts',(0.862914520544362,1.9385423120184,-0.0589462187239457));
#6701=CARTESIAN_POINT('Ctrl Pts',(0.867851568277087,2.01578138306017,-0.0836818450827584));
#6702=CARTESIAN_POINT('Ctrl Pts',(0.872788616009809,2.07870580870407,-0.0325130854101245));
#6703=CARTESIAN_POINT('Ctrl Pts',(0.877725663742534,2.070239422838,0.0481469766804823));
#6704=CARTESIAN_POINT('Ctrl Pts',(0.882662711475257,1.9980617369005,0.0851349066016325));
#6705=CARTESIAN_POINT('Ctrl Pts',(0.887599759207982,1.92764216993456,0.0449004699129743));
#6706=CARTESIAN_POINT('Ctrl Pts',(0.892536806940705,1.92285542336829,-0.0360613257950224));
#6707=CARTESIAN_POINT('Ctrl Pts',(0.89747385467343,1.9880433587156,-0.0843133557240219));
#6708=CARTESIAN_POINT('Ctrl Pts',(0.902410902406152,2.06407667305365,-0.0560881822455331));
#6709=CARTESIAN_POINT('Ctrl Pts',(0.907347950138876,2.08198866492403,0.0230122972366429));
#6710=CARTESIAN_POINT('Ctrl Pts',(0.9122849978716,2.02553210103714,0.0812392815410265));
#6711=CARTESIAN_POINT('Ctrl Pts',(0.917222045604324,1.94591641532109,0.0657774609799821));
#6712=CARTESIAN_POINT('Ctrl Pts',(0.922159093337048,1.91535773140497,-0.00934838107457175));
#6713=CARTESIAN_POINT('Ctrl Pts',(0.927096141069771,1.96157457831702,-0.0759946740592758));
#6714=CARTESIAN_POINT('Ctrl Pts',(0.932033188802496,2.0426455494861,-0.0737092986421814));
#6715=CARTESIAN_POINT('Ctrl Pts',(0.936970236535218,2.08503449152715,-0.00456522514536007));
#6716=CARTESIAN_POINT('Ctrl Pts',(0.941907284267943,2.05029213340259,0.0687197928258403));
#6717=CARTESIAN_POINT('Ctrl Pts',(0.946844332000666,1.96993184345086,0.079671920745408));
#6718=CARTESIAN_POINT('Ctrl Pts',(0.951781379733389,1.91684514526838,0.0183569325029127));
#6719=CARTESIAN_POINT('Ctrl Pts',(0.956718427466115,1.93918480579454,-0.059608860474972));
#6720=CARTESIAN_POINT('Ctrl Pts',(0.961655475198838,2.01668743507195,-0.0835058846031292));
#6721=CARTESIAN_POINT('Ctrl Pts',(0.966592522931561,2.07905357631477,-0.031658129265264));
#6722=CARTESIAN_POINT('Ctrl Pts',(0.971529570664285,2.06971346031545,0.04890543284698));
#6723=CARTESIAN_POINT('Ctrl Pts',(0.976466618397009,1.99713912327705,0.0851088982961562));
#6724=CARTESIAN_POINT('Ctrl Pts',(0.981403666129732,1.92715977019505,0.0441135882068312));
#6725=CARTESIAN_POINT('Ctrl Pts',(0.986340713862456,1.92325080253335,-0.0368953327766869));
#6726=CARTESIAN_POINT('Ctrl Pts',(0.991277761595181,1.98895788455874,-0.0844379944481166));
#6727=CARTESIAN_POINT('Ctrl Pts',(0.996214809327904,2.06468081668527,-0.0553903980371426));
#6728=CARTESIAN_POINT('Ctrl Pts',(1.00115185706063,2.08173443243075,0.0238995729371215));
#6729=CARTESIAN_POINT('Ctrl Pts',(1.00608890479335,2.02465009628797,0.0815112373310007));
#6730=CARTESIAN_POINT('Ctrl Pts',(1.01102595252608,1.94520666865476,0.0651874169148115));
#6731=CARTESIAN_POINT('Ctrl Pts',(1.0159630002588,1.91546402491715,-0.0102652202199623));
#6732=CARTESIAN_POINT('Ctrl Pts',(1.02090004799152,1.96240049752171,-0.0764066810938699));
#6733=CARTESIAN_POINT('Ctrl Pts',(1.02583709572425,2.04344193694207,-0.073242758880513));
#6734=CARTESIAN_POINT('Ctrl Pts',(1.03077414345697,2.08507897683138,-0.00364331767334792));
#6735=CARTESIAN_POINT('Ctrl Pts',(1.0357111911897,2.04954436575987,0.069260843545959));
#6736=CARTESIAN_POINT('Ctrl Pts',(1.04064823892242,1.9690700922254,0.0793413497928498));
#6737=CARTESIAN_POINT('Ctrl Pts',(1.04558528665514,1.91665106965807,0.0174545872326724));
#6738=CARTESIAN_POINT('Ctrl Pts',(1.05052233438787,1.93983444382681,-0.0602644996716787));
#6739=CARTESIAN_POINT('Ctrl Pts',(1.05545938212059,2.01759152672813,-0.0833201142974551));
#6740=CARTESIAN_POINT('Ctrl Pts',(1.06039642985331,2.07939205712856,-0.0307994540834068));
#6741=CARTESIAN_POINT('Ctrl Pts',(1.06533347758604,2.06917930822111,0.0496581438601503));
#6742=CARTESIAN_POINT('Ctrl Pts',(1.07027052531876,1.99621684573481,0.0850728918478079));
#6743=CARTESIAN_POINT('Ctrl Pts',(1.07520757305148,1.92668592734268,0.0433215242696974));
#6744=CARTESIAN_POINT('Ctrl Pts',(1.08014462078421,1.92365519779087,-0.0377250054862106));
#6745=CARTESIAN_POINT('Ctrl Pts',(1.08508166851693,1.9898737075715,-0.0845527138385183));
#6746=CARTESIAN_POINT('Ctrl Pts',(1.09001871624965,2.06527736195453,-0.0546861068537339));
#6747=CARTESIAN_POINT('Ctrl Pts',(1.09495576398238,2.0814705982059,0.0247840410433337));
#6748=CARTESIAN_POINT('Ctrl Pts',(1.0998928117151,2.02376519577507,0.0817736176114688));
#6749=CARTESIAN_POINT('Ctrl Pts',(1.10482985944783,1.94450335882098,0.0645897149762652));
#6750=CARTESIAN_POINT('Ctrl Pts',(1.10976690718055,1.91558024927139,-0.0111808534585539));
#6751=CARTESIAN_POINT('Ctrl Pts',(1.11470395491327,1.9632308337183,-0.0768097122722861));
#6752=CARTESIAN_POINT('Ctrl Pts',(1.119641002646,2.04423322106769,-0.0727676149400623));
#6753=CARTESIAN_POINT('Ctrl Pts',(1.12457805037872,2.0851134675044,-0.00272098220609205));
#6754=CARTESIAN_POINT('Ctrl Pts',(1.12951509811145,2.0487907779058,0.0697937578773872));
#6755=CARTESIAN_POINT('Ctrl Pts',(1.13445214584417,1.96821197448229,0.0790014582196578));
#6756=CARTESIAN_POINT('Ctrl Pts',(1.13938919357689,1.91646678544333,0.0165501915266106));
#6757=CARTESIAN_POINT('Ctrl Pts',(1.14432624130962,1.94049114978985,-0.0609130593790484));
#6758=CARTESIAN_POINT('Ctrl Pts',(1.14926328904234,2.01849355182924,-0.0831245558440617));
#6759=CARTESIAN_POINT('Ctrl Pts',(1.15420033677506,2.07972121137085,-0.0299371610101159));
#6760=CARTESIAN_POINT('Ctrl Pts',(1.15913738450779,2.06863702932472,0.0504050218260926));
#6761=CARTESIAN_POINT('Ctrl Pts',(1.16407443224051,1.9952950125793,0.0850268904457206));
#6762=CARTESIAN_POINT('Ctrl Pts',(1.16901147997323,1.92622069711767,0.042524373194832));
#6763=CARTESIAN_POINT('Ctrl Pts',(1.17394852770596,1.92406856148609,-0.0385502504817226));
#6764=CARTESIAN_POINT('Ctrl Pts',(1.17888557543868,1.99079072045982,-0.0846574925032725));
#6765=CARTESIAN_POINT('Ctrl Pts',(1.18382262317141,2.06586623820807,-0.0539754070031004));
#6766=CARTESIAN_POINT('Ctrl Pts',(1.18875967090413,2.08119719437323,0.025665628285587));
#6767=CARTESIAN_POINT('Ctrl Pts',(1.19369671863686,2.02287750122916,0.0820263312961024));
#6768=CARTESIAN_POINT('Ctrl Pts',(1.19863376636958,1.9438065728136,0.0639845439333215));
#6769=CARTESIAN_POINT('Ctrl Pts',(1.2035708141023,1.91570638221203,-0.012095406454462));
#6770=CARTESIAN_POINT('Ctrl Pts',(1.20850786183503,1.96406550628619,-0.0772032614262961));
#6771=CARTESIAN_POINT('Ctrl Pts',(1.21344490956775,2.04501927561497,-0.072284825265694));
#6772=CARTESIAN_POINT('Ctrl Pts',(1.21838195730047,2.08513802499021,-0.00179655138007144));
#6773=CARTESIAN_POINT('Ctrl Pts',(1.2233190050332,2.04803132950645,0.0703149798744957));
#6774=CARTESIAN_POINT('Ctrl Pts',(1.22825605276592,1.96735784468789,0.0786591586584371));
#6775=CARTESIAN_POINT('Ctrl Pts',(1.23319310049864,1.9162918135138,0.0156303271120457));
#6776=CARTESIAN_POINT('Ctrl Pts',(1.23813014823137,1.94115585139961,-0.0615278111482884));
#6777=CARTESIAN_POINT('Ctrl Pts',(1.24306719596409,2.01939120388166,-0.0829721841769595));
#6778=CARTESIAN_POINT('Ctrl Pts',(1.24800424369682,2.08004782527758,-0.0289613277447748));
#6779=CARTESIAN_POINT('Ctrl Pts',(1.25129560885196,2.07204219469699,0.0242517644086486));
#6780=CARTESIAN_POINT('Ctrl Pts',(1.25294129142954,2.05770039022538,0.0433439069597393));
#6781=CARTESIAN_POINT('Ctrl Pts',(0.741586736135477,2.03240833177203,-0.0589258895446851));
#6782=CARTESIAN_POINT('Ctrl Pts',(0.743232418713051,2.0519059784013,-0.0482024873697969));
#6783=CARTESIAN_POINT('Ctrl Pts',(0.7465237838682,2.07909396355779,-0.006066870742982));
#6784=CARTESIAN_POINT('Ctrl Pts',(0.751460831600925,2.04826122965336,0.0630528972726527));
#6785=CARTESIAN_POINT('Ctrl Pts',(0.756397879333648,1.97358687070278,0.0748108005317096));
#6786=CARTESIAN_POINT('Ctrl Pts',(0.761334927066372,1.92290417966762,0.0187935795615509));
#6787=CARTESIAN_POINT('Ctrl Pts',(0.766271974799095,1.94213497223693,-0.0543122370998646));
#6788=CARTESIAN_POINT('Ctrl Pts',(0.77120902253182,2.01386138603116,-0.0781324506311809));
#6789=CARTESIAN_POINT('Ctrl Pts',(0.776146070264542,2.07301031951996,-0.0310926722844138));
#6790=CARTESIAN_POINT('Ctrl Pts',(0.781083117997267,2.06593681539308,0.0441554823454034));
#6791=CARTESIAN_POINT('Ctrl Pts',(0.78602016572999,1.99905359681461,0.0793492439475236));
#6792=CARTESIAN_POINT('Ctrl Pts',(0.790957213462715,1.93302939775607,0.0425699902560138));
#6793=CARTESIAN_POINT('Ctrl Pts',(0.795894261195438,1.92775119286735,-0.0328234586793959));
#6794=CARTESIAN_POINT('Ctrl Pts',(0.800831308928162,1.98800706697753,-0.0784437129622535));
#6795=CARTESIAN_POINT('Ctrl Pts',(0.805768356660886,2.05914116317174,-0.0529110618012453));
#6796=CARTESIAN_POINT('Ctrl Pts',(0.810705404393609,2.0766307739729,0.0206151540993772));
#6797=CARTESIAN_POINT('Ctrl Pts',(0.815642452126333,2.0246117326338,0.0754421770728333));
#6798=CARTESIAN_POINT('Ctrl Pts',(0.820579499859057,1.95026840783837,0.0618387353087091));
#6799=CARTESIAN_POINT('Ctrl Pts',(0.82551654759178,1.92103456584617,-0.00785608381123486));
#6800=CARTESIAN_POINT('Ctrl Pts',(0.830453595324505,1.96342703352396,-0.0704249492099246));
#6801=CARTESIAN_POINT('Ctrl Pts',(0.835390643057227,2.03899333800102,-0.0691142184179272));
#6802=CARTESIAN_POINT('Ctrl Pts',(0.840327690789953,2.07919038528151,-0.00511279675378381));
#6803=CARTESIAN_POINT('Ctrl Pts',(0.845264738522675,2.04755708117919,0.0635262483080678));
#6804=CARTESIAN_POINT('Ctrl Pts',(0.8502017862554,1.97278669913379,0.0745432549940263));
#6805=CARTESIAN_POINT('Ctrl Pts',(0.855138833988123,1.9227003862526,0.017945147690519));
#6806=CARTESIAN_POINT('Ctrl Pts',(0.860075881720848,1.94272938313955,-0.0549302511228178));
#6807=CARTESIAN_POINT('Ctrl Pts',(0.86501292945357,2.0147062080018,-0.0779806558243902));
#6808=CARTESIAN_POINT('Ctrl Pts',(0.869949977186295,2.07334363466996,-0.0302979894781829));
#6809=CARTESIAN_POINT('Ctrl Pts',(0.874887024919018,2.06545405800262,0.0448667566039416));
#6810=CARTESIAN_POINT('Ctrl Pts',(0.879824072651742,1.99819378946732,0.0793347236320805));
#6811=CARTESIAN_POINT('Ctrl Pts',(0.884761120384466,1.93257186043555,0.0418414321681691));
#6812=CARTESIAN_POINT('Ctrl Pts',(0.889698168117189,1.92811123170694,-0.0336044906220773));
#6813=CARTESIAN_POINT('Ctrl Pts',(0.894635215849914,1.98885795667839,-0.0785691420686162));
#6814=CARTESIAN_POINT('Ctrl Pts',(0.899572263582637,2.0597111722336,-0.0522669307555209));
#6815=CARTESIAN_POINT('Ctrl Pts',(0.904509311315361,2.07640283209433,0.021444486036761));
#6816=CARTESIAN_POINT('Ctrl Pts',(0.909446359048085,2.0237926160935,0.0757045048977744));
#6817=CARTESIAN_POINT('Ctrl Pts',(0.914383406780807,1.94960109372301,0.0612960878160622));
#6818=CARTESIAN_POINT('Ctrl Pts',(0.919320454513532,1.92112435247553,-0.00871148093454421));
#6819=CARTESIAN_POINT('Ctrl Pts',(0.924257502246256,1.96419247656101,-0.0708172066142857));
#6820=CARTESIAN_POINT('Ctrl Pts',(0.92919454997898,2.03974013676129,-0.0686875322937372));
#6821=CARTESIAN_POINT('Ctrl Pts',(0.934131597711703,2.07924114857091,-0.00425419821529029));
#6822=CARTESIAN_POINT('Ctrl Pts',(0.939068645444427,2.04686576403683,0.0640379605638769));
#6823=CARTESIAN_POINT('Ctrl Pts',(0.944005693177152,1.97198036681852,0.0742439273434278));
#6824=CARTESIAN_POINT('Ctrl Pts',(0.948942740909873,1.92251042982862,0.0171062881844282));
#6825=CARTESIAN_POINT('Ctrl Pts',(0.953879788642599,1.94332810424502,-0.0555477475351482));
#6826=CARTESIAN_POINT('Ctrl Pts',(0.958816836375321,2.01555053129684,-0.0778166834143893));
#6827=CARTESIAN_POINT('Ctrl Pts',(0.963753884108047,2.07366770910626,-0.0295012809228682));
#6828=CARTESIAN_POINT('Ctrl Pts',(0.968690931840769,2.06496392895447,0.0455735396597888));
#6829=CARTESIAN_POINT('Ctrl Pts',(0.973627979573493,1.99733403289212,0.0793104872550373));
#6830=CARTESIAN_POINT('Ctrl Pts',(0.978565027306218,1.93212232626722,0.0411081601856547));
#6831=CARTESIAN_POINT('Ctrl Pts',(0.98350207503894,1.92847967395429,-0.0343816772666538));
#6832=CARTESIAN_POINT('Ctrl Pts',(0.988439122771666,1.98971017648834,-0.0786852892399146));
#6833=CARTESIAN_POINT('Ctrl Pts',(0.993376170504387,2.06027415596421,-0.0516166861179099));
#6834=CARTESIAN_POINT('Ctrl Pts',(0.998313218237113,2.07616592029055,0.0222713122380153));
#6835=CARTESIAN_POINT('Ctrl Pts',(1.00325026596983,2.02297070173717,0.075957932521919));
#6836=CARTESIAN_POINT('Ctrl Pts',(1.00818731370256,1.94893970162169,0.060746243057872));
#6837=CARTESIAN_POINT('Ctrl Pts',(1.01312436143528,1.92122340428192,-0.0095658564430086));
#6838=CARTESIAN_POINT('Ctrl Pts',(1.01806140916801,1.96496212644345,-0.071201143885553));
#6839=CARTESIAN_POINT('Ctrl Pts',(1.02299845690073,2.04048226687326,-0.068252777573568));
#6840=CARTESIAN_POINT('Ctrl Pts',(1.02793550463345,2.07928260312116,-0.0033950996819026));
#6841=CARTESIAN_POINT('Ctrl Pts',(1.03287255236618,2.04616894130279,0.0645421498608005));
#6842=CARTESIAN_POINT('Ctrl Pts',(1.0378096000989,1.97117732612691,0.0739358779684688));
#6843=CARTESIAN_POINT('Ctrl Pts',(1.04274664783163,1.92232957645966,0.0162654190931072));
#6844=CARTESIAN_POINT('Ctrl Pts',(1.04768369556435,1.94393348287326,-0.056158718472495));
#6845=CARTESIAN_POINT('Ctrl Pts',(1.05262074329707,2.016393027794,-0.077643569515222));
#6846=CARTESIAN_POINT('Ctrl Pts',(1.0575577910298,2.0739831294489,-0.0287011067060568));
#6847=CARTESIAN_POINT('Ctrl Pts',(1.06249483876252,2.06446616828457,0.0462749689757569));
#6848=CARTESIAN_POINT('Ctrl Pts',(1.06743188649525,1.99647458950114,0.0792769339018999));
#6849=CARTESIAN_POINT('Ctrl Pts',(1.07236893422797,1.93168076601102,0.0403700590340762));
#6850=CARTESIAN_POINT('Ctrl Pts',(1.07730598196069,1.92885651803375,-0.0351548249301476));
#6851=CARTESIAN_POINT('Ctrl Pts',(1.08224302969342,1.99056360509261,-0.0787921928750812));
#6852=CARTESIAN_POINT('Ctrl Pts',(1.08718007742614,2.06083005900381,-0.0509603778211306));
#6853=CARTESIAN_POINT('Ctrl Pts',(1.09211712515886,2.07592006091474,0.0230955221245201));
#6854=CARTESIAN_POINT('Ctrl Pts',(1.09705417289159,2.02214608890356,0.076202437009607));
#6855=CARTESIAN_POINT('Ctrl Pts',(1.10199122062431,1.94828430781585,0.0601892621520903));
#6856=CARTESIAN_POINT('Ctrl Pts',(1.10692826835704,1.92133171034875,-0.0104191082022965));
#6857=CARTESIAN_POINT('Ctrl Pts',(1.11186531608976,1.96573589239107,-0.0715767168197124));
#6858=CARTESIAN_POINT('Ctrl Pts',(1.11680236382248,2.04121964134137,-0.0678100048715544));
#6859=CARTESIAN_POINT('Ctrl Pts',(1.12173941155521,2.07931474396773,-0.00253560231230037));
#6860=CARTESIAN_POINT('Ctrl Pts',(1.12667645928793,2.0454666948845,0.0650387570957456));
#6861=CARTESIAN_POINT('Ctrl Pts',(1.13161350702065,1.97037767137091,0.0736191429805175));
#6862=CARTESIAN_POINT('Ctrl Pts',(1.13655055475338,1.92215784740504,0.0154226392607839));
#6863=CARTESIAN_POINT('Ctrl Pts',(1.1414876024861,1.94454544789886,-0.0567630922413717));
#6864=CARTESIAN_POINT('Ctrl Pts',(1.14642465021883,2.0172335985291,-0.0774613343282837));
#6865=CARTESIAN_POINT('Ctrl Pts',(1.15136169795155,2.07428985863311,-0.0278975610823318));
#6866=CARTESIAN_POINT('Ctrl Pts',(1.15629874568427,2.0639608344862,0.0469709626460981));
#6867=CARTESIAN_POINT('Ctrl Pts',(1.161235793417,1.99561556022113,0.0792340665445273));
#6868=CARTESIAN_POINT('Ctrl Pts',(1.16617284114972,1.93124723160965,0.0396272173280527));
#6869=CARTESIAN_POINT('Ctrl Pts',(1.17110988888244,1.92924171953726,-0.03592384653682));
#6870=CARTESIAN_POINT('Ctrl Pts',(1.17604693661517,1.99141814250701,-0.0788898330395806));
#6871=CARTESIAN_POINT('Ctrl Pts',(1.18098398434789,2.0613788155126,-0.0502980974753325));
#6872=CARTESIAN_POINT('Ctrl Pts',(1.18592103208061,2.07566528390208,0.0239170474183983));
#6873=CARTESIAN_POINT('Ctrl Pts',(1.19085807981334,2.02131887239253,0.0764379334801604));
#6874=CARTESIAN_POINT('Ctrl Pts',(1.19579512754606,1.94763499337248,0.0596253210069916));
#6875=CARTESIAN_POINT('Ctrl Pts',(1.20073217527879,1.92144924993662,-0.0112713533151117));
#6876=CARTESIAN_POINT('Ctrl Pts',(1.20566922301151,1.96651369927593,-0.0719434537334375));
#6877=CARTESIAN_POINT('Ctrl Pts',(1.21060627074423,2.0419521425188,-0.0673601073343546));
#6878=CARTESIAN_POINT('Ctrl Pts',(1.21554331847696,2.07933762836848,-0.00167415233932266));
#6879=CARTESIAN_POINT('Ctrl Pts',(1.22048036620968,2.04475898719596,0.0655244685872774));
#6880=CARTESIAN_POINT('Ctrl Pts',(1.2254174139424,1.96958173286735,0.073300164059149));
#6881=CARTESIAN_POINT('Ctrl Pts',(1.23035446167513,1.92199479619588,0.0145654445927079));
#6882=CARTESIAN_POINT('Ctrl Pts',(1.23529150940785,1.94516486383313,-0.0573359613843009));
#6883=CARTESIAN_POINT('Ctrl Pts',(1.24022855714058,2.01807009414838,-0.077319343640811));
#6884=CARTESIAN_POINT('Ctrl Pts',(1.2451656048733,2.07459422055313,-0.026988210683798));
#6885=CARTESIAN_POINT('Ctrl Pts',(1.24845697002845,2.06713400822226,0.022599509140466));
#6886=CARTESIAN_POINT('Ctrl Pts',(1.25010265260602,2.05376930128393,0.0403909168064363));
#6887=CARTESIAN_POINT('Ctrl Pts',(1.25010265260602,2.05376930128393,0.0403909168064363));
#6888=CARTESIAN_POINT('Ctrl Pts',(1.25010265260602,2.05700200099176,0.0370681818010561));
#6889=CARTESIAN_POINT('Ctrl Pts',(1.25010265260602,2.0598442312361,0.0334056146354945));
#6890=CARTESIAN_POINT('Ctrl Pts',(1.25010265260602,2.06229590529128,0.0294845772043886));
#6891=CARTESIAN_POINT('Ctrl Pts',(1.25010265260602,2.06421410787171,0.0264167370474038));
#6892=CARTESIAN_POINT('Ctrl Pts',(1.25010265260602,2.06589439839269,0.0231849934284676));
#6893=CARTESIAN_POINT('Ctrl Pts',(1.25010265260602,2.06732061859532,0.0198512091215494));
#6894=CARTESIAN_POINT('Ctrl Pts',(1.25010265260602,2.06907971423778,0.0157393297382962));
#6895=CARTESIAN_POINT('Ctrl Pts',(1.25010265260602,2.07045765651969,0.0114666100893864));
#6896=CARTESIAN_POINT('Ctrl Pts',(1.25010265260602,2.07144638479615,0.0070941954372118));
#6897=CARTESIAN_POINT('Ctrl Pts',(1.25010265260602,2.0720024977352,0.00463491878779439));
#6898=CARTESIAN_POINT('Ctrl Pts',(1.25010265260602,2.07243373405724,0.00214945496265131));
#6899=CARTESIAN_POINT('Ctrl Pts',(1.25010265260602,2.07273830036029,-0.000343856920378727));
#6900=CARTESIAN_POINT('Ctrl Pts',(1.25010265260602,2.0733114061817,-0.00503554979806493));
#6901=CARTESIAN_POINT('Ctrl Pts',(1.25010265260602,2.07343879428233,-0.00976249750546307));
#6902=CARTESIAN_POINT('Ctrl Pts',(1.25010265260602,2.07310854488701,-0.0144574432571286));
#6903=CARTESIAN_POINT('Ctrl Pts',(1.25010265260602,2.07294332613747,-0.0168062532087532));
#6904=CARTESIAN_POINT('Ctrl Pts',(1.25010265260602,2.0726633270454,-0.0191471706399165));
#6905=CARTESIAN_POINT('Ctrl Pts',(1.25010265260602,2.0722654544995,-0.0214720974655074));
#6906=CARTESIAN_POINT('Ctrl Pts',(1.25010265260602,2.07201098153491,-0.0229590837576159));
#6907=CARTESIAN_POINT('Ctrl Pts',(1.25010265260602,2.07170852589389,-0.0244375311005595));
#6908=CARTESIAN_POINT('Ctrl Pts',(1.25010265260602,2.07135851067471,-0.0259018169140927));
#6909=CARTESIAN_POINT('Ctrl Pts',(1.25010265260602,2.07023667507033,-0.0305950070114916));
#6910=CARTESIAN_POINT('Ctrl Pts',(1.25010265260602,2.06862608382191,-0.0351535099960373));
#6911=CARTESIAN_POINT('Ctrl Pts',(1.25010265260602,2.06659070212821,-0.0395352584085022));
#6912=CARTESIAN_POINT('Ctrl Pts',(1.25010265260602,2.06535163470375,-0.0422027097945609));
#6913=CARTESIAN_POINT('Ctrl Pts',(1.25010265260602,2.06395472754335,-0.0448047029741407));
#6914=CARTESIAN_POINT('Ctrl Pts',(1.25010265260602,2.06241105343972,-0.0473313620312086));
#6915=CARTESIAN_POINT('Ctrl Pts',(1.25010265260602,2.06113180901825,-0.0494252071608933));
#6916=CARTESIAN_POINT('Ctrl Pts',(1.25010265260602,2.05975106075427,-0.0514674789082121));
#6917=CARTESIAN_POINT('Ctrl Pts',(1.25010265260602,2.05828468303367,-0.0534398944645204));
#6918=CARTESIAN_POINT('Ctrl Pts',(1.25010265260602,2.05429277519187,-0.0588093848870144));
#6919=CARTESIAN_POINT('Ctrl Pts',(1.25010265260602,2.04965631353573,-0.0636865749138832));
#6920=CARTESIAN_POINT('Ctrl Pts',(1.25010265260602,2.04450337091946,-0.0679623830641751));
#6921=CARTESIAN_POINT('Ctrl Pts',(1.25010265260602,2.04286669304721,-0.0693204654467444));
#6922=CARTESIAN_POINT('Ctrl Pts',(1.25010265260602,2.04117754734186,-0.0706177156591391));
#6923=CARTESIAN_POINT('Ctrl Pts',(1.25010265260602,2.0394391353423,-0.0718500193352909));
#6924=CARTESIAN_POINT('Ctrl Pts',(0.778148358612021,2.06715829830355,-3.25497555448002E-5));
#6925=CARTESIAN_POINT('Ctrl Pts',(0.779126611740436,2.06710037515034,0.0132372978037634));
#6926=CARTESIAN_POINT('Ctrl Pts',(0.780104864868852,2.06329562058389,0.0265379732346391));
#6927=CARTESIAN_POINT('Ctrl Pts',(0.781083117997267,2.05596852965115,0.0374797501741205));
#6928=CARTESIAN_POINT('Ctrl Pts',(0.782728800574842,2.04364240920026,0.0558867362127768));
#6929=CARTESIAN_POINT('Ctrl Pts',(0.784374483152416,2.02134800300744,0.0676179900801502));
#6930=CARTESIAN_POINT('Ctrl Pts',(0.78602016572999,1.9991967667346,0.0673537413985853));
#6931=CARTESIAN_POINT('Ctrl Pts',(0.787665848307565,1.97704553046177,0.0670894927170203));
#6932=CARTESIAN_POINT('Ctrl Pts',(0.78931153088514,1.95503746410892,0.0548297414865171));
#6933=CARTESIAN_POINT('Ctrl Pts',(0.790957213462715,1.94315373011771,0.0361342910486972));
#6934=CARTESIAN_POINT('Ctrl Pts',(0.792602896040289,1.9312699961265,0.0174388406108773));
#6935=CARTESIAN_POINT('Ctrl Pts',(0.794248578617864,1.92951059449692,-0.00769230903425927));
#6936=CARTESIAN_POINT('Ctrl Pts',(0.795894261195438,1.93867353936717,-0.0278612595706372));
#6937=CARTESIAN_POINT('Ctrl Pts',(0.797539943773013,1.94783648423741,-0.0480302101070151));
#6938=CARTESIAN_POINT('Ctrl Pts',(0.799185626350587,1.96792177560747,-0.0632369615346343));
#6939=CARTESIAN_POINT('Ctrl Pts',(0.800831308928162,1.98982010399153,-0.0665848953882759));
#6940=CARTESIAN_POINT('Ctrl Pts',(0.802476991505737,2.0117184323756,-0.0699328292419174));
#6941=CARTESIAN_POINT('Ctrl Pts',(0.804122674083311,2.03542979777367,-0.0614219455215814));
#6942=CARTESIAN_POINT('Ctrl Pts',(0.805768356660886,2.05020041560623,-0.0449121343446429));
#6943=CARTESIAN_POINT('Ctrl Pts',(0.806978357311264,2.06106062487589,-0.0327731699210398));
#6944=CARTESIAN_POINT('Ctrl Pts',(0.808188357961643,2.06708743236399,-0.016309955211206));
#6945=CARTESIAN_POINT('Ctrl Pts',(0.809398358612021,2.0672298818799,5.93031650013393E-5));
#6946=CARTESIAN_POINT('Ctrl Pts',(0.750102652606024,2.03951647888932,-0.0718501591394825));
#6947=CARTESIAN_POINT('Ctrl Pts',(0.750102652606024,2.04485130244665,-0.0681413490598755));
#6948=CARTESIAN_POINT('Ctrl Pts',(0.750102652606024,2.04967159571665,-0.0637753981800132));
#6949=CARTESIAN_POINT('Ctrl Pts',(0.750102652606024,2.05391662988828,-0.0588880452391007));
#6950=CARTESIAN_POINT('Ctrl Pts',(0.750102652606024,2.05603915130113,-0.0564443637868806));
#6951=CARTESIAN_POINT('Ctrl Pts',(0.750102652606024,2.05801727174015,-0.0538698352407392));
#6952=CARTESIAN_POINT('Ctrl Pts',(0.750102652606024,2.05983940813552,-0.051179723773463));
#6953=CARTESIAN_POINT('Ctrl Pts',(0.750102652606024,2.06115236743462,-0.0492413360240351));
#6954=CARTESIAN_POINT('Ctrl Pts',(0.750102652606024,2.06238332092473,-0.0472437174721303));
#6955=CARTESIAN_POINT('Ctrl Pts',(0.750102652606024,2.06352223502962,-0.0452037714397911));
#6956=CARTESIAN_POINT('Ctrl Pts',(0.750102652606024,2.06663472703423,-0.0396288859517466));
#6957=CARTESIAN_POINT('Ctrl Pts',(0.750102652606024,2.06907821376891,-0.0337173227054459));
#6958=CARTESIAN_POINT('Ctrl Pts',(0.750102652606024,2.07076442646241,-0.0275934189945904));
#6959=CARTESIAN_POINT('Ctrl Pts',(0.750102652606024,2.07137208231187,-0.02538656458897));
#6960=CARTESIAN_POINT('Ctrl Pts',(0.750102652606024,2.07188133937656,-0.0231495682618044));
#6961=CARTESIAN_POINT('Ctrl Pts',(0.750102652606024,2.0722848911092,-0.02089700597606));
#6962=CARTESIAN_POINT('Ctrl Pts',(0.750102652606024,2.07319511988502,-0.015816252144547));
#6963=CARTESIAN_POINT('Ctrl Pts',(0.750102652606024,2.07356699829981,-0.0106773143664062));
#6964=CARTESIAN_POINT('Ctrl Pts',(0.750102652606024,2.07334849708675,-0.00554914021331719));
#6965=CARTESIAN_POINT('Ctrl Pts',(0.750102652606024,2.07318495907133,-0.00171093990298794));
#6966=CARTESIAN_POINT('Ctrl Pts',(0.750102652606024,2.07268993864372,0.00212136765744076));
#6967=CARTESIAN_POINT('Ctrl Pts',(0.750102652606024,2.0718784642267,0.00591027233321155));
#6968=CARTESIAN_POINT('Ctrl Pts',(0.750102652606024,2.07135787535359,0.00834098558072987));
#6969=CARTESIAN_POINT('Ctrl Pts',(0.750102652606024,2.0707088247288,0.0107446570328583));
#6970=CARTESIAN_POINT('Ctrl Pts',(0.750102652606024,2.06993741971641,0.0131097882507315));
#6971=CARTESIAN_POINT('Ctrl Pts',(0.750102652606024,2.06886603009604,0.0163946736182688));
#6972=CARTESIAN_POINT('Ctrl Pts',(0.750102652606024,2.06755846252031,0.0196066886110184));
#6973=CARTESIAN_POINT('Ctrl Pts',(0.750102652606024,2.06602627364391,0.0227174922545192));
#6974=CARTESIAN_POINT('Ctrl Pts',(0.750102652606024,2.06487129291508,0.0250624500562277));
#6975=CARTESIAN_POINT('Ctrl Pts',(0.750102652606024,2.06358858986154,0.0273488097285292));
#6976=CARTESIAN_POINT('Ctrl Pts',(0.750102652606024,2.06218993813151,0.0295530665235591));
#6977=CARTESIAN_POINT('Ctrl Pts',(0.750102652606024,2.05972085544919,0.0334443084697629));
#6978=CARTESIAN_POINT('Ctrl Pts',(0.750102652606024,2.05688633786018,0.0370907361928683));
#6979=CARTESIAN_POINT('Ctrl Pts',(0.750102652606024,2.05371143205886,0.0404168913236783));
#6980=CARTESIAN_POINT('Origin',(1.00010265260602,2.,1.75909181000546E-8));
#6981=CARTESIAN_POINT('Origin',(1.25010265260602,2.,1.75909181624978E-8));
#6982=CARTESIAN_POINT('Ctrl Pts',(0.750102652606024,2.19999999202143,0.149994349719347));
#6983=CARTESIAN_POINT('Ctrl Pts',(0.750102652606024,2.19999999202143,0.249994349719347));
#6984=CARTESIAN_POINT('Ctrl Pts',(0.850102652606024,2.19999999202143,0.249994349719347));
#6985=CARTESIAN_POINT('Ctrl Pts',(0.750102652606024,2.24999999202143,0.149994349719347));
#6986=CARTESIAN_POINT('Ctrl Pts',(0.750102652606024,2.24999999202143,0.249994349719347));
#6987=CARTESIAN_POINT('Ctrl Pts',(0.850102652606024,2.24999999202143,0.249994349719347));
#6988=CARTESIAN_POINT('Ctrl Pts',(0.800102652606024,2.24999999202143,0.149994349719347));
#6989=CARTESIAN_POINT('Ctrl Pts',(0.800102652606024,2.24999999202143,0.199994349719347));
#6990=CARTESIAN_POINT('Ctrl Pts',(0.850102652606024,2.24999999202143,0.199994349719347));
#6991=CARTESIAN_POINT('',(0.800102652606024,2.24999999202143,0.149994349719347));
#6992=CARTESIAN_POINT('',(0.750102652606024,2.19999999202143,0.149994349719347));
#6993=CARTESIAN_POINT('Origin',(0.800102652606024,2.19999999202143,0.149994349719347));
#6994=CARTESIAN_POINT('',(0.850102652606024,2.19999999202143,0.249994349719347));
#6995=CARTESIAN_POINT('Origin',(0.850102652606024,2.19999999202143,0.149994349719347));
#6996=CARTESIAN_POINT('',(0.850102652606024,2.24999999202143,0.199994349719347));
#6997=CARTESIAN_POINT('Origin',(0.850102652606024,2.19999999202143,0.199994349719347));
#6998=CARTESIAN_POINT('Origin',(0.850102652606024,2.24999999202143,0.149994349719347));
#6999=CARTESIAN_POINT('Origin',(1.43760265260602,2.19999999202143,0.199994349719347));
#7000=CARTESIAN_POINT('',(1.50010265260602,2.19999999202143,0.249994349719347));
#7001=CARTESIAN_POINT('',(1.50010265260602,2.24999999202143,0.199994349719347));
#7002=CARTESIAN_POINT('Origin',(1.50010265260602,2.19999999202143,0.199994349719347));
#7003=CARTESIAN_POINT('',(1.43760265260602,2.24999999202143,0.199994349719347));
#7004=CARTESIAN_POINT('',(1.43760265260602,2.19999999202143,0.249994349719347));
#7005=CARTESIAN_POINT('Origin',(1.50010265260602,2.19999999202143,-0.250005650280653));
#7006=CARTESIAN_POINT('',(2.00010265260602,2.19999999202143,-0.250005650280653));
#7007=CARTESIAN_POINT('',(1.95010265260602,2.24999999202143,-0.250005650280653));
#7008=CARTESIAN_POINT('Origin',(1.95010265260602,2.19999999202143,-0.250005650280653));
#7009=CARTESIAN_POINT('Origin',(1.50010265260602,2.24999999202143,-0.250005650280653));
#7010=CARTESIAN_POINT('Origin',(1.50010265260602,2.19999999202143,-0.250005650280653));
#7011=CARTESIAN_POINT('Origin',(1.95010265260602,2.19999999202143,-1.23750141257177));
#7012=CARTESIAN_POINT('',(2.00010265260602,2.19999999202143,-1.70000000000214));
#7013=CARTESIAN_POINT('',(1.95010265260602,2.24999999202143,-1.70000000000214));
#7014=CARTESIAN_POINT('Origin',(1.95010265260602,2.19999999202143,-1.70000000000214));
#7015=CARTESIAN_POINT('',(1.95010265260602,2.24999999202143,-1.23750141257177));
#7016=CARTESIAN_POINT('',(2.00010265260602,2.19999999202143,-1.23750141257177));
#7017=CARTESIAN_POINT('Ctrl Pts',(2.00010265260602,2.19999999202143,-1.70000000000214));
#7018=CARTESIAN_POINT('Ctrl Pts',(2.00010265260602,2.19999999202143,-1.80000000000214));
#7019=CARTESIAN_POINT('Ctrl Pts',(1.90010265260602,2.19999999202143,-1.80000000000214));
#7020=CARTESIAN_POINT('Ctrl Pts',(2.00010265260602,2.24999999202143,-1.70000000000214));
#7021=CARTESIAN_POINT('Ctrl Pts',(2.00010265260602,2.24999999202143,-1.80000000000214));
#7022=CARTESIAN_POINT('Ctrl Pts',(1.90010265260602,2.24999999202143,-1.80000000000214));
#7023=CARTESIAN_POINT('Ctrl Pts',(1.95010265260602,2.24999999202143,-1.70000000000214));
#7024=CARTESIAN_POINT('Ctrl Pts',(1.95010265260602,2.24999999202143,-1.75000000000214));
#7025=CARTESIAN_POINT('Ctrl Pts',(1.90010265260602,2.24999999202143,-1.75000000000214));
#7026=CARTESIAN_POINT('',(1.90010265260602,2.19999999202143,-1.80000000000214));
#7027=CARTESIAN_POINT('',(1.90010265260602,2.24999999202143,-1.75000000000214));
#7028=CARTESIAN_POINT('Origin',(1.90010265260602,2.19999999202143,-1.75000000000214));
#7029=CARTESIAN_POINT('Origin',(1.90010265260602,2.24999999202143,-1.70000000000214));
#7030=CARTESIAN_POINT('Origin',(1.90010265260602,2.19999999202143,-1.70000000000214));
#7031=CARTESIAN_POINT('Origin',(1.61260265260602,2.19999999202143,-1.75000000000214));
#7032=CARTESIAN_POINT('',(1.85010265260602,2.19999999202143,-1.80000000000214));
#7033=CARTESIAN_POINT('',(1.85010265260602,2.24999999202143,-1.75000000000214));
#7034=CARTESIAN_POINT('Origin',(1.85010265260602,2.19999999202143,-1.75000000000214));
#7035=CARTESIAN_POINT('',(1.61260265260602,2.24999999202143,-1.75000000000214));
#7036=CARTESIAN_POINT('',(1.61260265260602,2.19999999202143,-1.80000000000214));
#7037=CARTESIAN_POINT('Ctrl Pts',(1.85010265260602,2.19999999202143,-1.80000000000214));
#7038=CARTESIAN_POINT('Ctrl Pts',(1.75010265260602,2.19999999202143,-1.80000000000214));
#7039=CARTESIAN_POINT('Ctrl Pts',(1.75010265260602,2.19999999202143,-1.70000000000214));
#7040=CARTESIAN_POINT('Ctrl Pts',(1.85010265260602,2.24999999202143,-1.80000000000214));
#7041=CARTESIAN_POINT('Ctrl Pts',(1.75010265260602,2.24999999202143,-1.80000000000214));
#7042=CARTESIAN_POINT('Ctrl Pts',(1.75010265260602,2.24999999202143,-1.70000000000214));
#7043=CARTESIAN_POINT('Ctrl Pts',(1.85010265260602,2.24999999202143,-1.75000000000214));
#7044=CARTESIAN_POINT('Ctrl Pts',(1.80010265260602,2.24999999202143,-1.75000000000214));
#7045=CARTESIAN_POINT('Ctrl Pts',(1.80010265260602,2.24999999202143,-1.70000000000214));
#7046=CARTESIAN_POINT('',(1.75010265260602,2.19999999202143,-1.70000000000214));
#7047=CARTESIAN_POINT('',(1.80010265260602,2.24999999202143,-1.70000000000214));
#7048=CARTESIAN_POINT('Origin',(1.80010265260602,2.19999999202143,-1.70000000000214));
#7049=CARTESIAN_POINT('Origin',(1.85010265260602,2.24999999202143,-1.70000000000214));
#7050=CARTESIAN_POINT('Origin',(1.85010265260602,2.19999999202143,-1.70000000000214));
#7051=CARTESIAN_POINT('Origin',(1.80010265260602,2.19999999202143,-0.787501412571765));
#7052=CARTESIAN_POINT('',(1.75010265260602,2.19999999202143,-0.800000000002136));
#7053=CARTESIAN_POINT('',(1.80010265260602,2.24999999202143,-0.800000000002136));
#7054=CARTESIAN_POINT('Origin',(1.80010265260602,2.19999999202143,-0.800000000002136));
#7055=CARTESIAN_POINT('',(1.80010265260602,2.24999999202143,-0.787501412571765));
#7056=CARTESIAN_POINT('',(1.75010265260602,2.19999999202143,-0.787501412571765));
#7057=CARTESIAN_POINT('Origin',(1.25010265260602,2.19999999202143,-0.800000000002136));
#7058=CARTESIAN_POINT('',(1.25010265260602,2.19999999202143,-0.300000000002136));
#7059=CARTESIAN_POINT('',(1.25010265260602,2.24999999202143,-0.250000000002136));
#7060=CARTESIAN_POINT('Origin',(1.25010265260602,2.19999999202143,-0.250000000002136));
#7061=CARTESIAN_POINT('Origin',(1.25010265260602,2.24999999202143,-0.800000000002136));
#7062=CARTESIAN_POINT('Origin',(1.25010265260602,2.19999999202143,-0.800000000002136));
#7063=CARTESIAN_POINT('Origin',(1.11260265260602,2.19999999202143,-0.250000000002136));
#7064=CARTESIAN_POINT('',(0.850102652606024,2.19999999202143,-0.300000000002136));
#7065=CARTESIAN_POINT('',(0.850102652606024,2.24999999202143,-0.250000000002136));
#7066=CARTESIAN_POINT('Origin',(0.850102652606024,2.19999999202143,-0.250000000002136));
#7067=CARTESIAN_POINT('',(1.11260265260602,2.24999999202143,-0.250000000002136));
#7068=CARTESIAN_POINT('',(1.11260265260602,2.19999999202143,-0.300000000002136));
#7069=CARTESIAN_POINT('Ctrl Pts',(0.850102652606024,2.19999999202143,-0.300000000002136));
#7070=CARTESIAN_POINT('Ctrl Pts',(0.750102652606024,2.19999999202143,-0.300000000002136));
#7071=CARTESIAN_POINT('Ctrl Pts',(0.750102652606024,2.19999999202143,-0.200000000002136));
#7072=CARTESIAN_POINT('Ctrl Pts',(0.850102652606024,2.24999999202143,-0.300000000002136));
#7073=CARTESIAN_POINT('Ctrl Pts',(0.750102652606024,2.24999999202143,-0.300000000002136));
#7074=CARTESIAN_POINT('Ctrl Pts',(0.750102652606024,2.24999999202143,-0.200000000002136));
#7075=CARTESIAN_POINT('Ctrl Pts',(0.850102652606024,2.24999999202143,-0.250000000002136));
#7076=CARTESIAN_POINT('Ctrl Pts',(0.800102652606024,2.24999999202143,-0.250000000002136));
#7077=CARTESIAN_POINT('Ctrl Pts',(0.800102652606024,2.24999999202143,-0.200000000002136));
#7078=CARTESIAN_POINT('',(0.750102652606024,2.19999999202143,-0.200000000002136));
#7079=CARTESIAN_POINT('',(0.800102652606024,2.24999999202143,-0.200000000002136));
#7080=CARTESIAN_POINT('Origin',(0.800102652606024,2.19999999202143,-0.200000000002136));
#7081=CARTESIAN_POINT('Origin',(0.850102652606024,2.24999999202143,-0.200000000002136));
#7082=CARTESIAN_POINT('Origin',(0.850102652606024,2.19999999202143,-0.200000000002136));
#7083=CARTESIAN_POINT('Origin',(0.800102652606024,2.19999999202143,-0.312504237711024));
#7084=CARTESIAN_POINT('',(0.750102652606024,2.19999999202143,-0.312504237711024));
#7085=CARTESIAN_POINT('',(0.800102652606024,2.24999999202143,-0.312504237711024));
#7086=CARTESIAN_POINT('Origin',(1.85010265260602,2.24999999202143,-1.80000000000214));
#7087=CARTESIAN_POINT('',(1.90010265260602,1.29999999202143,-1.80000000000214));
#7088=CARTESIAN_POINT('',(1.90010265260602,2.24999999202143,-1.80000000000214));
#7089=CARTESIAN_POINT('',(1.85010265260602,1.29999999202143,-1.80000000000214));
#7090=CARTESIAN_POINT('',(1.61260265260602,1.29999999202143,-1.80000000000214));
#7091=CARTESIAN_POINT('',(1.85010265260602,2.24999999202143,-1.80000000000214));
#7092=CARTESIAN_POINT('Origin',(1.90010265260602,2.24999999202143,-1.70000000000214));
#7093=CARTESIAN_POINT('',(2.00010265260602,1.29999999202143,-1.70000000000214));
#7094=CARTESIAN_POINT('',(2.00010265260602,2.24999999202143,-1.70000000000214));
#7095=CARTESIAN_POINT('Origin',(1.90010265260602,1.29999999202143,-1.70000000000214));
#7096=CARTESIAN_POINT('Origin',(2.00010265260602,2.24999999202143,-1.70000000000214));
#7097=CARTESIAN_POINT('',(2.00010265260602,1.29999999202143,-0.250005650280653));
#7098=CARTESIAN_POINT('',(2.00010265260602,2.24999999202143,-0.250005650280653));
#7099=CARTESIAN_POINT('',(2.00010265260602,1.29999999202143,-1.23750141257177));
#7100=CARTESIAN_POINT('Origin',(1.50010265260602,2.24999999202143,-0.250005650280653));
#7101=CARTESIAN_POINT('',(1.50010265260602,1.29999999202143,0.249994349719347));
#7102=CARTESIAN_POINT('',(1.50010265260602,2.24999999202143,0.249994349719347));
#7103=CARTESIAN_POINT('Origin',(1.50010265260602,1.29999999202143,-0.250005650280653));
#7104=CARTESIAN_POINT('Origin',(1.50010265260602,2.24999999202143,0.249994349719347));
#7105=CARTESIAN_POINT('',(0.850102652606024,1.29999999202143,0.249994349719347));
#7106=CARTESIAN_POINT('',(0.850102652606024,2.24999999202143,0.249994349719347));
#7107=CARTESIAN_POINT('',(1.43760265260602,1.29999999202143,0.249994349719347));
#7108=CARTESIAN_POINT('Origin',(0.850102652606024,2.24999999202143,0.149994349719347));
#7109=CARTESIAN_POINT('',(0.750102652606024,1.29999999202143,0.149994349719347));
#7110=CARTESIAN_POINT('',(0.750102652606024,2.24999999202143,0.149994349719347));
#7111=CARTESIAN_POINT('Origin',(0.850102652606024,1.29999999202143,0.149994349719347));
#7112=CARTESIAN_POINT('Origin',(1.37510265260602,2.24999999202143,-0.775002825141395));
#7113=CARTESIAN_POINT('Origin',(0.800102652606024,1.29999999202143,-0.312504237711024));
#7114=CARTESIAN_POINT('',(0.800102652606024,1.24999999202143,0.149994349719347));
#7115=CARTESIAN_POINT('Origin',(0.800102652606024,1.29999999202143,0.149994349719347));
#7116=CARTESIAN_POINT('',(0.750102652606024,1.29999999202143,-0.200000000002136));
#7117=CARTESIAN_POINT('',(0.750102652606024,1.29999999202143,-0.312504237711024));
#7118=CARTESIAN_POINT('',(0.800102652606024,1.24999999202143,-0.200000000002136));
#7119=CARTESIAN_POINT('Origin',(0.800102652606024,1.29999999202143,-0.200000000002136));
#7120=CARTESIAN_POINT('',(0.800102652606024,1.24999999202143,-0.312504237711024));
#7121=CARTESIAN_POINT('Ctrl Pts',(0.750102652606024,1.29999999202143,-0.200000000002136));
#7122=CARTESIAN_POINT('Ctrl Pts',(0.750102652606024,1.29999999202143,-0.300000000002136));
#7123=CARTESIAN_POINT('Ctrl Pts',(0.850102652606024,1.29999999202143,-0.300000000002136));
#7124=CARTESIAN_POINT('Ctrl Pts',(0.750102652606024,1.24999999202143,-0.200000000002136));
#7125=CARTESIAN_POINT('Ctrl Pts',(0.750102652606024,1.24999999202143,-0.300000000002136));
#7126=CARTESIAN_POINT('Ctrl Pts',(0.850102652606024,1.24999999202143,-0.300000000002136));
#7127=CARTESIAN_POINT('Ctrl Pts',(0.800102652606024,1.24999999202143,-0.200000000002136));
#7128=CARTESIAN_POINT('Ctrl Pts',(0.800102652606024,1.24999999202143,-0.250000000002136));
#7129=CARTESIAN_POINT('Ctrl Pts',(0.850102652606024,1.24999999202143,-0.250000000002136));
#7130=CARTESIAN_POINT('',(0.850102652606024,1.29999999202143,-0.300000000002136));
#7131=CARTESIAN_POINT('',(0.850102652606024,1.24999999202143,-0.250000000002136));
#7132=CARTESIAN_POINT('Origin',(0.850102652606024,1.29999999202143,-0.250000000002136));
#7133=CARTESIAN_POINT('Origin',(0.850102652606024,1.24999999202143,-0.200000000002136));
#7134=CARTESIAN_POINT('Origin',(0.850102652606024,1.29999999202143,-0.200000000002136));
#7135=CARTESIAN_POINT('Origin',(1.11260265260602,1.29999999202143,-0.250000000002136));
#7136=CARTESIAN_POINT('',(1.25010265260602,1.29999999202143,-0.300000000002136));
#7137=CARTESIAN_POINT('',(1.25010265260602,1.24999999202143,-0.250000000002136));
#7138=CARTESIAN_POINT('Origin',(1.25010265260602,1.29999999202143,-0.250000000002136));
#7139=CARTESIAN_POINT('',(1.11260265260602,1.24999999202143,-0.250000000002136));
#7140=CARTESIAN_POINT('',(1.11260265260602,1.29999999202143,-0.300000000002136));
#7141=CARTESIAN_POINT('Origin',(1.25010265260602,1.29999999202143,-0.800000000002136));
#7142=CARTESIAN_POINT('',(1.75010265260602,1.29999999202143,-0.800000000002136));
#7143=CARTESIAN_POINT('',(1.80010265260602,1.24999999202143,-0.800000000002136));
#7144=CARTESIAN_POINT('Origin',(1.80010265260602,1.29999999202143,-0.800000000002136));
#7145=CARTESIAN_POINT('Origin',(1.25010265260602,1.24999999202143,-0.800000000002136));
#7146=CARTESIAN_POINT('Origin',(1.25010265260602,1.29999999202143,-0.800000000002136));
#7147=CARTESIAN_POINT('Origin',(1.80010265260602,1.29999999202143,-0.787501412571765));
#7148=CARTESIAN_POINT('',(1.75010265260602,1.29999999202143,-1.70000000000214));
#7149=CARTESIAN_POINT('',(1.80010265260602,1.24999999202143,-1.70000000000214));
#7150=CARTESIAN_POINT('Origin',(1.80010265260602,1.29999999202143,-1.70000000000214));
#7151=CARTESIAN_POINT('',(1.80010265260602,1.24999999202143,-0.787501412571765));
#7152=CARTESIAN_POINT('',(1.75010265260602,1.29999999202143,-0.787501412571765));
#7153=CARTESIAN_POINT('Ctrl Pts',(1.75010265260602,1.29999999202143,-1.70000000000214));
#7154=CARTESIAN_POINT('Ctrl Pts',(1.75010265260602,1.29999999202143,-1.80000000000214));
#7155=CARTESIAN_POINT('Ctrl Pts',(1.85010265260602,1.29999999202143,-1.80000000000214));
#7156=CARTESIAN_POINT('Ctrl Pts',(1.75010265260602,1.24999999202142,-1.70000000000214));
#7157=CARTESIAN_POINT('Ctrl Pts',(1.75010265260602,1.24999999202142,-1.80000000000214));
#7158=CARTESIAN_POINT('Ctrl Pts',(1.85010265260602,1.24999999202142,-1.80000000000214));
#7159=CARTESIAN_POINT('Ctrl Pts',(1.80010265260602,1.24999999202143,-1.70000000000214));
#7160=CARTESIAN_POINT('Ctrl Pts',(1.80010265260602,1.24999999202143,-1.75000000000214));
#7161=CARTESIAN_POINT('Ctrl Pts',(1.85010265260602,1.24999999202143,-1.75000000000214));
#7162=CARTESIAN_POINT('',(1.85010265260602,1.24999999202143,-1.75000000000214));
#7163=CARTESIAN_POINT('Origin',(1.85010265260602,1.29999999202143,-1.75000000000214));
#7164=CARTESIAN_POINT('Origin',(1.85010265260602,1.24999999202143,-1.70000000000214));
#7165=CARTESIAN_POINT('Origin',(1.85010265260602,1.29999999202143,-1.70000000000214));
#7166=CARTESIAN_POINT('Origin',(1.61260265260602,1.29999999202143,-1.75000000000214));
#7167=CARTESIAN_POINT('',(1.90010265260602,1.24999999202143,-1.75000000000214));
#7168=CARTESIAN_POINT('Origin',(1.90010265260602,1.29999999202143,-1.75000000000214));
#7169=CARTESIAN_POINT('',(1.61260265260602,1.24999999202143,-1.75000000000214));
#7170=CARTESIAN_POINT('Ctrl Pts',(1.90010265260602,1.29999999202143,-1.80000000000214));
#7171=CARTESIAN_POINT('Ctrl Pts',(2.00010265260602,1.29999999202143,-1.80000000000214));
#7172=CARTESIAN_POINT('Ctrl Pts',(2.00010265260602,1.29999999202143,-1.70000000000214));
#7173=CARTESIAN_POINT('Ctrl Pts',(1.90010265260602,1.24999999202142,-1.80000000000214));
#7174=CARTESIAN_POINT('Ctrl Pts',(2.00010265260602,1.24999999202142,-1.80000000000214));
#7175=CARTESIAN_POINT('Ctrl Pts',(2.00010265260602,1.24999999202142,-1.70000000000214));
#7176=CARTESIAN_POINT('Ctrl Pts',(1.90010265260602,1.24999999202143,-1.75000000000214));
#7177=CARTESIAN_POINT('Ctrl Pts',(1.95010265260602,1.24999999202143,-1.75000000000214));
#7178=CARTESIAN_POINT('Ctrl Pts',(1.95010265260602,1.24999999202143,-1.70000000000214));
#7179=CARTESIAN_POINT('',(1.95010265260602,1.24999999202143,-1.70000000000214));
#7180=CARTESIAN_POINT('Origin',(1.95010265260602,1.29999999202143,-1.70000000000214));
#7181=CARTESIAN_POINT('Origin',(1.90010265260602,1.24999999202143,-1.70000000000214));
#7182=CARTESIAN_POINT('Origin',(1.95010265260602,1.29999999202143,-1.23750141257177));
#7183=CARTESIAN_POINT('',(1.95010265260602,1.24999999202143,-0.250005650280653));
#7184=CARTESIAN_POINT('Origin',(1.95010265260602,1.29999999202143,-0.250005650280653));
#7185=CARTESIAN_POINT('',(1.95010265260602,1.24999999202143,-1.23750141257177));
#7186=CARTESIAN_POINT('Origin',(1.50010265260602,1.29999999202143,-0.250005650280653));
#7187=CARTESIAN_POINT('',(1.50010265260602,1.24999999202143,0.199994349719347));
#7188=CARTESIAN_POINT('Origin',(1.50010265260602,1.29999999202143,0.199994349719347));
#7189=CARTESIAN_POINT('Origin',(1.50010265260602,1.24999999202143,-0.250005650280653));
#7190=CARTESIAN_POINT('Origin',(1.43760265260602,1.29999999202143,0.199994349719347));
#7191=CARTESIAN_POINT('',(0.850102652606024,1.24999999202143,0.199994349719347));
#7192=CARTESIAN_POINT('Origin',(0.850102652606024,1.29999999202143,0.199994349719347));
#7193=CARTESIAN_POINT('',(1.43760265260602,1.24999999202143,0.199994349719347));
#7194=CARTESIAN_POINT('Ctrl Pts',(0.850102652606024,1.29999999202143,0.249994349719347));
#7195=CARTESIAN_POINT('Ctrl Pts',(0.750102652606024,1.29999999202143,0.249994349719347));
#7196=CARTESIAN_POINT('Ctrl Pts',(0.750102652606024,1.29999999202143,0.149994349719347));
#7197=CARTESIAN_POINT('Ctrl Pts',(0.850102652606024,1.24999999202143,0.249994349719347));
#7198=CARTESIAN_POINT('Ctrl Pts',(0.750102652606024,1.24999999202143,0.249994349719347));
#7199=CARTESIAN_POINT('Ctrl Pts',(0.750102652606024,1.24999999202143,0.149994349719347));
#7200=CARTESIAN_POINT('Ctrl Pts',(0.850102652606024,1.24999999202143,0.199994349719347));
#7201=CARTESIAN_POINT('Ctrl Pts',(0.800102652606024,1.24999999202143,0.199994349719347));
#7202=CARTESIAN_POINT('Ctrl Pts',(0.800102652606024,1.24999999202143,0.149994349719347));
#7203=CARTESIAN_POINT('Origin',(0.850102652606024,1.24999999202143,0.149994349719347));
#7204=CARTESIAN_POINT('Origin',(1.85010265260602,2.24999999202143,-1.70000000000214));
#7205=CARTESIAN_POINT('',(1.75010265260602,2.24999999202143,-1.70000000000214));
#7206=CARTESIAN_POINT('Origin',(1.75010265260602,2.24999999202143,-0.800000000002136));
#7207=CARTESIAN_POINT('',(1.75010265260602,2.24999999202143,-0.800000000002136));
#7208=CARTESIAN_POINT('Origin',(1.25010265260602,2.24999999202143,-0.800000000002136));
#7209=CARTESIAN_POINT('',(1.25010265260602,2.24999999202143,-0.300000000002136));
#7210=CARTESIAN_POINT('Origin',(0.850102652606024,2.24999999202143,-0.300000000002136));
#7211=CARTESIAN_POINT('',(0.850102652606024,2.24999999202143,-0.300000000002136));
#7212=CARTESIAN_POINT('Origin',(0.850102652606024,2.24999999202143,-0.200000000002136));
#7213=CARTESIAN_POINT('',(0.750102652606024,2.24999999202143,-0.200000000002136));
#7214=CARTESIAN_POINT('Origin',(0.750102652606024,2.24999999202143,0.149994349719347));
#7215=CARTESIAN_POINT('Origin',(1.37510265260602,1.24999999202143,-0.775002825141395));
#7216=UNCERTAINTY_MEASURE_WITH_UNIT(LENGTH_MEASURE(0.000393700787401575),
#7221,'DISTANCE_ACCURACY_VALUE',
'Maximum model space distance between geometric entities at asserted c
onnectivities');
#7217=UNCERTAINTY_MEASURE_WITH_UNIT(LENGTH_MEASURE(0.000393700787401575),
#7221,'DISTANCE_ACCURACY_VALUE',
'Maximum model space distance between geometric entities at asserted c
onnectivities');
#7218=(
GEOMETRIC_REPRESENTATION_CONTEXT(3)
GLOBAL_UNCERTAINTY_ASSIGNED_CONTEXT((#7216))
GLOBAL_UNIT_ASSIGNED_CONTEXT((#7221,#7225,#7226))
REPRESENTATION_CONTEXT('','3D')
);
#7219=(
GEOMETRIC_REPRESENTATION_CONTEXT(3)
GLOBAL_UNCERTAINTY_ASSIGNED_CONTEXT((#7217))
GLOBAL_UNIT_ASSIGNED_CONTEXT((#7221,#7225,#7226))
REPRESENTATION_CONTEXT('','3D')
);
#7220=DIMENSIONAL_EXPONENTS(1.,0.,0.,0.,0.,0.,0.);
#7221=(
CONVERSION_BASED_UNIT('inch',#7224)
LENGTH_UNIT()
NAMED_UNIT(#7220)
);
#7222=(
LENGTH_UNIT()
NAMED_UNIT(*)
SI_UNIT(.MILLI.,.METRE.)
);
#7223=(
LENGTH_UNIT()
NAMED_UNIT(*)
SI_UNIT($,.METRE.)
);
#7224=LENGTH_MEASURE_WITH_UNIT(LENGTH_MEASURE(25.4),#7222);
#7225=(
NAMED_UNIT(*)
PLANE_ANGLE_UNIT()
SI_UNIT($,.RADIAN.)
);
#7226=(
NAMED_UNIT(*)
SI_UNIT($,.STERADIAN.)
SOLID_ANGLE_UNIT()
);
#7227=SHAPE_DEFINITION_REPRESENTATION(#7228,#7229);
#7228=PRODUCT_DEFINITION_SHAPE('',$,#7231);
#7229=SHAPE_REPRESENTATION('',(#1972),#7218);
#7230=PRODUCT_DEFINITION_CONTEXT('part definition',#7235,'design');
#7231=PRODUCT_DEFINITION('Arm Strap Support2','Arm Strap Support2 v14',
#7232,#7230);
#7232=PRODUCT_DEFINITION_FORMATION('',$,#7237);
#7233=PRODUCT_RELATED_PRODUCT_CATEGORY('Arm Strap Support2 v14',
'Arm Strap Support2 v14',(#7237));
#7234=APPLICATION_PROTOCOL_DEFINITION('international standard',
'automotive_design',2009,#7235);
#7235=APPLICATION_CONTEXT(
'Core Data for Automotive Mechanical Design Process');
#7236=PRODUCT_CONTEXT('part definition',#7235,'mechanical');
#7237=PRODUCT('Arm Strap Support2','Arm Strap Support2 v14',$,(#7236));
#7238=PRESENTATION_STYLE_ASSIGNMENT((#7240));
#7239=PRESENTATION_STYLE_ASSIGNMENT((#7241));
#7240=SURFACE_STYLE_USAGE(.BOTH.,#7242);
#7241=SURFACE_STYLE_USAGE(.BOTH.,#7243);
#7242=SURFACE_SIDE_STYLE('',(#7244));
#7243=SURFACE_SIDE_STYLE('',(#7245));
#7244=SURFACE_STYLE_FILL_AREA(#7246);
#7245=SURFACE_STYLE_FILL_AREA(#7247);
#7246=FILL_AREA_STYLE('Steel - Satin',(#7248));
#7247=FILL_AREA_STYLE('Nylon 12 (with Formlabs Fuse 1 3D Printer)',(#7249));
#7248=FILL_AREA_STYLE_COLOUR('Steel - Satin',#7250);
#7249=FILL_AREA_STYLE_COLOUR(
'Nylon 12 (with Formlabs Fuse 1 3D Printer)',#7251);
#7250=COLOUR_RGB('Steel - Satin',0.627450980392157,0.627450980392157,0.627450980392157);
#7251=COLOUR_RGB('Nylon 12 (with Formlabs Fuse 1 3D Printer)',0.247058823529412,
0.247058823529412,0.247058823529412);
ENDSEC;
END-ISO-10303-21;
