ISO-10303-21;
HEADER;
/* Generated by software containing ST-Developer
 * from STEP Tools, Inc. (www.steptools.com) 
 */

FILE_DESCRIPTION(
/* description */ (''),
/* implementation_level */ '2;1');

FILE_NAME(
/* name */ 'Arm Strap Support1.step',
/* time_stamp */ '2026-07-10T21:16:44-04:00',
/* author */ (''),
/* organization */ (''),
/* preprocessor_version */ 'ST-DEVELOPER v20.1',
/* originating_system */ 'Autodesk Translation Framework v15.8.0.0',
/* authorisation */ '');

FILE_SCHEMA (('AUTOMOTIVE_DESIGN { 1 0 10303 214 3 1 1 }'));
ENDSEC;

DATA;
#10=MECHANICAL_DESIGN_GEOMETRIC_PRESENTATION_REPRESENTATION('',(#13),#10273);
#11=SHAPE_REPRESENTATION_RELATIONSHIP('SRR','None',#10283,#12);
#12=ADVANCED_BREP_SHAPE_REPRESENTATION('',(#14),#10272);
#13=STYLED_ITEM('',(#10293),#14);
#14=MANIFOLD_SOLID_BREP('ArmSupport1',#2645);
#15=B_SPLINE_SURFACE_WITH_KNOTS('',3,3,((#7304,#7305,#7306,#7307,#7308,
#7309,#7310,#7311,#7312,#7313,#7314,#7315,#7316,#7317,#7318,#7319,#7320,
#7321,#7322,#7323,#7324,#7325,#7326,#7327,#7328,#7329,#7330,#7331,#7332,
#7333,#7334,#7335,#7336,#7337,#7338,#7339,#7340,#7341,#7342,#7343,#7344,
#7345,#7346,#7347,#7348,#7349,#7350,#7351,#7352,#7353,#7354,#7355,#7356,
#7357,#7358,#7359,#7360,#7361,#7362,#7363,#7364,#7365,#7366,#7367,#7368,
#7369,#7370,#7371,#7372,#7373,#7374,#7375,#7376,#7377,#7378,#7379,#7380,
#7381,#7382,#7383,#7384,#7385,#7386,#7387,#7388,#7389,#7390,#7391,#7392,
#7393,#7394,#7395,#7396,#7397,#7398,#7399,#7400,#7401,#7402,#7403,#7404,
#7405,#7406,#7407,#7408,#7409),(#7410,#7411,#7412,#7413,#7414,#7415,#7416,
#7417,#7418,#7419,#7420,#7421,#7422,#7423,#7424,#7425,#7426,#7427,#7428,
#7429,#7430,#7431,#7432,#7433,#7434,#7435,#7436,#7437,#7438,#7439,#7440,
#7441,#7442,#7443,#7444,#7445,#7446,#7447,#7448,#7449,#7450,#7451,#7452,
#7453,#7454,#7455,#7456,#7457,#7458,#7459,#7460,#7461,#7462,#7463,#7464,
#7465,#7466,#7467,#7468,#7469,#7470,#7471,#7472,#7473,#7474,#7475,#7476,
#7477,#7478,#7479,#7480,#7481,#7482,#7483,#7484,#7485,#7486,#7487,#7488,
#7489,#7490,#7491,#7492,#7493,#7494,#7495,#7496,#7497,#7498,#7499,#7500,
#7501,#7502,#7503,#7504,#7505,#7506,#7507,#7508,#7509,#7510,#7511,#7512,
#7513,#7514,#7515),(#7516,#7517,#7518,#7519,#7520,#7521,#7522,#7523,#7524,
#7525,#7526,#7527,#7528,#7529,#7530,#7531,#7532,#7533,#7534,#7535,#7536,
#7537,#7538,#7539,#7540,#7541,#7542,#7543,#7544,#7545,#7546,#7547,#7548,
#7549,#7550,#7551,#7552,#7553,#7554,#7555,#7556,#7557,#7558,#7559,#7560,
#7561,#7562,#7563,#7564,#7565,#7566,#7567,#7568,#7569,#7570,#7571,#7572,
#7573,#7574,#7575,#7576,#7577,#7578,#7579,#7580,#7581,#7582,#7583,#7584,
#7585,#7586,#7587,#7588,#7589,#7590,#7591,#7592,#7593,#7594,#7595,#7596,
#7597,#7598,#7599,#7600,#7601,#7602,#7603,#7604,#7605,#7606,#7607,#7608,
#7609,#7610,#7611,#7612,#7613,#7614,#7615,#7616,#7617,#7618,#7619,#7620,
#7621),(#7622,#7623,#7624,#7625,#7626,#7627,#7628,#7629,#7630,#7631,#7632,
#7633,#7634,#7635,#7636,#7637,#7638,#7639,#7640,#7641,#7642,#7643,#7644,
#7645,#7646,#7647,#7648,#7649,#7650,#7651,#7652,#7653,#7654,#7655,#7656,
#7657,#7658,#7659,#7660,#7661,#7662,#7663,#7664,#7665,#7666,#7667,#7668,
#7669,#7670,#7671,#7672,#7673,#7674,#7675,#7676,#7677,#7678,#7679,#7680,
#7681,#7682,#7683,#7684,#7685,#7686,#7687,#7688,#7689,#7690,#7691,#7692,
#7693,#7694,#7695,#7696,#7697,#7698,#7699,#7700,#7701,#7702,#7703,#7704,
#7705,#7706,#7707,#7708,#7709,#7710,#7711,#7712,#7713,#7714,#7715,#7716,
#7717,#7718,#7719,#7720,#7721,#7722,#7723,#7724,#7725,#7726,#7727)),
 .UNSPECIFIED.,.F.,.F.,.F.,(4,4),(4,1,1,1,1,1,1,1,1,1,1,1,1,1,1,1,1,1,1,
1,1,1,1,1,1,1,1,1,1,1,1,1,1,1,1,1,1,1,1,1,1,1,1,1,1,1,1,1,1,1,1,1,1,1,1,
1,1,1,1,1,1,1,1,1,1,1,1,1,1,1,1,1,1,1,1,1,1,1,1,1,1,1,1,1,1,1,1,1,1,1,1,
1,1,1,1,1,1,1,1,1,1,1,1,4),(0.,0.0432608556703779),(11.9221090801831,12.9147614249861,
13.9074137697891,14.9000661145921,15.8927184593951,16.8853708041981,17.8780231490012,
18.8706754938042,19.8633278386072,20.8559801834102,21.8486325282132,22.8412848730162,
23.8339372178192,24.8265895626223,25.8192419074253,26.8118942522283,27.8045465970313,
28.7971989418343,29.7898512866373,30.7825036314403,31.7751559762434,32.7678083210464,
33.7604606658494,34.7531130106524,35.7457653554554,36.7384177002584,37.7310700450614,
38.7237223898645,39.7163747346675,40.7090270794705,41.7016794242735,42.6943317690765,
43.6869841138795,44.6796364586825,45.6722888034856,46.6649411482886,47.6575934930916,
48.6502458378946,49.6428981826976,50.6355505275006,51.6282028723036,52.6208552171067,
53.6135075619097,54.6061599067127,55.5988122515157,56.5914645963187,57.5841169411217,
58.5767692859247,59.5694216307278,60.5620739755308,61.5547263203338,62.5473786651368,
63.5400310099398,64.5326833547428,65.5253356995458,66.5179880443489,67.5106403891519,
68.5032927339549,69.4959450787579,70.4885974235609,71.4812497683639,72.4739021131669,
73.4665544579699,74.459206802773,75.451859147576,76.444511492379,77.437163837182,
78.429816181985,79.422468526788,80.4151208715911,81.4077732163941,82.4004255611971,
83.3930779060001,84.3857302508031,85.3783825956061,86.3710349404091,87.3636872852122,
88.3563396300152,89.3489919748182,90.3416443196212,91.3342966644242,92.3269490092272,
93.3196013540303,94.3122536988333,95.3049060436363,96.2975583884393,97.2902107332423,
98.2828630780453,99.2755154228483,100.268167767651,101.260820112454,102.253472457257,
103.24612480206,104.238777146863,105.231429491666,106.224081836469,107.216734181272,
108.209386526075,109.202038870878,110.194691215682,111.187343560484,112.179995905288,
113.172648250091,114.165300594894),.UNSPECIFIED.);
#16=B_SPLINE_SURFACE_WITH_KNOTS('',3,3,((#7793,#7794,#7795,#7796,#7797,
#7798,#7799,#7800,#7801,#7802,#7803,#7804,#7805,#7806,#7807,#7808,#7809,
#7810,#7811,#7812,#7813,#7814,#7815,#7816,#7817,#7818,#7819,#7820,#7821,
#7822,#7823,#7824,#7825,#7826,#7827,#7828,#7829,#7830,#7831,#7832,#7833,
#7834,#7835,#7836,#7837,#7838,#7839,#7840,#7841,#7842,#7843,#7844,#7845,
#7846,#7847,#7848,#7849,#7850,#7851,#7852,#7853,#7854,#7855,#7856,#7857,
#7858,#7859,#7860,#7861,#7862,#7863,#7864,#7865,#7866,#7867,#7868,#7869,
#7870,#7871,#7872,#7873,#7874,#7875,#7876,#7877,#7878,#7879,#7880,#7881,
#7882,#7883,#7884,#7885,#7886,#7887,#7888,#7889,#7890,#7891,#7892,#7893,
#7894,#7895,#7896,#7897,#7898),(#7899,#7900,#7901,#7902,#7903,#7904,#7905,
#7906,#7907,#7908,#7909,#7910,#7911,#7912,#7913,#7914,#7915,#7916,#7917,
#7918,#7919,#7920,#7921,#7922,#7923,#7924,#7925,#7926,#7927,#7928,#7929,
#7930,#7931,#7932,#7933,#7934,#7935,#7936,#7937,#7938,#7939,#7940,#7941,
#7942,#7943,#7944,#7945,#7946,#7947,#7948,#7949,#7950,#7951,#7952,#7953,
#7954,#7955,#7956,#7957,#7958,#7959,#7960,#7961,#7962,#7963,#7964,#7965,
#7966,#7967,#7968,#7969,#7970,#7971,#7972,#7973,#7974,#7975,#7976,#7977,
#7978,#7979,#7980,#7981,#7982,#7983,#7984,#7985,#7986,#7987,#7988,#7989,
#7990,#7991,#7992,#7993,#7994,#7995,#7996,#7997,#7998,#7999,#8000,#8001,
#8002,#8003,#8004),(#8005,#8006,#8007,#8008,#8009,#8010,#8011,#8012,#8013,
#8014,#8015,#8016,#8017,#8018,#8019,#8020,#8021,#8022,#8023,#8024,#8025,
#8026,#8027,#8028,#8029,#8030,#8031,#8032,#8033,#8034,#8035,#8036,#8037,
#8038,#8039,#8040,#8041,#8042,#8043,#8044,#8045,#8046,#8047,#8048,#8049,
#8050,#8051,#8052,#8053,#8054,#8055,#8056,#8057,#8058,#8059,#8060,#8061,
#8062,#8063,#8064,#8065,#8066,#8067,#8068,#8069,#8070,#8071,#8072,#8073,
#8074,#8075,#8076,#8077,#8078,#8079,#8080,#8081,#8082,#8083,#8084,#8085,
#8086,#8087,#8088,#8089,#8090,#8091,#8092,#8093,#8094,#8095,#8096,#8097,
#8098,#8099,#8100,#8101,#8102,#8103,#8104,#8105,#8106,#8107,#8108,#8109,
#8110),(#8111,#8112,#8113,#8114,#8115,#8116,#8117,#8118,#8119,#8120,#8121,
#8122,#8123,#8124,#8125,#8126,#8127,#8128,#8129,#8130,#8131,#8132,#8133,
#8134,#8135,#8136,#8137,#8138,#8139,#8140,#8141,#8142,#8143,#8144,#8145,
#8146,#8147,#8148,#8149,#8150,#8151,#8152,#8153,#8154,#8155,#8156,#8157,
#8158,#8159,#8160,#8161,#8162,#8163,#8164,#8165,#8166,#8167,#8168,#8169,
#8170,#8171,#8172,#8173,#8174,#8175,#8176,#8177,#8178,#8179,#8180,#8181,
#8182,#8183,#8184,#8185,#8186,#8187,#8188,#8189,#8190,#8191,#8192,#8193,
#8194,#8195,#8196,#8197,#8198,#8199,#8200,#8201,#8202,#8203,#8204,#8205,
#8206,#8207,#8208,#8209,#8210,#8211,#8212,#8213,#8214,#8215,#8216)),
 .UNSPECIFIED.,.F.,.F.,.F.,(4,4),(4,1,1,1,1,1,1,1,1,1,1,1,1,1,1,1,1,1,1,
1,1,1,1,1,1,1,1,1,1,1,1,1,1,1,1,1,1,1,1,1,1,1,1,1,1,1,1,1,1,1,1,1,1,1,1,
1,1,1,1,1,1,1,1,1,1,1,1,1,1,1,1,1,1,1,1,1,1,1,1,1,1,1,1,1,1,1,1,1,1,1,1,
1,1,1,1,1,1,1,1,1,1,1,1,4),(0.,0.0432608556703779),(14.6399982022877,15.6326505470908,
16.6253028918938,17.6179552366968,18.6106075814998,19.6032599263028,20.5959122711058,
21.5885646159089,22.5812169607119,23.5738693055149,24.5665216503179,25.5591739951209,
26.5518263399239,27.5444786847269,28.53713102953,29.529783374333,30.522435719136,
31.515088063939,32.507740408742,33.500392753545,34.493045098348,35.4856974431511,
36.4783497879541,37.4710021327571,38.4636544775601,39.4563068223631,40.4489591671661,
41.4416115119691,42.4342638567721,43.4269162015752,44.4195685463782,45.4122208911812,
46.4048732359842,47.3975255807872,48.3901779255902,49.3828302703932,50.3754826151963,
51.3681349599993,52.3607873048023,53.3534396496053,54.3460919944083,55.3387443392113,
56.3313966840144,57.3240490288174,58.3167013736204,59.3093537184234,60.3020060632264,
61.2946584080294,62.2873107528324,63.2799630976355,64.2726154424385,65.2652677872415,
66.2579201320445,67.2505724768475,68.2432248216505,69.2358771664535,70.2285295112566,
71.2211818560596,72.2138342008626,73.2064865456656,74.1991388904686,75.1917912352716,
76.1844435800746,77.1770959248776,78.1697482696807,79.1624006144837,80.1550529592867,
81.1477053040897,82.1403576488927,83.1330099936957,84.1256623384988,85.1183146833018,
86.1109670281048,87.1036193729078,88.0962717177108,89.0889240625138,90.0815764073168,
91.0742287521199,92.0668810969229,93.0595334417259,94.0521857865289,95.0448381313319,
96.0374904761349,97.030142820938,98.0227951657409,99.015447510544,100.008099855347,
101.00075220015,101.993404544953,102.986056889756,103.978709234559,104.971361579362,
105.964013924165,106.956666268968,107.949318613771,108.941970958574,109.934623303377,
110.92727564818,111.919927992983,112.912580337786,113.905232682589,114.897885027392,
115.890537372195,116.883189716998),.UNSPECIFIED.);
#17=B_SPLINE_SURFACE_WITH_KNOTS('',3,3,((#8300,#8301,#8302,#8303,#8304,
#8305,#8306,#8307,#8308,#8309,#8310,#8311,#8312,#8313,#8314,#8315,#8316,
#8317,#8318,#8319,#8320,#8321,#8322,#8323,#8324,#8325,#8326,#8327,#8328,
#8329,#8330,#8331,#8332,#8333,#8334,#8335,#8336,#8337,#8338,#8339,#8340,
#8341,#8342,#8343,#8344,#8345,#8346,#8347,#8348,#8349,#8350,#8351,#8352,
#8353,#8354,#8355,#8356,#8357,#8358,#8359,#8360,#8361,#8362,#8363,#8364,
#8365,#8366,#8367,#8368,#8369,#8370,#8371,#8372,#8373,#8374,#8375,#8376,
#8377,#8378,#8379,#8380,#8381,#8382,#8383,#8384,#8385,#8386,#8387,#8388,
#8389,#8390,#8391,#8392,#8393,#8394,#8395,#8396,#8397,#8398,#8399,#8400,
#8401,#8402,#8403,#8404,#8405),(#8406,#8407,#8408,#8409,#8410,#8411,#8412,
#8413,#8414,#8415,#8416,#8417,#8418,#8419,#8420,#8421,#8422,#8423,#8424,
#8425,#8426,#8427,#8428,#8429,#8430,#8431,#8432,#8433,#8434,#8435,#8436,
#8437,#8438,#8439,#8440,#8441,#8442,#8443,#8444,#8445,#8446,#8447,#8448,
#8449,#8450,#8451,#8452,#8453,#8454,#8455,#8456,#8457,#8458,#8459,#8460,
#8461,#8462,#8463,#8464,#8465,#8466,#8467,#8468,#8469,#8470,#8471,#8472,
#8473,#8474,#8475,#8476,#8477,#8478,#8479,#8480,#8481,#8482,#8483,#8484,
#8485,#8486,#8487,#8488,#8489,#8490,#8491,#8492,#8493,#8494,#8495,#8496,
#8497,#8498,#8499,#8500,#8501,#8502,#8503,#8504,#8505,#8506,#8507,#8508,
#8509,#8510,#8511),(#8512,#8513,#8514,#8515,#8516,#8517,#8518,#8519,#8520,
#8521,#8522,#8523,#8524,#8525,#8526,#8527,#8528,#8529,#8530,#8531,#8532,
#8533,#8534,#8535,#8536,#8537,#8538,#8539,#8540,#8541,#8542,#8543,#8544,
#8545,#8546,#8547,#8548,#8549,#8550,#8551,#8552,#8553,#8554,#8555,#8556,
#8557,#8558,#8559,#8560,#8561,#8562,#8563,#8564,#8565,#8566,#8567,#8568,
#8569,#8570,#8571,#8572,#8573,#8574,#8575,#8576,#8577,#8578,#8579,#8580,
#8581,#8582,#8583,#8584,#8585,#8586,#8587,#8588,#8589,#8590,#8591,#8592,
#8593,#8594,#8595,#8596,#8597,#8598,#8599,#8600,#8601,#8602,#8603,#8604,
#8605,#8606,#8607,#8608,#8609,#8610,#8611,#8612,#8613,#8614,#8615,#8616,
#8617),(#8618,#8619,#8620,#8621,#8622,#8623,#8624,#8625,#8626,#8627,#8628,
#8629,#8630,#8631,#8632,#8633,#8634,#8635,#8636,#8637,#8638,#8639,#8640,
#8641,#8642,#8643,#8644,#8645,#8646,#8647,#8648,#8649,#8650,#8651,#8652,
#8653,#8654,#8655,#8656,#8657,#8658,#8659,#8660,#8661,#8662,#8663,#8664,
#8665,#8666,#8667,#8668,#8669,#8670,#8671,#8672,#8673,#8674,#8675,#8676,
#8677,#8678,#8679,#8680,#8681,#8682,#8683,#8684,#8685,#8686,#8687,#8688,
#8689,#8690,#8691,#8692,#8693,#8694,#8695,#8696,#8697,#8698,#8699,#8700,
#8701,#8702,#8703,#8704,#8705,#8706,#8707,#8708,#8709,#8710,#8711,#8712,
#8713,#8714,#8715,#8716,#8717,#8718,#8719,#8720,#8721,#8722,#8723)),
 .UNSPECIFIED.,.F.,.F.,.F.,(4,4),(4,1,1,1,1,1,1,1,1,1,1,1,1,1,1,1,1,1,1,
1,1,1,1,1,1,1,1,1,1,1,1,1,1,1,1,1,1,1,1,1,1,1,1,1,1,1,1,1,1,1,1,1,1,1,1,
1,1,1,1,1,1,1,1,1,1,1,1,1,1,1,1,1,1,1,1,1,1,1,1,1,1,1,1,1,1,1,1,1,1,1,1,
1,1,1,1,1,1,1,1,1,1,1,1,4),(0.,0.0432608556703787),(11.9221090801831,12.9147614249861,
13.9074137697891,14.9000661145921,15.8927184593951,16.8853708041981,17.8780231490012,
18.8706754938042,19.8633278386072,20.8559801834102,21.8486325282132,22.8412848730162,
23.8339372178192,24.8265895626223,25.8192419074253,26.8118942522283,27.8045465970313,
28.7971989418343,29.7898512866373,30.7825036314403,31.7751559762434,32.7678083210464,
33.7604606658494,34.7531130106524,35.7457653554554,36.7384177002584,37.7310700450614,
38.7237223898645,39.7163747346675,40.7090270794705,41.7016794242735,42.6943317690765,
43.6869841138795,44.6796364586825,45.6722888034856,46.6649411482886,47.6575934930916,
48.6502458378946,49.6428981826976,50.6355505275006,51.6282028723036,52.6208552171067,
53.6135075619097,54.6061599067127,55.5988122515157,56.5914645963187,57.5841169411217,
58.5767692859247,59.5694216307278,60.5620739755308,61.5547263203338,62.5473786651368,
63.5400310099398,64.5326833547428,65.5253356995458,66.5179880443489,67.5106403891519,
68.5032927339549,69.4959450787579,70.4885974235609,71.4812497683639,72.4739021131669,
73.4665544579699,74.459206802773,75.451859147576,76.444511492379,77.437163837182,
78.429816181985,79.422468526788,80.4151208715911,81.4077732163941,82.4004255611971,
83.3930779060001,84.3857302508031,85.3783825956061,86.3710349404091,87.3636872852122,
88.3563396300152,89.3489919748182,90.3416443196212,91.3342966644242,92.3269490092272,
93.3196013540303,94.3122536988333,95.3049060436363,96.2975583884393,97.2902107332423,
98.2828630780453,99.2755154228483,100.268167767651,101.260820112454,102.253472457257,
103.24612480206,104.238777146863,105.231429491666,106.224081836469,107.216734181272,
108.209386526075,109.202038870878,110.194691215682,111.187343560484,112.179995905288,
113.172648250091,114.165300594894),.UNSPECIFIED.);
#18=B_SPLINE_SURFACE_WITH_KNOTS('',3,3,((#8789,#8790,#8791,#8792,#8793,
#8794,#8795,#8796,#8797,#8798,#8799,#8800,#8801,#8802,#8803,#8804,#8805,
#8806,#8807,#8808,#8809,#8810,#8811,#8812,#8813,#8814,#8815,#8816,#8817,
#8818,#8819,#8820,#8821,#8822,#8823,#8824,#8825,#8826,#8827,#8828,#8829,
#8830,#8831,#8832,#8833,#8834,#8835,#8836,#8837,#8838,#8839,#8840,#8841,
#8842,#8843,#8844,#8845,#8846,#8847,#8848,#8849,#8850,#8851,#8852,#8853,
#8854,#8855,#8856,#8857,#8858,#8859,#8860,#8861,#8862,#8863,#8864,#8865,
#8866,#8867,#8868,#8869,#8870,#8871,#8872,#8873,#8874,#8875,#8876,#8877,
#8878,#8879,#8880,#8881,#8882,#8883,#8884,#8885,#8886,#8887,#8888,#8889,
#8890,#8891,#8892,#8893,#8894),(#8895,#8896,#8897,#8898,#8899,#8900,#8901,
#8902,#8903,#8904,#8905,#8906,#8907,#8908,#8909,#8910,#8911,#8912,#8913,
#8914,#8915,#8916,#8917,#8918,#8919,#8920,#8921,#8922,#8923,#8924,#8925,
#8926,#8927,#8928,#8929,#8930,#8931,#8932,#8933,#8934,#8935,#8936,#8937,
#8938,#8939,#8940,#8941,#8942,#8943,#8944,#8945,#8946,#8947,#8948,#8949,
#8950,#8951,#8952,#8953,#8954,#8955,#8956,#8957,#8958,#8959,#8960,#8961,
#8962,#8963,#8964,#8965,#8966,#8967,#8968,#8969,#8970,#8971,#8972,#8973,
#8974,#8975,#8976,#8977,#8978,#8979,#8980,#8981,#8982,#8983,#8984,#8985,
#8986,#8987,#8988,#8989,#8990,#8991,#8992,#8993,#8994,#8995,#8996,#8997,
#8998,#8999,#9000),(#9001,#9002,#9003,#9004,#9005,#9006,#9007,#9008,#9009,
#9010,#9011,#9012,#9013,#9014,#9015,#9016,#9017,#9018,#9019,#9020,#9021,
#9022,#9023,#9024,#9025,#9026,#9027,#9028,#9029,#9030,#9031,#9032,#9033,
#9034,#9035,#9036,#9037,#9038,#9039,#9040,#9041,#9042,#9043,#9044,#9045,
#9046,#9047,#9048,#9049,#9050,#9051,#9052,#9053,#9054,#9055,#9056,#9057,
#9058,#9059,#9060,#9061,#9062,#9063,#9064,#9065,#9066,#9067,#9068,#9069,
#9070,#9071,#9072,#9073,#9074,#9075,#9076,#9077,#9078,#9079,#9080,#9081,
#9082,#9083,#9084,#9085,#9086,#9087,#9088,#9089,#9090,#9091,#9092,#9093,
#9094,#9095,#9096,#9097,#9098,#9099,#9100,#9101,#9102,#9103,#9104,#9105,
#9106),(#9107,#9108,#9109,#9110,#9111,#9112,#9113,#9114,#9115,#9116,#9117,
#9118,#9119,#9120,#9121,#9122,#9123,#9124,#9125,#9126,#9127,#9128,#9129,
#9130,#9131,#9132,#9133,#9134,#9135,#9136,#9137,#9138,#9139,#9140,#9141,
#9142,#9143,#9144,#9145,#9146,#9147,#9148,#9149,#9150,#9151,#9152,#9153,
#9154,#9155,#9156,#9157,#9158,#9159,#9160,#9161,#9162,#9163,#9164,#9165,
#9166,#9167,#9168,#9169,#9170,#9171,#9172,#9173,#9174,#9175,#9176,#9177,
#9178,#9179,#9180,#9181,#9182,#9183,#9184,#9185,#9186,#9187,#9188,#9189,
#9190,#9191,#9192,#9193,#9194,#9195,#9196,#9197,#9198,#9199,#9200,#9201,
#9202,#9203,#9204,#9205,#9206,#9207,#9208,#9209,#9210,#9211,#9212)),
 .UNSPECIFIED.,.F.,.F.,.F.,(4,4),(4,1,1,1,1,1,1,1,1,1,1,1,1,1,1,1,1,1,1,
1,1,1,1,1,1,1,1,1,1,1,1,1,1,1,1,1,1,1,1,1,1,1,1,1,1,1,1,1,1,1,1,1,1,1,1,
1,1,1,1,1,1,1,1,1,1,1,1,1,1,1,1,1,1,1,1,1,1,1,1,1,1,1,1,1,1,1,1,1,1,1,1,
1,1,1,1,1,1,1,1,1,1,1,1,4),(0.,0.0432608556703787),(14.6399982022877,15.6326505470908,
16.6253028918938,17.6179552366968,18.6106075814998,19.6032599263028,20.5959122711058,
21.5885646159089,22.5812169607119,23.5738693055149,24.5665216503179,25.5591739951209,
26.5518263399239,27.5444786847269,28.53713102953,29.529783374333,30.522435719136,
31.515088063939,32.507740408742,33.500392753545,34.493045098348,35.4856974431511,
36.4783497879541,37.4710021327571,38.4636544775601,39.4563068223631,40.4489591671661,
41.4416115119691,42.4342638567721,43.4269162015752,44.4195685463782,45.4122208911812,
46.4048732359842,47.3975255807872,48.3901779255902,49.3828302703932,50.3754826151963,
51.3681349599993,52.3607873048023,53.3534396496053,54.3460919944083,55.3387443392113,
56.3313966840144,57.3240490288174,58.3167013736204,59.3093537184234,60.3020060632264,
61.2946584080294,62.2873107528324,63.2799630976355,64.2726154424385,65.2652677872415,
66.2579201320445,67.2505724768475,68.2432248216505,69.2358771664535,70.2285295112566,
71.2211818560596,72.2138342008626,73.2064865456656,74.1991388904686,75.1917912352716,
76.1844435800746,77.1770959248776,78.1697482696807,79.1624006144837,80.1550529592867,
81.1477053040897,82.1403576488927,83.1330099936957,84.1256623384988,85.1183146833018,
86.1109670281048,87.1036193729078,88.0962717177108,89.0889240625138,90.0815764073168,
91.0742287521199,92.0668810969229,93.0595334417259,94.0521857865289,95.0448381313319,
96.0374904761349,97.030142820938,98.0227951657409,99.015447510544,100.008099855347,
101.00075220015,101.993404544953,102.986056889756,103.978709234559,104.971361579362,
105.964013924165,106.956666268968,107.949318613771,108.941970958574,109.934623303377,
110.92727564818,111.919927992983,112.912580337786,113.905232682589,114.897885027392,
115.890537372195,116.883189716998),.UNSPECIFIED.);
#19=B_SPLINE_SURFACE_WITH_KNOTS('',3,3,((#9296,#9297,#9298,#9299,#9300,
#9301,#9302,#9303,#9304,#9305,#9306,#9307,#9308,#9309,#9310,#9311,#9312,
#9313,#9314,#9315,#9316,#9317,#9318,#9319,#9320,#9321,#9322,#9323,#9324,
#9325,#9326,#9327,#9328,#9329,#9330,#9331,#9332,#9333,#9334,#9335,#9336,
#9337,#9338,#9339,#9340,#9341,#9342,#9343,#9344,#9345,#9346,#9347,#9348,
#9349,#9350,#9351,#9352,#9353,#9354,#9355,#9356,#9357,#9358,#9359,#9360,
#9361,#9362,#9363,#9364,#9365,#9366,#9367,#9368,#9369,#9370,#9371,#9372,
#9373,#9374,#9375,#9376,#9377,#9378,#9379,#9380,#9381,#9382,#9383,#9384,
#9385,#9386,#9387,#9388,#9389,#9390,#9391,#9392,#9393,#9394,#9395,#9396,
#9397,#9398,#9399,#9400,#9401),(#9402,#9403,#9404,#9405,#9406,#9407,#9408,
#9409,#9410,#9411,#9412,#9413,#9414,#9415,#9416,#9417,#9418,#9419,#9420,
#9421,#9422,#9423,#9424,#9425,#9426,#9427,#9428,#9429,#9430,#9431,#9432,
#9433,#9434,#9435,#9436,#9437,#9438,#9439,#9440,#9441,#9442,#9443,#9444,
#9445,#9446,#9447,#9448,#9449,#9450,#9451,#9452,#9453,#9454,#9455,#9456,
#9457,#9458,#9459,#9460,#9461,#9462,#9463,#9464,#9465,#9466,#9467,#9468,
#9469,#9470,#9471,#9472,#9473,#9474,#9475,#9476,#9477,#9478,#9479,#9480,
#9481,#9482,#9483,#9484,#9485,#9486,#9487,#9488,#9489,#9490,#9491,#9492,
#9493,#9494,#9495,#9496,#9497,#9498,#9499,#9500,#9501,#9502,#9503,#9504,
#9505,#9506,#9507),(#9508,#9509,#9510,#9511,#9512,#9513,#9514,#9515,#9516,
#9517,#9518,#9519,#9520,#9521,#9522,#9523,#9524,#9525,#9526,#9527,#9528,
#9529,#9530,#9531,#9532,#9533,#9534,#9535,#9536,#9537,#9538,#9539,#9540,
#9541,#9542,#9543,#9544,#9545,#9546,#9547,#9548,#9549,#9550,#9551,#9552,
#9553,#9554,#9555,#9556,#9557,#9558,#9559,#9560,#9561,#9562,#9563,#9564,
#9565,#9566,#9567,#9568,#9569,#9570,#9571,#9572,#9573,#9574,#9575,#9576,
#9577,#9578,#9579,#9580,#9581,#9582,#9583,#9584,#9585,#9586,#9587,#9588,
#9589,#9590,#9591,#9592,#9593,#9594,#9595,#9596,#9597,#9598,#9599,#9600,
#9601,#9602,#9603,#9604,#9605,#9606,#9607,#9608,#9609,#9610,#9611,#9612,
#9613),(#9614,#9615,#9616,#9617,#9618,#9619,#9620,#9621,#9622,#9623,#9624,
#9625,#9626,#9627,#9628,#9629,#9630,#9631,#9632,#9633,#9634,#9635,#9636,
#9637,#9638,#9639,#9640,#9641,#9642,#9643,#9644,#9645,#9646,#9647,#9648,
#9649,#9650,#9651,#9652,#9653,#9654,#9655,#9656,#9657,#9658,#9659,#9660,
#9661,#9662,#9663,#9664,#9665,#9666,#9667,#9668,#9669,#9670,#9671,#9672,
#9673,#9674,#9675,#9676,#9677,#9678,#9679,#9680,#9681,#9682,#9683,#9684,
#9685,#9686,#9687,#9688,#9689,#9690,#9691,#9692,#9693,#9694,#9695,#9696,
#9697,#9698,#9699,#9700,#9701,#9702,#9703,#9704,#9705,#9706,#9707,#9708,
#9709,#9710,#9711,#9712,#9713,#9714,#9715,#9716,#9717,#9718,#9719)),
 .UNSPECIFIED.,.F.,.F.,.F.,(4,4),(4,1,1,1,1,1,1,1,1,1,1,1,1,1,1,1,1,1,1,
1,1,1,1,1,1,1,1,1,1,1,1,1,1,1,1,1,1,1,1,1,1,1,1,1,1,1,1,1,1,1,1,1,1,1,1,
1,1,1,1,1,1,1,1,1,1,1,1,1,1,1,1,1,1,1,1,1,1,1,1,1,1,1,1,1,1,1,1,1,1,1,1,
1,1,1,1,1,1,1,1,1,1,1,1,4),(0.,0.0432608556703786),(11.922109080183,12.9147614249861,
13.9074137697891,14.9000661145921,15.8927184593951,16.8853708041981,17.8780231490011,
18.8706754938041,19.8633278386072,20.8559801834102,21.8486325282132,22.8412848730162,
23.8339372178192,24.8265895626222,25.8192419074252,26.8118942522283,27.8045465970313,
28.7971989418343,29.7898512866373,30.7825036314403,31.7751559762433,32.7678083210463,
33.7604606658494,34.7531130106524,35.7457653554554,36.7384177002584,37.7310700450614,
38.7237223898644,39.7163747346674,40.7090270794705,41.7016794242735,42.6943317690765,
43.6869841138795,44.6796364586825,45.6722888034855,46.6649411482885,47.6575934930916,
48.6502458378946,49.6428981826976,50.6355505275006,51.6282028723036,52.6208552171066,
53.6135075619096,54.6061599067127,55.5988122515157,56.5914645963187,57.5841169411217,
58.5767692859247,59.5694216307277,60.5620739755308,61.5547263203338,62.5473786651368,
63.5400310099398,64.5326833547428,65.5253356995458,66.5179880443488,67.5106403891519,
68.5032927339549,69.4959450787579,70.4885974235609,71.4812497683639,72.4739021131669,
73.4665544579699,74.459206802773,75.451859147576,76.444511492379,77.437163837182,
78.429816181985,79.422468526788,80.415120871591,81.4077732163941,82.4004255611971,
83.3930779060001,84.3857302508031,85.3783825956061,86.3710349404091,87.3636872852122,
88.3563396300152,89.3489919748182,90.3416443196212,91.3342966644242,92.3269490092272,
93.3196013540302,94.3122536988332,95.3049060436363,96.2975583884393,97.2902107332423,
98.2828630780453,99.2755154228483,100.268167767651,101.260820112454,102.253472457257,
103.24612480206,104.238777146863,105.231429491666,106.224081836469,107.216734181272,
108.209386526075,109.202038870878,110.194691215681,111.187343560484,112.179995905288,
113.172648250091,114.165300594894),.UNSPECIFIED.);
#20=B_SPLINE_SURFACE_WITH_KNOTS('',3,3,((#9785,#9786,#9787,#9788,#9789,
#9790,#9791,#9792,#9793,#9794,#9795,#9796,#9797,#9798,#9799,#9800,#9801,
#9802,#9803,#9804,#9805,#9806,#9807,#9808,#9809,#9810,#9811,#9812,#9813,
#9814,#9815,#9816,#9817,#9818,#9819,#9820,#9821,#9822,#9823,#9824,#9825,
#9826,#9827,#9828,#9829,#9830,#9831,#9832,#9833,#9834,#9835,#9836,#9837,
#9838,#9839,#9840,#9841,#9842,#9843,#9844,#9845,#9846,#9847,#9848,#9849,
#9850,#9851,#9852,#9853,#9854,#9855,#9856,#9857,#9858,#9859,#9860,#9861,
#9862,#9863,#9864,#9865,#9866,#9867,#9868,#9869,#9870,#9871,#9872,#9873,
#9874,#9875,#9876,#9877,#9878,#9879,#9880,#9881,#9882,#9883,#9884,#9885,
#9886,#9887,#9888,#9889,#9890),(#9891,#9892,#9893,#9894,#9895,#9896,#9897,
#9898,#9899,#9900,#9901,#9902,#9903,#9904,#9905,#9906,#9907,#9908,#9909,
#9910,#9911,#9912,#9913,#9914,#9915,#9916,#9917,#9918,#9919,#9920,#9921,
#9922,#9923,#9924,#9925,#9926,#9927,#9928,#9929,#9930,#9931,#9932,#9933,
#9934,#9935,#9936,#9937,#9938,#9939,#9940,#9941,#9942,#9943,#9944,#9945,
#9946,#9947,#9948,#9949,#9950,#9951,#9952,#9953,#9954,#9955,#9956,#9957,
#9958,#9959,#9960,#9961,#9962,#9963,#9964,#9965,#9966,#9967,#9968,#9969,
#9970,#9971,#9972,#9973,#9974,#9975,#9976,#9977,#9978,#9979,#9980,#9981,
#9982,#9983,#9984,#9985,#9986,#9987,#9988,#9989,#9990,#9991,#9992,#9993,
#9994,#9995,#9996),(#9997,#9998,#9999,#10000,#10001,#10002,#10003,#10004,
#10005,#10006,#10007,#10008,#10009,#10010,#10011,#10012,#10013,#10014,#10015,
#10016,#10017,#10018,#10019,#10020,#10021,#10022,#10023,#10024,#10025,#10026,
#10027,#10028,#10029,#10030,#10031,#10032,#10033,#10034,#10035,#10036,#10037,
#10038,#10039,#10040,#10041,#10042,#10043,#10044,#10045,#10046,#10047,#10048,
#10049,#10050,#10051,#10052,#10053,#10054,#10055,#10056,#10057,#10058,#10059,
#10060,#10061,#10062,#10063,#10064,#10065,#10066,#10067,#10068,#10069,#10070,
#10071,#10072,#10073,#10074,#10075,#10076,#10077,#10078,#10079,#10080,#10081,
#10082,#10083,#10084,#10085,#10086,#10087,#10088,#10089,#10090,#10091,#10092,
#10093,#10094,#10095,#10096,#10097,#10098,#10099,#10100,#10101,#10102),
(#10103,#10104,#10105,#10106,#10107,#10108,#10109,#10110,#10111,#10112,
#10113,#10114,#10115,#10116,#10117,#10118,#10119,#10120,#10121,#10122,#10123,
#10124,#10125,#10126,#10127,#10128,#10129,#10130,#10131,#10132,#10133,#10134,
#10135,#10136,#10137,#10138,#10139,#10140,#10141,#10142,#10143,#10144,#10145,
#10146,#10147,#10148,#10149,#10150,#10151,#10152,#10153,#10154,#10155,#10156,
#10157,#10158,#10159,#10160,#10161,#10162,#10163,#10164,#10165,#10166,#10167,
#10168,#10169,#10170,#10171,#10172,#10173,#10174,#10175,#10176,#10177,#10178,
#10179,#10180,#10181,#10182,#10183,#10184,#10185,#10186,#10187,#10188,#10189,
#10190,#10191,#10192,#10193,#10194,#10195,#10196,#10197,#10198,#10199,#10200,
#10201,#10202,#10203,#10204,#10205,#10206,#10207,#10208)),.UNSPECIFIED.,
 .F.,.F.,.F.,(4,4),(4,1,1,1,1,1,1,1,1,1,1,1,1,1,1,1,1,1,1,1,1,1,1,1,1,1,
1,1,1,1,1,1,1,1,1,1,1,1,1,1,1,1,1,1,1,1,1,1,1,1,1,1,1,1,1,1,1,1,1,1,1,1,
1,1,1,1,1,1,1,1,1,1,1,1,1,1,1,1,1,1,1,1,1,1,1,1,1,1,1,1,1,1,1,1,1,1,1,1,
1,1,1,1,1,4),(0.,0.0432608556703786),(14.6399982022877,15.6326505470907,
16.6253028918937,17.6179552366968,18.6106075814998,19.6032599263028,20.5959122711058,
21.5885646159088,22.5812169607118,23.5738693055149,24.5665216503179,25.5591739951209,
26.5518263399239,27.5444786847269,28.5371310295299,29.5297833743329,30.522435719136,
31.515088063939,32.507740408742,33.500392753545,34.493045098348,35.485697443151,
36.478349787954,37.4710021327571,38.4636544775601,39.4563068223631,40.4489591671661,
41.4416115119691,42.4342638567721,43.4269162015751,44.4195685463782,45.4122208911812,
46.4048732359842,47.3975255807872,48.3901779255902,49.3828302703932,50.3754826151962,
51.3681349599993,52.3607873048023,53.3534396496053,54.3460919944083,55.3387443392113,
56.3313966840143,57.3240490288173,58.3167013736204,59.3093537184234,60.3020060632264,
61.2946584080294,62.2873107528324,63.2799630976354,64.2726154424385,65.2652677872415,
66.2579201320445,67.2505724768475,68.2432248216505,69.2358771664535,70.2285295112565,
71.2211818560596,72.2138342008626,73.2064865456656,74.1991388904686,75.1917912352716,
76.1844435800746,77.1770959248776,78.1697482696807,79.1624006144837,80.1550529592867,
81.1477053040897,82.1403576488927,83.1330099936957,84.1256623384987,85.1183146833017,
86.1109670281048,87.1036193729078,88.0962717177108,89.0889240625138,90.0815764073168,
91.0742287521198,92.0668810969229,93.0595334417259,94.0521857865289,95.0448381313319,
96.0374904761349,97.0301428209379,98.0227951657409,99.015447510544,100.008099855347,
101.00075220015,101.993404544953,102.986056889756,103.978709234559,104.971361579362,
105.964013924165,106.956666268968,107.949318613771,108.941970958574,109.934623303377,
110.92727564818,111.919927992983,112.912580337786,113.905232682589,114.897885027392,
115.890537372195,116.883189716998),.UNSPECIFIED.);
#21=FACE_BOUND('',#329,.T.);
#22=FACE_BOUND('',#330,.T.);
#23=FACE_BOUND('',#331,.T.);
#24=PLANE('',#2799);
#25=PLANE('',#2802);
#26=PLANE('',#2805);
#27=PLANE('',#2808);
#28=PLANE('',#2839);
#29=PLANE('',#2841);
#30=PLANE('',#2843);
#31=PLANE('',#2844);
#32=PLANE('',#2847);
#33=PLANE('',#2850);
#34=PLANE('',#2853);
#35=TOROIDAL_SURFACE('',#2773,0.45,0.05);
#36=TOROIDAL_SURFACE('',#2789,0.55,0.05);
#37=TOROIDAL_SURFACE('',#2817,0.55,0.05);
#38=TOROIDAL_SURFACE('',#2832,0.45,0.05);
#39=(
BOUNDED_SURFACE()
B_SPLINE_SURFACE(2,2,((#6835,#6836,#6837),(#6838,#6839,#6840),(#6841,#6842,
#6843)),.UNSPECIFIED.,.F.,.F.,.F.)
B_SPLINE_SURFACE_WITH_KNOTS((3,3),(3,3),(0.,1.5707963267949),(-1.5707963267949,
0.),.UNSPECIFIED.)
GEOMETRIC_REPRESENTATION_ITEM()
RATIONAL_B_SPLINE_SURFACE(((1.,0.707106781186548,1.),(0.707106781186557,
0.500000000000007,0.707106781186557),(1.,0.707106781186548,1.)))
REPRESENTATION_ITEM('')
SURFACE()
);
#40=(
BOUNDED_SURFACE()
B_SPLINE_SURFACE(2,2,((#6870,#6871,#6872),(#6873,#6874,#6875),(#6876,#6877,
#6878)),.UNSPECIFIED.,.F.,.F.,.F.)
B_SPLINE_SURFACE_WITH_KNOTS((3,3),(3,3),(0.,1.5707963267949),(1.57079632679489,
3.14159265358979),.UNSPECIFIED.)
GEOMETRIC_REPRESENTATION_ITEM()
RATIONAL_B_SPLINE_SURFACE(((1.,0.707106781186545,1.),(0.707106781186549,
0.499999999999999,0.707106781186549),(1.,0.707106781186545,1.)))
REPRESENTATION_ITEM('')
SURFACE()
);
#41=(
BOUNDED_SURFACE()
B_SPLINE_SURFACE(2,2,((#6890,#6891,#6892),(#6893,#6894,#6895),(#6896,#6897,
#6898)),.UNSPECIFIED.,.F.,.F.,.F.)
B_SPLINE_SURFACE_WITH_KNOTS((3,3),(3,3),(0.,1.5707963267949),(-3.14159265358979,
-1.5707963267949),.UNSPECIFIED.)
GEOMETRIC_REPRESENTATION_ITEM()
RATIONAL_B_SPLINE_SURFACE(((1.,0.707106781186548,1.),(0.707106781186547,
0.499999999999999,0.707106781186547),(1.,0.707106781186548,1.)))
REPRESENTATION_ITEM('')
SURFACE()
);
#42=(
BOUNDED_SURFACE()
B_SPLINE_SURFACE(2,2,((#6922,#6923,#6924),(#6925,#6926,#6927),(#6928,#6929,
#6930)),.UNSPECIFIED.,.F.,.F.,.F.)
B_SPLINE_SURFACE_WITH_KNOTS((3,3),(3,3),(0.,1.5707963267949),(-3.14159265358979,
-1.57079632679489),.UNSPECIFIED.)
GEOMETRIC_REPRESENTATION_ITEM()
RATIONAL_B_SPLINE_SURFACE(((1.,0.707106781186547,1.),(0.707106781186558,
0.500000000000007,0.707106781186558),(1.,0.707106781186547,1.)))
REPRESENTATION_ITEM('')
SURFACE()
);
#43=(
BOUNDED_SURFACE()
B_SPLINE_SURFACE(2,2,((#6974,#6975,#6976),(#6977,#6978,#6979),(#6980,#6981,
#6982)),.UNSPECIFIED.,.F.,.F.,.F.)
B_SPLINE_SURFACE_WITH_KNOTS((3,3),(3,3),(0.,1.5707963267949),(-1.5707963267949,
0.),.UNSPECIFIED.)
GEOMETRIC_REPRESENTATION_ITEM()
RATIONAL_B_SPLINE_SURFACE(((1.,0.707106781186546,1.),(0.707106781186547,
0.499999999999999,0.707106781186547),(1.,0.707106781186546,1.)))
REPRESENTATION_ITEM('')
SURFACE()
);
#44=(
BOUNDED_SURFACE()
B_SPLINE_SURFACE(2,2,((#7006,#7007,#7008),(#7009,#7010,#7011),(#7012,#7013,
#7014)),.UNSPECIFIED.,.F.,.F.,.F.)
B_SPLINE_SURFACE_WITH_KNOTS((3,3),(3,3),(0.,1.5707963267949),(-1.5707963267949,
0.),.UNSPECIFIED.)
GEOMETRIC_REPRESENTATION_ITEM()
RATIONAL_B_SPLINE_SURFACE(((1.,0.707106781186548,1.),(0.707106781186542,
0.499999999999996,0.707106781186542),(1.,0.707106781186548,1.)))
REPRESENTATION_ITEM('')
SURFACE()
);
#45=(
BOUNDED_SURFACE()
B_SPLINE_SURFACE(2,2,((#7023,#7024,#7025),(#7026,#7027,#7028),(#7029,#7030,
#7031)),.UNSPECIFIED.,.F.,.F.,.F.)
B_SPLINE_SURFACE_WITH_KNOTS((3,3),(3,3),(0.,1.5707963267949),(0.,1.5707963267949),
 .UNSPECIFIED.)
GEOMETRIC_REPRESENTATION_ITEM()
RATIONAL_B_SPLINE_SURFACE(((1.,0.707106781186545,1.),(0.707106781186536,
0.49999999999999,0.707106781186536),(1.,0.707106781186545,1.)))
REPRESENTATION_ITEM('')
SURFACE()
);
#46=(
BOUNDED_SURFACE()
B_SPLINE_SURFACE(2,2,((#7047,#7048,#7049),(#7050,#7051,#7052),(#7053,#7054,
#7055)),.UNSPECIFIED.,.F.,.F.,.F.)
B_SPLINE_SURFACE_WITH_KNOTS((3,3),(3,3),(0.,1.5707963267949),(-3.14159265358979,
-1.5707963267949),.UNSPECIFIED.)
GEOMETRIC_REPRESENTATION_ITEM()
RATIONAL_B_SPLINE_SURFACE(((1.,0.707106781186547,1.),(0.707106781186546,
0.499999999999999,0.707106781186546),(1.,0.707106781186547,1.)))
REPRESENTATION_ITEM('')
SURFACE()
);
#47=FACE_OUTER_BOUND('',#196,.T.);
#48=FACE_OUTER_BOUND('',#197,.T.);
#49=FACE_OUTER_BOUND('',#198,.T.);
#50=FACE_OUTER_BOUND('',#199,.T.);
#51=FACE_OUTER_BOUND('',#200,.T.);
#52=FACE_OUTER_BOUND('',#201,.T.);
#53=FACE_OUTER_BOUND('',#202,.T.);
#54=FACE_OUTER_BOUND('',#203,.T.);
#55=FACE_OUTER_BOUND('',#204,.T.);
#56=FACE_OUTER_BOUND('',#205,.T.);
#57=FACE_OUTER_BOUND('',#206,.T.);
#58=FACE_OUTER_BOUND('',#207,.T.);
#59=FACE_OUTER_BOUND('',#208,.T.);
#60=FACE_OUTER_BOUND('',#209,.T.);
#61=FACE_OUTER_BOUND('',#210,.T.);
#62=FACE_OUTER_BOUND('',#211,.T.);
#63=FACE_OUTER_BOUND('',#212,.T.);
#64=FACE_OUTER_BOUND('',#213,.T.);
#65=FACE_OUTER_BOUND('',#214,.T.);
#66=FACE_OUTER_BOUND('',#215,.T.);
#67=FACE_OUTER_BOUND('',#216,.T.);
#68=FACE_OUTER_BOUND('',#217,.T.);
#69=FACE_OUTER_BOUND('',#218,.T.);
#70=FACE_OUTER_BOUND('',#219,.T.);
#71=FACE_OUTER_BOUND('',#220,.T.);
#72=FACE_OUTER_BOUND('',#221,.T.);
#73=FACE_OUTER_BOUND('',#222,.T.);
#74=FACE_OUTER_BOUND('',#223,.T.);
#75=FACE_OUTER_BOUND('',#224,.T.);
#76=FACE_OUTER_BOUND('',#225,.T.);
#77=FACE_OUTER_BOUND('',#226,.T.);
#78=FACE_OUTER_BOUND('',#227,.T.);
#79=FACE_OUTER_BOUND('',#228,.T.);
#80=FACE_OUTER_BOUND('',#229,.T.);
#81=FACE_OUTER_BOUND('',#230,.T.);
#82=FACE_OUTER_BOUND('',#231,.T.);
#83=FACE_OUTER_BOUND('',#232,.T.);
#84=FACE_OUTER_BOUND('',#233,.T.);
#85=FACE_OUTER_BOUND('',#234,.T.);
#86=FACE_OUTER_BOUND('',#235,.T.);
#87=FACE_OUTER_BOUND('',#236,.T.);
#88=FACE_OUTER_BOUND('',#237,.T.);
#89=FACE_OUTER_BOUND('',#238,.T.);
#90=FACE_OUTER_BOUND('',#239,.T.);
#91=FACE_OUTER_BOUND('',#240,.T.);
#92=FACE_OUTER_BOUND('',#241,.T.);
#93=FACE_OUTER_BOUND('',#242,.T.);
#94=FACE_OUTER_BOUND('',#243,.T.);
#95=FACE_OUTER_BOUND('',#244,.T.);
#96=FACE_OUTER_BOUND('',#245,.T.);
#97=FACE_OUTER_BOUND('',#246,.T.);
#98=FACE_OUTER_BOUND('',#247,.T.);
#99=FACE_OUTER_BOUND('',#248,.T.);
#100=FACE_OUTER_BOUND('',#249,.T.);
#101=FACE_OUTER_BOUND('',#250,.T.);
#102=FACE_OUTER_BOUND('',#251,.T.);
#103=FACE_OUTER_BOUND('',#252,.T.);
#104=FACE_OUTER_BOUND('',#253,.T.);
#105=FACE_OUTER_BOUND('',#254,.T.);
#106=FACE_OUTER_BOUND('',#255,.T.);
#107=FACE_OUTER_BOUND('',#256,.T.);
#108=FACE_OUTER_BOUND('',#257,.T.);
#109=FACE_OUTER_BOUND('',#258,.T.);
#110=FACE_OUTER_BOUND('',#259,.T.);
#111=FACE_OUTER_BOUND('',#260,.T.);
#112=FACE_OUTER_BOUND('',#261,.T.);
#113=FACE_OUTER_BOUND('',#262,.T.);
#114=FACE_OUTER_BOUND('',#263,.T.);
#115=FACE_OUTER_BOUND('',#264,.T.);
#116=FACE_OUTER_BOUND('',#265,.T.);
#117=FACE_OUTER_BOUND('',#266,.T.);
#118=FACE_OUTER_BOUND('',#267,.T.);
#119=FACE_OUTER_BOUND('',#268,.T.);
#120=FACE_OUTER_BOUND('',#269,.T.);
#121=FACE_OUTER_BOUND('',#270,.T.);
#122=FACE_OUTER_BOUND('',#271,.T.);
#123=FACE_OUTER_BOUND('',#272,.T.);
#124=FACE_OUTER_BOUND('',#273,.T.);
#125=FACE_OUTER_BOUND('',#274,.T.);
#126=FACE_OUTER_BOUND('',#275,.T.);
#127=FACE_OUTER_BOUND('',#276,.T.);
#128=FACE_OUTER_BOUND('',#277,.T.);
#129=FACE_OUTER_BOUND('',#278,.T.);
#130=FACE_OUTER_BOUND('',#279,.T.);
#131=FACE_OUTER_BOUND('',#280,.T.);
#132=FACE_OUTER_BOUND('',#281,.T.);
#133=FACE_OUTER_BOUND('',#282,.T.);
#134=FACE_OUTER_BOUND('',#283,.T.);
#135=FACE_OUTER_BOUND('',#284,.T.);
#136=FACE_OUTER_BOUND('',#285,.T.);
#137=FACE_OUTER_BOUND('',#286,.T.);
#138=FACE_OUTER_BOUND('',#287,.T.);
#139=FACE_OUTER_BOUND('',#288,.T.);
#140=FACE_OUTER_BOUND('',#289,.T.);
#141=FACE_OUTER_BOUND('',#290,.T.);
#142=FACE_OUTER_BOUND('',#291,.T.);
#143=FACE_OUTER_BOUND('',#292,.T.);
#144=FACE_OUTER_BOUND('',#293,.T.);
#145=FACE_OUTER_BOUND('',#294,.T.);
#146=FACE_OUTER_BOUND('',#295,.T.);
#147=FACE_OUTER_BOUND('',#296,.T.);
#148=FACE_OUTER_BOUND('',#297,.T.);
#149=FACE_OUTER_BOUND('',#298,.T.);
#150=FACE_OUTER_BOUND('',#299,.T.);
#151=FACE_OUTER_BOUND('',#300,.T.);
#152=FACE_OUTER_BOUND('',#301,.T.);
#153=FACE_OUTER_BOUND('',#302,.T.);
#154=FACE_OUTER_BOUND('',#303,.T.);
#155=FACE_OUTER_BOUND('',#304,.T.);
#156=FACE_OUTER_BOUND('',#305,.T.);
#157=FACE_OUTER_BOUND('',#306,.T.);
#158=FACE_OUTER_BOUND('',#307,.T.);
#159=FACE_OUTER_BOUND('',#308,.T.);
#160=FACE_OUTER_BOUND('',#309,.T.);
#161=FACE_OUTER_BOUND('',#310,.T.);
#162=FACE_OUTER_BOUND('',#311,.T.);
#163=FACE_OUTER_BOUND('',#312,.T.);
#164=FACE_OUTER_BOUND('',#313,.T.);
#165=FACE_OUTER_BOUND('',#314,.T.);
#166=FACE_OUTER_BOUND('',#315,.T.);
#167=FACE_OUTER_BOUND('',#316,.T.);
#168=FACE_OUTER_BOUND('',#317,.T.);
#169=FACE_OUTER_BOUND('',#318,.T.);
#170=FACE_OUTER_BOUND('',#319,.T.);
#171=FACE_OUTER_BOUND('',#320,.T.);
#172=FACE_OUTER_BOUND('',#321,.T.);
#173=FACE_OUTER_BOUND('',#322,.T.);
#174=FACE_OUTER_BOUND('',#323,.T.);
#175=FACE_OUTER_BOUND('',#324,.T.);
#176=FACE_OUTER_BOUND('',#325,.T.);
#177=FACE_OUTER_BOUND('',#326,.T.);
#178=FACE_OUTER_BOUND('',#327,.T.);
#179=FACE_OUTER_BOUND('',#328,.T.);
#180=FACE_OUTER_BOUND('',#332,.T.);
#181=FACE_OUTER_BOUND('',#333,.T.);
#182=FACE_OUTER_BOUND('',#334,.T.);
#183=FACE_OUTER_BOUND('',#335,.T.);
#184=FACE_OUTER_BOUND('',#336,.T.);
#185=FACE_OUTER_BOUND('',#337,.T.);
#186=FACE_OUTER_BOUND('',#338,.T.);
#187=FACE_OUTER_BOUND('',#339,.T.);
#188=FACE_OUTER_BOUND('',#340,.T.);
#189=FACE_OUTER_BOUND('',#341,.T.);
#190=FACE_OUTER_BOUND('',#342,.T.);
#191=FACE_OUTER_BOUND('',#343,.T.);
#192=FACE_OUTER_BOUND('',#344,.T.);
#193=FACE_OUTER_BOUND('',#345,.T.);
#194=FACE_OUTER_BOUND('',#346,.T.);
#195=FACE_OUTER_BOUND('',#347,.T.);
#196=EDGE_LOOP('',(#1560,#1561,#1562,#1563));
#197=EDGE_LOOP('',(#1564,#1565,#1566,#1567));
#198=EDGE_LOOP('',(#1568,#1569,#1570,#1571));
#199=EDGE_LOOP('',(#1572,#1573,#1574,#1575));
#200=EDGE_LOOP('',(#1576,#1577,#1578,#1579));
#201=EDGE_LOOP('',(#1580,#1581,#1582,#1583));
#202=EDGE_LOOP('',(#1584,#1585,#1586,#1587));
#203=EDGE_LOOP('',(#1588,#1589,#1590,#1591));
#204=EDGE_LOOP('',(#1592,#1593,#1594,#1595));
#205=EDGE_LOOP('',(#1596,#1597,#1598,#1599));
#206=EDGE_LOOP('',(#1600,#1601,#1602,#1603));
#207=EDGE_LOOP('',(#1604,#1605,#1606,#1607));
#208=EDGE_LOOP('',(#1608,#1609,#1610,#1611));
#209=EDGE_LOOP('',(#1612,#1613,#1614,#1615));
#210=EDGE_LOOP('',(#1616,#1617,#1618,#1619));
#211=EDGE_LOOP('',(#1620,#1621,#1622,#1623));
#212=EDGE_LOOP('',(#1624,#1625,#1626,#1627));
#213=EDGE_LOOP('',(#1628,#1629,#1630,#1631));
#214=EDGE_LOOP('',(#1632,#1633,#1634,#1635));
#215=EDGE_LOOP('',(#1636,#1637,#1638,#1639));
#216=EDGE_LOOP('',(#1640,#1641,#1642,#1643));
#217=EDGE_LOOP('',(#1644,#1645,#1646,#1647));
#218=EDGE_LOOP('',(#1648,#1649,#1650,#1651));
#219=EDGE_LOOP('',(#1652,#1653,#1654,#1655));
#220=EDGE_LOOP('',(#1656,#1657,#1658,#1659));
#221=EDGE_LOOP('',(#1660,#1661,#1662,#1663));
#222=EDGE_LOOP('',(#1664,#1665,#1666,#1667));
#223=EDGE_LOOP('',(#1668,#1669,#1670,#1671));
#224=EDGE_LOOP('',(#1672,#1673,#1674,#1675));
#225=EDGE_LOOP('',(#1676,#1677,#1678,#1679));
#226=EDGE_LOOP('',(#1680,#1681,#1682,#1683));
#227=EDGE_LOOP('',(#1684,#1685,#1686,#1687));
#228=EDGE_LOOP('',(#1688,#1689,#1690,#1691));
#229=EDGE_LOOP('',(#1692,#1693,#1694,#1695));
#230=EDGE_LOOP('',(#1696,#1697,#1698,#1699));
#231=EDGE_LOOP('',(#1700,#1701,#1702,#1703));
#232=EDGE_LOOP('',(#1704,#1705,#1706,#1707));
#233=EDGE_LOOP('',(#1708,#1709,#1710,#1711));
#234=EDGE_LOOP('',(#1712,#1713,#1714,#1715));
#235=EDGE_LOOP('',(#1716,#1717,#1718,#1719));
#236=EDGE_LOOP('',(#1720,#1721,#1722,#1723));
#237=EDGE_LOOP('',(#1724,#1725,#1726,#1727));
#238=EDGE_LOOP('',(#1728,#1729,#1730,#1731));
#239=EDGE_LOOP('',(#1732,#1733,#1734,#1735));
#240=EDGE_LOOP('',(#1736,#1737,#1738,#1739));
#241=EDGE_LOOP('',(#1740,#1741,#1742,#1743));
#242=EDGE_LOOP('',(#1744,#1745,#1746,#1747));
#243=EDGE_LOOP('',(#1748,#1749,#1750,#1751));
#244=EDGE_LOOP('',(#1752,#1753,#1754,#1755));
#245=EDGE_LOOP('',(#1756,#1757,#1758,#1759));
#246=EDGE_LOOP('',(#1760,#1761,#1762,#1763));
#247=EDGE_LOOP('',(#1764,#1765,#1766,#1767));
#248=EDGE_LOOP('',(#1768,#1769,#1770,#1771));
#249=EDGE_LOOP('',(#1772,#1773,#1774,#1775));
#250=EDGE_LOOP('',(#1776,#1777,#1778,#1779));
#251=EDGE_LOOP('',(#1780,#1781,#1782,#1783));
#252=EDGE_LOOP('',(#1784,#1785,#1786,#1787));
#253=EDGE_LOOP('',(#1788,#1789,#1790,#1791));
#254=EDGE_LOOP('',(#1792,#1793,#1794,#1795));
#255=EDGE_LOOP('',(#1796,#1797,#1798,#1799));
#256=EDGE_LOOP('',(#1800,#1801,#1802,#1803));
#257=EDGE_LOOP('',(#1804,#1805,#1806,#1807));
#258=EDGE_LOOP('',(#1808,#1809,#1810,#1811));
#259=EDGE_LOOP('',(#1812,#1813,#1814,#1815));
#260=EDGE_LOOP('',(#1816,#1817,#1818,#1819));
#261=EDGE_LOOP('',(#1820,#1821,#1822,#1823));
#262=EDGE_LOOP('',(#1824,#1825,#1826,#1827));
#263=EDGE_LOOP('',(#1828,#1829,#1830,#1831));
#264=EDGE_LOOP('',(#1832,#1833,#1834,#1835));
#265=EDGE_LOOP('',(#1836,#1837,#1838,#1839));
#266=EDGE_LOOP('',(#1840,#1841,#1842,#1843));
#267=EDGE_LOOP('',(#1844,#1845,#1846,#1847));
#268=EDGE_LOOP('',(#1848,#1849,#1850,#1851));
#269=EDGE_LOOP('',(#1852,#1853,#1854,#1855));
#270=EDGE_LOOP('',(#1856,#1857,#1858,#1859));
#271=EDGE_LOOP('',(#1860,#1861,#1862,#1863));
#272=EDGE_LOOP('',(#1864,#1865,#1866,#1867));
#273=EDGE_LOOP('',(#1868,#1869,#1870,#1871));
#274=EDGE_LOOP('',(#1872,#1873,#1874,#1875));
#275=EDGE_LOOP('',(#1876,#1877,#1878,#1879));
#276=EDGE_LOOP('',(#1880,#1881,#1882,#1883));
#277=EDGE_LOOP('',(#1884,#1885,#1886,#1887));
#278=EDGE_LOOP('',(#1888,#1889,#1890,#1891));
#279=EDGE_LOOP('',(#1892,#1893,#1894,#1895));
#280=EDGE_LOOP('',(#1896,#1897,#1898,#1899));
#281=EDGE_LOOP('',(#1900,#1901,#1902,#1903));
#282=EDGE_LOOP('',(#1904,#1905,#1906,#1907));
#283=EDGE_LOOP('',(#1908,#1909,#1910,#1911));
#284=EDGE_LOOP('',(#1912,#1913,#1914,#1915));
#285=EDGE_LOOP('',(#1916,#1917,#1918,#1919));
#286=EDGE_LOOP('',(#1920,#1921,#1922,#1923));
#287=EDGE_LOOP('',(#1924,#1925,#1926,#1927));
#288=EDGE_LOOP('',(#1928,#1929,#1930,#1931));
#289=EDGE_LOOP('',(#1932,#1933,#1934,#1935));
#290=EDGE_LOOP('',(#1936,#1937,#1938,#1939));
#291=EDGE_LOOP('',(#1940,#1941,#1942,#1943));
#292=EDGE_LOOP('',(#1944,#1945,#1946,#1947));
#293=EDGE_LOOP('',(#1948,#1949,#1950,#1951));
#294=EDGE_LOOP('',(#1952,#1953,#1954,#1955));
#295=EDGE_LOOP('',(#1956,#1957,#1958,#1959));
#296=EDGE_LOOP('',(#1960,#1961,#1962,#1963));
#297=EDGE_LOOP('',(#1964,#1965,#1966,#1967));
#298=EDGE_LOOP('',(#1968,#1969,#1970,#1971));
#299=EDGE_LOOP('',(#1972,#1973,#1974,#1975));
#300=EDGE_LOOP('',(#1976,#1977,#1978,#1979));
#301=EDGE_LOOP('',(#1980,#1981,#1982,#1983));
#302=EDGE_LOOP('',(#1984,#1985,#1986,#1987));
#303=EDGE_LOOP('',(#1988,#1989,#1990,#1991));
#304=EDGE_LOOP('',(#1992,#1993,#1994,#1995));
#305=EDGE_LOOP('',(#1996,#1997,#1998,#1999));
#306=EDGE_LOOP('',(#2000,#2001,#2002,#2003));
#307=EDGE_LOOP('',(#2004,#2005,#2006,#2007));
#308=EDGE_LOOP('',(#2008,#2009,#2010,#2011));
#309=EDGE_LOOP('',(#2012,#2013,#2014,#2015));
#310=EDGE_LOOP('',(#2016,#2017,#2018,#2019,#2020,#2021,#2022,#2023,#2024,
#2025,#2026,#2027));
#311=EDGE_LOOP('',(#2028,#2029,#2030,#2031));
#312=EDGE_LOOP('',(#2032,#2033,#2034,#2035));
#313=EDGE_LOOP('',(#2036,#2037,#2038,#2039));
#314=EDGE_LOOP('',(#2040,#2041,#2042,#2043));
#315=EDGE_LOOP('',(#2044,#2045,#2046,#2047));
#316=EDGE_LOOP('',(#2048,#2049,#2050,#2051));
#317=EDGE_LOOP('',(#2052,#2053,#2054,#2055));
#318=EDGE_LOOP('',(#2056,#2057,#2058,#2059));
#319=EDGE_LOOP('',(#2060,#2061,#2062,#2063));
#320=EDGE_LOOP('',(#2064,#2065,#2066,#2067));
#321=EDGE_LOOP('',(#2068,#2069,#2070,#2071));
#322=EDGE_LOOP('',(#2072,#2073,#2074,#2075));
#323=EDGE_LOOP('',(#2076,#2077,#2078,#2079));
#324=EDGE_LOOP('',(#2080,#2081,#2082,#2083));
#325=EDGE_LOOP('',(#2084,#2085,#2086,#2087));
#326=EDGE_LOOP('',(#2088,#2089,#2090,#2091));
#327=EDGE_LOOP('',(#2092,#2093,#2094,#2095));
#328=EDGE_LOOP('',(#2096,#2097,#2098,#2099));
#329=EDGE_LOOP('',(#2100,#2101,#2102,#2103));
#330=EDGE_LOOP('',(#2104,#2105,#2106,#2107));
#331=EDGE_LOOP('',(#2108,#2109,#2110,#2111));
#332=EDGE_LOOP('',(#2112,#2113,#2114,#2115,#2116,#2117,#2118,#2119,#2120,
#2121,#2122,#2123));
#333=EDGE_LOOP('',(#2124,#2125,#2126,#2127));
#334=EDGE_LOOP('',(#2128,#2129,#2130,#2131,#2132,#2133,#2134,#2135,#2136,
#2137,#2138,#2139,#2140,#2141,#2142,#2143,#2144,#2145,#2146,#2147,#2148,
#2149,#2150,#2151,#2152,#2153,#2154,#2155,#2156,#2157,#2158,#2159,#2160,
#2161,#2162,#2163));
#335=EDGE_LOOP('',(#2164,#2165,#2166,#2167,#2168,#2169,#2170,#2171,#2172,
#2173,#2174,#2175,#2176,#2177,#2178,#2179,#2180,#2181,#2182,#2183,#2184,
#2185,#2186,#2187,#2188,#2189,#2190,#2191,#2192,#2193,#2194,#2195,#2196,
#2197,#2198,#2199));
#336=EDGE_LOOP('',(#2200,#2201,#2202,#2203));
#337=EDGE_LOOP('',(#2204,#2205,#2206,#2207));
#338=EDGE_LOOP('',(#2208,#2209,#2210,#2211));
#339=EDGE_LOOP('',(#2212,#2213,#2214,#2215,#2216,#2217,#2218,#2219,#2220,
#2221,#2222,#2223,#2224,#2225,#2226,#2227,#2228,#2229,#2230,#2231,#2232,
#2233,#2234,#2235,#2236,#2237,#2238,#2239,#2240,#2241,#2242,#2243,#2244,
#2245,#2246,#2247));
#340=EDGE_LOOP('',(#2248,#2249,#2250,#2251,#2252,#2253,#2254,#2255,#2256,
#2257,#2258,#2259,#2260,#2261,#2262,#2263,#2264,#2265,#2266,#2267,#2268,
#2269,#2270,#2271,#2272,#2273,#2274,#2275,#2276,#2277,#2278,#2279,#2280,
#2281,#2282,#2283));
#341=EDGE_LOOP('',(#2284,#2285,#2286,#2287));
#342=EDGE_LOOP('',(#2288,#2289,#2290,#2291));
#343=EDGE_LOOP('',(#2292,#2293,#2294,#2295));
#344=EDGE_LOOP('',(#2296,#2297,#2298,#2299,#2300,#2301,#2302,#2303,#2304,
#2305,#2306,#2307,#2308,#2309,#2310,#2311,#2312,#2313,#2314,#2315,#2316,
#2317,#2318,#2319,#2320,#2321,#2322,#2323,#2324,#2325,#2326,#2327,#2328,
#2329,#2330,#2331));
#345=EDGE_LOOP('',(#2332,#2333,#2334,#2335,#2336,#2337,#2338,#2339,#2340,
#2341,#2342,#2343,#2344,#2345,#2346,#2347,#2348,#2349,#2350,#2351,#2352,
#2353,#2354,#2355,#2356,#2357,#2358,#2359,#2360,#2361,#2362,#2363,#2364,
#2365,#2366,#2367));
#346=EDGE_LOOP('',(#2368,#2369,#2370,#2371));
#347=EDGE_LOOP('',(#2372,#2373,#2374,#2375));
#348=CIRCLE('',#2660,0.06725);
#349=CIRCLE('',#2676,0.06725);
#350=CIRCLE('',#2678,0.0819999999999999);
#351=CIRCLE('',#2694,0.082);
#352=CIRCLE('',#2696,0.06725);
#353=CIRCLE('',#2712,0.06725);
#354=CIRCLE('',#2714,0.082);
#355=CIRCLE('',#2730,0.0820000000000001);
#356=CIRCLE('',#2732,0.06725);
#357=CIRCLE('',#2748,0.06725);
#358=CIRCLE('',#2750,0.0819999999999997);
#359=CIRCLE('',#2766,0.0819999999999997);
#360=CIRCLE('',#2767,0.0499999999999999);
#361=CIRCLE('',#2768,0.1);
#362=CIRCLE('',#2769,0.05);
#363=CIRCLE('',#2770,0.05);
#364=CIRCLE('',#2772,0.0500000000000002);
#365=CIRCLE('',#2774,0.0499999999999999);
#366=CIRCLE('',#2775,0.45);
#367=CIRCLE('',#2776,0.5);
#368=CIRCLE('',#2778,0.0499999999999999);
#369=CIRCLE('',#2779,0.0499999999999999);
#370=CIRCLE('',#2780,0.0499999999999998);
#371=CIRCLE('',#2781,0.0999999999999998);
#372=CIRCLE('',#2783,0.0499999999999999);
#373=CIRCLE('',#2784,0.0500000000000003);
#374=CIRCLE('',#2785,0.0499999999999998);
#375=CIRCLE('',#2786,0.0999999999999998);
#376=CIRCLE('',#2788,0.0499999999999999);
#377=CIRCLE('',#2790,0.05);
#378=CIRCLE('',#2791,0.55);
#379=CIRCLE('',#2792,0.5);
#380=CIRCLE('',#2794,0.05);
#381=CIRCLE('',#2795,0.05);
#382=CIRCLE('',#2796,0.0499999999999999);
#383=CIRCLE('',#2797,0.0999999999999999);
#384=CIRCLE('',#2801,0.0999999999999998);
#385=CIRCLE('',#2804,0.5);
#386=CIRCLE('',#2807,0.1);
#387=CIRCLE('',#2810,0.0499999999999999);
#388=CIRCLE('',#2811,0.05);
#389=CIRCLE('',#2812,0.05);
#390=CIRCLE('',#2813,0.0499999999999999);
#391=CIRCLE('',#2814,0.0999999999999999);
#392=CIRCLE('',#2816,0.05);
#393=CIRCLE('',#2818,0.0500000000000003);
#394=CIRCLE('',#2819,0.55);
#395=CIRCLE('',#2820,0.5);
#396=CIRCLE('',#2822,0.0499999999999999);
#397=CIRCLE('',#2823,0.0500000000000003);
#398=CIRCLE('',#2824,0.0499999999999998);
#399=CIRCLE('',#2825,0.0999999999999998);
#400=CIRCLE('',#2827,0.0499999999999999);
#401=CIRCLE('',#2828,0.0499999999999999);
#402=CIRCLE('',#2829,0.0499999999999998);
#403=CIRCLE('',#2831,0.0499999999999999);
#404=CIRCLE('',#2833,0.05);
#405=CIRCLE('',#2834,0.45);
#406=CIRCLE('',#2836,0.05);
#407=CIRCLE('',#2837,0.05);
#408=B_SPLINE_CURVE_WITH_KNOTS('',3,(#3384,#3385,#3386,#3387),
 .UNSPECIFIED.,.F.,.F.,(4,4),(101.598929980535,102.243191514711),
 .UNSPECIFIED.);
#409=B_SPLINE_CURVE_WITH_KNOTS('',3,(#3390,#3391,#3392,#3393,#3394,#3395,
#3396,#3397,#3398,#3399,#3400,#3401,#3402),.UNSPECIFIED.,.F.,.F.,(4,3,3,
3,4),(-100.530964914873,-100.257886825104,-99.2652344803014,-98.2725821354984,
-98.0336337954597),.UNSPECIFIED.);
#410=B_SPLINE_CURVE_WITH_KNOTS('',3,(#3407,#3408,#3409,#3410,#3411,#3412,
#3413,#3414,#3415,#3416,#3417,#3418,#3419,#3420,#3421,#3422,#3423,#3424,
#3425,#3426,#3427,#3428),.UNSPECIFIED.,.F.,.F.,(4,3,3,3,3,3,3,4),(95.3157446733549,
96.2872774458924,97.2799297906954,98.2725821354984,99.2652344803015,100.257886825104,
101.250539169907,101.598929980535),.UNSPECIFIED.);
#411=B_SPLINE_CURVE_WITH_KNOTS('',3,(#3429,#3430,#3431,#3432,#3433,#3434,
#3435,#3436,#3437,#3438,#3439,#3440,#3441,#3442,#3443,#3444,#3445,#3446,
#3447,#3448,#3449,#3450),.UNSPECIFIED.,.F.,.F.,(4,3,3,3,3,3,3,4),(-98.0336337954597,
-97.2799297906954,-96.2872774458924,-95.2946251010894,-94.3019727562864,
-93.3093204114834,-92.3166680666804,-91.7504484882801),.UNSPECIFIED.);
#412=B_SPLINE_CURVE_WITH_KNOTS('',3,(#3455,#3456,#3457,#3458,#3459,#3460,
#3461,#3462,#3463,#3464,#3465,#3466,#3467,#3468,#3469,#3470,#3471,#3472,
#3473,#3474,#3475,#3476,#3477,#3478,#3479),.UNSPECIFIED.,.F.,.F.,(4,3,3,
3,3,3,3,3,4),(89.0325593661753,89.3387110322713,90.3313633770743,91.3240157218774,
92.3166680666803,93.3093204114834,94.3019727562864,95.2946251010894,95.3157446733549),
 .UNSPECIFIED.);
#413=B_SPLINE_CURVE_WITH_KNOTS('',3,(#3480,#3481,#3482,#3483,#3484,#3485,
#3486,#3487,#3488,#3489,#3490,#3491,#3492,#3493,#3494,#3495,#3496,#3497,
#3498,#3499,#3500,#3501),.UNSPECIFIED.,.F.,.F.,(4,3,3,3,3,3,3,4),(-91.7504484882801,
-91.3240157218773,-90.3313633770743,-89.3387110322713,-88.3460586874683,
-87.3534063426653,-86.3607539978623,-85.4672631811005),.UNSPECIFIED.);
#414=B_SPLINE_CURVE_WITH_KNOTS('',3,(#3506,#3507,#3508,#3509,#3510,#3511,
#3512,#3513,#3514,#3515,#3516,#3517,#3518,#3519,#3520,#3521,#3522,#3523,
#3524,#3525,#3526,#3527),.UNSPECIFIED.,.F.,.F.,(4,3,3,3,3,3,3,4),(82.7493740589958,
83.3827969634532,84.3754493082563,85.3681016530593,86.3607539978623,87.3534063426653,
88.3460586874683,89.0325593661753),.UNSPECIFIED.);
#415=B_SPLINE_CURVE_WITH_KNOTS('',3,(#3528,#3529,#3530,#3531,#3532,#3533,
#3534,#3535,#3536,#3537,#3538,#3539,#3540,#3541,#3542,#3543,#3544,#3545,
#3546,#3547,#3548,#3549,#3550,#3551,#3552),.UNSPECIFIED.,.F.,.F.,(4,3,3,
3,3,3,3,3,4),(-85.4672631811005,-85.3681016530593,-84.3754493082562,-83.3827969634532,
-82.3901446186502,-81.3974922738472,-80.4048399290442,-79.4121875842412,
-79.1840778739209),.UNSPECIFIED.);
#416=B_SPLINE_CURVE_WITH_KNOTS('',3,(#3557,#3558,#3559,#3560,#3561,#3562,
#3563,#3564,#3565,#3566,#3567,#3568,#3569,#3570,#3571,#3572,#3573,#3574,
#3575,#3576,#3577,#3578),.UNSPECIFIED.,.F.,.F.,(4,3,3,3,3,3,3,4),(76.4661887518162,
77.4268828946351,78.4195352394382,79.4121875842412,80.4048399290442,81.3974922738472,
82.3901446186502,82.7493740589958),.UNSPECIFIED.);
#417=B_SPLINE_CURVE_WITH_KNOTS('',3,(#3579,#3580,#3581,#3582,#3583,#3584,
#3585,#3586,#3587,#3588,#3589,#3590,#3591,#3592,#3593,#3594,#3595,#3596,
#3597,#3598,#3599,#3600),.UNSPECIFIED.,.F.,.F.,(4,3,3,3,3,3,3,4),(-79.1840778739209,
-78.4195352394382,-77.4268828946351,-76.4342305498321,-75.4415782050291,
-74.4489258602261,-73.4562735154231,-72.9008925667413),.UNSPECIFIED.);
#418=B_SPLINE_CURVE_WITH_KNOTS('',3,(#3605,#3606,#3607,#3608,#3609,#3610,
#3611,#3612,#3613,#3614,#3615,#3616,#3617,#3618,#3619,#3620,#3621,#3622,
#3623,#3624,#3625,#3626,#3627,#3628,#3629),.UNSPECIFIED.,.F.,.F.,(4,3,3,
3,3,3,3,3,4),(70.1830034446366,70.478316481014,71.470968825817,72.4636211706201,
73.4562735154231,74.4489258602261,75.4415782050291,76.4342305498321,76.4661887518162),
 .UNSPECIFIED.);
#419=B_SPLINE_CURVE_WITH_KNOTS('',3,(#3630,#3631,#3632,#3633,#3634,#3635,
#3636,#3637,#3638,#3639,#3640,#3641,#3642,#3643,#3644,#3645,#3646,#3647,
#3648,#3649,#3650,#3651),.UNSPECIFIED.,.F.,.F.,(4,3,3,3,3,3,3,4),(-72.9008925667413,
-72.46362117062,-71.470968825817,-70.478316481014,-69.485664136211,-68.493011791408,
-67.500359446605,-66.6177072595617),.UNSPECIFIED.);
#420=B_SPLINE_CURVE_WITH_KNOTS('',3,(#3656,#3657,#3658,#3659,#3660,#3661,
#3662,#3663,#3664,#3665,#3666,#3667,#3668,#3669,#3670,#3671,#3672,#3673,
#3674,#3675,#3676,#3677),.UNSPECIFIED.,.F.,.F.,(4,3,3,3,3,3,3,4),(63.899818137457,
64.5224024121959,65.5150547569989,66.507707101802,67.500359446605,68.493011791408,
69.485664136211,70.1830034446366),.UNSPECIFIED.);
#421=B_SPLINE_CURVE_WITH_KNOTS('',3,(#3678,#3679,#3680,#3681,#3682,#3683,
#3684,#3685,#3686,#3687,#3688,#3689,#3690,#3691,#3692,#3693,#3694,#3695,
#3696,#3697,#3698,#3699,#3700,#3701,#3702),.UNSPECIFIED.,.F.,.F.,(4,3,3,
3,3,3,3,3,4),(-66.6177072595617,-66.507707101802,-65.515054756999,-64.522402412196,
-63.5297500673929,-62.5370977225899,-61.5444453777869,-60.5517930329839,
-60.3345219523821),.UNSPECIFIED.);
#422=B_SPLINE_CURVE_WITH_KNOTS('',3,(#3707,#3708,#3709,#3710,#3711,#3712,
#3713,#3714,#3715,#3716,#3717,#3718,#3719,#3720,#3721,#3722,#3723,#3724,
#3725,#3726,#3727,#3728),.UNSPECIFIED.,.F.,.F.,(4,3,3,3,3,3,3,4),(57.6166328302774,
58.5664883433779,59.5591406881809,60.5517930329839,61.5444453777869,62.5370977225899,
63.5297500673929,63.899818137457),.UNSPECIFIED.);
#423=B_SPLINE_CURVE_WITH_KNOTS('',3,(#3729,#3730,#3731,#3732,#3733,#3734,
#3735,#3736,#3737,#3738,#3739,#3740,#3741,#3742,#3743,#3744,#3745,#3746,
#3747,#3748,#3749,#3750),.UNSPECIFIED.,.F.,.F.,(4,3,3,3,3,3,3,4),(-60.3345219523821,
-59.5591406881809,-58.5664883433779,-57.5738359985749,-56.5811836537718,
-55.5885313089688,-54.5958789641658,-54.0513366452026),.UNSPECIFIED.);
#424=B_SPLINE_CURVE_WITH_KNOTS('',3,(#3755,#3756,#3757,#3758,#3759,#3760,
#3761,#3762,#3763,#3764,#3765,#3766,#3767,#3768,#3769,#3770,#3771,#3772,
#3773,#3774,#3775,#3776,#3777,#3778,#3779),.UNSPECIFIED.,.F.,.F.,(4,3,3,
3,3,3,3,3,4),(51.3334475230978,51.6179219297568,52.6105742745598,53.6032266193628,
54.5958789641658,55.5885313089688,56.5811836537719,57.5738359985749,57.6166328302774),
 .UNSPECIFIED.);
#425=B_SPLINE_CURVE_WITH_KNOTS('',3,(#3780,#3781,#3782,#3783,#3784,#3785,
#3786,#3787,#3788,#3789,#3790,#3791,#3792,#3793,#3794,#3795,#3796,#3797,
#3798,#3799,#3800,#3801),.UNSPECIFIED.,.F.,.F.,(4,3,3,3,3,3,3,4),(-54.0513366452026,
-53.6032266193628,-52.6105742745598,-51.6179219297568,-50.6252695849537,
-49.6326172401507,-48.6399648953477,-47.768151338023),.UNSPECIFIED.);
#426=B_SPLINE_CURVE_WITH_KNOTS('',3,(#3806,#3807,#3808,#3809,#3810,#3811,
#3812,#3813,#3814,#3815,#3816,#3817,#3818,#3819,#3820,#3821,#3822,#3823,
#3824,#3825,#3826,#3827),.UNSPECIFIED.,.F.,.F.,(4,3,3,3,3,3,3,4),(45.0502622159182,
45.6620078609387,46.6546602057417,47.6473125505447,48.6399648953477,49.6326172401507,
50.6252695849537,51.3334475230978),.UNSPECIFIED.);
#427=B_SPLINE_CURVE_WITH_KNOTS('',3,(#3828,#3829,#3830,#3831,#3832,#3833,
#3834,#3835,#3836,#3837,#3838,#3839,#3840,#3841,#3842,#3843,#3844,#3845,
#3846,#3847,#3848,#3849,#3850,#3851,#3852),.UNSPECIFIED.,.F.,.F.,(4,3,3,
3,3,3,3,3,4),(-47.768151338023,-47.6473125505447,-46.6546602057417,-45.6620078609387,
-44.6693555161357,-43.6767031713326,-42.6840508265296,-41.6913984817266,
-41.4849660308434),.UNSPECIFIED.);
#428=B_SPLINE_CURVE_WITH_KNOTS('',3,(#3857,#3858,#3859,#3860,#3861,#3862,
#3863,#3864,#3865,#3866,#3867,#3868,#3869,#3870,#3871,#3872,#3873,#3874,
#3875,#3876,#3877,#3878),.UNSPECIFIED.,.F.,.F.,(4,3,3,3,3,3,3,4),(38.7670769087386,
39.7060937921206,40.6987461369236,41.6913984817266,42.6840508265296,43.6767031713326,
44.6693555161357,45.0502622159182),.UNSPECIFIED.);
#429=B_SPLINE_CURVE_WITH_KNOTS('',3,(#3879,#3880,#3881,#3882,#3883,#3884,
#3885,#3886,#3887,#3888,#3889,#3890,#3891,#3892,#3893,#3894,#3895,#3896,
#3897,#3898,#3899,#3900),.UNSPECIFIED.,.F.,.F.,(4,3,3,3,3,3,3,4),(-41.4849660308434,
-40.6987461369236,-39.7060937921206,-38.7134414473176,-37.7207891025146,
-36.7281367577115,-35.7354844129085,-35.2017807236638),.UNSPECIFIED.);
#430=B_SPLINE_CURVE_WITH_KNOTS('',3,(#3905,#3906,#3907,#3908,#3909,#3910,
#3911,#3912,#3913,#3914,#3915,#3916,#3917,#3918,#3919,#3920,#3921,#3922,
#3923,#3924,#3925,#3926,#3927,#3928,#3929),.UNSPECIFIED.,.F.,.F.,(4,3,3,
3,3,3,3,3,4),(32.483891601559,32.7575273784995,33.7501797233025,34.7428320681055,
35.7354844129085,36.7281367577115,37.7207891025146,38.7134414473176,38.7670769087386),
 .UNSPECIFIED.);
#431=B_SPLINE_CURVE_WITH_KNOTS('',3,(#3930,#3931,#3932,#3933,#3934,#3935,
#3936,#3937,#3938,#3939,#3940,#3941,#3942,#3943,#3944,#3945,#3946,#3947,
#3948,#3949,#3950,#3951),.UNSPECIFIED.,.F.,.F.,(4,3,3,3,3,3,3,4),(-35.2017807236638,
-34.7428320681055,-33.7501797233025,-32.7575273784995,-31.7648750336965,
-30.7722226888935,-29.7795703440904,-28.9185954164842),.UNSPECIFIED.);
#432=B_SPLINE_CURVE_WITH_KNOTS('',3,(#3956,#3957,#3958,#3959,#3960,#3961,
#3962,#3963,#3964,#3965,#3966,#3967,#3968,#3969,#3970,#3971,#3972,#3973,
#3974,#3975,#3976,#3977),.UNSPECIFIED.,.F.,.F.,(4,3,3,3,3,3,3,4),(26.2007062943794,
26.8016133096814,27.7942656544844,28.7869179992874,29.7795703440904,30.7722226888935,
31.7648750336965,32.483891601559),.UNSPECIFIED.);
#433=B_SPLINE_CURVE_WITH_KNOTS('',3,(#3978,#3979,#3980,#3981,#3982,#3983,
#3984,#3985,#3986,#3987,#3988,#3989,#3990,#3991,#3992,#3993,#3994,#3995,
#3996,#3997,#3998,#3999,#4000,#4001,#4002),.UNSPECIFIED.,.F.,.F.,(4,3,3,
3,3,3,3,3,4),(-28.9185954164842,-28.7869179992874,-27.7942656544844,-26.8016133096814,
-25.8089609648784,-24.8163086200754,-23.8236562752723,-22.8310039304693,
-22.6354101093046),.UNSPECIFIED.);
#434=B_SPLINE_CURVE_WITH_KNOTS('',3,(#4007,#4008,#4009,#4010,#4011,#4012,
#4013,#4014,#4015,#4016,#4017,#4018,#4019,#4020,#4021,#4022,#4023,#4024,
#4025,#4026,#4027,#4028),.UNSPECIFIED.,.F.,.F.,(4,3,3,3,3,3,3,4),(19.9175209871998,
20.8456992408633,21.8383515856663,22.8310039304693,23.8236562752724,24.8163086200754,
25.8089609648784,26.2007062943794),.UNSPECIFIED.);
#435=B_SPLINE_CURVE_WITH_KNOTS('',3,(#4029,#4030,#4031,#4032,#4033,#4034,
#4035,#4036,#4037,#4038,#4039,#4040,#4041,#4042,#4043,#4044,#4045,#4046,
#4047,#4048,#4049,#4050),.UNSPECIFIED.,.F.,.F.,(4,3,3,3,3,3,3,4),(-22.6354101093046,
-21.8383515856663,-20.8456992408633,-19.8530468960603,-18.8603945512573,
-17.8677422064543,-16.8750898616512,-16.352224802125),.UNSPECIFIED.);
#436=B_SPLINE_CURVE_WITH_KNOTS('',3,(#4055,#4056,#4057,#4058,#4059,#4060,
#4061,#4062,#4063,#4064,#4065,#4066,#4067,#4068,#4069,#4070,#4071,#4072,
#4073,#4074,#4075,#4076,#4077,#4078,#4079),.UNSPECIFIED.,.F.,.F.,(4,3,3,
3,3,3,3,3,4),(13.6343356800203,13.8971328272422,14.8897851720452,15.8824375168482,
16.8750898616512,17.8677422064543,18.8603945512573,19.8530468960603,19.9175209871998),
 .UNSPECIFIED.);
#437=B_SPLINE_CURVE_WITH_KNOTS('',3,(#4080,#4081,#4082,#4083,#4084,#4085,
#4086,#4087,#4088,#4089,#4090,#4091,#4092,#4093,#4094,#4095,#4096,#4097,
#4098,#4099,#4100,#4101),.UNSPECIFIED.,.F.,.F.,(4,3,3,3,3,3,3,4),(-16.352224802125,
-15.8824375168482,-14.8897851720452,-13.8971328272422,-12.9044804824392,
-11.9118281376362,-10.9191757928332,-10.0690394949454),.UNSPECIFIED.);
#438=B_SPLINE_CURVE_WITH_KNOTS('',3,(#4107,#4108,#4109,#4110,#4111,#4112,
#4113,#4114,#4115,#4116,#4117,#4118,#4119),.UNSPECIFIED.,.F.,.F.,(4,3,3,
3,4),(-3.78585418776583,-2.97795703440904,-1.98530468960603,-0.992652344803014,
0.),.UNSPECIFIED.);
#439=B_SPLINE_CURVE_WITH_KNOTS('',3,(#4122,#4123,#4124,#4125,#4126,#4127,
#4128,#4129,#4130,#4131,#4132,#4133,#4134,#4135,#4136,#4137,#4138,#4139,
#4140,#4141,#4142,#4143),.UNSPECIFIED.,.F.,.F.,(4,3,3,3,3,3,3,4),(1.71222659983712,
1.98530468960603,2.97795703440904,3.97060937921206,4.96326172401507,5.95591406881809,
6.9485664136211,7.35115037284066),.UNSPECIFIED.);
#440=B_SPLINE_CURVE_WITH_KNOTS('',3,(#4149,#4150,#4151,#4152,#4153,#4154,
#4155,#4156),.UNSPECIFIED.,.F.,.F.,(4,1,1,1,1,4),(109.955742875643,110.194691215681,
111.187343560484,112.179995905288,113.172648250091,114.165300594894),
 .UNSPECIFIED.);
#441=B_SPLINE_CURVE_WITH_KNOTS('',3,(#4159,#4160,#4161,#4162,#4163,#4164,
#4165,#4166,#4167),.UNSPECIFIED.,.F.,.F.,(4,1,1,1,1,1,4),(109.955742875643,
110.92727564818,111.919927992983,112.912580337786,113.905232682589,114.897885027392,
115.170963117161),.UNSPECIFIED.);
#442=B_SPLINE_CURVE_WITH_KNOTS('',3,(#4172,#4173,#4174,#4175,#4176,#4177,
#4178,#4179,#4180,#4181),.UNSPECIFIED.,.F.,.F.,(4,1,1,1,1,1,1,4),(103.672557568463,
104.238777146863,105.231429491666,106.224081836469,107.216734181272,108.209386526075,
109.202038870878,109.955742875643),.UNSPECIFIED.);
#443=B_SPLINE_CURVE_WITH_KNOTS('',3,(#4182,#4183,#4184,#4185,#4186,#4187,
#4188,#4189,#4190,#4191,#4192),.UNSPECIFIED.,.F.,.F.,(4,1,1,1,1,1,1,1,4),
(103.672557568463,103.978709234559,104.971361579362,105.964013924165,106.956666268968,
107.949318613771,108.941970958574,109.934623303377,109.955742875643),
 .UNSPECIFIED.);
#444=B_SPLINE_CURVE_WITH_KNOTS('',3,(#4197,#4198,#4199,#4200,#4201,#4202,
#4203,#4204,#4205,#4206),.UNSPECIFIED.,.F.,.F.,(4,1,1,1,1,1,1,4),(97.3893722612836,
98.2828630780453,99.2755154228483,100.268167767651,101.260820112454,102.253472457257,
103.24612480206,103.672557568463),.UNSPECIFIED.);
#445=B_SPLINE_CURVE_WITH_KNOTS('',3,(#4207,#4208,#4209,#4210,#4211,#4212,
#4213,#4214,#4215,#4216),.UNSPECIFIED.,.F.,.F.,(4,1,1,1,1,1,1,4),(97.3893722612836,
98.0227951657409,99.015447510544,100.008099855347,101.00075220015,101.993404544953,
102.986056889756,103.672557568463),.UNSPECIFIED.);
#446=B_SPLINE_CURVE_WITH_KNOTS('',3,(#4221,#4222,#4223,#4224,#4225,#4226,
#4227,#4228,#4229,#4230,#4231),.UNSPECIFIED.,.F.,.F.,(4,1,1,1,1,1,1,1,4),
(91.106186954104,91.3342966644242,92.3269490092272,93.3196013540302,94.3122536988332,
95.3049060436363,96.2975583884393,97.2902107332423,97.3893722612836),
 .UNSPECIFIED.);
#447=B_SPLINE_CURVE_WITH_KNOTS('',3,(#4232,#4233,#4234,#4235,#4236,#4237,
#4238,#4239,#4240,#4241),.UNSPECIFIED.,.F.,.F.,(4,1,1,1,1,1,1,4),(91.106186954104,
92.0668810969229,93.0595334417259,94.0521857865289,95.0448381313319,96.0374904761349,
97.0301428209379,97.3893722612836),.UNSPECIFIED.);
#448=B_SPLINE_CURVE_WITH_KNOTS('',3,(#4246,#4247,#4248,#4249,#4250,#4251,
#4252,#4253,#4254,#4255),.UNSPECIFIED.,.F.,.F.,(4,1,1,1,1,1,1,4),(84.8230016469244,
85.3783825956061,86.3710349404091,87.3636872852122,88.3563396300152,89.3489919748182,
90.3416443196212,91.106186954104),.UNSPECIFIED.);
#449=B_SPLINE_CURVE_WITH_KNOTS('',3,(#4256,#4257,#4258,#4259,#4260,#4261,
#4262,#4263,#4264,#4265,#4266),.UNSPECIFIED.,.F.,.F.,(4,1,1,1,1,1,1,1,4),
(84.8230016469244,85.1183146833017,86.1109670281048,87.1036193729078,88.0962717177108,
89.0889240625138,90.0815764073168,91.0742287521198,91.106186954104),
 .UNSPECIFIED.);
#450=B_SPLINE_CURVE_WITH_KNOTS('',3,(#4271,#4272,#4273,#4274,#4275,#4276,
#4277,#4278,#4279,#4280),.UNSPECIFIED.,.F.,.F.,(4,1,1,1,1,1,1,4),(78.5398163397448,
79.422468526788,80.415120871591,81.4077732163941,82.4004255611971,83.3930779060001,
84.3857302508031,84.8230016469244),.UNSPECIFIED.);
#451=B_SPLINE_CURVE_WITH_KNOTS('',3,(#4281,#4282,#4283,#4284,#4285,#4286,
#4287,#4288,#4289,#4290),.UNSPECIFIED.,.F.,.F.,(4,1,1,1,1,1,1,4),(78.5398163397448,
79.1624006144837,80.1550529592867,81.1477053040897,82.1403576488927,83.1330099936957,
84.1256623384987,84.8230016469244),.UNSPECIFIED.);
#452=B_SPLINE_CURVE_WITH_KNOTS('',3,(#4295,#4296,#4297,#4298,#4299,#4300,
#4301,#4302,#4303,#4304,#4305),.UNSPECIFIED.,.F.,.F.,(4,1,1,1,1,1,1,1,4),
(72.2566310325652,72.4739021131669,73.4665544579699,74.459206802773,75.451859147576,
76.444511492379,77.437163837182,78.429816181985,78.5398163397448),
 .UNSPECIFIED.);
#453=B_SPLINE_CURVE_WITH_KNOTS('',3,(#4306,#4307,#4308,#4309,#4310,#4311,
#4312,#4313,#4314,#4315),.UNSPECIFIED.,.F.,.F.,(4,1,1,1,1,1,1,4),(72.2566310325652,
73.2064865456656,74.1991388904686,75.1917912352716,76.1844435800746,77.1770959248776,
78.1697482696807,78.5398163397448),.UNSPECIFIED.);
#454=B_SPLINE_CURVE_WITH_KNOTS('',3,(#4320,#4321,#4322,#4323,#4324,#4325,
#4326,#4327,#4328,#4329),.UNSPECIFIED.,.F.,.F.,(4,1,1,1,1,1,1,4),(65.9734457253856,
66.5179880443488,67.5106403891519,68.5032927339549,69.4959450787579,70.4885974235609,
71.4812497683639,72.2566310325652),.UNSPECIFIED.);
#455=B_SPLINE_CURVE_WITH_KNOTS('',3,(#4330,#4331,#4332,#4333,#4334,#4335,
#4336,#4337,#4338,#4339,#4340),.UNSPECIFIED.,.F.,.F.,(4,1,1,1,1,1,1,1,4),
(65.9734457253856,66.2579201320445,67.2505724768475,68.2432248216505,69.2358771664535,
70.2285295112565,71.2211818560596,72.2138342008626,72.2566310325652),
 .UNSPECIFIED.);
#456=B_SPLINE_CURVE_WITH_KNOTS('',3,(#4345,#4346,#4347,#4348,#4349,#4350,
#4351,#4352,#4353,#4354),.UNSPECIFIED.,.F.,.F.,(4,1,1,1,1,1,1,4),(59.690260418206,
60.5620739755308,61.5547263203338,62.5473786651368,63.5400310099398,64.5326833547428,
65.5253356995458,65.9734457253856),.UNSPECIFIED.);
#457=B_SPLINE_CURVE_WITH_KNOTS('',3,(#4355,#4356,#4357,#4358,#4359,#4360,
#4361,#4362,#4363,#4364),.UNSPECIFIED.,.F.,.F.,(4,1,1,1,1,1,1,4),(59.690260418206,
60.3020060632264,61.2946584080294,62.2873107528324,63.2799630976354,64.2726154424385,
65.2652677872415,65.9734457253856),.UNSPECIFIED.);
#458=B_SPLINE_CURVE_WITH_KNOTS('',3,(#4369,#4370,#4371,#4372,#4373,#4374,
#4375,#4376,#4377,#4378,#4379),.UNSPECIFIED.,.F.,.F.,(4,1,1,1,1,1,1,1,4),
(53.4070751110264,53.6135075619096,54.6061599067127,55.5988122515157,56.5914645963187,
57.5841169411217,58.5767692859247,59.5694216307277,59.690260418206),
 .UNSPECIFIED.);
#459=B_SPLINE_CURVE_WITH_KNOTS('',3,(#4380,#4381,#4382,#4383,#4384,#4385,
#4386,#4387,#4388,#4389),.UNSPECIFIED.,.F.,.F.,(4,1,1,1,1,1,1,4),(53.4070751110264,
54.3460919944083,55.3387443392113,56.3313966840143,57.3240490288173,58.3167013736204,
59.3093537184234,59.690260418206),.UNSPECIFIED.);
#460=B_SPLINE_CURVE_WITH_KNOTS('',3,(#4394,#4395,#4396,#4397,#4398,#4399,
#4400,#4401,#4402,#4403),.UNSPECIFIED.,.F.,.F.,(4,1,1,1,1,1,1,4),(47.1238898038468,
47.6575934930916,48.6502458378946,49.6428981826976,50.6355505275006,51.6282028723036,
52.6208552171066,53.4070751110264),.UNSPECIFIED.);
#461=B_SPLINE_CURVE_WITH_KNOTS('',3,(#4404,#4405,#4406,#4407,#4408,#4409,
#4410,#4411,#4412,#4413,#4414),.UNSPECIFIED.,.F.,.F.,(4,1,1,1,1,1,1,1,4),
(47.1238898038468,47.3975255807872,48.3901779255902,49.3828302703932,50.3754826151962,
51.3681349599993,52.3607873048023,53.3534396496053,53.4070751110264),
 .UNSPECIFIED.);
#462=B_SPLINE_CURVE_WITH_KNOTS('',3,(#4419,#4420,#4421,#4422,#4423,#4424,
#4425,#4426,#4427,#4428),.UNSPECIFIED.,.F.,.F.,(4,1,1,1,1,1,1,4),(40.8407044966672,
41.7016794242735,42.6943317690765,43.6869841138795,44.6796364586825,45.6722888034855,
46.6649411482885,47.1238898038468),.UNSPECIFIED.);
#463=B_SPLINE_CURVE_WITH_KNOTS('',3,(#4429,#4430,#4431,#4432,#4433,#4434,
#4435,#4436,#4437,#4438),.UNSPECIFIED.,.F.,.F.,(4,1,1,1,1,1,1,4),(40.8407044966672,
41.4416115119691,42.4342638567721,43.4269162015751,44.4195685463782,45.4122208911812,
46.4048732359842,47.1238898038468),.UNSPECIFIED.);
#464=B_SPLINE_CURVE_WITH_KNOTS('',3,(#4443,#4444,#4445,#4446,#4447,#4448,
#4449,#4450,#4451,#4452,#4453),.UNSPECIFIED.,.F.,.F.,(4,1,1,1,1,1,1,1,4),
(34.5575191894876,34.7531130106524,35.7457653554554,36.7384177002584,37.7310700450614,
38.7237223898644,39.7163747346674,40.7090270794705,40.8407044966672),
 .UNSPECIFIED.);
#465=B_SPLINE_CURVE_WITH_KNOTS('',3,(#4454,#4455,#4456,#4457,#4458,#4459,
#4460,#4461,#4462,#4463),.UNSPECIFIED.,.F.,.F.,(4,1,1,1,1,1,1,4),(34.5575191894876,
35.485697443151,36.478349787954,37.4710021327571,38.4636544775601,39.4563068223631,
40.4489591671661,40.8407044966672),.UNSPECIFIED.);
#466=B_SPLINE_CURVE_WITH_KNOTS('',3,(#4468,#4469,#4470,#4471,#4472,#4473,
#4474,#4475,#4476,#4477),.UNSPECIFIED.,.F.,.F.,(4,1,1,1,1,1,1,4),(28.274333882308,
28.7971989418343,29.7898512866373,30.7825036314403,31.7751559762433,32.7678083210463,
33.7604606658494,34.5575191894876),.UNSPECIFIED.);
#467=B_SPLINE_CURVE_WITH_KNOTS('',3,(#4478,#4479,#4480,#4481,#4482,#4483,
#4484,#4485,#4486,#4487,#4488),.UNSPECIFIED.,.F.,.F.,(4,1,1,1,1,1,1,1,4),
(28.2743338823081,28.5371310295299,29.5297833743329,30.522435719136,31.515088063939,
32.507740408742,33.500392753545,34.493045098348,34.5575191894876),
 .UNSPECIFIED.);
#468=B_SPLINE_CURVE_WITH_KNOTS('',3,(#4493,#4494,#4495,#4496,#4497,#4498,
#4499,#4500,#4501,#4502),.UNSPECIFIED.,.F.,.F.,(4,1,1,1,1,1,1,4),(21.9911485751285,
22.8412848730162,23.8339372178192,24.8265895626222,25.8192419074252,26.8118942522283,
27.8045465970313,28.274333882308),.UNSPECIFIED.);
#469=B_SPLINE_CURVE_WITH_KNOTS('',3,(#4503,#4504,#4505,#4506,#4507,#4508,
#4509,#4510,#4511,#4512),.UNSPECIFIED.,.F.,.F.,(4,1,1,1,1,1,1,4),(21.9911485751285,
22.5812169607118,23.5738693055149,24.5665216503179,25.5591739951209,26.5518263399239,
27.5444786847269,28.2743338823081),.UNSPECIFIED.);
#470=B_SPLINE_CURVE_WITH_KNOTS('',3,(#4518,#4519,#4520,#4521,#4522),
 .UNSPECIFIED.,.F.,.F.,(4,1,4),(14.6399982022877,15.6326505470907,15.7079632679489),
 .UNSPECIFIED.);
#471=B_SPLINE_CURVE_WITH_KNOTS('',3,(#4525,#4526,#4527,#4528,#4529,#4530),
 .UNSPECIFIED.,.F.,.F.,(4,1,1,4),(13.6343356800202,13.9074137697891,14.9000661145921,
15.7079632679489),.UNSPECIFIED.);
#472=B_SPLINE_CURVE_WITH_KNOTS('',3,(#4536,#4537,#4538,#4539),
 .UNSPECIFIED.,.F.,.F.,(4,4),(101.598929980535,102.24319151471),
 .UNSPECIFIED.);
#473=B_SPLINE_CURVE_WITH_KNOTS('',3,(#4542,#4543,#4544,#4545,#4546,#4547,
#4548,#4549,#4550,#4551,#4552,#4553,#4554),.UNSPECIFIED.,.F.,.F.,(4,3,3,
3,4),(-100.530964914873,-100.257886825104,-99.2652344803014,-98.2725821354984,
-98.0336337954597),.UNSPECIFIED.);
#474=B_SPLINE_CURVE_WITH_KNOTS('',3,(#4559,#4560,#4561,#4562,#4563,#4564,
#4565,#4566,#4567,#4568,#4569,#4570,#4571,#4572,#4573,#4574,#4575,#4576,
#4577,#4578,#4579,#4580),.UNSPECIFIED.,.F.,.F.,(4,3,3,3,3,3,3,4),(95.3157446733549,
96.2872774458924,97.2799297906954,98.2725821354984,99.2652344803014,100.257886825104,
101.250539169907,101.598929980535),.UNSPECIFIED.);
#475=B_SPLINE_CURVE_WITH_KNOTS('',3,(#4581,#4582,#4583,#4584,#4585,#4586,
#4587,#4588,#4589,#4590,#4591,#4592,#4593,#4594,#4595,#4596,#4597,#4598,
#4599,#4600,#4601,#4602),.UNSPECIFIED.,.F.,.F.,(4,3,3,3,3,3,3,4),(-98.0336337954597,
-97.2799297906954,-96.2872774458924,-95.2946251010894,-94.3019727562864,
-93.3093204114833,-92.3166680666804,-91.7504484882801),.UNSPECIFIED.);
#476=B_SPLINE_CURVE_WITH_KNOTS('',3,(#4607,#4608,#4609,#4610,#4611,#4612,
#4613,#4614,#4615,#4616,#4617,#4618,#4619,#4620,#4621,#4622,#4623,#4624,
#4625,#4626,#4627,#4628,#4629,#4630,#4631),.UNSPECIFIED.,.F.,.F.,(4,3,3,
3,3,3,3,3,4),(89.0325593661753,89.3387110322713,90.3313633770743,91.3240157218773,
92.3166680666803,93.3093204114833,94.3019727562863,95.2946251010894,95.3157446733549),
 .UNSPECIFIED.);
#477=B_SPLINE_CURVE_WITH_KNOTS('',3,(#4632,#4633,#4634,#4635,#4636,#4637,
#4638,#4639,#4640,#4641,#4642,#4643,#4644,#4645,#4646,#4647,#4648,#4649,
#4650,#4651,#4652,#4653),.UNSPECIFIED.,.F.,.F.,(4,3,3,3,3,3,3,4),(-91.7504484882801,
-91.3240157218773,-90.3313633770743,-89.3387110322713,-88.3460586874683,
-87.3534063426653,-86.3607539978623,-85.4672631811005),.UNSPECIFIED.);
#478=B_SPLINE_CURVE_WITH_KNOTS('',3,(#4658,#4659,#4660,#4661,#4662,#4663,
#4664,#4665,#4666,#4667,#4668,#4669,#4670,#4671,#4672,#4673,#4674,#4675,
#4676,#4677,#4678,#4679),.UNSPECIFIED.,.F.,.F.,(4,3,3,3,3,3,3,4),(82.7493740589957,
83.3827969634532,84.3754493082562,85.3681016530592,86.3607539978623,87.3534063426653,
88.3460586874683,89.0325593661753),.UNSPECIFIED.);
#479=B_SPLINE_CURVE_WITH_KNOTS('',3,(#4680,#4681,#4682,#4683,#4684,#4685,
#4686,#4687,#4688,#4689,#4690,#4691,#4692,#4693,#4694,#4695,#4696,#4697,
#4698,#4699,#4700,#4701,#4702,#4703,#4704),.UNSPECIFIED.,.F.,.F.,(4,3,3,
3,3,3,3,3,4),(-85.4672631811005,-85.3681016530592,-84.3754493082562,-83.3827969634532,
-82.3901446186502,-81.3974922738472,-80.4048399290442,-79.4121875842412,
-79.1840778739209),.UNSPECIFIED.);
#480=B_SPLINE_CURVE_WITH_KNOTS('',3,(#4709,#4710,#4711,#4712,#4713,#4714,
#4715,#4716,#4717,#4718,#4719,#4720,#4721,#4722,#4723,#4724,#4725,#4726,
#4727,#4728,#4729,#4730),.UNSPECIFIED.,.F.,.F.,(4,3,3,3,3,3,3,4),(76.4661887518161,
77.4268828946351,78.4195352394381,79.4121875842412,80.4048399290442,81.3974922738472,
82.3901446186502,82.7493740589957),.UNSPECIFIED.);
#481=B_SPLINE_CURVE_WITH_KNOTS('',3,(#4731,#4732,#4733,#4734,#4735,#4736,
#4737,#4738,#4739,#4740,#4741,#4742,#4743,#4744,#4745,#4746,#4747,#4748,
#4749,#4750,#4751,#4752),.UNSPECIFIED.,.F.,.F.,(4,3,3,3,3,3,3,4),(-79.1840778739209,
-78.4195352394381,-77.4268828946351,-76.4342305498321,-75.4415782050291,
-74.4489258602261,-73.456273515423,-72.9008925667413),.UNSPECIFIED.);
#482=B_SPLINE_CURVE_WITH_KNOTS('',3,(#4757,#4758,#4759,#4760,#4761,#4762,
#4763,#4764,#4765,#4766,#4767,#4768,#4769,#4770,#4771,#4772,#4773,#4774,
#4775,#4776,#4777,#4778,#4779,#4780,#4781),.UNSPECIFIED.,.F.,.F.,(4,3,3,
3,3,3,3,3,4),(70.1830034446366,70.478316481014,71.470968825817,72.46362117062,
73.4562735154231,74.4489258602261,75.4415782050291,76.4342305498321,76.4661887518161),
 .UNSPECIFIED.);
#483=B_SPLINE_CURVE_WITH_KNOTS('',3,(#4782,#4783,#4784,#4785,#4786,#4787,
#4788,#4789,#4790,#4791,#4792,#4793,#4794,#4795,#4796,#4797,#4798,#4799,
#4800,#4801,#4802,#4803),.UNSPECIFIED.,.F.,.F.,(4,3,3,3,3,3,3,4),(-72.9008925667413,
-72.46362117062,-71.470968825817,-70.478316481014,-69.485664136211,-68.493011791408,
-67.500359446605,-66.6177072595617),.UNSPECIFIED.);
#484=B_SPLINE_CURVE_WITH_KNOTS('',3,(#4808,#4809,#4810,#4811,#4812,#4813,
#4814,#4815,#4816,#4817,#4818,#4819,#4820,#4821,#4822,#4823,#4824,#4825,
#4826,#4827,#4828,#4829),.UNSPECIFIED.,.F.,.F.,(4,3,3,3,3,3,3,4),(63.899818137457,
64.5224024121959,65.5150547569989,66.5077071018019,67.500359446605,68.493011791408,
69.485664136211,70.1830034446366),.UNSPECIFIED.);
#485=B_SPLINE_CURVE_WITH_KNOTS('',3,(#4830,#4831,#4832,#4833,#4834,#4835,
#4836,#4837,#4838,#4839,#4840,#4841,#4842,#4843,#4844,#4845,#4846,#4847,
#4848,#4849,#4850,#4851,#4852,#4853,#4854),.UNSPECIFIED.,.F.,.F.,(4,3,3,
3,3,3,3,3,4),(-66.6177072595617,-66.507707101802,-65.515054756999,-64.5224024121959,
-63.5297500673929,-62.5370977225899,-61.5444453777869,-60.5517930329839,
-60.3345219523821),.UNSPECIFIED.);
#486=B_SPLINE_CURVE_WITH_KNOTS('',3,(#4859,#4860,#4861,#4862,#4863,#4864,
#4865,#4866,#4867,#4868,#4869,#4870,#4871,#4872,#4873,#4874,#4875,#4876,
#4877,#4878,#4879,#4880),.UNSPECIFIED.,.F.,.F.,(4,3,3,3,3,3,3,4),(57.6166328302774,
58.5664883433779,59.5591406881809,60.5517930329839,61.5444453777869,62.5370977225899,
63.5297500673929,63.899818137457),.UNSPECIFIED.);
#487=B_SPLINE_CURVE_WITH_KNOTS('',3,(#4881,#4882,#4883,#4884,#4885,#4886,
#4887,#4888,#4889,#4890,#4891,#4892,#4893,#4894,#4895,#4896,#4897,#4898,
#4899,#4900,#4901,#4902),.UNSPECIFIED.,.F.,.F.,(4,3,3,3,3,3,3,4),(-60.3345219523821,
-59.5591406881809,-58.5664883433779,-57.5738359985748,-56.5811836537718,
-55.5885313089688,-54.5958789641658,-54.0513366452025),.UNSPECIFIED.);
#488=B_SPLINE_CURVE_WITH_KNOTS('',3,(#4907,#4908,#4909,#4910,#4911,#4912,
#4913,#4914,#4915,#4916,#4917,#4918,#4919,#4920,#4921,#4922,#4923,#4924,
#4925,#4926,#4927,#4928,#4929,#4930,#4931),.UNSPECIFIED.,.F.,.F.,(4,3,3,
3,3,3,3,3,4),(51.3334475230978,51.6179219297567,52.6105742745598,53.6032266193628,
54.5958789641658,55.5885313089688,56.5811836537718,57.5738359985748,57.6166328302774),
 .UNSPECIFIED.);
#489=B_SPLINE_CURVE_WITH_KNOTS('',3,(#4932,#4933,#4934,#4935,#4936,#4937,
#4938,#4939,#4940,#4941,#4942,#4943,#4944,#4945,#4946,#4947,#4948,#4949,
#4950,#4951,#4952,#4953),.UNSPECIFIED.,.F.,.F.,(4,3,3,3,3,3,3,4),(-54.0513366452025,
-53.6032266193628,-52.6105742745598,-51.6179219297567,-50.6252695849537,
-49.6326172401507,-48.6399648953477,-47.7681513380229),.UNSPECIFIED.);
#490=B_SPLINE_CURVE_WITH_KNOTS('',3,(#4958,#4959,#4960,#4961,#4962,#4963,
#4964,#4965,#4966,#4967,#4968,#4969,#4970,#4971,#4972,#4973,#4974,#4975,
#4976,#4977,#4978,#4979),.UNSPECIFIED.,.F.,.F.,(4,3,3,3,3,3,3,4),(45.0502622159182,
45.6620078609387,46.6546602057417,47.6473125505447,48.6399648953477,49.6326172401507,
50.6252695849537,51.3334475230978),.UNSPECIFIED.);
#491=B_SPLINE_CURVE_WITH_KNOTS('',3,(#4980,#4981,#4982,#4983,#4984,#4985,
#4986,#4987,#4988,#4989,#4990,#4991,#4992,#4993,#4994,#4995,#4996,#4997,
#4998,#4999,#5000,#5001,#5002,#5003,#5004),.UNSPECIFIED.,.F.,.F.,(4,3,3,
3,3,3,3,3,4),(-47.7681513380229,-47.6473125505447,-46.6546602057417,-45.6620078609387,
-44.6693555161356,-43.6767031713326,-42.6840508265296,-41.6913984817266,
-41.4849660308433),.UNSPECIFIED.);
#492=B_SPLINE_CURVE_WITH_KNOTS('',3,(#5009,#5010,#5011,#5012,#5013,#5014,
#5015,#5016,#5017,#5018,#5019,#5020,#5021,#5022,#5023,#5024,#5025,#5026,
#5027,#5028,#5029,#5030),.UNSPECIFIED.,.F.,.F.,(4,3,3,3,3,3,3,4),(38.7670769087386,
39.7060937921206,40.6987461369236,41.6913984817266,42.6840508265296,43.6767031713326,
44.6693555161356,45.0502622159182),.UNSPECIFIED.);
#493=B_SPLINE_CURVE_WITH_KNOTS('',3,(#5031,#5032,#5033,#5034,#5035,#5036,
#5037,#5038,#5039,#5040,#5041,#5042,#5043,#5044,#5045,#5046,#5047,#5048,
#5049,#5050,#5051,#5052),.UNSPECIFIED.,.F.,.F.,(4,3,3,3,3,3,3,4),(-41.4849660308433,
-40.6987461369236,-39.7060937921206,-38.7134414473176,-37.7207891025145,
-36.7281367577115,-35.7354844129085,-35.2017807236637),.UNSPECIFIED.);
#494=B_SPLINE_CURVE_WITH_KNOTS('',3,(#5057,#5058,#5059,#5060,#5061,#5062,
#5063,#5064,#5065,#5066,#5067,#5068,#5069,#5070,#5071,#5072,#5073,#5074,
#5075,#5076,#5077,#5078,#5079,#5080,#5081),.UNSPECIFIED.,.F.,.F.,(4,3,3,
3,3,3,3,3,4),(32.483891601559,32.7575273784995,33.7501797233025,34.7428320681055,
35.7354844129085,36.7281367577115,37.7207891025145,38.7134414473176,38.7670769087386),
 .UNSPECIFIED.);
#495=B_SPLINE_CURVE_WITH_KNOTS('',3,(#5082,#5083,#5084,#5085,#5086,#5087,
#5088,#5089,#5090,#5091,#5092,#5093,#5094,#5095,#5096,#5097,#5098,#5099,
#5100,#5101,#5102,#5103),.UNSPECIFIED.,.F.,.F.,(4,3,3,3,3,3,3,4),(-35.2017807236637,
-34.7428320681055,-33.7501797233025,-32.7575273784995,-31.7648750336965,
-30.7722226888934,-29.7795703440904,-28.9185954164842),.UNSPECIFIED.);
#496=B_SPLINE_CURVE_WITH_KNOTS('',3,(#5108,#5109,#5110,#5111,#5112,#5113,
#5114,#5115,#5116,#5117,#5118,#5119,#5120,#5121,#5122,#5123,#5124,#5125,
#5126,#5127,#5128,#5129),.UNSPECIFIED.,.F.,.F.,(4,3,3,3,3,3,3,4),(26.2007062943794,
26.8016133096814,27.7942656544844,28.7869179992874,29.7795703440904,30.7722226888934,
31.7648750336965,32.483891601559),.UNSPECIFIED.);
#497=B_SPLINE_CURVE_WITH_KNOTS('',3,(#5130,#5131,#5132,#5133,#5134,#5135,
#5136,#5137,#5138,#5139,#5140,#5141,#5142,#5143,#5144,#5145,#5146,#5147,
#5148,#5149,#5150,#5151,#5152,#5153,#5154),.UNSPECIFIED.,.F.,.F.,(4,3,3,
3,3,3,3,3,4),(-28.9185954164842,-28.7869179992874,-27.7942656544844,-26.8016133096814,
-25.8089609648784,-24.8163086200754,-23.8236562752723,-22.8310039304693,
-22.6354101093046),.UNSPECIFIED.);
#498=B_SPLINE_CURVE_WITH_KNOTS('',3,(#5159,#5160,#5161,#5162,#5163,#5164,
#5165,#5166,#5167,#5168,#5169,#5170,#5171,#5172,#5173,#5174,#5175,#5176,
#5177,#5178,#5179,#5180),.UNSPECIFIED.,.F.,.F.,(4,3,3,3,3,3,3,4),(19.9175209871998,
20.8456992408633,21.8383515856663,22.8310039304693,23.8236562752724,24.8163086200754,
25.8089609648784,26.2007062943794),.UNSPECIFIED.);
#499=B_SPLINE_CURVE_WITH_KNOTS('',3,(#5181,#5182,#5183,#5184,#5185,#5186,
#5187,#5188,#5189,#5190,#5191,#5192,#5193,#5194,#5195,#5196,#5197,#5198,
#5199,#5200,#5201,#5202),.UNSPECIFIED.,.F.,.F.,(4,3,3,3,3,3,3,4),(-22.6354101093046,
-21.8383515856663,-20.8456992408633,-19.8530468960603,-18.8603945512573,
-17.8677422064543,-16.8750898616512,-16.352224802125),.UNSPECIFIED.);
#500=B_SPLINE_CURVE_WITH_KNOTS('',3,(#5207,#5208,#5209,#5210,#5211,#5212,
#5213,#5214,#5215,#5216,#5217,#5218,#5219,#5220,#5221,#5222,#5223,#5224,
#5225,#5226,#5227,#5228,#5229,#5230,#5231),.UNSPECIFIED.,.F.,.F.,(4,3,3,
3,3,3,3,3,4),(13.6343356800202,13.8971328272422,14.8897851720452,15.8824375168482,
16.8750898616512,17.8677422064543,18.8603945512573,19.8530468960603,19.9175209871998),
 .UNSPECIFIED.);
#501=B_SPLINE_CURVE_WITH_KNOTS('',3,(#5232,#5233,#5234,#5235,#5236,#5237,
#5238,#5239,#5240,#5241,#5242,#5243,#5244,#5245,#5246,#5247,#5248,#5249,
#5250,#5251,#5252,#5253),.UNSPECIFIED.,.F.,.F.,(4,3,3,3,3,3,3,4),(-16.352224802125,
-15.8824375168482,-14.8897851720452,-13.8971328272422,-12.9044804824392,
-11.9118281376362,-10.9191757928332,-10.0690394949454),.UNSPECIFIED.);
#502=B_SPLINE_CURVE_WITH_KNOTS('',3,(#5259,#5260,#5261,#5262,#5263,#5264,
#5265,#5266,#5267,#5268,#5269,#5270,#5271),.UNSPECIFIED.,.F.,.F.,(4,3,3,
3,4),(-3.78585418776581,-2.97795703440904,-1.98530468960603,-0.992652344803012,
0.),.UNSPECIFIED.);
#503=B_SPLINE_CURVE_WITH_KNOTS('',3,(#5274,#5275,#5276,#5277,#5278,#5279,
#5280,#5281,#5282,#5283,#5284,#5285,#5286,#5287,#5288,#5289,#5290,#5291,
#5292,#5293,#5294,#5295),.UNSPECIFIED.,.F.,.F.,(4,3,3,3,3,3,3,4),(1.7122265998371,
1.98530468960603,2.97795703440905,3.97060937921206,4.96326172401507,5.95591406881809,
6.9485664136211,7.35115037284066),.UNSPECIFIED.);
#504=B_SPLINE_CURVE_WITH_KNOTS('',3,(#5301,#5302,#5303,#5304,#5305,#5306,
#5307,#5308),.UNSPECIFIED.,.F.,.F.,(4,1,1,1,1,4),(109.955742875643,110.194691215682,
111.187343560484,112.179995905288,113.172648250091,114.165300594894),
 .UNSPECIFIED.);
#505=B_SPLINE_CURVE_WITH_KNOTS('',3,(#5311,#5312,#5313,#5314,#5315,#5316,
#5317,#5318,#5319),.UNSPECIFIED.,.F.,.F.,(4,1,1,1,1,1,4),(109.955742875643,
110.92727564818,111.919927992983,112.912580337786,113.905232682589,114.897885027392,
115.170963117161),.UNSPECIFIED.);
#506=B_SPLINE_CURVE_WITH_KNOTS('',3,(#5324,#5325,#5326,#5327,#5328,#5329,
#5330,#5331,#5332,#5333),.UNSPECIFIED.,.F.,.F.,(4,1,1,1,1,1,1,4),(103.672557568463,
104.238777146863,105.231429491666,106.224081836469,107.216734181272,108.209386526075,
109.202038870878,109.955742875643),.UNSPECIFIED.);
#507=B_SPLINE_CURVE_WITH_KNOTS('',3,(#5334,#5335,#5336,#5337,#5338,#5339,
#5340,#5341,#5342,#5343,#5344),.UNSPECIFIED.,.F.,.F.,(4,1,1,1,1,1,1,1,4),
(103.672557568463,103.978709234559,104.971361579362,105.964013924165,106.956666268968,
107.949318613771,108.941970958574,109.934623303377,109.955742875643),
 .UNSPECIFIED.);
#508=B_SPLINE_CURVE_WITH_KNOTS('',3,(#5349,#5350,#5351,#5352,#5353,#5354,
#5355,#5356,#5357,#5358),.UNSPECIFIED.,.F.,.F.,(4,1,1,1,1,1,1,4),(97.3893722612836,
98.2828630780453,99.2755154228483,100.268167767651,101.260820112454,102.253472457257,
103.24612480206,103.672557568463),.UNSPECIFIED.);
#509=B_SPLINE_CURVE_WITH_KNOTS('',3,(#5359,#5360,#5361,#5362,#5363,#5364,
#5365,#5366,#5367,#5368),.UNSPECIFIED.,.F.,.F.,(4,1,1,1,1,1,1,4),(97.3893722612836,
98.0227951657409,99.015447510544,100.008099855347,101.00075220015,101.993404544953,
102.986056889756,103.672557568463),.UNSPECIFIED.);
#510=B_SPLINE_CURVE_WITH_KNOTS('',3,(#5373,#5374,#5375,#5376,#5377,#5378,
#5379,#5380,#5381,#5382,#5383),.UNSPECIFIED.,.F.,.F.,(4,1,1,1,1,1,1,1,4),
(91.106186954104,91.3342966644242,92.3269490092272,93.3196013540303,94.3122536988333,
95.3049060436363,96.2975583884393,97.2902107332423,97.3893722612836),
 .UNSPECIFIED.);
#511=B_SPLINE_CURVE_WITH_KNOTS('',3,(#5384,#5385,#5386,#5387,#5388,#5389,
#5390,#5391,#5392,#5393),.UNSPECIFIED.,.F.,.F.,(4,1,1,1,1,1,1,4),(91.106186954104,
92.0668810969229,93.0595334417259,94.0521857865289,95.0448381313319,96.0374904761349,
97.030142820938,97.3893722612836),.UNSPECIFIED.);
#512=B_SPLINE_CURVE_WITH_KNOTS('',3,(#5398,#5399,#5400,#5401,#5402,#5403,
#5404,#5405,#5406,#5407),.UNSPECIFIED.,.F.,.F.,(4,1,1,1,1,1,1,4),(84.8230016469244,
85.3783825956061,86.3710349404091,87.3636872852122,88.3563396300152,89.3489919748182,
90.3416443196212,91.106186954104),.UNSPECIFIED.);
#513=B_SPLINE_CURVE_WITH_KNOTS('',3,(#5408,#5409,#5410,#5411,#5412,#5413,
#5414,#5415,#5416,#5417,#5418),.UNSPECIFIED.,.F.,.F.,(4,1,1,1,1,1,1,1,4),
(84.8230016469244,85.1183146833018,86.1109670281048,87.1036193729078,88.0962717177108,
89.0889240625138,90.0815764073168,91.0742287521199,91.106186954104),
 .UNSPECIFIED.);
#514=B_SPLINE_CURVE_WITH_KNOTS('',3,(#5423,#5424,#5425,#5426,#5427,#5428,
#5429,#5430,#5431,#5432),.UNSPECIFIED.,.F.,.F.,(4,1,1,1,1,1,1,4),(78.5398163397448,
79.422468526788,80.4151208715911,81.4077732163941,82.4004255611971,83.3930779060001,
84.3857302508031,84.8230016469244),.UNSPECIFIED.);
#515=B_SPLINE_CURVE_WITH_KNOTS('',3,(#5433,#5434,#5435,#5436,#5437,#5438,
#5439,#5440,#5441,#5442),.UNSPECIFIED.,.F.,.F.,(4,1,1,1,1,1,1,4),(78.5398163397448,
79.1624006144837,80.1550529592867,81.1477053040897,82.1403576488927,83.1330099936957,
84.1256623384988,84.8230016469244),.UNSPECIFIED.);
#516=B_SPLINE_CURVE_WITH_KNOTS('',3,(#5447,#5448,#5449,#5450,#5451,#5452,
#5453,#5454,#5455,#5456,#5457),.UNSPECIFIED.,.F.,.F.,(4,1,1,1,1,1,1,1,4),
(72.2566310325652,72.4739021131669,73.4665544579699,74.459206802773,75.451859147576,
76.444511492379,77.437163837182,78.429816181985,78.5398163397448),
 .UNSPECIFIED.);
#517=B_SPLINE_CURVE_WITH_KNOTS('',3,(#5458,#5459,#5460,#5461,#5462,#5463,
#5464,#5465,#5466,#5467),.UNSPECIFIED.,.F.,.F.,(4,1,1,1,1,1,1,4),(72.2566310325652,
73.2064865456656,74.1991388904686,75.1917912352716,76.1844435800746,77.1770959248776,
78.1697482696807,78.5398163397448),.UNSPECIFIED.);
#518=B_SPLINE_CURVE_WITH_KNOTS('',3,(#5472,#5473,#5474,#5475,#5476,#5477,
#5478,#5479,#5480,#5481),.UNSPECIFIED.,.F.,.F.,(4,1,1,1,1,1,1,4),(65.9734457253856,
66.5179880443489,67.5106403891519,68.5032927339549,69.4959450787579,70.4885974235609,
71.4812497683639,72.2566310325652),.UNSPECIFIED.);
#519=B_SPLINE_CURVE_WITH_KNOTS('',3,(#5482,#5483,#5484,#5485,#5486,#5487,
#5488,#5489,#5490,#5491,#5492),.UNSPECIFIED.,.F.,.F.,(4,1,1,1,1,1,1,1,4),
(65.9734457253856,66.2579201320445,67.2505724768475,68.2432248216505,69.2358771664535,
70.2285295112566,71.2211818560596,72.2138342008626,72.2566310325652),
 .UNSPECIFIED.);
#520=B_SPLINE_CURVE_WITH_KNOTS('',3,(#5497,#5498,#5499,#5500,#5501,#5502,
#5503,#5504,#5505,#5506),.UNSPECIFIED.,.F.,.F.,(4,1,1,1,1,1,1,4),(59.690260418206,
60.5620739755308,61.5547263203338,62.5473786651368,63.5400310099398,64.5326833547428,
65.5253356995458,65.9734457253856),.UNSPECIFIED.);
#521=B_SPLINE_CURVE_WITH_KNOTS('',3,(#5507,#5508,#5509,#5510,#5511,#5512,
#5513,#5514,#5515,#5516),.UNSPECIFIED.,.F.,.F.,(4,1,1,1,1,1,1,4),(59.690260418206,
60.3020060632264,61.2946584080294,62.2873107528324,63.2799630976355,64.2726154424385,
65.2652677872415,65.9734457253856),.UNSPECIFIED.);
#522=B_SPLINE_CURVE_WITH_KNOTS('',3,(#5521,#5522,#5523,#5524,#5525,#5526,
#5527,#5528,#5529,#5530,#5531),.UNSPECIFIED.,.F.,.F.,(4,1,1,1,1,1,1,1,4),
(53.4070751110264,53.6135075619097,54.6061599067127,55.5988122515157,56.5914645963187,
57.5841169411217,58.5767692859247,59.5694216307278,59.690260418206),
 .UNSPECIFIED.);
#523=B_SPLINE_CURVE_WITH_KNOTS('',3,(#5532,#5533,#5534,#5535,#5536,#5537,
#5538,#5539,#5540,#5541),.UNSPECIFIED.,.F.,.F.,(4,1,1,1,1,1,1,4),(53.4070751110264,
54.3460919944083,55.3387443392113,56.3313966840144,57.3240490288174,58.3167013736204,
59.3093537184234,59.690260418206),.UNSPECIFIED.);
#524=B_SPLINE_CURVE_WITH_KNOTS('',3,(#5546,#5547,#5548,#5549,#5550,#5551,
#5552,#5553,#5554,#5555),.UNSPECIFIED.,.F.,.F.,(4,1,1,1,1,1,1,4),(47.1238898038468,
47.6575934930916,48.6502458378946,49.6428981826976,50.6355505275006,51.6282028723036,
52.6208552171067,53.4070751110264),.UNSPECIFIED.);
#525=B_SPLINE_CURVE_WITH_KNOTS('',3,(#5556,#5557,#5558,#5559,#5560,#5561,
#5562,#5563,#5564,#5565,#5566),.UNSPECIFIED.,.F.,.F.,(4,1,1,1,1,1,1,1,4),
(47.1238898038468,47.3975255807872,48.3901779255902,49.3828302703932,50.3754826151963,
51.3681349599993,52.3607873048023,53.3534396496053,53.4070751110264),
 .UNSPECIFIED.);
#526=B_SPLINE_CURVE_WITH_KNOTS('',3,(#5571,#5572,#5573,#5574,#5575,#5576,
#5577,#5578,#5579,#5580),.UNSPECIFIED.,.F.,.F.,(4,1,1,1,1,1,1,4),(40.8407044966672,
41.7016794242735,42.6943317690765,43.6869841138795,44.6796364586825,45.6722888034856,
46.6649411482886,47.1238898038468),.UNSPECIFIED.);
#527=B_SPLINE_CURVE_WITH_KNOTS('',3,(#5581,#5582,#5583,#5584,#5585,#5586,
#5587,#5588,#5589,#5590),.UNSPECIFIED.,.F.,.F.,(4,1,1,1,1,1,1,4),(40.8407044966672,
41.4416115119691,42.4342638567721,43.4269162015752,44.4195685463782,45.4122208911812,
46.4048732359842,47.1238898038468),.UNSPECIFIED.);
#528=B_SPLINE_CURVE_WITH_KNOTS('',3,(#5595,#5596,#5597,#5598,#5599,#5600,
#5601,#5602,#5603,#5604,#5605),.UNSPECIFIED.,.F.,.F.,(4,1,1,1,1,1,1,1,4),
(34.5575191894876,34.7531130106524,35.7457653554554,36.7384177002584,37.7310700450614,
38.7237223898645,39.7163747346675,40.7090270794705,40.8407044966672),
 .UNSPECIFIED.);
#529=B_SPLINE_CURVE_WITH_KNOTS('',3,(#5606,#5607,#5608,#5609,#5610,#5611,
#5612,#5613,#5614,#5615),.UNSPECIFIED.,.F.,.F.,(4,1,1,1,1,1,1,4),(34.5575191894876,
35.4856974431511,36.4783497879541,37.4710021327571,38.4636544775601,39.4563068223631,
40.4489591671661,40.8407044966672),.UNSPECIFIED.);
#530=B_SPLINE_CURVE_WITH_KNOTS('',3,(#5620,#5621,#5622,#5623,#5624,#5625,
#5626,#5627,#5628,#5629),.UNSPECIFIED.,.F.,.F.,(4,1,1,1,1,1,1,4),(28.274333882308,
28.7971989418343,29.7898512866373,30.7825036314403,31.7751559762434,32.7678083210464,
33.7604606658494,34.5575191894876),.UNSPECIFIED.);
#531=B_SPLINE_CURVE_WITH_KNOTS('',3,(#5630,#5631,#5632,#5633,#5634,#5635,
#5636,#5637,#5638,#5639,#5640),.UNSPECIFIED.,.F.,.F.,(4,1,1,1,1,1,1,1,4),
(28.274333882308,28.53713102953,29.529783374333,30.522435719136,31.515088063939,
32.507740408742,33.500392753545,34.493045098348,34.5575191894876),
 .UNSPECIFIED.);
#532=B_SPLINE_CURVE_WITH_KNOTS('',3,(#5645,#5646,#5647,#5648,#5649,#5650,
#5651,#5652,#5653,#5654),.UNSPECIFIED.,.F.,.F.,(4,1,1,1,1,1,1,4),(21.9911485751284,
22.8412848730162,23.8339372178192,24.8265895626223,25.8192419074253,26.8118942522283,
27.8045465970313,28.274333882308),.UNSPECIFIED.);
#533=B_SPLINE_CURVE_WITH_KNOTS('',3,(#5655,#5656,#5657,#5658,#5659,#5660,
#5661,#5662,#5663,#5664),.UNSPECIFIED.,.F.,.F.,(4,1,1,1,1,1,1,4),(21.9911485751285,
22.5812169607119,23.5738693055149,24.5665216503179,25.5591739951209,26.5518263399239,
27.5444786847269,28.274333882308),.UNSPECIFIED.);
#534=B_SPLINE_CURVE_WITH_KNOTS('',3,(#5670,#5671,#5672,#5673,#5674),
 .UNSPECIFIED.,.F.,.F.,(4,1,4),(14.6399982022877,15.6326505470908,15.7079632679489),
 .UNSPECIFIED.);
#535=B_SPLINE_CURVE_WITH_KNOTS('',3,(#5677,#5678,#5679,#5680,#5681,#5682),
 .UNSPECIFIED.,.F.,.F.,(4,1,1,4),(13.6343356800202,13.9074137697891,14.9000661145921,
15.7079632679489),.UNSPECIFIED.);
#536=B_SPLINE_CURVE_WITH_KNOTS('',3,(#5688,#5689,#5690,#5691),
 .UNSPECIFIED.,.F.,.F.,(4,4),(101.598929980535,102.24319151471),
 .UNSPECIFIED.);
#537=B_SPLINE_CURVE_WITH_KNOTS('',3,(#5694,#5695,#5696,#5697,#5698,#5699,
#5700,#5701,#5702,#5703,#5704,#5705,#5706),.UNSPECIFIED.,.F.,.F.,(4,3,3,
3,4),(-100.530964914873,-100.257886825104,-99.2652344803014,-98.2725821354984,
-98.0336337954597),.UNSPECIFIED.);
#538=B_SPLINE_CURVE_WITH_KNOTS('',3,(#5711,#5712,#5713,#5714,#5715,#5716,
#5717,#5718,#5719,#5720,#5721,#5722,#5723,#5724,#5725,#5726,#5727,#5728,
#5729,#5730,#5731,#5732),.UNSPECIFIED.,.F.,.F.,(4,3,3,3,3,3,3,4),(95.3157446733549,
96.2872774458924,97.2799297906954,98.2725821354984,99.2652344803014,100.257886825104,
101.250539169907,101.598929980535),.UNSPECIFIED.);
#539=B_SPLINE_CURVE_WITH_KNOTS('',3,(#5733,#5734,#5735,#5736,#5737,#5738,
#5739,#5740,#5741,#5742,#5743,#5744,#5745,#5746,#5747,#5748,#5749,#5750,
#5751,#5752,#5753,#5754),.UNSPECIFIED.,.F.,.F.,(4,3,3,3,3,3,3,4),(-98.0336337954597,
-97.2799297906954,-96.2872774458924,-95.2946251010894,-94.3019727562864,
-93.3093204114833,-92.3166680666804,-91.7504484882801),.UNSPECIFIED.);
#540=B_SPLINE_CURVE_WITH_KNOTS('',3,(#5759,#5760,#5761,#5762,#5763,#5764,
#5765,#5766,#5767,#5768,#5769,#5770,#5771,#5772,#5773,#5774,#5775,#5776,
#5777,#5778,#5779,#5780,#5781,#5782,#5783),.UNSPECIFIED.,.F.,.F.,(4,3,3,
3,3,3,3,3,4),(89.0325593661753,89.3387110322713,90.3313633770743,91.3240157218773,
92.3166680666803,93.3093204114833,94.3019727562863,95.2946251010894,95.3157446733549),
 .UNSPECIFIED.);
#541=B_SPLINE_CURVE_WITH_KNOTS('',3,(#5784,#5785,#5786,#5787,#5788,#5789,
#5790,#5791,#5792,#5793,#5794,#5795,#5796,#5797,#5798,#5799,#5800,#5801,
#5802,#5803,#5804,#5805),.UNSPECIFIED.,.F.,.F.,(4,3,3,3,3,3,3,4),(-91.7504484882801,
-91.3240157218773,-90.3313633770743,-89.3387110322713,-88.3460586874683,
-87.3534063426653,-86.3607539978623,-85.4672631811005),.UNSPECIFIED.);
#542=B_SPLINE_CURVE_WITH_KNOTS('',3,(#5810,#5811,#5812,#5813,#5814,#5815,
#5816,#5817,#5818,#5819,#5820,#5821,#5822,#5823,#5824,#5825,#5826,#5827,
#5828,#5829,#5830,#5831),.UNSPECIFIED.,.F.,.F.,(4,3,3,3,3,3,3,4),(82.7493740589957,
83.3827969634532,84.3754493082562,85.3681016530592,86.3607539978623,87.3534063426653,
88.3460586874683,89.0325593661753),.UNSPECIFIED.);
#543=B_SPLINE_CURVE_WITH_KNOTS('',3,(#5832,#5833,#5834,#5835,#5836,#5837,
#5838,#5839,#5840,#5841,#5842,#5843,#5844,#5845,#5846,#5847,#5848,#5849,
#5850,#5851,#5852,#5853,#5854,#5855,#5856),.UNSPECIFIED.,.F.,.F.,(4,3,3,
3,3,3,3,3,4),(-85.4672631811005,-85.3681016530592,-84.3754493082562,-83.3827969634532,
-82.3901446186502,-81.3974922738472,-80.4048399290442,-79.4121875842412,
-79.1840778739209),.UNSPECIFIED.);
#544=B_SPLINE_CURVE_WITH_KNOTS('',3,(#5861,#5862,#5863,#5864,#5865,#5866,
#5867,#5868,#5869,#5870,#5871,#5872,#5873,#5874,#5875,#5876,#5877,#5878,
#5879,#5880,#5881,#5882),.UNSPECIFIED.,.F.,.F.,(4,3,3,3,3,3,3,4),(76.4661887518161,
77.4268828946351,78.4195352394381,79.4121875842412,80.4048399290442,81.3974922738472,
82.3901446186502,82.7493740589957),.UNSPECIFIED.);
#545=B_SPLINE_CURVE_WITH_KNOTS('',3,(#5883,#5884,#5885,#5886,#5887,#5888,
#5889,#5890,#5891,#5892,#5893,#5894,#5895,#5896,#5897,#5898,#5899,#5900,
#5901,#5902,#5903,#5904),.UNSPECIFIED.,.F.,.F.,(4,3,3,3,3,3,3,4),(-79.1840778739209,
-78.4195352394381,-77.4268828946351,-76.4342305498321,-75.4415782050291,
-74.4489258602261,-73.456273515423,-72.9008925667413),.UNSPECIFIED.);
#546=B_SPLINE_CURVE_WITH_KNOTS('',3,(#5909,#5910,#5911,#5912,#5913,#5914,
#5915,#5916,#5917,#5918,#5919,#5920,#5921,#5922,#5923,#5924,#5925,#5926,
#5927,#5928,#5929,#5930,#5931,#5932,#5933),.UNSPECIFIED.,.F.,.F.,(4,3,3,
3,3,3,3,3,4),(70.1830034446366,70.478316481014,71.470968825817,72.46362117062,
73.4562735154231,74.4489258602261,75.4415782050291,76.4342305498321,76.4661887518161),
 .UNSPECIFIED.);
#547=B_SPLINE_CURVE_WITH_KNOTS('',3,(#5934,#5935,#5936,#5937,#5938,#5939,
#5940,#5941,#5942,#5943,#5944,#5945,#5946,#5947,#5948,#5949,#5950,#5951,
#5952,#5953,#5954,#5955),.UNSPECIFIED.,.F.,.F.,(4,3,3,3,3,3,3,4),(-72.9008925667413,
-72.46362117062,-71.470968825817,-70.478316481014,-69.485664136211,-68.493011791408,
-67.500359446605,-66.6177072595617),.UNSPECIFIED.);
#548=B_SPLINE_CURVE_WITH_KNOTS('',3,(#5960,#5961,#5962,#5963,#5964,#5965,
#5966,#5967,#5968,#5969,#5970,#5971,#5972,#5973,#5974,#5975,#5976,#5977,
#5978,#5979,#5980,#5981),.UNSPECIFIED.,.F.,.F.,(4,3,3,3,3,3,3,4),(63.899818137457,
64.5224024121959,65.5150547569989,66.5077071018019,67.500359446605,68.493011791408,
69.485664136211,70.1830034446366),.UNSPECIFIED.);
#549=B_SPLINE_CURVE_WITH_KNOTS('',3,(#5982,#5983,#5984,#5985,#5986,#5987,
#5988,#5989,#5990,#5991,#5992,#5993,#5994,#5995,#5996,#5997,#5998,#5999,
#6000,#6001,#6002,#6003,#6004,#6005,#6006),.UNSPECIFIED.,.F.,.F.,(4,3,3,
3,3,3,3,3,4),(-66.6177072595617,-66.507707101802,-65.515054756999,-64.5224024121959,
-63.5297500673929,-62.5370977225899,-61.5444453777869,-60.5517930329839,
-60.3345219523821),.UNSPECIFIED.);
#550=B_SPLINE_CURVE_WITH_KNOTS('',3,(#6011,#6012,#6013,#6014,#6015,#6016,
#6017,#6018,#6019,#6020,#6021,#6022,#6023,#6024,#6025,#6026,#6027,#6028,
#6029,#6030,#6031,#6032),.UNSPECIFIED.,.F.,.F.,(4,3,3,3,3,3,3,4),(57.6166328302774,
58.5664883433779,59.5591406881809,60.5517930329839,61.5444453777869,62.5370977225899,
63.5297500673929,63.899818137457),.UNSPECIFIED.);
#551=B_SPLINE_CURVE_WITH_KNOTS('',3,(#6033,#6034,#6035,#6036,#6037,#6038,
#6039,#6040,#6041,#6042,#6043,#6044,#6045,#6046,#6047,#6048,#6049,#6050,
#6051,#6052,#6053,#6054),.UNSPECIFIED.,.F.,.F.,(4,3,3,3,3,3,3,4),(-60.3345219523821,
-59.5591406881809,-58.5664883433779,-57.5738359985748,-56.5811836537718,
-55.5885313089688,-54.5958789641658,-54.0513366452025),.UNSPECIFIED.);
#552=B_SPLINE_CURVE_WITH_KNOTS('',3,(#6059,#6060,#6061,#6062,#6063,#6064,
#6065,#6066,#6067,#6068,#6069,#6070,#6071,#6072,#6073,#6074,#6075,#6076,
#6077,#6078,#6079,#6080,#6081,#6082,#6083),.UNSPECIFIED.,.F.,.F.,(4,3,3,
3,3,3,3,3,4),(51.3334475230978,51.6179219297567,52.6105742745598,53.6032266193628,
54.5958789641658,55.5885313089688,56.5811836537718,57.5738359985748,57.6166328302774),
 .UNSPECIFIED.);
#553=B_SPLINE_CURVE_WITH_KNOTS('',3,(#6084,#6085,#6086,#6087,#6088,#6089,
#6090,#6091,#6092,#6093,#6094,#6095,#6096,#6097,#6098,#6099,#6100,#6101,
#6102,#6103,#6104,#6105),.UNSPECIFIED.,.F.,.F.,(4,3,3,3,3,3,3,4),(-54.0513366452025,
-53.6032266193628,-52.6105742745598,-51.6179219297568,-50.6252695849537,
-49.6326172401507,-48.6399648953477,-47.768151338023),.UNSPECIFIED.);
#554=B_SPLINE_CURVE_WITH_KNOTS('',3,(#6110,#6111,#6112,#6113,#6114,#6115,
#6116,#6117,#6118,#6119,#6120,#6121,#6122,#6123,#6124,#6125,#6126,#6127,
#6128,#6129,#6130,#6131),.UNSPECIFIED.,.F.,.F.,(4,3,3,3,3,3,3,4),(45.0502622159182,
45.6620078609387,46.6546602057417,47.6473125505447,48.6399648953477,49.6326172401507,
50.6252695849537,51.3334475230978),.UNSPECIFIED.);
#555=B_SPLINE_CURVE_WITH_KNOTS('',3,(#6132,#6133,#6134,#6135,#6136,#6137,
#6138,#6139,#6140,#6141,#6142,#6143,#6144,#6145,#6146,#6147,#6148,#6149,
#6150,#6151,#6152,#6153,#6154,#6155,#6156),.UNSPECIFIED.,.F.,.F.,(4,3,3,
3,3,3,3,3,4),(-47.768151338023,-47.6473125505447,-46.6546602057417,-45.6620078609387,
-44.6693555161356,-43.6767031713326,-42.6840508265296,-41.6913984817266,
-41.4849660308434),.UNSPECIFIED.);
#556=B_SPLINE_CURVE_WITH_KNOTS('',3,(#6161,#6162,#6163,#6164,#6165,#6166,
#6167,#6168,#6169,#6170,#6171,#6172,#6173,#6174,#6175,#6176,#6177,#6178,
#6179,#6180,#6181,#6182),.UNSPECIFIED.,.F.,.F.,(4,3,3,3,3,3,3,4),(38.7670769087386,
39.7060937921206,40.6987461369236,41.6913984817266,42.6840508265296,43.6767031713326,
44.6693555161356,45.0502622159182),.UNSPECIFIED.);
#557=B_SPLINE_CURVE_WITH_KNOTS('',3,(#6183,#6184,#6185,#6186,#6187,#6188,
#6189,#6190,#6191,#6192,#6193,#6194,#6195,#6196,#6197,#6198,#6199,#6200,
#6201,#6202,#6203,#6204),.UNSPECIFIED.,.F.,.F.,(4,3,3,3,3,3,3,4),(-41.4849660308434,
-40.6987461369236,-39.7060937921206,-38.7134414473176,-37.7207891025145,
-36.7281367577115,-35.7354844129085,-35.2017807236638),.UNSPECIFIED.);
#558=B_SPLINE_CURVE_WITH_KNOTS('',3,(#6209,#6210,#6211,#6212,#6213,#6214,
#6215,#6216,#6217,#6218,#6219,#6220,#6221,#6222,#6223,#6224,#6225,#6226,
#6227,#6228,#6229,#6230,#6231,#6232,#6233),.UNSPECIFIED.,.F.,.F.,(4,3,3,
3,3,3,3,3,4),(32.483891601559,32.7575273784995,33.7501797233025,34.7428320681055,
35.7354844129085,36.7281367577115,37.7207891025145,38.7134414473176,38.7670769087386),
 .UNSPECIFIED.);
#559=B_SPLINE_CURVE_WITH_KNOTS('',3,(#6234,#6235,#6236,#6237,#6238,#6239,
#6240,#6241,#6242,#6243,#6244,#6245,#6246,#6247,#6248,#6249,#6250,#6251,
#6252,#6253,#6254,#6255),.UNSPECIFIED.,.F.,.F.,(4,3,3,3,3,3,3,4),(-35.2017807236638,
-34.7428320681055,-33.7501797233025,-32.7575273784995,-31.7648750336965,
-30.7722226888934,-29.7795703440904,-28.9185954164842),.UNSPECIFIED.);
#560=B_SPLINE_CURVE_WITH_KNOTS('',3,(#6260,#6261,#6262,#6263,#6264,#6265,
#6266,#6267,#6268,#6269,#6270,#6271,#6272,#6273,#6274,#6275,#6276,#6277,
#6278,#6279,#6280,#6281),.UNSPECIFIED.,.F.,.F.,(4,3,3,3,3,3,3,4),(26.2007062943794,
26.8016133096814,27.7942656544844,28.7869179992874,29.7795703440904,30.7722226888934,
31.7648750336965,32.483891601559),.UNSPECIFIED.);
#561=B_SPLINE_CURVE_WITH_KNOTS('',3,(#6282,#6283,#6284,#6285,#6286,#6287,
#6288,#6289,#6290,#6291,#6292,#6293,#6294,#6295,#6296,#6297,#6298,#6299,
#6300,#6301,#6302,#6303,#6304,#6305,#6306),.UNSPECIFIED.,.F.,.F.,(4,3,3,
3,3,3,3,3,4),(-28.9185954164842,-28.7869179992874,-27.7942656544844,-26.8016133096814,
-25.8089609648784,-24.8163086200754,-23.8236562752723,-22.8310039304693,
-22.6354101093046),.UNSPECIFIED.);
#562=B_SPLINE_CURVE_WITH_KNOTS('',3,(#6311,#6312,#6313,#6314,#6315,#6316,
#6317,#6318,#6319,#6320,#6321,#6322,#6323,#6324,#6325,#6326,#6327,#6328,
#6329,#6330,#6331,#6332),.UNSPECIFIED.,.F.,.F.,(4,3,3,3,3,3,3,4),(19.9175209871998,
20.8456992408633,21.8383515856663,22.8310039304693,23.8236562752723,24.8163086200754,
25.8089609648784,26.2007062943794),.UNSPECIFIED.);
#563=B_SPLINE_CURVE_WITH_KNOTS('',3,(#6333,#6334,#6335,#6336,#6337,#6338,
#6339,#6340,#6341,#6342,#6343,#6344,#6345,#6346,#6347,#6348,#6349,#6350,
#6351,#6352,#6353,#6354),.UNSPECIFIED.,.F.,.F.,(4,3,3,3,3,3,3,4),(-22.6354101093046,
-21.8383515856663,-20.8456992408633,-19.8530468960603,-18.8603945512573,
-17.8677422064543,-16.8750898616512,-16.352224802125),.UNSPECIFIED.);
#564=B_SPLINE_CURVE_WITH_KNOTS('',3,(#6359,#6360,#6361,#6362,#6363,#6364,
#6365,#6366,#6367,#6368,#6369,#6370,#6371,#6372,#6373,#6374,#6375,#6376,
#6377,#6378,#6379,#6380,#6381,#6382,#6383),.UNSPECIFIED.,.F.,.F.,(4,3,3,
3,3,3,3,3,4),(13.6343356800202,13.8971328272422,14.8897851720452,15.8824375168482,
16.8750898616512,17.8677422064543,18.8603945512573,19.8530468960603,19.9175209871998),
 .UNSPECIFIED.);
#565=B_SPLINE_CURVE_WITH_KNOTS('',3,(#6384,#6385,#6386,#6387,#6388,#6389,
#6390,#6391,#6392,#6393,#6394,#6395,#6396,#6397,#6398,#6399,#6400,#6401,
#6402,#6403,#6404,#6405),.UNSPECIFIED.,.F.,.F.,(4,3,3,3,3,3,3,4),(-16.352224802125,
-15.8824375168482,-14.8897851720452,-13.8971328272422,-12.9044804824392,
-11.9118281376362,-10.9191757928332,-10.0690394949454),.UNSPECIFIED.);
#566=B_SPLINE_CURVE_WITH_KNOTS('',3,(#6411,#6412,#6413,#6414,#6415,#6416,
#6417,#6418,#6419,#6420,#6421,#6422,#6423),.UNSPECIFIED.,.F.,.F.,(4,3,3,
3,4),(-3.78585418776581,-2.97795703440904,-1.98530468960603,-0.992652344803012,
0.),.UNSPECIFIED.);
#567=B_SPLINE_CURVE_WITH_KNOTS('',3,(#6426,#6427,#6428,#6429,#6430,#6431,
#6432,#6433,#6434,#6435,#6436,#6437,#6438,#6439,#6440,#6441,#6442,#6443,
#6444,#6445,#6446,#6447),.UNSPECIFIED.,.F.,.F.,(4,3,3,3,3,3,3,4),(1.7122265998371,
1.98530468960603,2.97795703440904,3.97060937921206,4.96326172401507,5.95591406881808,
6.9485664136211,7.35115037284066),.UNSPECIFIED.);
#568=B_SPLINE_CURVE_WITH_KNOTS('',3,(#6453,#6454,#6455,#6456,#6457,#6458,
#6459,#6460),.UNSPECIFIED.,.F.,.F.,(4,1,1,1,1,4),(109.955742875643,110.194691215682,
111.187343560484,112.179995905288,113.172648250091,114.165300594894),
 .UNSPECIFIED.);
#569=B_SPLINE_CURVE_WITH_KNOTS('',3,(#6463,#6464,#6465,#6466,#6467,#6468,
#6469,#6470,#6471),.UNSPECIFIED.,.F.,.F.,(4,1,1,1,1,1,4),(109.955742875643,
110.92727564818,111.919927992983,112.912580337786,113.905232682589,114.897885027392,
115.170963117161),.UNSPECIFIED.);
#570=B_SPLINE_CURVE_WITH_KNOTS('',3,(#6476,#6477,#6478,#6479,#6480,#6481,
#6482,#6483,#6484,#6485),.UNSPECIFIED.,.F.,.F.,(4,1,1,1,1,1,1,4),(103.672557568463,
104.238777146863,105.231429491666,106.224081836469,107.216734181272,108.209386526075,
109.202038870878,109.955742875643),.UNSPECIFIED.);
#571=B_SPLINE_CURVE_WITH_KNOTS('',3,(#6486,#6487,#6488,#6489,#6490,#6491,
#6492,#6493,#6494,#6495,#6496),.UNSPECIFIED.,.F.,.F.,(4,1,1,1,1,1,1,1,4),
(103.672557568463,103.978709234559,104.971361579362,105.964013924165,106.956666268968,
107.949318613771,108.941970958574,109.934623303377,109.955742875643),
 .UNSPECIFIED.);
#572=B_SPLINE_CURVE_WITH_KNOTS('',3,(#6501,#6502,#6503,#6504,#6505,#6506,
#6507,#6508,#6509,#6510),.UNSPECIFIED.,.F.,.F.,(4,1,1,1,1,1,1,4),(97.3893722612836,
98.2828630780453,99.2755154228483,100.268167767651,101.260820112454,102.253472457257,
103.24612480206,103.672557568463),.UNSPECIFIED.);
#573=B_SPLINE_CURVE_WITH_KNOTS('',3,(#6511,#6512,#6513,#6514,#6515,#6516,
#6517,#6518,#6519,#6520),.UNSPECIFIED.,.F.,.F.,(4,1,1,1,1,1,1,4),(97.3893722612836,
98.0227951657409,99.015447510544,100.008099855347,101.00075220015,101.993404544953,
102.986056889756,103.672557568463),.UNSPECIFIED.);
#574=B_SPLINE_CURVE_WITH_KNOTS('',3,(#6525,#6526,#6527,#6528,#6529,#6530,
#6531,#6532,#6533,#6534,#6535),.UNSPECIFIED.,.F.,.F.,(4,1,1,1,1,1,1,1,4),
(91.106186954104,91.3342966644242,92.3269490092272,93.3196013540303,94.3122536988333,
95.3049060436363,96.2975583884393,97.2902107332423,97.3893722612836),
 .UNSPECIFIED.);
#575=B_SPLINE_CURVE_WITH_KNOTS('',3,(#6536,#6537,#6538,#6539,#6540,#6541,
#6542,#6543,#6544,#6545),.UNSPECIFIED.,.F.,.F.,(4,1,1,1,1,1,1,4),(91.106186954104,
92.0668810969229,93.0595334417259,94.0521857865289,95.0448381313319,96.0374904761349,
97.030142820938,97.3893722612836),.UNSPECIFIED.);
#576=B_SPLINE_CURVE_WITH_KNOTS('',3,(#6550,#6551,#6552,#6553,#6554,#6555,
#6556,#6557,#6558,#6559),.UNSPECIFIED.,.F.,.F.,(4,1,1,1,1,1,1,4),(84.8230016469244,
85.3783825956061,86.3710349404091,87.3636872852122,88.3563396300152,89.3489919748182,
90.3416443196212,91.106186954104),.UNSPECIFIED.);
#577=B_SPLINE_CURVE_WITH_KNOTS('',3,(#6560,#6561,#6562,#6563,#6564,#6565,
#6566,#6567,#6568,#6569,#6570),.UNSPECIFIED.,.F.,.F.,(4,1,1,1,1,1,1,1,4),
(84.8230016469244,85.1183146833018,86.1109670281048,87.1036193729078,88.0962717177108,
89.0889240625138,90.0815764073168,91.0742287521199,91.106186954104),
 .UNSPECIFIED.);
#578=B_SPLINE_CURVE_WITH_KNOTS('',3,(#6575,#6576,#6577,#6578,#6579,#6580,
#6581,#6582,#6583,#6584),.UNSPECIFIED.,.F.,.F.,(4,1,1,1,1,1,1,4),(78.5398163397448,
79.422468526788,80.4151208715911,81.4077732163941,82.4004255611971,83.3930779060001,
84.3857302508031,84.8230016469244),.UNSPECIFIED.);
#579=B_SPLINE_CURVE_WITH_KNOTS('',3,(#6585,#6586,#6587,#6588,#6589,#6590,
#6591,#6592,#6593,#6594),.UNSPECIFIED.,.F.,.F.,(4,1,1,1,1,1,1,4),(78.5398163397448,
79.1624006144837,80.1550529592867,81.1477053040897,82.1403576488927,83.1330099936957,
84.1256623384988,84.8230016469244),.UNSPECIFIED.);
#580=B_SPLINE_CURVE_WITH_KNOTS('',3,(#6599,#6600,#6601,#6602,#6603,#6604,
#6605,#6606,#6607,#6608,#6609),.UNSPECIFIED.,.F.,.F.,(4,1,1,1,1,1,1,1,4),
(72.2566310325652,72.4739021131669,73.4665544579699,74.459206802773,75.451859147576,
76.444511492379,77.437163837182,78.429816181985,78.5398163397448),
 .UNSPECIFIED.);
#581=B_SPLINE_CURVE_WITH_KNOTS('',3,(#6610,#6611,#6612,#6613,#6614,#6615,
#6616,#6617,#6618,#6619),.UNSPECIFIED.,.F.,.F.,(4,1,1,1,1,1,1,4),(72.2566310325652,
73.2064865456656,74.1991388904686,75.1917912352716,76.1844435800746,77.1770959248776,
78.1697482696807,78.5398163397448),.UNSPECIFIED.);
#582=B_SPLINE_CURVE_WITH_KNOTS('',3,(#6624,#6625,#6626,#6627,#6628,#6629,
#6630,#6631,#6632,#6633),.UNSPECIFIED.,.F.,.F.,(4,1,1,1,1,1,1,4),(65.9734457253856,
66.5179880443489,67.5106403891519,68.5032927339549,69.4959450787579,70.4885974235609,
71.4812497683639,72.2566310325652),.UNSPECIFIED.);
#583=B_SPLINE_CURVE_WITH_KNOTS('',3,(#6634,#6635,#6636,#6637,#6638,#6639,
#6640,#6641,#6642,#6643,#6644),.UNSPECIFIED.,.F.,.F.,(4,1,1,1,1,1,1,1,4),
(65.9734457253856,66.2579201320445,67.2505724768475,68.2432248216505,69.2358771664535,
70.2285295112566,71.2211818560596,72.2138342008626,72.2566310325652),
 .UNSPECIFIED.);
#584=B_SPLINE_CURVE_WITH_KNOTS('',3,(#6649,#6650,#6651,#6652,#6653,#6654,
#6655,#6656,#6657,#6658),.UNSPECIFIED.,.F.,.F.,(4,1,1,1,1,1,1,4),(59.690260418206,
60.5620739755308,61.5547263203338,62.5473786651368,63.5400310099398,64.5326833547428,
65.5253356995458,65.9734457253856),.UNSPECIFIED.);
#585=B_SPLINE_CURVE_WITH_KNOTS('',3,(#6659,#6660,#6661,#6662,#6663,#6664,
#6665,#6666,#6667,#6668),.UNSPECIFIED.,.F.,.F.,(4,1,1,1,1,1,1,4),(59.690260418206,
60.3020060632264,61.2946584080294,62.2873107528324,63.2799630976355,64.2726154424385,
65.2652677872415,65.9734457253856),.UNSPECIFIED.);
#586=B_SPLINE_CURVE_WITH_KNOTS('',3,(#6673,#6674,#6675,#6676,#6677,#6678,
#6679,#6680,#6681,#6682,#6683),.UNSPECIFIED.,.F.,.F.,(4,1,1,1,1,1,1,1,4),
(53.4070751110264,53.6135075619097,54.6061599067127,55.5988122515157,56.5914645963187,
57.5841169411217,58.5767692859247,59.5694216307278,59.690260418206),
 .UNSPECIFIED.);
#587=B_SPLINE_CURVE_WITH_KNOTS('',3,(#6684,#6685,#6686,#6687,#6688,#6689,
#6690,#6691,#6692,#6693),.UNSPECIFIED.,.F.,.F.,(4,1,1,1,1,1,1,4),(53.4070751110264,
54.3460919944083,55.3387443392113,56.3313966840144,57.3240490288174,58.3167013736204,
59.3093537184234,59.690260418206),.UNSPECIFIED.);
#588=B_SPLINE_CURVE_WITH_KNOTS('',3,(#6698,#6699,#6700,#6701,#6702,#6703,
#6704,#6705,#6706,#6707),.UNSPECIFIED.,.F.,.F.,(4,1,1,1,1,1,1,4),(47.1238898038468,
47.6575934930916,48.6502458378946,49.6428981826976,50.6355505275006,51.6282028723036,
52.6208552171067,53.4070751110264),.UNSPECIFIED.);
#589=B_SPLINE_CURVE_WITH_KNOTS('',3,(#6708,#6709,#6710,#6711,#6712,#6713,
#6714,#6715,#6716,#6717,#6718),.UNSPECIFIED.,.F.,.F.,(4,1,1,1,1,1,1,1,4),
(47.1238898038468,47.3975255807872,48.3901779255902,49.3828302703932,50.3754826151963,
51.3681349599993,52.3607873048023,53.3534396496053,53.4070751110264),
 .UNSPECIFIED.);
#590=B_SPLINE_CURVE_WITH_KNOTS('',3,(#6723,#6724,#6725,#6726,#6727,#6728,
#6729,#6730,#6731,#6732),.UNSPECIFIED.,.F.,.F.,(4,1,1,1,1,1,1,4),(40.8407044966672,
41.7016794242735,42.6943317690765,43.6869841138795,44.6796364586825,45.6722888034856,
46.6649411482886,47.1238898038468),.UNSPECIFIED.);
#591=B_SPLINE_CURVE_WITH_KNOTS('',3,(#6733,#6734,#6735,#6736,#6737,#6738,
#6739,#6740,#6741,#6742),.UNSPECIFIED.,.F.,.F.,(4,1,1,1,1,1,1,4),(40.8407044966672,
41.4416115119691,42.4342638567721,43.4269162015752,44.4195685463782,45.4122208911812,
46.4048732359842,47.1238898038468),.UNSPECIFIED.);
#592=B_SPLINE_CURVE_WITH_KNOTS('',3,(#6747,#6748,#6749,#6750,#6751,#6752,
#6753,#6754,#6755,#6756,#6757),.UNSPECIFIED.,.F.,.F.,(4,1,1,1,1,1,1,1,4),
(34.5575191894876,34.7531130106524,35.7457653554554,36.7384177002584,37.7310700450614,
38.7237223898645,39.7163747346675,40.7090270794705,40.8407044966672),
 .UNSPECIFIED.);
#593=B_SPLINE_CURVE_WITH_KNOTS('',3,(#6758,#6759,#6760,#6761,#6762,#6763,
#6764,#6765,#6766,#6767),.UNSPECIFIED.,.F.,.F.,(4,1,1,1,1,1,1,4),(34.5575191894876,
35.4856974431511,36.4783497879541,37.4710021327571,38.4636544775601,39.4563068223631,
40.4489591671661,40.8407044966672),.UNSPECIFIED.);
#594=B_SPLINE_CURVE_WITH_KNOTS('',3,(#6772,#6773,#6774,#6775,#6776,#6777,
#6778,#6779,#6780,#6781),.UNSPECIFIED.,.F.,.F.,(4,1,1,1,1,1,1,4),(28.274333882308,
28.7971989418343,29.7898512866373,30.7825036314403,31.7751559762434,32.7678083210464,
33.7604606658494,34.5575191894876),.UNSPECIFIED.);
#595=B_SPLINE_CURVE_WITH_KNOTS('',3,(#6782,#6783,#6784,#6785,#6786,#6787,
#6788,#6789,#6790,#6791,#6792),.UNSPECIFIED.,.F.,.F.,(4,1,1,1,1,1,1,1,4),
(28.274333882308,28.53713102953,29.529783374333,30.522435719136,31.515088063939,
32.507740408742,33.500392753545,34.493045098348,34.5575191894876),
 .UNSPECIFIED.);
#596=B_SPLINE_CURVE_WITH_KNOTS('',3,(#6797,#6798,#6799,#6800,#6801,#6802,
#6803,#6804,#6805,#6806),.UNSPECIFIED.,.F.,.F.,(4,1,1,1,1,1,1,4),(21.9911485751284,
22.8412848730162,23.8339372178192,24.8265895626223,25.8192419074253,26.8118942522283,
27.8045465970313,28.274333882308),.UNSPECIFIED.);
#597=B_SPLINE_CURVE_WITH_KNOTS('',3,(#6807,#6808,#6809,#6810,#6811,#6812,
#6813,#6814,#6815,#6816),.UNSPECIFIED.,.F.,.F.,(4,1,1,1,1,1,1,4),(21.9911485751285,
22.5812169607119,23.5738693055149,24.5665216503179,25.5591739951209,26.5518263399239,
27.5444786847269,28.274333882308),.UNSPECIFIED.);
#598=B_SPLINE_CURVE_WITH_KNOTS('',3,(#6822,#6823,#6824,#6825,#6826),
 .UNSPECIFIED.,.F.,.F.,(4,1,4),(14.6399982022877,15.6326505470908,15.7079632679489),
 .UNSPECIFIED.);
#599=B_SPLINE_CURVE_WITH_KNOTS('',3,(#6829,#6830,#6831,#6832,#6833,#6834),
 .UNSPECIFIED.,.F.,.F.,(4,1,1,4),(13.6343356800202,13.9074137697891,14.9000661145921,
15.7079632679489),.UNSPECIFIED.);
#600=B_SPLINE_CURVE_WITH_KNOTS('',3,(#7068,#7069,#7070,#7071,#7072,#7073,
#7074,#7075,#7076,#7077,#7078,#7079,#7080,#7081,#7082,#7083,#7084,#7085,
#7086,#7087,#7088,#7089,#7090,#7091,#7092,#7093,#7094,#7095,#7096,#7097,
#7098,#7099,#7100,#7101),.UNSPECIFIED.,.F.,.F.,(4,3,3,3,3,3,3,3,3,3,3,4),
(0.,0.0495098407597788,0.0741751207347752,0.092028087576828,0.140778084735554,
0.158303983867461,0.198039363039115,0.227711398654262,0.246723244917417,
0.273156943987181,0.293071107967602,0.328226035497153),.UNSPECIFIED.);
#601=B_SPLINE_CURVE_WITH_KNOTS('',3,(#7102,#7103,#7104,#7105,#7106,#7107,
#7108,#7109,#7110,#7111,#7112,#7113,#7114,#7115,#7116,#7117,#7118,#7119,
#7120,#7121,#7122,#7123,#7124,#7125,#7126,#7127,#7128,#7129,#7130,#7131,
#7132,#7133,#7134,#7135,#7136,#7137,#7138),.UNSPECIFIED.,.F.,.F.,(4,3,3,
3,3,3,3,3,3,3,3,3,4),(0.,0.0433559265819117,0.0638328656527216,0.0790823887100311,
0.118232683276804,0.137061503812263,0.156253681422575,0.181986587520983,
0.21181886674349,0.231978035374468,0.264643898026895,0.283654811513716,
0.326867331054378),.UNSPECIFIED.);
#602=B_SPLINE_CURVE_WITH_KNOTS('',3,(#7139,#7140,#7141,#7142,#7143,#7144,
#7145,#7146,#7147,#7148,#7149,#7150,#7151,#7152,#7153,#7154,#7155,#7156,
#7157,#7158,#7159,#7160,#7161,#7162,#7163,#7164,#7165,#7166,#7167,#7168,
#7169,#7170,#7171,#7172),.UNSPECIFIED.,.F.,.F.,(4,3,3,3,3,3,3,3,3,3,3,4),
(0.,0.0495098407597797,0.0742229399827067,0.0920672106828603,0.140815757464212,
0.158361020678163,0.198039363039119,0.227702875234222,0.24672184849091,
0.273150347762634,0.29306686141974,0.328226035497154),.UNSPECIFIED.);
#603=B_SPLINE_CURVE_WITH_KNOTS('',3,(#7173,#7174,#7175,#7176,#7177,#7178,
#7179,#7180,#7181,#7182,#7183,#7184,#7185,#7186,#7187,#7188,#7189,#7190,
#7191,#7192,#7193,#7194,#7195,#7196,#7197,#7198,#7199,#7200,#7201,#7202,
#7203,#7204,#7205,#7206,#7207,#7208,#7209),.UNSPECIFIED.,.F.,.F.,(4,3,3,
3,3,3,3,3,3,3,3,3,4),(0.,0.0433535344030419,0.0638260726234679,0.0790748329102568,
0.118215815679704,0.136954982393011,0.156235232151115,0.18198658752099,
0.211821634552649,0.231978653155186,0.26464760446497,0.28366041010087,0.326867331054399),
 .UNSPECIFIED.);
#604=B_SPLINE_CURVE_WITH_KNOTS('',3,(#7210,#7211,#7212,#7213,#7214,#7215,
#7216,#7217,#7218,#7219,#7220,#7221,#7222,#7223,#7224,#7225,#7226,#7227,
#7228,#7229,#7230,#7231,#7232,#7233,#7234,#7235,#7236,#7237,#7238,#7239,
#7240,#7241,#7242,#7243),.UNSPECIFIED.,.F.,.F.,(4,3,3,3,3,3,3,3,3,3,3,4),
(0.,0.0495098407597772,0.074264811608188,0.0921022628843161,0.140849507511046,
0.15841641853207,0.198039363039109,0.227695297758554,0.246720604428697,
0.273144487809865,0.293063100037247,0.328226035497128),.UNSPECIFIED.);
#605=B_SPLINE_CURVE_WITH_KNOTS('',3,(#7244,#7245,#7246,#7247,#7248,#7249,
#7250,#7251,#7252,#7253,#7254,#7255,#7256,#7257,#7258,#7259,#7260,#7261,
#7262,#7263,#7264,#7265,#7266,#7267,#7268,#7269,#7270,#7271,#7272,#7273,
#7274,#7275,#7276,#7277,#7278,#7279,#7280),.UNSPECIFIED.,.F.,.F.,(4,3,3,
3,3,3,3,3,3,3,3,3,4),(0.,0.0433513356087945,0.0638198260230037,0.0790679134011407,
0.11820037703146,0.136858901676686,0.156219173449631,0.181986587520978,
0.211824089818258,0.231979196042208,0.264650917725651,0.283665422257382,
0.326867331054395),.UNSPECIFIED.);
#606=B_SPLINE_CURVE_WITH_KNOTS('',3,(#7283,#7284,#7285,#7286,#7287,#7288,
#7289,#7290,#7291,#7292,#7293),.UNSPECIFIED.,.F.,.F.,(4,1,1,1,1,1,1,1,4),
(15.7079632679489,15.8927184593951,16.8853708041981,17.8780231490012,18.8706754938042,
19.8633278386072,20.8559801834102,21.8486325282132,21.9911485751284),
 .UNSPECIFIED.);
#607=B_SPLINE_CURVE_WITH_KNOTS('',3,(#7294,#7295,#7296,#7297,#7298,#7299,
#7300,#7301,#7302,#7303),.UNSPECIFIED.,.F.,.F.,(4,1,1,1,1,1,1,4),(15.7079632679489,
16.6253028918938,17.6179552366968,18.6106075814998,19.6032599263028,20.5959122711058,
21.5885646159089,21.9911485751285),.UNSPECIFIED.);
#608=B_SPLINE_CURVE_WITH_KNOTS('',3,(#7728,#7729,#7730,#7731,#7732,#7733,
#7734,#7735,#7736,#7737,#7738,#7739,#7740,#7741,#7742,#7743,#7744,#7745,
#7746,#7747,#7748,#7749,#7750,#7751,#7752,#7753,#7754,#7755,#7756,#7757,
#7758,#7759,#7760,#7761,#7762,#7763,#7764,#7765,#7766,#7767),
 .UNSPECIFIED.,.F.,.F.,(4,3,3,3,3,3,3,3,3,3,3,3,3,4),(-0.326867331054299,
-0.293418975316365,-0.270350774073075,-0.248614275451216,-0.214560637140099,
-0.194637647429106,-0.160205474351377,-0.139315617947478,-0.129843222775058,
-0.0973824170812935,-0.0750432403893723,-0.0565439516985794,-0.0120106688377077,
0.),.UNSPECIFIED.);
#609=B_SPLINE_CURVE_WITH_KNOTS('',3,(#7768,#7769,#7770,#7771,#7772,#7773,
#7774,#7775,#7776,#7777,#7778,#7779,#7780,#7781,#7782,#7783,#7784,#7785,
#7786,#7787,#7788,#7789,#7790,#7791,#7792),.UNSPECIFIED.,.F.,.F.,(4,3,3,
3,3,3,3,3,4),(-10.0690394949454,-9.92652344803014,-8.93387110322713,-7.94121875842411,
-6.9485664136211,-5.95591406881809,-4.96326172401507,-3.97060937921206,
-3.78585418776581),.UNSPECIFIED.);
#610=B_SPLINE_CURVE_WITH_KNOTS('',3,(#8217,#8218,#8219,#8220,#8221,#8222,
#8223,#8224,#8225,#8226,#8227,#8228,#8229,#8230,#8231,#8232,#8233,#8234,
#8235,#8236,#8237,#8238,#8239,#8240,#8241,#8242,#8243,#8244,#8245,#8246,
#8247,#8248,#8249,#8250,#8251,#8252,#8253),.UNSPECIFIED.,.F.,.F.,(4,3,3,
3,3,3,3,3,3,3,3,3,4),(-0.328226035497225,-0.292773689989545,-0.265035589761771,
-0.230823501644455,-0.211580818555753,-0.175371646462729,-0.157256748353343,
-0.145670747163821,-0.108536394106074,-0.0859303309092571,-0.0671966615668316,
-0.0161981497056628,0.),.UNSPECIFIED.);
#611=B_SPLINE_CURVE_WITH_KNOTS('',3,(#8254,#8255,#8256,#8257,#8258,#8259,
#8260,#8261,#8262,#8263,#8264,#8265,#8266,#8267,#8268,#8269,#8270,#8271,
#8272,#8273,#8274,#8275),.UNSPECIFIED.,.F.,.F.,(4,3,3,3,3,3,3,4),(7.35115037284066,
7.94121875842411,8.93387110322713,9.92652344803015,10.9191757928332,11.9118281376362,
12.9044804824392,13.6343356800202),.UNSPECIFIED.);
#612=B_SPLINE_CURVE_WITH_KNOTS('',3,(#8279,#8280,#8281,#8282,#8283,#8284,
#8285,#8286,#8287,#8288,#8289),.UNSPECIFIED.,.F.,.F.,(4,1,1,1,1,1,1,1,4),
(15.7079632679489,15.8927184593951,16.8853708041981,17.8780231490012,18.8706754938042,
19.8633278386072,20.8559801834102,21.8486325282132,21.9911485751284),
 .UNSPECIFIED.);
#613=B_SPLINE_CURVE_WITH_KNOTS('',3,(#8290,#8291,#8292,#8293,#8294,#8295,
#8296,#8297,#8298,#8299),.UNSPECIFIED.,.F.,.F.,(4,1,1,1,1,1,1,4),(15.7079632679489,
16.6253028918938,17.6179552366968,18.6106075814998,19.6032599263028,20.5959122711058,
21.5885646159089,21.9911485751285),.UNSPECIFIED.);
#614=B_SPLINE_CURVE_WITH_KNOTS('',3,(#8724,#8725,#8726,#8727,#8728,#8729,
#8730,#8731,#8732,#8733,#8734,#8735,#8736,#8737,#8738,#8739,#8740,#8741,
#8742,#8743,#8744,#8745,#8746,#8747,#8748,#8749,#8750,#8751,#8752,#8753,
#8754,#8755,#8756,#8757,#8758,#8759,#8760,#8761,#8762,#8763),
 .UNSPECIFIED.,.F.,.F.,(4,3,3,3,3,3,3,3,3,3,3,3,3,4),(-0.326867331054302,
-0.29341899641215,-0.270350128222698,-0.248614003280951,-0.214558769040619,
-0.194636994655543,-0.160204683075153,-0.139313890092751,-0.12984322277506,
-0.0973824170812947,-0.0750435013521669,-0.0565441114264184,-0.0120114808726537,
0.),.UNSPECIFIED.);
#615=B_SPLINE_CURVE_WITH_KNOTS('',3,(#8764,#8765,#8766,#8767,#8768,#8769,
#8770,#8771,#8772,#8773,#8774,#8775,#8776,#8777,#8778,#8779,#8780,#8781,
#8782,#8783,#8784,#8785,#8786,#8787,#8788),.UNSPECIFIED.,.F.,.F.,(4,3,3,
3,3,3,3,3,4),(-10.0690394949454,-9.92652344803014,-8.93387110322713,-7.94121875842411,
-6.9485664136211,-5.95591406881809,-4.96326172401507,-3.97060937921206,
-3.78585418776581),.UNSPECIFIED.);
#616=B_SPLINE_CURVE_WITH_KNOTS('',3,(#9213,#9214,#9215,#9216,#9217,#9218,
#9219,#9220,#9221,#9222,#9223,#9224,#9225,#9226,#9227,#9228,#9229,#9230,
#9231,#9232,#9233,#9234,#9235,#9236,#9237,#9238,#9239,#9240,#9241,#9242,
#9243,#9244,#9245,#9246,#9247,#9248,#9249),.UNSPECIFIED.,.F.,.F.,(4,3,3,
3,3,3,3,3,3,3,3,3,4),(-0.328226035497184,-0.29277087456115,-0.265035453236708,
-0.230823334510696,-0.211580260689443,-0.175371207604284,-0.157255876469388,
-0.145670747163816,-0.108536381184031,-0.0859311060502048,-0.0671971331343785,
-0.0161988788084557,0.),.UNSPECIFIED.);
#617=B_SPLINE_CURVE_WITH_KNOTS('',3,(#9250,#9251,#9252,#9253,#9254,#9255,
#9256,#9257,#9258,#9259,#9260,#9261,#9262,#9263,#9264,#9265,#9266,#9267,
#9268,#9269,#9270,#9271),.UNSPECIFIED.,.F.,.F.,(4,3,3,3,3,3,3,4),(7.35115037284066,
7.94121875842412,8.93387110322713,9.92652344803015,10.9191757928332,11.9118281376362,
12.9044804824392,13.6343356800202),.UNSPECIFIED.);
#618=B_SPLINE_CURVE_WITH_KNOTS('',3,(#9275,#9276,#9277,#9278,#9279,#9280,
#9281,#9282,#9283,#9284,#9285),.UNSPECIFIED.,.F.,.F.,(4,1,1,1,1,1,1,1,4),
(15.7079632679489,15.8927184593951,16.8853708041981,17.8780231490011,18.8706754938041,
19.8633278386072,20.8559801834102,21.8486325282132,21.9911485751285),
 .UNSPECIFIED.);
#619=B_SPLINE_CURVE_WITH_KNOTS('',3,(#9286,#9287,#9288,#9289,#9290,#9291,
#9292,#9293,#9294,#9295),.UNSPECIFIED.,.F.,.F.,(4,1,1,1,1,1,1,4),(15.7079632679489,
16.6253028918937,17.6179552366968,18.6106075814998,19.6032599263028,20.5959122711058,
21.5885646159088,21.9911485751285),.UNSPECIFIED.);
#620=B_SPLINE_CURVE_WITH_KNOTS('',3,(#9720,#9721,#9722,#9723,#9724,#9725,
#9726,#9727,#9728,#9729,#9730,#9731,#9732,#9733,#9734,#9735,#9736,#9737,
#9738,#9739,#9740,#9741,#9742,#9743,#9744,#9745,#9746,#9747,#9748,#9749,
#9750,#9751,#9752,#9753,#9754,#9755,#9756,#9757,#9758,#9759),
 .UNSPECIFIED.,.F.,.F.,(4,3,3,3,3,3,3,3,3,3,3,3,3,4),(-0.326867331054374,
-0.293419021088176,-0.27034943797318,-0.248613710615542,-0.214556755235977,
-0.194636292383879,-0.160203835620477,-0.139312062124315,-0.129843222775078,
-0.0973824170813086,-0.0750437396089163,-0.0565442999045553,-0.0120124143985791,
0.),.UNSPECIFIED.);
#621=B_SPLINE_CURVE_WITH_KNOTS('',3,(#9760,#9761,#9762,#9763,#9764,#9765,
#9766,#9767,#9768,#9769,#9770,#9771,#9772,#9773,#9774,#9775,#9776,#9777,
#9778,#9779,#9780,#9781,#9782,#9783,#9784),.UNSPECIFIED.,.F.,.F.,(4,3,3,
3,3,3,3,3,4),(-10.0690394949454,-9.92652344803015,-8.93387110322714,-7.94121875842412,
-6.9485664136211,-5.95591406881809,-4.96326172401507,-3.97060937921206,
-3.78585418776583),.UNSPECIFIED.);
#622=B_SPLINE_CURVE_WITH_KNOTS('',3,(#10209,#10210,#10211,#10212,#10213,
#10214,#10215,#10216,#10217,#10218,#10219,#10220,#10221,#10222,#10223,#10224,
#10225,#10226,#10227,#10228,#10229,#10230,#10231,#10232,#10233,#10234,#10235,
#10236,#10237,#10238,#10239,#10240,#10241,#10242,#10243,#10244,#10245),
 .UNSPECIFIED.,.F.,.F.,(4,3,3,3,3,3,3,3,3,3,3,3,4),(-0.328226035497169,
-0.292767763628226,-0.265035300790462,-0.230823159384625,-0.211579665062378,
-0.175370747644622,-0.157254973597755,-0.145670747163797,-0.108536376946601,
-0.0859320198490116,-0.067197681165733,-0.0161997092429442,0.),
 .UNSPECIFIED.);
#623=B_SPLINE_CURVE_WITH_KNOTS('',3,(#10246,#10247,#10248,#10249,#10250,
#10251,#10252,#10253,#10254,#10255,#10256,#10257,#10258,#10259,#10260,#10261,
#10262,#10263,#10264,#10265,#10266,#10267),.UNSPECIFIED.,.F.,.F.,(4,3,3,
3,3,3,3,4),(7.35115037284066,7.94121875842411,8.93387110322713,9.92652344803015,
10.9191757928332,11.9118281376362,12.9044804824392,13.6343356800203),
 .UNSPECIFIED.);
#624=LINE('',#3382,#756);
#625=LINE('',#3406,#757);
#626=LINE('',#3454,#758);
#627=LINE('',#3505,#759);
#628=LINE('',#3556,#760);
#629=LINE('',#3604,#761);
#630=LINE('',#3655,#762);
#631=LINE('',#3706,#763);
#632=LINE('',#3754,#764);
#633=LINE('',#3805,#765);
#634=LINE('',#3856,#766);
#635=LINE('',#3904,#767);
#636=LINE('',#3955,#768);
#637=LINE('',#4006,#769);
#638=LINE('',#4054,#770);
#639=LINE('',#4105,#771);
#640=LINE('',#4147,#772);
#641=LINE('',#4171,#773);
#642=LINE('',#4196,#774);
#643=LINE('',#4220,#775);
#644=LINE('',#4245,#776);
#645=LINE('',#4270,#777);
#646=LINE('',#4294,#778);
#647=LINE('',#4319,#779);
#648=LINE('',#4344,#780);
#649=LINE('',#4368,#781);
#650=LINE('',#4393,#782);
#651=LINE('',#4418,#783);
#652=LINE('',#4442,#784);
#653=LINE('',#4467,#785);
#654=LINE('',#4492,#786);
#655=LINE('',#4516,#787);
#656=LINE('',#4534,#788);
#657=LINE('',#4558,#789);
#658=LINE('',#4606,#790);
#659=LINE('',#4657,#791);
#660=LINE('',#4708,#792);
#661=LINE('',#4756,#793);
#662=LINE('',#4807,#794);
#663=LINE('',#4858,#795);
#664=LINE('',#4906,#796);
#665=LINE('',#4957,#797);
#666=LINE('',#5008,#798);
#667=LINE('',#5056,#799);
#668=LINE('',#5107,#800);
#669=LINE('',#5158,#801);
#670=LINE('',#5206,#802);
#671=LINE('',#5257,#803);
#672=LINE('',#5299,#804);
#673=LINE('',#5323,#805);
#674=LINE('',#5348,#806);
#675=LINE('',#5372,#807);
#676=LINE('',#5397,#808);
#677=LINE('',#5422,#809);
#678=LINE('',#5446,#810);
#679=LINE('',#5471,#811);
#680=LINE('',#5496,#812);
#681=LINE('',#5520,#813);
#682=LINE('',#5545,#814);
#683=LINE('',#5570,#815);
#684=LINE('',#5594,#816);
#685=LINE('',#5619,#817);
#686=LINE('',#5644,#818);
#687=LINE('',#5668,#819);
#688=LINE('',#5686,#820);
#689=LINE('',#5710,#821);
#690=LINE('',#5758,#822);
#691=LINE('',#5809,#823);
#692=LINE('',#5860,#824);
#693=LINE('',#5908,#825);
#694=LINE('',#5959,#826);
#695=LINE('',#6010,#827);
#696=LINE('',#6058,#828);
#697=LINE('',#6109,#829);
#698=LINE('',#6160,#830);
#699=LINE('',#6208,#831);
#700=LINE('',#6259,#832);
#701=LINE('',#6310,#833);
#702=LINE('',#6358,#834);
#703=LINE('',#6409,#835);
#704=LINE('',#6451,#836);
#705=LINE('',#6475,#837);
#706=LINE('',#6500,#838);
#707=LINE('',#6524,#839);
#708=LINE('',#6549,#840);
#709=LINE('',#6574,#841);
#710=LINE('',#6598,#842);
#711=LINE('',#6623,#843);
#712=LINE('',#6648,#844);
#713=LINE('',#6672,#845);
#714=LINE('',#6697,#846);
#715=LINE('',#6722,#847);
#716=LINE('',#6746,#848);
#717=LINE('',#6771,#849);
#718=LINE('',#6796,#850);
#719=LINE('',#6820,#851);
#720=LINE('',#6856,#852);
#721=LINE('',#6857,#853);
#722=LINE('',#6868,#854);
#723=LINE('',#6869,#855);
#724=LINE('',#6888,#856);
#725=LINE('',#6889,#857);
#726=LINE('',#6908,#858);
#727=LINE('',#6909,#859);
#728=LINE('',#6920,#860);
#729=LINE('',#6921,#861);
#730=LINE('',#6937,#862);
#731=LINE('',#6938,#863);
#732=LINE('',#6941,#864);
#733=LINE('',#6943,#865);
#734=LINE('',#6944,#866);
#735=LINE('',#6947,#867);
#736=LINE('',#6951,#868);
#737=LINE('',#6952,#869);
#738=LINE('',#6955,#870);
#739=LINE('',#6959,#871);
#740=LINE('',#6960,#872);
#741=LINE('',#6963,#873);
#742=LINE('',#6970,#874);
#743=LINE('',#6973,#875);
#744=LINE('',#6992,#876);
#745=LINE('',#6993,#877);
#746=LINE('',#7004,#878);
#747=LINE('',#7005,#879);
#748=LINE('',#7022,#880);
#749=LINE('',#7038,#881);
#750=LINE('',#7046,#882);
#751=LINE('',#7058,#883);
#752=LINE('',#7060,#884);
#753=LINE('',#7062,#885);
#754=LINE('',#7064,#886);
#755=LINE('',#7066,#887);
#756=VECTOR('',#2858,0.0675);
#757=VECTOR('',#2863,0.0675);
#758=VECTOR('',#2866,0.0675);
#759=VECTOR('',#2869,0.0675);
#760=VECTOR('',#2872,0.0675);
#761=VECTOR('',#2875,0.0675);
#762=VECTOR('',#2878,0.0675);
#763=VECTOR('',#2881,0.0675);
#764=VECTOR('',#2884,0.0675);
#765=VECTOR('',#2887,0.0675);
#766=VECTOR('',#2890,0.0675);
#767=VECTOR('',#2893,0.0675);
#768=VECTOR('',#2896,0.0675);
#769=VECTOR('',#2899,0.0675);
#770=VECTOR('',#2902,0.0675);
#771=VECTOR('',#2905,0.0675);
#772=VECTOR('',#2910,0.082);
#773=VECTOR('',#2915,0.082);
#774=VECTOR('',#2918,0.082);
#775=VECTOR('',#2921,0.082);
#776=VECTOR('',#2924,0.082);
#777=VECTOR('',#2927,0.082);
#778=VECTOR('',#2930,0.082);
#779=VECTOR('',#2933,0.082);
#780=VECTOR('',#2936,0.082);
#781=VECTOR('',#2939,0.082);
#782=VECTOR('',#2942,0.082);
#783=VECTOR('',#2945,0.082);
#784=VECTOR('',#2948,0.082);
#785=VECTOR('',#2951,0.082);
#786=VECTOR('',#2954,0.082);
#787=VECTOR('',#2957,0.082);
#788=VECTOR('',#2962,0.0675);
#789=VECTOR('',#2967,0.0675);
#790=VECTOR('',#2970,0.0675);
#791=VECTOR('',#2973,0.0675);
#792=VECTOR('',#2976,0.0675);
#793=VECTOR('',#2979,0.0675);
#794=VECTOR('',#2982,0.0675);
#795=VECTOR('',#2985,0.0675);
#796=VECTOR('',#2988,0.0675);
#797=VECTOR('',#2991,0.0675);
#798=VECTOR('',#2994,0.0675);
#799=VECTOR('',#2997,0.0675);
#800=VECTOR('',#3000,0.0675);
#801=VECTOR('',#3003,0.0675);
#802=VECTOR('',#3006,0.0675);
#803=VECTOR('',#3009,0.0675);
#804=VECTOR('',#3014,0.0820000000000001);
#805=VECTOR('',#3019,0.0820000000000001);
#806=VECTOR('',#3022,0.0820000000000001);
#807=VECTOR('',#3025,0.0820000000000001);
#808=VECTOR('',#3028,0.0820000000000001);
#809=VECTOR('',#3031,0.0820000000000001);
#810=VECTOR('',#3034,0.0820000000000001);
#811=VECTOR('',#3037,0.0820000000000001);
#812=VECTOR('',#3040,0.0820000000000001);
#813=VECTOR('',#3043,0.0820000000000001);
#814=VECTOR('',#3046,0.0820000000000001);
#815=VECTOR('',#3049,0.0820000000000001);
#816=VECTOR('',#3052,0.0820000000000001);
#817=VECTOR('',#3055,0.0820000000000001);
#818=VECTOR('',#3058,0.0820000000000001);
#819=VECTOR('',#3061,0.0820000000000001);
#820=VECTOR('',#3066,0.0675);
#821=VECTOR('',#3071,0.0675);
#822=VECTOR('',#3074,0.0675);
#823=VECTOR('',#3077,0.0675);
#824=VECTOR('',#3080,0.0675);
#825=VECTOR('',#3083,0.0675);
#826=VECTOR('',#3086,0.0675);
#827=VECTOR('',#3089,0.0675);
#828=VECTOR('',#3092,0.0675);
#829=VECTOR('',#3095,0.0675);
#830=VECTOR('',#3098,0.0675);
#831=VECTOR('',#3101,0.0675);
#832=VECTOR('',#3104,0.0675);
#833=VECTOR('',#3107,0.0675);
#834=VECTOR('',#3110,0.0675);
#835=VECTOR('',#3113,0.0675);
#836=VECTOR('',#3118,0.0819999999999997);
#837=VECTOR('',#3123,0.0819999999999997);
#838=VECTOR('',#3126,0.0819999999999997);
#839=VECTOR('',#3129,0.0819999999999997);
#840=VECTOR('',#3132,0.0819999999999997);
#841=VECTOR('',#3135,0.0819999999999997);
#842=VECTOR('',#3138,0.0819999999999997);
#843=VECTOR('',#3141,0.0819999999999997);
#844=VECTOR('',#3144,0.0819999999999997);
#845=VECTOR('',#3147,0.0819999999999997);
#846=VECTOR('',#3150,0.0819999999999997);
#847=VECTOR('',#3153,0.0819999999999997);
#848=VECTOR('',#3156,0.0819999999999997);
#849=VECTOR('',#3159,0.0819999999999997);
#850=VECTOR('',#3162,0.0819999999999997);
#851=VECTOR('',#3165,0.0819999999999997);
#852=VECTOR('',#3180,0.393700787401575);
#853=VECTOR('',#3181,0.393700787401575);
#854=VECTOR('',#3194,0.393700787401575);
#855=VECTOR('',#3195,0.393700787401575);
#856=VECTOR('',#3206,0.393700787401575);
#857=VECTOR('',#3207,0.393700787401575);
#858=VECTOR('',#3218,0.393700787401575);
#859=VECTOR('',#3219,0.393700787401575);
#860=VECTOR('',#3232,0.393700787401575);
#861=VECTOR('',#3233,0.393700787401575);
#862=VECTOR('',#3242,0.393700787401575);
#863=VECTOR('',#3243,0.393700787401575);
#864=VECTOR('',#3246,0.393700787401575);
#865=VECTOR('',#3247,0.393700787401575);
#866=VECTOR('',#3248,0.393700787401575);
#867=VECTOR('',#3251,0.393700787401575);
#868=VECTOR('',#3256,0.393700787401575);
#869=VECTOR('',#3257,0.393700787401575);
#870=VECTOR('',#3260,0.393700787401575);
#871=VECTOR('',#3265,0.393700787401575);
#872=VECTOR('',#3266,0.393700787401575);
#873=VECTOR('',#3269,0.393700787401575);
#874=VECTOR('',#3278,0.393700787401575);
#875=VECTOR('',#3281,0.393700787401575);
#876=VECTOR('',#3292,0.393700787401575);
#877=VECTOR('',#3293,0.393700787401575);
#878=VECTOR('',#3306,0.393700787401575);
#879=VECTOR('',#3307,0.393700787401575);
#880=VECTOR('',#3318,0.393700787401575);
#881=VECTOR('',#3327,0.393700787401575);
#882=VECTOR('',#3338,0.393700787401575);
#883=VECTOR('',#3343,0.393700787401575);
#884=VECTOR('',#3346,0.393700787401575);
#885=VECTOR('',#3349,0.393700787401575);
#886=VECTOR('',#3352,0.393700787401575);
#887=VECTOR('',#3355,0.393700787401575);
#888=VERTEX_POINT('',#3380);
#889=VERTEX_POINT('',#3381);
#890=VERTEX_POINT('',#3383);
#891=VERTEX_POINT('',#3388);
#892=VERTEX_POINT('',#3404);
#893=VERTEX_POINT('',#3405);
#894=VERTEX_POINT('',#3452);
#895=VERTEX_POINT('',#3453);
#896=VERTEX_POINT('',#3503);
#897=VERTEX_POINT('',#3504);
#898=VERTEX_POINT('',#3554);
#899=VERTEX_POINT('',#3555);
#900=VERTEX_POINT('',#3602);
#901=VERTEX_POINT('',#3603);
#902=VERTEX_POINT('',#3653);
#903=VERTEX_POINT('',#3654);
#904=VERTEX_POINT('',#3704);
#905=VERTEX_POINT('',#3705);
#906=VERTEX_POINT('',#3752);
#907=VERTEX_POINT('',#3753);
#908=VERTEX_POINT('',#3803);
#909=VERTEX_POINT('',#3804);
#910=VERTEX_POINT('',#3854);
#911=VERTEX_POINT('',#3855);
#912=VERTEX_POINT('',#3902);
#913=VERTEX_POINT('',#3903);
#914=VERTEX_POINT('',#3953);
#915=VERTEX_POINT('',#3954);
#916=VERTEX_POINT('',#4004);
#917=VERTEX_POINT('',#4005);
#918=VERTEX_POINT('',#4052);
#919=VERTEX_POINT('',#4053);
#920=VERTEX_POINT('',#4103);
#921=VERTEX_POINT('',#4104);
#922=VERTEX_POINT('',#4106);
#923=VERTEX_POINT('',#4120);
#924=VERTEX_POINT('',#4145);
#925=VERTEX_POINT('',#4146);
#926=VERTEX_POINT('',#4148);
#927=VERTEX_POINT('',#4157);
#928=VERTEX_POINT('',#4169);
#929=VERTEX_POINT('',#4170);
#930=VERTEX_POINT('',#4194);
#931=VERTEX_POINT('',#4195);
#932=VERTEX_POINT('',#4218);
#933=VERTEX_POINT('',#4219);
#934=VERTEX_POINT('',#4243);
#935=VERTEX_POINT('',#4244);
#936=VERTEX_POINT('',#4268);
#937=VERTEX_POINT('',#4269);
#938=VERTEX_POINT('',#4292);
#939=VERTEX_POINT('',#4293);
#940=VERTEX_POINT('',#4317);
#941=VERTEX_POINT('',#4318);
#942=VERTEX_POINT('',#4342);
#943=VERTEX_POINT('',#4343);
#944=VERTEX_POINT('',#4366);
#945=VERTEX_POINT('',#4367);
#946=VERTEX_POINT('',#4391);
#947=VERTEX_POINT('',#4392);
#948=VERTEX_POINT('',#4416);
#949=VERTEX_POINT('',#4417);
#950=VERTEX_POINT('',#4440);
#951=VERTEX_POINT('',#4441);
#952=VERTEX_POINT('',#4465);
#953=VERTEX_POINT('',#4466);
#954=VERTEX_POINT('',#4490);
#955=VERTEX_POINT('',#4491);
#956=VERTEX_POINT('',#4514);
#957=VERTEX_POINT('',#4515);
#958=VERTEX_POINT('',#4517);
#959=VERTEX_POINT('',#4523);
#960=VERTEX_POINT('',#4532);
#961=VERTEX_POINT('',#4533);
#962=VERTEX_POINT('',#4535);
#963=VERTEX_POINT('',#4540);
#964=VERTEX_POINT('',#4556);
#965=VERTEX_POINT('',#4557);
#966=VERTEX_POINT('',#4604);
#967=VERTEX_POINT('',#4605);
#968=VERTEX_POINT('',#4655);
#969=VERTEX_POINT('',#4656);
#970=VERTEX_POINT('',#4706);
#971=VERTEX_POINT('',#4707);
#972=VERTEX_POINT('',#4754);
#973=VERTEX_POINT('',#4755);
#974=VERTEX_POINT('',#4805);
#975=VERTEX_POINT('',#4806);
#976=VERTEX_POINT('',#4856);
#977=VERTEX_POINT('',#4857);
#978=VERTEX_POINT('',#4904);
#979=VERTEX_POINT('',#4905);
#980=VERTEX_POINT('',#4955);
#981=VERTEX_POINT('',#4956);
#982=VERTEX_POINT('',#5006);
#983=VERTEX_POINT('',#5007);
#984=VERTEX_POINT('',#5054);
#985=VERTEX_POINT('',#5055);
#986=VERTEX_POINT('',#5105);
#987=VERTEX_POINT('',#5106);
#988=VERTEX_POINT('',#5156);
#989=VERTEX_POINT('',#5157);
#990=VERTEX_POINT('',#5204);
#991=VERTEX_POINT('',#5205);
#992=VERTEX_POINT('',#5255);
#993=VERTEX_POINT('',#5256);
#994=VERTEX_POINT('',#5258);
#995=VERTEX_POINT('',#5272);
#996=VERTEX_POINT('',#5297);
#997=VERTEX_POINT('',#5298);
#998=VERTEX_POINT('',#5300);
#999=VERTEX_POINT('',#5309);
#1000=VERTEX_POINT('',#5321);
#1001=VERTEX_POINT('',#5322);
#1002=VERTEX_POINT('',#5346);
#1003=VERTEX_POINT('',#5347);
#1004=VERTEX_POINT('',#5370);
#1005=VERTEX_POINT('',#5371);
#1006=VERTEX_POINT('',#5395);
#1007=VERTEX_POINT('',#5396);
#1008=VERTEX_POINT('',#5420);
#1009=VERTEX_POINT('',#5421);
#1010=VERTEX_POINT('',#5444);
#1011=VERTEX_POINT('',#5445);
#1012=VERTEX_POINT('',#5469);
#1013=VERTEX_POINT('',#5470);
#1014=VERTEX_POINT('',#5494);
#1015=VERTEX_POINT('',#5495);
#1016=VERTEX_POINT('',#5518);
#1017=VERTEX_POINT('',#5519);
#1018=VERTEX_POINT('',#5543);
#1019=VERTEX_POINT('',#5544);
#1020=VERTEX_POINT('',#5568);
#1021=VERTEX_POINT('',#5569);
#1022=VERTEX_POINT('',#5592);
#1023=VERTEX_POINT('',#5593);
#1024=VERTEX_POINT('',#5617);
#1025=VERTEX_POINT('',#5618);
#1026=VERTEX_POINT('',#5642);
#1027=VERTEX_POINT('',#5643);
#1028=VERTEX_POINT('',#5666);
#1029=VERTEX_POINT('',#5667);
#1030=VERTEX_POINT('',#5669);
#1031=VERTEX_POINT('',#5675);
#1032=VERTEX_POINT('',#5684);
#1033=VERTEX_POINT('',#5685);
#1034=VERTEX_POINT('',#5687);
#1035=VERTEX_POINT('',#5692);
#1036=VERTEX_POINT('',#5708);
#1037=VERTEX_POINT('',#5709);
#1038=VERTEX_POINT('',#5756);
#1039=VERTEX_POINT('',#5757);
#1040=VERTEX_POINT('',#5807);
#1041=VERTEX_POINT('',#5808);
#1042=VERTEX_POINT('',#5858);
#1043=VERTEX_POINT('',#5859);
#1044=VERTEX_POINT('',#5906);
#1045=VERTEX_POINT('',#5907);
#1046=VERTEX_POINT('',#5957);
#1047=VERTEX_POINT('',#5958);
#1048=VERTEX_POINT('',#6008);
#1049=VERTEX_POINT('',#6009);
#1050=VERTEX_POINT('',#6056);
#1051=VERTEX_POINT('',#6057);
#1052=VERTEX_POINT('',#6107);
#1053=VERTEX_POINT('',#6108);
#1054=VERTEX_POINT('',#6158);
#1055=VERTEX_POINT('',#6159);
#1056=VERTEX_POINT('',#6206);
#1057=VERTEX_POINT('',#6207);
#1058=VERTEX_POINT('',#6257);
#1059=VERTEX_POINT('',#6258);
#1060=VERTEX_POINT('',#6308);
#1061=VERTEX_POINT('',#6309);
#1062=VERTEX_POINT('',#6356);
#1063=VERTEX_POINT('',#6357);
#1064=VERTEX_POINT('',#6407);
#1065=VERTEX_POINT('',#6408);
#1066=VERTEX_POINT('',#6410);
#1067=VERTEX_POINT('',#6424);
#1068=VERTEX_POINT('',#6449);
#1069=VERTEX_POINT('',#6450);
#1070=VERTEX_POINT('',#6452);
#1071=VERTEX_POINT('',#6461);
#1072=VERTEX_POINT('',#6473);
#1073=VERTEX_POINT('',#6474);
#1074=VERTEX_POINT('',#6498);
#1075=VERTEX_POINT('',#6499);
#1076=VERTEX_POINT('',#6522);
#1077=VERTEX_POINT('',#6523);
#1078=VERTEX_POINT('',#6547);
#1079=VERTEX_POINT('',#6548);
#1080=VERTEX_POINT('',#6572);
#1081=VERTEX_POINT('',#6573);
#1082=VERTEX_POINT('',#6596);
#1083=VERTEX_POINT('',#6597);
#1084=VERTEX_POINT('',#6621);
#1085=VERTEX_POINT('',#6622);
#1086=VERTEX_POINT('',#6646);
#1087=VERTEX_POINT('',#6647);
#1088=VERTEX_POINT('',#6670);
#1089=VERTEX_POINT('',#6671);
#1090=VERTEX_POINT('',#6695);
#1091=VERTEX_POINT('',#6696);
#1092=VERTEX_POINT('',#6720);
#1093=VERTEX_POINT('',#6721);
#1094=VERTEX_POINT('',#6744);
#1095=VERTEX_POINT('',#6745);
#1096=VERTEX_POINT('',#6769);
#1097=VERTEX_POINT('',#6770);
#1098=VERTEX_POINT('',#6794);
#1099=VERTEX_POINT('',#6795);
#1100=VERTEX_POINT('',#6818);
#1101=VERTEX_POINT('',#6819);
#1102=VERTEX_POINT('',#6821);
#1103=VERTEX_POINT('',#6827);
#1104=VERTEX_POINT('',#6844);
#1105=VERTEX_POINT('',#6845);
#1106=VERTEX_POINT('',#6847);
#1107=VERTEX_POINT('',#6849);
#1108=VERTEX_POINT('',#6853);
#1109=VERTEX_POINT('',#6854);
#1110=VERTEX_POINT('',#6859);
#1111=VERTEX_POINT('',#6860);
#1112=VERTEX_POINT('',#6865);
#1113=VERTEX_POINT('',#6866);
#1114=VERTEX_POINT('',#6879);
#1115=VERTEX_POINT('',#6880);
#1116=VERTEX_POINT('',#6885);
#1117=VERTEX_POINT('',#6886);
#1118=VERTEX_POINT('',#6899);
#1119=VERTEX_POINT('',#6900);
#1120=VERTEX_POINT('',#6905);
#1121=VERTEX_POINT('',#6906);
#1122=VERTEX_POINT('',#6911);
#1123=VERTEX_POINT('',#6912);
#1124=VERTEX_POINT('',#6917);
#1125=VERTEX_POINT('',#6918);
#1126=VERTEX_POINT('',#6931);
#1127=VERTEX_POINT('',#6932);
#1128=VERTEX_POINT('',#6940);
#1129=VERTEX_POINT('',#6942);
#1130=VERTEX_POINT('',#6946);
#1131=VERTEX_POINT('',#6950);
#1132=VERTEX_POINT('',#6954);
#1133=VERTEX_POINT('',#6958);
#1134=VERTEX_POINT('',#6962);
#1135=VERTEX_POINT('',#6967);
#1136=VERTEX_POINT('',#6969);
#1137=VERTEX_POINT('',#6971);
#1138=VERTEX_POINT('',#6983);
#1139=VERTEX_POINT('',#6984);
#1140=VERTEX_POINT('',#6989);
#1141=VERTEX_POINT('',#6990);
#1142=VERTEX_POINT('',#6995);
#1143=VERTEX_POINT('',#6996);
#1144=VERTEX_POINT('',#7001);
#1145=VERTEX_POINT('',#7002);
#1146=VERTEX_POINT('',#7015);
#1147=VERTEX_POINT('',#7020);
#1148=VERTEX_POINT('',#7032);
#1149=VERTEX_POINT('',#7036);
#1150=VERTEX_POINT('',#7040);
#1151=VERTEX_POINT('',#7044);
#1152=EDGE_CURVE('',#888,#889,#624,.T.);
#1153=EDGE_CURVE('',#889,#890,#408,.T.);
#1154=EDGE_CURVE('',#890,#891,#348,.F.);
#1155=EDGE_CURVE('',#891,#888,#409,.T.);
#1156=EDGE_CURVE('',#892,#893,#625,.T.);
#1157=EDGE_CURVE('',#893,#889,#410,.T.);
#1158=EDGE_CURVE('',#888,#892,#411,.T.);
#1159=EDGE_CURVE('',#894,#895,#626,.T.);
#1160=EDGE_CURVE('',#895,#893,#412,.T.);
#1161=EDGE_CURVE('',#892,#894,#413,.T.);
#1162=EDGE_CURVE('',#896,#897,#627,.T.);
#1163=EDGE_CURVE('',#897,#895,#414,.T.);
#1164=EDGE_CURVE('',#894,#896,#415,.T.);
#1165=EDGE_CURVE('',#898,#899,#628,.T.);
#1166=EDGE_CURVE('',#899,#897,#416,.T.);
#1167=EDGE_CURVE('',#896,#898,#417,.T.);
#1168=EDGE_CURVE('',#900,#901,#629,.T.);
#1169=EDGE_CURVE('',#901,#899,#418,.T.);
#1170=EDGE_CURVE('',#898,#900,#419,.T.);
#1171=EDGE_CURVE('',#902,#903,#630,.T.);
#1172=EDGE_CURVE('',#903,#901,#420,.T.);
#1173=EDGE_CURVE('',#900,#902,#421,.T.);
#1174=EDGE_CURVE('',#904,#905,#631,.T.);
#1175=EDGE_CURVE('',#905,#903,#422,.T.);
#1176=EDGE_CURVE('',#902,#904,#423,.T.);
#1177=EDGE_CURVE('',#906,#907,#632,.T.);
#1178=EDGE_CURVE('',#907,#905,#424,.T.);
#1179=EDGE_CURVE('',#904,#906,#425,.T.);
#1180=EDGE_CURVE('',#908,#909,#633,.T.);
#1181=EDGE_CURVE('',#909,#907,#426,.T.);
#1182=EDGE_CURVE('',#906,#908,#427,.T.);
#1183=EDGE_CURVE('',#910,#911,#634,.T.);
#1184=EDGE_CURVE('',#911,#909,#428,.T.);
#1185=EDGE_CURVE('',#908,#910,#429,.T.);
#1186=EDGE_CURVE('',#912,#913,#635,.T.);
#1187=EDGE_CURVE('',#913,#911,#430,.T.);
#1188=EDGE_CURVE('',#910,#912,#431,.T.);
#1189=EDGE_CURVE('',#914,#915,#636,.T.);
#1190=EDGE_CURVE('',#915,#913,#432,.T.);
#1191=EDGE_CURVE('',#912,#914,#433,.T.);
#1192=EDGE_CURVE('',#916,#917,#637,.T.);
#1193=EDGE_CURVE('',#917,#915,#434,.T.);
#1194=EDGE_CURVE('',#914,#916,#435,.T.);
#1195=EDGE_CURVE('',#918,#919,#638,.T.);
#1196=EDGE_CURVE('',#919,#917,#436,.T.);
#1197=EDGE_CURVE('',#916,#918,#437,.T.);
#1198=EDGE_CURVE('',#920,#921,#639,.T.);
#1199=EDGE_CURVE('',#920,#922,#438,.T.);
#1200=EDGE_CURVE('',#923,#922,#349,.T.);
#1201=EDGE_CURVE('',#923,#921,#439,.T.);
#1202=EDGE_CURVE('',#924,#925,#640,.T.);
#1203=EDGE_CURVE('',#925,#926,#440,.T.);
#1204=EDGE_CURVE('',#927,#926,#350,.T.);
#1205=EDGE_CURVE('',#924,#927,#441,.T.);
#1206=EDGE_CURVE('',#928,#929,#641,.T.);
#1207=EDGE_CURVE('',#929,#925,#442,.T.);
#1208=EDGE_CURVE('',#928,#924,#443,.T.);
#1209=EDGE_CURVE('',#930,#931,#642,.T.);
#1210=EDGE_CURVE('',#931,#929,#444,.T.);
#1211=EDGE_CURVE('',#930,#928,#445,.T.);
#1212=EDGE_CURVE('',#932,#933,#643,.T.);
#1213=EDGE_CURVE('',#933,#931,#446,.T.);
#1214=EDGE_CURVE('',#932,#930,#447,.T.);
#1215=EDGE_CURVE('',#934,#935,#644,.T.);
#1216=EDGE_CURVE('',#935,#933,#448,.T.);
#1217=EDGE_CURVE('',#934,#932,#449,.T.);
#1218=EDGE_CURVE('',#936,#937,#645,.T.);
#1219=EDGE_CURVE('',#937,#935,#450,.T.);
#1220=EDGE_CURVE('',#936,#934,#451,.T.);
#1221=EDGE_CURVE('',#938,#939,#646,.T.);
#1222=EDGE_CURVE('',#939,#937,#452,.T.);
#1223=EDGE_CURVE('',#938,#936,#453,.T.);
#1224=EDGE_CURVE('',#940,#941,#647,.T.);
#1225=EDGE_CURVE('',#941,#939,#454,.T.);
#1226=EDGE_CURVE('',#940,#938,#455,.T.);
#1227=EDGE_CURVE('',#942,#943,#648,.T.);
#1228=EDGE_CURVE('',#943,#941,#456,.T.);
#1229=EDGE_CURVE('',#942,#940,#457,.T.);
#1230=EDGE_CURVE('',#944,#945,#649,.T.);
#1231=EDGE_CURVE('',#945,#943,#458,.T.);
#1232=EDGE_CURVE('',#944,#942,#459,.T.);
#1233=EDGE_CURVE('',#946,#947,#650,.T.);
#1234=EDGE_CURVE('',#947,#945,#460,.T.);
#1235=EDGE_CURVE('',#946,#944,#461,.T.);
#1236=EDGE_CURVE('',#948,#949,#651,.T.);
#1237=EDGE_CURVE('',#949,#947,#462,.T.);
#1238=EDGE_CURVE('',#948,#946,#463,.T.);
#1239=EDGE_CURVE('',#950,#951,#652,.T.);
#1240=EDGE_CURVE('',#951,#949,#464,.T.);
#1241=EDGE_CURVE('',#950,#948,#465,.T.);
#1242=EDGE_CURVE('',#952,#953,#653,.T.);
#1243=EDGE_CURVE('',#953,#951,#466,.T.);
#1244=EDGE_CURVE('',#952,#950,#467,.T.);
#1245=EDGE_CURVE('',#954,#955,#654,.T.);
#1246=EDGE_CURVE('',#955,#953,#468,.T.);
#1247=EDGE_CURVE('',#954,#952,#469,.T.);
#1248=EDGE_CURVE('',#956,#957,#655,.T.);
#1249=EDGE_CURVE('',#958,#956,#470,.T.);
#1250=EDGE_CURVE('',#959,#958,#351,.T.);
#1251=EDGE_CURVE('',#959,#957,#471,.T.);
#1252=EDGE_CURVE('',#960,#961,#656,.T.);
#1253=EDGE_CURVE('',#961,#962,#472,.T.);
#1254=EDGE_CURVE('',#962,#963,#352,.F.);
#1255=EDGE_CURVE('',#963,#960,#473,.T.);
#1256=EDGE_CURVE('',#964,#965,#657,.T.);
#1257=EDGE_CURVE('',#965,#961,#474,.T.);
#1258=EDGE_CURVE('',#960,#964,#475,.T.);
#1259=EDGE_CURVE('',#966,#967,#658,.T.);
#1260=EDGE_CURVE('',#967,#965,#476,.T.);
#1261=EDGE_CURVE('',#964,#966,#477,.T.);
#1262=EDGE_CURVE('',#968,#969,#659,.T.);
#1263=EDGE_CURVE('',#969,#967,#478,.T.);
#1264=EDGE_CURVE('',#966,#968,#479,.T.);
#1265=EDGE_CURVE('',#970,#971,#660,.T.);
#1266=EDGE_CURVE('',#971,#969,#480,.T.);
#1267=EDGE_CURVE('',#968,#970,#481,.T.);
#1268=EDGE_CURVE('',#972,#973,#661,.T.);
#1269=EDGE_CURVE('',#973,#971,#482,.T.);
#1270=EDGE_CURVE('',#970,#972,#483,.T.);
#1271=EDGE_CURVE('',#974,#975,#662,.T.);
#1272=EDGE_CURVE('',#975,#973,#484,.T.);
#1273=EDGE_CURVE('',#972,#974,#485,.T.);
#1274=EDGE_CURVE('',#976,#977,#663,.T.);
#1275=EDGE_CURVE('',#977,#975,#486,.T.);
#1276=EDGE_CURVE('',#974,#976,#487,.T.);
#1277=EDGE_CURVE('',#978,#979,#664,.T.);
#1278=EDGE_CURVE('',#979,#977,#488,.T.);
#1279=EDGE_CURVE('',#976,#978,#489,.T.);
#1280=EDGE_CURVE('',#980,#981,#665,.T.);
#1281=EDGE_CURVE('',#981,#979,#490,.T.);
#1282=EDGE_CURVE('',#978,#980,#491,.T.);
#1283=EDGE_CURVE('',#982,#983,#666,.T.);
#1284=EDGE_CURVE('',#983,#981,#492,.T.);
#1285=EDGE_CURVE('',#980,#982,#493,.T.);
#1286=EDGE_CURVE('',#984,#985,#667,.T.);
#1287=EDGE_CURVE('',#985,#983,#494,.T.);
#1288=EDGE_CURVE('',#982,#984,#495,.T.);
#1289=EDGE_CURVE('',#986,#987,#668,.T.);
#1290=EDGE_CURVE('',#987,#985,#496,.T.);
#1291=EDGE_CURVE('',#984,#986,#497,.T.);
#1292=EDGE_CURVE('',#988,#989,#669,.T.);
#1293=EDGE_CURVE('',#989,#987,#498,.T.);
#1294=EDGE_CURVE('',#986,#988,#499,.T.);
#1295=EDGE_CURVE('',#990,#991,#670,.T.);
#1296=EDGE_CURVE('',#991,#989,#500,.T.);
#1297=EDGE_CURVE('',#988,#990,#501,.T.);
#1298=EDGE_CURVE('',#992,#993,#671,.T.);
#1299=EDGE_CURVE('',#992,#994,#502,.T.);
#1300=EDGE_CURVE('',#995,#994,#353,.T.);
#1301=EDGE_CURVE('',#995,#993,#503,.T.);
#1302=EDGE_CURVE('',#996,#997,#672,.T.);
#1303=EDGE_CURVE('',#997,#998,#504,.T.);
#1304=EDGE_CURVE('',#999,#998,#354,.T.);
#1305=EDGE_CURVE('',#996,#999,#505,.T.);
#1306=EDGE_CURVE('',#1000,#1001,#673,.T.);
#1307=EDGE_CURVE('',#1001,#997,#506,.T.);
#1308=EDGE_CURVE('',#1000,#996,#507,.T.);
#1309=EDGE_CURVE('',#1002,#1003,#674,.T.);
#1310=EDGE_CURVE('',#1003,#1001,#508,.T.);
#1311=EDGE_CURVE('',#1002,#1000,#509,.T.);
#1312=EDGE_CURVE('',#1004,#1005,#675,.T.);
#1313=EDGE_CURVE('',#1005,#1003,#510,.T.);
#1314=EDGE_CURVE('',#1004,#1002,#511,.T.);
#1315=EDGE_CURVE('',#1006,#1007,#676,.T.);
#1316=EDGE_CURVE('',#1007,#1005,#512,.T.);
#1317=EDGE_CURVE('',#1006,#1004,#513,.T.);
#1318=EDGE_CURVE('',#1008,#1009,#677,.T.);
#1319=EDGE_CURVE('',#1009,#1007,#514,.T.);
#1320=EDGE_CURVE('',#1008,#1006,#515,.T.);
#1321=EDGE_CURVE('',#1010,#1011,#678,.T.);
#1322=EDGE_CURVE('',#1011,#1009,#516,.T.);
#1323=EDGE_CURVE('',#1010,#1008,#517,.T.);
#1324=EDGE_CURVE('',#1012,#1013,#679,.T.);
#1325=EDGE_CURVE('',#1013,#1011,#518,.T.);
#1326=EDGE_CURVE('',#1012,#1010,#519,.T.);
#1327=EDGE_CURVE('',#1014,#1015,#680,.T.);
#1328=EDGE_CURVE('',#1015,#1013,#520,.T.);
#1329=EDGE_CURVE('',#1014,#1012,#521,.T.);
#1330=EDGE_CURVE('',#1016,#1017,#681,.T.);
#1331=EDGE_CURVE('',#1017,#1015,#522,.T.);
#1332=EDGE_CURVE('',#1016,#1014,#523,.T.);
#1333=EDGE_CURVE('',#1018,#1019,#682,.T.);
#1334=EDGE_CURVE('',#1019,#1017,#524,.T.);
#1335=EDGE_CURVE('',#1018,#1016,#525,.T.);
#1336=EDGE_CURVE('',#1020,#1021,#683,.T.);
#1337=EDGE_CURVE('',#1021,#1019,#526,.T.);
#1338=EDGE_CURVE('',#1020,#1018,#527,.T.);
#1339=EDGE_CURVE('',#1022,#1023,#684,.T.);
#1340=EDGE_CURVE('',#1023,#1021,#528,.T.);
#1341=EDGE_CURVE('',#1022,#1020,#529,.T.);
#1342=EDGE_CURVE('',#1024,#1025,#685,.T.);
#1343=EDGE_CURVE('',#1025,#1023,#530,.T.);
#1344=EDGE_CURVE('',#1024,#1022,#531,.T.);
#1345=EDGE_CURVE('',#1026,#1027,#686,.T.);
#1346=EDGE_CURVE('',#1027,#1025,#532,.T.);
#1347=EDGE_CURVE('',#1026,#1024,#533,.T.);
#1348=EDGE_CURVE('',#1028,#1029,#687,.T.);
#1349=EDGE_CURVE('',#1030,#1028,#534,.T.);
#1350=EDGE_CURVE('',#1031,#1030,#355,.T.);
#1351=EDGE_CURVE('',#1031,#1029,#535,.T.);
#1352=EDGE_CURVE('',#1032,#1033,#688,.T.);
#1353=EDGE_CURVE('',#1033,#1034,#536,.T.);
#1354=EDGE_CURVE('',#1034,#1035,#356,.F.);
#1355=EDGE_CURVE('',#1035,#1032,#537,.T.);
#1356=EDGE_CURVE('',#1036,#1037,#689,.T.);
#1357=EDGE_CURVE('',#1037,#1033,#538,.T.);
#1358=EDGE_CURVE('',#1032,#1036,#539,.T.);
#1359=EDGE_CURVE('',#1038,#1039,#690,.T.);
#1360=EDGE_CURVE('',#1039,#1037,#540,.T.);
#1361=EDGE_CURVE('',#1036,#1038,#541,.T.);
#1362=EDGE_CURVE('',#1040,#1041,#691,.T.);
#1363=EDGE_CURVE('',#1041,#1039,#542,.T.);
#1364=EDGE_CURVE('',#1038,#1040,#543,.T.);
#1365=EDGE_CURVE('',#1042,#1043,#692,.T.);
#1366=EDGE_CURVE('',#1043,#1041,#544,.T.);
#1367=EDGE_CURVE('',#1040,#1042,#545,.T.);
#1368=EDGE_CURVE('',#1044,#1045,#693,.T.);
#1369=EDGE_CURVE('',#1045,#1043,#546,.T.);
#1370=EDGE_CURVE('',#1042,#1044,#547,.T.);
#1371=EDGE_CURVE('',#1046,#1047,#694,.T.);
#1372=EDGE_CURVE('',#1047,#1045,#548,.T.);
#1373=EDGE_CURVE('',#1044,#1046,#549,.T.);
#1374=EDGE_CURVE('',#1048,#1049,#695,.T.);
#1375=EDGE_CURVE('',#1049,#1047,#550,.T.);
#1376=EDGE_CURVE('',#1046,#1048,#551,.T.);
#1377=EDGE_CURVE('',#1050,#1051,#696,.T.);
#1378=EDGE_CURVE('',#1051,#1049,#552,.T.);
#1379=EDGE_CURVE('',#1048,#1050,#553,.T.);
#1380=EDGE_CURVE('',#1052,#1053,#697,.T.);
#1381=EDGE_CURVE('',#1053,#1051,#554,.T.);
#1382=EDGE_CURVE('',#1050,#1052,#555,.T.);
#1383=EDGE_CURVE('',#1054,#1055,#698,.T.);
#1384=EDGE_CURVE('',#1055,#1053,#556,.T.);
#1385=EDGE_CURVE('',#1052,#1054,#557,.T.);
#1386=EDGE_CURVE('',#1056,#1057,#699,.T.);
#1387=EDGE_CURVE('',#1057,#1055,#558,.T.);
#1388=EDGE_CURVE('',#1054,#1056,#559,.T.);
#1389=EDGE_CURVE('',#1058,#1059,#700,.T.);
#1390=EDGE_CURVE('',#1059,#1057,#560,.T.);
#1391=EDGE_CURVE('',#1056,#1058,#561,.T.);
#1392=EDGE_CURVE('',#1060,#1061,#701,.T.);
#1393=EDGE_CURVE('',#1061,#1059,#562,.T.);
#1394=EDGE_CURVE('',#1058,#1060,#563,.T.);
#1395=EDGE_CURVE('',#1062,#1063,#702,.T.);
#1396=EDGE_CURVE('',#1063,#1061,#564,.T.);
#1397=EDGE_CURVE('',#1060,#1062,#565,.T.);
#1398=EDGE_CURVE('',#1064,#1065,#703,.T.);
#1399=EDGE_CURVE('',#1064,#1066,#566,.T.);
#1400=EDGE_CURVE('',#1067,#1066,#357,.T.);
#1401=EDGE_CURVE('',#1067,#1065,#567,.T.);
#1402=EDGE_CURVE('',#1068,#1069,#704,.T.);
#1403=EDGE_CURVE('',#1069,#1070,#568,.T.);
#1404=EDGE_CURVE('',#1071,#1070,#358,.T.);
#1405=EDGE_CURVE('',#1068,#1071,#569,.T.);
#1406=EDGE_CURVE('',#1072,#1073,#705,.T.);
#1407=EDGE_CURVE('',#1073,#1069,#570,.T.);
#1408=EDGE_CURVE('',#1072,#1068,#571,.T.);
#1409=EDGE_CURVE('',#1074,#1075,#706,.T.);
#1410=EDGE_CURVE('',#1075,#1073,#572,.T.);
#1411=EDGE_CURVE('',#1074,#1072,#573,.T.);
#1412=EDGE_CURVE('',#1076,#1077,#707,.T.);
#1413=EDGE_CURVE('',#1077,#1075,#574,.T.);
#1414=EDGE_CURVE('',#1076,#1074,#575,.T.);
#1415=EDGE_CURVE('',#1078,#1079,#708,.T.);
#1416=EDGE_CURVE('',#1079,#1077,#576,.T.);
#1417=EDGE_CURVE('',#1078,#1076,#577,.T.);
#1418=EDGE_CURVE('',#1080,#1081,#709,.T.);
#1419=EDGE_CURVE('',#1081,#1079,#578,.T.);
#1420=EDGE_CURVE('',#1080,#1078,#579,.T.);
#1421=EDGE_CURVE('',#1082,#1083,#710,.T.);
#1422=EDGE_CURVE('',#1083,#1081,#580,.T.);
#1423=EDGE_CURVE('',#1082,#1080,#581,.T.);
#1424=EDGE_CURVE('',#1084,#1085,#711,.T.);
#1425=EDGE_CURVE('',#1085,#1083,#582,.T.);
#1426=EDGE_CURVE('',#1084,#1082,#583,.T.);
#1427=EDGE_CURVE('',#1086,#1087,#712,.T.);
#1428=EDGE_CURVE('',#1087,#1085,#584,.T.);
#1429=EDGE_CURVE('',#1086,#1084,#585,.T.);
#1430=EDGE_CURVE('',#1088,#1089,#713,.T.);
#1431=EDGE_CURVE('',#1089,#1087,#586,.T.);
#1432=EDGE_CURVE('',#1088,#1086,#587,.T.);
#1433=EDGE_CURVE('',#1090,#1091,#714,.T.);
#1434=EDGE_CURVE('',#1091,#1089,#588,.T.);
#1435=EDGE_CURVE('',#1090,#1088,#589,.T.);
#1436=EDGE_CURVE('',#1092,#1093,#715,.T.);
#1437=EDGE_CURVE('',#1093,#1091,#590,.T.);
#1438=EDGE_CURVE('',#1092,#1090,#591,.T.);
#1439=EDGE_CURVE('',#1094,#1095,#716,.T.);
#1440=EDGE_CURVE('',#1095,#1093,#592,.T.);
#1441=EDGE_CURVE('',#1094,#1092,#593,.T.);
#1442=EDGE_CURVE('',#1096,#1097,#717,.T.);
#1443=EDGE_CURVE('',#1097,#1095,#594,.T.);
#1444=EDGE_CURVE('',#1096,#1094,#595,.T.);
#1445=EDGE_CURVE('',#1098,#1099,#718,.T.);
#1446=EDGE_CURVE('',#1099,#1097,#596,.T.);
#1447=EDGE_CURVE('',#1098,#1096,#597,.T.);
#1448=EDGE_CURVE('',#1100,#1101,#719,.T.);
#1449=EDGE_CURVE('',#1102,#1100,#598,.T.);
#1450=EDGE_CURVE('',#1103,#1102,#359,.T.);
#1451=EDGE_CURVE('',#1103,#1101,#599,.T.);
#1452=EDGE_CURVE('',#1104,#1105,#360,.T.);
#1453=EDGE_CURVE('',#1105,#1106,#361,.T.);
#1454=EDGE_CURVE('',#1106,#1107,#362,.T.);
#1455=EDGE_CURVE('',#1107,#1104,#363,.T.);
#1456=EDGE_CURVE('',#1108,#1109,#364,.T.);
#1457=EDGE_CURVE('',#1109,#1107,#720,.T.);
#1458=EDGE_CURVE('',#1106,#1108,#721,.T.);
#1459=EDGE_CURVE('',#1110,#1111,#365,.T.);
#1460=EDGE_CURVE('',#1111,#1109,#366,.T.);
#1461=EDGE_CURVE('',#1108,#1110,#367,.T.);
#1462=EDGE_CURVE('',#1112,#1113,#368,.T.);
#1463=EDGE_CURVE('',#1113,#1111,#722,.T.);
#1464=EDGE_CURVE('',#1110,#1112,#723,.T.);
#1465=EDGE_CURVE('',#1114,#1115,#369,.T.);
#1466=EDGE_CURVE('',#1115,#1113,#370,.T.);
#1467=EDGE_CURVE('',#1112,#1114,#371,.T.);
#1468=EDGE_CURVE('',#1116,#1117,#372,.T.);
#1469=EDGE_CURVE('',#1117,#1115,#724,.T.);
#1470=EDGE_CURVE('',#1114,#1116,#725,.T.);
#1471=EDGE_CURVE('',#1118,#1119,#373,.T.);
#1472=EDGE_CURVE('',#1119,#1117,#374,.T.);
#1473=EDGE_CURVE('',#1116,#1118,#375,.T.);
#1474=EDGE_CURVE('',#1120,#1121,#376,.T.);
#1475=EDGE_CURVE('',#1121,#1119,#726,.T.);
#1476=EDGE_CURVE('',#1118,#1120,#727,.T.);
#1477=EDGE_CURVE('',#1122,#1123,#377,.T.);
#1478=EDGE_CURVE('',#1123,#1121,#378,.T.);
#1479=EDGE_CURVE('',#1120,#1122,#379,.T.);
#1480=EDGE_CURVE('',#1124,#1125,#380,.T.);
#1481=EDGE_CURVE('',#1125,#1123,#728,.T.);
#1482=EDGE_CURVE('',#1122,#1124,#729,.T.);
#1483=EDGE_CURVE('',#1126,#1127,#381,.T.);
#1484=EDGE_CURVE('',#1127,#1125,#382,.T.);
#1485=EDGE_CURVE('',#1124,#1126,#383,.T.);
#1486=EDGE_CURVE('',#1126,#1105,#730,.T.);
#1487=EDGE_CURVE('',#1104,#1127,#731,.T.);
#1488=EDGE_CURVE('',#1114,#1128,#732,.T.);
#1489=EDGE_CURVE('',#1129,#1128,#733,.T.);
#1490=EDGE_CURVE('',#1116,#1129,#734,.T.);
#1491=EDGE_CURVE('',#1112,#1130,#735,.T.);
#1492=EDGE_CURVE('',#1128,#1130,#384,.T.);
#1493=EDGE_CURVE('',#1110,#1131,#736,.T.);
#1494=EDGE_CURVE('',#1130,#1131,#737,.T.);
#1495=EDGE_CURVE('',#1108,#1132,#738,.T.);
#1496=EDGE_CURVE('',#1131,#1132,#385,.T.);
#1497=EDGE_CURVE('',#1106,#1133,#739,.T.);
#1498=EDGE_CURVE('',#1132,#1133,#740,.T.);
#1499=EDGE_CURVE('',#1105,#1134,#741,.T.);
#1500=EDGE_CURVE('',#1133,#1134,#386,.T.);
#1501=EDGE_CURVE('',#1135,#1134,#387,.T.);
#1502=EDGE_CURVE('',#1134,#1136,#742,.T.);
#1503=EDGE_CURVE('',#1136,#1137,#388,.T.);
#1504=EDGE_CURVE('',#1137,#1135,#743,.T.);
#1505=EDGE_CURVE('',#1138,#1139,#389,.T.);
#1506=EDGE_CURVE('',#1139,#1137,#390,.T.);
#1507=EDGE_CURVE('',#1136,#1138,#391,.T.);
#1508=EDGE_CURVE('',#1140,#1141,#392,.T.);
#1509=EDGE_CURVE('',#1141,#1139,#744,.T.);
#1510=EDGE_CURVE('',#1138,#1140,#745,.T.);
#1511=EDGE_CURVE('',#1142,#1143,#393,.T.);
#1512=EDGE_CURVE('',#1143,#1141,#394,.T.);
#1513=EDGE_CURVE('',#1140,#1142,#395,.T.);
#1514=EDGE_CURVE('',#1144,#1145,#396,.T.);
#1515=EDGE_CURVE('',#1145,#1143,#746,.T.);
#1516=EDGE_CURVE('',#1142,#1144,#747,.T.);
#1517=EDGE_CURVE('',#1129,#1146,#397,.T.);
#1518=EDGE_CURVE('',#1146,#1145,#398,.T.);
#1519=EDGE_CURVE('',#1144,#1129,#399,.T.);
#1520=EDGE_CURVE('',#1128,#1147,#400,.T.);
#1521=EDGE_CURVE('',#1147,#1146,#748,.T.);
#1522=EDGE_CURVE('',#1130,#1148,#401,.T.);
#1523=EDGE_CURVE('',#1148,#1147,#402,.T.);
#1524=EDGE_CURVE('',#1131,#1149,#403,.T.);
#1525=EDGE_CURVE('',#1149,#1148,#749,.T.);
#1526=EDGE_CURVE('',#1132,#1150,#404,.T.);
#1527=EDGE_CURVE('',#1150,#1149,#405,.T.);
#1528=EDGE_CURVE('',#1133,#1151,#406,.T.);
#1529=EDGE_CURVE('',#1151,#1150,#750,.T.);
#1530=EDGE_CURVE('',#1135,#1151,#407,.T.);
#1531=EDGE_CURVE('',#1118,#1144,#751,.T.);
#1532=EDGE_CURVE('',#1120,#1142,#752,.T.);
#1533=EDGE_CURVE('',#1122,#1140,#753,.T.);
#1534=EDGE_CURVE('',#1124,#1138,#754,.T.);
#1535=EDGE_CURVE('',#1126,#1136,#755,.T.);
#1536=EDGE_CURVE('',#958,#923,#600,.T.);
#1537=EDGE_CURVE('',#922,#959,#601,.T.);
#1538=EDGE_CURVE('',#1030,#995,#602,.T.);
#1539=EDGE_CURVE('',#994,#1031,#603,.T.);
#1540=EDGE_CURVE('',#1102,#1067,#604,.T.);
#1541=EDGE_CURVE('',#1066,#1103,#605,.T.);
#1542=EDGE_CURVE('',#1101,#1099,#606,.T.);
#1543=EDGE_CURVE('',#1100,#1098,#607,.T.);
#1544=EDGE_CURVE('',#1070,#1035,#608,.T.);
#1545=EDGE_CURVE('',#1062,#1064,#609,.T.);
#1546=EDGE_CURVE('',#1034,#1071,#610,.T.);
#1547=EDGE_CURVE('',#1065,#1063,#611,.T.);
#1548=EDGE_CURVE('',#1029,#1027,#612,.T.);
#1549=EDGE_CURVE('',#1028,#1026,#613,.T.);
#1550=EDGE_CURVE('',#998,#963,#614,.T.);
#1551=EDGE_CURVE('',#990,#992,#615,.T.);
#1552=EDGE_CURVE('',#962,#999,#616,.T.);
#1553=EDGE_CURVE('',#993,#991,#617,.T.);
#1554=EDGE_CURVE('',#957,#955,#618,.T.);
#1555=EDGE_CURVE('',#956,#954,#619,.T.);
#1556=EDGE_CURVE('',#926,#891,#620,.T.);
#1557=EDGE_CURVE('',#918,#920,#621,.T.);
#1558=EDGE_CURVE('',#890,#927,#622,.T.);
#1559=EDGE_CURVE('',#921,#919,#623,.T.);
#1560=ORIENTED_EDGE('',*,*,#1152,.T.);
#1561=ORIENTED_EDGE('',*,*,#1153,.T.);
#1562=ORIENTED_EDGE('',*,*,#1154,.T.);
#1563=ORIENTED_EDGE('',*,*,#1155,.T.);
#1564=ORIENTED_EDGE('',*,*,#1156,.T.);
#1565=ORIENTED_EDGE('',*,*,#1157,.T.);
#1566=ORIENTED_EDGE('',*,*,#1152,.F.);
#1567=ORIENTED_EDGE('',*,*,#1158,.T.);
#1568=ORIENTED_EDGE('',*,*,#1159,.T.);
#1569=ORIENTED_EDGE('',*,*,#1160,.T.);
#1570=ORIENTED_EDGE('',*,*,#1156,.F.);
#1571=ORIENTED_EDGE('',*,*,#1161,.T.);
#1572=ORIENTED_EDGE('',*,*,#1162,.T.);
#1573=ORIENTED_EDGE('',*,*,#1163,.T.);
#1574=ORIENTED_EDGE('',*,*,#1159,.F.);
#1575=ORIENTED_EDGE('',*,*,#1164,.T.);
#1576=ORIENTED_EDGE('',*,*,#1165,.T.);
#1577=ORIENTED_EDGE('',*,*,#1166,.T.);
#1578=ORIENTED_EDGE('',*,*,#1162,.F.);
#1579=ORIENTED_EDGE('',*,*,#1167,.T.);
#1580=ORIENTED_EDGE('',*,*,#1168,.T.);
#1581=ORIENTED_EDGE('',*,*,#1169,.T.);
#1582=ORIENTED_EDGE('',*,*,#1165,.F.);
#1583=ORIENTED_EDGE('',*,*,#1170,.T.);
#1584=ORIENTED_EDGE('',*,*,#1171,.T.);
#1585=ORIENTED_EDGE('',*,*,#1172,.T.);
#1586=ORIENTED_EDGE('',*,*,#1168,.F.);
#1587=ORIENTED_EDGE('',*,*,#1173,.T.);
#1588=ORIENTED_EDGE('',*,*,#1174,.T.);
#1589=ORIENTED_EDGE('',*,*,#1175,.T.);
#1590=ORIENTED_EDGE('',*,*,#1171,.F.);
#1591=ORIENTED_EDGE('',*,*,#1176,.T.);
#1592=ORIENTED_EDGE('',*,*,#1177,.T.);
#1593=ORIENTED_EDGE('',*,*,#1178,.T.);
#1594=ORIENTED_EDGE('',*,*,#1174,.F.);
#1595=ORIENTED_EDGE('',*,*,#1179,.T.);
#1596=ORIENTED_EDGE('',*,*,#1180,.T.);
#1597=ORIENTED_EDGE('',*,*,#1181,.T.);
#1598=ORIENTED_EDGE('',*,*,#1177,.F.);
#1599=ORIENTED_EDGE('',*,*,#1182,.T.);
#1600=ORIENTED_EDGE('',*,*,#1183,.T.);
#1601=ORIENTED_EDGE('',*,*,#1184,.T.);
#1602=ORIENTED_EDGE('',*,*,#1180,.F.);
#1603=ORIENTED_EDGE('',*,*,#1185,.T.);
#1604=ORIENTED_EDGE('',*,*,#1186,.T.);
#1605=ORIENTED_EDGE('',*,*,#1187,.T.);
#1606=ORIENTED_EDGE('',*,*,#1183,.F.);
#1607=ORIENTED_EDGE('',*,*,#1188,.T.);
#1608=ORIENTED_EDGE('',*,*,#1189,.T.);
#1609=ORIENTED_EDGE('',*,*,#1190,.T.);
#1610=ORIENTED_EDGE('',*,*,#1186,.F.);
#1611=ORIENTED_EDGE('',*,*,#1191,.T.);
#1612=ORIENTED_EDGE('',*,*,#1192,.T.);
#1613=ORIENTED_EDGE('',*,*,#1193,.T.);
#1614=ORIENTED_EDGE('',*,*,#1189,.F.);
#1615=ORIENTED_EDGE('',*,*,#1194,.T.);
#1616=ORIENTED_EDGE('',*,*,#1195,.T.);
#1617=ORIENTED_EDGE('',*,*,#1196,.T.);
#1618=ORIENTED_EDGE('',*,*,#1192,.F.);
#1619=ORIENTED_EDGE('',*,*,#1197,.T.);
#1620=ORIENTED_EDGE('',*,*,#1198,.F.);
#1621=ORIENTED_EDGE('',*,*,#1199,.T.);
#1622=ORIENTED_EDGE('',*,*,#1200,.F.);
#1623=ORIENTED_EDGE('',*,*,#1201,.T.);
#1624=ORIENTED_EDGE('',*,*,#1202,.T.);
#1625=ORIENTED_EDGE('',*,*,#1203,.T.);
#1626=ORIENTED_EDGE('',*,*,#1204,.F.);
#1627=ORIENTED_EDGE('',*,*,#1205,.F.);
#1628=ORIENTED_EDGE('',*,*,#1206,.T.);
#1629=ORIENTED_EDGE('',*,*,#1207,.T.);
#1630=ORIENTED_EDGE('',*,*,#1202,.F.);
#1631=ORIENTED_EDGE('',*,*,#1208,.F.);
#1632=ORIENTED_EDGE('',*,*,#1209,.T.);
#1633=ORIENTED_EDGE('',*,*,#1210,.T.);
#1634=ORIENTED_EDGE('',*,*,#1206,.F.);
#1635=ORIENTED_EDGE('',*,*,#1211,.F.);
#1636=ORIENTED_EDGE('',*,*,#1212,.T.);
#1637=ORIENTED_EDGE('',*,*,#1213,.T.);
#1638=ORIENTED_EDGE('',*,*,#1209,.F.);
#1639=ORIENTED_EDGE('',*,*,#1214,.F.);
#1640=ORIENTED_EDGE('',*,*,#1215,.T.);
#1641=ORIENTED_EDGE('',*,*,#1216,.T.);
#1642=ORIENTED_EDGE('',*,*,#1212,.F.);
#1643=ORIENTED_EDGE('',*,*,#1217,.F.);
#1644=ORIENTED_EDGE('',*,*,#1218,.T.);
#1645=ORIENTED_EDGE('',*,*,#1219,.T.);
#1646=ORIENTED_EDGE('',*,*,#1215,.F.);
#1647=ORIENTED_EDGE('',*,*,#1220,.F.);
#1648=ORIENTED_EDGE('',*,*,#1221,.T.);
#1649=ORIENTED_EDGE('',*,*,#1222,.T.);
#1650=ORIENTED_EDGE('',*,*,#1218,.F.);
#1651=ORIENTED_EDGE('',*,*,#1223,.F.);
#1652=ORIENTED_EDGE('',*,*,#1224,.T.);
#1653=ORIENTED_EDGE('',*,*,#1225,.T.);
#1654=ORIENTED_EDGE('',*,*,#1221,.F.);
#1655=ORIENTED_EDGE('',*,*,#1226,.F.);
#1656=ORIENTED_EDGE('',*,*,#1227,.T.);
#1657=ORIENTED_EDGE('',*,*,#1228,.T.);
#1658=ORIENTED_EDGE('',*,*,#1224,.F.);
#1659=ORIENTED_EDGE('',*,*,#1229,.F.);
#1660=ORIENTED_EDGE('',*,*,#1230,.T.);
#1661=ORIENTED_EDGE('',*,*,#1231,.T.);
#1662=ORIENTED_EDGE('',*,*,#1227,.F.);
#1663=ORIENTED_EDGE('',*,*,#1232,.F.);
#1664=ORIENTED_EDGE('',*,*,#1233,.T.);
#1665=ORIENTED_EDGE('',*,*,#1234,.T.);
#1666=ORIENTED_EDGE('',*,*,#1230,.F.);
#1667=ORIENTED_EDGE('',*,*,#1235,.F.);
#1668=ORIENTED_EDGE('',*,*,#1236,.T.);
#1669=ORIENTED_EDGE('',*,*,#1237,.T.);
#1670=ORIENTED_EDGE('',*,*,#1233,.F.);
#1671=ORIENTED_EDGE('',*,*,#1238,.F.);
#1672=ORIENTED_EDGE('',*,*,#1239,.T.);
#1673=ORIENTED_EDGE('',*,*,#1240,.T.);
#1674=ORIENTED_EDGE('',*,*,#1236,.F.);
#1675=ORIENTED_EDGE('',*,*,#1241,.F.);
#1676=ORIENTED_EDGE('',*,*,#1242,.T.);
#1677=ORIENTED_EDGE('',*,*,#1243,.T.);
#1678=ORIENTED_EDGE('',*,*,#1239,.F.);
#1679=ORIENTED_EDGE('',*,*,#1244,.F.);
#1680=ORIENTED_EDGE('',*,*,#1245,.T.);
#1681=ORIENTED_EDGE('',*,*,#1246,.T.);
#1682=ORIENTED_EDGE('',*,*,#1242,.F.);
#1683=ORIENTED_EDGE('',*,*,#1247,.F.);
#1684=ORIENTED_EDGE('',*,*,#1248,.F.);
#1685=ORIENTED_EDGE('',*,*,#1249,.F.);
#1686=ORIENTED_EDGE('',*,*,#1250,.F.);
#1687=ORIENTED_EDGE('',*,*,#1251,.T.);
#1688=ORIENTED_EDGE('',*,*,#1252,.T.);
#1689=ORIENTED_EDGE('',*,*,#1253,.T.);
#1690=ORIENTED_EDGE('',*,*,#1254,.T.);
#1691=ORIENTED_EDGE('',*,*,#1255,.T.);
#1692=ORIENTED_EDGE('',*,*,#1256,.T.);
#1693=ORIENTED_EDGE('',*,*,#1257,.T.);
#1694=ORIENTED_EDGE('',*,*,#1252,.F.);
#1695=ORIENTED_EDGE('',*,*,#1258,.T.);
#1696=ORIENTED_EDGE('',*,*,#1259,.T.);
#1697=ORIENTED_EDGE('',*,*,#1260,.T.);
#1698=ORIENTED_EDGE('',*,*,#1256,.F.);
#1699=ORIENTED_EDGE('',*,*,#1261,.T.);
#1700=ORIENTED_EDGE('',*,*,#1262,.T.);
#1701=ORIENTED_EDGE('',*,*,#1263,.T.);
#1702=ORIENTED_EDGE('',*,*,#1259,.F.);
#1703=ORIENTED_EDGE('',*,*,#1264,.T.);
#1704=ORIENTED_EDGE('',*,*,#1265,.T.);
#1705=ORIENTED_EDGE('',*,*,#1266,.T.);
#1706=ORIENTED_EDGE('',*,*,#1262,.F.);
#1707=ORIENTED_EDGE('',*,*,#1267,.T.);
#1708=ORIENTED_EDGE('',*,*,#1268,.T.);
#1709=ORIENTED_EDGE('',*,*,#1269,.T.);
#1710=ORIENTED_EDGE('',*,*,#1265,.F.);
#1711=ORIENTED_EDGE('',*,*,#1270,.T.);
#1712=ORIENTED_EDGE('',*,*,#1271,.T.);
#1713=ORIENTED_EDGE('',*,*,#1272,.T.);
#1714=ORIENTED_EDGE('',*,*,#1268,.F.);
#1715=ORIENTED_EDGE('',*,*,#1273,.T.);
#1716=ORIENTED_EDGE('',*,*,#1274,.T.);
#1717=ORIENTED_EDGE('',*,*,#1275,.T.);
#1718=ORIENTED_EDGE('',*,*,#1271,.F.);
#1719=ORIENTED_EDGE('',*,*,#1276,.T.);
#1720=ORIENTED_EDGE('',*,*,#1277,.T.);
#1721=ORIENTED_EDGE('',*,*,#1278,.T.);
#1722=ORIENTED_EDGE('',*,*,#1274,.F.);
#1723=ORIENTED_EDGE('',*,*,#1279,.T.);
#1724=ORIENTED_EDGE('',*,*,#1280,.T.);
#1725=ORIENTED_EDGE('',*,*,#1281,.T.);
#1726=ORIENTED_EDGE('',*,*,#1277,.F.);
#1727=ORIENTED_EDGE('',*,*,#1282,.T.);
#1728=ORIENTED_EDGE('',*,*,#1283,.T.);
#1729=ORIENTED_EDGE('',*,*,#1284,.T.);
#1730=ORIENTED_EDGE('',*,*,#1280,.F.);
#1731=ORIENTED_EDGE('',*,*,#1285,.T.);
#1732=ORIENTED_EDGE('',*,*,#1286,.T.);
#1733=ORIENTED_EDGE('',*,*,#1287,.T.);
#1734=ORIENTED_EDGE('',*,*,#1283,.F.);
#1735=ORIENTED_EDGE('',*,*,#1288,.T.);
#1736=ORIENTED_EDGE('',*,*,#1289,.T.);
#1737=ORIENTED_EDGE('',*,*,#1290,.T.);
#1738=ORIENTED_EDGE('',*,*,#1286,.F.);
#1739=ORIENTED_EDGE('',*,*,#1291,.T.);
#1740=ORIENTED_EDGE('',*,*,#1292,.T.);
#1741=ORIENTED_EDGE('',*,*,#1293,.T.);
#1742=ORIENTED_EDGE('',*,*,#1289,.F.);
#1743=ORIENTED_EDGE('',*,*,#1294,.T.);
#1744=ORIENTED_EDGE('',*,*,#1295,.T.);
#1745=ORIENTED_EDGE('',*,*,#1296,.T.);
#1746=ORIENTED_EDGE('',*,*,#1292,.F.);
#1747=ORIENTED_EDGE('',*,*,#1297,.T.);
#1748=ORIENTED_EDGE('',*,*,#1298,.F.);
#1749=ORIENTED_EDGE('',*,*,#1299,.T.);
#1750=ORIENTED_EDGE('',*,*,#1300,.F.);
#1751=ORIENTED_EDGE('',*,*,#1301,.T.);
#1752=ORIENTED_EDGE('',*,*,#1302,.T.);
#1753=ORIENTED_EDGE('',*,*,#1303,.T.);
#1754=ORIENTED_EDGE('',*,*,#1304,.F.);
#1755=ORIENTED_EDGE('',*,*,#1305,.F.);
#1756=ORIENTED_EDGE('',*,*,#1306,.T.);
#1757=ORIENTED_EDGE('',*,*,#1307,.T.);
#1758=ORIENTED_EDGE('',*,*,#1302,.F.);
#1759=ORIENTED_EDGE('',*,*,#1308,.F.);
#1760=ORIENTED_EDGE('',*,*,#1309,.T.);
#1761=ORIENTED_EDGE('',*,*,#1310,.T.);
#1762=ORIENTED_EDGE('',*,*,#1306,.F.);
#1763=ORIENTED_EDGE('',*,*,#1311,.F.);
#1764=ORIENTED_EDGE('',*,*,#1312,.T.);
#1765=ORIENTED_EDGE('',*,*,#1313,.T.);
#1766=ORIENTED_EDGE('',*,*,#1309,.F.);
#1767=ORIENTED_EDGE('',*,*,#1314,.F.);
#1768=ORIENTED_EDGE('',*,*,#1315,.T.);
#1769=ORIENTED_EDGE('',*,*,#1316,.T.);
#1770=ORIENTED_EDGE('',*,*,#1312,.F.);
#1771=ORIENTED_EDGE('',*,*,#1317,.F.);
#1772=ORIENTED_EDGE('',*,*,#1318,.T.);
#1773=ORIENTED_EDGE('',*,*,#1319,.T.);
#1774=ORIENTED_EDGE('',*,*,#1315,.F.);
#1775=ORIENTED_EDGE('',*,*,#1320,.F.);
#1776=ORIENTED_EDGE('',*,*,#1321,.T.);
#1777=ORIENTED_EDGE('',*,*,#1322,.T.);
#1778=ORIENTED_EDGE('',*,*,#1318,.F.);
#1779=ORIENTED_EDGE('',*,*,#1323,.F.);
#1780=ORIENTED_EDGE('',*,*,#1324,.T.);
#1781=ORIENTED_EDGE('',*,*,#1325,.T.);
#1782=ORIENTED_EDGE('',*,*,#1321,.F.);
#1783=ORIENTED_EDGE('',*,*,#1326,.F.);
#1784=ORIENTED_EDGE('',*,*,#1327,.T.);
#1785=ORIENTED_EDGE('',*,*,#1328,.T.);
#1786=ORIENTED_EDGE('',*,*,#1324,.F.);
#1787=ORIENTED_EDGE('',*,*,#1329,.F.);
#1788=ORIENTED_EDGE('',*,*,#1330,.T.);
#1789=ORIENTED_EDGE('',*,*,#1331,.T.);
#1790=ORIENTED_EDGE('',*,*,#1327,.F.);
#1791=ORIENTED_EDGE('',*,*,#1332,.F.);
#1792=ORIENTED_EDGE('',*,*,#1333,.T.);
#1793=ORIENTED_EDGE('',*,*,#1334,.T.);
#1794=ORIENTED_EDGE('',*,*,#1330,.F.);
#1795=ORIENTED_EDGE('',*,*,#1335,.F.);
#1796=ORIENTED_EDGE('',*,*,#1336,.T.);
#1797=ORIENTED_EDGE('',*,*,#1337,.T.);
#1798=ORIENTED_EDGE('',*,*,#1333,.F.);
#1799=ORIENTED_EDGE('',*,*,#1338,.F.);
#1800=ORIENTED_EDGE('',*,*,#1339,.T.);
#1801=ORIENTED_EDGE('',*,*,#1340,.T.);
#1802=ORIENTED_EDGE('',*,*,#1336,.F.);
#1803=ORIENTED_EDGE('',*,*,#1341,.F.);
#1804=ORIENTED_EDGE('',*,*,#1342,.T.);
#1805=ORIENTED_EDGE('',*,*,#1343,.T.);
#1806=ORIENTED_EDGE('',*,*,#1339,.F.);
#1807=ORIENTED_EDGE('',*,*,#1344,.F.);
#1808=ORIENTED_EDGE('',*,*,#1345,.T.);
#1809=ORIENTED_EDGE('',*,*,#1346,.T.);
#1810=ORIENTED_EDGE('',*,*,#1342,.F.);
#1811=ORIENTED_EDGE('',*,*,#1347,.F.);
#1812=ORIENTED_EDGE('',*,*,#1348,.F.);
#1813=ORIENTED_EDGE('',*,*,#1349,.F.);
#1814=ORIENTED_EDGE('',*,*,#1350,.F.);
#1815=ORIENTED_EDGE('',*,*,#1351,.T.);
#1816=ORIENTED_EDGE('',*,*,#1352,.T.);
#1817=ORIENTED_EDGE('',*,*,#1353,.T.);
#1818=ORIENTED_EDGE('',*,*,#1354,.T.);
#1819=ORIENTED_EDGE('',*,*,#1355,.T.);
#1820=ORIENTED_EDGE('',*,*,#1356,.T.);
#1821=ORIENTED_EDGE('',*,*,#1357,.T.);
#1822=ORIENTED_EDGE('',*,*,#1352,.F.);
#1823=ORIENTED_EDGE('',*,*,#1358,.T.);
#1824=ORIENTED_EDGE('',*,*,#1359,.T.);
#1825=ORIENTED_EDGE('',*,*,#1360,.T.);
#1826=ORIENTED_EDGE('',*,*,#1356,.F.);
#1827=ORIENTED_EDGE('',*,*,#1361,.T.);
#1828=ORIENTED_EDGE('',*,*,#1362,.T.);
#1829=ORIENTED_EDGE('',*,*,#1363,.T.);
#1830=ORIENTED_EDGE('',*,*,#1359,.F.);
#1831=ORIENTED_EDGE('',*,*,#1364,.T.);
#1832=ORIENTED_EDGE('',*,*,#1365,.T.);
#1833=ORIENTED_EDGE('',*,*,#1366,.T.);
#1834=ORIENTED_EDGE('',*,*,#1362,.F.);
#1835=ORIENTED_EDGE('',*,*,#1367,.T.);
#1836=ORIENTED_EDGE('',*,*,#1368,.T.);
#1837=ORIENTED_EDGE('',*,*,#1369,.T.);
#1838=ORIENTED_EDGE('',*,*,#1365,.F.);
#1839=ORIENTED_EDGE('',*,*,#1370,.T.);
#1840=ORIENTED_EDGE('',*,*,#1371,.T.);
#1841=ORIENTED_EDGE('',*,*,#1372,.T.);
#1842=ORIENTED_EDGE('',*,*,#1368,.F.);
#1843=ORIENTED_EDGE('',*,*,#1373,.T.);
#1844=ORIENTED_EDGE('',*,*,#1374,.T.);
#1845=ORIENTED_EDGE('',*,*,#1375,.T.);
#1846=ORIENTED_EDGE('',*,*,#1371,.F.);
#1847=ORIENTED_EDGE('',*,*,#1376,.T.);
#1848=ORIENTED_EDGE('',*,*,#1377,.T.);
#1849=ORIENTED_EDGE('',*,*,#1378,.T.);
#1850=ORIENTED_EDGE('',*,*,#1374,.F.);
#1851=ORIENTED_EDGE('',*,*,#1379,.T.);
#1852=ORIENTED_EDGE('',*,*,#1380,.T.);
#1853=ORIENTED_EDGE('',*,*,#1381,.T.);
#1854=ORIENTED_EDGE('',*,*,#1377,.F.);
#1855=ORIENTED_EDGE('',*,*,#1382,.T.);
#1856=ORIENTED_EDGE('',*,*,#1383,.T.);
#1857=ORIENTED_EDGE('',*,*,#1384,.T.);
#1858=ORIENTED_EDGE('',*,*,#1380,.F.);
#1859=ORIENTED_EDGE('',*,*,#1385,.T.);
#1860=ORIENTED_EDGE('',*,*,#1386,.T.);
#1861=ORIENTED_EDGE('',*,*,#1387,.T.);
#1862=ORIENTED_EDGE('',*,*,#1383,.F.);
#1863=ORIENTED_EDGE('',*,*,#1388,.T.);
#1864=ORIENTED_EDGE('',*,*,#1389,.T.);
#1865=ORIENTED_EDGE('',*,*,#1390,.T.);
#1866=ORIENTED_EDGE('',*,*,#1386,.F.);
#1867=ORIENTED_EDGE('',*,*,#1391,.T.);
#1868=ORIENTED_EDGE('',*,*,#1392,.T.);
#1869=ORIENTED_EDGE('',*,*,#1393,.T.);
#1870=ORIENTED_EDGE('',*,*,#1389,.F.);
#1871=ORIENTED_EDGE('',*,*,#1394,.T.);
#1872=ORIENTED_EDGE('',*,*,#1395,.T.);
#1873=ORIENTED_EDGE('',*,*,#1396,.T.);
#1874=ORIENTED_EDGE('',*,*,#1392,.F.);
#1875=ORIENTED_EDGE('',*,*,#1397,.T.);
#1876=ORIENTED_EDGE('',*,*,#1398,.F.);
#1877=ORIENTED_EDGE('',*,*,#1399,.T.);
#1878=ORIENTED_EDGE('',*,*,#1400,.F.);
#1879=ORIENTED_EDGE('',*,*,#1401,.T.);
#1880=ORIENTED_EDGE('',*,*,#1402,.T.);
#1881=ORIENTED_EDGE('',*,*,#1403,.T.);
#1882=ORIENTED_EDGE('',*,*,#1404,.F.);
#1883=ORIENTED_EDGE('',*,*,#1405,.F.);
#1884=ORIENTED_EDGE('',*,*,#1406,.T.);
#1885=ORIENTED_EDGE('',*,*,#1407,.T.);
#1886=ORIENTED_EDGE('',*,*,#1402,.F.);
#1887=ORIENTED_EDGE('',*,*,#1408,.F.);
#1888=ORIENTED_EDGE('',*,*,#1409,.T.);
#1889=ORIENTED_EDGE('',*,*,#1410,.T.);
#1890=ORIENTED_EDGE('',*,*,#1406,.F.);
#1891=ORIENTED_EDGE('',*,*,#1411,.F.);
#1892=ORIENTED_EDGE('',*,*,#1412,.T.);
#1893=ORIENTED_EDGE('',*,*,#1413,.T.);
#1894=ORIENTED_EDGE('',*,*,#1409,.F.);
#1895=ORIENTED_EDGE('',*,*,#1414,.F.);
#1896=ORIENTED_EDGE('',*,*,#1415,.T.);
#1897=ORIENTED_EDGE('',*,*,#1416,.T.);
#1898=ORIENTED_EDGE('',*,*,#1412,.F.);
#1899=ORIENTED_EDGE('',*,*,#1417,.F.);
#1900=ORIENTED_EDGE('',*,*,#1418,.T.);
#1901=ORIENTED_EDGE('',*,*,#1419,.T.);
#1902=ORIENTED_EDGE('',*,*,#1415,.F.);
#1903=ORIENTED_EDGE('',*,*,#1420,.F.);
#1904=ORIENTED_EDGE('',*,*,#1421,.T.);
#1905=ORIENTED_EDGE('',*,*,#1422,.T.);
#1906=ORIENTED_EDGE('',*,*,#1418,.F.);
#1907=ORIENTED_EDGE('',*,*,#1423,.F.);
#1908=ORIENTED_EDGE('',*,*,#1424,.T.);
#1909=ORIENTED_EDGE('',*,*,#1425,.T.);
#1910=ORIENTED_EDGE('',*,*,#1421,.F.);
#1911=ORIENTED_EDGE('',*,*,#1426,.F.);
#1912=ORIENTED_EDGE('',*,*,#1427,.T.);
#1913=ORIENTED_EDGE('',*,*,#1428,.T.);
#1914=ORIENTED_EDGE('',*,*,#1424,.F.);
#1915=ORIENTED_EDGE('',*,*,#1429,.F.);
#1916=ORIENTED_EDGE('',*,*,#1430,.T.);
#1917=ORIENTED_EDGE('',*,*,#1431,.T.);
#1918=ORIENTED_EDGE('',*,*,#1427,.F.);
#1919=ORIENTED_EDGE('',*,*,#1432,.F.);
#1920=ORIENTED_EDGE('',*,*,#1433,.T.);
#1921=ORIENTED_EDGE('',*,*,#1434,.T.);
#1922=ORIENTED_EDGE('',*,*,#1430,.F.);
#1923=ORIENTED_EDGE('',*,*,#1435,.F.);
#1924=ORIENTED_EDGE('',*,*,#1436,.T.);
#1925=ORIENTED_EDGE('',*,*,#1437,.T.);
#1926=ORIENTED_EDGE('',*,*,#1433,.F.);
#1927=ORIENTED_EDGE('',*,*,#1438,.F.);
#1928=ORIENTED_EDGE('',*,*,#1439,.T.);
#1929=ORIENTED_EDGE('',*,*,#1440,.T.);
#1930=ORIENTED_EDGE('',*,*,#1436,.F.);
#1931=ORIENTED_EDGE('',*,*,#1441,.F.);
#1932=ORIENTED_EDGE('',*,*,#1442,.T.);
#1933=ORIENTED_EDGE('',*,*,#1443,.T.);
#1934=ORIENTED_EDGE('',*,*,#1439,.F.);
#1935=ORIENTED_EDGE('',*,*,#1444,.F.);
#1936=ORIENTED_EDGE('',*,*,#1445,.T.);
#1937=ORIENTED_EDGE('',*,*,#1446,.T.);
#1938=ORIENTED_EDGE('',*,*,#1442,.F.);
#1939=ORIENTED_EDGE('',*,*,#1447,.F.);
#1940=ORIENTED_EDGE('',*,*,#1448,.F.);
#1941=ORIENTED_EDGE('',*,*,#1449,.F.);
#1942=ORIENTED_EDGE('',*,*,#1450,.F.);
#1943=ORIENTED_EDGE('',*,*,#1451,.T.);
#1944=ORIENTED_EDGE('',*,*,#1452,.T.);
#1945=ORIENTED_EDGE('',*,*,#1453,.T.);
#1946=ORIENTED_EDGE('',*,*,#1454,.T.);
#1947=ORIENTED_EDGE('',*,*,#1455,.T.);
#1948=ORIENTED_EDGE('',*,*,#1456,.T.);
#1949=ORIENTED_EDGE('',*,*,#1457,.T.);
#1950=ORIENTED_EDGE('',*,*,#1454,.F.);
#1951=ORIENTED_EDGE('',*,*,#1458,.T.);
#1952=ORIENTED_EDGE('',*,*,#1459,.T.);
#1953=ORIENTED_EDGE('',*,*,#1460,.T.);
#1954=ORIENTED_EDGE('',*,*,#1456,.F.);
#1955=ORIENTED_EDGE('',*,*,#1461,.T.);
#1956=ORIENTED_EDGE('',*,*,#1462,.T.);
#1957=ORIENTED_EDGE('',*,*,#1463,.T.);
#1958=ORIENTED_EDGE('',*,*,#1459,.F.);
#1959=ORIENTED_EDGE('',*,*,#1464,.T.);
#1960=ORIENTED_EDGE('',*,*,#1465,.T.);
#1961=ORIENTED_EDGE('',*,*,#1466,.T.);
#1962=ORIENTED_EDGE('',*,*,#1462,.F.);
#1963=ORIENTED_EDGE('',*,*,#1467,.T.);
#1964=ORIENTED_EDGE('',*,*,#1468,.T.);
#1965=ORIENTED_EDGE('',*,*,#1469,.T.);
#1966=ORIENTED_EDGE('',*,*,#1465,.F.);
#1967=ORIENTED_EDGE('',*,*,#1470,.T.);
#1968=ORIENTED_EDGE('',*,*,#1471,.T.);
#1969=ORIENTED_EDGE('',*,*,#1472,.T.);
#1970=ORIENTED_EDGE('',*,*,#1468,.F.);
#1971=ORIENTED_EDGE('',*,*,#1473,.T.);
#1972=ORIENTED_EDGE('',*,*,#1474,.T.);
#1973=ORIENTED_EDGE('',*,*,#1475,.T.);
#1974=ORIENTED_EDGE('',*,*,#1471,.F.);
#1975=ORIENTED_EDGE('',*,*,#1476,.T.);
#1976=ORIENTED_EDGE('',*,*,#1477,.T.);
#1977=ORIENTED_EDGE('',*,*,#1478,.T.);
#1978=ORIENTED_EDGE('',*,*,#1474,.F.);
#1979=ORIENTED_EDGE('',*,*,#1479,.T.);
#1980=ORIENTED_EDGE('',*,*,#1480,.T.);
#1981=ORIENTED_EDGE('',*,*,#1481,.T.);
#1982=ORIENTED_EDGE('',*,*,#1477,.F.);
#1983=ORIENTED_EDGE('',*,*,#1482,.T.);
#1984=ORIENTED_EDGE('',*,*,#1483,.T.);
#1985=ORIENTED_EDGE('',*,*,#1484,.T.);
#1986=ORIENTED_EDGE('',*,*,#1480,.F.);
#1987=ORIENTED_EDGE('',*,*,#1485,.T.);
#1988=ORIENTED_EDGE('',*,*,#1483,.F.);
#1989=ORIENTED_EDGE('',*,*,#1486,.T.);
#1990=ORIENTED_EDGE('',*,*,#1452,.F.);
#1991=ORIENTED_EDGE('',*,*,#1487,.T.);
#1992=ORIENTED_EDGE('',*,*,#1470,.F.);
#1993=ORIENTED_EDGE('',*,*,#1488,.T.);
#1994=ORIENTED_EDGE('',*,*,#1489,.F.);
#1995=ORIENTED_EDGE('',*,*,#1490,.F.);
#1996=ORIENTED_EDGE('',*,*,#1467,.F.);
#1997=ORIENTED_EDGE('',*,*,#1491,.T.);
#1998=ORIENTED_EDGE('',*,*,#1492,.F.);
#1999=ORIENTED_EDGE('',*,*,#1488,.F.);
#2000=ORIENTED_EDGE('',*,*,#1464,.F.);
#2001=ORIENTED_EDGE('',*,*,#1493,.T.);
#2002=ORIENTED_EDGE('',*,*,#1494,.F.);
#2003=ORIENTED_EDGE('',*,*,#1491,.F.);
#2004=ORIENTED_EDGE('',*,*,#1461,.F.);
#2005=ORIENTED_EDGE('',*,*,#1495,.T.);
#2006=ORIENTED_EDGE('',*,*,#1496,.F.);
#2007=ORIENTED_EDGE('',*,*,#1493,.F.);
#2008=ORIENTED_EDGE('',*,*,#1458,.F.);
#2009=ORIENTED_EDGE('',*,*,#1497,.T.);
#2010=ORIENTED_EDGE('',*,*,#1498,.F.);
#2011=ORIENTED_EDGE('',*,*,#1495,.F.);
#2012=ORIENTED_EDGE('',*,*,#1453,.F.);
#2013=ORIENTED_EDGE('',*,*,#1499,.T.);
#2014=ORIENTED_EDGE('',*,*,#1500,.F.);
#2015=ORIENTED_EDGE('',*,*,#1497,.F.);
#2016=ORIENTED_EDGE('',*,*,#1455,.F.);
#2017=ORIENTED_EDGE('',*,*,#1457,.F.);
#2018=ORIENTED_EDGE('',*,*,#1460,.F.);
#2019=ORIENTED_EDGE('',*,*,#1463,.F.);
#2020=ORIENTED_EDGE('',*,*,#1466,.F.);
#2021=ORIENTED_EDGE('',*,*,#1469,.F.);
#2022=ORIENTED_EDGE('',*,*,#1472,.F.);
#2023=ORIENTED_EDGE('',*,*,#1475,.F.);
#2024=ORIENTED_EDGE('',*,*,#1478,.F.);
#2025=ORIENTED_EDGE('',*,*,#1481,.F.);
#2026=ORIENTED_EDGE('',*,*,#1484,.F.);
#2027=ORIENTED_EDGE('',*,*,#1487,.F.);
#2028=ORIENTED_EDGE('',*,*,#1501,.T.);
#2029=ORIENTED_EDGE('',*,*,#1502,.T.);
#2030=ORIENTED_EDGE('',*,*,#1503,.T.);
#2031=ORIENTED_EDGE('',*,*,#1504,.T.);
#2032=ORIENTED_EDGE('',*,*,#1505,.T.);
#2033=ORIENTED_EDGE('',*,*,#1506,.T.);
#2034=ORIENTED_EDGE('',*,*,#1503,.F.);
#2035=ORIENTED_EDGE('',*,*,#1507,.T.);
#2036=ORIENTED_EDGE('',*,*,#1508,.T.);
#2037=ORIENTED_EDGE('',*,*,#1509,.T.);
#2038=ORIENTED_EDGE('',*,*,#1505,.F.);
#2039=ORIENTED_EDGE('',*,*,#1510,.T.);
#2040=ORIENTED_EDGE('',*,*,#1511,.T.);
#2041=ORIENTED_EDGE('',*,*,#1512,.T.);
#2042=ORIENTED_EDGE('',*,*,#1508,.F.);
#2043=ORIENTED_EDGE('',*,*,#1513,.T.);
#2044=ORIENTED_EDGE('',*,*,#1514,.T.);
#2045=ORIENTED_EDGE('',*,*,#1515,.T.);
#2046=ORIENTED_EDGE('',*,*,#1511,.F.);
#2047=ORIENTED_EDGE('',*,*,#1516,.T.);
#2048=ORIENTED_EDGE('',*,*,#1517,.T.);
#2049=ORIENTED_EDGE('',*,*,#1518,.T.);
#2050=ORIENTED_EDGE('',*,*,#1514,.F.);
#2051=ORIENTED_EDGE('',*,*,#1519,.T.);
#2052=ORIENTED_EDGE('',*,*,#1520,.T.);
#2053=ORIENTED_EDGE('',*,*,#1521,.T.);
#2054=ORIENTED_EDGE('',*,*,#1517,.F.);
#2055=ORIENTED_EDGE('',*,*,#1489,.T.);
#2056=ORIENTED_EDGE('',*,*,#1522,.T.);
#2057=ORIENTED_EDGE('',*,*,#1523,.T.);
#2058=ORIENTED_EDGE('',*,*,#1520,.F.);
#2059=ORIENTED_EDGE('',*,*,#1492,.T.);
#2060=ORIENTED_EDGE('',*,*,#1524,.T.);
#2061=ORIENTED_EDGE('',*,*,#1525,.T.);
#2062=ORIENTED_EDGE('',*,*,#1522,.F.);
#2063=ORIENTED_EDGE('',*,*,#1494,.T.);
#2064=ORIENTED_EDGE('',*,*,#1526,.T.);
#2065=ORIENTED_EDGE('',*,*,#1527,.T.);
#2066=ORIENTED_EDGE('',*,*,#1524,.F.);
#2067=ORIENTED_EDGE('',*,*,#1496,.T.);
#2068=ORIENTED_EDGE('',*,*,#1528,.T.);
#2069=ORIENTED_EDGE('',*,*,#1529,.T.);
#2070=ORIENTED_EDGE('',*,*,#1526,.F.);
#2071=ORIENTED_EDGE('',*,*,#1498,.T.);
#2072=ORIENTED_EDGE('',*,*,#1501,.F.);
#2073=ORIENTED_EDGE('',*,*,#1530,.T.);
#2074=ORIENTED_EDGE('',*,*,#1528,.F.);
#2075=ORIENTED_EDGE('',*,*,#1500,.T.);
#2076=ORIENTED_EDGE('',*,*,#1473,.F.);
#2077=ORIENTED_EDGE('',*,*,#1490,.T.);
#2078=ORIENTED_EDGE('',*,*,#1519,.F.);
#2079=ORIENTED_EDGE('',*,*,#1531,.F.);
#2080=ORIENTED_EDGE('',*,*,#1476,.F.);
#2081=ORIENTED_EDGE('',*,*,#1531,.T.);
#2082=ORIENTED_EDGE('',*,*,#1516,.F.);
#2083=ORIENTED_EDGE('',*,*,#1532,.F.);
#2084=ORIENTED_EDGE('',*,*,#1479,.F.);
#2085=ORIENTED_EDGE('',*,*,#1532,.T.);
#2086=ORIENTED_EDGE('',*,*,#1513,.F.);
#2087=ORIENTED_EDGE('',*,*,#1533,.F.);
#2088=ORIENTED_EDGE('',*,*,#1482,.F.);
#2089=ORIENTED_EDGE('',*,*,#1533,.T.);
#2090=ORIENTED_EDGE('',*,*,#1510,.F.);
#2091=ORIENTED_EDGE('',*,*,#1534,.F.);
#2092=ORIENTED_EDGE('',*,*,#1485,.F.);
#2093=ORIENTED_EDGE('',*,*,#1534,.T.);
#2094=ORIENTED_EDGE('',*,*,#1507,.F.);
#2095=ORIENTED_EDGE('',*,*,#1535,.F.);
#2096=ORIENTED_EDGE('',*,*,#1486,.F.);
#2097=ORIENTED_EDGE('',*,*,#1535,.T.);
#2098=ORIENTED_EDGE('',*,*,#1502,.F.);
#2099=ORIENTED_EDGE('',*,*,#1499,.F.);
#2100=ORIENTED_EDGE('',*,*,#1536,.T.);
#2101=ORIENTED_EDGE('',*,*,#1200,.T.);
#2102=ORIENTED_EDGE('',*,*,#1537,.T.);
#2103=ORIENTED_EDGE('',*,*,#1250,.T.);
#2104=ORIENTED_EDGE('',*,*,#1538,.T.);
#2105=ORIENTED_EDGE('',*,*,#1300,.T.);
#2106=ORIENTED_EDGE('',*,*,#1539,.T.);
#2107=ORIENTED_EDGE('',*,*,#1350,.T.);
#2108=ORIENTED_EDGE('',*,*,#1540,.T.);
#2109=ORIENTED_EDGE('',*,*,#1400,.T.);
#2110=ORIENTED_EDGE('',*,*,#1541,.T.);
#2111=ORIENTED_EDGE('',*,*,#1450,.T.);
#2112=ORIENTED_EDGE('',*,*,#1504,.F.);
#2113=ORIENTED_EDGE('',*,*,#1506,.F.);
#2114=ORIENTED_EDGE('',*,*,#1509,.F.);
#2115=ORIENTED_EDGE('',*,*,#1512,.F.);
#2116=ORIENTED_EDGE('',*,*,#1515,.F.);
#2117=ORIENTED_EDGE('',*,*,#1518,.F.);
#2118=ORIENTED_EDGE('',*,*,#1521,.F.);
#2119=ORIENTED_EDGE('',*,*,#1523,.F.);
#2120=ORIENTED_EDGE('',*,*,#1525,.F.);
#2121=ORIENTED_EDGE('',*,*,#1527,.F.);
#2122=ORIENTED_EDGE('',*,*,#1529,.F.);
#2123=ORIENTED_EDGE('',*,*,#1530,.F.);
#2124=ORIENTED_EDGE('',*,*,#1448,.T.);
#2125=ORIENTED_EDGE('',*,*,#1542,.T.);
#2126=ORIENTED_EDGE('',*,*,#1445,.F.);
#2127=ORIENTED_EDGE('',*,*,#1543,.F.);
#2128=ORIENTED_EDGE('',*,*,#1544,.F.);
#2129=ORIENTED_EDGE('',*,*,#1403,.F.);
#2130=ORIENTED_EDGE('',*,*,#1407,.F.);
#2131=ORIENTED_EDGE('',*,*,#1410,.F.);
#2132=ORIENTED_EDGE('',*,*,#1413,.F.);
#2133=ORIENTED_EDGE('',*,*,#1416,.F.);
#2134=ORIENTED_EDGE('',*,*,#1419,.F.);
#2135=ORIENTED_EDGE('',*,*,#1422,.F.);
#2136=ORIENTED_EDGE('',*,*,#1425,.F.);
#2137=ORIENTED_EDGE('',*,*,#1428,.F.);
#2138=ORIENTED_EDGE('',*,*,#1431,.F.);
#2139=ORIENTED_EDGE('',*,*,#1434,.F.);
#2140=ORIENTED_EDGE('',*,*,#1437,.F.);
#2141=ORIENTED_EDGE('',*,*,#1440,.F.);
#2142=ORIENTED_EDGE('',*,*,#1443,.F.);
#2143=ORIENTED_EDGE('',*,*,#1446,.F.);
#2144=ORIENTED_EDGE('',*,*,#1542,.F.);
#2145=ORIENTED_EDGE('',*,*,#1451,.F.);
#2146=ORIENTED_EDGE('',*,*,#1541,.F.);
#2147=ORIENTED_EDGE('',*,*,#1399,.F.);
#2148=ORIENTED_EDGE('',*,*,#1545,.F.);
#2149=ORIENTED_EDGE('',*,*,#1397,.F.);
#2150=ORIENTED_EDGE('',*,*,#1394,.F.);
#2151=ORIENTED_EDGE('',*,*,#1391,.F.);
#2152=ORIENTED_EDGE('',*,*,#1388,.F.);
#2153=ORIENTED_EDGE('',*,*,#1385,.F.);
#2154=ORIENTED_EDGE('',*,*,#1382,.F.);
#2155=ORIENTED_EDGE('',*,*,#1379,.F.);
#2156=ORIENTED_EDGE('',*,*,#1376,.F.);
#2157=ORIENTED_EDGE('',*,*,#1373,.F.);
#2158=ORIENTED_EDGE('',*,*,#1370,.F.);
#2159=ORIENTED_EDGE('',*,*,#1367,.F.);
#2160=ORIENTED_EDGE('',*,*,#1364,.F.);
#2161=ORIENTED_EDGE('',*,*,#1361,.F.);
#2162=ORIENTED_EDGE('',*,*,#1358,.F.);
#2163=ORIENTED_EDGE('',*,*,#1355,.F.);
#2164=ORIENTED_EDGE('',*,*,#1546,.F.);
#2165=ORIENTED_EDGE('',*,*,#1353,.F.);
#2166=ORIENTED_EDGE('',*,*,#1357,.F.);
#2167=ORIENTED_EDGE('',*,*,#1360,.F.);
#2168=ORIENTED_EDGE('',*,*,#1363,.F.);
#2169=ORIENTED_EDGE('',*,*,#1366,.F.);
#2170=ORIENTED_EDGE('',*,*,#1369,.F.);
#2171=ORIENTED_EDGE('',*,*,#1372,.F.);
#2172=ORIENTED_EDGE('',*,*,#1375,.F.);
#2173=ORIENTED_EDGE('',*,*,#1378,.F.);
#2174=ORIENTED_EDGE('',*,*,#1381,.F.);
#2175=ORIENTED_EDGE('',*,*,#1384,.F.);
#2176=ORIENTED_EDGE('',*,*,#1387,.F.);
#2177=ORIENTED_EDGE('',*,*,#1390,.F.);
#2178=ORIENTED_EDGE('',*,*,#1393,.F.);
#2179=ORIENTED_EDGE('',*,*,#1396,.F.);
#2180=ORIENTED_EDGE('',*,*,#1547,.F.);
#2181=ORIENTED_EDGE('',*,*,#1401,.F.);
#2182=ORIENTED_EDGE('',*,*,#1540,.F.);
#2183=ORIENTED_EDGE('',*,*,#1449,.T.);
#2184=ORIENTED_EDGE('',*,*,#1543,.T.);
#2185=ORIENTED_EDGE('',*,*,#1447,.T.);
#2186=ORIENTED_EDGE('',*,*,#1444,.T.);
#2187=ORIENTED_EDGE('',*,*,#1441,.T.);
#2188=ORIENTED_EDGE('',*,*,#1438,.T.);
#2189=ORIENTED_EDGE('',*,*,#1435,.T.);
#2190=ORIENTED_EDGE('',*,*,#1432,.T.);
#2191=ORIENTED_EDGE('',*,*,#1429,.T.);
#2192=ORIENTED_EDGE('',*,*,#1426,.T.);
#2193=ORIENTED_EDGE('',*,*,#1423,.T.);
#2194=ORIENTED_EDGE('',*,*,#1420,.T.);
#2195=ORIENTED_EDGE('',*,*,#1417,.T.);
#2196=ORIENTED_EDGE('',*,*,#1414,.T.);
#2197=ORIENTED_EDGE('',*,*,#1411,.T.);
#2198=ORIENTED_EDGE('',*,*,#1408,.T.);
#2199=ORIENTED_EDGE('',*,*,#1405,.T.);
#2200=ORIENTED_EDGE('',*,*,#1398,.T.);
#2201=ORIENTED_EDGE('',*,*,#1547,.T.);
#2202=ORIENTED_EDGE('',*,*,#1395,.F.);
#2203=ORIENTED_EDGE('',*,*,#1545,.T.);
#2204=ORIENTED_EDGE('',*,*,#1546,.T.);
#2205=ORIENTED_EDGE('',*,*,#1404,.T.);
#2206=ORIENTED_EDGE('',*,*,#1544,.T.);
#2207=ORIENTED_EDGE('',*,*,#1354,.F.);
#2208=ORIENTED_EDGE('',*,*,#1348,.T.);
#2209=ORIENTED_EDGE('',*,*,#1548,.T.);
#2210=ORIENTED_EDGE('',*,*,#1345,.F.);
#2211=ORIENTED_EDGE('',*,*,#1549,.F.);
#2212=ORIENTED_EDGE('',*,*,#1550,.F.);
#2213=ORIENTED_EDGE('',*,*,#1303,.F.);
#2214=ORIENTED_EDGE('',*,*,#1307,.F.);
#2215=ORIENTED_EDGE('',*,*,#1310,.F.);
#2216=ORIENTED_EDGE('',*,*,#1313,.F.);
#2217=ORIENTED_EDGE('',*,*,#1316,.F.);
#2218=ORIENTED_EDGE('',*,*,#1319,.F.);
#2219=ORIENTED_EDGE('',*,*,#1322,.F.);
#2220=ORIENTED_EDGE('',*,*,#1325,.F.);
#2221=ORIENTED_EDGE('',*,*,#1328,.F.);
#2222=ORIENTED_EDGE('',*,*,#1331,.F.);
#2223=ORIENTED_EDGE('',*,*,#1334,.F.);
#2224=ORIENTED_EDGE('',*,*,#1337,.F.);
#2225=ORIENTED_EDGE('',*,*,#1340,.F.);
#2226=ORIENTED_EDGE('',*,*,#1343,.F.);
#2227=ORIENTED_EDGE('',*,*,#1346,.F.);
#2228=ORIENTED_EDGE('',*,*,#1548,.F.);
#2229=ORIENTED_EDGE('',*,*,#1351,.F.);
#2230=ORIENTED_EDGE('',*,*,#1539,.F.);
#2231=ORIENTED_EDGE('',*,*,#1299,.F.);
#2232=ORIENTED_EDGE('',*,*,#1551,.F.);
#2233=ORIENTED_EDGE('',*,*,#1297,.F.);
#2234=ORIENTED_EDGE('',*,*,#1294,.F.);
#2235=ORIENTED_EDGE('',*,*,#1291,.F.);
#2236=ORIENTED_EDGE('',*,*,#1288,.F.);
#2237=ORIENTED_EDGE('',*,*,#1285,.F.);
#2238=ORIENTED_EDGE('',*,*,#1282,.F.);
#2239=ORIENTED_EDGE('',*,*,#1279,.F.);
#2240=ORIENTED_EDGE('',*,*,#1276,.F.);
#2241=ORIENTED_EDGE('',*,*,#1273,.F.);
#2242=ORIENTED_EDGE('',*,*,#1270,.F.);
#2243=ORIENTED_EDGE('',*,*,#1267,.F.);
#2244=ORIENTED_EDGE('',*,*,#1264,.F.);
#2245=ORIENTED_EDGE('',*,*,#1261,.F.);
#2246=ORIENTED_EDGE('',*,*,#1258,.F.);
#2247=ORIENTED_EDGE('',*,*,#1255,.F.);
#2248=ORIENTED_EDGE('',*,*,#1552,.F.);
#2249=ORIENTED_EDGE('',*,*,#1253,.F.);
#2250=ORIENTED_EDGE('',*,*,#1257,.F.);
#2251=ORIENTED_EDGE('',*,*,#1260,.F.);
#2252=ORIENTED_EDGE('',*,*,#1263,.F.);
#2253=ORIENTED_EDGE('',*,*,#1266,.F.);
#2254=ORIENTED_EDGE('',*,*,#1269,.F.);
#2255=ORIENTED_EDGE('',*,*,#1272,.F.);
#2256=ORIENTED_EDGE('',*,*,#1275,.F.);
#2257=ORIENTED_EDGE('',*,*,#1278,.F.);
#2258=ORIENTED_EDGE('',*,*,#1281,.F.);
#2259=ORIENTED_EDGE('',*,*,#1284,.F.);
#2260=ORIENTED_EDGE('',*,*,#1287,.F.);
#2261=ORIENTED_EDGE('',*,*,#1290,.F.);
#2262=ORIENTED_EDGE('',*,*,#1293,.F.);
#2263=ORIENTED_EDGE('',*,*,#1296,.F.);
#2264=ORIENTED_EDGE('',*,*,#1553,.F.);
#2265=ORIENTED_EDGE('',*,*,#1301,.F.);
#2266=ORIENTED_EDGE('',*,*,#1538,.F.);
#2267=ORIENTED_EDGE('',*,*,#1349,.T.);
#2268=ORIENTED_EDGE('',*,*,#1549,.T.);
#2269=ORIENTED_EDGE('',*,*,#1347,.T.);
#2270=ORIENTED_EDGE('',*,*,#1344,.T.);
#2271=ORIENTED_EDGE('',*,*,#1341,.T.);
#2272=ORIENTED_EDGE('',*,*,#1338,.T.);
#2273=ORIENTED_EDGE('',*,*,#1335,.T.);
#2274=ORIENTED_EDGE('',*,*,#1332,.T.);
#2275=ORIENTED_EDGE('',*,*,#1329,.T.);
#2276=ORIENTED_EDGE('',*,*,#1326,.T.);
#2277=ORIENTED_EDGE('',*,*,#1323,.T.);
#2278=ORIENTED_EDGE('',*,*,#1320,.T.);
#2279=ORIENTED_EDGE('',*,*,#1317,.T.);
#2280=ORIENTED_EDGE('',*,*,#1314,.T.);
#2281=ORIENTED_EDGE('',*,*,#1311,.T.);
#2282=ORIENTED_EDGE('',*,*,#1308,.T.);
#2283=ORIENTED_EDGE('',*,*,#1305,.T.);
#2284=ORIENTED_EDGE('',*,*,#1298,.T.);
#2285=ORIENTED_EDGE('',*,*,#1553,.T.);
#2286=ORIENTED_EDGE('',*,*,#1295,.F.);
#2287=ORIENTED_EDGE('',*,*,#1551,.T.);
#2288=ORIENTED_EDGE('',*,*,#1552,.T.);
#2289=ORIENTED_EDGE('',*,*,#1304,.T.);
#2290=ORIENTED_EDGE('',*,*,#1550,.T.);
#2291=ORIENTED_EDGE('',*,*,#1254,.F.);
#2292=ORIENTED_EDGE('',*,*,#1248,.T.);
#2293=ORIENTED_EDGE('',*,*,#1554,.T.);
#2294=ORIENTED_EDGE('',*,*,#1245,.F.);
#2295=ORIENTED_EDGE('',*,*,#1555,.F.);
#2296=ORIENTED_EDGE('',*,*,#1556,.F.);
#2297=ORIENTED_EDGE('',*,*,#1203,.F.);
#2298=ORIENTED_EDGE('',*,*,#1207,.F.);
#2299=ORIENTED_EDGE('',*,*,#1210,.F.);
#2300=ORIENTED_EDGE('',*,*,#1213,.F.);
#2301=ORIENTED_EDGE('',*,*,#1216,.F.);
#2302=ORIENTED_EDGE('',*,*,#1219,.F.);
#2303=ORIENTED_EDGE('',*,*,#1222,.F.);
#2304=ORIENTED_EDGE('',*,*,#1225,.F.);
#2305=ORIENTED_EDGE('',*,*,#1228,.F.);
#2306=ORIENTED_EDGE('',*,*,#1231,.F.);
#2307=ORIENTED_EDGE('',*,*,#1234,.F.);
#2308=ORIENTED_EDGE('',*,*,#1237,.F.);
#2309=ORIENTED_EDGE('',*,*,#1240,.F.);
#2310=ORIENTED_EDGE('',*,*,#1243,.F.);
#2311=ORIENTED_EDGE('',*,*,#1246,.F.);
#2312=ORIENTED_EDGE('',*,*,#1554,.F.);
#2313=ORIENTED_EDGE('',*,*,#1251,.F.);
#2314=ORIENTED_EDGE('',*,*,#1537,.F.);
#2315=ORIENTED_EDGE('',*,*,#1199,.F.);
#2316=ORIENTED_EDGE('',*,*,#1557,.F.);
#2317=ORIENTED_EDGE('',*,*,#1197,.F.);
#2318=ORIENTED_EDGE('',*,*,#1194,.F.);
#2319=ORIENTED_EDGE('',*,*,#1191,.F.);
#2320=ORIENTED_EDGE('',*,*,#1188,.F.);
#2321=ORIENTED_EDGE('',*,*,#1185,.F.);
#2322=ORIENTED_EDGE('',*,*,#1182,.F.);
#2323=ORIENTED_EDGE('',*,*,#1179,.F.);
#2324=ORIENTED_EDGE('',*,*,#1176,.F.);
#2325=ORIENTED_EDGE('',*,*,#1173,.F.);
#2326=ORIENTED_EDGE('',*,*,#1170,.F.);
#2327=ORIENTED_EDGE('',*,*,#1167,.F.);
#2328=ORIENTED_EDGE('',*,*,#1164,.F.);
#2329=ORIENTED_EDGE('',*,*,#1161,.F.);
#2330=ORIENTED_EDGE('',*,*,#1158,.F.);
#2331=ORIENTED_EDGE('',*,*,#1155,.F.);
#2332=ORIENTED_EDGE('',*,*,#1558,.F.);
#2333=ORIENTED_EDGE('',*,*,#1153,.F.);
#2334=ORIENTED_EDGE('',*,*,#1157,.F.);
#2335=ORIENTED_EDGE('',*,*,#1160,.F.);
#2336=ORIENTED_EDGE('',*,*,#1163,.F.);
#2337=ORIENTED_EDGE('',*,*,#1166,.F.);
#2338=ORIENTED_EDGE('',*,*,#1169,.F.);
#2339=ORIENTED_EDGE('',*,*,#1172,.F.);
#2340=ORIENTED_EDGE('',*,*,#1175,.F.);
#2341=ORIENTED_EDGE('',*,*,#1178,.F.);
#2342=ORIENTED_EDGE('',*,*,#1181,.F.);
#2343=ORIENTED_EDGE('',*,*,#1184,.F.);
#2344=ORIENTED_EDGE('',*,*,#1187,.F.);
#2345=ORIENTED_EDGE('',*,*,#1190,.F.);
#2346=ORIENTED_EDGE('',*,*,#1193,.F.);
#2347=ORIENTED_EDGE('',*,*,#1196,.F.);
#2348=ORIENTED_EDGE('',*,*,#1559,.F.);
#2349=ORIENTED_EDGE('',*,*,#1201,.F.);
#2350=ORIENTED_EDGE('',*,*,#1536,.F.);
#2351=ORIENTED_EDGE('',*,*,#1249,.T.);
#2352=ORIENTED_EDGE('',*,*,#1555,.T.);
#2353=ORIENTED_EDGE('',*,*,#1247,.T.);
#2354=ORIENTED_EDGE('',*,*,#1244,.T.);
#2355=ORIENTED_EDGE('',*,*,#1241,.T.);
#2356=ORIENTED_EDGE('',*,*,#1238,.T.);
#2357=ORIENTED_EDGE('',*,*,#1235,.T.);
#2358=ORIENTED_EDGE('',*,*,#1232,.T.);
#2359=ORIENTED_EDGE('',*,*,#1229,.T.);
#2360=ORIENTED_EDGE('',*,*,#1226,.T.);
#2361=ORIENTED_EDGE('',*,*,#1223,.T.);
#2362=ORIENTED_EDGE('',*,*,#1220,.T.);
#2363=ORIENTED_EDGE('',*,*,#1217,.T.);
#2364=ORIENTED_EDGE('',*,*,#1214,.T.);
#2365=ORIENTED_EDGE('',*,*,#1211,.T.);
#2366=ORIENTED_EDGE('',*,*,#1208,.T.);
#2367=ORIENTED_EDGE('',*,*,#1205,.T.);
#2368=ORIENTED_EDGE('',*,*,#1198,.T.);
#2369=ORIENTED_EDGE('',*,*,#1559,.T.);
#2370=ORIENTED_EDGE('',*,*,#1195,.F.);
#2371=ORIENTED_EDGE('',*,*,#1557,.T.);
#2372=ORIENTED_EDGE('',*,*,#1558,.T.);
#2373=ORIENTED_EDGE('',*,*,#1204,.T.);
#2374=ORIENTED_EDGE('',*,*,#1556,.T.);
#2375=ORIENTED_EDGE('',*,*,#1154,.F.);
#2376=CYLINDRICAL_SURFACE('',#2659,0.06725);
#2377=CYLINDRICAL_SURFACE('',#2661,0.06725);
#2378=CYLINDRICAL_SURFACE('',#2662,0.06725);
#2379=CYLINDRICAL_SURFACE('',#2663,0.06725);
#2380=CYLINDRICAL_SURFACE('',#2664,0.06725);
#2381=CYLINDRICAL_SURFACE('',#2665,0.06725);
#2382=CYLINDRICAL_SURFACE('',#2666,0.06725);
#2383=CYLINDRICAL_SURFACE('',#2667,0.06725);
#2384=CYLINDRICAL_SURFACE('',#2668,0.06725);
#2385=CYLINDRICAL_SURFACE('',#2669,0.06725);
#2386=CYLINDRICAL_SURFACE('',#2670,0.06725);
#2387=CYLINDRICAL_SURFACE('',#2671,0.06725);
#2388=CYLINDRICAL_SURFACE('',#2672,0.06725);
#2389=CYLINDRICAL_SURFACE('',#2673,0.06725);
#2390=CYLINDRICAL_SURFACE('',#2674,0.06725);
#2391=CYLINDRICAL_SURFACE('',#2675,0.06725);
#2392=CYLINDRICAL_SURFACE('',#2677,0.082);
#2393=CYLINDRICAL_SURFACE('',#2679,0.082);
#2394=CYLINDRICAL_SURFACE('',#2680,0.082);
#2395=CYLINDRICAL_SURFACE('',#2681,0.082);
#2396=CYLINDRICAL_SURFACE('',#2682,0.082);
#2397=CYLINDRICAL_SURFACE('',#2683,0.082);
#2398=CYLINDRICAL_SURFACE('',#2684,0.082);
#2399=CYLINDRICAL_SURFACE('',#2685,0.082);
#2400=CYLINDRICAL_SURFACE('',#2686,0.082);
#2401=CYLINDRICAL_SURFACE('',#2687,0.082);
#2402=CYLINDRICAL_SURFACE('',#2688,0.082);
#2403=CYLINDRICAL_SURFACE('',#2689,0.082);
#2404=CYLINDRICAL_SURFACE('',#2690,0.082);
#2405=CYLINDRICAL_SURFACE('',#2691,0.082);
#2406=CYLINDRICAL_SURFACE('',#2692,0.082);
#2407=CYLINDRICAL_SURFACE('',#2693,0.082);
#2408=CYLINDRICAL_SURFACE('',#2695,0.06725);
#2409=CYLINDRICAL_SURFACE('',#2697,0.06725);
#2410=CYLINDRICAL_SURFACE('',#2698,0.06725);
#2411=CYLINDRICAL_SURFACE('',#2699,0.06725);
#2412=CYLINDRICAL_SURFACE('',#2700,0.06725);
#2413=CYLINDRICAL_SURFACE('',#2701,0.06725);
#2414=CYLINDRICAL_SURFACE('',#2702,0.06725);
#2415=CYLINDRICAL_SURFACE('',#2703,0.06725);
#2416=CYLINDRICAL_SURFACE('',#2704,0.06725);
#2417=CYLINDRICAL_SURFACE('',#2705,0.06725);
#2418=CYLINDRICAL_SURFACE('',#2706,0.06725);
#2419=CYLINDRICAL_SURFACE('',#2707,0.06725);
#2420=CYLINDRICAL_SURFACE('',#2708,0.06725);
#2421=CYLINDRICAL_SURFACE('',#2709,0.06725);
#2422=CYLINDRICAL_SURFACE('',#2710,0.06725);
#2423=CYLINDRICAL_SURFACE('',#2711,0.06725);
#2424=CYLINDRICAL_SURFACE('',#2713,0.0820000000000001);
#2425=CYLINDRICAL_SURFACE('',#2715,0.0820000000000001);
#2426=CYLINDRICAL_SURFACE('',#2716,0.0820000000000001);
#2427=CYLINDRICAL_SURFACE('',#2717,0.0820000000000001);
#2428=CYLINDRICAL_SURFACE('',#2718,0.0820000000000001);
#2429=CYLINDRICAL_SURFACE('',#2719,0.0820000000000001);
#2430=CYLINDRICAL_SURFACE('',#2720,0.0820000000000001);
#2431=CYLINDRICAL_SURFACE('',#2721,0.0820000000000001);
#2432=CYLINDRICAL_SURFACE('',#2722,0.0820000000000001);
#2433=CYLINDRICAL_SURFACE('',#2723,0.0820000000000001);
#2434=CYLINDRICAL_SURFACE('',#2724,0.0820000000000001);
#2435=CYLINDRICAL_SURFACE('',#2725,0.0820000000000001);
#2436=CYLINDRICAL_SURFACE('',#2726,0.0820000000000001);
#2437=CYLINDRICAL_SURFACE('',#2727,0.0820000000000001);
#2438=CYLINDRICAL_SURFACE('',#2728,0.0820000000000001);
#2439=CYLINDRICAL_SURFACE('',#2729,0.0820000000000001);
#2440=CYLINDRICAL_SURFACE('',#2731,0.06725);
#2441=CYLINDRICAL_SURFACE('',#2733,0.06725);
#2442=CYLINDRICAL_SURFACE('',#2734,0.06725);
#2443=CYLINDRICAL_SURFACE('',#2735,0.06725);
#2444=CYLINDRICAL_SURFACE('',#2736,0.06725);
#2445=CYLINDRICAL_SURFACE('',#2737,0.06725);
#2446=CYLINDRICAL_SURFACE('',#2738,0.06725);
#2447=CYLINDRICAL_SURFACE('',#2739,0.06725);
#2448=CYLINDRICAL_SURFACE('',#2740,0.06725);
#2449=CYLINDRICAL_SURFACE('',#2741,0.06725);
#2450=CYLINDRICAL_SURFACE('',#2742,0.06725);
#2451=CYLINDRICAL_SURFACE('',#2743,0.06725);
#2452=CYLINDRICAL_SURFACE('',#2744,0.06725);
#2453=CYLINDRICAL_SURFACE('',#2745,0.06725);
#2454=CYLINDRICAL_SURFACE('',#2746,0.06725);
#2455=CYLINDRICAL_SURFACE('',#2747,0.06725);
#2456=CYLINDRICAL_SURFACE('',#2749,0.0819999999999997);
#2457=CYLINDRICAL_SURFACE('',#2751,0.0819999999999997);
#2458=CYLINDRICAL_SURFACE('',#2752,0.0819999999999997);
#2459=CYLINDRICAL_SURFACE('',#2753,0.0819999999999997);
#2460=CYLINDRICAL_SURFACE('',#2754,0.0819999999999997);
#2461=CYLINDRICAL_SURFACE('',#2755,0.0819999999999997);
#2462=CYLINDRICAL_SURFACE('',#2756,0.0819999999999997);
#2463=CYLINDRICAL_SURFACE('',#2757,0.0819999999999997);
#2464=CYLINDRICAL_SURFACE('',#2758,0.0819999999999997);
#2465=CYLINDRICAL_SURFACE('',#2759,0.0819999999999997);
#2466=CYLINDRICAL_SURFACE('',#2760,0.0819999999999997);
#2467=CYLINDRICAL_SURFACE('',#2761,0.0819999999999997);
#2468=CYLINDRICAL_SURFACE('',#2762,0.0819999999999997);
#2469=CYLINDRICAL_SURFACE('',#2763,0.0819999999999997);
#2470=CYLINDRICAL_SURFACE('',#2764,0.0819999999999997);
#2471=CYLINDRICAL_SURFACE('',#2765,0.0819999999999997);
#2472=CYLINDRICAL_SURFACE('',#2771,0.05);
#2473=CYLINDRICAL_SURFACE('',#2777,0.05);
#2474=CYLINDRICAL_SURFACE('',#2782,0.05);
#2475=CYLINDRICAL_SURFACE('',#2787,0.05);
#2476=CYLINDRICAL_SURFACE('',#2793,0.05);
#2477=CYLINDRICAL_SURFACE('',#2798,0.05);
#2478=CYLINDRICAL_SURFACE('',#2800,0.0999999999999998);
#2479=CYLINDRICAL_SURFACE('',#2803,0.5);
#2480=CYLINDRICAL_SURFACE('',#2806,0.1);
#2481=CYLINDRICAL_SURFACE('',#2809,0.05);
#2482=CYLINDRICAL_SURFACE('',#2815,0.05);
#2483=CYLINDRICAL_SURFACE('',#2821,0.05);
#2484=CYLINDRICAL_SURFACE('',#2826,0.05);
#2485=CYLINDRICAL_SURFACE('',#2830,0.05);
#2486=CYLINDRICAL_SURFACE('',#2835,0.05);
#2487=CYLINDRICAL_SURFACE('',#2838,0.0999999999999998);
#2488=CYLINDRICAL_SURFACE('',#2840,0.5);
#2489=CYLINDRICAL_SURFACE('',#2842,0.0999999999999999);
#2490=CYLINDRICAL_SURFACE('',#2845,0.0819999999999997);
#2491=CYLINDRICAL_SURFACE('',#2846,0.06725);
#2492=CYLINDRICAL_SURFACE('',#2848,0.0820000000000001);
#2493=CYLINDRICAL_SURFACE('',#2849,0.06725);
#2494=CYLINDRICAL_SURFACE('',#2851,0.082);
#2495=CYLINDRICAL_SURFACE('',#2852,0.06725);
#2496=ADVANCED_FACE('',(#47),#2376,.F.);
#2497=ADVANCED_FACE('',(#48),#2377,.F.);
#2498=ADVANCED_FACE('',(#49),#2378,.F.);
#2499=ADVANCED_FACE('',(#50),#2379,.F.);
#2500=ADVANCED_FACE('',(#51),#2380,.F.);
#2501=ADVANCED_FACE('',(#52),#2381,.F.);
#2502=ADVANCED_FACE('',(#53),#2382,.F.);
#2503=ADVANCED_FACE('',(#54),#2383,.F.);
#2504=ADVANCED_FACE('',(#55),#2384,.F.);
#2505=ADVANCED_FACE('',(#56),#2385,.F.);
#2506=ADVANCED_FACE('',(#57),#2386,.F.);
#2507=ADVANCED_FACE('',(#58),#2387,.F.);
#2508=ADVANCED_FACE('',(#59),#2388,.F.);
#2509=ADVANCED_FACE('',(#60),#2389,.F.);
#2510=ADVANCED_FACE('',(#61),#2390,.F.);
#2511=ADVANCED_FACE('',(#62),#2391,.F.);
#2512=ADVANCED_FACE('',(#63),#2392,.F.);
#2513=ADVANCED_FACE('',(#64),#2393,.F.);
#2514=ADVANCED_FACE('',(#65),#2394,.F.);
#2515=ADVANCED_FACE('',(#66),#2395,.F.);
#2516=ADVANCED_FACE('',(#67),#2396,.F.);
#2517=ADVANCED_FACE('',(#68),#2397,.F.);
#2518=ADVANCED_FACE('',(#69),#2398,.F.);
#2519=ADVANCED_FACE('',(#70),#2399,.F.);
#2520=ADVANCED_FACE('',(#71),#2400,.F.);
#2521=ADVANCED_FACE('',(#72),#2401,.F.);
#2522=ADVANCED_FACE('',(#73),#2402,.F.);
#2523=ADVANCED_FACE('',(#74),#2403,.F.);
#2524=ADVANCED_FACE('',(#75),#2404,.F.);
#2525=ADVANCED_FACE('',(#76),#2405,.F.);
#2526=ADVANCED_FACE('',(#77),#2406,.F.);
#2527=ADVANCED_FACE('',(#78),#2407,.F.);
#2528=ADVANCED_FACE('',(#79),#2408,.F.);
#2529=ADVANCED_FACE('',(#80),#2409,.F.);
#2530=ADVANCED_FACE('',(#81),#2410,.F.);
#2531=ADVANCED_FACE('',(#82),#2411,.F.);
#2532=ADVANCED_FACE('',(#83),#2412,.F.);
#2533=ADVANCED_FACE('',(#84),#2413,.F.);
#2534=ADVANCED_FACE('',(#85),#2414,.F.);
#2535=ADVANCED_FACE('',(#86),#2415,.F.);
#2536=ADVANCED_FACE('',(#87),#2416,.F.);
#2537=ADVANCED_FACE('',(#88),#2417,.F.);
#2538=ADVANCED_FACE('',(#89),#2418,.F.);
#2539=ADVANCED_FACE('',(#90),#2419,.F.);
#2540=ADVANCED_FACE('',(#91),#2420,.F.);
#2541=ADVANCED_FACE('',(#92),#2421,.F.);
#2542=ADVANCED_FACE('',(#93),#2422,.F.);
#2543=ADVANCED_FACE('',(#94),#2423,.F.);
#2544=ADVANCED_FACE('',(#95),#2424,.F.);
#2545=ADVANCED_FACE('',(#96),#2425,.F.);
#2546=ADVANCED_FACE('',(#97),#2426,.F.);
#2547=ADVANCED_FACE('',(#98),#2427,.F.);
#2548=ADVANCED_FACE('',(#99),#2428,.F.);
#2549=ADVANCED_FACE('',(#100),#2429,.F.);
#2550=ADVANCED_FACE('',(#101),#2430,.F.);
#2551=ADVANCED_FACE('',(#102),#2431,.F.);
#2552=ADVANCED_FACE('',(#103),#2432,.F.);
#2553=ADVANCED_FACE('',(#104),#2433,.F.);
#2554=ADVANCED_FACE('',(#105),#2434,.F.);
#2555=ADVANCED_FACE('',(#106),#2435,.F.);
#2556=ADVANCED_FACE('',(#107),#2436,.F.);
#2557=ADVANCED_FACE('',(#108),#2437,.F.);
#2558=ADVANCED_FACE('',(#109),#2438,.F.);
#2559=ADVANCED_FACE('',(#110),#2439,.F.);
#2560=ADVANCED_FACE('',(#111),#2440,.F.);
#2561=ADVANCED_FACE('',(#112),#2441,.F.);
#2562=ADVANCED_FACE('',(#113),#2442,.F.);
#2563=ADVANCED_FACE('',(#114),#2443,.F.);
#2564=ADVANCED_FACE('',(#115),#2444,.F.);
#2565=ADVANCED_FACE('',(#116),#2445,.F.);
#2566=ADVANCED_FACE('',(#117),#2446,.F.);
#2567=ADVANCED_FACE('',(#118),#2447,.F.);
#2568=ADVANCED_FACE('',(#119),#2448,.F.);
#2569=ADVANCED_FACE('',(#120),#2449,.F.);
#2570=ADVANCED_FACE('',(#121),#2450,.F.);
#2571=ADVANCED_FACE('',(#122),#2451,.F.);
#2572=ADVANCED_FACE('',(#123),#2452,.F.);
#2573=ADVANCED_FACE('',(#124),#2453,.F.);
#2574=ADVANCED_FACE('',(#125),#2454,.F.);
#2575=ADVANCED_FACE('',(#126),#2455,.F.);
#2576=ADVANCED_FACE('',(#127),#2456,.F.);
#2577=ADVANCED_FACE('',(#128),#2457,.F.);
#2578=ADVANCED_FACE('',(#129),#2458,.F.);
#2579=ADVANCED_FACE('',(#130),#2459,.F.);
#2580=ADVANCED_FACE('',(#131),#2460,.F.);
#2581=ADVANCED_FACE('',(#132),#2461,.F.);
#2582=ADVANCED_FACE('',(#133),#2462,.F.);
#2583=ADVANCED_FACE('',(#134),#2463,.F.);
#2584=ADVANCED_FACE('',(#135),#2464,.F.);
#2585=ADVANCED_FACE('',(#136),#2465,.F.);
#2586=ADVANCED_FACE('',(#137),#2466,.F.);
#2587=ADVANCED_FACE('',(#138),#2467,.F.);
#2588=ADVANCED_FACE('',(#139),#2468,.F.);
#2589=ADVANCED_FACE('',(#140),#2469,.F.);
#2590=ADVANCED_FACE('',(#141),#2470,.F.);
#2591=ADVANCED_FACE('',(#142),#2471,.F.);
#2592=ADVANCED_FACE('',(#143),#39,.F.);
#2593=ADVANCED_FACE('',(#144),#2472,.T.);
#2594=ADVANCED_FACE('',(#145),#35,.T.);
#2595=ADVANCED_FACE('',(#146),#2473,.T.);
#2596=ADVANCED_FACE('',(#147),#40,.F.);
#2597=ADVANCED_FACE('',(#148),#2474,.T.);
#2598=ADVANCED_FACE('',(#149),#41,.F.);
#2599=ADVANCED_FACE('',(#150),#2475,.T.);
#2600=ADVANCED_FACE('',(#151),#36,.T.);
#2601=ADVANCED_FACE('',(#152),#2476,.T.);
#2602=ADVANCED_FACE('',(#153),#42,.F.);
#2603=ADVANCED_FACE('',(#154),#2477,.T.);
#2604=ADVANCED_FACE('',(#155),#24,.T.);
#2605=ADVANCED_FACE('',(#156),#2478,.T.);
#2606=ADVANCED_FACE('',(#157),#25,.T.);
#2607=ADVANCED_FACE('',(#158),#2479,.T.);
#2608=ADVANCED_FACE('',(#159),#26,.T.);
#2609=ADVANCED_FACE('',(#160),#2480,.T.);
#2610=ADVANCED_FACE('',(#161),#27,.T.);
#2611=ADVANCED_FACE('',(#162),#2481,.T.);
#2612=ADVANCED_FACE('',(#163),#43,.F.);
#2613=ADVANCED_FACE('',(#164),#2482,.T.);
#2614=ADVANCED_FACE('',(#165),#37,.T.);
#2615=ADVANCED_FACE('',(#166),#2483,.T.);
#2616=ADVANCED_FACE('',(#167),#44,.F.);
#2617=ADVANCED_FACE('',(#168),#2484,.T.);
#2618=ADVANCED_FACE('',(#169),#45,.F.);
#2619=ADVANCED_FACE('',(#170),#2485,.T.);
#2620=ADVANCED_FACE('',(#171),#38,.T.);
#2621=ADVANCED_FACE('',(#172),#2486,.T.);
#2622=ADVANCED_FACE('',(#173),#46,.F.);
#2623=ADVANCED_FACE('',(#174),#2487,.T.);
#2624=ADVANCED_FACE('',(#175),#28,.T.);
#2625=ADVANCED_FACE('',(#176),#2488,.F.);
#2626=ADVANCED_FACE('',(#177),#29,.T.);
#2627=ADVANCED_FACE('',(#178),#2489,.T.);
#2628=ADVANCED_FACE('',(#179,#21,#22,#23),#30,.T.);
#2629=ADVANCED_FACE('',(#180),#31,.F.);
#2630=ADVANCED_FACE('',(#181),#2490,.F.);
#2631=ADVANCED_FACE('',(#182),#15,.F.);
#2632=ADVANCED_FACE('',(#183),#16,.F.);
#2633=ADVANCED_FACE('',(#184),#2491,.F.);
#2634=ADVANCED_FACE('',(#185),#32,.F.);
#2635=ADVANCED_FACE('',(#186),#2492,.F.);
#2636=ADVANCED_FACE('',(#187),#17,.F.);
#2637=ADVANCED_FACE('',(#188),#18,.F.);
#2638=ADVANCED_FACE('',(#189),#2493,.F.);
#2639=ADVANCED_FACE('',(#190),#33,.F.);
#2640=ADVANCED_FACE('',(#191),#2494,.F.);
#2641=ADVANCED_FACE('',(#192),#19,.F.);
#2642=ADVANCED_FACE('',(#193),#20,.F.);
#2643=ADVANCED_FACE('',(#194),#2495,.F.);
#2644=ADVANCED_FACE('',(#195),#34,.F.);
#2645=CLOSED_SHELL('',(#2496,#2497,#2498,#2499,#2500,#2501,#2502,#2503,
#2504,#2505,#2506,#2507,#2508,#2509,#2510,#2511,#2512,#2513,#2514,#2515,
#2516,#2517,#2518,#2519,#2520,#2521,#2522,#2523,#2524,#2525,#2526,#2527,
#2528,#2529,#2530,#2531,#2532,#2533,#2534,#2535,#2536,#2537,#2538,#2539,
#2540,#2541,#2542,#2543,#2544,#2545,#2546,#2547,#2548,#2549,#2550,#2551,
#2552,#2553,#2554,#2555,#2556,#2557,#2558,#2559,#2560,#2561,#2562,#2563,
#2564,#2565,#2566,#2567,#2568,#2569,#2570,#2571,#2572,#2573,#2574,#2575,
#2576,#2577,#2578,#2579,#2580,#2581,#2582,#2583,#2584,#2585,#2586,#2587,
#2588,#2589,#2590,#2591,#2592,#2593,#2594,#2595,#2596,#2597,#2598,#2599,
#2600,#2601,#2602,#2603,#2604,#2605,#2606,#2607,#2608,#2609,#2610,#2611,
#2612,#2613,#2614,#2615,#2616,#2617,#2618,#2619,#2620,#2621,#2622,#2623,
#2624,#2625,#2626,#2627,#2628,#2629,#2630,#2631,#2632,#2633,#2634,#2635,
#2636,#2637,#2638,#2639,#2640,#2641,#2642,#2643,#2644));
#2646=DERIVED_UNIT_ELEMENT(#2648,1.);
#2647=DERIVED_UNIT_ELEMENT(#10277,-3.);
#2648=(
MASS_UNIT()
NAMED_UNIT(*)
SI_UNIT(.KILO.,.GRAM.)
);
#2649=DERIVED_UNIT((#2646,#2647));
#2650=MEASURE_REPRESENTATION_ITEM('density measure',
POSITIVE_RATIO_MEASURE(7850.),#2649);
#2651=PROPERTY_DEFINITION_REPRESENTATION(#2656,#2653);
#2652=PROPERTY_DEFINITION_REPRESENTATION(#2657,#2654);
#2653=REPRESENTATION('material name',(#2655),#10272);
#2654=REPRESENTATION('density',(#2650),#10272);
#2655=DESCRIPTIVE_REPRESENTATION_ITEM('Steel','Steel');
#2656=PROPERTY_DEFINITION('material property','material name',#10285);
#2657=PROPERTY_DEFINITION('material property','density of part',#10285);
#2658=AXIS2_PLACEMENT_3D('',#3378,#2854,#2855);
#2659=AXIS2_PLACEMENT_3D('',#3379,#2856,#2857);
#2660=AXIS2_PLACEMENT_3D('',#3389,#2859,#2860);
#2661=AXIS2_PLACEMENT_3D('',#3403,#2861,#2862);
#2662=AXIS2_PLACEMENT_3D('',#3451,#2864,#2865);
#2663=AXIS2_PLACEMENT_3D('',#3502,#2867,#2868);
#2664=AXIS2_PLACEMENT_3D('',#3553,#2870,#2871);
#2665=AXIS2_PLACEMENT_3D('',#3601,#2873,#2874);
#2666=AXIS2_PLACEMENT_3D('',#3652,#2876,#2877);
#2667=AXIS2_PLACEMENT_3D('',#3703,#2879,#2880);
#2668=AXIS2_PLACEMENT_3D('',#3751,#2882,#2883);
#2669=AXIS2_PLACEMENT_3D('',#3802,#2885,#2886);
#2670=AXIS2_PLACEMENT_3D('',#3853,#2888,#2889);
#2671=AXIS2_PLACEMENT_3D('',#3901,#2891,#2892);
#2672=AXIS2_PLACEMENT_3D('',#3952,#2894,#2895);
#2673=AXIS2_PLACEMENT_3D('',#4003,#2897,#2898);
#2674=AXIS2_PLACEMENT_3D('',#4051,#2900,#2901);
#2675=AXIS2_PLACEMENT_3D('',#4102,#2903,#2904);
#2676=AXIS2_PLACEMENT_3D('',#4121,#2906,#2907);
#2677=AXIS2_PLACEMENT_3D('',#4144,#2908,#2909);
#2678=AXIS2_PLACEMENT_3D('',#4158,#2911,#2912);
#2679=AXIS2_PLACEMENT_3D('',#4168,#2913,#2914);
#2680=AXIS2_PLACEMENT_3D('',#4193,#2916,#2917);
#2681=AXIS2_PLACEMENT_3D('',#4217,#2919,#2920);
#2682=AXIS2_PLACEMENT_3D('',#4242,#2922,#2923);
#2683=AXIS2_PLACEMENT_3D('',#4267,#2925,#2926);
#2684=AXIS2_PLACEMENT_3D('',#4291,#2928,#2929);
#2685=AXIS2_PLACEMENT_3D('',#4316,#2931,#2932);
#2686=AXIS2_PLACEMENT_3D('',#4341,#2934,#2935);
#2687=AXIS2_PLACEMENT_3D('',#4365,#2937,#2938);
#2688=AXIS2_PLACEMENT_3D('',#4390,#2940,#2941);
#2689=AXIS2_PLACEMENT_3D('',#4415,#2943,#2944);
#2690=AXIS2_PLACEMENT_3D('',#4439,#2946,#2947);
#2691=AXIS2_PLACEMENT_3D('',#4464,#2949,#2950);
#2692=AXIS2_PLACEMENT_3D('',#4489,#2952,#2953);
#2693=AXIS2_PLACEMENT_3D('',#4513,#2955,#2956);
#2694=AXIS2_PLACEMENT_3D('',#4524,#2958,#2959);
#2695=AXIS2_PLACEMENT_3D('',#4531,#2960,#2961);
#2696=AXIS2_PLACEMENT_3D('',#4541,#2963,#2964);
#2697=AXIS2_PLACEMENT_3D('',#4555,#2965,#2966);
#2698=AXIS2_PLACEMENT_3D('',#4603,#2968,#2969);
#2699=AXIS2_PLACEMENT_3D('',#4654,#2971,#2972);
#2700=AXIS2_PLACEMENT_3D('',#4705,#2974,#2975);
#2701=AXIS2_PLACEMENT_3D('',#4753,#2977,#2978);
#2702=AXIS2_PLACEMENT_3D('',#4804,#2980,#2981);
#2703=AXIS2_PLACEMENT_3D('',#4855,#2983,#2984);
#2704=AXIS2_PLACEMENT_3D('',#4903,#2986,#2987);
#2705=AXIS2_PLACEMENT_3D('',#4954,#2989,#2990);
#2706=AXIS2_PLACEMENT_3D('',#5005,#2992,#2993);
#2707=AXIS2_PLACEMENT_3D('',#5053,#2995,#2996);
#2708=AXIS2_PLACEMENT_3D('',#5104,#2998,#2999);
#2709=AXIS2_PLACEMENT_3D('',#5155,#3001,#3002);
#2710=AXIS2_PLACEMENT_3D('',#5203,#3004,#3005);
#2711=AXIS2_PLACEMENT_3D('',#5254,#3007,#3008);
#2712=AXIS2_PLACEMENT_3D('',#5273,#3010,#3011);
#2713=AXIS2_PLACEMENT_3D('',#5296,#3012,#3013);
#2714=AXIS2_PLACEMENT_3D('',#5310,#3015,#3016);
#2715=AXIS2_PLACEMENT_3D('',#5320,#3017,#3018);
#2716=AXIS2_PLACEMENT_3D('',#5345,#3020,#3021);
#2717=AXIS2_PLACEMENT_3D('',#5369,#3023,#3024);
#2718=AXIS2_PLACEMENT_3D('',#5394,#3026,#3027);
#2719=AXIS2_PLACEMENT_3D('',#5419,#3029,#3030);
#2720=AXIS2_PLACEMENT_3D('',#5443,#3032,#3033);
#2721=AXIS2_PLACEMENT_3D('',#5468,#3035,#3036);
#2722=AXIS2_PLACEMENT_3D('',#5493,#3038,#3039);
#2723=AXIS2_PLACEMENT_3D('',#5517,#3041,#3042);
#2724=AXIS2_PLACEMENT_3D('',#5542,#3044,#3045);
#2725=AXIS2_PLACEMENT_3D('',#5567,#3047,#3048);
#2726=AXIS2_PLACEMENT_3D('',#5591,#3050,#3051);
#2727=AXIS2_PLACEMENT_3D('',#5616,#3053,#3054);
#2728=AXIS2_PLACEMENT_3D('',#5641,#3056,#3057);
#2729=AXIS2_PLACEMENT_3D('',#5665,#3059,#3060);
#2730=AXIS2_PLACEMENT_3D('',#5676,#3062,#3063);
#2731=AXIS2_PLACEMENT_3D('',#5683,#3064,#3065);
#2732=AXIS2_PLACEMENT_3D('',#5693,#3067,#3068);
#2733=AXIS2_PLACEMENT_3D('',#5707,#3069,#3070);
#2734=AXIS2_PLACEMENT_3D('',#5755,#3072,#3073);
#2735=AXIS2_PLACEMENT_3D('',#5806,#3075,#3076);
#2736=AXIS2_PLACEMENT_3D('',#5857,#3078,#3079);
#2737=AXIS2_PLACEMENT_3D('',#5905,#3081,#3082);
#2738=AXIS2_PLACEMENT_3D('',#5956,#3084,#3085);
#2739=AXIS2_PLACEMENT_3D('',#6007,#3087,#3088);
#2740=AXIS2_PLACEMENT_3D('',#6055,#3090,#3091);
#2741=AXIS2_PLACEMENT_3D('',#6106,#3093,#3094);
#2742=AXIS2_PLACEMENT_3D('',#6157,#3096,#3097);
#2743=AXIS2_PLACEMENT_3D('',#6205,#3099,#3100);
#2744=AXIS2_PLACEMENT_3D('',#6256,#3102,#3103);
#2745=AXIS2_PLACEMENT_3D('',#6307,#3105,#3106);
#2746=AXIS2_PLACEMENT_3D('',#6355,#3108,#3109);
#2747=AXIS2_PLACEMENT_3D('',#6406,#3111,#3112);
#2748=AXIS2_PLACEMENT_3D('',#6425,#3114,#3115);
#2749=AXIS2_PLACEMENT_3D('',#6448,#3116,#3117);
#2750=AXIS2_PLACEMENT_3D('',#6462,#3119,#3120);
#2751=AXIS2_PLACEMENT_3D('',#6472,#3121,#3122);
#2752=AXIS2_PLACEMENT_3D('',#6497,#3124,#3125);
#2753=AXIS2_PLACEMENT_3D('',#6521,#3127,#3128);
#2754=AXIS2_PLACEMENT_3D('',#6546,#3130,#3131);
#2755=AXIS2_PLACEMENT_3D('',#6571,#3133,#3134);
#2756=AXIS2_PLACEMENT_3D('',#6595,#3136,#3137);
#2757=AXIS2_PLACEMENT_3D('',#6620,#3139,#3140);
#2758=AXIS2_PLACEMENT_3D('',#6645,#3142,#3143);
#2759=AXIS2_PLACEMENT_3D('',#6669,#3145,#3146);
#2760=AXIS2_PLACEMENT_3D('',#6694,#3148,#3149);
#2761=AXIS2_PLACEMENT_3D('',#6719,#3151,#3152);
#2762=AXIS2_PLACEMENT_3D('',#6743,#3154,#3155);
#2763=AXIS2_PLACEMENT_3D('',#6768,#3157,#3158);
#2764=AXIS2_PLACEMENT_3D('',#6793,#3160,#3161);
#2765=AXIS2_PLACEMENT_3D('',#6817,#3163,#3164);
#2766=AXIS2_PLACEMENT_3D('',#6828,#3166,#3167);
#2767=AXIS2_PLACEMENT_3D('',#6846,#3168,#3169);
#2768=AXIS2_PLACEMENT_3D('',#6848,#3170,#3171);
#2769=AXIS2_PLACEMENT_3D('',#6850,#3172,#3173);
#2770=AXIS2_PLACEMENT_3D('',#6851,#3174,#3175);
#2771=AXIS2_PLACEMENT_3D('',#6852,#3176,#3177);
#2772=AXIS2_PLACEMENT_3D('',#6855,#3178,#3179);
#2773=AXIS2_PLACEMENT_3D('',#6858,#3182,#3183);
#2774=AXIS2_PLACEMENT_3D('',#6861,#3184,#3185);
#2775=AXIS2_PLACEMENT_3D('',#6862,#3186,#3187);
#2776=AXIS2_PLACEMENT_3D('',#6863,#3188,#3189);
#2777=AXIS2_PLACEMENT_3D('',#6864,#3190,#3191);
#2778=AXIS2_PLACEMENT_3D('',#6867,#3192,#3193);
#2779=AXIS2_PLACEMENT_3D('',#6881,#3196,#3197);
#2780=AXIS2_PLACEMENT_3D('',#6882,#3198,#3199);
#2781=AXIS2_PLACEMENT_3D('',#6883,#3200,#3201);
#2782=AXIS2_PLACEMENT_3D('',#6884,#3202,#3203);
#2783=AXIS2_PLACEMENT_3D('',#6887,#3204,#3205);
#2784=AXIS2_PLACEMENT_3D('',#6901,#3208,#3209);
#2785=AXIS2_PLACEMENT_3D('',#6902,#3210,#3211);
#2786=AXIS2_PLACEMENT_3D('',#6903,#3212,#3213);
#2787=AXIS2_PLACEMENT_3D('',#6904,#3214,#3215);
#2788=AXIS2_PLACEMENT_3D('',#6907,#3216,#3217);
#2789=AXIS2_PLACEMENT_3D('',#6910,#3220,#3221);
#2790=AXIS2_PLACEMENT_3D('',#6913,#3222,#3223);
#2791=AXIS2_PLACEMENT_3D('',#6914,#3224,#3225);
#2792=AXIS2_PLACEMENT_3D('',#6915,#3226,#3227);
#2793=AXIS2_PLACEMENT_3D('',#6916,#3228,#3229);
#2794=AXIS2_PLACEMENT_3D('',#6919,#3230,#3231);
#2795=AXIS2_PLACEMENT_3D('',#6933,#3234,#3235);
#2796=AXIS2_PLACEMENT_3D('',#6934,#3236,#3237);
#2797=AXIS2_PLACEMENT_3D('',#6935,#3238,#3239);
#2798=AXIS2_PLACEMENT_3D('',#6936,#3240,#3241);
#2799=AXIS2_PLACEMENT_3D('',#6939,#3244,#3245);
#2800=AXIS2_PLACEMENT_3D('',#6945,#3249,#3250);
#2801=AXIS2_PLACEMENT_3D('',#6948,#3252,#3253);
#2802=AXIS2_PLACEMENT_3D('',#6949,#3254,#3255);
#2803=AXIS2_PLACEMENT_3D('',#6953,#3258,#3259);
#2804=AXIS2_PLACEMENT_3D('',#6956,#3261,#3262);
#2805=AXIS2_PLACEMENT_3D('',#6957,#3263,#3264);
#2806=AXIS2_PLACEMENT_3D('',#6961,#3267,#3268);
#2807=AXIS2_PLACEMENT_3D('',#6964,#3270,#3271);
#2808=AXIS2_PLACEMENT_3D('',#6965,#3272,#3273);
#2809=AXIS2_PLACEMENT_3D('',#6966,#3274,#3275);
#2810=AXIS2_PLACEMENT_3D('',#6968,#3276,#3277);
#2811=AXIS2_PLACEMENT_3D('',#6972,#3279,#3280);
#2812=AXIS2_PLACEMENT_3D('',#6985,#3282,#3283);
#2813=AXIS2_PLACEMENT_3D('',#6986,#3284,#3285);
#2814=AXIS2_PLACEMENT_3D('',#6987,#3286,#3287);
#2815=AXIS2_PLACEMENT_3D('',#6988,#3288,#3289);
#2816=AXIS2_PLACEMENT_3D('',#6991,#3290,#3291);
#2817=AXIS2_PLACEMENT_3D('',#6994,#3294,#3295);
#2818=AXIS2_PLACEMENT_3D('',#6997,#3296,#3297);
#2819=AXIS2_PLACEMENT_3D('',#6998,#3298,#3299);
#2820=AXIS2_PLACEMENT_3D('',#6999,#3300,#3301);
#2821=AXIS2_PLACEMENT_3D('',#7000,#3302,#3303);
#2822=AXIS2_PLACEMENT_3D('',#7003,#3304,#3305);
#2823=AXIS2_PLACEMENT_3D('',#7016,#3308,#3309);
#2824=AXIS2_PLACEMENT_3D('',#7017,#3310,#3311);
#2825=AXIS2_PLACEMENT_3D('',#7018,#3312,#3313);
#2826=AXIS2_PLACEMENT_3D('',#7019,#3314,#3315);
#2827=AXIS2_PLACEMENT_3D('',#7021,#3316,#3317);
#2828=AXIS2_PLACEMENT_3D('',#7033,#3319,#3320);
#2829=AXIS2_PLACEMENT_3D('',#7034,#3321,#3322);
#2830=AXIS2_PLACEMENT_3D('',#7035,#3323,#3324);
#2831=AXIS2_PLACEMENT_3D('',#7037,#3325,#3326);
#2832=AXIS2_PLACEMENT_3D('',#7039,#3328,#3329);
#2833=AXIS2_PLACEMENT_3D('',#7041,#3330,#3331);
#2834=AXIS2_PLACEMENT_3D('',#7042,#3332,#3333);
#2835=AXIS2_PLACEMENT_3D('',#7043,#3334,#3335);
#2836=AXIS2_PLACEMENT_3D('',#7045,#3336,#3337);
#2837=AXIS2_PLACEMENT_3D('',#7056,#3339,#3340);
#2838=AXIS2_PLACEMENT_3D('',#7057,#3341,#3342);
#2839=AXIS2_PLACEMENT_3D('',#7059,#3344,#3345);
#2840=AXIS2_PLACEMENT_3D('',#7061,#3347,#3348);
#2841=AXIS2_PLACEMENT_3D('',#7063,#3350,#3351);
#2842=AXIS2_PLACEMENT_3D('',#7065,#3353,#3354);
#2843=AXIS2_PLACEMENT_3D('',#7067,#3356,#3357);
#2844=AXIS2_PLACEMENT_3D('',#7281,#3358,#3359);
#2845=AXIS2_PLACEMENT_3D('',#7282,#3360,#3361);
#2846=AXIS2_PLACEMENT_3D('',#8276,#3362,#3363);
#2847=AXIS2_PLACEMENT_3D('',#8277,#3364,#3365);
#2848=AXIS2_PLACEMENT_3D('',#8278,#3366,#3367);
#2849=AXIS2_PLACEMENT_3D('',#9272,#3368,#3369);
#2850=AXIS2_PLACEMENT_3D('',#9273,#3370,#3371);
#2851=AXIS2_PLACEMENT_3D('',#9274,#3372,#3373);
#2852=AXIS2_PLACEMENT_3D('',#10268,#3374,#3375);
#2853=AXIS2_PLACEMENT_3D('',#10269,#3376,#3377);
#2854=DIRECTION('axis',(0.,0.,1.));
#2855=DIRECTION('refdir',(1.,0.,0.));
#2856=DIRECTION('center_axis',(1.,0.,2.49773041884172E-16));
#2857=DIRECTION('ref_axis',(-2.36874077929057E-16,0.317204200921457,0.948357261224788));
#2858=DIRECTION('',(1.,0.,2.49773041884172E-16));
#2859=DIRECTION('center_axis',(-1.,0.,-2.49773041884172E-16));
#2860=DIRECTION('ref_axis',(0.,-1.,0.));
#2861=DIRECTION('center_axis',(1.,0.,2.49773041884172E-16));
#2862=DIRECTION('ref_axis',(0.,-1.,0.));
#2863=DIRECTION('',(1.,0.,2.49773041884172E-16));
#2864=DIRECTION('center_axis',(1.,0.,2.49773041884172E-16));
#2865=DIRECTION('ref_axis',(0.,-1.,0.));
#2866=DIRECTION('',(1.,0.,2.49773041884172E-16));
#2867=DIRECTION('center_axis',(1.,0.,2.49773041884172E-16));
#2868=DIRECTION('ref_axis',(0.,-1.,0.));
#2869=DIRECTION('',(1.,0.,2.49773041884172E-16));
#2870=DIRECTION('center_axis',(1.,0.,2.49773041884172E-16));
#2871=DIRECTION('ref_axis',(0.,-1.,0.));
#2872=DIRECTION('',(1.,0.,2.49773041884172E-16));
#2873=DIRECTION('center_axis',(1.,0.,2.49773041884172E-16));
#2874=DIRECTION('ref_axis',(0.,-1.,0.));
#2875=DIRECTION('',(1.,0.,2.49773041884172E-16));
#2876=DIRECTION('center_axis',(1.,0.,2.49773041884172E-16));
#2877=DIRECTION('ref_axis',(0.,-1.,0.));
#2878=DIRECTION('',(1.,0.,2.49773041884172E-16));
#2879=DIRECTION('center_axis',(1.,0.,2.49773041884172E-16));
#2880=DIRECTION('ref_axis',(0.,-1.,0.));
#2881=DIRECTION('',(1.,0.,2.49773041884172E-16));
#2882=DIRECTION('center_axis',(1.,0.,2.49773041884172E-16));
#2883=DIRECTION('ref_axis',(0.,-1.,0.));
#2884=DIRECTION('',(1.,0.,2.49773041884172E-16));
#2885=DIRECTION('center_axis',(1.,0.,2.49773041884172E-16));
#2886=DIRECTION('ref_axis',(0.,-1.,0.));
#2887=DIRECTION('',(1.,0.,2.49773041884172E-16));
#2888=DIRECTION('center_axis',(1.,0.,2.49773041884172E-16));
#2889=DIRECTION('ref_axis',(0.,-1.,0.));
#2890=DIRECTION('',(1.,0.,2.49773041884172E-16));
#2891=DIRECTION('center_axis',(1.,0.,2.49773041884172E-16));
#2892=DIRECTION('ref_axis',(0.,-1.,0.));
#2893=DIRECTION('',(1.,0.,2.49773041884172E-16));
#2894=DIRECTION('center_axis',(1.,0.,2.49773041884172E-16));
#2895=DIRECTION('ref_axis',(0.,-1.,0.));
#2896=DIRECTION('',(1.,0.,2.49773041884172E-16));
#2897=DIRECTION('center_axis',(1.,0.,2.49773041884172E-16));
#2898=DIRECTION('ref_axis',(0.,-1.,0.));
#2899=DIRECTION('',(1.,0.,2.49773041884172E-16));
#2900=DIRECTION('center_axis',(1.,0.,2.49773041884172E-16));
#2901=DIRECTION('ref_axis',(0.,-1.,0.));
#2902=DIRECTION('',(1.,0.,2.49773041884172E-16));
#2903=DIRECTION('center_axis',(1.,0.,2.49773041884172E-16));
#2904=DIRECTION('ref_axis',(7.91729157310511E-17,-0.948432413391189,-0.316979427138363));
#2905=DIRECTION('',(1.,0.,2.49773041884172E-16));
#2906=DIRECTION('center_axis',(1.,0.,2.49773041884172E-16));
#2907=DIRECTION('ref_axis',(0.,-1.,0.));
#2908=DIRECTION('center_axis',(1.,0.,2.49773041884172E-16));
#2909=DIRECTION('ref_axis',(-1.27138801031265E-16,-0.860756284683503,0.509017306560251));
#2910=DIRECTION('',(1.,-1.22464679914735E-16,2.49773041884161E-16));
#2911=DIRECTION('center_axis',(-1.,0.,-2.49773041884172E-16));
#2912=DIRECTION('ref_axis',(0.,-1.,-9.28803800599878E-14));
#2913=DIRECTION('center_axis',(1.,0.,2.49773041884172E-16));
#2914=DIRECTION('ref_axis',(0.,-1.,-9.28803800599878E-14));
#2915=DIRECTION('',(1.,-1.22464679914735E-16,2.49773041884161E-16));
#2916=DIRECTION('center_axis',(1.,0.,2.49773041884172E-16));
#2917=DIRECTION('ref_axis',(0.,-1.,-9.28803800599878E-14));
#2918=DIRECTION('',(1.,-1.22464679914735E-16,2.49773041884161E-16));
#2919=DIRECTION('center_axis',(1.,0.,2.49773041884172E-16));
#2920=DIRECTION('ref_axis',(0.,-1.,-9.28803800599878E-14));
#2921=DIRECTION('',(1.,-1.22464679914735E-16,2.49773041884161E-16));
#2922=DIRECTION('center_axis',(1.,0.,2.49773041884172E-16));
#2923=DIRECTION('ref_axis',(0.,-1.,-9.28803800599878E-14));
#2924=DIRECTION('',(1.,-1.22464679914735E-16,2.49773041884161E-16));
#2925=DIRECTION('center_axis',(1.,0.,2.49773041884172E-16));
#2926=DIRECTION('ref_axis',(0.,-1.,-9.28803800599878E-14));
#2927=DIRECTION('',(1.,-1.22464679914735E-16,2.49773041884161E-16));
#2928=DIRECTION('center_axis',(1.,0.,2.49773041884172E-16));
#2929=DIRECTION('ref_axis',(0.,-1.,-9.28803800599878E-14));
#2930=DIRECTION('',(1.,-1.22464679914735E-16,2.49773041884161E-16));
#2931=DIRECTION('center_axis',(1.,0.,2.49773041884172E-16));
#2932=DIRECTION('ref_axis',(0.,-1.,-9.28803800599878E-14));
#2933=DIRECTION('',(1.,-1.22464679914735E-16,2.49773041884161E-16));
#2934=DIRECTION('center_axis',(1.,0.,2.49773041884172E-16));
#2935=DIRECTION('ref_axis',(0.,-1.,-9.28803800599878E-14));
#2936=DIRECTION('',(1.,-1.22464679914735E-16,2.49773041884161E-16));
#2937=DIRECTION('center_axis',(1.,0.,2.49773041884172E-16));
#2938=DIRECTION('ref_axis',(0.,-1.,-9.28803800599878E-14));
#2939=DIRECTION('',(1.,-1.22464679914735E-16,2.49773041884161E-16));
#2940=DIRECTION('center_axis',(1.,0.,2.49773041884172E-16));
#2941=DIRECTION('ref_axis',(0.,-1.,-9.28803800599878E-14));
#2942=DIRECTION('',(1.,-1.22464679914735E-16,2.49773041884161E-16));
#2943=DIRECTION('center_axis',(1.,0.,2.49773041884172E-16));
#2944=DIRECTION('ref_axis',(0.,-1.,-9.28803800599878E-14));
#2945=DIRECTION('',(1.,-1.22464679914735E-16,2.49773041884161E-16));
#2946=DIRECTION('center_axis',(1.,0.,2.49773041884172E-16));
#2947=DIRECTION('ref_axis',(0.,-1.,-9.28803800599878E-14));
#2948=DIRECTION('',(1.,-1.22464679914735E-16,2.49773041884161E-16));
#2949=DIRECTION('center_axis',(1.,0.,2.49773041884172E-16));
#2950=DIRECTION('ref_axis',(0.,-1.,-9.28803800599878E-14));
#2951=DIRECTION('',(1.,-1.22464679914735E-16,2.49773041884161E-16));
#2952=DIRECTION('center_axis',(1.,0.,2.49773041884172E-16));
#2953=DIRECTION('ref_axis',(0.,-1.,-9.28803800599878E-14));
#2954=DIRECTION('',(1.,-1.22464679914735E-16,2.49773041884161E-16));
#2955=DIRECTION('center_axis',(1.,0.,2.49773041884172E-16));
#2956=DIRECTION('ref_axis',(2.14948948899072E-16,0.509320264417045,-0.860577055384439));
#2957=DIRECTION('',(1.,-1.22464679914735E-16,2.49773041884161E-16));
#2958=DIRECTION('center_axis',(1.,0.,2.49773041884172E-16));
#2959=DIRECTION('ref_axis',(0.,-1.,-9.28803800599878E-14));
#2960=DIRECTION('center_axis',(1.,0.,2.49773041884172E-16));
#2961=DIRECTION('ref_axis',(-2.36873404400309E-16,0.317212262822842,0.948354564661768));
#2962=DIRECTION('',(1.,0.,2.49773041884172E-16));
#2963=DIRECTION('center_axis',(-1.,0.,-2.49773041884172E-16));
#2964=DIRECTION('ref_axis',(0.,-1.,0.));
#2965=DIRECTION('center_axis',(1.,0.,2.49773041884172E-16));
#2966=DIRECTION('ref_axis',(0.,-1.,0.));
#2967=DIRECTION('',(1.,0.,2.49773041884172E-16));
#2968=DIRECTION('center_axis',(1.,0.,2.49773041884172E-16));
#2969=DIRECTION('ref_axis',(0.,-1.,0.));
#2970=DIRECTION('',(1.,0.,2.49773041884172E-16));
#2971=DIRECTION('center_axis',(1.,0.,2.49773041884172E-16));
#2972=DIRECTION('ref_axis',(0.,-1.,0.));
#2973=DIRECTION('',(1.,0.,2.49773041884172E-16));
#2974=DIRECTION('center_axis',(1.,0.,2.49773041884172E-16));
#2975=DIRECTION('ref_axis',(0.,-1.,0.));
#2976=DIRECTION('',(1.,0.,2.49773041884172E-16));
#2977=DIRECTION('center_axis',(1.,0.,2.49773041884172E-16));
#2978=DIRECTION('ref_axis',(0.,-1.,0.));
#2979=DIRECTION('',(1.,0.,2.49773041884172E-16));
#2980=DIRECTION('center_axis',(1.,0.,2.49773041884172E-16));
#2981=DIRECTION('ref_axis',(0.,-1.,0.));
#2982=DIRECTION('',(1.,0.,2.49773041884172E-16));
#2983=DIRECTION('center_axis',(1.,0.,2.49773041884172E-16));
#2984=DIRECTION('ref_axis',(0.,-1.,0.));
#2985=DIRECTION('',(1.,0.,2.49773041884172E-16));
#2986=DIRECTION('center_axis',(1.,0.,2.49773041884172E-16));
#2987=DIRECTION('ref_axis',(0.,-1.,0.));
#2988=DIRECTION('',(1.,0.,2.49773041884172E-16));
#2989=DIRECTION('center_axis',(1.,0.,2.49773041884172E-16));
#2990=DIRECTION('ref_axis',(0.,-1.,0.));
#2991=DIRECTION('',(1.,0.,2.49773041884172E-16));
#2992=DIRECTION('center_axis',(1.,0.,2.49773041884172E-16));
#2993=DIRECTION('ref_axis',(0.,-1.,0.));
#2994=DIRECTION('',(1.,0.,2.49773041884172E-16));
#2995=DIRECTION('center_axis',(1.,0.,2.49773041884172E-16));
#2996=DIRECTION('ref_axis',(0.,-1.,0.));
#2997=DIRECTION('',(1.,0.,2.49773041884172E-16));
#2998=DIRECTION('center_axis',(1.,0.,2.49773041884172E-16));
#2999=DIRECTION('ref_axis',(0.,-1.,0.));
#3000=DIRECTION('',(1.,0.,2.49773041884172E-16));
#3001=DIRECTION('center_axis',(1.,0.,2.49773041884172E-16));
#3002=DIRECTION('ref_axis',(0.,-1.,0.));
#3003=DIRECTION('',(1.,0.,2.49773041884172E-16));
#3004=DIRECTION('center_axis',(1.,0.,2.49773041884172E-16));
#3005=DIRECTION('ref_axis',(0.,-1.,0.));
#3006=DIRECTION('',(1.,0.,2.49773041884172E-16));
#3007=DIRECTION('center_axis',(1.,0.,2.49773041884172E-16));
#3008=DIRECTION('ref_axis',(7.91731215420726E-17,-0.948432138001053,-0.316980251130496));
#3009=DIRECTION('',(1.,0.,2.49773041884172E-16));
#3010=DIRECTION('center_axis',(1.,0.,2.49773041884172E-16));
#3011=DIRECTION('ref_axis',(0.,-1.,0.));
#3012=DIRECTION('center_axis',(1.,0.,2.49773041884172E-16));
#3013=DIRECTION('ref_axis',(-1.27138875723166E-16,-0.86075610784351,0.509017605599346));
#3014=DIRECTION('',(1.,-1.22464679914735E-16,2.49773041884162E-16));
#3015=DIRECTION('center_axis',(-1.,0.,-2.49773041884172E-16));
#3016=DIRECTION('ref_axis',(0.,-1.,-7.85612408443363E-14));
#3017=DIRECTION('center_axis',(1.,0.,2.49773041884172E-16));
#3018=DIRECTION('ref_axis',(0.,-1.,-7.85612408443363E-14));
#3019=DIRECTION('',(1.,-1.22464679914735E-16,2.49773041884162E-16));
#3020=DIRECTION('center_axis',(1.,0.,2.49773041884172E-16));
#3021=DIRECTION('ref_axis',(0.,-1.,-7.85612408443363E-14));
#3022=DIRECTION('',(1.,-1.22464679914735E-16,2.49773041884162E-16));
#3023=DIRECTION('center_axis',(1.,0.,2.49773041884172E-16));
#3024=DIRECTION('ref_axis',(0.,-1.,-7.85612408443363E-14));
#3025=DIRECTION('',(1.,-1.22464679914735E-16,2.49773041884162E-16));
#3026=DIRECTION('center_axis',(1.,0.,2.49773041884172E-16));
#3027=DIRECTION('ref_axis',(0.,-1.,-7.85612408443363E-14));
#3028=DIRECTION('',(1.,-1.22464679914735E-16,2.49773041884162E-16));
#3029=DIRECTION('center_axis',(1.,0.,2.49773041884172E-16));
#3030=DIRECTION('ref_axis',(0.,-1.,-7.85612408443363E-14));
#3031=DIRECTION('',(1.,-1.22464679914735E-16,2.49773041884162E-16));
#3032=DIRECTION('center_axis',(1.,0.,2.49773041884172E-16));
#3033=DIRECTION('ref_axis',(0.,-1.,-7.85612408443363E-14));
#3034=DIRECTION('',(1.,-1.22464679914735E-16,2.49773041884162E-16));
#3035=DIRECTION('center_axis',(1.,0.,2.49773041884172E-16));
#3036=DIRECTION('ref_axis',(0.,-1.,-7.85612408443363E-14));
#3037=DIRECTION('',(1.,-1.22464679914735E-16,2.49773041884162E-16));
#3038=DIRECTION('center_axis',(1.,0.,2.49773041884172E-16));
#3039=DIRECTION('ref_axis',(0.,-1.,-7.85612408443363E-14));
#3040=DIRECTION('',(1.,-1.22464679914735E-16,2.49773041884162E-16));
#3041=DIRECTION('center_axis',(1.,0.,2.49773041884172E-16));
#3042=DIRECTION('ref_axis',(0.,-1.,-7.85612408443363E-14));
#3043=DIRECTION('',(1.,-1.22464679914735E-16,2.49773041884162E-16));
#3044=DIRECTION('center_axis',(1.,0.,2.49773041884172E-16));
#3045=DIRECTION('ref_axis',(0.,-1.,-7.85612408443363E-14));
#3046=DIRECTION('',(1.,-1.22464679914735E-16,2.49773041884162E-16));
#3047=DIRECTION('center_axis',(1.,0.,2.49773041884172E-16));
#3048=DIRECTION('ref_axis',(0.,-1.,-7.85612408443363E-14));
#3049=DIRECTION('',(1.,-1.22464679914735E-16,2.49773041884162E-16));
#3050=DIRECTION('center_axis',(1.,0.,2.49773041884172E-16));
#3051=DIRECTION('ref_axis',(0.,-1.,-7.85612408443363E-14));
#3052=DIRECTION('',(1.,-1.22464679914735E-16,2.49773041884162E-16));
#3053=DIRECTION('center_axis',(1.,0.,2.49773041884172E-16));
#3054=DIRECTION('ref_axis',(0.,-1.,-7.85612408443363E-14));
#3055=DIRECTION('',(1.,-1.22464679914735E-16,2.49773041884162E-16));
#3056=DIRECTION('center_axis',(1.,0.,2.49773041884172E-16));
#3057=DIRECTION('ref_axis',(0.,-1.,-7.85612408443363E-14));
#3058=DIRECTION('',(1.,-1.22464679914735E-16,2.49773041884162E-16));
#3059=DIRECTION('center_axis',(1.,0.,2.49773041884172E-16));
#3060=DIRECTION('ref_axis',(2.14948838375843E-16,0.509321012080905,-0.860576612889801));
#3061=DIRECTION('',(1.,-1.22464679914735E-16,2.49773041884162E-16));
#3062=DIRECTION('center_axis',(1.,0.,2.49773041884172E-16));
#3063=DIRECTION('ref_axis',(0.,-1.,-7.85612408443363E-14));
#3064=DIRECTION('center_axis',(1.,0.,2.49773041884172E-16));
#3065=DIRECTION('ref_axis',(-2.36872787911425E-16,0.317219641777513,0.94835209646552));
#3066=DIRECTION('',(1.,0.,2.49773041884172E-16));
#3067=DIRECTION('center_axis',(-1.,0.,-2.49773041884172E-16));
#3068=DIRECTION('ref_axis',(0.,-1.,0.));
#3069=DIRECTION('center_axis',(1.,0.,2.49773041884172E-16));
#3070=DIRECTION('ref_axis',(0.,-1.,0.));
#3071=DIRECTION('',(1.,0.,2.49773041884172E-16));
#3072=DIRECTION('center_axis',(1.,0.,2.49773041884172E-16));
#3073=DIRECTION('ref_axis',(0.,-1.,0.));
#3074=DIRECTION('',(1.,0.,2.49773041884172E-16));
#3075=DIRECTION('center_axis',(1.,0.,2.49773041884172E-16));
#3076=DIRECTION('ref_axis',(0.,-1.,0.));
#3077=DIRECTION('',(1.,0.,2.49773041884172E-16));
#3078=DIRECTION('center_axis',(1.,0.,2.49773041884172E-16));
#3079=DIRECTION('ref_axis',(0.,-1.,0.));
#3080=DIRECTION('',(1.,0.,2.49773041884172E-16));
#3081=DIRECTION('center_axis',(1.,0.,2.49773041884172E-16));
#3082=DIRECTION('ref_axis',(0.,-1.,0.));
#3083=DIRECTION('',(1.,0.,2.49773041884172E-16));
#3084=DIRECTION('center_axis',(1.,0.,2.49773041884172E-16));
#3085=DIRECTION('ref_axis',(0.,-1.,0.));
#3086=DIRECTION('',(1.,0.,2.49773041884172E-16));
#3087=DIRECTION('center_axis',(1.,0.,2.49773041884172E-16));
#3088=DIRECTION('ref_axis',(0.,-1.,0.));
#3089=DIRECTION('',(1.,0.,2.49773041884172E-16));
#3090=DIRECTION('center_axis',(1.,0.,2.49773041884172E-16));
#3091=DIRECTION('ref_axis',(0.,-1.,0.));
#3092=DIRECTION('',(1.,0.,2.49773041884172E-16));
#3093=DIRECTION('center_axis',(1.,0.,2.49773041884172E-16));
#3094=DIRECTION('ref_axis',(0.,-1.,0.));
#3095=DIRECTION('',(1.,0.,2.49773041884172E-16));
#3096=DIRECTION('center_axis',(1.,0.,2.49773041884172E-16));
#3097=DIRECTION('ref_axis',(0.,-1.,0.));
#3098=DIRECTION('',(1.,0.,2.49773041884172E-16));
#3099=DIRECTION('center_axis',(1.,0.,2.49773041884172E-16));
#3100=DIRECTION('ref_axis',(0.,-1.,0.));
#3101=DIRECTION('',(1.,0.,2.49773041884172E-16));
#3102=DIRECTION('center_axis',(1.,0.,2.49773041884172E-16));
#3103=DIRECTION('ref_axis',(0.,-1.,0.));
#3104=DIRECTION('',(1.,0.,2.49773041884172E-16));
#3105=DIRECTION('center_axis',(1.,0.,2.49773041884172E-16));
#3106=DIRECTION('ref_axis',(0.,-1.,0.));
#3107=DIRECTION('',(1.,0.,2.49773041884172E-16));
#3108=DIRECTION('center_axis',(1.,0.,2.49773041884172E-16));
#3109=DIRECTION('ref_axis',(0.,-1.,0.));
#3110=DIRECTION('',(1.,0.,2.49773041884172E-16));
#3111=DIRECTION('center_axis',(1.,0.,2.49773041884172E-16));
#3112=DIRECTION('ref_axis',(7.91732898437698E-17,-0.948431912800533,-0.316980924948999));
#3113=DIRECTION('',(1.,0.,2.49773041884172E-16));
#3114=DIRECTION('center_axis',(1.,0.,2.49773041884172E-16));
#3115=DIRECTION('ref_axis',(0.,-1.,0.));
#3116=DIRECTION('center_axis',(1.,0.,2.49773041884172E-16));
#3117=DIRECTION('ref_axis',(-1.27138934943402E-16,-0.860755967634025,0.509017842695532));
#3118=DIRECTION('',(1.,-1.22464679914735E-16,2.49773041884162E-16));
#3119=DIRECTION('center_axis',(-1.,0.,-2.49773041884172E-16));
#3120=DIRECTION('ref_axis',(0.,-1.,-7.85960730817712E-14));
#3121=DIRECTION('center_axis',(1.,0.,2.49773041884172E-16));
#3122=DIRECTION('ref_axis',(0.,-1.,-7.85960730817712E-14));
#3123=DIRECTION('',(1.,-1.22464679914735E-16,2.49773041884162E-16));
#3124=DIRECTION('center_axis',(1.,0.,2.49773041884172E-16));
#3125=DIRECTION('ref_axis',(0.,-1.,-7.85960730817712E-14));
#3126=DIRECTION('',(1.,-1.22464679914735E-16,2.49773041884162E-16));
#3127=DIRECTION('center_axis',(1.,0.,2.49773041884172E-16));
#3128=DIRECTION('ref_axis',(0.,-1.,-7.85960730817712E-14));
#3129=DIRECTION('',(1.,-1.22464679914735E-16,2.49773041884162E-16));
#3130=DIRECTION('center_axis',(1.,0.,2.49773041884172E-16));
#3131=DIRECTION('ref_axis',(0.,-1.,-7.85960730817712E-14));
#3132=DIRECTION('',(1.,-1.22464679914735E-16,2.49773041884162E-16));
#3133=DIRECTION('center_axis',(1.,0.,2.49773041884172E-16));
#3134=DIRECTION('ref_axis',(0.,-1.,-7.85960730817712E-14));
#3135=DIRECTION('',(1.,-1.22464679914735E-16,2.49773041884162E-16));
#3136=DIRECTION('center_axis',(1.,0.,2.49773041884172E-16));
#3137=DIRECTION('ref_axis',(0.,-1.,-7.85960730817712E-14));
#3138=DIRECTION('',(1.,-1.22464679914735E-16,2.49773041884162E-16));
#3139=DIRECTION('center_axis',(1.,0.,2.49773041884172E-16));
#3140=DIRECTION('ref_axis',(0.,-1.,-7.85960730817712E-14));
#3141=DIRECTION('',(1.,-1.22464679914735E-16,2.49773041884162E-16));
#3142=DIRECTION('center_axis',(1.,0.,2.49773041884172E-16));
#3143=DIRECTION('ref_axis',(0.,-1.,-7.85960730817712E-14));
#3144=DIRECTION('',(1.,-1.22464679914735E-16,2.49773041884162E-16));
#3145=DIRECTION('center_axis',(1.,0.,2.49773041884172E-16));
#3146=DIRECTION('ref_axis',(0.,-1.,-7.85960730817712E-14));
#3147=DIRECTION('',(1.,-1.22464679914735E-16,2.49773041884162E-16));
#3148=DIRECTION('center_axis',(1.,0.,2.49773041884172E-16));
#3149=DIRECTION('ref_axis',(0.,-1.,-7.85960730817712E-14));
#3150=DIRECTION('',(1.,-1.22464679914735E-16,2.49773041884162E-16));
#3151=DIRECTION('center_axis',(1.,0.,2.49773041884172E-16));
#3152=DIRECTION('ref_axis',(0.,-1.,-7.85960730817712E-14));
#3153=DIRECTION('',(1.,-1.22464679914735E-16,2.49773041884162E-16));
#3154=DIRECTION('center_axis',(1.,0.,2.49773041884172E-16));
#3155=DIRECTION('ref_axis',(0.,-1.,-7.85960730817712E-14));
#3156=DIRECTION('',(1.,-1.22464679914735E-16,2.49773041884162E-16));
#3157=DIRECTION('center_axis',(1.,0.,2.49773041884172E-16));
#3158=DIRECTION('ref_axis',(0.,-1.,-7.85960730817712E-14));
#3159=DIRECTION('',(1.,-1.22464679914735E-16,2.49773041884162E-16));
#3160=DIRECTION('center_axis',(1.,0.,2.49773041884172E-16));
#3161=DIRECTION('ref_axis',(0.,-1.,-7.85960730817712E-14));
#3162=DIRECTION('',(1.,-1.22464679914735E-16,2.49773041884162E-16));
#3163=DIRECTION('center_axis',(1.,0.,2.49773041884172E-16));
#3164=DIRECTION('ref_axis',(2.14948747995469E-16,0.50932162348194,-0.860576251039802));
#3165=DIRECTION('',(1.,-1.22464679914735E-16,2.49773041884162E-16));
#3166=DIRECTION('center_axis',(1.,0.,2.49773041884172E-16));
#3167=DIRECTION('ref_axis',(0.,-1.,-7.85960730817712E-14));
#3168=DIRECTION('center_axis',(0.,0.,1.));
#3169=DIRECTION('ref_axis',(0.,1.,0.));
#3170=DIRECTION('center_axis',(0.,1.,0.));
#3171=DIRECTION('ref_axis',(-0.707106781186547,0.,0.707106781186548));
#3172=DIRECTION('center_axis',(-1.,0.,0.));
#3173=DIRECTION('ref_axis',(0.,0.,1.));
#3174=DIRECTION('center_axis',(0.,-1.,0.));
#3175=DIRECTION('ref_axis',(-0.707106781186547,0.,0.707106781186548));
#3176=DIRECTION('center_axis',(-1.,0.,-3.80083199118506E-17));
#3177=DIRECTION('ref_axis',(0.,0.707106781186549,0.707106781186546));
#3178=DIRECTION('center_axis',(-1.,0.,0.));
#3179=DIRECTION('ref_axis',(0.,0.,1.));
#3180=DIRECTION('',(-1.,0.,-3.80083199118506E-17));
#3181=DIRECTION('',(1.,0.,3.80083199118506E-17));
#3182=DIRECTION('center_axis',(0.,1.,0.));
#3183=DIRECTION('ref_axis',(0.,0.,1.));
#3184=DIRECTION('center_axis',(0.,0.,1.));
#3185=DIRECTION('ref_axis',(1.,0.,0.));
#3186=DIRECTION('center_axis',(0.,-1.,0.));
#3187=DIRECTION('ref_axis',(0.707106781186548,0.,0.707106781186547));
#3188=DIRECTION('center_axis',(0.,1.,0.));
#3189=DIRECTION('ref_axis',(0.707106781186548,0.,0.707106781186548));
#3190=DIRECTION('center_axis',(0.,0.,1.));
#3191=DIRECTION('ref_axis',(0.707106781186547,0.707106781186547,0.));
#3192=DIRECTION('center_axis',(0.,0.,1.));
#3193=DIRECTION('ref_axis',(1.,0.,0.));
#3194=DIRECTION('',(0.,0.,1.));
#3195=DIRECTION('',(0.,0.,-1.));
#3196=DIRECTION('center_axis',(1.,0.,0.));
#3197=DIRECTION('ref_axis',(0.,0.,-1.));
#3198=DIRECTION('center_axis',(0.,-1.,0.));
#3199=DIRECTION('ref_axis',(0.707106781186551,0.,-0.707106781186544));
#3200=DIRECTION('center_axis',(0.,1.,0.));
#3201=DIRECTION('ref_axis',(0.707106781186551,0.,-0.707106781186544));
#3202=DIRECTION('center_axis',(1.,0.,0.));
#3203=DIRECTION('ref_axis',(0.,0.707106781186552,-0.707106781186543));
#3204=DIRECTION('center_axis',(1.,0.,0.));
#3205=DIRECTION('ref_axis',(0.,0.,-1.));
#3206=DIRECTION('',(1.,0.,0.));
#3207=DIRECTION('',(-1.,0.,0.));
#3208=DIRECTION('center_axis',(0.,0.,-1.));
#3209=DIRECTION('ref_axis',(-1.,0.,0.));
#3210=DIRECTION('center_axis',(0.,-1.,0.));
#3211=DIRECTION('ref_axis',(-0.707106781186548,0.,-0.707106781186548));
#3212=DIRECTION('center_axis',(0.,1.,0.));
#3213=DIRECTION('ref_axis',(-0.707106781186548,0.,-0.707106781186548));
#3214=DIRECTION('center_axis',(0.,0.,-1.));
#3215=DIRECTION('ref_axis',(-0.707106781186547,0.707106781186547,0.));
#3216=DIRECTION('center_axis',(0.,0.,-1.));
#3217=DIRECTION('ref_axis',(-1.,0.,0.));
#3218=DIRECTION('',(0.,0.,-1.));
#3219=DIRECTION('',(0.,0.,1.));
#3220=DIRECTION('center_axis',(0.,1.,0.));
#3221=DIRECTION('ref_axis',(0.,0.,1.));
#3222=DIRECTION('center_axis',(1.,0.,-3.49676543189025E-15));
#3223=DIRECTION('ref_axis',(-3.49676543189025E-15,0.,-1.));
#3224=DIRECTION('center_axis',(0.,1.,0.));
#3225=DIRECTION('ref_axis',(0.707106781186547,0.,0.707106781186548));
#3226=DIRECTION('center_axis',(0.,-1.,0.));
#3227=DIRECTION('ref_axis',(0.707106781186547,0.,0.707106781186548));
#3228=DIRECTION('center_axis',(1.,0.,1.34490978149625E-16));
#3229=DIRECTION('ref_axis',(0.,0.707106781186549,-0.707106781186546));
#3230=DIRECTION('center_axis',(1.,0.,0.));
#3231=DIRECTION('ref_axis',(0.,0.,-1.));
#3232=DIRECTION('',(1.,0.,1.34490978149625E-16));
#3233=DIRECTION('',(-1.,0.,-1.34490978149625E-16));
#3234=DIRECTION('center_axis',(-1.74838271594513E-15,0.,-1.));
#3235=DIRECTION('ref_axis',(-1.,0.,1.74838271594513E-15));
#3236=DIRECTION('center_axis',(0.,-1.,0.));
#3237=DIRECTION('ref_axis',(-0.707106781186548,0.,-0.707106781186547));
#3238=DIRECTION('center_axis',(0.,1.,0.));
#3239=DIRECTION('ref_axis',(-0.707106781186548,0.,-0.707106781186547));
#3240=DIRECTION('center_axis',(2.49773041884172E-16,0.,-1.));
#3241=DIRECTION('ref_axis',(-0.707106781186545,0.70710678118655,0.));
#3242=DIRECTION('',(-2.49773041884172E-16,0.,1.));
#3243=DIRECTION('',(2.49773041884172E-16,0.,-1.));
#3244=DIRECTION('center_axis',(0.,0.,-1.));
#3245=DIRECTION('ref_axis',(1.,0.,0.));
#3246=DIRECTION('',(0.,-1.,0.));
#3247=DIRECTION('',(1.,0.,0.));
#3248=DIRECTION('',(0.,-1.,0.));
#3249=DIRECTION('center_axis',(0.,-1.,0.));
#3250=DIRECTION('ref_axis',(1.,0.,3.49676543189026E-15));
#3251=DIRECTION('',(0.,-1.,0.));
#3252=DIRECTION('center_axis',(0.,-1.,0.));
#3253=DIRECTION('ref_axis',(0.707106781186551,0.,-0.707106781186544));
#3254=DIRECTION('center_axis',(1.,0.,0.));
#3255=DIRECTION('ref_axis',(0.,0.,1.));
#3256=DIRECTION('',(0.,-1.,0.));
#3257=DIRECTION('',(0.,0.,1.));
#3258=DIRECTION('center_axis',(0.,-1.,0.));
#3259=DIRECTION('ref_axis',(0.,0.,1.));
#3260=DIRECTION('',(0.,-1.,0.));
#3261=DIRECTION('center_axis',(0.,-1.,0.));
#3262=DIRECTION('ref_axis',(0.707106781186548,0.,0.707106781186548));
#3263=DIRECTION('center_axis',(-3.80083199118506E-17,0.,1.));
#3264=DIRECTION('ref_axis',(-1.,0.,-3.80083199118506E-17));
#3265=DIRECTION('',(0.,-1.,0.));
#3266=DIRECTION('',(-1.,0.,-3.80083199118506E-17));
#3267=DIRECTION('center_axis',(0.,-1.,0.));
#3268=DIRECTION('ref_axis',(-1.,0.,0.));
#3269=DIRECTION('',(0.,-1.,0.));
#3270=DIRECTION('center_axis',(0.,-1.,0.));
#3271=DIRECTION('ref_axis',(-0.707106781186547,0.,0.707106781186548));
#3272=DIRECTION('center_axis',(0.,1.,0.));
#3273=DIRECTION('ref_axis',(-1.,0.,0.));
#3274=DIRECTION('center_axis',(2.49773041884172E-16,0.,-1.));
#3275=DIRECTION('ref_axis',(-0.707106781186548,-0.707106781186548,0.));
#3276=DIRECTION('center_axis',(-4.37095678986283E-16,0.,-1.));
#3277=DIRECTION('ref_axis',(0.,-1.,0.));
#3278=DIRECTION('',(2.49773041884172E-16,0.,-1.));
#3279=DIRECTION('center_axis',(0.,0.,1.));
#3280=DIRECTION('ref_axis',(-1.,0.,0.));
#3281=DIRECTION('',(-2.49773041884172E-16,0.,1.));
#3282=DIRECTION('center_axis',(-1.,0.,0.));
#3283=DIRECTION('ref_axis',(0.,0.,-1.));
#3284=DIRECTION('center_axis',(0.,1.,0.));
#3285=DIRECTION('ref_axis',(-0.707106781186548,0.,-0.707106781186547));
#3286=DIRECTION('center_axis',(0.,-1.,0.));
#3287=DIRECTION('ref_axis',(-0.707106781186548,0.,-0.707106781186547));
#3288=DIRECTION('center_axis',(1.,0.,1.34490978149625E-16));
#3289=DIRECTION('ref_axis',(0.,-0.707106781186547,-0.707106781186548));
#3290=DIRECTION('center_axis',(-1.,0.,0.));
#3291=DIRECTION('ref_axis',(0.,0.,-1.));
#3292=DIRECTION('',(-1.,0.,-1.34490978149625E-16));
#3293=DIRECTION('',(1.,0.,1.34490978149625E-16));
#3294=DIRECTION('center_axis',(0.,1.,0.));
#3295=DIRECTION('ref_axis',(0.,0.,1.));
#3296=DIRECTION('center_axis',(0.,0.,1.));
#3297=DIRECTION('ref_axis',(-1.,0.,0.));
#3298=DIRECTION('center_axis',(0.,-1.,0.));
#3299=DIRECTION('ref_axis',(0.707106781186547,0.,0.707106781186548));
#3300=DIRECTION('center_axis',(0.,1.,0.));
#3301=DIRECTION('ref_axis',(0.707106781186547,0.,0.707106781186548));
#3302=DIRECTION('center_axis',(0.,0.,-1.));
#3303=DIRECTION('ref_axis',(-0.70710678118655,-0.707106781186545,0.));
#3304=DIRECTION('center_axis',(0.,0.,1.));
#3305=DIRECTION('ref_axis',(-1.,0.,0.));
#3306=DIRECTION('',(0.,0.,1.));
#3307=DIRECTION('',(0.,0.,-1.));
#3308=DIRECTION('center_axis',(-1.,0.,0.));
#3309=DIRECTION('ref_axis',(0.,0.,-1.));
#3310=DIRECTION('center_axis',(0.,1.,0.));
#3311=DIRECTION('ref_axis',(-0.707106781186548,0.,-0.707106781186548));
#3312=DIRECTION('center_axis',(0.,-1.,0.));
#3313=DIRECTION('ref_axis',(-0.707106781186548,0.,-0.707106781186548));
#3314=DIRECTION('center_axis',(1.,0.,0.));
#3315=DIRECTION('ref_axis',(0.,-0.70710678118655,-0.707106781186545));
#3316=DIRECTION('center_axis',(-1.,0.,0.));
#3317=DIRECTION('ref_axis',(0.,0.,-1.));
#3318=DIRECTION('',(-1.,0.,0.));
#3319=DIRECTION('center_axis',(0.,0.,-1.));
#3320=DIRECTION('ref_axis',(1.,0.,0.));
#3321=DIRECTION('center_axis',(0.,1.,0.));
#3322=DIRECTION('ref_axis',(0.707106781186551,0.,-0.707106781186544));
#3323=DIRECTION('center_axis',(0.,0.,1.));
#3324=DIRECTION('ref_axis',(0.70710678118655,-0.707106781186545,0.));
#3325=DIRECTION('center_axis',(-8.74191357972566E-16,0.,-1.));
#3326=DIRECTION('ref_axis',(1.,0.,-8.74191357972566E-16));
#3327=DIRECTION('',(0.,0.,-1.));
#3328=DIRECTION('center_axis',(0.,-1.,0.));
#3329=DIRECTION('ref_axis',(0.,0.,-1.));
#3330=DIRECTION('center_axis',(1.,0.,6.99353086378052E-15));
#3331=DIRECTION('ref_axis',(-6.99353086378052E-15,0.,1.));
#3332=DIRECTION('center_axis',(0.,1.,0.));
#3333=DIRECTION('ref_axis',(0.707106781186548,0.,0.707106781186547));
#3334=DIRECTION('center_axis',(-1.,0.,-3.80083199118506E-17));
#3335=DIRECTION('ref_axis',(0.,-0.707106781186547,0.707106781186548));
#3336=DIRECTION('center_axis',(1.,0.,0.));
#3337=DIRECTION('ref_axis',(0.,0.,1.));
#3338=DIRECTION('',(1.,0.,3.80083199118506E-17));
#3339=DIRECTION('center_axis',(0.,1.,0.));
#3340=DIRECTION('ref_axis',(-0.707106781186547,0.,0.707106781186548));
#3341=DIRECTION('center_axis',(0.,-1.,0.));
#3342=DIRECTION('ref_axis',(0.,0.,-1.));
#3343=DIRECTION('',(0.,-1.,0.));
#3344=DIRECTION('center_axis',(-1.,0.,0.));
#3345=DIRECTION('ref_axis',(0.,0.,-1.));
#3346=DIRECTION('',(0.,-1.,0.));
#3347=DIRECTION('center_axis',(0.,-1.,0.));
#3348=DIRECTION('ref_axis',(0.,0.,1.));
#3349=DIRECTION('',(0.,-1.,0.));
#3350=DIRECTION('center_axis',(1.34490978149625E-16,0.,-1.));
#3351=DIRECTION('ref_axis',(1.,0.,1.34490978149625E-16));
#3352=DIRECTION('',(0.,-1.,0.));
#3353=DIRECTION('center_axis',(0.,-1.,0.));
#3354=DIRECTION('ref_axis',(0.,0.,-1.));
#3355=DIRECTION('',(0.,-1.,0.));
#3356=DIRECTION('center_axis',(-1.,0.,-2.49773041884172E-16));
#3357=DIRECTION('ref_axis',(2.49773041884172E-16,0.,-1.));
#3358=DIRECTION('center_axis',(0.,1.,0.));
#3359=DIRECTION('ref_axis',(-1.,0.,0.));
#3360=DIRECTION('center_axis',(1.,0.,2.49773041884172E-16));
#3361=DIRECTION('ref_axis',(0.,-1.,-7.85960730817712E-14));
#3362=DIRECTION('center_axis',(1.,0.,2.49773041884172E-16));
#3363=DIRECTION('ref_axis',(0.,-1.,0.));
#3364=DIRECTION('center_axis',(1.,0.,2.49773041884172E-16));
#3365=DIRECTION('ref_axis',(0.,-1.,0.));
#3366=DIRECTION('center_axis',(1.,0.,2.49773041884172E-16));
#3367=DIRECTION('ref_axis',(0.,-1.,-7.85612408443363E-14));
#3368=DIRECTION('center_axis',(1.,0.,2.49773041884172E-16));
#3369=DIRECTION('ref_axis',(0.,-1.,0.));
#3370=DIRECTION('center_axis',(1.,0.,2.49773041884172E-16));
#3371=DIRECTION('ref_axis',(0.,-1.,0.));
#3372=DIRECTION('center_axis',(1.,0.,2.49773041884172E-16));
#3373=DIRECTION('ref_axis',(0.,-1.,-9.28803800599878E-14));
#3374=DIRECTION('center_axis',(1.,0.,2.49773041884172E-16));
#3375=DIRECTION('ref_axis',(0.,-1.,0.));
#3376=DIRECTION('center_axis',(1.,0.,2.49773041884172E-16));
#3377=DIRECTION('ref_axis',(0.,-1.,0.));
#3378=CARTESIAN_POINT('',(0.,0.,0.));
#3379=CARTESIAN_POINT('Origin',(1.00010265260602,-2.77616583908713E-16,
1.39003291564946E-16));
#3380=CARTESIAN_POINT('',(1.23768194660003,0.0672435962659812,6.41350327099176E-5));
#3381=CARTESIAN_POINT('',(1.24689835861202,0.0671670751928164,-8.72120460784974E-5));
#3382=CARTESIAN_POINT('',(1.00010265260602,0.0672499999999997,1.47239041289212E-16));
#3383=CARTESIAN_POINT('',(1.25010265260602,0.0537693012839287,0.0403908992155175));
#3384=CARTESIAN_POINT('Ctrl Pts',(1.24689835861202,0.0671670751928164,-8.72120460784974E-5));
#3385=CARTESIAN_POINT('Ctrl Pts',(1.24796645661002,0.0670604082038353,0.0143481319645045));
#3386=CARTESIAN_POINT('Ctrl Pts',(1.24903455460802,0.062443402182374,0.0288437350365995));
#3387=CARTESIAN_POINT('Ctrl Pts',(1.25010265260602,0.0537693012839286,0.0403908992155175));
#3388=CARTESIAN_POINT('',(1.25010265260602,-0.0537112596133854,0.0404164214276466));
#3389=CARTESIAN_POINT('Origin',(1.25010265260602,-2.77616583908713E-16,
2.01446552035989E-16));
#3390=CARTESIAN_POINT('Ctrl Pts',(1.25010265260602,-0.0537112596133854,
0.0404164214276466));
#3391=CARTESIAN_POINT('Ctrl Pts',(1.24964992627439,-0.0500758359666097,
0.0453527020067368));
#3392=CARTESIAN_POINT('Ctrl Pts',(1.24919719994276,-0.0457911013585006,
0.049784934433618));
#3393=CARTESIAN_POINT('Ctrl Pts',(1.24874447361112,-0.0409534967696624,
0.0534933935932546));
#3394=CARTESIAN_POINT('Ctrl Pts',(1.24709879103355,-0.0233685651392856,
0.0669738258151687));
#3395=CARTESIAN_POINT('Ctrl Pts',(1.24545310845597,0.0015217604771503,0.0708906191018911));
#3396=CARTESIAN_POINT('Ctrl Pts',(1.2438074258784,0.0224141681887796,0.0635136312002303));
#3397=CARTESIAN_POINT('Ctrl Pts',(1.24216174330082,0.0433065759004088,0.0561366432985696));
#3398=CARTESIAN_POINT('Ctrl Pts',(1.24051606072325,0.0602010657072314,0.0374658742085257));
#3399=CARTESIAN_POINT('Ctrl Pts',(1.23887037814568,0.065443127858417,0.0159458322082994));
#3400=CARTESIAN_POINT('Ctrl Pts',(1.23847423429713,0.0667049815738325,0.0107655912705339));
#3401=CARTESIAN_POINT('Ctrl Pts',(1.23807809044858,0.0672916389089483,0.00542025007964549));
#3402=CARTESIAN_POINT('Ctrl Pts',(1.23768194660003,0.0672435962659812,6.41350327099176E-5));
#3403=CARTESIAN_POINT('Origin',(1.00010265260602,-2.77616583908713E-16,
1.39003291564946E-16));
#3404=CARTESIAN_POINT('',(1.20643194660003,0.0671510570537635,-2.45191926809733E-5));
#3405=CARTESIAN_POINT('',(1.21564835861202,0.0673567446641503,-8.110929113807E-6));
#3406=CARTESIAN_POINT('',(1.00010265260602,0.0672499999999997,1.47239041289212E-16));
#3407=CARTESIAN_POINT('Ctrl Pts',(1.21564835861202,0.0673567446641503,-8.110929113807E-6));
#3408=CARTESIAN_POINT('Ctrl Pts',(1.21725902781124,0.0673173702560863,0.0216738803551875));
#3409=CARTESIAN_POINT('Ctrl Pts',(1.21886969701046,0.055895444883287,0.0433901919413948));
#3410=CARTESIAN_POINT('Ctrl Pts',(1.22048036620968,0.037992187625731,0.0556200500548783));
#3411=CARTESIAN_POINT('Ctrl Pts',(1.22212604878726,0.0196997421224177,0.068115765769388));
#3412=CARTESIAN_POINT('Ctrl Pts',(1.22377173136483,-0.00535888569903954,
0.0707081043863606));
#3413=CARTESIAN_POINT('Ctrl Pts',(1.2254174139424,-0.0258195462280363,0.0622148535532024));
#3414=CARTESIAN_POINT('Ctrl Pts',(1.22706309651998,-0.0462802067570324,
0.0537216027200445));
#3415=CARTESIAN_POINT('Ctrl Pts',(1.22870877909755,-0.0621428999935686,
0.0341427624367562));
#3416=CARTESIAN_POINT('Ctrl Pts',(1.23035446167513,-0.0662121170291527,
0.0123704629998397));
#3417=CARTESIAN_POINT('Ctrl Pts',(1.2320001442527,-0.070281334064737,-0.00940183643707771));
#3418=CARTESIAN_POINT('Ctrl Pts',(1.23364582683028,-0.0625570748993687,
-0.0333675950276231));
#3419=CARTESIAN_POINT('Ctrl Pts',(1.23529150940785,-0.0465450958064111,
-0.0486819428971482));
#3420=CARTESIAN_POINT('Ctrl Pts',(1.23693719198543,-0.0305331167134538,
-0.063996290766673));
#3421=CARTESIAN_POINT('Ctrl Pts',(1.238582874563,-0.00623341769290726,-0.0706592279151772));
#3422=CARTESIAN_POINT('Ctrl Pts',(1.24022855714058,0.0153388538448768,-0.065600696372456));
#3423=CARTESIAN_POINT('Ctrl Pts',(1.24187423971815,0.0369111253826605,-0.0605421648297349));
#3424=CARTESIAN_POINT('Ctrl Pts',(1.24351992229573,0.0557559694376821,-0.0437621645957889));
#3425=CARTESIAN_POINT('Ctrl Pts',(1.2451656048733,0.0633116901475814,-0.0229767505009687));
#3426=CARTESIAN_POINT('Ctrl Pts',(1.24574318945287,0.065963518531179,-0.0156817017322576));
#3427=CARTESIAN_POINT('Ctrl Pts',(1.24632077403245,0.0672247564244079,-0.00789326740519568));
#3428=CARTESIAN_POINT('Ctrl Pts',(1.24689835861202,0.0671670751928164,-8.72120460784974E-5));
#3429=CARTESIAN_POINT('Ctrl Pts',(1.23768194660003,0.0672435962659812,6.41350327099176E-5));
#3430=CARTESIAN_POINT('Ctrl Pts',(1.236432407871,0.067092057517489,-0.0168304178241942));
#3431=CARTESIAN_POINT('Ctrl Pts',(1.23518286914198,0.060625682518562,-0.0338321632745646));
#3432=CARTESIAN_POINT('Ctrl Pts',(1.23393333041295,0.0491153580325232,-0.046097921071817));
#3433=CARTESIAN_POINT('Ctrl Pts',(1.23228764783538,0.0339558915598947,-0.0622523174412994));
#3434=CARTESIAN_POINT('Ctrl Pts',(1.2306419652578,0.010047324119089,-0.0701917952698554));
#3435=CARTESIAN_POINT('Ctrl Pts',(1.22899628268023,-0.0117650453364615,
-0.0663217867755054));
#3436=CARTESIAN_POINT('Ctrl Pts',(1.22735060010265,-0.0335774147920116,
-0.0624517782811554));
#3437=CARTESIAN_POINT('Ctrl Pts',(1.22570491752508,-0.0532935862623062,
-0.0467722834638999));
#3438=CARTESIAN_POINT('Ctrl Pts',(1.2240592349475,-0.0619727638196865,-0.0263911852621657));
#3439=CARTESIAN_POINT('Ctrl Pts',(1.22241355236993,-0.0706519413770667,
-0.00601008706043152));
#3440=CARTESIAN_POINT('Ctrl Pts',(1.22076786979236,-0.0682941250215321,
0.019072614525782));
#3441=CARTESIAN_POINT('Ctrl Pts',(1.21912218721478,-0.0559680984251362,
0.0374794962095712));
#3442=CARTESIAN_POINT('Ctrl Pts',(1.21747650463721,-0.0436420718287401,
0.0558863778933607));
#3443=CARTESIAN_POINT('Ctrl Pts',(1.21583082205963,-0.0213478349914827,
0.0676174396747263));
#3444=CARTESIAN_POINT('Ctrl Pts',(1.21418513948206,0.000803229433350683,
0.0673531709576413));
#3445=CARTESIAN_POINT('Ctrl Pts',(1.21253945690448,0.0229542938581837,0.0670889022405563));
#3446=CARTESIAN_POINT('Ctrl Pts',(1.21089377432691,0.0449621858705924,0.0548293030250209));
#3447=CARTESIAN_POINT('Ctrl Pts',(1.20924809174933,0.056845827270899,0.0361340101473076));
#3448=CARTESIAN_POINT('Ctrl Pts',(1.20830937669956,0.0636243841934405,0.0254700139287835));
#3449=CARTESIAN_POINT('Ctrl Pts',(1.2073706616498,0.0671088295376913,0.0127120461345687));
#3450=CARTESIAN_POINT('Ctrl Pts',(1.20643194660003,0.0671510570537635,-2.45191926809733E-5));
#3451=CARTESIAN_POINT('Origin',(1.00010265260602,-2.77616583908713E-16,
1.39003291564946E-16));
#3452=CARTESIAN_POINT('',(1.17518194660003,0.067331459597489,-3.71150412902532E-5));
#3453=CARTESIAN_POINT('',(1.18439835861202,0.0672026823865729,5.48537391692642E-5));
#3454=CARTESIAN_POINT('',(1.00010265260602,0.0672499999999997,1.47239041289212E-16));
#3455=CARTESIAN_POINT('Ctrl Pts',(1.18439835861202,0.0672026823865729,5.48537391692642E-5));
#3456=CARTESIAN_POINT('Ctrl Pts',(1.18490591643489,0.0672562754935059,0.0069281214969591));
#3457=CARTESIAN_POINT('Ctrl Pts',(1.18541347425775,0.0662851605923168,0.0137866088524454));
#3458=CARTESIAN_POINT('Ctrl Pts',(1.18592103208062,0.0642259762427505,0.0203011662567896));
#3459=CARTESIAN_POINT('Ctrl Pts',(1.18756671465819,0.0575493698435619,0.0414236731672979));
#3460=CARTESIAN_POINT('Ctrl Pts',(1.18921239723576,0.0394340361275131,0.058930490901821));
#3461=CARTESIAN_POINT('Ctrl Pts',(1.19085807981334,0.0180958201693632,0.0648818276724847));
#3462=CARTESIAN_POINT('Ctrl Pts',(1.19250376239091,-0.00324239578878681,
0.0708331644431484));
#3463=CARTESIAN_POINT('Ctrl Pts',(1.19414944496849,-0.0278034939890375,
0.0652290202499527));
#3464=CARTESIAN_POINT('Ctrl Pts',(1.19579512754606,-0.0444483052365425,
0.0506109118942436));
#3465=CARTESIAN_POINT('Ctrl Pts',(1.19744081012364,-0.0610931164840467,
0.0359928035385351));
#3466=CARTESIAN_POINT('Ctrl Pts',(1.19908649270121,-0.0698216407788057,
0.0123607310203132));
#3467=CARTESIAN_POINT('Ctrl Pts',(1.20073217527879,-0.0666752093083583,
-0.00956721753064753));
#3468=CARTESIAN_POINT('Ctrl Pts',(1.20237785785636,-0.0635287778379107,
-0.0314951660816096));
#3469=CARTESIAN_POINT('Ctrl Pts',(1.20402354043394,-0.0485073906022558,
-0.0517189906653107));
#3470=CARTESIAN_POINT('Ctrl Pts',(1.20566922301151,-0.0284237390417859,
-0.0610670642377296));
#3471=CARTESIAN_POINT('Ctrl Pts',(1.20731490558908,-0.00834008748131661,
-0.0704151378101481));
#3472=CARTESIAN_POINT('Ctrl Pts',(1.20896058816666,0.016805828403967,-0.0688874603712849));
#3473=CARTESIAN_POINT('Ctrl Pts',(1.21060627074423,0.035609688881631,-0.0571759663770706));
#3474=CARTESIAN_POINT('Ctrl Pts',(1.21225195332181,0.0544135493592952,-0.0454644723828562));
#3475=CARTESIAN_POINT('Ctrl Pts',(1.21389763589938,0.0668753544293394,-0.0235691618332907));
#3476=CARTESIAN_POINT('Ctrl Pts',(1.21554331847696,0.0673431253717767,-0.00142196015248443));
#3477=CARTESIAN_POINT('Ctrl Pts',(1.21557833185531,0.0673530776196853,-0.000950758498827666));
#3478=CARTESIAN_POINT('Ctrl Pts',(1.21561334523367,0.0673576006009545,-0.000479442823141203));
#3479=CARTESIAN_POINT('Ctrl Pts',(1.21564835861202,0.0673567446641503,-8.110929113807E-6));
#3480=CARTESIAN_POINT('Ctrl Pts',(1.20643194660003,0.0671510570537635,-2.45191926809733E-5));
#3481=CARTESIAN_POINT('Ctrl Pts',(1.20572497907222,0.0671828595508581,-0.0096167145072857));
#3482=CARTESIAN_POINT('Ctrl Pts',(1.20501801154442,0.0652622579027594,-0.0191967704782155));
#3483=CARTESIAN_POINT('Ctrl Pts',(1.20431104401661,0.0613259860998937,-0.0278610704482676));
#3484=CARTESIAN_POINT('Ctrl Pts',(1.20266536143904,0.0521631127403774,-0.0480298716262381));
#3485=CARTESIAN_POINT('Ctrl Pts',(1.20101967886146,0.0320779752331403,-0.063236487442287));
#3486=CARTESIAN_POINT('Ctrl Pts',(1.19937399628389,0.010179816350935,-0.0665843913741906));
#3487=CARTESIAN_POINT('Ctrl Pts',(1.19772831370631,-0.0117183425312694,
-0.0699322953060939));
#3488=CARTESIAN_POINT('Ctrl Pts',(1.19608263112874,-0.0354295227884418,
-0.0614214873538531));
#3489=CARTESIAN_POINT('Ctrl Pts',(1.19443694855116,-0.050200025822307,-0.0449118064254256));
#3490=CARTESIAN_POINT('Ctrl Pts',(1.19279126597359,-0.0649705288561726,
-0.0284021254969976));
#3491=CARTESIAN_POINT('Ctrl Pts',(1.19114558339601,-0.0708003546667303,
-0.0038935715923826));
#3492=CARTESIAN_POINT('Ctrl Pts',(1.18949990081844,-0.0650454943649131,
0.0174984701803536));
#3493=CARTESIAN_POINT('Ctrl Pts',(1.18785421824086,-0.0592906340630958,
0.0388905119530899));
#3494=CARTESIAN_POINT('Ctrl Pts',(1.18620853566329,-0.0419510876489035,
0.0571660415939474));
#3495=CARTESIAN_POINT('Ctrl Pts',(1.18456285308571,-0.0208908565454401,
0.0640365845059024));
#3496=CARTESIAN_POINT('Ctrl Pts',(1.18291717050814,0.000169374558023046,
0.0709071274178573));
#3497=CARTESIAN_POINT('Ctrl Pts',(1.18127148793057,0.0249502903507571,0.0663726836009101));
#3498=CARTESIAN_POINT('Ctrl Pts',(1.17962580535299,0.0422130175332026,0.0524897481637552));
#3499=CARTESIAN_POINT('Ctrl Pts',(1.178144519102,0.0577512755049193,0.0399936558634284));
#3500=CARTESIAN_POINT('Ctrl Pts',(1.17666323285101,0.0671983867997531,0.0199235272336098));
#3501=CARTESIAN_POINT('Ctrl Pts',(1.17518194660003,0.067331459597489,-3.71150412902532E-5));
#3502=CARTESIAN_POINT('Origin',(1.00010265260602,-2.77616583908713E-16,
1.39003291564946E-16));
#3503=CARTESIAN_POINT('',(1.14393194660003,0.0672522124327769,5.97718750511409E-5));
#3504=CARTESIAN_POINT('',(1.15314835861202,0.0671749917862158,-4.42401209642487E-5));
#3505=CARTESIAN_POINT('',(1.00010265260602,0.0672499999999997,1.47239041289212E-16));
#3506=CARTESIAN_POINT('Ctrl Pts',(1.15314835861202,0.0671749917862158,-4.42401209642487E-5));
#3507=CARTESIAN_POINT('Ctrl Pts',(1.15419848763611,0.0670880306438182,0.0141912328512902));
#3508=CARTESIAN_POINT('Ctrl Pts',(1.15524861666019,0.0626581392590975,0.0284761679047205));
#3509=CARTESIAN_POINT('Ctrl Pts',(1.15629874568427,0.054291040956601,0.0398697344684369));
#3510=CARTESIAN_POINT('Ctrl Pts',(1.15794442826185,0.0411787589555507,0.0577248680380534));
#3511=CARTESIAN_POINT('Ctrl Pts',(1.15959011083942,0.0183971764300057,0.0684791528491569));
#3512=CARTESIAN_POINT('Ctrl Pts',(1.161235793417,-0.00372158684401852,0.0672552048372976));
#3513=CARTESIAN_POINT('Ctrl Pts',(1.16288147599457,-0.0258403501180428,
0.0660312568254383));
#3514=CARTESIAN_POINT('Ctrl Pts',(1.16452715857214,-0.0472962941405463,
0.0528290759906162));
#3515=CARTESIAN_POINT('Ctrl Pts',(1.16617284114972,-0.0583585156945405,
0.0336362382394917));
#3516=CARTESIAN_POINT('Ctrl Pts',(1.16781852372729,-0.0694207372485343,
0.0144434004883678));
#3517=CARTESIAN_POINT('Ctrl Pts',(1.16946420630487,-0.0700892363340194,
-0.0107400941790581));
#3518=CARTESIAN_POINT('Ctrl Pts',(1.17110988888244,-0.0600608283948649,
-0.0304927832815359));
#3519=CARTESIAN_POINT('Ctrl Pts',(1.17275557146002,-0.05003242045571,-0.0502454723840145));
#3520=CARTESIAN_POINT('Ctrl Pts',(1.17440125403759,-0.0293071054919146,
-0.0645673559215444));
#3521=CARTESIAN_POINT('Ctrl Pts',(1.17604693661517,-0.00728442612089749,
-0.0669630465849143));
#3522=CARTESIAN_POINT('Ctrl Pts',(1.17769261919274,0.0147382532501186,-0.069358737248284));
#3523=CARTESIAN_POINT('Ctrl Pts',(1.17933830177032,0.0380582970283562,-0.059828235037495));
#3524=CARTESIAN_POINT('Ctrl Pts',(1.18098398434789,0.0520993793763113,-0.0426938858888543));
#3525=CARTESIAN_POINT('Ctrl Pts',(1.1821221091026,0.0618099418024402,-0.030844075246358));
#3526=CARTESIAN_POINT('Ctrl Pts',(1.18326023385731,0.0670825076223695,-0.0153574516741177));
#3527=CARTESIAN_POINT('Ctrl Pts',(1.18439835861202,0.0672026823865729,5.48537391692642E-5));
#3528=CARTESIAN_POINT('Ctrl Pts',(1.17518194660003,0.067331459597489,-3.71150412902532E-5));
#3529=CARTESIAN_POINT('Ctrl Pts',(1.17501755027344,0.0673462283021211,-0.00225238995126388));
#3530=CARTESIAN_POINT('Ctrl Pts',(1.17485315394685,0.0672462756530146,-0.00446631631378882));
#3531=CARTESIAN_POINT('Ctrl Pts',(1.17468875762027,0.0670271960500027,-0.00666839097495557));
#3532=CARTESIAN_POINT('Ctrl Pts',(1.17304307504269,0.0648341088122001,-0.0287121676191483));
#3533=CARTESIAN_POINT('Ctrl Pts',(1.17139739246512,0.0507033957644378,-0.0495682938501706));
#3534=CARTESIAN_POINT('Ctrl Pts',(1.16975170988754,0.0310437528692644,-0.0597779036556172));
#3535=CARTESIAN_POINT('Ctrl Pts',(1.16810602730997,0.0113841099740912,-0.0699875134610635));
#3536=CARTESIAN_POINT('Ctrl Pts',(1.16646034473239,-0.013804462768493,-0.0695506068409344));
#3537=CARTESIAN_POINT('Ctrl Pts',(1.16481466215482,-0.0330982050718936,
-0.0586653325848501));
#3538=CARTESIAN_POINT('Ctrl Pts',(1.16316897957724,-0.0523919473752945,
-0.0477800583287658));
#3539=CARTESIAN_POINT('Ctrl Pts',(1.16152329699967,-0.0657908592395117,
-0.026446416436726));
#3540=CARTESIAN_POINT('Ctrl Pts',(1.1598776144221,-0.0672181387052235,-0.00433984341256929));
#3541=CARTESIAN_POINT('Ctrl Pts',(1.15823193184452,-0.0686454181709353,
0.0177667296115871));
#3542=CARTESIAN_POINT('Ctrl Pts',(1.15658624926695,-0.0581010652381419,
0.0406462337678605));
#3543=CARTESIAN_POINT('Ctrl Pts',(1.15494056668937,-0.040367255089503,0.0539221394054039));
#3544=CARTESIAN_POINT('Ctrl Pts',(1.1532948841118,-0.0226334449408639,0.0671980450429474));
#3545=CARTESIAN_POINT('Ctrl Pts',(1.15164920153422,0.00228982242362097,
0.0708703521617606));
#3546=CARTESIAN_POINT('Ctrl Pts',(1.15000351895665,0.0230991101761007,0.0632735609899339));
#3547=CARTESIAN_POINT('Ctrl Pts',(1.14835783637907,0.0439083979285808,0.0556767698181071));
#3548=CARTESIAN_POINT('Ctrl Pts',(1.1467121538015,0.0606037060690556,0.03681088035564));
#3549=CARTESIAN_POINT('Ctrl Pts',(1.14506647122392,0.0656132198812841,0.015232130032618));
#3550=CARTESIAN_POINT('Ctrl Pts',(1.14468829634929,0.0667643970789559,0.0102733723053752));
#3551=CARTESIAN_POINT('Ctrl Pts',(1.14431012147466,0.0672984801132222,0.00517135597232826));
#3552=CARTESIAN_POINT('Ctrl Pts',(1.14393194660003,0.0672522124327769,5.97718750511409E-5));
#3553=CARTESIAN_POINT('Origin',(1.00010265260602,-2.77616583908713E-16,
1.39003291564946E-16));
#3554=CARTESIAN_POINT('',(1.11268194660003,0.0671485799796383,-2.09228321675027E-5));
#3555=CARTESIAN_POINT('',(1.12189835861202,0.0673549520074918,-1.29257346180517E-5));
#3556=CARTESIAN_POINT('',(1.00010265260602,0.0672499999999997,1.47239041289212E-16));
#3557=CARTESIAN_POINT('Ctrl Pts',(1.12189835861202,0.0673549520074918,-1.29257346180517E-5));
#3558=CARTESIAN_POINT('Ctrl Pts',(1.12349105883732,0.0672979312514945,0.0214291702345252));
#3559=CARTESIAN_POINT('Ctrl Pts',(1.12508375906263,0.056164411164535,0.0429222527527816));
#3560=CARTESIAN_POINT('Ctrl Pts',(1.12667645928793,0.0385929016365526,0.0552059850070504));
#3561=CARTESIAN_POINT('Ctrl Pts',(1.1283221418655,0.0204368628337148,0.0678983447099554));
#3562=CARTESIAN_POINT('Ctrl Pts',(1.12996782444308,-0.00459261872155692,
0.0707584512837574));
#3563=CARTESIAN_POINT('Ctrl Pts',(1.13161350702065,-0.025143934872316,0.0624891620612588));
#3564=CARTESIAN_POINT('Ctrl Pts',(1.13325918959823,-0.045695251023075,0.0542198728387602));
#3565=CARTESIAN_POINT('Ctrl Pts',(1.1349048721758,-0.0617684017693214,0.0348211878199612));
#3566=CARTESIAN_POINT('Ctrl Pts',(1.13655055475338,-0.0660737391595111,
0.0130909827946325));
#3567=CARTESIAN_POINT('Ctrl Pts',(1.13819623733095,-0.0703790765497009,
-0.00863922223069625));
#3568=CARTESIAN_POINT('Ctrl Pts',(1.13984191990853,-0.062916600583834,-0.0327009472625547));
#3569=CARTESIAN_POINT('Ctrl Pts',(1.1414876024861,-0.0470707642155555,-0.0481814901798859));
#3570=CARTESIAN_POINT('Ctrl Pts',(1.14313328506368,-0.0312249278472774,
-0.0636620330972166));
#3571=CARTESIAN_POINT('Ctrl Pts',(1.14477896764125,-0.00699573107658807,
-0.0705613939000206));
#3572=CARTESIAN_POINT('Ctrl Pts',(1.14642465021882,0.0146281706781998,-0.0657505091438585));
#3573=CARTESIAN_POINT('Ctrl Pts',(1.1480703327964,0.0362520724329883,-0.0609396243876963));
#3574=CARTESIAN_POINT('Ctrl Pts',(1.14971601537397,0.0552706791718752,-0.0444184940725675));
#3575=CARTESIAN_POINT('Ctrl Pts',(1.15136169795155,0.063058491803041,-0.0236799377509383));
#3576=CARTESIAN_POINT('Ctrl Pts',(1.15195725150504,0.0658768114168075,-0.0161748932910151));
#3577=CARTESIAN_POINT('Ctrl Pts',(1.15255280505853,0.067224309552112,-0.008117520946288));
#3578=CARTESIAN_POINT('Ctrl Pts',(1.15314835861202,0.0671749917862158,-4.42401209642487E-5));
#3579=CARTESIAN_POINT('Ctrl Pts',(1.14393194660003,0.0672522124327769,5.97718750511409E-5));
#3580=CARTESIAN_POINT('Ctrl Pts',(1.14266443889708,0.0670971396204475,-0.0170724403688978));
#3581=CARTESIAN_POINT('Ctrl Pts',(1.14139693119414,0.0604226853183688,-0.0343121322858085));
#3582=CARTESIAN_POINT('Ctrl Pts',(1.1401294234912,0.048612268486311,-0.0466257413889056));
#3583=CARTESIAN_POINT('Ctrl Pts',(1.13848374091363,0.0332780837951263,-0.0626132513038325));
#3584=CARTESIAN_POINT('Ctrl Pts',(1.13683805833605,0.00928599492877354,
-0.0702966599501096));
#3585=CARTESIAN_POINT('Ctrl Pts',(1.13519237575848,-0.0124828781499368,
-0.0661913148524425));
#3586=CARTESIAN_POINT('Ctrl Pts',(1.1335466931809,-0.0342517512286471,-0.0620859697547755));
#3587=CARTESIAN_POINT('Ctrl Pts',(1.13190101060333,-0.0537974085197154,
-0.0461918709131642));
#3588=CARTESIAN_POINT('Ctrl Pts',(1.13025532802575,-0.0622553179191941,
-0.0257174609769924));
#3589=CARTESIAN_POINT('Ctrl Pts',(1.12860964544818,-0.0707132273186726,
-0.00524305104082093));
#3590=CARTESIAN_POINT('Ctrl Pts',(1.1269639628706,-0.0680833888265621,0.0198116699899103));
#3591=CARTESIAN_POINT('Ctrl Pts',(1.12531828029303,-0.0555585117708817,
0.0380836471209731));
#3592=CARTESIAN_POINT('Ctrl Pts',(1.12367259771545,-0.0430336347152011,
0.0563556242520361));
#3593=CARTESIAN_POINT('Ctrl Pts',(1.12202691513788,-0.0206137190959497,
0.0678448574834298));
#3594=CARTESIAN_POINT('Ctrl Pts',(1.12038123256031,0.00153314205740988,
0.067340640655133));
#3595=CARTESIAN_POINT('Ctrl Pts',(1.11873554998273,0.0236800032107698,0.0668364238268361));
#3596=CARTESIAN_POINT('Ctrl Pts',(1.11708986740516,0.0455538098982384,0.0543387569388482));
#3597=CARTESIAN_POINT('Ctrl Pts',(1.11544418482758,0.057234145597198,0.0355157005575342));
#3598=CARTESIAN_POINT('Ctrl Pts',(1.11452343875173,0.0637691988365037,0.0249843529363099));
#3599=CARTESIAN_POINT('Ctrl Pts',(1.11360269267588,0.0671133777352955,0.0124729611229979));
#3600=CARTESIAN_POINT('Ctrl Pts',(1.11268194660003,0.0671485799796383,-2.09228321675027E-5));
#3601=CARTESIAN_POINT('Origin',(1.00010265260602,-2.77616583908713E-16,
1.39003291564946E-16));
#3602=CARTESIAN_POINT('',(1.08143194660003,0.0673260275360304,-4.03829152416134E-5));
#3603=CARTESIAN_POINT('',(1.09064835861202,0.0672090756860728,5.63342463931829E-5));
#3604=CARTESIAN_POINT('',(1.00010265260602,0.0672499999999997,1.47239041289212E-16));
#3605=CARTESIAN_POINT('Ctrl Pts',(1.09064835861202,0.0672090756860728,5.63342463931829E-5));
#3606=CARTESIAN_POINT('Ctrl Pts',(1.09113794746097,0.0672625520934398,0.00668467008541536));
#3607=CARTESIAN_POINT('Ctrl Pts',(1.09162753630992,0.0663602938149882,0.0132987703924742));
#3608=CARTESIAN_POINT('Ctrl Pts',(1.09211712515886,0.0644422351472084,0.0196038558987854));
#3609=CARTESIAN_POINT('Ctrl Pts',(1.09376280773644,0.057994956498772,0.0407974949903677));
#3610=CARTESIAN_POINT('Ctrl Pts',(1.09540849031401,0.0400704373405404,0.0584996634874066));
#3611=CARTESIAN_POINT('Ctrl Pts',(1.09705417289159,0.018797975811915,0.064681905833512));
#3612=CARTESIAN_POINT('Ctrl Pts',(1.09869985546916,-0.002474485716711,0.0708641481796176));
#3613=CARTESIAN_POINT('Ctrl Pts',(1.10034553804674,-0.0270948896157313,
0.065526464374789));
#3614=CARTESIAN_POINT('Ctrl Pts',(1.10199122062431,-0.0438971565140671,
0.0510896514652088));
#3615=CARTESIAN_POINT('Ctrl Pts',(1.10363690320188,-0.0606994234124026,
0.0366528385556288));
#3616=CARTESIAN_POINT('Ctrl Pts',(1.10528258577946,-0.069683553310054,0.0131168965412983));
#3617=CARTESIAN_POINT('Ctrl Pts',(1.10692826835704,-0.0667749783028659,
-0.0088439306596961));
#3618=CARTESIAN_POINT('Ctrl Pts',(1.10857395093461,-0.0638664032956777,
-0.0308047578606905));
#3619=CARTESIAN_POINT('Ctrl Pts',(1.11021963351218,-0.0490651233836496,
-0.0511904702483484));
#3620=CARTESIAN_POINT('Ctrl Pts',(1.11186531608976,-0.0290839555848759,
-0.0607555459565336));
#3621=CARTESIAN_POINT('Ctrl Pts',(1.11351099866733,-0.00910278778610269,
-0.0703206216647186));
#3622=CARTESIAN_POINT('Ctrl Pts',(1.11515668124491,0.0160582678994161,-0.0690650606934318));
#3623=CARTESIAN_POINT('Ctrl Pts',(1.11680236382248,0.0349879305680524,-0.0575582969807431));
#3624=CARTESIAN_POINT('Ctrl Pts',(1.11844804640006,0.0539175932366893,-0.046051533268054));
#3625=CARTESIAN_POINT('Ctrl Pts',(1.12009372897763,0.0666158628884437,-0.0242935668139623));
#3626=CARTESIAN_POINT('Ctrl Pts',(1.12173941155521,0.0673236996891189,-0.00215227717091249));
#3627=CARTESIAN_POINT('Ctrl Pts',(1.12179239390748,0.0673464883235952,-0.00143944370982787));
#3628=CARTESIAN_POINT('Ctrl Pts',(1.12184537625975,0.0673568488451597,-0.000726212933322415));
#3629=CARTESIAN_POINT('Ctrl Pts',(1.12189835861202,0.0673549520074918,-1.29257346180517E-5));
#3630=CARTESIAN_POINT('Ctrl Pts',(1.11268194660003,0.0671485799796383,-2.09228321675027E-5));
#3631=CARTESIAN_POINT('Ctrl Pts',(1.1119570100983,0.0671762959727181,-0.00985780703393916));
#3632=CARTESIAN_POINT('Ctrl Pts',(1.11123207359658,0.0651527842055812,-0.0196838381507838));
#3633=CARTESIAN_POINT('Ctrl Pts',(1.11050713709486,0.0610204027261451,-0.0285240750852334));
#3634=CARTESIAN_POINT('Ctrl Pts',(1.10886145451728,0.0516394594456817,-0.0485923484720471));
#3635=CARTESIAN_POINT('Ctrl Pts',(1.10721577193971,0.0313907081743043,-0.0635804493710352));
#3636=CARTESIAN_POINT('Ctrl Pts',(1.10557008936213,0.00945755487008521,
-0.0666908319353725));
#3637=CARTESIAN_POINT('Ctrl Pts',(1.10392440678456,-0.0124755984341342,
-0.0698012144997098));
#3638=CARTESIAN_POINT('Ctrl Pts',(1.10227872420699,-0.036093153771195,-0.061033878729396));
#3639=CARTESIAN_POINT('Ctrl Pts',(1.10063304162941,-0.0506838531728334,
-0.044365069997637));
#3640=CARTESIAN_POINT('Ctrl Pts',(1.09898735905184,-0.0652745525744717,
-0.0276962612658782));
#3641=CARTESIAN_POINT('Ctrl Pts',(1.09734167647426,-0.0708383960406875,
-0.00312597957267366));
#3642=CARTESIAN_POINT('Ctrl Pts',(1.09569599389669,-0.0648520164486067,
0.018202427609821));
#3643=CARTESIAN_POINT('Ctrl Pts',(1.09405031131911,-0.0588656368565258,
0.0395308347923159));
#3644=CARTESIAN_POINT('Ctrl Pts',(1.09240462874154,-0.0413290342061485,
0.0576173674641015));
#3645=CARTESIAN_POINT('Ctrl Pts',(1.09075894616396,-0.0201955750585932,
0.0642592495785381));
#3646=CARTESIAN_POINT('Ctrl Pts',(1.08911326358639,0.000937884088961585,
0.0709011316929745));
#3647=CARTESIAN_POINT('Ctrl Pts',(1.08746758100881,0.0256681997336938,0.0660983632500626));
#3648=CARTESIAN_POINT('Ctrl Pts',(1.08582189843124,0.0427794442859324,0.0520291414010364));
#3649=CARTESIAN_POINT('Ctrl Pts',(1.08435858115417,0.0579945168197743,0.0395189916995267));
#3650=CARTESIAN_POINT('Ctrl Pts',(1.0828952638771,0.0671855627155399,0.0196823107868936));
#3651=CARTESIAN_POINT('Ctrl Pts',(1.08143194660003,0.0673260275360304,-4.03829152416134E-5));
#3652=CARTESIAN_POINT('Origin',(1.00010265260602,-2.77616583908713E-16,
1.39003291564946E-16));
#3653=CARTESIAN_POINT('',(1.05018194660003,0.067259466784655,5.93405931584563E-5));
#3654=CARTESIAN_POINT('',(1.05939835861202,0.0671702109221881,-4.1474386752757E-5));
#3655=CARTESIAN_POINT('',(1.00010265260602,0.0672499999999997,1.47239041289212E-16));
#3656=CARTESIAN_POINT('Ctrl Pts',(1.05939835861202,0.0671702109221881,-4.1474386752757E-5));
#3657=CARTESIAN_POINT('Ctrl Pts',(1.06043051866219,0.0670904445171543,0.0139529163178633));
#3658=CARTESIAN_POINT('Ctrl Pts',(1.06146267871235,0.062822045746603,0.0279918778691669));
#3659=CARTESIAN_POINT('Ctrl Pts',(1.06249483876252,0.0547199768490589,0.0392789634602151));
#3660=CARTESIAN_POINT('Ctrl Pts',(1.0641405213401,0.041801986441616,0.0572751648301327));
#3661=CARTESIAN_POINT('Ctrl Pts',(1.06578620391767,0.0191383015598423,0.0682757350029195));
#3662=CARTESIAN_POINT('Ctrl Pts',(1.06743188649524,-0.00299242821489369,
0.0672915909326676));
#3663=CARTESIAN_POINT('Ctrl Pts',(1.06907756907282,-0.0251231579896296,
0.0663074468624158));
#3664=CARTESIAN_POINT('Ctrl Pts',(1.07072325165039,-0.0467209326573277,
0.0533385885491254));
#3665=CARTESIAN_POINT('Ctrl Pts',(1.07236893422797,-0.0579905243587623,
0.0342667757670053));
#3666=CARTESIAN_POINT('Ctrl Pts',(1.07401461680554,-0.0692601160601969,
0.0151949629848852));
#3667=CARTESIAN_POINT('Ctrl Pts',(1.07566029938312,-0.0702015247953679,
-0.00997980426606453));
#3668=CARTESIAN_POINT('Ctrl Pts',(1.07730598196069,-0.0603877939351086,
-0.0298400264832496));
#3669=CARTESIAN_POINT('Ctrl Pts',(1.07895166453827,-0.0505740630748493,
-0.0497002487004346));
#3670=CARTESIAN_POINT('Ctrl Pts',(1.08059734711584,-0.0300051926191598,
-0.0642459258838548));
#3671=CARTESIAN_POINT('Ctrl Pts',(1.08224302969342,-0.00800977201858205,
-0.0668801643918607));
#3672=CARTESIAN_POINT('Ctrl Pts',(1.08388871227099,0.0139856485819951,-0.0695144028998664));
#3673=CARTESIAN_POINT('Ctrl Pts',(1.08553439484857,0.0374076193274603,-0.0602372027324585));
#3674=CARTESIAN_POINT('Ctrl Pts',(1.08718007742614,0.0516335856308727,-0.0432560478056918));
#3675=CARTESIAN_POINT('Ctrl Pts',(1.08833617115477,0.0616273418091004,-0.0313267687434949));
#3676=CARTESIAN_POINT('Ctrl Pts',(1.08949226488339,0.0670827988329144,-0.0155955285589052));
#3677=CARTESIAN_POINT('Ctrl Pts',(1.09064835861202,0.0672090756860728,5.63342463931829E-5));
#3678=CARTESIAN_POINT('Ctrl Pts',(1.08143194660003,0.0673260275360304,-4.03829152416134E-5));
#3679=CARTESIAN_POINT('Ctrl Pts',(1.08124958129952,0.0673435329052353,-0.00249831532681743));
#3680=CARTESIAN_POINT('Ctrl Pts',(1.08106721599902,0.0672204711126956,-0.00495447737044431));
#3681=CARTESIAN_POINT('Ctrl Pts',(1.08088485069852,0.0669509840202664,-0.00739446732770353));
#3682=CARTESIAN_POINT('Ctrl Pts',(1.07923916812094,0.0645191057426167,-0.0294131789522754));
#3683=CARTESIAN_POINT('Ctrl Pts',(1.07759348554337,0.0501631757275726,-0.0501149269462777));
#3684=CARTESIAN_POINT('Ctrl Pts',(1.07594780296579,0.0303940316791076,-0.0601108579761777));
#3685=CARTESIAN_POINT('Ctrl Pts',(1.07430212038822,0.0106248876306429,-0.0701067890060776));
#3686=CARTESIAN_POINT('Ctrl Pts',(1.07265643781064,-0.0145574704512426,
-0.0693969030718754));
#3687=CARTESIAN_POINT('Ctrl Pts',(1.07101075523307,-0.0337321003982056,
-0.0583031543835147));
#3688=CARTESIAN_POINT('Ctrl Pts',(1.06936507265549,-0.0529067303451692,
-0.0472094056951537));
#3689=CARTESIAN_POINT('Ctrl Pts',(1.06771939007792,-0.06607363215721,-0.0257317942526335));
#3690=CARTESIAN_POINT('Ctrl Pts',(1.06607370750034,-0.0672612274919603,
-0.00361105034822683));
#3691=CARTESIAN_POINT('Ctrl Pts',(1.06442802492277,-0.0684488228267106,
0.0185096935561792));
#3692=CARTESIAN_POINT('Ctrl Pts',(1.0627823423452,-0.0576571116841711,0.0412735699224717));
#3693=CARTESIAN_POINT('Ctrl Pts',(1.06113665976762,-0.0397804533795261,
0.0543564893758055));
#3694=CARTESIAN_POINT('Ctrl Pts',(1.05949097719005,-0.0219037950748808,
0.0674394088291396));
#3695=CARTESIAN_POINT('Ctrl Pts',(1.05784529461247,0.0030578103918703,0.0708413713695147));
#3696=CARTESIAN_POINT('Ctrl Pts',(1.0561996120349,0.0237835386746623,0.0630194866406692));
#3697=CARTESIAN_POINT('Ctrl Pts',(1.05455392945732,0.044509266957454,0.0551976019118238));
#3698=CARTESIAN_POINT('Ctrl Pts',(1.05290824687975,0.0609991180562867,0.036151869913758));
#3699=CARTESIAN_POINT('Ctrl Pts',(1.05126256430217,0.0657744581136027,0.0145200918800308));
#3700=CARTESIAN_POINT('Ctrl Pts',(1.05090235840146,0.0668196813480271,0.00978534278752911));
#3701=CARTESIAN_POINT('Ctrl Pts',(1.05054215250074,0.067303683897936,0.00492670098442438));
#3702=CARTESIAN_POINT('Ctrl Pts',(1.05018194660003,0.067259466784655,5.93405931584563E-5));
#3703=CARTESIAN_POINT('Origin',(1.00010265260602,-2.77616583908713E-16,
1.39003291564946E-16));
#3704=CARTESIAN_POINT('',(1.01893194660003,0.0671464966655113,-1.72010095923496E-5));
#3705=CARTESIAN_POINT('',(1.02814835861202,0.0673525689951892,-1.71814040866485E-5));
#3706=CARTESIAN_POINT('',(1.00010265260602,0.0672499999999997,1.47239041289212E-16));
#3707=CARTESIAN_POINT('Ctrl Pts',(1.02814835861202,0.0673525689951892,-1.71814040866485E-5));
#3708=CARTESIAN_POINT('Ctrl Pts',(1.02972308986341,0.0672794570589374,0.0211850129472331));
#3709=CARTESIAN_POINT('Ctrl Pts',(1.03129782111479,0.0564295920029813,0.0424517248402088));
#3710=CARTESIAN_POINT('Ctrl Pts',(1.03287255236618,0.0391889803048683,0.0547844563679807));
#3711=CARTESIAN_POINT('Ctrl Pts',(1.03451823494375,0.0211715730340439,0.0676728532873269));
#3712=CARTESIAN_POINT('Ctrl Pts',(1.03616391752133,-0.00382543932443137,
0.0708040718515471));
#3713=CARTESIAN_POINT('Ctrl Pts',(1.0378096000989,-0.0244651743547348,0.0627580120834225));
#3714=CARTESIAN_POINT('Ctrl Pts',(1.03945528267648,-0.0451049093850387,
0.0547119523152978));
#3715=CARTESIAN_POINT('Ctrl Pts',(1.04110096525405,-0.0613873670871709,
0.0354886142148281));
#3716=CARTESIAN_POINT('Ctrl Pts',(1.04274664783163,-0.0659279726262478,
0.0138063486216782));
#3717=CARTESIAN_POINT('Ctrl Pts',(1.0443923304092,-0.0704685781653246,-0.0078759169714717));
#3718=CARTESIAN_POINT('Ctrl Pts',(1.04603801298677,-0.0632673315413459,
-0.0320171100573015));
#3719=CARTESIAN_POINT('Ctrl Pts',(1.04768369556435,-0.0475902105060772,
-0.0476684875033581));
#3720=CARTESIAN_POINT('Ctrl Pts',(1.04932937814192,-0.0319130894708086,
-0.0633198649494145));
#3721=CARTESIAN_POINT('Ctrl Pts',(1.0509750607195,-0.00776009402424975,
-0.0704814267556976));
#3722=CARTESIAN_POINT('Ctrl Pts',(1.05262074329707,0.0139146799824325,-0.0659051934058086));
#3723=CARTESIAN_POINT('Ctrl Pts',(1.05426642587465,0.0355894539891146,-0.0613289600559196));
#3724=CARTESIAN_POINT('Ctrl Pts',(1.05591210845222,0.0547860065559202,-0.0450149315498589));
#3725=CARTESIAN_POINT('Ctrl Pts',(1.0575577910298,0.062798134872767,-0.0243620010133045));
#3726=CARTESIAN_POINT('Ctrl Pts',(1.05817131355721,0.0657851150364107,-0.0166624371278778));
#3727=CARTESIAN_POINT('Ctrl Pts',(1.05878483608461,0.0672176245828997,-0.0083598296197865));
#3728=CARTESIAN_POINT('Ctrl Pts',(1.05939835861202,0.0671702109221881,-4.1474386752757E-5));
#3729=CARTESIAN_POINT('Ctrl Pts',(1.05018194660003,0.067259466784655,5.93405931584563E-5));
#3730=CARTESIAN_POINT('Ctrl Pts',(1.04889646992317,0.0671016679597944,-0.0173109419269533));
#3731=CARTESIAN_POINT('Ctrl Pts',(1.04761099324631,0.0602165609925259,-0.0347922627767877));
#3732=CARTESIAN_POINT('Ctrl Pts',(1.04632551656945,0.0481040638799497,-0.0471498827843328));
#3733=CARTESIAN_POINT('Ctrl Pts',(1.04467983399187,0.0325975005731814,-0.0629702553455798));
#3734=CARTESIAN_POINT('Ctrl Pts',(1.0430341514143,0.00852354494384573,-0.0703931763986846));
#3735=CARTESIAN_POINT('Ctrl Pts',(1.04138846883673,-0.013199554045358,-0.0660521322997698));
#3736=CARTESIAN_POINT('Ctrl Pts',(1.03974278625915,-0.0349226530345615,
-0.0617110882008551));
#3737=CARTESIAN_POINT('Ctrl Pts',(1.03809710368158,-0.0542948953836331,
-0.0456060789499213));
#3738=CARTESIAN_POINT('Ctrl Pts',(1.036451421104,-0.0625303977840912,-0.0250412012752183));
#3739=CARTESIAN_POINT('Ctrl Pts',(1.03480573852643,-0.0707659001845496,
-0.0044763236005146));
#3740=CARTESIAN_POINT('Ctrl Pts',(1.03316005594885,-0.0678646626363939,
0.0205484224979585));
#3741=CARTESIAN_POINT('Ctrl Pts',(1.03151437337128,-0.0551424819425432,
0.0386835765352557));
#3742=CARTESIAN_POINT('Ctrl Pts',(1.0298686907937,-0.042420301248693,0.056818730572552));
#3743=CARTESIAN_POINT('Ctrl Pts',(1.02822300821613,-0.0198771774091488,
0.068064292548673));
#3744=CARTESIAN_POINT('Ctrl Pts',(1.02657732563855,0.00226291798343748,
0.067320068408632));
#3745=CARTESIAN_POINT('Ctrl Pts',(1.02493164306098,0.0244030133760244,0.0665758442685911));
#3746=CARTESIAN_POINT('Ctrl Pts',(1.02328596048341,0.0461400803216533,0.0538418340123875));
#3747=CARTESIAN_POINT('Ctrl Pts',(1.02164027790583,0.0576157178044963,0.0348932868932589));
#3748=CARTESIAN_POINT('Ctrl Pts',(1.0207375008039,0.0639109431965534,0.0244986247104155));
#3749=CARTESIAN_POINT('Ctrl Pts',(1.01983472370196,0.0671181721447995,0.0122338071264908));
#3750=CARTESIAN_POINT('Ctrl Pts',(1.01893194660003,0.0671464966655113,-1.72010095923496E-5));
#3751=CARTESIAN_POINT('Origin',(1.00010265260602,-2.77616583908713E-16,
1.39003291564946E-16));
#3752=CARTESIAN_POINT('',(0.987681946600027,0.0673202478823506,-4.34313305068281E-5));
#3753=CARTESIAN_POINT('',(0.996898358612021,0.067215670667013,5.75769819194607E-5));
#3754=CARTESIAN_POINT('',(1.00010265260602,0.0672499999999997,1.47239041289212E-16));
#3755=CARTESIAN_POINT('Ctrl Pts',(0.996898358612021,0.067215670667013,5.75769819194607E-5));
#3756=CARTESIAN_POINT('Ctrl Pts',(0.997369978487052,0.0672687160542851,
0.00644104941591443));
#3757=CARTESIAN_POINT('Ctrl Pts',(0.997841598362082,0.066432648950022,0.0128109084160273));
#3758=CARTESIAN_POINT('Ctrl Pts',(0.998313218237112,0.064650924754645,0.0189042525702487));
#3759=CARTESIAN_POINT('Ctrl Pts',(0.999958900814687,0.0584337303113726,
0.040166525100906));
#3760=CARTESIAN_POINT('Ctrl Pts',(1.00160458339226,0.0407021274852209,0.0580619272411859));
#3761=CARTESIAN_POINT('Ctrl Pts',(1.00325026596984,0.0194979211687656,0.0644743662781354));
#3762=CARTESIAN_POINT('Ctrl Pts',(1.00489594854741,-0.00170628514768902,
0.0708868053150846));
#3763=CARTESIAN_POINT('Ctrl Pts',(1.00654163112499,-0.0263830949544469,
0.0658162812487046));
#3764=CARTESIAN_POINT('Ctrl Pts',(1.00818731370256,-0.0433408471375769,
0.05156242630315));
#3765=CARTESIAN_POINT('Ctrl Pts',(1.00983299628013,-0.0602985993207074,
0.0373085713575951));
#3766=CARTESIAN_POINT('Ctrl Pts',(1.01147867885771,-0.0695372938802094,
0.013871385532865));
#3767=CARTESIAN_POINT('Ctrl Pts',(1.01312436143528,-0.066866910329044,-0.00811967609687561));
#3768=CARTESIAN_POINT('Ctrl Pts',(1.01477004401286,-0.0641965267778787,
-0.0301107377266162));
#3769=CARTESIAN_POINT('Ctrl Pts',(1.01641572659043,-0.049617065116046,-0.0506556751613677));
#3770=CARTESIAN_POINT('Ctrl Pts',(1.01806140916801,-0.0297407412426252,
-0.0604367532815071));
#3771=CARTESIAN_POINT('Ctrl Pts',(1.01970709174558,-0.00986441736920435,
-0.0702178314016466));
#3772=CARTESIAN_POINT('Ctrl Pts',(1.02135277432316,0.0153087687158043,-0.0692350502071741));
#3773=CARTESIAN_POINT('Ctrl Pts',(1.02299845690073,0.0343620346151802,-0.0579341299578726));
#3774=CARTESIAN_POINT('Ctrl Pts',(1.02464413947831,0.0534153005145556,-0.0466332097085713));
#3775=CARTESIAN_POINT('Ctrl Pts',(1.02628982205588,0.0663486462282982,-0.0250141504044412));
#3776=CARTESIAN_POINT('Ctrl Pts',(1.02793550463345,0.0672964179935826,-0.00288183311514001));
#3777=CARTESIAN_POINT('Ctrl Pts',(1.02800645595964,0.067337279861228,-0.00192762889331388));
#3778=CARTESIAN_POINT('Ctrl Pts',(1.02807740728583,0.0673558631374962,-0.000972470635830226));
#3779=CARTESIAN_POINT('Ctrl Pts',(1.02814835861202,0.0673525689951892,-1.71814040866485E-5));
#3780=CARTESIAN_POINT('Ctrl Pts',(1.01893194660003,0.0671464966655113,-1.72010095923496E-5));
#3781=CARTESIAN_POINT('Ctrl Pts',(1.01818904112439,0.0671698052335805,-0.0100986940014968));
#3782=CARTESIAN_POINT('Ctrl Pts',(1.01744613564875,0.0650404137572655,-0.0201708354700513));
#3783=CARTESIAN_POINT('Ctrl Pts',(1.01670323017311,0.0607076627133221,-0.0291837642573422));
#3784=CARTESIAN_POINT('Ctrl Pts',(1.01505754759553,0.0511097621192479,-0.049149184306761));
#3785=CARTESIAN_POINT('Ctrl Pts',(1.01341186501796,0.0306997529110423,-0.0639169404235452));
#3786=CARTESIAN_POINT('Ctrl Pts',(1.01176618244038,0.00873417627774995,
-0.0667894196193664));
#3787=CARTESIAN_POINT('Ctrl Pts',(1.01012049986281,-0.0132314003555421,
-0.0696618988151876));
#3788=CARTESIAN_POINT('Ctrl Pts',(1.00847481728523,-0.0367525444139211,
-0.0606391010900464));
#3789=CARTESIAN_POINT('Ctrl Pts',(1.00682913470766,-0.051161723287833,-0.043813131348511));
#3790=CARTESIAN_POINT('Ctrl Pts',(1.00518345213008,-0.0655709021617451,
-0.0269871616069752));
#3791=CARTESIAN_POINT('Ctrl Pts',(1.00353776955251,-0.0708681158511898,
-0.00235801984904539));
#3792=CARTESIAN_POINT('Ctrl Pts',(1.00189208697494,-0.064650921701521,0.018904251677506));
#3793=CARTESIAN_POINT('Ctrl Pts',(1.00024640439736,-0.0584337275518522,
0.0401665232040571));
#3794=CARTESIAN_POINT('Ctrl Pts',(0.998600721819786,-0.0407021255630698,
0.0580619244992297));
#3795=CARTESIAN_POINT('Ctrl Pts',(0.996955039242212,-0.0194979202479774,
0.0644743632333518));
#3796=CARTESIAN_POINT('Ctrl Pts',(0.995309356664636,0.0017062850671148,
0.0708868019674738));
#3797=CARTESIAN_POINT('Ctrl Pts',(0.993663674087062,0.0263830937085172,
0.0658162781405459));
#3798=CARTESIAN_POINT('Ctrl Pts',(0.992017991509488,0.0433408450908208,
0.0515624238681243));
#3799=CARTESIAN_POINT('Ctrl Pts',(0.990572643206334,0.0582342744311492,
0.0390437374781831));
#3800=CARTESIAN_POINT('Ctrl Pts',(0.989127294903181,0.0671735896622093,
0.0194414661969474));
#3801=CARTESIAN_POINT('Ctrl Pts',(0.987681946600027,0.0673202478823506,
-4.34313305068281E-5));
#3802=CARTESIAN_POINT('Origin',(1.00010265260602,-2.77616583908713E-16,
1.39003291564946E-16));
#3803=CARTESIAN_POINT('',(0.956431946600026,0.0672667230617677,5.86287973365443E-5));
#3804=CARTESIAN_POINT('',(0.965648358612021,0.067165765892426,-3.85323979503372E-5));
#3805=CARTESIAN_POINT('',(1.00010265260602,0.0672499999999997,1.47239041289212E-16));
#3806=CARTESIAN_POINT('Ctrl Pts',(0.965648358612021,0.067165765892426,-3.85323979503372E-5));
#3807=CARTESIAN_POINT('Ctrl Pts',(0.966662549688271,0.0670932492039544,
0.0137145144691416));
#3808=CARTESIAN_POINT('Ctrl Pts',(0.96767674076452,0.0629828317164272,0.0275073573154075));
#3809=CARTESIAN_POINT('Ctrl Pts',(0.96869093184077,0.0551424845466355,0.0386835783620723));
#3810=CARTESIAN_POINT('Ctrl Pts',(0.970336614418344,0.0424203032519852,
0.0568187332557981));
#3811=CARTESIAN_POINT('Ctrl Pts',(0.971982296995919,0.0198771783478481,
0.06806429576299));
#3812=CARTESIAN_POINT('Ctrl Pts',(0.973627979573494,-0.00226291809029892,
0.0673200715878048));
#3813=CARTESIAN_POINT('Ctrl Pts',(0.975273662151068,-0.0244030145284458,
0.0665758474126197));
#3814=CARTESIAN_POINT('Ctrl Pts',(0.976919344728642,-0.0461400825006026,
0.0538418365550577));
#3815=CARTESIAN_POINT('Ctrl Pts',(0.978565027306217,-0.0576157205253811,
0.0348932885410902));
#3816=CARTESIAN_POINT('Ctrl Pts',(0.980210709883791,-0.0690913585501598,
0.0159447405271222));
#3817=CARTESIAN_POINT('Ctrl Pts',(0.981856392461366,-0.0703055666275596,
-0.00921834464325147));
#3818=CARTESIAN_POINT('Ctrl Pts',(0.983502075038941,-0.0607076655802285,
-0.029183765635533));
#3819=CARTESIAN_POINT('Ctrl Pts',(0.985147757616516,-0.0511097645328975,
-0.0491491866278142));
#3820=CARTESIAN_POINT('Ctrl Pts',(0.98679344019409,-0.030699754360836,-0.0639169434420034));
#3821=CARTESIAN_POINT('Ctrl Pts',(0.988439122771665,-0.00873417669022541,
-0.0667894227734786));
#3822=CARTESIAN_POINT('Ctrl Pts',(0.990084805349239,0.0132314009803854,
-0.0696619021049538));
#3823=CARTESIAN_POINT('Ctrl Pts',(0.991730487926813,0.0367525461495452,
-0.0606391039537149));
#3824=CARTESIAN_POINT('Ctrl Pts',(0.993376170504388,0.0511617257039282,
-0.0438131334175783));
#3825=CARTESIAN_POINT('Ctrl Pts',(0.994550233206932,0.0614415211636319,
-0.0318091511735044));
#3826=CARTESIAN_POINT('Ctrl Pts',(0.995724295909477,0.067083618109359,-0.0158336042304751));
#3827=CARTESIAN_POINT('Ctrl Pts',(0.996898358612021,0.067215670667013,5.75769819194607E-5));
#3828=CARTESIAN_POINT('Ctrl Pts',(0.987681946600027,0.0673202478823506,
-4.34313305068281E-5));
#3829=CARTESIAN_POINT('Ctrl Pts',(0.987481612325606,0.0673405756248441,
-0.00274415945244696));
#3830=CARTESIAN_POINT('Ctrl Pts',(0.987281278051185,0.0671919816012818,
-0.0054426326266787));
#3831=CARTESIAN_POINT('Ctrl Pts',(0.987080943776765,0.0668669071712706,
-0.00811967571343131));
#3832=CARTESIAN_POINT('Ctrl Pts',(0.98543526119919,0.0641965237462116,-0.0301107363046497));
#3833=CARTESIAN_POINT('Ctrl Pts',(0.983789578621614,0.0496170627728887,
-0.0506556727691706));
#3834=CARTESIAN_POINT('Ctrl Pts',(0.98214389604404,0.0297407398381213,-0.0604367504273997));
#3835=CARTESIAN_POINT('Ctrl Pts',(0.980498213466465,0.009864416903354,-0.0702178280856287));
#3836=CARTESIAN_POINT('Ctrl Pts',(0.978852530888892,-0.0153087679928575,
-0.0692350469375659));
#3837=CARTESIAN_POINT('Ctrl Pts',(0.977206848311317,-0.0343620329924469,
-0.0579341272219461));
#3838=CARTESIAN_POINT('Ctrl Pts',(0.975561165733743,-0.0534152979920362,
-0.0466332075063263));
#3839=CARTESIAN_POINT('Ctrl Pts',(0.973915483156167,-0.0663486430950034,
-0.0250141492231496));
#3840=CARTESIAN_POINT('Ctrl Pts',(0.972269800578592,-0.0672964148155278,
-0.00288183297904094));
#3841=CARTESIAN_POINT('Ctrl Pts',(0.970624118001018,-0.0682441865360522,
0.0192504832650679));
#3842=CARTESIAN_POINT('Ctrl Pts',(0.968978435423444,-0.0572063848741335,
0.0418960574701088));
#3843=CARTESIAN_POINT('Ctrl Pts',(0.96733275284587,-0.0391889784541749,
0.0547844537808026));
#3844=CARTESIAN_POINT('Ctrl Pts',(0.965687070268295,-0.0211715720342166,
0.0676728500914961));
#3845=CARTESIAN_POINT('Ctrl Pts',(0.96404138769072,0.00382543914378138,
0.0708040685078431));
#3846=CARTESIAN_POINT('Ctrl Pts',(0.962395705113146,0.0244651731993783,
0.0627580091196898));
#3847=CARTESIAN_POINT('Ctrl Pts',(0.960750022535571,0.0451049072549754,
0.0547119497315364));
#3848=CARTESIAN_POINT('Ctrl Pts',(0.959104339957996,0.0613873641881712,
0.0354886125388823));
#3849=CARTESIAN_POINT('Ctrl Pts',(0.957458657380421,0.0659279695128172,
0.0138063479696713));
#3850=CARTESIAN_POINT('Ctrl Pts',(0.957116420453623,0.0668722359426177,
0.00929729397996904));
#3851=CARTESIAN_POINT('Ctrl Pts',(0.956774183526825,0.0673086959613821,
0.00468189738539354));
#3852=CARTESIAN_POINT('Ctrl Pts',(0.956431946600026,0.0672667230617677,
5.86287973365443E-5));
#3853=CARTESIAN_POINT('Origin',(1.00010265260602,-2.77616583908713E-16,
1.39003291564946E-16));
#3854=CARTESIAN_POINT('',(0.925181946600027,0.0671448264581254,-1.34076957970185E-5));
#3855=CARTESIAN_POINT('',(0.934398358612021,0.067349587839322,-2.13305446550524E-5));
#3856=CARTESIAN_POINT('',(1.00010265260602,0.0672499999999997,1.47239041289212E-16));
#3857=CARTESIAN_POINT('Ctrl Pts',(0.934398358612021,0.067349587839322,-2.13305446550524E-5));
#3858=CARTESIAN_POINT('Ctrl Pts',(0.93595512088949,0.06726193575132,0.0209414080009212));
#3859=CARTESIAN_POINT('Ctrl Pts',(0.937511883166958,0.0566911942969841,
0.0419804744024062));
#3860=CARTESIAN_POINT('Ctrl Pts',(0.939068645444427,0.0397804552581517,
0.0543564919427731));
#3861=CARTESIAN_POINT('Ctrl Pts',(0.940714328022002,0.021903796109287,0.0674394120139461));
#3862=CARTESIAN_POINT('Ctrl Pts',(0.942360010599577,-0.00305781053626908,
0.0708413747149802));
#3863=CARTESIAN_POINT('Ctrl Pts',(0.944005693177151,-0.0237835397978288,
0.06301948961675));
#3864=CARTESIAN_POINT('Ctrl Pts',(0.945651375754726,-0.0445092690593883,
0.0551976045185199));
#3865=CARTESIAN_POINT('Ctrl Pts',(0.9472970583323,-0.0609991209369515,0.0361518716210258));
#3866=CARTESIAN_POINT('Ctrl Pts',(0.948942740909875,-0.0657744612197836,
0.0145200925657439));
#3867=CARTESIAN_POINT('Ctrl Pts',(0.950588423487449,-0.0705498015026158,
-0.00711168648953843));
#3868=CARTESIAN_POINT('Ctrl Pts',(0.952234106065023,-0.0636106301907163,
-0.0313295117026087));
#3869=CARTESIAN_POINT('Ctrl Pts',(0.953879788642598,-0.0481040661516558,
-0.0471498850109699));
#3870=CARTESIAN_POINT('Ctrl Pts',(0.955525471220173,-0.0325975021125955,
-0.062970258319331));
#3871=CARTESIAN_POINT('Ctrl Pts',(0.957171153797748,-0.00852354534637435,
-0.0703931797229832));
#3872=CARTESIAN_POINT('Ctrl Pts',(0.958816836375322,0.0131995546686973,
-0.0660521354190657));
#3873=CARTESIAN_POINT('Ctrl Pts',(0.960462518952897,0.0349226546837689,
-0.0617110911151482));
#3874=CARTESIAN_POINT('Ctrl Pts',(0.962108201530471,0.0542948979476911,
-0.0456060811036609));
#3875=CARTESIAN_POINT('Ctrl Pts',(0.963753884108046,0.0625304007370704,
-0.0250412024577874));
#3876=CARTESIAN_POINT('Ctrl Pts',(0.964385375609371,0.0656905788245708,
-0.0171499199786404));
#3877=CARTESIAN_POINT('Ctrl Pts',(0.965016867110696,0.0672109187965941,
-0.00860194063263142));
#3878=CARTESIAN_POINT('Ctrl Pts',(0.965648358612021,0.067165765892426,-3.85323979503372E-5));
#3879=CARTESIAN_POINT('Ctrl Pts',(0.956431946600026,0.0672667230617677,
5.86287973365443E-5));
#3880=CARTESIAN_POINT('Ctrl Pts',(0.95512850094925,0.0671068648198044,-0.0175495801994182));
#3881=CARTESIAN_POINT('Ctrl Pts',(0.953825055298474,0.0600071072059594,
-0.0352719762441771));
#3882=CARTESIAN_POINT('Ctrl Pts',(0.952521609647698,0.0475902082586381,
-0.0476684852522297));
#3883=CARTESIAN_POINT('Ctrl Pts',(0.950875927070123,0.0319130879637163,
-0.0633198619591529));
#3884=CARTESIAN_POINT('Ctrl Pts',(0.949230244492549,0.00776009365777584,
-0.0704814234272314));
#3885=CARTESIAN_POINT('Ctrl Pts',(0.947584561914974,-0.0139146793253207,
-0.0659051902934522));
#3886=CARTESIAN_POINT('Ctrl Pts',(0.945938879337399,-0.035589452308417,
-0.0613289571596731));
#3887=CARTESIAN_POINT('Ctrl Pts',(0.944293196759825,-0.0547860039686696,
-0.0450149294240363));
#3888=CARTESIAN_POINT('Ctrl Pts',(0.94264751418225,-0.0627981319071442,
-0.0243619998628105));
#3889=CARTESIAN_POINT('Ctrl Pts',(0.941001831604676,-0.0708102598456188,
-0.00370907030158445));
#3890=CARTESIAN_POINT('Ctrl Pts',(0.939356149027101,-0.0676379640623154,
0.0212827610852305));
#3891=CARTESIAN_POINT('Ctrl Pts',(0.937710466449526,-0.0547199742649196,
0.0392789616052811));
#3892=CARTESIAN_POINT('Ctrl Pts',(0.936064783871952,-0.0418019844675239,
0.0572751621253317));
#3893=CARTESIAN_POINT('Ctrl Pts',(0.934419101294378,-0.0191383006560357,
0.0682757317786175));
#3894=CARTESIAN_POINT('Ctrl Pts',(0.932773418716803,0.00299242807358226,
0.0672915877548397));
#3895=CARTESIAN_POINT('Ctrl Pts',(0.931127736139229,0.0251231568032001,
0.066307443731062));
#3896=CARTESIAN_POINT('Ctrl Pts',(0.929482053561654,0.0467209304509477,
0.0533385860302207));
#3897=CARTESIAN_POINT('Ctrl Pts',(0.92783637098408,0.0579905216201772,0.0342667741487613));
#3898=CARTESIAN_POINT('Ctrl Pts',(0.926951562856062,0.0640496644961169,
0.0240127346403601));
#3899=CARTESIAN_POINT('Ctrl Pts',(0.926066754728044,0.0671232187524477,
0.0119945018108643));
#3900=CARTESIAN_POINT('Ctrl Pts',(0.925181946600027,0.0671448264581254,
-1.34076957970185E-5));
#3901=CARTESIAN_POINT('Origin',(1.00010265260602,-2.77616583908713E-16,
1.39003291564946E-16));
#3902=CARTESIAN_POINT('',(0.893931946600027,0.0673141590369067,-4.62473492818197E-5));
#3903=CARTESIAN_POINT('',(0.903148358612021,0.0672224418697157,5.85630261224266E-5));
#3904=CARTESIAN_POINT('',(1.00010265260602,0.0672499999999997,1.47239041289212E-16));
#3905=CARTESIAN_POINT('Ctrl Pts',(0.903148358612021,0.0672224418697157,
5.85630261224266E-5));
#3906=CARTESIAN_POINT('Ctrl Pts',(0.903602009513135,0.0672747539952176,
0.00619725034083937));
#3907=CARTESIAN_POINT('Ctrl Pts',(0.904055660414248,0.0665022324147412,
0.0123230130059367));
#3908=CARTESIAN_POINT('Ctrl Pts',(0.904509311315361,0.0648520195112273,
0.0182024284694204));
#3909=CARTESIAN_POINT('Ctrl Pts',(0.906154993892936,0.0588656396364431,
0.0395308366591442));
#3910=CARTESIAN_POINT('Ctrl Pts',(0.907800676470511,0.0413290361579059,
0.0576173701850628));
#3911=CARTESIAN_POINT('Ctrl Pts',(0.909446359048085,0.0201955760123293,
0.0642592526131624));
#3912=CARTESIAN_POINT('Ctrl Pts',(0.911092041625659,-0.000937884133247305,
0.070901135041262));
#3913=CARTESIAN_POINT('Ctrl Pts',(0.912737724203234,-0.0256682009458634,
0.0660983663715426));
#3914=CARTESIAN_POINT('Ctrl Pts',(0.914383406780808,-0.0427794463061773,
0.0520291438581021));
#3915=CARTESIAN_POINT('Ctrl Pts',(0.916029089358383,-0.0598906916664913,
0.0379599213446614));
#3916=CARTESIAN_POINT('Ctrl Pts',(0.917674771935958,-0.0693828655745032,
0.0146242449874994));
#3917=CARTESIAN_POINT('Ctrl Pts',(0.919320454513533,-0.0669509871820102,
-0.0073944676769006));
#3918=CARTESIAN_POINT('Ctrl Pts',(0.920966137091107,-0.0645191087895173,
-0.0294131803413004));
#3919=CARTESIAN_POINT('Ctrl Pts',(0.922611819668682,-0.0501631780965198,
-0.0501149293129382));
#3920=CARTESIAN_POINT('Ctrl Pts',(0.924257502246256,-0.0303940331144631,
-0.0601108608148949));
#3921=CARTESIAN_POINT('Ctrl Pts',(0.92590318482383,-0.0106248881324064,
-0.0701067923168516));
#3922=CARTESIAN_POINT('Ctrl Pts',(0.927548867401405,0.0145574711387096,
-0.0693969063491272));
#3923=CARTESIAN_POINT('Ctrl Pts',(0.929194549978979,0.0337321019911905,
-0.0583031571368684));
#3924=CARTESIAN_POINT('Ctrl Pts',(0.930840232556554,0.0529067328436715,
-0.0472094079246096));
#3925=CARTESIAN_POINT('Ctrl Pts',(0.932485915134129,0.0660736352775173,
-0.0257317954678161));
#3926=CARTESIAN_POINT('Ctrl Pts',(0.934131597711704,0.0672612306683533,
-0.00361105051876351));
#3927=CARTESIAN_POINT('Ctrl Pts',(0.934220518011809,0.0673253993847246,
-0.00241581195560405));
#3928=CARTESIAN_POINT('Ctrl Pts',(0.934309438311915,0.067354594416166,-0.00121869576187117));
#3929=CARTESIAN_POINT('Ctrl Pts',(0.934398358612021,0.067349587839322,-2.13305446550524E-5));
#3930=CARTESIAN_POINT('Ctrl Pts',(0.925181946600027,0.0671448264581254,
-1.34076957970185E-5));
#3931=CARTESIAN_POINT('Ctrl Pts',(0.924421072150469,0.0671634076065609,
-0.0103393882636769));
#3932=CARTESIAN_POINT('Ctrl Pts',(0.923660197700912,0.0649251282439037,
-0.020657734916853));
#3933=CARTESIAN_POINT('Ctrl Pts',(0.922899323251355,0.0603877910833083,
-0.0298400250740665));
#3934=CARTESIAN_POINT('Ctrl Pts',(0.921253640673781,0.0505740606864984,
-0.0497002463533571));
#3935=CARTESIAN_POINT('Ctrl Pts',(0.919607958096206,0.0300051912021673,
-0.0642459228498603));
#3936=CARTESIAN_POINT('Ctrl Pts',(0.917962275518632,0.00800977164031735,
-0.0668801612334632));
#3937=CARTESIAN_POINT('Ctrl Pts',(0.916316592941057,-0.0139856479215325,
-0.0695143996170662));
#3938=CARTESIAN_POINT('Ctrl Pts',(0.914670910363482,-0.0374076175609012,
-0.0602371998877691));
#3939=CARTESIAN_POINT('Ctrl Pts',(0.913025227785908,-0.0516335831924948,
-0.0432560457629314));
#3940=CARTESIAN_POINT('Ctrl Pts',(0.911379545208333,-0.0658595488240884,
-0.0262748916380938));
#3941=CARTESIAN_POINT('Ctrl Pts',(0.909733862630759,-0.0708895104479069,
-0.00158978311771539));
#3942=CARTESIAN_POINT('Ctrl Pts',(0.908088180053184,-0.06444223210394,0.0196038549730028));
#3943=CARTESIAN_POINT('Ctrl Pts',(0.906442497475609,-0.0579949537599731,
0.040797493063721));
#3944=CARTESIAN_POINT('Ctrl Pts',(0.904796814898035,-0.0400704354482212,
0.0584996607247789));
#3945=CARTESIAN_POINT('Ctrl Pts',(0.903151132320461,-0.0187979749241815,
0.0646819027789278));
#3946=CARTESIAN_POINT('Ctrl Pts',(0.901505449742886,0.00247448559985831,
0.0708641448330767));
#3947=CARTESIAN_POINT('Ctrl Pts',(0.899859767165311,0.0270948883361859,
0.0655264612803159));
#3948=CARTESIAN_POINT('Ctrl Pts',(0.898214084587736,0.0438971544410379,
0.0510896490525102));
#3949=CARTESIAN_POINT('Ctrl Pts',(0.8967867052585,0.0584705646777473,0.0385679102707753));
#3950=CARTESIAN_POINT('Ctrl Pts',(0.895359325929264,0.0671624502912068,
0.0192009663110008));
#3951=CARTESIAN_POINT('Ctrl Pts',(0.893931946600027,0.0673141590369067,
-4.62473492818197E-5));
#3952=CARTESIAN_POINT('Origin',(1.00010265260602,-2.77616583908713E-16,
1.39003291564946E-16));
#3953=CARTESIAN_POINT('',(0.862681946600027,0.0672739495738044,5.76366994234542E-5));
#3954=CARTESIAN_POINT('',(0.871898358612021,0.0671616714478461,-3.5427415396203E-5));
#3955=CARTESIAN_POINT('',(1.00010265260602,0.0672499999999997,1.47239041289212E-16));
#3956=CARTESIAN_POINT('Ctrl Pts',(0.871898358612021,0.0671616714478461,
-3.5427415396203E-5));
#3957=CARTESIAN_POINT('Ctrl Pts',(0.872894580714354,0.0670964250975132,
0.0134760161304974));
#3958=CARTESIAN_POINT('Ctrl Pts',(0.873890802816686,0.0631405111363625,
0.0270226165071645));
#3959=CARTESIAN_POINT('Ctrl Pts',(0.874887024919018,0.0555585143946205,
0.0380836489194646));
#3960=CARTESIAN_POINT('Ctrl Pts',(0.876532707496593,0.0430336367474576,
0.0563556269134215));
#3961=CARTESIAN_POINT('Ctrl Pts',(0.878178390074168,0.0206137200694305,
0.0678448606873839));
#3962=CARTESIAN_POINT('Ctrl Pts',(0.879824072651743,-0.00153314212980936,
0.0673406438352747));
#3963=CARTESIAN_POINT('Ctrl Pts',(0.881469755229317,-0.0236800043290488,
0.0668364269831657));
#3964=CARTESIAN_POINT('Ctrl Pts',(0.883115437806891,-0.0455538120495013,
0.0543387595049853));
#3965=CARTESIAN_POINT('Ctrl Pts',(0.884761120384465,-0.0572341483000628,
0.03551570223476));
#3966=CARTESIAN_POINT('Ctrl Pts',(0.88640680296204,-0.0689144845506245,
0.0166926449645344));
#3967=CARTESIAN_POINT('Ctrl Pts',(0.888052485539615,-0.070401349331295,
-0.00845580209773651));
#3968=CARTESIAN_POINT('Ctrl Pts',(0.88969816811719,-0.0610204056078208,
-0.0285240764322709));
#3969=CARTESIAN_POINT('Ctrl Pts',(0.891343850694765,-0.0516394618843467,
-0.0485923507668051));
#3970=CARTESIAN_POINT('Ctrl Pts',(0.892989533272339,-0.0313907096567279,
-0.0635804523736028));
#3971=CARTESIAN_POINT('Ctrl Pts',(0.894635215849914,-0.00945755531672147,
-0.0666908350848285));
#3972=CARTESIAN_POINT('Ctrl Pts',(0.896280898427488,0.0124755990232852,
-0.0698012177960542));
#3973=CARTESIAN_POINT('Ctrl Pts',(0.897926581005062,0.0360931554756795,
-0.0610338816117079));
#3974=CARTESIAN_POINT('Ctrl Pts',(0.899572263582637,0.0506838555663611,
-0.0443650720927701));
#3975=CARTESIAN_POINT('Ctrl Pts',(0.900764295259098,0.0612524651675358,
-0.032291207286618));
#3976=CARTESIAN_POINT('Ctrl Pts',(0.90195632693556,0.0670849843875232,-0.0160717030288523));
#3977=CARTESIAN_POINT('Ctrl Pts',(0.903148358612021,0.0672224418697157,
5.85630261224266E-5));
#3978=CARTESIAN_POINT('Ctrl Pts',(0.893931946600027,0.0673141590369067,
-4.62473492818197E-5));
#3979=CARTESIAN_POINT('Ctrl Pts',(0.893713643351689,0.0673373613569272,
-0.00298991423406169));
#3980=CARTESIAN_POINT('Ctrl Pts',(0.893495340103351,0.0671608037112541,
-0.00593078055383109));
#3981=CARTESIAN_POINT('Ctrl Pts',(0.893277036855013,0.0667749751494337,
-0.00884393024204687));
#3982=CARTESIAN_POINT('Ctrl Pts',(0.891631354277438,0.0638664002796012,
-0.0308047564059478));
#3983=CARTESIAN_POINT('Ctrl Pts',(0.889985671699863,0.0490651210665594,
-0.0511904678308992));
#3984=CARTESIAN_POINT('Ctrl Pts',(0.888339989122289,0.0290839542113902,
-0.0607555430873731));
#3985=CARTESIAN_POINT('Ctrl Pts',(0.886694306544714,0.00910278735622078,
-0.0703206183438471));
#3986=CARTESIAN_POINT('Ctrl Pts',(0.885048623967141,-0.0160582671410762,
-0.0690650574318434));
#3987=CARTESIAN_POINT('Ctrl Pts',(0.883402941389566,-0.034987928915763,
-0.0575582942625603));
#3988=CARTESIAN_POINT('Ctrl Pts',(0.881757258811992,-0.0539175906904495,
-0.0460515310932773));
#3989=CARTESIAN_POINT('Ctrl Pts',(0.880111576234416,-0.0666158597425261,
-0.0242935656667151));
#3990=CARTESIAN_POINT('Ctrl Pts',(0.878465893656841,-0.0673236965097739,
-0.00215227706927534));
#3991=CARTESIAN_POINT('Ctrl Pts',(0.876820211079266,-0.0680315332770216,
0.0199890115281652));
#3992=CARTESIAN_POINT('Ctrl Pts',(0.875174528501693,-0.05674893775944,0.0425136232964834));
#3993=CARTESIAN_POINT('Ctrl Pts',(0.873528845924118,-0.0385928998140121,
0.0552059823999811));
#3994=CARTESIAN_POINT('Ctrl Pts',(0.871883163346544,-0.0204368618685848,
0.0678983415034784));
#3995=CARTESIAN_POINT('Ctrl Pts',(0.870237480768968,0.00459261850468826,
0.0707584479421557));
#3996=CARTESIAN_POINT('Ctrl Pts',(0.868591798191394,0.0251439336849105,
0.0624891591101941));
#3997=CARTESIAN_POINT('Ctrl Pts',(0.866946115613819,0.0456952488651331,
0.0542198702782323));
#3998=CARTESIAN_POINT('Ctrl Pts',(0.865300433036245,0.0617683988523046,
0.0348211861756313));
#3999=CARTESIAN_POINT('Ctrl Pts',(0.863654750458671,0.0660737360391846,
0.0130909821764626));
#4000=CARTESIAN_POINT('Ctrl Pts',(0.863330482505789,0.0669220666316557,
0.00880922768594117));
#4001=CARTESIAN_POINT('Ctrl Pts',(0.863006214552908,0.0673135072080215,
0.00443695100738277));
#4002=CARTESIAN_POINT('Ctrl Pts',(0.862681946600027,0.0672739495738044,
5.76366994234542E-5));
#4003=CARTESIAN_POINT('Origin',(1.00010265260602,-2.77616583908713E-16,
1.39003291564946E-16));
#4004=CARTESIAN_POINT('',(0.831431946600026,0.0671435747944684,-9.55989356463106E-6));
#4005=CARTESIAN_POINT('',(0.840648358612022,0.0673460500523295,-2.5350402042041E-5));
#4006=CARTESIAN_POINT('',(1.00010265260602,0.0672499999999997,1.47239041289212E-16));
#4007=CARTESIAN_POINT('Ctrl Pts',(0.840648358612022,0.0673460500523295,
-2.5350402042041E-5));
#4008=CARTESIAN_POINT('Ctrl Pts',(0.842187151915573,0.0672453518424046,
0.0206983246244355));
#4009=CARTESIAN_POINT('Ctrl Pts',(0.843725945219124,0.056949233352492,0.041508523471182));
#4010=CARTESIAN_POINT('Ctrl Pts',(0.845264738522676,0.0403672569958749,
0.0539221419520421));
#4011=CARTESIAN_POINT('Ctrl Pts',(0.84691042110025,0.0226334460097883,0.0671980482166845));
#4012=CARTESIAN_POINT('Ctrl Pts',(0.848556103677825,-0.00228982253175776,
0.0708703555085756));
#4013=CARTESIAN_POINT('Ctrl Pts',(0.8502017862554,-0.023099111266966,0.0632735639779142));
#4014=CARTESIAN_POINT('Ctrl Pts',(0.851847468832974,-0.043908400002174,
0.0556767724472529));
#4015=CARTESIAN_POINT('Ctrl Pts',(0.853493151410548,-0.0606037089310443,
0.0368108820940394));
#4016=CARTESIAN_POINT('Ctrl Pts',(0.855138833988123,-0.0656132229798394,
0.0152321307520107));
#4017=CARTESIAN_POINT('Ctrl Pts',(0.856784516565698,-0.0706227370286345,
-0.0063466205900181));
#4018=CARTESIAN_POINT('Ctrl Pts',(0.858430199143273,-0.0639464561973543,
-0.030638232920862));
#4019=CARTESIAN_POINT('Ctrl Pts',(0.860075881720847,-0.0486122707820226,
-0.0466257435908194));
#4020=CARTESIAN_POINT('Ctrl Pts',(0.861721564298422,-0.0332780853666907,
-0.0626132542607768));
#4021=CARTESIAN_POINT('Ctrl Pts',(0.863367246875996,-0.00928599536730714,
-0.0702966632698476));
#4022=CARTESIAN_POINT('Ctrl Pts',(0.86501292945357,0.0124828787394355,-0.0661913179782956));
#4023=CARTESIAN_POINT('Ctrl Pts',(0.866658612031145,0.0342517528461778,
-0.0620859726867436));
#4024=CARTESIAN_POINT('Ctrl Pts',(0.86830429460872,0.0537974110602792,-0.0461918730945691));
#4025=CARTESIAN_POINT('Ctrl Pts',(0.869949977186295,0.0622553208591806,
-0.0257174621915065));
#4026=CARTESIAN_POINT('Ctrl Pts',(0.870599437661537,0.0655931930542222,
-0.0176373373748448));
#4027=CARTESIAN_POINT('Ctrl Pts',(0.871248898136779,0.0672042070687642,
-0.00884385329350153));
#4028=CARTESIAN_POINT('Ctrl Pts',(0.871898358612021,0.0671616714478461,
-3.5427415396203E-5));
#4029=CARTESIAN_POINT('Ctrl Pts',(0.862681946600027,0.0672739495738044,
5.76366994234542E-5));
#4030=CARTESIAN_POINT('Ctrl Pts',(0.861360531975333,0.0671127494431462,
-0.0177883758998695));
#4031=CARTESIAN_POINT('Ctrl Pts',(0.860039117350639,0.059794308570888,-0.035751256752059));
#4032=CARTESIAN_POINT('Ctrl Pts',(0.858717702725946,0.04707076199267,-0.0481814879046289));
#4033=CARTESIAN_POINT('Ctrl Pts',(0.857072020148371,0.0312249263726867,
-0.0636620300908157));
#4034=CARTESIAN_POINT('Ctrl Pts',(0.855426337570797,0.0069957307461314,
-0.0705613905674532));
#4035=CARTESIAN_POINT('Ctrl Pts',(0.853780654993223,-0.014628169987437,
-0.0657505060386261));
#4036=CARTESIAN_POINT('Ctrl Pts',(0.852134972415649,-0.0362520707210055,
-0.0609396215097991));
#4037=CARTESIAN_POINT('Ctrl Pts',(0.850489289838074,-0.0552706765615871,
-0.0444184919755075));
#4038=CARTESIAN_POINT('Ctrl Pts',(0.848843607260499,-0.0630584888250424,
-0.023679936632987));
#4039=CARTESIAN_POINT('Ctrl Pts',(0.847197924682924,-0.0708463010884978,
-0.00294138129046653));
#4040=CARTESIAN_POINT('Ctrl Pts',(0.84555224210535,-0.0674033197748268,
0.0220145998602828));
#4041=CARTESIAN_POINT('Ctrl Pts',(0.843906559527775,-0.05429103839287,0.0398697325862134));
#4042=CARTESIAN_POINT('Ctrl Pts',(0.842260876950201,-0.0411787570109131,
0.0577248653121441));
#4043=CARTESIAN_POINT('Ctrl Pts',(0.840615194372626,-0.0183971755606702,
0.068479149613256));
#4044=CARTESIAN_POINT('Ctrl Pts',(0.838969511795052,0.00372158666855737,
0.0672552016600699));
#4045=CARTESIAN_POINT('Ctrl Pts',(0.837323829217477,0.0258403488977848,
0.0660312537068839));
#4046=CARTESIAN_POINT('Ctrl Pts',(0.835678146639902,0.047296291905997,0.0528290734994001));
#4047=CARTESIAN_POINT('Ctrl Pts',(0.834032464062328,0.0583585129380383,
0.033636236653068));
#4048=CARTESIAN_POINT('Ctrl Pts',(0.833165624908227,0.0641853755739781,
0.023526691420365));
#4049=CARTESIAN_POINT('Ctrl Pts',(0.832298785754127,0.0671284989362608,
0.0117550378626513));
#4050=CARTESIAN_POINT('Ctrl Pts',(0.831431946600026,0.0671435747944684,
-9.55989356463106E-6));
#4051=CARTESIAN_POINT('Origin',(1.00010265260602,-2.77616583908713E-16,
1.39003291564946E-16));
#4052=CARTESIAN_POINT('',(0.800181946600027,0.0673078080544922,-4.89074588247877E-5));
#4053=CARTESIAN_POINT('',(0.809398358612022,0.0672293636457779,5.9285045455082E-5));
#4054=CARTESIAN_POINT('',(1.00010265260602,0.0672499999999997,1.47239041289212E-16));
#4055=CARTESIAN_POINT('Ctrl Pts',(0.809398358612022,0.0672293636457779,
5.9285045455082E-5));
#4056=CARTESIAN_POINT('Ctrl Pts',(0.809834040539218,0.0672806547887147,
0.00595327847338554));
#4057=CARTESIAN_POINT('Ctrl Pts',(0.810269722466414,0.0665690529370839,
0.0118350906137183));
#4058=CARTESIAN_POINT('Ctrl Pts',(0.81070540439361,0.0650454974349215,0.0174984709940885));
#4059=CARTESIAN_POINT('Ctrl Pts',(0.812351086971185,0.0592906368603439,
0.0388905137674371));
#4060=CARTESIAN_POINT('Ctrl Pts',(0.813996769548758,0.0419510896304432,
0.0571660442951907));
#4061=CARTESIAN_POINT('Ctrl Pts',(0.815642452126333,0.0208908575330469,
0.0640365875369555));
#4062=CARTESIAN_POINT('Ctrl Pts',(0.817288134703907,-0.000169374564349381,
0.0709071307787203));
#4063=CARTESIAN_POINT('Ctrl Pts',(0.818933817281483,-0.0249502915292413,
0.0663726867344963));
#4064=CARTESIAN_POINT('Ctrl Pts',(0.820579499859057,-0.0422130195273035,
0.0524897506387641));
#4065=CARTESIAN_POINT('Ctrl Pts',(0.822225182436632,-0.0594757475253656,
0.038606814543032));
#4066=CARTESIAN_POINT('Ctrl Pts',(0.823870865014206,-0.069220286556598,
0.0153753863957917));
#4067=CARTESIAN_POINT('Ctrl Pts',(0.825516547591781,-0.0670271992149965,
-0.00666839128778019));
#4068=CARTESIAN_POINT('Ctrl Pts',(0.827162230169355,-0.0648341118733949,
-0.0287121689713522));
#4069=CARTESIAN_POINT('Ctrl Pts',(0.82880791274693,-0.0507033981589594,
-0.0495682961912556));
#4070=CARTESIAN_POINT('Ctrl Pts',(0.830453595324505,-0.0310437543355025,
-0.059777906479747));
#4071=CARTESIAN_POINT('Ctrl Pts',(0.832099277902079,-0.0113841105120457,
-0.0699875167682385));
#4072=CARTESIAN_POINT('Ctrl Pts',(0.833744960479653,0.0138044634204326,
-0.0695506101253177));
#4073=CARTESIAN_POINT('Ctrl Pts',(0.835390643057228,0.0330982066350559,
-0.0586653353546889));
#4074=CARTESIAN_POINT('Ctrl Pts',(0.837036325634803,0.0523919498496791,
-0.0477800605840602));
#4075=CARTESIAN_POINT('Ctrl Pts',(0.838682008212378,0.0657908623464476,
-0.0264464176857237));
#4076=CARTESIAN_POINT('Ctrl Pts',(0.840327690789953,0.0672181418795181,
-0.0043398436178587));
#4077=CARTESIAN_POINT('Ctrl Pts',(0.840434580063975,0.0673108455850789,
-0.00290399220553251));
#4078=CARTESIAN_POINT('Ctrl Pts',(0.840541469337999,0.067353044856979,-0.00146488004748399));
#4079=CARTESIAN_POINT('Ctrl Pts',(0.840648358612022,0.0673460500523295,
-2.5350402042041E-5));
#4080=CARTESIAN_POINT('Ctrl Pts',(0.831431946600026,0.0671435747944684,
-9.55989356463106E-6));
#4081=CARTESIAN_POINT('Ctrl Pts',(0.830653103176552,0.0671571202520802,
-0.0105798941348197));
#4082=CARTESIAN_POINT('Ctrl Pts',(0.829874259753078,0.064806916518725,-0.0211445323806857));
#4083=CARTESIAN_POINT('Ctrl Pts',(0.829095416329604,0.0600608255595191,
-0.0304927818452482));
#4084=CARTESIAN_POINT('Ctrl Pts',(0.827449733752029,0.0500324180930879,
-0.050245470012052));
#4085=CARTESIAN_POINT('Ctrl Pts',(0.825804051174454,0.0293071041043548,
-0.0645673528604791));
#4086=CARTESIAN_POINT('Ctrl Pts',(0.82415836859688,0.00728442577497755,
-0.0669630434158463));
#4087=CARTESIAN_POINT('Ctrl Pts',(0.822512686019305,-0.0147382525543997,
-0.0693587339712136));
#4088=CARTESIAN_POINT('Ctrl Pts',(0.820867003441732,-0.0380582952244215,
-0.0598282322335208));
#4089=CARTESIAN_POINT('Ctrl Pts',(0.819221320864157,-0.0520993769123419,
-0.0426938838848655));
#4090=CARTESIAN_POINT('Ctrl Pts',(0.817575638286582,-0.0661404586002622,
-0.0255595355362103));
#4091=CARTESIAN_POINT('Ctrl Pts',(0.815929955709007,-0.0709025793060817,
-0.000821340576592739));
#4092=CARTESIAN_POINT('Ctrl Pts',(0.814284273131432,-0.0642259732164573,
0.0203011653201022));
#4093=CARTESIAN_POINT('Ctrl Pts',(0.812638590553857,-0.0575493671268329,
0.0414236712167972));
#4094=CARTESIAN_POINT('Ctrl Pts',(0.810992907976284,-0.0394340342417646,
0.0589304880505694));
#4095=CARTESIAN_POINT('Ctrl Pts',(0.809347225398709,-0.0180958193020737,
0.0648818245689569));
#4096=CARTESIAN_POINT('Ctrl Pts',(0.807701542821135,0.00324239563761739,
0.0708331610873445));
#4097=CARTESIAN_POINT('Ctrl Pts',(0.80605586024356,0.0278034926319311,0.0652290172903472));
#4098=CARTESIAN_POINT('Ctrl Pts',(0.804410177665985,0.0444483031135902,
0.0506109095746176));
#4099=CARTESIAN_POINT('Ctrl Pts',(0.803000767310665,0.0587034022286071,
0.0380915375702723));
#4100=CARTESIAN_POINT('Ctrl Pts',(0.801591356955346,0.0671521370860294,
0.0189606870863004));
#4101=CARTESIAN_POINT('Ctrl Pts',(0.800181946600027,0.0673078080544922,
-4.89074588247877E-5));
#4102=CARTESIAN_POINT('Origin',(1.00010265260602,-2.77616583908713E-16,
1.39003291564946E-16));
#4103=CARTESIAN_POINT('',(0.768931946600027,0.06728120232079,5.54683095446783E-5));
#4104=CARTESIAN_POINT('',(0.778148358612021,0.0671577836202712,-3.26480427883286E-5));
#4105=CARTESIAN_POINT('',(1.00010265260602,0.0672499999999997,1.47239041289212E-16));
#4106=CARTESIAN_POINT('',(0.750102652606024,-0.0537693012839265,0.040390899215521));
#4107=CARTESIAN_POINT('Ctrl Pts',(0.768931946600027,0.06728120232079,5.54683095446783E-5));
#4108=CARTESIAN_POINT('Ctrl Pts',(0.767592563001416,0.0671189075657413,
-0.0180232810281237));
#4109=CARTESIAN_POINT('Ctrl Pts',(0.766253179402806,0.0595768722629543,
-0.0362179353834475));
#4110=CARTESIAN_POINT('Ctrl Pts',(0.764913795804195,0.0465450899925269,
-0.0486819358840761));
#4111=CARTESIAN_POINT('Ctrl Pts',(0.763268113226621,0.0305331147380612,
-0.063996285329631));
#4112=CARTESIAN_POINT('Ctrl Pts',(0.761622430649046,0.00623343003150371,
-0.0706592352847939));
#4113=CARTESIAN_POINT('Ctrl Pts',(0.759976748071472,-0.0153388460520428,
-0.065600700130237));
#4114=CARTESIAN_POINT('Ctrl Pts',(0.758331065493897,-0.0369111221355894,
-0.0605421649756801));
#4115=CARTESIAN_POINT('Ctrl Pts',(0.756685382916322,-0.055755989596125,
-0.0437621447114033));
#4116=CARTESIAN_POINT('Ctrl Pts',(0.755039700338748,-0.0633117111177916,
-0.0229767305800953));
#4117=CARTESIAN_POINT('Ctrl Pts',(0.753394017761173,-0.0708674326394582,
-0.00219131644878731));
#4118=CARTESIAN_POINT('Ctrl Pts',(0.751748335183599,-0.067134008222256,
0.022599491549552));
#4119=CARTESIAN_POINT('Ctrl Pts',(0.750102652606024,-0.0537693012839261,
0.0403908992155215));
#4120=CARTESIAN_POINT('',(0.750102652606024,0.0537112610821904,0.0404164231704893));
#4121=CARTESIAN_POINT('Origin',(0.750102652606024,-2.77616583908713E-16,
7.65600310939035E-17));
#4122=CARTESIAN_POINT('Ctrl Pts',(0.750102652606024,0.0537112610821904,
0.0404164231704893));
#4123=CARTESIAN_POINT('Ctrl Pts',(0.750555378937658,0.0500758392722683,
0.0453526999365812));
#4124=CARTESIAN_POINT('Ctrl Pts',(0.751008105269292,0.0457911061858289,
0.0497849292240766));
#4125=CARTESIAN_POINT('Ctrl Pts',(0.751460831600925,0.0409535023284323,
0.053493386963818));
#4126=CARTESIAN_POINT('Ctrl Pts',(0.7531065141785,0.0233685733568821,0.0669738140243427));
#4127=CARTESIAN_POINT('Ctrl Pts',(0.754752196756073,-0.0015217600424712,
0.0708906248703107));
#4128=CARTESIAN_POINT('Ctrl Pts',(0.756397879333648,-0.0224141706051972,
0.0635136399834738));
#4129=CARTESIAN_POINT('Ctrl Pts',(0.758043561911222,-0.0433065811679231,
0.0561366550966369));
#4130=CARTESIAN_POINT('Ctrl Pts',(0.759689244488797,-0.0602010688940218,
0.0374658744769952));
#4131=CARTESIAN_POINT('Ctrl Pts',(0.761334927066372,-0.0654431304384131,
0.0159458293836809));
#4132=CARTESIAN_POINT('Ctrl Pts',(0.762980609643947,-0.0706851919828045,
-0.00557421570963339));
#4133=CARTESIAN_POINT('Ctrl Pts',(0.764626292221521,-0.0642748273454886,
-0.0299435252766203));
#4134=CARTESIAN_POINT('Ctrl Pts',(0.766271974799096,-0.0491153605248679,
-0.0460979211090952));
#4135=CARTESIAN_POINT('Ctrl Pts',(0.76791765737667,-0.0339558937042471,
-0.0622523169415702));
#4136=CARTESIAN_POINT('Ctrl Pts',(0.769563339954245,-0.0100473247003212,
-0.070191799039533));
#4137=CARTESIAN_POINT('Ctrl Pts',(0.771209022531819,0.0117650459349852,
-0.0663217911613038));
#4138=CARTESIAN_POINT('Ctrl Pts',(0.772854705109394,0.0335774165702915,
-0.0624517832830745));
#4139=CARTESIAN_POINT('Ctrl Pts',(0.774500387686969,0.0532935888369785,
-0.0467722854286535));
#4140=CARTESIAN_POINT('Ctrl Pts',(0.776146070264543,0.0619727667482553,
-0.0263911857839019));
#4141=CARTESIAN_POINT('Ctrl Pts',(0.776813499713703,0.0654927280162521,
-0.0181253474657941));
#4142=CARTESIAN_POINT('Ctrl Pts',(0.777480929162862,0.0671973015027106,
-0.00908617990885768));
#4143=CARTESIAN_POINT('Ctrl Pts',(0.778148358612021,0.0671577836202712,
-3.26480427883286E-5));
#4144=CARTESIAN_POINT('Origin',(0.68229103012948,-2.77616583908713E-16,
5.96225158728361E-17));
#4145=CARTESIAN_POINT('',(1.22416427508257,0.0821301570626072,-9.88990612208481E-6));
#4146=CARTESIAN_POINT('',(1.22916603012948,0.0819921917295235,7.82018242719434E-5));
#4147=CARTESIAN_POINT('',(0.68229103012948,0.0819999999999997,7.68585578454484E-15));
#4148=CARTESIAN_POINT('',(1.25010265260602,-0.039516478889326,-0.0718501767303981));
#4149=CARTESIAN_POINT('Ctrl Pts',(1.22916603012948,0.0819921917295235,7.8201824271934E-5));
#4150=CARTESIAN_POINT('Ctrl Pts',(1.22956217397803,0.0820507716064498,0.00660907816402942));
#4151=CARTESIAN_POINT('Ctrl Pts',(1.23160400040415,0.0783637814959298,0.0402031695159619));
#4152=CARTESIAN_POINT('Ctrl Pts',(1.23529150940785,0.0322050715193171,0.091214986109536));
#4153=CARTESIAN_POINT('Ctrl Pts',(1.24022855714058,-0.0588435545274219,
0.0768873853878452));
#4154=CARTESIAN_POINT('Ctrl Pts',(1.2451656048733,-0.0964460268025475,-0.00740765557346272));
#4155=CARTESIAN_POINT('Ctrl Pts',(1.24845697002845,-0.0632905610246389,
-0.0587748015877829));
#4156=CARTESIAN_POINT('Ctrl Pts',(1.25010265260602,-0.039516478889325,-0.0718501767303987));
#4157=CARTESIAN_POINT('',(1.25010265260602,0.0394391711738297,-0.0718494504092725));
#4158=CARTESIAN_POINT('Origin',(1.25010265260602,-2.77616583908713E-16,
2.01446552035989E-16));
#4159=CARTESIAN_POINT('Ctrl Pts',(1.22416427508257,0.0821301570626072,-9.88990612208678E-6));
#4160=CARTESIAN_POINT('Ctrl Pts',(1.22577494428179,0.0820821466319534,0.0264276310650675));
#4161=CARTESIAN_POINT('Ctrl Pts',(1.22903129605858,0.0539251815078415,0.0799619878393887));
#4162=CARTESIAN_POINT('Ctrl Pts',(1.23393333041295,-0.0370890127684856,
0.0893774918404955));
#4163=CARTESIAN_POINT('Ctrl Pts',(1.23887037814568,-0.0951146266894962,
0.0177582396518117));
#4164=CARTESIAN_POINT('Ctrl Pts',(1.2438074258784,-0.0668593440920149,-0.0699083270883251));
#4165=CARTESIAN_POINT('Ctrl Pts',(1.24755151736518,0.000550424905235672,
-0.0883919738875751));
#4166=CARTESIAN_POINT('Ctrl Pts',(1.24964992627439,0.0329237401107203,-0.0755136731497165));
#4167=CARTESIAN_POINT('Ctrl Pts',(1.25010265260602,0.0394391711738297,-0.0718494504092725));
#4168=CARTESIAN_POINT('Origin',(0.68229103012948,-2.77616583908713E-16,
5.96225158728361E-17));
#4169=CARTESIAN_POINT('',(1.19291427508257,0.0819423041739626,6.68848566891879E-5));
#4170=CARTESIAN_POINT('',(1.19791603012948,0.0818793558127674,-2.98970081714158E-5));
#4171=CARTESIAN_POINT('',(0.68229103012948,0.0819999999999997,7.68585578454484E-15));
#4172=CARTESIAN_POINT('Ctrl Pts',(1.19791603012948,0.0818793558127674,-2.98970081714223E-5));
#4173=CARTESIAN_POINT('Ctrl Pts',(1.19885474517925,0.0818278664994889,0.0155001900823024));
#4174=CARTESIAN_POINT('Ctrl Pts',(1.20143914280659,0.0701306972622038,0.0583282713604248));
#4175=CARTESIAN_POINT('Ctrl Pts',(1.20566922301151,0.00115397697179959,
0.0967520761249));
#4176=CARTESIAN_POINT('Ctrl Pts',(1.21060627074423,-0.0803981756224804,
0.0538399393484547));
#4177=CARTESIAN_POINT('Ctrl Pts',(1.21554331847696,-0.0890230503207925,
-0.0379123965654247));
#4178=CARTESIAN_POINT('Ctrl Pts',(1.22048036620968,-0.0169014416710894,
-0.0952678720307765));
#4179=CARTESIAN_POINT('Ctrl Pts',(1.22502127009385,0.0635384276659772,-0.0685556668468071));
#4180=CARTESIAN_POINT('Ctrl Pts',(1.22791649140046,0.0818074158577564,-0.020521847755894));
#4181=CARTESIAN_POINT('Ctrl Pts',(1.22916603012948,0.0819921917295235,7.8201824271934E-5));
#4182=CARTESIAN_POINT('Ctrl Pts',(1.19291427508257,0.0819423041739626,6.68848566891797E-5));
#4183=CARTESIAN_POINT('Ctrl Pts',(1.19342183290543,0.0820076519028617,0.00844767230856439));
#4184=CARTESIAN_POINT('Ctrl Pts',(1.19557507330587,0.0769842355414603,0.0439254901793587));
#4185=CARTESIAN_POINT('Ctrl Pts',(1.19937399628389,0.0259945516392573,0.0932023688948731));
#4186=CARTESIAN_POINT('Ctrl Pts',(1.20431104401661,-0.0638497629668637,
0.0727024511026628));
#4187=CARTESIAN_POINT('Ctrl Pts',(1.20924809174933,-0.0957786399410012,
-0.0137434944658514));
#4188=CARTESIAN_POINT('Ctrl Pts',(1.21418513948206,-0.0408305171161535,
-0.0877220944300213));
#4189=CARTESIAN_POINT('Ctrl Pts',(1.21912218721478,0.0511530562337335,-0.0821338617168565));
#4190=CARTESIAN_POINT('Ctrl Pts',(1.22244856574828,0.0818664717497697,-0.0281705901858349));
#4191=CARTESIAN_POINT('Ctrl Pts',(1.22412926170421,0.0821312007327626,-0.000584599427467135));
#4192=CARTESIAN_POINT('Ctrl Pts',(1.22416427508257,0.0821301570626072,-9.88990612208678E-6));
#4193=CARTESIAN_POINT('Origin',(0.68229103012948,-2.77616583908713E-16,
5.96225158728361E-17));
#4194=CARTESIAN_POINT('',(1.16166427508257,0.0819085401705532,-5.39433445156486E-5));
#4195=CARTESIAN_POINT('',(1.16666603012948,0.0820993262006558,-4.52555150305346E-5));
#4196=CARTESIAN_POINT('',(0.68229103012948,0.0819999999999997,7.68585578454484E-15));
#4197=CARTESIAN_POINT('Ctrl Pts',(1.16666603012948,0.0820993262006558,-4.5255515030534E-5));
#4198=CARTESIAN_POINT('Ctrl Pts',(1.16814731638047,0.0819370664324127,0.0242933714967435));
#4199=CARTESIAN_POINT('Ctrl Pts',(1.17127428520903,0.0576203373867659,0.0759535948784101));
#4200=CARTESIAN_POINT('Ctrl Pts',(1.17604693661517,-0.0300096116170457,
0.09198823555768));
#4201=CARTESIAN_POINT('Ctrl Pts',(1.18098398434789,-0.0934375434816004,
0.0251364840089673));
#4202=CARTESIAN_POINT('Ctrl Pts',(1.18592103208062,-0.0721120840110098,
-0.0645156239543822));
#4203=CARTESIAN_POINT('Ctrl Pts',(1.19085807981334,0.0146232370784265,-0.0956480961662973));
#4204=CARTESIAN_POINT('Ctrl Pts',(1.19485641249629,0.0741249171629992,-0.0505989054834086));
#4205=CARTESIAN_POINT('Ctrl Pts',(1.19720906260167,0.0819181335787421,-0.0117259567226352));
#4206=CARTESIAN_POINT('Ctrl Pts',(1.19791603012948,0.0818793558127674,-2.98970081714223E-5));
#4207=CARTESIAN_POINT('Ctrl Pts',(1.16166427508257,0.0819085401705532,-5.3943344515639E-5));
#4208=CARTESIAN_POINT('Ctrl Pts',(1.16271440410665,0.0818025057664389,0.0173038080863355));
#4209=CARTESIAN_POINT('Ctrl Pts',(1.16541021570831,0.067936176207712,0.0620181362658146));
#4210=CARTESIAN_POINT('Ctrl Pts',(1.16975170988754,-0.00534604163322257,
0.0966117752883473));
#4211=CARTESIAN_POINT('Ctrl Pts',(1.17468875762027,-0.0838317253437922,
0.0483182959520468));
#4212=CARTESIAN_POINT('Ctrl Pts',(1.17962580535299,-0.0862770900282435,
-0.0438027403035205));
#4213=CARTESIAN_POINT('Ctrl Pts',(1.18456285308571,-0.010464041982243,-0.0961920838013985));
#4214=CARTESIAN_POINT('Ctrl Pts',(1.18899234299557,0.0660706908345541,-0.0649136502251575));
#4215=CARTESIAN_POINT('Ctrl Pts',(1.19177615032786,0.0817957713759763,-0.0187258146807036));
#4216=CARTESIAN_POINT('Ctrl Pts',(1.19291427508257,0.0819423041739626,6.68848566891797E-5));
#4217=CARTESIAN_POINT('Origin',(0.68229103012948,-2.77616583908713E-16,
5.96225158728361E-17));
#4218=CARTESIAN_POINT('',(1.13041427508257,0.0821279712210309,-1.57607470354931E-5));
#4219=CARTESIAN_POINT('',(1.13541603012948,0.0820026976875496,7.28816915156209E-5));
#4220=CARTESIAN_POINT('',(0.68229103012948,0.0819999999999997,7.68585578454484E-15));
#4221=CARTESIAN_POINT('Ctrl Pts',(1.13541603012948,0.0820026976875496,7.28816915156299E-5));
#4222=CARTESIAN_POINT('Ctrl Pts',(1.13579420500411,0.0820591132979064,0.00630559389934718));
#4223=CARTESIAN_POINT('Ctrl Pts',(1.13781806245632,0.078573994434467,0.0395984195894592));
#4224=CARTESIAN_POINT('Ctrl Pts',(1.1414876024861,0.0331817600390287,0.0908921644759411));
#4225=CARTESIAN_POINT('Ctrl Pts',(1.14642465021883,-0.0579873666771534,
0.0774588923387213));
#4226=CARTESIAN_POINT('Ctrl Pts',(1.15136169795155,-0.0965585313086357,
-0.00623416375709005));
#4227=CARTESIAN_POINT('Ctrl Pts',(1.15629874568427,-0.0475454113294922,
-0.0842724671837327));
#4228=CARTESIAN_POINT('Ctrl Pts',(1.161235793417,0.0445942004872478,-0.0858706683517889));
#4229=CARTESIAN_POINT('Ctrl Pts',(1.16469155489873,0.080775430684723,-0.0324692368994872));
#4230=CARTESIAN_POINT('Ctrl Pts',(1.16650163380289,0.0821173341379023,-0.00274640856510989));
#4231=CARTESIAN_POINT('Ctrl Pts',(1.16666603012948,0.0820993262006558,-4.5255515030534E-5));
#4232=CARTESIAN_POINT('Ctrl Pts',(1.13041427508257,0.0821279712210309,-1.57607470354953E-5));
#4233=CARTESIAN_POINT('Ctrl Pts',(1.13200697530787,0.0820584440538641,0.0261292484644078));
#4234=CARTESIAN_POINT('Ctrl Pts',(1.13524535811075,0.0544559577047293,0.0794154070357495));
#4235=CARTESIAN_POINT('Ctrl Pts',(1.1401294234912,-0.0361191408579918,0.0897653790976931));
#4236=CARTESIAN_POINT('Ctrl Pts',(1.14506647122393,-0.0949146067847814,
0.0188051335270676));
#4237=CARTESIAN_POINT('Ctrl Pts',(1.15000351895665,-0.0676169251847334,
-0.0692124777418858));
#4238=CARTESIAN_POINT('Ctrl Pts',(1.15494056668937,0.0210132964597229,-0.0944502882621804));
#4239=CARTESIAN_POINT('Ctrl Pts',(1.15882748539801,0.0757854287558859,-0.0468706969847518));
#4240=CARTESIAN_POINT('Ctrl Pts',(1.16106872152908,0.0819686748442117,-0.00989794375606476));
#4241=CARTESIAN_POINT('Ctrl Pts',(1.16166427508257,0.0819085401705532,-5.3943344515639E-5));
#4242=CARTESIAN_POINT('Origin',(0.68229103012948,-2.77616583908713E-16,
5.96225158728361E-17));
#4243=CARTESIAN_POINT('',(1.09916427508257,0.0819500997213082,6.86900848272252E-5));
#4244=CARTESIAN_POINT('',(1.10416603012948,0.0818763354398564,-2.55118548362393E-5));
#4245=CARTESIAN_POINT('',(0.68229103012948,0.0819999999999997,7.68585578454484E-15));
#4246=CARTESIAN_POINT('Ctrl Pts',(1.10416603012948,0.0818763354398564,-2.5511854836234E-5));
#4247=CARTESIAN_POINT('Ctrl Pts',(1.10508677620533,0.0818334122571634,0.0152086663507187));
#4248=CARTESIAN_POINT('Ctrl Pts',(1.10765320485876,0.0704676024408964,0.0577309428767377));
#4249=CARTESIAN_POINT('Ctrl Pts',(1.11186531608976,0.00220235115109018,
0.0967345046634278));
#4250=CARTESIAN_POINT('Ctrl Pts',(1.11680236382248,-0.0798095334933085,
0.0547069749247997));
#4251=CARTESIAN_POINT('Ctrl Pts',(1.12173941155521,-0.0894294631447468,
-0.0369430083251654));
#4252=CARTESIAN_POINT('Ctrl Pts',(1.12667645928793,-0.0179315940948918,
-0.0950835037160403));
#4253=CARTESIAN_POINT('Ctrl Pts',(1.13123533214602,0.0631087047878331,-0.0691305432797502));
#4254=CARTESIAN_POINT('Ctrl Pts',(1.13414852242654,0.0818136126227027,-0.0208169533122598));
#4255=CARTESIAN_POINT('Ctrl Pts',(1.13541603012948,0.0820026976875496,7.28816915156299E-5));
#4256=CARTESIAN_POINT('Ctrl Pts',(1.09916427508257,0.0819500997213082,6.86900848272258E-5));
#4257=CARTESIAN_POINT('Ctrl Pts',(1.09965386393152,0.0820153051548257,0.00815082449077016));
#4258=CARTESIAN_POINT('Ctrl Pts',(1.10178913535804,0.077217153062766,0.043324188906849));
#4259=CARTESIAN_POINT('Ctrl Pts',(1.10557008936213,0.0270032013524066,0.092915244947577));
#4260=CARTESIAN_POINT('Ctrl Pts',(1.11050713709486,-0.0630580530588776,
0.0733900372748965));
#4261=CARTESIAN_POINT('Ctrl Pts',(1.11544418482758,-0.0959219334279833,
-0.0127042636251107));
#4262=CARTESIAN_POINT('Ctrl Pts',(1.12038123256031,-0.0417789615564758,
-0.0872750479725272));
#4263=CARTESIAN_POINT('Ctrl Pts',(1.12531828029303,0.0502599930701072,-0.0826822152745857));
#4264=CARTESIAN_POINT('Ctrl Pts',(1.12866262780045,0.0817252611112151,-0.0287677635199054));
#4265=CARTESIAN_POINT('Ctrl Pts',(1.1303612927303,0.0821302840937265,-0.000885493836908209));
#4266=CARTESIAN_POINT('Ctrl Pts',(1.13041427508257,0.0821279712210309,-1.57607470354953E-5));
#4267=CARTESIAN_POINT('Origin',(0.68229103012948,-2.77616583908713E-16,
5.96225158728361E-17));
#4268=CARTESIAN_POINT('',(1.06791427508257,0.0819027107155305,-5.05709994501182E-5));
#4269=CARTESIAN_POINT('',(1.07291603012948,0.082092702720513,-4.92401345674161E-5));
#4270=CARTESIAN_POINT('',(0.68229103012948,0.0819999999999997,7.68585578454484E-15));
#4271=CARTESIAN_POINT('Ctrl Pts',(1.07291603012948,0.082092702720513,-4.92401345674158E-5));
#4272=CARTESIAN_POINT('Ctrl Pts',(1.07437934740655,0.0819214296308435,0.023999248840526));
#4273=CARTESIAN_POINT('Ctrl Pts',(1.07748834726119,0.0581109195066973,0.0753885572017532));
#4274=CARTESIAN_POINT('Ctrl Pts',(1.08224302969342,-0.029010845911871,0.0923081012809322));
#4275=CARTESIAN_POINT('Ctrl Pts',(1.08718007742614,-0.0931596080232872,
0.0261476992399021));
#4276=CARTESIAN_POINT('Ctrl Pts',(1.09211712515886,-0.0728071099907355,
-0.0637302085151636));
#4277=CARTESIAN_POINT('Ctrl Pts',(1.09705417289159,0.013585731837026,-0.0958010575783187));
#4278=CARTESIAN_POINT('Ctrl Pts',(1.10107047454846,0.0738416991030336,-0.0511996643839809));
#4279=CARTESIAN_POINT('Ctrl Pts',(1.10344109362776,0.0819101304053961,-0.0120199282793009));
#4280=CARTESIAN_POINT('Ctrl Pts',(1.10416603012948,0.0818763354398564,-2.5511854836234E-5));
#4281=CARTESIAN_POINT('Ctrl Pts',(1.06791427508257,0.0819027107155305,-5.0570999450121E-5));
#4282=CARTESIAN_POINT('Ctrl Pts',(1.06894643513274,0.0818054490766768,0.0170132213838702));
#4283=CARTESIAN_POINT('Ctrl Pts',(1.07162427776048,0.0683026266964116,0.0614246305376819));
#4284=CARTESIAN_POINT('Ctrl Pts',(1.07594780296579,-0.00429860866019902,
0.0966640449726083));
#4285=CARTESIAN_POINT('Ctrl Pts',(1.08088485069851,-0.0833031078163883,
0.0492240576853304));
#4286=CARTESIAN_POINT('Ctrl Pts',(1.08582189843124,-0.0867467739703225,
-0.0428650537456533));
#4287=CARTESIAN_POINT('Ctrl Pts',(1.09075894616396,-0.0115059987718157,
-0.0960730327363052));
#4288=CARTESIAN_POINT('Ctrl Pts',(1.09520640504774,0.0656750842305671,-0.0655024046738026));
#4289=CARTESIAN_POINT('Ctrl Pts',(1.09800818135394,0.0817961264579789,-0.0190161091721927));
#4290=CARTESIAN_POINT('Ctrl Pts',(1.09916427508257,0.0819500997213082,6.86900848272258E-5));
#4291=CARTESIAN_POINT('Origin',(0.68229103012948,-2.77616583908713E-16,
5.96225158728361E-17));
#4292=CARTESIAN_POINT('',(1.03666427508257,0.0821250655406025,-2.09498161249965E-5));
#4293=CARTESIAN_POINT('',(1.04166603012948,0.0820115431426276,7.23558161943173E-5));
#4294=CARTESIAN_POINT('',(0.68229103012948,0.0819999999999997,7.68585578454484E-15));
#4295=CARTESIAN_POINT('Ctrl Pts',(1.04166603012948,0.0820115431426277,7.23558161943254E-5));
#4296=CARTESIAN_POINT('Ctrl Pts',(1.04202623603019,0.0820654584331709,0.00600727852375982));
#4297=CARTESIAN_POINT('Ctrl Pts',(1.04403212450849,0.0787790224709568,0.0389980451059757));
#4298=CARTESIAN_POINT('Ctrl Pts',(1.04768369556435,0.0341649382960139,0.0905271878157764));
#4299=CARTESIAN_POINT('Ctrl Pts',(1.05262074329707,-0.0571444289132165,
0.0780828341364859));
#4300=CARTESIAN_POINT('Ctrl Pts',(1.0575577910298,-0.0966204280368554,-0.00518725636326215));
#4301=CARTESIAN_POINT('Ctrl Pts',(1.06249483876252,-0.0484559991035913,
-0.0837521993351555));
#4302=CARTESIAN_POINT('Ctrl Pts',(1.06743188649524,0.0436608795305183,-0.0863489568045047));
#4303=CARTESIAN_POINT('Ctrl Pts',(1.0709056169509,0.0806099009793989,-0.0330671889317068));
#4304=CARTESIAN_POINT('Ctrl Pts',(1.07273366482898,0.082114047557313,-0.00304627296355283));
#4305=CARTESIAN_POINT('Ctrl Pts',(1.07291603012948,0.082092702720513,-4.92401345674158E-5));
#4306=CARTESIAN_POINT('Ctrl Pts',(1.03666427508257,0.0821250655406025,-2.09498161250018E-5));
#4307=CARTESIAN_POINT('Ctrl Pts',(1.03823900633395,0.0820359179008571,0.0258315399505364));
#4308=CARTESIAN_POINT('Ctrl Pts',(1.04145942016291,0.05498069371436,0.0788622140655262));
#4309=CARTESIAN_POINT('Ctrl Pts',(1.04632551656945,-0.0351441046542505,
0.0901515808787051));
#4310=CARTESIAN_POINT('Ctrl Pts',(1.05126256430217,-0.0947052138694848,
0.0198327530316338));
#4311=CARTESIAN_POINT('Ctrl Pts',(1.0561996120349,-0.0683631072598382,-0.0684755517879075));
#4312=CARTESIAN_POINT('Ctrl Pts',(1.06113665976762,0.019988370507499,-0.0946724916294784));
#4313=CARTESIAN_POINT('Ctrl Pts',(1.06504154745018,0.0755285503176591,-0.047472137633549));
#4314=CARTESIAN_POINT('Ctrl Pts',(1.06730075255516,0.0819605236549867,-0.010193398198097));
#4315=CARTESIAN_POINT('Ctrl Pts',(1.06791427508257,0.0819027107155305,-5.0570999450121E-5));
#4316=CARTESIAN_POINT('Origin',(0.68229103012948,-2.77616583908713E-16,
5.96225158728361E-17));
#4317=CARTESIAN_POINT('',(1.00541427508257,0.0819581411850568,7.02053906001991E-5));
#4318=CARTESIAN_POINT('',(1.01041603012948,0.0818737951906607,-2.097372173343E-5));
#4319=CARTESIAN_POINT('',(0.68229103012948,0.0819999999999997,7.68585578454484E-15));
#4320=CARTESIAN_POINT('Ctrl Pts',(1.01041603012948,0.0818737951906607,-2.0973721733429E-5));
#4321=CARTESIAN_POINT('Ctrl Pts',(1.01131880723141,0.0818392582286031,0.0149170585036765));
#4322=CARTESIAN_POINT('Ctrl Pts',(1.01386726691092,0.0707997746300446,0.0571333314115062));
#4323=CARTESIAN_POINT('Ctrl Pts',(1.01806140916801,0.00325067074040832,
0.0967049527291173));
#4324=CARTESIAN_POINT('Ctrl Pts',(1.02299845690073,-0.0792119086577779,
0.0555687706305915));
#4325=CARTESIAN_POINT('Ctrl Pts',(1.02793550463346,-0.089824614038391,-0.0359715645400295));
#4326=CARTESIAN_POINT('Ctrl Pts',(1.03287255236618,-0.0189610955570277,
-0.0948835686401002));
#4327=CARTESIAN_POINT('Ctrl Pts',(1.03744939419819,0.0626762456932298,-0.0697116547088631));
#4328=CARTESIAN_POINT('Ctrl Pts',(1.04038055345262,0.0818191341665898,-0.0211077656209684));
#4329=CARTESIAN_POINT('Ctrl Pts',(1.04166603012948,0.0820115431426277,7.23558161943254E-5));
#4330=CARTESIAN_POINT('Ctrl Pts',(1.00541427508257,0.0819581411850568,7.02053906001943E-5));
#4331=CARTESIAN_POINT('Ctrl Pts',(1.0058858949576,0.0820228210624734,0.00785377029152855));
#4332=CARTESIAN_POINT('Ctrl Pts',(1.0080031974102,0.0774461099349692,0.0427229864319412));
#4333=CARTESIAN_POINT('Ctrl Pts',(1.01176618244038,0.0280086694727703,0.0926171153796299));
#4334=CARTESIAN_POINT('Ctrl Pts',(1.01670323017311,-0.0622589173296484,
0.0740691760438754));
#4335=CARTESIAN_POINT('Ctrl Pts',(1.02164027790583,-0.0960539933391275,
-0.0116638754488167));
#4336=CARTESIAN_POINT('Ctrl Pts',(1.02657732563855,-0.042722430977628,-0.0868171038346731));
#4337=CARTESIAN_POINT('Ctrl Pts',(1.03151437337128,0.049360896560099,-0.0832220975322161));
#4338=CARTESIAN_POINT('Ctrl Pts',(1.03487668985262,0.0815808544393096,-0.0293640166006073));
#4339=CARTESIAN_POINT('Ctrl Pts',(1.03659332375638,0.0821290821899584,-0.00118576345186043));
#4340=CARTESIAN_POINT('Ctrl Pts',(1.03666427508257,0.0821250655406025,-2.09498161250018E-5));
#4341=CARTESIAN_POINT('Origin',(0.68229103012948,-2.77616583908713E-16,
5.96225158728361E-17));
#4342=CARTESIAN_POINT('',(0.974164275082569,0.0818972907535901,-4.69837417311118E-5));
#4343=CARTESIAN_POINT('',(0.97916603012948,0.0820856554104499,-5.29571613597708E-5));
#4344=CARTESIAN_POINT('',(0.68229103012948,0.0819999999999997,7.68585578454484E-15));
#4345=CARTESIAN_POINT('Ctrl Pts',(0.97916603012948,0.0820856554104499,-5.29571613597719E-5));
#4346=CARTESIAN_POINT('Ctrl Pts',(0.980611378432634,0.0819068305174889,
0.02370557960074));
#4347=CARTESIAN_POINT('Ctrl Pts',(0.983702409313362,0.0585960592520146,
0.074821806102405));
#4348=CARTESIAN_POINT('Ctrl Pts',(0.988439122771665,-0.0280086681500611,
0.0926171110058132));
#4349=CARTESIAN_POINT('Ctrl Pts',(0.993376170504388,-0.0928707363915543,
0.0271558661193834));
#4350=CARTESIAN_POINT('Ctrl Pts',(0.998313218237112,-0.0734935681000537,
-0.0629373513148288));
#4351=CARTESIAN_POINT('Ctrl Pts',(1.00325026596984,0.0125466019871031,-0.0959426783093975));
#4352=CARTESIAN_POINT('Ctrl Pts',(1.00728453660062,0.0735541712390676,-0.0518003707386281));
#4353=CARTESIAN_POINT('Ctrl Pts',(1.00967312465384,0.0819022160468937,-0.0123136491914162));
#4354=CARTESIAN_POINT('Ctrl Pts',(1.01041603012948,0.0818737951906607,-2.0973721733429E-5));
#4355=CARTESIAN_POINT('Ctrl Pts',(0.974164275082569,0.0818972907535901,
-4.69837417311091E-5));
#4356=CARTESIAN_POINT('Ctrl Pts',(0.975178466158818,0.0818088689178315,
0.0167225306538284));
#4357=CARTESIAN_POINT('Ctrl Pts',(0.977838339812642,0.068664228165848,0.0608304502782576));
#4358=CARTESIAN_POINT('Ctrl Pts',(0.98214389604404,-0.00325067089391363,
0.0967049572959838));
#4359=CARTESIAN_POINT('Ctrl Pts',(0.987080943776764,-0.0827647039221758,
0.0501240402556819));
#4360=CARTESIAN_POINT('Ctrl Pts',(0.992017991509488,-0.0872062680417346,
-0.041922338211409));
#4361=CARTESIAN_POINT('Ctrl Pts',(0.996955039242211,-0.0125466025796207,
-0.0959426828402646));
#4362=CARTESIAN_POINT('Ctrl Pts',(1.00142046709991,0.0652744377124016,-0.0660902443886285));
#4363=CARTESIAN_POINT('Ctrl Pts',(1.00424021238002,0.0817971254270269,-0.0193064021843665));
#4364=CARTESIAN_POINT('Ctrl Pts',(1.00541427508257,0.0819581411850568,7.02053906001943E-5));
#4365=CARTESIAN_POINT('Origin',(0.68229103012948,-2.77616583908713E-16,
5.96225158728361E-17));
#4366=CARTESIAN_POINT('',(0.942914275082569,0.0821214305252699,-2.60089912453377E-5));
#4367=CARTESIAN_POINT('',(0.94791603012948,0.0820203909452038,7.14879015879784E-5));
#4368=CARTESIAN_POINT('',(0.68229103012948,0.0819999999999997,7.68585578454484E-15));
#4369=CARTESIAN_POINT('Ctrl Pts',(0.94791603012948,0.0820203909452038,7.14879015879867E-5));
#4370=CARTESIAN_POINT('Ctrl Pts',(0.948258267056278,0.0820715697967781,
0.00570878194204332));
#4371=CARTESIAN_POINT('Ctrl Pts',(0.950246186560652,0.0789802925441889,
0.0383978482736566));
#4372=CARTESIAN_POINT('Ctrl Pts',(0.953879788642598,0.0351441029945862,
0.0901515766213175));
#4373=CARTESIAN_POINT('Ctrl Pts',(0.958816836375322,-0.0562947780431473,
0.0786976029347541));
#4374=CARTESIAN_POINT('Ctrl Pts',(0.963753884108046,-0.096670974457005,
-0.00413973913870276));
#4375=CARTESIAN_POINT('Ctrl Pts',(0.96869093184077,-0.0493608942290507,
-0.0832220936020707));
#4376=CARTESIAN_POINT('Ctrl Pts',(0.973627979573493,0.0427224289600654,
-0.0868170997347613));
#4377=CARTESIAN_POINT('Ctrl Pts',(0.977119679003063,0.0804408767375434,
-0.0336654012908637));
#4378=CARTESIAN_POINT('Ctrl Pts',(0.978965695855059,0.0821104416540851,
-0.00334603829145836));
#4379=CARTESIAN_POINT('Ctrl Pts',(0.97916603012948,0.0820856554104499,-5.29571613597719E-5));
#4380=CARTESIAN_POINT('Ctrl Pts',(0.942914275082569,0.0821214305252699,
-2.60089912453348E-5));
#4381=CARTESIAN_POINT('Ctrl Pts',(0.944471037360037,0.08201455362986,0.0255345049230612));
#4382=CARTESIAN_POINT('Ctrl Pts',(0.94767348221508,0.055499874549065,0.0783069709042475));
#4383=CARTESIAN_POINT('Ctrl Pts',(0.952521609647697,-0.0341649399094373,
0.0905271920909019));
#4384=CARTESIAN_POINT('Ctrl Pts',(0.957458657380423,-0.0944846954764349,
0.0208580427558297));
#4385=CARTESIAN_POINT('Ctrl Pts',(0.962395705113144,-0.0691012584098583,
-0.0677305818154));
#4386=CARTESIAN_POINT('Ctrl Pts',(0.96733275284587,0.0189610964524526,-0.0948835731209534));
#4387=CARTESIAN_POINT('Ctrl Pts',(0.971255609502343,0.0752675073589464,
-0.0480735419332486));
#4388=CARTESIAN_POINT('Ctrl Pts',(0.973532783581243,0.081952347082837,-0.0104886116264006));
#4389=CARTESIAN_POINT('Ctrl Pts',(0.974164275082569,0.0818972907535901,
-4.69837417311091E-5));
#4390=CARTESIAN_POINT('Origin',(0.68229103012948,-2.77616583908713E-16,
5.96225158728361E-17));
#4391=CARTESIAN_POINT('',(0.911664275082568,0.0819663975214378,7.14077047212636E-5));
#4392=CARTESIAN_POINT('',(0.91666603012948,0.0818717586552608,-1.63484171782984E-5));
#4393=CARTESIAN_POINT('',(0.68229103012948,0.0819999999999997,7.68585578454484E-15));
#4394=CARTESIAN_POINT('Ctrl Pts',(0.91666603012948,0.0818717586552607,-1.63484171782949E-5));
#4395=CARTESIAN_POINT('Ctrl Pts',(0.917550838257497,0.0818454117130215,
0.0146252661485643));
#4396=CARTESIAN_POINT('Ctrl Pts',(0.920081328963089,0.0711273046551332,
0.0565352815152473));
#4397=CARTESIAN_POINT('Ctrl Pts',(0.924257502246256,0.00429860845720578,
0.0966640404076738));
#4398=CARTESIAN_POINT('Ctrl Pts',(0.929194549978979,-0.078604978421992,
0.0564240384045765));
#4399=CARTESIAN_POINT('Ctrl Pts',(0.934131597711703,-0.0902092128114739,
-0.0349958949955209));
#4400=CARTESIAN_POINT('Ctrl Pts',(0.939068645444429,-0.0199883695635608,
-0.0946724871585934));
#4401=CARTESIAN_POINT('Ctrl Pts',(0.943663456250351,0.062238565959626,-0.0702915244662701));
#4402=CARTESIAN_POINT('Ctrl Pts',(0.946612584478703,0.0818254708583497,
-0.021398744629772));
#4403=CARTESIAN_POINT('Ctrl Pts',(0.94791603012948,0.0820203909452038,7.14879015879867E-5));
#4404=CARTESIAN_POINT('Ctrl Pts',(0.911664275082568,0.0819663975214378,
7.14077047212772E-5));
#4405=CARTESIAN_POINT('Ctrl Pts',(0.912117925983681,0.0820301833101532,
0.00755649855686451));
#4406=CARTESIAN_POINT('Ctrl Pts',(0.914217259462369,0.0776711334382299,
0.0421218824057496));
#4407=CARTESIAN_POINT('Ctrl Pts',(0.917962275518633,0.029010847281907,0.0923081056401558));
#4408=CARTESIAN_POINT('Ctrl Pts',(0.922899323251355,-0.0614524677501164,
0.0747396135546394));
#4409=CARTESIAN_POINT('Ctrl Pts',(0.927836370984079,-0.0961747693318396,
-0.0106221170604062));
#4410=CARTESIAN_POINT('Ctrl Pts',(0.932773418716803,-0.043660881592399,
-0.0863489608823085));
#4411=CARTESIAN_POINT('Ctrl Pts',(0.937710466449527,0.0484560013919067,
-0.083752203290335));
#4412=CARTESIAN_POINT('Ctrl Pts',(0.941090751904782,0.0814331033132248,
-0.029960552704877));
#4413=CARTESIAN_POINT('Ctrl Pts',(0.942825354782463,0.082127535198894,-0.0014859933453253));
#4414=CARTESIAN_POINT('Ctrl Pts',(0.942914275082569,0.0821214305252699,
-2.60089912453348E-5));
#4415=CARTESIAN_POINT('Origin',(0.68229103012948,-2.77616583908713E-16,
5.96225158728361E-17));
#4416=CARTESIAN_POINT('',(0.880414275082568,0.0818922982709796,-4.31977406991786E-5));
#4417=CARTESIAN_POINT('',(0.88541603012948,0.0820782310933287,-5.63908199433345E-5));
#4418=CARTESIAN_POINT('',(0.68229103012948,0.0819999999999997,7.68585578454484E-15));
#4419=CARTESIAN_POINT('Ctrl Pts',(0.88541603012948,0.0820782310933287,-5.63908199433349E-5));
#4420=CARTESIAN_POINT('Ctrl Pts',(0.886843409458716,0.081893247938721,0.0234123306691749));
#4421=CARTESIAN_POINT('Ctrl Pts',(0.889916471365526,0.0590757787878409,
0.074253387029223));
#4422=CARTESIAN_POINT('Ctrl Pts',(0.894635215849915,-0.0270032000771811,
0.0929152405596826));
#4423=CARTESIAN_POINT('Ctrl Pts',(0.899572263582636,-0.0925709547937765,
0.0281608428701616));
#4424=CARTESIAN_POINT('Ctrl Pts',(0.904509311315362,-0.0741713925713327,
-0.0621371005649774));
#4425=CARTESIAN_POINT('Ctrl Pts',(0.909446359048083,0.0115059982284402,
-0.096073028199283));
#4426=CARTESIAN_POINT('Ctrl Pts',(0.913498598652792,0.0732622645753876,
-0.0524008821633095));
#4427=CARTESIAN_POINT('Ctrl Pts',(0.915905155679923,0.0818944152228702,
-0.0126071351319172));
#4428=CARTESIAN_POINT('Ctrl Pts',(0.91666603012948,0.0818717586552607,-1.63484171782949E-5));
#4429=CARTESIAN_POINT('Ctrl Pts',(0.880414275082568,0.0818922982709796,
-4.31977406991758E-5));
#4430=CARTESIAN_POINT('Ctrl Pts',(0.8814104971849,0.08181274138284,0.0164317222706483));
#4431=CARTESIAN_POINT('Ctrl Pts',(0.884052401864807,0.0690210087781647,
0.0602356298941315));
#4432=CARTESIAN_POINT('Ctrl Pts',(0.88833998912229,-0.00220235125509121,
0.0967345092316785));
#4433=CARTESIAN_POINT('Ctrl Pts',(0.893277036855012,-0.0822165772659662,
0.0510181345159555));
#4434=CARTESIAN_POINT('Ctrl Pts',(0.898214084587737,-0.0876555175789021,
-0.0409746978605293));
#4435=CARTESIAN_POINT('Ctrl Pts',(0.903151132320459,-0.0135857324786164,
-0.0958010621024958));
#4436=CARTESIAN_POINT('Ctrl Pts',(0.907634529152072,0.0648687270658673,
-0.0666771083448685));
#4437=CARTESIAN_POINT('Ctrl Pts',(0.910472243406107,0.0817987913721491,
-0.0195967233957709));
#4438=CARTESIAN_POINT('Ctrl Pts',(0.911664275082568,0.0819663975214378,
7.14077047212772E-5));
#4439=CARTESIAN_POINT('Origin',(0.68229103012948,-2.77616583908713E-16,
5.96225158728361E-17));
#4440=CARTESIAN_POINT('',(0.849164275082569,0.0821171167924315,-3.09105273900049E-5));
#4441=CARTESIAN_POINT('',(0.854166030129479,0.0820292024543044,7.02782059907523E-5));
#4442=CARTESIAN_POINT('',(0.68229103012948,0.0819999999999997,7.68585578454484E-15));
#4443=CARTESIAN_POINT('Ctrl Pts',(0.854166030129479,0.0820292024543044,
7.02782059907553E-5));
#4444=CARTESIAN_POINT('Ctrl Pts',(0.854490298082361,0.0820774362982567,
0.00541011126550933));
#4445=CARTESIAN_POINT('Ctrl Pts',(0.856460248612816,0.0791778322571869,
0.0377978398028077));
#4446=CARTESIAN_POINT('Ctrl Pts',(0.860075881720847,0.0361191391523098,
0.0897653748584137));
#4447=CARTESIAN_POINT('Ctrl Pts',(0.86501292945357,-0.055438513960333,0.0793031267704636));
#4448=CARTESIAN_POINT('Ctrl Pts',(0.869949977186296,-0.0967101644781774,
-0.00309173560881045));
#4449=CARTESIAN_POINT('Ctrl Pts',(0.874887024919018,-0.0502599906966036,
-0.0826822113699158));
#4450=CARTESIAN_POINT('Ctrl Pts',(0.879824072651742,0.0417789595834709,
-0.0872750438510003));
#4451=CARTESIAN_POINT('Ctrl Pts',(0.88333374105523,0.0802683319699235,-0.0342638664315277));
#4452=CARTESIAN_POINT('Ctrl Pts',(0.885197726881142,0.0821065223980377,
-0.00364569467945168));
#4453=CARTESIAN_POINT('Ctrl Pts',(0.88541603012948,0.0820782310933287,-5.63908199433349E-5));
#4454=CARTESIAN_POINT('Ctrl Pts',(0.849164275082569,0.0821171167924315,
-3.0910527390009E-5));
#4455=CARTESIAN_POINT('Ctrl Pts',(0.85070306838612,0.0819943323580228,0.0252381058617699));
#4456=CARTESIAN_POINT('Ctrl Pts',(0.853887544267246,0.0560135172766173,
0.0777497323134517));
#4457=CARTESIAN_POINT('Ctrl Pts',(0.858717702725945,-0.0331817616061099,
0.0908921687678553));
#4458=CARTESIAN_POINT('Ctrl Pts',(0.863654750458672,-0.0942530775392267,
0.0218808821226426));
#4459=CARTESIAN_POINT('Ctrl Pts',(0.868591798191393,-0.0698312918961796,
-0.0669776551768016));
#4460=CARTESIAN_POINT('Ctrl Pts',(0.873528845924118,0.0179315949417137,
-0.0950835082062646));
#4461=CARTESIAN_POINT('Ctrl Pts',(0.87746967155451,0.0750022702581542,-0.04867488960995));
#4462=CARTESIAN_POINT('Ctrl Pts',(0.879764814607326,0.0819441632660033,
-0.0107835831980195));
#4463=CARTESIAN_POINT('Ctrl Pts',(0.880414275082568,0.0818922982709796,
-4.31977406991758E-5));
#4464=CARTESIAN_POINT('Origin',(0.68229103012948,-2.77616583908713E-16,
5.96225158728361E-17));
#4465=CARTESIAN_POINT('',(0.817914275082569,0.081974837456562,7.22880851721095E-5));
#4466=CARTESIAN_POINT('',(0.82291603012948,0.0818702324631436,-1.16566731946418E-5));
#4467=CARTESIAN_POINT('',(0.68229103012948,0.0819999999999997,7.68585578454484E-15));
#4468=CARTESIAN_POINT('Ctrl Pts',(0.82291603012948,0.0818702324631436,-1.16566731946299E-5));
#4469=CARTESIAN_POINT('Ctrl Pts',(0.82378286928358,0.0818518500040653,0.0143332803678421));
#4470=CARTESIAN_POINT('Ctrl Pts',(0.826295391015255,0.0714502215439327,
0.0559368258521767));
#4471=CARTESIAN_POINT('Ctrl Pts',(0.830453595324504,0.00534604138208107,
0.0966117707208647));
#4472=CARTESIAN_POINT('Ctrl Pts',(0.835390643057228,-0.0779888141831193,
0.0572726787049019));
#4473=CARTESIAN_POINT('Ctrl Pts',(0.840327690789952,-0.0905832142301536,
-0.0340161147982112));
#4474=CARTESIAN_POINT('Ctrl Pts',(0.845264738522676,-0.02101329546758,-0.094450283800973));
#4475=CARTESIAN_POINT('Ctrl Pts',(0.849877518302518,0.0617956415959855,
-0.0708701073768515));
#4476=CARTESIAN_POINT('Ctrl Pts',(0.852844615504786,0.0818326461611603,
-0.0216899155953784));
#4477=CARTESIAN_POINT('Ctrl Pts',(0.854166030129479,0.0820292024543044,
7.02782059907553E-5));
#4478=CARTESIAN_POINT('Ctrl Pts',(0.817914275082569,0.081974837456562,7.22880851721115E-5));
#4479=CARTESIAN_POINT('Ctrl Pts',(0.818349957009765,0.0820373783297334,
0.00725901613112197));
#4480=CARTESIAN_POINT('Ctrl Pts',(0.820431321514536,0.0778922571436872,
0.0415209057810014));
#4481=CARTESIAN_POINT('Ctrl Pts',(0.824158368596879,0.0300096130385799,
0.0919882399328095));
#4482=CARTESIAN_POINT('Ctrl Pts',(0.829095416329605,-0.0606387969742591,
0.0754012773323766));
#4483=CARTESIAN_POINT('Ctrl Pts',(0.834032464062326,-0.0962842483004028,
-0.00957911410585552));
#4484=CARTESIAN_POINT('Ctrl Pts',(0.838969511795053,-0.044594202594066,
-0.0858706724121199));
#4485=CARTESIAN_POINT('Ctrl Pts',(0.843906559527774,0.0475454135752963,
-0.0842724711606922));
#4486=CARTESIAN_POINT('Ctrl Pts',(0.847304813956947,0.0812819842824837,
-0.0305573691137758));
#4487=CARTESIAN_POINT('Ctrl Pts',(0.849057385808545,0.0821256457735656,
-0.00178617344079367));
#4488=CARTESIAN_POINT('Ctrl Pts',(0.849164275082569,0.0821171167924315,
-3.0910527390009E-5));
#4489=CARTESIAN_POINT('Origin',(0.68229103012948,-2.77616583908713E-16,
5.96225158728361E-17));
#4490=CARTESIAN_POINT('',(0.786664275082569,0.0818875577228586,-3.98087659205124E-5));
#4491=CARTESIAN_POINT('',(0.79166603012948,0.082070487144511,-5.96343735832994E-5));
#4492=CARTESIAN_POINT('',(0.68229103012948,0.0819999999999997,7.68585578454484E-15));
#4493=CARTESIAN_POINT('Ctrl Pts',(0.79166603012948,0.082070487144511,-5.96343735832999E-5));
#4494=CARTESIAN_POINT('Ctrl Pts',(0.793075440484799,0.0818806727294329,
0.0231193507966801));
#4495=CARTESIAN_POINT('Ctrl Pts',(0.796130533417693,0.0595500819823661,
0.0736835121782606));
#4496=CARTESIAN_POINT('Ctrl Pts',(0.800831308928162,-0.0259945503531462,
0.0932023643199408));
#4497=CARTESIAN_POINT('Ctrl Pts',(0.805768356660885,-0.0922603033602363,
0.0291625585042089));
#4498=CARTESIAN_POINT('Ctrl Pts',(0.81070540439361,-0.0748405012244504,
-0.0613295747309729));
#4499=CARTESIAN_POINT('Ctrl Pts',(0.815642452126332,0.0104640414792712,
-0.0961920792287035));
#4500=CARTESIAN_POINT('Ctrl Pts',(0.819712660704957,0.072965949647107,-0.0530011771719471));
#4501=CARTESIAN_POINT('Ctrl Pts',(0.822137186706006,0.081886748857555,-0.0129003913614162));
#4502=CARTESIAN_POINT('Ctrl Pts',(0.82291603012948,0.0818702324631436,-1.16566731946299E-5));
#4503=CARTESIAN_POINT('Ctrl Pts',(0.786664275082569,0.0818875577228586,
-3.98087659205124E-5));
#4504=CARTESIAN_POINT('Ctrl Pts',(0.787642528210984,0.0818169322922361,
0.0161404505803135));
#4505=CARTESIAN_POINT('Ctrl Pts',(0.790266463916973,0.0693733091280791,
0.0596411453151429));
#4506=CARTESIAN_POINT('Ctrl Pts',(0.794536082200538,-0.00115397699016791,
0.0967520817154246));
#4507=CARTESIAN_POINT('Ctrl Pts',(0.799473129933261,-0.0816586862167624,
0.0519065552164003));
#4508=CARTESIAN_POINT('Ctrl Pts',(0.804410177665985,-0.0880945248819444,
-0.0400224101358762));
#4509=CARTESIAN_POINT('Ctrl Pts',(0.80934722539871,-0.0146232377869912,
-0.0956481008654488));
#4510=CARTESIAN_POINT('Ctrl Pts',(0.813848591204236,0.064457915199745,-0.0672629886815099));
#4511=CARTESIAN_POINT('Ctrl Pts',(0.81670427443219,0.0818011453833111,-0.0198871021646419));
#4512=CARTESIAN_POINT('Ctrl Pts',(0.817914275082569,0.081974837456562,7.22880851721115E-5));
#4513=CARTESIAN_POINT('Origin',(0.68229103012948,-2.77616583908713E-16,
5.96225158728361E-17));
#4514=CARTESIAN_POINT('',(0.755414275082569,0.0821013512579201,-6.43398721109069E-5));
#4515=CARTESIAN_POINT('',(0.76041603012948,0.0820380459524876,6.76342213044102E-5));
#4516=CARTESIAN_POINT('',(0.68229103012948,0.0819999999999997,7.68585578454484E-15));
#4517=CARTESIAN_POINT('',(0.750102652606024,0.0395164788893201,-0.0718501767304012));
#4518=CARTESIAN_POINT('Ctrl Pts',(0.750102652606024,0.0395164788893188,
-0.0718501767304019));
#4519=CARTESIAN_POINT('Ctrl Pts',(0.751748335183598,0.0632905610246336,
-0.0587748015877881));
#4520=CARTESIAN_POINT('Ctrl Pts',(0.753518876009113,0.0811260343547643,
-0.031142575432465));
#4521=CARTESIAN_POINT('Ctrl Pts',(0.755289416834628,0.082113067201816,-0.00211284169890561));
#4522=CARTESIAN_POINT('Ctrl Pts',(0.755414275082569,0.0821013512579201,
-6.43398721109076E-5));
#4523=CARTESIAN_POINT('',(0.750102652606024,-0.0394391704149639,-0.0718494477357482));
#4524=CARTESIAN_POINT('Origin',(0.750102652606024,-2.77616583908713E-16,
7.65600310939035E-17));
#4525=CARTESIAN_POINT('Ctrl Pts',(0.750102652606024,-0.0394391704149639,
-0.0718494477357482));
#4526=CARTESIAN_POINT('Ctrl Pts',(0.750555378937658,-0.032923735398664,
-0.0755136737935312));
#4527=CARTESIAN_POINT('Ctrl Pts',(0.752653787846866,-0.000550405058959453,
-0.088391987169406));
#4528=CARTESIAN_POINT('Ctrl Pts',(0.756091580354684,0.0613446269191055,
-0.0714204294918793));
#4529=CARTESIAN_POINT('Ctrl Pts',(0.759076646530869,0.0818401549500492,
-0.0219763426662618));
#4530=CARTESIAN_POINT('Ctrl Pts',(0.76041603012948,0.0820380459524876,6.7634221304421E-5));
#4531=CARTESIAN_POINT('Origin',(1.00010265260602,1.,1.39003291564947E-16));
#4532=CARTESIAN_POINT('',(1.23768194660003,1.06724379599915,6.38518409554059E-5));
#4533=CARTESIAN_POINT('',(1.24689835861202,1.06716585049562,-8.83524013980407E-5));
#4534=CARTESIAN_POINT('',(1.00010265260602,1.06725,1.47239041289213E-16));
#4535=CARTESIAN_POINT('',(1.25010265260602,1.05376930128393,0.0403908992155168));
#4536=CARTESIAN_POINT('Ctrl Pts',(1.24689835861202,1.06716585049562,-8.83524013980407E-5));
#4537=CARTESIAN_POINT('Ctrl Pts',(1.24796645661002,1.06705967987996,0.0143474633770601));
#4538=CARTESIAN_POINT('Ctrl Pts',(1.24903455460802,1.06244340218237,0.0288437350365986));
#4539=CARTESIAN_POINT('Ctrl Pts',(1.25010265260602,1.05376930128393,0.040390899215516));
#4540=CARTESIAN_POINT('',(1.25010265260602,0.946288638430734,0.0404166067831275));
#4541=CARTESIAN_POINT('Origin',(1.25010265260602,1.,2.0144655203599E-16));
#4542=CARTESIAN_POINT('Ctrl Pts',(1.25010265260602,0.946288638430734,0.0404166067831275));
#4543=CARTESIAN_POINT('Ctrl Pts',(1.24964992627439,0.949923918546422,0.045352589844622));
#4544=CARTESIAN_POINT('Ctrl Pts',(1.24919719994276,0.954208533796761,0.0497845759537835));
#4545=CARTESIAN_POINT('Ctrl Pts',(1.24874447361112,0.95904608012679,0.0534929211289589));
#4546=CARTESIAN_POINT('Ctrl Pts',(1.24709879103355,0.976630799983516,0.0669729390117252));
#4547=CARTESIAN_POINT('Ctrl Pts',(1.24545310845597,1.00152172116256,0.0708910665559448));
#4548=CARTESIAN_POINT('Ctrl Pts',(1.2438074258784,1.02241435268944,0.0635143092489132));
#4549=CARTESIAN_POINT('Ctrl Pts',(1.24216174330082,1.04330698421632,0.0561375519418818));
#4550=CARTESIAN_POINT('Ctrl Pts',(1.24051606072325,1.06020132609102,0.0374659097835999));
#4551=CARTESIAN_POINT('Ctrl Pts',(1.23887037814568,1.06544334412271,0.0159456268735815));
#4552=CARTESIAN_POINT('Ctrl Pts',(1.23847423429713,1.06670518721781,0.0107653279447217));
#4553=CARTESIAN_POINT('Ctrl Pts',(1.23807809044858,1.06729183994801,0.00541996539296811));
#4554=CARTESIAN_POINT('Ctrl Pts',(1.23768194660003,1.06724379599915,6.38518409554059E-5));
#4555=CARTESIAN_POINT('Origin',(1.00010265260602,1.,1.39003291564947E-16));
#4556=CARTESIAN_POINT('',(1.20643194660003,1.06715131585453,-2.45236779771738E-5));
#4557=CARTESIAN_POINT('',(1.21564835861202,1.06735698731684,-8.15775990258536E-6));
#4558=CARTESIAN_POINT('',(1.00010265260602,1.06725,1.47239041289213E-16));
#4559=CARTESIAN_POINT('Ctrl Pts',(1.21564835861202,1.06735698731684,-8.15775990258536E-6));
#4560=CARTESIAN_POINT('Ctrl Pts',(1.21725902781124,1.0673176331461,0.0216739535811552));
#4561=CARTESIAN_POINT('Ctrl Pts',(1.21886969701046,1.05589573720367,0.0433904945416512));
#4562=CARTESIAN_POINT('Ctrl Pts',(1.22048036620968,1.03799237612665,0.0556203508469092));
#4563=CARTESIAN_POINT('Ctrl Pts',(1.22212604878726,1.01969982454699,0.0681160647138858));
#4564=CARTESIAN_POINT('Ctrl Pts',(1.22377173136483,0.994640951543116,0.0707081601404853));
#4565=CARTESIAN_POINT('Ctrl Pts',(1.2254174139424,0.974180276901391,0.062214955201028));
#4566=CARTESIAN_POINT('Ctrl Pts',(1.22706309651998,0.953719602259667,0.0537217502615708));
#4567=CARTESIAN_POINT('Ctrl Pts',(1.22870877909755,0.937857125980094,0.0341432449560566));
#4568=CARTESIAN_POINT('Ctrl Pts',(1.23035446167513,0.933787768279991,0.0123707418213675));
#4569=CARTESIAN_POINT('Ctrl Pts',(1.2320001442527,0.929718410579888,-0.00940176131332121));
#4570=CARTESIAN_POINT('Ctrl Pts',(1.23364582683028,0.937442171459254,-0.0333682622771843));
#4571=CARTESIAN_POINT('Ctrl Pts',(1.23529150940785,0.953454452604291,-0.0486824908633374));
#4572=CARTESIAN_POINT('Ctrl Pts',(1.23693719198543,0.969466733749329,-0.0639967194494905));
#4573=CARTESIAN_POINT('Ctrl Pts',(1.238582874563,0.993767535160038,-0.0706586756579328));
#4574=CARTESIAN_POINT('Ctrl Pts',(1.24022855714058,1.01533943901972,-0.0656004382404717));
#4575=CARTESIAN_POINT('Ctrl Pts',(1.24187423971815,1.03691134287941,-0.0605422008230104));
#4576=CARTESIAN_POINT('Ctrl Pts',(1.24351992229573,1.05575434918807,-0.0437637697796448));
#4577=CARTESIAN_POINT('Ctrl Pts',(1.2451656048733,1.06331001552378,-0.0229783466865053));
#4578=CARTESIAN_POINT('Ctrl Pts',(1.24574318945287,1.06596182482369,-0.0156832947596575));
#4579=CARTESIAN_POINT('Ctrl Pts',(1.24632077403245,1.06722326330843,-0.00789466287367074));
#4580=CARTESIAN_POINT('Ctrl Pts',(1.24689835861202,1.06716585049562,-8.83524013980407E-5));
#4581=CARTESIAN_POINT('Ctrl Pts',(1.23768194660003,1.06724379599915,6.38518409554059E-5));
#4582=CARTESIAN_POINT('Ctrl Pts',(1.236432407871,1.06709225313156,-0.0168306963005784));
#4583=CARTESIAN_POINT('Ctrl Pts',(1.23518286914198,1.06062590683673,-0.0338322096359185));
#4584=CARTESIAN_POINT('Ctrl Pts',(1.23393333041295,1.04911555863149,-0.0460979401977401));
#4585=CARTESIAN_POINT('Ctrl Pts',(1.23228764783538,1.03395606091991,-0.0622523006972869));
#4586=CARTESIAN_POINT('Ctrl Pts',(1.2306419652578,1.01004737130808,-0.0701920980346246));
#4587=CARTESIAN_POINT('Ctrl Pts',(1.22899628268023,0.988234907054366,-0.0663221344647676));
#4588=CARTESIAN_POINT('Ctrl Pts',(1.22735060010265,0.966422442800657,-0.0624521708949105));
#4589=CARTESIAN_POINT('Ctrl Pts',(1.22570491752508,0.946706203905071,-0.0467724464178587));
#4590=CARTESIAN_POINT('Ctrl Pts',(1.2240592349475,0.938026996787932,-0.0263912339773317));
#4591=CARTESIAN_POINT('Ctrl Pts',(1.22241355236993,0.929347789670794,-0.00601002153680503));
#4592=CARTESIAN_POINT('Ctrl Pts',(1.22076786979235,0.931705614332102,0.0190726788671972));
#4593=CARTESIAN_POINT('Ctrl Pts',(1.21912218721478,0.944031687284658,0.0374796104951004));
#4594=CARTESIAN_POINT('Ctrl Pts',(1.21747650463721,0.956357760237214,0.0558865421230038));
#4595=CARTESIAN_POINT('Ctrl Pts',(1.21583082205963,0.978652081481016,0.0676177049748085));
#4596=CARTESIAN_POINT('Ctrl Pts',(1.21418513948206,1.00080323136104,0.0673534473621278));
#4597=CARTESIAN_POINT('Ctrl Pts',(1.21253945690448,1.02295438124106,0.0670891897494472));
#4598=CARTESIAN_POINT('Ctrl Pts',(1.21089377432691,1.04496235975731,0.0548295116722817));
#4599=CARTESIAN_POINT('Ctrl Pts',(1.20924809174933,1.05684604710184,0.0361341398478826));
#4600=CARTESIAN_POINT('Ctrl Pts',(1.20830937669956,1.06362463023146,0.0254700985973196));
#4601=CARTESIAN_POINT('Ctrl Pts',(1.2073706616498,1.06710908858597,0.0127120857433914));
#4602=CARTESIAN_POINT('Ctrl Pts',(1.20643194660003,1.06715131585453,-2.45236779771738E-5));
#4603=CARTESIAN_POINT('Origin',(1.00010265260602,1.,1.39003291564947E-16));
#4604=CARTESIAN_POINT('',(1.17518194660003,1.06733171894322,-3.71150855163589E-5));
#4605=CARTESIAN_POINT('',(1.18439835861202,1.06720294398343,5.48522809868172E-5));
#4606=CARTESIAN_POINT('',(1.00010265260602,1.06725,1.47239041289213E-16));
#4607=CARTESIAN_POINT('Ctrl Pts',(1.18439835861202,1.06720294398343,5.48522809868172E-5));
#4608=CARTESIAN_POINT('Ctrl Pts',(1.18490591643489,1.06725653723479,0.0069281466128456));
#4609=CARTESIAN_POINT('Ctrl Pts',(1.18541347425775,1.06628541854629,0.0137866606897462));
#4610=CARTESIAN_POINT('Ctrl Pts',(1.18592103208061,1.06422622628846,0.0203012438679332));
#4611=CARTESIAN_POINT('Ctrl Pts',(1.18756671465819,1.05754959424788,0.041423834346388));
#4612=CARTESIAN_POINT('Ctrl Pts',(1.18921239723576,1.0394341915674,0.0589307256871666));
#4613=CARTESIAN_POINT('Ctrl Pts',(1.19085807981334,1.01809589162402,0.064882083572056));
#4614=CARTESIAN_POINT('Ctrl Pts',(1.19250376239091,0.996757591680634,0.0708334414569455));
#4615=CARTESIAN_POINT('Ctrl Pts',(1.19414944496849,0.972196394474341,0.0652292658859449));
#4616=CARTESIAN_POINT('Ctrl Pts',(1.19579512754606,0.955551519740803,0.0506111042087094));
#4617=CARTESIAN_POINT('Ctrl Pts',(1.19744081012364,0.938906645007265,0.0359929425314744));
#4618=CARTESIAN_POINT('Ctrl Pts',(1.19908649270121,0.930178092746484,0.0123607947480044));
#4619=CARTESIAN_POINT('Ctrl Pts',(1.20073217527879,0.933324533772387,-0.00956724577221543));
#4620=CARTESIAN_POINT('Ctrl Pts',(1.20237785785636,0.93647097479829,-0.0314952862924349));
#4621=CARTESIAN_POINT('Ctrl Pts',(1.20402354043394,0.951492409110878,-0.0517192195494046));
#4622=CARTESIAN_POINT('Ctrl Pts',(1.20566922301151,0.971576144145861,-0.061067318489186));
#4623=CARTESIAN_POINT('Ctrl Pts',(1.20731490558908,0.991659879180844,-0.0704154174289677));
#4624=CARTESIAN_POINT('Ctrl Pts',(1.20896058816666,1.01680591493822,-0.0688876820515602));
#4625=CARTESIAN_POINT('Ctrl Pts',(1.21060627074423,1.03560983903717,-0.0571761611896268));
#4626=CARTESIAN_POINT('Ctrl Pts',(1.21225195332181,1.05441376313612,-0.0454646403276934));
#4627=CARTESIAN_POINT('Ctrl Pts',(1.21389763589938,1.06687557557663,-0.0235693339812341));
#4628=CARTESIAN_POINT('Ctrl Pts',(1.21554331847696,1.06734336671918,-0.00142201465432756));
#4629=CARTESIAN_POINT('Ctrl Pts',(1.21557833185531,1.06735331939686,-0.000950810497643482));
#4630=CARTESIAN_POINT('Ctrl Pts',(1.21561334523367,1.06735784281372,-0.00047949226377295));
#4631=CARTESIAN_POINT('Ctrl Pts',(1.21564835861202,1.06735698731684,-8.15775990258536E-6));
#4632=CARTESIAN_POINT('Ctrl Pts',(1.20643194660003,1.06715131585453,-2.45236779771738E-5));
#4633=CARTESIAN_POINT('Ctrl Pts',(1.20572497907222,1.06718311816523,-0.00961675220086036));
#4634=CARTESIAN_POINT('Ctrl Pts',(1.20501801154442,1.065262508811,-0.0191968408323896));
#4635=CARTESIAN_POINT('Ctrl Pts',(1.20431104401661,1.06132622175626,-0.0278611724910709));
#4636=CARTESIAN_POINT('Ctrl Pts',(1.20266536143904,1.05216331289335,-0.0480300474339913));
#4637=CARTESIAN_POINT('Ctrl Pts',(1.20101967886146,1.0320780989947,-0.0632367317481985));
#4638=CARTESIAN_POINT('Ctrl Pts',(1.19937399628389,1.01017985592916,-0.0665846507834169));
#4639=CARTESIAN_POINT('Ctrl Pts',(1.19772831370631,0.98828161286362,-0.0699325698186352));
#4640=CARTESIAN_POINT('Ctrl Pts',(1.19608263112874,0.964570340631176,-0.0614217235748646));
#4641=CARTESIAN_POINT('Ctrl Pts',(1.19443694855116,0.94979978058064,-0.0449119778177795));
#4642=CARTESIAN_POINT('Ctrl Pts',(1.19279126597359,0.935029220530104,-0.0284022320606944));
#4643=CARTESIAN_POINT('Ctrl Pts',(1.19114558339601,0.929199372661477,-0.0038935867902948));
#4644=CARTESIAN_POINT('Ctrl Pts',(1.18949990081844,0.934954255209916,0.0174985367014205));
#4645=CARTESIAN_POINT('Ctrl Pts',(1.18785421824086,0.940709137758355,0.0388906601931352));
#4646=CARTESIAN_POINT('Ctrl Pts',(1.18620853566329,0.95804875072386,0.0571662619061659));
#4647=CARTESIAN_POINT('Ctrl Pts',(1.18456285308571,0.979109062903324,0.0640368316620346));
#4648=CARTESIAN_POINT('Ctrl Pts',(1.18291717050814,1.00016937508279,0.0709074014179035));
#4649=CARTESIAN_POINT('Ctrl Pts',(1.18127148793057,1.02495038647621,0.0663729392166099));
#4650=CARTESIAN_POINT('Ctrl Pts',(1.17962580535299,1.04221318018552,0.0524899500934911));
#4651=CARTESIAN_POINT('Ctrl Pts',(1.178144519102,1.05775149803836,0.0399938094701878));
#4652=CARTESIAN_POINT('Ctrl Pts',(1.17666323285101,1.06719864565905,0.0199236039164433));
#4653=CARTESIAN_POINT('Ctrl Pts',(1.17518194660003,1.06733171894322,-3.71150855163589E-5));
#4654=CARTESIAN_POINT('Origin',(1.00010265260602,1.,1.39003291564947E-16));
#4655=CARTESIAN_POINT('',(1.14393194660003,1.06725247149119,5.9772109498669E-5));
#4656=CARTESIAN_POINT('',(1.15314835861202,1.06717525379151,-4.42403066079654E-5));
#4657=CARTESIAN_POINT('',(1.00010265260602,1.06725,1.47239041289213E-16));
#4658=CARTESIAN_POINT('Ctrl Pts',(1.15314835861202,1.06717525379151,-4.42403066079654E-5));
#4659=CARTESIAN_POINT('Ctrl Pts',(1.1541984876361,1.06708829230387,0.0141912881639993));
#4660=CARTESIAN_POINT('Ctrl Pts',(1.15524861666019,1.06265838363506,0.0284762789094132));
#4661=CARTESIAN_POINT('Ctrl Pts',(1.15629874568427,1.05429125270308,0.0398698899339554));
#4662=CARTESIAN_POINT('Ctrl Pts',(1.15794442826185,1.04117891956757,0.0577250931792055));
#4663=CARTESIAN_POINT('Ctrl Pts',(1.15959011083942,1.01839724822114,0.0684794200835878));
#4664=CARTESIAN_POINT('Ctrl Pts',(1.161235793417,0.996278398659001,0.0672554672363582));
#4665=CARTESIAN_POINT('Ctrl Pts',(1.16288147599457,0.974159549096866,0.0660315143891285));
#4666=CARTESIAN_POINT('Ctrl Pts',(1.16452715857214,0.952703521319032,0.0528292817902866));
#4667=CARTESIAN_POINT('Ctrl Pts',(1.16617284114972,0.941641256648957,0.0336363692916535));
#4668=CARTESIAN_POINT('Ctrl Pts',(1.16781852372729,0.930578991978882,0.0144434567930205));
#4669=CARTESIAN_POINT('Ctrl Pts',(1.16946420630487,0.929910490416565,-0.0107401356054036));
#4670=CARTESIAN_POINT('Ctrl Pts',(1.17110988888244,0.939938937411773,-0.0304929019545318));
#4671=CARTESIAN_POINT('Ctrl Pts',(1.17275557146002,0.949967384406982,-0.05024566830366));
#4672=CARTESIAN_POINT('Ctrl Pts',(1.17440125403759,0.970692779959716,-0.0645676086034922));
#4673=CARTESIAN_POINT('Ctrl Pts',(1.17604693661517,0.992715545339077,-0.066963308243318));
#4674=CARTESIAN_POINT('Ctrl Pts',(1.17769261919274,1.01473831071844,-0.0693590078831437));
#4675=CARTESIAN_POINT('Ctrl Pts',(1.17933830177032,1.03805844592442,-0.0598284668629637));
#4676=CARTESIAN_POINT('Ctrl Pts',(1.18098398434789,1.05209958282708,-0.0426940515448086));
#4677=CARTESIAN_POINT('Ctrl Pts',(1.1821221091026,1.06181018298226,-0.0308441951406546));
#4678=CARTESIAN_POINT('Ctrl Pts',(1.18326023385731,1.06708276889538,-0.0153575127207948));
#4679=CARTESIAN_POINT('Ctrl Pts',(1.18439835861202,1.06720294398343,5.48522809868172E-5));
#4680=CARTESIAN_POINT('Ctrl Pts',(1.17518194660003,1.06733171894322,-3.71150855163589E-5));
#4681=CARTESIAN_POINT('Ctrl Pts',(1.17501755027344,1.06734648770183,-0.00225239851082299));
#4682=CARTESIAN_POINT('Ctrl Pts',(1.17485315394685,1.06724653466528,-0.00446633338625612));
#4683=CARTESIAN_POINT('Ctrl Pts',(1.17468875762027,1.06702745421659,-0.00666841651854048));
#4684=CARTESIAN_POINT('Ctrl Pts',(1.17304307504269,1.06483435851317,-0.0287122779625094));
#4685=CARTESIAN_POINT('Ctrl Pts',(1.17139739246512,1.05070359108114,-0.0495684848055032));
#4686=CARTESIAN_POINT('Ctrl Pts',(1.16975170988754,1.03104387246625,-0.059778134001286));
#4687=CARTESIAN_POINT('Ctrl Pts',(1.16810602730997,1.01138415385137,-0.0699877831970689));
#4688=CARTESIAN_POINT('Ctrl Pts',(1.16646034473239,0.986195484053629,-0.0695508747456407));
#4689=CARTESIAN_POINT('Ctrl Pts',(1.16481466215482,0.966901667423689,-0.0586655585249005));
#4690=CARTESIAN_POINT('Ctrl Pts',(1.16316897957725,0.947607850793749,-0.0477802423041609));
#4691=CARTESIAN_POINT('Ctrl Pts',(1.16152329699967,0.93420888733161,-0.0264465183141093));
#4692=CARTESIAN_POINT('Ctrl Pts',(1.1598776144221,0.93278160237133,-0.0043398601526429));
#4693=CARTESIAN_POINT('Ctrl Pts',(1.15823193184452,0.931354317411051,0.0177667980088245));
#4694=CARTESIAN_POINT('Ctrl Pts',(1.15658624926695,0.941898710952631,0.0406463903417075));
#4695=CARTESIAN_POINT('Ctrl Pts',(1.15494056668937,0.95963258941099,0.0539223471287921));
#4696=CARTESIAN_POINT('Ctrl Pts',(1.1532948841118,0.97736646786935,0.0671983039158768));
#4697=CARTESIAN_POINT('Ctrl Pts',(1.15164920153422,1.00228983124449,0.0708706251571626));
#4698=CARTESIAN_POINT('Ctrl Pts',(1.15000351895665,1.02309919915659,0.063273804716657));
#4699=CARTESIAN_POINT('Ctrl Pts',(1.14835783637907,1.0439085670687,0.0556769842761516));
#4700=CARTESIAN_POINT('Ctrl Pts',(1.1467121538015,1.06060393951777,0.0368110221538543));
#4701=CARTESIAN_POINT('Ctrl Pts',(1.14506647122392,1.06561347262633,0.0152321887111905));
#4702=CARTESIAN_POINT('Ctrl Pts',(1.14468829634929,1.06676465425826,0.0102734118832043));
#4703=CARTESIAN_POINT('Ctrl Pts',(1.14431012147466,1.06729873934982,0.00517137589706028));
#4704=CARTESIAN_POINT('Ctrl Pts',(1.14393194660003,1.06725247149119,5.9772109498669E-5));
#4705=CARTESIAN_POINT('Origin',(1.00010265260602,1.,1.39003291564947E-16));
#4706=CARTESIAN_POINT('',(1.11268194660003,1.06714883863974,-2.09229127171335E-5));
#4707=CARTESIAN_POINT('',(1.12189835861202,1.06735521471825,-1.29257845308114E-5));
#4708=CARTESIAN_POINT('',(1.00010265260602,1.06725,1.47239041289213E-16));
#4709=CARTESIAN_POINT('Ctrl Pts',(1.12189835861202,1.06735521471825,-1.29257845308114E-5));
#4710=CARTESIAN_POINT('Ctrl Pts',(1.12349105883732,1.06729819373974,0.0214292538166406));
#4711=CARTESIAN_POINT('Ctrl Pts',(1.12508375906263,1.05616463022733,0.0429224201645017));
#4712=CARTESIAN_POINT('Ctrl Pts',(1.12667645928793,1.03859305216376,0.0552062003309557));
#4713=CARTESIAN_POINT('Ctrl Pts',(1.1283221418655,1.02043694254545,0.0678986095398801));
#4714=CARTESIAN_POINT('Ctrl Pts',(1.12996782444308,0.995407363366174,0.0707587272728962));
#4715=CARTESIAN_POINT('Ctrl Pts',(1.13161350702065,0.974855967056897,0.0624894057953556));
#4716=CARTESIAN_POINT('Ctrl Pts',(1.13325918959823,0.95430457074762,0.054220084317815));
#4717=CARTESIAN_POINT('Ctrl Pts',(1.1349048721758,0.938231357308343,0.0348213236297176));
#4718=CARTESIAN_POINT('Ctrl Pts',(1.13655055475338,0.93392600312631,0.0130910338510144));
#4719=CARTESIAN_POINT('Ctrl Pts',(1.13819623733095,0.929620648944277,-0.00863925592768885));
#4720=CARTESIAN_POINT('Ctrl Pts',(1.13984191990853,0.937083154019489,-0.032701074796998));
#4721=CARTESIAN_POINT('Ctrl Pts',(1.1414876024861,0.952929052191478,-0.0481816780999082));
#4722=CARTESIAN_POINT('Ctrl Pts',(1.14313328506368,0.968774950363467,-0.0636622814028187));
#4723=CARTESIAN_POINT('Ctrl Pts',(1.14477896764125,0.993004241632233,-0.0705616691393298));
#4724=CARTESIAN_POINT('Ctrl Pts',(1.14642465021883,1.01462822773107,-0.065750765608867));
#4725=CARTESIAN_POINT('Ctrl Pts',(1.1480703327964,1.03625221382991,-0.0609398620784045));
#4726=CARTESIAN_POINT('Ctrl Pts',(1.14971601537397,1.05527089475882,-0.0444186672809679));
#4727=CARTESIAN_POINT('Ctrl Pts',(1.15136169795155,1.06305873776099,-0.023680030089191));
#4728=CARTESIAN_POINT('Ctrl Pts',(1.15195725150504,1.06587706836567,-0.016174956363294));
#4729=CARTESIAN_POINT('Ctrl Pts',(1.15255280505853,1.06722457175321,-0.00811755260638808));
#4730=CARTESIAN_POINT('Ctrl Pts',(1.15314835861202,1.06717525379151,-4.42403066079654E-5));
#4731=CARTESIAN_POINT('Ctrl Pts',(1.14393194660003,1.06725247149119,5.9772109498669E-5));
#4732=CARTESIAN_POINT('Ctrl Pts',(1.14266443889708,1.06709739808165,-0.0170725061292816));
#4733=CARTESIAN_POINT('Ctrl Pts',(1.14139693119414,1.06042291807013,-0.0343122644587699));
#4734=CARTESIAN_POINT('Ctrl Pts',(1.1401294234912,1.04861245574394,-0.0466259209957958));
#4735=CARTESIAN_POINT('Ctrl Pts',(1.13848374091363,1.03327821198494,-0.0626134924970855));
#4736=CARTESIAN_POINT('Ctrl Pts',(1.13683805833605,1.0092860306989,-0.0702969307366345));
#4737=CARTESIAN_POINT('Ctrl Pts',(1.13519237575848,0.987517073765078,-0.0661915698240999));
#4738=CARTESIAN_POINT('Ctrl Pts',(1.1335466931809,0.965748116831258,-0.0620862089115652));
#4739=CARTESIAN_POINT('Ctrl Pts',(1.13190101060333,0.94620238424966,-0.0461920488469476));
#4740=CARTESIAN_POINT('Ctrl Pts',(1.13025532802575,0.937744442269938,-0.0257175600426491));
#4741=CARTESIAN_POINT('Ctrl Pts',(1.12860964544818,0.929286500290216,-0.00524307123835045));
#4742=CARTESIAN_POINT('Ctrl Pts',(1.1269639628706,0.93191634891237,0.019811746305629));
#4743=CARTESIAN_POINT('Ctrl Pts',(1.12531828029303,0.944441274214529,0.0380837938216221));
#4744=CARTESIAN_POINT('Ctrl Pts',(1.12367259771545,0.956966199516687,0.0563558413376151));
#4745=CARTESIAN_POINT('Ctrl Pts',(1.12202691513788,0.979386201498849,0.0678451188256216));
#4746=CARTESIAN_POINT('Ctrl Pts',(1.12038123256031,1.0015331479632,0.0673409000549225));
#4747=CARTESIAN_POINT('Ctrl Pts',(1.11873554998273,1.02368009442754,0.0668366812842234));
#4748=CARTESIAN_POINT('Ctrl Pts',(1.11708986740516,1.04555398537408,0.0543389662548175));
#4749=CARTESIAN_POINT('Ctrl Pts',(1.11544418482758,1.05723436606633,0.0355158373660987));
#4750=CARTESIAN_POINT('Ctrl Pts',(1.11452343875173,1.06376944447902,0.0249844491775686));
#4751=CARTESIAN_POINT('Ctrl Pts',(1.11360269267588,1.06711363625979,0.0124730091696369));
#4752=CARTESIAN_POINT('Ctrl Pts',(1.11268194660003,1.06714883863974,-2.09229127171335E-5));
#4753=CARTESIAN_POINT('Origin',(1.00010265260602,1.,1.39003291564947E-16));
#4754=CARTESIAN_POINT('',(1.08143194660003,1.06732628687969,-4.03830708004537E-5));
#4755=CARTESIAN_POINT('',(1.09064835861202,1.06720933782776,5.63344661341795E-5));
#4756=CARTESIAN_POINT('',(1.00010265260602,1.06725,1.47239041289213E-16));
#4757=CARTESIAN_POINT('Ctrl Pts',(1.09064835861202,1.06720933782776,5.63344661341795E-5));
#4758=CARTESIAN_POINT('Ctrl Pts',(1.09113794746097,1.06726281444371,0.00668469615826025));
#4759=CARTESIAN_POINT('Ctrl Pts',(1.09162753630992,1.06636055264609,0.0132988222628971));
#4760=CARTESIAN_POINT('Ctrl Pts',(1.09211712515886,1.06444248649714,0.0196039323615047));
#4761=CARTESIAN_POINT('Ctrl Pts',(1.09376280773644,1.05799518270179,0.0407976541165593));
#4762=CARTESIAN_POINT('Ctrl Pts',(1.09540849031401,1.04007059363091,0.0584998916589338));
#4763=CARTESIAN_POINT('Ctrl Pts',(1.09705417289159,1.01879804913137,0.0646821581182227));
#4764=CARTESIAN_POINT('Ctrl Pts',(1.09869985546916,0.997525504631826,0.0708644245775115));
#4765=CARTESIAN_POINT('Ctrl Pts',(1.10034553804674,0.972905004703617,0.065526719953715));
#4766=CARTESIAN_POINT('Ctrl Pts',(1.10199122062431,0.95610267226986,0.05108985073488));
#4767=CARTESIAN_POINT('Ctrl Pts',(1.10363690320189,0.939300339836104,0.0366529815160447));
#4768=CARTESIAN_POINT('Ctrl Pts',(1.10528258577946,0.9303161748968,0.0131169477021716));
#4769=CARTESIAN_POINT('Ctrl Pts',(1.10692826835703,0.933224761248582,-0.00884396515456862));
#4770=CARTESIAN_POINT('Ctrl Pts',(1.10857395093461,0.936133347600364,-0.0308048780113088));
#4771=CARTESIAN_POINT('Ctrl Pts',(1.11021963351218,0.950934685243232,-0.0511906699109157));
#4772=CARTESIAN_POINT('Ctrl Pts',(1.11186531608976,0.97091593097635,-0.0607557829267702));
#4773=CARTESIAN_POINT('Ctrl Pts',(1.11351099866733,0.990897176709468,-0.0703208959426246));
#4774=CARTESIAN_POINT('Ctrl Pts',(1.11515668124491,1.01605833053284,-0.0690653300747267));
#4775=CARTESIAN_POINT('Ctrl Pts',(1.11680236382248,1.03498806703461,-0.0575585214809117));
#4776=CARTESIAN_POINT('Ctrl Pts',(1.11844804640006,1.05391780353639,-0.0460517128870966));
#4777=CARTESIAN_POINT('Ctrl Pts',(1.12009372897763,1.06661612271657,-0.0242936615673643));
#4778=CARTESIAN_POINT('Ctrl Pts',(1.12173941155521,1.06732396227799,-0.00215228556508199));
#4779=CARTESIAN_POINT('Ctrl Pts',(1.12179239390748,1.06734675100135,-0.0014394493236834));
#4780=CARTESIAN_POINT('Ctrl Pts',(1.12184537625975,1.06735711156332,-0.00072621576531588));
#4781=CARTESIAN_POINT('Ctrl Pts',(1.12189835861202,1.06735521471825,-1.29257845308114E-5));
#4782=CARTESIAN_POINT('Ctrl Pts',(1.11268194660003,1.06714883863974,-2.09229127171335E-5));
#4783=CARTESIAN_POINT('Ctrl Pts',(1.1119570100983,1.0671765547396,-0.00985784500675506));
#4784=CARTESIAN_POINT('Ctrl Pts',(1.11123207359658,1.06515303517779,-0.0196839139740656));
#4785=CARTESIAN_POINT('Ctrl Pts',(1.11050713709486,1.06102063778019,-0.0285241849616226));
#4786=CARTESIAN_POINT('Ctrl Pts',(1.10886145451728,1.05163965836381,-0.0485925356525947));
#4787=CARTESIAN_POINT('Ctrl Pts',(1.10721577193971,1.03139082909308,-0.0635806942865076));
#4788=CARTESIAN_POINT('Ctrl Pts',(1.10557008936213,1.00945759130111,-0.0666910888321943));
#4789=CARTESIAN_POINT('Ctrl Pts',(1.10392440678456,0.987524353509147,-0.069801483377881));
#4790=CARTESIAN_POINT('Ctrl Pts',(1.10227872420698,0.963906707195943,-0.0610341138353412));
#4791=CARTESIAN_POINT('Ctrl Pts',(1.10063304162941,0.94931595159011,-0.0443652408944018));
#4792=CARTESIAN_POINT('Ctrl Pts',(1.09898735905184,0.934725195984277,-0.0276963679534625));
#4793=CARTESIAN_POINT('Ctrl Pts',(1.09734167647426,0.929161331085816,-0.00312599161412327));
#4794=CARTESIAN_POINT('Ctrl Pts',(1.09569599389669,0.935147733737766,0.0182024977266044));
#4795=CARTESIAN_POINT('Ctrl Pts',(1.09405031131911,0.941134136389717,0.0395309870673327));
#4796=CARTESIAN_POINT('Ctrl Pts',(1.09240462874154,0.958670806592079,0.057617589409449));
#4797=CARTESIAN_POINT('Ctrl Pts',(1.09075894616396,0.979804347146912,0.0642594971087875));
#4798=CARTESIAN_POINT('Ctrl Pts',(1.08911326358639,1.00093788770174,0.0709014048081257));
#4799=CARTESIAN_POINT('Ctrl Pts',(1.08746758100881,1.02566829860905,0.0660986178646855));
#4800=CARTESIAN_POINT('Ctrl Pts',(1.08582189843124,1.04277960907476,0.0520293418202244));
#4801=CARTESIAN_POINT('Ctrl Pts',(1.08435858115417,1.05799474021792,0.0395191439289138));
#4802=CARTESIAN_POINT('Ctrl Pts',(1.0828952638771,1.06718582151812,0.0196823866042644));
#4803=CARTESIAN_POINT('Ctrl Pts',(1.08143194660003,1.06732628687969,-4.03830708004537E-5));
#4804=CARTESIAN_POINT('Origin',(1.00010265260602,1.,1.39003291564947E-16));
#4805=CARTESIAN_POINT('',(1.05018194660003,1.06725972587191,5.93408217436353E-5));
#4806=CARTESIAN_POINT('',(1.05939835861202,1.06717047291229,-4.1474548518041E-5));
#4807=CARTESIAN_POINT('',(1.00010265260602,1.06725,1.47239041289213E-16));
#4808=CARTESIAN_POINT('Ctrl Pts',(1.05939835861202,1.06717047291229,-4.1474548518041E-5));
#4809=CARTESIAN_POINT('Ctrl Pts',(1.06043051866219,1.06709070619613,0.0139529707396961));
#4810=CARTESIAN_POINT('Ctrl Pts',(1.06146267871235,1.06282229077716,0.0279919870484415));
#4811=CARTESIAN_POINT('Ctrl Pts',(1.06249483876252,1.05472019027837,0.0392791166635385));
#4812=CARTESIAN_POINT('Ctrl Pts',(1.0641405213401,1.04180214948571,0.0572753882256806));
#4813=CARTESIAN_POINT('Ctrl Pts',(1.06578620391767,1.0191383762067,0.0682760013049927));
#4814=CARTESIAN_POINT('Ctrl Pts',(1.06743188649524,0.997007560113464,0.0672918533961942));
#4815=CARTESIAN_POINT('Ctrl Pts',(1.06907756907282,0.974876744020226,0.0663077054873957));
#4816=CARTESIAN_POINT('Ctrl Pts',(1.07072325165039,0.95327888511276,0.0533387965904873));
#4817=CARTESIAN_POINT('Ctrl Pts',(1.07236893422797,0.94200924945551,0.0342669094208368));
#4818=CARTESIAN_POINT('Ctrl Pts',(1.07401461680554,0.930739613798259,0.0151950222511858));
#4819=CARTESIAN_POINT('Ctrl Pts',(1.07566029938312,0.929798201391224,-0.00997984319120748));
#4820=CARTESIAN_POINT('Ctrl Pts',(1.07730598196069,0.939611970528872,-0.0298401428710264));
#4821=CARTESIAN_POINT('Ctrl Pts',(1.07895166453827,0.94942573966652,-0.0497004425508454));
#4822=CARTESIAN_POINT('Ctrl Pts',(1.08059734711584,0.969994690348852,-0.0642461764680898));
#4823=CARTESIAN_POINT('Ctrl Pts',(1.08224302969342,0.991990196740174,-0.0668804252506597));
#4824=CARTESIAN_POINT('Ctrl Pts',(1.08388871227099,1.01398570313149,-0.0695146740332295));
#4825=CARTESIAN_POINT('Ctrl Pts',(1.08553439484856,1.03740776523181,-0.0602374376811246));
#4826=CARTESIAN_POINT('Ctrl Pts',(1.08718007742614,1.05163378702205,-0.0432562165212047));
#4827=CARTESIAN_POINT('Ctrl Pts',(1.08833617115477,1.06162758217984,-0.031326890930149));
#4828=CARTESIAN_POINT('Ctrl Pts',(1.08949226488339,1.06708306048207,-0.0155955893875555));
#4829=CARTESIAN_POINT('Ctrl Pts',(1.09064835861202,1.06720933782776,5.63344661341795E-5));
#4830=CARTESIAN_POINT('Ctrl Pts',(1.08143194660003,1.06732628687969,-4.03830708004537E-5));
#4831=CARTESIAN_POINT('Ctrl Pts',(1.08124958129952,1.06734379231632,-0.00249832495047068));
#4832=CARTESIAN_POINT('Ctrl Pts',(1.08106721599902,1.06722073004974,-0.00495449645537239));
#4833=CARTESIAN_POINT('Ctrl Pts',(1.08088485069852,1.06695124191923,-0.00739449581161062));
#4834=CARTESIAN_POINT('Ctrl Pts',(1.07923916812094,1.06451935427385,-0.0294132922535016));
#4835=CARTESIAN_POINT('Ctrl Pts',(1.07759348554337,1.05016336895895,-0.050115119991802));
#4836=CARTESIAN_POINT('Ctrl Pts',(1.07594780296579,1.03039414875863,-0.0601110895265915));
#4837=CARTESIAN_POINT('Ctrl Pts',(1.07430212038822,1.01062492855831,-0.0701070590613814));
#4838=CARTESIAN_POINT('Ctrl Pts',(1.07265643781064,0.985442473472561,-0.0693971703926598));
#4839=CARTESIAN_POINT('Ctrl Pts',(1.07101075523307,0.966267769663841,-0.0583033789705536));
#4840=CARTESIAN_POINT('Ctrl Pts',(1.06936507265549,0.947093065855122,-0.0472095875484474));
#4841=CARTESIAN_POINT('Ctrl Pts',(1.06771939007792,0.933926113323433,-0.0257318933729567));
#4842=CARTESIAN_POINT('Ctrl Pts',(1.06607370750034,0.932738513413998,-0.00361106425819719));
#4843=CARTESIAN_POINT('Ctrl Pts',(1.06442802492277,0.931550913504563,0.0185097648565621));
#4844=CARTESIAN_POINT('Ctrl Pts',(1.06278234234519,0.942342666217383,0.0412737289105904));
#4845=CARTESIAN_POINT('Ctrl Pts',(1.06113665976762,0.960219393383924,0.0543566987600678));
#4846=CARTESIAN_POINT('Ctrl Pts',(1.05949097719005,0.978096120550466,0.0674396686095454));
#4847=CARTESIAN_POINT('Ctrl Pts',(1.05784529461247,1.00305782217073,0.0708416442544722));
#4848=CARTESIAN_POINT('Ctrl Pts',(1.0561996120349,1.02378363029019,0.0630197293952856));
#4849=CARTESIAN_POINT('Ctrl Pts',(1.05455392945732,1.04450943840966,0.0551978145360992));
#4850=CARTESIAN_POINT('Ctrl Pts',(1.05290824687975,1.06099935302833,0.0361520091727996));
#4851=CARTESIAN_POINT('Ctrl Pts',(1.05126256430217,1.06577471148052,0.0145201478122435));
#4852=CARTESIAN_POINT('Ctrl Pts',(1.05090235840146,1.06681993874121,0.00978538048122192));
#4853=CARTESIAN_POINT('Ctrl Pts',(1.05054215250074,1.06730394315552,0.00492671996235564));
#4854=CARTESIAN_POINT('Ctrl Pts',(1.05018194660003,1.06725972587191,5.93408217436353E-5));
#4855=CARTESIAN_POINT('Origin',(1.00010265260602,1.,1.39003291564947E-16));
#4856=CARTESIAN_POINT('',(1.01893194660003,1.0671467553176,-1.7201075851618E-5));
#4857=CARTESIAN_POINT('',(1.02814835861202,1.06735283169656,-1.71814710999269E-5));
#4858=CARTESIAN_POINT('',(1.00010265260602,1.06725,1.47239041289213E-16));
#4859=CARTESIAN_POINT('Ctrl Pts',(1.02814835861202,1.06735283169656,-1.71814710999269E-5));
#4860=CARTESIAN_POINT('Ctrl Pts',(1.02972308986341,1.06727971947514,0.0211850955770711));
#4861=CARTESIAN_POINT('Ctrl Pts',(1.03129782111479,1.05642981210046,0.0424518904185418));
#4862=CARTESIAN_POINT('Ctrl Pts',(1.03287255236618,1.03918913315722,0.0547846700487907));
#4863=CARTESIAN_POINT('Ctrl Pts',(1.03451823494375,1.02117165561146,0.0676731172379266));
#4864=CARTESIAN_POINT('Ctrl Pts',(1.03616391752133,0.996174545754857,0.0708043480151238));
#4865=CARTESIAN_POINT('Ctrl Pts',(1.0378096000989,0.975534730221514,0.0627582568642184));
#4866=CARTESIAN_POINT('Ctrl Pts',(1.03945528267648,0.954894914688171,0.0547121657133131));
#4867=CARTESIAN_POINT('Ctrl Pts',(1.04110096525405,0.938612393478085,0.0354887526343059));
#4868=CARTESIAN_POINT('Ctrl Pts',(1.04274664783163,0.93407177022887,0.0138064024718394));
#4869=CARTESIAN_POINT('Ctrl Pts',(1.0443923304092,0.929531146979655,-0.00787594769062771));
#4870=CARTESIAN_POINT('Ctrl Pts',(1.04603801298678,0.936732421691312,-0.0320172349365541));
#4871=CARTESIAN_POINT('Ctrl Pts',(1.04768369556435,0.952409603873485,-0.0476686734291052));
#4872=CARTESIAN_POINT('Ctrl Pts',(1.04932937814192,0.968086786055658,-0.0633201119216562));
#4873=CARTESIAN_POINT('Ctrl Pts',(1.0509750607195,0.992239875708347,-0.070481701660832));
#4874=CARTESIAN_POINT('Ctrl Pts',(1.05262074329707,1.01391473425513,-0.0659054504618432));
#4875=CARTESIAN_POINT('Ctrl Pts',(1.05426642587465,1.03558959280191,-0.0613291992628544));
#4876=CARTESIAN_POINT('Ctrl Pts',(1.05591210845222,1.05478622024278,-0.045015107125701));
#4877=CARTESIAN_POINT('Ctrl Pts',(1.0575577910298,1.06279837981006,-0.0243620960346383));
#4878=CARTESIAN_POINT('Ctrl Pts',(1.05817131355721,1.06578537162409,-0.0166625021179003));
#4879=CARTESIAN_POINT('Ctrl Pts',(1.05878483608461,1.06721788675793,-0.00835986222639151));
#4880=CARTESIAN_POINT('Ctrl Pts',(1.05939835861202,1.06717047291229,-4.1474548518041E-5));
#4881=CARTESIAN_POINT('Ctrl Pts',(1.05018194660003,1.06725972587191,5.93408217436353E-5));
#4882=CARTESIAN_POINT('Ctrl Pts',(1.04889646992317,1.0671019264392,-0.0173110086096763));
#4883=CARTESIAN_POINT('Ctrl Pts',(1.04761099324631,1.06021679295012,-0.0347923967985449));
#4884=CARTESIAN_POINT('Ctrl Pts',(1.04632551656945,1.04810424917952,-0.0471500644083395));
#4885=CARTESIAN_POINT('Ctrl Pts',(1.04467983399188,1.03259762614059,-0.062970497910554));
#4886=CARTESIAN_POINT('Ctrl Pts',(1.0430341514143,1.00852357777702,-0.0703934475571697));
#4887=CARTESIAN_POINT('Ctrl Pts',(1.04138846883673,0.986800395109216,-0.0660523867363086));
#4888=CARTESIAN_POINT('Ctrl Pts',(1.03974278625915,0.96507721244141,-0.0617113259154475));
#4889=CARTESIAN_POINT('Ctrl Pts',(1.03809710368158,0.945704895469368,-0.0456062546271095));
#4890=CARTESIAN_POINT('Ctrl Pts',(1.036451421104,0.93746936134529,-0.0250412977353377));
#4891=CARTESIAN_POINT('Ctrl Pts',(1.03480573852643,0.929233827221212,-0.00447634084356584));
#4892=CARTESIAN_POINT('Ctrl Pts',(1.03316005594885,0.932135075945098,0.0205485016516401));
#4893=CARTESIAN_POINT('Ctrl Pts',(1.03151437337128,0.944857305645506,0.0386837255465732));
#4894=CARTESIAN_POINT('Ctrl Pts',(1.0298686907937,0.957579535345914,0.056818949441506));
#4895=CARTESIAN_POINT('Ctrl Pts',(1.02822300821613,0.980122746022842,0.0680645547361662));
#4896=CARTESIAN_POINT('Ctrl Pts',(1.02657732563855,1.00226292670032,0.0673203277293319));
#4897=CARTESIAN_POINT('Ctrl Pts',(1.02493164306098,1.02440310737781,0.0665761007224976));
#4898=CARTESIAN_POINT('Ctrl Pts',(1.0232859604834,1.04614025805584,0.0538420414141689));
#4899=CARTESIAN_POINT('Ctrl Pts',(1.02164027790583,1.05761593974349,0.0348934213041686));
#4900=CARTESIAN_POINT('Ctrl Pts',(1.0207375008039,1.06391118938511,0.0244987190805001));
#4901=CARTESIAN_POINT('Ctrl Pts',(1.01983472370196,1.06711843068778,0.0122338542518061));
#4902=CARTESIAN_POINT('Ctrl Pts',(1.01893194660003,1.0671467553176,-1.7201075851618E-5));
#4903=CARTESIAN_POINT('Origin',(1.00010265260602,1.,1.39003291564947E-16));
#4904=CARTESIAN_POINT('',(0.987681946600027,1.06732050720374,-4.34314978072467E-5));
#4905=CARTESIAN_POINT('',(0.996898358612022,1.06721593283442,5.75772064931429E-5));
#4906=CARTESIAN_POINT('',(1.00010265260602,1.06725,1.47239041289213E-16));
#4907=CARTESIAN_POINT('Ctrl Pts',(0.996898358612022,1.06721593283442,5.75772064931429E-5));
#4908=CARTESIAN_POINT('Ctrl Pts',(0.997369978487052,1.06726897842859,0.00644107453852732));
#4909=CARTESIAN_POINT('Ctrl Pts',(0.997841598362082,1.06643290806334,0.0128109583835816));
#4910=CARTESIAN_POINT('Ctrl Pts',(0.998313218237112,1.06465117691854,0.0189043263042285));
#4911=CARTESIAN_POINT('Ctrl Pts',(0.999958900814687,1.05843395822578,0.0401666817660655));
#4912=CARTESIAN_POINT('Ctrl Pts',(1.00160458339226,1.04070228623944,0.0580621537054138));
#4913=CARTESIAN_POINT('Ctrl Pts',(1.00325026596984,1.01949799721829,0.0644746177533841));
#4914=CARTESIAN_POINT('Ctrl Pts',(1.00489594854741,0.998293708197131,0.0708870818013544));
#4915=CARTESIAN_POINT('Ctrl Pts',(1.00654163112499,0.973616802141163,0.0658165379579469));
#4916=CARTESIAN_POINT('Ctrl Pts',(1.00818731370256,0.956658983816165,0.0515626274167817));
#4917=CARTESIAN_POINT('Ctrl Pts',(1.00983299628013,0.939701165491168,0.0373087168756166));
#4918=CARTESIAN_POINT('Ctrl Pts',(1.01147867885771,0.930462434897143,0.0138714396366937));
#4919=CARTESIAN_POINT('Ctrl Pts',(1.01312436143528,0.933132828863849,-0.00811970776678952));
#4920=CARTESIAN_POINT('Ctrl Pts',(1.01477004401286,0.935803222830555,-0.0301108551702724));
#4921=CARTESIAN_POINT('Ctrl Pts',(1.01641572659043,0.950382741357992,-0.0506558727383159));
#4922=CARTESIAN_POINT('Ctrl Pts',(1.01806140916801,0.970259142756851,-0.060436989008486));
#4923=CARTESIAN_POINT('Ctrl Pts',(1.01970709174558,0.99013554415571,-0.0702181052786561));
#4924=CARTESIAN_POINT('Ctrl Pts',(1.02135277432316,1.01530882842599,-0.0692353202509527));
#4925=CARTESIAN_POINT('Ctrl Pts',(1.02299845690073,1.03436216864056,-0.0579343559236421));
#4926=CARTESIAN_POINT('Ctrl Pts',(1.02464413947831,1.05341550885512,-0.0466333915963315));
#4927=CARTESIAN_POINT('Ctrl Pts',(1.02628982205588,1.06634890501397,-0.0250142479694135));
#4928=CARTESIAN_POINT('Ctrl Pts',(1.02793550463345,1.06729668047594,-0.00288184435541743));
#4929=CARTESIAN_POINT('Ctrl Pts',(1.02800645595964,1.06733754250296,-0.00192763641182095));
#4930=CARTESIAN_POINT('Ctrl Pts',(1.02807740728583,1.06735612585171,-0.000972474428845824));
#4931=CARTESIAN_POINT('Ctrl Pts',(1.02814835861202,1.06735283169656,-1.71814710999269E-5));
#4932=CARTESIAN_POINT('Ctrl Pts',(1.01893194660003,1.0671467553176,-1.7201075851618E-5));
#4933=CARTESIAN_POINT('Ctrl Pts',(1.01818904112439,1.06717006397546,-0.0100987329022353));
#4934=CARTESIAN_POINT('Ctrl Pts',(1.01744613564875,1.06504066429661,-0.0201709131692464));
#4935=CARTESIAN_POINT('Ctrl Pts',(1.01670323017311,1.06070789656266,-0.029183876674847));
#4936=CARTESIAN_POINT('Ctrl Pts',(1.01505754759553,1.05110995899693,-0.0491493736321899));
#4937=CARTESIAN_POINT('Ctrl Pts',(1.01341186501796,1.03069987116822,-0.0639171866352037));
#4938=CARTESIAN_POINT('Ctrl Pts',(1.01176618244038,1.00873420992229,-0.0667896768959771));
#4939=CARTESIAN_POINT('Ctrl Pts',(1.01012049986281,0.986768548676358,-0.0696621671567506));
#4940=CARTESIAN_POINT('Ctrl Pts',(1.00847481728523,0.963247314013206,-0.0606393346752836));
#4941=CARTESIAN_POINT('Ctrl Pts',(1.00682913470766,0.948838079634324,-0.0438133001191637));
#4942=CARTESIAN_POINT('Ctrl Pts',(1.00518345213009,0.934428845255443,-0.0269872655630439));
#4943=CARTESIAN_POINT('Ctrl Pts',(1.00353776955251,0.929131611160831,-0.00235802893227143));
#4944=CARTESIAN_POINT('Ctrl Pts',(1.00189208697494,0.935348829259482,0.0189043244977486));
#4945=CARTESIAN_POINT('Ctrl Pts',(1.00024640439736,0.941566047358133,0.0401666779277689));
#4946=CARTESIAN_POINT('Ctrl Pts',(0.998600721819787,0.959297717650047,0.0580621481570366));
#4947=CARTESIAN_POINT('Ctrl Pts',(0.996955039242212,0.980502004644934,0.0644746115922347));
#4948=CARTESIAN_POINT('Ctrl Pts',(0.995309356664637,1.00170629163982,0.0708870750274327));
#4949=CARTESIAN_POINT('Ctrl Pts',(0.993663674087062,1.02638319533768,0.0658165316685612));
#4950=CARTESIAN_POINT('Ctrl Pts',(0.992017991509488,1.0433410120422,0.0515626224894891));
#4951=CARTESIAN_POINT('Ctrl Pts',(0.990572643206334,1.05823449875286,0.0390438878768618));
#4952=CARTESIAN_POINT('Ctrl Pts',(0.98912729490318,1.06717384841866,0.0194415410865714));
#4953=CARTESIAN_POINT('Ctrl Pts',(0.987681946600027,1.06732050720374,-4.34314978072467E-5));
#4954=CARTESIAN_POINT('Origin',(1.00010265260602,1.,1.39003291564947E-16));
#4955=CARTESIAN_POINT('',(0.956431946600027,1.06726698217698,5.8629023177959E-5));
#4956=CARTESIAN_POINT('',(0.965648358612021,1.06716602786519,-3.8532548243195E-5));
#4957=CARTESIAN_POINT('',(1.00010265260602,1.06725,1.47239041289213E-16));
#4958=CARTESIAN_POINT('Ctrl Pts',(0.965648358612021,1.06716602786519,-3.8532548243195E-5));
#4959=CARTESIAN_POINT('Ctrl Pts',(0.966662549688271,1.06709351089387,0.0137145679611118));
#4960=CARTESIAN_POINT('Ctrl Pts',(0.96767674076452,1.06298307737411,0.0275074646048607));
#4961=CARTESIAN_POINT('Ctrl Pts',(0.968690931840769,1.0551426996239,0.0386837292431598));
#4962=CARTESIAN_POINT('Ctrl Pts',(0.970336614418344,1.04242046870776,0.0568189548710836));
#4963=CARTESIAN_POINT('Ctrl Pts',(0.971982296995919,1.01987725587662,0.0680645612403682));
#4964=CARTESIAN_POINT('Ctrl Pts',(0.973627979573493,0.997737073083435,0.0673203341624177));
#4965=CARTESIAN_POINT('Ctrl Pts',(0.975273662151068,0.975596890290251,0.0665761070844671));
#4966=CARTESIAN_POINT('Ctrl Pts',(0.976919344728643,0.953859737535026,0.0538420465592812));
#4967=CARTESIAN_POINT('Ctrl Pts',(0.978565027306217,0.942384054750771,0.0348934246385639));
#4968=CARTESIAN_POINT('Ctrl Pts',(0.980210709883792,0.930908371966515,0.0159448027178467));
#4969=CARTESIAN_POINT('Ctrl Pts',(0.981856392461366,0.92969415915323,-0.00921838059840182));
#4970=CARTESIAN_POINT('Ctrl Pts',(0.98350207503894,0.939292097636129,-0.0291838794636348));
#4971=CARTESIAN_POINT('Ctrl Pts',(0.985147757616515,0.948890036119029,-0.0491493783288678));
#4972=CARTESIAN_POINT('Ctrl Pts',(0.98679344019409,0.969300125898113,-0.0639171927430853));
#4973=CARTESIAN_POINT('Ctrl Pts',(0.988439122771665,0.991265789243069,-0.0667896832783535));
#4974=CARTESIAN_POINT('Ctrl Pts',(0.990084805349239,1.01323145258802,-0.0696621738136217));
#4975=CARTESIAN_POINT('Ctrl Pts',(0.991730487926814,1.03675268949885,-0.0606393404699406));
#4976=CARTESIAN_POINT('Ctrl Pts',(0.993376170504388,1.05116192525467,-0.043813304305937));
#4977=CARTESIAN_POINT('Ctrl Pts',(0.994550233206933,1.0614417608096,-0.0318092752416366));
#4978=CARTESIAN_POINT('Ctrl Pts',(0.995724295909477,1.06708387976171,-0.0158336659877246));
#4979=CARTESIAN_POINT('Ctrl Pts',(0.996898358612022,1.06721593283442,5.75772064931429E-5));
#4980=CARTESIAN_POINT('Ctrl Pts',(0.987681946600027,1.06732050720374,-4.34314978072467E-5));
#4981=CARTESIAN_POINT('Ctrl Pts',(0.987481612325606,1.06734083502454,-0.00274417002310408));
#4982=CARTESIAN_POINT('Ctrl Pts',(0.987281278051185,1.06719224042858,-0.00544265359200636));
#4983=CARTESIAN_POINT('Ctrl Pts',(0.987080943776764,1.06686716474637,-0.00811970699087958));
#4984=CARTESIAN_POINT('Ctrl Pts',(0.98543526119919,1.06419677103484,-0.0301108522929035));
#4985=CARTESIAN_POINT('Ctrl Pts',(0.983789578621615,1.04961725390061,-0.0506558678976784));
#4986=CARTESIAN_POINT('Ctrl Pts',(0.98214389604404,1.02974085440113,-0.0604369832331703));
#4987=CARTESIAN_POINT('Ctrl Pts',(0.980498213466466,1.00986445490164,-0.0702180985686621));
#4988=CARTESIAN_POINT('Ctrl Pts',(0.978852530888891,0.984691173036907,-0.0692353136348713));
#4989=CARTESIAN_POINT('Ctrl Pts',(0.977206848311316,0.965637834643066,-0.0579343503874718));
#4990=CARTESIAN_POINT('Ctrl Pts',(0.975561165733742,0.946584496249225,-0.0466333871400722));
#4991=CARTESIAN_POINT('Ctrl Pts',(0.973915483156168,0.933651101326281,-0.0250142455790636));
#4992=CARTESIAN_POINT('Ctrl Pts',(0.972269800578594,0.932703325954887,-0.00288184408002454));
#4993=CARTESIAN_POINT('Ctrl Pts',(0.970624118001019,0.931755550583492,0.0192505574190144));
#4994=CARTESIAN_POINT('Ctrl Pts',(0.968978435423443,0.942793394763646,0.0418962188560838));
#4995=CARTESIAN_POINT('Ctrl Pts',(0.967332752845869,0.960810870587669,0.0547846648136071));
#4996=CARTESIAN_POINT('Ctrl Pts',(0.965687070268294,0.978828346411693,0.0676731107711305));
#4997=CARTESIAN_POINT('Ctrl Pts',(0.96404138769072,1.00382545387959,0.070804341249108));
#4998=CARTESIAN_POINT('Ctrl Pts',(0.962395705113145,1.0244652674406,0.0627582508670804));
#4999=CARTESIAN_POINT('Ctrl Pts',(0.960750022535571,1.04510508100162,0.0547121604850528));
#5000=CARTESIAN_POINT('Ctrl Pts',(0.959104339957997,1.06138760065576,0.03548874924302));
#5001=CARTESIAN_POINT('Ctrl Pts',(0.957458657380422,1.06592822347107,0.0138064011525032));
#5002=CARTESIAN_POINT('Ctrl Pts',(0.957116420453623,1.06687249353824,0.00929732979367038));
#5003=CARTESIAN_POINT('Ctrl Pts',(0.956774183526825,1.06730895523827,0.0046819154203266));
#5004=CARTESIAN_POINT('Ctrl Pts',(0.956431946600027,1.06726698217698,5.8629023177959E-5));
#5005=CARTESIAN_POINT('Origin',(1.00010265260602,1.,1.39003291564947E-16));
#5006=CARTESIAN_POINT('',(0.925181946600026,1.06714508510378,-1.34077474467517E-5));
#5007=CARTESIAN_POINT('',(0.934398358612021,1.06734985052906,-2.13306278514423E-5));
#5008=CARTESIAN_POINT('',(1.00010265260602,1.06725,1.47239041289213E-16));
#5009=CARTESIAN_POINT('Ctrl Pts',(0.934398358612021,1.06734985052906,-2.13306278514423E-5));
#5010=CARTESIAN_POINT('Ctrl Pts',(0.93595512088949,1.06726219809918,0.0209414896806052));
#5011=CARTESIAN_POINT('Ctrl Pts',(0.937511883166959,1.05669141541482,0.0419806381426787));
#5012=CARTESIAN_POINT('Ctrl Pts',(0.939068645444427,1.03978061041749,0.0543567039543548));
#5013=CARTESIAN_POINT('Ctrl Pts',(0.940714328022002,1.02190388154266,0.0674396750540333));
#5014=CARTESIAN_POINT('Ctrl Pts',(0.942360010599576,0.996942177537073,0.0708416510240526));
#5015=CARTESIAN_POINT('Ctrl Pts',(0.944005693177151,0.976216367437062,0.0630197354174109));
#5016=CARTESIAN_POINT('Ctrl Pts',(0.945651375754726,0.955490557337051,0.0551978198107692));
#5017=CARTESIAN_POINT('Ctrl Pts',(0.9472970583323,0.939000641142615,0.0361520126274661));
#5018=CARTESIAN_POINT('Ctrl Pts',(0.948942740909875,0.934225282234089,0.0145201491997838));
#5019=CARTESIAN_POINT('Ctrl Pts',(0.950588423487449,0.929449923325562,-0.00711171422789851));
#5020=CARTESIAN_POINT('Ctrl Pts',(0.952234106065024,0.936389121702944,-0.0313296338999601));
#5021=CARTESIAN_POINT('Ctrl Pts',(0.953879788642598,0.951895746223669,-0.0471500689139655));
#5022=CARTESIAN_POINT('Ctrl Pts',(0.955525471220173,0.967402370744395,-0.0629705039279707));
#5023=CARTESIAN_POINT('Ctrl Pts',(0.957171153797748,0.991476421408465,-0.07039345428392));
#5024=CARTESIAN_POINT('Ctrl Pts',(0.958816836375322,1.01319960615212,-0.0660523930482314));
#5025=CARTESIAN_POINT('Ctrl Pts',(0.960462518952897,1.03492279089578,-0.0617113318125429));
#5026=CARTESIAN_POINT('Ctrl Pts',(0.962108201530471,1.05429510971903,-0.0456062589852166));
#5027=CARTESIAN_POINT('Ctrl Pts',(0.963753884108046,1.06253064463009,-0.0250413001282719));
#5028=CARTESIAN_POINT('Ctrl Pts',(0.964385375609371,1.06569083504352,-0.017149986870037));
#5029=CARTESIAN_POINT('Ctrl Pts',(0.965016867110696,1.06721118094547,-0.00860197418356551));
#5030=CARTESIAN_POINT('Ctrl Pts',(0.965648358612021,1.06716602786519,-3.8532548243195E-5));
#5031=CARTESIAN_POINT('Ctrl Pts',(0.956431946600027,1.06726698217698,5.8629023177959E-5));
#5032=CARTESIAN_POINT('Ctrl Pts',(0.95512850094925,1.06710712331923,-0.0175496478013907));
#5033=CARTESIAN_POINT('Ctrl Pts',(0.953825055298474,1.06000733835672,-0.0352721121138184));
#5034=CARTESIAN_POINT('Ctrl Pts',(0.952521609647698,1.0475903915788,-0.0476686688739228));
#5035=CARTESIAN_POINT('Ctrl Pts',(0.950875927070123,1.03191321089473,-0.0633201058708317));
#5036=CARTESIAN_POINT('Ctrl Pts',(0.949230244492549,1.0077601235501,-0.0704816949256489));
#5037=CARTESIAN_POINT('Ctrl Pts',(0.947584561914974,0.98608526707455,-0.065905444163962));
#5038=CARTESIAN_POINT('Ctrl Pts',(0.9459388793374,0.964410410599006,-0.0613291934022751));
#5039=CARTESIAN_POINT('Ctrl Pts',(0.944293196759825,0.945213784992553,-0.0450151028240838));
#5040=CARTESIAN_POINT('Ctrl Pts',(0.94264751418225,0.93720162619091,-0.0243620937066084));
#5041=CARTESIAN_POINT('Ctrl Pts',(0.941001831604676,0.929189467389267,-0.00370908458913289));
#5042=CARTESIAN_POINT('Ctrl Pts',(0.939356149027101,0.932361775392433,0.0212828430676269));
#5043=CARTESIAN_POINT('Ctrl Pts',(0.937710466449527,0.945279814950654,0.0392791129100566));
#5044=CARTESIAN_POINT('Ctrl Pts',(0.936064783871953,0.958197854508875,0.0572753827524861));
#5045=CARTESIAN_POINT('Ctrl Pts',(0.934419101294378,0.980861625622149,0.0682759947805853));
#5046=CARTESIAN_POINT('Ctrl Pts',(0.932773418716803,1.00299243960058,0.06729184696583));
#5047=CARTESIAN_POINT('Ctrl Pts',(0.931127736139228,1.02512325357901,0.0663076991510748));
#5048=CARTESIAN_POINT('Ctrl Pts',(0.929482053561653,1.04672111042261,0.0533387914934645));
#5049=CARTESIAN_POINT('Ctrl Pts',(0.927836370984079,1.05799074500294,0.0342669061463095));
#5050=CARTESIAN_POINT('Ctrl Pts',(0.926951562856061,1.06404991121904,0.024012827138769));
#5051=CARTESIAN_POINT('Ctrl Pts',(0.926066754728044,1.06712347731487,0.0119945480143607));
#5052=CARTESIAN_POINT('Ctrl Pts',(0.925181946600026,1.06714508510378,-1.34077474467517E-5));
#5053=CARTESIAN_POINT('Origin',(1.00010265260602,1.,1.39003291564947E-16));
#5054=CARTESIAN_POINT('',(0.893931946600027,1.06731441833486,-4.62475275303637E-5));
#5055=CARTESIAN_POINT('',(0.903148358612021,1.06722270406353,5.85632545380677E-5));
#5056=CARTESIAN_POINT('',(1.00010265260602,1.06725,1.47239041289213E-16));
#5057=CARTESIAN_POINT('Ctrl Pts',(0.903148358612021,1.06722270406353,5.85632545380677E-5));
#5058=CARTESIAN_POINT('Ctrl Pts',(0.903602009513135,1.06727501639307,0.00619727451254089));
#5059=CARTESIAN_POINT('Ctrl Pts',(0.904055660414248,1.06650249179946,0.0123230610705127));
#5060=CARTESIAN_POINT('Ctrl Pts',(0.904509311315361,1.06485227245947,0.0182024994660188));
#5061=CARTESIAN_POINT('Ctrl Pts',(0.906154993892935,1.05886586923547,0.0395309908448833));
#5062=CARTESIAN_POINT('Ctrl Pts',(0.90780067647051,1.04132919735731,0.0576175949153445));
#5063=CARTESIAN_POINT('Ctrl Pts',(0.909446359048085,1.02019565478297,0.0642595032493805));
#5064=CARTESIAN_POINT('Ctrl Pts',(0.911092041625659,0.999062112208636,0.0709014115834166));
#5065=CARTESIAN_POINT('Ctrl Pts',(0.912737724203234,0.974331698938112,0.0660986241810273));
#5066=CARTESIAN_POINT('Ctrl Pts',(0.914383406780808,0.957220386837247,0.0520293467921167));
#5067=CARTESIAN_POINT('Ctrl Pts',(0.916029089358382,0.940109074736384,0.0379600694032061));
#5068=CARTESIAN_POINT('Ctrl Pts',(0.917674771935957,0.930616863805179,0.0146243020277743));
#5069=CARTESIAN_POINT('Ctrl Pts',(0.919320454513532,0.93304875168295,-0.00739449651821898));
#5070=CARTESIAN_POINT('Ctrl Pts',(0.920966137091107,0.93548063956072,-0.0294132950642119));
#5071=CARTESIAN_POINT('Ctrl Pts',(0.922611819668682,0.949836626247464,-0.0501151247807664));
#5072=CARTESIAN_POINT('Ctrl Pts',(0.924257502246256,0.96960584833692,-0.0601110952707654));
#5073=CARTESIAN_POINT('Ctrl Pts',(0.92590318482383,0.989375070426375,-0.0701070657607645));
#5074=CARTESIAN_POINT('Ctrl Pts',(0.927548867401405,1.01455752791854,-0.0693971770242079));
#5075=CARTESIAN_POINT('Ctrl Pts',(0.92919454997898,1.03373223355958,-0.0583033845419878));
#5076=CARTESIAN_POINT('Ctrl Pts',(0.930840232556554,1.05290693920062,-0.0472095920597676));
#5077=CARTESIAN_POINT('Ctrl Pts',(0.932485915134129,1.06607389299054,-0.0257318958318838));
#5078=CARTESIAN_POINT('Ctrl Pts',(0.934131597711704,1.06726149301346,-0.00361106460327297));
#5079=CARTESIAN_POINT('Ctrl Pts',(0.934220518011809,1.06732566198012,-0.00241582137821524));
#5080=CARTESIAN_POINT('Ctrl Pts',(0.934309438311915,1.06735485712543,-0.0012187005152606));
#5081=CARTESIAN_POINT('Ctrl Pts',(0.934398358612021,1.06734985052906,-2.13306278514423E-5));
#5082=CARTESIAN_POINT('Ctrl Pts',(0.925181946600026,1.06714508510378,-1.34077474467517E-5));
#5083=CARTESIAN_POINT('Ctrl Pts',(0.924421072150469,1.06716366632379,-0.0103394280915864));
#5084=CARTESIAN_POINT('Ctrl Pts',(0.923660197700912,1.06492537833916,-0.0206578144916155));
#5085=CARTESIAN_POINT('Ctrl Pts',(0.922899323251355,1.06038802370049,-0.0298401400195274));
#5086=CARTESIAN_POINT('Ctrl Pts',(0.92125364067378,1.05057425550063,-0.0497004378015086));
#5087=CARTESIAN_POINT('Ctrl Pts',(0.919607958096206,1.03000530678386,-0.064246170328771));
#5088=CARTESIAN_POINT('Ctrl Pts',(0.917962275518631,1.00800980249441,-0.0668804188596121));
#5089=CARTESIAN_POINT('Ctrl Pts',(0.916316592941057,0.986014298204964,-0.0695146673904533));
#5090=CARTESIAN_POINT('Ctrl Pts',(0.914670910363483,0.962592238342849,-0.060237431924873));
#5091=CARTESIAN_POINT('Ctrl Pts',(0.913025227785908,0.948366217912033,-0.0432562123876662));
#5092=CARTESIAN_POINT('Ctrl Pts',(0.911379545208334,0.934140197481216,-0.0262749928504596));
#5093=CARTESIAN_POINT('Ctrl Pts',(0.909733862630759,0.929110216481697,-0.001589789241627));
#5094=CARTESIAN_POINT('Ctrl Pts',(0.908088180053184,0.935557519660945,0.0196039304881696));
#5095=CARTESIAN_POINT('Ctrl Pts',(0.906442497475609,0.942004822840194,0.0407976502179665));
#5096=CARTESIAN_POINT('Ctrl Pts',(0.904796814898035,0.95992941019821,0.0584998860687272));
#5097=CARTESIAN_POINT('Ctrl Pts',(0.903151132320461,0.981201952664964,0.0646821519372411));
#5098=CARTESIAN_POINT('Ctrl Pts',(0.901505449742886,1.00247449513172,0.0708644178057549));
#5099=CARTESIAN_POINT('Ctrl Pts',(0.899859767165311,1.02709499270721,0.0655267136920226));
#5100=CARTESIAN_POINT('Ctrl Pts',(0.898214084587736,1.04389732353534,0.0510898458527647));
#5101=CARTESIAN_POINT('Ctrl Pts',(0.8967867052585,1.05847078990966,0.0385680588365531));
#5102=CARTESIAN_POINT('Ctrl Pts',(0.895359325929263,1.06716270900478,0.0192010402740919));
#5103=CARTESIAN_POINT('Ctrl Pts',(0.893931946600027,1.06731441833486,-4.62475275303637E-5));
#5104=CARTESIAN_POINT('Origin',(1.00010265260602,1.,1.39003291564947E-16));
#5105=CARTESIAN_POINT('',(0.862681946600027,1.06727420871701,5.76369205274511E-5));
#5106=CARTESIAN_POINT('',(0.871898358612021,1.06716193340452,-3.54275541045721E-5));
#5107=CARTESIAN_POINT('',(1.00010265260602,1.06725,1.47239041289213E-16));
#5108=CARTESIAN_POINT('Ctrl Pts',(0.871898358612021,1.06716193340452,-3.54275541045721E-5));
#5109=CARTESIAN_POINT('Ctrl Pts',(0.872894580714354,1.06709668679975,0.0134760686919312));
#5110=CARTESIAN_POINT('Ctrl Pts',(0.873890802816686,1.06314075740909,0.027022721906084));
#5111=CARTESIAN_POINT('Ctrl Pts',(0.874887024919018,1.05555873109463,0.038083797460886));
#5112=CARTESIAN_POINT('Ctrl Pts',(0.876532707496593,1.0430338045956,0.0563558467229493));
#5113=CARTESIAN_POINT('Ctrl Pts',(0.878178390074167,1.02061380047099,0.0678451253088542));
#5114=CARTESIAN_POINT('Ctrl Pts',(0.879824072651742,0.998466851890299,0.067340906489971));
#5115=CARTESIAN_POINT('Ctrl Pts',(0.881469755229316,0.976319903309603,0.0668366876710877));
#5116=CARTESIAN_POINT('Ctrl Pts',(0.883115437806891,0.954446010272816,0.0543389714474161));
#5117=CARTESIAN_POINT('Ctrl Pts',(0.884761120384466,0.94276562846439,0.0355158407599741));
#5118=CARTESIAN_POINT('Ctrl Pts',(0.886406802962041,0.931085246655965,0.0166927100725322));
#5119=CARTESIAN_POINT('Ctrl Pts',(0.888052485539615,0.929598376075901,-0.00845583507868006));
#5120=CARTESIAN_POINT('Ctrl Pts',(0.88969816811719,0.938979356388717,-0.0285241876873716));
#5121=CARTESIAN_POINT('Ctrl Pts',(0.891343850694764,0.948360336701532,-0.0485925402960633));
#5122=CARTESIAN_POINT('Ctrl Pts',(0.892989533272338,0.968609167907227,-0.0635807003622344));
#5123=CARTESIAN_POINT('Ctrl Pts',(0.894635215849913,0.99054240779512,-0.0666910952051492));
#5124=CARTESIAN_POINT('Ctrl Pts',(0.896280898427488,1.01247564768301,-0.0698014900480641));
#5125=CARTESIAN_POINT('Ctrl Pts',(0.897926581005063,1.0360932962531,-0.0610341196677225));
#5126=CARTESIAN_POINT('Ctrl Pts',(0.899572263582637,1.05068405325322,-0.0443652451339178));
#5127=CARTESIAN_POINT('Ctrl Pts',(0.900764295259099,1.0612527040761,-0.0322913332349784));
#5128=CARTESIAN_POINT('Ctrl Pts',(0.90195632693556,1.0670852460452,-0.0160717657147918));
#5129=CARTESIAN_POINT('Ctrl Pts',(0.903148358612021,1.06722270406353,5.85632545380677E-5));
#5130=CARTESIAN_POINT('Ctrl Pts',(0.893931946600027,1.06731441833486,-4.62475275303637E-5));
#5131=CARTESIAN_POINT('Ctrl Pts',(0.893713643351689,1.06733762074426,-0.00298992575147875));
#5132=CARTESIAN_POINT('Ctrl Pts',(0.893495340103351,1.06716106241848,-0.0059308033996255));
#5133=CARTESIAN_POINT('Ctrl Pts',(0.893277036855013,1.06677523237042,-0.00884396430944851));
#5134=CARTESIAN_POINT('Ctrl Pts',(0.891631354277438,1.06386664629658,-0.03080487506762));
#5135=CARTESIAN_POINT('Ctrl Pts',(0.889985671699863,1.04906531006812,-0.0511906650191792));
#5136=CARTESIAN_POINT('Ctrl Pts',(0.888339989122289,1.02908406624439,-0.0607557771209939));
#5137=CARTESIAN_POINT('Ctrl Pts',(0.886694306544714,1.00910282242067,-0.0703208892228085));
#5138=CARTESIAN_POINT('Ctrl Pts',(0.88504862396714,0.983941671001681,-0.0690653234748788));
#5139=CARTESIAN_POINT('Ctrl Pts',(0.883402941389565,0.965011936308819,-0.0575585159806503));
#5140=CARTESIAN_POINT('Ctrl Pts',(0.881757258811991,0.946082201615957,-0.0460517084864218));
#5141=CARTESIAN_POINT('Ctrl Pts',(0.880111576234415,0.933383883649221,-0.0242936592458945));
#5142=CARTESIAN_POINT('Ctrl Pts',(0.878465893656841,0.932676044155441,-0.00215228535941807));
#5143=CARTESIAN_POINT('Ctrl Pts',(0.876820211079266,0.931968204661662,0.0199890885270586));
#5144=CARTESIAN_POINT('Ctrl Pts',(0.875174528501693,0.94325084364084,0.0425137870594843));
#5145=CARTESIAN_POINT('Ctrl Pts',(0.873528845924118,0.961406951524168,0.0552061950555122));
#5146=CARTESIAN_POINT('Ctrl Pts',(0.871883163346543,0.979563059407496,0.0678986030515398));
#5147=CARTESIAN_POINT('Ctrl Pts',(0.870237480768968,1.00459263619497,0.0707587205111696));
#5148=CARTESIAN_POINT('Ctrl Pts',(0.868591798191393,1.02514403054037,0.0624893998238703));
#5149=CARTESIAN_POINT('Ctrl Pts',(0.866946115613819,1.04569542488576,0.0542200791365708));
#5150=CARTESIAN_POINT('Ctrl Pts',(0.865300433036245,1.06176863678906,0.0348213203023418));
#5151=CARTESIAN_POINT('Ctrl Pts',(0.86365475045867,1.06607399055969,0.0130910326001106));
#5152=CARTESIAN_POINT('Ctrl Pts',(0.863330482505789,1.06692232441985,0.00880926161660231));
#5153=CARTESIAN_POINT('Ctrl Pts',(0.863006214552908,1.06731376650386,0.00443696809673745));
#5154=CARTESIAN_POINT('Ctrl Pts',(0.862681946600027,1.06727420871701,5.76369205274511E-5));
#5155=CARTESIAN_POINT('Origin',(1.00010265260602,1.,1.39003291564947E-16));
#5156=CARTESIAN_POINT('',(0.831431946600026,1.06714383338146,-9.55973656019645E-6));
#5157=CARTESIAN_POINT('',(0.840648358612021,1.0673463127231,-2.53505266510798E-5));
#5158=CARTESIAN_POINT('',(1.00010265260602,1.06725,1.47239041289213E-16));
#5159=CARTESIAN_POINT('Ctrl Pts',(0.840648358612021,1.0673463127231,-2.53505266510798E-5));
#5160=CARTESIAN_POINT('Ctrl Pts',(0.842187151915573,1.06724561411861,0.0206984053200903));
#5161=CARTESIAN_POINT('Ctrl Pts',(0.843725945219124,1.05694945547755,0.041508685373584));
#5162=CARTESIAN_POINT('Ctrl Pts',(0.845264738522676,1.04036741444655,0.0539223522818209));
#5163=CARTESIAN_POINT('Ctrl Pts',(0.846910421100251,1.0226335342936,0.0671983103377534));
#5164=CARTESIAN_POINT('Ctrl Pts',(0.848556103677825,0.997710168536694,0.07087063192949));
#5165=CARTESIAN_POINT('Ctrl Pts',(0.8502017862554,0.976900798636036,0.0632738107629282));
#5166=CARTESIAN_POINT('Ctrl Pts',(0.851847468832974,0.956091428735378,0.0556769895963665));
#5167=CARTESIAN_POINT('Ctrl Pts',(0.853493151410548,0.939396054690966,0.0368110256715068));
#5168=CARTESIAN_POINT('Ctrl Pts',(0.855138833988123,0.93438652110371,0.0152321901668437));
#5169=CARTESIAN_POINT('Ctrl Pts',(0.856784516565698,0.929376987516455,-0.0063466453378197));
#5170=CARTESIAN_POINT('Ctrl Pts',(0.858430199143273,0.936053294386357,-0.0306383524222866));
#5171=CARTESIAN_POINT('Ctrl Pts',(0.860075881720847,0.951387539610676,-0.0466259254513713));
#5172=CARTESIAN_POINT('Ctrl Pts',(0.861721564298422,0.966721784834994,-0.0626134984804558));
#5173=CARTESIAN_POINT('Ctrl Pts',(0.863367246875996,0.990713968413729,-0.0702969374541584));
#5174=CARTESIAN_POINT('Ctrl Pts',(0.86501292945357,1.01248292742778,-0.0661915761493031));
#5175=CARTESIAN_POINT('Ctrl Pts',(0.866658612031145,1.03425188644183,-0.0620862148444477));
#5176=CARTESIAN_POINT('Ctrl Pts',(0.86830429460872,1.0537976208912,-0.0461920532610341));
#5177=CARTESIAN_POINT('Ctrl Pts',(0.869949977186295,1.06225556367916,-0.0257175625002164));
#5178=CARTESIAN_POINT('Ctrl Pts',(0.870599437661537,1.06559344889317,-0.0176374061680882));
#5179=CARTESIAN_POINT('Ctrl Pts',(0.871248898136779,1.06720446919131,-0.0088438877886632));
#5180=CARTESIAN_POINT('Ctrl Pts',(0.871898358612021,1.06716193340452,-3.54275541045721E-5));
#5181=CARTESIAN_POINT('Ctrl Pts',(0.862681946600027,1.06727420871701,5.76369205274511E-5));
#5182=CARTESIAN_POINT('Ctrl Pts',(0.861360531975333,1.0671130079644,-0.0177884444180672));
#5183=CARTESIAN_POINT('Ctrl Pts',(0.86003911735064,1.05979453889951,-0.0357513944569997));
#5184=CARTESIAN_POINT('Ctrl Pts',(0.858717702725946,1.04707094331048,-0.0481816734958362));
#5185=CARTESIAN_POINT('Ctrl Pts',(0.857072020148372,1.03122504665269,-0.0636622753193189));
#5186=CARTESIAN_POINT('Ctrl Pts',(0.855426337570797,1.00699575769915,-0.0705616623960513));
#5187=CARTESIAN_POINT('Ctrl Pts',(0.853780654993222,0.985371773666735,-0.0657507593255188));
#5188=CARTESIAN_POINT('Ctrl Pts',(0.852134972415648,0.963747789634316,-0.0609398562549864));
#5189=CARTESIAN_POINT('Ctrl Pts',(0.850489289838074,0.944729110523009,-0.044418663037189));
#5190=CARTESIAN_POINT('Ctrl Pts',(0.848843607260499,0.936941268264955,-0.0236800278268025));
#5191=CARTESIAN_POINT('Ctrl Pts',(0.847197924682925,0.929153426006902,-0.00294139261641579));
#5192=CARTESIAN_POINT('Ctrl Pts',(0.84555224210535,0.932596420602102,0.0220146845865602));
#5193=CARTESIAN_POINT('Ctrl Pts',(0.843906559527775,0.945708752484772,0.0398698861248796));
#5194=CARTESIAN_POINT('Ctrl Pts',(0.842260876950201,0.958821084367441,0.0577250876631987));
#5195=CARTESIAN_POINT('Ctrl Pts',(0.840615194372626,0.981602753537578,0.0684794135368615));
#5196=CARTESIAN_POINT('Ctrl Pts',(0.838969511795052,1.00372160098573,0.0672554608078765));
#5197=CARTESIAN_POINT('Ctrl Pts',(0.837323829217477,1.02584044843388,0.0660315080788915));
#5198=CARTESIAN_POINT('Ctrl Pts',(0.835678146639903,1.04729647416004,0.0528292767472585));
#5199=CARTESIAN_POINT('Ctrl Pts',(0.834032464062328,1.05835873777363,0.0336363660803285));
#5200=CARTESIAN_POINT('Ctrl Pts',(0.833165624908227,1.06418562283878,0.0235267819637083));
#5201=CARTESIAN_POINT('Ctrl Pts',(0.832298785754127,1.06712875749441,0.0117550832249452));
#5202=CARTESIAN_POINT('Ctrl Pts',(0.831431946600026,1.06714383338146,-9.55973656019645E-6));
#5203=CARTESIAN_POINT('Origin',(1.00010265260602,1.,1.39003291564947E-16));
#5204=CARTESIAN_POINT('',(0.800181946600026,1.06730806354725,-4.88972179337348E-5));
#5205=CARTESIAN_POINT('',(0.809398358612021,1.06722962584692,5.92853095723918E-5));
#5206=CARTESIAN_POINT('',(1.00010265260602,1.06725,1.47239041289213E-16));
#5207=CARTESIAN_POINT('Ctrl Pts',(0.809398358612021,1.06722962584692,5.92853095723917E-5));
#5208=CARTESIAN_POINT('Ctrl Pts',(0.809834040539217,1.06728091713926,0.00595330133492845));
#5209=CARTESIAN_POINT('Ctrl Pts',(0.810269722466413,1.06656931246839,0.011835136067656));
#5210=CARTESIAN_POINT('Ctrl Pts',(0.810705404393609,1.06504575100272,0.0174985383549009));
#5211=CARTESIAN_POINT('Ctrl Pts',(0.812351086971184,1.05929086790247,0.0388906638761406));
#5212=CARTESIAN_POINT('Ctrl Pts',(0.813996769548758,1.04195125328561,0.0571662673710099));
#5213=CARTESIAN_POINT('Ctrl Pts',(0.815642452126333,1.0208909390948,0.0640368377914944));
#5214=CARTESIAN_POINT('Ctrl Pts',(0.817288134703907,0.999830624903983,0.070907408211979));
#5215=CARTESIAN_POINT('Ctrl Pts',(0.818933817281482,0.975049611139215,0.0663729455580788));
#5216=CARTESIAN_POINT('Ctrl Pts',(0.820579499859057,0.957786815779594,0.0524899551039012));
#5217=CARTESIAN_POINT('Ctrl Pts',(0.822225182436632,0.940524020419973,0.0386069646497234));
#5218=CARTESIAN_POINT('Ctrl Pts',(0.823870865014206,0.930779443465499,0.0153754463952684));
#5219=CARTESIAN_POINT('Ctrl Pts',(0.825516547591781,0.932972539378896,-0.00666841715279444));
#5220=CARTESIAN_POINT('Ctrl Pts',(0.827162230169355,0.935165635292294,-0.0287122807008573));
#5221=CARTESIAN_POINT('Ctrl Pts',(0.82880791274693,0.949296404073564,-0.0495684895425279));
#5222=CARTESIAN_POINT('Ctrl Pts',(0.830453595324504,0.968956124566881,-0.0597781397152439));
#5223=CARTESIAN_POINT('Ctrl Pts',(0.832099277902079,0.988615845060199,-0.06998778988796));
#5224=CARTESIAN_POINT('Ctrl Pts',(0.833744960479654,1.01380451726556,-0.0695508813917218));
#5225=CARTESIAN_POINT('Ctrl Pts',(0.835390643057228,1.03309833573934,-0.0586655641300835));
#5226=CARTESIAN_POINT('Ctrl Pts',(0.837036325634803,1.05239215421312,-0.0477802468684451));
#5227=CARTESIAN_POINT('Ctrl Pts',(0.838682008212377,1.06579111895532,-0.0264465208414067));
#5228=CARTESIAN_POINT('Ctrl Pts',(0.840327690789952,1.06721840405191,-0.00433986056782338));
#5229=CARTESIAN_POINT('Ctrl Pts',(0.840434580063975,1.06731110811883,-0.00290400355632087));
#5230=CARTESIAN_POINT('Ctrl Pts',(0.840541469337998,1.06735330755515,-0.0014648857861151));
#5231=CARTESIAN_POINT('Ctrl Pts',(0.840648358612021,1.0673463127231,-2.53505266510798E-5));
#5232=CARTESIAN_POINT('Ctrl Pts',(0.831431946600026,1.06714383338146,-9.55973656019645E-6));
#5233=CARTESIAN_POINT('Ctrl Pts',(0.830653103176552,1.06715737886499,-0.0105799345941646));
#5234=CARTESIAN_POINT('Ctrl Pts',(0.829874259753078,1.06480716606396,-0.0211446134759486));
#5235=CARTESIAN_POINT('Ctrl Pts',(0.829095416329604,1.06006105685015,-0.0304928990460885));
#5236=CARTESIAN_POINT('Ctrl Pts',(0.827449733752029,1.05003261081207,-0.0502456635033484));
#5237=CARTESIAN_POINT('Ctrl Pts',(0.825804051174455,1.02930721723491,-0.0645676024156412));
#5238=CARTESIAN_POINT('Ctrl Pts',(0.824158368596881,1.00728445396229,-0.066963301834365));
#5239=CARTESIAN_POINT('Ctrl Pts',(0.822512686019306,0.985261690689665,-0.0693590012530889));
#5240=CARTESIAN_POINT('Ctrl Pts',(0.820867003441731,0.961941557721591,-0.0598284611782438));
#5241=CARTESIAN_POINT('Ctrl Pts',(0.819221320864156,0.947900422156377,-0.042694047483273));
#5242=CARTESIAN_POINT('Ctrl Pts',(0.817575638286582,0.933859286591163,-0.0255596337883022));
#5243=CARTESIAN_POINT('Ctrl Pts',(0.815929955709008,0.929097148428809,-0.000821346473205582));
#5244=CARTESIAN_POINT('Ctrl Pts',(0.814284273131433,0.935773779839655,0.0203012419613063));
#5245=CARTESIAN_POINT('Ctrl Pts',(0.812638590553858,0.942450411250501,0.0414238303958185));
#5246=CARTESIAN_POINT('Ctrl Pts',(0.810992907976283,0.960565812234547,0.0589307199497459));
#5247=CARTESIAN_POINT('Ctrl Pts',(0.809347225398708,0.981904110123021,0.0648820773114456));
#5248=CARTESIAN_POINT('Ctrl Pts',(0.807701542821134,1.0032424080115,0.0708334346731453));
#5249=CARTESIAN_POINT('Ctrl Pts',(0.806055860243559,1.0278036028044,0.0652292598426173));
#5250=CARTESIAN_POINT('Ctrl Pts',(0.804410177665985,1.04444847597765,0.0506110994816284));
#5251=CARTESIAN_POINT('Ctrl Pts',(0.803000767310666,1.05870362878357,0.0380916823903537));
#5252=CARTESIAN_POINT('Ctrl Pts',(0.801591356955346,1.06715239158194,0.0189607709678824));
#5253=CARTESIAN_POINT('Ctrl Pts',(0.800181946600026,1.06730806354725,-4.88972179337348E-5));
#5254=CARTESIAN_POINT('Origin',(1.00010265260602,1.,1.39003291564947E-16));
#5255=CARTESIAN_POINT('',(0.768931946600026,1.06728142225056,5.55853983121221E-5));
#5256=CARTESIAN_POINT('',(0.778148358612021,1.06715804352392,-3.26032199945469E-5));
#5257=CARTESIAN_POINT('',(1.00010265260602,1.06725,1.47239041289213E-16));
#5258=CARTESIAN_POINT('',(0.750102652606024,0.946230698716073,0.0403908992155209));
#5259=CARTESIAN_POINT('Ctrl Pts',(0.768931946600026,1.06728142225056,5.55853983121221E-5));
#5260=CARTESIAN_POINT('Ctrl Pts',(0.767592563001416,1.06711931590874,-0.0180234504630421));
#5261=CARTESIAN_POINT('Ctrl Pts',(0.766253179402805,1.05957756243237,-0.0362185738061889));
#5262=CARTESIAN_POINT('Ctrl Pts',(0.764913795804195,1.04654553695072,-0.0486824781191553));
#5263=CARTESIAN_POINT('Ctrl Pts',(0.763268113226621,1.03053326286591,-0.0639967093802262));
#5264=CARTESIAN_POINT('Ctrl Pts',(0.761622430649046,1.00623248669514,-0.0706586879221059));
#5265=CARTESIAN_POINT('Ctrl Pts',(0.759976748071472,0.984660574009745,-0.0656004433992621));
#5266=CARTESIAN_POINT('Ctrl Pts',(0.758331065493897,0.963088661324349,-0.0605421988764183));
#5267=CARTESIAN_POINT('Ctrl Pts',(0.756685382916322,0.944245612124327,-0.043763731288851));
#5268=CARTESIAN_POINT('Ctrl Pts',(0.755039700338747,0.936689944737676,-0.0229783086823586));
#5269=CARTESIAN_POINT('Ctrl Pts',(0.753394017761173,0.929134277351024,-0.00219288607586626));
#5270=CARTESIAN_POINT('Ctrl Pts',(0.751748335183598,0.932865991777744,0.0225994915495512));
#5271=CARTESIAN_POINT('Ctrl Pts',(0.750102652606024,0.946230698716073,0.0403908992155209));
#5272=CARTESIAN_POINT('',(0.750102652606024,1.05371136366605,0.040416612425131));
#5273=CARTESIAN_POINT('Origin',(0.750102652606024,1.,7.65600310939036E-17));
#5274=CARTESIAN_POINT('Ctrl Pts',(0.750102652606024,1.05371136366605,0.040416612425131));
#5275=CARTESIAN_POINT('Ctrl Pts',(0.750555378937658,1.05007608695658,0.0453525884360635));
#5276=CARTESIAN_POINT('Ctrl Pts',(0.751008105269291,1.04579147454997,0.0497845686743013));
#5277=CARTESIAN_POINT('Ctrl Pts',(0.751460831600925,1.04095392962954,0.0534929110694139));
#5278=CARTESIAN_POINT('Ctrl Pts',(0.753106514178499,1.02336921489679,0.0669729188465146));
#5279=CARTESIAN_POINT('Ctrl Pts',(0.754752196756074,0.998478279891865,0.0708910771264178));
#5280=CARTESIAN_POINT('Ctrl Pts',(0.756397879333648,0.977585643028842,0.0635143251605071));
#5281=CARTESIAN_POINT('Ctrl Pts',(0.758043561911222,0.95669300616582,0.0561375731945964));
#5282=CARTESIAN_POINT('Ctrl Pts',(0.759689244488797,0.939798667444703,0.037465910982872));
#5283=CARTESIAN_POINT('Ctrl Pts',(0.761334927066371,0.934556650378064,0.0159456223715524));
#5284=CARTESIAN_POINT('Ctrl Pts',(0.762980609643946,0.929314633311424,-0.00557466623976716));
#5285=CARTESIAN_POINT('Ctrl Pts',(0.764626292221521,0.935724937899261,-0.0299435812506818));
#5286=CARTESIAN_POINT('Ctrl Pts',(0.766271974799096,0.950884436453361,-0.0460979410500169));
#5287=CARTESIAN_POINT('Ctrl Pts',(0.76791765737667,0.966043935007461,-0.0622523008493518));
#5288=CARTESIAN_POINT('Ctrl Pts',(0.769563339954245,0.989952627527825,-0.0701921054371073));
#5289=CARTESIAN_POINT('Ctrl Pts',(0.771209022531819,1.01176509409981,-0.0663221428551906));
#5290=CARTESIAN_POINT('Ctrl Pts',(0.772854705109394,1.0335775606718,-0.0624521802732739));
#5291=CARTESIAN_POINT('Ctrl Pts',(0.774500387686968,1.05329380129542,-0.0467724505216849));
#5292=CARTESIAN_POINT('Ctrl Pts',(0.776146070264543,1.06197300916177,-0.026391235328922));
#5293=CARTESIAN_POINT('Ctrl Pts',(0.776813499713702,1.06549298257846,-0.0181253501487118));
#5294=CARTESIAN_POINT('Ctrl Pts',(0.777480929162862,1.0671975618972,-0.0090861548670243));
#5295=CARTESIAN_POINT('Ctrl Pts',(0.778148358612021,1.06715804352392,-3.26032199945469E-5));
#5296=CARTESIAN_POINT('Origin',(0.68229103012948,1.,5.96225158728361E-17));
#5297=CARTESIAN_POINT('',(1.22416427508257,1.08213045293652,-9.9470083536187E-6));
#5298=CARTESIAN_POINT('',(1.22916603012948,1.08199243527034,7.78565198277737E-5));
#5299=CARTESIAN_POINT('',(0.68229103012948,1.082,6.51168636886143E-15));
#5300=CARTESIAN_POINT('',(1.25010265260602,0.960483521110673,-0.0718501767303976));
#5301=CARTESIAN_POINT('Ctrl Pts',(1.22916603012948,1.08199243527034,7.78565198277751E-5));
#5302=CARTESIAN_POINT('Ctrl Pts',(1.22956217397803,1.08205101673958,0.00660873103677969));
#5303=CARTESIAN_POINT('Ctrl Pts',(1.23160400040415,1.07836405556982,0.0402029566362393));
#5304=CARTESIAN_POINT('Ctrl Pts',(1.23529150940785,1.03220574976969,0.0912171586054046));
#5305=CARTESIAN_POINT('Ctrl Pts',(1.24022855714058,0.941154945159353,0.0768846771797095));
#5306=CARTESIAN_POINT('Ctrl Pts',(1.2451656048733,0.903556200780711,-0.00740245177855132));
#5307=CARTESIAN_POINT('Ctrl Pts',(1.24845697002845,0.936709438975361,-0.058774801587783));
#5308=CARTESIAN_POINT('Ctrl Pts',(1.25010265260602,0.960483521110675,-0.0718501767303988));
#5309=CARTESIAN_POINT('',(1.25010265260602,1.0394391903205,-0.0718497121942286));
#5310=CARTESIAN_POINT('Origin',(1.25010265260602,1.,2.01446552035989E-16));
#5311=CARTESIAN_POINT('Ctrl Pts',(1.22416427508257,1.08213045293652,-9.94700835361827E-6));
#5312=CARTESIAN_POINT('Ctrl Pts',(1.22577494428179,1.08208246718186,0.0264277203517455));
#5313=CARTESIAN_POINT('Ctrl Pts',(1.22903129605858,1.05392557460855,0.0799626425722319));
#5314=CARTESIAN_POINT('Ctrl Pts',(1.23393333041295,0.962910489817361,0.0893772632936944));
#5315=CARTESIAN_POINT('Ctrl Pts',(1.23887037814568,0.904885669523314,0.0177592364512199));
#5316=CARTESIAN_POINT('Ctrl Pts',(1.2438074258784,0.933139129394301,-0.0699100458849962));
#5317=CARTESIAN_POINT('Ctrl Pts',(1.24755151736518,1.00055195653092,-0.0883909714594723));
#5318=CARTESIAN_POINT('Ctrl Pts',(1.24964992627439,1.03292407131081,-0.0755136733837653));
#5319=CARTESIAN_POINT('Ctrl Pts',(1.25010265260602,1.0394391903205,-0.0718497121942287));
#5320=CARTESIAN_POINT('Origin',(0.68229103012948,1.,5.96225158728361E-17));
#5321=CARTESIAN_POINT('',(1.19291427508257,1.08194262314708,6.68830786834924E-5));
#5322=CARTESIAN_POINT('',(1.19791603012948,1.08187967137653,-2.99024772361509E-5));
#5323=CARTESIAN_POINT('',(0.68229103012948,1.082,6.51168636886143E-15));
#5324=CARTESIAN_POINT('Ctrl Pts',(1.19791603012948,1.08187967137653,-2.99024772361561E-5));
#5325=CARTESIAN_POINT('Ctrl Pts',(1.19885474517925,1.08182818236504,0.015500238378559));
#5326=CARTESIAN_POINT('Ctrl Pts',(1.20143914280659,1.07013096945274,0.0583284709206703));
#5327=CARTESIAN_POINT('Ctrl Pts',(1.20566922301151,1.00115397804364,0.0967525228517809));
#5328=CARTESIAN_POINT('Ctrl Pts',(1.21060627074424,0.919601516690852,0.053840016360421));
#5329=CARTESIAN_POINT('Ctrl Pts',(1.21554331847696,0.910976611610076,-0.0379123152289391));
#5330=CARTESIAN_POINT('Ctrl Pts',(1.22048036620968,0.983098466900997,-0.0952686307881177));
#5331=CARTESIAN_POINT('Ctrl Pts',(1.22502127009385,1.0635387472799,-0.0685553506236116));
#5332=CARTESIAN_POINT('Ctrl Pts',(1.22791649140045,1.08180765437603,-0.0205221873107417));
#5333=CARTESIAN_POINT('Ctrl Pts',(1.22916603012948,1.08199243527034,7.78565198277751E-5));
#5334=CARTESIAN_POINT('Ctrl Pts',(1.19291427508257,1.08194262314708,6.68830786834904E-5));
#5335=CARTESIAN_POINT('Ctrl Pts',(1.19342183290543,1.08200797105208,0.00844770293314052));
#5336=CARTESIAN_POINT('Ctrl Pts',(1.19557507330587,1.07698453509956,0.043925659029382));
#5337=CARTESIAN_POINT('Ctrl Pts',(1.19937399628388,1.02599465708146,0.0932027449262688));
#5338=CARTESIAN_POINT('Ctrl Pts',(1.20431104401661,0.936149980311967,0.072702712354281));
#5339=CARTESIAN_POINT('Ctrl Pts',(1.20924809174933,0.904221001038329,-0.0137435085339492));
#5340=CARTESIAN_POINT('Ctrl Pts',(1.21418513948206,0.95916929607025,-0.0877225060241302));
#5341=CARTESIAN_POINT('Ctrl Pts',(1.21912218721478,1.05115330791136,-0.0821340613722012));
#5342=CARTESIAN_POINT('Ctrl Pts',(1.22244856574829,1.0818667415927,-0.0281708002001737));
#5343=CARTESIAN_POINT('Ctrl Pts',(1.22412926170421,1.08213149607026,-0.000584659711958791));
#5344=CARTESIAN_POINT('Ctrl Pts',(1.22416427508257,1.08213045293652,-9.94700835361827E-6));
#5345=CARTESIAN_POINT('Origin',(0.68229103012948,1.,5.96225158728361E-17));
#5346=CARTESIAN_POINT('',(1.16166427508257,1.0819088596417,-5.39435708756391E-5));
#5347=CARTESIAN_POINT('',(1.16666603012948,1.0820996424289,-4.52555689521519E-5));
#5348=CARTESIAN_POINT('',(0.68229103012948,1.082,6.51168636886143E-15));
#5349=CARTESIAN_POINT('Ctrl Pts',(1.16666603012948,1.0820996424289,-4.52555689521492E-5));
#5350=CARTESIAN_POINT('Ctrl Pts',(1.16814731638047,1.08193738206753,0.0242934649984916));
#5351=CARTESIAN_POINT('Ctrl Pts',(1.17127428520903,1.05762055951966,0.0759538863812374));
#5352=CARTESIAN_POINT('Ctrl Pts',(1.17604693661517,0.969990272453949,0.0919885920709911));
#5353=CARTESIAN_POINT('Ctrl Pts',(1.18098398434789,0.906562097145184,0.0251365768828035));
#5354=CARTESIAN_POINT('Ctrl Pts',(1.18592103208061,0.92788763730403,-0.0645158652959066));
#5355=CARTESIAN_POINT('Ctrl Pts',(1.19085807981334,1.01462329483832,-0.095648477577952));
#5356=CARTESIAN_POINT('Ctrl Pts',(1.19485641249629,1.07412520123038,-0.0505990839711105));
#5357=CARTESIAN_POINT('Ctrl Pts',(1.19720906260167,1.08191844891522,-0.011726002683577));
#5358=CARTESIAN_POINT('Ctrl Pts',(1.19791603012948,1.08187967137653,-2.99024772361561E-5));
#5359=CARTESIAN_POINT('Ctrl Pts',(1.16166427508257,1.0819088596417,-5.39435708756336E-5));
#5360=CARTESIAN_POINT('Ctrl Pts',(1.16271440410665,1.08180282481661,0.0173038755308286));
#5361=CARTESIAN_POINT('Ctrl Pts',(1.16541021570831,1.0679364411557,0.062018378035889));
#5362=CARTESIAN_POINT('Ctrl Pts',(1.16975170988754,0.994653937601866,0.0966121524611685));
#5363=CARTESIAN_POINT('Ctrl Pts',(1.17468875762027,0.916167947514917,0.0483184837724678));
#5364=CARTESIAN_POINT('Ctrl Pts',(1.17962580535299,0.913722573770238,-0.0438029099823626));
#5365=CARTESIAN_POINT('Ctrl Pts',(1.18456285308572,0.989535916609974,-0.0961924611163208));
#5366=CARTESIAN_POINT('Ctrl Pts',(1.18899234299557,1.06607094948618,-0.0649139001704061));
#5367=CARTESIAN_POINT('Ctrl Pts',(1.19177615032786,1.08179608995422,-0.0187258891168001));
#5368=CARTESIAN_POINT('Ctrl Pts',(1.19291427508257,1.08194262314708,6.68830786834904E-5));
#5369=CARTESIAN_POINT('Origin',(0.68229103012948,1.,5.96225158728361E-17));
#5370=CARTESIAN_POINT('',(1.13041427508257,1.08212829155236,-1.57608078956727E-5));
#5371=CARTESIAN_POINT('',(1.13541603012948,1.08200301356546,7.28819773823975E-5));
#5372=CARTESIAN_POINT('',(0.68229103012948,1.082,6.51168636886143E-15));
#5373=CARTESIAN_POINT('Ctrl Pts',(1.13541603012948,1.08200301356546,7.28819773823964E-5));
#5374=CARTESIAN_POINT('Ctrl Pts',(1.13579420500411,1.08205942939309,0.00630561819418574));
#5375=CARTESIAN_POINT('Ctrl Pts',(1.13781806245632,1.07857429710496,0.0395985721291101));
#5376=CARTESIAN_POINT('Ctrl Pts',(1.1414876024861,1.03318188786333,0.0908925145676248));
#5377=CARTESIAN_POINT('Ctrl Pts',(1.14642465021883,0.942012409940899,0.0774591907705045));
#5378=CARTESIAN_POINT('Ctrl Pts',(1.15136169795155,0.903441096762774,-0.00623418787468775));
#5379=CARTESIAN_POINT('Ctrl Pts',(1.15629874568427,0.952454405486735,-0.084272791615248));
#5380=CARTESIAN_POINT('Ctrl Pts',(1.161235793417,1.04459437233051,-0.0858709994821823));
#5381=CARTESIAN_POINT('Ctrl Pts',(1.16469155489873,1.08077574177713,-0.032469361625554));
#5382=CARTESIAN_POINT('Ctrl Pts',(1.16650163380289,1.08211765043197,-0.00274641900204133));
#5383=CARTESIAN_POINT('Ctrl Pts',(1.16666603012948,1.0820996424289,-4.52555689521492E-5));
#5384=CARTESIAN_POINT('Ctrl Pts',(1.13041427508257,1.08212829155236,-1.57608078956737E-5));
#5385=CARTESIAN_POINT('Ctrl Pts',(1.13200697530787,1.08205876411388,0.02612935037866));
#5386=CARTESIAN_POINT('Ctrl Pts',(1.13524535811075,1.05445617010333,0.0794157167823407));
#5387=CARTESIAN_POINT('Ctrl Pts',(1.1401294234912,0.963880718265065,0.0897657292265398));
#5388=CARTESIAN_POINT('Ctrl Pts',(1.14506647122392,0.905085023007634,0.0188052068581839));
#5389=CARTESIAN_POINT('Ctrl Pts',(1.15000351895665,0.932382811089448,-0.0692127476674676));
#5390=CARTESIAN_POINT('Ctrl Pts',(1.15494056668937,1.02101337840717,-0.0944506567110626));
#5391=CARTESIAN_POINT('Ctrl Pts',(1.15882748539801,1.07578572436492,-0.0468708797295213));
#5392=CARTESIAN_POINT('Ctrl Pts',(1.16106872152908,1.0819689945541,-0.00989798236020055));
#5393=CARTESIAN_POINT('Ctrl Pts',(1.16166427508257,1.0819088596417,-5.39435708756336E-5));
#5394=CARTESIAN_POINT('Origin',(0.68229103012948,1.,5.96225158728361E-17));
#5395=CARTESIAN_POINT('',(1.09916427508257,1.08195041935876,6.86903527618607E-5));
#5396=CARTESIAN_POINT('',(1.10416603012948,1.0818766508321,-2.5511953051757E-5));
#5397=CARTESIAN_POINT('',(0.68229103012948,1.082,6.51168636886143E-15));
#5398=CARTESIAN_POINT('Ctrl Pts',(1.10416603012948,1.0818766508321,-2.55119530517587E-5));
#5399=CARTESIAN_POINT('Ctrl Pts',(1.10508677620533,1.08183372748406,0.0152087249354688));
#5400=CARTESIAN_POINT('Ctrl Pts',(1.10765320485876,1.07046787388602,0.0577311652598061));
#5401=CARTESIAN_POINT('Ctrl Pts',(1.11186531608976,1.00220235963484,0.0967348772894805));
#5402=CARTESIAN_POINT('Ctrl Pts',(1.11680236382248,0.920190159075555,0.0547071856604889));
#5403=CARTESIAN_POINT('Ctrl Pts',(1.12173941155521,0.910570192368491,-0.0369431506342153));
#5404=CARTESIAN_POINT('Ctrl Pts',(1.12667645928793,0.982068336830547,-0.095083869978395));
#5405=CARTESIAN_POINT('Ctrl Pts',(1.13123533214602,1.06310894788781,-0.0691308095821711));
#5406=CARTESIAN_POINT('Ctrl Pts',(1.13414852242654,1.08181392777242,-0.020817033495926));
#5407=CARTESIAN_POINT('Ctrl Pts',(1.13541603012948,1.08200301356546,7.28819773823964E-5));
#5408=CARTESIAN_POINT('Ctrl Pts',(1.09916427508257,1.08195041935876,6.86903527618634E-5));
#5409=CARTESIAN_POINT('Ctrl Pts',(1.09965386393152,1.0820156250466,0.00815085628219325));
#5410=CARTESIAN_POINT('Ctrl Pts',(1.10178913535804,1.07721745423987,0.0433243578881526));
#5411=CARTESIAN_POINT('Ctrl Pts',(1.10557008936213,1.02700330667543,0.0929156073532675));
#5412=CARTESIAN_POINT('Ctrl Pts',(1.11050713709486,0.936941700990087,0.0733903235249566));
#5413=CARTESIAN_POINT('Ctrl Pts',(1.11544418482758,0.904077692438882,-0.0127043131770941));
#5414=CARTESIAN_POINT('Ctrl Pts',(1.1203812325603,0.958220875489369,-0.0872753883786298));
#5415=CARTESIAN_POINT('Ctrl Pts',(1.12531828029303,1.05026018910348,-0.0826825377689214));
#5416=CARTESIAN_POINT('Ctrl Pts',(1.12866262780045,1.08172557987196,-0.0287678757241621));
#5417=CARTESIAN_POINT('Ctrl Pts',(1.1303612927303,1.08213060443409,-0.000885497290045233));
#5418=CARTESIAN_POINT('Ctrl Pts',(1.13041427508257,1.08212829155236,-1.57608078956737E-5));
#5419=CARTESIAN_POINT('Origin',(0.68229103012948,1.,5.96225158728361E-17));
#5420=CARTESIAN_POINT('',(1.06791427508257,1.08190303016814,-5.05711967013614E-5));
#5421=CARTESIAN_POINT('',(1.07291603012948,1.08209301894623,-4.92403242450983E-5));
#5422=CARTESIAN_POINT('',(0.68229103012948,1.082,6.51168636886143E-15));
#5423=CARTESIAN_POINT('Ctrl Pts',(1.07291603012948,1.08209301894623,-4.92403242451042E-5));
#5424=CARTESIAN_POINT('Ctrl Pts',(1.07437934740655,1.08192174519681,0.0239993412869856));
#5425=CARTESIAN_POINT('Ctrl Pts',(1.0774883472612,1.05811114335324,0.0753888476027343));
#5426=CARTESIAN_POINT('Ctrl Pts',(1.08224302969341,0.970989042336717,0.092308456856928));
#5427=CARTESIAN_POINT('Ctrl Pts',(1.08718007742614,0.906840033120642,0.0261477999623445));
#5428=CARTESIAN_POINT('Ctrl Pts',(1.09211712515886,0.927192609552184,-0.0637304540075794));
#5429=CARTESIAN_POINT('Ctrl Pts',(1.09705417289159,1.01358578417001,-0.0958014266092861));
#5430=CARTESIAN_POINT('Ctrl Pts',(1.10107047454846,1.07384198354546,-0.0511998616081206));
#5431=CARTESIAN_POINT('Ctrl Pts',(1.10344109362776,1.08191044592783,-0.012019974580727));
#5432=CARTESIAN_POINT('Ctrl Pts',(1.10416603012948,1.0818766508321,-2.55119530517587E-5));
#5433=CARTESIAN_POINT('Ctrl Pts',(1.06791427508257,1.08190303016814,-5.05711967013655E-5));
#5434=CARTESIAN_POINT('Ctrl Pts',(1.06894643513274,1.08180576814993,0.0170132877420863));
#5435=CARTESIAN_POINT('Ctrl Pts',(1.07162427776048,1.06830289310337,0.0614248701177693));
#5436=CARTESIAN_POINT('Ctrl Pts',(1.07594780296579,0.995701374573544,0.096664422000193));
#5437=CARTESIAN_POINT('Ctrl Pts',(1.08088485069852,0.916696567268908,0.0492242496784153));
#5438=CARTESIAN_POINT('Ctrl Pts',(1.08582189843124,0.913252887683323,-0.0428652209361379));
#5439=CARTESIAN_POINT('Ctrl Pts',(1.09075894616396,0.988493956350292,-0.0960734074586977));
#5440=CARTESIAN_POINT('Ctrl Pts',(1.09520640504774,1.06567534038908,-0.0655026601588302));
#5441=CARTESIAN_POINT('Ctrl Pts',(1.09800818135394,1.08179644549487,-0.0190161833424445));
#5442=CARTESIAN_POINT('Ctrl Pts',(1.09916427508257,1.08195041935876,6.86903527618634E-5));
#5443=CARTESIAN_POINT('Origin',(0.68229103012948,1.,5.96225158728361E-17));
#5444=CARTESIAN_POINT('',(1.03666427508257,1.08212538586048,-2.09498978386466E-5));
#5445=CARTESIAN_POINT('',(1.04166603012948,1.08201185905572,7.23560949129781E-5));
#5446=CARTESIAN_POINT('',(0.68229103012948,1.082,6.51168636886143E-15));
#5447=CARTESIAN_POINT('Ctrl Pts',(1.04166603012948,1.08201185905572,7.23560949129732E-5));
#5448=CARTESIAN_POINT('Ctrl Pts',(1.0420262360302,1.08206577455394,0.00600730166413544));
#5449=CARTESIAN_POINT('Ctrl Pts',(1.04403212450849,1.07877932593219,0.0389981953286447));
#5450=CARTESIAN_POINT('Ctrl Pts',(1.04768369556435,1.03416506990128,0.0905275365316092));
#5451=CARTESIAN_POINT('Ctrl Pts',(1.05262074329707,0.942855350963221,0.078083134915966));
#5452=CARTESIAN_POINT('Ctrl Pts',(1.0575577910298,0.903379199775807,-0.00518727634486553));
#5453=CARTESIAN_POINT('Ctrl Pts',(1.06249483876252,0.951543814241167,-0.0837525219533521));
#5454=CARTESIAN_POINT('Ctrl Pts',(1.06743188649525,1.04366104771469,-0.0863492894255532));
#5455=CARTESIAN_POINT('Ctrl Pts',(1.0709056169509,1.08061021149328,-0.0330673163083862));
#5456=CARTESIAN_POINT('Ctrl Pts',(1.07273366482898,1.08211436386525,-0.00304628469797017));
#5457=CARTESIAN_POINT('Ctrl Pts',(1.07291603012948,1.08209301894623,-4.92403242451042E-5));
#5458=CARTESIAN_POINT('Ctrl Pts',(1.03666427508257,1.08212538586048,-2.0949897838639E-5));
#5459=CARTESIAN_POINT('Ctrl Pts',(1.03823900633395,1.08203623787303,0.025831640703646));
#5460=CARTESIAN_POINT('Ctrl Pts',(1.04145942016291,1.05498090816057,0.07886252165901));
#5461=CARTESIAN_POINT('Ctrl Pts',(1.04632551656945,0.964855758269993,0.090151932505135));
#5462=CARTESIAN_POINT('Ctrl Pts',(1.05126256430217,0.905294416743135,0.0198328303871286));
#5463=CARTESIAN_POINT('Ctrl Pts',(1.0561996120349,0.931636626097302,-0.0684758188693445));
#5464=CARTESIAN_POINT('Ctrl Pts',(1.06113665976762,1.01998844846996,-0.0946728608892289));
#5465=CARTESIAN_POINT('Ctrl Pts',(1.06504154745018,1.07552884490855,-0.0474723227934575));
#5466=CARTESIAN_POINT('Ctrl Pts',(1.06730075255516,1.08196084333309,-0.0101934379563404));
#5467=CARTESIAN_POINT('Ctrl Pts',(1.06791427508257,1.08190303016814,-5.05711967013655E-5));
#5468=CARTESIAN_POINT('Origin',(0.68229103012948,1.,5.96225158728361E-17));
#5469=CARTESIAN_POINT('',(1.00541427508257,1.08195846085387,7.02056644275072E-5));
#5470=CARTESIAN_POINT('',(1.01041603012948,1.08187411057314,-2.09738025242422E-5));
#5471=CARTESIAN_POINT('',(0.68229103012948,1.082,6.51168636886143E-15));
#5472=CARTESIAN_POINT('Ctrl Pts',(1.01041603012948,1.08187411057314,-2.09738025242451E-5));
#5473=CARTESIAN_POINT('Ctrl Pts',(1.01131880723141,1.08183957347804,0.0149171159650283));
#5474=CARTESIAN_POINT('Ctrl Pts',(1.01386726691092,1.07080004735477,0.0571335514923214));
#5475=CARTESIAN_POINT('Ctrl Pts',(1.01806140916801,1.00325068326217,0.0967053252420485));
#5476=CARTESIAN_POINT('Ctrl Pts',(1.02299845690073,0.920787786213484,0.0555689846846297));
#5477=CARTESIAN_POINT('Ctrl Pts',(1.02793550463345,0.910175039952129,-0.0359717031045247));
#5478=CARTESIAN_POINT('Ctrl Pts',(1.03287255236618,0.981038831403764,-0.0948839341369577));
#5479=CARTESIAN_POINT('Ctrl Pts',(1.03744939419819,1.06267648712566,-0.0697119232420881));
#5480=CARTESIAN_POINT('Ctrl Pts',(1.04038055345262,1.08181944933851,-0.0211078469292716));
#5481=CARTESIAN_POINT('Ctrl Pts',(1.04166603012948,1.08201185905572,7.23560949129732E-5));
#5482=CARTESIAN_POINT('Ctrl Pts',(1.00541427508257,1.08195846085387,7.02056644275066E-5));
#5483=CARTESIAN_POINT('Ctrl Pts',(1.0058858949576,1.08202314098356,0.00785380092430407));
#5484=CARTESIAN_POINT('Ctrl Pts',(1.0080031974102,1.07744641200509,0.0427231530683));
#5485=CARTESIAN_POINT('Ctrl Pts',(1.01176618244038,1.02800877871754,0.0926174766226092));
#5486=CARTESIAN_POINT('Ctrl Pts',(1.01670323017311,0.937740839836219,0.0740694649426353));
#5487=CARTESIAN_POINT('Ctrl Pts',(1.02164027790583,0.903945632012725,-0.0116639209424945));
#5488=CARTESIAN_POINT('Ctrl Pts',(1.02657732563855,0.95727740238818,-0.0868174424553379));
#5489=CARTESIAN_POINT('Ctrl Pts',(1.03151437337128,1.0493610890869,-0.0832224221309509));
#5490=CARTESIAN_POINT('Ctrl Pts',(1.03487668985262,1.08158117263655,-0.0293641311317592));
#5491=CARTESIAN_POINT('Ctrl Pts',(1.03659332375638,1.08212940252551,-0.0011857680768025));
#5492=CARTESIAN_POINT('Ctrl Pts',(1.03666427508257,1.08212538586048,-2.0949897838639E-5));
#5493=CARTESIAN_POINT('Origin',(0.68229103012948,1.,5.96225158728361E-17));
#5494=CARTESIAN_POINT('',(0.974164275082569,1.08189761018506,-4.69839249872725E-5));
#5495=CARTESIAN_POINT('',(0.979166030129479,1.08208597160902,-5.2957365355501E-5));
#5496=CARTESIAN_POINT('',(0.68229103012948,1.082,6.51168636886143E-15));
#5497=CARTESIAN_POINT('Ctrl Pts',(0.979166030129479,1.08208597160902,-5.29573653555027E-5));
#5498=CARTESIAN_POINT('Ctrl Pts',(0.980611378432633,1.08190714602722,0.0237056709159684));
#5499=CARTESIAN_POINT('Ctrl Pts',(0.983702409313362,1.05859628496734,0.0748220943202218));
#5500=CARTESIAN_POINT('Ctrl Pts',(0.988439122771664,0.971991223958969,0.0926174677721478));
#5501=CARTESIAN_POINT('Ctrl Pts',(0.993376170504389,0.907128905865131,0.0271559707253101));
#5502=CARTESIAN_POINT('Ctrl Pts',(0.998313218237112,0.926506148798578,-0.0629375937530557));
#5503=CARTESIAN_POINT('Ctrl Pts',(1.00325026596984,1.01254665031732,-0.0959430478860049));
#5504=CARTESIAN_POINT('Ctrl Pts',(1.00728453660063,1.07355445457388,-0.0518005702765768));
#5505=CARTESIAN_POINT('Ctrl Pts',(1.00967312465384,1.08190253153885,-0.0123136966242861));
#5506=CARTESIAN_POINT('Ctrl Pts',(1.01041603012948,1.08187411057314,-2.09738025242451E-5));
#5507=CARTESIAN_POINT('Ctrl Pts',(0.974164275082569,1.08189761018506,-4.69839249872629E-5));
#5508=CARTESIAN_POINT('Ctrl Pts',(0.975178466158818,1.08180918800442,0.0167225958782385));
#5509=CARTESIAN_POINT('Ctrl Pts',(0.977838339812642,1.0686644959832,0.0608306875408086));
#5510=CARTESIAN_POINT('Ctrl Pts',(0.982143896044041,0.996749316427198,0.0967053344831454));
#5511=CARTESIAN_POINT('Ctrl Pts',(0.987080943776764,0.917234973263103,0.0501242357590458));
#5512=CARTESIAN_POINT('Ctrl Pts',(0.992017991509488,0.912793391819708,-0.041922501724927));
#5513=CARTESIAN_POINT('Ctrl Pts',(0.996955039242212,0.987453348483721,-0.0959430570542576));
#5514=CARTESIAN_POINT('Ctrl Pts',(1.00142046709991,1.06527469230824,-0.0660905021664344));
#5515=CARTESIAN_POINT('Ctrl Pts',(1.00424021238002,1.08179744446781,-0.0193064774868879));
#5516=CARTESIAN_POINT('Ctrl Pts',(1.00541427508257,1.08195846085387,7.02056644275066E-5));
#5517=CARTESIAN_POINT('Origin',(0.68229103012948,1.,5.96225158728361E-17));
#5518=CARTESIAN_POINT('',(0.942914275082569,1.08212175083097,-2.60090926892218E-5));
#5519=CARTESIAN_POINT('',(0.94791603012948,1.08202070689237,7.14881769622112E-5));
#5520=CARTESIAN_POINT('',(0.68229103012948,1.082,6.51168636886143E-15));
#5521=CARTESIAN_POINT('Ctrl Pts',(0.947916030129479,1.08202070689237,7.14881769622243E-5));
#5522=CARTESIAN_POINT('Ctrl Pts',(0.948258267056278,1.08207188594109,0.0057088039325927));
#5523=CARTESIAN_POINT('Ctrl Pts',(0.950246186560651,1.07898059678073,0.0383979961843336));
#5524=CARTESIAN_POINT('Ctrl Pts',(0.953879788642598,1.03514423837165,0.0901519238902751));
#5525=CARTESIAN_POINT('Ctrl Pts',(0.958816836375323,0.943705005106191,0.0786979060823579));
#5526=CARTESIAN_POINT('Ctrl Pts',(0.963753884108045,0.90332865316095,-0.00413975508521213));
#5527=CARTESIAN_POINT('Ctrl Pts',(0.968690931840771,0.950638915630002,-0.0832224141782689));
#5528=CARTESIAN_POINT('Ctrl Pts',(0.973627979573493,1.04272259352927,-0.0868174341591251));
#5529=CARTESIAN_POINT('Ctrl Pts',(0.977119679003063,1.08044118660034,-0.0336655309718882));
#5530=CARTESIAN_POINT('Ctrl Pts',(0.978965695855058,1.08211075794814,-0.00334605118058753));
#5531=CARTESIAN_POINT('Ctrl Pts',(0.979166030129479,1.08208597160902,-5.29573653555027E-5));
#5532=CARTESIAN_POINT('Ctrl Pts',(0.942914275082569,1.08212175083097,-2.60090926892285E-5));
#5533=CARTESIAN_POINT('Ctrl Pts',(0.944471037360037,1.0820148735187,0.02553460451762));
#5534=CARTESIAN_POINT('Ctrl Pts',(0.94767348221508,1.05550009102029,0.0783072763320656));
#5535=CARTESIAN_POINT('Ctrl Pts',(0.952521609647698,0.965834926833931,0.0905275451823627));
#5536=CARTESIAN_POINT('Ctrl Pts',(0.957458657380422,0.905514935996294,0.0208581241103549));
#5537=CARTESIAN_POINT('Ctrl Pts',(0.962395705113145,0.930898472068204,-0.0677308459911636));
#5538=CARTESIAN_POINT('Ctrl Pts',(0.967332752845869,1.01896117040815,-0.0948839432040043));
#5539=CARTESIAN_POINT('Ctrl Pts',(0.971255609502344,1.07526780093167,-0.048073729438867));
#5540=CARTESIAN_POINT('Ctrl Pts',(0.973532783581244,1.08195266672905,-0.0104886525360893));
#5541=CARTESIAN_POINT('Ctrl Pts',(0.974164275082569,1.08189761018506,-4.69839249872629E-5));
#5542=CARTESIAN_POINT('Origin',(0.68229103012948,1.,5.96225158728361E-17));
#5543=CARTESIAN_POINT('',(0.911664275082568,1.08196671722245,7.14079832337784E-5));
#5544=CARTESIAN_POINT('',(0.916666030129479,1.08187207402989,-1.63484801563732E-5));
#5545=CARTESIAN_POINT('',(0.68229103012948,1.082,6.51168636886143E-15));
#5546=CARTESIAN_POINT('Ctrl Pts',(0.916666030129479,1.08187207402989,-1.63484801563748E-5));
#5547=CARTESIAN_POINT('Ctrl Pts',(0.917550838257497,1.08184572698616,0.014625322485913));
#5548=CARTESIAN_POINT('Ctrl Pts',(0.920081328963089,1.07112757864152,0.0565354992923441));
#5549=CARTESIAN_POINT('Ctrl Pts',(0.924257502246256,1.00429862501569,0.096664412763006));
#5550=CARTESIAN_POINT('Ctrl Pts',(0.929194549978979,0.921394718787197,0.056424255753155));
#5551=CARTESIAN_POINT('Ctrl Pts',(0.934131597711704,0.909790439697552,-0.0349960298016835));
#5552=CARTESIAN_POINT('Ctrl Pts',(0.939068645444427,0.980011553440112,-0.0946728518423529));
#5553=CARTESIAN_POINT('Ctrl Pts',(0.943663456250352,1.06223880570609,-0.070291795233186));
#5554=CARTESIAN_POINT('Ctrl Pts',(0.946612584478703,1.08182578605468,-0.0213988270589437));
#5555=CARTESIAN_POINT('Ctrl Pts',(0.947916030129479,1.08202070689237,7.14881769622243E-5));
#5556=CARTESIAN_POINT('Ctrl Pts',(0.911664275082568,1.08196671722245,7.14079832337982E-5));
#5557=CARTESIAN_POINT('Ctrl Pts',(0.912117925983682,1.08203050325996,0.00755652803016485));
#5558=CARTESIAN_POINT('Ctrl Pts',(0.914217259462369,1.07767143638604,0.0421220466975866));
#5559=CARTESIAN_POINT('Ctrl Pts',(0.917962275518632,1.02901096043555,0.0923084656778598));
#5560=CARTESIAN_POINT('Ctrl Pts',(0.922899323251355,0.938547292561223,0.0747399050683766));
#5561=CARTESIAN_POINT('Ctrl Pts',(0.927836370984079,0.903824855548937,-0.0106221584908232));
#5562=CARTESIAN_POINT('Ctrl Pts',(0.932773418716802,0.956338948113085,-0.0863492976770308));
#5563=CARTESIAN_POINT('Ctrl Pts',(0.937710466449527,1.04845619038927,-0.0837525299566903));
#5564=CARTESIAN_POINT('Ctrl Pts',(0.941090751904782,1.08143342093418,-0.0299606695627516));
#5565=CARTESIAN_POINT('Ctrl Pts',(0.942825354782462,1.08212785552841,-0.00148599914127967));
#5566=CARTESIAN_POINT('Ctrl Pts',(0.942914275082569,1.08212175083097,-2.60090926892285E-5));
#5567=CARTESIAN_POINT('Origin',(0.68229103012948,1.,5.96225158728361E-17));
#5568=CARTESIAN_POINT('',(0.880414275082568,1.08189261768283,-4.31979098299641E-5));
#5569=CARTESIAN_POINT('',(0.885416030129479,1.08207854726333,-5.63910372878672E-5));
#5570=CARTESIAN_POINT('',(0.68229103012948,1.082,6.51168636886143E-15));
#5571=CARTESIAN_POINT('Ctrl Pts',(0.885416030129479,1.08207854726333,-5.63910372878589E-5));
#5572=CARTESIAN_POINT('Ctrl Pts',(0.886843409458716,1.08189356339616,0.0234124208546537));
#5573=CARTESIAN_POINT('Ctrl Pts',(0.889916471365527,1.05907600635104,0.0742536730576495));
#5574=CARTESIAN_POINT('Ctrl Pts',(0.894635215849914,0.972996695904988,0.0929155984743191));
#5575=CARTESIAN_POINT('Ctrl Pts',(0.899572263582636,0.907428688617674,0.0281609513473739));
#5576=CARTESIAN_POINT('Ctrl Pts',(0.904509311315361,0.925828321716287,-0.0621373399206249));
#5577=CARTESIAN_POINT('Ctrl Pts',(0.909446359048085,1.01150604255019,-0.0960733982779888));
#5578=CARTESIAN_POINT('Ctrl Pts',(0.913498598652791,1.07326254678576,-0.0524010840144669));
#5579=CARTESIAN_POINT('Ctrl Pts',(0.915905155679922,1.08189473068478,-0.0126071836953161));
#5580=CARTESIAN_POINT('Ctrl Pts',(0.916666030129479,1.08187207402989,-1.63484801563748E-5));
#5581=CARTESIAN_POINT('Ctrl Pts',(0.880414275082568,1.08189261768283,-4.31979098299613E-5));
#5582=CARTESIAN_POINT('Ctrl Pts',(0.881410497184901,1.08181306048445,0.0164317863604267));
#5583=CARTESIAN_POINT('Ctrl Pts',(0.884052401864807,1.06902127798735,0.0602358648377222));
#5584=CARTESIAN_POINT('Ctrl Pts',(0.888339989122289,0.997797640154705,0.0967348865333868));
#5585=CARTESIAN_POINT('Ctrl Pts',(0.893277036855013,0.917783102057313,0.0510183335070194));
#5586=CARTESIAN_POINT('Ctrl Pts',(0.898214084587736,0.912344140530242,-0.0409748576780842));
#5587=CARTESIAN_POINT('Ctrl Pts',(0.90315113232046,0.98641421453174,-0.095801435764004));
#5588=CARTESIAN_POINT('Ctrl Pts',(0.907634529152072,1.06486898007927,-0.0666773684117159));
#5589=CARTESIAN_POINT('Ctrl Pts',(0.910472243406107,1.08179911041943,-0.019596799830672));
#5590=CARTESIAN_POINT('Ctrl Pts',(0.911664275082568,1.08196671722245,7.14079832337982E-5));
#5591=CARTESIAN_POINT('Origin',(0.68229103012948,1.,5.96225158728361E-17));
#5592=CARTESIAN_POINT('',(0.849164275082568,1.082117437075,-3.09106793320021E-5));
#5593=CARTESIAN_POINT('',(0.854166030129479,1.08202951843562,7.02784755885207E-5));
#5594=CARTESIAN_POINT('',(0.68229103012948,1.082,6.51168636886143E-15));
#5595=CARTESIAN_POINT('Ctrl Pts',(0.854166030129479,1.08202951843562,7.02784755885269E-5));
#5596=CARTESIAN_POINT('Ctrl Pts',(0.854490298082361,1.08207775246567,0.00541013210308584));
#5597=CARTESIAN_POINT('Ctrl Pts',(0.856460248612816,1.07917813725672,0.0377979853927032));
#5598=CARTESIAN_POINT('Ctrl Pts',(0.860075881720847,1.03611927828344,0.0897657206484098));
#5599=CARTESIAN_POINT('Ctrl Pts',(0.865012929453571,0.944561272488346,0.0793034322458976));
#5600=CARTESIAN_POINT('Ctrl Pts',(0.869949977186295,0.90328946298831,-0.00309174751583802));
#5601=CARTESIAN_POINT('Ctrl Pts',(0.874887024919018,0.949739815699343,-0.0826825298678041));
#5602=CARTESIAN_POINT('Ctrl Pts',(0.879824072651742,1.04177912051824,-0.0872753800386697));
#5603=CARTESIAN_POINT('Ctrl Pts',(0.883333741055229,1.08026864116808,-0.0342639984179389));
#5604=CARTESIAN_POINT('Ctrl Pts',(0.885197726881142,1.08210683867701,-0.00364570872299386));
#5605=CARTESIAN_POINT('Ctrl Pts',(0.885416030129479,1.08207854726333,-5.63910372878589E-5));
#5606=CARTESIAN_POINT('Ctrl Pts',(0.849164275082568,1.082117437075,-3.09106793319963E-5));
#5607=CARTESIAN_POINT('Ctrl Pts',(0.85070306838612,1.08199465215949,0.0252382042564701));
#5608=CARTESIAN_POINT('Ctrl Pts',(0.853887544267246,1.05601373576229,0.0777500356220229));
#5609=CARTESIAN_POINT('Ctrl Pts',(0.858717702725947,0.966818108965694,0.0908925232526481));
#5610=CARTESIAN_POINT('Ctrl Pts',(0.86365475045867,0.905746554840405,0.0218809674829003));
#5611=CARTESIAN_POINT('Ctrl Pts',(0.868591798191394,0.930168435732539,-0.0669779164245912));
#5612=CARTESIAN_POINT('Ctrl Pts',(0.873528845924118,1.01793166488301,-0.0950838790644553));
#5613=CARTESIAN_POINT('Ctrl Pts',(0.877469671554509,1.0750025627961,-0.0486750794621175));
#5614=CARTESIAN_POINT('Ctrl Pts',(0.879764814607326,1.08194448288011,-0.0107836252590341));
#5615=CARTESIAN_POINT('Ctrl Pts',(0.880414275082568,1.08189261768283,-4.31979098299613E-5));
#5616=CARTESIAN_POINT('Origin',(0.68229103012948,1.,5.96225158728361E-17));
#5617=CARTESIAN_POINT('',(0.817914275082568,1.0819751571665,7.22884072161523E-5));
#5618=CARTESIAN_POINT('',(0.822916030129479,1.08187054776625,-1.16564817557854E-5));
#5619=CARTESIAN_POINT('',(0.68229103012948,1.082,6.51168636886143E-15));
#5620=CARTESIAN_POINT('Ctrl Pts',(0.822916030129479,1.08187054776625,-1.16564817557772E-5));
#5621=CARTESIAN_POINT('Ctrl Pts',(0.82378286928358,1.081852165272,0.0143333356794857));
#5622=CARTESIAN_POINT('Ctrl Pts',(0.826295391015256,1.07145049689873,0.0559370408433279));
#5623=CARTESIAN_POINT('Ctrl Pts',(0.830453595324504,1.00534606188896,0.0966121432217548));
#5624=CARTESIAN_POINT('Ctrl Pts',(0.835390643057229,0.922010885445039,0.0572728991337089));
#5625=CARTESIAN_POINT('Ctrl Pts',(0.840327690789952,0.909416436814269,-0.0340162457277337));
#5626=CARTESIAN_POINT('Ctrl Pts',(0.845264738522675,0.97898662360061,-0.0944506476842866));
#5627=CARTESIAN_POINT('Ctrl Pts',(0.849877518302519,1.06179587963092,-0.070870380348126));
#5628=CARTESIAN_POINT('Ctrl Pts',(0.852844615504786,1.0818329613841,-0.0216899991417317));
#5629=CARTESIAN_POINT('Ctrl Pts',(0.854166030129479,1.08202951843562,7.02784755885269E-5));
#5630=CARTESIAN_POINT('Ctrl Pts',(0.817914275082568,1.0819751571665,7.22884072161564E-5));
#5631=CARTESIAN_POINT('Ctrl Pts',(0.818349957009764,1.08203769822184,0.00725904400690516));
#5632=CARTESIAN_POINT('Ctrl Pts',(0.820431321514534,1.07789256061357,0.0415210652587646));
#5633=CARTESIAN_POINT('Ctrl Pts',(0.824158368596881,1.03000973042138,0.0919886009070943));
#5634=CARTESIAN_POINT('Ctrl Pts',(0.829095416329604,0.939360966315311,0.0754015702326044));
#5635=CARTESIAN_POINT('Ctrl Pts',(0.834032464062328,0.903715376266229,-0.00957915081715017));
#5636=CARTESIAN_POINT('Ctrl Pts',(0.838969511795051,0.955405623406639,-0.0858710076952304));
#5637=CARTESIAN_POINT('Ctrl Pts',(0.843906559527776,1.04754559905749,-0.0842727996643816));
#5638=CARTESIAN_POINT('Ctrl Pts',(0.847304813956947,1.08128230131129,-0.0305574883111263));
#5639=CARTESIAN_POINT('Ctrl Pts',(0.849057385808545,1.08212596608956,-0.00178618043808522));
#5640=CARTESIAN_POINT('Ctrl Pts',(0.849164275082568,1.082117437075,-3.09106793319963E-5));
#5641=CARTESIAN_POINT('Origin',(0.68229103012948,1.,5.96225158728361E-17));
#5642=CARTESIAN_POINT('',(0.786664275082568,1.0818878746314,-3.9754112107082E-5));
#5643=CARTESIAN_POINT('',(0.791666030129479,1.08207079867472,-5.96218865523275E-5));
#5644=CARTESIAN_POINT('',(0.68229103012948,1.082,6.51168636886143E-15));
#5645=CARTESIAN_POINT('Ctrl Pts',(0.791666030129479,1.08207079867472,-5.96218865523211E-5));
#5646=CARTESIAN_POINT('Ctrl Pts',(0.793075440484799,1.08188098304415,0.023119453076079));
#5647=CARTESIAN_POINT('Ctrl Pts',(0.796130533417693,1.05955031844723,0.0736837755223309));
#5648=CARTESIAN_POINT('Ctrl Pts',(0.800831308928162,0.974005345485867,0.0932027357516908));
#5649=CARTESIAN_POINT('Ctrl Pts',(0.805768356660886,0.907739343373224,0.0291626639261721));
#5650=CARTESIAN_POINT('Ctrl Pts',(0.810705404393608,0.925159209364883,-0.0613298071446645));
#5651=CARTESIAN_POINT('Ctrl Pts',(0.815642452126334,1.01046408237821,-0.096192451879414));
#5652=CARTESIAN_POINT('Ctrl Pts',(0.819712660704956,1.07296623056311,-0.0530013807492926));
#5653=CARTESIAN_POINT('Ctrl Pts',(0.822137186706005,1.08188706419226,-0.0129004406947449));
#5654=CARTESIAN_POINT('Ctrl Pts',(0.822916030129479,1.08187054776625,-1.16564817557772E-5));
#5655=CARTESIAN_POINT('Ctrl Pts',(0.786664275082568,1.0818878746314,-3.97541121070793E-5));
#5656=CARTESIAN_POINT('Ctrl Pts',(0.787642528210983,1.08181724832357,0.0161405405861953));
#5657=CARTESIAN_POINT('Ctrl Pts',(0.790266463916973,1.06937357837957,0.0596412743307074));
#5658=CARTESIAN_POINT('Ctrl Pts',(0.794536082200538,0.998846021938201,0.0967525337197201));
#5659=CARTESIAN_POINT('Ctrl Pts',(0.799473129933261,0.918340992293807,0.0519067156479984));
#5660=CARTESIAN_POINT('Ctrl Pts',(0.804410177665986,0.911905133687281,-0.040022542737512));
#5661=CARTESIAN_POINT('Ctrl Pts',(0.809347225398708,0.985376703729938,-0.0956484869967721));
#5662=CARTESIAN_POINT('Ctrl Pts',(0.813848591204238,1.06445816731736,-0.0672632455962851));
#5663=CARTESIAN_POINT('Ctrl Pts',(0.81670427443219,1.08180146458733,-0.0198871783664039));
#5664=CARTESIAN_POINT('Ctrl Pts',(0.817914275082568,1.0819751571665,7.22884072161564E-5));
#5665=CARTESIAN_POINT('Origin',(0.68229103012948,1.,5.96225158728361E-17));
#5666=CARTESIAN_POINT('',(0.755414275082569,1.08210032448742,-6.17737464417187E-5));
#5667=CARTESIAN_POINT('',(0.760416030129479,1.08203831411964,6.7776991250447E-5));
#5668=CARTESIAN_POINT('',(0.68229103012948,1.082,6.51168636886143E-15));
#5669=CARTESIAN_POINT('',(0.750102652606024,1.03951647888932,-0.0718501767304012));
#5670=CARTESIAN_POINT('Ctrl Pts',(0.750102652606024,1.03951647888932,-0.0718501767304014));
#5671=CARTESIAN_POINT('Ctrl Pts',(0.751748335183598,1.06329056102463,-0.0587748015877873));
#5672=CARTESIAN_POINT('Ctrl Pts',(0.753518876009113,1.08112482280069,-0.0311397448777668));
#5673=CARTESIAN_POINT('Ctrl Pts',(0.755289416834628,1.08211202274609,-0.00211024587370754));
#5674=CARTESIAN_POINT('Ctrl Pts',(0.755414275082569,1.08210032448742,-6.17737464417231E-5));
#5675=CARTESIAN_POINT('',(0.750102652606024,0.960560809181661,-0.0718497048719391));
#5676=CARTESIAN_POINT('Origin',(0.750102652606024,1.,7.65600310939036E-17));
#5677=CARTESIAN_POINT('Ctrl Pts',(0.750102652606024,0.960560809181661,-0.0718497048719391));
#5678=CARTESIAN_POINT('Ctrl Pts',(0.750555378937658,0.96707593551195,-0.075513672190646));
#5679=CARTESIAN_POINT('Ctrl Pts',(0.752653787846866,0.999448078584188,-0.0883909939050229));
#5680=CARTESIAN_POINT('Ctrl Pts',(0.756091580354683,1.06134589068937,-0.0714219105664415));
#5681=CARTESIAN_POINT('Ctrl Pts',(0.759076646530869,1.08184065285527,-0.0219765492634863));
#5682=CARTESIAN_POINT('Ctrl Pts',(0.760416030129479,1.08203831411964,6.77769912504484E-5));
#5683=CARTESIAN_POINT('Origin',(1.00010265260602,2.,1.39003291564947E-16));
#5684=CARTESIAN_POINT('',(1.23768194660003,2.06724400559322,6.36141675630762E-5));
#5685=CARTESIAN_POINT('',(1.24689835861202,2.06716473539736,-8.93961281358543E-5));
#5686=CARTESIAN_POINT('',(1.00010265260602,2.06725,1.47239041289213E-16));
#5687=CARTESIAN_POINT('',(1.25010265260602,2.05376930128393,0.0403908992155168));
#5688=CARTESIAN_POINT('Ctrl Pts',(1.24689835861202,2.06716473539736,-8.93961281358543E-5));
#5689=CARTESIAN_POINT('Ctrl Pts',(1.24796645661002,2.06705901959746,0.0143468547818465));
#5690=CARTESIAN_POINT('Ctrl Pts',(1.24903455460802,2.06244340218237,0.0288437350365986));
#5691=CARTESIAN_POINT('Ctrl Pts',(1.25010265260602,2.05376930128393,0.0403908992155161));
#5692=CARTESIAN_POINT('',(1.25010265260602,1.94628856928215,0.0404168665275094));
#5693=CARTESIAN_POINT('Origin',(1.25010265260602,2.,2.0144655203599E-16));
#5694=CARTESIAN_POINT('Ctrl Pts',(1.25010265260602,1.94628856928215,0.0404168665275094));
#5695=CARTESIAN_POINT('Ctrl Pts',(1.24964992627439,1.9499237188464,0.0453525796562507));
#5696=CARTESIAN_POINT('Ctrl Pts',(1.24919719994276,1.95420822473567,0.0497843398639226));
#5697=CARTESIAN_POINT('Ctrl Pts',(1.24874447361112,1.95904571615248,0.053492575972431));
#5698=CARTESIAN_POINT('Ctrl Pts',(1.24709879103355,1.97663023639694,0.0669721973924751));
#5699=CARTESIAN_POINT('Ctrl Pts',(1.24545310845597,2.00152167741496,0.0708914722807236));
#5700=CARTESIAN_POINT('Ctrl Pts',(1.2438074258784,2.02241451423757,0.0635149147637372));
#5701=CARTESIAN_POINT('Ctrl Pts',(1.24216174330082,2.04330735106018,0.056138357246751));
#5702=CARTESIAN_POINT('Ctrl Pts',(1.24051606072325,2.06020158368739,0.0374659673245306));
#5703=CARTESIAN_POINT('Ctrl Pts',(1.23887037814568,2.06544356750005,0.0159454661761714));
#5704=CARTESIAN_POINT('Ctrl Pts',(1.23847423429713,2.06670540235805,0.0107651147136236));
#5705=CARTESIAN_POINT('Ctrl Pts',(1.23807809044858,2.06729205119864,0.00541973031138201));
#5706=CARTESIAN_POINT('Ctrl Pts',(1.23768194660003,2.06724400559322,6.36141675630762E-5));
#5707=CARTESIAN_POINT('Origin',(1.00010265260602,2.,1.39003291564947E-16));
#5708=CARTESIAN_POINT('',(1.20643194660003,2.06715157193029,-2.45272574198598E-5));
#5709=CARTESIAN_POINT('',(1.21564835861202,2.06735722883546,-8.19489639792518E-6));
#5710=CARTESIAN_POINT('',(1.00010265260602,2.06725,1.47239041289213E-16));
#5711=CARTESIAN_POINT('Ctrl Pts',(1.21564835861202,2.06735722883546,-8.19489639792518E-6));
#5712=CARTESIAN_POINT('Ctrl Pts',(1.21725902781124,2.06731789057621,0.0216740280463881));
#5713=CARTESIAN_POINT('Ctrl Pts',(1.21886969701046,2.05589600833947,0.0433907683669203));
#5714=CARTESIAN_POINT('Ctrl Pts',(1.22048036620968,2.03799255166994,0.0556206300872325));
#5715=CARTESIAN_POINT('Ctrl Pts',(1.22212604878726,2.01969990241976,0.068116349486978));
#5716=CARTESIAN_POINT('Ctrl Pts',(1.22377173136483,1.99464081764356,0.0707082479776055));
#5717=CARTESIAN_POINT('Ctrl Pts',(1.2254174139424,1.97418011914354,0.0622150773118436));
#5718=CARTESIAN_POINT('Ctrl Pts',(1.22706309651998,1.95371942064353,0.0537219066460818));
#5719=CARTESIAN_POINT('Ctrl Pts',(1.22870877909755,1.9378571084197,0.0341436668239306));
#5720=CARTESIAN_POINT('Ctrl Pts',(1.23035446167513,1.93378763024734,0.0123709792500254));
#5721=CARTESIAN_POINT('Ctrl Pts',(1.2320001442527,1.92971815207497,-0.00940170832387946));
#5722=CARTESIAN_POINT('Ctrl Pts',(1.23364582683028,1.93744150795406,-0.0333688436495378));
#5723=CARTESIAN_POINT('Ctrl Pts',(1.23529150940785,1.9534540576128,-0.0486829750217928));
#5724=CARTESIAN_POINT('Ctrl Pts',(1.23693719198543,1.96946660727155,-0.0639971063940478));
#5725=CARTESIAN_POINT('Ctrl Pts',(1.238582874563,1.99376835070995,-0.0706582338128987));
#5726=CARTESIAN_POINT('Ctrl Pts',(1.24022855714058,2.01533991016329,-0.0656002753628112));
#5727=CARTESIAN_POINT('Ctrl Pts',(1.24187423971815,2.03691146961663,-0.0605423169127235));
#5728=CARTESIAN_POINT('Ctrl Pts',(1.24351992229572,2.05575284508491,-0.0437652725936964));
#5729=CARTESIAN_POINT('Ctrl Pts',(1.2451656048733,2.06330847973631,-0.0229798204781287));
#5730=CARTESIAN_POINT('Ctrl Pts',(1.24574318945287,2.06596027791599,-0.0156847583652904));
#5731=CARTESIAN_POINT('Ctrl Pts',(1.24632077403245,2.06722190226402,-0.00789594190209336));
#5732=CARTESIAN_POINT('Ctrl Pts',(1.24689835861202,2.06716473539736,-8.93961281358543E-5));
#5733=CARTESIAN_POINT('Ctrl Pts',(1.23768194660003,2.06724400559322,6.36141675630762E-5));
#5734=CARTESIAN_POINT('Ctrl Pts',(1.236432407871,2.0670924575004,-0.0168309421491907));
#5735=CARTESIAN_POINT('Ctrl Pts',(1.23518286914198,2.06062612819754,-0.0338322720488699));
#5736=CARTESIAN_POINT('Ctrl Pts',(1.23393333041295,2.04911575284381,-0.0460979860964629));
#5737=CARTESIAN_POINT('Ctrl Pts',(1.23228764783538,2.03395621937681,-0.062252324846241));
#5738=CARTESIAN_POINT('Ctrl Pts',(1.2306419652578,2.01004741744469,-0.070192389971299));
#5739=CARTESIAN_POINT('Ctrl Pts',(1.22899628268023,1.98823486177847,-0.0663224617338655));
#5740=CARTESIAN_POINT('Ctrl Pts',(1.22735060010265,1.96642230611224,-0.062452533496432));
#5741=CARTESIAN_POINT('Ctrl Pts',(1.22570491752508,1.94670599671191,-0.0467726118965069));
#5742=CARTESIAN_POINT('Ctrl Pts',(1.2240592349475,1.93802675923934,-0.0263912922963458));
#5743=CARTESIAN_POINT('Ctrl Pts',(1.22241355236993,1.92934752176678,-0.00600997269618473));
#5744=CARTESIAN_POINT('Ctrl Pts',(1.22076786979235,1.93170535622197,0.0190727449042123));
#5745=CARTESIAN_POINT('Ctrl Pts',(1.21912218721478,1.94403147553285,0.0374797296050218));
#5746=CARTESIAN_POINT('Ctrl Pts',(1.21747650463721,1.95635759484373,0.0558867143058312));
#5747=CARTESIAN_POINT('Ctrl Pts',(1.21583082205963,1.97865199901029,0.0676179661070532));
#5748=CARTESIAN_POINT('Ctrl Pts',(1.21418513948206,2.00080323321984,0.067353717234572));
#5749=CARTESIAN_POINT('Ctrl Pts',(1.21253945690448,2.02295446742939,0.0670894683620909));
#5750=CARTESIAN_POINT('Ctrl Pts',(1.21089377432691,2.04496253168194,0.0548297188159073));
#5751=CARTESIAN_POINT('Ctrl Pts',(1.20924809174933,2.05684626455751,0.0361342702437736));
#5752=CARTESIAN_POINT('Ctrl Pts',(1.20830937669956,2.06362487365853,0.025470185215477));
#5753=CARTESIAN_POINT('Ctrl Pts',(1.2073706616498,2.06710934490292,0.0127121268662874));
#5754=CARTESIAN_POINT('Ctrl Pts',(1.20643194660003,2.06715157193029,-2.45272574198598E-5));
#5755=CARTESIAN_POINT('Origin',(1.00010265260602,2.,1.39003291564947E-16));
#5756=CARTESIAN_POINT('',(1.17518194660003,2.06733197551297,-3.71151576572933E-5));
#5757=CARTESIAN_POINT('',(1.18439835861202,2.06720319957042,5.485123661591E-5));
#5758=CARTESIAN_POINT('',(1.00010265260602,2.06725,1.47239041289213E-16));
#5759=CARTESIAN_POINT('Ctrl Pts',(1.18439835861202,2.06720319957042,5.485123661591E-5));
#5760=CARTESIAN_POINT('Ctrl Pts',(1.18490591643489,2.06725679298344,0.00692817157432681));
#5761=CARTESIAN_POINT('Ctrl Pts',(1.18541347425775,2.0662856705989,0.0137867117549565));
#5762=CARTESIAN_POINT('Ctrl Pts',(1.18592103208061,2.06422647058557,0.020301320022149));
#5763=CARTESIAN_POINT('Ctrl Pts',(1.18756671465819,2.05754981339889,0.0414239918480632));
#5764=CARTESIAN_POINT('Ctrl Pts',(1.18921239723576,2.03943434289571,0.0589309538686497));
#5765=CARTESIAN_POINT('Ctrl Pts',(1.19085807981334,2.01809596114078,0.0648823328000824));
#5766=CARTESIAN_POINT('Ctrl Pts',(1.19250376239091,1.99675757938585,0.0708337117315152));
#5767=CARTESIAN_POINT('Ctrl Pts',(1.19414944496849,1.97219628637917,0.0652295075737932));
#5768=CARTESIAN_POINT('Ctrl Pts',(1.19579512754606,1.95555134930318,0.0506112931079154));
#5769=CARTESIAN_POINT('Ctrl Pts',(1.19744081012364,1.9389064122272,0.035993078642038));
#5770=CARTESIAN_POINT('Ctrl Pts',(1.19908649270121,1.93017783108191,0.0123608538680044));
#5771=CARTESIAN_POINT('Ctrl Pts',(1.20073217527879,1.93332428206582,-0.00956727525539885));
#5772=CARTESIAN_POINT('Ctrl Pts',(1.20237785785636,1.93647073304972,-0.0314954043788018));
#5773=CARTESIAN_POINT('Ctrl Pts',(1.20402354043393,1.95149221616283,-0.051719437851575));
#5774=CARTESIAN_POINT('Ctrl Pts',(1.20566922301151,1.97157603159319,-0.0610675635214488));
#5775=CARTESIAN_POINT('Ctrl Pts',(1.20731490558908,1.99165984702355,-0.0704156891913229));
#5776=CARTESIAN_POINT('Ctrl Pts',(1.20896058816666,2.01680599477117,-0.0688879070582967));
#5777=CARTESIAN_POINT('Ctrl Pts',(1.21060627074423,2.03560998295326,-0.0571763568259452));
#5778=CARTESIAN_POINT('Ctrl Pts',(1.21225195332181,2.05441397113535,-0.0454648065935937));
#5779=CARTESIAN_POINT('Ctrl Pts',(1.21389763589938,2.06687579975191,-0.0235694882619171));
#5780=CARTESIAN_POINT('Ctrl Pts',(1.21554331847696,2.06734360719811,-0.00142205894164684));
#5781=CARTESIAN_POINT('Ctrl Pts',(1.21557833185531,2.06735356022267,-0.000950852444754904));
#5782=CARTESIAN_POINT('Ctrl Pts',(1.21561334523367,2.06735808398645,-0.000479531826311786));
#5783=CARTESIAN_POINT('Ctrl Pts',(1.21564835861202,2.06735722883546,-8.19489639792518E-6));
#5784=CARTESIAN_POINT('Ctrl Pts',(1.20643194660003,2.06715157193029,-2.45272574198598E-5));
#5785=CARTESIAN_POINT('Ctrl Pts',(1.20572497907222,2.06718337405933,-0.00961678944664497));
#5786=CARTESIAN_POINT('Ctrl Pts',(1.20501801154442,2.06526275707559,-0.0191969112947754));
#5787=CARTESIAN_POINT('Ctrl Pts',(1.20431104401661,2.06132645492228,-0.027861274647937));
#5788=CARTESIAN_POINT('Ctrl Pts',(1.20266536143904,2.05216351091287,-0.0480302233694284));
#5789=CARTESIAN_POINT('Ctrl Pts',(1.20101967886146,2.03207822139543,-0.0632369732143268));
#5790=CARTESIAN_POINT('Ctrl Pts',(1.19937399628389,2.01017989505083,-0.0665849067183661));
#5791=CARTESIAN_POINT('Ctrl Pts',(1.19772831370631,1.98828156870624,-0.0699328402224055));
#5792=CARTESIAN_POINT('Ctrl Pts',(1.19608263112874,1.9645702055345,-0.061421957385585));
#5793=CARTESIAN_POINT('Ctrl Pts',(1.19443694855116,1.94979958908306,-0.0449121477697595));
#5794=CARTESIAN_POINT('Ctrl Pts',(1.19279126597359,1.93502897263161,-0.0284023381539342));
#5795=CARTESIAN_POINT('Ctrl Pts',(1.19114558339601,1.92919910290047,-0.00389360175910426));
#5796=CARTESIAN_POINT('Ctrl Pts',(1.18949990081844,1.93495400745138,0.0174986027346849));
#5797=CARTESIAN_POINT('Ctrl Pts',(1.18785421824086,1.9407089120023,0.0388908072284734));
#5798=CARTESIAN_POINT('Ctrl Pts',(1.18620853566329,1.95804859083529,0.0571664798212213));
#5799=CARTESIAN_POINT('Ctrl Pts',(1.18456285308571,1.97910898322667,0.0640370760422225));
#5800=CARTESIAN_POINT('Ctrl Pts',(1.18291717050814,2.00016937561805,0.0709076722632239));
#5801=CARTESIAN_POINT('Ctrl Pts',(1.18127148793057,2.02495048156782,0.066373192112478));
#5802=CARTESIAN_POINT('Ctrl Pts',(1.17962580535299,2.0422133410875,0.052490149930656));
#5803=CARTESIAN_POINT('Ctrl Pts',(1.178144519102,2.05775171817655,0.0399939615489766));
#5804=CARTESIAN_POINT('Ctrl Pts',(1.17666323285101,2.06719890174381,0.0199236797917604));
#5805=CARTESIAN_POINT('Ctrl Pts',(1.17518194660003,2.06733197551297,-3.71151576572933E-5));
#5806=CARTESIAN_POINT('Origin',(1.00010265260602,2.,1.39003291564947E-16));
#5807=CARTESIAN_POINT('',(1.14393194660003,2.06725272777347,5.97723400969413E-5));
#5808=CARTESIAN_POINT('',(1.15314835861202,2.06717550962767,-4.42404845563654E-5));
#5809=CARTESIAN_POINT('',(1.00010265260602,2.06725,1.47239041289213E-16));
#5810=CARTESIAN_POINT('Ctrl Pts',(1.15314835861202,2.06717550962767,-4.42404845563654E-5));
#5811=CARTESIAN_POINT('Ctrl Pts',(1.1541984876361,2.06708854780511,0.0141913421845831));
#5812=CARTESIAN_POINT('Ctrl Pts',(1.15524861666019,2.06265862226141,0.0284763873175284));
#5813=CARTESIAN_POINT('Ctrl Pts',(1.15629874568427,2.0542914594665,0.0398700417501764));
#5814=CARTESIAN_POINT('Ctrl Pts',(1.15794442826185,2.04117907639784,0.0577253130213185));
#5815=CARTESIAN_POINT('Ctrl Pts',(1.15959011083942,2.01839731830949,0.0684796809874613));
#5816=CARTESIAN_POINT('Ctrl Pts',(1.161235793417,1.99627838449673,0.0672557234344544));
#5817=CARTESIAN_POINT('Ctrl Pts',(1.16288147599457,1.97415945068397,0.0660317658814475));
#5818=CARTESIAN_POINT('Ctrl Pts',(1.16452715857215,1.95270334114681,0.0528294828092905));
#5819=CARTESIAN_POINT('Ctrl Pts',(1.16617284114972,1.94164103436617,0.033636497295734));
#5820=CARTESIAN_POINT('Ctrl Pts',(1.16781852372729,1.93057872758553,0.0144435117821775));
#5821=CARTESIAN_POINT('Ctrl Pts',(1.16946420630487,1.9299102235614,-0.0107401761727785));
#5822=CARTESIAN_POINT('Ctrl Pts',(1.17110988888244,1.93993870871096,-0.0304930179007164));
#5823=CARTESIAN_POINT('Ctrl Pts',(1.17275557146002,1.94996719386052,-0.0502458596286542));
#5824=CARTESIAN_POINT('Ctrl Pts',(1.17440125403759,1.97069266818376,-0.0645678551295737));
#5825=CARTESIAN_POINT('Ctrl Pts',(1.17604693661517,1.99271551751298,-0.0669635636193259));
#5826=CARTESIAN_POINT('Ctrl Pts',(1.17769261919274,2.01473836684221,-0.069359272109078));
#5827=CARTESIAN_POINT('Ctrl Pts',(1.17933830177032,2.0380585911774,-0.0598286935876634));
#5828=CARTESIAN_POINT('Ctrl Pts',(1.18098398434789,2.05209978140991,-0.0426942135113356));
#5829=CARTESIAN_POINT('Ctrl Pts',(1.1821221091026,2.06181041844708,-0.030844312321583));
#5830=CARTESIAN_POINT('Ctrl Pts',(1.18326023385731,2.06708302411985,-0.0153575720795148));
#5831=CARTESIAN_POINT('Ctrl Pts',(1.18439835861202,2.06720319957042,5.485123661591E-5));
#5832=CARTESIAN_POINT('Ctrl Pts',(1.17518194660003,2.06733197551297,-3.71151576572933E-5));
#5833=CARTESIAN_POINT('Ctrl Pts',(1.17501755027344,2.06734674432542,-0.00225240701177612));
#5834=CARTESIAN_POINT('Ctrl Pts',(1.17485315394685,2.06724679090591,-0.00446635031286813));
#5835=CARTESIAN_POINT('Ctrl Pts',(1.17468875762027,2.06702770962084,-0.00666844182842443));
#5836=CARTESIAN_POINT('Ctrl Pts',(1.17304307504269,2.06483460554492,-0.0287123871927847));
#5837=CARTESIAN_POINT('Ctrl Pts',(1.17139739246512,2.05070378430348,-0.049568673708607));
#5838=CARTESIAN_POINT('Ctrl Pts',(1.16975170988754,2.03104399077883,-0.0597783618559908));
#5839=CARTESIAN_POINT('Ctrl Pts',(1.16810602730997,2.01138419725417,-0.0699880500033745));
#5840=CARTESIAN_POINT('Ctrl Pts',(1.16646034473239,1.9861954314463,-0.0695511397823197));
#5841=CARTESIAN_POINT('Ctrl Pts',(1.16481466215482,1.96690154128735,-0.0586657820559738));
#5842=CARTESIAN_POINT('Ctrl Pts',(1.16316897957724,1.9476076511284,-0.0477804243296283));
#5843=CARTESIAN_POINT('Ctrl Pts',(1.16152329699967,1.93420863661838,-0.0264466190979924));
#5844=CARTESIAN_POINT('Ctrl Pts',(1.1598776144221,1.93278134622182,-0.0043398767064242));
#5845=CARTESIAN_POINT('Ctrl Pts',(1.15823193184452,1.93135405582526,0.0177668656851446));
#5846=CARTESIAN_POINT('Ctrl Pts',(1.15658624926695,1.94189848954217,0.0406465452366456));
#5847=CARTESIAN_POINT('Ctrl Pts',(1.15494056668937,1.95963243557853,0.0539225526221982));
#5848=CARTESIAN_POINT('Ctrl Pts',(1.1532948841118,1.97736638161489,0.0671985600077509));
#5849=CARTESIAN_POINT('Ctrl Pts',(1.15164920153422,2.00228983997071,0.070870895227355));
#5850=CARTESIAN_POINT('Ctrl Pts',(1.15000351895665,2.02309928718316,0.0632740458334557));
#5851=CARTESIAN_POINT('Ctrl Pts',(1.14835783637907,2.0439087343956,0.0556771964395562));
#5852=CARTESIAN_POINT('Ctrl Pts',(1.1467121538015,2.06060417046467,0.0368111624321533));
#5853=CARTESIAN_POINT('Ctrl Pts',(1.14506647122392,2.06561372266288,0.0152322467597488));
#5854=CARTESIAN_POINT('Ctrl Pts',(1.14468829634929,2.06676490868158,0.0102734510355181));
#5855=CARTESIAN_POINT('Ctrl Pts',(1.14431012147466,2.06729899580839,0.00517139560685843));
#5856=CARTESIAN_POINT('Ctrl Pts',(1.14393194660003,2.06725272777347,5.97723400969413E-5));
#5857=CARTESIAN_POINT('Origin',(1.00010265260602,2.,1.39003291564947E-16));
#5858=CARTESIAN_POINT('',(1.11268194660003,2.06714909452779,-2.09229924207492E-5));
#5859=CARTESIAN_POINT('',(1.12189835861202,2.06735547124207,-1.29258334372221E-5));
#5860=CARTESIAN_POINT('',(1.00010265260602,2.06725,1.47239041289213E-16));
#5861=CARTESIAN_POINT('Ctrl Pts',(1.12189835861202,2.06735547124207,-1.29258334372221E-5));
#5862=CARTESIAN_POINT('Ctrl Pts',(1.12349105883732,2.06729845004633,0.0214293354303806));
#5863=CARTESIAN_POINT('Ctrl Pts',(1.12508375906263,2.0561648441313,0.0429225836342354));
#5864=CARTESIAN_POINT('Ctrl Pts',(1.12667645928793,2.0385931991461,0.055206410584277));
#5865=CARTESIAN_POINT('Ctrl Pts',(1.1283221418655,2.02043702037997,0.0678988681330798));
#5866=CARTESIAN_POINT('Ctrl Pts',(1.12996782444308,1.99540734587544,0.0707589967613376));
#5867=CARTESIAN_POINT('Ctrl Pts',(1.13161350702065,1.97485587129553,0.0624896437888451));
#5868=CARTESIAN_POINT('Ctrl Pts',(1.13325918959823,1.95430439671562,0.0542202908163526));
#5869=CARTESIAN_POINT('Ctrl Pts',(1.1349048721758,1.93823112206034,0.0348214562431098));
#5870=CARTESIAN_POINT('Ctrl Pts',(1.13655055475338,1.93392575148166,0.0130910837061297));
#5871=CARTESIAN_POINT('Ctrl Pts',(1.13819623733095,1.92962038090298,-0.00863928883085039));
#5872=CARTESIAN_POINT('Ctrl Pts',(1.13984191990853,1.93708291440092,-0.0327011993315677));
#5873=CARTESIAN_POINT('Ctrl Pts',(1.1414876024861,1.9529288729216,-0.0481818615964117));
#5874=CARTESIAN_POINT('Ctrl Pts',(1.14313328506368,1.96877483144227,-0.0636625238612559));
#5875=CARTESIAN_POINT('Ctrl Pts',(1.14477896764125,1.99300421498568,-0.0705619378902263));
#5876=CARTESIAN_POINT('Ctrl Pts',(1.14642465021883,2.01462828344139,-0.0657510160303869));
#5877=CARTESIAN_POINT('Ctrl Pts',(1.1480703327964,2.0362523518971,-0.0609400941705477));
#5878=CARTESIAN_POINT('Ctrl Pts',(1.14971601537397,2.0552711052651,-0.0444188364218983));
#5879=CARTESIAN_POINT('Ctrl Pts',(1.15136169795155,2.06305897792462,-0.0236801202595034));
#5880=CARTESIAN_POINT('Ctrl Pts',(1.15195725150504,2.06587731926196,-0.0161750179550501));
#5881=CARTESIAN_POINT('Ctrl Pts',(1.15255280505853,2.06722482777931,-0.00811758352163419));
#5882=CARTESIAN_POINT('Ctrl Pts',(1.15314835861202,2.06717550962767,-4.42404845563654E-5));
#5883=CARTESIAN_POINT('Ctrl Pts',(1.14393194660003,2.06725272777347,5.97723400969413E-5));
#5884=CARTESIAN_POINT('Ctrl Pts',(1.14266443889708,2.06709765377309,-0.0170725711860386));
#5885=CARTESIAN_POINT('Ctrl Pts',(1.14139693119414,2.06042314832744,-0.0343123952149752));
#5886=CARTESIAN_POINT('Ctrl Pts',(1.1401294234912,2.04861264099462,-0.0466260986772008));
#5887=CARTESIAN_POINT('Ctrl Pts',(1.13848374091363,2.03327833880076,-0.0626137311043396));
#5888=CARTESIAN_POINT('Ctrl Pts',(1.13683805833605,2.00928606608569,-0.0702971986212112));
#5889=CARTESIAN_POINT('Ctrl Pts',(1.13519237575848,1.98751702619548,-0.0661918220635687));
#5890=CARTESIAN_POINT('Ctrl Pts',(1.1335466931809,1.96574798630527,-0.0620864455059264));
#5891=CARTESIAN_POINT('Ctrl Pts',(1.13190101060333,1.94620217923992,-0.0461922248737707));
#5892=CARTESIAN_POINT('Ctrl Pts',(1.13025532802575,1.93774420502909,-0.0257176580464273));
#5893=CARTESIAN_POINT('Ctrl Pts',(1.12860964544818,1.92928623081827,-0.00524309121908314));
#5894=CARTESIAN_POINT('Ctrl Pts',(1.1269639628706,1.93191608946197,0.0198118218034485));
#5895=CARTESIAN_POINT('Ctrl Pts',(1.12531828029303,1.94444106249356,0.0380839389499737));
#5896=CARTESIAN_POINT('Ctrl Pts',(1.12367259771546,1.95696603552515,0.0563560560964987));
#5897=CARTESIAN_POINT('Ctrl Pts',(1.12202691513788,1.97938612294463,0.0678453773670168));
#5898=CARTESIAN_POINT('Ctrl Pts',(1.12038123256031,2.00153315380568,0.0673411566747766));
#5899=CARTESIAN_POINT('Ctrl Pts',(1.11873554998273,2.02368018466673,0.0668369359825364));
#5900=CARTESIAN_POINT('Ctrl Pts',(1.11708986740516,2.04555415896934,0.0543391733275378));
#5901=CARTESIAN_POINT('Ctrl Pts',(1.11544418482758,2.05723458417271,0.0355159727084531));
#5902=CARTESIAN_POINT('Ctrl Pts',(1.11452343875173,2.063769687489,0.0249845443873636));
#5903=CARTESIAN_POINT('Ctrl Pts',(1.11360269267588,2.06711389201368,0.0124730567013266));
#5904=CARTESIAN_POINT('Ctrl Pts',(1.11268194660003,2.06714909452779,-2.09229924207492E-5));
#5905=CARTESIAN_POINT('Origin',(1.00010265260602,2.,1.39003291564947E-16));
#5906=CARTESIAN_POINT('',(1.08143194660003,2.06732654344395,-4.0383224689075E-5));
#5907=CARTESIAN_POINT('',(1.09064835861202,2.06720959379596,5.63346806939451E-5));
#5908=CARTESIAN_POINT('',(1.00010265260602,2.06725,1.47239041289213E-16));
#5909=CARTESIAN_POINT('Ctrl Pts',(1.09064835861202,2.06720959379596,5.63346806939451E-5));
#5910=CARTESIAN_POINT('Ctrl Pts',(1.09113794746097,2.06726307061557,0.00668472161707755));
#5911=CARTESIAN_POINT('Ctrl Pts',(1.09162753630992,2.06636080538167,0.0132988729117543));
#5912=CARTESIAN_POINT('Ctrl Pts',(1.09211712515886,2.06444273192772,0.0196040070235059));
#5913=CARTESIAN_POINT('Ctrl Pts',(1.09376280773644,2.05799540357768,0.0407978094952943));
#5914=CARTESIAN_POINT('Ctrl Pts',(1.09540849031401,2.04007074624062,0.0585001144569891));
#5915=CARTESIAN_POINT('Ctrl Pts',(1.09705417289159,2.01879812072414,0.064682404461584));
#5916=CARTESIAN_POINT('Ctrl Pts',(1.09869985546916,1.99752549520766,0.0708646944661787));
#5917=CARTESIAN_POINT('Ctrl Pts',(1.10034553804674,1.97290490151176,0.065526969513674));
#5918=CARTESIAN_POINT('Ctrl Pts',(1.10199122062431,1.95610250508596,0.0510900453116914));
#5919=CARTESIAN_POINT('Ctrl Pts',(1.10363690320189,1.93930010866016,0.0366531211097086));
#5920=CARTESIAN_POINT('Ctrl Pts',(1.10528258577946,1.93031590950445,0.0131169976582486));
#5921=CARTESIAN_POINT('Ctrl Pts',(1.10692826835703,1.93322450693366,-0.00884399883705047));
#5922=CARTESIAN_POINT('Ctrl Pts',(1.10857395093461,1.93613310436286,-0.0308049953323496));
#5923=CARTESIAN_POINT('Ctrl Pts',(1.11021963351218,1.95093449837697,-0.0511908648714874));
#5924=CARTESIAN_POINT('Ctrl Pts',(1.11186531608976,1.97091582020907,-0.0607560143163634));
#5925=CARTESIAN_POINT('Ctrl Pts',(1.11351099866733,1.99089714204117,-0.0703211637612395));
#5926=CARTESIAN_POINT('Ctrl Pts',(1.11515668124491,2.01605839169127,-0.069065593111854));
#5927=CARTESIAN_POINT('Ctrl Pts',(1.11680236382248,2.03498820028738,-0.057558740693953));
#5928=CARTESIAN_POINT('Ctrl Pts',(1.11844804640006,2.05391800888349,-0.0460518882760521));
#5929=CARTESIAN_POINT('Ctrl Pts',(1.12009372897763,2.0666163764256,-0.0242937540896354));
#5930=CARTESIAN_POINT('Ctrl Pts',(1.12173941155521,2.06732421868279,-0.00215229376175351));
#5931=CARTESIAN_POINT('Ctrl Pts',(1.12179239390748,2.06734700749294,-0.00143945480551265));
#5932=CARTESIAN_POINT('Ctrl Pts',(1.12184537625975,2.06735736809437,-0.00072621853079069));
#5933=CARTESIAN_POINT('Ctrl Pts',(1.12189835861202,2.06735547124207,-1.29258334372221E-5));
#5934=CARTESIAN_POINT('Ctrl Pts',(1.11268194660003,2.06714909452779,-2.09229924207492E-5));
#5935=CARTESIAN_POINT('Ctrl Pts',(1.1119570100983,2.06717681073326,-0.00985788257262115));
#5936=CARTESIAN_POINT('Ctrl Pts',(1.11123207359658,2.06515328346032,-0.0196839889847395));
#5937=CARTESIAN_POINT('Ctrl Pts',(1.11050713709486,2.06102087031515,-0.0285242936604508));
#5938=CARTESIAN_POINT('Ctrl Pts',(1.10886145451728,2.05163985515013,-0.0485927208270969));
#5939=CARTESIAN_POINT('Ctrl Pts',(1.10721577193971,2.03139094871597,-0.0635809365772192));
#5940=CARTESIAN_POINT('Ctrl Pts',(1.10557008936213,2.00945762734171,-0.0666913429758578));
#5941=CARTESIAN_POINT('Ctrl Pts',(1.10392440678456,1.98752430596746,-0.0698017493744966));
#5942=CARTESIAN_POINT('Ctrl Pts',(1.10227872420699,1.9639065696531,-0.0610343464216511));
#5943=CARTESIAN_POINT('Ctrl Pts',(1.10063304162941,1.94931575844541,-0.0443654099596584));
#5944=CARTESIAN_POINT('Ctrl Pts',(1.09898735905184,1.93472494723772,-0.0276964734976654));
#5945=CARTESIAN_POINT('Ctrl Pts',(1.09734167647426,1.92916106113671,-0.00312600352652423));
#5946=CARTESIAN_POINT('Ctrl Pts',(1.09569599389669,1.9351474866014,0.0182025670919434));
#5947=CARTESIAN_POINT('Ctrl Pts',(1.09405031131911,1.94113391206609,0.039531137710411));
#5948=CARTESIAN_POINT('Ctrl Pts',(1.09240462874154,1.95867064909648,0.0576178089762057));
#5949=CARTESIAN_POINT('Ctrl Pts',(1.09075894616396,1.97980427018614,0.0642597419862528));
#5950=CARTESIAN_POINT('Ctrl Pts',(1.08911326358639,2.00093789127581,0.0709016749963));
#5951=CARTESIAN_POINT('Ctrl Pts',(1.08746758100881,2.02566839642475,0.0660988697505996));
#5952=CARTESIAN_POINT('Ctrl Pts',(1.08582189843124,2.04277977209755,0.0520295400915167));
#5953=CARTESIAN_POINT('Ctrl Pts',(1.08435858115417,2.05799496122191,0.0395192945268561));
#5954=CARTESIAN_POINT('Ctrl Pts',(1.0828952638771,2.0671860775471,0.0196824616091011));
#5955=CARTESIAN_POINT('Ctrl Pts',(1.08143194660003,2.06732654344395,-4.0383224689075E-5));
#5956=CARTESIAN_POINT('Origin',(1.00010265260602,2.,1.39003291564947E-16));
#5957=CARTESIAN_POINT('',(1.05018194660003,2.06725998218253,5.93410478762377E-5));
#5958=CARTESIAN_POINT('',(1.05939835861202,2.06717072873246,-4.14747064746779E-5));
#5959=CARTESIAN_POINT('',(1.00010265260602,2.06725,1.47239041289213E-16));
#5960=CARTESIAN_POINT('Ctrl Pts',(1.05939835861202,2.06717072873246,-4.14747064746779E-5));
#5961=CARTESIAN_POINT('Ctrl Pts',(1.06043051866219,2.06709096171251,0.0139530238798823));
#5962=CARTESIAN_POINT('Ctrl Pts',(1.06146267871235,2.06282253003719,0.0279920936565202));
#5963=CARTESIAN_POINT('Ctrl Pts',(1.06249483876252,2.05472039868138,0.0392792662588904));
#5964=CARTESIAN_POINT('Ctrl Pts',(1.0641405213401,2.04180230869009,0.0572756063602156));
#5965=CARTESIAN_POINT('Ctrl Pts',(1.06578620391767,2.01913844909562,0.0682762613355962));
#5966=CARTESIAN_POINT('Ctrl Pts',(1.06743188649524,1.9970075487167,0.0672921096786497));
#5967=CARTESIAN_POINT('Ctrl Pts',(1.06907756907282,1.97487664833777,0.0663079580217033));
#5968=CARTESIAN_POINT('Ctrl Pts',(1.07072325165039,1.9532787071744,0.0533389997324304));
#5969=CARTESIAN_POINT('Ctrl Pts',(1.07236893422797,1.9420090285965,0.0342670399270912));
#5970=CARTESIAN_POINT('Ctrl Pts',(1.07401461680554,1.9307393500186,0.0151950801217515));
#5971=CARTESIAN_POINT('Ctrl Pts',(1.07566029938312,1.92979793402618,-0.00997988119965479));
#5972=CARTESIAN_POINT('Ctrl Pts',(1.07730598196069,1.93961174053978,-0.0298402565178468));
#5973=CARTESIAN_POINT('Ctrl Pts',(1.07895166453827,1.94942554705338,-0.0497006318360388));
#5974=CARTESIAN_POINT('Ctrl Pts',(1.08059734711584,1.96999457607299,-0.0642464211510163));
#5975=CARTESIAN_POINT('Ctrl Pts',(1.08224302969342,1.99199016623467,-0.0668806799661805));
#5976=CARTESIAN_POINT('Ctrl Pts',(1.08388871227099,2.01398575639634,-0.0695149387813447));
#5977=CARTESIAN_POINT('Ctrl Pts',(1.08553439484856,2.03740790770008,-0.0602376670966956));
#5978=CARTESIAN_POINT('Ctrl Pts',(1.08718007742614,2.05163398367043,-0.04325638126343));
#5979=CARTESIAN_POINT('Ctrl Pts',(1.08833617115477,2.0616278168898,-0.0313270102392814));
#5980=CARTESIAN_POINT('Ctrl Pts',(1.08949226488339,2.06708331596934,-0.0155956487836831));
#5981=CARTESIAN_POINT('Ctrl Pts',(1.09064835861202,2.06720959379596,5.63346806939451E-5));
#5982=CARTESIAN_POINT('Ctrl Pts',(1.08143194660003,2.06732654344395,-4.0383224689075E-5));
#5983=CARTESIAN_POINT('Ctrl Pts',(1.08124958129952,2.0673440489473,-0.00249833447098457));
#5984=CARTESIAN_POINT('Ctrl Pts',(1.08106721599902,2.06722098621175,-0.00495451533576507));
#5985=CARTESIAN_POINT('Ctrl Pts',(1.08088485069852,2.06695149705429,-0.00739452399025389));
#5986=CARTESIAN_POINT('Ctrl Pts',(1.07923916812094,2.06451960014157,-0.0294134043404754));
#5987=CARTESIAN_POINT('Ctrl Pts',(1.07759348554337,2.05016356011947,-0.0501153109684541));
#5988=CARTESIAN_POINT('Ctrl Pts',(1.07594780296579,2.03039426458341,-0.0601113185954761));
#5989=CARTESIAN_POINT('Ctrl Pts',(1.07430212038822,2.01062496904735,-0.0701073262224986));
#5990=CARTESIAN_POINT('Ctrl Pts',(1.07265643781064,1.98544241799733,-0.069397434848563));
#5991=CARTESIAN_POINT('Ctrl Pts',(1.07101075523307,1.96626764111844,-0.0583036011506895));
#5992=CARTESIAN_POINT('Ctrl Pts',(1.06936507265549,1.94709286423954,-0.0472097674528161));
#5993=CARTESIAN_POINT('Ctrl Pts',(1.06771939007792,1.93392586153176,-0.0257319914310051));
#5994=CARTESIAN_POINT('Ctrl Pts',(1.06607370750034,1.93273825709667,-0.00361107801909332));
#5995=CARTESIAN_POINT('Ctrl Pts',(1.06442802492277,1.93155065266158,0.0185098353928185));
#5996=CARTESIAN_POINT('Ctrl Pts',(1.06278234234519,1.94234244649917,0.041273886194831));
#5997=CARTESIAN_POINT('Ctrl Pts',(1.06113665976762,1.96021924178961,0.0543569059003557));
#5998=CARTESIAN_POINT('Ctrl Pts',(1.05949097719005,1.97809603708006,0.0674399256058804));
#5999=CARTESIAN_POINT('Ctrl Pts',(1.05784529461247,2.00305783382335,0.0708419142149173));
#6000=CARTESIAN_POINT('Ctrl Pts',(1.0561996120349,2.02378372092388,0.063019969548297));
#6001=CARTESIAN_POINT('Ctrl Pts',(1.05455392945732,2.04450960802441,0.0551980248816768));
#6002=CARTESIAN_POINT('Ctrl Pts',(1.05290824687975,2.06099958548217,0.0361521469393999));
#6003=CARTESIAN_POINT('Ctrl Pts',(1.05126256430217,2.06577496213211,0.0145202031450298));
#6004=CARTESIAN_POINT('Ctrl Pts',(1.05090235840146,2.0668201933759,0.00978541777094994));
#6005=CARTESIAN_POINT('Ctrl Pts',(1.05054215250074,2.06730419963464,0.00492673873689823));
#6006=CARTESIAN_POINT('Ctrl Pts',(1.05018194660003,2.06725998218253,5.93410478762377E-5));
#6007=CARTESIAN_POINT('Origin',(1.00010265260602,2.,1.39003291564947E-16));
#6008=CARTESIAN_POINT('',(1.01893194660003,2.06714701119772,-1.72011414026985E-5));
#6009=CARTESIAN_POINT('',(1.02814835861202,2.06735308821125,-1.71815365359078E-5));
#6010=CARTESIAN_POINT('',(1.00010265260602,2.06725,1.47239041289213E-16));
#6011=CARTESIAN_POINT('Ctrl Pts',(1.02814835861202,2.06735308821125,-1.71815365359078E-5));
#6012=CARTESIAN_POINT('Ctrl Pts',(1.02972308986341,2.06727997571138,0.0211851762609585));
#6013=CARTESIAN_POINT('Ctrl Pts',(1.03129782111479,2.0564300270146,0.0424520520974699));
#6014=CARTESIAN_POINT('Ctrl Pts',(1.03287255236618,2.03918928240987,0.0547848786973725));
#6015=CARTESIAN_POINT('Ctrl Pts',(1.03451823494375,2.02117173624416,0.0676733749724338));
#6016=CARTESIAN_POINT('Ctrl Pts',(1.03616391752133,1.99617453118554,0.0708046176749901));
#6017=CARTESIAN_POINT('Ctrl Pts',(1.0378096000989,1.97553463704501,0.0627584958803754));
#6018=CARTESIAN_POINT('Ctrl Pts',(1.03945528267648,1.95489474290449,0.0547123740857607));
#6019=CARTESIAN_POINT('Ctrl Pts',(1.04110096525405,1.93861215968208,0.0354888877939756));
#6020=CARTESIAN_POINT('Ctrl Pts',(1.04274664783163,1.9340715191398,0.0138064550538171));
#6021=CARTESIAN_POINT('Ctrl Pts',(1.0443923304092,1.92953087859753,-0.00787597768634214));
#6022=CARTESIAN_POINT('Ctrl Pts',(1.04603801298677,1.93673218073539,-0.0320173568748748));
#6023=CARTESIAN_POINT('Ctrl Pts',(1.04768369556435,1.95240942262445,-0.0476688549762625));
#6024=CARTESIAN_POINT('Ctrl Pts',(1.04932937814192,1.9680866645135,-0.0633203530776501));
#6025=CARTESIAN_POINT('Ctrl Pts',(1.0509750607195,1.99223984615375,-0.0704819700918927));
#6026=CARTESIAN_POINT('Ctrl Pts',(1.05262074329707,2.01391478724969,-0.0659057014641539));
#6027=CARTESIAN_POINT('Ctrl Pts',(1.05426642587465,2.03558972834563,-0.061329432836415));
#6028=CARTESIAN_POINT('Ctrl Pts',(1.05591210845222,2.05478642889726,-0.0450152785666947));
#6029=CARTESIAN_POINT('Ctrl Pts',(1.0575577910298,2.06279861897902,-0.0243621888181996));
#6030=CARTESIAN_POINT('Ctrl Pts',(1.05817131355721,2.06578562216908,-0.0166625655773943));
#6031=CARTESIAN_POINT('Ctrl Pts',(1.05878483608461,2.06721814275868,-0.00835989406510471));
#6032=CARTESIAN_POINT('Ctrl Pts',(1.05939835861202,2.06717072873246,-4.14747064746779E-5));
#6033=CARTESIAN_POINT('Ctrl Pts',(1.05018194660003,2.06725998218253,5.93410478762377E-5));
#6034=CARTESIAN_POINT('Ctrl Pts',(1.04889646992317,2.06710218214848,-0.0173110745777617));
#6035=CARTESIAN_POINT('Ctrl Pts',(1.04761099324631,2.06021702242181,-0.0347925293839901));
#6036=CARTESIAN_POINT('Ctrl Pts',(1.04632551656945,2.04810443249323,-0.0471502440858796));
#6037=CARTESIAN_POINT('Ctrl Pts',(1.04467983399188,2.0325977503623,-0.0629707378759559));
#6038=CARTESIAN_POINT('Ctrl Pts',(1.0430341514143,2.00852361025832,-0.070393715809645));
#6039=CARTESIAN_POINT('Ctrl Pts',(1.04138846883673,1.9868003448087,-0.0660526384460466));
#6040=CARTESIAN_POINT('Ctrl Pts',(1.03974278625915,1.96507707935908,-0.0617115610824482));
#6041=CARTESIAN_POINT('Ctrl Pts',(1.03809710368158,1.9457046885638,-0.0456064284215623));
#6042=CARTESIAN_POINT('Ctrl Pts',(1.036451421104,1.93746912305609,-0.0250413931616925));
#6043=CARTESIAN_POINT('Ctrl Pts',(1.03480573852643,1.92923355754837,-0.00447635790182272));
#6044=CARTESIAN_POINT('Ctrl Pts',(1.03316005594885,1.93213481732822,0.0205485799570311));
#6045=CARTESIAN_POINT('Ctrl Pts',(1.03151437337128,1.94485709550998,0.0386838729609348));
#6046=CARTESIAN_POINT('Ctrl Pts',(1.0298686907937,1.95757937369174,0.0568191659648383));
#6047=CARTESIAN_POINT('Ctrl Pts',(1.02822300821613,1.98012267027541,0.068064814113792));
#6048=CARTESIAN_POINT('Ctrl Pts',(1.02657732563855,2.00226293532379,0.0673205842708878));
#6049=CARTESIAN_POINT('Ctrl Pts',(1.02493164306098,2.02440320037217,0.0665763544279836));
#6050=CARTESIAN_POINT('Ctrl Pts',(1.02328596048341,2.04614043388526,0.0538422465932215));
#6051=CARTESIAN_POINT('Ctrl Pts',(1.02164027790583,2.05761615930396,0.0348935542745935));
#6052=CARTESIAN_POINT('Ctrl Pts',(1.0207375008039,2.06391143293526,0.0244988124392178));
#6053=CARTESIAN_POINT('Ctrl Pts',(1.01983472370196,2.06711868645996,0.012233900872077));
#6054=CARTESIAN_POINT('Ctrl Pts',(1.01893194660003,2.06714701119772,-1.72011414026985E-5));
#6055=CARTESIAN_POINT('Origin',(1.00010265260602,2.,1.39003291564947E-16));
#6056=CARTESIAN_POINT('',(0.987681946600026,2.06732076374598,-4.34316633128207E-5));
#6057=CARTESIAN_POINT('',(0.996898358612021,2.06721618882773,5.75774257771668E-5));
#6058=CARTESIAN_POINT('',(1.00010265260602,2.06725,1.47239041289213E-16));
#6059=CARTESIAN_POINT('Ctrl Pts',(0.996898358612021,2.06721618882773,5.75774257771668E-5));
#6060=CARTESIAN_POINT('Ctrl Pts',(0.997369978487051,2.06726923462393,0.00644109906949679));
#6061=CARTESIAN_POINT('Ctrl Pts',(0.997841598362081,2.06643316107448,0.0128110071743893));
#6062=CARTESIAN_POINT('Ctrl Pts',(0.998313218237112,2.06465142314392,0.0189043983017576));
#6063=CARTESIAN_POINT('Ctrl Pts',(0.999958900814687,2.05843418077275,0.0401668347417279));
#6064=CARTESIAN_POINT('Ctrl Pts',(1.00160458339226,2.04070244125496,0.0580623748363619));
#6065=CARTESIAN_POINT('Ctrl Pts',(1.00325026596984,2.01949807147682,0.064474863306338));
#6066=CARTESIAN_POINT('Ctrl Pts',(1.00489594854741,1.99829370169868,0.0708873517763141));
#6067=CARTESIAN_POINT('Ctrl Pts',(1.00654163112498,1.97361670166019,0.0658167886216325));
#6068=CARTESIAN_POINT('Ctrl Pts',(1.00818731370256,1.95665881875098,0.0515628237941456));
#6069=CARTESIAN_POINT('Ctrl Pts',(1.00983299628013,1.93970093584177,0.0373088589666588));
#6070=CARTESIAN_POINT('Ctrl Pts',(1.01147867885771,1.93046217006185,0.0138714924663668));
#6071=CARTESIAN_POINT('Ctrl Pts',(1.01312436143528,1.9331325741988,-0.00811973869086934));
#6072=CARTESIAN_POINT('Ctrl Pts',(1.01477004401286,1.93580297833576,-0.0301109698481052));
#6073=CARTESIAN_POINT('Ctrl Pts',(1.01641572659043,1.95038255238961,-0.0506560656622854));
#6074=CARTESIAN_POINT('Ctrl Pts',(1.01806140916801,1.97025902948816,-0.0604372191840449));
#6075=CARTESIAN_POINT('Ctrl Pts',(1.01970709174558,1.99013550658672,-0.0702183727058045));
#6076=CARTESIAN_POINT('Ctrl Pts',(1.02135277432316,2.01530888672999,-0.0692355839351434));
#6077=CARTESIAN_POINT('Ctrl Pts',(1.02299845690073,2.03436229950961,-0.0579345765678696));
#6078=CARTESIAN_POINT('Ctrl Pts',(1.02464413947831,2.05341571228922,-0.0466335692005958));
#6079=CARTESIAN_POINT('Ctrl Pts',(1.02628982205588,2.06634915770519,-0.0250143432367093));
#6080=CARTESIAN_POINT('Ctrl Pts',(1.02793550463345,2.06729693677678,-0.00288185533098297));
#6081=CARTESIAN_POINT('Ctrl Pts',(1.02800645595964,2.06733779895942,-0.00192764375326523));
#6082=CARTESIAN_POINT('Ctrl Pts',(1.02807740728583,2.06735638237895,-0.000972478132535364));
#6083=CARTESIAN_POINT('Ctrl Pts',(1.02814835861202,2.06735308821125,-1.71815365359078E-5));
#6084=CARTESIAN_POINT('Ctrl Pts',(1.01893194660003,2.06714701119772,-1.72011414026985E-5));
#6085=CARTESIAN_POINT('Ctrl Pts',(1.01818904112439,2.06717031994439,-0.0100987713860755));
#6086=CARTESIAN_POINT('Ctrl Pts',(1.01744613564875,2.06504091215091,-0.0201709900357392));
#6087=CARTESIAN_POINT('Ctrl Pts',(1.01670323017311,2.06070812790584,-0.0291839878875724));
#6088=CARTESIAN_POINT('Ctrl Pts',(1.01505754759553,2.05111015376468,-0.0491495609286159));
#6089=CARTESIAN_POINT('Ctrl Pts',(1.01341186501796,2.03069998815804,-0.0639174302082084));
#6090=CARTESIAN_POINT('Ctrl Pts',(1.01176618244038,2.00873424320626,-0.0667899314153505));
#6091=CARTESIAN_POINT('Ctrl Pts',(1.01012049986281,1.98676849825448,-0.0696624326224924));
#6092=CARTESIAN_POINT('Ctrl Pts',(1.00847481728523,1.96324717395757,-0.0606395657571842));
#6093=CARTESIAN_POINT('Ctrl Pts',(1.00682913470766,1.94883788466857,-0.0438134670810993));
#6094=CARTESIAN_POINT('Ctrl Pts',(1.00518345213008,1.93442859537956,-0.0269873684050141));
#6095=CARTESIAN_POINT('Ctrl Pts',(1.00353776955251,1.92913134109847,-0.00235803791815219));
#6096=CARTESIAN_POINT('Ctrl Pts',(1.00189208697494,1.93534858288944,0.0189043965375764));
#6097=CARTESIAN_POINT('Ctrl Pts',(1.00024640439736,1.94156582468041,0.0401668309933048));
#6098=CARTESIAN_POINT('Ctrl Pts',(0.998600721819786,1.95929756254345,0.0580623694178997));
#6099=CARTESIAN_POINT('Ctrl Pts',(0.996955039242212,1.98050193034277,0.0644748572894516));
#6100=CARTESIAN_POINT('Ctrl Pts',(0.995309356664637,2.00170629814209,0.0708873451610034));
#6101=CARTESIAN_POINT('Ctrl Pts',(0.993663674087063,2.02638329587769,0.0658167824795124));
#6102=CARTESIAN_POINT('Ctrl Pts',(0.992017991509488,2.04334117720436,0.0515628189822253));
#6103=CARTESIAN_POINT('Ctrl Pts',(0.990572643206334,2.05823472067051,0.0390440366637157));
#6104=CARTESIAN_POINT('Ctrl Pts',(0.98912729490318,2.06717410440202,0.0194416151736031));
#6105=CARTESIAN_POINT('Ctrl Pts',(0.987681946600026,2.06732076374598,-4.34316633128207E-5));
#6106=CARTESIAN_POINT('Origin',(1.00010265260602,2.,1.39003291564947E-16));
#6107=CARTESIAN_POINT('',(0.956431946600027,2.06726723851525,5.86292466005135E-5));
#6108=CARTESIAN_POINT('',(0.965648358612021,2.06716628366843,-3.85326949952346E-5));
#6109=CARTESIAN_POINT('',(1.00010265260602,2.06725,1.47239041289213E-16));
#6110=CARTESIAN_POINT('Ctrl Pts',(0.965648358612021,2.06716628366843,-3.85326949952346E-5));
#6111=CARTESIAN_POINT('Ctrl Pts',(0.966662549688271,2.06709376642094,0.0137146201933358));
#6112=CARTESIAN_POINT('Ctrl Pts',(0.96767674076452,2.0629833172465,0.0275075693676251));
#6113=CARTESIAN_POINT('Ctrl Pts',(0.96869093184077,2.05514290963604,0.0386838765709659));
#6114=CARTESIAN_POINT('Ctrl Pts',(0.970336614418344,2.04242063026702,0.0568191712672825));
#6115=CARTESIAN_POINT('Ctrl Pts',(0.971982296995919,2.01987733157957,0.0680648204656983));
#6116=CARTESIAN_POINT('Ctrl Pts',(0.973627979573494,1.99773706446503,0.0673205905533431));
#6117=CARTESIAN_POINT('Ctrl Pts',(0.975273662151068,1.97559679735049,0.0665763606409878));
#6118=CARTESIAN_POINT('Ctrl Pts',(0.976919344728642,1.95385956180885,0.0538422516178614));
#6119=CARTESIAN_POINT('Ctrl Pts',(0.978565027306217,1.94238383531922,0.0348935575309143));
#6120=CARTESIAN_POINT('Ctrl Pts',(0.980210709883791,1.93090810882958,0.0159448634439672));
#6121=CARTESIAN_POINT('Ctrl Pts',(0.981856392461366,1.92969389139194,-0.00921841570680052));
#6122=CARTESIAN_POINT('Ctrl Pts',(0.983502075038941,1.93929186642879,-0.0291839906110609));
#6123=CARTESIAN_POINT('Ctrl Pts',(0.985147757616516,1.94888984146564,-0.0491495655153212));
#6124=CARTESIAN_POINT('Ctrl Pts',(0.98679344019409,1.96930000897699,-0.0639174361730742));
#6125=CARTESIAN_POINT('Ctrl Pts',(0.988439122771665,1.99126575597864,-0.0667899376482837));
#6126=CARTESIAN_POINT('Ctrl Pts',(0.990084805349239,2.01323150298029,-0.0696624391234933));
#6127=CARTESIAN_POINT('Ctrl Pts',(0.991730487926814,2.03675282947225,-0.0606395714161593));
#6128=CARTESIAN_POINT('Ctrl Pts',(0.993376170504388,2.05116212010595,-0.0438134711698389));
#6129=CARTESIAN_POINT('Ctrl Pts',(0.994550233206933,2.06144199481185,-0.0318093963879383));
#6130=CARTESIAN_POINT('Ctrl Pts',(0.995724295909477,2.06708413525209,-0.0158337262905785));
#6131=CARTESIAN_POINT('Ctrl Pts',(0.996898358612021,2.06721618882773,5.75774257771668E-5));
#6132=CARTESIAN_POINT('Ctrl Pts',(0.987681946600026,2.06732076374598,-4.34316633128207E-5));
#6133=CARTESIAN_POINT('Ctrl Pts',(0.987481612325605,2.06734109164424,-0.00274418048047422));
#6134=CARTESIAN_POINT('Ctrl Pts',(0.987281278051184,2.06719249648203,-0.00544267433264796));
#6135=CARTESIAN_POINT('Ctrl Pts',(0.987080943776764,2.06686741956103,-0.00811973793312743));
#6136=CARTESIAN_POINT('Ctrl Pts',(0.985435261199189,2.06419701567328,-0.0301109670381099));
#6137=CARTESIAN_POINT('Ctrl Pts',(0.983789578621615,2.04961744298002,-0.0506560609349912));
#6138=CARTESIAN_POINT('Ctrl Pts',(0.98214389604404,2.02974096773636,-0.060437213543958));
#6139=CARTESIAN_POINT('Ctrl Pts',(0.980498213466466,2.00986449249271,-0.0702183661529248));
#6140=CARTESIAN_POINT('Ctrl Pts',(0.978852530888891,1.98469111469865,-0.0692355774739771));
#6141=CARTESIAN_POINT('Ctrl Pts',(0.977206848311317,1.96563770369713,-0.057934571161328));
#6142=CARTESIAN_POINT('Ctrl Pts',(0.975561165733742,1.9465842926956,-0.046633564848679));
#6143=CARTESIAN_POINT('Ctrl Pts',(0.973915483156168,1.93365084848661,-0.0250143409023289));
#6144=CARTESIAN_POINT('Ctrl Pts',(0.972269800578593,1.93270306950347,-0.00288185506203829));
#6145=CARTESIAN_POINT('Ctrl Pts',(0.970624118001019,1.93175529052033,0.0192506307782525));
#6146=CARTESIAN_POINT('Ctrl Pts',(0.968978435423444,1.94279317676305,0.0418963785124837));
#6147=CARTESIAN_POINT('Ctrl Pts',(0.967332752845869,1.96081072124733,0.0547848735847706));
#6148=CARTESIAN_POINT('Ctrl Pts',(0.965687070268295,1.97882826573162,0.0676733686570577));
#6149=CARTESIAN_POINT('Ctrl Pts',(0.964041387690719,2.00382546845747,0.0708046110674003));
#6150=CARTESIAN_POINT('Ctrl Pts',(0.962395705113145,2.02446536067185,0.0627584900236599));
#6151=CARTESIAN_POINT('Ctrl Pts',(0.960750022535571,2.04510525288622,0.0547123689799195));
#6152=CARTESIAN_POINT('Ctrl Pts',(0.959104339957997,2.06138783458912,0.0354888844820963));
#6153=CARTESIAN_POINT('Ctrl Pts',(0.957458657380422,2.06592847470765,0.013806453765373));
#6154=CARTESIAN_POINT('Ctrl Pts',(0.957116420453624,2.06687274837321,0.0092973652235556));
#6155=CARTESIAN_POINT('Ctrl Pts',(0.956774183526825,2.06730921173649,0.00468193326197969));
#6156=CARTESIAN_POINT('Ctrl Pts',(0.956431946600027,2.06726723851525,5.86292466005135E-5));
#6157=CARTESIAN_POINT('Origin',(1.00010265260602,2.,1.39003291564947E-16));
#6158=CARTESIAN_POINT('',(0.925181946600027,2.06714534097753,-1.34077985394721E-5));
#6159=CARTESIAN_POINT('',(0.934398358612021,2.0673501070324,-2.1330709089485E-5));
#6160=CARTESIAN_POINT('',(1.00010265260602,2.06725,1.47239041289213E-16));
#6161=CARTESIAN_POINT('Ctrl Pts',(0.934398358612021,2.0673501070324,-2.1330709089485E-5));
#6162=CARTESIAN_POINT('Ctrl Pts',(0.93595512088949,2.06726245426869,0.0209415694367145));
#6163=CARTESIAN_POINT('Ctrl Pts',(0.937511883166959,2.05669163132528,0.0419807980268325));
#6164=CARTESIAN_POINT('Ctrl Pts',(0.939068645444427,2.03978076192279,0.0543569109730186));
#6165=CARTESIAN_POINT('Ctrl Pts',(0.940714328022002,2.02190396496406,0.0674399318994709));
#6166=CARTESIAN_POINT('Ctrl Pts',(0.942360010599576,1.99694216589129,0.0708419208259882));
#6167=CARTESIAN_POINT('Ctrl Pts',(0.944005693177151,1.97621627685659,0.0630199754294145));
#6168=CARTESIAN_POINT('Ctrl Pts',(0.945651375754725,1.95549038782189,0.0551980300328407));
#6169=CARTESIAN_POINT('Ctrl Pts',(0.9472970583323,1.93900040882526,0.0361521503131757));
#6170=CARTESIAN_POINT('Ctrl Pts',(0.948942740909875,1.93422503172968,0.0145202045000811));
#6171=CARTESIAN_POINT('Ctrl Pts',(0.950588423487449,1.92944965463409,-0.00711174131301351));
#6172=CARTESIAN_POINT('Ctrl Pts',(0.952234106065024,1.93638887943956,-0.0313297532195376));
#6173=CARTESIAN_POINT('Ctrl Pts',(0.953879788642598,1.9518955630176,-0.0471502484860064));
#6174=CARTESIAN_POINT('Ctrl Pts',(0.955525471220173,1.96740224659563,-0.0629707437524751));
#6175=CARTESIAN_POINT('Ctrl Pts',(0.957171153797747,1.99147638894624,-0.0703937223788887));
#6176=CARTESIAN_POINT('Ctrl Pts',(0.958816836375322,2.01319965642311,-0.0660526446101761));
#6177=CARTESIAN_POINT('Ctrl Pts',(0.960462518952897,2.03492292389998,-0.0617115668414635));
#6178=CARTESIAN_POINT('Ctrl Pts',(0.962108201530472,2.05429531650311,-0.0456064326776246));
#6179=CARTESIAN_POINT('Ctrl Pts',(0.963753884108046,2.06253088277938,-0.0250413954985964));
#6180=CARTESIAN_POINT('Ctrl Pts',(0.964385375609371,2.06569108522847,-0.017150052186127));
#6181=CARTESIAN_POINT('Ctrl Pts',(0.965016867110696,2.06721143692068,-0.00860200694436728));
#6182=CARTESIAN_POINT('Ctrl Pts',(0.965648358612021,2.06716628366843,-3.85326949952346E-5));
#6183=CARTESIAN_POINT('Ctrl Pts',(0.956431946600027,2.06726723851525,5.86292466005135E-5));
#6184=CARTESIAN_POINT('Ctrl Pts',(0.955128500949251,2.06710737904832,-0.0175497146788709));
#6185=CARTESIAN_POINT('Ctrl Pts',(0.953825055298474,2.06000756703024,-0.0352722465273426));
#6186=CARTESIAN_POINT('Ctrl Pts',(0.952521609647697,2.04759057293433,-0.0476688505277396));
#6187=CARTESIAN_POINT('Ctrl Pts',(0.950875927070123,2.03191333250829,-0.0633203471685053));
#6188=CARTESIAN_POINT('Ctrl Pts',(0.949230244492549,2.00776015312206,-0.0704819635144135));
#6189=CARTESIAN_POINT('Ctrl Pts',(0.947584561914974,1.98608521404885,-0.0659056953137374));
#6190=CARTESIAN_POINT('Ctrl Pts',(0.9459388793374,1.96441027497565,-0.0613294271130611));
#6191=CARTESIAN_POINT('Ctrl Pts',(0.944293196759824,1.94521357621548,-0.0450152743657998));
#6192=CARTESIAN_POINT('Ctrl Pts',(0.94264751418225,1.93720138688143,-0.0243621865446803));
#6193=CARTESIAN_POINT('Ctrl Pts',(0.941001831604675,1.92918919754738,-0.00370909872356111));
#6194=CARTESIAN_POINT('Ctrl Pts',(0.939356149027102,1.93236151763945,0.0212829241714162));
#6195=CARTESIAN_POINT('Ctrl Pts',(0.937710466449527,1.94527960642521,0.0392792625932958));
#6196=CARTESIAN_POINT('Ctrl Pts',(0.936064783871953,1.95819769521097,0.0572756010151755));
#6197=CARTESIAN_POINT('Ctrl Pts',(0.934419101294377,1.98086155269041,0.0682762549639576));
#6198=CARTESIAN_POINT('Ctrl Pts',(0.932773418716802,2.00299245100405,0.0672921033988522));
#6199=CARTESIAN_POINT('Ctrl Pts',(0.931127736139228,2.02512334931769,0.0663079518337469));
#6200=CARTESIAN_POINT('Ctrl Pts',(0.929482053561654,2.04672128846551,0.0533389947547544));
#6201=CARTESIAN_POINT('Ctrl Pts',(0.92783637098408,2.0579909659917,0.0342670367292371));
#6202=CARTESIAN_POINT('Ctrl Pts',(0.926951562856062,2.06405015529782,0.0240129186458713));
#6203=CARTESIAN_POINT('Ctrl Pts',(0.926066754728044,2.06712373310628,0.0119945937226954));
#6204=CARTESIAN_POINT('Ctrl Pts',(0.925181946600027,2.06714534097753,-1.34077985394721E-5));
#6205=CARTESIAN_POINT('Origin',(1.00010265260602,2.,1.39003291564947E-16));
#6206=CARTESIAN_POINT('',(0.893931946600026,2.06731467485391,-4.62477038309089E-5));
#6207=CARTESIAN_POINT('',(0.903148358612021,2.06722296008263,5.85634775767095E-5));
#6208=CARTESIAN_POINT('',(1.00010265260602,2.06725,1.47239041289213E-16));
#6209=CARTESIAN_POINT('Ctrl Pts',(0.903148358612021,2.06722296008263,5.85634775767095E-5));
#6210=CARTESIAN_POINT('Ctrl Pts',(0.903602009513134,2.06727527261141,0.00619729811499395));
#6211=CARTESIAN_POINT('Ctrl Pts',(0.904055660414247,2.06650274507562,0.012323108003156));
#6212=CARTESIAN_POINT('Ctrl Pts',(0.90450931131536,2.06485251945073,0.0182025687906294));
#6213=CARTESIAN_POINT('Ctrl Pts',(0.906154993892935,2.05886609342738,0.0395311413995105));
#6214=CARTESIAN_POINT('Ctrl Pts',(0.907800676470509,2.04132935476044,0.0576178143531807));
#6215=CARTESIAN_POINT('Ctrl Pts',(0.909446359048084,2.02019573169855,0.0642597479830642));
#6216=CARTESIAN_POINT('Ctrl Pts',(0.911092041625659,1.99906210863667,0.0709016816129477));
#6217=CARTESIAN_POINT('Ctrl Pts',(0.912737724203234,1.97433160117984,0.0660988759190444));
#6218=CARTESIAN_POINT('Ctrl Pts',(0.914383406780809,1.95722022391018,0.0520295449469923));
#6219=CARTESIAN_POINT('Ctrl Pts',(0.916029089358383,1.94010884664052,0.0379602139749403));
#6220=CARTESIAN_POINT('Ctrl Pts',(0.917674771935957,1.93061659955803,0.0146243577247397));
#6221=CARTESIAN_POINT('Ctrl Pts',(0.919320454513532,1.9330484966977,-0.00739452468031692));
#6222=CARTESIAN_POINT('Ctrl Pts',(0.920966137091107,1.93548039383736,-0.0294134070853733));
#6223=CARTESIAN_POINT('Ctrl Pts',(0.922611819668682,1.94983643519919,-0.0501153156452857));
#6224=CARTESIAN_POINT('Ctrl Pts',(0.924257502246256,1.96960573258015,-0.0601113242051508));
#6225=CARTESIAN_POINT('Ctrl Pts',(0.925903184823831,1.9893750299611,-0.0701073327650159));
#6226=CARTESIAN_POINT('Ctrl Pts',(0.927548867401405,2.0145575833612,-0.0693974413248336));
#6227=CARTESIAN_POINT('Ctrl Pts',(0.929194549978979,2.03373236202951,-0.0583036065916688));
#6228=CARTESIAN_POINT('Ctrl Pts',(0.930840232556554,2.05290714069783,-0.047209771858504));
#6229=CARTESIAN_POINT('Ctrl Pts',(0.932485915134129,2.06607414463437,-0.0257319938323567));
#6230=CARTESIAN_POINT('Ctrl Pts',(0.934131597711704,2.06726174918029,-0.00361107835608927));
#6231=CARTESIAN_POINT('Ctrl Pts',(0.934220518011809,2.06732591839133,-0.00241583057892227));
#6232=CARTESIAN_POINT('Ctrl Pts',(0.934309438311915,2.06735511364784,-0.00121870515670735));
#6233=CARTESIAN_POINT('Ctrl Pts',(0.934398358612021,2.0673501070324,-2.1330709089485E-5));
#6234=CARTESIAN_POINT('Ctrl Pts',(0.925181946600027,2.06714534097753,-1.34077985394721E-5));
#6235=CARTESIAN_POINT('Ctrl Pts',(0.924421072150469,2.06716392226835,-0.0103394674926568));
#6236=CARTESIAN_POINT('Ctrl Pts',(0.923660197700912,2.06492562575414,-0.0206578932135724));
#6237=CARTESIAN_POINT('Ctrl Pts',(0.922899323251355,2.0603882538247,-0.0298402537331155));
#6238=CARTESIAN_POINT('Ctrl Pts',(0.92125364067378,2.05057444822694,-0.0497006271979075));
#6239=CARTESIAN_POINT('Ctrl Pts',(0.919607958096207,2.03000542112685,-0.0642464151554493));
#6240=CARTESIAN_POINT('Ctrl Pts',(0.917962275518632,2.00800983301784,-0.0668806737247791));
#6241=CARTESIAN_POINT('Ctrl Pts',(0.916316592941058,1.98601424490882,-0.0695149322941088));
#6242=CARTESIAN_POINT('Ctrl Pts',(0.914670910363483,1.96259209579088,-0.0602376614752264));
#6243=CARTESIAN_POINT('Ctrl Pts',(0.913025227785908,1.94836602114812,-0.0432563772266784));
#6244=CARTESIAN_POINT('Ctrl Pts',(0.911379545208333,1.93413994650537,-0.0262750929781304));
#6245=CARTESIAN_POINT('Ctrl Pts',(0.909733862630759,1.9291099463378,-0.00158979529991654));
#6246=CARTESIAN_POINT('Ctrl Pts',(0.908088180053184,1.93555727408617,0.0196040051940351));
#6247=CARTESIAN_POINT('Ctrl Pts',(0.906442497475609,1.94200460183454,0.0407978056879869));
#6248=CARTESIAN_POINT('Ctrl Pts',(0.904796814898035,1.95992925749885,0.0585001089976763));
#6249=CARTESIAN_POINT('Ctrl Pts',(0.903151132320461,1.98120188103013,0.0646823984253295));
#6250=CARTESIAN_POINT('Ctrl Pts',(0.901505449742886,2.00247450456142,0.0708646878529826));
#6251=CARTESIAN_POINT('Ctrl Pts',(0.899859767165311,2.02709509595969,0.0655269633985994));
#6252=CARTESIAN_POINT('Ctrl Pts',(0.898214084587736,2.04389749081747,0.0510900405438908));
#6253=CARTESIAN_POINT('Ctrl Pts',(0.8967867052585,2.05847101272776,0.038568205810144));
#6254=CARTESIAN_POINT('Ctrl Pts',(0.895359325929263,2.0671629649457,0.0192011134445603));
#6255=CARTESIAN_POINT('Ctrl Pts',(0.893931946600026,2.06731467485391,-4.62477038309089E-5));
#6256=CARTESIAN_POINT('Origin',(1.00010265260602,2.,1.39003291564947E-16));
#6257=CARTESIAN_POINT('',(0.862681946600027,2.0672744650829,5.76371395940794E-5));
#6258=CARTESIAN_POINT('',(0.871898358612021,2.06716218919208,-3.54276893692305E-5));
#6259=CARTESIAN_POINT('',(1.00010265260602,2.06725,1.47239041289213E-16));
#6260=CARTESIAN_POINT('Ctrl Pts',(0.871898358612021,2.06716218919208,-3.54276893692305E-5));
#6261=CARTESIAN_POINT('Ctrl Pts',(0.872894580714354,2.06709694233886,0.0134761200156302));
#6262=CARTESIAN_POINT('Ctrl Pts',(0.873890802816687,2.06314099788203,0.0270228248227833));
#6263=CARTESIAN_POINT('Ctrl Pts',(0.874887024919019,2.05555894269129,0.0380839425040225));
#6264=CARTESIAN_POINT('Ctrl Pts',(0.876532707496594,2.04303396849085,0.0563560613557321));
#6265=CARTESIAN_POINT('Ctrl Pts',(0.878178390074168,2.02061387897909,0.0678453836984447));
#6266=CARTESIAN_POINT('Ctrl Pts',(0.879824072651742,1.99846684605125,0.0673411629591497));
#6267=CARTESIAN_POINT('Ctrl Pts',(0.881469755229316,1.9763198131234,0.0668369422198548));
#6268=CARTESIAN_POINT('Ctrl Pts',(0.883115437806891,1.95444583677948,0.0543391783985522));
#6269=CARTESIAN_POINT('Ctrl Pts',(0.884761120384465,1.94276541048608,0.0355159760228605));
#6270=CARTESIAN_POINT('Ctrl Pts',(0.88640680296204,1.93108498419269,0.0166927736471691));
#6271=CARTESIAN_POINT('Ctrl Pts',(0.888052485539616,1.92959810794982,-0.00845586728291144));
#6272=CARTESIAN_POINT('Ctrl Pts',(0.88969816811719,1.93897912399029,-0.0285242963223744));
#6273=CARTESIAN_POINT('Ctrl Pts',(0.891343850694765,1.94836014003076,-0.0485927253618375));
#6274=CARTESIAN_POINT('Ctrl Pts',(0.892989533272339,1.96860904835458,-0.0635809425106831));
#6275=CARTESIAN_POINT('Ctrl Pts',(0.894635215849913,1.99054237177568,-0.0666913491995905));
#6276=CARTESIAN_POINT('Ctrl Pts',(0.896280898427487,2.01247569519679,-0.069801755888498));
#6277=CARTESIAN_POINT('Ctrl Pts',(0.897926581005062,2.03609343371519,-0.0610343521174672));
#6278=CARTESIAN_POINT('Ctrl Pts',(0.899572263582637,2.05068424628451,-0.0443654140999055));
#6279=CARTESIAN_POINT('Ctrl Pts',(0.900764295259098,2.06125293735833,-0.0322914562172203));
#6280=CARTESIAN_POINT('Ctrl Pts',(0.901956326935559,2.06708550154079,-0.0160718269244595));
#6281=CARTESIAN_POINT('Ctrl Pts',(0.903148358612021,2.06722296008263,5.85634775767095E-5));
#6282=CARTESIAN_POINT('Ctrl Pts',(0.893931946600026,2.06731467485391,-4.62477038309089E-5));
#6283=CARTESIAN_POINT('Ctrl Pts',(0.893713643351688,2.06733787735172,-0.00298993714542701));
#6284=CARTESIAN_POINT('Ctrl Pts',(0.89349534010335,2.06716131835312,-0.00593082600054708));
#6285=CARTESIAN_POINT('Ctrl Pts',(0.893277036855012,2.06677548683476,-0.00884399801171899));
#6286=CARTESIAN_POINT('Ctrl Pts',(0.891631354277438,2.06386688967699,-0.030804992457587));
#6287=CARTESIAN_POINT('Ctrl Pts',(0.889985671699864,2.04906549704417,-0.0511908600942887));
#6288=CARTESIAN_POINT('Ctrl Pts',(0.888339989122289,2.02908417707675,-0.0607560086465282));
#6289=CARTESIAN_POINT('Ctrl Pts',(0.886694306544715,2.00910285710933,-0.0703211571987673));
#6290=CARTESIAN_POINT('Ctrl Pts',(0.88504862396714,1.98394160980732,-0.0690655866665447));
#6291=CARTESIAN_POINT('Ctrl Pts',(0.883402941389565,1.96501180297777,-0.0575587353224822));
#6292=CARTESIAN_POINT('Ctrl Pts',(0.88175725881199,1.94608199614822,-0.0460518839784195));
#6293=CARTESIAN_POINT('Ctrl Pts',(0.880111576234416,1.93338362979113,-0.0242937518225166));
#6294=CARTESIAN_POINT('Ctrl Pts',(0.878465893656841,1.9326757876,-0.00215229356090166));
#6295=CARTESIAN_POINT('Ctrl Pts',(0.876820211079267,1.93196794540887,0.0199891647007133));
#6296=CARTESIAN_POINT('Ctrl Pts',(0.875174528501693,1.94325062738369,0.0425139490680404));
#6297=CARTESIAN_POINT('Ctrl Pts',(0.873528845924118,1.96140680445547,0.0552064054323515));
#6298=CARTESIAN_POINT('Ctrl Pts',(0.871883163346544,1.97956298152725,0.0678988617966624));
#6299=CARTESIAN_POINT('Ctrl Pts',(0.870237480768968,2.00459265369598,0.0707589901579574));
#6300=CARTESIAN_POINT('Ctrl Pts',(0.868591798191394,2.02514412635799,0.0624896379571935));
#6301=CARTESIAN_POINT('Ctrl Pts',(0.866946115613819,2.04569559902,0.0542202857564295));
#6302=CARTESIAN_POINT('Ctrl Pts',(0.865300433036245,2.06176887217529,0.0348214529936062));
#6303=CARTESIAN_POINT('Ctrl Pts',(0.86365475045867,2.06607424235219,0.0130910824844944));
#6304=CARTESIAN_POINT('Ctrl Pts',(0.863330482505789,2.06692257944507,0.00880929518458483));
#6305=CARTESIAN_POINT('Ctrl Pts',(0.863006214552908,2.06731402302064,0.00443698500361579));
#6306=CARTESIAN_POINT('Ctrl Pts',(0.862681946600027,2.0672744650829,5.76371395940794E-5));
#6307=CARTESIAN_POINT('Origin',(1.00010265260602,2.,1.39003291564947E-16));
#6308=CARTESIAN_POINT('',(0.831431946600026,2.06714408921447,-9.55962945548421E-6));
#6309=CARTESIAN_POINT('',(0.840648358612021,2.06734656920895,-2.53506406744937E-5));
#6310=CARTESIAN_POINT('',(1.00010265260602,2.06725,1.47239041289213E-16));
#6311=CARTESIAN_POINT('Ctrl Pts',(0.840648358612021,2.06734656920895,-2.53506406744937E-5));
#6312=CARTESIAN_POINT('Ctrl Pts',(0.842187151915573,2.06724587021948,0.0206984841257585));
#6313=CARTESIAN_POINT('Ctrl Pts',(0.843725945219124,2.05694967237131,0.0415088434620624));
#6314=CARTESIAN_POINT('Ctrl Pts',(0.845264738522676,2.04036756818868,0.0539225576544967));
#6315=CARTESIAN_POINT('Ctrl Pts',(0.846910421100251,2.02263362049739,0.0671985662791311));
#6316=CARTESIAN_POINT('Ctrl Pts',(0.848556103677825,1.99771015981559,0.0708709018411176));
#6317=CARTESIAN_POINT('Ctrl Pts',(0.8502017862554,1.97690071066116,0.0632740517381936));
#6318=CARTESIAN_POINT('Ctrl Pts',(0.851847468832974,1.95609126150673,0.0556772016352697));
#6319=CARTESIAN_POINT('Ctrl Pts',(0.853493151410549,1.93939582387967,0.0368111658674354));
#6320=CARTESIAN_POINT('Ctrl Pts',(0.855138833988123,1.93438627121396,0.0152322481812963));
#6321=CARTESIAN_POINT('Ctrl Pts',(0.856784516565698,1.92937671854826,-0.00634666950484296));
#6322=CARTESIAN_POINT('Ctrl Pts',(0.858430199143272,1.93605305084391,-0.0306384691092872));
#6323=CARTESIAN_POINT('Ctrl Pts',(0.860075881720847,1.95138735446877,-0.046626103028438));
#6324=CARTESIAN_POINT('Ctrl Pts',(0.861721564298422,1.96672165809363,-0.0626137369475885));
#6325=CARTESIAN_POINT('Ctrl Pts',(0.863367246875996,1.99071393304771,-0.0702972051814458));
#6326=CARTESIAN_POINT('Ctrl Pts',(0.86501292945357,2.01248297496945,-0.0661918282406741));
#6327=CARTESIAN_POINT('Ctrl Pts',(0.866658612031145,2.03425201689118,-0.0620864512999023));
#6328=CARTESIAN_POINT('Ctrl Pts',(0.86830429460872,2.05379782578057,-0.0461922291845013));
#6329=CARTESIAN_POINT('Ctrl Pts',(0.869949977186295,2.0622558007807,-0.0257176604464474));
#6330=CARTESIAN_POINT('Ctrl Pts',(0.870599437661537,2.06559369870709,-0.0176374733409893));
#6331=CARTESIAN_POINT('Ctrl Pts',(0.871248898136779,2.06720472514085,-0.00884392147122912));
#6332=CARTESIAN_POINT('Ctrl Pts',(0.871898358612021,2.06716218919208,-3.54276893692305E-5));
#6333=CARTESIAN_POINT('Ctrl Pts',(0.862681946600027,2.0672744650829,5.76371395940794E-5));
#6334=CARTESIAN_POINT('Ctrl Pts',(0.861360531975333,2.0671132637154,-0.0177885122030039));
#6335=CARTESIAN_POINT('Ctrl Pts',(0.86003911735064,2.05979476676065,-0.03575153068945));
#6336=CARTESIAN_POINT('Ctrl Pts',(0.858717702725947,2.04707112268567,-0.048181857100105));
#6337=CARTESIAN_POINT('Ctrl Pts',(0.857072020148372,2.03122516564375,-0.0636625179201922));
#6338=CARTESIAN_POINT('Ctrl Pts',(0.855426337570797,2.00699578436139,-0.0705619313049665));
#6339=CARTESIAN_POINT('Ctrl Pts',(0.853780654993223,1.9853717179237,-0.0657510098942337));
#6340=CARTESIAN_POINT('Ctrl Pts',(0.852134972415648,1.96374765148601,-0.0609400884835009));
#6341=CARTESIAN_POINT('Ctrl Pts',(0.850489289838073,1.94472889989299,-0.0444188322772611));
#6342=CARTESIAN_POINT('Ctrl Pts',(0.848843607260499,1.93694102796019,-0.0236801180499601));
#6343=CARTESIAN_POINT('Ctrl Pts',(0.847197924682924,1.9291531560274,-0.00294140382265898));
#6344=CARTESIAN_POINT('Ctrl Pts',(0.84555224210535,1.93259616375483,0.0220147684257034));
#6345=CARTESIAN_POINT('Ctrl Pts',(0.843906559527775,1.94570854559994,0.0398700380300576));
#6346=CARTESIAN_POINT('Ctrl Pts',(0.842260876950201,1.95882092744504,0.0577253076344116));
#6347=CARTESIAN_POINT('Ctrl Pts',(0.840615194372626,1.98160268340782,0.0684796745947576));
#6348=CARTESIAN_POINT('Ctrl Pts',(0.838969511795051,2.0037216151562,0.067255717156914));
#6349=CARTESIAN_POINT('Ctrl Pts',(0.837323829217477,2.02584054690457,0.0660317597190705));
#6350=CARTESIAN_POINT('Ctrl Pts',(0.835678146639902,2.04729665443854,0.0528294778830374));
#6351=CARTESIAN_POINT('Ctrl Pts',(0.834032464062328,2.05835896018724,0.0336364941588496));
#6352=CARTESIAN_POINT('Ctrl Pts',(0.833165624908227,2.06418586744644,0.0235268715603904));
#6353=CARTESIAN_POINT('Ctrl Pts',(0.832298785754127,2.06712901328894,0.0117551280824954));
#6354=CARTESIAN_POINT('Ctrl Pts',(0.831431946600026,2.06714408921447,-9.55962945548421E-6));
#6355=CARTESIAN_POINT('Origin',(1.00010265260602,2.,1.39003291564947E-16));
#6356=CARTESIAN_POINT('',(0.800181946600027,2.06730831728588,-4.88892441699759E-5));
#6357=CARTESIAN_POINT('',(0.809398358612021,2.06722988187989,5.92855740821633E-5));
#6358=CARTESIAN_POINT('',(1.00010265260602,2.06725,1.47239041289213E-16));
#6359=CARTESIAN_POINT('Ctrl Pts',(0.809398358612021,2.06722988187989,5.92855740821633E-5));
#6360=CARTESIAN_POINT('Ctrl Pts',(0.809834040539218,2.06728117332308,0.00595332375818223));
#6361=CARTESIAN_POINT('Ctrl Pts',(0.810269722466414,2.06656956590337,0.011835180633731));
#6362=CARTESIAN_POINT('Ctrl Pts',(0.81070540439361,2.06504599861618,0.0174986043539293));
#6363=CARTESIAN_POINT('Ctrl Pts',(0.812351086971185,2.05929109352653,0.038890810832941));
#6364=CARTESIAN_POINT('Ctrl Pts',(0.813996769548758,2.04195141308016,0.0571664851574254));
#6365=CARTESIAN_POINT('Ctrl Pts',(0.815642452126333,2.02089101872441,0.0640370820256473));
#6366=CARTESIAN_POINT('Ctrl Pts',(0.817288134703907,1.99983062436866,0.0709076788938692));
#6367=CARTESIAN_POINT('Ctrl Pts',(0.818933817281482,1.97504951610352,0.0663731983058286));
#6368=CARTESIAN_POINT('Ctrl Pts',(0.820579499859057,1.95778665497225,0.0524901548251519));
#6369=CARTESIAN_POINT('Ctrl Pts',(0.822225182436631,1.94052379384098,0.0386071113444751));
#6370=CARTESIAN_POINT('Ctrl Pts',(0.823870865014206,1.93077917984358,0.0153755049711621));
#6371=CARTESIAN_POINT('Ctrl Pts',(0.825516547591781,1.93297228412451,-0.00666844244860881));
#6372=CARTESIAN_POINT('Ctrl Pts',(0.827162230169355,1.93516538840544,-0.0287123898683797));
#6373=CARTESIAN_POINT('Ctrl Pts',(0.82880791274693,1.9492962109647,-0.0495686783346084));
#6374=CARTESIAN_POINT('Ctrl Pts',(0.830453595324505,1.96895600632384,-0.0597783674357235));
#6375=CARTESIAN_POINT('Ctrl Pts',(0.832099277902079,1.98861580168298,-0.0699880565368385));
#6376=CARTESIAN_POINT('Ctrl Pts',(0.833744960479654,2.013804569842,-0.0695511462728399));
#6377=CARTESIAN_POINT('Ctrl Pts',(0.835390643057228,2.03309846180159,-0.0586657875301509));
#6378=CARTESIAN_POINT('Ctrl Pts',(0.837036325634803,2.05239235376118,-0.0477804287874619));
#6379=CARTESIAN_POINT('Ctrl Pts',(0.838682008212377,2.06579136952134,-0.0264466215660825));
#6380=CARTESIAN_POINT('Ctrl Pts',(0.840327690789952,2.06721866005104,-0.00433987711175157));
#6381=CARTESIAN_POINT('Ctrl Pts',(0.840434580063975,2.06731136447085,-0.00290401463259728));
#6382=CARTESIAN_POINT('Ctrl Pts',(0.840541469337998,2.06735356406775,-0.00146489138214106));
#6383=CARTESIAN_POINT('Ctrl Pts',(0.840648358612021,2.06734656920895,-2.53506406744937E-5));
#6384=CARTESIAN_POINT('Ctrl Pts',(0.831431946600026,2.06714408921447,-9.55962945548421E-6));
#6385=CARTESIAN_POINT('Ctrl Pts',(0.830653103176552,2.06715763473256,-0.0105799746947378));
#6386=CARTESIAN_POINT('Ctrl Pts',(0.829874259753078,2.06480741296624,-0.0211446937933327));
#6387=CARTESIAN_POINT('Ctrl Pts',(0.829095416329604,2.06006128568489,-0.0304930150590283));
#6388=CARTESIAN_POINT('Ctrl Pts',(0.827449733752029,2.0500328014704,-0.0502458549403758));
#6389=CARTESIAN_POINT('Ctrl Pts',(0.825804051174455,2.02930732907799,-0.0645678490907284));
#6390=CARTESIAN_POINT('Ctrl Pts',(0.82415836859688,2.00728448180553,-0.0669635573628355));
#6391=CARTESIAN_POINT('Ctrl Pts',(0.822512686019305,1.98526163453308,-0.0693592656349426));
#6392=CARTESIAN_POINT('Ctrl Pts',(0.820867003441731,1.96194141238058,-0.059828688028804));
#6393=CARTESIAN_POINT('Ctrl Pts',(0.819221320864156,1.94790022345538,-0.0426942095406522));
#6394=CARTESIAN_POINT('Ctrl Pts',(0.817575638286582,1.93385903453017,-0.0255597310525003));
#6395=CARTESIAN_POINT('Ctrl Pts',(0.815929955709007,1.92909687883225,-0.000821351682335216));
#6396=CARTESIAN_POINT('Ctrl Pts',(0.814284273131432,1.93577353540178,0.02030131815268));
#6397=CARTESIAN_POINT('Ctrl Pts',(0.812638590553858,1.94245019197131,0.0414239879876953));
#6398=CARTESIAN_POINT('Ctrl Pts',(0.810992907976283,1.96056566080828,0.0589309482875605));
#6399=CARTESIAN_POINT('Ctrl Pts',(0.809347225398709,1.98190404056035,0.064882326699171));
#6400=CARTESIAN_POINT('Ctrl Pts',(0.807701542821134,2.00324242031242,0.0708337051107814));
#6401=CARTESIAN_POINT('Ctrl Pts',(0.806055860243559,2.02780371097958,0.065229501634137));
#6402=CARTESIAN_POINT('Ctrl Pts',(0.804410177665985,2.04444864652469,0.0506112884687376));
#6403=CARTESIAN_POINT('Ctrl Pts',(0.803000767310665,2.05870385274768,0.0380918261542324));
#6404=CARTESIAN_POINT('Ctrl Pts',(0.801591356955346,2.06715264439008,0.0189608517891297));
#6405=CARTESIAN_POINT('Ctrl Pts',(0.800181946600027,2.06730831728588,-4.88892441699759E-5));
#6406=CARTESIAN_POINT('Origin',(1.00010265260602,2.,1.39003291564947E-16));
#6407=CARTESIAN_POINT('',(0.768931946600026,2.06728165085179,5.56811884420021E-5));
#6408=CARTESIAN_POINT('',(0.778148358612021,2.06715829830354,-3.25673464621409E-5));
#6409=CARTESIAN_POINT('',(1.00010265260602,2.06725,1.47239041289213E-16));
#6410=CARTESIAN_POINT('',(0.750102652606024,1.94623069871607,0.0403908992155209));
#6411=CARTESIAN_POINT('Ctrl Pts',(0.768931946600026,2.06728165085179,5.56811884420021E-5));
#6412=CARTESIAN_POINT('Ctrl Pts',(0.767592563001416,2.06711970246766,-0.0180236085835116));
#6413=CARTESIAN_POINT('Ctrl Pts',(0.766253179402806,2.05957817780985,-0.0362191388885154));
#6414=CARTESIAN_POINT('Ctrl Pts',(0.764913795804195,2.0465459331645,-0.0486829636710489));
#6415=CARTESIAN_POINT('Ctrl Pts',(0.763268113226621,2.0305333897962,-0.0639970972141487));
#6416=CARTESIAN_POINT('Ctrl Pts',(0.761622430649046,2.00623166803628,-0.0706582435949629));
#6417=CARTESIAN_POINT('Ctrl Pts',(0.759976748071471,1.98466010031335,-0.0656002784081983));
#6418=CARTESIAN_POINT('Ctrl Pts',(0.758331065493897,1.96308853259041,-0.0605423132214337));
#6419=CARTESIAN_POINT('Ctrl Pts',(0.756685382916322,1.94424711890446,-0.0437652364670902));
#6420=CARTESIAN_POINT('Ctrl Pts',(0.755039700338747,1.9366914837013,-0.0229797852743439));
#6421=CARTESIAN_POINT('Ctrl Pts',(0.753394017761173,1.92913584849813,-0.00219433408159771));
#6422=CARTESIAN_POINT('Ctrl Pts',(0.751748335183598,1.93286599177774,0.0225994915495512));
#6423=CARTESIAN_POINT('Ctrl Pts',(0.750102652606024,1.94623069871607,0.0403908992155209));
#6424=CARTESIAN_POINT('',(0.750102652606024,2.05371143205886,0.0404168737327528));
#6425=CARTESIAN_POINT('Origin',(0.750102652606024,2.,7.65600310939037E-17));
#6426=CARTESIAN_POINT('Ctrl Pts',(0.750102652606024,2.05371143205886,0.0404168737327528));
#6427=CARTESIAN_POINT('Ctrl Pts',(0.750555378937657,2.05007628556162,0.0453525805269173));
#6428=CARTESIAN_POINT('Ctrl Pts',(0.751008105269291,2.04579178225063,0.04978433540517));
#6429=CARTESIAN_POINT('Ctrl Pts',(0.751460831600924,2.04095429214567,0.0534925688889762));
#6430=CARTESIAN_POINT('Ctrl Pts',(0.753106514178499,2.02336977666983,0.0669721807680986));
#6431=CARTESIAN_POINT('Ctrl Pts',(0.754752196756074,1.99847832368631,0.0708914818544328));
#6432=CARTESIAN_POINT('Ctrl Pts',(0.756397879333648,1.97758548202202,0.0635149289025796));
#6433=CARTESIAN_POINT('Ctrl Pts',(0.758043561911223,1.95669264035773,0.0561383759507264));
#6434=CARTESIAN_POINT('Ctrl Pts',(0.759689244488797,1.93979841001268,0.0374659689606858));
#6435=CARTESIAN_POINT('Ctrl Pts',(0.761334927066372,1.93455642693503,0.0159454626887605));
#6436=CARTESIAN_POINT('Ctrl Pts',(0.762980609643946,1.92931444385739,-0.00557504358316487));
#6437=CARTESIAN_POINT('Ctrl Pts',(0.764626292221521,1.93572470804716,-0.029943649136975));
#6438=CARTESIAN_POINT('Ctrl Pts',(0.766271974799096,1.95088424244109,-0.0460979875024309));
#6439=CARTESIAN_POINT('Ctrl Pts',(0.76791765737667,1.96604377683501,-0.0622523258678867));
#6440=CARTESIAN_POINT('Ctrl Pts',(0.769563339954245,1.98995258143309,-0.0701923970449882));
#6441=CARTESIAN_POINT('Ctrl Pts',(0.771209022531819,2.01176513931359,-0.0663224695757463));
#6442=CARTESIAN_POINT('Ctrl Pts',(0.772854705109394,2.03357769719409,-0.0624525421065043));
#6443=CARTESIAN_POINT('Ctrl Pts',(0.774500387686968,2.05329400835702,-0.0467726159909189));
#6444=CARTESIAN_POINT('Ctrl Pts',(0.776146070264543,2.06197324658401,-0.0263912938281567));
#6445=CARTESIAN_POINT('Ctrl Pts',(0.776813499713702,2.06549323231388,-0.0181253652647761));
#6446=CARTESIAN_POINT('Ctrl Pts',(0.777480929162862,2.06719781733712,-0.00908614130362865));
#6447=CARTESIAN_POINT('Ctrl Pts',(0.778148358612021,2.06715829830354,-3.25673464621409E-5));
#6448=CARTESIAN_POINT('Origin',(0.68229103012948,2.,5.96225158728361E-17));
#6449=CARTESIAN_POINT('',(1.22416427508257,2.08213074742763,-9.99229002823242E-6));
#6450=CARTESIAN_POINT('',(1.22916603012948,2.08199269083485,7.75667173259244E-5));
#6451=CARTESIAN_POINT('',(0.68229103012948,2.082,6.51454261233106E-15));
#6452=CARTESIAN_POINT('',(1.25010265260602,1.96048352111067,-0.0718501767303973));
#6453=CARTESIAN_POINT('Ctrl Pts',(1.22916603012948,2.08199269083485,7.75667173259232E-5));
#6454=CARTESIAN_POINT('Ctrl Pts',(1.22956217397803,2.08205127432399,0.00660844439454785));
#6455=CARTESIAN_POINT('Ctrl Pts',(1.23160400040415,2.07836433759938,0.0402028073186955));
#6456=CARTESIAN_POINT('Ctrl Pts',(1.23529150940785,2.03220633028258,0.0912190523101214));
#6457=CARTESIAN_POINT('Ctrl Pts',(1.24022855714058,1.94115362410516,0.0768823739084991));
#6458=CARTESIAN_POINT('Ctrl Pts',(1.2451656048733,1.90355824165395,-0.00739765755845431));
#6459=CARTESIAN_POINT('Ctrl Pts',(1.24845697002845,1.93670943897536,-0.0587748015877828));
#6460=CARTESIAN_POINT('Ctrl Pts',(1.25010265260602,1.96048352111068,-0.0718501767303985));
#6461=CARTESIAN_POINT('',(1.25010265260602,2.0394391353423,-0.0718500369262032));
#6462=CARTESIAN_POINT('Origin',(1.25010265260602,2.,2.0144655203599E-16));
#6463=CARTESIAN_POINT('Ctrl Pts',(1.22416427508257,2.08213074742763,-9.99229002823182E-6));
#6464=CARTESIAN_POINT('Ctrl Pts',(1.22577494428179,2.08208278107433,0.0264278111495015));
#6465=CARTESIAN_POINT('Ctrl Pts',(1.22903129605858,2.05392592228786,0.0799632248259726));
#6466=CARTESIAN_POINT('Ctrl Pts',(1.23393333041295,1.96291006832898,0.0893771302660976));
#6467=CARTESIAN_POINT('Ctrl Pts',(1.23887037814568,1.90488584814962,0.0177600745597913));
#6468=CARTESIAN_POINT('Ctrl Pts',(1.2438074258784,1.93313782653261,-0.069911528267155));
#6469=CARTESIAN_POINT('Ctrl Pts',(1.24755151736518,2.00055326694724,-0.0883901546973142));
#6470=CARTESIAN_POINT('Ctrl Pts',(1.24964992627439,2.03292429602697,-0.0755137641563334));
#6471=CARTESIAN_POINT('Ctrl Pts',(1.25010265260602,2.0394391353423,-0.0718500369262033));
#6472=CARTESIAN_POINT('Origin',(0.68229103012948,2.,5.96225158728361E-17));
#6473=CARTESIAN_POINT('',(1.19291427508257,2.08194293479218,6.68818052498373E-5));
#6474=CARTESIAN_POINT('',(1.19791603012948,2.0818799836176,-2.99068417610651E-5));
#6475=CARTESIAN_POINT('',(0.68229103012948,2.082,6.51454261233106E-15));
#6476=CARTESIAN_POINT('Ctrl Pts',(1.19791603012948,2.0818799836176,-2.99068417610639E-5));
#6477=CARTESIAN_POINT('Ctrl Pts',(1.19885474517925,2.08182849490022,0.0155002885209748));
#6478=CARTESIAN_POINT('Ctrl Pts',(1.20143914280659,2.07013123871701,0.0583286737891929));
#6479=CARTESIAN_POINT('Ctrl Pts',(1.20566922301151,2.00115397859482,0.0967529497171524));
#6480=CARTESIAN_POINT('Ctrl Pts',(1.21060627074423,1.9196012139112,0.0538401178494862));
#6481=CARTESIAN_POINT('Ctrl Pts',(1.21554331847696,1.91097627300445,-0.0379122766441591));
#6482=CARTESIAN_POINT('Ctrl Pts',(1.22048036620968,1.98309838620121,-0.095269313277342));
#6483=CARTESIAN_POINT('Ctrl Pts',(1.22502127009386,2.06353904447933,-0.0685551321467165));
#6484=CARTESIAN_POINT('Ctrl Pts',(1.22791649140045,2.08180790356926,-0.0205224870815411));
#6485=CARTESIAN_POINT('Ctrl Pts',(1.22916603012948,2.08199269083485,7.75667173259232E-5));
#6486=CARTESIAN_POINT('Ctrl Pts',(1.19291427508257,2.08194293479218,6.68818052498387E-5));
#6487=CARTESIAN_POINT('Ctrl Pts',(1.19342183290543,2.0820082828943,0.00844773336944472));
#6488=CARTESIAN_POINT('Ctrl Pts',(1.19557507330587,2.07698482782279,0.0439258244959483));
#6489=CARTESIAN_POINT('Ctrl Pts',(1.19937399628389,2.02599475890242,0.0932031093370617));
#6490=CARTESIAN_POINT('Ctrl Pts',(1.20431104401661,1.93614973169582,0.0727029721950602));
#6491=CARTESIAN_POINT('Ctrl Pts',(1.20924809174933,1.90422064676287,-0.0137435303240785));
#6492=CARTESIAN_POINT('Ctrl Pts',(1.21418513948206,1.95916912030671,-0.0877228944029234));
#6493=CARTESIAN_POINT('Ctrl Pts',(1.21912218721478,2.0511535418073,-0.0821342787192886));
#6494=CARTESIAN_POINT('Ctrl Pts',(1.22244856574828,2.08186701535618,-0.0281709880084457));
#6495=CARTESIAN_POINT('Ctrl Pts',(1.22412926170421,2.08213179013961,-0.000584707951783093));
#6496=CARTESIAN_POINT('Ctrl Pts',(1.22416427508257,2.08213074742763,-9.99229002823182E-6));
#6497=CARTESIAN_POINT('Origin',(0.68229103012948,2.,5.96225158728361E-17));
#6498=CARTESIAN_POINT('',(1.16166427508257,2.08190917159062,-5.39437878535893E-5));
#6499=CARTESIAN_POINT('',(1.16666603012948,2.08209995527232,-4.52556569169748E-5));
#6500=CARTESIAN_POINT('',(0.68229103012948,2.082,6.51454261233106E-15));
#6501=CARTESIAN_POINT('Ctrl Pts',(1.16666603012948,2.08209995527232,-4.52556569169696E-5));
#6502=CARTESIAN_POINT('Ctrl Pts',(1.16814731638047,2.08193769431959,0.0242935575156059));
#6503=CARTESIAN_POINT('Ctrl Pts',(1.17127428520903,2.05762077924577,0.0759541750449967));
#6504=CARTESIAN_POINT('Ctrl Pts',(1.17604693661517,1.96999015781113,0.0919889442073678));
#6505=CARTESIAN_POINT('Ctrl Pts',(1.18098398434789,1.90656174155961,0.0251366697417017));
#6506=CARTESIAN_POINT('Ctrl Pts',(1.18592103208062,1.9278873616914,-0.0645161057694967));
#6507=CARTESIAN_POINT('Ctrl Pts',(1.19085807981334,2.01462335188096,-0.0956488519086467));
#6508=CARTESIAN_POINT('Ctrl Pts',(1.19485641249629,2.07412548229168,-0.0505992641688935));
#6509=CARTESIAN_POINT('Ctrl Pts',(1.19720906260167,2.08191876093479,-0.0117260480985113));
#6510=CARTESIAN_POINT('Ctrl Pts',(1.19791603012948,2.0818799836176,-2.99068417610639E-5));
#6511=CARTESIAN_POINT('Ctrl Pts',(1.16166427508257,2.08190917159062,-5.39437878535907E-5));
#6512=CARTESIAN_POINT('Ctrl Pts',(1.16271440410665,2.08180313635716,0.0173039413997932));
#6513=CARTESIAN_POINT('Ctrl Pts',(1.16541021570831,2.06793669987489,0.0620186141472743));
#6514=CARTESIAN_POINT('Ctrl Pts',(1.16975170988754,1.99465391729566,0.0966125206571828));
#6515=CARTESIAN_POINT('Ctrl Pts',(1.17468875762027,1.91616762813371,0.0483186673374711));
#6516=CARTESIAN_POINT('Ctrl Pts',(1.17962580535299,1.91372224538374,-0.043803075962442));
#6517=CARTESIAN_POINT('Ctrl Pts',(1.18456285308571,1.98953587636542,-0.0961928290215672));
#6518=CARTESIAN_POINT('Ctrl Pts',(1.18899234299557,2.06607120175737,-0.0649141449992555));
#6519=CARTESIAN_POINT('Ctrl Pts',(1.19177615032786,2.0817964011573,-0.0187259614947188));
#6520=CARTESIAN_POINT('Ctrl Pts',(1.19291427508257,2.08194293479218,6.68818052498387E-5));
#6521=CARTESIAN_POINT('Origin',(0.68229103012948,2.,5.96225158728361E-17));
#6522=CARTESIAN_POINT('',(1.13041427508257,2.08212860433978,-1.57608675287652E-5));
#6523=CARTESIAN_POINT('',(1.13541603012948,2.08200332605836,7.28822585544843E-5));
#6524=CARTESIAN_POINT('',(0.68229103012948,2.082,6.51454261233106E-15));
#6525=CARTESIAN_POINT('Ctrl Pts',(1.13541603012948,2.08200332605836,7.28822585544725E-5));
#6526=CARTESIAN_POINT('Ctrl Pts',(1.13579420500411,2.08205974210093,0.00630564222694842));
#6527=CARTESIAN_POINT('Ctrl Pts',(1.13781806245632,2.07857459653196,0.0395987230325595));
#6528=CARTESIAN_POINT('Ctrl Pts',(1.1414876024861,2.03318201431637,0.090892860916738));
#6529=CARTESIAN_POINT('Ctrl Pts',(1.14642465021883,1.9420121889553,0.0774594859870335));
#6530=CARTESIAN_POINT('Ctrl Pts',(1.15136169795155,1.90344072881614,-0.00623421170321458));
#6531=CARTESIAN_POINT('Ctrl Pts',(1.15629874568427,1.95245422427287,-0.0842731126248876));
#6532=CARTESIAN_POINT('Ctrl Pts',(1.161235793417,2.04459454232101,-0.0858713269651032));
#6533=CARTESIAN_POINT('Ctrl Pts',(1.16469155489873,2.08077604954485,-0.0324694851087944));
#6534=CARTESIAN_POINT('Ctrl Pts',(1.16650163380289,2.08211796334103,-0.00274642936751654));
#6535=CARTESIAN_POINT('Ctrl Pts',(1.16666603012948,2.08209995527232,-4.52556569169696E-5));
#6536=CARTESIAN_POINT('Ctrl Pts',(1.13041427508257,2.08212860433978,-1.57608675287675E-5));
#6537=CARTESIAN_POINT('Ctrl Pts',(1.13200697530787,2.08205907663642,0.0261294498928113));
#6538=CARTESIAN_POINT('Ctrl Pts',(1.13524535811075,2.05445637750029,0.0794160192358074));
#6539=CARTESIAN_POINT('Ctrl Pts',(1.1401294234912,1.96388058070506,0.0897660711070157));
#6540=CARTESIAN_POINT('Ctrl Pts',(1.14506647122392,1.90508466151991,0.0188052784673469));
#6541=CARTESIAN_POINT('Ctrl Pts',(1.15000351895665,1.93238255357185,-0.0692130112453139));
#6542=CARTESIAN_POINT('Ctrl Pts',(1.15494056668937,2.02101345842953,-0.0944510164665296));
#6543=CARTESIAN_POINT('Ctrl Pts',(1.15882748539801,2.07578601300633,-0.0468710581903122));
#6544=CARTESIAN_POINT('Ctrl Pts',(1.16106872152908,2.08196930673462,-0.00989802005611396));
#6545=CARTESIAN_POINT('Ctrl Pts',(1.16166427508257,2.08190917159062,-5.39437878535907E-5));
#6546=CARTESIAN_POINT('Origin',(0.68229103012948,2.,5.96225158728361E-17));
#6547=CARTESIAN_POINT('',(1.09916427508257,2.08195073146867,6.86906143812286E-5));
#6548=CARTESIAN_POINT('',(1.10416603012948,2.08187696284429,-2.55120502356239E-5));
#6549=CARTESIAN_POINT('',(0.68229103012948,2.082,6.51454261233106E-15));
#6550=CARTESIAN_POINT('Ctrl Pts',(1.10416603012948,2.08187696284429,-2.55120502356366E-5));
#6551=CARTESIAN_POINT('Ctrl Pts',(1.10508677620533,2.08183403933266,0.0152087828923254));
#6552=CARTESIAN_POINT('Ctrl Pts',(1.10765320485876,2.07046814242208,0.0577313852595105));
#6553=CARTESIAN_POINT('Ctrl Pts',(1.11186531608976,2.00220236802762,0.096735245922347));
#6554=CARTESIAN_POINT('Ctrl Pts',(1.11680236382248,1.92018985493925,0.054707394137255));
#6555=CARTESIAN_POINT('Ctrl Pts',(1.12173941155521,1.91056985157345,-0.0369432914172847));
#6556=CARTESIAN_POINT('Ctrl Pts',(1.12667645928793,1.98206826849652,-0.0950842323170668));
#6557=CARTESIAN_POINT('Ctrl Pts',(1.13123533214602,2.06310918838208,-0.0691310730281221));
#6558=CARTESIAN_POINT('Ctrl Pts',(1.13414852242654,2.08181423954488,-0.0208171128216397));
#6559=CARTESIAN_POINT('Ctrl Pts',(1.13541603012948,2.08200332605836,7.28822585544725E-5));
#6560=CARTESIAN_POINT('Ctrl Pts',(1.09916427508257,2.08195073146867,6.86906143812348E-5));
#6561=CARTESIAN_POINT('Ctrl Pts',(1.09965386393152,2.08201593740486,0.0081508873249147));
#6562=CARTESIAN_POINT('Ctrl Pts',(1.10178913535804,2.07721774832419,0.0433245228899029));
#6563=CARTESIAN_POINT('Ctrl Pts',(1.10557008936213,2.02700340951809,0.0929159612242677));
#6564=CARTESIAN_POINT('Ctrl Pts',(1.11050713709486,1.93694146083123,0.0733906030336934));
#6565=CARTESIAN_POINT('Ctrl Pts',(1.11544418482758,1.90407732711669,-0.0127043615619834));
#6566=CARTESIAN_POINT('Ctrl Pts',(1.1203812325603,1.95822071637276,-0.0872757207683454));
#6567=CARTESIAN_POINT('Ctrl Pts',(1.12531828029303,2.05026038052033,-0.0826828526679911));
#6568=CARTESIAN_POINT('Ctrl Pts',(1.12866262780045,2.08172589112571,-0.0287679852864022));
#6569=CARTESIAN_POINT('Ctrl Pts',(1.1303612927303,2.08213091723031,-0.000885500662073991));
#6570=CARTESIAN_POINT('Ctrl Pts',(1.13041427508257,2.08212860433978,-1.57608675287675E-5));
#6571=CARTESIAN_POINT('Origin',(0.68229103012948,2.,5.96225158728361E-17));
#6572=CARTESIAN_POINT('',(1.06791427508257,2.08190334209757,-5.05713893027643E-5));
#6573=CARTESIAN_POINT('',(1.07291603012948,2.08209333178296,-4.92405118885426E-5));
#6574=CARTESIAN_POINT('',(0.68229103012948,2.082,6.51454261233106E-15));
#6575=CARTESIAN_POINT('Ctrl Pts',(1.07291603012948,2.08209333178296,-4.92405118885458E-5));
#6576=CARTESIAN_POINT('Ctrl Pts',(1.07437934740655,2.08192205738085,0.0239994327426956));
#6577=CARTESIAN_POINT('Ctrl Pts',(1.07748834726119,2.0581113648008,0.0753891348914804));
#6578=CARTESIAN_POINT('Ctrl Pts',(1.08224302969342,1.97098893178295,0.0923088086222158));
#6579=CARTESIAN_POINT('Ctrl Pts',(1.08718007742614,1.90683967811044,0.0261478996053311));
#6580=CARTESIAN_POINT('Ctrl Pts',(1.09211712515887,1.92719233210077,-0.0637306968690257));
#6581=CARTESIAN_POINT('Ctrl Pts',(1.09705417289159,2.01358583594214,-0.0958017916853836));
#6582=CARTESIAN_POINT('Ctrl Pts',(1.10107047454846,2.0738422649395,-0.0512000567185524));
#6583=CARTESIAN_POINT('Ctrl Pts',(1.10344109362776,2.08191075806881,-0.012020020385945));
#6584=CARTESIAN_POINT('Ctrl Pts',(1.10416603012948,2.08187696284429,-2.55120502356366E-5));
#6585=CARTESIAN_POINT('Ctrl Pts',(1.06791427508257,2.08190334209757,-5.05713893027602E-5));
#6586=CARTESIAN_POINT('Ctrl Pts',(1.06894643513273,2.08180607970894,0.0170133525375549));
#6587=CARTESIAN_POINT('Ctrl Pts',(1.07162427776048,2.0683031532364,0.0614251040556948));
#6588=CARTESIAN_POINT('Ctrl Pts',(1.07594780296579,1.99570135820214,0.0966647901486995));
#6589=CARTESIAN_POINT('Ctrl Pts',(1.08088485069851,1.91669625000601,0.0492244371500204));
#6590=CARTESIAN_POINT('Ctrl Pts',(1.08582189843124,1.9132525573051,-0.0428653841892492));
#6591=CARTESIAN_POINT('Ctrl Pts',(1.09075894616396,1.98849391252928,-0.0960737733563044));
#6592=CARTESIAN_POINT('Ctrl Pts',(1.09520640504774,2.06567559051501,-0.065502909627121));
#6593=CARTESIAN_POINT('Ctrl Pts',(1.09800818135394,2.08179675701837,-0.0190162557659755));
#6594=CARTESIAN_POINT('Ctrl Pts',(1.09916427508257,2.08195073146867,6.86906143812348E-5));
#6595=CARTESIAN_POINT('Origin',(0.68229103012948,2.,5.96225158728361E-17));
#6596=CARTESIAN_POINT('',(1.03666427508257,2.08212569863676,-2.09499776267843E-5));
#6597=CARTESIAN_POINT('',(1.04166603012948,2.08201217158316,7.23563706445997E-5));
#6598=CARTESIAN_POINT('',(0.68229103012948,2.082,6.51454261233106E-15));
#6599=CARTESIAN_POINT('Ctrl Pts',(1.04166603012948,2.08201217158316,7.23563706445939E-5));
#6600=CARTESIAN_POINT('Ctrl Pts',(1.04202623603019,2.08206608728685,0.00600732455651525));
#6601=CARTESIAN_POINT('Ctrl Pts',(1.04403212450849,2.07877962614123,0.0389983439413748));
#6602=CARTESIAN_POINT('Ctrl Pts',(1.04768369556435,2.03416520009614,0.0905278815102484));
#6603=CARTESIAN_POINT('Ctrl Pts',(1.05262074329707,1.94285513319873,0.0780834324719874));
#6604=CARTESIAN_POINT('Ctrl Pts',(1.0575577910298,1.90337883157721,-0.00518729611232595));
#6605=CARTESIAN_POINT('Ctrl Pts',(1.06249483876252,1.95154362958632,-0.0837528411140431));
#6606=CARTESIAN_POINT('Ctrl Pts',(1.06743188649524,2.04366121409642,-0.0863496184818974));
#6607=CARTESIAN_POINT('Ctrl Pts',(1.0709056169509,2.08061051867939,-0.0330674423199662));
#6608=CARTESIAN_POINT('Ctrl Pts',(1.07273366482898,2.08211467678332,-0.00304629630662802));
#6609=CARTESIAN_POINT('Ctrl Pts',(1.07291603012948,2.08209333178296,-4.92405118885458E-5));
#6610=CARTESIAN_POINT('Ctrl Pts',(1.03666427508257,2.08212569863676,-2.09499776267854E-5));
#6611=CARTESIAN_POINT('Ctrl Pts',(1.03823900633395,2.08203655030979,0.0258317390839993));
#6612=CARTESIAN_POINT('Ctrl Pts',(1.04145942016291,2.05498111755653,0.0788628220086019));
#6613=CARTESIAN_POINT('Ctrl Pts',(1.04632551656945,1.9648556244224,0.0901522758506881));
#6614=CARTESIAN_POINT('Ctrl Pts',(1.05126256430217,1.90529405605491,0.0198329059208852));
#6615=CARTESIAN_POINT('Ctrl Pts',(1.0561996120349,1.93163636573394,-0.0684760796609578));
#6616=CARTESIAN_POINT('Ctrl Pts',(1.06113665976762,2.01998852459639,-0.0946732214528339));
#6617=CARTESIAN_POINT('Ctrl Pts',(1.06504154745018,2.07552913256176,-0.0474725035928093));
#6618=CARTESIAN_POINT('Ctrl Pts',(1.06730075255516,2.08196115548271,-0.0101934767782658));
#6619=CARTESIAN_POINT('Ctrl Pts',(1.06791427508257,2.08190334209757,-5.05713893027602E-5));
#6620=CARTESIAN_POINT('Origin',(0.68229103012948,2.,5.96225158728361E-17));
#6621=CARTESIAN_POINT('',(1.00541427508257,2.08195877299441,7.02059318073044E-5));
#6622=CARTESIAN_POINT('',(1.01041603012948,2.08187442257565,-2.09738824491775E-5));
#6623=CARTESIAN_POINT('',(0.68229103012948,2.082,6.51454261233106E-15));
#6624=CARTESIAN_POINT('Ctrl Pts',(1.01041603012948,2.08187442257565,-2.09738824491842E-5));
#6625=CARTESIAN_POINT('Ctrl Pts',(1.01131880723141,2.08183988534894,0.0149171728105653));
#6626=CARTESIAN_POINT('Ctrl Pts',(1.01386726691092,2.0708003171567,0.0571337692145263));
#6627=CARTESIAN_POINT('Ctrl Pts',(1.01806140916801,2.00325069564975,0.0967056937627525));
#6628=CARTESIAN_POINT('Ctrl Pts',(1.02299845690073,1.92078748435481,0.0555691964446471));
#6629=CARTESIAN_POINT('Ctrl Pts',(1.02793550463345,1.91017469765084,-0.0359718401840218));
#6630=CARTESIAN_POINT('Ctrl Pts',(1.03287255236618,1.98103875914731,-0.0948842957167788));
#6631=CARTESIAN_POINT('Ctrl Pts',(1.03744939419819,2.06267672597066,-0.069712188897438));
#6632=CARTESIAN_POINT('Ctrl Pts',(1.04038055345262,2.08181976113272,-0.0211079273661926));
#6633=CARTESIAN_POINT('Ctrl Pts',(1.04166603012948,2.08201217158316,7.23563706445939E-5));
#6634=CARTESIAN_POINT('Ctrl Pts',(1.00541427508257,2.08195877299441,7.02059318073004E-5));
#6635=CARTESIAN_POINT('Ctrl Pts',(1.0058858949576,2.08202345337044,0.00785383083567203));
#6636=CARTESIAN_POINT('Ctrl Pts',(1.0080031974102,2.0774467069614,0.0427233157803375));
#6637=CARTESIAN_POINT('Ctrl Pts',(1.01176618244038,2.02800888538957,0.0926178293582397));
#6638=CARTESIAN_POINT('Ctrl Pts',(1.01670323017311,1.93774060272088,0.0740697470377687));
#6639=CARTESIAN_POINT('Ctrl Pts',(1.02164027790583,1.90394526618762,-0.0116639653647857));
#6640=CARTESIAN_POINT('Ctrl Pts',(1.02657732563855,1.95727723967826,-0.0868177731014148));
#6641=CARTESIAN_POINT('Ctrl Pts',(1.03151437337128,2.04936127707966,-0.0832227390853164));
#6642=CARTESIAN_POINT('Ctrl Pts',(1.03487668985262,2.08158148334019,-0.0293642429656774));
#6643=CARTESIAN_POINT('Ctrl Pts',(1.03659332375638,2.08212971531708,-0.00118577259282547));
#6644=CARTESIAN_POINT('Ctrl Pts',(1.03666427508257,2.08212569863676,-2.09499776267854E-5));
#6645=CARTESIAN_POINT('Origin',(0.68229103012948,2.,5.96225158728361E-17));
#6646=CARTESIAN_POINT('',(0.974164275082569,2.08189792209385,-4.69841039265506E-5));
#6647=CARTESIAN_POINT('',(0.979166030129479,2.08208628441889,-5.29575671632701E-5));
#6648=CARTESIAN_POINT('',(0.68229103012948,2.082,6.51454261233106E-15));
#6649=CARTESIAN_POINT('Ctrl Pts',(0.979166030129479,2.08208628441889,-5.29575671632658E-5));
#6650=CARTESIAN_POINT('Ctrl Pts',(0.980611378432633,2.08190745815563,0.023705761252571));
#6651=CARTESIAN_POINT('Ctrl Pts',(0.983702409313362,2.05859650826367,0.0748223794492031));
#6652=CARTESIAN_POINT('Ctrl Pts',(0.988439122771664,1.97199111722427,0.0926178207150115));
#6653=CARTESIAN_POINT('Ctrl Pts',(0.993376170504388,1.90712855195576,0.0271560742101742));
#6654=CARTESIAN_POINT('Ctrl Pts',(0.998313218237113,1.92650586873121,-0.0629378335930676));
#6655=CARTESIAN_POINT('Ctrl Pts',(1.00325026596983,2.01254669812958,-0.0959434135018535));
#6656=CARTESIAN_POINT('Ctrl Pts',(1.00728453660063,2.0735547348722,-0.0518007676760741));
#6657=CARTESIAN_POINT('Ctrl Pts',(1.00967312465384,2.08190284364967,-0.0123137435488176));
#6658=CARTESIAN_POINT('Ctrl Pts',(1.01041603012948,2.08187442257565,-2.09738824491842E-5));
#6659=CARTESIAN_POINT('Ctrl Pts',(0.974164275082569,2.08189792209385,-4.69841039265424E-5));
#6660=CARTESIAN_POINT('Ctrl Pts',(0.975178466158818,2.08180949957646,0.0167226595666007));
#6661=CARTESIAN_POINT('Ctrl Pts',(0.977838339812642,2.06866475749339,0.0608309192157765));
#6662=CARTESIAN_POINT('Ctrl Pts',(0.98214389604404,1.9967493040469,0.0967057027874696));
#6663=CARTESIAN_POINT('Ctrl Pts',(0.987080943776765,1.91723465805074,0.0501244266582641));
#6664=CARTESIAN_POINT('Ctrl Pts',(0.992017991509487,1.91279305969148,-0.0419226613876667));
#6665=CARTESIAN_POINT('Ctrl Pts',(0.996955039242212,1.98745330069953,-0.0959434224554321));
#6666=CARTESIAN_POINT('Ctrl Pts',(1.0014204670999,2.06527494090829,-0.0660907538735181));
#6667=CARTESIAN_POINT('Ctrl Pts',(1.00424021238002,2.08179775599512,-0.0193065510160182));
#6668=CARTESIAN_POINT('Ctrl Pts',(1.00541427508257,2.08195877299441,7.02059318073004E-5));
#6669=CARTESIAN_POINT('Origin',(0.68229103012948,2.,5.96225158728361E-17));
#6670=CARTESIAN_POINT('',(0.942914275082568,2.08212206359341,-2.60091917453027E-5));
#6671=CARTESIAN_POINT('',(0.94791603012948,2.08202101945354,7.14884493864672E-5));
#6672=CARTESIAN_POINT('',(0.68229103012948,2.082,6.51454261233106E-15));
#6673=CARTESIAN_POINT('Ctrl Pts',(0.94791603012948,2.08202101945354,7.14884493864758E-5));
#6674=CARTESIAN_POINT('Ctrl Pts',(0.948258267056278,2.08207219869729,0.00570882568746961));
#6675=CARTESIAN_POINT('Ctrl Pts',(0.950246186560651,2.07898089775676,0.0383981425098493));
#6676=CARTESIAN_POINT('Ctrl Pts',(0.953879788642598,2.03514437229788,0.0901522674375447));
#6677=CARTESIAN_POINT('Ctrl Pts',(0.958816836375322,1.94370479057953,0.0786982059811245));
#6678=CARTESIAN_POINT('Ctrl Pts',(0.963753884108046,1.90332828476973,-0.00413977086082178));
#6679=CARTESIAN_POINT('Ctrl Pts',(0.96869093184077,1.9506387275268,-0.0832227313188461));
#6680=CARTESIAN_POINT('Ctrl Pts',(0.973627979573494,2.04272275633478,-0.0868177649994575));
#6681=CARTESIAN_POINT('Ctrl Pts',(0.977119679003063,2.08044149314232,-0.0336656592631187));
#6682=CARTESIAN_POINT('Ctrl Pts',(0.978965695855058,2.08211107085246,-0.00334606393158271));
#6683=CARTESIAN_POINT('Ctrl Pts',(0.979166030129479,2.08208628441889,-5.29575671632658E-5));
#6684=CARTESIAN_POINT('Ctrl Pts',(0.942914275082568,2.08212206359341,-2.60091917453116E-5));
#6685=CARTESIAN_POINT('Ctrl Pts',(0.944471037360037,2.08201518587409,0.0255347017667048));
#6686=CARTESIAN_POINT('Ctrl Pts',(0.947673482215081,2.05550030239356,0.0783075745669936));
#6687=CARTESIAN_POINT('Ctrl Pts',(0.952521609647697,1.96583479671553,0.0905278899584448));
#6688=CARTESIAN_POINT('Ctrl Pts',(0.957458657380422,1.90551457614791,0.0208582035489644));
#6689=CARTESIAN_POINT('Ctrl Pts',(0.962395705113145,1.93089820889357,-0.0677311039455317));
#6690=CARTESIAN_POINT('Ctrl Pts',(0.96733275284587,2.01896124262217,-0.094884304571521));
#6691=CARTESIAN_POINT('Ctrl Pts',(0.971255609502343,2.07526808759069,-0.0480739125286885));
#6692=CARTESIAN_POINT('Ctrl Pts',(0.973532783581243,2.08195297884752,-0.0104886924823457));
#6693=CARTESIAN_POINT('Ctrl Pts',(0.974164275082569,2.08189792209385,-4.69841039265424E-5));
#6694=CARTESIAN_POINT('Origin',(0.68229103012948,2.,5.96225158728361E-17));
#6695=CARTESIAN_POINT('',(0.911664275082569,2.08196702939444,7.14082551916939E-5));
#6696=CARTESIAN_POINT('',(0.91666603012948,2.08187238602465,-1.6348542457632E-5));
#6697=CARTESIAN_POINT('',(0.68229103012948,2.082,6.51454261233106E-15));
#6698=CARTESIAN_POINT('Ctrl Pts',(0.91666603012948,2.08187238602465,-1.63485424576353E-5));
#6699=CARTESIAN_POINT('Ctrl Pts',(0.917550838257497,2.08184603888052,0.0146253782194941));
#6700=CARTESIAN_POINT('Ctrl Pts',(0.92008132896309,2.07112784969159,0.056535714735518));
#6701=CARTESIAN_POINT('Ctrl Pts',(0.924257502246255,2.00429864139671,0.0966647811278009));
#6702=CARTESIAN_POINT('Ctrl Pts',(0.92919454997898,1.9213944192414,0.0564244707724052));
#6703=CARTESIAN_POINT('Ctrl Pts',(0.934131597711703,1.90979009593064,-0.0349961631631251));
#6704=CARTESIAN_POINT('Ctrl Pts',(0.939068645444427,1.98001147726896,-0.0946732126177899));
#6705=CARTESIAN_POINT('Ctrl Pts',(0.943663456250353,2.06223904288319,-0.0702920630982887));
#6706=CARTESIAN_POINT('Ctrl Pts',(0.946612584478704,2.08182609787304,-0.0213989086047199));
#6707=CARTESIAN_POINT('Ctrl Pts',(0.94791603012948,2.08202101945354,7.14884493864758E-5));
#6708=CARTESIAN_POINT('Ctrl Pts',(0.911664275082569,2.08196702939444,7.14082551916994E-5));
#6709=CARTESIAN_POINT('Ctrl Pts',(0.912117925983682,2.08203081567487,0.0075565568093641));
#6710=CARTESIAN_POINT('Ctrl Pts',(0.91421725946237,2.07767173219936,0.0421222071203092));
#6711=CARTESIAN_POINT('Ctrl Pts',(0.917962275518632,2.02901107092441,0.0923088172366059));
#6712=CARTESIAN_POINT('Ctrl Pts',(0.922899323251355,1.93854705851728,0.0747401897169004));
#6713=CARTESIAN_POINT('Ctrl Pts',(0.92783637098408,1.90382448926385,-0.0106221989455425));
#6714=CARTESIAN_POINT('Ctrl Pts',(0.932773418716802,1.95633878182904,-0.0863496265401671));
#6715=CARTESIAN_POINT('Ctrl Pts',(0.937710466449528,2.0484563749357,-0.0837528489299834));
#6716=CARTESIAN_POINT('Ctrl Pts',(0.941090751904781,2.0814337310751,-0.0299607836685992));
#6717=CARTESIAN_POINT('Ctrl Pts',(0.942825354782462,2.08212816831409,-0.00148600480073893));
#6718=CARTESIAN_POINT('Ctrl Pts',(0.942914275082568,2.08212206359341,-2.60091917453116E-5));
#6719=CARTESIAN_POINT('Origin',(0.68229103012948,2.,5.96225158728361E-17));
#6720=CARTESIAN_POINT('',(0.880414275082569,2.0818929295725,-4.31980747623363E-5));
#6721=CARTESIAN_POINT('',(0.88541603012948,2.08207886004491,-5.63912522582972E-5));
#6722=CARTESIAN_POINT('',(0.68229103012948,2.082,6.51454261233106E-15));
#6723=CARTESIAN_POINT('Ctrl Pts',(0.88541603012948,2.08207886004491,-5.63912522582908E-5));
#6724=CARTESIAN_POINT('Ctrl Pts',(0.886843409458716,2.08189387547282,0.0234125100736622));
#6725=CARTESIAN_POINT('Ctrl Pts',(0.889916471365527,2.05907623147545,0.0742539560206349));
#6726=CARTESIAN_POINT('Ctrl Pts',(0.894635215849913,1.97299659300191,0.0929159525532188));
#6727=CARTESIAN_POINT('Ctrl Pts',(0.899572263582636,1.90742833585069,0.0281610586620131));
#6728=CARTESIAN_POINT('Ctrl Pts',(0.904509311315361,1.92582803906589,-0.062137576711081));
#6729=CARTESIAN_POINT('Ctrl Pts',(0.909446359048085,2.01150608639695,-0.0960737643905614));
#6730=CARTESIAN_POINT('Ctrl Pts',(0.91349859865279,2.07326282597168,-0.0524012837023803));
#6731=CARTESIAN_POINT('Ctrl Pts',(0.915905155679922,2.08189504276587,-0.0126072317382585));
#6732=CARTESIAN_POINT('Ctrl Pts',(0.91666603012948,2.08187238602465,-1.63485424576353E-5));
#6733=CARTESIAN_POINT('Ctrl Pts',(0.880414275082569,2.0818929295725,-4.31980747623349E-5));
#6734=CARTESIAN_POINT('Ctrl Pts',(0.881410497184901,2.08181337207118,0.0164318489409964));
#6735=CARTESIAN_POINT('Ctrl Pts',(0.884052401864808,2.06902154085653,0.0602360942479727));
#6736=CARTESIAN_POINT('Ctrl Pts',(0.888339989122288,1.99779763176685,0.0967352549498123));
#6737=CARTESIAN_POINT('Ctrl Pts',(0.893277036855013,1.91778278893257,0.0510185278116648));
#6738=CARTESIAN_POINT('Ctrl Pts',(0.898214084587737,1.912343806691,-0.0409750137318264));
#6739=CARTESIAN_POINT('Ctrl Pts',(0.90315113232046,1.98641416279,-0.0958018006257448));
#6740=CARTESIAN_POINT('Ctrl Pts',(0.90763452915207,2.06486922713415,-0.0666776223539177));
#6741=CARTESIAN_POINT('Ctrl Pts',(0.910472243406107,2.08179942195308,-0.0195968744655083));
#6742=CARTESIAN_POINT('Ctrl Pts',(0.911664275082569,2.08196702939444,7.14082551916994E-5));
#6743=CARTESIAN_POINT('Origin',(0.68229103012948,2.,5.96225158728361E-17));
#6744=CARTESIAN_POINT('',(0.849164275082568,2.08211774981612,-3.09108183648456E-5));
#6745=CARTESIAN_POINT('',(0.854166030129479,2.08202983103046,7.02787427020609E-5));
#6746=CARTESIAN_POINT('',(0.68229103012948,2.082,6.51454261233106E-15));
#6747=CARTESIAN_POINT('Ctrl Pts',(0.854166030129479,2.08202983103046,7.02787427020632E-5));
#6748=CARTESIAN_POINT('Ctrl Pts',(0.854490298082361,2.08207806524449,0.00541015271816346));
#6749=CARTESIAN_POINT('Ctrl Pts',(0.856460248612816,2.07917843898675,0.0377981294252518));
#6750=CARTESIAN_POINT('Ctrl Pts',(0.860075881720847,2.03611941592425,0.0897660627297944));
#6751=CARTESIAN_POINT('Ctrl Pts',(0.865012929453571,1.94456106122526,0.079303734449072));
#6752=CARTESIAN_POINT('Ctrl Pts',(0.869949977186295,1.90328909444746,-0.00309175929609395));
#6753=CARTESIAN_POINT('Ctrl Pts',(0.874887024919019,1.94973962417003,-0.0826828449518866));
#6754=CARTESIAN_POINT('Ctrl Pts',(0.879824072651741,2.04177927972833,-0.0872757126236606));
#6755=CARTESIAN_POINT('Ctrl Pts',(0.883333741055229,2.08026894705254,-0.0342641289898249));
#6756=CARTESIAN_POINT('Ctrl Pts',(0.885197726881142,2.08210715156641,-0.00364572261598787));
#6757=CARTESIAN_POINT('Ctrl Pts',(0.88541603012948,2.08207886004491,-5.63912522582908E-5));
#6758=CARTESIAN_POINT('Ctrl Pts',(0.849164275082568,2.08211774981612,-3.09108183648463E-5));
#6759=CARTESIAN_POINT('Ctrl Pts',(0.850703068386119,2.08199496443119,0.0252383003466524));
#6760=CARTESIAN_POINT('Ctrl Pts',(0.853887544267246,2.05601394910031,0.0777503317712892));
#6761=CARTESIAN_POINT('Ctrl Pts',(0.858717702725947,1.96681798258694,0.0908928693985799));
#6762=CARTESIAN_POINT('Ctrl Pts',(0.86365475045867,1.90574619587678,0.0218810508277663));
#6763=CARTESIAN_POINT('Ctrl Pts',(0.868591798191393,1.93016816977611,-0.0669781715171143));
#6764=CARTESIAN_POINT('Ctrl Pts',(0.873528845924119,2.0179317331769,-0.0950842411904065));
#6765=CARTESIAN_POINT('Ctrl Pts',(0.877469671554509,2.07500284844478,-0.0486752648428622));
#6766=CARTESIAN_POINT('Ctrl Pts',(0.879764814607326,2.08194479496728,-0.010783666329226));
#6767=CARTESIAN_POINT('Ctrl Pts',(0.880414275082569,2.0818929295725,-4.31980747623349E-5));
#6768=CARTESIAN_POINT('Origin',(0.68229103012948,2.,5.96225158728361E-17));
#6769=CARTESIAN_POINT('',(0.817914275082568,2.08197546935541,7.22887297408146E-5));
#6770=CARTESIAN_POINT('',(0.82291603012948,2.08187085971132,-1.16563511582117E-5));
#6771=CARTESIAN_POINT('',(0.68229103012948,2.082,6.51454261233106E-15));
#6772=CARTESIAN_POINT('Ctrl Pts',(0.822916030129479,2.08187085971132,-1.16563511582103E-5));
#6773=CARTESIAN_POINT('Ctrl Pts',(0.82378286928358,2.08185247717016,0.0143333903756816));
#6774=CARTESIAN_POINT('Ctrl Pts',(0.826295391015255,2.07145076926013,0.0559372536571988));
#6775=CARTESIAN_POINT('Ctrl Pts',(0.830453595324505,2.00534608220653,0.0966125116359622));
#6776=CARTESIAN_POINT('Ctrl Pts',(0.835390643057228,1.92201058827578,0.0572731172531356));
#6777=CARTESIAN_POINT('Ctrl Pts',(0.840327690789952,1.90941609160739,-0.0340163752836241));
#6778=CARTESIAN_POINT('Ctrl Pts',(0.845264738522676,1.97898654353133,-0.0944510076514307));
#6779=CARTESIAN_POINT('Ctrl Pts',(0.849877518302519,2.06179611511695,-0.0708706504013906));
#6780=CARTESIAN_POINT('Ctrl Pts',(0.852844615504786,2.08183327322918,-0.0216900817939973));
#6781=CARTESIAN_POINT('Ctrl Pts',(0.854166030129479,2.08202983103046,7.02787427020632E-5));
#6782=CARTESIAN_POINT('Ctrl Pts',(0.817914275082568,2.08197546935541,7.22887297408227E-5));
#6783=CARTESIAN_POINT('Ctrl Pts',(0.818349957009764,2.08203801059469,0.00725907134827007));
#6784=CARTESIAN_POINT('Ctrl Pts',(0.820431321514535,2.07789285697427,0.0415212215833196));
#6785=CARTESIAN_POINT('Ctrl Pts',(0.824158368596881,2.03000984499586,0.0919889528255253));
#6786=CARTESIAN_POINT('Ctrl Pts',(0.829095416329603,1.93936073520813,0.0754018565480833));
#6787=CARTESIAN_POINT('Ctrl Pts',(0.834032464062327,1.90371500965631,-0.00957918683979745));
#6788=CARTESIAN_POINT('Ctrl Pts',(0.838969511795052,1.9554054535162,-0.08587133498392));
#6789=CARTESIAN_POINT('Ctrl Pts',(0.843906559527775,2.04754578016481,-0.0842731204866167));
#6790=CARTESIAN_POINT('Ctrl Pts',(0.847304813956947,2.08128261087465,-0.0305576046974699));
#6791=CARTESIAN_POINT('Ctrl Pts',(0.849057385808545,2.08212627886328,-0.00178618726149271));
#6792=CARTESIAN_POINT('Ctrl Pts',(0.849164275082568,2.08211774981612,-3.09108183648463E-5));
#6793=CARTESIAN_POINT('Origin',(0.68229103012948,2.,5.96225158728361E-17));
#6794=CARTESIAN_POINT('',(0.786664275082568,2.08188818529205,-3.97103704024175E-5));
#6795=CARTESIAN_POINT('',(0.791666030129479,2.08207110806605,-5.96121638982348E-5));
#6796=CARTESIAN_POINT('',(0.68229103012948,2.082,6.51454261233106E-15));
#6797=CARTESIAN_POINT('Ctrl Pts',(0.791666030129479,2.08207110806605,-5.96121638982321E-5));
#6798=CARTESIAN_POINT('Ctrl Pts',(0.793075440484799,2.08188129130092,0.023119551623918));
#6799=CARTESIAN_POINT('Ctrl Pts',(0.796130533417693,2.05955055046722,0.0736840404319009));
#6800=CARTESIAN_POINT('Ctrl Pts',(0.800831308928162,1.97400524358231,0.093203100433738));
#6801=CARTESIAN_POINT('Ctrl Pts',(0.805768356660885,1.90773899326417,0.0291627698201049));
#6802=CARTESIAN_POINT('Ctrl Pts',(0.81070540439361,1.92515892340079,-0.0613300379874878));
#6803=CARTESIAN_POINT('Ctrl Pts',(0.815642452126333,2.01046412265007,-0.0961928200114293));
#6804=CARTESIAN_POINT('Ctrl Pts',(0.819712660704957,2.07296650852031,-0.0530015822983486));
#6805=CARTESIAN_POINT('Ctrl Pts',(0.822137186706005,2.08188737617948,-0.01290048959061));
#6806=CARTESIAN_POINT('Ctrl Pts',(0.822916030129479,2.08187085971132,-1.16563511582103E-5));
#6807=CARTESIAN_POINT('Ctrl Pts',(0.786664275082569,2.08188818529205,-3.97103704024148E-5));
#6808=CARTESIAN_POINT('Ctrl Pts',(0.787642528210983,2.08181755780413,0.0161406242000517));
#6809=CARTESIAN_POINT('Ctrl Pts',(0.790266463916973,2.06937383997491,0.059641420140707));
#6810=CARTESIAN_POINT('Ctrl Pts',(0.794536082200538,1.99884602139478,0.0967529600184558));
#6811=CARTESIAN_POINT('Ctrl Pts',(0.799473129933261,1.9183406783048,0.0519068811678474));
#6812=CARTESIAN_POINT('Ctrl Pts',(0.804410177665986,1.91190480022488,-0.0400226773853599));
#6813=CARTESIAN_POINT('Ctrl Pts',(0.809347225398708,1.98537664672353,-0.0956488610462392));
#6814=CARTESIAN_POINT('Ctrl Pts',(0.813848591204237,2.06445841342768,-0.0672634977608112));
#6815=CARTESIAN_POINT('Ctrl Pts',(0.81670427443219,2.08180177626539,-0.0198872530821404));
#6816=CARTESIAN_POINT('Ctrl Pts',(0.817914275082568,2.08197546935541,7.22887297408227E-5));
#6817=CARTESIAN_POINT('Origin',(0.68229103012948,2.,5.96225158728361E-17));
#6818=CARTESIAN_POINT('',(0.755414275082569,2.08209938519804,-5.94011362552212E-5));
#6819=CARTESIAN_POINT('',(0.760416030129479,2.08203859286018,6.78937911114394E-5));
#6820=CARTESIAN_POINT('',(0.68229103012948,2.082,6.51454261233106E-15));
#6821=CARTESIAN_POINT('',(0.750102652606024,2.03951647888932,-0.0718501767304009));
#6822=CARTESIAN_POINT('Ctrl Pts',(0.750102652606024,2.03951647888932,-0.0718501767304011));
#6823=CARTESIAN_POINT('Ctrl Pts',(0.751748335183598,2.06329056102463,-0.058774801587787));
#6824=CARTESIAN_POINT('Ctrl Pts',(0.753518876009114,2.08112372759284,-0.0311371717511928));
#6825=CARTESIAN_POINT('Ctrl Pts',(0.755289416834628,2.08211106823671,-0.00210784901688264));
#6826=CARTESIAN_POINT('Ctrl Pts',(0.755414275082569,2.08209938519803,-5.94011362552263E-5));
#6827=CARTESIAN_POINT('',(0.750102652606024,1.96056086253613,-0.0718500282452419));
#6828=CARTESIAN_POINT('Origin',(0.750102652606024,2.,7.65600310939037E-17));
#6829=CARTESIAN_POINT('Ctrl Pts',(0.750102652606024,1.96056086253613,-0.0718500282452419));
#6830=CARTESIAN_POINT('Ctrl Pts',(0.750555378937657,1.96707570843609,-0.0755137609787698));
#6831=CARTESIAN_POINT('Ctrl Pts',(0.752653787846865,1.99944676318239,-0.0883901729854348));
#6832=CARTESIAN_POINT('Ctrl Pts',(0.756091580354684,2.06134698384847,-0.0714232092889962));
#6833=CARTESIAN_POINT('Ctrl Pts',(0.759076646530869,2.08184112419848,-0.0219767420646534));
#6834=CARTESIAN_POINT('Ctrl Pts',(0.760416030129479,2.08203859286018,6.7893791111434E-5));
#6835=CARTESIAN_POINT('Ctrl Pts',(0.750102652606024,2.19999999202143,0.149994279355664));
#6836=CARTESIAN_POINT('Ctrl Pts',(0.750102652606024,2.19999999202143,0.249994279355664));
#6837=CARTESIAN_POINT('Ctrl Pts',(0.850102652606024,2.19999999202143,0.249994279355664));
#6838=CARTESIAN_POINT('Ctrl Pts',(0.750102652606024,2.24999999202143,0.149994279355664));
#6839=CARTESIAN_POINT('Ctrl Pts',(0.750102652606024,2.24999999202143,0.249994279355664));
#6840=CARTESIAN_POINT('Ctrl Pts',(0.850102652606024,2.24999999202143,0.249994279355664));
#6841=CARTESIAN_POINT('Ctrl Pts',(0.800102652606024,2.24999999202143,0.149994279355664));
#6842=CARTESIAN_POINT('Ctrl Pts',(0.800102652606024,2.24999999202143,0.199994279355664));
#6843=CARTESIAN_POINT('Ctrl Pts',(0.850102652606024,2.24999999202143,0.199994279355664));
#6844=CARTESIAN_POINT('',(0.800102652606024,2.24999999202143,0.149994279355664));
#6845=CARTESIAN_POINT('',(0.750102652606024,2.19999999202143,0.149994279355664));
#6846=CARTESIAN_POINT('Origin',(0.800102652606024,2.19999999202143,0.149994279355664));
#6847=CARTESIAN_POINT('',(0.850102652606024,2.19999999202143,0.249994279355664));
#6848=CARTESIAN_POINT('Origin',(0.850102652606024,2.19999999202143,0.149994279355664));
#6849=CARTESIAN_POINT('',(0.850102652606024,2.24999999202143,0.199994279355664));
#6850=CARTESIAN_POINT('Origin',(0.850102652606024,2.19999999202143,0.199994279355664));
#6851=CARTESIAN_POINT('Origin',(0.850102652606024,2.24999999202143,0.149994279355664));
#6852=CARTESIAN_POINT('Origin',(1.62510265260602,2.19999999202143,0.199994279355664));
#6853=CARTESIAN_POINT('',(1.75010265260602,2.19999999202143,0.249994279355664));
#6854=CARTESIAN_POINT('',(1.75010265260602,2.24999999202143,0.199994279355664));
#6855=CARTESIAN_POINT('Origin',(1.75010265260602,2.19999999202143,0.199994279355664));
#6856=CARTESIAN_POINT('',(1.62510265260602,2.24999999202143,0.199994279355664));
#6857=CARTESIAN_POINT('',(1.62510265260602,2.19999999202143,0.249994279355664));
#6858=CARTESIAN_POINT('Origin',(1.75010265260602,2.19999999202143,-0.250005720644335));
#6859=CARTESIAN_POINT('',(2.25010265260602,2.19999999202143,-0.250005720644336));
#6860=CARTESIAN_POINT('',(2.20010265260602,2.24999999202143,-0.250005720644336));
#6861=CARTESIAN_POINT('Origin',(2.20010265260602,2.19999999202143,-0.250005720644336));
#6862=CARTESIAN_POINT('Origin',(1.75010265260602,2.24999999202143,-0.250005720644335));
#6863=CARTESIAN_POINT('Origin',(1.75010265260602,2.19999999202143,-0.250005720644335));
#6864=CARTESIAN_POINT('Origin',(2.20010265260602,2.19999999202143,-1.23750143016269));
#6865=CARTESIAN_POINT('',(2.25010265260602,2.19999999202143,-1.70000000000214));
#6866=CARTESIAN_POINT('',(2.20010265260602,2.24999999202143,-1.70000000000214));
#6867=CARTESIAN_POINT('Origin',(2.20010265260602,2.19999999202143,-1.70000000000214));
#6868=CARTESIAN_POINT('',(2.20010265260602,2.24999999202143,-1.23750143016269));
#6869=CARTESIAN_POINT('',(2.25010265260602,2.19999999202143,-1.23750143016269));
#6870=CARTESIAN_POINT('Ctrl Pts',(2.25010265260602,2.19999999202143,-1.70000000000214));
#6871=CARTESIAN_POINT('Ctrl Pts',(2.25010265260602,2.19999999202143,-1.80000000000214));
#6872=CARTESIAN_POINT('Ctrl Pts',(2.15010265260602,2.19999999202143,-1.80000000000214));
#6873=CARTESIAN_POINT('Ctrl Pts',(2.25010265260602,2.24999999202143,-1.70000000000214));
#6874=CARTESIAN_POINT('Ctrl Pts',(2.25010265260602,2.24999999202143,-1.80000000000214));
#6875=CARTESIAN_POINT('Ctrl Pts',(2.15010265260602,2.24999999202143,-1.80000000000214));
#6876=CARTESIAN_POINT('Ctrl Pts',(2.20010265260602,2.24999999202143,-1.70000000000214));
#6877=CARTESIAN_POINT('Ctrl Pts',(2.20010265260602,2.24999999202143,-1.75000000000214));
#6878=CARTESIAN_POINT('Ctrl Pts',(2.15010265260602,2.24999999202143,-1.75000000000214));
#6879=CARTESIAN_POINT('',(2.15010265260602,2.19999999202143,-1.80000000000214));
#6880=CARTESIAN_POINT('',(2.15010265260602,2.24999999202143,-1.75000000000214));
#6881=CARTESIAN_POINT('Origin',(2.15010265260602,2.19999999202143,-1.75000000000214));
#6882=CARTESIAN_POINT('Origin',(2.15010265260602,2.24999999202143,-1.70000000000214));
#6883=CARTESIAN_POINT('Origin',(2.15010265260602,2.19999999202143,-1.70000000000214));
#6884=CARTESIAN_POINT('Origin',(1.80010265260602,2.19999999202143,-1.75000000000214));
#6885=CARTESIAN_POINT('',(2.10010265260602,2.19999999202143,-1.80000000000214));
#6886=CARTESIAN_POINT('',(2.10010265260602,2.24999999202143,-1.75000000000214));
#6887=CARTESIAN_POINT('Origin',(2.10010265260602,2.19999999202143,-1.75000000000214));
#6888=CARTESIAN_POINT('',(1.80010265260602,2.24999999202143,-1.75000000000214));
#6889=CARTESIAN_POINT('',(1.80010265260602,2.19999999202143,-1.80000000000214));
#6890=CARTESIAN_POINT('Ctrl Pts',(2.10010265260602,2.19999999202143,-1.80000000000214));
#6891=CARTESIAN_POINT('Ctrl Pts',(2.00010265260602,2.19999999202143,-1.80000000000214));
#6892=CARTESIAN_POINT('Ctrl Pts',(2.00010265260602,2.19999999202143,-1.70000000000214));
#6893=CARTESIAN_POINT('Ctrl Pts',(2.10010265260602,2.24999999202143,-1.80000000000214));
#6894=CARTESIAN_POINT('Ctrl Pts',(2.00010265260602,2.24999999202143,-1.80000000000214));
#6895=CARTESIAN_POINT('Ctrl Pts',(2.00010265260602,2.24999999202143,-1.70000000000214));
#6896=CARTESIAN_POINT('Ctrl Pts',(2.10010265260602,2.24999999202143,-1.75000000000214));
#6897=CARTESIAN_POINT('Ctrl Pts',(2.05010265260602,2.24999999202143,-1.75000000000214));
#6898=CARTESIAN_POINT('Ctrl Pts',(2.05010265260602,2.24999999202143,-1.70000000000214));
#6899=CARTESIAN_POINT('',(2.00010265260602,2.19999999202143,-1.70000000000214));
#6900=CARTESIAN_POINT('',(2.05010265260602,2.24999999202143,-1.70000000000214));
#6901=CARTESIAN_POINT('Origin',(2.05010265260602,2.19999999202143,-1.70000000000214));
#6902=CARTESIAN_POINT('Origin',(2.10010265260602,2.24999999202143,-1.70000000000214));
#6903=CARTESIAN_POINT('Origin',(2.10010265260602,2.19999999202143,-1.70000000000214));
#6904=CARTESIAN_POINT('Origin',(2.05010265260602,2.19999999202143,-0.787501430162686));
#6905=CARTESIAN_POINT('',(2.00010265260602,2.19999999202143,-0.800000000002136));
#6906=CARTESIAN_POINT('',(2.05010265260602,2.24999999202143,-0.800000000002136));
#6907=CARTESIAN_POINT('Origin',(2.05010265260602,2.19999999202143,-0.800000000002136));
#6908=CARTESIAN_POINT('',(2.05010265260602,2.24999999202143,-0.787501430162686));
#6909=CARTESIAN_POINT('',(2.00010265260602,2.19999999202143,-0.787501430162686));
#6910=CARTESIAN_POINT('Origin',(1.50010265260602,2.19999999202143,-0.800000000002136));
#6911=CARTESIAN_POINT('',(1.50010265260602,2.19999999202143,-0.300000000002136));
#6912=CARTESIAN_POINT('',(1.50010265260602,2.24999999202143,-0.250000000002136));
#6913=CARTESIAN_POINT('Origin',(1.50010265260602,2.19999999202143,-0.250000000002136));
#6914=CARTESIAN_POINT('Origin',(1.50010265260602,2.24999999202143,-0.800000000002136));
#6915=CARTESIAN_POINT('Origin',(1.50010265260602,2.19999999202143,-0.800000000002136));
#6916=CARTESIAN_POINT('Origin',(1.17510265260602,2.19999999202143,-0.250000000002136));
#6917=CARTESIAN_POINT('',(0.850102652606024,2.19999999202143,-0.300000000002136));
#6918=CARTESIAN_POINT('',(0.850102652606024,2.24999999202143,-0.250000000002136));
#6919=CARTESIAN_POINT('Origin',(0.850102652606024,2.19999999202143,-0.250000000002136));
#6920=CARTESIAN_POINT('',(1.17510265260602,2.24999999202143,-0.250000000002136));
#6921=CARTESIAN_POINT('',(1.17510265260602,2.19999999202143,-0.300000000002136));
#6922=CARTESIAN_POINT('Ctrl Pts',(0.850102652606024,2.19999999202143,-0.300000000002136));
#6923=CARTESIAN_POINT('Ctrl Pts',(0.750102652606024,2.19999999202143,-0.300000000002136));
#6924=CARTESIAN_POINT('Ctrl Pts',(0.750102652606024,2.19999999202143,-0.200000000002136));
#6925=CARTESIAN_POINT('Ctrl Pts',(0.850102652606024,2.24999999202143,-0.300000000002136));
#6926=CARTESIAN_POINT('Ctrl Pts',(0.750102652606024,2.24999999202143,-0.300000000002136));
#6927=CARTESIAN_POINT('Ctrl Pts',(0.750102652606024,2.24999999202143,-0.200000000002136));
#6928=CARTESIAN_POINT('Ctrl Pts',(0.850102652606024,2.24999999202143,-0.250000000002136));
#6929=CARTESIAN_POINT('Ctrl Pts',(0.800102652606024,2.24999999202143,-0.250000000002136));
#6930=CARTESIAN_POINT('Ctrl Pts',(0.800102652606024,2.24999999202143,-0.200000000002136));
#6931=CARTESIAN_POINT('',(0.750102652606024,2.19999999202143,-0.200000000002136));
#6932=CARTESIAN_POINT('',(0.800102652606024,2.24999999202143,-0.200000000002136));
#6933=CARTESIAN_POINT('Origin',(0.800102652606024,2.19999999202143,-0.200000000002136));
#6934=CARTESIAN_POINT('Origin',(0.850102652606024,2.24999999202143,-0.200000000002136));
#6935=CARTESIAN_POINT('Origin',(0.850102652606024,2.19999999202143,-0.200000000002136));
#6936=CARTESIAN_POINT('Origin',(0.800102652606024,2.19999999202143,-0.312504290483786));
#6937=CARTESIAN_POINT('',(0.750102652606024,2.19999999202143,-0.312504290483786));
#6938=CARTESIAN_POINT('',(0.800102652606024,2.24999999202143,-0.312504290483786));
#6939=CARTESIAN_POINT('Origin',(2.10010265260602,2.24999999202143,-1.80000000000214));
#6940=CARTESIAN_POINT('',(2.15010265260602,-0.200000007978575,-1.80000000000214));
#6941=CARTESIAN_POINT('',(2.15010265260602,2.24999999202143,-1.80000000000214));
#6942=CARTESIAN_POINT('',(2.10010265260602,-0.200000007978575,-1.80000000000214));
#6943=CARTESIAN_POINT('',(1.80010265260602,-0.200000007978575,-1.80000000000214));
#6944=CARTESIAN_POINT('',(2.10010265260602,2.24999999202143,-1.80000000000214));
#6945=CARTESIAN_POINT('Origin',(2.15010265260602,2.24999999202143,-1.70000000000214));
#6946=CARTESIAN_POINT('',(2.25010265260602,-0.200000007978575,-1.70000000000214));
#6947=CARTESIAN_POINT('',(2.25010265260602,2.24999999202143,-1.70000000000214));
#6948=CARTESIAN_POINT('Origin',(2.15010265260602,-0.200000007978575,-1.70000000000214));
#6949=CARTESIAN_POINT('Origin',(2.25010265260602,2.24999999202143,-1.70000000000214));
#6950=CARTESIAN_POINT('',(2.25010265260602,-0.200000007978575,-0.250005720644336));
#6951=CARTESIAN_POINT('',(2.25010265260602,2.24999999202143,-0.250005720644336));
#6952=CARTESIAN_POINT('',(2.25010265260602,-0.200000007978575,-1.23750143016269));
#6953=CARTESIAN_POINT('Origin',(1.75010265260602,2.24999999202143,-0.250005720644335));
#6954=CARTESIAN_POINT('',(1.75010265260602,-0.200000007978575,0.249994279355664));
#6955=CARTESIAN_POINT('',(1.75010265260602,2.24999999202143,0.249994279355664));
#6956=CARTESIAN_POINT('Origin',(1.75010265260602,-0.200000007978575,-0.250005720644335));
#6957=CARTESIAN_POINT('Origin',(1.75010265260602,2.24999999202143,0.249994279355664));
#6958=CARTESIAN_POINT('',(0.850102652606024,-0.200000007978575,0.249994279355664));
#6959=CARTESIAN_POINT('',(0.850102652606024,2.24999999202143,0.249994279355664));
#6960=CARTESIAN_POINT('',(1.62510265260602,-0.200000007978575,0.249994279355664));
#6961=CARTESIAN_POINT('Origin',(0.850102652606024,2.24999999202143,0.149994279355664));
#6962=CARTESIAN_POINT('',(0.750102652606024,-0.200000007978575,0.149994279355664));
#6963=CARTESIAN_POINT('',(0.750102652606024,2.24999999202143,0.149994279355664));
#6964=CARTESIAN_POINT('Origin',(0.850102652606024,-0.200000007978575,0.149994279355664));
#6965=CARTESIAN_POINT('Origin',(1.50010265260602,2.24999999202143,-0.775002860323236));
#6966=CARTESIAN_POINT('Origin',(0.800102652606024,-0.200000007978575,-0.312504290483786));
#6967=CARTESIAN_POINT('',(0.800102652606024,-0.250000007978574,0.149994279355664));
#6968=CARTESIAN_POINT('Origin',(0.800102652606024,-0.200000007978575,0.149994279355664));
#6969=CARTESIAN_POINT('',(0.750102652606024,-0.200000007978575,-0.200000000002136));
#6970=CARTESIAN_POINT('',(0.750102652606024,-0.200000007978575,-0.312504290483786));
#6971=CARTESIAN_POINT('',(0.800102652606024,-0.250000007978574,-0.200000000002136));
#6972=CARTESIAN_POINT('Origin',(0.800102652606024,-0.200000007978575,-0.200000000002136));
#6973=CARTESIAN_POINT('',(0.800102652606024,-0.250000007978574,-0.312504290483786));
#6974=CARTESIAN_POINT('Ctrl Pts',(0.750102652606024,-0.200000007978575,
-0.200000000002136));
#6975=CARTESIAN_POINT('Ctrl Pts',(0.750102652606024,-0.200000007978575,
-0.300000000002136));
#6976=CARTESIAN_POINT('Ctrl Pts',(0.850102652606024,-0.200000007978575,
-0.300000000002136));
#6977=CARTESIAN_POINT('Ctrl Pts',(0.750102652606024,-0.250000007978575,
-0.200000000002136));
#6978=CARTESIAN_POINT('Ctrl Pts',(0.750102652606024,-0.250000007978575,
-0.300000000002136));
#6979=CARTESIAN_POINT('Ctrl Pts',(0.850102652606024,-0.250000007978575,
-0.300000000002136));
#6980=CARTESIAN_POINT('Ctrl Pts',(0.800102652606024,-0.250000007978575,
-0.200000000002136));
#6981=CARTESIAN_POINT('Ctrl Pts',(0.800102652606024,-0.250000007978575,
-0.250000000002136));
#6982=CARTESIAN_POINT('Ctrl Pts',(0.850102652606024,-0.250000007978575,
-0.250000000002136));
#6983=CARTESIAN_POINT('',(0.850102652606024,-0.200000007978575,-0.300000000002136));
#6984=CARTESIAN_POINT('',(0.850102652606024,-0.250000007978574,-0.250000000002136));
#6985=CARTESIAN_POINT('Origin',(0.850102652606024,-0.200000007978575,-0.250000000002136));
#6986=CARTESIAN_POINT('Origin',(0.850102652606024,-0.250000007978574,-0.200000000002136));
#6987=CARTESIAN_POINT('Origin',(0.850102652606024,-0.200000007978575,-0.200000000002136));
#6988=CARTESIAN_POINT('Origin',(1.17510265260602,-0.200000007978575,-0.250000000002136));
#6989=CARTESIAN_POINT('',(1.50010265260602,-0.200000007978575,-0.300000000002136));
#6990=CARTESIAN_POINT('',(1.50010265260602,-0.250000007978574,-0.250000000002136));
#6991=CARTESIAN_POINT('Origin',(1.50010265260602,-0.200000007978575,-0.250000000002136));
#6992=CARTESIAN_POINT('',(1.17510265260602,-0.250000007978574,-0.250000000002136));
#6993=CARTESIAN_POINT('',(1.17510265260602,-0.200000007978575,-0.300000000002136));
#6994=CARTESIAN_POINT('Origin',(1.50010265260602,-0.200000007978575,-0.800000000002136));
#6995=CARTESIAN_POINT('',(2.00010265260602,-0.200000007978575,-0.800000000002136));
#6996=CARTESIAN_POINT('',(2.05010265260602,-0.250000007978574,-0.800000000002136));
#6997=CARTESIAN_POINT('Origin',(2.05010265260602,-0.200000007978575,-0.800000000002136));
#6998=CARTESIAN_POINT('Origin',(1.50010265260602,-0.250000007978574,-0.800000000002136));
#6999=CARTESIAN_POINT('Origin',(1.50010265260602,-0.200000007978575,-0.800000000002136));
#7000=CARTESIAN_POINT('Origin',(2.05010265260602,-0.200000007978575,-0.787501430162686));
#7001=CARTESIAN_POINT('',(2.00010265260602,-0.200000007978575,-1.70000000000214));
#7002=CARTESIAN_POINT('',(2.05010265260602,-0.250000007978574,-1.70000000000214));
#7003=CARTESIAN_POINT('Origin',(2.05010265260602,-0.200000007978575,-1.70000000000214));
#7004=CARTESIAN_POINT('',(2.05010265260602,-0.250000007978574,-0.787501430162686));
#7005=CARTESIAN_POINT('',(2.00010265260602,-0.200000007978575,-0.787501430162686));
#7006=CARTESIAN_POINT('Ctrl Pts',(2.00010265260602,-0.200000007978575,-1.70000000000214));
#7007=CARTESIAN_POINT('Ctrl Pts',(2.00010265260602,-0.200000007978575,-1.80000000000214));
#7008=CARTESIAN_POINT('Ctrl Pts',(2.10010265260602,-0.200000007978575,-1.80000000000214));
#7009=CARTESIAN_POINT('Ctrl Pts',(2.00010265260602,-0.250000007978575,-1.70000000000214));
#7010=CARTESIAN_POINT('Ctrl Pts',(2.00010265260602,-0.250000007978575,-1.80000000000214));
#7011=CARTESIAN_POINT('Ctrl Pts',(2.10010265260602,-0.250000007978575,-1.80000000000214));
#7012=CARTESIAN_POINT('Ctrl Pts',(2.05010265260602,-0.250000007978575,-1.70000000000214));
#7013=CARTESIAN_POINT('Ctrl Pts',(2.05010265260602,-0.250000007978575,-1.75000000000214));
#7014=CARTESIAN_POINT('Ctrl Pts',(2.10010265260602,-0.250000007978575,-1.75000000000214));
#7015=CARTESIAN_POINT('',(2.10010265260602,-0.250000007978574,-1.75000000000214));
#7016=CARTESIAN_POINT('Origin',(2.10010265260602,-0.200000007978575,-1.75000000000214));
#7017=CARTESIAN_POINT('Origin',(2.10010265260602,-0.250000007978574,-1.70000000000214));
#7018=CARTESIAN_POINT('Origin',(2.10010265260602,-0.200000007978575,-1.70000000000214));
#7019=CARTESIAN_POINT('Origin',(1.80010265260602,-0.200000007978575,-1.75000000000214));
#7020=CARTESIAN_POINT('',(2.15010265260602,-0.250000007978574,-1.75000000000214));
#7021=CARTESIAN_POINT('Origin',(2.15010265260602,-0.200000007978575,-1.75000000000214));
#7022=CARTESIAN_POINT('',(1.80010265260602,-0.250000007978574,-1.75000000000214));
#7023=CARTESIAN_POINT('Ctrl Pts',(2.15010265260602,-0.200000007978575,-1.80000000000214));
#7024=CARTESIAN_POINT('Ctrl Pts',(2.25010265260602,-0.200000007978575,-1.80000000000214));
#7025=CARTESIAN_POINT('Ctrl Pts',(2.25010265260602,-0.200000007978575,-1.70000000000214));
#7026=CARTESIAN_POINT('Ctrl Pts',(2.15010265260602,-0.250000007978575,-1.80000000000214));
#7027=CARTESIAN_POINT('Ctrl Pts',(2.25010265260602,-0.250000007978575,-1.80000000000214));
#7028=CARTESIAN_POINT('Ctrl Pts',(2.25010265260602,-0.250000007978575,-1.70000000000214));
#7029=CARTESIAN_POINT('Ctrl Pts',(2.15010265260602,-0.250000007978575,-1.75000000000214));
#7030=CARTESIAN_POINT('Ctrl Pts',(2.20010265260602,-0.250000007978575,-1.75000000000214));
#7031=CARTESIAN_POINT('Ctrl Pts',(2.20010265260602,-0.250000007978575,-1.70000000000214));
#7032=CARTESIAN_POINT('',(2.20010265260602,-0.250000007978574,-1.70000000000214));
#7033=CARTESIAN_POINT('Origin',(2.20010265260602,-0.200000007978575,-1.70000000000214));
#7034=CARTESIAN_POINT('Origin',(2.15010265260602,-0.250000007978574,-1.70000000000214));
#7035=CARTESIAN_POINT('Origin',(2.20010265260602,-0.200000007978575,-1.23750143016269));
#7036=CARTESIAN_POINT('',(2.20010265260602,-0.250000007978574,-0.250005720644336));
#7037=CARTESIAN_POINT('Origin',(2.20010265260602,-0.200000007978575,-0.250005720644336));
#7038=CARTESIAN_POINT('',(2.20010265260602,-0.250000007978574,-1.23750143016269));
#7039=CARTESIAN_POINT('Origin',(1.75010265260602,-0.200000007978575,-0.250005720644335));
#7040=CARTESIAN_POINT('',(1.75010265260602,-0.250000007978574,0.199994279355665));
#7041=CARTESIAN_POINT('Origin',(1.75010265260602,-0.200000007978575,0.199994279355665));
#7042=CARTESIAN_POINT('Origin',(1.75010265260602,-0.250000007978574,-0.250005720644335));
#7043=CARTESIAN_POINT('Origin',(1.62510265260602,-0.200000007978575,0.199994279355664));
#7044=CARTESIAN_POINT('',(0.850102652606024,-0.250000007978574,0.199994279355664));
#7045=CARTESIAN_POINT('Origin',(0.850102652606024,-0.200000007978575,0.199994279355664));
#7046=CARTESIAN_POINT('',(1.62510265260602,-0.250000007978574,0.199994279355664));
#7047=CARTESIAN_POINT('Ctrl Pts',(0.850102652606024,-0.200000007978575,
0.249994279355664));
#7048=CARTESIAN_POINT('Ctrl Pts',(0.750102652606024,-0.200000007978575,
0.249994279355664));
#7049=CARTESIAN_POINT('Ctrl Pts',(0.750102652606024,-0.200000007978575,
0.149994279355664));
#7050=CARTESIAN_POINT('Ctrl Pts',(0.850102652606024,-0.250000007978575,
0.249994279355664));
#7051=CARTESIAN_POINT('Ctrl Pts',(0.750102652606024,-0.250000007978575,
0.249994279355664));
#7052=CARTESIAN_POINT('Ctrl Pts',(0.750102652606024,-0.250000007978575,
0.149994279355664));
#7053=CARTESIAN_POINT('Ctrl Pts',(0.850102652606024,-0.250000007978575,
0.199994279355664));
#7054=CARTESIAN_POINT('Ctrl Pts',(0.800102652606024,-0.250000007978575,
0.199994279355664));
#7055=CARTESIAN_POINT('Ctrl Pts',(0.800102652606024,-0.250000007978575,
0.149994279355664));
#7056=CARTESIAN_POINT('Origin',(0.850102652606024,-0.250000007978574,0.149994279355664));
#7057=CARTESIAN_POINT('Origin',(2.10010265260602,2.24999999202143,-1.70000000000214));
#7058=CARTESIAN_POINT('',(2.00010265260602,2.24999999202143,-1.70000000000214));
#7059=CARTESIAN_POINT('Origin',(2.00010265260602,2.24999999202143,-0.800000000002136));
#7060=CARTESIAN_POINT('',(2.00010265260602,2.24999999202143,-0.800000000002136));
#7061=CARTESIAN_POINT('Origin',(1.50010265260602,2.24999999202143,-0.800000000002136));
#7062=CARTESIAN_POINT('',(1.50010265260602,2.24999999202143,-0.300000000002136));
#7063=CARTESIAN_POINT('Origin',(0.850102652606024,2.24999999202143,-0.300000000002136));
#7064=CARTESIAN_POINT('',(0.850102652606024,2.24999999202143,-0.300000000002136));
#7065=CARTESIAN_POINT('Origin',(0.850102652606024,2.24999999202143,-0.200000000002136));
#7066=CARTESIAN_POINT('',(0.750102652606024,2.24999999202143,-0.200000000002136));
#7067=CARTESIAN_POINT('Origin',(0.750102652606024,2.24999999202143,0.149994279355664));
#7068=CARTESIAN_POINT('Ctrl Pts',(0.750102652606024,0.0395164788893188,
-0.0718501767304019));
#7069=CARTESIAN_POINT('Ctrl Pts',(0.750102652606024,0.0448513024466512,
-0.0681413666507952));
#7070=CARTESIAN_POINT('Ctrl Pts',(0.750102652606024,0.0496717168910774,
-0.0637756996166906));
#7071=CARTESIAN_POINT('Ctrl Pts',(0.750102652606024,0.0539169322900347,
-0.0588887748384777));
#7072=CARTESIAN_POINT('Ctrl Pts',(0.750102652606024,0.0560318537836726,
-0.0564541605068296));
#7073=CARTESIAN_POINT('Ctrl Pts',(0.750102652606024,0.0580034319821976,
-0.0538896813502233));
#7074=CARTESIAN_POINT('Ctrl Pts',(0.750102652606024,0.0598202071022291,
-0.0512104196864581));
#7075=CARTESIAN_POINT('Ctrl Pts',(0.750102652606024,0.0611352064053089,
-0.049271144328835));
#7076=CARTESIAN_POINT('Ctrl Pts',(0.750102652606024,0.0623681449730215,
-0.0472724210872066));
#7077=CARTESIAN_POINT('Ctrl Pts',(0.750102652606024,0.0635088859840975,
-0.0452312824916668));
#7078=CARTESIAN_POINT('Ctrl Pts',(0.750102652606024,0.0666238372154976,
-0.0396576710234179));
#7079=CARTESIAN_POINT('Ctrl Pts',(0.750102652606024,0.0690698083725236,
-0.033747170036491));
#7080=CARTESIAN_POINT('Ctrl Pts',(0.750102652606024,0.0707585307428382,
-0.0276240006668879));
#7081=CARTESIAN_POINT('Ctrl Pts',(0.750102652606024,0.071365635966405,-0.0254226867182975));
#7082=CARTESIAN_POINT('Ctrl Pts',(0.750102652606024,0.0718748079394103,
-0.0231913927963783));
#7083=CARTESIAN_POINT('Ctrl Pts',(0.750102652606024,0.0722788221196922,
-0.0209443605254841));
#7084=CARTESIAN_POINT('Ctrl Pts',(0.750102652606024,0.0731948182990268,
-0.0158498042563354));
#7085=CARTESIAN_POINT('Ctrl Pts',(0.750102652606024,0.0735694727392187,
-0.0106964188986443));
#7086=CARTESIAN_POINT('Ctrl Pts',(0.750102652606024,0.0733503148315834,
-0.00555365585477615));
#7087=CARTESIAN_POINT('Ctrl Pts',(0.750102652606024,0.0731866606428916,
-0.00171334398714026));
#7088=CARTESIAN_POINT('Ctrl Pts',(0.750102652606024,0.0726911140547086,
0.00212118179167951));
#7089=CARTESIAN_POINT('Ctrl Pts',(0.750102652606024,0.0718787406646842,
0.00591231749717186));
#7090=CARTESIAN_POINT('Ctrl Pts',(0.750102652606024,0.0713582263932759,
0.00834142246760356));
#7091=CARTESIAN_POINT('Ctrl Pts',(0.750102652606024,0.0707094294150475,
0.010743516377505));
#7092=CARTESIAN_POINT('Ctrl Pts',(0.750102652606024,0.069938438002519,0.0131071623344359));
#7093=CARTESIAN_POINT('Ctrl Pts',(0.750102652606024,0.0688664666273009,
0.0163935294272554));
#7094=CARTESIAN_POINT('Ctrl Pts',(0.750102652606024,0.0675581230470481,
0.0196070157410311));
#7095=CARTESIAN_POINT('Ctrl Pts',(0.750102652606024,0.0660249866278922,
0.0227192236580706));
#7096=CARTESIAN_POINT('Ctrl Pts',(0.750102652606024,0.0648699787731516,
0.0250638451443605));
#7097=CARTESIAN_POINT('Ctrl Pts',(0.750102652606024,0.0635873091319041,
0.0273498878673306));
#7098=CARTESIAN_POINT('Ctrl Pts',(0.750102652606024,0.0621887448016957,
0.0295538616656787));
#7099=CARTESIAN_POINT('Ctrl Pts',(0.750102652606024,0.0597198273155171,
0.0334445868416955));
#7100=CARTESIAN_POINT('Ctrl Pts',(0.750102652606024,0.0568856474230837,
0.0370905970662177));
#7101=CARTESIAN_POINT('Ctrl Pts',(0.750102652606024,0.0537112610821901,
0.0404164231704897));
#7102=CARTESIAN_POINT('Ctrl Pts',(0.750102652606024,-0.0537693012839261,
0.0403908992155215));
#7103=CARTESIAN_POINT('Ctrl Pts',(0.750102652606024,-0.0577369335039532,
0.0363127627792697));
#7104=CARTESIAN_POINT('Ctrl Pts',(0.750102652606024,-0.0611116362691471,
0.031730048895651));
#7105=CARTESIAN_POINT('Ctrl Pts',(0.750102652606024,-0.0638951512936938,
0.0267936437818164));
#7106=CARTESIAN_POINT('Ctrl Pts',(0.750102652606024,-0.0652098012632347,
0.02446218705343));
#7107=CARTESIAN_POINT('Ctrl Pts',(0.750102652606024,-0.0663922082628596,
0.0220511469034161));
#7108=CARTESIAN_POINT('Ctrl Pts',(0.750102652606024,-0.0674401806584783,
0.0195735010231994));
#7109=CARTESIAN_POINT('Ctrl Pts',(0.750102652606024,-0.0682206234363343,
0.0177283562069963));
#7110=CARTESIAN_POINT('Ctrl Pts',(0.750102652606024,-0.0689256979390702,
0.0158473707988294));
#7111=CARTESIAN_POINT('Ctrl Pts',(0.750102652606024,-0.0695517343911256,
0.0139455101914645));
#7112=CARTESIAN_POINT('Ctrl Pts',(0.750102652606024,-0.071158965739634,
0.00906283925654707));
#7113=CARTESIAN_POINT('Ctrl Pts',(0.750102652606024,-0.0722537702663659,
0.00402779210175621));
#7114=CARTESIAN_POINT('Ctrl Pts',(0.750102652606024,-0.0728260911700061,
-0.00106822683768214));
#7115=CARTESIAN_POINT('Ctrl Pts',(0.750102652606024,-0.0731013413999873,
-0.00351909028884556));
#7116=CARTESIAN_POINT('Ctrl Pts',(0.750102652606024,-0.0732554383970458,
-0.00598429916499018));
#7117=CARTESIAN_POINT('Ctrl Pts',(0.750102652606024,-0.0732853704168638,
-0.00845454909557364));
#7118=CARTESIAN_POINT('Ctrl Pts',(0.750102652606024,-0.0733158800624095,
-0.0109724697120209));
#7119=CARTESIAN_POINT('Ctrl Pts',(0.750102652606024,-0.0732170443875759,
-0.013487163841588));
#7120=CARTESIAN_POINT('Ctrl Pts',(0.750102652606024,-0.0729881698507115,
-0.0159821114161153));
#7121=CARTESIAN_POINT('Ctrl Pts',(0.750102652606024,-0.0726812944619445,
-0.019327341590583));
#7122=CARTESIAN_POINT('Ctrl Pts',(0.750102652606024,-0.0721408698492181,
-0.0226405972848508));
#7123=CARTESIAN_POINT('Ctrl Pts',(0.750102652606024,-0.0713621529446306,
-0.025898351708955));
#7124=CARTESIAN_POINT('Ctrl Pts',(0.750102652606024,-0.0704593827699716,
-0.0296750817543908));
#7125=CARTESIAN_POINT('Ctrl Pts',(0.750102652606024,-0.0692365832202984,
-0.0333773911426797));
#7126=CARTESIAN_POINT('Ctrl Pts',(0.750102652606024,-0.0677215772945613,
-0.0369825221498939));
#7127=CARTESIAN_POINT('Ctrl Pts',(0.750102652606024,-0.0666978117382634,
-0.0394186901466178));
#7128=CARTESIAN_POINT('Ctrl Pts',(0.750102652606024,-0.0655438733221442,
-0.0418019159600133));
#7129=CARTESIAN_POINT('Ctrl Pts',(0.750102652606024,-0.0642716721198361,
-0.0441218443024139));
#7130=CARTESIAN_POINT('Ctrl Pts',(0.750102652606024,-0.0622102007118839,
-0.0478810499513948));
#7131=CARTESIAN_POINT('Ctrl Pts',(0.750102652606024,-0.059837392526363,
-0.0514773253737384));
#7132=CARTESIAN_POINT('Ctrl Pts',(0.750102652606024,-0.0571889539739507,
-0.0548809083507587));
#7133=CARTESIAN_POINT('Ctrl Pts',(0.750102652606024,-0.0556476128885859,
-0.0568617291914581));
#7134=CARTESIAN_POINT('Ctrl Pts',(0.750102652606024,-0.0540136575349277,
-0.0587755888905322));
#7135=CARTESIAN_POINT('Ctrl Pts',(0.750102652606024,-0.052300277110129,
-0.0606099183180364));
#7136=CARTESIAN_POINT('Ctrl Pts',(0.750102652606024,-0.0484056991279335,
-0.0647794179207244));
#7137=CARTESIAN_POINT('Ctrl Pts',(0.750102652606024,-0.0440943603426865,
-0.0685494811705941));
#7138=CARTESIAN_POINT('Ctrl Pts',(0.750102652606024,-0.0394391704149627,
-0.0718494477357488));
#7139=CARTESIAN_POINT('Ctrl Pts',(0.750102652606024,1.03951647888932,-0.0718501767304014));
#7140=CARTESIAN_POINT('Ctrl Pts',(0.750102652606024,1.04485130244665,-0.0681413666507946));
#7141=CARTESIAN_POINT('Ctrl Pts',(0.750102652606024,1.04967165324785,-0.0637755509320564));
#7142=CARTESIAN_POINT('Ctrl Pts',(0.750102652606024,1.05391677352654,-0.0588884021014363));
#7143=CARTESIAN_POINT('Ctrl Pts',(0.750102652606024,1.05603574779611,-0.05644895587994));
#7144=CARTESIAN_POINT('Ctrl Pts',(0.750102652606024,1.0580108154928,-0.0538791220177425));
#7145=CARTESIAN_POINT('Ctrl Pts',(0.750102652606024,1.05983045115856,-0.0511940794649972));
#7146=CARTESIAN_POINT('Ctrl Pts',(0.750102652606024,1.06114433215351,-0.0492553252148557));
#7147=CARTESIAN_POINT('Ctrl Pts',(0.750102652606024,1.06237618579584,-0.0472572415174994));
#7148=CARTESIAN_POINT('Ctrl Pts',(0.750102652606024,1.06351593058635,-0.0452167914283953));
#7149=CARTESIAN_POINT('Ctrl Pts',(0.750102652606024,1.06662958556122,-0.0396425105684414));
#7150=CARTESIAN_POINT('Ctrl Pts',(0.750102652606024,1.06907424724936,-0.0337314523006431));
#7151=CARTESIAN_POINT('Ctrl Pts',(0.750102652606024,1.07076164683176,-0.0276078987704103));
#7152=CARTESIAN_POINT('Ctrl Pts',(0.750102652606024,1.07136896482942,-0.0254039487947415));
#7153=CARTESIAN_POINT('Ctrl Pts',(0.750102652606024,1.07187812947849,-0.0231699420725226));
#7154=CARTESIAN_POINT('Ctrl Pts',(0.750102652606024,1.07228187611557,-0.0209202880305109));
#7155=CARTESIAN_POINT('Ctrl Pts',(0.750102652606024,1.07319494291301,-0.0158327300848613));
#7156=CARTESIAN_POINT('Ctrl Pts',(0.750102652606024,1.07356818756311,-0.0106866733036592));
#7157=CARTESIAN_POINT('Ctrl Pts',(0.750102652606024,1.07334936432631,-0.00555131473075567));
#7158=CARTESIAN_POINT('Ctrl Pts',(0.750102652606024,1.07318577216576,-0.00171212280414306));
#7159=CARTESIAN_POINT('Ctrl Pts',(0.750102652606024,1.07269050457023,0.00212122681066516));
#7160=CARTESIAN_POINT('Ctrl Pts',(0.750102652606024,1.07187860744716,0.0059111798659441));
#7161=CARTESIAN_POINT('Ctrl Pts',(0.750102652606024,1.07135805379292,0.00834113540621738));
#7162=CARTESIAN_POINT('Ctrl Pts',(0.750102652606024,1.07070912259477,0.010744063754389));
#7163=CARTESIAN_POINT('Ctrl Pts',(0.750102652606024,1.06993791223504,0.0131084954395651));
#7164=CARTESIAN_POINT('Ctrl Pts',(0.750102652606024,1.06886624910394,0.01639407664452));
#7165=CARTESIAN_POINT('Ctrl Pts',(0.750102652606024,1.06755831658425,0.0196067828557702));
#7166=CARTESIAN_POINT('Ctrl Pts',(0.750102652606024,1.06602568200898,0.0227182464880021));
#7167=CARTESIAN_POINT('Ctrl Pts',(0.750102652606024,1.06487068878988,0.0250630450816642));
#7168=CARTESIAN_POINT('Ctrl Pts',(0.750102652606024,1.0635880017465,0.0273492548651423));
#7169=CARTESIAN_POINT('Ctrl Pts',(0.750102652606024,1.0621893914415,0.0295533779726385));
#7170=CARTESIAN_POINT('Ctrl Pts',(0.750102652606024,1.0597203858702,0.0334443776404875));
#7171=CARTESIAN_POINT('Ctrl Pts',(0.750102652606024,1.0568860262557,0.0370906102693674));
#7172=CARTESIAN_POINT('Ctrl Pts',(0.750102652606024,1.05371136366605,0.0404166124251326));
#7173=CARTESIAN_POINT('Ctrl Pts',(0.750102652606024,0.946230698716073,0.0403908992155209));
#7174=CARTESIAN_POINT('Ctrl Pts',(0.750102652606024,0.942263285411583,0.0363129877919162));
#7175=CARTESIAN_POINT('Ctrl Pts',(0.750102652606024,0.938888845539084,0.0317304540033201));
#7176=CARTESIAN_POINT('Ctrl Pts',(0.750102652606024,0.936105582140049,0.0267942096556727));
#7177=CARTESIAN_POINT('Ctrl Pts',(0.750102652606024,0.934791261010323,0.0244632012969751));
#7178=CARTESIAN_POINT('Ctrl Pts',(0.750102652606024,0.933609138193358,0.022052630610582));
#7179=CARTESIAN_POINT('Ctrl Pts',(0.750102652606024,0.93256139825597,0.0195754719556805));
#7180=CARTESIAN_POINT('Ctrl Pts',(0.750102652606024,0.931780999901056,0.0177303857179979));
#7181=CARTESIAN_POINT('Ctrl Pts',(0.750102652606024,0.931075962180245,0.0158494476098833));
#7182=CARTESIAN_POINT('Ctrl Pts',(0.750102652606024,0.930449956786643,0.0139476334722774));
#7183=CARTESIAN_POINT('Ctrl Pts',(0.750102652606024,0.928843107058287,0.00906599896621111));
#7184=CARTESIAN_POINT('Ctrl Pts',(0.750102652606024,0.927748450397926,0.00403203138079818));
#7185=CARTESIAN_POINT('Ctrl Pts',(0.750102652606024,0.927175994569373,-0.00106289370872345));
#7186=CARTESIAN_POINT('Ctrl Pts',(0.750102652606024,0.926901925181018,-0.00350214392394499));
#7187=CARTESIAN_POINT('Ctrl Pts',(0.750102652606024,0.926747851055738,-0.00595560679211709));
#7188=CARTESIAN_POINT('Ctrl Pts',(0.750102652606024,0.926716732841564,-0.00841410599623722));
#7189=CARTESIAN_POINT('Ctrl Pts',(0.750102652606024,0.926684716106216,-0.0109435930012211));
#7190=CARTESIAN_POINT('Ctrl Pts',(0.750102652606024,0.926783214941829,-0.0134700990040522));
#7191=CARTESIAN_POINT('Ctrl Pts',(0.750102652606024,0.927012935736991,-0.0159765784682732));
#7192=CARTESIAN_POINT('Ctrl Pts',(0.750102652606024,0.927319758620838,-0.019324317435364));
#7193=CARTESIAN_POINT('Ctrl Pts',(0.750102652606024,0.927860437030143,-0.0226400301841839));
#7194=CARTESIAN_POINT('Ctrl Pts',(0.750102652606024,0.928639713462216,-0.0259001304758387));
#7195=CARTESIAN_POINT('Ctrl Pts',(0.750102652606024,0.92954256881362,-0.029677222754377));
#7196=CARTESIAN_POINT('Ctrl Pts',(0.750102652606024,0.930765465086575,-0.0333798384506684));
#7197=CARTESIAN_POINT('Ctrl Pts',(0.750102652606024,0.932280584494744,-0.0369852245008303));
#7198=CARTESIAN_POINT('Ctrl Pts',(0.750102652606024,0.933304222569224,-0.0394210790046064));
#7199=CARTESIAN_POINT('Ctrl Pts',(0.750102652606024,0.934457986231227,-0.0418039823820262));
#7200=CARTESIAN_POINT('Ctrl Pts',(0.750102652606024,0.935729976385352,-0.0441235934925878));
#7201=CARTESIAN_POINT('Ctrl Pts',(0.750102652606024,0.937791520566614,-0.047883041450781));
#7202=CARTESIAN_POINT('Ctrl Pts',(0.750102652606024,0.94016442856685,-0.0514795003869938));
#7203=CARTESIAN_POINT('Ctrl Pts',(0.750102652606024,0.942813000456677,-0.0548832134869893));
#7204=CARTESIAN_POINT('Ctrl Pts',(0.750102652606024,0.944354426812132,-0.0568641199139183));
#7205=CARTESIAN_POINT('Ctrl Pts',(0.750102652606024,0.945988476552934,-0.0587780424640735));
#7206=CARTESIAN_POINT('Ctrl Pts',(0.750102652606024,0.947701964071332,-0.0606124167392059));
#7207=CARTESIAN_POINT('Ctrl Pts',(0.750102652606024,0.951595893309345,-0.0647810631674416));
#7208=CARTESIAN_POINT('Ctrl Pts',(0.750102652606024,0.95590645659812,-0.0685503601824134));
#7209=CARTESIAN_POINT('Ctrl Pts',(0.750102652606024,0.960560809181664,-0.0718497048719408));
#7210=CARTESIAN_POINT('Ctrl Pts',(0.750102652606024,2.03951647888932,-0.0718501767304011));
#7211=CARTESIAN_POINT('Ctrl Pts',(0.750102652606024,2.04485130244665,-0.0681413666507945));
#7212=CARTESIAN_POINT('Ctrl Pts',(0.750102652606024,2.04967159571665,-0.0637754157709348));
#7213=CARTESIAN_POINT('Ctrl Pts',(0.750102652606024,2.05391662988828,-0.0588880628300262));
#7214=CARTESIAN_POINT('Ctrl Pts',(0.750102652606024,2.05603915130133,-0.0564443813775829));
#7215=CARTESIAN_POINT('Ctrl Pts',(0.750102652606024,2.05801727174051,-0.0538698528311949));
#7216=CARTESIAN_POINT('Ctrl Pts',(0.750102652606024,2.05983940813603,-0.0511797413636521));
#7217=CARTESIAN_POINT('Ctrl Pts',(0.750102652606024,2.06115236743509,-0.0492413536142386));
#7218=CARTESIAN_POINT('Ctrl Pts',(0.750102652606024,2.06238332092516,-0.0472437350623524));
#7219=CARTESIAN_POINT('Ctrl Pts',(0.750102652606024,2.06352223503001,-0.045203789030034));
#7220=CARTESIAN_POINT('Ctrl Pts',(0.750102652606024,2.06663472703455,-0.039628903542003));
#7221=CARTESIAN_POINT('Ctrl Pts',(0.750102652606024,2.06907821376916,-0.0337173402957257));
#7222=CARTESIAN_POINT('Ctrl Pts',(0.750102652606024,2.0707644264626,-0.0275934365848993));
#7223=CARTESIAN_POINT('Ctrl Pts',(0.750102652606024,2.07137208231217,-0.0253865821788059));
#7224=CARTESIAN_POINT('Ctrl Pts',(0.750102652606024,2.07188133937693,-0.0231495858511518));
#7225=CARTESIAN_POINT('Ctrl Pts',(0.750102652606024,2.07228489110959,-0.0208970235649224));
#7226=CARTESIAN_POINT('Ctrl Pts',(0.750102652606024,2.07319511988514,-0.0158162697340929));
#7227=CARTESIAN_POINT('Ctrl Pts',(0.750102652606024,2.07356699829979,-0.0106773319566594));
#7228=CARTESIAN_POINT('Ctrl Pts',(0.750102652606024,2.07334849708677,-0.00554915780427322));
#7229=CARTESIAN_POINT('Ctrl Pts',(0.750102652606024,2.07318495907135,-0.00171095749419538));
#7230=CARTESIAN_POINT('Ctrl Pts',(0.750102652606024,2.0726899386438,0.00212135006598409));
#7231=CARTESIAN_POINT('Ctrl Pts',(0.750102652606024,2.07187846422687,0.00591025474151427));
#7232=CARTESIAN_POINT('Ctrl Pts',(0.750102652606024,2.07135787535375,0.00834096798922832));
#7233=CARTESIAN_POINT('Ctrl Pts',(0.750102652606024,2.07070882472892,0.0107446394415536));
#7234=CARTESIAN_POINT('Ctrl Pts',(0.750102652606024,2.06993741971648,0.0131097706596157));
#7235=CARTESIAN_POINT('Ctrl Pts',(0.750102652606024,2.06886603009622,0.0163946560268151));
#7236=CARTESIAN_POINT('Ctrl Pts',(0.750102652606024,2.06755846252066,0.0196066710192429));
#7237=CARTESIAN_POINT('Ctrl Pts',(0.750102652606024,2.06602627364447,0.0227174746624469));
#7238=CARTESIAN_POINT('Ctrl Pts',(0.750102652606024,2.06487129291572,0.0250624324640951));
#7239=CARTESIAN_POINT('Ctrl Pts',(0.750102652606024,2.06358858986227,0.0273487921363455));
#7240=CARTESIAN_POINT('Ctrl Pts',(0.750102652606024,2.06218993813234,0.0295530489313319));
#7241=CARTESIAN_POINT('Ctrl Pts',(0.750102652606024,2.05972085544982,0.0334442908780252));
#7242=CARTESIAN_POINT('Ctrl Pts',(0.750102652606024,2.05688633786053,0.0370907186015727));
#7243=CARTESIAN_POINT('Ctrl Pts',(0.750102652606024,2.05371143205886,0.0404168737327543));
#7244=CARTESIAN_POINT('Ctrl Pts',(0.750102652606024,1.94623069871607,0.0403908992155209));
#7245=CARTESIAN_POINT('Ctrl Pts',(0.750102652606024,1.94226348662991,0.0363131946144579));
#7246=CARTESIAN_POINT('Ctrl Pts',(0.750102652606024,1.9388892883426,0.0317308260405823));
#7247=CARTESIAN_POINT('Ctrl Pts',(0.750102652606024,1.93610625642712,0.0267947286488649));
#7248=CARTESIAN_POINT('Ctrl Pts',(0.750102652606024,1.93479223780959,0.0244641323540306));
#7249=CARTESIAN_POINT('Ctrl Pts',(0.750102652606024,1.93361037648228,0.0220539930327619));
#7250=CARTESIAN_POINT('Ctrl Pts',(0.750102652606024,1.93256285055281,0.0195772819554087));
#7251=CARTESIAN_POINT('Ctrl Pts',(0.750102652606024,1.93178249173884,0.0177322456995027));
#7252=CARTESIAN_POINT('Ctrl Pts',(0.750102652606024,1.93107748687063,0.0158513470155316));
#7253=CARTESIAN_POINT('Ctrl Pts',(0.750102652606024,1.93045150941893,0.0139495713848182));
#7254=CARTESIAN_POINT('Ctrl Pts',(0.750102652606024,1.92884501023943,0.00906888281999353));
#7255=CARTESIAN_POINT('Ctrl Pts',(0.750102652606024,1.92775049076028,0.00403590008035805));
#7256=CARTESIAN_POINT('Ctrl Pts',(0.750102652606024,1.92717791398313,-0.00105802765595669));
#7257=CARTESIAN_POINT('Ctrl Pts',(0.750102652606024,1.92690490694711,-0.00348683400729992));
#7258=CARTESIAN_POINT('Ctrl Pts',(0.750102652606024,1.92675085839519,-0.0059297342636205));
#7259=CARTESIAN_POINT('Ctrl Pts',(0.750102652606024,1.92671868349776,-0.0083776662572745));
#7260=CARTESIAN_POINT('Ctrl Pts',(0.750102652606024,1.9266852985024,-0.0109176649752843));
#7261=CARTESIAN_POINT('Ctrl Pts',(0.750102652606024,1.92678349666901,-0.0134549045024512));
#7262=CARTESIAN_POINT('Ctrl Pts',(0.750102652606024,1.92701399645773,-0.0159718636629936));
#7263=CARTESIAN_POINT('Ctrl Pts',(0.750102652606024,1.92732077848895,-0.0193217923029933));
#7264=CARTESIAN_POINT('Ctrl Pts',(0.750102652606024,1.92786168184963,-0.0226396488409749));
#7265=CARTESIAN_POINT('Ctrl Pts',(0.750102652606024,1.92864144811376,-0.0259017948248387));
#7266=CARTESIAN_POINT('Ctrl Pts',(0.750102652606024,1.92954438224726,-0.0296792126137596));
#7267=CARTESIAN_POINT('Ctrl Pts',(0.750102652606024,1.93076736652231,-0.0333821032962083));
#7268=CARTESIAN_POINT('Ctrl Pts',(0.750102652606024,1.93228258793281,-0.0369877180529256));
#7269=CARTESIAN_POINT('Ctrl Pts',(0.750102652606024,1.93330611356767,-0.0394232955252031));
#7270=CARTESIAN_POINT('Ctrl Pts',(0.750102652606024,1.93445972240259,-0.0418059136022358));
#7271=CARTESIAN_POINT('Ctrl Pts',(0.750102652606024,1.93573152513582,-0.0441252437315072));
#7272=CARTESIAN_POINT('Ctrl Pts',(0.750102652606024,1.93779313594921,-0.0478849117597278));
#7273=CARTESIAN_POINT('Ctrl Pts',(0.750102652606024,1.94016613424052,-0.0514815374246059));
#7274=CARTESIAN_POINT('Ctrl Pts',(0.750102652606024,1.94281482593082,-0.054885368761731));
#7275=CARTESIAN_POINT('Ctrl Pts',(0.750102652606024,1.94435632902748,-0.056866353021211));
#7276=CARTESIAN_POINT('Ctrl Pts',(0.750102652606024,1.94599046352022,-0.0587803328014721));
#7277=CARTESIAN_POINT('Ctrl Pts',(0.750102652606024,1.94770404702004,-0.060614747935433));
#7278=CARTESIAN_POINT('Ctrl Pts',(0.750102652606024,1.95159739475106,-0.0647826312048073));
#7279=CARTESIAN_POINT('Ctrl Pts',(0.750102652606024,1.95590726210932,-0.0685512418091831));
#7280=CARTESIAN_POINT('Ctrl Pts',(0.750102652606024,1.96056086253614,-0.0718500282452436));
#7281=CARTESIAN_POINT('Origin',(1.50010265260602,-0.250000007978574,-0.775002860323236));
#7282=CARTESIAN_POINT('Origin',(0.68229103012948,2.,5.96225158728361E-17));
#7283=CARTESIAN_POINT('Ctrl Pts',(0.760416030129479,2.08203859286018,6.7893791111434E-5));
#7284=CARTESIAN_POINT('Ctrl Pts',(0.760722329108444,2.08208375128195,0.0051092049295058));
#7285=CARTESIAN_POINT('Ctrl Pts',(0.762674310664982,2.07937262082651,0.0371892251750978));
#7286=CARTESIAN_POINT('Ctrl Pts',(0.766271974799096,2.0370899219754,0.0893771326218685));
#7287=CARTESIAN_POINT('Ctrl Pts',(0.771209022531819,1.9454239941686,0.0798959710425453));
#7288=CARTESIAN_POINT('Ctrl Pts',(0.776146070264543,1.90326118914845,-0.00204136315950378));
#7289=CARTESIAN_POINT('Ctrl Pts',(0.781083117997267,1.94884646381193,-0.082134273175419));
#7290=CARTESIAN_POINT('Ctrl Pts',(0.78602016572999,2.04083087544852,-0.0877228850168216));
#7291=CARTESIAN_POINT('Ctrl Pts',(0.789547803107395,2.08009285625739,-0.0348628858728382));
#7292=CARTESIAN_POINT('Ctrl Pts',(0.791429757907224,2.08210292876948,-0.00394534531286237));
#7293=CARTESIAN_POINT('Ctrl Pts',(0.791666030129479,2.08207110806605,-5.96121638982321E-5));
#7294=CARTESIAN_POINT('Ctrl Pts',(0.755414275082569,2.08209938519803,-5.94011362552263E-5));
#7295=CARTESIAN_POINT('Ctrl Pts',(0.756935099412203,2.08195708102709,0.0248915286279947));
#7296=CARTESIAN_POINT('Ctrl Pts',(0.760101606319411,2.05654367663967,0.0772448996166063));
#7297=CARTESIAN_POINT('Ctrl Pts',(0.764913795804196,1.96779365647032,0.0912190959277747));
#7298=CARTESIAN_POINT('Ctrl Pts',(0.769850843536919,1.90599468747576,0.0229155699865116));
#7299=CARTESIAN_POINT('Ctrl Pts',(0.774787891269643,1.92944338622199,-0.0662246079501021));
#7300=CARTESIAN_POINT('Ctrl Pts',(0.779724939002366,2.01690161568112,-0.0952693292819529));
#7301=CARTESIAN_POINT('Ctrl Pts',(0.783683733606675,2.07473307155439,-0.0492773104019424));
#7302=CARTESIAN_POINT('Ctrl Pts',(0.785996845633409,2.08193637206906,-0.0110790124445699));
#7303=CARTESIAN_POINT('Ctrl Pts',(0.786664275082569,2.08188818529205,-3.97103704024148E-5));
#7304=CARTESIAN_POINT('Ctrl Pts',(0.750102652606024,1.94623069871607,0.0403908992155209));
#7305=CARTESIAN_POINT('Ctrl Pts',(0.751748335183598,1.93286599177774,0.0225994915495511));
#7306=CARTESIAN_POINT('Ctrl Pts',(0.755039700338747,1.92540570521851,-0.0269881597127468));
#7307=CARTESIAN_POINT('Ctrl Pts',(0.759976748071471,1.98192994627636,-0.0773193899757772));
#7308=CARTESIAN_POINT('Ctrl Pts',(0.764913795804195,2.05483511155611,-0.0573359508333344));
#7309=CARTESIAN_POINT('Ctrl Pts',(0.769850843536919,2.07800520648619,0.0145654112828215));
#7310=CARTESIAN_POINT('Ctrl Pts',(0.774787891269642,2.03041825918104,0.0733001484002523));
#7311=CARTESIAN_POINT('Ctrl Pts',(0.779724939002367,1.95524101960779,0.0655244396659901));
#7312=CARTESIAN_POINT('Ctrl Pts',(0.78466198673509,1.92066237768577,-0.00167416673751987));
#7313=CARTESIAN_POINT('Ctrl Pts',(0.789599034467814,1.95804786208966,-0.0673601203786212));
#7314=CARTESIAN_POINT('Ctrl Pts',(0.794536082200537,2.03348629724284,-0.071943463626601));
#7315=CARTESIAN_POINT('Ctrl Pts',(0.799473129933262,2.07855074291589,-0.0112713704049708));
#7316=CARTESIAN_POINT('Ctrl Pts',(0.804410177665985,2.05236500164675,0.0596252981574926));
#7317=CARTESIAN_POINT('Ctrl Pts',(0.809347225398709,1.97868112964525,0.0764379085874258));
#7318=CARTESIAN_POINT('Ctrl Pts',(0.814284273131433,1.92433472313433,0.02391702768783));
#7319=CARTESIAN_POINT('Ctrl Pts',(0.819221320864156,1.93862119022809,-0.0502981104226654));
#7320=CARTESIAN_POINT('Ctrl Pts',(0.82415836859688,2.00858185668557,-0.0788898432410811));
#7321=CARTESIAN_POINT('Ctrl Pts',(0.829095416329604,2.07075827386282,-0.0359238607900231));
#7322=CARTESIAN_POINT('Ctrl Pts',(0.834032464062328,2.06875276197251,0.0396271960470043));
#7323=CARTESIAN_POINT('Ctrl Pts',(0.838969511795051,2.0043844393706,0.0792340415551035));
#7324=CARTESIAN_POINT('Ctrl Pts',(0.843906559527776,1.93603917148227,0.0469709406740657));
#7325=CARTESIAN_POINT('Ctrl Pts',(0.848843607260499,1.92571014829996,-0.0278975760710211));
#7326=CARTESIAN_POINT('Ctrl Pts',(0.853780654993223,1.98276640307904,-0.0774613446897407));
#7327=CARTESIAN_POINT('Ctrl Pts',(0.858717702725946,2.0554545469261,-0.056763104535418));
#7328=CARTESIAN_POINT('Ctrl Pts',(0.863654750458671,2.07784214533058,0.0154226202307831));
#7329=CARTESIAN_POINT('Ctrl Pts',(0.868591798191393,2.02962232586471,0.0736191185192525));
#7330=CARTESIAN_POINT('Ctrl Pts',(0.873528845924119,1.95453330935852,0.0650387334353673));
#7331=CARTESIAN_POINT('Ctrl Pts',(0.878465893656841,1.92068526343405,-0.00253561966661365));
#7332=CARTESIAN_POINT('Ctrl Pts',(0.883402941389565,1.9587803625053,-0.0678100161343219));
#7333=CARTESIAN_POINT('Ctrl Pts',(0.888339989122289,2.03426410441134,-0.0715767277309902));
#7334=CARTESIAN_POINT('Ctrl Pts',(0.893277036855012,2.07866828230981,-0.0104191248208859));
#7335=CARTESIAN_POINT('Ctrl Pts',(0.898214084587736,2.05171568735796,0.0601892389442163));
#7336=CARTESIAN_POINT('Ctrl Pts',(0.903151132320461,1.97785391316315,0.0762024123073658));
#7337=CARTESIAN_POINT('Ctrl Pts',(0.908088180053184,1.92407994617024,0.0230955023782974));
#7338=CARTESIAN_POINT('Ctrl Pts',(0.913025227785908,1.93916994667293,-0.0509603906563441));
#7339=CARTESIAN_POINT('Ctrl Pts',(0.917962275518633,2.00943639402677,-0.0787922031129911));
#7340=CARTESIAN_POINT('Ctrl Pts',(0.922899323251354,2.07114347532703,-0.0351548392403657));
#7341=CARTESIAN_POINT('Ctrl Pts',(0.927836370984081,2.06831922761333,0.0403700376757614));
#7342=CARTESIAN_POINT('Ctrl Pts',(0.932773418716801,2.00352541016986,0.0792769089127396));
#7343=CARTESIAN_POINT('Ctrl Pts',(0.937710466449528,1.93553383773152,0.0462749470663934));
#7344=CARTESIAN_POINT('Ctrl Pts',(0.942647514182249,1.92601687745531,-0.0287011216185386));
#7345=CARTESIAN_POINT('Ctrl Pts',(0.947584561914975,1.98360697373582,-0.0776435798603219));
#7346=CARTESIAN_POINT('Ctrl Pts',(0.952521609647696,2.05606651189453,-0.0561587308225972));
#7347=CARTESIAN_POINT('Ctrl Pts',(0.957458657380424,2.07767041629202,0.0162653999842731));
#7348=CARTESIAN_POINT('Ctrl Pts',(0.962395705113144,2.02882267118332,0.0739358534777428));
#7349=CARTESIAN_POINT('Ctrl Pts',(0.96733275284587,1.95383106300577,0.0645421262467151));
#7350=CARTESIAN_POINT('Ctrl Pts',(0.972269800578593,1.92071740427761,-0.0033951169559788));
#7351=CARTESIAN_POINT('Ctrl Pts',(0.977206848311316,1.9595177369046,-0.0682527887950295));
#7352=CARTESIAN_POINT('Ctrl Pts',(0.982143896044041,2.03503787028676,-0.0712011548318724));
#7353=CARTESIAN_POINT('Ctrl Pts',(0.987080943776763,2.07877658836653,-0.00956587314122868));
#7354=CARTESIAN_POINT('Ctrl Pts',(0.992017991509489,2.05106029361328,0.0607462197980215));
#7355=CARTESIAN_POINT('Ctrl Pts',(0.996955039242212,1.97702930040649,0.0759579078424944));
#7356=CARTESIAN_POINT('Ctrl Pts',(1.00189208697494,1.92383408681737,0.0222712925687101));
#7357=CARTESIAN_POINT('Ctrl Pts',(1.00682913470766,1.93972584966066,-0.0516166988918757));
#7358=CARTESIAN_POINT('Ctrl Pts',(1.01176618244038,2.0102898225514,-0.0786852994878009));
#7359=CARTESIAN_POINT('Ctrl Pts',(1.01670323017311,2.07152031937132,-0.0343816916490233));
#7360=CARTESIAN_POINT('Ctrl Pts',(1.02164027790583,2.06787766739834,0.0411081387584593));
#7361=CARTESIAN_POINT('Ctrl Pts',(1.02657732563855,2.00266596685909,0.0793104622627456));
#7362=CARTESIAN_POINT('Ctrl Pts',(1.03151437337128,1.93503607710806,0.0455735178158845));
#7363=CARTESIAN_POINT('Ctrl Pts',(1.036451421104,1.92633229776853,-0.0295012957606765));
#7364=CARTESIAN_POINT('Ctrl Pts',(1.04138846883673,1.98444947015435,-0.0778166937433341));
#7365=CARTESIAN_POINT('Ctrl Pts',(1.04632551656945,2.05667189046627,-0.055547759942267));
#7366=CARTESIAN_POINT('Ctrl Pts',(1.05126256430217,2.07748956293993,0.0171062689971229));
#7367=CARTESIAN_POINT('Ctrl Pts',(1.0561996120349,2.02801963056665,0.074243902823954));
#7368=CARTESIAN_POINT('Ctrl Pts',(1.06113665976762,1.95313424033676,0.0640379369968436));
#7369=CARTESIAN_POINT('Ctrl Pts',(1.06607370750034,1.92075885882399,-0.00425421540919409));
#7370=CARTESIAN_POINT('Ctrl Pts',(1.07101075523307,1.96025986694731,-0.0686875434746271));
#7371=CARTESIAN_POINT('Ctrl Pts',(1.07594780296579,2.03580752009737,-0.0708172175964343));
#7372=CARTESIAN_POINT('Ctrl Pts',(1.08088485069851,2.07887564016367,-0.00871149771249611));
#7373=CARTESIAN_POINT('Ctrl Pts',(1.08582189843124,2.05039890157369,0.0612960645048992));
#7374=CARTESIAN_POINT('Ctrl Pts',(1.09075894616396,1.97620738612687,0.0757044802420004));
#7375=CARTESIAN_POINT('Ctrl Pts',(1.09569599389669,1.9235971750357,0.0214444664446162));
#7376=CARTESIAN_POINT('Ctrl Pts',(1.10063304162941,1.94028883333874,-0.0522669434688049));
#7377=CARTESIAN_POINT('Ctrl Pts',(1.10557008936213,2.01114204228182,-0.0785691523273423));
#7378=CARTESIAN_POINT('Ctrl Pts',(1.11050713709486,2.07188876158428,-0.0336045050769733));
#7379=CARTESIAN_POINT('Ctrl Pts',(1.11544418482758,2.06742813327196,0.0418414106725394));
#7380=CARTESIAN_POINT('Ctrl Pts',(1.12038123256031,2.00180621036412,0.0793346986375349));
#7381=CARTESIAN_POINT('Ctrl Pts',(1.12531828029303,1.93454594810566,0.0448667348259807));
#7382=CARTESIAN_POINT('Ctrl Pts',(1.13025532802575,1.92665637217457,-0.0302980042416147));
#7383=CARTESIAN_POINT('Ctrl Pts',(1.13519237575848,1.98529379337062,-0.0779806661380825));
#7384=CARTESIAN_POINT('Ctrl Pts',(1.1401294234912,2.05727061151584,-0.054930263587468));
#7385=CARTESIAN_POINT('Ctrl Pts',(1.14506647122392,2.07729960653373,0.0179451284247504));
#7386=CARTESIAN_POINT('Ctrl Pts',(1.15000351895665,2.02721329832654,0.0745432304469592));
#7387=CARTESIAN_POINT('Ctrl Pts',(1.15494056668937,1.95244292325907,0.0635262247881467));
#7388=CARTESIAN_POINT('Ctrl Pts',(1.1598776144221,1.92080962210836,-0.00511281386635582));
#7389=CARTESIAN_POINT('Ctrl Pts',(1.16481466215482,1.96100666563842,-0.0691142295612648));
#7390=CARTESIAN_POINT('Ctrl Pts',(1.16975170988754,2.03657296306205,-0.0704249602244294));
#7391=CARTESIAN_POINT('Ctrl Pts',(1.17468875762027,2.07896542678635,-0.00785610067696233));
#7392=CARTESIAN_POINT('Ctrl Pts',(1.17962580535299,2.0497315875176,0.0618387119617321));
#7393=CARTESIAN_POINT('Ctrl Pts',(1.18456285308571,1.97538826966828,0.0754421524139697));
#7394=CARTESIAN_POINT('Ctrl Pts',(1.18949990081844,1.92336923316932,0.020615134635725));
#7395=CARTESIAN_POINT('Ctrl Pts',(1.19443694855116,1.94085884236276,-0.0529110745487642));
#7396=CARTESIAN_POINT('Ctrl Pts',(1.19937399628389,2.01199293187798,-0.0784437230592258));
#7397=CARTESIAN_POINT('Ctrl Pts',(1.20431104401661,2.07224880043031,-0.0328234735245301));
#7398=CARTESIAN_POINT('Ctrl Pts',(1.20924809174933,2.06697059593448,0.0425699692697234));
#7399=CARTESIAN_POINT('Ctrl Pts',(1.21418513948206,2.00094640317685,0.0793492179082748));
#7400=CARTESIAN_POINT('Ctrl Pts',(1.21912218721478,1.93406319067717,0.0441554625046093));
#7401=CARTESIAN_POINT('Ctrl Pts',(1.2240592349475,1.92698968731158,-0.0310926902965818));
#7402=CARTESIAN_POINT('Ctrl Pts',(1.22899628268023,1.98613861551258,-0.0781324550963571));
#7403=CARTESIAN_POINT('Ctrl Pts',(1.23393333041295,2.05786502130893,-0.0543122597211829));
#7404=CARTESIAN_POINT('Ctrl Pts',(1.23887037814568,2.0770958163146,0.0187935774023103));
#7405=CARTESIAN_POINT('Ctrl Pts',(1.2438074258784,2.02641311843297,0.0748107471689718));
#7406=CARTESIAN_POINT('Ctrl Pts',(1.24874447361112,1.95173879537892,0.0630529225042268));
#7407=CARTESIAN_POINT('Ctrl Pts',(1.25368152134385,1.9209059969662,-0.00606698135129338));
#7408=CARTESIAN_POINT('Ctrl Pts',(1.256972886499,1.9480940215987,-0.0482025049607122));
#7409=CARTESIAN_POINT('Ctrl Pts',(1.25861856907657,1.96759166822796,-0.0589259071356014));
#7410=CARTESIAN_POINT('Ctrl Pts',(0.747264013782508,1.94229960977462,0.0433438893688241));
#7411=CARTESIAN_POINT('Ctrl Pts',(0.748909696360083,1.92795780530301,0.0242517468177339));
#7412=CARTESIAN_POINT('Ctrl Pts',(0.752201061515232,1.9199520950672,-0.0289612717611384));
#7413=CARTESIAN_POINT('Ctrl Pts',(0.757138109247956,1.98060883949855,-0.0829722326134113));
#7414=CARTESIAN_POINT('Ctrl Pts',(0.762075156980679,2.05884412219033,-0.0615277985398606));
#7415=CARTESIAN_POINT('Ctrl Pts',(0.767012204713404,2.08370818936437,0.015630292652941));
#7416=CARTESIAN_POINT('Ctrl Pts',(0.771949252446127,2.03264214677916,0.0786591431407911));
#7417=CARTESIAN_POINT('Ctrl Pts',(0.776886300178851,1.95196867779472,0.0703149501248418));
#7418=CARTESIAN_POINT('Ctrl Pts',(0.781823347911574,1.91486198150666,-0.00179656554484784));
#7419=CARTESIAN_POINT('Ctrl Pts',(0.786760395644298,1.95498072933042,-0.0722848379775538));
#7420=CARTESIAN_POINT('Ctrl Pts',(0.791697443377022,2.03593448997807,-0.0772032707566745));
#7421=CARTESIAN_POINT('Ctrl Pts',(0.796634491109745,2.08429361011792,-0.0120954235076886));
#7422=CARTESIAN_POINT('Ctrl Pts',(0.80157153884247,2.0561934218415,0.0639845206993662));
#7423=CARTESIAN_POINT('Ctrl Pts',(0.806508586575194,1.9771225009576,0.0820263058695299));
#7424=CARTESIAN_POINT('Ctrl Pts',(0.811445634307916,1.91880281317762,0.0256656083985882));
#7425=CARTESIAN_POINT('Ctrl Pts',(0.816382682040642,1.93413376795232,-0.0539754196109395));
#7426=CARTESIAN_POINT('Ctrl Pts',(0.821319729773364,2.00920927867374,-0.0846575021645306));
#7427=CARTESIAN_POINT('Ctrl Pts',(0.826256777506089,2.07593143143147,-0.0385502644909045));
#7428=CARTESIAN_POINT('Ctrl Pts',(0.831193825238812,2.07377929599529,0.0425243516439971));
#7429=CARTESIAN_POINT('Ctrl Pts',(0.836130872971536,2.00470498698257,0.0850268649153898));
#7430=CARTESIAN_POINT('Ctrl Pts',(0.84106792070426,1.9313629770801,0.0504049995337556));
#7431=CARTESIAN_POINT('Ctrl Pts',(0.846004968436984,1.9202787960691,-0.0299371758085554));
#7432=CARTESIAN_POINT('Ctrl Pts',(0.850942016169706,1.98150644989647,-0.0831245656769708));
#7433=CARTESIAN_POINT('Ctrl Pts',(0.855879063902432,2.05950884465675,-0.0609130712858388));
#7434=CARTESIAN_POINT('Ctrl Pts',(0.860816111635153,2.08353320676119,0.016550172391398));
#7435=CARTESIAN_POINT('Ctrl Pts',(0.865753159367879,2.03178802255122,0.0790014332560998));
#7436=CARTESIAN_POINT('Ctrl Pts',(0.870690207100603,1.95120922664743,0.0697937337732688));
#7437=CARTESIAN_POINT('Ctrl Pts',(0.875627254833326,1.91488654043852,-0.00272099954310705));
#7438=CARTESIAN_POINT('Ctrl Pts',(0.88056430256605,1.95576678306021,-0.0727676257401768));
#7439=CARTESIAN_POINT('Ctrl Pts',(0.885501350298773,2.03676916285034,-0.0768097226952136));
#7440=CARTESIAN_POINT('Ctrl Pts',(0.890438398031497,2.08441974285042,-0.0111808700060561));
#7441=CARTESIAN_POINT('Ctrl Pts',(0.89537544576422,2.055496636,0.0645896913577339));
#7442=CARTESIAN_POINT('Ctrl Pts',(0.900312493496945,1.97623480644274,0.0817735923893167));
#7443=CARTESIAN_POINT('Ctrl Pts',(0.905249541229669,1.91852940939706,0.024784021139536));
#7444=CARTESIAN_POINT('Ctrl Pts',(0.910186588962391,1.93472264413725,-0.0546861193412565));
#7445=CARTESIAN_POINT('Ctrl Pts',(0.915123636695117,2.01012629148349,-0.0845527235388479));
#7446=CARTESIAN_POINT('Ctrl Pts',(0.920060684427838,2.07634479508452,-0.0377250195565757));
#7447=CARTESIAN_POINT('Ctrl Pts',(0.924997732160564,2.07331406581554,0.0433215026359472));
#7448=CARTESIAN_POINT('Ctrl Pts',(0.929934779893287,2.00378315391215,0.08507286631776));
#7449=CARTESIAN_POINT('Ctrl Pts',(0.934871827626012,1.93082069823481,0.0496581216350641));
#7450=CARTESIAN_POINT('Ctrl Pts',(0.939808875358734,1.92060795028043,-0.0307994688000675));
#7451=CARTESIAN_POINT('Ctrl Pts',(0.944745923091459,1.98240847491353,-0.0833201241128112));
#7452=CARTESIAN_POINT('Ctrl Pts',(0.949682970824182,2.06016555055844,-0.0602645116386234));
#7453=CARTESIAN_POINT('Ctrl Pts',(0.954620018556906,2.08334892256368,0.0174545680128631));
#7454=CARTESIAN_POINT('Ctrl Pts',(0.959557066289629,2.03092990488818,0.0793413247976768));
#7455=CARTESIAN_POINT('Ctrl Pts',(0.964494114022354,1.95045563886369,0.0692608194915183));
#7456=CARTESIAN_POINT('Ctrl Pts',(0.969431161755076,1.91492103110832,-0.00364333492425984));
#7457=CARTESIAN_POINT('Ctrl Pts',(0.974368209487803,1.956558067112,-0.0732427696363016));
#7458=CARTESIAN_POINT('Ctrl Pts',(0.979305257220524,2.03759949896944,-0.0764066915544009));
#7459=CARTESIAN_POINT('Ctrl Pts',(0.984242304953249,2.08453596719382,-0.0102652368529169));
#7460=CARTESIAN_POINT('Ctrl Pts',(0.989179352685972,2.05479332623185,0.0651873932405037));
#7461=CARTESIAN_POINT('Ctrl Pts',(0.994116400418696,1.97534990601241,0.0815112121333334));
#7462=CARTESIAN_POINT('Ctrl Pts',(0.999053448151419,1.91826557519683,0.0238995531158648));
#7463=CARTESIAN_POINT('Ctrl Pts',(1.00399049588414,1.93531918935084,-0.0553904104589396));
#7464=CARTESIAN_POINT('Ctrl Pts',(1.00892754361687,2.01104211441079,-0.0844380041591518));
#7465=CARTESIAN_POINT('Ctrl Pts',(1.01386459134959,2.0767491903043,-0.0368953469244785));
#7466=CARTESIAN_POINT('Ctrl Pts',(1.01880163908231,2.07284022300738,0.0441135664991644));
#7467=CARTESIAN_POINT('Ctrl Pts',(1.02373868681504,2.00286087645598,0.0851088727627479));
#7468=CARTESIAN_POINT('Ctrl Pts',(1.02867573454776,1.93028654619031,0.0489054106921387));
#7469=CARTESIAN_POINT('Ctrl Pts',(1.03361278228049,1.92094643106263,-0.0316581439017916));
#7470=CARTESIAN_POINT('Ctrl Pts',(1.03854983001321,1.98331256648534,-0.083505894401149));
#7471=CARTESIAN_POINT('Ctrl Pts',(1.04348687774594,2.06081518853009,-0.0596088725031018));
#7472=CARTESIAN_POINT('Ctrl Pts',(1.04842392547866,2.08315484697148,0.0183569131988952));
#7473=CARTESIAN_POINT('Ctrl Pts',(1.05336097321138,2.03006815374314,0.0796718957193854));
#7474=CARTESIAN_POINT('Ctrl Pts',(1.0582980209441,1.94970787129075,0.0687197688218916));
#7475=CARTESIAN_POINT('Ctrl Pts',(1.06323506867683,1.9149655164084,-0.00456524231023811));
#7476=CARTESIAN_POINT('Ctrl Pts',(1.06817211640955,1.95735445449365,-0.0737093093544324));
#7477=CARTESIAN_POINT('Ctrl Pts',(1.07310916414228,2.03842541809706,-0.0759946845582553));
#7478=CARTESIAN_POINT('Ctrl Pts',(1.078046211875,2.08464226069608,-0.0093483977930875));
#7479=CARTESIAN_POINT('Ctrl Pts',(1.08298325960772,2.05408357963175,0.0657774372506103));
#7480=CARTESIAN_POINT('Ctrl Pts',(1.08792030734045,1.97446790134556,0.0812392563687389));
#7481=CARTESIAN_POINT('Ctrl Pts',(1.09285735507317,1.91801134272728,0.0230122774981879));
#7482=CARTESIAN_POINT('Ctrl Pts',(1.0977944028059,1.93592333292608,-0.0560881946022119));
#7483=CARTESIAN_POINT('Ctrl Pts',(1.10273145053862,2.01195664016859,-0.0843133654466893));
#7484=CARTESIAN_POINT('Ctrl Pts',(1.10766849827134,2.07714456943245,-0.0360613400206429));
#7485=CARTESIAN_POINT('Ctrl Pts',(1.11260554600406,2.07235782331291,0.04490044813187));
#7486=CARTESIAN_POINT('Ctrl Pts',(1.11754259373679,2.00193826291862,0.0851348810658056));
#7487=CARTESIAN_POINT('Ctrl Pts',(1.12247964146951,1.92976058371686,0.0481469545964055));
#7488=CARTESIAN_POINT('Ctrl Pts',(1.12741668920224,1.92129419864086,-0.032513099966838));
#7489=CARTESIAN_POINT('Ctrl Pts',(1.13235373693496,1.98421861841259,-0.0836818548644106));
#7490=CARTESIAN_POINT('Ctrl Pts',(1.13729078466769,2.06145768224624,-0.0589462308138133));
#7491=CARTESIAN_POINT('Ctrl Pts',(1.14222783240041,2.08295100279828,0.0192571018783566));
#7492=CARTESIAN_POINT('Ctrl Pts',(1.14716488013313,2.02920287032315,0.0799931072702188));
#7493=CARTESIAN_POINT('Ctrl Pts',(1.15210192786586,1.94896601182448,0.0681706451877756));
#7494=CARTESIAN_POINT('Ctrl Pts',(1.15703897559858,1.91501999101096,-0.00548661314530872));
#7495=CARTESIAN_POINT('Ctrl Pts',(1.1619760233313,1.9581558518499,-0.0741671905824724));
#7496=CARTESIAN_POINT('Ctrl Pts',(1.16691307106403,2.03924682281503,-0.0755737491379873));
#7497=CARTESIAN_POINT('Ctrl Pts',(1.17185011879675,2.08473861164434,-0.00843046243649241));
#7498=CARTESIAN_POINT('Ctrl Pts',(1.17678716652948,2.05336747805482,0.0663597578176702));
#7499=CARTESIAN_POINT('Ctrl Pts',(1.1817242142622,1.97358889904923,0.0809577496784358));
#7500=CARTESIAN_POINT('Ctrl Pts',(1.18666126199492,1.91776673596608,0.0221223130043839));
#7501=CARTESIAN_POINT('Ctrl Pts',(1.19159830972764,1.93653501547231,-0.0567794182890084));
#7502=CARTESIAN_POINT('Ctrl Pts',(1.19653535746037,2.01286973854564,-0.0841787660090327));
#7503=CARTESIAN_POINT('Ctrl Pts',(1.20147240519309,2.07753093082113,-0.0352232070288019));
#7504=CARTESIAN_POINT('Ctrl Pts',(1.20640945292582,2.07186683529028,0.0456822718557379));
#7505=CARTESIAN_POINT('Ctrl Pts',(1.21134650065854,2.00101559498284,0.0851504618445672));
#7506=CARTESIAN_POINT('Ctrl Pts',(1.21628354839126,1.92924253175518,0.0473836809529017));
#7507=CARTESIAN_POINT('Ctrl Pts',(1.22122059612399,1.92165188254254,-0.0333658857457742));
#7508=CARTESIAN_POINT('Ctrl Pts',(1.22615764385671,1.98512520574212,-0.0838447411566854));
#7509=CARTESIAN_POINT('Ctrl Pts',(1.23109469158944,2.06209554950871,-0.0582830445087291));
#7510=CARTESIAN_POINT('Ctrl Pts',(1.23603173932216,2.08273231341815,0.0201675812024791));
#7511=CARTESIAN_POINT('Ctrl Pts',(1.24096878705488,2.02834418904951,0.0802801822160217));
#7512=CARTESIAN_POINT('Ctrl Pts',(1.24590583478761,1.94821040495433,0.0676627396389842));
#7513=CARTESIAN_POINT('Ctrl Pts',(1.25084288252033,1.91512341186212,-0.00651054008701367));
#7514=CARTESIAN_POINT('Ctrl Pts',(1.25413424767548,1.94429916072425,-0.0517266038364024));
#7515=CARTESIAN_POINT('Ctrl Pts',(1.25577993025306,1.96522228585553,-0.0632339970005337));
#7516=CARTESIAN_POINT('Ctrl Pts',(0.744425374958993,1.93836852083317,0.0462968795221273));
#7517=CARTESIAN_POINT('Ctrl Pts',(0.746071057536567,1.92304961882827,0.0259040020859166));
#7518=CARTESIAN_POINT('Ctrl Pts',(0.749362422691716,1.91449848491589,-0.03093438380953));
#7519=CARTESIAN_POINT('Ctrl Pts',(0.75429947042444,1.97928773272074,-0.0886250752510455));
#7520=CARTESIAN_POINT('Ctrl Pts',(0.759236518157164,2.06285313282454,-0.0657196462463868));
#7521=CARTESIAN_POINT('Ctrl Pts',(0.764173565889887,2.08941117224254,0.0166951740230606));
#7522=CARTESIAN_POINT('Ctrl Pts',(0.769110613622612,2.03486603437728,0.0840181378813298));
#7523=CARTESIAN_POINT('Ctrl Pts',(0.774047661355335,1.94869633598166,0.0751054605836936));
#7524=CARTESIAN_POINT('Ctrl Pts',(0.778984709088059,1.90906158532756,-0.00191896435217586));
#7525=CARTESIAN_POINT('Ctrl Pts',(0.783921756820782,1.95191359657117,-0.0772095555764863));
#7526=CARTESIAN_POINT('Ctrl Pts',(0.788858804553507,2.0383826827133,-0.0824630778867481));
#7527=CARTESIAN_POINT('Ctrl Pts',(0.79379585228623,2.09003647731995,-0.0129194766104064));
#7528=CARTESIAN_POINT('Ctrl Pts',(0.798732900018954,2.06002184203624,0.0683437432412399));
#7529=CARTESIAN_POINT('Ctrl Pts',(0.803669947751677,1.97556387226995,0.0876147031516339));
#7530=CARTESIAN_POINT('Ctrl Pts',(0.808606995484402,1.91327090322089,0.0274141891093466));
#7531=CARTESIAN_POINT('Ctrl Pts',(0.813544043217125,1.92964634567656,-0.0576527287992137));
#7532=CARTESIAN_POINT('Ctrl Pts',(0.818481090949849,2.0098367006619,-0.0904251610879799));
#7533=CARTESIAN_POINT('Ctrl Pts',(0.823418138682572,2.08110458900013,-0.041176668191786));
#7534=CARTESIAN_POINT('Ctrl Pts',(0.828355186415297,2.07880583001806,0.0454215072409899));
#7535=CARTESIAN_POINT('Ctrl Pts',(0.833292234148019,2.00502553459455,0.0908196882756761));
#7536=CARTESIAN_POINT('Ctrl Pts',(0.838229281880744,1.92668678267794,0.0538390583934456));
#7537=CARTESIAN_POINT('Ctrl Pts',(0.843166329613468,1.91484744383825,-0.0319767755460897));
#7538=CARTESIAN_POINT('Ctrl Pts',(0.848103377346191,1.98024649671389,-0.0887877866642007));
#7539=CARTESIAN_POINT('Ctrl Pts',(0.853040425078916,2.06356314238741,-0.0650630380362597));
#7540=CARTESIAN_POINT('Ctrl Pts',(0.857977472811638,2.08922426819181,0.0176777245520129));
#7541=CARTESIAN_POINT('Ctrl Pts',(0.862914520544363,2.03395371923774,0.084383747992947));
#7542=CARTESIAN_POINT('Ctrl Pts',(0.867851568277085,1.94788514393634,0.0745487341111705));
#7543=CARTESIAN_POINT('Ctrl Pts',(0.872788616009812,1.90908781744299,-0.00290637941960058));
#7544=CARTESIAN_POINT('Ctrl Pts',(0.877725663742532,1.95275320361512,-0.0777252353460316));
#7545=CARTESIAN_POINT('Ctrl Pts',(0.882662711475259,2.03927422128934,-0.0820427176594371));
#7546=CARTESIAN_POINT('Ctrl Pts',(0.88759975920798,2.09017120339104,-0.0119426151912261));
#7547=CARTESIAN_POINT('Ctrl Pts',(0.892536806940707,2.05927758464202,0.0689901437712514));
#7548=CARTESIAN_POINT('Ctrl Pts',(0.897473854673428,1.97461569972232,0.0873447724712677));
#7549=CARTESIAN_POINT('Ctrl Pts',(0.902410902406154,1.91297887262388,0.0264725399007746));
#7550=CARTESIAN_POINT('Ctrl Pts',(0.907347950138875,1.93027534160157,-0.0584118480261688));
#7551=CARTESIAN_POINT('Ctrl Pts',(0.912284997871602,2.01081618894022,-0.0903132439647047));
#7552=CARTESIAN_POINT('Ctrl Pts',(0.917222045604323,2.08154611484201,-0.0402951998727858));
#7553=CARTESIAN_POINT('Ctrl Pts',(0.922159093337048,2.07830890401775,0.0462729675961328));
#7554=CARTESIAN_POINT('Ctrl Pts',(0.927096141069771,2.00404089765443,0.0908688237227805));
#7555=CARTESIAN_POINT('Ctrl Pts',(0.932033188802497,1.92610755873811,0.0530412962037346));
#7556=CARTESIAN_POINT('Ctrl Pts',(0.936970236535218,1.91519902310553,-0.0328978159815963));
#7557=CARTESIAN_POINT('Ctrl Pts',(0.941907284267943,1.98120997609125,-0.0889966683653005));
#7558=CARTESIAN_POINT('Ctrl Pts',(0.946844332000666,2.06426458922235,-0.0643702924546497));
#7559=CARTESIAN_POINT('Ctrl Pts',(0.951781379733391,2.08902742883534,0.0186437360414531));
#7560=CARTESIAN_POINT('Ctrl Pts',(0.956718427466113,2.03303713859303,0.0847467961176107));
#7561=CARTESIAN_POINT('Ctrl Pts',(0.961655475198839,1.9470802147216,0.0739795127363214));
#7562=CARTESIAN_POINT('Ctrl Pts',(0.96659252293156,1.90912465793903,-0.00389155289254087));
#7563=CARTESIAN_POINT('Ctrl Pts',(0.971529570664286,1.9535983973194,-0.0782327504775738));
#7564=CARTESIAN_POINT('Ctrl Pts',(0.976466618397008,2.04016112765211,-0.0816122282769292));
#7565=CARTESIAN_POINT('Ctrl Pts',(0.981403666129733,2.09029534602112,-0.0109646005646052));
#7566=CARTESIAN_POINT('Ctrl Pts',(0.986340713862457,2.05852635885042,0.0696285666829859));
#7567=CARTESIAN_POINT('Ctrl Pts',(0.991277761595179,1.97367051161834,0.0870645164241724));
#7568=CARTESIAN_POINT('Ctrl Pts',(0.996214809327905,1.9126970635763,0.0255278136630196));
#7569=CARTESIAN_POINT('Ctrl Pts',(1.00115185706063,1.93091252904103,-0.0591641220260036));
#7570=CARTESIAN_POINT('Ctrl Pts',(1.00608890479335,2.01179440627019,-0.0901907088305026));
#7571=CARTESIAN_POINT('Ctrl Pts',(1.01102595252608,2.08197806123726,-0.0394090021999337));
#7572=CARTESIAN_POINT('Ctrl Pts',(1.0159630002588,2.07780277861643,0.0471189942398696));
#7573=CARTESIAN_POINT('Ctrl Pts',(1.02090004799152,2.00305578605286,0.0909072832627502));
#7574=CARTESIAN_POINT('Ctrl Pts',(1.02583709572425,1.92553701527256,0.0522373035683929));
#7575=CARTESIAN_POINT('Ctrl Pts',(1.03077414345697,1.91556056435673,-0.0338149920429067));
#7576=CARTESIAN_POINT('Ctrl Pts',(1.03571119118969,1.98217566281633,-0.0891950950589639));
#7577=CARTESIAN_POINT('Ctrl Pts',(1.04064823892242,2.06495848659392,-0.0636699850639365));
#7578=CARTESIAN_POINT('Ctrl Pts',(1.04558528665514,2.08882013100302,0.0196075574006675));
#7579=CARTESIAN_POINT('Ctrl Pts',(1.05052233438787,2.03211667691964,0.0850998886148169));
#7580=CARTESIAN_POINT('Ctrl Pts',(1.05545938212059,1.94628150224474,0.0734016006469395));
#7581=CARTESIAN_POINT('Ctrl Pts',(1.06039642985331,1.9091721739928,-0.00487626921128202));
#7582=CARTESIAN_POINT('Ctrl Pts',(1.06533347758604,1.95444904203998,-0.0787310752342377));
#7583=CARTESIAN_POINT('Ctrl Pts',(1.07027052531876,2.04104331609674,-0.0811721515200764));
#7584=CARTESIAN_POINT('Ctrl Pts',(1.07520757305148,2.09040888122849,-0.00998529787367882));
#7585=CARTESIAN_POINT('Ctrl Pts',(1.08014462078421,2.0577682576898,0.0702588099963214));
#7586=CARTESIAN_POINT('Ctrl Pts',(1.08508166851693,1.97272841656425,0.0867740324954774));
#7587=CARTESIAN_POINT('Ctrl Pts',(1.09001871624966,1.91242551041886,0.0245800885517594));
#7588=CARTESIAN_POINT('Ctrl Pts',(1.09495576398238,1.93155783251342,-0.0599094457356188));
#7589=CARTESIAN_POINT('Ctrl Pts',(1.0998928117151,2.01277123805536,-0.0900575785660365));
#7590=CARTESIAN_POINT('Ctrl Pts',(1.10482985944783,2.08240037728062,-0.0385181749643124));
#7591=CARTESIAN_POINT('Ctrl Pts',(1.10976690718055,2.07728751335385,0.0479594855912004));
#7592=CARTESIAN_POINT('Ctrl Pts',(1.11470395491328,2.00207031547312,0.0909350634940764));
#7593=CARTESIAN_POINT('Ctrl Pts',(1.119641002646,1.92497521932805,0.0514271743668302));
#7594=CARTESIAN_POINT('Ctrl Pts',(1.12457805037872,1.91593202510716,-0.0347281956920613));
#7595=CARTESIAN_POINT('Ctrl Pts',(1.12951509811145,1.98314344345455,-0.0893830435907388));
#7596=CARTESIAN_POINT('Ctrl Pts',(1.13445214584417,2.06564475297664,-0.0629621980401584));
#7597=CARTESIAN_POINT('Ctrl Pts',(1.13938919357689,2.08860239906282,0.0205690753319628));
#7598=CARTESIAN_POINT('Ctrl Pts',(1.14432624130962,2.03119244231976,0.0854429840934784));
#7599=CARTESIAN_POINT('Ctrl Pts',(1.14926328904234,1.94548910038989,0.0728150655874046));
#7600=CARTESIAN_POINT('Ctrl Pts',(1.15420033677506,1.90923035991355,-0.00586041242426166));
#7601=CARTESIAN_POINT('Ctrl Pts',(1.15913738450779,1.95530503806139,-0.07922015160368));
#7602=CARTESIAN_POINT('Ctrl Pts',(1.16407443224051,2.04192068256802,-0.0807225380515453));
#7603=CARTESIAN_POINT('Ctrl Pts',(1.16901147997323,2.09051179650232,-0.00900482419602247));
#7604=CARTESIAN_POINT('Ctrl Pts',(1.17394852770596,2.05700336859204,0.0708808036736084));
#7605=CARTESIAN_POINT('Ctrl Pts',(1.17888557543868,1.97178952843018,0.0864733469429018));
#7606=CARTESIAN_POINT('Ctrl Pts',(1.18382262317141,1.91216423876285,0.0236294913730428));
#7607=CARTESIAN_POINT('Ctrl Pts',(1.18875967090413,1.93221118858185,-0.0606477620292524));
#7608=CARTESIAN_POINT('Ctrl Pts',(1.19369671863686,2.0137465452133,-0.0899138089588397));
#7609=CARTESIAN_POINT('Ctrl Pts',(1.19863376636958,2.08281306121194,-0.0376229405330735));
#7610=CARTESIAN_POINT('Ctrl Pts',(1.2035708141023,2.07676307464609,0.0487945744417522));
#7611=CARTESIAN_POINT('Ctrl Pts',(1.20850786183502,2.00108478678883,0.0909517057808599));
#7612=CARTESIAN_POINT('Ctrl Pts',(1.21344490956775,1.92442187283319,0.0506118994011939));
#7613=CARTESIAN_POINT('Ctrl Pts',(1.21838195730047,1.9163140777735,-0.0356390811949667));
#7614=CARTESIAN_POINT('Ctrl Pts',(1.2233190050332,1.98411179597166,-0.0895570272170136));
#7615=CARTESIAN_POINT('Ctrl Pts',(1.22825605276592,2.0663260777085,-0.0622538292962752));
#7616=CARTESIAN_POINT('Ctrl Pts',(1.23319310049864,2.08836881052169,0.021541585002648));
#7617=CARTESIAN_POINT('Ctrl Pts',(1.23813014823137,2.03027525966605,0.0857496172630715));
#7618=CARTESIAN_POINT('Ctrl Pts',(1.24306719596409,1.94468201452974,0.0722725567737417));
#7619=CARTESIAN_POINT('Ctrl Pts',(1.24800424369682,1.90934082675804,-0.00695409882273399));
#7620=CARTESIAN_POINT('Ctrl Pts',(1.25129560885196,1.94050429984981,-0.0552507027120926));
#7621=CARTESIAN_POINT('Ctrl Pts',(1.25294129142954,1.9628529034831,-0.0675420868654661));
#7622=CARTESIAN_POINT('Ctrl Pts',(0.741586736135477,1.93443743189172,0.0492498696754305));
#7623=CARTESIAN_POINT('Ctrl Pts',(0.743232418713051,1.91814143235353,0.0275562573540994));
#7624=CARTESIAN_POINT('Ctrl Pts',(0.7465237838682,1.90904487476458,-0.0329074958579216));
#7625=CARTESIAN_POINT('Ctrl Pts',(0.751460831600924,1.97796662594293,-0.0942779178886796));
#7626=CARTESIAN_POINT('Ctrl Pts',(0.756397879333648,2.06686214345875,-0.0699114939529131));
#7627=CARTESIAN_POINT('Ctrl Pts',(0.761334927066372,2.09511415512071,0.0177600553931801));
#7628=CARTESIAN_POINT('Ctrl Pts',(0.766271974799096,2.0370899219754,0.0893771326218685));
#7629=CARTESIAN_POINT('Ctrl Pts',(0.771209022531819,1.9454239941686,0.0798959710425453));
#7630=CARTESIAN_POINT('Ctrl Pts',(0.776146070264543,1.90326118914845,-0.00204136315950378));
#7631=CARTESIAN_POINT('Ctrl Pts',(0.781083117997267,1.94884646381193,-0.082134273175419));
#7632=CARTESIAN_POINT('Ctrl Pts',(0.78602016572999,2.04083087544852,-0.0877228850168216));
#7633=CARTESIAN_POINT('Ctrl Pts',(0.790957213462715,2.09577934452198,-0.0137435297131242));
#7634=CARTESIAN_POINT('Ctrl Pts',(0.795894261195438,2.06385026223099,0.0727029657831134));
#7635=CARTESIAN_POINT('Ctrl Pts',(0.800831308928162,1.97400524358231,0.093203100433738));
#7636=CARTESIAN_POINT('Ctrl Pts',(0.805768356660885,1.90773899326417,0.0291627698201049));
#7637=CARTESIAN_POINT('Ctrl Pts',(0.81070540439361,1.92515892340079,-0.0613300379874878));
#7638=CARTESIAN_POINT('Ctrl Pts',(0.815642452126333,2.01046412265007,-0.0961928200114293));
#7639=CARTESIAN_POINT('Ctrl Pts',(0.820579499859058,2.08627774656879,-0.0438030718926675));
#7640=CARTESIAN_POINT('Ctrl Pts',(0.82551654759178,2.08383236404083,0.0483186628379828));
#7641=CARTESIAN_POINT('Ctrl Pts',(0.830453595324505,2.00534608220653,0.0966125116359622));
#7642=CARTESIAN_POINT('Ctrl Pts',(0.835390643057228,1.92201058827578,0.0572731172531356));
#7643=CARTESIAN_POINT('Ctrl Pts',(0.840327690789952,1.90941609160739,-0.0340163752836241));
#7644=CARTESIAN_POINT('Ctrl Pts',(0.845264738522676,1.97898654353133,-0.0944510076514307));
#7645=CARTESIAN_POINT('Ctrl Pts',(0.8502017862554,2.06761744011806,-0.0692130047866805));
#7646=CARTESIAN_POINT('Ctrl Pts',(0.855138833988123,2.09491532962242,0.0188052767126277));
#7647=CARTESIAN_POINT('Ctrl Pts',(0.860075881720847,2.03611941592425,0.0897660627297944));
#7648=CARTESIAN_POINT('Ctrl Pts',(0.865012929453571,1.94456106122526,0.079303734449072));
#7649=CARTESIAN_POINT('Ctrl Pts',(0.869949977186295,1.90328909444746,-0.00309175929609395));
#7650=CARTESIAN_POINT('Ctrl Pts',(0.874887024919019,1.94973962417003,-0.0826828449518866));
#7651=CARTESIAN_POINT('Ctrl Pts',(0.879824072651741,2.04177927972833,-0.0872757126236606));
#7652=CARTESIAN_POINT('Ctrl Pts',(0.884761120384466,2.09592266393166,-0.0127043603763962));
#7653=CARTESIAN_POINT('Ctrl Pts',(0.88969816811719,2.06305853328406,0.073390596184769));
#7654=CARTESIAN_POINT('Ctrl Pts',(0.894635215849913,1.97299659300191,0.0929159525532188));
#7655=CARTESIAN_POINT('Ctrl Pts',(0.899572263582636,1.90742833585069,0.0281610586620131));
#7656=CARTESIAN_POINT('Ctrl Pts',(0.904509311315361,1.92582803906589,-0.062137576711081));
#7657=CARTESIAN_POINT('Ctrl Pts',(0.909446359048085,2.01150608639695,-0.0960737643905614));
#7658=CARTESIAN_POINT('Ctrl Pts',(0.914383406780808,2.0867474345995,-0.0428653801889959));
#7659=CARTESIAN_POINT('Ctrl Pts',(0.919320454513533,2.08330374221996,0.0492244325563186));
#7660=CARTESIAN_POINT('Ctrl Pts',(0.924257502246255,2.00429864139671,0.0966647811278009));
#7661=CARTESIAN_POINT('Ctrl Pts',(0.92919454997898,1.9213944192414,0.0564244707724052));
#7662=CARTESIAN_POINT('Ctrl Pts',(0.934131597711703,1.90979009593064,-0.0349961631631251));
#7663=CARTESIAN_POINT('Ctrl Pts',(0.939068645444427,1.98001147726896,-0.0946732126177899));
#7664=CARTESIAN_POINT('Ctrl Pts',(0.944005693177151,2.06836362788626,-0.0684760732706759));
#7665=CARTESIAN_POINT('Ctrl Pts',(0.948942740909875,2.094705935107,0.019832904070043));
#7666=CARTESIAN_POINT('Ctrl Pts',(0.953879788642598,2.03514437229788,0.0901522674375447));
#7667=CARTESIAN_POINT('Ctrl Pts',(0.958816836375322,1.94370479057953,0.0786982059811245));
#7668=CARTESIAN_POINT('Ctrl Pts',(0.963753884108046,1.90332828476973,-0.00413977086082178));
#7669=CARTESIAN_POINT('Ctrl Pts',(0.96869093184077,1.9506387275268,-0.0832227313188461));
#7670=CARTESIAN_POINT('Ctrl Pts',(0.973627979573494,2.04272275633478,-0.0868177649994575));
#7671=CARTESIAN_POINT('Ctrl Pts',(0.978565027306217,2.09605472484841,-0.0116639642762936));
#7672=CARTESIAN_POINT('Ctrl Pts',(0.983502075038941,2.06225939146898,0.0740697401254682));
#7673=CARTESIAN_POINT('Ctrl Pts',(0.988439122771664,1.97199111722427,0.0926178207150115));
#7674=CARTESIAN_POINT('Ctrl Pts',(0.993376170504388,1.90712855195576,0.0271560742101742));
#7675=CARTESIAN_POINT('Ctrl Pts',(0.998313218237113,1.92650586873121,-0.0629378335930676));
#7676=CARTESIAN_POINT('Ctrl Pts',(1.00325026596983,2.01254669812958,-0.0959434135018535));
#7677=CARTESIAN_POINT('Ctrl Pts',(1.00818731370256,2.08720693217024,-0.0419226574753889));
#7678=CARTESIAN_POINT('Ctrl Pts',(1.01312436143528,2.08276533422548,0.0501244219805747));
#7679=CARTESIAN_POINT('Ctrl Pts',(1.01806140916801,2.00325069564975,0.0967056937627525));
#7680=CARTESIAN_POINT('Ctrl Pts',(1.02299845690073,1.92078748435481,0.0555691964446471));
#7681=CARTESIAN_POINT('Ctrl Pts',(1.02793550463345,1.91017469765084,-0.0359718401840218));
#7682=CARTESIAN_POINT('Ctrl Pts',(1.03287255236618,1.98103875914731,-0.0948842957167788));
#7683=CARTESIAN_POINT('Ctrl Pts',(1.0378096000989,2.06910178465775,-0.0677310976247713));
#7684=CARTESIAN_POINT('Ctrl Pts',(1.04274664783163,2.09448541503457,0.0208582016024397));
#7685=CARTESIAN_POINT('Ctrl Pts',(1.04768369556435,2.03416520009614,0.0905278815102484));
#7686=CARTESIAN_POINT('Ctrl Pts',(1.05262074329707,1.94285513319873,0.0780834324719874));
#7687=CARTESIAN_POINT('Ctrl Pts',(1.0575577910298,1.90337883157721,-0.00518729611232595));
#7688=CARTESIAN_POINT('Ctrl Pts',(1.06249483876252,1.95154362958632,-0.0837528411140431));
#7689=CARTESIAN_POINT('Ctrl Pts',(1.06743188649524,2.04366121409642,-0.0863496184818974));
#7690=CARTESIAN_POINT('Ctrl Pts',(1.07236893422797,2.09617550176091,-0.0106221979542702));
#7691=CARTESIAN_POINT('Ctrl Pts',(1.07730598196069,2.06145293574785,0.0747401827420327));
#7692=CARTESIAN_POINT('Ctrl Pts',(1.08224302969342,1.97098893178295,0.0923088086222158));
#7693=CARTESIAN_POINT('Ctrl Pts',(1.08718007742614,1.90683967811044,0.0261478996053311));
#7694=CARTESIAN_POINT('Ctrl Pts',(1.09211712515887,1.92719233210077,-0.0637306968690257));
#7695=CARTESIAN_POINT('Ctrl Pts',(1.09705417289159,2.01358583594214,-0.0958017916853836));
#7696=CARTESIAN_POINT('Ctrl Pts',(1.10199122062431,2.08765618512879,-0.0409750099079821));
#7697=CARTESIAN_POINT('Ctrl Pts',(1.10692826835704,2.0822172033948,0.051018523050531));
#7698=CARTESIAN_POINT('Ctrl Pts',(1.11186531608976,2.00220236802762,0.096735245922347));
#7699=CARTESIAN_POINT('Ctrl Pts',(1.11680236382248,1.92018985493925,0.054707394137255));
#7700=CARTESIAN_POINT('Ctrl Pts',(1.12173941155521,1.91056985157345,-0.0369432914172847));
#7701=CARTESIAN_POINT('Ctrl Pts',(1.12667645928793,1.98206826849652,-0.0950842323170668));
#7702=CARTESIAN_POINT('Ctrl Pts',(1.13161350702065,2.06983182370704,-0.0669781652665036));
#7703=CARTESIAN_POINT('Ctrl Pts',(1.13655055475338,2.09425379532737,0.0218810487855691));
#7704=CARTESIAN_POINT('Ctrl Pts',(1.1414876024861,2.03318201431637,0.090892860916738));
#7705=CARTESIAN_POINT('Ctrl Pts',(1.14642465021883,1.9420121889553,0.0774594859870335));
#7706=CARTESIAN_POINT('Ctrl Pts',(1.15136169795155,1.90344072881614,-0.00623421170321458));
#7707=CARTESIAN_POINT('Ctrl Pts',(1.15629874568427,1.95245422427287,-0.0842731126248876));
#7708=CARTESIAN_POINT('Ctrl Pts',(1.161235793417,2.04459454232101,-0.0858713269651032));
#7709=CARTESIAN_POINT('Ctrl Pts',(1.16617284114972,2.09628498136031,-0.00957918595555257));
#7710=CARTESIAN_POINT('Ctrl Pts',(1.17110988888244,2.06063925912926,0.0754018495295466));
#7711=CARTESIAN_POINT('Ctrl Pts',(1.17604693661517,1.96999015781113,0.0919889442073678));
#7712=CARTESIAN_POINT('Ctrl Pts',(1.18098398434789,1.90656174155961,0.0251366697417017));
#7713=CARTESIAN_POINT('Ctrl Pts',(1.18592103208062,1.9278873616914,-0.0645161057694967));
#7714=CARTESIAN_POINT('Ctrl Pts',(1.19085807981334,2.01462335188096,-0.0956488519086467));
#7715=CARTESIAN_POINT('Ctrl Pts',(1.19579512754606,2.08809519160276,-0.0400226740373452));
#7716=CARTESIAN_POINT('Ctrl Pts',(1.20073217527879,2.08165931400189,0.0519068770277666));
#7717=CARTESIAN_POINT('Ctrl Pts',(1.20566922301151,2.00115397859482,0.0967529497171524));
#7718=CARTESIAN_POINT('Ctrl Pts',(1.21060627074423,1.9196012139112,0.0538401178494862));
#7719=CARTESIAN_POINT('Ctrl Pts',(1.21554331847696,1.91097627300445,-0.0379122766441591));
#7720=CARTESIAN_POINT('Ctrl Pts',(1.22048036620968,1.98309838620121,-0.095269313277342));
#7721=CARTESIAN_POINT('Ctrl Pts',(1.22541741394241,2.07055660590828,-0.0662246140838213));
#7722=CARTESIAN_POINT('Ctrl Pts',(1.23035446167513,2.09400530762524,0.0229155888028168));
#7723=CARTESIAN_POINT('Ctrl Pts',(1.23529150940785,2.03220633028258,0.0912190523101214));
#7724=CARTESIAN_POINT('Ctrl Pts',(1.24022855714058,1.94115362410516,0.0768823739084991));
#7725=CARTESIAN_POINT('Ctrl Pts',(1.2451656048733,1.90355824165395,-0.00739765755845431));
#7726=CARTESIAN_POINT('Ctrl Pts',(1.24845697002845,1.93670943897536,-0.0587748015877828));
#7727=CARTESIAN_POINT('Ctrl Pts',(1.25010265260602,1.96048352111068,-0.0718501767303985));
#7728=CARTESIAN_POINT('Ctrl Pts',(1.25010265260602,1.96048352111068,-0.0718501767303985));
#7729=CARTESIAN_POINT('Ctrl Pts',(1.25010265260602,1.95686607815141,-0.0693353027583682));
#7730=CARTESIAN_POINT('Ctrl Pts',(1.25010265260602,1.95348134748656,-0.066514368008917));
#7731=CARTESIAN_POINT('Ctrl Pts',(1.25010265260602,1.95034866800378,-0.0634296267907112));
#7732=CARTESIAN_POINT('Ctrl Pts',(1.25010265260602,1.94818816476991,-0.0613021849588145));
#7733=CARTESIAN_POINT('Ctrl Pts',(1.25010265260602,1.94614769510763,-0.0590490946613183));
#7734=CARTESIAN_POINT('Ctrl Pts',(1.25010265260602,1.94423599169549,-0.0566830145553156));
#7735=CARTESIAN_POINT('Ctrl Pts',(1.25010265260602,1.94243464887967,-0.0544535257269097));
#7736=CARTESIAN_POINT('Ctrl Pts',(1.25010265260602,1.94075315844931,-0.0521303620221161));
#7737=CARTESIAN_POINT('Ctrl Pts',(1.25010265260602,1.93919961310544,-0.0497278907203489));
#7738=CARTESIAN_POINT('Ctrl Pts',(1.25010265260602,1.9367657403755,-0.0459640421729592));
#7739=CARTESIAN_POINT('Ctrl Pts',(1.25010265260602,1.93464347840137,-0.0420032589665116));
#7740=CARTESIAN_POINT('Ctrl Pts',(1.25010265260602,1.93286422630491,-0.0378878797250987));
#7741=CARTESIAN_POINT('Ctrl Pts',(1.25010265260602,1.9318232796405,-0.0354801881435288));
#7742=CARTESIAN_POINT('Ctrl Pts',(1.25010265260602,1.93090339735179,-0.0330271474768982));
#7743=CARTESIAN_POINT('Ctrl Pts',(1.25010265260602,1.93011128852593,-0.0305422393372925));
#7744=CARTESIAN_POINT('Ctrl Pts',(1.25010265260602,1.92874231586751,-0.0262476636543091));
#7745=CARTESIAN_POINT('Ctrl Pts',(1.25010265260602,1.92775223126172,-0.0218533199015183));
#7746=CARTESIAN_POINT('Ctrl Pts',(1.25010265260602,1.92717608135756,-0.0174043975755213));
#7747=CARTESIAN_POINT('Ctrl Pts',(1.25010265260602,1.92682653360355,-0.0147052548774296));
#7748=CARTESIAN_POINT('Ctrl Pts',(1.25010265260602,1.92662961806926,-0.0119860240175188));
#7749=CARTESIAN_POINT('Ctrl Pts',(1.25010265260602,1.92659587068929,-0.00925747452956468));
#7750=CARTESIAN_POINT('Ctrl Pts',(1.25010265260602,1.92658056811789,-0.00802022815995439));
#7751=CARTESIAN_POINT('Ctrl Pts',(1.25010265260602,1.92659889194868,-0.00678349137232704));
#7752=CARTESIAN_POINT('Ctrl Pts',(1.25010265260602,1.9266514823196,-0.00554920927087678));
#7753=CARTESIAN_POINT('Ctrl Pts',(1.25010265260602,1.92683170345489,-0.00131946687339692));
#7754=CARTESIAN_POINT('Ctrl Pts',(1.25010265260602,1.92741338557135,0.00288558888769415));
#7755=CARTESIAN_POINT('Ctrl Pts',(1.25010265260602,1.92836838394989,0.00701926333725298));
#7756=CARTESIAN_POINT('Ctrl Pts',(1.25010265260602,1.92902560354326,0.00986401355037888));
#7757=CARTESIAN_POINT('Ctrl Pts',(1.25010265260602,1.92985990612086,0.0126749158775484));
#7758=CARTESIAN_POINT('Ctrl Pts',(1.25010265260602,1.93086484034043,0.0154349076181436));
#7759=CARTESIAN_POINT('Ctrl Pts',(1.25010265260602,1.93169703610573,0.0177204835235412));
#7760=CARTESIAN_POINT('Ctrl Pts',(1.25010265260602,1.93264722388439,0.0199720235814425));
#7761=CARTESIAN_POINT('Ctrl Pts',(1.25010265260602,1.93370391165383,0.0221637899445103));
#7762=CARTESIAN_POINT('Ctrl Pts',(1.25010265260602,1.93624767299074,0.0274400226171762));
#7763=CARTESIAN_POINT('Ctrl Pts',(1.25010265260602,1.93941372265395,0.0323954602993105));
#7764=CARTESIAN_POINT('Ctrl Pts',(1.25010265260602,1.94314579148608,0.0368875530079585));
#7765=CARTESIAN_POINT('Ctrl Pts',(1.25010265260602,1.9441523340076,0.038099074693445));
#7766=CARTESIAN_POINT('Ctrl Pts',(1.25010265260602,1.94520020126796,0.039276648929373));
#7767=CARTESIAN_POINT('Ctrl Pts',(1.25010265260602,1.94628856928215,0.0404168665275086));
#7768=CARTESIAN_POINT('Ctrl Pts',(0.800181946600027,2.06730831728588,-4.88892441699759E-5));
#7769=CARTESIAN_POINT('Ctrl Pts',(0.799945674377772,2.06733441414326,-0.00323566429621767));
#7770=CARTESIAN_POINT('Ctrl Pts',(0.799709402155516,2.06712745070127,-0.00641903234572902));
#7771=CARTESIAN_POINT('Ctrl Pts',(0.799473129933261,2.06667571175886,-0.00956727451483181));
#7772=CARTESIAN_POINT('Ctrl Pts',(0.797827447355687,2.06352926102488,-0.0314954014788474));
#7773=CARTESIAN_POINT('Ctrl Pts',(0.796181764778112,2.04850777913386,-0.0517194325527242));
#7774=CARTESIAN_POINT('Ctrl Pts',(0.794536082200537,2.02842396566282,-0.0610675575483326));
#7775=CARTESIAN_POINT('Ctrl Pts',(0.792890399622963,2.00834015219178,-0.070415682543941));
#7776=CARTESIAN_POINT('Ctrl Pts',(0.791244717045388,1.98319400714072,-0.0688879014612811));
#7777=CARTESIAN_POINT('Ctrl Pts',(0.789599034467814,1.96439002054788,-0.0571763519797676));
#7778=CARTESIAN_POINT('Ctrl Pts',(0.787953351890239,1.94558603395503,-0.0454648024982541));
#7779=CARTESIAN_POINT('Ctrl Pts',(0.786307669312665,1.9331242058204,-0.023569484617887));
#7780=CARTESIAN_POINT('Ctrl Pts',(0.78466198673509,1.93265639874009,-0.00142205794378516));
#7781=CARTESIAN_POINT('Ctrl Pts',(0.783016304157516,1.93218859165977,0.0207253687303167));
#7782=CARTESIAN_POINT('Ctrl Pts',(0.781370621579941,1.94371480563378,0.0431249041981533));
#7783=CARTESIAN_POINT('Ctrl Pts',(0.779724939002367,1.96200745254966,0.0556206233877821));
#7784=CARTESIAN_POINT('Ctrl Pts',(0.778079256424792,1.98030009946554,0.0681163425774108));
#7785=CARTESIAN_POINT('Ctrl Pts',(0.776433573847217,2.00535917932329,0.0707082454888316));
#7786=CARTESIAN_POINT('Ctrl Pts',(0.774787891269643,2.02581987713636,0.0622150740916368));
#7787=CARTESIAN_POINT('Ctrl Pts',(0.773142208692068,2.04628057494943,0.0537219026944421));
#7788=CARTESIAN_POINT('Ctrl Pts',(0.771496526114493,2.06214289071781,0.0341436569886318));
#7789=CARTESIAN_POINT('Ctrl Pts',(0.769850843536919,2.06621236611365,0.012370973783034));
#7790=CARTESIAN_POINT('Ctrl Pts',(0.769544544557955,2.06696978809506,0.00831858195118176));
#7791=CARTESIAN_POINT('Ctrl Pts',(0.76923824557899,2.06731868626477,0.00419017111596667));
#7792=CARTESIAN_POINT('Ctrl Pts',(0.768931946600026,2.06728165085179,5.56811884420021E-5));
#7793=CARTESIAN_POINT('Ctrl Pts',(0.750102652606024,2.03951647888932,-0.0718501767304011));
#7794=CARTESIAN_POINT('Ctrl Pts',(0.751748335183598,2.06329056102463,-0.058774801587787));
#7795=CARTESIAN_POINT('Ctrl Pts',(0.755039700338748,2.09644171021176,-0.00739754413955869));
#7796=CARTESIAN_POINT('Ctrl Pts',(0.75997674807147,2.05884640641746,0.0768823216937494));
#7797=CARTESIAN_POINT('Ctrl Pts',(0.764913795804196,1.96779365647032,0.0912190959277747));
#7798=CARTESIAN_POINT('Ctrl Pts',(0.769850843536919,1.90599468747576,0.0229155699865116));
#7799=CARTESIAN_POINT('Ctrl Pts',(0.774787891269643,1.92944338622199,-0.0662246079501021));
#7800=CARTESIAN_POINT('Ctrl Pts',(0.779724939002366,2.01690161568112,-0.0952693292819529));
#7801=CARTESIAN_POINT('Ctrl Pts',(0.784661986735091,2.08902373532545,-0.037912276130518));
#7802=CARTESIAN_POINT('Ctrl Pts',(0.789599034467813,2.08039879349044,0.0538401205928262));
#7803=CARTESIAN_POINT('Ctrl Pts',(0.794536082200538,1.99884602139478,0.0967529600184558));
#7804=CARTESIAN_POINT('Ctrl Pts',(0.799473129933261,1.9183406783048,0.0519068811678474));
#7805=CARTESIAN_POINT('Ctrl Pts',(0.804410177665986,1.91190480022488,-0.0400226773853599));
#7806=CARTESIAN_POINT('Ctrl Pts',(0.809347225398708,1.98537664672353,-0.0956488610462392));
#7807=CARTESIAN_POINT('Ctrl Pts',(0.814284273131433,2.07211264505699,-0.0645161116751997));
#7808=CARTESIAN_POINT('Ctrl Pts',(0.819221320864156,2.0934382671491,0.0251366720251812));
#7809=CARTESIAN_POINT('Ctrl Pts',(0.824158368596881,2.03000984499586,0.0919889528255253));
#7810=CARTESIAN_POINT('Ctrl Pts',(0.829095416329603,1.93936073520813,0.0754018565480833));
#7811=CARTESIAN_POINT('Ctrl Pts',(0.834032464062327,1.90371500965631,-0.00957918683979745));
#7812=CARTESIAN_POINT('Ctrl Pts',(0.838969511795052,1.9554054535162,-0.08587133498392));
#7813=CARTESIAN_POINT('Ctrl Pts',(0.843906559527775,2.04754578016481,-0.0842731204866167));
#7814=CARTESIAN_POINT('Ctrl Pts',(0.848843607260499,2.09655928019455,-0.00623421228647787));
#7815=CARTESIAN_POINT('Ctrl Pts',(0.853780654993222,2.05798781645641,0.0774594932164437));
#7816=CARTESIAN_POINT('Ctrl Pts',(0.858717702725947,1.96681798258694,0.0908928693985799));
#7817=CARTESIAN_POINT('Ctrl Pts',(0.86365475045867,1.90574619587678,0.0218810508277663));
#7818=CARTESIAN_POINT('Ctrl Pts',(0.868591798191393,1.93016816977611,-0.0669781715171143));
#7819=CARTESIAN_POINT('Ctrl Pts',(0.873528845924119,2.0179317331769,-0.0950842411904065));
#7820=CARTESIAN_POINT('Ctrl Pts',(0.878465893656841,2.08943015677229,-0.0369432948649251));
#7821=CARTESIAN_POINT('Ctrl Pts',(0.883402941389566,2.07981015250876,0.0547073992426406));
#7822=CARTESIAN_POINT('Ctrl Pts',(0.888339989122288,1.99779763176685,0.0967352549498123));
#7823=CARTESIAN_POINT('Ctrl Pts',(0.893277036855013,1.91778278893257,0.0510185278116648));
#7824=CARTESIAN_POINT('Ctrl Pts',(0.898214084587737,1.912343806691,-0.0409750137318264));
#7825=CARTESIAN_POINT('Ctrl Pts',(0.90315113232046,1.98641416279,-0.0958018006257448));
#7826=CARTESIAN_POINT('Ctrl Pts',(0.908088180053183,2.07280767469375,-0.0637307028164724));
#7827=CARTESIAN_POINT('Ctrl Pts',(0.913025227785909,2.09316033058342,0.0261479020454855));
#7828=CARTESIAN_POINT('Ctrl Pts',(0.917962275518632,2.02901107092441,0.0923088172366059));
#7829=CARTESIAN_POINT('Ctrl Pts',(0.922899323251355,1.93854705851728,0.0747401897169004));
#7830=CARTESIAN_POINT('Ctrl Pts',(0.92783637098408,1.90382448926385,-0.0106221989455425));
#7831=CARTESIAN_POINT('Ctrl Pts',(0.932773418716802,1.95633878182904,-0.0863496265401671));
#7832=CARTESIAN_POINT('Ctrl Pts',(0.937710466449528,2.0484563749357,-0.0837528489299834));
#7833=CARTESIAN_POINT('Ctrl Pts',(0.942647514182249,2.09662117743962,-0.00518729659641879));
#7834=CARTESIAN_POINT('Ctrl Pts',(0.947584561914975,2.05714487213412,0.078083439758843));
#7835=CARTESIAN_POINT('Ctrl Pts',(0.952521609647697,1.96583479671553,0.0905278899584448));
#7836=CARTESIAN_POINT('Ctrl Pts',(0.957458657380422,1.90551457614791,0.0208582035489644));
#7837=CARTESIAN_POINT('Ctrl Pts',(0.962395705113145,1.93089820889357,-0.0677311039455317));
#7838=CARTESIAN_POINT('Ctrl Pts',(0.96733275284587,2.01896124262217,-0.094884304571521));
#7839=CARTESIAN_POINT('Ctrl Pts',(0.972269800578592,2.08982531073179,-0.0359718435409727));
#7840=CARTESIAN_POINT('Ctrl Pts',(0.977206848311317,2.07921252303742,0.0555692016304395));
#7841=CARTESIAN_POINT('Ctrl Pts',(0.98214389604404,1.9967493040469,0.0967057027874696));
#7842=CARTESIAN_POINT('Ctrl Pts',(0.987080943776765,1.91723465805074,0.0501244266582641));
#7843=CARTESIAN_POINT('Ctrl Pts',(0.992017991509487,1.91279305969148,-0.0419226613876667));
#7844=CARTESIAN_POINT('Ctrl Pts',(0.996955039242212,1.98745330069953,-0.0959434224554321));
#7845=CARTESIAN_POINT('Ctrl Pts',(1.00189208697493,2.07349413812736,-0.0629378394665231));
#7846=CARTESIAN_POINT('Ctrl Pts',(1.00682913470766,2.09287145671114,0.0271560767444123));
#7847=CARTESIAN_POINT('Ctrl Pts',(1.01176618244038,2.02800888538957,0.0926178293582397));
#7848=CARTESIAN_POINT('Ctrl Pts',(1.01670323017311,1.93774060272088,0.0740697470377687));
#7849=CARTESIAN_POINT('Ctrl Pts',(1.02164027790583,1.90394526618762,-0.0116639653647857));
#7850=CARTESIAN_POINT('Ctrl Pts',(1.02657732563855,1.95727723967826,-0.0868177731014148));
#7851=CARTESIAN_POINT('Ctrl Pts',(1.03151437337128,2.04936127707966,-0.0832227390853164));
#7852=CARTESIAN_POINT('Ctrl Pts',(1.036451421104,2.09667172425182,-0.00413977124715818));
#7853=CARTESIAN_POINT('Ctrl Pts',(1.04138846883673,2.05629521467403,0.0786982133253522));
#7854=CARTESIAN_POINT('Ctrl Pts',(1.04632551656945,1.9648556244224,0.0901522758506881));
#7855=CARTESIAN_POINT('Ctrl Pts',(1.05126256430217,1.90529405605491,0.0198329059208852));
#7856=CARTESIAN_POINT('Ctrl Pts',(1.0561996120349,1.93163636573394,-0.0684760796609578));
#7857=CARTESIAN_POINT('Ctrl Pts',(1.06113665976762,2.01998852459639,-0.0946732214528339));
#7858=CARTESIAN_POINT('Ctrl Pts',(1.06607370750034,2.09020991248788,-0.0349961664290243));
#7859=CARTESIAN_POINT('Ctrl Pts',(1.07101075523307,2.07860558809419,0.0564244760380142));
#7860=CARTESIAN_POINT('Ctrl Pts',(1.07594780296579,1.99570135820214,0.0966647901486995));
#7861=CARTESIAN_POINT('Ctrl Pts',(1.08088485069851,1.91669625000601,0.0492244371500204));
#7862=CARTESIAN_POINT('Ctrl Pts',(1.08582189843124,1.9132525573051,-0.0428653841892492));
#7863=CARTESIAN_POINT('Ctrl Pts',(1.09075894616396,1.98849391252928,-0.0960737733563044));
#7864=CARTESIAN_POINT('Ctrl Pts',(1.09569599389669,2.07417196785595,-0.0621375825098556));
#7865=CARTESIAN_POINT('Ctrl Pts',(1.10063304162941,2.09257167278823,0.0281610612900395));
#7866=CARTESIAN_POINT('Ctrl Pts',(1.10557008936213,2.02700340951809,0.0929159612242677));
#7867=CARTESIAN_POINT('Ctrl Pts',(1.11050713709486,1.93694146083123,0.0733906030336934));
#7868=CARTESIAN_POINT('Ctrl Pts',(1.11544418482758,1.90407732711669,-0.0127043615619834));
#7869=CARTESIAN_POINT('Ctrl Pts',(1.1203812325603,1.95822071637276,-0.0872757207683454));
#7870=CARTESIAN_POINT('Ctrl Pts',(1.12531828029303,2.05026038052033,-0.0826828526679911));
#7871=CARTESIAN_POINT('Ctrl Pts',(1.13025532802575,2.09671091457774,-0.00309175958459492));
#7872=CARTESIAN_POINT('Ctrl Pts',(1.13519237575848,2.05543894394838,0.0793037418497455));
#7873=CARTESIAN_POINT('Ctrl Pts',(1.1401294234912,1.96388058070506,0.0897660711070157));
#7874=CARTESIAN_POINT('Ctrl Pts',(1.14506647122392,1.90508466151991,0.0188052784673469));
#7875=CARTESIAN_POINT('Ctrl Pts',(1.15000351895665,1.93238255357185,-0.0692130112453139));
#7876=CARTESIAN_POINT('Ctrl Pts',(1.15494056668937,2.02101345842953,-0.0944510164665296));
#7877=CARTESIAN_POINT('Ctrl Pts',(1.1598776144221,2.09058391684632,-0.0340163784566012));
#7878=CARTESIAN_POINT('Ctrl Pts',(1.16481466215482,2.07798941900176,0.0572731225951577));
#7879=CARTESIAN_POINT('Ctrl Pts',(1.16975170988754,1.99465391729566,0.0966125206571828));
#7880=CARTESIAN_POINT('Ctrl Pts',(1.17468875762027,1.91616762813371,0.0483186673374711));
#7881=CARTESIAN_POINT('Ctrl Pts',(1.17962580535299,1.91372224538374,-0.043803075962442));
#7882=CARTESIAN_POINT('Ctrl Pts',(1.18456285308571,1.98953587636542,-0.0961928290215672));
#7883=CARTESIAN_POINT('Ctrl Pts',(1.18949990081844,2.074841083599,-0.0613300436495519));
#7884=CARTESIAN_POINT('Ctrl Pts',(1.19443694855116,2.09226101531554,0.029162772429042));
#7885=CARTESIAN_POINT('Ctrl Pts',(1.19937399628389,2.02599475890242,0.0932031093370617));
#7886=CARTESIAN_POINT('Ctrl Pts',(1.20431104401661,1.93614973169582,0.0727029721950602));
#7887=CARTESIAN_POINT('Ctrl Pts',(1.20924809174933,1.90422064676287,-0.0137435303240785));
#7888=CARTESIAN_POINT('Ctrl Pts',(1.21418513948206,1.95916912030671,-0.0877228944029234));
#7889=CARTESIAN_POINT('Ctrl Pts',(1.21912218721478,2.0511535418073,-0.0821342787192886));
#7890=CARTESIAN_POINT('Ctrl Pts',(1.2240592349475,2.09673881823368,-0.00204136705248634));
#7891=CARTESIAN_POINT('Ctrl Pts',(1.22899628268023,2.05457601412741,0.0798959848580035));
#7892=CARTESIAN_POINT('Ctrl Pts',(1.23393333041295,1.96291006832898,0.0893771302660976));
#7893=CARTESIAN_POINT('Ctrl Pts',(1.23887037814568,1.90488584814962,0.0177600745597913));
#7894=CARTESIAN_POINT('Ctrl Pts',(1.2438074258784,1.93313782653261,-0.069911528267155));
#7895=CARTESIAN_POINT('Ctrl Pts',(1.24874447361112,2.02203342334818,-0.0942778828402002));
#7896=CARTESIAN_POINT('Ctrl Pts',(1.25368152134385,2.09095503472656,-0.0329075794575892));
#7897=CARTESIAN_POINT('Ctrl Pts',(1.256972886499,2.08185856764647,0.0275562573540941));
#7898=CARTESIAN_POINT('Ctrl Pts',(1.25861856907657,2.06556256810828,0.0492498696754264));
#7899=CARTESIAN_POINT('Ctrl Pts',(0.747264013782508,2.03714709651689,-0.0675420868654686));
#7900=CARTESIAN_POINT('Ctrl Pts',(0.748909696360083,2.05949570015019,-0.0552507027120966));
#7901=CARTESIAN_POINT('Ctrl Pts',(0.752201061515232,2.09065912799378,-0.00695399220436156));
#7902=CARTESIAN_POINT('Ctrl Pts',(0.757138109247956,2.05531801416276,0.0722725076897544));
#7903=CARTESIAN_POINT('Ctrl Pts',(0.76207515698068,1.96972472788114,0.0857496582654388));
#7904=CARTESIAN_POINT('Ctrl Pts',(0.767012204713403,1.91163118487305,0.021541567314556));
#7905=CARTESIAN_POINT('Ctrl Pts',(0.771949252446127,1.93367391489364,-0.0622538235303296));
#7906=CARTESIAN_POINT('Ctrl Pts',(0.77688630017885,2.0158882057978,-0.0895570422619986));
#7907=CARTESIAN_POINT('Ctrl Pts',(0.781823347911575,2.08368593005695,-0.035639080712123));
#7908=CARTESIAN_POINT('Ctrl Pts',(0.786760395644297,2.07557813412465,0.0506119019800449));
#7909=CARTESIAN_POINT('Ctrl Pts',(0.791697443377023,1.99891521320139,0.0909517154645039));
#7910=CARTESIAN_POINT('Ctrl Pts',(0.796634491109744,1.9232369181219,0.0487945783335963));
#7911=CARTESIAN_POINT('Ctrl Pts',(0.801571538842471,1.91718693110571,-0.0376229436803434));
#7912=CARTESIAN_POINT('Ctrl Pts',(0.806508586575194,1.98625345347486,-0.0899138175485481));
#7913=CARTESIAN_POINT('Ctrl Pts',(0.811445634307916,2.0677888177619,-0.0606477675808534));
#7914=CARTESIAN_POINT('Ctrl Pts',(0.816382682040641,2.0878357694237,0.0236294935196063));
#7915=CARTESIAN_POINT('Ctrl Pts',(0.821319729773364,2.0282104742085,0.0864733550443202));
#7916=CARTESIAN_POINT('Ctrl Pts',(0.826256777506089,1.94299662608488,0.0708808102713181));
#7917=CARTESIAN_POINT('Ctrl Pts',(0.831193825238812,1.90948819505293,-0.0090048250272486));
#7918=CARTESIAN_POINT('Ctrl Pts',(0.836130872971536,1.95807931351879,-0.080722545589559));
#7919=CARTESIAN_POINT('Ctrl Pts',(0.84106792070426,2.04469496611021,-0.0792201589940249));
#7920=CARTESIAN_POINT('Ctrl Pts',(0.846004968436983,2.09076964855687,-0.00586041297255293));
#7921=CARTESIAN_POINT('Ctrl Pts',(0.850942016169707,2.05451090469733,0.0728150723833441));
#7922=CARTESIAN_POINT('Ctrl Pts',(0.855879063902432,1.96880755476922,0.0854429920667545));
#7923=CARTESIAN_POINT('Ctrl Pts',(0.860816111635154,1.91139759266872,0.0205690772517112));
#7924=CARTESIAN_POINT('Ctrl Pts',(0.865753159367878,1.93435524089726,-0.0629622039159865));
#7925=CARTESIAN_POINT('Ctrl Pts',(0.870690207100602,2.01685655811853,-0.0893830519320388));
#7926=CARTESIAN_POINT('Ctrl Pts',(0.875627254833326,2.08406798273818,-0.0347281989329835));
#7927=CARTESIAN_POINT('Ctrl Pts',(0.880564302566049,2.07502478767338,0.0514271791661002));
#7928=CARTESIAN_POINT('Ctrl Pts',(0.885501350298775,1.99792968433368,0.0909350719802606));
#7929=CARTESIAN_POINT('Ctrl Pts',(0.890438398031496,1.92271247943357,0.0479594900668597));
#7930=CARTESIAN_POINT('Ctrl Pts',(0.895375445764221,1.91759961502965,-0.0385181785588815));
#7931=CARTESIAN_POINT('Ctrl Pts',(0.900312493496945,1.9872287607528,-0.0900575869703394));
#7932=CARTESIAN_POINT('Ctrl Pts',(0.905249541229668,2.06844217387369,-0.0599094513264604));
#7933=CARTESIAN_POINT('Ctrl Pts',(0.910186588962392,2.08757449775372,0.0245800908456038));
#7934=CARTESIAN_POINT('Ctrl Pts',(0.915123636695116,2.02727158598077,0.0867740405933543));
#7935=CARTESIAN_POINT('Ctrl Pts',(0.92006068442784,1.94223173691919,0.0702588165529807));
#7936=CARTESIAN_POINT('Ctrl Pts',(0.924997732160564,1.90959111033441,-0.00998529880551506));
#7937=CARTESIAN_POINT('Ctrl Pts',(0.929934779893287,1.95895668007303,-0.0811721590951775));
#7938=CARTESIAN_POINT('Ctrl Pts',(0.934871827626012,2.04555096221089,-0.0787310825815394));
#7939=CARTESIAN_POINT('Ctrl Pts',(0.939808875358733,2.09082783448339,-0.00487626966634889));
#7940=CARTESIAN_POINT('Ctrl Pts',(0.944745923091459,2.05371850276835,0.0734016074968799));
#7941=CARTESIAN_POINT('Ctrl Pts',(0.949682970824181,1.96788332008319,0.0850998965564651));
#7942=CARTESIAN_POINT('Ctrl Pts',(0.954620018556907,1.91117986070815,0.0196075592304797));
#7943=CARTESIAN_POINT('Ctrl Pts',(0.959557066289629,1.93504150734405,-0.0636699910057082));
#7944=CARTESIAN_POINT('Ctrl Pts',(0.964494114022354,2.01782433884706,-0.0891951033827814));
#7945=CARTESIAN_POINT('Ctrl Pts',(0.969431161755077,2.08443944352327,-0.0338149951985771));
#7946=CARTESIAN_POINT('Ctrl Pts',(0.974368209487801,2.07446299167644,0.0522373084432487));
#7947=CARTESIAN_POINT('Ctrl Pts',(0.979305257220524,1.99694421366197,0.0909072917463511));
#7948=CARTESIAN_POINT('Ctrl Pts',(0.984242304953249,1.9221972141229,0.0471189986370878));
#7949=CARTESIAN_POINT('Ctrl Pts',(0.989179352685972,1.91802193111242,-0.0394090058776339));
#7950=CARTESIAN_POINT('Ctrl Pts',(0.994116400418696,1.98820559262913,-0.0901907172472304));
#7951=CARTESIAN_POINT('Ctrl Pts',(0.999053448151419,2.06908747740631,-0.0591641275472905));
#7952=CARTESIAN_POINT('Ctrl Pts',(1.00399049588414,2.08730294457094,0.0255278160453063));
#7953=CARTESIAN_POINT('Ctrl Pts',(1.00892754361687,2.02632949083877,0.0870645245491584));
#7954=CARTESIAN_POINT('Ctrl Pts',(1.01386459134959,1.94147363568782,0.0696285731808293));
#7955=CARTESIAN_POINT('Ctrl Pts',(1.01880163908231,1.90970464555239,-0.010964601587832));
#7956=CARTESIAN_POINT('Ctrl Pts',(1.02373868681504,1.95983886859999,-0.0816122358930983));
#7957=CARTESIAN_POINT('Ctrl Pts',(1.02867573454776,2.04640160701086,-0.0782327577783717));
#7958=CARTESIAN_POINT('Ctrl Pts',(1.03361278228049,2.09087535054159,-0.00389155325571274));
#7959=CARTESIAN_POINT('Ctrl Pts',(1.03854983001321,2.05291979021695,0.073979519640194));
#7960=CARTESIAN_POINT('Ctrl Pts',(1.04348687774593,1.9669628583239,0.0847468040263076));
#7961=CARTESIAN_POINT('Ctrl Pts',(1.04842392547866,1.9109725628565,0.01864373778132));
#7962=CARTESIAN_POINT('Ctrl Pts',(1.05336097321138,1.93573540478037,-0.0643702984617744));
#7963=CARTESIAN_POINT('Ctrl Pts',(1.0582980209441,2.01879002566226,-0.088996676670601));
#7964=CARTESIAN_POINT('Ctrl Pts',(1.06323506867683,2.08480098480822,-0.0328978190516743));
#7965=CARTESIAN_POINT('Ctrl Pts',(1.06817211640955,2.07389244815765,0.0530413011536212));
#7966=CARTESIAN_POINT('Ctrl Pts',(1.07310916414228,1.99595910196847,0.0908688322027917));
#7967=CARTESIAN_POINT('Ctrl Pts',(1.078046211875,1.92169108867435,0.0462729719143994));
#7968=CARTESIAN_POINT('Ctrl Pts',(1.08298325960772,1.91845387754798,-0.0402952036331866));
#7969=CARTESIAN_POINT('Ctrl Pts',(1.08792030734045,1.98918381005039,-0.0903132523928675));
#7970=CARTESIAN_POINT('Ctrl Pts',(1.09285735507317,2.06972466490523,-0.0584118534772527));
#7971=CARTESIAN_POINT('Ctrl Pts',(1.09779440280589,2.08702113549706,0.0264725423712263));
#7972=CARTESIAN_POINT('Ctrl Pts',(1.10273145053862,2.02538430264658,0.0873447806224062));
#7973=CARTESIAN_POINT('Ctrl Pts',(1.10766849827134,1.94072240982611,0.0689901502095188));
#7974=CARTESIAN_POINT('Ctrl Pts',(1.11260554600407,1.90982878819404,-0.0119426163057263));
#7975=CARTESIAN_POINT('Ctrl Pts',(1.11754259373679,1.96072577504553,-0.0820427253157719));
#7976=CARTESIAN_POINT('Ctrl Pts',(1.12247964146951,2.04724680079401,-0.0777252425994836));
#7977=CARTESIAN_POINT('Ctrl Pts',(1.12741668920224,2.09091219104107,-0.00290637969080312));
#7978=CARTESIAN_POINT('Ctrl Pts',(1.13235373693496,2.05211486092709,0.0745487410681043));
#7979=CARTESIAN_POINT('Ctrl Pts',(1.13729078466768,1.96604627759368,0.0843837558678756));
#7980=CARTESIAN_POINT('Ctrl Pts',(1.14222783240041,1.91077572348162,0.0176777262015202));
#7981=CARTESIAN_POINT('Ctrl Pts',(1.14716488013313,1.93643685168085,-0.0650630441076376));
#7982=CARTESIAN_POINT('Ctrl Pts',(1.15210192786586,2.01975350512938,-0.088787794950752));
#7983=CARTESIAN_POINT('Ctrl Pts',(1.15703897559858,2.08515256410858,-0.0319767785288172));
#7984=CARTESIAN_POINT('Ctrl Pts',(1.1619760233313,2.07331322416324,0.0538390634151636));
#7985=CARTESIAN_POINT('Ctrl Pts',(1.16691307106403,1.99497446493748,0.09081969675599));
#7986=CARTESIAN_POINT('Ctrl Pts',(1.17185011879675,1.92119416262569,0.0454215114706919));
#7987=CARTESIAN_POINT('Ctrl Pts',(1.17678716652948,1.91889540343492,-0.0411766720175396));
#7988=CARTESIAN_POINT('Ctrl Pts',(1.1817242142622,1.99016329841262,-0.0904251695578758));
#7989=CARTESIAN_POINT('Ctrl Pts',(1.18666126199492,2.07035366090353,-0.0576527341217842));
#7990=CARTESIAN_POINT('Ctrl Pts',(1.19159830972765,2.08672910484438,0.0274141915618536));
#7991=CARTESIAN_POINT('Ctrl Pts',(1.19653535746037,2.02443613006579,0.0876147115211201));
#7992=CARTESIAN_POINT('Ctrl Pts',(1.20147240519309,1.93997815225471,0.0683437492687305));
#7993=CARTESIAN_POINT('Ctrl Pts',(1.20640945292582,1.90996351448746,-0.0129194771847283));
#7994=CARTESIAN_POINT('Ctrl Pts',(1.21134650065854,1.96161731329645,-0.0824630867100652));
#7995=CARTESIAN_POINT('Ctrl Pts',(1.21628354839127,2.04808640871114,-0.0772095607879492));
#7996=CARTESIAN_POINT('Ctrl Pts',(1.22122059612399,2.09093842161194,-0.00191896801173769));
#7997=CARTESIAN_POINT('Ctrl Pts',(1.22615764385671,2.05130367181692,0.0751054735707859));
#7998=CARTESIAN_POINT('Ctrl Pts',(1.23109469158944,1.96513395650844,0.0840181356668093));
#7999=CARTESIAN_POINT('Ctrl Pts',(1.23603173932216,1.9105888308317,0.0166951920404543));
#8000=CARTESIAN_POINT('Ctrl Pts',(1.24096878705488,1.93714683896612,-0.0657196785031691));
#8001=CARTESIAN_POINT('Ctrl Pts',(1.24590583478761,2.0207123136149,-0.0886250423040501));
#8002=CARTESIAN_POINT('Ctrl Pts',(1.25084288252033,2.0855014300021,-0.0309344623966159));
#8003=CARTESIAN_POINT('Ctrl Pts',(1.25413424767548,2.07695038117173,0.0259040020859117));
#8004=CARTESIAN_POINT('Ctrl Pts',(1.25577993025306,2.06163147916683,0.0462968795221234));
#8005=CARTESIAN_POINT('Ctrl Pts',(0.744425374958993,2.03477771414446,-0.0632339970005361));
#8006=CARTESIAN_POINT('Ctrl Pts',(0.746071057536567,2.05570083927575,-0.0517266038364062));
#8007=CARTESIAN_POINT('Ctrl Pts',(0.749362422691717,2.0848765457758,-0.00651044026916444));
#8008=CARTESIAN_POINT('Ctrl Pts',(0.754299470424439,2.05178962190805,0.0676626936857593));
#8009=CARTESIAN_POINT('Ctrl Pts',(0.759236518157164,1.97165579929197,0.0802802206031028));
#8010=CARTESIAN_POINT('Ctrl Pts',(0.764173565889887,1.91726768227033,0.0201675646426007));
#8011=CARTESIAN_POINT('Ctrl Pts',(0.769110613622612,1.93790444356529,-0.0582830391105574));
#8012=CARTESIAN_POINT('Ctrl Pts',(0.774047661355335,2.01487479591448,-0.0838447552420442));
#8013=CARTESIAN_POINT('Ctrl Pts',(0.778984709088059,2.07834812478845,-0.0333658852937282));
#8014=CARTESIAN_POINT('Ctrl Pts',(0.783921756820782,2.07075747475887,0.0473836833672638));
#8015=CARTESIAN_POINT('Ctrl Pts',(0.788858804553507,1.99898440500801,0.0851504709105519));
#8016=CARTESIAN_POINT('Ctrl Pts',(0.79379585228623,1.92813315793899,0.0456822754993454));
#8017=CARTESIAN_POINT('Ctrl Pts',(0.798732900018954,1.92246906198653,-0.035223209975327));
#8018=CARTESIAN_POINT('Ctrl Pts',(0.803669947751678,1.98713026022619,-0.084178774050857));
#8019=CARTESIAN_POINT('Ctrl Pts',(0.808606995484401,2.06346499046682,-0.0567794234865072));
#8020=CARTESIAN_POINT('Ctrl Pts',(0.813544043217126,2.0822332716983,0.0221223150140315));
#8021=CARTESIAN_POINT('Ctrl Pts',(0.818481090949849,2.02641110342115,0.080957757263115));
#8022=CARTESIAN_POINT('Ctrl Pts',(0.823418138682572,1.94663251696163,0.0663597639945531));
#8023=CARTESIAN_POINT('Ctrl Pts',(0.828355186415297,1.91526138044955,-0.00843046321469975));
#8024=CARTESIAN_POINT('Ctrl Pts',(0.833292234148019,1.96075317352137,-0.0755737561951981));
#8025=CARTESIAN_POINT('Ctrl Pts',(0.838229281880745,2.04184415205561,-0.0741671975014331));
#8026=CARTESIAN_POINT('Ctrl Pts',(0.843166329613467,2.08498001691919,-0.0054866136586279));
#8027=CARTESIAN_POINT('Ctrl Pts',(0.848103377346191,2.05103399293826,0.0681706515502443));
#8028=CARTESIAN_POINT('Ctrl Pts',(0.853040425078916,1.97079712695151,0.0799931147349293));
#8029=CARTESIAN_POINT('Ctrl Pts',(0.857977472811638,1.91704898946067,0.0192571036756561));
#8030=CARTESIAN_POINT('Ctrl Pts',(0.862914520544363,1.93854231201841,-0.0589462363148588));
#8031=CARTESIAN_POINT('Ctrl Pts',(0.867851568277086,2.01578138306016,-0.0836818626736711));
#8032=CARTESIAN_POINT('Ctrl Pts',(0.87278861600981,2.07870580870406,-0.0325131030010418));
#8033=CARTESIAN_POINT('Ctrl Pts',(0.877725663742534,2.070239422838,0.0481469590895598));
#8034=CARTESIAN_POINT('Ctrl Pts',(0.882662711475257,1.9980617369005,0.0851348890107091));
#8035=CARTESIAN_POINT('Ctrl Pts',(0.887599759207981,1.92764216993456,0.0449004523220546));
#8036=CARTESIAN_POINT('Ctrl Pts',(0.892536806940706,1.9228554233683,-0.0360613433859366));
#8037=CARTESIAN_POINT('Ctrl Pts',(0.897473854673428,1.9880433587156,-0.0843133733149342));
#8038=CARTESIAN_POINT('Ctrl Pts',(0.902410902406154,2.06407667305364,-0.0560881998364484));
#8039=CARTESIAN_POINT('Ctrl Pts',(0.907347950138876,2.08198866492403,0.0230122796457221));
#8040=CARTESIAN_POINT('Ctrl Pts',(0.912284997871601,2.02553210103713,0.0812392639501026));
#8041=CARTESIAN_POINT('Ctrl Pts',(0.917222045604323,1.9459164153211,0.0657774433890609));
#8042=CARTESIAN_POINT('Ctrl Pts',(0.922159093337048,1.91535773140498,-0.00934839866548756));
#8043=CARTESIAN_POINT('Ctrl Pts',(0.927096141069772,1.96157457831702,-0.0759946916501879));
#8044=CARTESIAN_POINT('Ctrl Pts',(0.932033188802495,2.04264554948609,-0.0737093162330953));
#8045=CARTESIAN_POINT('Ctrl Pts',(0.936970236535219,2.08503449152715,-0.00456524273627913));
#8046=CARTESIAN_POINT('Ctrl Pts',(0.941907284267943,2.05029213340259,0.0687197752349169));
#8047=CARTESIAN_POINT('Ctrl Pts',(0.946844332000667,1.96993184345086,0.0796719031544852));
#8048=CARTESIAN_POINT('Ctrl Pts',(0.95178137973339,1.91684514526839,0.0183569149119951));
#8049=CARTESIAN_POINT('Ctrl Pts',(0.956718427466115,1.93918480579454,-0.0596088780658848));
#8050=CARTESIAN_POINT('Ctrl Pts',(0.961655475198837,2.01668743507195,-0.083505902194042));
#8051=CARTESIAN_POINT('Ctrl Pts',(0.966592522931562,2.07905357631476,-0.0316581468561814));
#8052=CARTESIAN_POINT('Ctrl Pts',(0.971529570664285,2.06971346031545,0.0489054152560577));
#8053=CARTESIAN_POINT('Ctrl Pts',(0.976466618397009,1.99713912327705,0.0851088807052326));
#8054=CARTESIAN_POINT('Ctrl Pts',(0.981403666129732,1.92715977019506,0.0441135706159115));
#8055=CARTESIAN_POINT('Ctrl Pts',(0.986340713862457,1.92325080253336,-0.0368953503676011));
#8056=CARTESIAN_POINT('Ctrl Pts',(0.99127776159518,1.98895788455874,-0.0844380120390288));
#8057=CARTESIAN_POINT('Ctrl Pts',(0.996214809327904,2.06468081668526,-0.055390415628058));
#8058=CARTESIAN_POINT('Ctrl Pts',(1.00115185706063,2.08173443243074,0.0238995553462003));
#8059=CARTESIAN_POINT('Ctrl Pts',(1.00608890479335,2.02465009628797,0.0815112197400771));
#8060=CARTESIAN_POINT('Ctrl Pts',(1.01102595252608,1.94520666865476,0.06518739932389));
#8061=CARTESIAN_POINT('Ctrl Pts',(1.0159630002588,1.91546402491715,-0.0102652378108784));
#8062=CARTESIAN_POINT('Ctrl Pts',(1.02090004799152,1.96240049752172,-0.076406698684782));
#8063=CARTESIAN_POINT('Ctrl Pts',(1.02583709572425,2.04344193694206,-0.073242776471427));
#8064=CARTESIAN_POINT('Ctrl Pts',(1.03077414345697,2.08507897683137,-0.00364333526426724));
#8065=CARTESIAN_POINT('Ctrl Pts',(1.03571119118969,2.04954436575987,0.0692608259550357));
#8066=CARTESIAN_POINT('Ctrl Pts',(1.04064823892242,1.96907009222541,0.0793413322019271));
#8067=CARTESIAN_POINT('Ctrl Pts',(1.04558528665514,1.91665106965808,0.0174545696417547));
#8068=CARTESIAN_POINT('Ctrl Pts',(1.05052233438787,1.93983444382682,-0.060264517262591));
#8069=CARTESIAN_POINT('Ctrl Pts',(1.05545938212059,2.01759152672813,-0.0833201318883682));
#8070=CARTESIAN_POINT('Ctrl Pts',(1.06039642985331,2.07939205712856,-0.0307994716743243));
#8071=CARTESIAN_POINT('Ctrl Pts',(1.06533347758604,2.0691793082211,0.049658126269228));
#8072=CARTESIAN_POINT('Ctrl Pts',(1.07027052531876,1.99621684573481,0.0850728742568842));
#8073=CARTESIAN_POINT('Ctrl Pts',(1.07520757305148,1.92668592734269,0.0433215066787782));
#8074=CARTESIAN_POINT('Ctrl Pts',(1.08014462078421,1.92365519779087,-0.0377250230771239));
#8075=CARTESIAN_POINT('Ctrl Pts',(1.08508166851693,1.9898737075715,-0.0845527314294307));
#8076=CARTESIAN_POINT('Ctrl Pts',(1.09001871624966,2.06527736195452,-0.0546861244446496));
#8077=CARTESIAN_POINT('Ctrl Pts',(1.09495576398238,2.0814705982059,0.0247840234524129));
#8078=CARTESIAN_POINT('Ctrl Pts',(1.0998928117151,2.02376519577507,0.0817736000205448));
#8079=CARTESIAN_POINT('Ctrl Pts',(1.10482985944783,1.94450335882098,0.0645896973853441));
#8080=CARTESIAN_POINT('Ctrl Pts',(1.10976690718055,1.9155802492714,-0.0111808710494691));
#8081=CARTESIAN_POINT('Ctrl Pts',(1.11470395491327,1.9632308337183,-0.0768097298631985));
#8082=CARTESIAN_POINT('Ctrl Pts',(1.119641002646,2.04423322106769,-0.072767632530976));
#8083=CARTESIAN_POINT('Ctrl Pts',(1.12457805037872,2.0851134675044,-0.00272099979701138));
#8084=CARTESIAN_POINT('Ctrl Pts',(1.12951509811145,2.04879077790579,0.0697937402864632));
#8085=CARTESIAN_POINT('Ctrl Pts',(1.13445214584417,1.96821197448229,0.0790014406287356));
#8086=CARTESIAN_POINT('Ctrl Pts',(1.13938919357689,1.91646678544333,0.0165501739356936));
#8087=CARTESIAN_POINT('Ctrl Pts',(1.14432624130962,1.94049114978985,-0.0609130769699613));
#8088=CARTESIAN_POINT('Ctrl Pts',(1.14926328904234,2.01849355182924,-0.0831245734349744));
#8089=CARTESIAN_POINT('Ctrl Pts',(1.15420033677506,2.07972121137084,-0.0299371786010332));
#8090=CARTESIAN_POINT('Ctrl Pts',(1.15913738450779,2.06863702932472,0.0504050042351695));
#8091=CARTESIAN_POINT('Ctrl Pts',(1.16407443224051,1.99529501257931,0.0850268728547973));
#8092=CARTESIAN_POINT('Ctrl Pts',(1.16901147997324,1.92622069711767,0.0425243556039127));
#8093=CARTESIAN_POINT('Ctrl Pts',(1.17394852770596,1.92406856148609,-0.0385502680726371));
#8094=CARTESIAN_POINT('Ctrl Pts',(1.17888557543868,1.99079072045982,-0.0846575100941843));
#8095=CARTESIAN_POINT('Ctrl Pts',(1.18382262317141,2.06586623820806,-0.0539754245940163));
#8096=CARTESIAN_POINT('Ctrl Pts',(1.18875967090413,2.08119719437323,0.0256656106946651));
#8097=CARTESIAN_POINT('Ctrl Pts',(1.19369671863685,2.02287750122916,0.0820263137051785));
#8098=CARTESIAN_POINT('Ctrl Pts',(1.19863376636958,1.9438065728136,0.0639845263424007));
#8099=CARTESIAN_POINT('Ctrl Pts',(1.2035708141023,1.91570638221204,-0.0120954240453781));
#8100=CARTESIAN_POINT('Ctrl Pts',(1.20850786183503,1.96406550628619,-0.0772032790172071));
#8101=CARTESIAN_POINT('Ctrl Pts',(1.21344490956775,2.04501927561496,-0.0722848428566099));
#8102=CARTESIAN_POINT('Ctrl Pts',(1.21838195730047,2.08513802499021,-0.00179656897098899));
#8103=CARTESIAN_POINT('Ctrl Pts',(1.2233190050332,2.04803132950644,0.0703149622835683));
#8104=CARTESIAN_POINT('Ctrl Pts',(1.22825605276592,1.9673578446879,0.0786591410675211));
#8105=CARTESIAN_POINT('Ctrl Pts',(1.23319310049864,1.91629181351379,0.0156303095211172));
#8106=CARTESIAN_POINT('Ctrl Pts',(1.23813014823137,1.94115585139963,-0.0615278287391832));
#8107=CARTESIAN_POINT('Ctrl Pts',(1.24306719596409,2.01939120388163,-0.0829722017679));
#8108=CARTESIAN_POINT('Ctrl Pts',(1.24800424369682,2.08004782527764,-0.0289613453356425));
#8109=CARTESIAN_POINT('Ctrl Pts',(1.25129560885196,2.07204219469699,0.0242517468177293));
#8110=CARTESIAN_POINT('Ctrl Pts',(1.25294129142954,2.05770039022538,0.0433438893688205));
#8111=CARTESIAN_POINT('Ctrl Pts',(0.741586736135477,2.03240833177203,-0.0589259071356036));
#8112=CARTESIAN_POINT('Ctrl Pts',(0.743232418713051,2.0519059784013,-0.0482025049607158));
#8113=CARTESIAN_POINT('Ctrl Pts',(0.746523783868201,2.07909396355782,-0.00606688833396732));
#8114=CARTESIAN_POINT('Ctrl Pts',(0.751460831600924,2.04826122965334,0.0630528796817642));
#8115=CARTESIAN_POINT('Ctrl Pts',(0.756397879333648,1.97358687070279,0.0748107829407668));
#8116=CARTESIAN_POINT('Ctrl Pts',(0.761334927066372,1.92290417966762,0.0187935619706452));
#8117=CARTESIAN_POINT('Ctrl Pts',(0.766271974799096,1.94213497223693,-0.0543122546907851));
#8118=CARTESIAN_POINT('Ctrl Pts',(0.771209022531819,2.01386138603116,-0.0781324682220897));
#8119=CARTESIAN_POINT('Ctrl Pts',(0.776146070264543,2.07301031951995,-0.0310926898753334));
#8120=CARTESIAN_POINT('Ctrl Pts',(0.781083117997266,2.06593681539308,0.0441554647544826));
#8121=CARTESIAN_POINT('Ctrl Pts',(0.78602016572999,1.99905359681462,0.0793492263565998));
#8122=CARTESIAN_POINT('Ctrl Pts',(0.790957213462715,1.93302939775608,0.0425699726650945));
#8123=CARTESIAN_POINT('Ctrl Pts',(0.795894261195437,1.92775119286736,-0.0328234762703105));
#8124=CARTESIAN_POINT('Ctrl Pts',(0.800831308928163,1.98800706697753,-0.078443730553166));
#8125=CARTESIAN_POINT('Ctrl Pts',(0.805768356660884,2.05914116317174,-0.0529110793921609));
#8126=CARTESIAN_POINT('Ctrl Pts',(0.81070540439361,2.07663077397289,0.0206151365084566));
#8127=CARTESIAN_POINT('Ctrl Pts',(0.815642452126333,2.0246117326338,0.0754421594819098));
#8128=CARTESIAN_POINT('Ctrl Pts',(0.820579499859057,1.95026840783838,0.061838717717788));
#8129=CARTESIAN_POINT('Ctrl Pts',(0.82551654759178,1.92103456584618,-0.00785610140215093));
#8130=CARTESIAN_POINT('Ctrl Pts',(0.830453595324505,1.96342703352396,-0.0704249668008371));
#8131=CARTESIAN_POINT('Ctrl Pts',(0.835390643057228,2.03899333800101,-0.0691142360088414));
#8132=CARTESIAN_POINT('Ctrl Pts',(0.840327690789952,2.07919038528151,-0.00511281434470292));
#8133=CARTESIAN_POINT('Ctrl Pts',(0.845264738522676,2.04755708117919,0.0635262307171447));
#8134=CARTESIAN_POINT('Ctrl Pts',(0.8502017862554,1.9727866991338,0.074543237403104));
#8135=CARTESIAN_POINT('Ctrl Pts',(0.855138833988123,1.9227003862526,0.0179451300996011));
#8136=CARTESIAN_POINT('Ctrl Pts',(0.860075881720847,1.94272938313956,-0.0549302687137311));
#8137=CARTESIAN_POINT('Ctrl Pts',(0.86501292945357,2.01470620800179,-0.0779806734153032));
#8138=CARTESIAN_POINT('Ctrl Pts',(0.869949977186294,2.07334363466996,-0.0302980070691003));
#8139=CARTESIAN_POINT('Ctrl Pts',(0.87488702491902,2.06545405800261,0.0448667390130195));
#8140=CARTESIAN_POINT('Ctrl Pts',(0.879824072651742,1.99819378946733,0.0793347060411573));
#8141=CARTESIAN_POINT('Ctrl Pts',(0.884761120384465,1.93257186043555,0.0418414145772497));
#8142=CARTESIAN_POINT('Ctrl Pts',(0.889698168117191,1.92811123170695,-0.0336045082129918));
#8143=CARTESIAN_POINT('Ctrl Pts',(0.894635215849913,1.98885795667839,-0.0785691596595288));
#8144=CARTESIAN_POINT('Ctrl Pts',(0.899572263582637,2.05971117223359,-0.0522669483464364));
#8145=CARTESIAN_POINT('Ctrl Pts',(0.90450931131536,2.07640283209433,0.0214444684458404));
#8146=CARTESIAN_POINT('Ctrl Pts',(0.909446359048084,2.0237926160935,0.0757044873068509));
#8147=CARTESIAN_POINT('Ctrl Pts',(0.914383406780809,1.94960109372301,0.0612960702251411));
#8148=CARTESIAN_POINT('Ctrl Pts',(0.919320454513531,1.92112435247554,-0.00871149852546014));
#8149=CARTESIAN_POINT('Ctrl Pts',(0.924257502246257,1.96419247656101,-0.0708172242051983));
#8150=CARTESIAN_POINT('Ctrl Pts',(0.929194549978979,2.03974013676129,-0.0686875498846513));
#8151=CARTESIAN_POINT('Ctrl Pts',(0.934131597711704,2.07924114857091,-0.00425421580620927));
#8152=CARTESIAN_POINT('Ctrl Pts',(0.939068645444427,2.04686576403683,0.0640379429729538));
#8153=CARTESIAN_POINT('Ctrl Pts',(0.944005693177151,1.97198036681852,0.0742439097525054));
#8154=CARTESIAN_POINT('Ctrl Pts',(0.948942740909875,1.92251042982863,0.0171062705935105));
#8155=CARTESIAN_POINT('Ctrl Pts',(0.953879788642598,1.94332810424503,-0.0555477651260613));
#8156=CARTESIAN_POINT('Ctrl Pts',(0.958816836375322,2.01555053129684,-0.0778167010053025));
#8157=CARTESIAN_POINT('Ctrl Pts',(0.963753884108047,2.07366770910625,-0.0295012985137857));
#8158=CARTESIAN_POINT('Ctrl Pts',(0.968690931840769,2.06496392895447,0.0455735220688668));
#8159=CARTESIAN_POINT('Ctrl Pts',(0.973627979573494,1.99733403289212,0.0793104696641141));
#8160=CARTESIAN_POINT('Ctrl Pts',(0.978565027306216,1.93212232626722,0.0411081425947351));
#8161=CARTESIAN_POINT('Ctrl Pts',(0.983502075038941,1.9284796739543,-0.0343816948575683));
#8162=CARTESIAN_POINT('Ctrl Pts',(0.988439122771665,1.98971017648833,-0.0786853068308272));
#8163=CARTESIAN_POINT('Ctrl Pts',(0.993376170504388,2.06027415596421,-0.0516167037088255));
#8164=CARTESIAN_POINT('Ctrl Pts',(0.998313218237111,2.07616592029054,0.0222712946470943));
#8165=CARTESIAN_POINT('Ctrl Pts',(1.00325026596984,2.02297070173717,0.0759579149309958));
#8166=CARTESIAN_POINT('Ctrl Pts',(1.00818731370256,1.9489397016217,0.0607462254669507));
#8167=CARTESIAN_POINT('Ctrl Pts',(1.01312436143528,1.92122340428192,-0.00956587403392479));
#8168=CARTESIAN_POINT('Ctrl Pts',(1.01806140916801,1.96496212644345,-0.0712011614764655));
#8169=CARTESIAN_POINT('Ctrl Pts',(1.02299845690073,2.04048226687326,-0.0682527951644823));
#8170=CARTESIAN_POINT('Ctrl Pts',(1.02793550463345,2.07928260312115,-0.00339511727282175));
#8171=CARTESIAN_POINT('Ctrl Pts',(1.03287255236618,2.04616894130279,0.0645421322698775));
#8172=CARTESIAN_POINT('Ctrl Pts',(1.0378096000989,1.97117732612691,0.0739358603775465));
#8173=CARTESIAN_POINT('Ctrl Pts',(1.04274664783163,1.92232957645966,0.0162654015021895));
#8174=CARTESIAN_POINT('Ctrl Pts',(1.04768369556435,1.94393348287326,-0.0561587360634077));
#8175=CARTESIAN_POINT('Ctrl Pts',(1.05262074329707,2.01639302779399,-0.0776435871061354));
#8176=CARTESIAN_POINT('Ctrl Pts',(1.0575577910298,2.0739831294489,-0.0287011242969743));
#8177=CARTESIAN_POINT('Ctrl Pts',(1.06249483876252,2.06446616828456,0.046274951384835));
#8178=CARTESIAN_POINT('Ctrl Pts',(1.06743188649524,1.99647458950115,0.0792769163109765));
#8179=CARTESIAN_POINT('Ctrl Pts',(1.07236893422797,1.93168076601102,0.0403700414431571));
#8180=CARTESIAN_POINT('Ctrl Pts',(1.07730598196069,1.92885651803376,-0.0351548425210612));
#8181=CARTESIAN_POINT('Ctrl Pts',(1.08224302969342,1.99056360509261,-0.0787922104659939));
#8182=CARTESIAN_POINT('Ctrl Pts',(1.08718007742614,2.06083005900381,-0.0509603954120465));
#8183=CARTESIAN_POINT('Ctrl Pts',(1.09211712515886,2.07592006091474,0.0230955045335996));
#8184=CARTESIAN_POINT('Ctrl Pts',(1.09705417289159,2.02214608890356,0.0762024194186833));
#8185=CARTESIAN_POINT('Ctrl Pts',(1.10199122062431,1.94828430781586,0.0601892445611695));
#8186=CARTESIAN_POINT('Ctrl Pts',(1.10692826835703,1.92133171034875,-0.010419125793212));
#8187=CARTESIAN_POINT('Ctrl Pts',(1.11186531608976,1.96573589239107,-0.071576734410625));
#8188=CARTESIAN_POINT('Ctrl Pts',(1.11680236382248,2.04121964134137,-0.0678100224624686));
#8189=CARTESIAN_POINT('Ctrl Pts',(1.12173941155521,2.07931474396772,-0.00253561990321956));
#8190=CARTESIAN_POINT('Ctrl Pts',(1.12667645928793,2.0454666948845,0.065038739504822));
#8191=CARTESIAN_POINT('Ctrl Pts',(1.13161350702065,1.97037767137091,0.0736191253895955));
#8192=CARTESIAN_POINT('Ctrl Pts',(1.13655055475338,1.92215784740505,0.0154226216698669));
#8193=CARTESIAN_POINT('Ctrl Pts',(1.1414876024861,1.94454544789886,-0.056763109832285));
#8194=CARTESIAN_POINT('Ctrl Pts',(1.14642465021883,2.0172335985291,-0.0774613519191969));
#8195=CARTESIAN_POINT('Ctrl Pts',(1.15136169795155,2.07428985863311,-0.0278975786732492));
#8196=CARTESIAN_POINT('Ctrl Pts',(1.15629874568427,2.0639608344862,0.0469709450551753));
#8197=CARTESIAN_POINT('Ctrl Pts',(1.161235793417,1.99561556022113,0.0792340489536045));
#8198=CARTESIAN_POINT('Ctrl Pts',(1.16617284114972,1.93124723160965,0.0396271997371335));
#8199=CARTESIAN_POINT('Ctrl Pts',(1.17110988888244,1.92924171953727,-0.0359238641277346));
#8200=CARTESIAN_POINT('Ctrl Pts',(1.17604693661517,1.99141814250701,-0.0788898506304929));
#8201=CARTESIAN_POINT('Ctrl Pts',(1.18098398434789,2.0613788155126,-0.0502981150662486));
#8202=CARTESIAN_POINT('Ctrl Pts',(1.18592103208061,2.07566528390207,0.0239170298274766));
#8203=CARTESIAN_POINT('Ctrl Pts',(1.19085807981334,2.02131887239254,0.076437915889237));
#8204=CARTESIAN_POINT('Ctrl Pts',(1.19579512754606,1.94763499337249,0.059625303416071));
#8205=CARTESIAN_POINT('Ctrl Pts',(1.20073217527879,1.92144924993662,-0.0112713709060278));
#8206=CARTESIAN_POINT('Ctrl Pts',(1.20566922301151,1.96651369927593,-0.071943471324349));
#8207=CARTESIAN_POINT('Ctrl Pts',(1.21060627074423,2.04195214251879,-0.0673601249252705));
#8208=CARTESIAN_POINT('Ctrl Pts',(1.21554331847696,2.07933762836847,-0.00167416993024029));
#8209=CARTESIAN_POINT('Ctrl Pts',(1.22048036620968,2.04475898719596,0.0655244509963507));
#8210=CARTESIAN_POINT('Ctrl Pts',(1.22541741394241,1.96958173286736,0.0733001464682329));
#8211=CARTESIAN_POINT('Ctrl Pts',(1.23035446167513,1.92199479619588,0.0145654270017802));
#8212=CARTESIAN_POINT('Ctrl Pts',(1.23529150940785,1.94516486383315,-0.0573359789751974));
#8213=CARTESIAN_POINT('Ctrl Pts',(1.24022855714058,2.01807009414835,-0.0773193612317498));
#8214=CARTESIAN_POINT('Ctrl Pts',(1.2451656048733,2.07459422055318,-0.0269882282746693));
#8215=CARTESIAN_POINT('Ctrl Pts',(1.24845697002845,2.06713400822226,0.0225994915495468));
#8216=CARTESIAN_POINT('Ctrl Pts',(1.25010265260602,2.05376930128393,0.0403908992155176));
#8217=CARTESIAN_POINT('Ctrl Pts',(1.25010265260602,2.05376930128393,0.0403908992155175));
#8218=CARTESIAN_POINT('Ctrl Pts',(1.25010265260602,2.05700200099165,0.0370681642102438));
#8219=CARTESIAN_POINT('Ctrl Pts',(1.25010265260602,2.05984423123592,0.0334055970448094));
#8220=CARTESIAN_POINT('Ctrl Pts',(1.25010265260602,2.06229590529105,0.0294845596138465));
#8221=CARTESIAN_POINT('Ctrl Pts',(1.25010265260602,2.06421410787238,0.0264167194554754));
#8222=CARTESIAN_POINT('Ctrl Pts',(1.25010265260602,2.06589439839403,0.0231849758350101));
#8223=CARTESIAN_POINT('Ctrl Pts',(1.25010265260602,2.06732061859711,0.0198511915264832));
#8224=CARTESIAN_POINT('Ctrl Pts',(1.25010265260602,2.06907971424035,0.0157393121406975));
#8225=CARTESIAN_POINT('Ctrl Pts',(1.25010265260602,2.07045765652259,0.0114665924890882));
#8226=CARTESIAN_POINT('Ctrl Pts',(1.25010265260602,2.07144638479892,0.00709417783415233));
#8227=CARTESIAN_POINT('Ctrl Pts',(1.25010265260602,2.07200249773821,0.00463490118173603));
#8228=CARTESIAN_POINT('Ctrl Pts',(1.25010265260602,2.0724337340602,0.00214943735361829));
#8229=CARTESIAN_POINT('Ctrl Pts',(1.25010265260602,2.07273830036289,-0.000343874532403178));
#8230=CARTESIAN_POINT('Ctrl Pts',(1.25010265260602,2.07331140618274,-0.00503556740841085));
#8231=CARTESIAN_POINT('Ctrl Pts',(1.25010265260602,2.07343879428215,-0.00976251511399857));
#8232=CARTESIAN_POINT('Ctrl Pts',(1.25010265260602,2.07310854488593,-0.0144574608638072));
#8233=CARTESIAN_POINT('Ctrl Pts',(1.25010265260602,2.07294332613561,-0.0168062708191517));
#8234=CARTESIAN_POINT('Ctrl Pts',(1.25010265260602,2.07266332704239,-0.01914718825399));
#8235=CARTESIAN_POINT('Ctrl Pts',(1.25010265260602,2.07226545449495,-0.0214721150831759));
#8236=CARTESIAN_POINT('Ctrl Pts',(1.25010265260602,2.0720109815313,-0.0229591013662807));
#8237=CARTESIAN_POINT('Ctrl Pts',(1.25010265260602,2.07170852589182,-0.0244375487002394));
#8238=CARTESIAN_POINT('Ctrl Pts',(1.25010265260602,2.07135851067474,-0.0259018345049835));
#8239=CARTESIAN_POINT('Ctrl Pts',(1.25010265260602,2.07023667507036,-0.0305950246023567));
#8240=CARTESIAN_POINT('Ctrl Pts',(1.25010265260602,2.06862608382196,-0.0351535275868795));
#8241=CARTESIAN_POINT('Ctrl Pts',(1.25010265260602,2.06659070212826,-0.0395352759993236));
#8242=CARTESIAN_POINT('Ctrl Pts',(1.25010265260602,2.06535163470394,-0.0422027273851125));
#8243=CARTESIAN_POINT('Ctrl Pts',(1.25010265260602,2.0639547275437,-0.0448047205644384));
#8244=CARTESIAN_POINT('Ctrl Pts',(1.25010265260602,2.06241105344025,-0.0473313796212675));
#8245=CARTESIAN_POINT('Ctrl Pts',(1.25010265260602,2.0611318090192,-0.0494252247503188));
#8246=CARTESIAN_POINT('Ctrl Pts',(1.25010265260602,2.0597510607557,-0.0514674964970414));
#8247=CARTESIAN_POINT('Ctrl Pts',(1.25010265260602,2.05828468303563,-0.0534399120527993));
#8248=CARTESIAN_POINT('Ctrl Pts',(1.25010265260602,2.05429277519404,-0.0588094024754614));
#8249=CARTESIAN_POINT('Ctrl Pts',(1.25010265260602,2.04965631353808,-0.0636865925025151));
#8250=CARTESIAN_POINT('Ctrl Pts',(1.25010265260602,2.04450337092196,-0.0679624006530086));
#8251=CARTESIAN_POINT('Ctrl Pts',(1.25010265260602,2.04286669304894,-0.0693204830363324));
#8252=CARTESIAN_POINT('Ctrl Pts',(1.25010265260602,2.04117754734275,-0.0706177332494222));
#8253=CARTESIAN_POINT('Ctrl Pts',(1.25010265260602,2.0394391353423,-0.0718500369262027));
#8254=CARTESIAN_POINT('Ctrl Pts',(0.778148358612021,2.06715829830354,-3.25673464621409E-5));
#8255=CARTESIAN_POINT('Ctrl Pts',(0.779126611740436,2.06710037515034,0.0132372802128446));
#8256=CARTESIAN_POINT('Ctrl Pts',(0.780104864868851,2.06329562058388,0.0265379556437191));
#8257=CARTESIAN_POINT('Ctrl Pts',(0.781083117997266,2.05596852965115,0.0374797325831994));
#8258=CARTESIAN_POINT('Ctrl Pts',(0.782728800574841,2.04364240920026,0.055886718621855));
#8259=CARTESIAN_POINT('Ctrl Pts',(0.784374483152416,2.02134800300744,0.0676179724892274));
#8260=CARTESIAN_POINT('Ctrl Pts',(0.786020165729991,1.99919676673461,0.0673537238076627));
#8261=CARTESIAN_POINT('Ctrl Pts',(0.787665848307565,1.97704553046177,0.067089475126098));
#8262=CARTESIAN_POINT('Ctrl Pts',(0.78931153088514,1.95503746410892,0.0548297238955962));
#8263=CARTESIAN_POINT('Ctrl Pts',(0.790957213462715,1.94315373011771,0.0361342734577778));
#8264=CARTESIAN_POINT('Ctrl Pts',(0.792602896040289,1.9312699961265,0.0174388230199594));
#8265=CARTESIAN_POINT('Ctrl Pts',(0.794248578617863,1.92951059449693,-0.00769232662517552));
#8266=CARTESIAN_POINT('Ctrl Pts',(0.795894261195438,1.93867353936717,-0.0278612771615522));
#8267=CARTESIAN_POINT('Ctrl Pts',(0.797539943773012,1.94783648423741,-0.0480302276979289));
#8268=CARTESIAN_POINT('Ctrl Pts',(0.799185626350588,1.96792177560747,-0.0632369791255475));
#8269=CARTESIAN_POINT('Ctrl Pts',(0.800831308928162,1.98982010399153,-0.0665849129791892));
#8270=CARTESIAN_POINT('Ctrl Pts',(0.802476991505737,2.0117184323756,-0.069932846832831));
#8271=CARTESIAN_POINT('Ctrl Pts',(0.804122674083311,2.03542979777367,-0.0614219631124959));
#8272=CARTESIAN_POINT('Ctrl Pts',(0.805768356660885,2.05020041560623,-0.0449121519355588));
#8273=CARTESIAN_POINT('Ctrl Pts',(0.806978357311264,2.06106062487589,-0.0327731875119567));
#8274=CARTESIAN_POINT('Ctrl Pts',(0.808188357961643,2.06708743236399,-0.016309972802124));
#8275=CARTESIAN_POINT('Ctrl Pts',(0.809398358612021,2.06722988187989,5.92855740821633E-5));
#8276=CARTESIAN_POINT('Origin',(1.00010265260602,2.,1.39003291564947E-16));
#8277=CARTESIAN_POINT('Origin',(1.25010265260602,2.,2.0144655203599E-16));
#8278=CARTESIAN_POINT('Origin',(0.68229103012948,1.,5.96225158728361E-17));
#8279=CARTESIAN_POINT('Ctrl Pts',(0.760416030129479,1.08203831411964,6.77769912504484E-5));
#8280=CARTESIAN_POINT('Ctrl Pts',(0.760722329108444,1.08208351658705,0.00510901732806199));
#8281=CARTESIAN_POINT('Ctrl Pts',(0.762674310664982,1.07937263802909,0.0371886485665082));
#8282=CARTESIAN_POINT('Ctrl Pts',(0.766271974799095,1.03708949886452,0.0893772676838093));
#8283=CARTESIAN_POINT('Ctrl Pts',(0.771209022531819,0.945424348330456,0.0798953820829728));
#8284=CARTESIAN_POINT('Ctrl Pts',(0.776146070264544,0.903261481948316,-0.00204118877259716));
#8285=CARTESIAN_POINT('Ctrl Pts',(0.781083117997267,0.948846698091394,-0.0821340561761613));
#8286=CARTESIAN_POINT('Ctrl Pts',(0.786020165729991,1.04083069944495,-0.0877224961246853));
#8287=CARTESIAN_POINT('Ctrl Pts',(0.789547803107395,1.08009255277963,-0.0348627593951587));
#8288=CARTESIAN_POINT('Ctrl Pts',(0.791429757907224,1.08210261918794,-0.00394534014494637));
#8289=CARTESIAN_POINT('Ctrl Pts',(0.791666030129479,1.08207079867472,-5.96218865523211E-5));
#8290=CARTESIAN_POINT('Ctrl Pts',(0.755414275082569,1.08210032448742,-6.17737464417231E-5));
#8291=CARTESIAN_POINT('Ctrl Pts',(0.756935099412203,1.08195783493071,0.0248894513517425));
#8292=CARTESIAN_POINT('Ctrl Pts',(0.760101606319411,1.05654240798384,0.0772470873155273));
#8293=CARTESIAN_POINT('Ctrl Pts',(0.764913795804196,0.967794234657676,0.091217208971276));
#8294=CARTESIAN_POINT('Ctrl Pts',(0.769850843536918,0.905994869224302,0.0229164074235552));
#8295=CARTESIAN_POINT('Ctrl Pts',(0.774787891269643,0.929443715746349,-0.0662249025048462));
#8296=CARTESIAN_POINT('Ctrl Pts',(0.779724939002367,1.01690153522605,-0.0952686486548513));
#8297=CARTESIAN_POINT('Ctrl Pts',(0.783683733606675,1.07473278419493,-0.0492772057454521));
#8298=CARTESIAN_POINT('Ctrl Pts',(0.785996845633409,1.08193606060328,-0.0110790289828366));
#8299=CARTESIAN_POINT('Ctrl Pts',(0.786664275082568,1.0818878746314,-3.97541121070793E-5));
#8300=CARTESIAN_POINT('Ctrl Pts',(0.750102652606024,0.946230698716073,0.0403908992155209));
#8301=CARTESIAN_POINT('Ctrl Pts',(0.751748335183598,0.932865991777744,0.0225994915495512));
#8302=CARTESIAN_POINT('Ctrl Pts',(0.755039700338747,0.925402562924305,-0.0269852637012839));
#8303=CARTESIAN_POINT('Ctrl Pts',(0.759976748071472,0.981931710524371,-0.0773206664639855));
#8304=CARTESIAN_POINT('Ctrl Pts',(0.764913795804195,1.05483403903668,-0.0573347308383465));
#8305=CARTESIAN_POINT('Ctrl Pts',(0.769850843536918,1.07800535503325,0.0145647211024399));
#8306=CARTESIAN_POINT('Ctrl Pts',(0.774787891269644,1.03041791217852,0.0733002591675144));
#8307=CARTESIAN_POINT('Ctrl Pts',(0.779724939002366,0.955241310063697,0.0655239566473161));
#8308=CARTESIAN_POINT('Ctrl Pts',(0.784661986735091,0.92066261781737,-0.00167402371898969));
#8309=CARTESIAN_POINT('Ctrl Pts',(0.789599034467813,0.958048054227392,-0.0673599424127664));
#8310=CARTESIAN_POINT('Ctrl Pts',(0.794536082200538,1.03348615289845,-0.0719431446876229));
#8311=CARTESIAN_POINT('Ctrl Pts',(0.799473129933262,1.07855045225811,-0.0112713526622597));
#8312=CARTESIAN_POINT('Ctrl Pts',(0.804410177665985,1.0523647975973,0.0596250850120894));
#8313=CARTESIAN_POINT('Ctrl Pts',(0.809347225398708,0.978681213218593,0.0764376095036732));
#8314=CARTESIAN_POINT('Ctrl Pts',(0.814284273131434,0.924335010266454,0.0239169408418912));
#8315=CARTESIAN_POINT('Ctrl Pts',(0.819221320864156,0.938621424753517,-0.0502979211033987));
#8316=CARTESIAN_POINT('Ctrl Pts',(0.824158368596881,1.00858182365774,-0.0788895413279339));
#8317=CARTESIAN_POINT('Ctrl Pts',(0.829095416329603,1.07075800438924,-0.0359237245910556));
#8318=CARTESIAN_POINT('Ctrl Pts',(0.834032464062328,1.06875249988621,0.0396270454156255));
#8319=CARTESIAN_POINT('Ctrl Pts',(0.838969511795052,1.00438442270771,0.0792337394105244));
#8320=CARTESIAN_POINT('Ctrl Pts',(0.843906559527775,0.936039415197303,0.0469707617895357));
#8321=CARTESIAN_POINT('Ctrl Pts',(0.8488436072605,0.925710431411701,-0.0278974698193913));
#8322=CARTESIAN_POINT('Ctrl Pts',(0.853780654993222,0.982766468745623,-0.0774610494727838));
#8323=CARTESIAN_POINT('Ctrl Pts',(0.858717702725947,1.05545433560622,-0.0567628882425865));
#8324=CARTESIAN_POINT('Ctrl Pts',(0.863654750458671,1.07784184869237,0.0154225614681129));
#8325=CARTESIAN_POINT('Ctrl Pts',(0.868591798191392,1.02962221298245,0.0736188379707995));
#8326=CARTESIAN_POINT('Ctrl Pts',(0.873528845924119,0.954533482620017,0.0650384855919099));
#8327=CARTESIAN_POINT('Ctrl Pts',(0.87846589365684,0.920685565682485,-0.00253561000536712));
#8328=CARTESIAN_POINT('Ctrl Pts',(0.883402941389566,0.958780519582694,-0.0678097577269491));
#8329=CARTESIAN_POINT('Ctrl Pts',(0.888339989122289,1.03426397383965,-0.0715764549707382));
#8330=CARTESIAN_POINT('Ctrl Pts',(0.893277036855013,1.07866798252504,-0.010419085116061));
#8331=CARTESIAN_POINT('Ctrl Pts',(0.898214084587736,1.0517154902827,0.0601890095782904));
#8332=CARTESIAN_POINT('Ctrl Pts',(0.903151132320461,0.977853997556225,0.0762021219194873));
#8333=CARTESIAN_POINT('Ctrl Pts',(0.908088180053183,0.924080235482178,0.023095414367206));
#8334=CARTESIAN_POINT('Ctrl Pts',(0.913025227785909,0.939170178480735,-0.050960196459293));
#8335=CARTESIAN_POINT('Ctrl Pts',(0.917962275518631,1.00943635806708,-0.0787919028560334));
#8336=CARTESIAN_POINT('Ctrl Pts',(0.922899323251355,1.07114320421741,-0.0351547052742461));
#8337=CARTESIAN_POINT('Ctrl Pts',(0.927836370984079,1.0683189672662,0.0403698838358544));
#8338=CARTESIAN_POINT('Ctrl Pts',(0.932773418716803,1.00352539673542,0.0792766068086849));
#8339=CARTESIAN_POINT('Ctrl Pts',(0.937710466449527,0.9355340833956,0.0462747707243862));
#8340=CARTESIAN_POINT('Ctrl Pts',(0.94264751418225,0.9260171593861,-0.0287010122458929));
#8341=CARTESIAN_POINT('Ctrl Pts',(0.947584561914975,0.983607036205459,-0.0776432839804662));
#8342=CARTESIAN_POINT('Ctrl Pts',(0.952521609647697,1.05606629823937,-0.0561585168160145));
#8343=CARTESIAN_POINT('Ctrl Pts',(0.957458657380422,1.0776701203099,0.0162653380009872));
#8344=CARTESIAN_POINT('Ctrl Pts',(0.962395705113145,1.02882256134748,0.0739355717270854));
#8345=CARTESIAN_POINT('Ctrl Pts',(0.967332752845868,0.953831238943799,0.0645418802931533));
#8346=CARTESIAN_POINT('Ctrl Pts',(0.972269800578595,0.920717706403338,-0.00339510401805502));
#8347=CARTESIAN_POINT('Ctrl Pts',(0.977206848311316,0.959517891172168,-0.0682525287010803));
#8348=CARTESIAN_POINT('Ctrl Pts',(0.982143896044041,1.03503773676638,-0.0712008835024531));
#8349=CARTESIAN_POINT('Ctrl Pts',(0.987080943776764,1.07877628816907,-0.00956583668812877));
#8350=CARTESIAN_POINT('Ctrl Pts',(0.992017991509487,1.05106009903554,0.0607459883096898));
#8351=CARTESIAN_POINT('Ctrl Pts',(0.996955039242213,0.97702938794196,0.0759576183863042));
#8352=CARTESIAN_POINT('Ctrl Pts',(1.00189208697493,0.92383437706622,0.0222712076985013));
#8353=CARTESIAN_POINT('Ctrl Pts',(1.00682913470766,0.939726079350054,-0.051616502193817));
#8354=CARTESIAN_POINT('Ctrl Pts',(1.01176618244038,1.01028978333951,-0.0786849996382174));
#8355=CARTESIAN_POINT('Ctrl Pts',(1.01670323017311,1.07152004682565,-0.0343815606291761));
#8356=CARTESIAN_POINT('Ctrl Pts',(1.02164027790583,1.06787740873388,0.0411079821058398));
#8357=CARTESIAN_POINT('Ctrl Pts',(1.02657732563855,1.00266595669977,0.0793101600308264));
#8358=CARTESIAN_POINT('Ctrl Pts',(1.03151437337128,0.935036324668985,0.0455733441468456));
#8359=CARTESIAN_POINT('Ctrl Pts',(1.036451421104,0.926332578497326,-0.0295011833387717));
#8360=CARTESIAN_POINT('Ctrl Pts',(1.04138846883673,0.984449529413452,-0.0778163972037854));
#8361=CARTESIAN_POINT('Ctrl Pts',(1.04632551656945,1.05667167450416,-0.0555475482639384));
#8362=CARTESIAN_POINT('Ctrl Pts',(1.05126256430217,1.077489267647,0.0171062038095));
#8363=CARTESIAN_POINT('Ctrl Pts',(1.0561996120349,1.02801952379099,0.074243619899399));
#8364=CARTESIAN_POINT('Ctrl Pts',(1.06113665976762,0.953134418930203,0.0640376929646184));
#8365=CARTESIAN_POINT('Ctrl Pts',(1.06607370750034,0.920759160791743,-0.00425419919746586));
#8366=CARTESIAN_POINT('Ctrl Pts',(1.07101075523307,0.960260018386812,-0.0686872817239382));
#8367=CARTESIAN_POINT('Ctrl Pts',(1.07594780296579,1.03580738364406,-0.070816947730103));
#8368=CARTESIAN_POINT('Ctrl Pts',(1.08088485069852,1.07887533958875,-0.0087114645152006));
#8369=CARTESIAN_POINT('Ctrl Pts',(1.08582189843124,1.05039870951635,0.0612958309212455));
#8370=CARTESIAN_POINT('Ctrl Pts',(1.09075894616396,0.976207476794442,0.075704191751566));
#8371=CARTESIAN_POINT('Ctrl Pts',(1.09569599389669,0.923597466187355,0.0214443847252154));
#8372=CARTESIAN_POINT('Ctrl Pts',(1.10063304162941,0.940289060882739,-0.0522667442928013));
#8373=CARTESIAN_POINT('Ctrl Pts',(1.10557008936213,1.01114199982235,-0.0785688529204206));
#8374=CARTESIAN_POINT('Ctrl Pts',(1.11050713709486,1.07188848763454,-0.033604377018682));
#8375=CARTESIAN_POINT('Ctrl Pts',(1.11544418482758,1.06742787632061,0.0418412512254116));
#8376=CARTESIAN_POINT('Ctrl Pts',(1.12038123256031,1.00180620348101,0.0793343963136288));
#8377=CARTESIAN_POINT('Ctrl Pts',(1.12531828029303,0.934546197534525,0.0448665638496083));
#8378=CARTESIAN_POINT('Ctrl Pts',(1.13025532802575,0.926656651668061,-0.030297888782329));
#8379=CARTESIAN_POINT('Ctrl Pts',(1.13519237575848,0.985293849412857,-0.0779803689761836));
#8380=CARTESIAN_POINT('Ctrl Pts',(1.1401294234912,1.05727039327098,-0.0549300542575361));
#8381=CARTESIAN_POINT('Ctrl Pts',(1.14506647122392,1.07729931196684,0.0179450600315577));
#8382=CARTESIAN_POINT('Ctrl Pts',(1.15000351895665,1.02721319461963,0.0745429463984484));
#8383=CARTESIAN_POINT('Ctrl Pts',(1.15494056668937,0.952443104494212,0.0635259826745906));
#8384=CARTESIAN_POINT('Ctrl Pts',(1.15987761442209,0.92080992386947,-0.00511279432405795));
#8385=CARTESIAN_POINT('Ctrl Pts',(1.16481466215482,0.961006814255889,-0.0691139662942124));
#8386=CARTESIAN_POINT('Ctrl Pts',(1.16975170988754,1.03657282364911,-0.0704246916484971));
#8387=CARTESIAN_POINT('Ctrl Pts',(1.17468875762027,1.07896512594519,-0.00785607111951553));
#8388=CARTESIAN_POINT('Ctrl Pts',(1.17962580535299,1.04973139786964,0.0618384770153163));
#8389=CARTESIAN_POINT('Ctrl Pts',(1.18456285308571,0.975388363689366,0.075441863619197));
#8390=CARTESIAN_POINT('Ctrl Pts',(1.18949990081844,0.923369524792849,0.0206150584801041));
#8391=CARTESIAN_POINT('Ctrl Pts',(1.19443694855116,0.940859068398732,-0.052910877331094));
#8392=CARTESIAN_POINT('Ctrl Pts',(1.19937399628389,1.01199288509606,-0.0784434160624057));
#8393=CARTESIAN_POINT('Ctrl Pts',(1.20431104401661,1.07224852679199,-0.032823363119784));
#8394=CARTESIAN_POINT('Ctrl Pts',(1.20924809174933,1.06697033827355,0.0425698335951158));
#8395=CARTESIAN_POINT('Ctrl Pts',(1.21418513948206,1.00094640272482,0.079348867826613));
#8396=CARTESIAN_POINT('Ctrl Pts',(1.21912218721478,0.934063438993411,0.0441553792711989));
#8397=CARTESIAN_POINT('Ctrl Pts',(1.2240592349475,0.926989965009485,-0.0310927219408067));
#8398=CARTESIAN_POINT('Ctrl Pts',(1.22899628268023,0.986138681696243,-0.0781318953719624));
#8399=CARTESIAN_POINT('Ctrl Pts',(1.23393333041295,1.05786475053174,-0.0543125033599491));
#8400=CARTESIAN_POINT('Ctrl Pts',(1.23887037814568,1.07709566796573,0.0187942676253176));
#8401=CARTESIAN_POINT('Ctrl Pts',(1.2438074258784,1.02641264234161,0.0748091941001642));
#8402=CARTESIAN_POINT('Ctrl Pts',(1.24874447361112,0.951739878804468,0.0630548114675056));
#8403=CARTESIAN_POINT('Ctrl Pts',(1.25368152134385,0.920904323201255,-0.00607091319643382));
#8404=CARTESIAN_POINT('Ctrl Pts',(1.256972886499,0.948094021598695,-0.0482025049607122));
#8405=CARTESIAN_POINT('Ctrl Pts',(1.25861856907657,0.967591668227962,-0.0589259071356014));
#8406=CARTESIAN_POINT('Ctrl Pts',(0.747264013782508,0.942299609774621,0.0433438893688242));
#8407=CARTESIAN_POINT('Ctrl Pts',(0.748909696360083,0.927957805303006,0.0242517468177339));
#8408=CARTESIAN_POINT('Ctrl Pts',(0.752201061515232,0.919948723038969,-0.0289581640214521));
#8409=CARTESIAN_POINT('Ctrl Pts',(0.757138109247956,0.980610732731234,-0.0829736024260366));
#8410=CARTESIAN_POINT('Ctrl Pts',(0.762075156980679,1.05884297125869,-0.0615264893506915));
#8411=CARTESIAN_POINT('Ctrl Pts',(0.767012204713403,1.08370834877174,0.015629552013275));
#8412=CARTESIAN_POINT('Ctrl Pts',(0.771949252446128,1.03264177440719,0.0786592620062793));
#8413=CARTESIAN_POINT('Ctrl Pts',(0.77688630017885,0.951968989485951,0.070314431792535));
#8414=CARTESIAN_POINT('Ctrl Pts',(0.781823347911575,0.914862239194351,-0.00179641207019211));
#8415=CARTESIAN_POINT('Ctrl Pts',(0.786760395644298,0.954980935515395,-0.0722846470005648));
#8416=CARTESIAN_POINT('Ctrl Pts',(0.791697443377022,1.03593433508062,-0.0772029284999769));
#8417=CARTESIAN_POINT('Ctrl Pts',(0.796634491109746,1.08429329821006,-0.0120954044678029));
#8418=CARTESIAN_POINT('Ctrl Pts',(0.801571538842469,1.05619320287393,0.0639842919708419));
#8419=CARTESIAN_POINT('Ctrl Pts',(0.806508586575193,0.977122590641018,0.0820259849196791));
#8420=CARTESIAN_POINT('Ctrl Pts',(0.811445634307918,0.918803121302044,0.0256655152033182));
#8421=CARTESIAN_POINT('Ctrl Pts',(0.81638268204064,0.934134019623973,-0.0539752164504873));
#8422=CARTESIAN_POINT('Ctrl Pts',(0.821319729773365,1.00920924323123,-0.0846571781784273));
#8423=CARTESIAN_POINT('Ctrl Pts',(0.826256777506089,1.07593114225661,-0.0385501183343917));
#8424=CARTESIAN_POINT('Ctrl Pts',(0.831193825238812,1.07377901474778,0.0425241899999153));
#8425=CARTESIAN_POINT('Ctrl Pts',(0.836130872971536,1.00470496910146,0.0850265406809346));
#8426=CARTESIAN_POINT('Ctrl Pts',(0.84106792070426,0.931363238613215,0.0504048075709267));
#8427=CARTESIAN_POINT('Ctrl Pts',(0.846004968436983,0.920279099879223,-0.0299370617888388));
#8428=CARTESIAN_POINT('Ctrl Pts',(0.850942016169708,0.981506520363953,-0.0831242488766181));
#8429=CARTESIAN_POINT('Ctrl Pts',(0.85587906390243,1.05950861788722,-0.0609128391797768));
#8430=CARTESIAN_POINT('Ctrl Pts',(0.860816111635156,1.08353288843567,0.0165501093325722));
#8431=CARTESIAN_POINT('Ctrl Pts',(0.865753159367877,1.03178790141612,0.0790011321966696));
#8432=CARTESIAN_POINT('Ctrl Pts',(0.870690207100603,0.951209412576125,0.0697934678099057));
#8433=CARTESIAN_POINT('Ctrl Pts',(0.875627254833326,0.914886864784428,-0.00272098917552405));
#8434=CARTESIAN_POINT('Ctrl Pts',(0.88056430256605,0.955766951621576,-0.0727673484405674));
#8435=CARTESIAN_POINT('Ctrl Pts',(0.885501350298774,1.03676902273252,-0.076809429993382));
#8436=CARTESIAN_POINT('Ctrl Pts',(0.890438398031497,1.08441942114831,-0.0111808273984001));
#8437=CARTESIAN_POINT('Ctrl Pts',(0.895375445764221,1.0554964245165,0.0645894452227998));
#8438=CARTESIAN_POINT('Ctrl Pts',(0.900312493496945,0.976234897005814,0.0817732807710979));
#8439=CARTESIAN_POINT('Ctrl Pts',(0.905249541229668,0.918529719860676,0.0247839266939286));
#8440=CARTESIAN_POINT('Ctrl Pts',(0.910186588962393,0.934722892892585,-0.0546859109464036));
#8441=CARTESIAN_POINT('Ctrl Pts',(0.915123636695115,1.01012625289478,-0.0845524013300186));
#8442=CARTESIAN_POINT('Ctrl Pts',(0.92006068442784,1.076344504154,-0.037724875796155));
#8443=CARTESIAN_POINT('Ctrl Pts',(0.924997732160563,1.07331378643436,0.0433213375487607));
#8444=CARTESIAN_POINT('Ctrl Pts',(0.929934779893287,1.00378313949551,0.0850725421267919));
#8445=CARTESIAN_POINT('Ctrl Pts',(0.934871827626012,0.930820961859464,0.0496579324006425));
#8446=CARTESIAN_POINT('Ctrl Pts',(0.939808875358733,0.920608252823252,-0.0307993514311564));
#8447=CARTESIAN_POINT('Ctrl Pts',(0.94474592309146,0.982408541950343,-0.083319806601095));
#8448=CARTESIAN_POINT('Ctrl Pts',(0.949682970824181,1.06016532128289,-0.0602642819859586));
#8449=CARTESIAN_POINT('Ctrl Pts',(0.954620018556908,1.08334860494222,0.0174545014979615));
#8450=CARTESIAN_POINT('Ctrl Pts',(0.959557066289628,1.0309297870222,0.0793410224481486));
#8451=CARTESIAN_POINT('Ctrl Pts',(0.964494114022354,0.950455827664597,0.0692605555562215));
#8452=CARTESIAN_POINT('Ctrl Pts',(0.969431161755077,0.914921355322542,-0.00364332104044073));
#8453=CARTESIAN_POINT('Ctrl Pts',(0.9743682094878,0.956558232658112,-0.0732424905268099));
#8454=CARTESIAN_POINT('Ctrl Pts',(0.979305257220526,1.03759935568735,-0.0764064003880104));
#8455=CARTESIAN_POINT('Ctrl Pts',(0.984242304953248,1.08453564504884,-0.0102651977347206));
#8456=CARTESIAN_POINT('Ctrl Pts',(0.989179352685972,1.05479311742848,0.0651871448279943));
#8457=CARTESIAN_POINT('Ctrl Pts',(0.994116400418697,0.975349999947629,0.0815109015149187));
#8458=CARTESIAN_POINT('Ctrl Pts',(0.99905344815142,0.918265886665857,0.0238994620407709));
#8459=CARTESIAN_POINT('Ctrl Pts',(1.00399049588414,0.935319435832895,-0.0553901993802299));
#8460=CARTESIAN_POINT('Ctrl Pts',(1.00892754361687,1.01104207233211,-0.0844376823874799));
#8461=CARTESIAN_POINT('Ctrl Pts',(1.01386459134959,1.07674889783273,-0.036895206325733));
#8462=CARTESIAN_POINT('Ctrl Pts',(1.01880163908231,1.0728399454319,0.0441133983936273));
#8463=CARTESIAN_POINT('Ctrl Pts',(1.02373868681504,1.00286086555391,0.0851085484345671));
#8464=CARTESIAN_POINT('Ctrl Pts',(1.02867573454776,0.930286811850483,0.048905224326107));
#8465=CARTESIAN_POINT('Ctrl Pts',(1.03361278228049,0.920946732315595,-0.0316580232606894));
#8466=CARTESIAN_POINT('Ctrl Pts',(1.03854983001321,0.983312630076889,-0.0835055761815095));
#8467=CARTESIAN_POINT('Ctrl Pts',(1.04348687774593,1.06081495677894,-0.0596086453489104));
#8468=CARTESIAN_POINT('Ctrl Pts',(1.04842392547866,1.08315453008959,0.0183568432453867));
#8469=CARTESIAN_POINT('Ctrl Pts',(1.05336097321138,1.03006803916109,0.0796715921101357));
#8470=CARTESIAN_POINT('Ctrl Pts',(1.05829802094411,0.949708062941209,0.068719506948401));
#8471=CARTESIAN_POINT('Ctrl Pts',(1.06323506867683,0.914965840453098,-0.00456522491326573));
#8472=CARTESIAN_POINT('Ctrl Pts',(1.06817211640955,0.95735461700493,-0.0737090284670762));
#8473=CARTESIAN_POINT('Ctrl Pts',(1.07310916414228,1.0384252716676,-0.0759943949619196));
#8474=CARTESIAN_POINT('Ctrl Pts',(1.078046211875,1.08464193814604,-0.00934836216872837));
#8475=CARTESIAN_POINT('Ctrl Pts',(1.08298325960772,1.05408337353303,0.0657771865895894));
#8476=CARTESIAN_POINT('Ctrl Pts',(1.08792030734045,0.974467998641869,0.0812389467866866));
#8477=CARTESIAN_POINT('Ctrl Pts',(1.09285735507317,0.918011655165117,0.0230121898042585));
#8478=CARTESIAN_POINT('Ctrl Pts',(1.0977944028059,0.935923577105887,-0.0560879808643941));
#8479=CARTESIAN_POINT('Ctrl Pts',(1.10273145053862,1.0119565946049,-0.0843130441500424));
#8480=CARTESIAN_POINT('Ctrl Pts',(1.10766849827134,1.07714427545417,-0.0360612025999736));
#8481=CARTESIAN_POINT('Ctrl Pts',(1.11260554600407,1.07235754757578,0.0449002770275173));
#8482=CARTESIAN_POINT('Ctrl Pts',(1.11754259373679,1.00193825553229,0.0851345566389127));
#8483=CARTESIAN_POINT('Ctrl Pts',(1.12247964146951,0.929760851381535,0.0481467711199019));
#8484=CARTESIAN_POINT('Ctrl Pts',(1.12741668920224,0.921294498568205,-0.0325129760662912));
#8485=CARTESIAN_POINT('Ctrl Pts',(1.13235373693496,0.984218678552087,-0.0836815359769206));
#8486=CARTESIAN_POINT('Ctrl Pts',(1.13729078466769,1.06145744804544,-0.0589460061797105));
#8487=CARTESIAN_POINT('Ctrl Pts',(1.14222783240041,1.08295068669552,0.0192570284849182));
#8488=CARTESIAN_POINT('Ctrl Pts',(1.14716488013313,1.02920275903419,0.0799928024548404));
#8489=CARTESIAN_POINT('Ctrl Pts',(1.15210192786586,0.948966206309776,0.0681703853732287));
#8490=CARTESIAN_POINT('Ctrl Pts',(1.15703897559858,0.915020314833904,-0.00548659217426792));
#8491=CARTESIAN_POINT('Ctrl Pts',(1.1619760233313,0.958156011332838,-0.0741669080678909));
#8492=CARTESIAN_POINT('Ctrl Pts',(1.16691307106403,1.03924667320958,-0.0755734609263922));
#8493=CARTESIAN_POINT('Ctrl Pts',(1.17185011879675,1.0847382888086,-0.00843043071809226));
#8494=CARTESIAN_POINT('Ctrl Pts',(1.17678716652948,1.05336727454164,0.0663595056942551));
#8495=CARTESIAN_POINT('Ctrl Pts',(1.1817242142622,0.973588999944229,0.080957439769795));
#8496=CARTESIAN_POINT('Ctrl Pts',(1.18666126199492,0.917767048910294,0.0221222312810039));
#8497=CARTESIAN_POINT('Ctrl Pts',(1.19159830972765,0.936535258033831,-0.0567792066526982));
#8498=CARTESIAN_POINT('Ctrl Pts',(1.19653535746037,1.01286968834348,-0.0841784365675879));
#8499=CARTESIAN_POINT('Ctrl Pts',(1.20147240519309,1.07753063717703,-0.0352230885523333));
#8500=CARTESIAN_POINT('Ctrl Pts',(1.20640945292582,1.07186655879169,0.0456821262619211));
#8501=CARTESIAN_POINT('Ctrl Pts',(1.21134650065854,1.00101559449776,0.0851500861683356));
#8502=CARTESIAN_POINT('Ctrl Pts',(1.21628354839126,0.92924279822589,0.0473835916342729));
#8503=CARTESIAN_POINT('Ctrl Pts',(1.22122059612399,0.921652180543016,-0.0333659197035175));
#8504=CARTESIAN_POINT('Ctrl Pts',(1.22615764385671,0.985125276764493,-0.0838441405106808));
#8505=CARTESIAN_POINT('Ctrl Pts',(1.23109469158944,1.06209525893493,-0.058283305959995));
#8506=CARTESIAN_POINT('Ctrl Pts',(1.23603173932216,1.08273215422345,0.0201683218878873));
#8507=CARTESIAN_POINT('Ctrl Pts',(1.24096878705488,1.02834367815097,0.0802785156019109));
#8508=CARTESIAN_POINT('Ctrl Pts',(1.24590583478761,0.948211567589428,0.0676647667049069));
#8509=CARTESIAN_POINT('Ctrl Pts',(1.25084288252033,0.915121615727742,-0.00651475939047296));
#8510=CARTESIAN_POINT('Ctrl Pts',(1.25413424767548,0.94429916072425,-0.0517266038364025));
#8511=CARTESIAN_POINT('Ctrl Pts',(1.25577993025306,0.965222285855533,-0.0632339970005338));
#8512=CARTESIAN_POINT('Ctrl Pts',(0.744425374958993,0.938368520833169,0.0462968795221274));
#8513=CARTESIAN_POINT('Ctrl Pts',(0.746071057536567,0.923049618828269,0.0259040020859167));
#8514=CARTESIAN_POINT('Ctrl Pts',(0.749362422691716,0.914494883153634,-0.0309310643416203));
#8515=CARTESIAN_POINT('Ctrl Pts',(0.75429947042444,0.979289754938095,-0.0886265383880877));
#8516=CARTESIAN_POINT('Ctrl Pts',(0.759236518157164,1.06285190348071,-0.0657182478630366));
#8517=CARTESIAN_POINT('Ctrl Pts',(0.764173565889887,1.08941134251023,0.0166943829241102));
#8518=CARTESIAN_POINT('Ctrl Pts',(0.769110613622612,1.03486563663585,0.0840182648450443));
#8519=CARTESIAN_POINT('Ctrl Pts',(0.774047661355335,0.948696668908203,0.0751049069377539));
#8520=CARTESIAN_POINT('Ctrl Pts',(0.778984709088059,0.909061860571333,-0.00191880042139463));
#8521=CARTESIAN_POINT('Ctrl Pts',(0.783921756820783,0.951913816803395,-0.0772093515883631));
#8522=CARTESIAN_POINT('Ctrl Pts',(0.788858804553506,1.03838251726279,-0.0824627123123311));
#8523=CARTESIAN_POINT('Ctrl Pts',(0.793795852286231,1.09003614416202,-0.012919456273346));
#8524=CARTESIAN_POINT('Ctrl Pts',(0.798732900018954,1.06002160815056,0.0683434989295944));
#8525=CARTESIAN_POINT('Ctrl Pts',(0.803669947751677,0.975563968063441,0.0876143603356848));
#8526=CARTESIAN_POINT('Ctrl Pts',(0.808606995484401,0.913271232337636,0.0274140895647452));
#8527=CARTESIAN_POINT('Ctrl Pts',(0.813544043217125,0.929646614494426,-0.057652511797576));
#8528=CARTESIAN_POINT('Ctrl Pts',(0.818481090949849,1.00983666280472,-0.0904248150289206));
#8529=CARTESIAN_POINT('Ctrl Pts',(0.823418138682573,1.08110428012397,-0.0411765120777279));
#8530=CARTESIAN_POINT('Ctrl Pts',(0.828355186415296,1.07880552960935,0.0454213345842051));
#8531=CARTESIAN_POINT('Ctrl Pts',(0.83329223414802,1.00502551549521,0.0908193419513447));
#8532=CARTESIAN_POINT('Ctrl Pts',(0.838229281880744,0.926687062029125,0.0538388533523178));
#8533=CARTESIAN_POINT('Ctrl Pts',(0.843166329613467,0.914847768346747,-0.0319766537582861));
#8534=CARTESIAN_POINT('Ctrl Pts',(0.848103377346191,0.980246571982281,-0.0887874482804524));
#8535=CARTESIAN_POINT('Ctrl Pts',(0.853040425078916,1.06356290016822,-0.0650627901169671));
#8536=CARTESIAN_POINT('Ctrl Pts',(0.857977472811639,1.08922392817898,0.0176776571970314));
#8537=CARTESIAN_POINT('Ctrl Pts',(0.862914520544362,1.03395358984978,0.0843834264225398));
#8538=CARTESIAN_POINT('Ctrl Pts',(0.867851568277088,0.947885342532237,0.0745484500279016));
#8539=CARTESIAN_POINT('Ctrl Pts',(0.872788616009809,0.909088163886367,-0.00290636834568096));
#8540=CARTESIAN_POINT('Ctrl Pts',(0.877725663742534,0.952753383660461,-0.0777249391541859));
#8541=CARTESIAN_POINT('Ctrl Pts',(0.882662711475258,1.03927407162538,-0.0820424050160258));
#8542=CARTESIAN_POINT('Ctrl Pts',(0.887599759207981,1.09017085977158,-0.0119425696807392));
#8543=CARTESIAN_POINT('Ctrl Pts',(0.892536806940706,1.05927735875031,0.0689898808673093));
#8544=CARTESIAN_POINT('Ctrl Pts',(0.897473854673428,0.974615796455401,0.0873444396227085));
#8545=CARTESIAN_POINT('Ctrl Pts',(0.902410902406153,0.912979204239174,0.0264724390206513));
#8546=CARTESIAN_POINT('Ctrl Pts',(0.907347950138877,0.930275607304437,-0.0584116254335143));
#8547=CARTESIAN_POINT('Ctrl Pts',(0.9122849978716,1.01081614772249,-0.0903128998040036));
#8548=CARTESIAN_POINT('Ctrl Pts',(0.917222045604324,1.08154580409059,-0.0402950463180641));
#8549=CARTESIAN_POINT('Ctrl Pts',(0.922159093337047,1.07830860560251,0.0462727912616671));
#8550=CARTESIAN_POINT('Ctrl Pts',(0.927096141069771,1.0040408822556,0.090868477444899));
#8551=CARTESIAN_POINT('Ctrl Pts',(0.932033188802495,0.926107840323331,0.0530410940768987));
#8552=CARTESIAN_POINT('Ctrl Pts',(0.936970236535219,0.915199346260401,-0.03289769061642));
#8553=CARTESIAN_POINT('Ctrl Pts',(0.941907284267942,0.981210047695228,-0.0889963292217239));
#8554=CARTESIAN_POINT('Ctrl Pts',(0.946844332000667,1.06426434432641,-0.0643700471559026));
#8555=CARTESIAN_POINT('Ctrl Pts',(0.95178137973339,1.08902708957454,0.0186436649949357));
#8556=CARTESIAN_POINT('Ctrl Pts',(0.956718427466114,1.03303701269693,0.0847464731692118));
#8557=CARTESIAN_POINT('Ctrl Pts',(0.961655475198838,0.947080416385395,0.0739792308192897));
#8558=CARTESIAN_POINT('Ctrl Pts',(0.966592522931561,0.909125004241745,-0.00389153806282642));
#8559=CARTESIAN_POINT('Ctrl Pts',(0.971529570664286,0.953598574144058,-0.0782324523525394));
#8560=CARTESIAN_POINT('Ctrl Pts',(0.976466618397008,1.04016097460831,-0.0816119172735678));
#8561=CARTESIAN_POINT('Ctrl Pts',(0.981403666129735,1.09029500192861,-0.0109645587813124));
#8562=CARTESIAN_POINT('Ctrl Pts',(0.986340713862455,1.05852613582141,0.0696283013462986));
#8563=CARTESIAN_POINT('Ctrl Pts',(0.991277761595182,0.9736706119533,0.0870641846435333));
#8564=CARTESIAN_POINT('Ctrl Pts',(0.996214809327903,0.912697396265495,0.0255277163830404));
#8565=CARTESIAN_POINT('Ctrl Pts',(1.00115185706063,0.930912792315736,-0.0591638965666427));
#8566=CARTESIAN_POINT('Ctrl Pts',(1.00608890479335,1.01179436132472,-0.0901903651367425));
#8567=CARTESIAN_POINT('Ctrl Pts',(1.01102595252608,1.0819777488398,-0.0394088520222898));
#8568=CARTESIAN_POINT('Ctrl Pts',(1.0159630002588,1.07780248212991,0.0471188146814148));
#8569=CARTESIAN_POINT('Ctrl Pts',(1.02090004799152,1.00305577440804,0.0909069368383079));
#8570=CARTESIAN_POINT('Ctrl Pts',(1.02583709572425,0.925537299031984,0.0522371045053682));
#8571=CARTESIAN_POINT('Ctrl Pts',(1.03077414345697,0.915560886133861,-0.033814863182607));
#8572=CARTESIAN_POINT('Ctrl Pts',(1.03571119118969,0.982175730740326,-0.0891947551592336));
#8573=CARTESIAN_POINT('Ctrl Pts',(1.04064823892242,1.06495823905372,-0.0636697424338823));
#8574=CARTESIAN_POINT('Ctrl Pts',(1.04558528665514,1.08881979253218,0.0196074826812733));
#8575=CARTESIAN_POINT('Ctrl Pts',(1.05052233438787,1.03211655453119,0.0850995643208724));
#8576=CARTESIAN_POINT('Ctrl Pts',(1.05545938212059,0.946281706952214,0.0734013209321836));
#8577=CARTESIAN_POINT('Ctrl Pts',(1.06039642985331,0.909172520114452,-0.00487625062906566));
#8578=CARTESIAN_POINT('Ctrl Pts',(1.06533347758604,0.954449215623049,-0.0787307752102142));
#8579=CARTESIAN_POINT('Ctrl Pts',(1.07027052531876,1.04104315969114,-0.0811718421937364));
#8580=CARTESIAN_POINT('Ctrl Pts',(1.07520757305148,1.09040853670333,-0.00998525982225603));
#8581=CARTESIAN_POINT('Ctrl Pts',(1.08014462078421,1.05776803754972,0.0702585422579332));
#8582=CARTESIAN_POINT('Ctrl Pts',(1.08508166851693,0.972728520489294,0.0867737018218073));
#8583=CARTESIAN_POINT('Ctrl Pts',(1.09001871624966,0.912425844142877,0.0245799948833014));
#8584=CARTESIAN_POINT('Ctrl Pts',(1.09495576398238,0.931558093329038,-0.0599092174359867));
#8585=CARTESIAN_POINT('Ctrl Pts',(1.0998928117151,1.01277118938745,-0.0900572353796643));
#8586=CARTESIAN_POINT('Ctrl Pts',(1.10482985944783,1.08240006327379,-0.0385180281812651));
#8587=CARTESIAN_POINT('Ctrl Pts',(1.10976690718055,1.07728721883094,0.0479593028296229));
#8588=CARTESIAN_POINT('Ctrl Pts',(1.11470395491327,1.00207030758356,0.0909347169641967));
#8589=CARTESIAN_POINT('Ctrl Pts',(1.119641002646,0.924975505228546,0.0514269783901953));
#8590=CARTESIAN_POINT('Ctrl Pts',(1.12457805037872,0.915932345468347,-0.0347280633502532));
#8591=CARTESIAN_POINT('Ctrl Pts',(1.12951509811145,0.983143507691317,-0.0893827029776579));
#8592=CARTESIAN_POINT('Ctrl Pts',(1.13445214584417,1.0656445028199,-0.0629619581018847));
#8593=CARTESIAN_POINT('Ctrl Pts',(1.13938919357689,1.0886020614242,0.0205689969382786));
#8594=CARTESIAN_POINT('Ctrl Pts',(1.14432624130962,1.03119232344877,0.0854426585112327));
#8595=CARTESIAN_POINT('Ctrl Pts',(1.14926328904234,0.945489308125336,0.0728147880718665));
#8596=CARTESIAN_POINT('Ctrl Pts',(1.15420033677506,0.909230705798339,-0.00586039002447783));
#8597=CARTESIAN_POINT('Ctrl Pts',(1.15913738450779,0.955305208409787,-0.0792198498415695));
#8598=CARTESIAN_POINT('Ctrl Pts',(1.16407443224051,1.04192052277004,-0.0807222302042873));
#8599=CARTESIAN_POINT('Ctrl Pts',(1.16901147997323,1.090511451672,-0.00900479031666902));
#8600=CARTESIAN_POINT('Ctrl Pts',(1.17394852770596,1.05700315121365,0.070880534373194));
#8601=CARTESIAN_POINT('Ctrl Pts',(1.17888557543868,0.971789636199088,0.086473015920393));
#8602=CARTESIAN_POINT('Ctrl Pts',(1.18382262317141,0.912164573027739,0.0236294040819037));
#8603=CARTESIAN_POINT('Ctrl Pts',(1.18875967090413,0.93221144766893,-0.0606475359743023));
#8604=CARTESIAN_POINT('Ctrl Pts',(1.19369671863686,1.01374649159091,-0.08991345707277));
#8605=CARTESIAN_POINT('Ctrl Pts',(1.19863376636958,1.08281274756206,-0.0376228139848826));
#8606=CARTESIAN_POINT('Ctrl Pts',(1.2035708141023,1.07676277930984,0.0487944189287263));
#8607=CARTESIAN_POINT('Ctrl Pts',(1.20850786183503,1.0010847862707,0.0909513045100583));
#8608=CARTESIAN_POINT('Ctrl Pts',(1.21344490956775,0.924422157458371,0.0506118039973469));
#8609=CARTESIAN_POINT('Ctrl Pts',(1.21838195730047,0.916314396076546,-0.0356391174662283));
#8610=CARTESIAN_POINT('Ctrl Pts',(1.2233190050332,0.984111871832746,-0.0895563856493993));
#8611=CARTESIAN_POINT('Ctrl Pts',(1.22825605276592,1.06632576733812,-0.0622541085600409));
#8612=CARTESIAN_POINT('Ctrl Pts',(1.23319310049864,1.08836864048117,0.0215423761504569));
#8613=CARTESIAN_POINT('Ctrl Pts',(1.23813014823137,1.03027471396033,0.0857478371036578));
#8614=CARTESIAN_POINT('Ctrl Pts',(1.24306719596409,0.944683256374391,0.0722747219423082));
#8615=CARTESIAN_POINT('Ctrl Pts',(1.24800424369682,0.909338908254226,-0.00695860558451214));
#8616=CARTESIAN_POINT('Ctrl Pts',(1.25129560885196,0.940504299849806,-0.0552507027120928));
#8617=CARTESIAN_POINT('Ctrl Pts',(1.25294129142954,0.962852903483104,-0.0675420868654663));
#8618=CARTESIAN_POINT('Ctrl Pts',(0.741586736135477,0.934437431891718,0.0492498696754307));
#8619=CARTESIAN_POINT('Ctrl Pts',(0.743232418713051,0.918141432353531,0.0275562573540995));
#8620=CARTESIAN_POINT('Ctrl Pts',(0.7465237838682,0.909041043268297,-0.0329039646617885));
#8621=CARTESIAN_POINT('Ctrl Pts',(0.751460831600925,0.977968777144959,-0.0942794743501387));
#8622=CARTESIAN_POINT('Ctrl Pts',(0.756397879333648,1.06686083570272,-0.0699100063753816));
#8623=CARTESIAN_POINT('Ctrl Pts',(0.761334927066372,1.09511433624872,0.0177592138349453));
#8624=CARTESIAN_POINT('Ctrl Pts',(0.766271974799095,1.03708949886452,0.0893772676838093));
#8625=CARTESIAN_POINT('Ctrl Pts',(0.771209022531819,0.945424348330456,0.0798953820829728));
#8626=CARTESIAN_POINT('Ctrl Pts',(0.776146070264544,0.903261481948316,-0.00204118877259716));
#8627=CARTESIAN_POINT('Ctrl Pts',(0.781083117997267,0.948846698091394,-0.0821340561761613));
#8628=CARTESIAN_POINT('Ctrl Pts',(0.786020165729991,1.04083069944495,-0.0877224961246853));
#8629=CARTESIAN_POINT('Ctrl Pts',(0.790957213462714,1.09577899011397,-0.0137435080788891));
#8630=CARTESIAN_POINT('Ctrl Pts',(0.795894261195438,1.0638500134272,0.0727027058883468));
#8631=CARTESIAN_POINT('Ctrl Pts',(0.800831308928162,0.974005345485867,0.0932027357516908));
#8632=CARTESIAN_POINT('Ctrl Pts',(0.805768356660886,0.907739343373224,0.0291626639261721));
#8633=CARTESIAN_POINT('Ctrl Pts',(0.810705404393608,0.925159209364883,-0.0613298071446645));
#8634=CARTESIAN_POINT('Ctrl Pts',(0.815642452126334,1.01046408237821,-0.096192451879414));
#8635=CARTESIAN_POINT('Ctrl Pts',(0.820579499859056,1.08627741799134,-0.043802905821064));
#8636=CARTESIAN_POINT('Ctrl Pts',(0.825516547591782,1.08383204447092,0.0483184791684949));
#8637=CARTESIAN_POINT('Ctrl Pts',(0.830453595324504,1.00534606188896,0.0966121432217548));
#8638=CARTESIAN_POINT('Ctrl Pts',(0.835390643057229,0.922010885445039,0.0572728991337089));
#8639=CARTESIAN_POINT('Ctrl Pts',(0.840327690789952,0.909416436814269,-0.0340162457277337));
#8640=CARTESIAN_POINT('Ctrl Pts',(0.845264738522675,0.97898662360061,-0.0944506476842866));
#8641=CARTESIAN_POINT('Ctrl Pts',(0.8502017862554,1.06761718244922,-0.0692127410541576));
#8642=CARTESIAN_POINT('Ctrl Pts',(0.855138833988123,1.09491496792229,0.0188052050614908));
#8643=CARTESIAN_POINT('Ctrl Pts',(0.860075881720847,1.03611927828344,0.0897657206484098));
#8644=CARTESIAN_POINT('Ctrl Pts',(0.865012929453571,0.944561272488346,0.0793034322458976));
#8645=CARTESIAN_POINT('Ctrl Pts',(0.869949977186295,0.90328946298831,-0.00309174751583802));
#8646=CARTESIAN_POINT('Ctrl Pts',(0.874887024919018,0.949739815699343,-0.0826825298678041));
#8647=CARTESIAN_POINT('Ctrl Pts',(0.879824072651742,1.04177912051824,-0.0872753800386697));
#8648=CARTESIAN_POINT('Ctrl Pts',(0.884761120384466,1.09592229839484,-0.0127043119630782));
#8649=CARTESIAN_POINT('Ctrl Pts',(0.889698168117189,1.06305829298411,0.0733903165118188));
#8650=CARTESIAN_POINT('Ctrl Pts',(0.894635215849914,0.972996695904988,0.0929155984743191));
#8651=CARTESIAN_POINT('Ctrl Pts',(0.899572263582636,0.907428688617674,0.0281609513473739));
#8652=CARTESIAN_POINT('Ctrl Pts',(0.904509311315361,0.925828321716287,-0.0621373399206249));
#8653=CARTESIAN_POINT('Ctrl Pts',(0.909446359048085,1.01150604255019,-0.0960733982779888));
#8654=CARTESIAN_POINT('Ctrl Pts',(0.914383406780808,1.08674710402718,-0.042865216839973));
#8655=CARTESIAN_POINT('Ctrl Pts',(0.919320454513532,1.08330342477068,0.0492242449745735));
#8656=CARTESIAN_POINT('Ctrl Pts',(0.924257502246256,1.00429862501569,0.096664412763006));
#8657=CARTESIAN_POINT('Ctrl Pts',(0.929194549978979,0.921394718787197,0.056424255753155));
#8658=CARTESIAN_POINT('Ctrl Pts',(0.934131597711704,0.909790439697552,-0.0349960298016835));
#8659=CARTESIAN_POINT('Ctrl Pts',(0.939068645444427,0.980011553440112,-0.0946728518423529));
#8660=CARTESIAN_POINT('Ctrl Pts',(0.944005693177151,1.06836336736994,-0.0684758123258467));
#8661=CARTESIAN_POINT('Ctrl Pts',(0.948942740909875,1.09470557420686,0.01983282849191));
#8662=CARTESIAN_POINT('Ctrl Pts',(0.953879788642598,1.03514423837165,0.0901519238902751));
#8663=CARTESIAN_POINT('Ctrl Pts',(0.958816836375323,0.943705005106191,0.0786979060823579));
#8664=CARTESIAN_POINT('Ctrl Pts',(0.963753884108045,0.90332865316095,-0.00413975508521213));
#8665=CARTESIAN_POINT('Ctrl Pts',(0.968690931840771,0.950638915630002,-0.0832224141782689));
#8666=CARTESIAN_POINT('Ctrl Pts',(0.973627979573493,1.04272259352927,-0.0868174341591251));
#8667=CARTESIAN_POINT('Ctrl Pts',(0.978565027306217,1.09605435880838,-0.0116639198279043));
#8668=CARTESIAN_POINT('Ctrl Pts',(0.983502075038942,1.06225915421434,0.0740694578646032));
#8669=CARTESIAN_POINT('Ctrl Pts',(0.988439122771664,0.971991223958969,0.0926174677721478));
#8670=CARTESIAN_POINT('Ctrl Pts',(0.993376170504389,0.907128905865131,0.0271559707253101));
#8671=CARTESIAN_POINT('Ctrl Pts',(0.998313218237112,0.926506148798578,-0.0629375937530557));
#8672=CARTESIAN_POINT('Ctrl Pts',(1.00325026596984,1.01254665031732,-0.0959430478860049));
#8673=CARTESIAN_POINT('Ctrl Pts',(1.00818731370256,1.08720659984688,-0.0419224977188468));
#8674=CARTESIAN_POINT('Ctrl Pts',(1.01312436143528,1.08276501882793,0.0501242309692024));
#8675=CARTESIAN_POINT('Ctrl Pts',(1.01806140916801,1.00325068326217,0.0967053252420485));
#8676=CARTESIAN_POINT('Ctrl Pts',(1.02299845690073,0.920787786213484,0.0555689846846297));
#8677=CARTESIAN_POINT('Ctrl Pts',(1.02793550463345,0.910175039952129,-0.0359717031045247));
#8678=CARTESIAN_POINT('Ctrl Pts',(1.03287255236618,0.981038831403764,-0.0948839341369577));
#8679=CARTESIAN_POINT('Ctrl Pts',(1.0378096000989,1.0691015213285,-0.0677308395188543));
#8680=CARTESIAN_POINT('Ctrl Pts',(1.04274664783163,1.09448505497478,0.0208581221171599));
#8681=CARTESIAN_POINT('Ctrl Pts',(1.04768369556435,1.03416506990128,0.0905275365316092));
#8682=CARTESIAN_POINT('Ctrl Pts',(1.05262074329707,0.942855350963221,0.078083134915966));
#8683=CARTESIAN_POINT('Ctrl Pts',(1.0575577910298,0.903379199775807,-0.00518727634486553));
#8684=CARTESIAN_POINT('Ctrl Pts',(1.06249483876252,0.951543814241167,-0.0837525219533521));
#8685=CARTESIAN_POINT('Ctrl Pts',(1.06743188649525,1.04366104771469,-0.0863492894255532));
#8686=CARTESIAN_POINT('Ctrl Pts',(1.07236893422797,1.09617513526063,-0.0106221574757837));
#8687=CARTESIAN_POINT('Ctrl Pts',(1.07730598196069,1.06145270156641,0.074739897926277));
#8688=CARTESIAN_POINT('Ctrl Pts',(1.08224302969341,0.970989042336717,0.092308456856928));
#8689=CARTESIAN_POINT('Ctrl Pts',(1.08718007742614,0.906840033120642,0.0261477999623445));
#8690=CARTESIAN_POINT('Ctrl Pts',(1.09211712515886,0.927192609552184,-0.0637304540075794));
#8691=CARTESIAN_POINT('Ctrl Pts',(1.09705417289159,1.01358578417001,-0.0958014266092861));
#8692=CARTESIAN_POINT('Ctrl Pts',(1.10199122062431,1.08765585109342,-0.0409748537625567));
#8693=CARTESIAN_POINT('Ctrl Pts',(1.10692826835703,1.0822168900861,0.0510183286317286));
#8694=CARTESIAN_POINT('Ctrl Pts',(1.11186531608976,1.00220235963484,0.0967348772894805));
#8695=CARTESIAN_POINT('Ctrl Pts',(1.11680236382248,0.920190159075555,0.0547071856604889));
#8696=CARTESIAN_POINT('Ctrl Pts',(1.12173941155521,0.910570192368491,-0.0369431506342153));
#8697=CARTESIAN_POINT('Ctrl Pts',(1.12667645928793,0.982068336830547,-0.095083869978395));
#8698=CARTESIAN_POINT('Ctrl Pts',(1.13161350702065,1.06983155759436,-0.066977910024059));
#8699=CARTESIAN_POINT('Ctrl Pts',(1.13655055475338,1.09425343615288,0.0218809653916391));
#8700=CARTESIAN_POINT('Ctrl Pts',(1.1414876024861,1.03318188786333,0.0908925145676248));
#8701=CARTESIAN_POINT('Ctrl Pts',(1.14642465021883,0.942012409940899,0.0774591907705045));
#8702=CARTESIAN_POINT('Ctrl Pts',(1.15136169795155,0.903441096762774,-0.00623418787468775));
#8703=CARTESIAN_POINT('Ctrl Pts',(1.15629874568427,0.952454405486735,-0.084272791615248));
#8704=CARTESIAN_POINT('Ctrl Pts',(1.161235793417,1.04459437233051,-0.0858709994821823));
#8705=CARTESIAN_POINT('Ctrl Pts',(1.16617284114972,1.0962846145354,-0.00957914991524577));
#8706=CARTESIAN_POINT('Ctrl Pts',(1.17110988888244,1.06063902788565,0.0754015630521328));
#8707=CARTESIAN_POINT('Ctrl Pts',(1.17604693661517,0.969990272453949,0.0919885920709911));
#8708=CARTESIAN_POINT('Ctrl Pts',(1.18098398434789,0.906562097145184,0.0251365768828035));
#8709=CARTESIAN_POINT('Ctrl Pts',(1.18592103208061,0.92788763730403,-0.0645158652959066));
#8710=CARTESIAN_POINT('Ctrl Pts',(1.19085807981334,1.01462329483832,-0.095648477577952));
#8711=CARTESIAN_POINT('Ctrl Pts',(1.19579512754606,1.0880948579471,-0.0400225394174319));
#8712=CARTESIAN_POINT('Ctrl Pts',(1.20073217527879,1.08165899982798,0.0519067115955315));
#8713=CARTESIAN_POINT('Ctrl Pts',(1.20566922301151,1.00115397804364,0.0967525228517809));
#8714=CARTESIAN_POINT('Ctrl Pts',(1.21060627074424,0.919601516690852,0.053840016360421));
#8715=CARTESIAN_POINT('Ctrl Pts',(1.21554331847696,0.910976611610076,-0.0379123152289391));
#8716=CARTESIAN_POINT('Ctrl Pts',(1.22048036620968,0.983098466900997,-0.0952686307881177));
#8717=CARTESIAN_POINT('Ctrl Pts',(1.2254174139424,1.0705562757413,-0.0662249111600867));
#8718=CARTESIAN_POINT('Ctrl Pts',(1.23035446167513,1.09400512673889,0.0229164304130266));
#8719=CARTESIAN_POINT('Ctrl Pts',(1.23529150940785,1.03220574976969,0.0912171586054046));
#8720=CARTESIAN_POINT('Ctrl Pts',(1.24022855714058,0.941154945159353,0.0768846771797095));
#8721=CARTESIAN_POINT('Ctrl Pts',(1.2451656048733,0.903556200780711,-0.00740245177855132));
#8722=CARTESIAN_POINT('Ctrl Pts',(1.24845697002845,0.936709438975361,-0.058774801587783));
#8723=CARTESIAN_POINT('Ctrl Pts',(1.25010265260602,0.960483521110675,-0.0718501767303988));
#8724=CARTESIAN_POINT('Ctrl Pts',(1.25010265260602,0.960483521110675,-0.0718501767303988));
#8725=CARTESIAN_POINT('Ctrl Pts',(1.25010265260602,0.956866080432925,-0.0693353043444923));
#8726=CARTESIAN_POINT('Ctrl Pts',(1.25010265260602,0.953481325186755,-0.0665144339814845));
#8727=CARTESIAN_POINT('Ctrl Pts',(1.25010265260602,0.950348603246333,-0.0634297992360003));
#8728=CARTESIAN_POINT('Ctrl Pts',(1.25010265260602,0.948188006903019,-0.0613023679866578));
#8729=CARTESIAN_POINT('Ctrl Pts',(1.25010265260602,0.946147442693412,-0.0590493009074041));
#8730=CARTESIAN_POINT('Ctrl Pts',(1.25010265260602,0.944235647000222,-0.0566832510874373));
#8731=CARTESIAN_POINT('Ctrl Pts',(1.25010265260602,0.942434300280088,-0.0544538935791783));
#8732=CARTESIAN_POINT('Ctrl Pts',(1.25010265260602,0.940752798011459,-0.0521308771251392));
#8733=CARTESIAN_POINT('Ctrl Pts',(1.25010265260602,0.939199234073105,-0.0497285610615381));
#8734=CARTESIAN_POINT('Ctrl Pts',(1.25010265260602,0.936765176302009,-0.0459647146314819));
#8735=CARTESIAN_POINT('Ctrl Pts',(1.25010265260602,0.934642753346649,-0.0420039291762924));
#8736=CARTESIAN_POINT('Ctrl Pts',(1.25010265260602,0.932863379069985,-0.0378885265564233));
#8737=CARTESIAN_POINT('Ctrl Pts',(1.25010265260602,0.93182247320993,-0.0354810809955384));
#8738=CARTESIAN_POINT('Ctrl Pts',(1.25010265260602,0.930902620628993,-0.0330282926364771));
#8739=CARTESIAN_POINT('Ctrl Pts',(1.25010265260602,0.930110529312937,-0.0305436312656822));
#8740=CARTESIAN_POINT('Ctrl Pts',(1.25010265260602,0.928741497896992,-0.0262492028258612));
#8741=CARTESIAN_POINT('Ctrl Pts',(1.25010265260602,0.927751369490163,-0.0218549820500972));
#8742=CARTESIAN_POINT('Ctrl Pts',(1.25010265260602,0.927175202332505,-0.0174061342336856));
#8743=CARTESIAN_POINT('Ctrl Pts',(1.25010265260602,0.926825629844879,-0.0147069265860702));
#8744=CARTESIAN_POINT('Ctrl Pts',(1.25010265260602,0.92662871181216,-0.0119876112612243));
#8745=CARTESIAN_POINT('Ctrl Pts',(1.25010265260602,0.926594988370101,-0.0092589532452784));
#8746=CARTESIAN_POINT('Ctrl Pts',(1.25010265260602,0.926579700128012,-0.00802193881913647));
#8747=CARTESIAN_POINT('Ctrl Pts',(1.25010265260602,0.926598028405709,-0.00678543091582084));
#8748=CARTESIAN_POINT('Ctrl Pts',(1.25010265260602,0.926650613175354,-0.00555137041159982));
#8749=CARTESIAN_POINT('Ctrl Pts',(1.25010265260602,0.92683084799225,-0.00132161585491331));
#8750=CARTESIAN_POINT('Ctrl Pts',(1.25010265260602,0.927412572715639,0.002883516692682));
#8751=CARTESIAN_POINT('Ctrl Pts',(1.25010265260602,0.928367633205635,0.00701731186641433));
#8752=CARTESIAN_POINT('Ctrl Pts',(1.25010265260602,0.929024887865408,0.00986211192771469));
#8753=CARTESIAN_POINT('Ctrl Pts',(1.25010265260602,0.929859230633124,0.0126730857438884));
#8754=CARTESIAN_POINT('Ctrl Pts',(1.25010265260602,0.930864207364187,0.0154331646085792));
#8755=CARTESIAN_POINT('Ctrl Pts',(1.25010265260602,0.931696452610092,0.0177188518712405));
#8756=CARTESIAN_POINT('Ctrl Pts',(1.25010265260602,0.932646695613649,0.0199705131340263));
#8757=CARTESIAN_POINT('Ctrl Pts',(1.25010265260602,0.933703441993641,0.0221624052929306));
#8758=CARTESIAN_POINT('Ctrl Pts',(1.25010265260602,0.936247293240527,0.02743883463022));
#8759=CARTESIAN_POINT('Ctrl Pts',(1.25010265260602,0.939413427869316,0.0323945095430902));
#8760=CARTESIAN_POINT('Ctrl Pts',(1.25010265260602,0.943145553158053,0.0368868303470664));
#8761=CARTESIAN_POINT('Ctrl Pts',(1.25010265260602,0.944152193703706,0.0380985132128616));
#8762=CARTESIAN_POINT('Ctrl Pts',(1.25010265260602,0.945200163693471,0.0392762423765505));
#8763=CARTESIAN_POINT('Ctrl Pts',(1.25010265260602,0.946288638430733,0.0404166067831267));
#8764=CARTESIAN_POINT('Ctrl Pts',(0.800181946600026,1.06730806354725,-4.88972179337348E-5));
#8765=CARTESIAN_POINT('Ctrl Pts',(0.799945674377771,1.06733416024865,-0.00323566005789755));
#8766=CARTESIAN_POINT('Ctrl Pts',(0.799709402155516,1.06712719743512,-0.00641901561697041));
#8767=CARTESIAN_POINT('Ctrl Pts',(0.799473129933261,1.06667545992136,-0.00956724505409552));
#8768=CARTESIAN_POINT('Ctrl Pts',(0.797827447355687,1.06352901913822,-0.0314952833373809));
#8769=CARTESIAN_POINT('Ctrl Pts',(0.796181764778112,1.04850758601834,-0.051719214012502));
#8770=CARTESIAN_POINT('Ctrl Pts',(0.794536082200538,1.02842385301322,-0.061067312304253));
#8771=CARTESIAN_POINT('Ctrl Pts',(0.792890399622963,1.0083401200081,-0.0704154105960041));
#8772=CARTESIAN_POINT('Ctrl Pts',(0.791244717045388,0.983194087117746,-0.0688876765043852));
#8773=CARTESIAN_POINT('Ctrl Pts',(0.789599034467814,0.964390164604232,-0.0571761563429464));
#8774=CARTESIAN_POINT('Ctrl Pts',(0.787953351890239,0.945586242090718,-0.0454646361815075));
#8775=CARTESIAN_POINT('Ctrl Pts',(0.786307669312665,0.933124429954044,-0.0235693299502487));
#8776=CARTESIAN_POINT('Ctrl Pts',(0.78466198673509,0.932656639260095,-0.00142201344023491));
#8777=CARTESIAN_POINT('Ctrl Pts',(0.783016304157516,0.932188848566146,0.0207253030697789));
#8778=CARTESIAN_POINT('Ctrl Pts',(0.781370621579941,0.943715079314921,0.0431246298585475));
#8779=CARTESIAN_POINT('Ctrl Pts',(0.779724939002366,0.962007628375114,0.0556203436729649));
#8780=CARTESIAN_POINT('Ctrl Pts',(0.778079256424791,0.980300177435306,0.0681160574873822));
#8781=CARTESIAN_POINT('Ctrl Pts',(0.776433573847218,1.00535904480692,0.0707081583274483));
#8782=CARTESIAN_POINT('Ctrl Pts',(0.774787891269643,1.02581971896851,0.0622149524033023));
#8783=CARTESIAN_POINT('Ctrl Pts',(0.773142208692068,1.0462803931301,0.0537217464791562));
#8784=CARTESIAN_POINT('Ctrl Pts',(0.771496526114493,1.06214287408167,0.0341432337907981));
#8785=CARTESIAN_POINT('Ctrl Pts',(0.769850843536919,1.06621222855803,0.0123707354564879));
#8786=CARTESIAN_POINT('Ctrl Pts',(0.769544544557954,1.06696962803357,0.00831837803338948));
#8787=CARTESIAN_POINT('Ctrl Pts',(0.76923824557899,1.06731849378633,0.00419001725990451));
#8788=CARTESIAN_POINT('Ctrl Pts',(0.768931946600026,1.06728142225056,5.55853983121221E-5));
#8789=CARTESIAN_POINT('Ctrl Pts',(0.750102652606024,1.03951647888932,-0.0718501767304014));
#8790=CARTESIAN_POINT('Ctrl Pts',(0.751748335183598,1.06329056102463,-0.0587748015877873));
#8791=CARTESIAN_POINT('Ctrl Pts',(0.755039700338748,1.09644374615972,-0.00740232747978063));
#8792=CARTESIAN_POINT('Ctrl Pts',(0.759976748071471,1.05884508984299,0.0768846151146787));
#8793=CARTESIAN_POINT('Ctrl Pts',(0.764913795804196,0.967794234657676,0.091217208971276));
#8794=CARTESIAN_POINT('Ctrl Pts',(0.769850843536918,0.905994869224302,0.0229164074235552));
#8795=CARTESIAN_POINT('Ctrl Pts',(0.774787891269643,0.929443715746349,-0.0662249025048462));
#8796=CARTESIAN_POINT('Ctrl Pts',(0.779724939002367,1.01690153522605,-0.0952686486548513));
#8797=CARTESIAN_POINT('Ctrl Pts',(0.78466198673509,1.08902339683808,-0.0379123138014553));
#8798=CARTESIAN_POINT('Ctrl Pts',(0.789599034467814,1.08039849091741,0.0538400186290045));
#8799=CARTESIAN_POINT('Ctrl Pts',(0.794536082200538,0.998846021938201,0.0967525337197201));
#8800=CARTESIAN_POINT('Ctrl Pts',(0.799473129933261,0.918340992293807,0.0519067156479984));
#8801=CARTESIAN_POINT('Ctrl Pts',(0.804410177665986,0.911905133687281,-0.040022542737512));
#8802=CARTESIAN_POINT('Ctrl Pts',(0.809347225398708,0.985376703729938,-0.0956484869967721));
#8803=CARTESIAN_POINT('Ctrl Pts',(0.814284273131434,1.07211236960835,-0.0645158713077744));
#8804=CARTESIAN_POINT('Ctrl Pts',(0.819221320864155,1.09343791177078,0.0251365792009555));
#8805=CARTESIAN_POINT('Ctrl Pts',(0.824158368596881,1.03000973042138,0.0919886009070943));
#8806=CARTESIAN_POINT('Ctrl Pts',(0.829095416329604,0.939360966315311,0.0754015702326044));
#8807=CARTESIAN_POINT('Ctrl Pts',(0.834032464062328,0.903715376266229,-0.00957915081715017));
#8808=CARTESIAN_POINT('Ctrl Pts',(0.838969511795051,0.955405623406639,-0.0858710076952304));
#8809=CARTESIAN_POINT('Ctrl Pts',(0.843906559527776,1.04754559905749,-0.0842727996643816));
#8810=CARTESIAN_POINT('Ctrl Pts',(0.848843607260498,1.09655891246388,-0.00623418847253799));
#8811=CARTESIAN_POINT('Ctrl Pts',(0.853780654993223,1.05798759560061,0.0774591981735815));
#8812=CARTESIAN_POINT('Ctrl Pts',(0.858717702725947,0.966818108965694,0.0908925232526481));
#8813=CARTESIAN_POINT('Ctrl Pts',(0.86365475045867,0.905746554840405,0.0218809674829003));
#8814=CARTESIAN_POINT('Ctrl Pts',(0.868591798191394,0.930168435732539,-0.0669779164245912));
#8815=CARTESIAN_POINT('Ctrl Pts',(0.873528845924118,1.01793166488301,-0.0950838790644553));
#8816=CARTESIAN_POINT('Ctrl Pts',(0.878465893656842,1.08942981617735,-0.0369431541645336));
#8817=CARTESIAN_POINT('Ctrl Pts',(0.883402941389565,1.07980984855103,0.0547071908882919));
#8818=CARTESIAN_POINT('Ctrl Pts',(0.888339989122289,0.997797640154705,0.0967348865333868));
#8819=CARTESIAN_POINT('Ctrl Pts',(0.893277036855013,0.917783102057313,0.0510183335070194));
#8820=CARTESIAN_POINT('Ctrl Pts',(0.898214084587736,0.912344140530242,-0.0409748576780842));
#8821=CARTESIAN_POINT('Ctrl Pts',(0.90315113232046,0.98641421453174,-0.095801435764004));
#8822=CARTESIAN_POINT('Ctrl Pts',(0.908088180053185,1.07280739740524,-0.0637304600976244));
#8823=CARTESIAN_POINT('Ctrl Pts',(0.913025227785907,1.09315997578166,0.0261478024610053));
#8824=CARTESIAN_POINT('Ctrl Pts',(0.917962275518632,1.02901096043555,0.0923084656778598));
#8825=CARTESIAN_POINT('Ctrl Pts',(0.922899323251355,0.938547292561223,0.0747399050683766));
#8826=CARTESIAN_POINT('Ctrl Pts',(0.927836370984079,0.903824855548937,-0.0106221584908232));
#8827=CARTESIAN_POINT('Ctrl Pts',(0.932773418716802,0.956338948113085,-0.0863492976770308));
#8828=CARTESIAN_POINT('Ctrl Pts',(0.937710466449527,1.04845619038927,-0.0837525299566903));
#8829=CARTESIAN_POINT('Ctrl Pts',(0.94264751418225,1.09662080945721,-0.00518727684056489));
#8830=CARTESIAN_POINT('Ctrl Pts',(0.947584561914974,1.05714465449749,0.0780831423775339));
#8831=CARTESIAN_POINT('Ctrl Pts',(0.952521609647698,0.965834926833931,0.0905275451823627));
#8832=CARTESIAN_POINT('Ctrl Pts',(0.957458657380422,0.905514935996294,0.0208581241103549));
#8833=CARTESIAN_POINT('Ctrl Pts',(0.962395705113145,0.930898472068204,-0.0677308459911636));
#8834=CARTESIAN_POINT('Ctrl Pts',(0.967332752845869,1.01896117040815,-0.0948839432040043));
#8835=CARTESIAN_POINT('Ctrl Pts',(0.972269800578593,1.08982496863148,-0.0359717065419629));
#8836=CARTESIAN_POINT('Ctrl Pts',(0.977206848311317,1.07921222135599,0.0555689899947587));
#8837=CARTESIAN_POINT('Ctrl Pts',(0.982143896044041,0.996749316427198,0.0967053344831454));
#8838=CARTESIAN_POINT('Ctrl Pts',(0.987080943776764,0.917234973263103,0.0501242357590458));
#8839=CARTESIAN_POINT('Ctrl Pts',(0.992017991509488,0.912793391819708,-0.041922501724927));
#8840=CARTESIAN_POINT('Ctrl Pts',(0.996955039242212,0.987453348483721,-0.0959430570542576));
#8841=CARTESIAN_POINT('Ctrl Pts',(1.00189208697494,1.07349385822444,-0.0629375997673352));
#8842=CARTESIAN_POINT('Ctrl Pts',(1.00682913470766,1.09287110300957,0.0271559733203101));
#8843=CARTESIAN_POINT('Ctrl Pts',(1.01176618244038,1.02800877871754,0.0926174766226092));
#8844=CARTESIAN_POINT('Ctrl Pts',(1.01670323017311,0.937740839836219,0.0740694649426353));
#8845=CARTESIAN_POINT('Ctrl Pts',(1.02164027790583,0.903945632012725,-0.0116639209424945));
#8846=CARTESIAN_POINT('Ctrl Pts',(1.02657732563855,0.95727740238818,-0.0868174424553379));
#8847=CARTESIAN_POINT('Ctrl Pts',(1.03151437337128,1.0493610890869,-0.0832224221309509));
#8848=CARTESIAN_POINT('Ctrl Pts',(1.036451421104,1.0966713560769,-0.00413975548081133));
#8849=CARTESIAN_POINT('Ctrl Pts',(1.04138846883673,1.05629500027332,0.0786979136026737));
#8850=CARTESIAN_POINT('Ctrl Pts',(1.04632551656945,0.964855758269993,0.090151932505135));
#8851=CARTESIAN_POINT('Ctrl Pts',(1.05126256430217,0.905294416743135,0.0198328303871286));
#8852=CARTESIAN_POINT('Ctrl Pts',(1.0561996120349,0.931636626097302,-0.0684758188693445));
#8853=CARTESIAN_POINT('Ctrl Pts',(1.06113665976762,1.01998844846996,-0.0946728608892289));
#8854=CARTESIAN_POINT('Ctrl Pts',(1.06607370750034,1.09020956892281,-0.034996033145887));
#8855=CARTESIAN_POINT('Ctrl Pts',(1.07101075523307,1.07860528872427,0.0564242611450142));
#8856=CARTESIAN_POINT('Ctrl Pts',(1.07594780296579,0.995701374573544,0.096664422000193));
#8857=CARTESIAN_POINT('Ctrl Pts',(1.08088485069852,0.916696567268908,0.0492242496784153));
#8858=CARTESIAN_POINT('Ctrl Pts',(1.08582189843124,0.913252887683323,-0.0428652209361379));
#8859=CARTESIAN_POINT('Ctrl Pts',(1.09075894616396,0.988493956350292,-0.0960734074586977));
#8860=CARTESIAN_POINT('Ctrl Pts',(1.09569599389669,1.0741716853715,-0.0621373458584331));
#8861=CARTESIAN_POINT('Ctrl Pts',(1.10063304162941,1.09257132022838,0.0281609540384113));
#8862=CARTESIAN_POINT('Ctrl Pts',(1.10557008936213,1.02700330667543,0.0929156073532675));
#8863=CARTESIAN_POINT('Ctrl Pts',(1.11050713709486,0.936941700990087,0.0733903235249566));
#8864=CARTESIAN_POINT('Ctrl Pts',(1.11544418482758,0.904077692438882,-0.0127043131770941));
#8865=CARTESIAN_POINT('Ctrl Pts',(1.1203812325603,0.958220875489369,-0.0872753883786298));
#8866=CARTESIAN_POINT('Ctrl Pts',(1.12531828029303,1.05026018910348,-0.0826825377689214));
#8867=CARTESIAN_POINT('Ctrl Pts',(1.13025532802575,1.09671054625329,-0.00309174781124002));
#8868=CARTESIAN_POINT('Ctrl Pts',(1.13519237575848,1.05543873280933,0.0793034398239831));
#8869=CARTESIAN_POINT('Ctrl Pts',(1.1401294234912,0.963880718265065,0.0897657292265398));
#8870=CARTESIAN_POINT('Ctrl Pts',(1.14506647122392,0.905085023007634,0.0188052068581839));
#8871=CARTESIAN_POINT('Ctrl Pts',(1.15000351895665,0.932382811089448,-0.0692127476674676));
#8872=CARTESIAN_POINT('Ctrl Pts',(1.15494056668937,1.02101337840717,-0.0944506567110626));
#8873=CARTESIAN_POINT('Ctrl Pts',(1.1598776144221,1.09058357184229,-0.0340162489762021));
#8874=CARTESIAN_POINT('Ctrl Pts',(1.16481466215482,1.07798912200667,0.057272904602758));
#8875=CARTESIAN_POINT('Ctrl Pts',(1.16975170988754,0.994653937601866,0.0966121524611685));
#8876=CARTESIAN_POINT('Ctrl Pts',(1.17468875762027,0.916167947514917,0.0483184837724678));
#8877=CARTESIAN_POINT('Ctrl Pts',(1.17962580535299,0.913722573770238,-0.0438029099823626));
#8878=CARTESIAN_POINT('Ctrl Pts',(1.18456285308572,0.989535916609974,-0.0961924611163208));
#8879=CARTESIAN_POINT('Ctrl Pts',(1.18949990081844,1.07484079780957,-0.0613298129235427));
#8880=CARTESIAN_POINT('Ctrl Pts',(1.19443694855116,1.09226066539963,0.0291626665644603));
#8881=CARTESIAN_POINT('Ctrl Pts',(1.19937399628388,1.02599465708146,0.0932027449262688));
#8882=CARTESIAN_POINT('Ctrl Pts',(1.20431104401661,0.936149980311967,0.072702712354281));
#8883=CARTESIAN_POINT('Ctrl Pts',(1.20924809174933,0.904221001038329,-0.0137435085339492));
#8884=CARTESIAN_POINT('Ctrl Pts',(1.21418513948206,0.95916929607025,-0.0877225060241302));
#8885=CARTESIAN_POINT('Ctrl Pts',(1.21912218721478,1.05115330791136,-0.0821340613722012));
#8886=CARTESIAN_POINT('Ctrl Pts',(1.22405923494751,1.0967385251659,-0.0020411935472347));
#8887=CARTESIAN_POINT('Ctrl Pts',(1.22899628268023,1.05457566095422,0.0798953974952785));
#8888=CARTESIAN_POINT('Ctrl Pts',(1.23393333041295,0.962910489817361,0.0893772632936944));
#8889=CARTESIAN_POINT('Ctrl Pts',(1.23887037814568,0.904885669523314,0.0177592364512199));
#8890=CARTESIAN_POINT('Ctrl Pts',(1.2438074258784,0.933139129394301,-0.0699100458849962));
#8891=CARTESIAN_POINT('Ctrl Pts',(1.24874447361112,1.02203128027958,-0.0942794321642049));
#8892=CARTESIAN_POINT('Ctrl Pts',(1.25368152134385,1.09095885725995,-0.0329040561542734));
#8893=CARTESIAN_POINT('Ctrl Pts',(1.256972886499,1.08185856764647,0.0275562573540942));
#8894=CARTESIAN_POINT('Ctrl Pts',(1.25861856907657,1.06556256810828,0.0492498696754266));
#8895=CARTESIAN_POINT('Ctrl Pts',(0.747264013782508,1.03714709651689,-0.0675420868654688));
#8896=CARTESIAN_POINT('Ctrl Pts',(0.748909696360083,1.05949570015019,-0.0552507027120968));
#8897=CARTESIAN_POINT('Ctrl Pts',(0.752201061515232,1.09066104186763,-0.00695848873861486));
#8898=CARTESIAN_POINT('Ctrl Pts',(0.757138109247956,1.05531677652924,0.0722746635986562));
#8899=CARTESIAN_POINT('Ctrl Pts',(0.762075156980679,0.969725271400762,0.0857478844496244));
#8900=CARTESIAN_POINT('Ctrl Pts',(0.767012204713403,0.911631355724065,0.0215423545394193));
#8901=CARTESIAN_POINT('Ctrl Pts',(0.771949252446128,0.933674224659931,-0.062254100423763));
#8902=CARTESIAN_POINT('Ctrl Pts',(0.776886300178849,1.01588813016676,-0.0895564024448551));
#8903=CARTESIAN_POINT('Ctrl Pts',(0.781823347911575,1.08368561186506,-0.0356391161243355));
#8904=CARTESIAN_POINT('Ctrl Pts',(0.786760395644298,1.0755778496937,0.0506118061299077));
#8905=CARTESIAN_POINT('Ctrl Pts',(0.791697443377022,0.998915213712231,0.0909513147263629));
#8906=CARTESIAN_POINT('Ctrl Pts',(0.796634491109745,0.92323721328432,0.0487944227382099));
#8907=CARTESIAN_POINT('Ctrl Pts',(0.80157153884247,0.917187244573919,-0.0376228171058928));
#8908=CARTESIAN_POINT('Ctrl Pts',(0.806508586575193,0.986253507063203,-0.0899134659268437));
#8909=CARTESIAN_POINT('Ctrl Pts',(0.811445634307917,1.06778855882899,-0.0606475416257025));
#8910=CARTESIAN_POINT('Ctrl Pts',(0.81638268204064,1.08783543535363,0.0236294062610608));
#8911=CARTESIAN_POINT('Ctrl Pts',(0.821319729773364,1.02821036650383,0.0864730242266891));
#8912=CARTESIAN_POINT('Ctrl Pts',(0.826256777506088,0.942996843335024,0.0708805411231293));
#8913=CARTESIAN_POINT('Ctrl Pts',(0.831193825238812,0.90948853968116,-0.00900479116449589));
#8914=CARTESIAN_POINT('Ctrl Pts',(0.836130872971536,0.958079473222704,-0.0807222379248863));
#8915=CARTESIAN_POINT('Ctrl Pts',(0.84106792070426,1.04469479586197,-0.0792198574080823));
#8916=CARTESIAN_POINT('Ctrl Pts',(0.846004968436984,1.09076930287509,-0.00586039058648131));
#8917=CARTESIAN_POINT('Ctrl Pts',(0.850942016169707,1.05451069708391,0.0728147950310598));
#8918=CARTESIAN_POINT('Ctrl Pts',(0.855879063902431,0.968807673570394,0.0854426666755077));
#8919=CARTESIAN_POINT('Ctrl Pts',(0.860816111635154,0.911397930109121,0.0205689989041492));
#8920=CARTESIAN_POINT('Ctrl Pts',(0.865753159367879,0.934355490907112,-0.0629619641186451));
#8921=CARTESIAN_POINT('Ctrl Pts',(0.870690207100602,1.01685649391949,-0.0893827115189239));
#8922=CARTESIAN_POINT('Ctrl Pts',(0.875627254833326,1.08406766256509,-0.0347280666688959));
#8923=CARTESIAN_POINT('Ctrl Pts',(0.880564302566049,1.07502450194075,0.0514269833045427));
#8924=CARTESIAN_POINT('Ctrl Pts',(0.885501350298773,0.997929692218601,0.0909347256538443));
#8925=CARTESIAN_POINT('Ctrl Pts',(0.890438398031497,0.922712773783551,0.0479593074125945));
#8926=CARTESIAN_POINT('Ctrl Pts',(0.89537544576422,0.917599928852108,-0.0385180318620202));
#8927=CARTESIAN_POINT('Ctrl Pts',(0.900312493496945,0.987228809392132,-0.0900572439854712));
#8928=CARTESIAN_POINT('Ctrl Pts',(0.905249541229669,1.06844191321122,-0.0599092231608766));
#8929=CARTESIAN_POINT('Ctrl Pts',(0.910186588962392,1.08757416422565,0.0245799972321442));
#8930=CARTESIAN_POINT('Ctrl Pts',(0.915123636695117,1.02727148211676,0.0867737101138418));
#8931=CARTESIAN_POINT('Ctrl Pts',(0.920060684427839,0.94223195693001,0.0702585489717971));
#8932=CARTESIAN_POINT('Ctrl Pts',(0.924997732160564,0.909591454657285,-0.00998526077643442));
#8933=CARTESIAN_POINT('Ctrl Pts',(0.929934779893287,0.958956836386791,-0.0811718499504609));
#8934=CARTESIAN_POINT('Ctrl Pts',(0.934871827626012,1.04555078872975,-0.0787307827336773));
#8935=CARTESIAN_POINT('Ctrl Pts',(0.939808875358734,1.09082748856496,-0.00487625109504325));
#8936=CARTESIAN_POINT('Ctrl Pts',(0.944745923091459,1.05371829818107,0.0734013279463607));
#8937=CARTESIAN_POINT('Ctrl Pts',(0.949682970824182,0.967883442399784,0.0850995724529323));
#8938=CARTESIAN_POINT('Ctrl Pts',(0.954620018556906,0.911180198980256,0.0196074845549577));
#8939=CARTESIAN_POINT('Ctrl Pts',(0.95955706628963,0.935041754738911,-0.0636697485181162));
#8940=CARTESIAN_POINT('Ctrl Pts',(0.964494114022353,1.01782427096294,-0.0891947636826258));
#8941=CARTESIAN_POINT('Ctrl Pts',(0.969431161755078,1.08443912193508,-0.0338148664139388));
#8942=CARTESIAN_POINT('Ctrl Pts',(0.974368209487801,1.07446270808362,0.0522371094971056));
#8943=CARTESIAN_POINT('Ctrl Pts',(0.979305257220524,0.996944225299958,0.0909069455253145));
#8944=CARTESIAN_POINT('Ctrl Pts',(0.984242304953249,0.922197510435335,0.0471188191840623));
#8945=CARTESIAN_POINT('Ctrl Pts',(0.989179352685972,0.918022243326453,-0.0394088557881681));
#8946=CARTESIAN_POINT('Ctrl Pts',(0.994116400418696,0.988205637548214,-0.0901903737552727));
#8947=CARTESIAN_POINT('Ctrl Pts',(0.99905344815142,1.06908721428619,-0.05916390222031));
#8948=CARTESIAN_POINT('Ctrl Pts',(1.00399049588414,1.08730261207709,0.0255277188224459));
#8949=CARTESIAN_POINT('Ctrl Pts',(1.00892754361687,1.02632939056273,0.0870641929633268));
#8950=CARTESIAN_POINT('Ctrl Pts',(1.01386459134959,0.941473858585876,0.0696283079999367));
#8951=CARTESIAN_POINT('Ctrl Pts',(1.01880163908231,0.909704989442856,-0.0109645598290726));
#8952=CARTESIAN_POINT('Ctrl Pts',(1.02373868681504,0.959839021553929,-0.081611925072345));
#8953=CARTESIAN_POINT('Ctrl Pts',(1.02867573454776,1.04640143029003,-0.0782324598283838));
#8954=CARTESIAN_POINT('Ctrl Pts',(1.03361278228049,1.09087500444221,-0.00389153843470569));
#8955=CARTESIAN_POINT('Ctrl Pts',(1.03854983001321,1.05291958867157,0.0739792378886922));
#8956=CARTESIAN_POINT('Ctrl Pts',(1.04348687774593,0.966962984146082,0.0847464812675304));
#8957=CARTESIAN_POINT('Ctrl Pts',(1.04842392547866,0.910972901918089,0.0186436667765183));
#8958=CARTESIAN_POINT('Ctrl Pts',(1.05336097321138,0.935735649532525,-0.0643700533070565));
#8959=CARTESIAN_POINT('Ctrl Pts',(1.0582980209441,1.01878995410032,-0.0889963377261552));
#8960=CARTESIAN_POINT('Ctrl Pts',(1.06323506867683,1.08480066184309,-0.0328976937601072));
#8961=CARTESIAN_POINT('Ctrl Pts',(1.06817211640955,1.07389216673776,0.0530410991454656));
#8962=CARTESIAN_POINT('Ctrl Pts',(1.07310916414228,0.995959117358261,0.0908684861282301));
#8963=CARTESIAN_POINT('Ctrl Pts',(1.078046211875,0.921691386914369,0.0462727956834697));
#8964=CARTESIAN_POINT('Ctrl Pts',(1.08298325960772,0.918454188116945,-0.0402950501686256));
#8965=CARTESIAN_POINT('Ctrl Pts',(1.08792030734045,0.989183851243921,-0.0903129084342432));
#8966=CARTESIAN_POINT('Ctrl Pts',(1.09285735507317,1.06972439935838,-0.0584116310152953));
#8967=CARTESIAN_POINT('Ctrl Pts',(1.09779440280589,1.08702080407647,0.0264724415503357));
#8968=CARTESIAN_POINT('Ctrl Pts',(1.10273145053862,1.0253842059703,0.087344447969281));
#8969=CARTESIAN_POINT('Ctrl Pts',(1.10766849827134,0.940722635585194,0.068989887459944));
#8970=CARTESIAN_POINT('Ctrl Pts',(1.11260554600406,0.909829131611753,-0.0119425708219634));
#8971=CARTESIAN_POINT('Ctrl Pts',(1.11754259373679,0.960725924621613,-0.0820424128559273));
#8972=CARTESIAN_POINT('Ctrl Pts',(1.12247964146951,1.04724662085438,-0.0777249465815572));
#8973=CARTESIAN_POINT('Ctrl Pts',(1.12741668920224,1.09091184480111,-0.0029063686233709));
#8974=CARTESIAN_POINT('Ctrl Pts',(1.13235373693496,1.05211466244779,0.07454845715161));
#8975=CARTESIAN_POINT('Ctrl Pts',(1.13729078466768,0.966046406905677,0.0843834344863307));
#8976=CARTESIAN_POINT('Ctrl Pts',(1.14222783240041,0.910776063294777,0.017677658885996));
#8977=CARTESIAN_POINT('Ctrl Pts',(1.14716488013313,0.936437093757866,-0.0650627963337475));
#8978=CARTESIAN_POINT('Ctrl Pts',(1.15210192786586,1.01975342990511,-0.0887874567659887));
#8979=CARTESIAN_POINT('Ctrl Pts',(1.15703897559858,1.08515223979077,-0.0319766568119786));
#8980=CARTESIAN_POINT('Ctrl Pts',(1.1619760233313,1.07331294497579,0.0538388584934463));
#8981=CARTESIAN_POINT('Ctrl Pts',(1.16691307106403,0.994974484026143,0.0908193506367691));
#8982=CARTESIAN_POINT('Ctrl Pts',(1.17185011879675,0.92119446285701,0.0454213389121268));
#8983=CARTESIAN_POINT('Ctrl Pts',(1.17678716652948,0.918895712131576,-0.0411765159895177));
#8984=CARTESIAN_POINT('Ctrl Pts',(1.1817242142622,0.990163336244132,-0.0904248237119885));
#8985=CARTESIAN_POINT('Ctrl Pts',(1.18666126199492,1.07035339224985,-0.0576525172299562));
#8986=CARTESIAN_POINT('Ctrl Pts',(1.19159830972765,1.08672877590921,0.0274140920448433));
#8987=CARTESIAN_POINT('Ctrl Pts',(1.19653535746037,1.02443603434995,0.0876143689601612));
#8988=CARTESIAN_POINT('Ctrl Pts',(1.20147240519309,0.939978385963992,0.0683435050078353));
#8989=CARTESIAN_POINT('Ctrl Pts',(1.20640945292582,0.909963847520787,-0.012919456701121));
#8990=CARTESIAN_POINT('Ctrl Pts',(1.21134650065854,0.961617478521321,-0.0824627216182118));
#8991=CARTESIAN_POINT('Ctrl Pts',(1.21628354839126,1.04808618883944,-0.0772093564728516));
#8992=CARTESIAN_POINT('Ctrl Pts',(1.22122059612399,1.09093814611631,-0.00191880490974811));
#8993=CARTESIAN_POINT('Ctrl Pts',(1.22615764385671,1.05130333981977,0.0751049214259479));
#8994=CARTESIAN_POINT('Ctrl Pts',(1.23109469158944,0.965134352724653,0.0840182607181579));
#8995=CARTESIAN_POINT('Ctrl Pts',(1.23603173932216,0.910588662915718,0.0166944041843277));
#8996=CARTESIAN_POINT('Ctrl Pts',(1.24096878705488,0.937148063709074,-0.0657182850036804));
#8997=CARTESIAN_POINT('Ctrl Pts',(1.24590583478761,1.0207102990433,-0.088626498731595));
#8998=CARTESIAN_POINT('Ctrl Pts',(1.25084288252033,1.08550502333887,-0.0309311503482754));
#8999=CARTESIAN_POINT('Ctrl Pts',(1.25413424767548,1.07695038117173,0.0259040020859118));
#9000=CARTESIAN_POINT('Ctrl Pts',(1.25577993025306,1.06163147916683,0.0462968795221236));
#9001=CARTESIAN_POINT('Ctrl Pts',(0.744425374958993,1.03477771414446,-0.0632339970005362));
#9002=CARTESIAN_POINT('Ctrl Pts',(0.746071057536567,1.05570083927575,-0.0517266038364063));
#9003=CARTESIAN_POINT('Ctrl Pts',(0.749362422691716,1.08487833757553,-0.00651464999744914));
#9004=CARTESIAN_POINT('Ctrl Pts',(0.75429947042444,1.05178846321548,0.0676647120826339));
#9005=CARTESIAN_POINT('Ctrl Pts',(0.759236518157164,0.971656308143848,0.0802785599279726));
#9006=CARTESIAN_POINT('Ctrl Pts',(0.764173565889887,0.917267842223826,0.0201683016552833));
#9007=CARTESIAN_POINT('Ctrl Pts',(0.769110613622612,0.937904733573515,-0.0582832983426796));
#9008=CARTESIAN_POINT('Ctrl Pts',(0.774047661355335,1.01487472510748,-0.083844156234859));
#9009=CARTESIAN_POINT('Ctrl Pts',(0.778984709088059,1.07834782689205,-0.0333659184472156));
#9010=CARTESIAN_POINT('Ctrl Pts',(0.783921756820783,1.07075720846999,0.0473835936308109));
#9011=CARTESIAN_POINT('Ctrl Pts',(0.788858804553506,0.998984405486262,0.0851500957330057));
#9012=CARTESIAN_POINT('Ctrl Pts',(0.793795852286231,0.928133434274833,0.0456821298284214));
#9013=CARTESIAN_POINT('Ctrl Pts',(0.798732900018953,0.922469355460555,-0.0352230914742737));
#9014=CARTESIAN_POINT('Ctrl Pts',(0.803669947751679,0.987130310396469,-0.0841784448569153));
#9015=CARTESIAN_POINT('Ctrl Pts',(0.8086069954844,1.06346474804963,-0.0567792119436307));
#9016=CARTESIAN_POINT('Ctrl Pts',(0.813544043217126,1.08223295893648,0.0221222333211662));
#9017=CARTESIAN_POINT('Ctrl Pts',(0.818481090949848,1.02641100258629,0.0809574475462841));
#9018=CARTESIAN_POINT('Ctrl Pts',(0.823418138682574,0.946632720354737,0.0663595120136539));
#9019=CARTESIAN_POINT('Ctrl Pts',(0.828355186415296,0.91526170309609,-0.0084304315118415));
#9020=CARTESIAN_POINT('Ctrl Pts',(0.83329223414802,0.96075332303877,-0.0755734681545422));
#9021=CARTESIAN_POINT('Ctrl Pts',(0.838229281880745,1.04184399266645,-0.074166915151783));
#9022=CARTESIAN_POINT('Ctrl Pts',(0.843166329613467,1.0849796932863,-0.00548659270042463));
#9023=CARTESIAN_POINT('Ctrl Pts',(0.848103377346192,1.0510337985672,0.0681703918885382));
#9024=CARTESIAN_POINT('Ctrl Pts',(0.853040425078915,0.970797238175093,0.0799928100983672));
#9025=CARTESIAN_POINT('Ctrl Pts',(0.857977472811639,0.917049305377837,0.0192570303253981));
#9026=CARTESIAN_POINT('Ctrl Pts',(0.862914520544363,0.938542546081686,-0.0589460118126991));
#9027=CARTESIAN_POINT('Ctrl Pts',(0.867851568277085,1.01578132295598,-0.0836815439733926));
#9028=CARTESIAN_POINT('Ctrl Pts',(0.872788616009811,1.07870550895283,-0.0325129791732582));
#9029=CARTESIAN_POINT('Ctrl Pts',(0.877725663742534,1.07023915533048,0.0481467757207935));
#9030=CARTESIAN_POINT('Ctrl Pts',(0.882662711475259,0.998061744282495,0.0851345647743018));
#9031=CARTESIAN_POINT('Ctrl Pts',(0.88759975920798,0.927642445509789,0.0449002813181695));
#9032=CARTESIAN_POINT('Ctrl Pts',(0.892536806940707,0.922855717173973,-0.0360612060459562));
#9033=CARTESIAN_POINT('Ctrl Pts',(0.897473854673428,0.988043404252527,-0.0843130522069384));
#9034=CARTESIAN_POINT('Ctrl Pts',(0.902410902406153,1.06407642901721,-0.0560879862241288));
#9035=CARTESIAN_POINT('Ctrl Pts',(0.907347950138876,1.08198835266964,0.0230121920032831));
#9036=CARTESIAN_POINT('Ctrl Pts',(0.912284997871601,1.02553200379796,0.0812389545498238));
#9037=CARTESIAN_POINT('Ctrl Pts',(0.917222045604324,0.9459166212988,0.0657771928752176));
#9038=CARTESIAN_POINT('Ctrl Pts',(0.922159093337048,0.91535805376563,-0.00934836306204557));
#9039=CARTESIAN_POINT('Ctrl Pts',(0.927096141069772,0.9615747246605,-0.075994402223891));
#9040=CARTESIAN_POINT('Ctrl Pts',(0.932033188802495,1.04264538707023,-0.0737090355106643));
#9041=CARTESIAN_POINT('Ctrl Pts',(0.936970236535218,1.08503416767271,-0.00456522534952156));
#9042=CARTESIAN_POINT('Ctrl Pts',(0.941907284267944,1.05029194186466,0.0687195135151875));
#9043=CARTESIAN_POINT('Ctrl Pts',(0.946844332000665,0.969931957965634,0.0796715997235021));
#9044=CARTESIAN_POINT('Ctrl Pts',(0.951781379733391,0.916845461964218,0.0183568449995603));
#9045=CARTESIAN_POINT('Ctrl Pts',(0.956718427466113,0.939185037409617,-0.0596086510450687));
#9046=CARTESIAN_POINT('Ctrl Pts',(0.961655475198838,1.01668737151774,-0.0835055841612476));
#9047=CARTESIAN_POINT('Ctrl Pts',(0.966592522931561,1.07905327523868,-0.0316580262859145));
#9048=CARTESIAN_POINT('Ctrl Pts',(0.971529570664286,1.06971319481127,0.0489052289994523));
#9049=CARTESIAN_POINT('Ctrl Pts',(0.976466618397008,0.997139134172715,0.0851085565674838));
#9050=CARTESIAN_POINT('Ctrl Pts',(0.981403666129734,0.927160047607571,0.0441134026090789));
#9051=CARTESIAN_POINT('Ctrl Pts',(0.986340713862455,0.923251094833196,-0.0368952098514092));
#9052=CARTESIAN_POINT('Ctrl Pts',(0.991277761595181,0.988957926612708,-0.0844376904562877));
#9053=CARTESIAN_POINT('Ctrl Pts',(0.996214809327903,1.06468057034793,-0.0553902046732848));
#9054=CARTESIAN_POINT('Ctrl Pts',(1.00115185706063,1.0817341211446,0.0238994643245818));
#9055=CARTESIAN_POINT('Ctrl Pts',(1.00608890479335,1.02465000240791,0.0815109093040443));
#9056=CARTESIAN_POINT('Ctrl Pts',(1.01102595252607,0.945206877335535,0.065187151057238));
#9057=CARTESIAN_POINT('Ctrl Pts',(1.0159630002588,0.915464346872988,-0.0102651987156507));
#9058=CARTESIAN_POINT('Ctrl Pts',(1.02090004799152,0.962400640719678,-0.0764064076893522));
#9059=CARTESIAN_POINT('Ctrl Pts',(1.02583709572425,1.04344177149315,-0.0732424975258165));
#9060=CARTESIAN_POINT('Ctrl Pts',(1.03077414345697,1.08507865280751,-0.00364332138860016));
#9061=CARTESIAN_POINT('Ctrl Pts',(1.03571119118969,1.04954417706982,0.0692605621747107));
#9062=CARTESIAN_POINT('Ctrl Pts',(1.04064823892242,0.969070210022168,0.0793410300299258));
#9063=CARTESIAN_POINT('Ctrl Pts',(1.04558528665514,0.916651387093044,0.0174545031659079));
#9064=CARTESIAN_POINT('Ctrl Pts',(1.05052233438787,0.939834672967747,-0.0602642877447686));
#9065=CARTESIAN_POINT('Ctrl Pts',(1.05545938212059,1.01759145973068,-0.0833198145630815));
#9066=CARTESIAN_POINT('Ctrl Pts',(1.06039642985331,1.07939175476337,-0.0307993543743274));
#9067=CARTESIAN_POINT('Ctrl Pts',(1.06533347758604,1.06917904475124,0.049657937145917));
#9068=CARTESIAN_POINT('Ctrl Pts',(1.07027052531876,0.996216860142977,0.0850725502562673));
#9069=CARTESIAN_POINT('Ctrl Pts',(1.07520757305148,0.926686206559831,0.0433213416885241));
#9070=CARTESIAN_POINT('Ctrl Pts',(1.08014462078421,0.923655488550567,-0.0377248794011133));
#9071=CARTESIAN_POINT('Ctrl Pts',(1.08508166851693,0.989873746137553,-0.0845524094097887));
#9072=CARTESIAN_POINT('Ctrl Pts',(1.09001871624966,1.06527711334525,-0.0546859161721576));
#9073=CARTESIAN_POINT('Ctrl Pts',(1.09495576398238,1.08147028792457,0.0247839290622603));
#9074=CARTESIAN_POINT('Ctrl Pts',(1.0998928117151,1.02376510526517,0.0817732885852944));
#9075=CARTESIAN_POINT('Ctrl Pts',(1.10482985944783,0.944503570180301,0.0645894513949314));
#9076=CARTESIAN_POINT('Ctrl Pts',(1.10976690718055,0.915580570784624,-0.0111808284668328));
#9077=CARTESIAN_POINT('Ctrl Pts',(1.11470395491327,0.963230973753856,-0.0768094373332249));
#9078=CARTESIAN_POINT('Ctrl Pts',(1.119641002646,1.04423305260529,-0.0727673553941931));
#9079=CARTESIAN_POINT('Ctrl Pts',(1.12457805037872,1.08511314334893,-0.00272098943550183));
#9080=CARTESIAN_POINT('Ctrl Pts',(1.12951509811145,1.04879059208626,0.0697934744792371));
#9081=CARTESIAN_POINT('Ctrl Pts',(1.13445214584417,0.968212095546288,0.0790011397461214));
#9082=CARTESIAN_POINT('Ctrl Pts',(1.13938919357689,0.916467103581921,0.0165501109138082));
#9083=CARTESIAN_POINT('Ctrl Pts',(1.14432624130962,0.940491376426282,-0.0609128450000273));
#9084=CARTESIAN_POINT('Ctrl Pts',(1.14926328904234,1.01849348140306,-0.0831242568209149));
#9085=CARTESIAN_POINT('Ctrl Pts',(1.15420033677507,1.07972090773925,-0.0299370646477551));
#9086=CARTESIAN_POINT('Ctrl Pts',(1.15913738450779,1.0686367679449,0.0504048123841346));
#9087=CARTESIAN_POINT('Ctrl Pts',(1.16407443224051,0.995295030450423,0.0850265488123698));
#9088=CARTESIAN_POINT('Ctrl Pts',(1.16901147997323,0.926220978199103,0.0425241940517857));
#9089=CARTESIAN_POINT('Ctrl Pts',(1.17394852770596,0.924068850492913,-0.0385501219966727));
#9090=CARTESIAN_POINT('Ctrl Pts',(1.17888557543868,0.990790755878291,-0.0846571863076562));
#9091=CARTESIAN_POINT('Ctrl Pts',(1.18382262317141,1.06586598669013,-0.0539752215363699));
#9092=CARTESIAN_POINT('Ctrl Pts',(1.18875967090413,1.08119688641878,0.0256655175252263));
#9093=CARTESIAN_POINT('Ctrl Pts',(1.19369671863686,1.02287741161844,0.0820259929940536));
#9094=CARTESIAN_POINT('Ctrl Pts',(1.19863376636958,0.943806791616019,0.0639842976613897));
#9095=CARTESIAN_POINT('Ctrl Pts',(1.2035708141023,0.915706694003245,-0.0120954048682927));
#9096=CARTESIAN_POINT('Ctrl Pts',(1.20850786183503,0.964065660972394,-0.0772029372122934));
#9097=CARTESIAN_POINT('Ctrl Pts',(1.21344490956775,1.04501906976752,-0.0722846515735022));
#9098=CARTESIAN_POINT('Ctrl Pts',(1.21838195730047,1.08513776706673,-0.00179641627226144));
#9099=CARTESIAN_POINT('Ctrl Pts',(1.2233190050332,1.04803101868532,0.0703144453566171));
#9100=CARTESIAN_POINT('Ctrl Pts',(1.22825605276592,0.967358215631945,0.0786592581426213));
#9101=CARTESIAN_POINT('Ctrl Pts',(1.23319310049864,0.916291656308121,0.0156295719174354));
#9102=CARTESIAN_POINT('Ctrl Pts',(1.23813014823137,0.941156998023846,-0.0615265241223645));
#9103=CARTESIAN_POINT('Ctrl Pts',(1.24306719596409,1.01938931780702,-0.0829735652989852));
#9104=CARTESIAN_POINT('Ctrl Pts',(1.24800424369682,1.0800511894178,-0.0289582445422772));
#9105=CARTESIAN_POINT('Ctrl Pts',(1.25129560885196,1.07204219469699,0.0242517468177293));
#9106=CARTESIAN_POINT('Ctrl Pts',(1.25294129142954,1.05770039022538,0.0433438893688206));
#9107=CARTESIAN_POINT('Ctrl Pts',(0.741586736135477,1.03240833177203,-0.0589259071356036));
#9108=CARTESIAN_POINT('Ctrl Pts',(0.743232418713051,1.0519059784013,-0.0482025049607158));
#9109=CARTESIAN_POINT('Ctrl Pts',(0.7465237838682,1.07909563328343,-0.00607081125628346));
#9110=CARTESIAN_POINT('Ctrl Pts',(0.751460831600925,1.04826014990172,0.0630547605666115));
#9111=CARTESIAN_POINT('Ctrl Pts',(0.756397879333648,0.973587344886936,0.0748092354063209));
#9112=CARTESIAN_POINT('Ctrl Pts',(0.761334927066371,0.922904328723587,0.0187942487711474));
#9113=CARTESIAN_POINT('Ctrl Pts',(0.766271974799096,0.942135242487098,-0.0543124962615964));
#9114=CARTESIAN_POINT('Ctrl Pts',(0.771209022531819,1.01386132004819,-0.0781319100248628));
#9115=CARTESIAN_POINT('Ctrl Pts',(0.776146070264543,1.07301004191903,-0.0310927207700959));
#9116=CARTESIAN_POINT('Ctrl Pts',(0.781083117997267,1.06593656724628,0.0441553811317141));
#9117=CARTESIAN_POINT('Ctrl Pts',(0.78602016572999,0.999053597260295,0.0793488767396484));
#9118=CARTESIAN_POINT('Ctrl Pts',(0.790957213462715,0.933029655265346,0.0425698369186329));
#9119=CARTESIAN_POINT('Ctrl Pts',(0.795894261195437,0.927751466347192,-0.0328233658426546));
#9120=CARTESIAN_POINT('Ctrl Pts',(0.800831308928163,0.988007113729735,-0.0784434237869869));
#9121=CARTESIAN_POINT('Ctrl Pts',(0.805768356660885,1.05914093727026,-0.0529108822615588));
#9122=CARTESIAN_POINT('Ctrl Pts',(0.81070540439361,1.07663048251933,0.0206150603812714));
#9123=CARTESIAN_POINT('Ctrl Pts',(0.815642452126332,1.02461163866875,0.0754418708658791));
#9124=CARTESIAN_POINT('Ctrl Pts',(0.820579499859057,0.950268597374447,0.0618384829041787));
#9125=CARTESIAN_POINT('Ctrl Pts',(0.825516547591781,0.921034866511024,-0.00785607185918715));
#9126=CARTESIAN_POINT('Ctrl Pts',(0.830453595324505,0.963427172854834,-0.0704246983841982));
#9127=CARTESIAN_POINT('Ctrl Pts',(0.835390643057228,1.03899318947093,-0.0691139728954836));
#9128=CARTESIAN_POINT('Ctrl Pts',(0.840327690789952,1.07919008369751,-0.00511279481436806));
#9129=CARTESIAN_POINT('Ctrl Pts',(0.845264738522676,1.0475569000505,0.0635259887460166));
#9130=CARTESIAN_POINT('Ctrl Pts',(0.8502017862554,0.972786802779791,0.0745429535212266));
#9131=CARTESIAN_POINT('Ctrl Pts',(0.855138833988123,0.922700680646553,0.017945061746647));
#9132=CARTESIAN_POINT('Ctrl Pts',(0.860075881720848,0.942729601256259,-0.0549300595067531));
#9133=CARTESIAN_POINT('Ctrl Pts',(0.86501292945357,1.01470615199246,-0.0779803764278611));
#9134=CARTESIAN_POINT('Ctrl Pts',(0.869949977186296,1.07334335534057,-0.0302978916776206));
#9135=CARTESIAN_POINT('Ctrl Pts',(0.874887024919018,1.0654538087202,0.0448665681370443));
#9136=CARTESIAN_POINT('Ctrl Pts',(0.879824072651742,0.99819379634639,0.0793344038947593));
#9137=CARTESIAN_POINT('Ctrl Pts',(0.884761120384466,0.932572117236029,0.0418412552237446));
#9138=CARTESIAN_POINT('Ctrl Pts',(0.88969816811719,0.928111505495838,-0.0336043802298922));
#9139=CARTESIAN_POINT('Ctrl Pts',(0.894635215849913,0.988857999112922,-0.0785688604284056));
#9140=CARTESIAN_POINT('Ctrl Pts',(0.899572263582638,1.0597109448232,-0.052266749287381));
#9141=CARTESIAN_POINT('Ctrl Pts',(0.904509311315361,1.07640254111362,0.0214443867744221));
#9142=CARTESIAN_POINT('Ctrl Pts',(0.909446359048085,1.02379252547916,0.0757041989858057));
#9143=CARTESIAN_POINT('Ctrl Pts',(0.914383406780808,0.949601285667588,0.0612958367786381));
#9144=CARTESIAN_POINT('Ctrl Pts',(0.919320454513532,0.921124652873976,-0.00871146534765679));
#9145=CARTESIAN_POINT('Ctrl Pts',(0.924257502246256,0.964192612934208,-0.0708169544973211));
#9146=CARTESIAN_POINT('Ctrl Pts',(0.929194549978979,1.03973998541071,-0.0686872882876514));
#9147=CARTESIAN_POINT('Ctrl Pts',(0.934131597711704,1.07924084678046,-0.00425419960399989));
#9148=CARTESIAN_POINT('Ctrl Pts',(0.939068645444427,1.04686558554825,0.0640376990840141));
#9149=CARTESIAN_POINT('Ctrl Pts',(0.944005693177151,0.971980473531486,0.0742436269940719));
#9150=CARTESIAN_POINT('Ctrl Pts',(0.948942740909875,0.92251072494818,0.017106205444163));
#9151=CARTESIAN_POINT('Ctrl Pts',(0.953879788642598,0.943328320080325,-0.0555475535720213));
#9152=CARTESIAN_POINT('Ctrl Pts',(0.958816836375322,1.01555047207253,-0.0778164046398693));
#9153=CARTESIAN_POINT('Ctrl Pts',(0.963753884108046,1.07366742854228,-0.0295011861578903));
#9154=CARTESIAN_POINT('Ctrl Pts',(0.968690931840769,1.0649636815389,0.0455733485017991));
#9155=CARTESIAN_POINT('Ctrl Pts',(0.973627979573493,0.997334043045476,0.0793101676096529));
#9156=CARTESIAN_POINT('Ctrl Pts',(0.978565027306217,0.932122584779801,0.0411079860340954));
#9157=CARTESIAN_POINT('Ctrl Pts',(0.98350207503894,0.928479946339944,-0.0343815639146504));
#9158=CARTESIAN_POINT('Ctrl Pts',(0.988439122771665,0.989710215677198,-0.0786850071573028));
#9159=CARTESIAN_POINT('Ctrl Pts',(0.993376170504388,1.06027392640968,-0.0516165071262596));
#9160=CARTESIAN_POINT('Ctrl Pts',(0.998313218237113,1.07616563021212,0.0222712098267177));
#9161=CARTESIAN_POINT('Ctrl Pts',(1.00325026596984,1.0229706142531,0.0759576256447619));
#9162=CARTESIAN_POINT('Ctrl Pts',(1.00818731370256,0.948939896085194,0.0607459941145393));
#9163=CARTESIAN_POINT('Ctrl Pts',(1.01312436143528,0.921223704303117,-0.00956583760222872));
#9164=CARTESIAN_POINT('Ctrl Pts',(1.01806140916801,0.964962259885429,-0.0712008903063594));
#9165=CARTESIAN_POINT('Ctrl Pts',(1.02299845690073,1.04048211269627,-0.0682525352232493));
#9166=CARTESIAN_POINT('Ctrl Pts',(1.02793550463345,1.07928230117282,-0.00339510434249465));
#9167=CARTESIAN_POINT('Ctrl Pts',(1.03287255236618,1.04616876546806,0.0645418864607294));
#9168=CARTESIAN_POINT('Ctrl Pts',(1.0378096000989,0.971177435898256,0.073935578792321));
#9169=CARTESIAN_POINT('Ctrl Pts',(1.04274664783163,0.922329872267999,0.0162653395552976));
#9170=CARTESIAN_POINT('Ctrl Pts',(1.04768369556435,0.943933696402969,-0.0561585221824807));
#9171=CARTESIAN_POINT('Ctrl Pts',(1.05262074329707,1.01639296536104,-0.0776432914000078));
#9172=CARTESIAN_POINT('Ctrl Pts',(1.0575577910298,1.07398284768365,-0.0287010149885476));
#9173=CARTESIAN_POINT('Ctrl Pts',(1.06249483876252,1.06446592276472,0.0462747751463684));
#9174=CARTESIAN_POINT('Ctrl Pts',(1.06743188649524,0.996474602927693,0.0792766143843045));
#9175=CARTESIAN_POINT('Ctrl Pts',(1.07236893422797,0.931681026205293,0.0403698876935784));
#9176=CARTESIAN_POINT('Ctrl Pts',(1.07730598196069,0.928856788984189,-0.0351547086336009));
#9177=CARTESIAN_POINT('Ctrl Pts',(1.08224302969342,0.990563641031184,-0.0787919103853344));
#9178=CARTESIAN_POINT('Ctrl Pts',(1.08718007742614,1.06082982733212,-0.0509602013290198));
#9179=CARTESIAN_POINT('Ctrl Pts',(1.09211712515886,1.07591977177266,0.0230954165741849));
#9180=CARTESIAN_POINT('Ctrl Pts',(1.09705417289159,1.02214600456004,0.0762021292013078));
#9181=CARTESIAN_POINT('Ctrl Pts',(1.10199122062431,0.948284504775408,0.0601890153299188));
#9182=CARTESIAN_POINT('Ctrl Pts',(1.10692826835703,0.921332009957496,-0.0104190861117022));
#9183=CARTESIAN_POINT('Ctrl Pts',(1.11186531608976,0.9657360228861,-0.0715764618105225));
#9184=CARTESIAN_POINT('Ctrl Pts',(1.11680236382248,1.0412194843562,-0.0678097642068288));
#9185=CARTESIAN_POINT('Ctrl Pts',(1.1217394115552,1.07931444189675,-0.00253561024763274));
#9186=CARTESIAN_POINT('Ctrl Pts',(1.12667645928793,1.04546652172472,0.0650384918068641));
#9187=CARTESIAN_POINT('Ctrl Pts',(1.13161350702065,0.970377784186898,0.0736188450059123));
#9188=CARTESIAN_POINT('Ctrl Pts',(1.13655055475338,0.922158143869065,0.0154225629416203));
#9189=CARTESIAN_POINT('Ctrl Pts',(1.1414876024861,0.944545659094701,-0.0567628936663072));
#9190=CARTESIAN_POINT('Ctrl Pts',(1.14642465021883,1.017233532901,-0.077461056875841));
#9191=CARTESIAN_POINT('Ctrl Pts',(1.15136169795155,1.07428957568773,-0.0278974724835315));
#9192=CARTESIAN_POINT('Ctrl Pts',(1.15629874568427,1.06396059091401,0.0469707662748229));
#9193=CARTESIAN_POINT('Ctrl Pts',(1.161235793417,0.995615576874699,0.0792337469879705));
#9194=CARTESIAN_POINT('Ctrl Pts',(1.16617284114972,0.931247493541199,0.0396270491914446));
#9195=CARTESIAN_POINT('Ctrl Pts',(1.17110988888244,0.929241988854248,-0.0359237280038278));
#9196=CARTESIAN_POINT('Ctrl Pts',(1.17604693661517,0.99141817551245,-0.078889548903324));
#9197=CARTESIAN_POINT('Ctrl Pts',(1.18098398434789,1.06137858113041,-0.0502979258427834));
#9198=CARTESIAN_POINT('Ctrl Pts',(1.18592103208061,1.07566499692836,0.0239169430056093));
#9199=CARTESIAN_POINT('Ctrl Pts',(1.19085807981334,1.02131878888693,0.0764376170279461));
#9200=CARTESIAN_POINT('Ctrl Pts',(1.19579512754606,0.947635197268046,0.0596250903149439));
#9201=CARTESIAN_POINT('Ctrl Pts',(1.20073217527879,0.921449540485702,-0.0112713530354644));
#9202=CARTESIAN_POINT('Ctrl Pts',(1.20566922301151,0.966513843423467,-0.071943152806375));
#9203=CARTESIAN_POINT('Ctrl Pts',(1.21060627074423,1.0419519506956,-0.0673599466741527));
#9204=CARTESIAN_POINT('Ctrl Pts',(1.21554331847696,1.07933738801715,-0.00167402763477475));
#9205=CARTESIAN_POINT('Ctrl Pts',(1.22048036620968,1.04475869755087,0.0655239692872863));
#9206=CARTESIAN_POINT('Ctrl Pts',(1.22541741394241,0.969582078539239,0.0733002555670848));
#9207=CARTESIAN_POINT('Ctrl Pts',(1.23035446167513,0.921994649700522,0.0145647396505432));
#9208=CARTESIAN_POINT('Ctrl Pts',(1.23529150940785,0.94516593233862,-0.0573347632410487));
#9209=CARTESIAN_POINT('Ctrl Pts',(1.24022855714058,1.01806833657075,-0.0773206318663753));
#9210=CARTESIAN_POINT('Ctrl Pts',(1.2451656048733,1.07459735549672,-0.0269853387362791));
#9211=CARTESIAN_POINT('Ctrl Pts',(1.24845697002845,1.06713400822226,0.0225994915495468));
#9212=CARTESIAN_POINT('Ctrl Pts',(1.25010265260602,1.05376930128393,0.0403908992155175));
#9213=CARTESIAN_POINT('Ctrl Pts',(1.25010265260602,1.05376930128393,0.0403908992155175));
#9214=CARTESIAN_POINT('Ctrl Pts',(1.25010265260602,1.05700225771471,0.0370679003370853));
#9215=CARTESIAN_POINT('Ctrl Pts',(1.25010265260602,1.05984474944293,0.0334050769813971));
#9216=CARTESIAN_POINT('Ctrl Pts',(1.25010265260602,1.062296662115,0.0294837851673212));
#9217=CARTESIAN_POINT('Ctrl Pts',(1.25010265260602,1.06421471379535,0.0264162858885646));
#9218=CARTESIAN_POINT('Ctrl Pts',(1.25010265260602,1.0658949229353,0.0231849421138477));
#9219=CARTESIAN_POINT('Ctrl Pts',(1.25010265260602,1.0673211219266,0.0198515896535542));
#9220=CARTESIAN_POINT('Ctrl Pts',(1.25010265260602,1.06908036288591,0.0157398421234488));
#9221=CARTESIAN_POINT('Ctrl Pts',(1.25010265260602,1.07045846738851,0.0114672713282629));
#9222=CARTESIAN_POINT('Ctrl Pts',(1.25010265260602,1.0714473529305,0.00709500300442753));
#9223=CARTESIAN_POINT('Ctrl Pts',(1.25010265260602,1.07200356512062,0.00463576092136057));
#9224=CARTESIAN_POINT('Ctrl Pts',(1.25010265260602,1.07243489400995,0.00215033006966971));
#9225=CARTESIAN_POINT('Ctrl Pts',(1.25010265260602,1.0727395422339,-0.000342953628693401));
#9226=CARTESIAN_POINT('Ctrl Pts',(1.25010265260602,1.07331278868173,-0.00503448277985629));
#9227=CARTESIAN_POINT('Ctrl Pts',(1.25010265260602,1.07344030101514,-0.00976128158592629));
#9228=CARTESIAN_POINT('Ctrl Pts',(1.25010265260602,1.07311013515287,-0.0144561158445722));
#9229=CARTESIAN_POINT('Ctrl Pts',(1.25010265260602,1.07294495370197,-0.0168049338879163));
#9230=CARTESIAN_POINT('Ctrl Pts',(1.25010265260602,1.07266497549101,-0.0191458683367357));
#9231=CARTESIAN_POINT('Ctrl Pts',(1.25010265260602,1.07226710402872,-0.0214708233292296));
#9232=CARTESIAN_POINT('Ctrl Pts',(1.25010265260602,1.07201265699139,-0.0229576801808711));
#9233=CARTESIAN_POINT('Ctrl Pts',(1.25010265260602,1.07171022886064,-0.0244360034108108));
#9234=CARTESIAN_POINT('Ctrl Pts',(1.25010265260602,1.07136024174626,-0.0259001733124274));
#9235=CARTESIAN_POINT('Ctrl Pts',(1.25010265260602,1.0702384114023,-0.0305933467375243));
#9236=CARTESIAN_POINT('Ctrl Pts',(1.25010265260602,1.06862775845013,-0.0351518918582152));
#9237=CARTESIAN_POINT('Ctrl Pts',(1.25010265260602,1.06659227081437,-0.0395337212998203));
#9238=CARTESIAN_POINT('Ctrl Pts',(1.25010265260602,1.06535318252448,-0.0422011280941332));
#9239=CARTESIAN_POINT('Ctrl Pts',(1.25010265260602,1.06395624913533,-0.0448030957615473));
#9240=CARTESIAN_POINT('Ctrl Pts',(1.25010265260602,1.06241254699502,-0.0473297453335915));
#9241=CARTESIAN_POINT('Ctrl Pts',(1.25010265260602,1.06113321401121,-0.049423689528928));
#9242=CARTESIAN_POINT('Ctrl Pts',(1.25010265260602,1.05975236516473,-0.0514660667584134));
#9243=CARTESIAN_POINT('Ctrl Pts',(1.25010265260602,1.05828587898668,-0.0534385900941558));
#9244=CARTESIAN_POINT('Ctrl Pts',(1.25010265260602,1.05429376074196,-0.0588082597948646));
#9245=CARTESIAN_POINT('Ctrl Pts',(1.25010265260602,1.04965705732611,-0.0636856680210509));
#9246=CARTESIAN_POINT('Ctrl Pts',(1.25010265260602,1.0445038919552,-0.0679616898553529));
#9247=CARTESIAN_POINT('Ctrl Pts',(1.25010265260602,1.04286706139253,-0.0693199081001088));
#9248=CARTESIAN_POINT('Ctrl Pts',(1.25010265260602,1.04117775964345,-0.0706172876606344));
#9249=CARTESIAN_POINT('Ctrl Pts',(1.25010265260602,1.0394391903205,-0.0718497121942281));
#9250=CARTESIAN_POINT('Ctrl Pts',(0.778148358612021,1.06715804352392,-3.26032199945469E-5));
#9251=CARTESIAN_POINT('Ctrl Pts',(0.779126611740437,1.06710012133854,0.0132372116392854));
#9252=CARTESIAN_POINT('Ctrl Pts',(0.780104864868852,1.06329538141332,0.0265378680532502));
#9253=CARTESIAN_POINT('Ctrl Pts',(0.781083117997267,1.05596831802741,0.0374796134160683));
#9254=CARTESIAN_POINT('Ctrl Pts',(0.782728800574842,1.04364224391762,0.0558865463343589));
#9255=CARTESIAN_POINT('Ctrl Pts',(0.784374483152416,1.02134792058896,0.0676177115370036));
#9256=CARTESIAN_POINT('Ctrl Pts',(0.786020165729991,0.999196768592135,0.0673534541681568));
#9257=CARTESIAN_POINT('Ctrl Pts',(0.787665848307565,0.977045616595312,0.0670891967993099));
#9258=CARTESIAN_POINT('Ctrl Pts',(0.78931153088514,0.955037635930329,0.0548295168589714));
#9259=CARTESIAN_POINT('Ctrl Pts',(0.790957213462715,0.943153947444812,0.0361341430952541));
#9260=CARTESIAN_POINT('Ctrl Pts',(0.792602896040289,0.931270258959295,0.017438769331537));
#9261=CARTESIAN_POINT('Ctrl Pts',(0.794248578617863,0.929510862653244,-0.00769229825555905));
#9262=CARTESIAN_POINT('Ctrl Pts',(0.795894261195438,0.938673772397308,-0.027861175039829));
#9263=CARTESIAN_POINT('Ctrl Pts',(0.797539943773012,0.947836682141373,-0.0480300518240989));
#9264=CARTESIAN_POINT('Ctrl Pts',(0.799185626350588,0.967921897935554,-0.0632367378055427));
#9265=CARTESIAN_POINT('Ctrl Pts',(0.800831308928162,0.989820143089399,-0.0665846572086935));
#9266=CARTESIAN_POINT('Ctrl Pts',(0.802476991505737,1.01171838824324,-0.0699325766118442));
#9267=CARTESIAN_POINT('Ctrl Pts',(0.804122674083311,1.03542966275675,-0.0614217294367016));
#9268=CARTESIAN_POINT('Ctrl Pts',(0.805768356660885,1.05020022422169,-0.0449119820753253));
#9269=CARTESIAN_POINT('Ctrl Pts',(0.806978357311264,1.06106039204662,-0.0327730645726004));
#9270=CARTESIAN_POINT('Ctrl Pts',(0.808188357961642,1.06708717674997,-0.0163099115261084));
#9271=CARTESIAN_POINT('Ctrl Pts',(0.809398358612021,1.06722962584692,5.92853095723917E-5));
#9272=CARTESIAN_POINT('Origin',(1.00010265260602,1.,1.39003291564947E-16));
#9273=CARTESIAN_POINT('Origin',(1.25010265260602,1.,2.0144655203599E-16));
#9274=CARTESIAN_POINT('Origin',(0.68229103012948,-2.77616583908713E-16,
5.96225158728361E-17));
#9275=CARTESIAN_POINT('Ctrl Pts',(0.76041603012948,0.0820380459524876,6.7634221304421E-5));
#9276=CARTESIAN_POINT('Ctrl Pts',(0.760722329108444,0.0820833009578915,
0.00510879466255142));
#9277=CARTESIAN_POINT('Ctrl Pts',(0.762674310664983,0.0793727192526956,
0.0371879908925668));
#9278=CARTESIAN_POINT('Ctrl Pts',(0.766271974799095,0.0370890062567732,
0.0893774952828152));
#9279=CARTESIAN_POINT('Ctrl Pts',(0.77120902253182,-0.0545752563714028,
0.0798947280102347));
#9280=CARTESIAN_POINT('Ctrl Pts',(0.776146070264543,-0.096738243317779,
-0.00204097563498484));
#9281=CARTESIAN_POINT('Ctrl Pts',(0.781083117997267,-0.0511530530925374,
-0.0821338594720865));
#9282=CARTESIAN_POINT('Ctrl Pts',(0.78602016572999,0.0408305148009113,-0.0877220893414105));
#9283=CARTESIAN_POINT('Ctrl Pts',(0.789547803107395,0.0800922467767947,
-0.0348626334647573));
#9284=CARTESIAN_POINT('Ctrl Pts',(0.791429757907225,0.0821023074539739,
-0.00394533757927143));
#9285=CARTESIAN_POINT('Ctrl Pts',(0.79166603012948,0.082070487144511,-5.96343735832999E-5));
#9286=CARTESIAN_POINT('Ctrl Pts',(0.755414275082569,0.0821013512579201,
-6.43398721109076E-5));
#9287=CARTESIAN_POINT('Ctrl Pts',(0.756935099412203,0.0819586462879611,
0.0248872469784245));
#9288=CARTESIAN_POINT('Ctrl Pts',(0.760101606319411,0.0565409478332414,
0.077249697148971));
#9289=CARTESIAN_POINT('Ctrl Pts',(0.764913795804196,-0.0322050804792505,
0.091215014553678));
#9290=CARTESIAN_POINT('Ctrl Pts',(0.769850843536918,-0.0940049909717453,
0.0229174378632414));
#9291=CARTESIAN_POINT('Ctrl Pts',(0.774787891269643,-0.0705559247891473,
-0.0662253153483393));
#9292=CARTESIAN_POINT('Ctrl Pts',(0.779724939002366,0.0169014428683356,
-0.0952678818330802));
#9293=CARTESIAN_POINT('Ctrl Pts',(0.783683733606675,0.0747324913341635,
-0.049277119119419));
#9294=CARTESIAN_POINT('Ctrl Pts',(0.785996845633409,0.0819357430962429,
-0.0110790595171153));
#9295=CARTESIAN_POINT('Ctrl Pts',(0.786664275082569,0.0818875577228586,
-3.98087659205124E-5));
#9296=CARTESIAN_POINT('Ctrl Pts',(0.750102652606024,-0.0537693012839261,
0.0403908992155215));
#9297=CARTESIAN_POINT('Ctrl Pts',(0.751748335183599,-0.067134008222256,
0.022599491549552));
#9298=CARTESIAN_POINT('Ctrl Pts',(0.755039700338747,-0.0746008570566605,
-0.0269821244471266));
#9299=CARTESIAN_POINT('Ctrl Pts',(0.759976748071472,-0.0180662546750538,
-0.0773221852399568));
#9300=CARTESIAN_POINT('Ctrl Pts',(0.764913795804195,0.0548327994446188,
-0.057333335374468));
#9301=CARTESIAN_POINT('Ctrl Pts',(0.769850843536919,0.0780055968517401,
0.0145639114333726));
#9302=CARTESIAN_POINT('Ctrl Pts',(0.774787891269642,0.0304175081800976,
0.0733004458264552));
#9303=CARTESIAN_POINT('Ctrl Pts',(0.779724939002366,-0.0447583657436201,
0.0655234202279059));
#9304=CARTESIAN_POINT('Ctrl Pts',(0.78466198673509,-0.0793371568673248,
-0.0016738489201552));
#9305=CARTESIAN_POINT('Ctrl Pts',(0.789599034467813,-0.0419517417130871,
-0.0673597810914368));
#9306=CARTESIAN_POINT('Ctrl Pts',(0.794536082200538,0.0334860014678204,
-0.0719428110757299));
#9307=CARTESIAN_POINT('Ctrl Pts',(0.799473129933262,0.0785501615332584,
-0.0112713414100352));
#9308=CARTESIAN_POINT('Ctrl Pts',(0.804410177665984,0.0523645896262446,
0.05962487349335));
#9309=CARTESIAN_POINT('Ctrl Pts',(0.80934722539871,-0.0213187013566962,
0.0764373048843417));
#9310=CARTESIAN_POINT('Ctrl Pts',(0.814284273131431,-0.0756647000119012,
0.023916854383025));
#9311=CARTESIAN_POINT('Ctrl Pts',(0.819221320864158,-0.0613783378944426,
-0.0502977304958284));
#9312=CARTESIAN_POINT('Ctrl Pts',(0.824158368596879,0.00858179011562179,
-0.0788892357089062));
#9313=CARTESIAN_POINT('Ctrl Pts',(0.829095416329604,0.0707577320818208,
-0.035923587163625));
#9314=CARTESIAN_POINT('Ctrl Pts',(0.834032464062328,0.0687522349142091,
0.0396268932919163));
#9315=CARTESIAN_POINT('Ctrl Pts',(0.838969511795051,0.00438440588957247,
0.0792334339143678));
#9316=CARTESIAN_POINT('Ctrl Pts',(0.843906559527775,-0.0639603384611558,
0.0469705810110323));
#9317=CARTESIAN_POINT('Ctrl Pts',(0.848843607260499,-0.0742892824021687,
-0.0278973624412159));
#9318=CARTESIAN_POINT('Ctrl Pts',(0.853780654993223,-0.0172334648804239,
-0.0774607510440907));
#9319=CARTESIAN_POINT('Ctrl Pts',(0.858717702725945,0.0554541219992421,
-0.0567626696141781));
#9320=CARTESIAN_POINT('Ctrl Pts',(0.863654750458672,0.077841548839476,0.0154225020730305));
#9321=CARTESIAN_POINT('Ctrl Pts',(0.868591798191393,0.0296220988779614,
0.0736185543808332));
#9322=CARTESIAN_POINT('Ctrl Pts',(0.873528845924119,-0.0454663422418586,
0.0650382350648009));
#9323=CARTESIAN_POINT('Ctrl Pts',(0.87846589365684,-0.0793141287946029,
-0.00253560024015238));
#9324=CARTESIAN_POINT('Ctrl Pts',(0.883402941389567,-0.0412193216383732,
-0.0678094965198396));
#9325=CARTESIAN_POINT('Ctrl Pts',(0.888339989122288,0.0342638418535172,
-0.0715761792558508));
#9326=CARTESIAN_POINT('Ctrl Pts',(0.893277036855014,0.0786676794926429,
-0.0104190449809968));
#9327=CARTESIAN_POINT('Ctrl Pts',(0.898214084587736,0.0517152910725135,
0.060188777727555));
#9328=CARTESIAN_POINT('Ctrl Pts',(0.903151132320461,-0.0221459171364687,
0.0762018283858373));
#9329=CARTESIAN_POINT('Ctrl Pts',(0.908088180053184,-0.0759194720717253,
0.023095325402663));
#9330=CARTESIAN_POINT('Ctrl Pts',(0.913025227785908,-0.0608295872002699,
-0.0509600001584723));
#9331=CARTESIAN_POINT('Ctrl Pts',(0.917962275518632,0.00943632171783664,
-0.0787915993463633));
#9332=CARTESIAN_POINT('Ctrl Pts',(0.922899323251355,0.0711429301708293,
-0.0351545698568538));
#9333=CARTESIAN_POINT('Ctrl Pts',(0.92783637098408,0.0683187040986953,0.0403697283293795));
#9334=CARTESIAN_POINT('Ctrl Pts',(0.932773418716803,0.00352538315545229,
0.0792763014319033));
#9335=CARTESIAN_POINT('Ctrl Pts',(0.937710466449526,-0.0644656682790118,
0.0462745924720459));
#9336=CARTESIAN_POINT('Ctrl Pts',(0.94264751418225,-0.0739825556289221,
-0.0287009016883997));
#9337=CARTESIAN_POINT('Ctrl Pts',(0.947584561914974,-0.0163929006481643,
-0.0776429848953099));
#9338=CARTESIAN_POINT('Ctrl Pts',(0.952521609647698,0.0560660822696564,
-0.0561583004910745));
#9339=CARTESIAN_POINT('Ctrl Pts',(0.957458657380421,0.0776698211213667,
0.0162652753462287));
#9340=CARTESIAN_POINT('Ctrl Pts',(0.962395705113145,0.0288224503217795,
0.0739352869241903));
#9341=CARTESIAN_POINT('Ctrl Pts',(0.96733275284587,-0.0461685832122154,
0.0645416316751489));
#9342=CARTESIAN_POINT('Ctrl Pts',(0.972269800578591,-0.0792819881979706,
-0.00339509093997262));
#9343=CARTESIAN_POINT('Ctrl Pts',(0.977206848311319,-0.040481952889069,
-0.0682522657895031));
#9344=CARTESIAN_POINT('Ctrl Pts',(0.982143896044039,0.0350376017995658,
-0.0712006092336914));
#9345=CARTESIAN_POINT('Ctrl Pts',(0.987080943776765,0.0787759847195345,
-0.00956579984012889));
#9346=CARTESIAN_POINT('Ctrl Pts',(0.992017991509488,0.0510599023499195,
0.0607457543136182));
#9347=CARTESIAN_POINT('Ctrl Pts',(0.996955039242211,-0.022970523574288,
0.0759573257944017));
#9348=CARTESIAN_POINT('Ctrl Pts',(1.00189208697494,-0.0761653295406344,
0.0222711219088846));
#9349=CARTESIAN_POINT('Ctrl Pts',(1.00682913470766,-0.0602736884723003,
-0.0516163033649053));
#9350=CARTESIAN_POINT('Ctrl Pts',(1.01176618244038,0.0102897437028376,-0.078684696540329));
#9351=CARTESIAN_POINT('Ctrl Pts',(1.01670323017311,0.0715197713274534,-0.0343814281899765));
#9352=CARTESIAN_POINT('Ctrl Pts',(1.02164027790583,0.0678771472672822,0.0411078237561839));
#9353=CARTESIAN_POINT('Ctrl Pts',(1.02657732563855,0.00266594643039577,
0.0793098545247945));
#9354=CARTESIAN_POINT('Ctrl Pts',(1.03151437337128,-0.0649634250882386,
0.0455731685964302));
#9355=CARTESIAN_POINT('Ctrl Pts',(1.036451421104,-0.073667137732705,-0.0295010696989876));
#9356=CARTESIAN_POINT('Ctrl Pts',(1.04138846883673,-0.0155504106854891,
-0.0778160974517893));
#9357=CARTESIAN_POINT('Ctrl Pts',(1.04632551656945,0.0566714562025172,-0.0555473342924746));
#9358=CARTESIAN_POINT('Ctrl Pts',(1.05126256430217,0.0774889691551196,0.0171061379156919));
#9359=CARTESIAN_POINT('Ctrl Pts',(1.0561996120349,0.028019415858621,0.0742433339098898));
#9360=CARTESIAN_POINT('Ctrl Pts',(1.06113665976762,-0.0468654005416319,
0.0640374462887644));
#9361=CARTESIAN_POINT('Ctrl Pts',(1.06607370750034,-0.0792405339692503,
-0.00425418281011438));
#9362=CARTESIAN_POINT('Ctrl Pts',(1.07101075523307,-0.0397398285331283,
-0.0686870171376733));
#9363=CARTESIAN_POINT('Ctrl Pts',(1.07594780296579,0.0358072457125287,-0.0708166749402797));
#9364=CARTESIAN_POINT('Ctrl Pts',(1.08088485069852,0.0788750357576608,-0.0087114309582731));
#9365=CARTESIAN_POINT('Ctrl Pts',(1.08582189843124,0.0503985153784268,0.0612955948071509));
#9366=CARTESIAN_POINT('Ctrl Pts',(1.09075894616396,-0.0237924315557724,
0.0757039001358865));
#9367=CARTESIAN_POINT('Ctrl Pts',(1.09569599389669,-0.0764022395069033,
0.0214443021205294));
#9368=CARTESIAN_POINT('Ctrl Pts',(1.10063304162941,-0.0597107091082557,
-0.0522665429590822));
#9369=CARTESIAN_POINT('Ctrl Pts',(1.10557008936213,0.0111419569029268,-0.0785685502700237));
#9370=CARTESIAN_POINT('Ctrl Pts',(1.11050713709486,0.0718882107170597,-0.0336042475730583));
#9371=CARTESIAN_POINT('Ctrl Pts',(1.11544418482758,0.0674276165857062,0.0418410900508604));
#9372=CARTESIAN_POINT('Ctrl Pts',(1.12038123256031,0.00180619652330251,
0.0793340907148236));
#9373=CARTESIAN_POINT('Ctrl Pts',(1.12531828029303,-0.0654535503344512,
0.0448663910206436));
#9374=CARTESIAN_POINT('Ctrl Pts',(1.13025532802575,-0.0733430658107833,
-0.0302977720715532));
#9375=CARTESIAN_POINT('Ctrl Pts',(1.13519237575848,-0.014706093937579,-0.0779800685963867));
#9376=CARTESIAN_POINT('Ctrl Pts',(1.1401294234912,0.0572701726614785,-0.0549298426575555));
#9377=CARTESIAN_POINT('Ctrl Pts',(1.14506647122392,0.0772990142095295,0.0179449908931742));
#9378=CARTESIAN_POINT('Ctrl Pts',(1.15000351895665,0.0272130897881058,0.0745426592805738));
#9379=CARTESIAN_POINT('Ctrl Pts',(1.15494056668937,-0.0475567123053484,
0.0635257379241342));
#9380=CARTESIAN_POINT('Ctrl Pts',(1.1598776144221,-0.0791897711037287,-0.00511277454468658));
#9381=CARTESIAN_POINT('Ctrl Pts',(1.16481466215482,-0.0389930355110775,
-0.0691137002208052));
#9382=CARTESIAN_POINT('Ctrl Pts',(1.16975170988754,0.0365726827166757,-0.0704244200811927));
#9383=CARTESIAN_POINT('Ctrl Pts',(1.17468875762027,0.0789648218599623,-0.00785604138812589));
#9384=CARTESIAN_POINT('Ctrl Pts',(1.17962580535299,0.0497312061434915,0.0618382397839628));
#9385=CARTESIAN_POINT('Ctrl Pts',(1.18456285308572,-0.0246115412347114,
0.0754415712348046));
#9386=CARTESIAN_POINT('Ctrl Pts',(1.18949990081844,-0.0766301804772881,
0.0206149823122324));
#9387=CARTESIAN_POINT('Ctrl Pts',(1.19443694855116,-0.0591407030456149,
-0.0529106794016122));
#9388=CARTESIAN_POINT('Ctrl Pts',(1.19937399628389,0.0119928377259046,-0.0784431032583352));
#9389=CARTESIAN_POINT('Ctrl Pts',(1.20431104401661,0.0722482502476142,-0.032823255810189));
#9390=CARTESIAN_POINT('Ctrl Pts',(1.20924809174933,0.0669700778830014,0.0425697038094852));
#9391=CARTESIAN_POINT('Ctrl Pts',(1.21418513948206,0.00094640184577463,
0.0793485014560919));
#9392=CARTESIAN_POINT('Ctrl Pts',(1.21912218721478,-0.0659363086659977,
0.0441553161119949));
#9393=CARTESIAN_POINT('Ctrl Pts',(1.2240592349475,-0.0730097577326012,-0.031092788646644));
#9394=CARTESIAN_POINT('Ctrl Pts',(1.22899628268023,-0.0138612433217166,
-0.0781312730984112));
#9395=CARTESIAN_POINT('Ctrl Pts',(1.23393333041295,0.0578644590007003,-0.0543128396127435));
#9396=CARTESIAN_POINT('Ctrl Pts',(1.23887037814568,0.0770955555140538,0.0187951051184821));
#9397=CARTESIAN_POINT('Ctrl Pts',(1.2438074258784,0.0264120860935862,0.0748074123886134));
#9398=CARTESIAN_POINT('Ctrl Pts',(1.24874447361112,-0.0482588907557211,
0.0630570325284463));
#9399=CARTESIAN_POINT('Ctrl Pts',(1.25368152134385,-0.0790975036886747,
-0.00607518094287031));
#9400=CARTESIAN_POINT('Ctrl Pts',(1.256972886499,-0.0519059784013045,-0.0482025049607122));
#9401=CARTESIAN_POINT('Ctrl Pts',(1.25861856907657,-0.0324083317720379,
-0.0589259071356013));
#9402=CARTESIAN_POINT('Ctrl Pts',(0.747264013782508,-0.0577003902253779,
0.0433438893688248));
#9403=CARTESIAN_POINT('Ctrl Pts',(0.748909696360083,-0.0720421946969934,
0.0242517468177348));
#9404=CARTESIAN_POINT('Ctrl Pts',(0.752201061515232,-0.0800549469777794,
-0.0289547952555286));
#9405=CARTESIAN_POINT('Ctrl Pts',(0.757138109247956,-0.0193870837033415,
-0.082975232240152));
#9406=CARTESIAN_POINT('Ctrl Pts',(0.762075156980679,0.0588416410397024,
-0.0615249918640511));
#9407=CARTESIAN_POINT('Ctrl Pts',(0.767012204713404,0.0837086082696493,
0.0156286831490714));
#9408=CARTESIAN_POINT('Ctrl Pts',(0.771949252446126,0.0326413408723228,
0.0786594623119086));
#9409=CARTESIAN_POINT('Ctrl Pts',(0.776886300178851,-0.0480306626195477,
0.0703138561553488));
#9410=CARTESIAN_POINT('Ctrl Pts',(0.781823347911574,-0.0851375190174762,
-0.00179622449176503));
#9411=CARTESIAN_POINT('Ctrl Pts',(0.786760395644298,-0.0450188455062372,
-0.0722844738849868));
#9412=CARTESIAN_POINT('Ctrl Pts',(0.791697443377022,0.0359341725788507,
-0.0772025704976234));
#9413=CARTESIAN_POINT('Ctrl Pts',(0.796634491109746,0.0842929862302377,
-0.0120953923929251));
#9414=CARTESIAN_POINT('Ctrl Pts',(0.80157153884247,0.0561929796980518,0.0639840649879072));
#9415=CARTESIAN_POINT('Ctrl Pts',(0.806508586575194,-0.0228773176888462,
0.0820256580295414));
#9416=CARTESIAN_POINT('Ctrl Pts',(0.811445634307916,-0.0811965677946795,
0.0256654224234196));
#9417=CARTESIAN_POINT('Ctrl Pts',(0.816382682040642,-0.0658657256711119,
-0.0539750119075432));
#9418=CARTESIAN_POINT('Ctrl Pts',(0.821319729773364,0.00920920723683829,
-0.0846568502155053));
#9419=CARTESIAN_POINT('Ctrl Pts',(0.826256777506088,0.0759308500407148,
-0.0385499708596025));
#9420=CARTESIAN_POINT('Ctrl Pts',(0.831193825238813,0.0737787304035999,
0.0425240267543984));
#9421=CARTESIAN_POINT('Ctrl Pts',(0.836130872971534,0.00470495105374197,
0.0850262128498668));
#9422=CARTESIAN_POINT('Ctrl Pts',(0.841067920704261,-0.0686364970351436,
0.0504046135756555));
#9423=CARTESIAN_POINT('Ctrl Pts',(0.846004968436982,-0.079720593011497,
-0.0299369465602143));
#9424=CARTESIAN_POINT('Ctrl Pts',(0.850942016169708,-0.0184934084094759,
-0.0831239286297182));
#9425=CARTESIAN_POINT('Ctrl Pts',(0.85587906390243,0.0595083886633749,-0.0609126045673831));
#9426=CARTESIAN_POINT('Ctrl Pts',(0.860816111635155,0.0835325666604539,
0.0165500455950984));
#9427=CARTESIAN_POINT('Ctrl Pts',(0.865753159367879,0.0317877789694108,
0.07900082787336));
#9428=CARTESIAN_POINT('Ctrl Pts',(0.870690207100601,-0.04879039948135,0.0697931989666884));
#9429=CARTESIAN_POINT('Ctrl Pts',(0.875627254833326,-0.0851128073557944,
-0.00272097869637174));
#9430=CARTESIAN_POINT('Ctrl Pts',(0.88056430256605,-0.0442328779911166,
-0.0727670681365316));
#9431=CARTESIAN_POINT('Ctrl Pts',(0.885501350298773,0.0367688810968351,
-0.0768091341209006));
#9432=CARTESIAN_POINT('Ctrl Pts',(0.890438398031498,0.0844190959611261,
-0.0111807843290499));
#9433=CARTESIAN_POINT('Ctrl Pts',(0.895375445764219,0.0554962107420033,
0.0645891964213912));
#9434=CARTESIAN_POINT('Ctrl Pts',(0.900312493496947,-0.0237650114500395,
0.081772965777119));
#9435=CARTESIAN_POINT('Ctrl Pts',(0.905249541229666,-0.081469966312409,
0.0247838312251625));
#9436=CARTESIAN_POINT('Ctrl Pts',(0.910186588962393,-0.0652768556572909,
-0.054685700293974));
#9437=CARTESIAN_POINT('Ctrl Pts',(0.915123636695115,0.0101262138880379,
-0.0845520756306699));
#9438=CARTESIAN_POINT('Ctrl Pts',(0.920060684427841,0.0763442100717946,
-0.0377247304783586));
#9439=CARTESIAN_POINT('Ctrl Pts',(0.924997732160562,0.0733135040266049,
0.0433211706731631));
#9440=CARTESIAN_POINT('Ctrl Pts',(0.929934779893288,0.00378312492270347,
0.0850722144238267));
#9441=CARTESIAN_POINT('Ctrl Pts',(0.934871827626011,-0.0691787716600053,
0.0496577411162228));
#9442=CARTESIAN_POINT('Ctrl Pts',(0.939808875358734,-0.0793914413564394,
-0.0307992327907734));
#9443=CARTESIAN_POINT('Ctrl Pts',(0.944745923091459,-0.0175913902866298,
-0.0833194856497377));
#9444=CARTESIAN_POINT('Ctrl Pts',(0.949682970824181,0.0601650895235718,
-0.0602640498454405));
#9445=CARTESIAN_POINT('Ctrl Pts',(0.954620018556907,0.0833482838799302,
0.0174544342624957));
#9446=CARTESIAN_POINT('Ctrl Pts',(0.959557066289629,0.0309296678793817,
0.0793407168232328));
#9447=CARTESIAN_POINT('Ctrl Pts',(0.964494114022354,-0.0495439814891927,
0.0692602887616838));
#9448=CARTESIAN_POINT('Ctrl Pts',(0.969431161755078,-0.0850783169509821,
-0.00364330700621592));
#9449=CARTESIAN_POINT('Ctrl Pts',(0.974368209487801,-0.0434416000023962,
-0.0732422083936924));
#9450=CARTESIAN_POINT('Ctrl Pts',(0.979305257220525,0.0375992108530656,
-0.0764061060673813));
#9451=CARTESIAN_POINT('Ctrl Pts',(0.984242304953249,0.0845353194140235,
-0.010265158192753));
#9452=CARTESIAN_POINT('Ctrl Pts',(0.989179352685972,0.0547929063631106,
0.0651868937244032));
#9453=CARTESIAN_POINT('Ctrl Pts',(0.994116400418696,-0.0246499050995457,
0.0815105875315389));
#9454=CARTESIAN_POINT('Ctrl Pts',(0.99905344815142,-0.0817337984909411,
0.0238993699790508));
#9455=CARTESIAN_POINT('Ctrl Pts',(1.00399049588414,-0.0646803150148848,
-0.0553899860148798));
#9456=CARTESIAN_POINT('Ctrl Pts',(1.00892754361687,0.0110420297975928,-0.0844373571300185));
#9457=CARTESIAN_POINT('Ctrl Pts',(1.01386459134959,0.0767486021927814,-0.0368950642038657));
#9458=CARTESIAN_POINT('Ctrl Pts',(1.01880163908232,0.0728396648494008,0.0441132284669829));
#9459=CARTESIAN_POINT('Ctrl Pts',(1.02373868681504,0.00286085453373325,
0.0851082205929021));
#9460=CARTESIAN_POINT('Ctrl Pts',(1.02867573454776,-0.0697129196114183,
0.0489050359411506));
#9461=CARTESIAN_POINT('Ctrl Pts',(1.03361278228049,-0.0790529631679337,
-0.0316579013126683));
#9462=CARTESIAN_POINT('Ctrl Pts',(1.03854983001321,-0.0166873056426687,
-0.0835052545145596));
#9463=CARTESIAN_POINT('Ctrl Pts',(1.04348687774593,0.0608147225171995,-0.0596084157339318));
#9464=CARTESIAN_POINT('Ctrl Pts',(1.04842392547866,0.0831542097748866,0.0183567725340634));
#9465=CARTESIAN_POINT('Ctrl Pts',(1.05336097321138,0.030067923337752,0.079671285211852));
#9466=CARTESIAN_POINT('Ctrl Pts',(1.0582980209441,-0.0502917433321601,0.0687192422380049));
#9467=CARTESIAN_POINT('Ctrl Pts',(1.06323506867683,-0.0850338319917853,
-0.00456520732783027));
#9468=CARTESIAN_POINT('Ctrl Pts',(1.06817211640955,-0.0426452187232827,
-0.073708744536834));
#9469=CARTESIAN_POINT('Ctrl Pts',(1.07310916414228,0.0384251236518586,-0.0759941022283547));
#9470=CARTESIAN_POINT('Ctrl Pts',(1.078046211875,0.0846416121017773,-0.0093483261584443));
#9471=CARTESIAN_POINT('Ctrl Pts',(1.08298325960772,0.0540831652016327,0.065776933213126));
#9472=CARTESIAN_POINT('Ctrl Pts',(1.08792030734045,-0.0255319030078052,
0.0812386338509017));
#9473=CARTESIAN_POINT('Ctrl Pts',(1.09285735507317,-0.0819880290123646,
0.0230121011603203));
#9474=CARTESIAN_POINT('Ctrl Pts',(1.0977944028059,-0.0640761760690823,-0.0560877648111094));
#9475=CARTESIAN_POINT('Ctrl Pts',(1.10273145053862,0.0119565485476266,-0.0843127193727887));
#9476=CARTESIAN_POINT('Ctrl Pts',(1.10766849827134,0.0771439782911695,-0.0360610636905434));
#9477=CARTESIAN_POINT('Ctrl Pts',(1.11260554600407,0.0723572688515757,0.0449001040694487));
#9478=CARTESIAN_POINT('Ctrl Pts',(1.11754259373679,0.0019382480658984,0.0851342286976917));
#9479=CARTESIAN_POINT('Ctrl Pts',(1.12247964146951,-0.0702388780540703,
0.0481465856553622));
#9480=CARTESIAN_POINT('Ctrl Pts',(1.12741668920224,-0.0787051982554378,
-0.0325128508227573));
#9481=CARTESIAN_POINT('Ctrl Pts',(1.13235373693496,-0.0157812606566832,
-0.0836812136362712));
#9482=CARTESIAN_POINT('Ctrl Pts',(1.13729078466769,0.0614572113071132,-0.0589457791095949));
#9483=CARTESIAN_POINT('Ctrl Pts',(1.14222783240041,0.0829503671690863,0.0192569542918078));
#9484=CARTESIAN_POINT('Ctrl Pts',(1.14716488013313,0.0292026465384134,0.0799924943456962));
#9485=CARTESIAN_POINT('Ctrl Pts',(1.15210192786586,-0.05103359709595,0.0681701227289966));
#9486=CARTESIAN_POINT('Ctrl Pts',(1.15703897559858,-0.0849793578386977,
-0.00548657094882104));
#9487=CARTESIAN_POINT('Ctrl Pts',(1.1619760233313,-0.0418438274505491,-0.0741666225417811));
#9488=CARTESIAN_POINT('Ctrl Pts',(1.16691307106403,0.0392465219735332,-0.0755731695047247));
#9489=CARTESIAN_POINT('Ctrl Pts',(1.17185011879675,0.0847379624916076,-0.00843039881303231));
#9490=CARTESIAN_POINT('Ctrl Pts',(1.17678716652948,0.0533670687983441,0.0663592511188498));
#9491=CARTESIAN_POINT('Ctrl Pts',(1.1817242142622,-0.0264108980288228,0.0809571260090964));
#9492=CARTESIAN_POINT('Ctrl Pts',(1.18666126199492,-0.0822326348120589,
0.0221221495444774));
#9493=CARTESIAN_POINT('Ctrl Pts',(1.19159830972765,-0.0634644967007465,
-0.0567789942525356));
#9494=CARTESIAN_POINT('Ctrl Pts',(1.19653535746037,0.0128696375100786,-0.0841781008943226));
#9495=CARTESIAN_POINT('Ctrl Pts',(1.20147240519309,0.0775303404144161,-0.0352229733973031));
#9496=CARTESIAN_POINT('Ctrl Pts',(1.20640945292582,0.0718662793639149,0.045681986987626));
#9497=CARTESIAN_POINT('Ctrl Pts',(1.21134650065854,0.00101559355444955,
0.0851496930123613));
#9498=CARTESIAN_POINT('Ctrl Pts',(1.21628354839127,-0.0707569309848252,
0.0473835238574815));
#9499=CARTESIAN_POINT('Ctrl Pts',(1.22122059612399,-0.0783475219286651,
-0.0333659912862376));
#9500=CARTESIAN_POINT('Ctrl Pts',(1.22615764385671,-0.0148746427715075,
-0.0838434727425329));
#9501=CARTESIAN_POINT('Ctrl Pts',(1.23109469158944,0.0620949460899708,-0.0582836667963271));
#9502=CARTESIAN_POINT('Ctrl Pts',(1.23603173932216,0.0827320335503972,0.0201692206104158));
#9503=CARTESIAN_POINT('Ctrl Pts',(1.24096878705489,0.0283430812354965,0.0802766036289209));
#9504=CARTESIAN_POINT('Ctrl Pts',(1.24590583478761,-0.0517871120129547,
0.067667150148246));
#9505=CARTESIAN_POINT('Ctrl Pts',(1.25084288252033,-0.0848803447266323,
-0.00651933915306777));
#9506=CARTESIAN_POINT('Ctrl Pts',(1.25413424767548,-0.0557008392757493,
-0.0517266038364024));
#9507=CARTESIAN_POINT('Ctrl Pts',(1.25577993025306,-0.0347777141444669,
-0.0632339970005338));
#9508=CARTESIAN_POINT('Ctrl Pts',(0.744425374958993,-0.0616314791668298,
0.0462968795221281));
#9509=CARTESIAN_POINT('Ctrl Pts',(0.746071057536567,-0.0769503811717308,
0.0259040020859176));
#9510=CARTESIAN_POINT('Ctrl Pts',(0.749362422691716,-0.0855090368988983,
-0.0309274660639307));
#9511=CARTESIAN_POINT('Ctrl Pts',(0.75429947042444,-0.0207079127316292,
-0.0886282792403471));
#9512=CARTESIAN_POINT('Ctrl Pts',(0.759236518157164,0.0628504826347861,
-0.0657166483536343));
#9513=CARTESIAN_POINT('Ctrl Pts',(0.764173565889887,0.0894116196875584,
0.0166934548647703));
#9514=CARTESIAN_POINT('Ctrl Pts',(0.769110613622612,0.034865173564548,0.0840184787973619));
#9515=CARTESIAN_POINT('Ctrl Pts',(0.774047661355334,-0.0513029594954753,
0.0751042920827916));
#9516=CARTESIAN_POINT('Ctrl Pts',(0.778984709088059,-0.0909378811676275,
-0.00191860006337483));
#9517=CARTESIAN_POINT('Ctrl Pts',(0.783921756820783,-0.0480859492993873,
-0.0772091666785368));
#9518=CARTESIAN_POINT('Ctrl Pts',(0.788858804553505,0.038382343689881,-0.0824623299195168));
#9519=CARTESIAN_POINT('Ctrl Pts',(0.793795852286231,0.0900358109272168,
-0.012919443375815));
#9520=CARTESIAN_POINT('Ctrl Pts',(0.798732900018953,0.0600213697698592,
0.0683432564824645));
#9521=CARTESIAN_POINT('Ctrl Pts',(0.803669947751678,-0.0244359340209962,
0.087614011174741));
#9522=CARTESIAN_POINT('Ctrl Pts',(0.808606995484401,-0.0867284355774579,
0.0274139904638143));
#9523=CARTESIAN_POINT('Ctrl Pts',(0.813544043217125,-0.0703531134477812,
-0.0576522933192581));
#9524=CARTESIAN_POINT('Ctrl Pts',(0.818481090949849,0.00983662435805474,
-0.0904244647221044));
#9525=CARTESIAN_POINT('Ctrl Pts',(0.823418138682572,0.0811039679996088,
-0.0411763545555801));
#9526=CARTESIAN_POINT('Ctrl Pts',(0.828355186415297,0.0788052258929907,
0.0454211602168805));
#9527=CARTESIAN_POINT('Ctrl Pts',(0.83329223414802,0.00502549621791144,
0.0908189917853657));
#9528=CARTESIAN_POINT('Ctrl Pts',(0.838229281880744,-0.0733126556091313,
0.0538386461402787));
#9529=CARTESIAN_POINT('Ctrl Pts',(0.843166329613467,-0.0851519036208254,
-0.0319765306792128));
#9530=CARTESIAN_POINT('Ctrl Pts',(0.848103377346192,-0.0197533519385279,
-0.0887871062153456));
#9531=CARTESIAN_POINT('Ctrl Pts',(0.853040425078915,0.063562655327508,-0.0650625395205882));
#9532=CARTESIAN_POINT('Ctrl Pts',(0.85797747281164,0.0892235844814317,0.0176775891171663));
#9533=CARTESIAN_POINT('Ctrl Pts',(0.862914520544361,0.0339534590608603,
0.084383101365887));
#9534=CARTESIAN_POINT('Ctrl Pts',(0.867851568277088,-0.0521144567208416,
0.0745481628685759));
#9535=CARTESIAN_POINT('Ctrl Pts',(0.87278861600981,-0.0909114859169859,
-0.00290635715259104));
#9536=CARTESIAN_POINT('Ctrl Pts',(0.877725663742535,-0.0472464343438601,
-0.0777246397532237));
#9537=CARTESIAN_POINT('Ctrl Pts',(0.882662711475256,0.039273920340153,-0.0820420889859505));
#9538=CARTESIAN_POINT('Ctrl Pts',(0.887599759207983,0.0901705124296092,
-0.0119425236771029));
#9539=CARTESIAN_POINT('Ctrl Pts',(0.892536806940703,0.0592771304114932,
0.0689896151152272));
#9540=CARTESIAN_POINT('Ctrl Pts',(0.89747385467343,-0.0253841057636103,
0.0873441031684009));
#9541=CARTESIAN_POINT('Ctrl Pts',(0.902410902406153,-0.0870204605530927,
0.026472337047662));
#9542=CARTESIAN_POINT('Ctrl Pts',(0.907347950138876,-0.0697241241143119,
-0.0584114004294757));
#9543=CARTESIAN_POINT('Ctrl Pts',(0.9122849978716,0.0108161060582391,-0.0903125519149764));
#9544=CARTESIAN_POINT('Ctrl Pts',(0.917222045604324,0.0815454899727597,
-0.0402948910998635));
#9545=CARTESIAN_POINT('Ctrl Pts',(0.922159093337048,0.0783083039545147,
0.0462726130169468));
#9546=CARTESIAN_POINT('Ctrl Pts',(0.927096141069772,0.00404086668995456,
0.0908681274157503));
#9547=CARTESIAN_POINT('Ctrl Pts',(0.932033188802494,-0.0738918750409986,
0.0530408897603996));
#9548=CARTESIAN_POINT('Ctrl Pts',(0.936970236535221,-0.0848003270839566,
-0.0328975638931472));
#9549=CARTESIAN_POINT('Ctrl Pts',(0.941907284267941,-0.0187898799250953,
-0.0889959864041655));
#9550=CARTESIAN_POINT('Ctrl Pts',(0.946844332000668,0.0642640967774872,
-0.0643697991998066));
#9551=CARTESIAN_POINT('Ctrl Pts',(0.951781379733389,0.0890267466384935,
0.0186435931787628));
#9552=CARTESIAN_POINT('Ctrl Pts',(0.956718427466115,0.033036885436984,0.0847461467222752));
#9553=CARTESIAN_POINT('Ctrl Pts',(0.961655475198837,-0.05291937976617,0.0739789458482189));
#9554=CARTESIAN_POINT('Ctrl Pts',(0.966592522931562,-0.0908746457039935,
-0.00389152307245929));
#9555=CARTESIAN_POINT('Ctrl Pts',(0.971529570664286,-0.0464012471157235,
-0.0782321509978816));
#9556=CARTESIAN_POINT('Ctrl Pts',(0.976466618397009,0.0401608199065655,
-0.0816116029010713));
#9557=CARTESIAN_POINT('Ctrl Pts',(0.981403666129732,0.0902946541085123,
-0.010964516545377));
#9558=CARTESIAN_POINT('Ctrl Pts',(0.986340713862458,0.0585259103763018,
0.0696280331351881));
#9559=CARTESIAN_POINT('Ctrl Pts',(0.991277761595178,-0.0263292866248034,
0.0870638492686761));
#9560=CARTESIAN_POINT('Ctrl Pts',(0.996214809327906,-0.0873022674412477,
0.0255276180492171));
#9561=CARTESIAN_POINT('Ctrl Pts',(1.00115185706063,-0.0690869415574692,
-0.0591636686648544));
#9562=CARTESIAN_POINT('Ctrl Pts',(1.00608890479335,0.0117943158923479,-0.0901900177197079));
#9563=CARTESIAN_POINT('Ctrl Pts',(1.01102595252607,0.0819774330581097,-0.0394087002177551));
#9564=CARTESIAN_POINT('Ctrl Pts',(1.0159630002588,0.0778021824315192,0.0471186331777821));
#9565=CARTESIAN_POINT('Ctrl Pts',(1.02090004799152,0.00305576263707083,
0.0909065866610096));
#9566=CARTESIAN_POINT('Ctrl Pts',(1.02583709572425,-0.074462414134598,0.0522369032858711));
#9567=CARTESIAN_POINT('Ctrl Pts',(1.03077414345697,-0.0844387886031624,
-0.0338147329263489));
#9568=CARTESIAN_POINT('Ctrl Pts',(1.03571119118969,-0.0178242005998481,
-0.0891944115773298));
#9569=CARTESIAN_POINT('Ctrl Pts',(1.04064823892242,0.0649579888318817,-0.0636694971753891));
#9570=CARTESIAN_POINT('Ctrl Pts',(1.04558528665514,0.0888194503946537,0.019607407152435));
#9571=CARTESIAN_POINT('Ctrl Pts',(1.05052233438787,0.032116430816883,0.0850992365138142));
#9572=CARTESIAN_POINT('Ctrl Pts',(1.05545938212059,-0.0537180861226884,
0.0734010381872454));
#9573=CARTESIAN_POINT('Ctrl Pts',(1.06039642985331,-0.0908271300143204,
-0.00487623184554626));
#9574=CARTESIAN_POINT('Ctrl Pts',(1.06533347758604,-0.045550608913437,-0.0787304719359948));
#9575=CARTESIAN_POINT('Ctrl Pts',(1.07027052531876,0.0410430015911884,-0.0811715295164297));
#9576=CARTESIAN_POINT('Ctrl Pts',(1.07520757305148,0.0904081884458938,-0.0099852213586154));
#9577=CARTESIAN_POINT('Ctrl Pts',(1.08014462078421,0.0577678150248387,0.0702582716191011));
#9578=CARTESIAN_POINT('Ctrl Pts',(1.08508166851693,-0.0272713744598382,
0.086773367565917));
#9579=CARTESIAN_POINT('Ctrl Pts',(1.09001871624966,-0.0875738185178259,
0.0245799002001111));
#9580=CARTESIAN_POINT('Ctrl Pts',(1.09495576398238,-0.068441643029909,-0.0599089866631364));
#9581=CARTESIAN_POINT('Ctrl Pts',(1.0998928117151,0.0127711401923264,-0.0900568884755538));
#9582=CARTESIAN_POINT('Ctrl Pts',(1.10482985944783,0.0823997458652791,-0.0385178798080285));
#9583=CARTESIAN_POINT('Ctrl Pts',(1.10976690718055,0.0772869211174452,0.0479591180880369));
#9584=CARTESIAN_POINT('Ctrl Pts',(1.11470395491327,0.00207029960849419,
0.0909343666805598));
#9585=CARTESIAN_POINT('Ctrl Pts',(1.119641002646,-0.0750242057736893,0.0514267802900809));
#9586=CARTESIAN_POINT('Ctrl Pts',(1.12457805037872,-0.0840673307000924,
-0.0347279295739613));
#9587=CARTESIAN_POINT('Ctrl Pts',(1.12951509811145,-0.0168564273757875,
-0.0893823586761558));
#9588=CARTESIAN_POINT('Ctrl Pts',(1.13445214584417,0.0656442499527479,-0.0629617155616343));
#9589=CARTESIAN_POINT('Ctrl Pts',(1.13938919357689,0.088601720128643,0.0205689176904413));
#9590=CARTESIAN_POINT('Ctrl Pts',(1.14432624130962,0.0311922032887211,0.0854423294108187));
#9591=CARTESIAN_POINT('Ctrl Pts',(1.14926328904234,-0.0545104818865517,
0.0728145075338589));
#9592=CARTESIAN_POINT('Ctrl Pts',(1.15420033677506,-0.0907689445736667,
-0.00586036735295547));
#9593=CARTESIAN_POINT('Ctrl Pts',(1.15913738450779,-0.0446946193900207,
-0.079219544862757));
#9594=CARTESIAN_POINT('Ctrl Pts',(1.16407443224051,0.0419203612303905,-0.0807219189282567));
#9595=CARTESIAN_POINT('Ctrl Pts',(1.16901147997324,0.090511103123253,-0.00900475623793872));
#9596=CARTESIAN_POINT('Ctrl Pts',(1.17394852770596,0.0570029314531966,0.0708802624537369));
#9597=CARTESIAN_POINT('Ctrl Pts',(1.17888557543868,-0.0282102548229342,
0.0864726807833881));
#9598=CARTESIAN_POINT('Ctrl Pts',(1.18382262317141,-0.0878350891468297,
0.0236293167767224));
#9599=CARTESIAN_POINT('Ctrl Pts',(1.18875967090413,-0.0677882903558781,
-0.060647309103459));
#9600=CARTESIAN_POINT('Ctrl Pts',(1.19369671863685,0.0137464372942525,-0.0899130985303099));
#9601=CARTESIAN_POINT('Ctrl Pts',(1.19863376636958,0.0828124305812183,-0.0376226909844174));
#9602=CARTESIAN_POINT('Ctrl Pts',(1.2035708141023,0.0767624808448282,0.0487942701657668));
#9603=CARTESIAN_POINT('Ctrl Pts',(1.20850786183503,0.0010847852631246,0.0909508845686307));
#9604=CARTESIAN_POINT('Ctrl Pts',(1.21344490956775,-0.0755775533036529,
0.0506117316029681));
#9605=CARTESIAN_POINT('Ctrl Pts',(1.21838195730047,-0.0836852861247288,
-0.0356391939258312));
#9606=CARTESIAN_POINT('Ctrl Pts',(1.2233190050332,-0.0158880422212984,-0.0895556723866547));
#9607=CARTESIAN_POINT('Ctrl Pts',(1.22825605276592,0.0663254331792413,-0.0622544939799106));
#9608=CARTESIAN_POINT('Ctrl Pts',(1.23319310049864,0.0883685115867407,0.0215433361023494));
#9609=CARTESIAN_POINT('Ctrl Pts',(1.23813014823137,0.0302740763774068,0.0857457948692284));
#9610=CARTESIAN_POINT('Ctrl Pts',(1.24306719596409,-0.0553153332701884,
0.0722772677680457));
#9611=CARTESIAN_POINT('Ctrl Pts',(1.24800424369682,-0.0906631857645898,
-0.0069634973632653));
#9612=CARTESIAN_POINT('Ctrl Pts',(1.25129560885196,-0.0594957001501941,
-0.0552507027120927));
#9613=CARTESIAN_POINT('Ctrl Pts',(1.25294129142954,-0.037147096516896,-0.0675420868654662));
#9614=CARTESIAN_POINT('Ctrl Pts',(0.741586736135477,-0.0655625681082816,
0.0492498696754314));
#9615=CARTESIAN_POINT('Ctrl Pts',(0.743232418713051,-0.0818585676464682,
0.0275562573541005));
#9616=CARTESIAN_POINT('Ctrl Pts',(0.746523783868201,-0.0909631268200172,
-0.0329001368723328));
#9617=CARTESIAN_POINT('Ctrl Pts',(0.751460831600925,-0.0220287417599168,
-0.0942813262405422));
#9618=CARTESIAN_POINT('Ctrl Pts',(0.756397879333648,0.0668593242298698,
-0.0699083048432175));
#9619=CARTESIAN_POINT('Ctrl Pts',(0.761334927066372,0.0951146311054676,
0.0177582265804692));
#9620=CARTESIAN_POINT('Ctrl Pts',(0.766271974799095,0.0370890062567732,
0.0893774952828152));
#9621=CARTESIAN_POINT('Ctrl Pts',(0.77120902253182,-0.0545752563714028,
0.0798947280102347));
#9622=CARTESIAN_POINT('Ctrl Pts',(0.776146070264543,-0.096738243317779,
-0.00204097563498484));
#9623=CARTESIAN_POINT('Ctrl Pts',(0.781083117997267,-0.0511530530925374,
-0.0821338594720865));
#9624=CARTESIAN_POINT('Ctrl Pts',(0.78602016572999,0.0408305148009113,-0.0877220893414105));
#9625=CARTESIAN_POINT('Ctrl Pts',(0.790957213462715,0.0957786356241961,
-0.0137434943587046));
#9626=CARTESIAN_POINT('Ctrl Pts',(0.795894261195438,0.0638497598416664,
0.0727024479770215));
#9627=CARTESIAN_POINT('Ctrl Pts',(0.800831308928162,-0.0259945503531462,
0.0932023643199408));
#9628=CARTESIAN_POINT('Ctrl Pts',(0.805768356660885,-0.0922603033602363,
0.0291625585042089));
#9629=CARTESIAN_POINT('Ctrl Pts',(0.81070540439361,-0.0748405012244504,
-0.0613295747309729));
#9630=CARTESIAN_POINT('Ctrl Pts',(0.815642452126332,0.0104640414792712,
-0.0961920792287035));
#9631=CARTESIAN_POINT('Ctrl Pts',(0.820579499859057,0.0862770859585028,
-0.0438027382515576));
#9632=CARTESIAN_POINT('Ctrl Pts',(0.825516547591781,0.0838317213823813,
0.0483182936793626));
#9633=CARTESIAN_POINT('Ctrl Pts',(0.830453595324504,0.00534604138208107,
0.0966117707208647));
#9634=CARTESIAN_POINT('Ctrl Pts',(0.835390643057228,-0.0779888141831193,
0.0572726787049019));
#9635=CARTESIAN_POINT('Ctrl Pts',(0.840327690789952,-0.0905832142301536,
-0.0340161147982112));
#9636=CARTESIAN_POINT('Ctrl Pts',(0.845264738522676,-0.02101329546758,-0.094450283800973));
#9637=CARTESIAN_POINT('Ctrl Pts',(0.8502017862554,0.067616921991641,-0.0692124744737933));
#9638=CARTESIAN_POINT('Ctrl Pts',(0.855138833988123,0.0949146023024095,
0.0188051326392342));
#9639=CARTESIAN_POINT('Ctrl Pts',(0.860075881720847,0.0361191391523098,
0.0897653748584137));
#9640=CARTESIAN_POINT('Ctrl Pts',(0.86501292945357,-0.055438513960333,0.0793031267704636));
#9641=CARTESIAN_POINT('Ctrl Pts',(0.869949977186296,-0.0967101644781774,
-0.00309173560881045));
#9642=CARTESIAN_POINT('Ctrl Pts',(0.874887024919018,-0.0502599906966036,
-0.0826822113699158));
#9643=CARTESIAN_POINT('Ctrl Pts',(0.879824072651742,0.0417789595834709,
-0.0872750438510003));
#9644=CARTESIAN_POINT('Ctrl Pts',(0.884761120384467,0.0959219288980925,
-0.012704263025156));
#9645=CARTESIAN_POINT('Ctrl Pts',(0.889698168117188,0.0630580500809831,
0.0733900338090634));
#9646=CARTESIAN_POINT('Ctrl Pts',(0.894635215849915,-0.0270032000771811,
0.0929152405596826));
#9647=CARTESIAN_POINT('Ctrl Pts',(0.899572263582636,-0.0925709547937765,
0.0281608428701616));
#9648=CARTESIAN_POINT('Ctrl Pts',(0.904509311315362,-0.0741713925713327,
-0.0621371005649774));
#9649=CARTESIAN_POINT('Ctrl Pts',(0.909446359048083,0.0115059982284402,
-0.096073028199283));
#9650=CARTESIAN_POINT('Ctrl Pts',(0.91438340678081,0.0867467698737251,-0.0428650517213683));
#9651=CARTESIAN_POINT('Ctrl Pts',(0.919320454513532,0.0833031038824241,
0.0492240553607304));
#9652=CARTESIAN_POINT('Ctrl Pts',(0.924257502246256,0.00429860845720578,
0.0966640404076738));
#9653=CARTESIAN_POINT('Ctrl Pts',(0.929194549978979,-0.078604978421992,
0.0564240384045765));
#9654=CARTESIAN_POINT('Ctrl Pts',(0.934131597711703,-0.0902092128114739,
-0.0349958949955209));
#9655=CARTESIAN_POINT('Ctrl Pts',(0.939068645444429,-0.0199883695635608,
-0.0946724871585934));
#9656=CARTESIAN_POINT('Ctrl Pts',(0.944005693177149,0.0683631040314026,
-0.0684755485541727));
#9657=CARTESIAN_POINT('Ctrl Pts',(0.948942740909876,0.0947052093970569,
0.0198327520950298));
#9658=CARTESIAN_POINT('Ctrl Pts',(0.953879788642598,0.0351441029945862,
0.0901515766213175));
#9659=CARTESIAN_POINT('Ctrl Pts',(0.958816836375322,-0.0562947780431473,
0.0786976029347541));
#9660=CARTESIAN_POINT('Ctrl Pts',(0.963753884108046,-0.096670974457005,
-0.00413973913870276));
#9661=CARTESIAN_POINT('Ctrl Pts',(0.96869093184077,-0.0493608942290507,
-0.0832220936020707));
#9662=CARTESIAN_POINT('Ctrl Pts',(0.973627979573493,0.0427224289600654,
-0.0868170997347613));
#9663=CARTESIAN_POINT('Ctrl Pts',(0.978565027306217,0.0960539888030012,
-0.0116638748980011));
#9664=CARTESIAN_POINT('Ctrl Pts',(0.983502075038941,0.062258914389493,0.0740691725459731));
#9665=CARTESIAN_POINT('Ctrl Pts',(0.988439122771665,-0.0280086681500611,
0.0926171110058132));
#9666=CARTESIAN_POINT('Ctrl Pts',(0.993376170504388,-0.0928707363915543,
0.0271558661193834));
#9667=CARTESIAN_POINT('Ctrl Pts',(0.998313218237112,-0.0734935681000537,
-0.0629373513148288));
#9668=CARTESIAN_POINT('Ctrl Pts',(1.00325026596984,0.0125466019871031,-0.0959426783093975));
#9669=CARTESIAN_POINT('Ctrl Pts',(1.00818731370256,0.0872062639234376,-0.0419223362316442));
#9670=CARTESIAN_POINT('Ctrl Pts',(1.01312436143528,0.0827647000136379,0.0501240378885811));
#9671=CARTESIAN_POINT('Ctrl Pts',(1.01806140916801,0.00325067074040832,
0.0967049527291173));
#9672=CARTESIAN_POINT('Ctrl Pts',(1.02299845690073,-0.0792119086577779,
0.0555687706305915));
#9673=CARTESIAN_POINT('Ctrl Pts',(1.02793550463346,-0.089824614038391,-0.0359715645400295));
#9674=CARTESIAN_POINT('Ctrl Pts',(1.03287255236618,-0.0189610955570277,
-0.0948835686401002));
#9675=CARTESIAN_POINT('Ctrl Pts',(1.0378096000989,0.0691012551465639,-0.0677305786168462));
#9676=CARTESIAN_POINT('Ctrl Pts',(1.04274664783163,0.0944846910144208,0.0208580417708064));
#9677=CARTESIAN_POINT('Ctrl Pts',(1.04768369556435,0.0341649382960139,0.0905271878157764));
#9678=CARTESIAN_POINT('Ctrl Pts',(1.05262074329707,-0.0571444289132165,
0.0780828341364859));
#9679=CARTESIAN_POINT('Ctrl Pts',(1.0575577910298,-0.0966204280368554,-0.00518725636326215));
#9680=CARTESIAN_POINT('Ctrl Pts',(1.06249483876252,-0.0484559991035913,
-0.0837521993351555));
#9681=CARTESIAN_POINT('Ctrl Pts',(1.06743188649524,0.0436608795305183,-0.0863489568045047));
#9682=CARTESIAN_POINT('Ctrl Pts',(1.07236893422797,0.0961747647900103,-0.0106221165587866));
#9683=CARTESIAN_POINT('Ctrl Pts',(1.07730598196069,0.0614524648480446,0.0747396100250762));
#9684=CARTESIAN_POINT('Ctrl Pts',(1.08224302969342,-0.029010845911871,0.0923081012809322));
#9685=CARTESIAN_POINT('Ctrl Pts',(1.08718007742614,-0.0931596080232872,
0.0261476992399021));
#9686=CARTESIAN_POINT('Ctrl Pts',(1.09211712515886,-0.0728071099907355,
-0.0637302085151636));
#9687=CARTESIAN_POINT('Ctrl Pts',(1.09705417289159,0.013585731837026,-0.0958010575783187));
#9688=CARTESIAN_POINT('Ctrl Pts',(1.10199122062431,0.0876555134393889,-0.0409746959255136));
#9689=CARTESIAN_POINT('Ctrl Pts',(1.10692826835703,0.0822165733833146,0.0510181321066254));
#9690=CARTESIAN_POINT('Ctrl Pts',(1.11186531608976,0.00220235115109018,
0.0967345046634278));
#9691=CARTESIAN_POINT('Ctrl Pts',(1.11680236382248,-0.0798095334933085,
0.0547069749247997));
#9692=CARTESIAN_POINT('Ctrl Pts',(1.12173941155521,-0.0894294631447468,
-0.0369430083251654));
#9693=CARTESIAN_POINT('Ctrl Pts',(1.12667645928793,-0.0179315940948918,
-0.0950835037160403));
#9694=CARTESIAN_POINT('Ctrl Pts',(1.13161350702065,0.0698312885983828,-0.0669776520136737));
#9695=CARTESIAN_POINT('Ctrl Pts',(1.13655055475338,0.0942530730881996,0.0218808810890749));
#9696=CARTESIAN_POINT('Ctrl Pts',(1.1414876024861,0.0331817600390287,0.0908921644759411));
#9697=CARTESIAN_POINT('Ctrl Pts',(1.14642465021883,-0.0579873666771534,
0.0774588923387213));
#9698=CARTESIAN_POINT('Ctrl Pts',(1.15136169795155,-0.0965585313086357,
-0.00623416375709005));
#9699=CARTESIAN_POINT('Ctrl Pts',(1.15629874568427,-0.0475454113294922,
-0.0842724671837327));
#9700=CARTESIAN_POINT('Ctrl Pts',(1.161235793417,0.0445942004872478,-0.0858706683517889));
#9701=CARTESIAN_POINT('Ctrl Pts',(1.16617284114972,0.0962842437548984,-0.00957911366284499));
#9702=CARTESIAN_POINT('Ctrl Pts',(1.17110988888244,0.0606387941080492,0.0754012737886237));
#9703=CARTESIAN_POINT('Ctrl Pts',(1.17604693661517,-0.0300096116170457,
0.09198823555768));
#9704=CARTESIAN_POINT('Ctrl Pts',(1.18098398434789,-0.0934375434816004,
0.0251364840089673));
#9705=CARTESIAN_POINT('Ctrl Pts',(1.18592103208062,-0.0721120840110098,
-0.0645156239543822));
#9706=CARTESIAN_POINT('Ctrl Pts',(1.19085807981334,0.0146232370784265,-0.0956480961662973));
#9707=CARTESIAN_POINT('Ctrl Pts',(1.19579512754606,0.0880945207480203,-0.0400224085715315));
#9708=CARTESIAN_POINT('Ctrl Pts',(1.20073217527879,0.0816586823257416,0.0519065533439076));
#9709=CARTESIAN_POINT('Ctrl Pts',(1.20566922301151,0.00115397697179959,
0.0967520761249));
#9710=CARTESIAN_POINT('Ctrl Pts',(1.21060627074423,-0.0803981756224804,
0.0538399393484547));
#9711=CARTESIAN_POINT('Ctrl Pts',(1.21554331847696,-0.0890230503207925,
-0.0379123965654247));
#9712=CARTESIAN_POINT('Ctrl Pts',(1.22048036620968,-0.0169014416710894,
-0.0952678720307765));
#9713=CARTESIAN_POINT('Ctrl Pts',(1.2254174139424,0.070555920268512,-0.066225321163494));
#9714=CARTESIAN_POINT('Ctrl Pts',(1.23035446167513,0.0940049896230841,0.022917451594283));
#9715=CARTESIAN_POINT('Ctrl Pts',(1.23529150940785,0.0322050715193171,0.091214986109536));
#9716=CARTESIAN_POINT('Ctrl Pts',(1.24022855714058,-0.0588435545274219,
0.0768873853878452));
#9717=CARTESIAN_POINT('Ctrl Pts',(1.2451656048733,-0.0964460268025475,-0.00740765557346272));
#9718=CARTESIAN_POINT('Ctrl Pts',(1.24845697002845,-0.0632905610246389,
-0.0587748015877829));
#9719=CARTESIAN_POINT('Ctrl Pts',(1.25010265260602,-0.039516478889325,-0.0718501767303987));
#9720=CARTESIAN_POINT('Ctrl Pts',(1.25010265260602,-0.039516478889325,-0.0718501767303987));
#9721=CARTESIAN_POINT('Ctrl Pts',(1.25010265260602,-0.0431339168983658,
-0.0693353061997988));
#9722=CARTESIAN_POINT('Ctrl Pts',(1.25010265260602,-0.0465186988191029,
-0.0665145058900917));
#9723=CARTESIAN_POINT('Ctrl Pts',(1.25010265260602,-0.0496514669305084,
-0.0634299867584056));
#9724=CARTESIAN_POINT('Ctrl Pts',(1.25010265260602,-0.051812163671214,-0.0613025677482931));
#9725=CARTESIAN_POINT('Ctrl Pts',(1.25010265260602,-0.053852829964899,-0.0590495266528464));
#9726=CARTESIAN_POINT('Ctrl Pts',(1.25010265260602,-0.0557647253865375,
-0.0566835104510859));
#9727=CARTESIAN_POINT('Ctrl Pts',(1.25010265260602,-0.0575660772971421,
-0.0544542944817782));
#9728=CARTESIAN_POINT('Ctrl Pts',(1.25010265260602,-0.0592475932923582,
-0.0521314366606533));
#9729=CARTESIAN_POINT('Ctrl Pts',(1.25010265260602,-0.0608011781625889,
-0.049729287697571));
#9730=CARTESIAN_POINT('Ctrl Pts',(1.25010265260602,-0.0632354362728988,
-0.0459654440173173));
#9731=CARTESIAN_POINT('Ctrl Pts',(1.25010265260602,-0.0653580335865762,
-0.0420046563365766));
#9732=CARTESIAN_POINT('Ctrl Pts',(1.25010265260602,-0.0671375401607263,
-0.0378892280968061));
#9733=CARTESIAN_POINT('Ctrl Pts',(1.25010265260602,-0.0681784022756847,
-0.0354820476998171));
#9734=CARTESIAN_POINT('Ctrl Pts',(1.25010265260602,-0.06909822301521,-0.0330295310799955));
#9735=CARTESIAN_POINT('Ctrl Pts',(1.25010265260602,-0.0698902955457932,
-0.0305451352082405));
#9736=CARTESIAN_POINT('Ctrl Pts',(1.25010265260602,-0.0712593903989236,
-0.026250864835483));
#9737=CARTESIAN_POINT('Ctrl Pts',(1.25010265260602,-0.0722495658782184,
-0.0218567751701399));
#9738=CARTESIAN_POINT('Ctrl Pts',(1.25010265260602,-0.0728257510615816,
-0.0174080050243477));
#9739=CARTESIAN_POINT('Ctrl Pts',(1.25010265260602,-0.0731753494194735,
-0.0147087291968625));
#9740=CARTESIAN_POINT('Ctrl Pts',(1.25010265260602,-0.0733722695813053,
-0.0119893242631662));
#9741=CARTESIAN_POINT('Ctrl Pts',(1.25010265260602,-0.0734059668780893,
-0.00926055016558871));
#9742=CARTESIAN_POINT('Ctrl Pts',(1.25010265260602,-0.0734212396020545,
-0.00802377993375244));
#9743=CARTESIAN_POINT('Ctrl Pts',(1.25010265260602,-0.0734029061658461,
-0.00678751278433417));
#9744=CARTESIAN_POINT('Ctrl Pts',(1.25010265260602,-0.0733503267642689,
-0.00555368510430509));
#9745=CARTESIAN_POINT('Ctrl Pts',(1.25010265260602,-0.0731700755555258,
-0.00132391215074372));
#9746=CARTESIAN_POINT('Ctrl Pts',(1.25010265260602,-0.0725883026261139,
0.00288130980688692));
#9747=CARTESIAN_POINT('Ctrl Pts',(1.25010265260602,-0.0716331725700339,
0.00701524236894466));
#9748=CARTESIAN_POINT('Ctrl Pts',(1.25010265260602,-0.0709758770466805,
0.00986010663595061));
#9749=CARTESIAN_POINT('Ctrl Pts',(1.25010265260602,-0.0701414870515697,
0.0126711681473533));
#9750=CARTESIAN_POINT('Ctrl Pts',(1.25010265260602,-0.0691364598837824,
0.0154313513799267));
#9751=CARTESIAN_POINT('Ctrl Pts',(1.25010265260602,-0.0683041617535684,
0.0177171556020918));
#9752=CARTESIAN_POINT('Ctrl Pts',(1.25010265260602,-0.0673538604043234,
0.0199689446502825));
#9753=CARTESIAN_POINT('Ctrl Pts',(1.25010265260602,-0.0662970527385143,
0.0221609697933278));
#9754=CARTESIAN_POINT('Ctrl Pts',(1.25010265260602,-0.0637531033688179,
0.0274376167759552));
#9755=CARTESIAN_POINT('Ctrl Pts',(1.25010265260602,-0.060586877225536,0.0323935529610774));
#9756=CARTESIAN_POINT('Ctrl Pts',(1.25010265260602,-0.0568546931300247,
0.0368861234685698));
#9757=CARTESIAN_POINT('Ctrl Pts',(1.25010265260602,-0.0558479416426877,
0.0380979881367207));
#9758=CARTESIAN_POINT('Ctrl Pts',(1.25010265260602,-0.05479985530576,0.0392758918435833));
#9759=CARTESIAN_POINT('Ctrl Pts',(1.25010265260602,-0.0537112596133847,
0.0404164214276473));
#9760=CARTESIAN_POINT('Ctrl Pts',(0.800181946600027,0.0673078080544922,
-4.89074588247877E-5));
#9761=CARTESIAN_POINT('Ctrl Pts',(0.799945674377772,0.0673339045887773,
-0.00323565795373302));
#9762=CARTESIAN_POINT('Ctrl Pts',(0.799709402155517,0.0671269423653462,
-0.00641900081078247));
#9763=CARTESIAN_POINT('Ctrl Pts',(0.799473129933262,0.0666752062045165,
-0.00956721720375348));
#9764=CARTESIAN_POINT('Ctrl Pts',(0.797827447355687,0.0635287748447791,
-0.0314951646319334));
#9765=CARTESIAN_POINT('Ctrl Pts',(0.796181764778113,0.0485073881562998,
-0.0517189878538316));
#9766=CARTESIAN_POINT('Ctrl Pts',(0.794536082200538,0.0284237376152423,
-0.0610670611340652));
#9767=CARTESIAN_POINT('Ctrl Pts',(0.792890399622963,0.00834008707418465,
-0.0704151344142989));
#9768=CARTESIAN_POINT('Ctrl Pts',(0.791244717045388,-0.0168058273194512,
-0.0688874577528679));
#9769=CARTESIAN_POINT('Ctrl Pts',(0.789599034467814,-0.0356096870419755,
-0.0571759640602721));
#9770=CARTESIAN_POINT('Ctrl Pts',(0.787953351890239,-0.0544135467644997,
-0.0454644703676763));
#9771=CARTESIAN_POINT('Ctrl Pts',(0.786307669312665,-0.0668753518159123,
-0.0235691596439157));
#9772=CARTESIAN_POINT('Ctrl Pts',(0.78466198673509,-0.0673431224876678,
-0.00142195942402522));
#9773=CARTESIAN_POINT('Ctrl Pts',(0.783016304157516,-0.0678108931594233,
0.0207252407958652));
#9774=CARTESIAN_POINT('Ctrl Pts',(0.781370621579941,-0.0562846294515217,
0.0431243305118855));
#9775=CARTESIAN_POINT('Ctrl Pts',(0.779724939002366,-0.0379921852769513,
0.0556200463029872));
#9776=CARTESIAN_POINT('Ctrl Pts',(0.778079256424792,-0.0196997411023809,
0.068115762094089));
#9777=CARTESIAN_POINT('Ctrl Pts',(0.776433573847217,0.00535888353885839,
0.0707081039602721));
#9778=CARTESIAN_POINT('Ctrl Pts',(0.774787891269643,0.0258195439714184,
0.0622148524945165));
#9779=CARTESIAN_POINT('Ctrl Pts',(0.773142208692068,0.0462802044039784,
0.053721601028761));
#9780=CARTESIAN_POINT('Ctrl Pts',(0.771496526114493,0.0621429006278592,
0.0341427562310668));
#9781=CARTESIAN_POINT('Ctrl Pts',(0.769850843536919,0.0662121158386128,
0.0123704593642464));
#9782=CARTESIAN_POINT('Ctrl Pts',(0.769544544557955,0.0669694893936492,
0.00831813943883295));
#9783=CARTESIAN_POINT('Ctrl Pts',(0.769238245578991,0.0673183169441244,
0.00418983464703103));
#9784=CARTESIAN_POINT('Ctrl Pts',(0.768931946600027,0.06728120232079,5.54683095446783E-5));
#9785=CARTESIAN_POINT('Ctrl Pts',(0.750102652606024,0.0395164788893188,
-0.0718501767304019));
#9786=CARTESIAN_POINT('Ctrl Pts',(0.751748335183598,0.0632905610246336,
-0.0587748015877881));
#9787=CARTESIAN_POINT('Ctrl Pts',(0.755039700338748,0.0964459983906776,
-0.00740758936867374));
#9788=CARTESIAN_POINT('Ctrl Pts',(0.759976748071471,0.0588435740373428,
0.0768873496003974));
#9789=CARTESIAN_POINT('Ctrl Pts',(0.764913795804196,-0.0322050804792505,
0.091215014553678));
#9790=CARTESIAN_POINT('Ctrl Pts',(0.769850843536918,-0.0940049909717453,
0.0229174378632414));
#9791=CARTESIAN_POINT('Ctrl Pts',(0.774787891269643,-0.0705559247891473,
-0.0662253153483393));
#9792=CARTESIAN_POINT('Ctrl Pts',(0.779724939002366,0.0169014428683356,
-0.0952678818330802));
#9793=CARTESIAN_POINT('Ctrl Pts',(0.78466198673509,0.0890230544312353,-0.0379123952578001));
#9794=CARTESIAN_POINT('Ctrl Pts',(0.789599034467814,0.0803981794088296,
0.0538399401032437));
#9795=CARTESIAN_POINT('Ctrl Pts',(0.794536082200538,-0.00115397699016791,
0.0967520817154246));
#9796=CARTESIAN_POINT('Ctrl Pts',(0.799473129933261,-0.0816586862167624,
0.0519065552164003));
#9797=CARTESIAN_POINT('Ctrl Pts',(0.804410177665985,-0.0880945248819444,
-0.0400224101358762));
#9798=CARTESIAN_POINT('Ctrl Pts',(0.80934722539871,-0.0146232377869912,
-0.0956481008654488));
#9799=CARTESIAN_POINT('Ctrl Pts',(0.814284273131431,0.0721120874280548,
-0.0645156268997184));
#9800=CARTESIAN_POINT('Ctrl Pts',(0.819221320864158,0.0934375478869895,
0.0251364851398371));
#9801=CARTESIAN_POINT('Ctrl Pts',(0.824158368596879,0.0300096130385799,
0.0919882399328095));
#9802=CARTESIAN_POINT('Ctrl Pts',(0.829095416329605,-0.0606387969742591,
0.0754012773323766));
#9803=CARTESIAN_POINT('Ctrl Pts',(0.834032464062326,-0.0962842483004028,
-0.00957911410585552));
#9804=CARTESIAN_POINT('Ctrl Pts',(0.838969511795053,-0.044594202594066,
-0.0858706724121199));
#9805=CARTESIAN_POINT('Ctrl Pts',(0.843906559527774,0.0475454135752963,
-0.0842724711606922));
#9806=CARTESIAN_POINT('Ctrl Pts',(0.848843607260499,0.096558535868308,-0.00623416405302216));
#9807=CARTESIAN_POINT('Ctrl Pts',(0.853780654993223,0.0579873694157532,
0.0774588959975174));
#9808=CARTESIAN_POINT('Ctrl Pts',(0.858717702725945,-0.0331817616061099,
0.0908921687678553));
#9809=CARTESIAN_POINT('Ctrl Pts',(0.863654750458672,-0.0942530775392267,
0.0218808821226426));
#9810=CARTESIAN_POINT('Ctrl Pts',(0.868591798191393,-0.0698312918961796,
-0.0669776551768016));
#9811=CARTESIAN_POINT('Ctrl Pts',(0.873528845924118,0.0179315949417137,
-0.0950835082062646));
#9812=CARTESIAN_POINT('Ctrl Pts',(0.878465893656842,0.0894294673680183,
-0.0369430100698342));
#9813=CARTESIAN_POINT('Ctrl Pts',(0.883402941389564,0.0798095372623011,
0.0547069775083367));
#9814=CARTESIAN_POINT('Ctrl Pts',(0.88833998912229,-0.00220235125509121,
0.0967345092316785));
#9815=CARTESIAN_POINT('Ctrl Pts',(0.893277036855012,-0.0822165772659662,
0.0510181345159555));
#9816=CARTESIAN_POINT('Ctrl Pts',(0.898214084587737,-0.0876555175789021,
-0.0409746978605293));
#9817=CARTESIAN_POINT('Ctrl Pts',(0.903151132320459,-0.0135857324786164,
-0.0958010621024958));
#9818=CARTESIAN_POINT('Ctrl Pts',(0.908088180053185,0.0728071134290267,
-0.0637302115248128));
#9819=CARTESIAN_POINT('Ctrl Pts',(0.913025227785906,0.093159612422727,0.0261477004747135));
#9820=CARTESIAN_POINT('Ctrl Pts',(0.917962275518633,0.029010847281907,0.0923081056401558));
#9821=CARTESIAN_POINT('Ctrl Pts',(0.922899323251355,-0.0614524677501164,
0.0747396135546394));
#9822=CARTESIAN_POINT('Ctrl Pts',(0.927836370984079,-0.0961747693318396,
-0.0106221170604062));
#9823=CARTESIAN_POINT('Ctrl Pts',(0.932773418716803,-0.043660881592399,
-0.0863489608823085));
#9824=CARTESIAN_POINT('Ctrl Pts',(0.937710466449527,0.0484560013919067,
-0.083752203290335));
#9825=CARTESIAN_POINT('Ctrl Pts',(0.942647514182251,0.0966204325997288,
-0.00518725660823609));
#9826=CARTESIAN_POINT('Ctrl Pts',(0.947584561914974,0.0571444316118527,
0.0780828378239226));
#9827=CARTESIAN_POINT('Ctrl Pts',(0.952521609647697,-0.0341649399094373,
0.0905271920909019));
#9828=CARTESIAN_POINT('Ctrl Pts',(0.957458657380423,-0.0944846954764349,
0.0208580427558297));
#9829=CARTESIAN_POINT('Ctrl Pts',(0.962395705113144,-0.0691012584098583,
-0.0677305818154));
#9830=CARTESIAN_POINT('Ctrl Pts',(0.96733275284587,0.0189610964524526,-0.0948835731209534));
#9831=CARTESIAN_POINT('Ctrl Pts',(0.972269800578592,0.0898246182803317,
-0.035971566238784));
#9832=CARTESIAN_POINT('Ctrl Pts',(0.977206848311317,0.0792119123985433,
0.055568773254806));
#9833=CARTESIAN_POINT('Ctrl Pts',(0.98214389604404,-0.00325067089391363,
0.0967049572959838));
#9834=CARTESIAN_POINT('Ctrl Pts',(0.987080943776764,-0.0827647039221758,
0.0501240402556819));
#9835=CARTESIAN_POINT('Ctrl Pts',(0.992017991509488,-0.0872062680417346,
-0.041922338211409));
#9836=CARTESIAN_POINT('Ctrl Pts',(0.996955039242211,-0.0125466025796207,
-0.0959426828402646));
#9837=CARTESIAN_POINT('Ctrl Pts',(1.00189208697494,0.0734935715707629,-0.0629373542870342));
#9838=CARTESIAN_POINT('Ctrl Pts',(1.00682913470766,0.092870740777352,0.0271558674018046));
#9839=CARTESIAN_POINT('Ctrl Pts',(1.01176618244038,0.0280086694727703,0.0926171153796299));
#9840=CARTESIAN_POINT('Ctrl Pts',(1.01670323017311,-0.0622589173296484,
0.0740691760438754));
#9841=CARTESIAN_POINT('Ctrl Pts',(1.02164027790583,-0.0960539933391275,
-0.0116638754488167));
#9842=CARTESIAN_POINT('Ctrl Pts',(1.02657732563855,-0.042722430977628,-0.0868171038346731));
#9843=CARTESIAN_POINT('Ctrl Pts',(1.03151437337128,0.049360896560099,-0.0832220975322161));
#9844=CARTESIAN_POINT('Ctrl Pts',(1.036451421104,0.0966709790222657,-0.00413973933420815));
#9845=CARTESIAN_POINT('Ctrl Pts',(1.04138846883672,0.0562947807016592,0.0786976066512231));
#9846=CARTESIAN_POINT('Ctrl Pts',(1.04632551656945,-0.0351441046542505,
0.0901515808787051));
#9847=CARTESIAN_POINT('Ctrl Pts',(1.05126256430217,-0.0947052138694848,
0.0198327530316338));
#9848=CARTESIAN_POINT('Ctrl Pts',(1.0561996120349,-0.0683631072598382,-0.0684755517879075));
#9849=CARTESIAN_POINT('Ctrl Pts',(1.06113665976762,0.019988370507499,-0.0946724916294784));
#9850=CARTESIAN_POINT('Ctrl Pts',(1.06607370750035,0.0902092170715767,-0.0349958966481998));
#9851=CARTESIAN_POINT('Ctrl Pts',(1.07101075523307,0.0786049821340958,0.0564240410691804));
#9852=CARTESIAN_POINT('Ctrl Pts',(1.07594780296579,-0.00429860866019902,
0.0966640449726083));
#9853=CARTESIAN_POINT('Ctrl Pts',(1.08088485069851,-0.0833031078163883,
0.0492240576853304));
#9854=CARTESIAN_POINT('Ctrl Pts',(1.08582189843124,-0.0867467739703225,
-0.0428650537456533));
#9855=CARTESIAN_POINT('Ctrl Pts',(1.09075894616396,-0.0115059987718157,
-0.0960730327363052));
#9856=CARTESIAN_POINT('Ctrl Pts',(1.09569599389669,0.0741713960740514,-0.0621371034993921));
#9857=CARTESIAN_POINT('Ctrl Pts',(1.10063304162941,0.092570959165418,0.028160844200043));
#9858=CARTESIAN_POINT('Ctrl Pts',(1.10557008936213,0.0270032013524066,0.092915244947577));
#9859=CARTESIAN_POINT('Ctrl Pts',(1.11050713709486,-0.0630580530588776,
0.0733900372748965));
#9860=CARTESIAN_POINT('Ctrl Pts',(1.11544418482758,-0.0959219334279833,
-0.0127042636251107));
#9861=CARTESIAN_POINT('Ctrl Pts',(1.12038123256031,-0.0417789615564758,
-0.0872750479725272));
#9862=CARTESIAN_POINT('Ctrl Pts',(1.12531828029303,0.0502599930701072,-0.0826822152745857));
#9863=CARTESIAN_POINT('Ctrl Pts',(1.13025532802575,0.0967101690452972,-0.00309173575478665));
#9864=CARTESIAN_POINT('Ctrl Pts',(1.13519237575848,0.0554385165783926,0.0793031305154585));
#9865=CARTESIAN_POINT('Ctrl Pts',(1.1401294234912,-0.0361191408579918,0.0897653790976931));
#9866=CARTESIAN_POINT('Ctrl Pts',(1.14506647122393,-0.0949146067847814,
0.0188051335270676));
#9867=CARTESIAN_POINT('Ctrl Pts',(1.15000351895665,-0.0676169251847334,
-0.0692124777418858));
#9868=CARTESIAN_POINT('Ctrl Pts',(1.15494056668937,0.0210132964597229,-0.0944502882621804));
#9869=CARTESIAN_POINT('Ctrl Pts',(1.1598776144221,0.09058321850829,-0.0340161164031221));
#9870=CARTESIAN_POINT('Ctrl Pts',(1.16481466215482,0.0779888178654254,0.0572726814068385));
#9871=CARTESIAN_POINT('Ctrl Pts',(1.16975170988754,-0.00534604163322257,
0.0966117752883473));
#9872=CARTESIAN_POINT('Ctrl Pts',(1.17468875762027,-0.0838317253437922,
0.0483182959520468));
#9873=CARTESIAN_POINT('Ctrl Pts',(1.17962580535299,-0.0862770900282435,
-0.0438027403035205));
#9874=CARTESIAN_POINT('Ctrl Pts',(1.18456285308571,-0.010464041982243,-0.0961920838013985));
#9875=CARTESIAN_POINT('Ctrl Pts',(1.18949990081844,0.0748405047753278,-0.0613295775730834));
#9876=CARTESIAN_POINT('Ctrl Pts',(1.19443694855116,0.0922603076860685,0.0291625597842011));
#9877=CARTESIAN_POINT('Ctrl Pts',(1.19937399628389,0.0259945516392573,0.0932023688948731));
#9878=CARTESIAN_POINT('Ctrl Pts',(1.20431104401661,-0.0638497629668637,
0.0727024511026628));
#9879=CARTESIAN_POINT('Ctrl Pts',(1.20924809174933,-0.0957786399410012,
-0.0137434944658514));
#9880=CARTESIAN_POINT('Ctrl Pts',(1.21418513948206,-0.0408305171161535,
-0.0877220944300213));
#9881=CARTESIAN_POINT('Ctrl Pts',(1.21912218721478,0.0511530562337335,-0.0821338617168565));
#9882=CARTESIAN_POINT('Ctrl Pts',(1.2240592349475,0.0967382465271296,-0.0020409785169584));
#9883=CARTESIAN_POINT('Ctrl Pts',(1.22899628268023,0.0545752614929031,0.0798947364535027));
#9884=CARTESIAN_POINT('Ctrl Pts',(1.23393333041295,-0.0370890127684856,
0.0893774918404955));
#9885=CARTESIAN_POINT('Ctrl Pts',(1.23887037814568,-0.0951146266894962,
0.0177582396518117));
#9886=CARTESIAN_POINT('Ctrl Pts',(1.2438074258784,-0.0668593440920149,-0.0699083270883251));
#9887=CARTESIAN_POINT('Ctrl Pts',(1.24874447361112,0.0220287742582365,-0.0942813016389869));
#9888=CARTESIAN_POINT('Ctrl Pts',(1.25368152134385,0.0909630737011413,-0.0329001855415772));
#9889=CARTESIAN_POINT('Ctrl Pts',(1.256972886499,0.0818585676464696,0.0275562573540945));
#9890=CARTESIAN_POINT('Ctrl Pts',(1.25861856907657,0.0655625681082848,0.0492498696754265));
#9891=CARTESIAN_POINT('Ctrl Pts',(0.747264013782508,0.0371470965168901,
-0.0675420868654693));
#9892=CARTESIAN_POINT('Ctrl Pts',(0.748909696360083,0.0594957001501891,
-0.0552507027120976));
#9893=CARTESIAN_POINT('Ctrl Pts',(0.752201061515232,0.0906631590562773,
-0.00696343512807236));
#9894=CARTESIAN_POINT('Ctrl Pts',(0.757138109247955,0.0553153516103069,
0.0722772341263899));
#9895=CARTESIAN_POINT('Ctrl Pts',(0.76207515698068,-0.0302740848001085,
0.0857458216078782));
#9896=CARTESIAN_POINT('Ctrl Pts',(0.767012204713403,-0.088368512854537,
0.0215433231946121));
#9897=CARTESIAN_POINT('Ctrl Pts',(0.771949252446128,-0.0663254374288224,
-0.0622544885134287));
#9898=CARTESIAN_POINT('Ctrl Pts',(0.77688630017885,0.0158880433467586,-0.0895556816012187));
#9899=CARTESIAN_POINT('Ctrl Pts',(0.781823347911575,0.083685289988712,-0.0356391926966108));
#9900=CARTESIAN_POINT('Ctrl Pts',(0.786760395644298,0.0755775568629751,
0.0506117323125004));
#9901=CARTESIAN_POINT('Ctrl Pts',(0.791697443377024,-0.00108478528039171,
0.0909508898239511));
#9902=CARTESIAN_POINT('Ctrl Pts',(0.796634491109744,-0.0767624845025459,
0.048794271925986));
#9903=CARTESIAN_POINT('Ctrl Pts',(0.801571538842471,-0.082812434467275,
-0.0376226924549649));
#9904=CARTESIAN_POINT('Ctrl Pts',(0.806508586575193,-0.0137464379603322,
-0.0899131029477034));
#9905=CARTESIAN_POINT('Ctrl Pts',(0.811445634307917,0.0677882935680394,
-0.0606473118721946));
#9906=CARTESIAN_POINT('Ctrl Pts',(0.816382682040641,0.0878350932880744,
0.0236293178397859));
#9907=CARTESIAN_POINT('Ctrl Pts',(0.821319729773364,0.0282102561592342,
0.0864726848961878));
#9908=CARTESIAN_POINT('Ctrl Pts',(0.826256777506089,-0.0570029341475505,
0.0708802657850085));
#9909=CARTESIAN_POINT('Ctrl Pts',(0.831193825238811,-0.0905111073962119,
-0.00900475665438655));
#9910=CARTESIAN_POINT('Ctrl Pts',(0.836130872971537,-0.0419203632108852,
-0.080721922745133));
#9911=CARTESIAN_POINT('Ctrl Pts',(0.84106792070426,0.0446946215011677,-0.0792195486012605));
#9912=CARTESIAN_POINT('Ctrl Pts',(0.846004968436983,0.0907689488599441,
-0.00586036763114377));
#9913=CARTESIAN_POINT('Ctrl Pts',(0.850942016169708,0.0545104844609468,
0.0728145109732761));
#9914=CARTESIAN_POINT('Ctrl Pts',(0.85587906390243,-0.0311922047618411,
0.0854423334453924));
#9915=CARTESIAN_POINT('Ctrl Pts',(0.860816111635155,-0.0886017243127894,
0.020568918662037));
#9916=CARTESIAN_POINT('Ctrl Pts',(0.865753159367878,-0.0656442530528111,
-0.0629617185351031));
#9917=CARTESIAN_POINT('Ctrl Pts',(0.870690207100602,0.0168564281718345,
-0.0893823628971491));
#9918=CARTESIAN_POINT('Ctrl Pts',(0.875627254833326,0.0840673346701392,
-0.034727931214021));
#9919=CARTESIAN_POINT('Ctrl Pts',(0.880564302566049,0.0750242093166957,
0.0514267827187108));
#9920=CARTESIAN_POINT('Ctrl Pts',(0.885501350298774,-0.00207029970625961,
0.090934370974901));
#9921=CARTESIAN_POINT('Ctrl Pts',(0.890438398031496,-0.0772869247672954,
0.0479591203529053));
#9922=CARTESIAN_POINT('Ctrl Pts',(0.895375445764222,-0.0823997497565899,
-0.038517881627022));
#9923=CARTESIAN_POINT('Ctrl Pts',(0.900312493496944,-0.0127711407954474,
-0.090056892728464));
#9924=CARTESIAN_POINT('Ctrl Pts',(0.905249541229669,0.0684416462620423,
-0.0599089894923291));
#9925=CARTESIAN_POINT('Ctrl Pts',(0.910186588962392,0.0875738226534782,
0.0245799013608842));
#9926=CARTESIAN_POINT('Ctrl Pts',(0.915123636695116,0.0272713757477276,
0.0867733716637644));
#9927=CARTESIAN_POINT('Ctrl Pts',(0.92006068442784,-0.0577678177529041,
0.070258274937034));
#9928=CARTESIAN_POINT('Ctrl Pts',(0.924997732160563,-0.0904081927153981,
-0.0099852218301583));
#9929=CARTESIAN_POINT('Ctrl Pts',(0.929934779893287,-0.0410430035294401,
-0.0811715333497309));
#9930=CARTESIAN_POINT('Ctrl Pts',(0.934871827626011,0.0455506110645463,
-0.0787304756540243));
#9931=CARTESIAN_POINT('Ctrl Pts',(0.939808875358735,0.0908271343036069,
-0.00487623207583164));
#9932=CARTESIAN_POINT('Ctrl Pts',(0.944745923091458,0.053718088659516,0.0734010416535858));
#9933=CARTESIAN_POINT('Ctrl Pts',(0.949682970824182,-0.0321164323335665,
0.085099240532606));
#9934=CARTESIAN_POINT('Ctrl Pts',(0.954620018556907,-0.0888194545891283,
0.0196074080783968));
#9935=CARTESIAN_POINT('Ctrl Pts',(0.959557066289629,-0.0649579918995111,
-0.0636695001821596));
#9936=CARTESIAN_POINT('Ctrl Pts',(0.964494114022354,0.017824201441584,-0.089194415789514));
#9937=CARTESIAN_POINT('Ctrl Pts',(0.969431161755078,0.0844387925907589,
-0.0338147345232472));
#9938=CARTESIAN_POINT('Ctrl Pts',(0.9743682094878,0.0744624176510697,0.0522369057527394));
#9939=CARTESIAN_POINT('Ctrl Pts',(0.979305257220525,-0.00305576278137209,
0.0909065909540498));
#9940=CARTESIAN_POINT('Ctrl Pts',(0.984242304953248,-0.0778021861057039,
0.047118635402953));
#9941=CARTESIAN_POINT('Ctrl Pts',(0.989179352685973,-0.0819774369294761,
-0.0394087020788143));
#9942=CARTESIAN_POINT('Ctrl Pts',(0.994116400418696,-0.0117943164493386,
-0.0901900219789073));
#9943=CARTESIAN_POINT('Ctrl Pts',(0.99905344815142,0.0690869448200769,-0.0591636714588482));
#9944=CARTESIAN_POINT('Ctrl Pts',(1.00399049588414,0.0873022715640758,0.0255276192547452));
#9945=CARTESIAN_POINT('Ctrl Pts',(1.00892754361687,0.0263292878682038,0.0870638533802415));
#9946=CARTESIAN_POINT('Ctrl Pts',(1.01386459134959,-0.0585259131401675,
0.0696280364233585));
#9947=CARTESIAN_POINT('Ctrl Pts',(1.01880163908232,-0.0902946583726554,
-0.0109645170631662));
#9948=CARTESIAN_POINT('Ctrl Pts',(1.02373868681504,-0.0401608218031566,
-0.081611606755155));
#9949=CARTESIAN_POINT('Ctrl Pts',(1.02867573454776,0.0464012493070038,-0.078232154692378));
#9950=CARTESIAN_POINT('Ctrl Pts',(1.03361278228049,0.090874649995524,-0.00389152325624238));
#9951=CARTESIAN_POINT('Ctrl Pts',(1.03854983001321,0.0529193822652793,0.073978949341851));
#9952=CARTESIAN_POINT('Ctrl Pts',(1.04348687774593,-0.0330368869971359,
0.0847461507243925));
#9953=CARTESIAN_POINT('Ctrl Pts',(1.04842392547866,-0.0890267508427576,
0.0186435940592086));
#9954=CARTESIAN_POINT('Ctrl Pts',(1.05336097321138,-0.0642640998123479,
-0.0643698022396488));
#9955=CARTESIAN_POINT('Ctrl Pts',(1.0582980209441,0.0187898808124355,-0.0889959906069792));
#9956=CARTESIAN_POINT('Ctrl Pts',(1.06323506867683,0.0848003310886264,-0.0328975654467325));
#9957=CARTESIAN_POINT('Ctrl Pts',(1.06817211640955,0.073891878530527,0.0530408922652355));
#9958=CARTESIAN_POINT('Ctrl Pts',(1.07310916414228,-0.00404086688077649,
0.0908681317069743));
#9959=CARTESIAN_POINT('Ctrl Pts',(1.078046211875,-0.0783083076526009,0.0462726152021653));
#9960=CARTESIAN_POINT('Ctrl Pts',(1.08298325960772,-0.0815454938237279,
-0.0402948930027737));
#9961=CARTESIAN_POINT('Ctrl Pts',(1.08792030734045,-0.0108161065690341,
-0.0903125561799616));
#9962=CARTESIAN_POINT('Ctrl Pts',(1.09285735507317,0.0697241274070097,-0.0584114031879448));
#9963=CARTESIAN_POINT('Ctrl Pts',(1.09779440280589,0.0870204646626133,0.0264723382978048));
#9964=CARTESIAN_POINT('Ctrl Pts',(1.10273145053862,0.0253841069623741,0.0873441072931999));
#9965=CARTESIAN_POINT('Ctrl Pts',(1.10766849827134,-0.0592771332108353,
0.0689896183732513));
#9966=CARTESIAN_POINT('Ctrl Pts',(1.11260554600407,-0.0901705166878907,
-0.0119425242410848));
#9967=CARTESIAN_POINT('Ctrl Pts',(1.11754259373679,-0.039273922194858,-0.0820420928603533));
#9968=CARTESIAN_POINT('Ctrl Pts',(1.12247964146951,0.0472464365750499,-0.0777246434237722));
#9969=CARTESIAN_POINT('Ctrl Pts',(1.12741668920224,0.0909114902102641,-0.00290635728981468));
#9970=CARTESIAN_POINT('Ctrl Pts',(1.13235373693496,0.0521144591819239,0.0745481663890236));
#9971=CARTESIAN_POINT('Ctrl Pts',(1.13729078466768,-0.0339534606642707,
0.0843831053509818));
#9972=CARTESIAN_POINT('Ctrl Pts',(1.14222783240041,-0.0892235886950435,
0.0176775899517658));
#9973=CARTESIAN_POINT('Ctrl Pts',(1.14716488013313,-0.0635626583291448,
-0.065062542592728));
#9974=CARTESIAN_POINT('Ctrl Pts',(1.15210192786586,0.0197533528711826,-0.0887871104090618));
#9975=CARTESIAN_POINT('Ctrl Pts',(1.15703897559858,0.0851519076424474,-0.0319765321878943));
#9976=CARTESIAN_POINT('Ctrl Pts',(1.1619760233313,0.0733126590706488,0.053838648680209));
#9977=CARTESIAN_POINT('Ctrl Pts',(1.16691307106403,-0.00502549645399481,
0.090818996078985));
#9978=CARTESIAN_POINT('Ctrl Pts',(1.17185011879675,-0.0788052296168779,
0.045421162353296));
#9979=CARTESIAN_POINT('Ctrl Pts',(1.17678716652948,-0.0811039718253306,
-0.0411763564845086));
#9980=CARTESIAN_POINT('Ctrl Pts',(1.1817242142622,-0.00983662483086868,
-0.0904244690206236));
#9981=CARTESIAN_POINT('Ctrl Pts',(1.18666126199492,0.0703531167857502,-0.0576522959909574));
#9982=CARTESIAN_POINT('Ctrl Pts',(1.19159830972765,0.086728439643916,0.027413991667059));
#9983=CARTESIAN_POINT('Ctrl Pts',(1.19653535746037,0.0244359352299929,0.0876140154753634));
#9984=CARTESIAN_POINT('Ctrl Pts',(1.20147240519309,-0.0600213727076717,
0.0683432594206941));
#9985=CARTESIAN_POINT('Ctrl Pts',(1.20640945292582,-0.090035814985189,-0.0129194434765371));
#9986=CARTESIAN_POINT('Ctrl Pts',(1.21134650065854,-0.0383823458663029,
-0.0824623347030179));
#9987=CARTESIAN_POINT('Ctrl Pts',(1.21628354839127,0.0480859522522393,-0.0772091687887116));
#9988=CARTESIAN_POINT('Ctrl Pts',(1.22122059612399,0.0909378841845476,-0.0019186027725473));
#9989=CARTESIAN_POINT('Ctrl Pts',(1.22615764385671,0.0513029643098936,0.0751043000198069));
#9990=CARTESIAN_POINT('Ctrl Pts',(1.23109469158944,-0.0348651796858223,
0.0840184755614414));
#9991=CARTESIAN_POINT('Ctrl Pts',(1.23603173932216,-0.0894116155363659,
0.0166934671523637));
#9992=CARTESIAN_POINT('Ctrl Pts',(1.24096878705488,-0.06285050130601,-0.0657166692649398));
#9993=CARTESIAN_POINT('Ctrl Pts',(1.24590583478761,0.0207079432813707,-0.0886282561138849));
#9994=CARTESIAN_POINT('Ctrl Pts',(1.25084288252033,0.0855089869649956,-0.030927511814999));
#9995=CARTESIAN_POINT('Ctrl Pts',(1.25413424767548,0.0769503811717321,0.0259040020859121));
#9996=CARTESIAN_POINT('Ctrl Pts',(1.25577993025306,0.0616314791668328,0.0462968795221235));
#9997=CARTESIAN_POINT('Ctrl Pts',(0.744425374958993,0.0347777141444614,
-0.0632339970005366));
#9998=CARTESIAN_POINT('Ctrl Pts',(0.746071057536567,0.0557008392757446,
-0.051726603836407));
#9999=CARTESIAN_POINT('Ctrl Pts',(0.749362422691716,0.0848803197218768,
-0.00651928088747101));
#10000=CARTESIAN_POINT('Ctrl Pts',(0.75429947042444,0.0517871291832711,
0.0676671186523823));
#10001=CARTESIAN_POINT('Ctrl Pts',(0.759236518157164,-0.0283430891209664,
0.0802766286620784));
#10002=CARTESIAN_POINT('Ctrl Pts',(0.764173565889887,-0.0827320347373288,
0.0201692085259827));
#10003=CARTESIAN_POINT('Ctrl Pts',(0.769110613622611,-0.0620949500684975,
-0.058283661678518));
#10004=CARTESIAN_POINT('Ctrl Pts',(0.774047661355335,0.0148746438251815,
-0.0838434813693572));
#10005=CARTESIAN_POINT('Ctrl Pts',(0.778984709088059,0.0783475255461887,
-0.0333659901354216));
#10006=CARTESIAN_POINT('Ctrl Pts',(0.783921756820781,0.0707569343171204,
0.0473835245217571));
#10007=CARTESIAN_POINT('Ctrl Pts',(0.788858804553508,-0.00101559357061534,
0.0851496979324774));
#10008=CARTESIAN_POINT('Ctrl Pts',(0.793795852286229,-0.0718662827883295,
0.0456819886355718));
#10009=CARTESIAN_POINT('Ctrl Pts',(0.798732900018955,-0.0775303440526056,
-0.0352229747740536));
#10010=CARTESIAN_POINT('Ctrl Pts',(0.803669947751677,-0.0128696381336731,
-0.084178105029958));
#10011=CARTESIAN_POINT('Ctrl Pts',(0.808606995484402,0.0634644997080238,
-0.0567789968446708));
#10012=CARTESIAN_POINT('Ctrl Pts',(0.813544043217125,0.0822326386891594,
0.0221221505397347));
#10013=CARTESIAN_POINT('Ctrl Pts',(0.818481090949848,0.0264108992798884,
0.0809571298595661));
#10014=CARTESIAN_POINT('Ctrl Pts',(0.823418138682573,-0.0533670713208418,
0.0663592542376404));
#10015=CARTESIAN_POINT('Ctrl Pts',(0.828355186415296,-0.0847379664920212,
-0.0084303992029176));
#10016=CARTESIAN_POINT('Ctrl Pts',(0.83329223414802,-0.0392465238277045,
-0.0755731730781461));
#10017=CARTESIAN_POINT('Ctrl Pts',(0.838229281880745,0.0418438294270392,
-0.0741666260418288));
#10018=CARTESIAN_POINT('Ctrl Pts',(0.843166329613466,0.08497936185158,-0.00548657120926539));
#10019=CARTESIAN_POINT('Ctrl Pts',(0.848103377346192,0.0510335995061405,
0.0681701259490347));
#10020=CARTESIAN_POINT('Ctrl Pts',(0.853040425078915,-0.0292026479175725,
0.0799924981229296));
#10021=CARTESIAN_POINT('Ctrl Pts',(0.857977472811638,-0.0829503710863519,
0.0192569552014313));
#10022=CARTESIAN_POINT('Ctrl Pts',(0.862914520544364,-0.0614572142094427,
-0.0589457818934045));
#10023=CARTESIAN_POINT('Ctrl Pts',(0.867851568277085,0.0157812614019554,
-0.0836812175880337));
#10024=CARTESIAN_POINT('Ctrl Pts',(0.872788616009812,0.07870520197226,-0.0325128523582077));
#10025=CARTESIAN_POINT('Ctrl Pts',(0.877725663742532,0.0702388813710902,
0.0481465879290849));
#10026=CARTESIAN_POINT('Ctrl Pts',(0.88266271147526,-0.00193824815742793,
0.0851342327181236));
#10027=CARTESIAN_POINT('Ctrl Pts',(0.88759975920798,-0.0723572722686247,
0.0449001061898551));
#10028=CARTESIAN_POINT('Ctrl Pts',(0.892536806940706,-0.0771439819342777,
-0.0360610653935146));
#10029=CARTESIAN_POINT('Ctrl Pts',(0.897473854673429,-0.0119565491122783,
-0.0843127233544323));
#10030=CARTESIAN_POINT('Ctrl Pts',(0.902410902406153,0.0640761790950579,
-0.0560877674598454));
#10031=CARTESIAN_POINT('Ctrl Pts',(0.907347950138876,0.0819880328842293,
0.0230121022470548));
#10032=CARTESIAN_POINT('Ctrl Pts',(0.912284997871601,0.0255319042135482,
0.0812386376873729));
#10033=CARTESIAN_POINT('Ctrl Pts',(0.917222045604324,-0.0540831677556919,
0.0657769363194286));
#10034=CARTESIAN_POINT('Ctrl Pts',(0.922159093337048,-0.0846416160989564,
-0.00934832659991039));
#10035=CARTESIAN_POINT('Ctrl Pts',(0.927096141069771,-0.0384251254664812,
-0.0759941058171535));
#10036=CARTESIAN_POINT('Ctrl Pts',(0.932033188802495,0.0426452207371861,
-0.0737087480177135));
#10037=CARTESIAN_POINT('Ctrl Pts',(0.936970236535219,0.0850338360074849,
-0.00456520754342727));
#10038=CARTESIAN_POINT('Ctrl Pts',(0.941907284267942,0.0502917457071793,
0.068719245483249));
#10039=CARTESIAN_POINT('Ctrl Pts',(0.946844332000668,-0.0300679247576959,
0.0796712889743101));
#10040=CARTESIAN_POINT('Ctrl Pts',(0.95178137973339,-0.0831542137018216,
0.0183567734009639));
#10041=CARTESIAN_POINT('Ctrl Pts',(0.956718427466114,-0.060814725389164,
-0.0596084185489191));
#10042=CARTESIAN_POINT('Ctrl Pts',(0.961655475198838,0.0166873064307154,
-0.0835052584580748));
#10043=CARTESIAN_POINT('Ctrl Pts',(0.966592522931562,0.0790529669011861,
-0.0316579028077103));
#10044=CARTESIAN_POINT('Ctrl Pts',(0.971529570664285,0.069712922903596,
0.0489050382506728));
#10045=CARTESIAN_POINT('Ctrl Pts',(0.97646661839701,-0.00286085466883052,
0.0851082246121159));
#10046=CARTESIAN_POINT('Ctrl Pts',(0.981403666129732,-0.072839668289232,
0.0441132305502241));
#10047=CARTESIAN_POINT('Ctrl Pts',(0.986340713862457,-0.0767486058172176,
-0.0368950659462196));
#10048=CARTESIAN_POINT('Ctrl Pts',(0.99127776159518,-0.0110420303190565,
-0.08443736111755));
#10049=CARTESIAN_POINT('Ctrl Pts',(0.996214809327904,0.0646803180693908,
-0.0553899886306622));
#10050=CARTESIAN_POINT('Ctrl Pts',(1.00115185706063,0.0817338023507997,
0.0238993711076858));
#10051=CARTESIAN_POINT('Ctrl Pts',(1.00608890479335,0.0246499062636372,
0.0815105913808531));
#10052=CARTESIAN_POINT('Ctrl Pts',(1.01102595252608,-0.0547929089506865,
0.0651868968028416));
#10053=CARTESIAN_POINT('Ctrl Pts',(1.0159630002588,-0.0845353234061834,
-0.0102651586775156));
#10054=CARTESIAN_POINT('Ctrl Pts',(1.02090004799152,-0.037599212628685,
-0.0764061096756369));
#10055=CARTESIAN_POINT('Ctrl Pts',(1.02583709572425,0.0434416020539084,
-0.0732422118525398));
#10056=CARTESIAN_POINT('Ctrl Pts',(1.03077414345697,0.0850783209687825,
-0.00364330717827664));
#10057=CARTESIAN_POINT('Ctrl Pts',(1.03571119118969,0.0495439838288993,
0.0692602920324789));
#10058=CARTESIAN_POINT('Ctrl Pts',(1.04064823892242,-0.0309296693400213,
0.0793407205700799));
#10059=CARTESIAN_POINT('Ctrl Pts',(1.04558528665514,-0.0833482878160304,
0.0174544350867834));
#10060=CARTESIAN_POINT('Ctrl Pts',(1.05052233438786,-0.0601650923648576,
-0.0602640526913902));
#10061=CARTESIAN_POINT('Ctrl Pts',(1.05545938212059,0.017591391117372,-0.0833194895844799));
#10062=CARTESIAN_POINT('Ctrl Pts',(1.06039642985331,0.0793914451056763,
-0.0307992342452653));
#10063=CARTESIAN_POINT('Ctrl Pts',(1.06533347758604,0.0691787749269582,
0.0496577434612909));
#10064=CARTESIAN_POINT('Ctrl Pts',(1.07027052531876,-0.00378312510135396,
0.0850722184413402));
#10065=CARTESIAN_POINT('Ctrl Pts',(1.07520757305148,-0.0733135074888134,
0.0433211727190002));
#10066=CARTESIAN_POINT('Ctrl Pts',(1.08014462078421,-0.0763442136771333,
-0.037724732259894));
#10067=CARTESIAN_POINT('Ctrl Pts',(1.08508166851693,-0.0101262143662525,
-0.0845520796236182));
#10068=CARTESIAN_POINT('Ctrl Pts',(1.09001871624966,0.065276858739968,-0.0546857028764975));
#10069=CARTESIAN_POINT('Ctrl Pts',(1.09495576398238,0.0814699701598088,
0.0247838323955663));
#10070=CARTESIAN_POINT('Ctrl Pts',(1.0998928117151,0.0237650125723416,0.0817729696388229));
#10071=CARTESIAN_POINT('Ctrl Pts',(1.10482985944783,-0.0554962133627928,
0.0645891994716061));
#10072=CARTESIAN_POINT('Ctrl Pts',(1.10976690718055,-0.0844190999477982,
-0.0111807848570588));
#10073=CARTESIAN_POINT('Ctrl Pts',(1.11470395491327,-0.03676888283324,-0.0768091377481794));
#10074=CARTESIAN_POINT('Ctrl Pts',(1.119641002646,0.0442328800799927,-0.0727670715729586));
#10075=CARTESIAN_POINT('Ctrl Pts',(1.12457805037872,0.085112811375231,-0.00272097882484273));
#10076=CARTESIAN_POINT('Ctrl Pts',(1.12951509811145,0.0487904017854552,
0.0697932022625885));
#10077=CARTESIAN_POINT('Ctrl Pts',(1.13445214584417,-0.0317877804705497,
0.0790008316042705));
#10078=CARTESIAN_POINT('Ctrl Pts',(1.13938919357689,-0.0835325706053056,
0.016550046376464));
#10079=CARTESIAN_POINT('Ctrl Pts',(1.14432624130962,-0.0595083914735561,
-0.0609126074435703));
#10080=CARTESIAN_POINT('Ctrl Pts',(1.14926328904234,0.0184934092826423,
-0.0831239325559432));
#10081=CARTESIAN_POINT('Ctrl Pts',(1.15420033677506,0.0797205967766048,
-0.0299369479726665));
#10082=CARTESIAN_POINT('Ctrl Pts',(1.15913738450779,0.0686365002758722,
0.0504046159535795));
#10083=CARTESIAN_POINT('Ctrl Pts',(1.16407443224051,-0.00470495127476704,
0.0850262168696227));
#10084=CARTESIAN_POINT('Ctrl Pts',(1.16901147997323,-0.0737787338899635,
0.0425240287545453));
#10085=CARTESIAN_POINT('Ctrl Pts',(1.17394852770596,-0.0759308536224176,
-0.0385499726654967));
#10086=CARTESIAN_POINT('Ctrl Pts',(1.17888557543868,-0.00920920767949442,
-0.0846568542398487));
#10087=CARTESIAN_POINT('Ctrl Pts',(1.18382262317141,0.0658657287961727,
-0.0539750144088315));
#10088=CARTESIAN_POINT('Ctrl Pts',(1.18875967090413,0.0811965716017635,
0.0256654235499169));
#10089=CARTESIAN_POINT('Ctrl Pts',(1.19369671863686,0.0228773188207285,
0.0820256620558538));
#10090=CARTESIAN_POINT('Ctrl Pts',(1.19863376636958,-0.0561929824484797,
0.0639840677387256));
#10091=CARTESIAN_POINT('Ctrl Pts',(1.2035708141023,-0.084292990029377,-0.0120953924872229));
#10092=CARTESIAN_POINT('Ctrl Pts',(1.20850786183503,-0.0359341746164522,
-0.0772025749760146));
#10093=CARTESIAN_POINT('Ctrl Pts',(1.21344490956775,0.0450188482707451,
-0.0722844758605667));
#10094=CARTESIAN_POINT('Ctrl Pts',(1.21838195730047,0.0851375218419656,
-0.00179622702813614));
#10095=CARTESIAN_POINT('Ctrl Pts',(1.2233190050332,0.0480306671268842,0.0703138635861111));
#10096=CARTESIAN_POINT('Ctrl Pts',(1.22825605276592,-0.0326413466031591,
0.0786594592823873));
#10097=CARTESIAN_POINT('Ctrl Pts',(1.23319310049865,-0.0837086043832355,
0.0156286946529156));
#10098=CARTESIAN_POINT('Ctrl Pts',(1.23813014823137,-0.0588416585200051,
-0.0615250114415544));
#10099=CARTESIAN_POINT('Ctrl Pts',(1.24306719596409,0.0193871123045049,
-0.0829752105887831));
#10100=CARTESIAN_POINT('Ctrl Pts',(1.24800424369682,0.0800549002288499,
-0.0289548380884206));
#10101=CARTESIAN_POINT('Ctrl Pts',(1.25129560885197,0.0720421946969945,
0.0242517468177295));
#10102=CARTESIAN_POINT('Ctrl Pts',(1.25294129142954,0.0577003902253807,
0.0433438893688205));
#10103=CARTESIAN_POINT('Ctrl Pts',(0.741586736135477,0.0324083317720327,
-0.058925907135604));
#10104=CARTESIAN_POINT('Ctrl Pts',(0.743232418713051,0.0519059784013001,
-0.0482025049607165));
#10105=CARTESIAN_POINT('Ctrl Pts',(0.746523783868199,0.0790974803874764,
-0.00607512664686962));
#10106=CARTESIAN_POINT('Ctrl Pts',(0.751460831600926,0.0482589067562353,
0.0630570031783748));
#10107=CARTESIAN_POINT('Ctrl Pts',(0.756397879333647,-0.0264120934418244,
0.0748074357162786));
#10108=CARTESIAN_POINT('Ctrl Pts',(0.761334927066373,-0.0770955566201205,
0.0187950938573535));
#10109=CARTESIAN_POINT('Ctrl Pts',(0.766271974799096,-0.0578644627081726,
-0.0543128348436075));
#10110=CARTESIAN_POINT('Ctrl Pts',(0.771209022531819,0.0138612443036045,
-0.0781312811374957));
#10111=CARTESIAN_POINT('Ctrl Pts',(0.776146070264543,0.0730097611036655,
-0.0310927875742323));
#10112=CARTESIAN_POINT('Ctrl Pts',(0.781083117997267,0.0659363117712657,
0.0441553167310139));
#10113=CARTESIAN_POINT('Ctrl Pts',(0.786020165729991,-0.000946401860839036,
0.0793485060410037));
#10114=CARTESIAN_POINT('Ctrl Pts',(0.790957213462715,-0.0669700810741131,
0.0425697053451576));
#10115=CARTESIAN_POINT('Ctrl Pts',(0.795894261195438,-0.0722482536379362,
-0.0328232570931423));
#10116=CARTESIAN_POINT('Ctrl Pts',(0.800831308928162,-0.0119928383070141,
-0.0784431071122126));
#10117=CARTESIAN_POINT('Ctrl Pts',(0.805768356660885,0.0591407058480083,
-0.0529106818171471));
#10118=CARTESIAN_POINT('Ctrl Pts',(0.810705404393611,0.0766301840902444,
0.0206149832396835));
#10119=CARTESIAN_POINT('Ctrl Pts',(0.815642452126332,0.0246115424005426,
0.0754415748229443));
#10120=CARTESIAN_POINT('Ctrl Pts',(0.820579499859058,-0.0497312084941332,
0.0618382426902723));
#10121=CARTESIAN_POINT('Ctrl Pts',(0.82551654759178,-0.0789648255878304,
-0.00785604175144857));
#10122=CARTESIAN_POINT('Ctrl Pts',(0.830453595324505,-0.0365726844445237,
-0.0704244234111593));
#10123=CARTESIAN_POINT('Ctrl Pts',(0.835390643057227,0.0389930373529106,
-0.0691137034823969));
#10124=CARTESIAN_POINT('Ctrl Pts',(0.840327690789953,0.079189774843216,
-0.00511277478738716));
#10125=CARTESIAN_POINT('Ctrl Pts',(0.845264738522675,0.0475567145513341,
0.0635257409247934));
#10126=CARTESIAN_POINT('Ctrl Pts',(0.8502017862554,-0.0272130910733036,
0.0745426628004666));
#10127=CARTESIAN_POINT('Ctrl Pts',(0.855138833988122,-0.0772990178599146,
0.0179449917408258));
#10128=CARTESIAN_POINT('Ctrl Pts',(0.860075881720848,-0.0572701753660742,
-0.0549298452517061));
#10129=CARTESIAN_POINT('Ctrl Pts',(0.865012929453569,0.0147060946320761,
-0.0779800722789182));
#10130=CARTESIAN_POINT('Ctrl Pts',(0.869949977186295,0.0733430692743808,
-0.0302977735023945));
#10131=CARTESIAN_POINT('Ctrl Pts',(0.874887024919018,0.0654535534254847,
0.0448663931394591));
#10132=CARTESIAN_POINT('Ctrl Pts',(0.879824072651743,-0.00180619660859624,
0.0793340944613461));
#10133=CARTESIAN_POINT('Ctrl Pts',(0.884761120384465,-0.067427619769954,
0.041841092026805));
#10134=CARTESIAN_POINT('Ctrl Pts',(0.88969816811719,-0.0718882141119655,
-0.0336042491600073));
#10135=CARTESIAN_POINT('Ctrl Pts',(0.894635215849914,-0.0111419574291092,
-0.0785685539804004));
#10136=CARTESIAN_POINT('Ctrl Pts',(0.899572263582637,0.0597107119280735,
-0.0522665454273617));
#10137=CARTESIAN_POINT('Ctrl Pts',(0.904509311315361,0.0764022431149804,
0.0214443031332255));
#10138=CARTESIAN_POINT('Ctrl Pts',(0.909446359048086,0.0237924326793687,
0.0757039037109814));
#10139=CARTESIAN_POINT('Ctrl Pts',(0.914383406780807,-0.0503985177584796,
0.0612955977018232));
#10140=CARTESIAN_POINT('Ctrl Pts',(0.919320454513533,-0.0788750394825149,
-0.00871143136966251));
#10141=CARTESIAN_POINT('Ctrl Pts',(0.924257502246256,-0.0358072474035223,
-0.070816678284576));
#10142=CARTESIAN_POINT('Ctrl Pts',(0.929194549978979,0.0397398304098258,
-0.0686870203814029));
#10143=CARTESIAN_POINT('Ctrl Pts',(0.934131597711704,0.0792405377113629,
-0.00425418301102284));
#10144=CARTESIAN_POINT('Ctrl Pts',(0.939068645444427,0.0468654027548426,
0.0640374493129122));
#10145=CARTESIAN_POINT('Ctrl Pts',(0.944005693177151,-0.0280194171818252,
0.0742433374160141));
#10146=CARTESIAN_POINT('Ctrl Pts',(0.948942740909875,-0.0774889728145152,
0.0171061387235311));
#10147=CARTESIAN_POINT('Ctrl Pts',(0.953879788642598,-0.0566714588788168,
-0.0555473369156786));
#10148=CARTESIAN_POINT('Ctrl Pts',(0.958816836375323,0.0155504114198468,
-0.0778161011266355));
#10149=CARTESIAN_POINT('Ctrl Pts',(0.963753884108046,0.0736671412116134,
-0.0295010710921735));
#10150=CARTESIAN_POINT('Ctrl Pts',(0.968690931840769,0.0649634281561224,
0.0455731707486062));
#10151=CARTESIAN_POINT('Ctrl Pts',(0.973627979573494,-0.00266594655628895,
0.0793098582701819));
#10152=CARTESIAN_POINT('Ctrl Pts',(0.978565027306217,-0.0678771504727601,
0.0411078256974952));
#10153=CARTESIAN_POINT('Ctrl Pts',(0.983502075038941,-0.0715197747049592,
-0.034381429813625));
#10154=CARTESIAN_POINT('Ctrl Pts',(0.988439122771665,-0.0102897441887743,
-0.0786847002561927));
#10155=CARTESIAN_POINT('Ctrl Pts',(0.993376170504388,0.0602736913187047,
-0.0516163058024761));
#10156=CARTESIAN_POINT('Ctrl Pts',(0.998313218237112,0.0761653331375235,
0.0222711229606263));
#10157=CARTESIAN_POINT('Ctrl Pts',(1.00325026596984,0.0229705246590706,
0.0759573293814648));
#10158=CARTESIAN_POINT('Ctrl Pts',(1.00818731370256,-0.0510599047612056,
0.0607457571823247));
#10159=CARTESIAN_POINT('Ctrl Pts',(1.01312436143528,-0.0787759884397113,
-0.00956580029186492));
#10160=CARTESIAN_POINT('Ctrl Pts',(1.01806140916801,-0.0350376034542133,
-0.071200612596119));
#10161=CARTESIAN_POINT('Ctrl Pts',(1.02299845690073,0.040481954800813,-0.0682522690127017));
#10162=CARTESIAN_POINT('Ctrl Pts',(1.02793550463345,0.0792819919420409,
-0.00339509110031088));
#10163=CARTESIAN_POINT('Ctrl Pts',(1.03287255236618,0.0461685853925193,
0.0645416347231067));
#10164=CARTESIAN_POINT('Ctrl Pts',(1.0378096000989,-0.0288224516829067,
0.0739352904157673));
#10165=CARTESIAN_POINT('Ctrl Pts',(1.04274664783163,-0.0776698247893032,
0.0162652761143583));
#10166=CARTESIAN_POINT('Ctrl Pts',(1.04768369556435,-0.0560660849173673,
-0.0561583031431315));
#10167=CARTESIAN_POINT('Ctrl Pts',(1.05262074329708,0.0163929014223085,
-0.0776429885619806));
#10168=CARTESIAN_POINT('Ctrl Pts',(1.0575577910298,0.073982559122726,-0.028700903043798));
#10169=CARTESIAN_POINT('Ctrl Pts',(1.06249483876252,0.0644656713233895,
0.0462745946573461));
#10170=CARTESIAN_POINT('Ctrl Pts',(1.06743188649524,-0.00352538332193152,
0.0792763051757062));
#10171=CARTESIAN_POINT('Ctrl Pts',(1.07236893422797,-0.0683187073250259,
0.040369730235835));
#10172=CARTESIAN_POINT('Ctrl Pts',(1.07730598196069,-0.0711429335305389,
-0.0351545715170144));
#10173=CARTESIAN_POINT('Ctrl Pts',(1.08224302969342,-0.00943632216347086,
-0.0787916030672747));
#10174=CARTESIAN_POINT('Ctrl Pts',(1.08718007742614,0.0608295900729263,
-0.0509600025650502));
#10175=CARTESIAN_POINT('Ctrl Pts',(1.09211712515886,0.0759194756570043,
0.023095326493328));
#10176=CARTESIAN_POINT('Ctrl Pts',(1.09705417289159,0.022145918182309,0.0762018319844458));
#10177=CARTESIAN_POINT('Ctrl Pts',(1.10199122062431,-0.0517152935147503,
0.0601887805699609));
#10178=CARTESIAN_POINT('Ctrl Pts',(1.10692826835704,-0.0786676832077058,
-0.0104190454730329));
#10179=CARTESIAN_POINT('Ctrl Pts',(1.11186531608976,-0.034263843471622,
-0.0715761826360055));
#10180=CARTESIAN_POINT('Ctrl Pts',(1.11680236382248,0.0412193235849354,
-0.067809499722145));
#10181=CARTESIAN_POINT('Ctrl Pts',(1.12173941155521,0.079314132540198,-0.00253560035987073));
#10182=CARTESIAN_POINT('Ctrl Pts',(1.12667645928793,0.0454663443889865,
0.0650382381361535));
#10183=CARTESIAN_POINT('Ctrl Pts',(1.13161350702065,-0.0296221002768286,
0.0736185578575593));
#10184=CARTESIAN_POINT('Ctrl Pts',(1.13655055475338,-0.0778415525155677,
0.0154225028011622));
#10185=CARTESIAN_POINT('Ctrl Pts',(1.1414876024861,-0.0554541246179674,
-0.0567626722944125));
#10186=CARTESIAN_POINT('Ctrl Pts',(1.14642465021882,0.0172334656941019,
-0.0774607547028247));
#10187=CARTESIAN_POINT('Ctrl Pts',(1.15136169795155,0.0742892859107621,
-0.0278973637574386));
#10188=CARTESIAN_POINT('Ctrl Pts',(1.15629874568427,0.0639603414810957,
0.0469705832269499));
#10189=CARTESIAN_POINT('Ctrl Pts',(1.161235793417,-0.00438440609553925,
0.0792334376602604));
#10190=CARTESIAN_POINT('Ctrl Pts',(1.16617284114972,-0.0687522381630492,
0.0396268951557945));
#10191=CARTESIAN_POINT('Ctrl Pts',(1.17110988888245,-0.0707577354195045,
-0.0359235888464848));
#10192=CARTESIAN_POINT('Ctrl Pts',(1.17604693661517,-0.00858179052812016,
-0.0788892394590737));
#10193=CARTESIAN_POINT('Ctrl Pts',(1.18098398434789,0.0613783408065951,
-0.0502977328267056));
#10194=CARTESIAN_POINT('Ctrl Pts',(1.18592103208062,0.0756647035596109,
0.0239168554327748));
#10195=CARTESIAN_POINT('Ctrl Pts',(1.19085807981334,0.0213187024114641,
0.0764373086363441));
#10196=CARTESIAN_POINT('Ctrl Pts',(1.19579512754606,-0.0523645921892877,
0.0596248760567571));
#10197=CARTESIAN_POINT('Ctrl Pts',(1.20073217527879,-0.0785501650735649,
-0.0112713414979087));
#10198=CARTESIAN_POINT('Ctrl Pts',(1.20566922301151,-0.0334860033666016,
-0.0719428152490112));
#10199=CARTESIAN_POINT('Ctrl Pts',(1.21060627074423,0.0419517442892509,
-0.0673597829324219));
#10200=CARTESIAN_POINT('Ctrl Pts',(1.21554331847696,0.0793371594993836,
-0.001673851283725));
#10201=CARTESIAN_POINT('Ctrl Pts',(1.22048036620968,0.0447583699438748,
0.0655234271524154));
#10202=CARTESIAN_POINT('Ctrl Pts',(1.2254174139424,-0.0304175135204959,
0.0733004430033332));
#10203=CARTESIAN_POINT('Ctrl Pts',(1.23035446167513,-0.0780055932301052,
0.0145639221534676));
#10204=CARTESIAN_POINT('Ctrl Pts',(1.23529150940785,-0.0548328157340001,
-0.057333353618169));
#10205=CARTESIAN_POINT('Ctrl Pts',(1.24022855714057,0.0180662813276391,
-0.0773221650636813));
#10206=CARTESIAN_POINT('Ctrl Pts',(1.2451656048733,0.0746008134927042,-0.0269821643618422));
#10207=CARTESIAN_POINT('Ctrl Pts',(1.24845697002845,0.067134008222257,0.0225994915495471));
#10208=CARTESIAN_POINT('Ctrl Pts',(1.25010265260602,0.0537693012839286,
0.0403908992155175));
#10209=CARTESIAN_POINT('Ctrl Pts',(1.25010265260602,0.0537693012839292,
0.0403908992155167));
#10210=CARTESIAN_POINT('Ctrl Pts',(1.25010265260602,0.0570025413831571,
0.037067608768066));
#10211=CARTESIAN_POINT('Ctrl Pts',(1.25010265260602,0.0598453219313187,
0.0334045019574722));
#10212=CARTESIAN_POINT('Ctrl Pts',(1.25010265260602,0.0622974979174832,
0.0294829282603537));
#10213=CARTESIAN_POINT('Ctrl Pts',(1.25010265260602,0.0642153826824068,
0.0264158048195142));
#10214=CARTESIAN_POINT('Ctrl Pts',(1.25010265260602,0.0658955015266132,
0.023184901734376));
#10215=CARTESIAN_POINT('Ctrl Pts',(1.25010265260602,0.0673216764676074,
0.0198520250273053));
#10216=CARTESIAN_POINT('Ctrl Pts',(1.25010265260602,0.0690810765986448,
0.0157404230445469));
#10217=CARTESIAN_POINT('Ctrl Pts',(1.25010265260602,0.0704593588953236,
0.0114680162623775));
#10218=CARTESIAN_POINT('Ctrl Pts',(1.25010265260602,0.071448416608464,0.00709590873998794));
#10219=CARTESIAN_POINT('Ctrl Pts',(1.25010265260602,0.072004737426311,0.00463670499458882));
#10220=CARTESIAN_POINT('Ctrl Pts',(1.25010265260602,0.0724361675818954,
0.00215131057958423));
#10221=CARTESIAN_POINT('Ctrl Pts',(1.25010265260602,0.072740905314335,-0.000341942117248641));
#10222=CARTESIAN_POINT('Ctrl Pts',(1.25010265260602,0.0733143055088736,
-0.00503329284022256));
#10223=CARTESIAN_POINT('Ctrl Pts',(1.25010265260602,0.0734419530808361,
-0.00975993015911335));
#10224=CARTESIAN_POINT('Ctrl Pts',(1.25010265260602,0.0731118769911489,
-0.0144546448944394));
#10225=CARTESIAN_POINT('Ctrl Pts',(1.25010265260602,0.0729467357970597,
-0.0168034693671081));
#10226=CARTESIAN_POINT('Ctrl Pts',(1.25010265260602,0.0726667800013036,
-0.0191444202961753));
#10227=CARTESIAN_POINT('Ctrl Pts',(1.25010265260602,0.0722689093819019,
-0.0214694043332233));
#10228=CARTESIAN_POINT('Ctrl Pts',(1.25010265260602,0.072014488934029,-0.0229561275320677));
#10229=CARTESIAN_POINT('Ctrl Pts',(1.25010265260602,0.0717120885651097,
-0.0244343230369513));
#10230=CARTESIAN_POINT('Ctrl Pts',(1.25010265260602,0.0713621293079402,
-0.0258983741628792));
#10231=CARTESIAN_POINT('Ctrl Pts',(1.25010265260602,0.0702403006998102,
-0.0305915331611995));
#10232=CARTESIAN_POINT('Ctrl Pts',(1.25010265260602,0.0686295750456532,
-0.0351501295176004));
#10233=CARTESIAN_POINT('Ctrl Pts',(1.25010265260602,0.0665939658236041,
-0.0395320533985305));
#10234=CARTESIAN_POINT('Ctrl Pts',(1.25010265260602,0.0653548539847008,
-0.0421994090477486));
#10235=CARTESIAN_POINT('Ctrl Pts',(1.25010265260602,0.0639578916947669,
-0.0448013469732716));
#10236=CARTESIAN_POINT('Ctrl Pts',(1.25010265260602,0.062414159269071,-0.0473279847923959));
#10237=CARTESIAN_POINT('Ctrl Pts',(1.25010265260602,0.0611347242480046,
-0.0494220451732817));
#10238=CARTESIAN_POINT('Ctrl Pts',(1.25010265260602,0.0597537597220677,
-0.0514645455343272));
#10239=CARTESIAN_POINT('Ctrl Pts',(1.25010265260602,0.0582871489626645,
-0.0534371942048862));
#10240=CARTESIAN_POINT('Ctrl Pts',(1.25010265260602,0.0542947916345427,
-0.0588070705167991));
#10241=CARTESIAN_POINT('Ctrl Pts',(1.25010265260602,0.0496578150101456,
-0.0636847275292013));
#10242=CARTESIAN_POINT('Ctrl Pts',(1.25010265260602,0.0445043991556155,
-0.0679609911695992));
#10243=CARTESIAN_POINT('Ctrl Pts',(1.25010265260602,0.0428673960493398,
-0.0693193633755665));
#10244=CARTESIAN_POINT('Ctrl Pts',(1.25010265260602,0.0411779180693813,
-0.0706168893170164));
#10245=CARTESIAN_POINT('Ctrl Pts',(1.25010265260602,0.0394391711738307,
-0.071849450409272));
#10246=CARTESIAN_POINT('Ctrl Pts',(0.778148358612021,0.0671577836202712,
-3.26480427883286E-5));
#10247=CARTESIAN_POINT('Ctrl Pts',(0.779126611740437,0.0670998621543045,
0.0132371378234848));
#10248=CARTESIAN_POINT('Ctrl Pts',(0.780104864868852,0.0632951365323566,
0.0265377823099638));
#10249=CARTESIAN_POINT('Ctrl Pts',(0.781083117997267,0.0559681010546483,
0.0374794975651376));
#10250=CARTESIAN_POINT('Ctrl Pts',(0.782728800574841,0.0436420738938976,
0.0558863798343437));
#10251=CARTESIAN_POINT('Ctrl Pts',(0.784374483152416,0.0213478360165293,
0.0676174429376738));
#10252=CARTESIAN_POINT('Ctrl Pts',(0.786020165729991,-0.000803229457700671,
0.0673531743733644));
#10253=CARTESIAN_POINT('Ctrl Pts',(0.787665848307565,-0.0229542949319304,
0.067088905809055));
#10254=CARTESIAN_POINT('Ctrl Pts',(0.78931153088514,-0.0449621880030217,
0.0548293055771063));
#10255=CARTESIAN_POINT('Ctrl Pts',(0.790957213462715,-0.0568458299658713,
0.0361340117214153));
#10256=CARTESIAN_POINT('Ctrl Pts',(0.792602896040289,-0.0687294719287208,
0.0174387178657243));
#10257=CARTESIAN_POINT('Ctrl Pts',(0.794248578617864,-0.0704888627833285,
-0.00769226961370894));
#10258=CARTESIAN_POINT('Ctrl Pts',(0.795894261195438,-0.061325988988812,
-0.0278610716899373));
#10259=CARTESIAN_POINT('Ctrl Pts',(0.797539943773013,-0.0521631151942955,
-0.0480298737661657));
#10260=CARTESIAN_POINT('Ctrl Pts',(0.799185626350587,-0.0320779767506548,
-0.0632364904391891));
#10261=CARTESIAN_POINT('Ctrl Pts',(0.800831308928162,-0.0101798168363307,
-0.0665843945598566));
#10262=CARTESIAN_POINT('Ctrl Pts',(0.802476991505736,0.0117183430779934,
-0.0699322986805241));
#10263=CARTESIAN_POINT('Ctrl Pts',(0.804122674083311,0.0354295244630009,
-0.0614214902488356));
#10264=CARTESIAN_POINT('Ctrl Pts',(0.805768356660885,0.0502000281958773,
-0.0449118085235195));
#10265=CARTESIAN_POINT('Ctrl Pts',(0.806978357311264,0.0610601535728739,
-0.0327729392802073));
#10266=CARTESIAN_POINT('Ctrl Pts',(0.808188357961643,0.0670869149637505,
-0.016309849031372));
#10267=CARTESIAN_POINT('Ctrl Pts',(0.809398358612022,0.0672293636457779,
5.9285045455082E-5));
#10268=CARTESIAN_POINT('Origin',(1.00010265260602,-2.77616583908713E-16,
1.39003291564946E-16));
#10269=CARTESIAN_POINT('Origin',(1.25010265260602,-2.77616583908713E-16,
2.01446552035989E-16));
#10270=UNCERTAINTY_MEASURE_WITH_UNIT(LENGTH_MEASURE(0.000393700787401575),
#10275,'DISTANCE_ACCURACY_VALUE',
'Maximum model space distance between geometric entities at asserted c
onnectivities');
#10271=UNCERTAINTY_MEASURE_WITH_UNIT(LENGTH_MEASURE(0.000393700787401575),
#10275,'DISTANCE_ACCURACY_VALUE',
'Maximum model space distance between geometric entities at asserted c
onnectivities');
#10272=(
GEOMETRIC_REPRESENTATION_CONTEXT(3)
GLOBAL_UNCERTAINTY_ASSIGNED_CONTEXT((#10270))
GLOBAL_UNIT_ASSIGNED_CONTEXT((#10275,#10279,#10280))
REPRESENTATION_CONTEXT('','3D')
);
#10273=(
GEOMETRIC_REPRESENTATION_CONTEXT(3)
GLOBAL_UNCERTAINTY_ASSIGNED_CONTEXT((#10271))
GLOBAL_UNIT_ASSIGNED_CONTEXT((#10275,#10279,#10280))
REPRESENTATION_CONTEXT('','3D')
);
#10274=DIMENSIONAL_EXPONENTS(1.,0.,0.,0.,0.,0.,0.);
#10275=(
CONVERSION_BASED_UNIT('inch',#10278)
LENGTH_UNIT()
NAMED_UNIT(#10274)
);
#10276=(
LENGTH_UNIT()
NAMED_UNIT(*)
SI_UNIT(.MILLI.,.METRE.)
);
#10277=(
LENGTH_UNIT()
NAMED_UNIT(*)
SI_UNIT($,.METRE.)
);
#10278=LENGTH_MEASURE_WITH_UNIT(LENGTH_MEASURE(25.4),#10276);
#10279=(
NAMED_UNIT(*)
PLANE_ANGLE_UNIT()
SI_UNIT($,.RADIAN.)
);
#10280=(
NAMED_UNIT(*)
SI_UNIT($,.STERADIAN.)
SOLID_ANGLE_UNIT()
);
#10281=SHAPE_DEFINITION_REPRESENTATION(#10282,#10283);
#10282=PRODUCT_DEFINITION_SHAPE('',$,#10285);
#10283=SHAPE_REPRESENTATION('',(#2658),#10272);
#10284=PRODUCT_DEFINITION_CONTEXT('part definition',#10289,'design');
#10285=PRODUCT_DEFINITION('Arm Strap Support1','Arm Strap Support1 v11',
#10286,#10284);
#10286=PRODUCT_DEFINITION_FORMATION('',$,#10291);
#10287=PRODUCT_RELATED_PRODUCT_CATEGORY('Arm Strap Support1 v11',
'Arm Strap Support1 v11',(#10291));
#10288=APPLICATION_PROTOCOL_DEFINITION('international standard',
'automotive_design',2009,#10289);
#10289=APPLICATION_CONTEXT(
'Core Data for Automotive Mechanical Design Process');
#10290=PRODUCT_CONTEXT('part definition',#10289,'mechanical');
#10291=PRODUCT('Arm Strap Support1','Arm Strap Support1 v11',$,(#10290));
#10292=PRESENTATION_STYLE_ASSIGNMENT((#10294));
#10293=PRESENTATION_STYLE_ASSIGNMENT((#10295));
#10294=SURFACE_STYLE_USAGE(.BOTH.,#10296);
#10295=SURFACE_STYLE_USAGE(.BOTH.,#10297);
#10296=SURFACE_SIDE_STYLE('',(#10298));
#10297=SURFACE_SIDE_STYLE('',(#10299));
#10298=SURFACE_STYLE_FILL_AREA(#10300);
#10299=SURFACE_STYLE_FILL_AREA(#10301);
#10300=FILL_AREA_STYLE('Steel - Satin',(#10302));
#10301=FILL_AREA_STYLE('Nylon 12 (with Formlabs Fuse 1 3D Printer)',(#10303));
#10302=FILL_AREA_STYLE_COLOUR('Steel - Satin',#10304);
#10303=FILL_AREA_STYLE_COLOUR(
'Nylon 12 (with Formlabs Fuse 1 3D Printer)',#10305);
#10304=COLOUR_RGB('Steel - Satin',0.627450980392157,0.627450980392157,0.627450980392157);
#10305=COLOUR_RGB('Nylon 12 (with Formlabs Fuse 1 3D Printer)',0.247058823529412,
0.247058823529412,0.247058823529412);
ENDSEC;
END-ISO-10303-21;
