ISO-10303-21;
HEADER;
/* Generated by software containing ST-Developer
 * from STEP Tools, Inc. (www.steptools.com) 
 */

FILE_DESCRIPTION(
/* description */ (''),
/* implementation_level */ '2;1');

FILE_NAME(
/* name */ 'C-ChannelExtension.step',
/* time_stamp */ '2026-07-10T21:24:37-04:00',
/* author */ (''),
/* organization */ (''),
/* preprocessor_version */ 'ST-DEVELOPER v20.1',
/* originating_system */ 'Autodesk Translation Framework v15.8.0.0',
/* authorisation */ '');

FILE_SCHEMA (('AUTOMOTIVE_DESIGN { 1 0 10303 214 3 1 1 }'));
ENDSEC;

DATA;
#10=MECHANICAL_DESIGN_GEOMETRIC_PRESENTATION_REPRESENTATION('',(#13),#2018);
#11=SHAPE_REPRESENTATION_RELATIONSHIP('SRR','None',#2028,#12);
#12=ADVANCED_BREP_SHAPE_REPRESENTATION('',(#14),#2017);
#13=STYLED_ITEM('',(#2038),#14);
#14=MANIFOLD_SOLID_BREP('C-ChannelExtension',#1190);
#15=FACE_BOUND('',#233,.T.);
#16=FACE_BOUND('',#234,.T.);
#17=FACE_BOUND('',#235,.T.);
#18=FACE_BOUND('',#236,.T.);
#19=FACE_BOUND('',#237,.T.);
#20=FACE_BOUND('',#238,.T.);
#21=FACE_BOUND('',#239,.T.);
#22=FACE_BOUND('',#241,.T.);
#23=FACE_BOUND('',#242,.T.);
#24=FACE_BOUND('',#243,.T.);
#25=FACE_BOUND('',#244,.T.);
#26=FACE_BOUND('',#245,.T.);
#27=FACE_BOUND('',#246,.T.);
#28=FACE_BOUND('',#247,.T.);
#29=CIRCLE('',#1206,0.0199999999999992);
#30=CIRCLE('',#1207,0.0199999999999992);
#31=CIRCLE('',#1210,0.019999999999999);
#32=CIRCLE('',#1211,0.019999999999999);
#33=CIRCLE('',#1214,0.0200000000000001);
#34=CIRCLE('',#1215,0.0200000000000001);
#35=CIRCLE('',#1218,0.0200000000000001);
#36=CIRCLE('',#1219,0.0200000000000001);
#37=CIRCLE('',#1221,0.165);
#38=CIRCLE('',#1222,0.165);
#39=CIRCLE('',#1225,0.0199999999999992);
#40=CIRCLE('',#1226,0.0199999999999992);
#41=CIRCLE('',#1229,0.0199999999999991);
#42=CIRCLE('',#1230,0.0199999999999991);
#43=CIRCLE('',#1233,0.0200000000000004);
#44=CIRCLE('',#1234,0.0200000000000004);
#45=CIRCLE('',#1237,0.0200000000000004);
#46=CIRCLE('',#1238,0.0200000000000004);
#47=CIRCLE('',#1241,0.0200000000000003);
#48=CIRCLE('',#1242,0.0200000000000003);
#49=CIRCLE('',#1245,0.0200000000000004);
#50=CIRCLE('',#1246,0.0200000000000004);
#51=CIRCLE('',#1249,0.0200000000000005);
#52=CIRCLE('',#1250,0.0200000000000005);
#53=CIRCLE('',#1253,0.0200000000000004);
#54=CIRCLE('',#1254,0.0200000000000004);
#55=CIRCLE('',#1257,0.0200000000000003);
#56=CIRCLE('',#1258,0.0200000000000003);
#57=CIRCLE('',#1261,0.0200000000000003);
#58=CIRCLE('',#1262,0.0200000000000003);
#59=CIRCLE('',#1265,0.0200000000000004);
#60=CIRCLE('',#1266,0.0200000000000004);
#61=CIRCLE('',#1269,0.0200000000000003);
#62=CIRCLE('',#1270,0.0200000000000003);
#63=CIRCLE('',#1273,0.0200000000000004);
#64=CIRCLE('',#1274,0.0200000000000004);
#65=CIRCLE('',#1277,0.0200000000000003);
#66=CIRCLE('',#1278,0.0200000000000003);
#67=CIRCLE('',#1281,0.0200000000000003);
#68=CIRCLE('',#1282,0.0200000000000003);
#69=CIRCLE('',#1285,0.0200000000000003);
#70=CIRCLE('',#1286,0.0200000000000003);
#71=CIRCLE('',#1289,0.0199999999999992);
#72=CIRCLE('',#1290,0.0199999999999992);
#73=CIRCLE('',#1293,0.0199999999999992);
#74=CIRCLE('',#1294,0.0199999999999992);
#75=CIRCLE('',#1297,0.0200000000000003);
#76=CIRCLE('',#1298,0.0200000000000003);
#77=CIRCLE('',#1301,0.0200000000000003);
#78=CIRCLE('',#1302,0.0200000000000003);
#79=CIRCLE('',#1304,0.0999999999999998);
#80=CIRCLE('',#1305,0.0999999999999998);
#81=CIRCLE('',#1308,0.1);
#82=CIRCLE('',#1309,0.1);
#83=CIRCLE('',#1312,0.0999999999999998);
#84=CIRCLE('',#1313,0.0999999999999998);
#85=CIRCLE('',#1316,0.0999999999999999);
#86=CIRCLE('',#1317,0.0999999999999999);
#87=CYLINDRICAL_SURFACE('',#1205,0.0199999999999992);
#88=CYLINDRICAL_SURFACE('',#1209,0.019999999999999);
#89=CYLINDRICAL_SURFACE('',#1213,0.0200000000000001);
#90=CYLINDRICAL_SURFACE('',#1217,0.0200000000000001);
#91=CYLINDRICAL_SURFACE('',#1220,0.165);
#92=CYLINDRICAL_SURFACE('',#1224,0.0199999999999992);
#93=CYLINDRICAL_SURFACE('',#1228,0.0199999999999991);
#94=CYLINDRICAL_SURFACE('',#1232,0.0200000000000004);
#95=CYLINDRICAL_SURFACE('',#1236,0.0200000000000004);
#96=CYLINDRICAL_SURFACE('',#1240,0.0200000000000003);
#97=CYLINDRICAL_SURFACE('',#1244,0.0200000000000004);
#98=CYLINDRICAL_SURFACE('',#1248,0.0200000000000005);
#99=CYLINDRICAL_SURFACE('',#1252,0.0200000000000004);
#100=CYLINDRICAL_SURFACE('',#1256,0.0200000000000003);
#101=CYLINDRICAL_SURFACE('',#1260,0.0200000000000003);
#102=CYLINDRICAL_SURFACE('',#1264,0.0200000000000004);
#103=CYLINDRICAL_SURFACE('',#1268,0.0200000000000003);
#104=CYLINDRICAL_SURFACE('',#1272,0.0200000000000004);
#105=CYLINDRICAL_SURFACE('',#1276,0.0200000000000003);
#106=CYLINDRICAL_SURFACE('',#1280,0.0200000000000003);
#107=CYLINDRICAL_SURFACE('',#1284,0.0200000000000003);
#108=CYLINDRICAL_SURFACE('',#1288,0.0199999999999992);
#109=CYLINDRICAL_SURFACE('',#1292,0.0199999999999992);
#110=CYLINDRICAL_SURFACE('',#1296,0.0200000000000003);
#111=CYLINDRICAL_SURFACE('',#1300,0.0200000000000003);
#112=CYLINDRICAL_SURFACE('',#1303,0.0999999999999998);
#113=CYLINDRICAL_SURFACE('',#1307,0.1);
#114=CYLINDRICAL_SURFACE('',#1311,0.0999999999999998);
#115=CYLINDRICAL_SURFACE('',#1315,0.0999999999999999);
#116=FACE_OUTER_BOUND('',#175,.T.);
#117=FACE_OUTER_BOUND('',#176,.T.);
#118=FACE_OUTER_BOUND('',#177,.T.);
#119=FACE_OUTER_BOUND('',#178,.T.);
#120=FACE_OUTER_BOUND('',#179,.T.);
#121=FACE_OUTER_BOUND('',#180,.T.);
#122=FACE_OUTER_BOUND('',#181,.T.);
#123=FACE_OUTER_BOUND('',#182,.T.);
#124=FACE_OUTER_BOUND('',#183,.T.);
#125=FACE_OUTER_BOUND('',#184,.T.);
#126=FACE_OUTER_BOUND('',#185,.T.);
#127=FACE_OUTER_BOUND('',#186,.T.);
#128=FACE_OUTER_BOUND('',#187,.T.);
#129=FACE_OUTER_BOUND('',#188,.T.);
#130=FACE_OUTER_BOUND('',#189,.T.);
#131=FACE_OUTER_BOUND('',#190,.T.);
#132=FACE_OUTER_BOUND('',#191,.T.);
#133=FACE_OUTER_BOUND('',#192,.T.);
#134=FACE_OUTER_BOUND('',#193,.T.);
#135=FACE_OUTER_BOUND('',#194,.T.);
#136=FACE_OUTER_BOUND('',#195,.T.);
#137=FACE_OUTER_BOUND('',#196,.T.);
#138=FACE_OUTER_BOUND('',#197,.T.);
#139=FACE_OUTER_BOUND('',#198,.T.);
#140=FACE_OUTER_BOUND('',#199,.T.);
#141=FACE_OUTER_BOUND('',#200,.T.);
#142=FACE_OUTER_BOUND('',#201,.T.);
#143=FACE_OUTER_BOUND('',#202,.T.);
#144=FACE_OUTER_BOUND('',#203,.T.);
#145=FACE_OUTER_BOUND('',#204,.T.);
#146=FACE_OUTER_BOUND('',#205,.T.);
#147=FACE_OUTER_BOUND('',#206,.T.);
#148=FACE_OUTER_BOUND('',#207,.T.);
#149=FACE_OUTER_BOUND('',#208,.T.);
#150=FACE_OUTER_BOUND('',#209,.T.);
#151=FACE_OUTER_BOUND('',#210,.T.);
#152=FACE_OUTER_BOUND('',#211,.T.);
#153=FACE_OUTER_BOUND('',#212,.T.);
#154=FACE_OUTER_BOUND('',#213,.T.);
#155=FACE_OUTER_BOUND('',#214,.T.);
#156=FACE_OUTER_BOUND('',#215,.T.);
#157=FACE_OUTER_BOUND('',#216,.T.);
#158=FACE_OUTER_BOUND('',#217,.T.);
#159=FACE_OUTER_BOUND('',#218,.T.);
#160=FACE_OUTER_BOUND('',#219,.T.);
#161=FACE_OUTER_BOUND('',#220,.T.);
#162=FACE_OUTER_BOUND('',#221,.T.);
#163=FACE_OUTER_BOUND('',#222,.T.);
#164=FACE_OUTER_BOUND('',#223,.T.);
#165=FACE_OUTER_BOUND('',#224,.T.);
#166=FACE_OUTER_BOUND('',#225,.T.);
#167=FACE_OUTER_BOUND('',#226,.T.);
#168=FACE_OUTER_BOUND('',#227,.T.);
#169=FACE_OUTER_BOUND('',#228,.T.);
#170=FACE_OUTER_BOUND('',#229,.T.);
#171=FACE_OUTER_BOUND('',#230,.T.);
#172=FACE_OUTER_BOUND('',#231,.T.);
#173=FACE_OUTER_BOUND('',#232,.T.);
#174=FACE_OUTER_BOUND('',#240,.T.);
#175=EDGE_LOOP('',(#759,#760,#761,#762));
#176=EDGE_LOOP('',(#763,#764,#765,#766));
#177=EDGE_LOOP('',(#767,#768,#769,#770));
#178=EDGE_LOOP('',(#771,#772,#773,#774));
#179=EDGE_LOOP('',(#775,#776,#777,#778));
#180=EDGE_LOOP('',(#779,#780,#781,#782));
#181=EDGE_LOOP('',(#783,#784,#785,#786));
#182=EDGE_LOOP('',(#787,#788,#789,#790));
#183=EDGE_LOOP('',(#791,#792,#793,#794));
#184=EDGE_LOOP('',(#795,#796,#797,#798));
#185=EDGE_LOOP('',(#799,#800,#801,#802));
#186=EDGE_LOOP('',(#803,#804,#805,#806));
#187=EDGE_LOOP('',(#807,#808,#809,#810));
#188=EDGE_LOOP('',(#811,#812,#813,#814));
#189=EDGE_LOOP('',(#815,#816,#817,#818));
#190=EDGE_LOOP('',(#819,#820,#821,#822));
#191=EDGE_LOOP('',(#823,#824,#825,#826));
#192=EDGE_LOOP('',(#827,#828,#829,#830));
#193=EDGE_LOOP('',(#831,#832,#833,#834));
#194=EDGE_LOOP('',(#835,#836,#837,#838));
#195=EDGE_LOOP('',(#839,#840,#841,#842));
#196=EDGE_LOOP('',(#843,#844,#845,#846));
#197=EDGE_LOOP('',(#847,#848,#849,#850));
#198=EDGE_LOOP('',(#851,#852,#853,#854));
#199=EDGE_LOOP('',(#855,#856,#857,#858));
#200=EDGE_LOOP('',(#859,#860,#861,#862));
#201=EDGE_LOOP('',(#863,#864,#865,#866));
#202=EDGE_LOOP('',(#867,#868,#869,#870));
#203=EDGE_LOOP('',(#871,#872,#873,#874));
#204=EDGE_LOOP('',(#875,#876,#877,#878));
#205=EDGE_LOOP('',(#879,#880,#881,#882));
#206=EDGE_LOOP('',(#883,#884,#885,#886));
#207=EDGE_LOOP('',(#887,#888,#889,#890));
#208=EDGE_LOOP('',(#891,#892,#893,#894));
#209=EDGE_LOOP('',(#895,#896,#897,#898));
#210=EDGE_LOOP('',(#899,#900,#901,#902));
#211=EDGE_LOOP('',(#903,#904,#905,#906));
#212=EDGE_LOOP('',(#907,#908,#909,#910));
#213=EDGE_LOOP('',(#911,#912,#913,#914));
#214=EDGE_LOOP('',(#915,#916,#917,#918));
#215=EDGE_LOOP('',(#919,#920,#921,#922));
#216=EDGE_LOOP('',(#923,#924,#925,#926));
#217=EDGE_LOOP('',(#927,#928,#929,#930));
#218=EDGE_LOOP('',(#931,#932,#933,#934));
#219=EDGE_LOOP('',(#935,#936,#937,#938));
#220=EDGE_LOOP('',(#939,#940,#941,#942));
#221=EDGE_LOOP('',(#943,#944,#945,#946));
#222=EDGE_LOOP('',(#947,#948,#949,#950));
#223=EDGE_LOOP('',(#951,#952,#953,#954));
#224=EDGE_LOOP('',(#955,#956,#957,#958));
#225=EDGE_LOOP('',(#959,#960,#961,#962));
#226=EDGE_LOOP('',(#963,#964,#965,#966));
#227=EDGE_LOOP('',(#967,#968,#969,#970));
#228=EDGE_LOOP('',(#971,#972,#973,#974));
#229=EDGE_LOOP('',(#975,#976,#977,#978));
#230=EDGE_LOOP('',(#979,#980,#981,#982));
#231=EDGE_LOOP('',(#983,#984,#985,#986));
#232=EDGE_LOOP('',(#987,#988,#989,#990,#991,#992,#993,#994));
#233=EDGE_LOOP('',(#995,#996,#997,#998,#999,#1000,#1001,#1002));
#234=EDGE_LOOP('',(#1003,#1004,#1005,#1006,#1007,#1008,#1009,#1010));
#235=EDGE_LOOP('',(#1011,#1012,#1013,#1014,#1015,#1016,#1017,#1018));
#236=EDGE_LOOP('',(#1019,#1020,#1021,#1022,#1023,#1024,#1025,#1026));
#237=EDGE_LOOP('',(#1027,#1028,#1029,#1030,#1031,#1032,#1033,#1034));
#238=EDGE_LOOP('',(#1035));
#239=EDGE_LOOP('',(#1036,#1037,#1038,#1039,#1040,#1041,#1042,#1043));
#240=EDGE_LOOP('',(#1044,#1045,#1046,#1047,#1048,#1049,#1050,#1051));
#241=EDGE_LOOP('',(#1052,#1053,#1054,#1055,#1056,#1057,#1058,#1059));
#242=EDGE_LOOP('',(#1060,#1061,#1062,#1063,#1064,#1065,#1066,#1067));
#243=EDGE_LOOP('',(#1068,#1069,#1070,#1071,#1072,#1073,#1074,#1075));
#244=EDGE_LOOP('',(#1076,#1077,#1078,#1079,#1080,#1081,#1082,#1083));
#245=EDGE_LOOP('',(#1084,#1085,#1086,#1087,#1088,#1089,#1090,#1091));
#246=EDGE_LOOP('',(#1092));
#247=EDGE_LOOP('',(#1093,#1094,#1095,#1096,#1097,#1098,#1099,#1100));
#248=LINE('',#1674,#361);
#249=LINE('',#1676,#362);
#250=LINE('',#1678,#363);
#251=LINE('',#1679,#364);
#252=LINE('',#1685,#365);
#253=LINE('',#1688,#366);
#254=LINE('',#1690,#367);
#255=LINE('',#1691,#368);
#256=LINE('',#1697,#369);
#257=LINE('',#1700,#370);
#258=LINE('',#1702,#371);
#259=LINE('',#1703,#372);
#260=LINE('',#1709,#373);
#261=LINE('',#1712,#374);
#262=LINE('',#1714,#375);
#263=LINE('',#1715,#376);
#264=LINE('',#1723,#377);
#265=LINE('',#1728,#378);
#266=LINE('',#1730,#379);
#267=LINE('',#1732,#380);
#268=LINE('',#1733,#381);
#269=LINE('',#1739,#382);
#270=LINE('',#1742,#383);
#271=LINE('',#1744,#384);
#272=LINE('',#1745,#385);
#273=LINE('',#1751,#386);
#274=LINE('',#1754,#387);
#275=LINE('',#1756,#388);
#276=LINE('',#1757,#389);
#277=LINE('',#1763,#390);
#278=LINE('',#1766,#391);
#279=LINE('',#1768,#392);
#280=LINE('',#1769,#393);
#281=LINE('',#1776,#394);
#282=LINE('',#1778,#395);
#283=LINE('',#1780,#396);
#284=LINE('',#1781,#397);
#285=LINE('',#1787,#398);
#286=LINE('',#1790,#399);
#287=LINE('',#1792,#400);
#288=LINE('',#1793,#401);
#289=LINE('',#1799,#402);
#290=LINE('',#1802,#403);
#291=LINE('',#1804,#404);
#292=LINE('',#1805,#405);
#293=LINE('',#1811,#406);
#294=LINE('',#1814,#407);
#295=LINE('',#1816,#408);
#296=LINE('',#1817,#409);
#297=LINE('',#1824,#410);
#298=LINE('',#1826,#411);
#299=LINE('',#1828,#412);
#300=LINE('',#1829,#413);
#301=LINE('',#1835,#414);
#302=LINE('',#1838,#415);
#303=LINE('',#1840,#416);
#304=LINE('',#1841,#417);
#305=LINE('',#1847,#418);
#306=LINE('',#1850,#419);
#307=LINE('',#1852,#420);
#308=LINE('',#1853,#421);
#309=LINE('',#1859,#422);
#310=LINE('',#1862,#423);
#311=LINE('',#1864,#424);
#312=LINE('',#1865,#425);
#313=LINE('',#1872,#426);
#314=LINE('',#1874,#427);
#315=LINE('',#1876,#428);
#316=LINE('',#1877,#429);
#317=LINE('',#1883,#430);
#318=LINE('',#1886,#431);
#319=LINE('',#1888,#432);
#320=LINE('',#1889,#433);
#321=LINE('',#1895,#434);
#322=LINE('',#1898,#435);
#323=LINE('',#1900,#436);
#324=LINE('',#1901,#437);
#325=LINE('',#1907,#438);
#326=LINE('',#1910,#439);
#327=LINE('',#1912,#440);
#328=LINE('',#1913,#441);
#329=LINE('',#1920,#442);
#330=LINE('',#1922,#443);
#331=LINE('',#1924,#444);
#332=LINE('',#1925,#445);
#333=LINE('',#1931,#446);
#334=LINE('',#1934,#447);
#335=LINE('',#1936,#448);
#336=LINE('',#1937,#449);
#337=LINE('',#1943,#450);
#338=LINE('',#1946,#451);
#339=LINE('',#1948,#452);
#340=LINE('',#1949,#453);
#341=LINE('',#1955,#454);
#342=LINE('',#1958,#455);
#343=LINE('',#1960,#456);
#344=LINE('',#1961,#457);
#345=LINE('',#1970,#458);
#346=LINE('',#1973,#459);
#347=LINE('',#1976,#460);
#348=LINE('',#1978,#461);
#349=LINE('',#1979,#462);
#350=LINE('',#1985,#463);
#351=LINE('',#1988,#464);
#352=LINE('',#1990,#465);
#353=LINE('',#1991,#466);
#354=LINE('',#1997,#467);
#355=LINE('',#2000,#468);
#356=LINE('',#2002,#469);
#357=LINE('',#2003,#470);
#358=LINE('',#2009,#471);
#359=LINE('',#2011,#472);
#360=LINE('',#2012,#473);
#361=VECTOR('',#1325,0.393700787401575);
#362=VECTOR('',#1326,0.393700787401575);
#363=VECTOR('',#1327,0.393700787401575);
#364=VECTOR('',#1328,0.393700787401575);
#365=VECTOR('',#1335,0.393700787401575);
#366=VECTOR('',#1338,0.393700787401575);
#367=VECTOR('',#1339,0.393700787401575);
#368=VECTOR('',#1340,0.393700787401575);
#369=VECTOR('',#1347,0.393700787401575);
#370=VECTOR('',#1350,0.393700787401575);
#371=VECTOR('',#1351,0.393700787401575);
#372=VECTOR('',#1352,0.393700787401575);
#373=VECTOR('',#1359,0.393700787401575);
#374=VECTOR('',#1362,0.393700787401575);
#375=VECTOR('',#1363,0.393700787401575);
#376=VECTOR('',#1364,0.393700787401575);
#377=VECTOR('',#1375,0.165);
#378=VECTOR('',#1380,0.393700787401575);
#379=VECTOR('',#1381,0.393700787401575);
#380=VECTOR('',#1382,0.393700787401575);
#381=VECTOR('',#1383,0.393700787401575);
#382=VECTOR('',#1390,0.393700787401575);
#383=VECTOR('',#1393,0.393700787401575);
#384=VECTOR('',#1394,0.393700787401575);
#385=VECTOR('',#1395,0.393700787401575);
#386=VECTOR('',#1402,0.393700787401575);
#387=VECTOR('',#1405,0.393700787401575);
#388=VECTOR('',#1406,0.393700787401575);
#389=VECTOR('',#1407,0.393700787401575);
#390=VECTOR('',#1414,0.393700787401575);
#391=VECTOR('',#1417,0.393700787401575);
#392=VECTOR('',#1418,0.393700787401575);
#393=VECTOR('',#1419,0.393700787401575);
#394=VECTOR('',#1428,0.393700787401575);
#395=VECTOR('',#1429,0.393700787401575);
#396=VECTOR('',#1430,0.393700787401575);
#397=VECTOR('',#1431,0.393700787401575);
#398=VECTOR('',#1438,0.393700787401575);
#399=VECTOR('',#1441,0.393700787401575);
#400=VECTOR('',#1442,0.393700787401575);
#401=VECTOR('',#1443,0.393700787401575);
#402=VECTOR('',#1450,0.393700787401575);
#403=VECTOR('',#1453,0.393700787401575);
#404=VECTOR('',#1454,0.393700787401575);
#405=VECTOR('',#1455,0.393700787401575);
#406=VECTOR('',#1462,0.393700787401575);
#407=VECTOR('',#1465,0.393700787401575);
#408=VECTOR('',#1466,0.393700787401575);
#409=VECTOR('',#1467,0.393700787401575);
#410=VECTOR('',#1476,0.393700787401575);
#411=VECTOR('',#1477,0.393700787401575);
#412=VECTOR('',#1478,0.393700787401575);
#413=VECTOR('',#1479,0.393700787401575);
#414=VECTOR('',#1486,0.393700787401575);
#415=VECTOR('',#1489,0.393700787401575);
#416=VECTOR('',#1490,0.393700787401575);
#417=VECTOR('',#1491,0.393700787401575);
#418=VECTOR('',#1498,0.393700787401575);
#419=VECTOR('',#1501,0.393700787401575);
#420=VECTOR('',#1502,0.393700787401575);
#421=VECTOR('',#1503,0.393700787401575);
#422=VECTOR('',#1510,0.393700787401575);
#423=VECTOR('',#1513,0.393700787401575);
#424=VECTOR('',#1514,0.393700787401575);
#425=VECTOR('',#1515,0.393700787401575);
#426=VECTOR('',#1524,0.393700787401575);
#427=VECTOR('',#1525,0.393700787401575);
#428=VECTOR('',#1526,0.393700787401575);
#429=VECTOR('',#1527,0.393700787401575);
#430=VECTOR('',#1534,0.393700787401575);
#431=VECTOR('',#1537,0.393700787401575);
#432=VECTOR('',#1538,0.393700787401575);
#433=VECTOR('',#1539,0.393700787401575);
#434=VECTOR('',#1546,0.393700787401575);
#435=VECTOR('',#1549,0.393700787401575);
#436=VECTOR('',#1550,0.393700787401575);
#437=VECTOR('',#1551,0.393700787401575);
#438=VECTOR('',#1558,0.393700787401575);
#439=VECTOR('',#1561,0.393700787401575);
#440=VECTOR('',#1562,0.393700787401575);
#441=VECTOR('',#1563,0.393700787401575);
#442=VECTOR('',#1572,0.393700787401575);
#443=VECTOR('',#1573,0.393700787401575);
#444=VECTOR('',#1574,0.393700787401575);
#445=VECTOR('',#1575,0.393700787401575);
#446=VECTOR('',#1582,0.393700787401575);
#447=VECTOR('',#1585,0.393700787401575);
#448=VECTOR('',#1586,0.393700787401575);
#449=VECTOR('',#1587,0.393700787401575);
#450=VECTOR('',#1594,0.393700787401575);
#451=VECTOR('',#1597,0.393700787401575);
#452=VECTOR('',#1598,0.393700787401575);
#453=VECTOR('',#1599,0.393700787401575);
#454=VECTOR('',#1606,0.393700787401575);
#455=VECTOR('',#1609,0.393700787401575);
#456=VECTOR('',#1610,0.393700787401575);
#457=VECTOR('',#1611,0.393700787401575);
#458=VECTOR('',#1622,0.393700787401575);
#459=VECTOR('',#1625,0.393700787401575);
#460=VECTOR('',#1628,0.393700787401575);
#461=VECTOR('',#1629,0.393700787401575);
#462=VECTOR('',#1630,0.393700787401575);
#463=VECTOR('',#1637,0.393700787401575);
#464=VECTOR('',#1640,0.393700787401575);
#465=VECTOR('',#1641,0.393700787401575);
#466=VECTOR('',#1642,0.393700787401575);
#467=VECTOR('',#1649,0.393700787401575);
#468=VECTOR('',#1652,0.393700787401575);
#469=VECTOR('',#1653,0.393700787401575);
#470=VECTOR('',#1654,0.393700787401575);
#471=VECTOR('',#1661,0.393700787401575);
#472=VECTOR('',#1664,0.393700787401575);
#473=VECTOR('',#1665,0.393700787401575);
#474=VERTEX_POINT('',#1672);
#475=VERTEX_POINT('',#1673);
#476=VERTEX_POINT('',#1675);
#477=VERTEX_POINT('',#1677);
#478=VERTEX_POINT('',#1681);
#479=VERTEX_POINT('',#1683);
#480=VERTEX_POINT('',#1687);
#481=VERTEX_POINT('',#1689);
#482=VERTEX_POINT('',#1693);
#483=VERTEX_POINT('',#1695);
#484=VERTEX_POINT('',#1699);
#485=VERTEX_POINT('',#1701);
#486=VERTEX_POINT('',#1705);
#487=VERTEX_POINT('',#1707);
#488=VERTEX_POINT('',#1711);
#489=VERTEX_POINT('',#1713);
#490=VERTEX_POINT('',#1720);
#491=VERTEX_POINT('',#1722);
#492=VERTEX_POINT('',#1726);
#493=VERTEX_POINT('',#1727);
#494=VERTEX_POINT('',#1729);
#495=VERTEX_POINT('',#1731);
#496=VERTEX_POINT('',#1735);
#497=VERTEX_POINT('',#1737);
#498=VERTEX_POINT('',#1741);
#499=VERTEX_POINT('',#1743);
#500=VERTEX_POINT('',#1747);
#501=VERTEX_POINT('',#1749);
#502=VERTEX_POINT('',#1753);
#503=VERTEX_POINT('',#1755);
#504=VERTEX_POINT('',#1759);
#505=VERTEX_POINT('',#1761);
#506=VERTEX_POINT('',#1765);
#507=VERTEX_POINT('',#1767);
#508=VERTEX_POINT('',#1774);
#509=VERTEX_POINT('',#1775);
#510=VERTEX_POINT('',#1777);
#511=VERTEX_POINT('',#1779);
#512=VERTEX_POINT('',#1783);
#513=VERTEX_POINT('',#1785);
#514=VERTEX_POINT('',#1789);
#515=VERTEX_POINT('',#1791);
#516=VERTEX_POINT('',#1795);
#517=VERTEX_POINT('',#1797);
#518=VERTEX_POINT('',#1801);
#519=VERTEX_POINT('',#1803);
#520=VERTEX_POINT('',#1807);
#521=VERTEX_POINT('',#1809);
#522=VERTEX_POINT('',#1813);
#523=VERTEX_POINT('',#1815);
#524=VERTEX_POINT('',#1822);
#525=VERTEX_POINT('',#1823);
#526=VERTEX_POINT('',#1825);
#527=VERTEX_POINT('',#1827);
#528=VERTEX_POINT('',#1831);
#529=VERTEX_POINT('',#1833);
#530=VERTEX_POINT('',#1837);
#531=VERTEX_POINT('',#1839);
#532=VERTEX_POINT('',#1843);
#533=VERTEX_POINT('',#1845);
#534=VERTEX_POINT('',#1849);
#535=VERTEX_POINT('',#1851);
#536=VERTEX_POINT('',#1855);
#537=VERTEX_POINT('',#1857);
#538=VERTEX_POINT('',#1861);
#539=VERTEX_POINT('',#1863);
#540=VERTEX_POINT('',#1870);
#541=VERTEX_POINT('',#1871);
#542=VERTEX_POINT('',#1873);
#543=VERTEX_POINT('',#1875);
#544=VERTEX_POINT('',#1879);
#545=VERTEX_POINT('',#1881);
#546=VERTEX_POINT('',#1885);
#547=VERTEX_POINT('',#1887);
#548=VERTEX_POINT('',#1891);
#549=VERTEX_POINT('',#1893);
#550=VERTEX_POINT('',#1897);
#551=VERTEX_POINT('',#1899);
#552=VERTEX_POINT('',#1903);
#553=VERTEX_POINT('',#1905);
#554=VERTEX_POINT('',#1909);
#555=VERTEX_POINT('',#1911);
#556=VERTEX_POINT('',#1918);
#557=VERTEX_POINT('',#1919);
#558=VERTEX_POINT('',#1921);
#559=VERTEX_POINT('',#1923);
#560=VERTEX_POINT('',#1927);
#561=VERTEX_POINT('',#1929);
#562=VERTEX_POINT('',#1933);
#563=VERTEX_POINT('',#1935);
#564=VERTEX_POINT('',#1939);
#565=VERTEX_POINT('',#1941);
#566=VERTEX_POINT('',#1945);
#567=VERTEX_POINT('',#1947);
#568=VERTEX_POINT('',#1951);
#569=VERTEX_POINT('',#1953);
#570=VERTEX_POINT('',#1957);
#571=VERTEX_POINT('',#1959);
#572=VERTEX_POINT('',#1966);
#573=VERTEX_POINT('',#1967);
#574=VERTEX_POINT('',#1969);
#575=VERTEX_POINT('',#1971);
#576=VERTEX_POINT('',#1975);
#577=VERTEX_POINT('',#1977);
#578=VERTEX_POINT('',#1981);
#579=VERTEX_POINT('',#1983);
#580=VERTEX_POINT('',#1987);
#581=VERTEX_POINT('',#1989);
#582=VERTEX_POINT('',#1993);
#583=VERTEX_POINT('',#1995);
#584=VERTEX_POINT('',#1999);
#585=VERTEX_POINT('',#2001);
#586=VERTEX_POINT('',#2005);
#587=VERTEX_POINT('',#2007);
#588=EDGE_CURVE('',#474,#475,#248,.T.);
#589=EDGE_CURVE('',#475,#476,#249,.T.);
#590=EDGE_CURVE('',#477,#476,#250,.T.);
#591=EDGE_CURVE('',#474,#477,#251,.T.);
#592=EDGE_CURVE('',#478,#474,#29,.T.);
#593=EDGE_CURVE('',#479,#477,#30,.T.);
#594=EDGE_CURVE('',#478,#479,#252,.T.);
#595=EDGE_CURVE('',#480,#478,#253,.T.);
#596=EDGE_CURVE('',#481,#479,#254,.T.);
#597=EDGE_CURVE('',#480,#481,#255,.T.);
#598=EDGE_CURVE('',#482,#480,#31,.T.);
#599=EDGE_CURVE('',#483,#481,#32,.T.);
#600=EDGE_CURVE('',#482,#483,#256,.T.);
#601=EDGE_CURVE('',#484,#482,#257,.T.);
#602=EDGE_CURVE('',#485,#483,#258,.T.);
#603=EDGE_CURVE('',#484,#485,#259,.T.);
#604=EDGE_CURVE('',#486,#484,#33,.T.);
#605=EDGE_CURVE('',#487,#485,#34,.T.);
#606=EDGE_CURVE('',#486,#487,#260,.T.);
#607=EDGE_CURVE('',#488,#486,#261,.T.);
#608=EDGE_CURVE('',#489,#487,#262,.T.);
#609=EDGE_CURVE('',#488,#489,#263,.T.);
#610=EDGE_CURVE('',#475,#488,#35,.T.);
#611=EDGE_CURVE('',#476,#489,#36,.T.);
#612=EDGE_CURVE('',#490,#490,#37,.T.);
#613=EDGE_CURVE('',#490,#491,#264,.T.);
#614=EDGE_CURVE('',#491,#491,#38,.T.);
#615=EDGE_CURVE('',#492,#493,#265,.T.);
#616=EDGE_CURVE('',#493,#494,#266,.T.);
#617=EDGE_CURVE('',#495,#494,#267,.T.);
#618=EDGE_CURVE('',#492,#495,#268,.T.);
#619=EDGE_CURVE('',#496,#492,#39,.T.);
#620=EDGE_CURVE('',#497,#495,#40,.T.);
#621=EDGE_CURVE('',#496,#497,#269,.T.);
#622=EDGE_CURVE('',#498,#496,#270,.T.);
#623=EDGE_CURVE('',#499,#497,#271,.T.);
#624=EDGE_CURVE('',#498,#499,#272,.T.);
#625=EDGE_CURVE('',#500,#498,#41,.T.);
#626=EDGE_CURVE('',#501,#499,#42,.T.);
#627=EDGE_CURVE('',#500,#501,#273,.T.);
#628=EDGE_CURVE('',#502,#500,#274,.T.);
#629=EDGE_CURVE('',#503,#501,#275,.T.);
#630=EDGE_CURVE('',#502,#503,#276,.T.);
#631=EDGE_CURVE('',#504,#502,#43,.T.);
#632=EDGE_CURVE('',#505,#503,#44,.T.);
#633=EDGE_CURVE('',#504,#505,#277,.T.);
#634=EDGE_CURVE('',#506,#504,#278,.T.);
#635=EDGE_CURVE('',#507,#505,#279,.T.);
#636=EDGE_CURVE('',#506,#507,#280,.T.);
#637=EDGE_CURVE('',#493,#506,#45,.T.);
#638=EDGE_CURVE('',#494,#507,#46,.T.);
#639=EDGE_CURVE('',#508,#509,#281,.T.);
#640=EDGE_CURVE('',#509,#510,#282,.T.);
#641=EDGE_CURVE('',#511,#510,#283,.T.);
#642=EDGE_CURVE('',#508,#511,#284,.T.);
#643=EDGE_CURVE('',#512,#508,#47,.T.);
#644=EDGE_CURVE('',#513,#511,#48,.T.);
#645=EDGE_CURVE('',#512,#513,#285,.T.);
#646=EDGE_CURVE('',#514,#512,#286,.T.);
#647=EDGE_CURVE('',#515,#513,#287,.T.);
#648=EDGE_CURVE('',#514,#515,#288,.T.);
#649=EDGE_CURVE('',#516,#514,#49,.T.);
#650=EDGE_CURVE('',#517,#515,#50,.T.);
#651=EDGE_CURVE('',#516,#517,#289,.T.);
#652=EDGE_CURVE('',#518,#516,#290,.T.);
#653=EDGE_CURVE('',#519,#517,#291,.T.);
#654=EDGE_CURVE('',#518,#519,#292,.T.);
#655=EDGE_CURVE('',#520,#518,#51,.T.);
#656=EDGE_CURVE('',#521,#519,#52,.T.);
#657=EDGE_CURVE('',#520,#521,#293,.T.);
#658=EDGE_CURVE('',#522,#520,#294,.T.);
#659=EDGE_CURVE('',#523,#521,#295,.T.);
#660=EDGE_CURVE('',#522,#523,#296,.T.);
#661=EDGE_CURVE('',#509,#522,#53,.T.);
#662=EDGE_CURVE('',#510,#523,#54,.T.);
#663=EDGE_CURVE('',#524,#525,#297,.T.);
#664=EDGE_CURVE('',#525,#526,#298,.T.);
#665=EDGE_CURVE('',#527,#526,#299,.T.);
#666=EDGE_CURVE('',#524,#527,#300,.T.);
#667=EDGE_CURVE('',#528,#524,#55,.T.);
#668=EDGE_CURVE('',#529,#527,#56,.T.);
#669=EDGE_CURVE('',#528,#529,#301,.T.);
#670=EDGE_CURVE('',#530,#528,#302,.T.);
#671=EDGE_CURVE('',#531,#529,#303,.T.);
#672=EDGE_CURVE('',#530,#531,#304,.T.);
#673=EDGE_CURVE('',#532,#530,#57,.T.);
#674=EDGE_CURVE('',#533,#531,#58,.T.);
#675=EDGE_CURVE('',#532,#533,#305,.T.);
#676=EDGE_CURVE('',#534,#532,#306,.T.);
#677=EDGE_CURVE('',#535,#533,#307,.T.);
#678=EDGE_CURVE('',#534,#535,#308,.T.);
#679=EDGE_CURVE('',#536,#534,#59,.T.);
#680=EDGE_CURVE('',#537,#535,#60,.T.);
#681=EDGE_CURVE('',#536,#537,#309,.T.);
#682=EDGE_CURVE('',#538,#536,#310,.T.);
#683=EDGE_CURVE('',#539,#537,#311,.T.);
#684=EDGE_CURVE('',#538,#539,#312,.T.);
#685=EDGE_CURVE('',#525,#538,#61,.T.);
#686=EDGE_CURVE('',#526,#539,#62,.T.);
#687=EDGE_CURVE('',#540,#541,#313,.T.);
#688=EDGE_CURVE('',#541,#542,#314,.T.);
#689=EDGE_CURVE('',#543,#542,#315,.T.);
#690=EDGE_CURVE('',#540,#543,#316,.T.);
#691=EDGE_CURVE('',#544,#540,#63,.T.);
#692=EDGE_CURVE('',#545,#543,#64,.T.);
#693=EDGE_CURVE('',#544,#545,#317,.T.);
#694=EDGE_CURVE('',#546,#544,#318,.T.);
#695=EDGE_CURVE('',#547,#545,#319,.T.);
#696=EDGE_CURVE('',#546,#547,#320,.T.);
#697=EDGE_CURVE('',#548,#546,#65,.T.);
#698=EDGE_CURVE('',#549,#547,#66,.T.);
#699=EDGE_CURVE('',#548,#549,#321,.T.);
#700=EDGE_CURVE('',#550,#548,#322,.T.);
#701=EDGE_CURVE('',#551,#549,#323,.T.);
#702=EDGE_CURVE('',#550,#551,#324,.T.);
#703=EDGE_CURVE('',#552,#550,#67,.T.);
#704=EDGE_CURVE('',#553,#551,#68,.T.);
#705=EDGE_CURVE('',#552,#553,#325,.T.);
#706=EDGE_CURVE('',#554,#552,#326,.T.);
#707=EDGE_CURVE('',#555,#553,#327,.T.);
#708=EDGE_CURVE('',#554,#555,#328,.T.);
#709=EDGE_CURVE('',#541,#554,#69,.T.);
#710=EDGE_CURVE('',#542,#555,#70,.T.);
#711=EDGE_CURVE('',#556,#557,#329,.T.);
#712=EDGE_CURVE('',#557,#558,#330,.T.);
#713=EDGE_CURVE('',#559,#558,#331,.T.);
#714=EDGE_CURVE('',#556,#559,#332,.T.);
#715=EDGE_CURVE('',#560,#556,#71,.T.);
#716=EDGE_CURVE('',#561,#559,#72,.T.);
#717=EDGE_CURVE('',#560,#561,#333,.T.);
#718=EDGE_CURVE('',#562,#560,#334,.T.);
#719=EDGE_CURVE('',#563,#561,#335,.T.);
#720=EDGE_CURVE('',#562,#563,#336,.T.);
#721=EDGE_CURVE('',#564,#562,#73,.T.);
#722=EDGE_CURVE('',#565,#563,#74,.T.);
#723=EDGE_CURVE('',#564,#565,#337,.T.);
#724=EDGE_CURVE('',#566,#564,#338,.T.);
#725=EDGE_CURVE('',#567,#565,#339,.T.);
#726=EDGE_CURVE('',#566,#567,#340,.T.);
#727=EDGE_CURVE('',#568,#566,#75,.T.);
#728=EDGE_CURVE('',#569,#567,#76,.T.);
#729=EDGE_CURVE('',#568,#569,#341,.T.);
#730=EDGE_CURVE('',#570,#568,#342,.T.);
#731=EDGE_CURVE('',#571,#569,#343,.T.);
#732=EDGE_CURVE('',#570,#571,#344,.T.);
#733=EDGE_CURVE('',#557,#570,#77,.T.);
#734=EDGE_CURVE('',#558,#571,#78,.T.);
#735=EDGE_CURVE('',#572,#573,#79,.T.);
#736=EDGE_CURVE('',#573,#574,#345,.T.);
#737=EDGE_CURVE('',#575,#574,#80,.T.);
#738=EDGE_CURVE('',#572,#575,#346,.T.);
#739=EDGE_CURVE('',#572,#576,#347,.T.);
#740=EDGE_CURVE('',#577,#575,#348,.T.);
#741=EDGE_CURVE('',#576,#577,#349,.T.);
#742=EDGE_CURVE('',#578,#576,#81,.T.);
#743=EDGE_CURVE('',#579,#577,#82,.T.);
#744=EDGE_CURVE('',#578,#579,#350,.T.);
#745=EDGE_CURVE('',#578,#580,#351,.T.);
#746=EDGE_CURVE('',#581,#579,#352,.T.);
#747=EDGE_CURVE('',#580,#581,#353,.T.);
#748=EDGE_CURVE('',#582,#580,#83,.T.);
#749=EDGE_CURVE('',#583,#581,#84,.T.);
#750=EDGE_CURVE('',#582,#583,#354,.T.);
#751=EDGE_CURVE('',#582,#584,#355,.T.);
#752=EDGE_CURVE('',#585,#583,#356,.T.);
#753=EDGE_CURVE('',#584,#585,#357,.T.);
#754=EDGE_CURVE('',#586,#584,#85,.T.);
#755=EDGE_CURVE('',#587,#585,#86,.T.);
#756=EDGE_CURVE('',#586,#587,#358,.T.);
#757=EDGE_CURVE('',#586,#573,#359,.T.);
#758=EDGE_CURVE('',#574,#587,#360,.T.);
#759=ORIENTED_EDGE('',*,*,#588,.T.);
#760=ORIENTED_EDGE('',*,*,#589,.T.);
#761=ORIENTED_EDGE('',*,*,#590,.F.);
#762=ORIENTED_EDGE('',*,*,#591,.F.);
#763=ORIENTED_EDGE('',*,*,#592,.T.);
#764=ORIENTED_EDGE('',*,*,#591,.T.);
#765=ORIENTED_EDGE('',*,*,#593,.F.);
#766=ORIENTED_EDGE('',*,*,#594,.F.);
#767=ORIENTED_EDGE('',*,*,#595,.T.);
#768=ORIENTED_EDGE('',*,*,#594,.T.);
#769=ORIENTED_EDGE('',*,*,#596,.F.);
#770=ORIENTED_EDGE('',*,*,#597,.F.);
#771=ORIENTED_EDGE('',*,*,#598,.T.);
#772=ORIENTED_EDGE('',*,*,#597,.T.);
#773=ORIENTED_EDGE('',*,*,#599,.F.);
#774=ORIENTED_EDGE('',*,*,#600,.F.);
#775=ORIENTED_EDGE('',*,*,#601,.T.);
#776=ORIENTED_EDGE('',*,*,#600,.T.);
#777=ORIENTED_EDGE('',*,*,#602,.F.);
#778=ORIENTED_EDGE('',*,*,#603,.F.);
#779=ORIENTED_EDGE('',*,*,#604,.T.);
#780=ORIENTED_EDGE('',*,*,#603,.T.);
#781=ORIENTED_EDGE('',*,*,#605,.F.);
#782=ORIENTED_EDGE('',*,*,#606,.F.);
#783=ORIENTED_EDGE('',*,*,#607,.T.);
#784=ORIENTED_EDGE('',*,*,#606,.T.);
#785=ORIENTED_EDGE('',*,*,#608,.F.);
#786=ORIENTED_EDGE('',*,*,#609,.F.);
#787=ORIENTED_EDGE('',*,*,#610,.T.);
#788=ORIENTED_EDGE('',*,*,#609,.T.);
#789=ORIENTED_EDGE('',*,*,#611,.F.);
#790=ORIENTED_EDGE('',*,*,#589,.F.);
#791=ORIENTED_EDGE('',*,*,#612,.F.);
#792=ORIENTED_EDGE('',*,*,#613,.T.);
#793=ORIENTED_EDGE('',*,*,#614,.T.);
#794=ORIENTED_EDGE('',*,*,#613,.F.);
#795=ORIENTED_EDGE('',*,*,#615,.T.);
#796=ORIENTED_EDGE('',*,*,#616,.T.);
#797=ORIENTED_EDGE('',*,*,#617,.F.);
#798=ORIENTED_EDGE('',*,*,#618,.F.);
#799=ORIENTED_EDGE('',*,*,#619,.T.);
#800=ORIENTED_EDGE('',*,*,#618,.T.);
#801=ORIENTED_EDGE('',*,*,#620,.F.);
#802=ORIENTED_EDGE('',*,*,#621,.F.);
#803=ORIENTED_EDGE('',*,*,#622,.T.);
#804=ORIENTED_EDGE('',*,*,#621,.T.);
#805=ORIENTED_EDGE('',*,*,#623,.F.);
#806=ORIENTED_EDGE('',*,*,#624,.F.);
#807=ORIENTED_EDGE('',*,*,#625,.T.);
#808=ORIENTED_EDGE('',*,*,#624,.T.);
#809=ORIENTED_EDGE('',*,*,#626,.F.);
#810=ORIENTED_EDGE('',*,*,#627,.F.);
#811=ORIENTED_EDGE('',*,*,#628,.T.);
#812=ORIENTED_EDGE('',*,*,#627,.T.);
#813=ORIENTED_EDGE('',*,*,#629,.F.);
#814=ORIENTED_EDGE('',*,*,#630,.F.);
#815=ORIENTED_EDGE('',*,*,#631,.T.);
#816=ORIENTED_EDGE('',*,*,#630,.T.);
#817=ORIENTED_EDGE('',*,*,#632,.F.);
#818=ORIENTED_EDGE('',*,*,#633,.F.);
#819=ORIENTED_EDGE('',*,*,#634,.T.);
#820=ORIENTED_EDGE('',*,*,#633,.T.);
#821=ORIENTED_EDGE('',*,*,#635,.F.);
#822=ORIENTED_EDGE('',*,*,#636,.F.);
#823=ORIENTED_EDGE('',*,*,#637,.T.);
#824=ORIENTED_EDGE('',*,*,#636,.T.);
#825=ORIENTED_EDGE('',*,*,#638,.F.);
#826=ORIENTED_EDGE('',*,*,#616,.F.);
#827=ORIENTED_EDGE('',*,*,#639,.T.);
#828=ORIENTED_EDGE('',*,*,#640,.T.);
#829=ORIENTED_EDGE('',*,*,#641,.F.);
#830=ORIENTED_EDGE('',*,*,#642,.F.);
#831=ORIENTED_EDGE('',*,*,#643,.T.);
#832=ORIENTED_EDGE('',*,*,#642,.T.);
#833=ORIENTED_EDGE('',*,*,#644,.F.);
#834=ORIENTED_EDGE('',*,*,#645,.F.);
#835=ORIENTED_EDGE('',*,*,#646,.T.);
#836=ORIENTED_EDGE('',*,*,#645,.T.);
#837=ORIENTED_EDGE('',*,*,#647,.F.);
#838=ORIENTED_EDGE('',*,*,#648,.F.);
#839=ORIENTED_EDGE('',*,*,#649,.T.);
#840=ORIENTED_EDGE('',*,*,#648,.T.);
#841=ORIENTED_EDGE('',*,*,#650,.F.);
#842=ORIENTED_EDGE('',*,*,#651,.F.);
#843=ORIENTED_EDGE('',*,*,#652,.T.);
#844=ORIENTED_EDGE('',*,*,#651,.T.);
#845=ORIENTED_EDGE('',*,*,#653,.F.);
#846=ORIENTED_EDGE('',*,*,#654,.F.);
#847=ORIENTED_EDGE('',*,*,#655,.T.);
#848=ORIENTED_EDGE('',*,*,#654,.T.);
#849=ORIENTED_EDGE('',*,*,#656,.F.);
#850=ORIENTED_EDGE('',*,*,#657,.F.);
#851=ORIENTED_EDGE('',*,*,#658,.T.);
#852=ORIENTED_EDGE('',*,*,#657,.T.);
#853=ORIENTED_EDGE('',*,*,#659,.F.);
#854=ORIENTED_EDGE('',*,*,#660,.F.);
#855=ORIENTED_EDGE('',*,*,#661,.T.);
#856=ORIENTED_EDGE('',*,*,#660,.T.);
#857=ORIENTED_EDGE('',*,*,#662,.F.);
#858=ORIENTED_EDGE('',*,*,#640,.F.);
#859=ORIENTED_EDGE('',*,*,#663,.T.);
#860=ORIENTED_EDGE('',*,*,#664,.T.);
#861=ORIENTED_EDGE('',*,*,#665,.F.);
#862=ORIENTED_EDGE('',*,*,#666,.F.);
#863=ORIENTED_EDGE('',*,*,#667,.T.);
#864=ORIENTED_EDGE('',*,*,#666,.T.);
#865=ORIENTED_EDGE('',*,*,#668,.F.);
#866=ORIENTED_EDGE('',*,*,#669,.F.);
#867=ORIENTED_EDGE('',*,*,#670,.T.);
#868=ORIENTED_EDGE('',*,*,#669,.T.);
#869=ORIENTED_EDGE('',*,*,#671,.F.);
#870=ORIENTED_EDGE('',*,*,#672,.F.);
#871=ORIENTED_EDGE('',*,*,#673,.T.);
#872=ORIENTED_EDGE('',*,*,#672,.T.);
#873=ORIENTED_EDGE('',*,*,#674,.F.);
#874=ORIENTED_EDGE('',*,*,#675,.F.);
#875=ORIENTED_EDGE('',*,*,#676,.T.);
#876=ORIENTED_EDGE('',*,*,#675,.T.);
#877=ORIENTED_EDGE('',*,*,#677,.F.);
#878=ORIENTED_EDGE('',*,*,#678,.F.);
#879=ORIENTED_EDGE('',*,*,#679,.T.);
#880=ORIENTED_EDGE('',*,*,#678,.T.);
#881=ORIENTED_EDGE('',*,*,#680,.F.);
#882=ORIENTED_EDGE('',*,*,#681,.F.);
#883=ORIENTED_EDGE('',*,*,#682,.T.);
#884=ORIENTED_EDGE('',*,*,#681,.T.);
#885=ORIENTED_EDGE('',*,*,#683,.F.);
#886=ORIENTED_EDGE('',*,*,#684,.F.);
#887=ORIENTED_EDGE('',*,*,#685,.T.);
#888=ORIENTED_EDGE('',*,*,#684,.T.);
#889=ORIENTED_EDGE('',*,*,#686,.F.);
#890=ORIENTED_EDGE('',*,*,#664,.F.);
#891=ORIENTED_EDGE('',*,*,#687,.T.);
#892=ORIENTED_EDGE('',*,*,#688,.T.);
#893=ORIENTED_EDGE('',*,*,#689,.F.);
#894=ORIENTED_EDGE('',*,*,#690,.F.);
#895=ORIENTED_EDGE('',*,*,#691,.T.);
#896=ORIENTED_EDGE('',*,*,#690,.T.);
#897=ORIENTED_EDGE('',*,*,#692,.F.);
#898=ORIENTED_EDGE('',*,*,#693,.F.);
#899=ORIENTED_EDGE('',*,*,#694,.T.);
#900=ORIENTED_EDGE('',*,*,#693,.T.);
#901=ORIENTED_EDGE('',*,*,#695,.F.);
#902=ORIENTED_EDGE('',*,*,#696,.F.);
#903=ORIENTED_EDGE('',*,*,#697,.T.);
#904=ORIENTED_EDGE('',*,*,#696,.T.);
#905=ORIENTED_EDGE('',*,*,#698,.F.);
#906=ORIENTED_EDGE('',*,*,#699,.F.);
#907=ORIENTED_EDGE('',*,*,#700,.T.);
#908=ORIENTED_EDGE('',*,*,#699,.T.);
#909=ORIENTED_EDGE('',*,*,#701,.F.);
#910=ORIENTED_EDGE('',*,*,#702,.F.);
#911=ORIENTED_EDGE('',*,*,#703,.T.);
#912=ORIENTED_EDGE('',*,*,#702,.T.);
#913=ORIENTED_EDGE('',*,*,#704,.F.);
#914=ORIENTED_EDGE('',*,*,#705,.F.);
#915=ORIENTED_EDGE('',*,*,#706,.T.);
#916=ORIENTED_EDGE('',*,*,#705,.T.);
#917=ORIENTED_EDGE('',*,*,#707,.F.);
#918=ORIENTED_EDGE('',*,*,#708,.F.);
#919=ORIENTED_EDGE('',*,*,#709,.T.);
#920=ORIENTED_EDGE('',*,*,#708,.T.);
#921=ORIENTED_EDGE('',*,*,#710,.F.);
#922=ORIENTED_EDGE('',*,*,#688,.F.);
#923=ORIENTED_EDGE('',*,*,#711,.T.);
#924=ORIENTED_EDGE('',*,*,#712,.T.);
#925=ORIENTED_EDGE('',*,*,#713,.F.);
#926=ORIENTED_EDGE('',*,*,#714,.F.);
#927=ORIENTED_EDGE('',*,*,#715,.T.);
#928=ORIENTED_EDGE('',*,*,#714,.T.);
#929=ORIENTED_EDGE('',*,*,#716,.F.);
#930=ORIENTED_EDGE('',*,*,#717,.F.);
#931=ORIENTED_EDGE('',*,*,#718,.T.);
#932=ORIENTED_EDGE('',*,*,#717,.T.);
#933=ORIENTED_EDGE('',*,*,#719,.F.);
#934=ORIENTED_EDGE('',*,*,#720,.F.);
#935=ORIENTED_EDGE('',*,*,#721,.T.);
#936=ORIENTED_EDGE('',*,*,#720,.T.);
#937=ORIENTED_EDGE('',*,*,#722,.F.);
#938=ORIENTED_EDGE('',*,*,#723,.F.);
#939=ORIENTED_EDGE('',*,*,#724,.T.);
#940=ORIENTED_EDGE('',*,*,#723,.T.);
#941=ORIENTED_EDGE('',*,*,#725,.F.);
#942=ORIENTED_EDGE('',*,*,#726,.F.);
#943=ORIENTED_EDGE('',*,*,#727,.T.);
#944=ORIENTED_EDGE('',*,*,#726,.T.);
#945=ORIENTED_EDGE('',*,*,#728,.F.);
#946=ORIENTED_EDGE('',*,*,#729,.F.);
#947=ORIENTED_EDGE('',*,*,#730,.T.);
#948=ORIENTED_EDGE('',*,*,#729,.T.);
#949=ORIENTED_EDGE('',*,*,#731,.F.);
#950=ORIENTED_EDGE('',*,*,#732,.F.);
#951=ORIENTED_EDGE('',*,*,#733,.T.);
#952=ORIENTED_EDGE('',*,*,#732,.T.);
#953=ORIENTED_EDGE('',*,*,#734,.F.);
#954=ORIENTED_EDGE('',*,*,#712,.F.);
#955=ORIENTED_EDGE('',*,*,#735,.T.);
#956=ORIENTED_EDGE('',*,*,#736,.T.);
#957=ORIENTED_EDGE('',*,*,#737,.F.);
#958=ORIENTED_EDGE('',*,*,#738,.F.);
#959=ORIENTED_EDGE('',*,*,#739,.F.);
#960=ORIENTED_EDGE('',*,*,#738,.T.);
#961=ORIENTED_EDGE('',*,*,#740,.F.);
#962=ORIENTED_EDGE('',*,*,#741,.F.);
#963=ORIENTED_EDGE('',*,*,#742,.T.);
#964=ORIENTED_EDGE('',*,*,#741,.T.);
#965=ORIENTED_EDGE('',*,*,#743,.F.);
#966=ORIENTED_EDGE('',*,*,#744,.F.);
#967=ORIENTED_EDGE('',*,*,#745,.F.);
#968=ORIENTED_EDGE('',*,*,#744,.T.);
#969=ORIENTED_EDGE('',*,*,#746,.F.);
#970=ORIENTED_EDGE('',*,*,#747,.F.);
#971=ORIENTED_EDGE('',*,*,#748,.T.);
#972=ORIENTED_EDGE('',*,*,#747,.T.);
#973=ORIENTED_EDGE('',*,*,#749,.F.);
#974=ORIENTED_EDGE('',*,*,#750,.F.);
#975=ORIENTED_EDGE('',*,*,#751,.F.);
#976=ORIENTED_EDGE('',*,*,#750,.T.);
#977=ORIENTED_EDGE('',*,*,#752,.F.);
#978=ORIENTED_EDGE('',*,*,#753,.F.);
#979=ORIENTED_EDGE('',*,*,#754,.T.);
#980=ORIENTED_EDGE('',*,*,#753,.T.);
#981=ORIENTED_EDGE('',*,*,#755,.F.);
#982=ORIENTED_EDGE('',*,*,#756,.F.);
#983=ORIENTED_EDGE('',*,*,#757,.F.);
#984=ORIENTED_EDGE('',*,*,#756,.T.);
#985=ORIENTED_EDGE('',*,*,#758,.F.);
#986=ORIENTED_EDGE('',*,*,#736,.F.);
#987=ORIENTED_EDGE('',*,*,#758,.T.);
#988=ORIENTED_EDGE('',*,*,#755,.T.);
#989=ORIENTED_EDGE('',*,*,#752,.T.);
#990=ORIENTED_EDGE('',*,*,#749,.T.);
#991=ORIENTED_EDGE('',*,*,#746,.T.);
#992=ORIENTED_EDGE('',*,*,#743,.T.);
#993=ORIENTED_EDGE('',*,*,#740,.T.);
#994=ORIENTED_EDGE('',*,*,#737,.T.);
#995=ORIENTED_EDGE('',*,*,#734,.T.);
#996=ORIENTED_EDGE('',*,*,#731,.T.);
#997=ORIENTED_EDGE('',*,*,#728,.T.);
#998=ORIENTED_EDGE('',*,*,#725,.T.);
#999=ORIENTED_EDGE('',*,*,#722,.T.);
#1000=ORIENTED_EDGE('',*,*,#719,.T.);
#1001=ORIENTED_EDGE('',*,*,#716,.T.);
#1002=ORIENTED_EDGE('',*,*,#713,.T.);
#1003=ORIENTED_EDGE('',*,*,#710,.T.);
#1004=ORIENTED_EDGE('',*,*,#707,.T.);
#1005=ORIENTED_EDGE('',*,*,#704,.T.);
#1006=ORIENTED_EDGE('',*,*,#701,.T.);
#1007=ORIENTED_EDGE('',*,*,#698,.T.);
#1008=ORIENTED_EDGE('',*,*,#695,.T.);
#1009=ORIENTED_EDGE('',*,*,#692,.T.);
#1010=ORIENTED_EDGE('',*,*,#689,.T.);
#1011=ORIENTED_EDGE('',*,*,#686,.T.);
#1012=ORIENTED_EDGE('',*,*,#683,.T.);
#1013=ORIENTED_EDGE('',*,*,#680,.T.);
#1014=ORIENTED_EDGE('',*,*,#677,.T.);
#1015=ORIENTED_EDGE('',*,*,#674,.T.);
#1016=ORIENTED_EDGE('',*,*,#671,.T.);
#1017=ORIENTED_EDGE('',*,*,#668,.T.);
#1018=ORIENTED_EDGE('',*,*,#665,.T.);
#1019=ORIENTED_EDGE('',*,*,#662,.T.);
#1020=ORIENTED_EDGE('',*,*,#659,.T.);
#1021=ORIENTED_EDGE('',*,*,#656,.T.);
#1022=ORIENTED_EDGE('',*,*,#653,.T.);
#1023=ORIENTED_EDGE('',*,*,#650,.T.);
#1024=ORIENTED_EDGE('',*,*,#647,.T.);
#1025=ORIENTED_EDGE('',*,*,#644,.T.);
#1026=ORIENTED_EDGE('',*,*,#641,.T.);
#1027=ORIENTED_EDGE('',*,*,#638,.T.);
#1028=ORIENTED_EDGE('',*,*,#635,.T.);
#1029=ORIENTED_EDGE('',*,*,#632,.T.);
#1030=ORIENTED_EDGE('',*,*,#629,.T.);
#1031=ORIENTED_EDGE('',*,*,#626,.T.);
#1032=ORIENTED_EDGE('',*,*,#623,.T.);
#1033=ORIENTED_EDGE('',*,*,#620,.T.);
#1034=ORIENTED_EDGE('',*,*,#617,.T.);
#1035=ORIENTED_EDGE('',*,*,#612,.T.);
#1036=ORIENTED_EDGE('',*,*,#611,.T.);
#1037=ORIENTED_EDGE('',*,*,#608,.T.);
#1038=ORIENTED_EDGE('',*,*,#605,.T.);
#1039=ORIENTED_EDGE('',*,*,#602,.T.);
#1040=ORIENTED_EDGE('',*,*,#599,.T.);
#1041=ORIENTED_EDGE('',*,*,#596,.T.);
#1042=ORIENTED_EDGE('',*,*,#593,.T.);
#1043=ORIENTED_EDGE('',*,*,#590,.T.);
#1044=ORIENTED_EDGE('',*,*,#757,.T.);
#1045=ORIENTED_EDGE('',*,*,#735,.F.);
#1046=ORIENTED_EDGE('',*,*,#739,.T.);
#1047=ORIENTED_EDGE('',*,*,#742,.F.);
#1048=ORIENTED_EDGE('',*,*,#745,.T.);
#1049=ORIENTED_EDGE('',*,*,#748,.F.);
#1050=ORIENTED_EDGE('',*,*,#751,.T.);
#1051=ORIENTED_EDGE('',*,*,#754,.F.);
#1052=ORIENTED_EDGE('',*,*,#733,.F.);
#1053=ORIENTED_EDGE('',*,*,#711,.F.);
#1054=ORIENTED_EDGE('',*,*,#715,.F.);
#1055=ORIENTED_EDGE('',*,*,#718,.F.);
#1056=ORIENTED_EDGE('',*,*,#721,.F.);
#1057=ORIENTED_EDGE('',*,*,#724,.F.);
#1058=ORIENTED_EDGE('',*,*,#727,.F.);
#1059=ORIENTED_EDGE('',*,*,#730,.F.);
#1060=ORIENTED_EDGE('',*,*,#709,.F.);
#1061=ORIENTED_EDGE('',*,*,#687,.F.);
#1062=ORIENTED_EDGE('',*,*,#691,.F.);
#1063=ORIENTED_EDGE('',*,*,#694,.F.);
#1064=ORIENTED_EDGE('',*,*,#697,.F.);
#1065=ORIENTED_EDGE('',*,*,#700,.F.);
#1066=ORIENTED_EDGE('',*,*,#703,.F.);
#1067=ORIENTED_EDGE('',*,*,#706,.F.);
#1068=ORIENTED_EDGE('',*,*,#685,.F.);
#1069=ORIENTED_EDGE('',*,*,#663,.F.);
#1070=ORIENTED_EDGE('',*,*,#667,.F.);
#1071=ORIENTED_EDGE('',*,*,#670,.F.);
#1072=ORIENTED_EDGE('',*,*,#673,.F.);
#1073=ORIENTED_EDGE('',*,*,#676,.F.);
#1074=ORIENTED_EDGE('',*,*,#679,.F.);
#1075=ORIENTED_EDGE('',*,*,#682,.F.);
#1076=ORIENTED_EDGE('',*,*,#661,.F.);
#1077=ORIENTED_EDGE('',*,*,#639,.F.);
#1078=ORIENTED_EDGE('',*,*,#643,.F.);
#1079=ORIENTED_EDGE('',*,*,#646,.F.);
#1080=ORIENTED_EDGE('',*,*,#649,.F.);
#1081=ORIENTED_EDGE('',*,*,#652,.F.);
#1082=ORIENTED_EDGE('',*,*,#655,.F.);
#1083=ORIENTED_EDGE('',*,*,#658,.F.);
#1084=ORIENTED_EDGE('',*,*,#637,.F.);
#1085=ORIENTED_EDGE('',*,*,#615,.F.);
#1086=ORIENTED_EDGE('',*,*,#619,.F.);
#1087=ORIENTED_EDGE('',*,*,#622,.F.);
#1088=ORIENTED_EDGE('',*,*,#625,.F.);
#1089=ORIENTED_EDGE('',*,*,#628,.F.);
#1090=ORIENTED_EDGE('',*,*,#631,.F.);
#1091=ORIENTED_EDGE('',*,*,#634,.F.);
#1092=ORIENTED_EDGE('',*,*,#614,.F.);
#1093=ORIENTED_EDGE('',*,*,#610,.F.);
#1094=ORIENTED_EDGE('',*,*,#588,.F.);
#1095=ORIENTED_EDGE('',*,*,#592,.F.);
#1096=ORIENTED_EDGE('',*,*,#595,.F.);
#1097=ORIENTED_EDGE('',*,*,#598,.F.);
#1098=ORIENTED_EDGE('',*,*,#601,.F.);
#1099=ORIENTED_EDGE('',*,*,#604,.F.);
#1100=ORIENTED_EDGE('',*,*,#607,.F.);
#1101=PLANE('',#1204);
#1102=PLANE('',#1208);
#1103=PLANE('',#1212);
#1104=PLANE('',#1216);
#1105=PLANE('',#1223);
#1106=PLANE('',#1227);
#1107=PLANE('',#1231);
#1108=PLANE('',#1235);
#1109=PLANE('',#1239);
#1110=PLANE('',#1243);
#1111=PLANE('',#1247);
#1112=PLANE('',#1251);
#1113=PLANE('',#1255);
#1114=PLANE('',#1259);
#1115=PLANE('',#1263);
#1116=PLANE('',#1267);
#1117=PLANE('',#1271);
#1118=PLANE('',#1275);
#1119=PLANE('',#1279);
#1120=PLANE('',#1283);
#1121=PLANE('',#1287);
#1122=PLANE('',#1291);
#1123=PLANE('',#1295);
#1124=PLANE('',#1299);
#1125=PLANE('',#1306);
#1126=PLANE('',#1310);
#1127=PLANE('',#1314);
#1128=PLANE('',#1318);
#1129=PLANE('',#1319);
#1130=PLANE('',#1320);
#1131=ADVANCED_FACE('',(#116),#1101,.T.);
#1132=ADVANCED_FACE('',(#117),#87,.F.);
#1133=ADVANCED_FACE('',(#118),#1102,.T.);
#1134=ADVANCED_FACE('',(#119),#88,.F.);
#1135=ADVANCED_FACE('',(#120),#1103,.T.);
#1136=ADVANCED_FACE('',(#121),#89,.F.);
#1137=ADVANCED_FACE('',(#122),#1104,.T.);
#1138=ADVANCED_FACE('',(#123),#90,.F.);
#1139=ADVANCED_FACE('',(#124),#91,.F.);
#1140=ADVANCED_FACE('',(#125),#1105,.T.);
#1141=ADVANCED_FACE('',(#126),#92,.F.);
#1142=ADVANCED_FACE('',(#127),#1106,.T.);
#1143=ADVANCED_FACE('',(#128),#93,.F.);
#1144=ADVANCED_FACE('',(#129),#1107,.T.);
#1145=ADVANCED_FACE('',(#130),#94,.F.);
#1146=ADVANCED_FACE('',(#131),#1108,.T.);
#1147=ADVANCED_FACE('',(#132),#95,.F.);
#1148=ADVANCED_FACE('',(#133),#1109,.T.);
#1149=ADVANCED_FACE('',(#134),#96,.F.);
#1150=ADVANCED_FACE('',(#135),#1110,.T.);
#1151=ADVANCED_FACE('',(#136),#97,.F.);
#1152=ADVANCED_FACE('',(#137),#1111,.T.);
#1153=ADVANCED_FACE('',(#138),#98,.F.);
#1154=ADVANCED_FACE('',(#139),#1112,.T.);
#1155=ADVANCED_FACE('',(#140),#99,.F.);
#1156=ADVANCED_FACE('',(#141),#1113,.T.);
#1157=ADVANCED_FACE('',(#142),#100,.F.);
#1158=ADVANCED_FACE('',(#143),#1114,.T.);
#1159=ADVANCED_FACE('',(#144),#101,.F.);
#1160=ADVANCED_FACE('',(#145),#1115,.T.);
#1161=ADVANCED_FACE('',(#146),#102,.F.);
#1162=ADVANCED_FACE('',(#147),#1116,.T.);
#1163=ADVANCED_FACE('',(#148),#103,.F.);
#1164=ADVANCED_FACE('',(#149),#1117,.T.);
#1165=ADVANCED_FACE('',(#150),#104,.F.);
#1166=ADVANCED_FACE('',(#151),#1118,.T.);
#1167=ADVANCED_FACE('',(#152),#105,.F.);
#1168=ADVANCED_FACE('',(#153),#1119,.T.);
#1169=ADVANCED_FACE('',(#154),#106,.F.);
#1170=ADVANCED_FACE('',(#155),#1120,.T.);
#1171=ADVANCED_FACE('',(#156),#107,.F.);
#1172=ADVANCED_FACE('',(#157),#1121,.T.);
#1173=ADVANCED_FACE('',(#158),#108,.F.);
#1174=ADVANCED_FACE('',(#159),#1122,.T.);
#1175=ADVANCED_FACE('',(#160),#109,.F.);
#1176=ADVANCED_FACE('',(#161),#1123,.T.);
#1177=ADVANCED_FACE('',(#162),#110,.F.);
#1178=ADVANCED_FACE('',(#163),#1124,.T.);
#1179=ADVANCED_FACE('',(#164),#111,.F.);
#1180=ADVANCED_FACE('',(#165),#112,.T.);
#1181=ADVANCED_FACE('',(#166),#1125,.T.);
#1182=ADVANCED_FACE('',(#167),#113,.T.);
#1183=ADVANCED_FACE('',(#168),#1126,.T.);
#1184=ADVANCED_FACE('',(#169),#114,.T.);
#1185=ADVANCED_FACE('',(#170),#1127,.T.);
#1186=ADVANCED_FACE('',(#171),#115,.T.);
#1187=ADVANCED_FACE('',(#172),#1128,.T.);
#1188=ADVANCED_FACE('',(#173,#15,#16,#17,#18,#19,#20,#21),#1129,.T.);
#1189=ADVANCED_FACE('',(#174,#22,#23,#24,#25,#26,#27,#28),#1130,.F.);
#1190=CLOSED_SHELL('',(#1131,#1132,#1133,#1134,#1135,#1136,#1137,#1138,
#1139,#1140,#1141,#1142,#1143,#1144,#1145,#1146,#1147,#1148,#1149,#1150,
#1151,#1152,#1153,#1154,#1155,#1156,#1157,#1158,#1159,#1160,#1161,#1162,
#1163,#1164,#1165,#1166,#1167,#1168,#1169,#1170,#1171,#1172,#1173,#1174,
#1175,#1176,#1177,#1178,#1179,#1180,#1181,#1182,#1183,#1184,#1185,#1186,
#1187,#1188,#1189));
#1191=DERIVED_UNIT_ELEMENT(#1193,1.);
#1192=DERIVED_UNIT_ELEMENT(#2022,-3.);
#1193=(
MASS_UNIT()
NAMED_UNIT(*)
SI_UNIT(.KILO.,.GRAM.)
);
#1194=DERIVED_UNIT((#1191,#1192));
#1195=MEASURE_REPRESENTATION_ITEM('density measure',
POSITIVE_RATIO_MEASURE(7850.),#1194);
#1196=PROPERTY_DEFINITION_REPRESENTATION(#1201,#1198);
#1197=PROPERTY_DEFINITION_REPRESENTATION(#1202,#1199);
#1198=REPRESENTATION('material name',(#1200),#2017);
#1199=REPRESENTATION('density',(#1195),#2017);
#1200=DESCRIPTIVE_REPRESENTATION_ITEM('Steel','Steel');
#1201=PROPERTY_DEFINITION('material property','material name',#2030);
#1202=PROPERTY_DEFINITION('material property','density of part',#2030);
#1203=AXIS2_PLACEMENT_3D('',#1670,#1321,#1322);
#1204=AXIS2_PLACEMENT_3D('',#1671,#1323,#1324);
#1205=AXIS2_PLACEMENT_3D('',#1680,#1329,#1330);
#1206=AXIS2_PLACEMENT_3D('',#1682,#1331,#1332);
#1207=AXIS2_PLACEMENT_3D('',#1684,#1333,#1334);
#1208=AXIS2_PLACEMENT_3D('',#1686,#1336,#1337);
#1209=AXIS2_PLACEMENT_3D('',#1692,#1341,#1342);
#1210=AXIS2_PLACEMENT_3D('',#1694,#1343,#1344);
#1211=AXIS2_PLACEMENT_3D('',#1696,#1345,#1346);
#1212=AXIS2_PLACEMENT_3D('',#1698,#1348,#1349);
#1213=AXIS2_PLACEMENT_3D('',#1704,#1353,#1354);
#1214=AXIS2_PLACEMENT_3D('',#1706,#1355,#1356);
#1215=AXIS2_PLACEMENT_3D('',#1708,#1357,#1358);
#1216=AXIS2_PLACEMENT_3D('',#1710,#1360,#1361);
#1217=AXIS2_PLACEMENT_3D('',#1716,#1365,#1366);
#1218=AXIS2_PLACEMENT_3D('',#1717,#1367,#1368);
#1219=AXIS2_PLACEMENT_3D('',#1718,#1369,#1370);
#1220=AXIS2_PLACEMENT_3D('',#1719,#1371,#1372);
#1221=AXIS2_PLACEMENT_3D('',#1721,#1373,#1374);
#1222=AXIS2_PLACEMENT_3D('',#1724,#1376,#1377);
#1223=AXIS2_PLACEMENT_3D('',#1725,#1378,#1379);
#1224=AXIS2_PLACEMENT_3D('',#1734,#1384,#1385);
#1225=AXIS2_PLACEMENT_3D('',#1736,#1386,#1387);
#1226=AXIS2_PLACEMENT_3D('',#1738,#1388,#1389);
#1227=AXIS2_PLACEMENT_3D('',#1740,#1391,#1392);
#1228=AXIS2_PLACEMENT_3D('',#1746,#1396,#1397);
#1229=AXIS2_PLACEMENT_3D('',#1748,#1398,#1399);
#1230=AXIS2_PLACEMENT_3D('',#1750,#1400,#1401);
#1231=AXIS2_PLACEMENT_3D('',#1752,#1403,#1404);
#1232=AXIS2_PLACEMENT_3D('',#1758,#1408,#1409);
#1233=AXIS2_PLACEMENT_3D('',#1760,#1410,#1411);
#1234=AXIS2_PLACEMENT_3D('',#1762,#1412,#1413);
#1235=AXIS2_PLACEMENT_3D('',#1764,#1415,#1416);
#1236=AXIS2_PLACEMENT_3D('',#1770,#1420,#1421);
#1237=AXIS2_PLACEMENT_3D('',#1771,#1422,#1423);
#1238=AXIS2_PLACEMENT_3D('',#1772,#1424,#1425);
#1239=AXIS2_PLACEMENT_3D('',#1773,#1426,#1427);
#1240=AXIS2_PLACEMENT_3D('',#1782,#1432,#1433);
#1241=AXIS2_PLACEMENT_3D('',#1784,#1434,#1435);
#1242=AXIS2_PLACEMENT_3D('',#1786,#1436,#1437);
#1243=AXIS2_PLACEMENT_3D('',#1788,#1439,#1440);
#1244=AXIS2_PLACEMENT_3D('',#1794,#1444,#1445);
#1245=AXIS2_PLACEMENT_3D('',#1796,#1446,#1447);
#1246=AXIS2_PLACEMENT_3D('',#1798,#1448,#1449);
#1247=AXIS2_PLACEMENT_3D('',#1800,#1451,#1452);
#1248=AXIS2_PLACEMENT_3D('',#1806,#1456,#1457);
#1249=AXIS2_PLACEMENT_3D('',#1808,#1458,#1459);
#1250=AXIS2_PLACEMENT_3D('',#1810,#1460,#1461);
#1251=AXIS2_PLACEMENT_3D('',#1812,#1463,#1464);
#1252=AXIS2_PLACEMENT_3D('',#1818,#1468,#1469);
#1253=AXIS2_PLACEMENT_3D('',#1819,#1470,#1471);
#1254=AXIS2_PLACEMENT_3D('',#1820,#1472,#1473);
#1255=AXIS2_PLACEMENT_3D('',#1821,#1474,#1475);
#1256=AXIS2_PLACEMENT_3D('',#1830,#1480,#1481);
#1257=AXIS2_PLACEMENT_3D('',#1832,#1482,#1483);
#1258=AXIS2_PLACEMENT_3D('',#1834,#1484,#1485);
#1259=AXIS2_PLACEMENT_3D('',#1836,#1487,#1488);
#1260=AXIS2_PLACEMENT_3D('',#1842,#1492,#1493);
#1261=AXIS2_PLACEMENT_3D('',#1844,#1494,#1495);
#1262=AXIS2_PLACEMENT_3D('',#1846,#1496,#1497);
#1263=AXIS2_PLACEMENT_3D('',#1848,#1499,#1500);
#1264=AXIS2_PLACEMENT_3D('',#1854,#1504,#1505);
#1265=AXIS2_PLACEMENT_3D('',#1856,#1506,#1507);
#1266=AXIS2_PLACEMENT_3D('',#1858,#1508,#1509);
#1267=AXIS2_PLACEMENT_3D('',#1860,#1511,#1512);
#1268=AXIS2_PLACEMENT_3D('',#1866,#1516,#1517);
#1269=AXIS2_PLACEMENT_3D('',#1867,#1518,#1519);
#1270=AXIS2_PLACEMENT_3D('',#1868,#1520,#1521);
#1271=AXIS2_PLACEMENT_3D('',#1869,#1522,#1523);
#1272=AXIS2_PLACEMENT_3D('',#1878,#1528,#1529);
#1273=AXIS2_PLACEMENT_3D('',#1880,#1530,#1531);
#1274=AXIS2_PLACEMENT_3D('',#1882,#1532,#1533);
#1275=AXIS2_PLACEMENT_3D('',#1884,#1535,#1536);
#1276=AXIS2_PLACEMENT_3D('',#1890,#1540,#1541);
#1277=AXIS2_PLACEMENT_3D('',#1892,#1542,#1543);
#1278=AXIS2_PLACEMENT_3D('',#1894,#1544,#1545);
#1279=AXIS2_PLACEMENT_3D('',#1896,#1547,#1548);
#1280=AXIS2_PLACEMENT_3D('',#1902,#1552,#1553);
#1281=AXIS2_PLACEMENT_3D('',#1904,#1554,#1555);
#1282=AXIS2_PLACEMENT_3D('',#1906,#1556,#1557);
#1283=AXIS2_PLACEMENT_3D('',#1908,#1559,#1560);
#1284=AXIS2_PLACEMENT_3D('',#1914,#1564,#1565);
#1285=AXIS2_PLACEMENT_3D('',#1915,#1566,#1567);
#1286=AXIS2_PLACEMENT_3D('',#1916,#1568,#1569);
#1287=AXIS2_PLACEMENT_3D('',#1917,#1570,#1571);
#1288=AXIS2_PLACEMENT_3D('',#1926,#1576,#1577);
#1289=AXIS2_PLACEMENT_3D('',#1928,#1578,#1579);
#1290=AXIS2_PLACEMENT_3D('',#1930,#1580,#1581);
#1291=AXIS2_PLACEMENT_3D('',#1932,#1583,#1584);
#1292=AXIS2_PLACEMENT_3D('',#1938,#1588,#1589);
#1293=AXIS2_PLACEMENT_3D('',#1940,#1590,#1591);
#1294=AXIS2_PLACEMENT_3D('',#1942,#1592,#1593);
#1295=AXIS2_PLACEMENT_3D('',#1944,#1595,#1596);
#1296=AXIS2_PLACEMENT_3D('',#1950,#1600,#1601);
#1297=AXIS2_PLACEMENT_3D('',#1952,#1602,#1603);
#1298=AXIS2_PLACEMENT_3D('',#1954,#1604,#1605);
#1299=AXIS2_PLACEMENT_3D('',#1956,#1607,#1608);
#1300=AXIS2_PLACEMENT_3D('',#1962,#1612,#1613);
#1301=AXIS2_PLACEMENT_3D('',#1963,#1614,#1615);
#1302=AXIS2_PLACEMENT_3D('',#1964,#1616,#1617);
#1303=AXIS2_PLACEMENT_3D('',#1965,#1618,#1619);
#1304=AXIS2_PLACEMENT_3D('',#1968,#1620,#1621);
#1305=AXIS2_PLACEMENT_3D('',#1972,#1623,#1624);
#1306=AXIS2_PLACEMENT_3D('',#1974,#1626,#1627);
#1307=AXIS2_PLACEMENT_3D('',#1980,#1631,#1632);
#1308=AXIS2_PLACEMENT_3D('',#1982,#1633,#1634);
#1309=AXIS2_PLACEMENT_3D('',#1984,#1635,#1636);
#1310=AXIS2_PLACEMENT_3D('',#1986,#1638,#1639);
#1311=AXIS2_PLACEMENT_3D('',#1992,#1643,#1644);
#1312=AXIS2_PLACEMENT_3D('',#1994,#1645,#1646);
#1313=AXIS2_PLACEMENT_3D('',#1996,#1647,#1648);
#1314=AXIS2_PLACEMENT_3D('',#1998,#1650,#1651);
#1315=AXIS2_PLACEMENT_3D('',#2004,#1655,#1656);
#1316=AXIS2_PLACEMENT_3D('',#2006,#1657,#1658);
#1317=AXIS2_PLACEMENT_3D('',#2008,#1659,#1660);
#1318=AXIS2_PLACEMENT_3D('',#2010,#1662,#1663);
#1319=AXIS2_PLACEMENT_3D('',#2013,#1666,#1667);
#1320=AXIS2_PLACEMENT_3D('',#2014,#1668,#1669);
#1321=DIRECTION('axis',(0.,0.,1.));
#1322=DIRECTION('refdir',(1.,0.,0.));
#1323=DIRECTION('center_axis',(1.,4.61720787661567E-15,0.));
#1324=DIRECTION('ref_axis',(-4.61720787661567E-15,1.,0.));
#1325=DIRECTION('',(-4.61720787661567E-15,1.,0.));
#1326=DIRECTION('',(0.,0.,1.));
#1327=DIRECTION('',(-4.61720787661567E-15,1.,0.));
#1328=DIRECTION('',(0.,0.,1.));
#1329=DIRECTION('center_axis',(0.,0.,1.));
#1330=DIRECTION('ref_axis',(-1.,0.,0.));
#1331=DIRECTION('center_axis',(0.,0.,-1.));
#1332=DIRECTION('ref_axis',(-1.,0.,0.));
#1333=DIRECTION('center_axis',(0.,0.,-1.));
#1334=DIRECTION('ref_axis',(-1.,0.,0.));
#1335=DIRECTION('',(0.,0.,1.));
#1336=DIRECTION('center_axis',(-2.46251086752835E-15,1.,0.));
#1337=DIRECTION('ref_axis',(-1.,-2.46251086752835E-15,3.85480431427367E-49));
#1338=DIRECTION('',(-1.,-2.46251086752835E-15,3.85480431427367E-49));
#1339=DIRECTION('',(-1.,-2.46251086752835E-15,3.85480431427367E-49));
#1340=DIRECTION('',(0.,0.,1.));
#1341=DIRECTION('center_axis',(0.,0.,1.));
#1342=DIRECTION('ref_axis',(-8.74191357972607E-15,-1.,0.));
#1343=DIRECTION('center_axis',(2.13751880521529E-62,2.7369110631344E-48,
-1.));
#1344=DIRECTION('ref_axis',(-8.74191357972607E-15,-1.,-2.7369110631344E-48));
#1345=DIRECTION('center_axis',(2.13751880521529E-62,2.7369110631344E-48,
-1.));
#1346=DIRECTION('ref_axis',(-8.74191357972607E-15,-1.,-2.7369110631344E-48));
#1347=DIRECTION('',(0.,0.,1.));
#1348=DIRECTION('center_axis',(-1.,8.61878803634925E-15,0.));
#1349=DIRECTION('ref_axis',(-8.61878803634925E-15,-1.,-3.47209905467002E-33));
#1350=DIRECTION('',(-8.61878803634925E-15,-1.,-3.47209905467002E-33));
#1351=DIRECTION('',(-8.61878803634925E-15,-1.,-3.47209905467002E-33));
#1352=DIRECTION('',(0.,0.,1.));
#1353=DIRECTION('center_axis',(0.,0.,1.));
#1354=DIRECTION('ref_axis',(1.,-8.74191357972559E-15,0.));
#1355=DIRECTION('center_axis',(2.46519032881566E-32,2.50039711549696E-48,
-1.));
#1356=DIRECTION('ref_axis',(1.,-8.74191357972559E-15,2.46519032881566E-32));
#1357=DIRECTION('center_axis',(2.46519032881566E-32,2.50039711549696E-48,
-1.));
#1358=DIRECTION('ref_axis',(1.,-8.74191357972559E-15,2.46519032881566E-32));
#1359=DIRECTION('',(0.,0.,1.));
#1360=DIRECTION('center_axis',(4.9250217350567E-15,-1.,0.));
#1361=DIRECTION('ref_axis',(1.,4.9250217350567E-15,-7.70960862854772E-49));
#1362=DIRECTION('',(1.,4.9250217350567E-15,-7.70960862854772E-49));
#1363=DIRECTION('',(1.,4.9250217350567E-15,-7.70960862854772E-49));
#1364=DIRECTION('',(0.,0.,1.));
#1365=DIRECTION('center_axis',(0.,0.,1.));
#1366=DIRECTION('ref_axis',(9.83465277719131E-15,1.,0.));
#1367=DIRECTION('center_axis',(2.46519032881566E-32,1.894287263382E-47,
-1.));
#1368=DIRECTION('ref_axis',(9.83465277719131E-15,1.,2.61385781769741E-46));
#1369=DIRECTION('center_axis',(2.46519032881566E-32,1.894287263382E-47,
-1.));
#1370=DIRECTION('ref_axis',(9.83465277719131E-15,1.,2.61385781769741E-46));
#1371=DIRECTION('center_axis',(0.,0.,1.));
#1372=DIRECTION('ref_axis',(-1.,0.,0.));
#1373=DIRECTION('center_axis',(0.,0.,-1.));
#1374=DIRECTION('ref_axis',(-1.,0.,0.));
#1375=DIRECTION('',(0.,0.,-1.));
#1376=DIRECTION('center_axis',(0.,0.,-1.));
#1377=DIRECTION('ref_axis',(-1.,0.,0.));
#1378=DIRECTION('center_axis',(-1.,-6.1562771688209E-15,0.));
#1379=DIRECTION('ref_axis',(6.1562771688209E-15,-1.,0.));
#1380=DIRECTION('',(6.1562771688209E-15,-1.,0.));
#1381=DIRECTION('',(0.,0.,1.));
#1382=DIRECTION('',(6.1562771688209E-15,-1.,0.));
#1383=DIRECTION('',(0.,0.,1.));
#1384=DIRECTION('center_axis',(0.,0.,1.));
#1385=DIRECTION('ref_axis',(1.,-2.73184799366437E-15,0.));
#1386=DIRECTION('center_axis',(0.,0.,-1.));
#1387=DIRECTION('ref_axis',(1.,-2.73184799366437E-15,0.));
#1388=DIRECTION('center_axis',(0.,0.,-1.));
#1389=DIRECTION('ref_axis',(1.,-2.73184799366437E-15,0.));
#1390=DIRECTION('',(0.,0.,1.));
#1391=DIRECTION('center_axis',(1.84688315064626E-15,-1.,0.));
#1392=DIRECTION('ref_axis',(1.,1.84688315064626E-15,0.));
#1393=DIRECTION('',(1.,1.84688315064626E-15,0.));
#1394=DIRECTION('',(1.,1.84688315064626E-15,0.));
#1395=DIRECTION('',(0.,0.,1.));
#1396=DIRECTION('center_axis',(0.,0.,1.));
#1397=DIRECTION('ref_axis',(8.74191357972603E-15,1.,0.));
#1398=DIRECTION('center_axis',(0.,0.,-1.));
#1399=DIRECTION('ref_axis',(8.74191357972603E-15,1.,0.));
#1400=DIRECTION('center_axis',(0.,0.,-1.));
#1401=DIRECTION('ref_axis',(8.74191357972603E-15,1.,0.));
#1402=DIRECTION('',(0.,0.,1.));
#1403=DIRECTION('center_axis',(1.,-8.00316031946717E-15,0.));
#1404=DIRECTION('ref_axis',(8.00316031946717E-15,1.,3.47209905467002E-33));
#1405=DIRECTION('',(8.00316031946717E-15,1.,3.47209905467002E-33));
#1406=DIRECTION('',(8.00316031946717E-15,1.,3.47209905467002E-33));
#1407=DIRECTION('',(0.,0.,1.));
#1408=DIRECTION('center_axis',(0.,0.,1.));
#1409=DIRECTION('ref_axis',(-1.,-3.82458719112989E-15,0.));
#1410=DIRECTION('center_axis',(2.46519032881567E-32,8.00127076959089E-47,
-1.));
#1411=DIRECTION('ref_axis',(-1.,-3.82458719112989E-15,-2.46519032881567E-32));
#1412=DIRECTION('center_axis',(2.46519032881567E-32,8.00127076959089E-47,
-1.));
#1413=DIRECTION('ref_axis',(-1.,-3.82458719112989E-15,-2.46519032881567E-32));
#1414=DIRECTION('',(0.,0.,1.));
#1415=DIRECTION('center_axis',(-4.15548708895409E-15,1.,0.));
#1416=DIRECTION('ref_axis',(-1.,-4.15548708895409E-15,0.));
#1417=DIRECTION('',(-1.,-4.15548708895409E-15,0.));
#1418=DIRECTION('',(-1.,-4.15548708895409E-15,0.));
#1419=DIRECTION('',(0.,0.,1.));
#1420=DIRECTION('center_axis',(0.,0.,1.));
#1421=DIRECTION('ref_axis',(0.,-1.,0.));
#1422=DIRECTION('center_axis',(2.46519032881567E-32,-9.42833535528568E-47,
-1.));
#1423=DIRECTION('ref_axis',(0.,-1.,9.42833535528568E-47));
#1424=DIRECTION('center_axis',(2.46519032881567E-32,-9.42833535528568E-47,
-1.));
#1425=DIRECTION('ref_axis',(0.,-1.,9.42833535528568E-47));
#1426=DIRECTION('center_axis',(-1.,1.84688315064625E-15,0.));
#1427=DIRECTION('ref_axis',(-1.84688315064625E-15,-1.,-3.47209905466999E-33));
#1428=DIRECTION('',(-1.84688315064625E-15,-1.,-3.47209905466999E-33));
#1429=DIRECTION('',(0.,0.,1.));
#1430=DIRECTION('',(-1.84688315064625E-15,-1.,-3.47209905466999E-33));
#1431=DIRECTION('',(0.,0.,1.));
#1432=DIRECTION('center_axis',(0.,0.,1.));
#1433=DIRECTION('ref_axis',(1.,-4.37095678986275E-15,0.));
#1434=DIRECTION('center_axis',(2.46519032881564E-32,-1.20019061543863E-46,
-1.));
#1435=DIRECTION('ref_axis',(1.,-4.37095678986275E-15,2.46519032881564E-32));
#1436=DIRECTION('center_axis',(2.46519032881564E-32,-1.20019061543863E-46,
-1.));
#1437=DIRECTION('ref_axis',(1.,-4.37095678986275E-15,2.46519032881564E-32));
#1438=DIRECTION('',(0.,0.,1.));
#1439=DIRECTION('center_axis',(-5.54064945193879E-15,-1.,0.));
#1440=DIRECTION('ref_axis',(1.,-5.54064945193879E-15,-7.70960862854772E-49));
#1441=DIRECTION('',(1.,-5.54064945193879E-15,-7.70960862854772E-49));
#1442=DIRECTION('',(1.,-5.54064945193879E-15,-7.70960862854772E-49));
#1443=DIRECTION('',(0.,0.,1.));
#1444=DIRECTION('center_axis',(0.,0.,1.));
#1445=DIRECTION('ref_axis',(-4.37095678986273E-15,1.,0.));
#1446=DIRECTION('center_axis',(2.46519032881567E-32,-1.35951208203016E-46,
-1.));
#1447=DIRECTION('ref_axis',(-4.37095678986273E-15,1.,-2.43703612263424E-46));
#1448=DIRECTION('center_axis',(2.46519032881567E-32,-1.35951208203016E-46,
-1.));
#1449=DIRECTION('ref_axis',(-4.37095678986273E-15,1.,-2.43703612263424E-46));
#1450=DIRECTION('',(0.,0.,1.));
#1451=DIRECTION('center_axis',(1.,0.,0.));
#1452=DIRECTION('ref_axis',(0.,1.,6.16541044359736E-48));
#1453=DIRECTION('',(0.,1.,6.16541044359736E-48));
#1454=DIRECTION('',(0.,1.,6.16541044359736E-48));
#1455=DIRECTION('',(0.,0.,1.));
#1456=DIRECTION('center_axis',(0.,0.,1.));
#1457=DIRECTION('ref_axis',(-1.,-8.74191357972542E-15,0.));
#1458=DIRECTION('center_axis',(2.46519032881566E-32,6.25099278874285E-47,
-1.));
#1459=DIRECTION('ref_axis',(-1.,-8.74191357972542E-15,-2.46519032881566E-32));
#1460=DIRECTION('center_axis',(2.46519032881566E-32,6.25099278874285E-47,
-1.));
#1461=DIRECTION('ref_axis',(-1.,-8.74191357972542E-15,-2.46519032881566E-32));
#1462=DIRECTION('',(0.,0.,1.));
#1463=DIRECTION('center_axis',(-4.30939401817461E-15,1.,0.));
#1464=DIRECTION('ref_axis',(-1.,-4.30939401817461E-15,-3.36983661821352E-63));
#1465=DIRECTION('',(-1.,-4.30939401817461E-15,-3.36983661821352E-63));
#1466=DIRECTION('',(-1.,-4.30939401817461E-15,-3.36983661821352E-63));
#1467=DIRECTION('',(0.,0.,1.));
#1468=DIRECTION('center_axis',(0.,0.,1.));
#1469=DIRECTION('ref_axis',(4.37095678986273E-15,-1.,0.));
#1470=DIRECTION('center_axis',(2.46519032881567E-32,-5.38762020302034E-47,
-1.));
#1471=DIRECTION('ref_axis',(4.37095678986273E-15,-1.,1.61628606090611E-46));
#1472=DIRECTION('center_axis',(2.46519032881567E-32,-5.38762020302034E-47,
-1.));
#1473=DIRECTION('ref_axis',(4.37095678986273E-15,-1.,1.61628606090611E-46));
#1474=DIRECTION('center_axis',(-1.,2.46251086752834E-15,0.));
#1475=DIRECTION('ref_axis',(-2.46251086752834E-15,-1.,-3.47209905466998E-33));
#1476=DIRECTION('',(-2.46251086752834E-15,-1.,-3.47209905466998E-33));
#1477=DIRECTION('',(0.,0.,1.));
#1478=DIRECTION('',(-2.46251086752834E-15,-1.,-3.47209905466998E-33));
#1479=DIRECTION('',(0.,0.,1.));
#1480=DIRECTION('center_axis',(0.,0.,1.));
#1481=DIRECTION('ref_axis',(1.,0.,0.));
#1482=DIRECTION('center_axis',(2.46519032881566E-32,-1.5002382692983E-47,
-1.));
#1483=DIRECTION('ref_axis',(1.,0.,2.46519032881566E-32));
#1484=DIRECTION('center_axis',(2.46519032881566E-32,-1.5002382692983E-47,
-1.));
#1485=DIRECTION('ref_axis',(1.,0.,2.46519032881566E-32));
#1486=DIRECTION('',(0.,0.,1.));
#1487=DIRECTION('center_axis',(-5.54064945193879E-15,-1.,0.));
#1488=DIRECTION('ref_axis',(1.,-5.54064945193879E-15,-1.70871016469978E-32));
#1489=DIRECTION('',(1.,-5.54064945193879E-15,-1.70871016469978E-32));
#1490=DIRECTION('',(1.,-5.54064945193879E-15,-1.70871016469978E-32));
#1491=DIRECTION('',(0.,0.,1.));
#1492=DIRECTION('center_axis',(0.,0.,1.));
#1493=DIRECTION('ref_axis',(-1.09273919746569E-15,1.,0.));
#1494=DIRECTION('center_axis',(2.46519032881566E-32,-1.26070312750668E-48,
-1.));
#1495=DIRECTION('ref_axis',(-1.09273919746569E-15,1.,-2.81988041426087E-47));
#1496=DIRECTION('center_axis',(2.46519032881566E-32,-1.26070312750668E-48,
-1.));
#1497=DIRECTION('ref_axis',(-1.09273919746569E-15,1.,-2.81988041426087E-47));
#1498=DIRECTION('',(0.,0.,1.));
#1499=DIRECTION('center_axis',(1.,-2.30860393830782E-16,0.));
#1500=DIRECTION('ref_axis',(2.30860393830782E-16,1.,5.21688575996699E-48));
#1501=DIRECTION('',(2.30860393830782E-16,1.,5.21688575996699E-48));
#1502=DIRECTION('',(2.30860393830782E-16,1.,5.21688575996699E-48));
#1503=DIRECTION('',(0.,0.,1.));
#1504=DIRECTION('center_axis',(0.,0.,1.));
#1505=DIRECTION('ref_axis',(-1.,-4.37095678986274E-15,0.));
#1506=DIRECTION('center_axis',(2.46519032881566E-32,-1.75027798084801E-47,
-1.));
#1507=DIRECTION('ref_axis',(-1.,-4.37095678986274E-15,-2.46519032881566E-32));
#1508=DIRECTION('center_axis',(2.46519032881566E-32,-1.75027798084801E-47,
-1.));
#1509=DIRECTION('ref_axis',(-1.,-4.37095678986274E-15,-2.46519032881566E-32));
#1510=DIRECTION('',(0.,0.,1.));
#1511=DIRECTION('center_axis',(-3.69376630129253E-15,1.,0.));
#1512=DIRECTION('ref_axis',(-1.,-3.69376630129253E-15,0.));
#1513=DIRECTION('',(-1.,-3.69376630129253E-15,0.));
#1514=DIRECTION('',(-1.,-3.69376630129253E-15,0.));
#1515=DIRECTION('',(0.,0.,1.));
#1516=DIRECTION('center_axis',(0.,0.,1.));
#1517=DIRECTION('ref_axis',(1.09273919746569E-15,-1.,0.));
#1518=DIRECTION('center_axis',(2.46519032881566E-32,1.68363131344387E-47,
-1.));
#1519=DIRECTION('ref_axis',(1.09273919746569E-15,-1.,1.01017878806632E-47));
#1520=DIRECTION('center_axis',(2.46519032881566E-32,1.68363131344387E-47,
-1.));
#1521=DIRECTION('ref_axis',(1.09273919746569E-15,-1.,1.01017878806632E-47));
#1522=DIRECTION('center_axis',(-4.30939401817461E-15,1.,0.));
#1523=DIRECTION('ref_axis',(-1.,-4.30939401817461E-15,1.54192172570955E-48));
#1524=DIRECTION('',(-1.,-4.30939401817461E-15,1.54192172570955E-48));
#1525=DIRECTION('',(0.,0.,1.));
#1526=DIRECTION('',(-1.,-4.30939401817461E-15,1.54192172570955E-48));
#1527=DIRECTION('',(0.,0.,1.));
#1528=DIRECTION('center_axis',(0.,0.,1.));
#1529=DIRECTION('ref_axis',(0.,-1.,0.));
#1530=DIRECTION('center_axis',(2.46519032881566E-32,-5.88866888190111E-48,
-1.));
#1531=DIRECTION('ref_axis',(0.,-1.,5.88866888190111E-48));
#1532=DIRECTION('center_axis',(2.46519032881566E-32,-5.88866888190111E-48,
-1.));
#1533=DIRECTION('ref_axis',(0.,-1.,5.88866888190111E-48));
#1534=DIRECTION('',(0.,0.,1.));
#1535=DIRECTION('center_axis',(-1.,6.1562771688209E-16,0.));
#1536=DIRECTION('ref_axis',(-6.1562771688209E-16,-1.,-3.47209905467002E-33));
#1537=DIRECTION('',(-6.1562771688209E-16,-1.,-3.47209905467002E-33));
#1538=DIRECTION('',(-6.1562771688209E-16,-1.,-3.47209905467002E-33));
#1539=DIRECTION('',(0.,0.,1.));
#1540=DIRECTION('center_axis',(0.,0.,1.));
#1541=DIRECTION('ref_axis',(1.,-4.37095678986276E-15,0.));
#1542=DIRECTION('center_axis',(2.46519032881566E-32,-4.0006353847954E-47,
-1.));
#1543=DIRECTION('ref_axis',(1.,-4.37095678986276E-15,2.46519032881566E-32));
#1544=DIRECTION('center_axis',(2.46519032881566E-32,-4.0006353847954E-47,
-1.));
#1545=DIRECTION('ref_axis',(1.,-4.37095678986276E-15,2.46519032881566E-32));
#1546=DIRECTION('',(0.,0.,1.));
#1547=DIRECTION('center_axis',(3.07813858441044E-16,-1.,0.));
#1548=DIRECTION('ref_axis',(1.,3.07813858441044E-16,2.9279595195517E-48));
#1549=DIRECTION('',(1.,3.07813858441044E-16,2.9279595195517E-48));
#1550=DIRECTION('',(1.,3.07813858441044E-16,2.9279595195517E-48));
#1551=DIRECTION('',(0.,0.,1.));
#1552=DIRECTION('center_axis',(0.,0.,1.));
#1553=DIRECTION('ref_axis',(2.18547839493138E-15,1.,0.));
#1554=DIRECTION('center_axis',(2.46519032881567E-32,-3.15660667694966E-47,
-1.));
#1555=DIRECTION('ref_axis',(2.18547839493138E-15,1.,2.23101352607076E-47));
#1556=DIRECTION('center_axis',(2.46519032881567E-32,-3.15660667694966E-47,
-1.));
#1557=DIRECTION('ref_axis',(2.18547839493138E-15,1.,2.23101352607076E-47));
#1558=DIRECTION('',(0.,0.,1.));
#1559=DIRECTION('center_axis',(1.,-1.23125543376418E-15,0.));
#1560=DIRECTION('ref_axis',(1.23125543376418E-15,1.,3.47209905467002E-33));
#1561=DIRECTION('',(1.23125543376418E-15,1.,3.47209905467002E-33));
#1562=DIRECTION('',(1.23125543376418E-15,1.,3.47209905467002E-33));
#1563=DIRECTION('',(0.,0.,1.));
#1564=DIRECTION('center_axis',(0.,0.,1.));
#1565=DIRECTION('ref_axis',(-1.,-1.09273919746569E-15,0.));
#1566=DIRECTION('center_axis',(2.46519032881567E-32,-2.50039711549713E-48,
-1.));
#1567=DIRECTION('ref_axis',(-1.,-1.09273919746569E-15,-2.46519032881567E-32));
#1568=DIRECTION('center_axis',(2.46519032881567E-32,-2.50039711549713E-48,
-1.));
#1569=DIRECTION('ref_axis',(-1.,-1.09273919746569E-15,-2.46519032881567E-32));
#1570=DIRECTION('center_axis',(-1.,-5.84846331037986E-15,0.));
#1571=DIRECTION('ref_axis',(5.84846331037986E-15,-1.,0.));
#1572=DIRECTION('',(5.84846331037986E-15,-1.,0.));
#1573=DIRECTION('',(0.,0.,1.));
#1574=DIRECTION('',(5.84846331037986E-15,-1.,0.));
#1575=DIRECTION('',(0.,0.,1.));
#1576=DIRECTION('center_axis',(0.,0.,1.));
#1577=DIRECTION('ref_axis',(1.,0.,0.));
#1578=DIRECTION('center_axis',(0.,0.,-1.));
#1579=DIRECTION('ref_axis',(1.,0.,0.));
#1580=DIRECTION('center_axis',(0.,0.,-1.));
#1581=DIRECTION('ref_axis',(1.,0.,0.));
#1582=DIRECTION('',(0.,0.,1.));
#1583=DIRECTION('center_axis',(1.84688315064626E-15,-1.,0.));
#1584=DIRECTION('ref_axis',(1.,1.84688315064626E-15,-1.70871016469978E-32));
#1585=DIRECTION('',(1.,1.84688315064626E-15,-1.70871016469978E-32));
#1586=DIRECTION('',(1.,1.84688315064626E-15,-1.70871016469978E-32));
#1587=DIRECTION('',(0.,0.,1.));
#1588=DIRECTION('center_axis',(0.,0.,1.));
#1589=DIRECTION('ref_axis',(0.,1.,0.));
#1590=DIRECTION('center_axis',(0.,0.,-1.));
#1591=DIRECTION('ref_axis',(0.,1.,0.));
#1592=DIRECTION('center_axis',(0.,0.,-1.));
#1593=DIRECTION('ref_axis',(0.,1.,0.));
#1594=DIRECTION('',(0.,0.,1.));
#1595=DIRECTION('center_axis',(1.,-7.69534646102612E-15,0.));
#1596=DIRECTION('ref_axis',(7.69534646102612E-15,1.,3.47209905467002E-33));
#1597=DIRECTION('',(7.69534646102612E-15,1.,3.47209905467002E-33));
#1598=DIRECTION('',(7.69534646102612E-15,1.,3.47209905467002E-33));
#1599=DIRECTION('',(0.,0.,1.));
#1600=DIRECTION('center_axis',(0.,0.,1.));
#1601=DIRECTION('ref_axis',(-1.,5.46369598732844E-16,0.));
#1602=DIRECTION('center_axis',(2.46519032881566E-32,-2.43086534291451E-63,
-1.));
#1603=DIRECTION('ref_axis',(-1.,5.46369598732844E-16,-2.46519032881566E-32));
#1604=DIRECTION('center_axis',(2.46519032881566E-32,-2.43086534291451E-63,
-1.));
#1605=DIRECTION('ref_axis',(-1.,5.46369598732844E-16,-2.46519032881566E-32));
#1606=DIRECTION('',(0.,0.,1.));
#1607=DIRECTION('center_axis',(-4.15548708895409E-15,1.,0.));
#1608=DIRECTION('ref_axis',(-1.,-4.15548708895409E-15,1.70871016469978E-32));
#1609=DIRECTION('',(-1.,-4.15548708895409E-15,1.70871016469978E-32));
#1610=DIRECTION('',(-1.,-4.15548708895409E-15,1.70871016469978E-32));
#1611=DIRECTION('',(0.,0.,1.));
#1612=DIRECTION('center_axis',(0.,0.,1.));
#1613=DIRECTION('ref_axis',(5.46369598732844E-16,-1.,0.));
#1614=DIRECTION('center_axis',(2.46519032881566E-32,2.6938101015102E-47,
-1.));
#1615=DIRECTION('ref_axis',(5.46369598732844E-16,-1.,-1.3469050507551E-47));
#1616=DIRECTION('center_axis',(2.46519032881566E-32,2.6938101015102E-47,
-1.));
#1617=DIRECTION('ref_axis',(5.46369598732844E-16,-1.,-1.3469050507551E-47));
#1618=DIRECTION('center_axis',(0.,0.,1.));
#1619=DIRECTION('ref_axis',(1.42056095670542E-15,1.,0.));
#1620=DIRECTION('center_axis',(0.,0.,1.));
#1621=DIRECTION('ref_axis',(1.42056095670542E-15,1.,0.));
#1622=DIRECTION('',(0.,0.,1.));
#1623=DIRECTION('center_axis',(0.,0.,1.));
#1624=DIRECTION('ref_axis',(1.42056095670542E-15,1.,0.));
#1625=DIRECTION('',(0.,0.,1.));
#1626=DIRECTION('center_axis',(0.,1.,0.));
#1627=DIRECTION('ref_axis',(-1.,0.,0.));
#1628=DIRECTION('',(1.,0.,0.));
#1629=DIRECTION('',(-1.,0.,0.));
#1630=DIRECTION('',(0.,0.,1.));
#1631=DIRECTION('center_axis',(0.,0.,1.));
#1632=DIRECTION('ref_axis',(1.,1.74838271594513E-15,0.));
#1633=DIRECTION('center_axis',(0.,0.,1.));
#1634=DIRECTION('ref_axis',(1.,1.74838271594513E-15,0.));
#1635=DIRECTION('center_axis',(0.,0.,1.));
#1636=DIRECTION('ref_axis',(1.,1.74838271594513E-15,0.));
#1637=DIRECTION('',(0.,0.,1.));
#1638=DIRECTION('center_axis',(1.,-5.46369598732853E-17,0.));
#1639=DIRECTION('ref_axis',(5.46369598732853E-17,1.,0.));
#1640=DIRECTION('',(-5.46369598732853E-17,-1.,0.));
#1641=DIRECTION('',(5.46369598732853E-17,1.,0.));
#1642=DIRECTION('',(0.,0.,1.));
#1643=DIRECTION('center_axis',(0.,0.,1.));
#1644=DIRECTION('ref_axis',(-1.74838271594513E-15,-1.,0.));
#1645=DIRECTION('center_axis',(0.,0.,1.));
#1646=DIRECTION('ref_axis',(-1.74838271594513E-15,-1.,0.));
#1647=DIRECTION('center_axis',(0.,0.,1.));
#1648=DIRECTION('ref_axis',(-1.74838271594513E-15,-1.,0.));
#1649=DIRECTION('',(0.,0.,1.));
#1650=DIRECTION('center_axis',(0.,-1.,0.));
#1651=DIRECTION('ref_axis',(1.,0.,0.));
#1652=DIRECTION('',(-1.,0.,0.));
#1653=DIRECTION('',(1.,0.,0.));
#1654=DIRECTION('',(0.,0.,1.));
#1655=DIRECTION('center_axis',(0.,0.,1.));
#1656=DIRECTION('ref_axis',(-1.,0.,0.));
#1657=DIRECTION('center_axis',(0.,0.,1.));
#1658=DIRECTION('ref_axis',(-1.,0.,0.));
#1659=DIRECTION('center_axis',(0.,0.,1.));
#1660=DIRECTION('ref_axis',(-1.,0.,0.));
#1661=DIRECTION('',(0.,0.,1.));
#1662=DIRECTION('center_axis',(-1.,2.73184799366426E-17,0.));
#1663=DIRECTION('ref_axis',(-2.73184799366426E-17,-1.,0.));
#1664=DIRECTION('',(2.73184799366426E-17,1.,0.));
#1665=DIRECTION('',(-2.73184799366426E-17,-1.,0.));
#1666=DIRECTION('center_axis',(0.,0.,1.));
#1667=DIRECTION('ref_axis',(-1.,0.,0.));
#1668=DIRECTION('center_axis',(0.,0.,1.));
#1669=DIRECTION('ref_axis',(-1.,0.,0.));
#1670=CARTESIAN_POINT('',(0.,0.,0.));
#1671=CARTESIAN_POINT('Origin',(0.159091314611438,0.679000000000513,-0.236999999999483));
#1672=CARTESIAN_POINT('',(0.159091314611438,0.679000000000513,-0.236999999999483));
#1673=CARTESIAN_POINT('',(0.159091314611437,0.821000000000512,-0.236999999999483));
#1674=CARTESIAN_POINT('',(0.159091314611438,0.679000000000513,-0.236999999999483));
#1675=CARTESIAN_POINT('',(0.159091314611437,0.821000000000512,0.0130000000005173));
#1676=CARTESIAN_POINT('',(0.159091314611437,0.821000000000512,-0.236999999999483));
#1677=CARTESIAN_POINT('',(0.159091314611438,0.679000000000513,0.0130000000005173));
#1678=CARTESIAN_POINT('',(0.159091314611438,0.679000000000513,0.0130000000005173));
#1679=CARTESIAN_POINT('',(0.159091314611438,0.679000000000513,-0.236999999999483));
#1680=CARTESIAN_POINT('Origin',(0.179091314611437,0.679000000000513,-0.236999999999483));
#1681=CARTESIAN_POINT('',(0.179091314611437,0.659000000000513,-0.236999999999483));
#1682=CARTESIAN_POINT('Origin',(0.179091314611437,0.679000000000513,-0.236999999999483));
#1683=CARTESIAN_POINT('',(0.179091314611437,0.659000000000513,0.0130000000005173));
#1684=CARTESIAN_POINT('Origin',(0.179091314611437,0.679000000000513,0.0130000000005173));
#1685=CARTESIAN_POINT('',(0.179091314611437,0.659000000000513,-0.236999999999483));
#1686=CARTESIAN_POINT('Origin',(0.321091314611437,0.659000000000513,-0.236999999999483));
#1687=CARTESIAN_POINT('',(0.321091314611437,0.659000000000513,-0.236999999999483));
#1688=CARTESIAN_POINT('',(0.321091314611437,0.659000000000513,-0.236999999999483));
#1689=CARTESIAN_POINT('',(0.321091314611437,0.659000000000513,0.0130000000005173));
#1690=CARTESIAN_POINT('',(0.321091314611437,0.659000000000513,0.0130000000005173));
#1691=CARTESIAN_POINT('',(0.321091314611437,0.659000000000513,-0.236999999999483));
#1692=CARTESIAN_POINT('Origin',(0.321091314611437,0.679000000000512,-0.236999999999483));
#1693=CARTESIAN_POINT('',(0.341091314611436,0.679000000000513,-0.236999999999483));
#1694=CARTESIAN_POINT('Origin',(0.321091314611437,0.679000000000512,-0.236999999999483));
#1695=CARTESIAN_POINT('',(0.341091314611436,0.679000000000513,0.0130000000005173));
#1696=CARTESIAN_POINT('Origin',(0.321091314611437,0.679000000000512,0.0130000000005173));
#1697=CARTESIAN_POINT('',(0.341091314611436,0.679000000000513,-0.236999999999483));
#1698=CARTESIAN_POINT('Origin',(0.341091314611438,0.821000000000512,-0.236999999999483));
#1699=CARTESIAN_POINT('',(0.341091314611438,0.821000000000512,-0.236999999999483));
#1700=CARTESIAN_POINT('',(0.341091314611438,0.821000000000512,-0.236999999999483));
#1701=CARTESIAN_POINT('',(0.341091314611438,0.821000000000512,0.0130000000005173));
#1702=CARTESIAN_POINT('',(0.341091314611438,0.821000000000512,0.0130000000005173));
#1703=CARTESIAN_POINT('',(0.341091314611438,0.821000000000512,-0.236999999999483));
#1704=CARTESIAN_POINT('Origin',(0.321091314611437,0.821000000000512,-0.236999999999483));
#1705=CARTESIAN_POINT('',(0.321091314611437,0.841000000000512,-0.236999999999483));
#1706=CARTESIAN_POINT('Origin',(0.321091314611437,0.821000000000512,-0.236999999999483));
#1707=CARTESIAN_POINT('',(0.321091314611437,0.841000000000512,0.0130000000005173));
#1708=CARTESIAN_POINT('Origin',(0.321091314611437,0.821000000000512,0.0130000000005173));
#1709=CARTESIAN_POINT('',(0.321091314611437,0.841000000000512,-0.236999999999483));
#1710=CARTESIAN_POINT('Origin',(0.179091314611437,0.841000000000512,-0.236999999999483));
#1711=CARTESIAN_POINT('',(0.179091314611437,0.841000000000512,-0.236999999999483));
#1712=CARTESIAN_POINT('',(0.179091314611437,0.841000000000512,-0.236999999999483));
#1713=CARTESIAN_POINT('',(0.179091314611437,0.841000000000512,0.0130000000005173));
#1714=CARTESIAN_POINT('',(0.179091314611437,0.841000000000512,0.0130000000005173));
#1715=CARTESIAN_POINT('',(0.179091314611437,0.841000000000512,-0.236999999999483));
#1716=CARTESIAN_POINT('Origin',(0.179091314611437,0.821000000000512,-0.236999999999483));
#1717=CARTESIAN_POINT('Origin',(0.179091314611437,0.821000000000512,-0.236999999999483));
#1718=CARTESIAN_POINT('Origin',(0.179091314611437,0.821000000000512,0.0130000000005173));
#1719=CARTESIAN_POINT('Origin',(0.250091314611437,-0.552714427499689,-0.236999999999483));
#1720=CARTESIAN_POINT('',(0.415091314611437,-0.552714427499689,0.0130000000005173));
#1721=CARTESIAN_POINT('Origin',(0.250091314611437,-0.552714427499689,0.0130000000005173));
#1722=CARTESIAN_POINT('',(0.415091314611437,-0.552714427499689,-0.236999999999483));
#1723=CARTESIAN_POINT('',(0.415091314611437,-0.552714427499689,-0.236999999999483));
#1724=CARTESIAN_POINT('Origin',(0.250091314611437,-0.552714427499689,-0.236999999999483));
#1725=CARTESIAN_POINT('Origin',(0.591091314611436,0.071000000000513,-0.236999999999483));
#1726=CARTESIAN_POINT('',(0.591091314611436,0.071000000000513,-0.236999999999483));
#1727=CARTESIAN_POINT('',(0.591091314611437,-0.0709999999994864,-0.236999999999483));
#1728=CARTESIAN_POINT('',(0.591091314611436,0.071000000000513,-0.236999999999483));
#1729=CARTESIAN_POINT('',(0.591091314611437,-0.0709999999994864,0.0130000000005173));
#1730=CARTESIAN_POINT('',(0.591091314611437,-0.0709999999994864,-0.236999999999483));
#1731=CARTESIAN_POINT('',(0.591091314611436,0.071000000000513,0.0130000000005173));
#1732=CARTESIAN_POINT('',(0.591091314611436,0.071000000000513,0.0130000000005173));
#1733=CARTESIAN_POINT('',(0.591091314611436,0.071000000000513,-0.236999999999483));
#1734=CARTESIAN_POINT('Origin',(0.571091314611437,0.071000000000513,-0.236999999999483));
#1735=CARTESIAN_POINT('',(0.571091314611437,0.0910000000005122,-0.236999999999483));
#1736=CARTESIAN_POINT('Origin',(0.571091314611437,0.071000000000513,-0.236999999999483));
#1737=CARTESIAN_POINT('',(0.571091314611437,0.0910000000005123,0.0130000000005173));
#1738=CARTESIAN_POINT('Origin',(0.571091314611437,0.071000000000513,0.0130000000005173));
#1739=CARTESIAN_POINT('',(0.571091314611437,0.0910000000005122,-0.236999999999483));
#1740=CARTESIAN_POINT('Origin',(0.429091314611437,0.0910000000005123,-0.236999999999483));
#1741=CARTESIAN_POINT('',(0.429091314611437,0.0910000000005123,-0.236999999999483));
#1742=CARTESIAN_POINT('',(0.429091314611437,0.0910000000005123,-0.236999999999483));
#1743=CARTESIAN_POINT('',(0.429091314611437,0.0910000000005123,0.0130000000005173));
#1744=CARTESIAN_POINT('',(0.429091314611437,0.0910000000005123,0.0130000000005173));
#1745=CARTESIAN_POINT('',(0.429091314611437,0.0910000000005123,-0.236999999999483));
#1746=CARTESIAN_POINT('Origin',(0.429091314611437,0.0710000000005132,-0.236999999999483));
#1747=CARTESIAN_POINT('',(0.409091314611438,0.071000000000513,-0.236999999999483));
#1748=CARTESIAN_POINT('Origin',(0.429091314611437,0.0710000000005132,-0.236999999999483));
#1749=CARTESIAN_POINT('',(0.409091314611438,0.0710000000005131,0.0130000000005173));
#1750=CARTESIAN_POINT('Origin',(0.429091314611437,0.0710000000005132,0.0130000000005173));
#1751=CARTESIAN_POINT('',(0.409091314611438,0.071000000000513,-0.236999999999483));
#1752=CARTESIAN_POINT('Origin',(0.409091314611437,-0.0709999999994864,-0.236999999999483));
#1753=CARTESIAN_POINT('',(0.409091314611437,-0.0709999999994864,-0.236999999999483));
#1754=CARTESIAN_POINT('',(0.409091314611437,-0.0709999999994864,-0.236999999999483));
#1755=CARTESIAN_POINT('',(0.409091314611437,-0.0709999999994864,0.0130000000005173));
#1756=CARTESIAN_POINT('',(0.409091314611437,-0.0709999999994864,0.0130000000005173));
#1757=CARTESIAN_POINT('',(0.409091314611437,-0.0709999999994864,-0.236999999999483));
#1758=CARTESIAN_POINT('Origin',(0.429091314611437,-0.0709999999994863,-0.236999999999483));
#1759=CARTESIAN_POINT('',(0.429091314611437,-0.0909999999994867,-0.236999999999483));
#1760=CARTESIAN_POINT('Origin',(0.429091314611437,-0.0709999999994863,-0.236999999999483));
#1761=CARTESIAN_POINT('',(0.429091314611437,-0.0909999999994867,0.0130000000005173));
#1762=CARTESIAN_POINT('Origin',(0.429091314611437,-0.0709999999994863,0.0130000000005173));
#1763=CARTESIAN_POINT('',(0.429091314611437,-0.0909999999994867,-0.236999999999483));
#1764=CARTESIAN_POINT('Origin',(0.571091314611437,-0.0909999999994868,-0.236999999999483));
#1765=CARTESIAN_POINT('',(0.571091314611437,-0.0909999999994868,-0.236999999999483));
#1766=CARTESIAN_POINT('',(0.571091314611437,-0.0909999999994868,-0.236999999999483));
#1767=CARTESIAN_POINT('',(0.571091314611437,-0.0909999999994868,0.0130000000005173));
#1768=CARTESIAN_POINT('',(0.571091314611437,-0.0909999999994868,0.0130000000005173));
#1769=CARTESIAN_POINT('',(0.571091314611437,-0.0909999999994868,-0.236999999999483));
#1770=CARTESIAN_POINT('Origin',(0.571091314611437,-0.0709999999994864,-0.236999999999483));
#1771=CARTESIAN_POINT('Origin',(0.571091314611437,-0.0709999999994864,-0.236999999999483));
#1772=CARTESIAN_POINT('Origin',(0.571091314611437,-0.0709999999994864,0.0130000000005173));
#1773=CARTESIAN_POINT('Origin',(0.591091314611438,0.571000000000514,-0.236999999999483));
#1774=CARTESIAN_POINT('',(0.591091314611438,0.571000000000514,-0.236999999999483));
#1775=CARTESIAN_POINT('',(0.591091314611438,0.429000000000513,-0.236999999999483));
#1776=CARTESIAN_POINT('',(0.591091314611438,0.571000000000514,-0.236999999999483));
#1777=CARTESIAN_POINT('',(0.591091314611438,0.429000000000513,0.0130000000005173));
#1778=CARTESIAN_POINT('',(0.591091314611438,0.429000000000513,-0.236999999999483));
#1779=CARTESIAN_POINT('',(0.591091314611438,0.571000000000514,0.0130000000005173));
#1780=CARTESIAN_POINT('',(0.591091314611438,0.571000000000514,0.0130000000005173));
#1781=CARTESIAN_POINT('',(0.591091314611438,0.571000000000514,-0.236999999999483));
#1782=CARTESIAN_POINT('Origin',(0.571091314611437,0.571000000000514,-0.236999999999483));
#1783=CARTESIAN_POINT('',(0.571091314611437,0.591000000000515,-0.236999999999483));
#1784=CARTESIAN_POINT('Origin',(0.571091314611437,0.571000000000514,-0.236999999999483));
#1785=CARTESIAN_POINT('',(0.571091314611437,0.591000000000515,0.0130000000005173));
#1786=CARTESIAN_POINT('Origin',(0.571091314611437,0.571000000000514,0.0130000000005173));
#1787=CARTESIAN_POINT('',(0.571091314611437,0.591000000000515,-0.236999999999483));
#1788=CARTESIAN_POINT('Origin',(0.429091314611437,0.591000000000514,-0.236999999999483));
#1789=CARTESIAN_POINT('',(0.429091314611437,0.591000000000514,-0.236999999999483));
#1790=CARTESIAN_POINT('',(0.429091314611437,0.591000000000514,-0.236999999999483));
#1791=CARTESIAN_POINT('',(0.429091314611437,0.591000000000514,0.0130000000005173));
#1792=CARTESIAN_POINT('',(0.429091314611437,0.591000000000514,0.0130000000005173));
#1793=CARTESIAN_POINT('',(0.429091314611437,0.591000000000514,-0.236999999999483));
#1794=CARTESIAN_POINT('Origin',(0.429091314611437,0.571000000000514,-0.236999999999483));
#1795=CARTESIAN_POINT('',(0.409091314611437,0.571000000000514,-0.236999999999483));
#1796=CARTESIAN_POINT('Origin',(0.429091314611437,0.571000000000514,-0.236999999999483));
#1797=CARTESIAN_POINT('',(0.409091314611437,0.571000000000514,0.0130000000005173));
#1798=CARTESIAN_POINT('Origin',(0.429091314611437,0.571000000000514,0.0130000000005173));
#1799=CARTESIAN_POINT('',(0.409091314611437,0.571000000000514,-0.236999999999483));
#1800=CARTESIAN_POINT('Origin',(0.409091314611437,0.429000000000513,-0.236999999999483));
#1801=CARTESIAN_POINT('',(0.409091314611437,0.429000000000513,-0.236999999999483));
#1802=CARTESIAN_POINT('',(0.409091314611437,0.429000000000513,-0.236999999999483));
#1803=CARTESIAN_POINT('',(0.409091314611437,0.429000000000513,0.0130000000005173));
#1804=CARTESIAN_POINT('',(0.409091314611437,0.429000000000513,0.0130000000005173));
#1805=CARTESIAN_POINT('',(0.409091314611437,0.429000000000513,-0.236999999999483));
#1806=CARTESIAN_POINT('Origin',(0.429091314611437,0.429000000000514,-0.236999999999483));
#1807=CARTESIAN_POINT('',(0.429091314611437,0.409000000000513,-0.236999999999483));
#1808=CARTESIAN_POINT('Origin',(0.429091314611437,0.429000000000514,-0.236999999999483));
#1809=CARTESIAN_POINT('',(0.429091314611437,0.409000000000513,0.0130000000005173));
#1810=CARTESIAN_POINT('Origin',(0.429091314611437,0.429000000000514,0.0130000000005173));
#1811=CARTESIAN_POINT('',(0.429091314611437,0.409000000000513,-0.236999999999483));
#1812=CARTESIAN_POINT('Origin',(0.571091314611437,0.409000000000513,-0.236999999999483));
#1813=CARTESIAN_POINT('',(0.571091314611437,0.409000000000513,-0.236999999999483));
#1814=CARTESIAN_POINT('',(0.571091314611437,0.409000000000513,-0.236999999999483));
#1815=CARTESIAN_POINT('',(0.571091314611437,0.409000000000513,0.0130000000005173));
#1816=CARTESIAN_POINT('',(0.571091314611437,0.409000000000513,0.0130000000005173));
#1817=CARTESIAN_POINT('',(0.571091314611437,0.409000000000513,-0.236999999999483));
#1818=CARTESIAN_POINT('Origin',(0.571091314611437,0.429000000000513,-0.236999999999483));
#1819=CARTESIAN_POINT('Origin',(0.571091314611437,0.429000000000513,-0.236999999999483));
#1820=CARTESIAN_POINT('Origin',(0.571091314611437,0.429000000000513,0.0130000000005173));
#1821=CARTESIAN_POINT('Origin',(0.0910913146114375,0.571000000000514,-0.236999999999483));
#1822=CARTESIAN_POINT('',(0.0910913146114375,0.571000000000514,-0.236999999999483));
#1823=CARTESIAN_POINT('',(0.0910913146114374,0.429000000000513,-0.236999999999483));
#1824=CARTESIAN_POINT('',(0.0910913146114375,0.571000000000514,-0.236999999999483));
#1825=CARTESIAN_POINT('',(0.0910913146114374,0.429000000000513,0.0130000000005173));
#1826=CARTESIAN_POINT('',(0.0910913146114374,0.429000000000513,-0.236999999999483));
#1827=CARTESIAN_POINT('',(0.0910913146114375,0.571000000000514,0.0130000000005173));
#1828=CARTESIAN_POINT('',(0.0910913146114375,0.571000000000514,0.0130000000005173));
#1829=CARTESIAN_POINT('',(0.0910913146114375,0.571000000000514,-0.236999999999483));
#1830=CARTESIAN_POINT('Origin',(0.0710913146114372,0.571000000000514,-0.236999999999483));
#1831=CARTESIAN_POINT('',(0.0710913146114372,0.591000000000515,-0.236999999999483));
#1832=CARTESIAN_POINT('Origin',(0.0710913146114372,0.571000000000514,-0.236999999999483));
#1833=CARTESIAN_POINT('',(0.0710913146114372,0.591000000000515,0.0130000000005173));
#1834=CARTESIAN_POINT('Origin',(0.0710913146114372,0.571000000000514,0.0130000000005173));
#1835=CARTESIAN_POINT('',(0.0710913146114372,0.591000000000515,-0.236999999999483));
#1836=CARTESIAN_POINT('Origin',(-0.0709086853885629,0.591000000000515,-0.236999999999483));
#1837=CARTESIAN_POINT('',(-0.0709086853885629,0.591000000000515,-0.236999999999483));
#1838=CARTESIAN_POINT('',(-0.0709086853885629,0.591000000000515,-0.236999999999483));
#1839=CARTESIAN_POINT('',(-0.0709086853885629,0.591000000000515,0.0130000000005173));
#1840=CARTESIAN_POINT('',(-0.0709086853885629,0.591000000000515,0.0130000000005173));
#1841=CARTESIAN_POINT('',(-0.0709086853885629,0.591000000000515,-0.236999999999483));
#1842=CARTESIAN_POINT('Origin',(-0.0709086853885628,0.571000000000514,-0.236999999999483));
#1843=CARTESIAN_POINT('',(-0.0909086853885632,0.571000000000514,-0.236999999999483));
#1844=CARTESIAN_POINT('Origin',(-0.0709086853885628,0.571000000000514,-0.236999999999483));
#1845=CARTESIAN_POINT('',(-0.0909086853885632,0.571000000000514,0.0130000000005173));
#1846=CARTESIAN_POINT('Origin',(-0.0709086853885628,0.571000000000514,0.0130000000005173));
#1847=CARTESIAN_POINT('',(-0.0909086853885632,0.571000000000514,-0.236999999999483));
#1848=CARTESIAN_POINT('Origin',(-0.0909086853885632,0.429000000000514,-0.236999999999483));
#1849=CARTESIAN_POINT('',(-0.0909086853885632,0.429000000000514,-0.236999999999483));
#1850=CARTESIAN_POINT('',(-0.0909086853885632,0.429000000000514,-0.236999999999483));
#1851=CARTESIAN_POINT('',(-0.0909086853885632,0.429000000000514,0.0130000000005173));
#1852=CARTESIAN_POINT('',(-0.0909086853885632,0.429000000000514,0.0130000000005173));
#1853=CARTESIAN_POINT('',(-0.0909086853885632,0.429000000000514,-0.236999999999483));
#1854=CARTESIAN_POINT('Origin',(-0.0709086853885628,0.429000000000514,-0.236999999999483));
#1855=CARTESIAN_POINT('',(-0.0709086853885629,0.409000000000513,-0.236999999999483));
#1856=CARTESIAN_POINT('Origin',(-0.0709086853885628,0.429000000000514,-0.236999999999483));
#1857=CARTESIAN_POINT('',(-0.0709086853885629,0.409000000000513,0.0130000000005173));
#1858=CARTESIAN_POINT('Origin',(-0.0709086853885628,0.429000000000514,0.0130000000005173));
#1859=CARTESIAN_POINT('',(-0.0709086853885629,0.409000000000513,-0.236999999999483));
#1860=CARTESIAN_POINT('Origin',(0.0710913146114371,0.409000000000513,-0.236999999999483));
#1861=CARTESIAN_POINT('',(0.0710913146114371,0.409000000000513,-0.236999999999483));
#1862=CARTESIAN_POINT('',(0.0710913146114371,0.409000000000513,-0.236999999999483));
#1863=CARTESIAN_POINT('',(0.0710913146114371,0.409000000000513,0.0130000000005173));
#1864=CARTESIAN_POINT('',(0.0710913146114371,0.409000000000513,0.0130000000005173));
#1865=CARTESIAN_POINT('',(0.0710913146114371,0.409000000000513,-0.236999999999483));
#1866=CARTESIAN_POINT('Origin',(0.071091314611437,0.429000000000513,-0.236999999999483));
#1867=CARTESIAN_POINT('Origin',(0.071091314611437,0.429000000000513,-0.236999999999483));
#1868=CARTESIAN_POINT('Origin',(0.071091314611437,0.429000000000513,0.0130000000005173));
#1869=CARTESIAN_POINT('Origin',(0.321091314611437,0.159000000000514,-0.236999999999483));
#1870=CARTESIAN_POINT('',(0.321091314611437,0.159000000000514,-0.236999999999483));
#1871=CARTESIAN_POINT('',(0.179091314611437,0.159000000000514,-0.236999999999483));
#1872=CARTESIAN_POINT('',(0.321091314611437,0.159000000000514,-0.236999999999483));
#1873=CARTESIAN_POINT('',(0.179091314611437,0.159000000000514,0.0130000000005173));
#1874=CARTESIAN_POINT('',(0.179091314611437,0.159000000000514,-0.236999999999483));
#1875=CARTESIAN_POINT('',(0.321091314611437,0.159000000000514,0.0130000000005173));
#1876=CARTESIAN_POINT('',(0.321091314611437,0.159000000000514,0.0130000000005173));
#1877=CARTESIAN_POINT('',(0.321091314611437,0.159000000000514,-0.236999999999483));
#1878=CARTESIAN_POINT('Origin',(0.321091314611437,0.179000000000514,-0.236999999999483));
#1879=CARTESIAN_POINT('',(0.341091314611437,0.179000000000514,-0.236999999999483));
#1880=CARTESIAN_POINT('Origin',(0.321091314611437,0.179000000000514,-0.236999999999483));
#1881=CARTESIAN_POINT('',(0.341091314611437,0.179000000000514,0.0130000000005173));
#1882=CARTESIAN_POINT('Origin',(0.321091314611437,0.179000000000514,0.0130000000005173));
#1883=CARTESIAN_POINT('',(0.341091314611437,0.179000000000514,-0.236999999999483));
#1884=CARTESIAN_POINT('Origin',(0.341091314611437,0.321000000000514,-0.236999999999483));
#1885=CARTESIAN_POINT('',(0.341091314611437,0.321000000000514,-0.236999999999483));
#1886=CARTESIAN_POINT('',(0.341091314611437,0.321000000000514,-0.236999999999483));
#1887=CARTESIAN_POINT('',(0.341091314611437,0.321000000000514,0.0130000000005173));
#1888=CARTESIAN_POINT('',(0.341091314611437,0.321000000000514,0.0130000000005173));
#1889=CARTESIAN_POINT('',(0.341091314611437,0.321000000000514,-0.236999999999483));
#1890=CARTESIAN_POINT('Origin',(0.321091314611437,0.321000000000514,-0.236999999999483));
#1891=CARTESIAN_POINT('',(0.321091314611437,0.341000000000514,-0.236999999999483));
#1892=CARTESIAN_POINT('Origin',(0.321091314611437,0.321000000000514,-0.236999999999483));
#1893=CARTESIAN_POINT('',(0.321091314611437,0.341000000000514,0.0130000000005173));
#1894=CARTESIAN_POINT('Origin',(0.321091314611437,0.321000000000514,0.0130000000005173));
#1895=CARTESIAN_POINT('',(0.321091314611437,0.341000000000514,-0.236999999999483));
#1896=CARTESIAN_POINT('Origin',(0.179091314611437,0.341000000000514,-0.236999999999483));
#1897=CARTESIAN_POINT('',(0.179091314611437,0.341000000000514,-0.236999999999483));
#1898=CARTESIAN_POINT('',(0.179091314611437,0.341000000000514,-0.236999999999483));
#1899=CARTESIAN_POINT('',(0.179091314611437,0.341000000000514,0.0130000000005173));
#1900=CARTESIAN_POINT('',(0.179091314611437,0.341000000000514,0.0130000000005173));
#1901=CARTESIAN_POINT('',(0.179091314611437,0.341000000000514,-0.236999999999483));
#1902=CARTESIAN_POINT('Origin',(0.179091314611437,0.321000000000514,-0.236999999999483));
#1903=CARTESIAN_POINT('',(0.159091314611437,0.321000000000514,-0.236999999999483));
#1904=CARTESIAN_POINT('Origin',(0.179091314611437,0.321000000000514,-0.236999999999483));
#1905=CARTESIAN_POINT('',(0.159091314611437,0.321000000000514,0.0130000000005173));
#1906=CARTESIAN_POINT('Origin',(0.179091314611437,0.321000000000514,0.0130000000005173));
#1907=CARTESIAN_POINT('',(0.159091314611437,0.321000000000514,-0.236999999999483));
#1908=CARTESIAN_POINT('Origin',(0.159091314611437,0.179000000000514,-0.236999999999483));
#1909=CARTESIAN_POINT('',(0.159091314611437,0.179000000000514,-0.236999999999483));
#1910=CARTESIAN_POINT('',(0.159091314611437,0.179000000000514,-0.236999999999483));
#1911=CARTESIAN_POINT('',(0.159091314611437,0.179000000000514,0.0130000000005173));
#1912=CARTESIAN_POINT('',(0.159091314611437,0.179000000000514,0.0130000000005173));
#1913=CARTESIAN_POINT('',(0.159091314611437,0.179000000000514,-0.236999999999483));
#1914=CARTESIAN_POINT('Origin',(0.179091314611437,0.179000000000514,-0.236999999999483));
#1915=CARTESIAN_POINT('Origin',(0.179091314611437,0.179000000000514,-0.236999999999483));
#1916=CARTESIAN_POINT('Origin',(0.179091314611437,0.179000000000514,0.0130000000005173));
#1917=CARTESIAN_POINT('Origin',(0.0910913146114363,0.0710000000005131,-0.236999999999483));
#1918=CARTESIAN_POINT('',(0.0910913146114363,0.0710000000005131,-0.236999999999483));
#1919=CARTESIAN_POINT('',(0.0910913146114374,-0.0709999999994863,-0.236999999999483));
#1920=CARTESIAN_POINT('',(0.0910913146114363,0.0710000000005131,-0.236999999999483));
#1921=CARTESIAN_POINT('',(0.0910913146114374,-0.0709999999994863,0.0130000000005173));
#1922=CARTESIAN_POINT('',(0.0910913146114374,-0.0709999999994863,-0.236999999999483));
#1923=CARTESIAN_POINT('',(0.0910913146114363,0.0710000000005131,0.0130000000005173));
#1924=CARTESIAN_POINT('',(0.0910913146114363,0.0710000000005131,0.0130000000005173));
#1925=CARTESIAN_POINT('',(0.0910913146114363,0.0710000000005131,-0.236999999999483));
#1926=CARTESIAN_POINT('Origin',(0.0710913146114371,0.0710000000005131,-0.236999999999483));
#1927=CARTESIAN_POINT('',(0.0710913146114371,0.0910000000005123,-0.236999999999483));
#1928=CARTESIAN_POINT('Origin',(0.0710913146114371,0.0710000000005131,-0.236999999999483));
#1929=CARTESIAN_POINT('',(0.0710913146114371,0.0910000000005123,0.0130000000005173));
#1930=CARTESIAN_POINT('Origin',(0.0710913146114371,0.0710000000005131,0.0130000000005173));
#1931=CARTESIAN_POINT('',(0.0710913146114371,0.0910000000005123,-0.236999999999483));
#1932=CARTESIAN_POINT('Origin',(-0.0709086853885629,0.0910000000005124,
-0.236999999999483));
#1933=CARTESIAN_POINT('',(-0.0709086853885629,0.0910000000005124,-0.236999999999483));
#1934=CARTESIAN_POINT('',(-0.0709086853885629,0.0910000000005124,-0.236999999999483));
#1935=CARTESIAN_POINT('',(-0.0709086853885629,0.0910000000005124,0.0130000000005173));
#1936=CARTESIAN_POINT('',(-0.0709086853885629,0.0910000000005124,0.0130000000005173));
#1937=CARTESIAN_POINT('',(-0.0709086853885629,0.0910000000005124,-0.236999999999483));
#1938=CARTESIAN_POINT('Origin',(-0.0709086853885629,0.0710000000005131,
-0.236999999999483));
#1939=CARTESIAN_POINT('',(-0.0909086853885621,0.0710000000005131,-0.236999999999483));
#1940=CARTESIAN_POINT('Origin',(-0.0709086853885629,0.0710000000005131,
-0.236999999999483));
#1941=CARTESIAN_POINT('',(-0.0909086853885621,0.0710000000005131,0.0130000000005173));
#1942=CARTESIAN_POINT('Origin',(-0.0709086853885629,0.0710000000005131,
0.0130000000005173));
#1943=CARTESIAN_POINT('',(-0.0909086853885621,0.0710000000005131,-0.236999999999483));
#1944=CARTESIAN_POINT('Origin',(-0.0909086853885632,-0.0709999999994863,
-0.236999999999483));
#1945=CARTESIAN_POINT('',(-0.0909086853885632,-0.0709999999994863,-0.236999999999483));
#1946=CARTESIAN_POINT('',(-0.0909086853885632,-0.0709999999994863,-0.236999999999483));
#1947=CARTESIAN_POINT('',(-0.0909086853885632,-0.0709999999994863,0.0130000000005173));
#1948=CARTESIAN_POINT('',(-0.0909086853885632,-0.0709999999994863,0.0130000000005173));
#1949=CARTESIAN_POINT('',(-0.0909086853885632,-0.0709999999994863,-0.236999999999483));
#1950=CARTESIAN_POINT('Origin',(-0.0709086853885629,-0.0709999999994863,
-0.236999999999483));
#1951=CARTESIAN_POINT('',(-0.0709086853885631,-0.0909999999994866,-0.236999999999483));
#1952=CARTESIAN_POINT('Origin',(-0.0709086853885629,-0.0709999999994863,
-0.236999999999483));
#1953=CARTESIAN_POINT('',(-0.0709086853885631,-0.0909999999994866,0.0130000000005173));
#1954=CARTESIAN_POINT('Origin',(-0.0709086853885629,-0.0709999999994863,
0.0130000000005173));
#1955=CARTESIAN_POINT('',(-0.0709086853885631,-0.0909999999994866,-0.236999999999483));
#1956=CARTESIAN_POINT('Origin',(0.0710913146114371,-0.0909999999994866,
-0.236999999999483));
#1957=CARTESIAN_POINT('',(0.0710913146114371,-0.0909999999994866,-0.236999999999483));
#1958=CARTESIAN_POINT('',(0.0710913146114371,-0.0909999999994866,-0.236999999999483));
#1959=CARTESIAN_POINT('',(0.0710913146114371,-0.0909999999994866,0.0130000000005173));
#1960=CARTESIAN_POINT('',(0.0710913146114371,-0.0909999999994866,0.0130000000005173));
#1961=CARTESIAN_POINT('',(0.0710913146114371,-0.0909999999994866,-0.236999999999483));
#1962=CARTESIAN_POINT('Origin',(0.0710913146114371,-0.0709999999994863,
-0.236999999999483));
#1963=CARTESIAN_POINT('Origin',(0.0710913146114371,-0.0709999999994863,
-0.236999999999483));
#1964=CARTESIAN_POINT('Origin',(0.0710913146114371,-0.0709999999994863,
0.0130000000005173));
#1965=CARTESIAN_POINT('Origin',(-0.0549086853869635,0.829000000000513,-0.236999999999483));
#1966=CARTESIAN_POINT('',(-0.0549086853869634,0.929000000000513,-0.236999999999483));
#1967=CARTESIAN_POINT('',(-0.154908685386963,0.829000000000513,-0.236999999999483));
#1968=CARTESIAN_POINT('Origin',(-0.0549086853869635,0.829000000000513,-0.236999999999483));
#1969=CARTESIAN_POINT('',(-0.154908685386963,0.829000000000513,0.0130000000005173));
#1970=CARTESIAN_POINT('',(-0.154908685386963,0.829000000000513,-0.236999999999483));
#1971=CARTESIAN_POINT('',(-0.0549086853869634,0.929000000000513,0.0130000000005173));
#1972=CARTESIAN_POINT('Origin',(-0.0549086853869635,0.829000000000513,0.0130000000005173));
#1973=CARTESIAN_POINT('',(-0.0549086853869634,0.929000000000513,-0.236999999999483));
#1974=CARTESIAN_POINT('Origin',(0.555091314613037,0.929000000000513,-0.236999999999483));
#1975=CARTESIAN_POINT('',(0.555091314613037,0.929000000000513,-0.236999999999483));
#1976=CARTESIAN_POINT('',(-0.0549086853869634,0.929000000000513,-0.236999999999483));
#1977=CARTESIAN_POINT('',(0.555091314613037,0.929000000000513,0.0130000000005173));
#1978=CARTESIAN_POINT('',(-0.0549086853869634,0.929000000000513,0.0130000000005173));
#1979=CARTESIAN_POINT('',(0.555091314613037,0.929000000000513,-0.236999999999483));
#1980=CARTESIAN_POINT('Origin',(0.555091314613037,0.829000000000513,-0.236999999999483));
#1981=CARTESIAN_POINT('',(0.655091314613037,0.829000000000513,-0.236999999999483));
#1982=CARTESIAN_POINT('Origin',(0.555091314613037,0.829000000000513,-0.236999999999483));
#1983=CARTESIAN_POINT('',(0.655091314613037,0.829000000000513,0.0130000000005173));
#1984=CARTESIAN_POINT('Origin',(0.555091314613037,0.829000000000513,0.0130000000005173));
#1985=CARTESIAN_POINT('',(0.655091314613037,0.829000000000513,-0.236999999999483));
#1986=CARTESIAN_POINT('Origin',(0.655091314613037,-0.770999999999487,-0.236999999999483));
#1987=CARTESIAN_POINT('',(0.655091314613037,-0.770999999999487,-0.236999999999483));
#1988=CARTESIAN_POINT('',(0.655091314613037,0.829000000000513,-0.236999999999483));
#1989=CARTESIAN_POINT('',(0.655091314613037,-0.770999999999487,0.0130000000005173));
#1990=CARTESIAN_POINT('',(0.655091314613037,0.829000000000513,0.0130000000005173));
#1991=CARTESIAN_POINT('',(0.655091314613037,-0.770999999999487,-0.236999999999483));
#1992=CARTESIAN_POINT('Origin',(0.555091314613037,-0.770999999999487,-0.236999999999483));
#1993=CARTESIAN_POINT('',(0.555091314613037,-0.870999999999487,-0.236999999999483));
#1994=CARTESIAN_POINT('Origin',(0.555091314613037,-0.770999999999487,-0.236999999999483));
#1995=CARTESIAN_POINT('',(0.555091314613037,-0.870999999999487,0.0130000000005173));
#1996=CARTESIAN_POINT('Origin',(0.555091314613037,-0.770999999999487,0.0130000000005173));
#1997=CARTESIAN_POINT('',(0.555091314613037,-0.870999999999487,-0.236999999999483));
#1998=CARTESIAN_POINT('Origin',(-0.0549086853869634,-0.870999999999487,
-0.236999999999483));
#1999=CARTESIAN_POINT('',(-0.0549086853869634,-0.870999999999487,-0.236999999999483));
#2000=CARTESIAN_POINT('',(0.555091314613037,-0.870999999999487,-0.236999999999483));
#2001=CARTESIAN_POINT('',(-0.0549086853869634,-0.870999999999487,0.0130000000005173));
#2002=CARTESIAN_POINT('',(0.555091314613037,-0.870999999999487,0.0130000000005173));
#2003=CARTESIAN_POINT('',(-0.0549086853869634,-0.870999999999487,-0.236999999999483));
#2004=CARTESIAN_POINT('Origin',(-0.0549086853869635,-0.770999999999487,
-0.236999999999483));
#2005=CARTESIAN_POINT('',(-0.154908685386963,-0.770999999999487,-0.236999999999483));
#2006=CARTESIAN_POINT('Origin',(-0.0549086853869635,-0.770999999999487,
-0.236999999999483));
#2007=CARTESIAN_POINT('',(-0.154908685386963,-0.770999999999487,0.0130000000005173));
#2008=CARTESIAN_POINT('Origin',(-0.0549086853869635,-0.770999999999487,
0.0130000000005173));
#2009=CARTESIAN_POINT('',(-0.154908685386963,-0.770999999999487,-0.236999999999483));
#2010=CARTESIAN_POINT('Origin',(-0.154908685386963,0.829000000000513,-0.236999999999483));
#2011=CARTESIAN_POINT('',(-0.154908685386963,-0.770999999999487,-0.236999999999483));
#2012=CARTESIAN_POINT('',(-0.154908685386963,-0.770999999999487,0.0130000000005173));
#2013=CARTESIAN_POINT('Origin',(0.250091314613037,0.0290000000005133,0.0130000000005173));
#2014=CARTESIAN_POINT('Origin',(0.250091314613037,0.0290000000005133,-0.236999999999483));
#2015=UNCERTAINTY_MEASURE_WITH_UNIT(LENGTH_MEASURE(0.000393700787401575),
#2020,'DISTANCE_ACCURACY_VALUE',
'Maximum model space distance between geometric entities at asserted c
onnectivities');
#2016=UNCERTAINTY_MEASURE_WITH_UNIT(LENGTH_MEASURE(0.000393700787401575),
#2020,'DISTANCE_ACCURACY_VALUE',
'Maximum model space distance between geometric entities at asserted c
onnectivities');
#2017=(
GEOMETRIC_REPRESENTATION_CONTEXT(3)
GLOBAL_UNCERTAINTY_ASSIGNED_CONTEXT((#2015))
GLOBAL_UNIT_ASSIGNED_CONTEXT((#2020,#2024,#2025))
REPRESENTATION_CONTEXT('','3D')
);
#2018=(
GEOMETRIC_REPRESENTATION_CONTEXT(3)
GLOBAL_UNCERTAINTY_ASSIGNED_CONTEXT((#2016))
GLOBAL_UNIT_ASSIGNED_CONTEXT((#2020,#2024,#2025))
REPRESENTATION_CONTEXT('','3D')
);
#2019=DIMENSIONAL_EXPONENTS(1.,0.,0.,0.,0.,0.,0.);
#2020=(
CONVERSION_BASED_UNIT('inch',#2023)
LENGTH_UNIT()
NAMED_UNIT(#2019)
);
#2021=(
LENGTH_UNIT()
NAMED_UNIT(*)
SI_UNIT(.MILLI.,.METRE.)
);
#2022=(
LENGTH_UNIT()
NAMED_UNIT(*)
SI_UNIT($,.METRE.)
);
#2023=LENGTH_MEASURE_WITH_UNIT(LENGTH_MEASURE(25.4),#2021);
#2024=(
NAMED_UNIT(*)
PLANE_ANGLE_UNIT()
SI_UNIT($,.RADIAN.)
);
#2025=(
NAMED_UNIT(*)
SI_UNIT($,.STERADIAN.)
SOLID_ANGLE_UNIT()
);
#2026=SHAPE_DEFINITION_REPRESENTATION(#2027,#2028);
#2027=PRODUCT_DEFINITION_SHAPE('',$,#2030);
#2028=SHAPE_REPRESENTATION('',(#1203),#2017);
#2029=PRODUCT_DEFINITION_CONTEXT('part definition',#2034,'design');
#2030=PRODUCT_DEFINITION('C-ChannelExtension','C-ChannelExtension v4',#2031,
#2029);
#2031=PRODUCT_DEFINITION_FORMATION('',$,#2036);
#2032=PRODUCT_RELATED_PRODUCT_CATEGORY('C-ChannelExtension v4',
'C-ChannelExtension v4',(#2036));
#2033=APPLICATION_PROTOCOL_DEFINITION('international standard',
'automotive_design',2009,#2034);
#2034=APPLICATION_CONTEXT(
'Core Data for Automotive Mechanical Design Process');
#2035=PRODUCT_CONTEXT('part definition',#2034,'mechanical');
#2036=PRODUCT('C-ChannelExtension','C-ChannelExtension v4',$,(#2035));
#2037=PRESENTATION_STYLE_ASSIGNMENT((#2039));
#2038=PRESENTATION_STYLE_ASSIGNMENT((#2040));
#2039=SURFACE_STYLE_USAGE(.BOTH.,#2041);
#2040=SURFACE_STYLE_USAGE(.BOTH.,#2042);
#2041=SURFACE_SIDE_STYLE('',(#2043));
#2042=SURFACE_SIDE_STYLE('',(#2044));
#2043=SURFACE_STYLE_FILL_AREA(#2045);
#2044=SURFACE_STYLE_FILL_AREA(#2046);
#2045=FILL_AREA_STYLE('Steel - Satin',(#2047));
#2046=FILL_AREA_STYLE('Nylon 12 (with Formlabs Fuse 1 3D Printer)',(#2048));
#2047=FILL_AREA_STYLE_COLOUR('Steel - Satin',#2049);
#2048=FILL_AREA_STYLE_COLOUR(
'Nylon 12 (with Formlabs Fuse 1 3D Printer)',#2050);
#2049=COLOUR_RGB('Steel - Satin',0.627450980392157,0.627450980392157,0.627450980392157);
#2050=COLOUR_RGB('Nylon 12 (with Formlabs Fuse 1 3D Printer)',0.247058823529412,
0.247058823529412,0.247058823529412);
ENDSEC;
END-ISO-10303-21;
