ISO-10303-21;
HEADER;
/* Generated by software containing ST-Developer
 * from STEP Tools, Inc. (www.steptools.com) 
 */

FILE_DESCRIPTION(
/* description */ (''),
/* implementation_level */ '2;1');

FILE_NAME(
/* name */ 'CableHolder.step',
/* time_stamp */ '2026-07-10T21:38:28-04:00',
/* author */ (''),
/* organization */ (''),
/* preprocessor_version */ 'ST-DEVELOPER v20.1',
/* originating_system */ 'Autodesk Translation Framework v15.8.0.0',
/* authorisation */ '');

FILE_SCHEMA (('AUTOMOTIVE_DESIGN { 1 0 10303 214 3 1 1 }'));
ENDSEC;

DATA;
#10=MECHANICAL_DESIGN_GEOMETRIC_PRESENTATION_REPRESENTATION('',(#47,#48,
#49),#2545);
#11=SHAPE_REPRESENTATION_RELATIONSHIP('SRR','None',#2555,#12);
#12=ADVANCED_BREP_SHAPE_REPRESENTATION('',(#50,#51,#52),#2544);
#13=CONICAL_SURFACE('',#1368,0.478445799772314,0.19995759672912);
#14=CONICAL_SURFACE('',#1371,0.429937085342042,0.185347949995695);
#15=CONICAL_SURFACE('',#1373,0.640902567297406,0.185347949995695);
#16=CONICAL_SURFACE('',#1407,0.640902567297406,0.185347949995695);
#17=CONICAL_SURFACE('',#1410,0.429937085342042,0.185347949995695);
#18=CONICAL_SURFACE('',#1413,0.478445799772314,0.19995759672912);
#19=B_SPLINE_CURVE_WITH_KNOTS('',3,(#1922,#1923,#1924,#1925,#1926,#1927,
#1928),.UNSPECIFIED.,.F.,.F.,(4,3,4),(2.58834517111913E-12,0.500000053792505,
1.00000010758432),.UNSPECIFIED.);
#20=B_SPLINE_CURVE_WITH_KNOTS('',3,(#1930,#1931,#1932,#1933),
 .UNSPECIFIED.,.F.,.F.,(4,4),(0.789960321299369,1.36075151668752),
 .UNSPECIFIED.);
#21=B_SPLINE_CURVE_WITH_KNOTS('',3,(#1935,#1936,#1937,#1938,#1939,#1940,
#1941,#1942,#1943,#1944,#1945,#1946,#1947,#1948,#1949,#1950,#1951,#1952,
#1953,#1954,#1955,#1956,#1957,#1958,#1959,#1960,#1961,#1962),
 .UNSPECIFIED.,.F.,.F.,(4,3,3,3,3,3,3,3,3,4),(0.,0.0217664404641146,0.0257937818328293,
0.04726707936912,0.0493656064297563,0.0513109083144339,0.0728245994944048,
0.0747779369826219,0.0960541769680977,0.0981325847704329),.UNSPECIFIED.);
#22=B_SPLINE_CURVE_WITH_KNOTS('',3,(#1963,#1964,#1965,#1966),
 .UNSPECIFIED.,.F.,.F.,(4,4),(-1.34788165632556,-0.789496458544854),
 .UNSPECIFIED.);
#23=B_SPLINE_CURVE_WITH_KNOTS('',3,(#1988,#1989,#1990,#1991),
 .UNSPECIFIED.,.F.,.F.,(4,4),(-0.788168808943233,-0.052768295581639),
 .UNSPECIFIED.);
#24=B_SPLINE_CURVE_WITH_KNOTS('',3,(#1993,#1994,#1995,#1996,#1997,#1998,
#1999,#2000,#2001,#2002,#2003,#2004,#2005,#2006,#2007,#2008,#2009,#2010,
#2011,#2012,#2013,#2014,#2015,#2016,#2017,#2018,#2019,#2020),
 .UNSPECIFIED.,.F.,.F.,(4,3,3,3,3,3,3,3,3,4),(0.,0.0212844757467412,0.0244180447364249,
0.0459067397385153,0.0483783332136827,0.0491020716852538,0.0705680180393236,
0.0742435476900355,0.0959078220184787,0.0972256816290427),.UNSPECIFIED.);
#25=B_SPLINE_CURVE_WITH_KNOTS('',3,(#2021,#2022,#2023,#2024),
 .UNSPECIFIED.,.F.,.F.,(4,4),(0.064675236898637,0.787704976334138),
 .UNSPECIFIED.);
#26=B_SPLINE_CURVE_WITH_KNOTS('',3,(#2029,#2030,#2031,#2032),
 .UNSPECIFIED.,.F.,.F.,(4,4),(0.0646081234305399,1.35677598290872),
 .UNSPECIFIED.);
#27=B_SPLINE_CURVE_WITH_KNOTS('',3,(#2055,#2056,#2057,#2058,#2059,#2060,
#2061,#2062,#2063,#2064,#2065,#2066,#2067,#2068,#2069,#2070,#2071,#2072,
#2073,#2074,#2075,#2076,#2077,#2078,#2079),.UNSPECIFIED.,.F.,.F.,(4,3,3,
3,3,3,3,3,4),(0.,0.0212519646067221,0.0244030617762084,0.045967077596247,
0.0489958634804127,0.0587407439369799,0.0740189649293088,0.0886001175582041,
0.103204754218434),.UNSPECIFIED.);
#28=B_SPLINE_CURVE_WITH_KNOTS('',3,(#2081,#2082,#2083,#2084,#2085,#2086,
#2087,#2088,#2089,#2090,#2091,#2092,#2093,#2094,#2095,#2096,#2097,#2098,
#2099,#2100,#2101,#2102,#2103,#2104,#2105),.UNSPECIFIED.,.F.,.F.,(4,3,3,
3,3,3,3,3,4),(0.,0.0217096686454044,0.0256514282574254,0.0447245943323735,
0.0510671666252733,0.0726523643891371,0.0760251932616053,0.0898522637740773,
0.103662327526833),.UNSPECIFIED.);
#29=B_SPLINE_CURVE_WITH_KNOTS('',3,(#2106,#2107,#2108,#2109),
 .UNSPECIFIED.,.F.,.F.,(4,4),(-1.34486934188014,-0.0527015853572791),
 .UNSPECIFIED.);
#30=B_SPLINE_CURVE_WITH_KNOTS('',3,(#2243,#2244,#2245,#2246,#2247,#2248,
#2249,#2250,#2251,#2252,#2253,#2254,#2255,#2256,#2257,#2258,#2259,#2260,
#2261,#2262,#2263,#2264,#2265,#2266,#2267),.UNSPECIFIED.,.F.,.F.,(4,3,3,
3,3,3,3,3,4),(0.,0.0212552087421728,0.0244025259780333,0.045966117915854,
0.0489898183707173,0.058961686780014,0.0740054675460582,0.0887876060801851,
0.103594235325608),.UNSPECIFIED.);
#31=B_SPLINE_CURVE_WITH_KNOTS('',3,(#2269,#2270,#2271,#2272),
 .UNSPECIFIED.,.F.,.F.,(4,4),(0.0527528580481864,1.34492071752638),
 .UNSPECIFIED.);
#32=B_SPLINE_CURVE_WITH_KNOTS('',3,(#2274,#2275,#2276,#2277,#2278,#2279,
#2280,#2281,#2282,#2283,#2284,#2285,#2286,#2287,#2288,#2289,#2290,#2291,
#2292,#2293,#2294,#2295,#2296,#2297,#2298),.UNSPECIFIED.,.F.,.F.,(4,3,3,
3,3,3,3,3,4),(0.,0.0217119859518285,0.0256511030771708,0.044555593267074,
0.0510666091707486,0.072650233665037,0.0760245835040133,0.0896570571220137,
0.103272674596652),.UNSPECIFIED.);
#33=B_SPLINE_CURVE_WITH_KNOTS('',3,(#2299,#2300,#2301,#2302),
 .UNSPECIFIED.,.F.,.F.,(4,4),(-1.35682725559965,-0.0646594990768003),
 .UNSPECIFIED.);
#34=B_SPLINE_CURVE_WITH_KNOTS('',3,(#2307,#2308,#2309,#2310),
 .UNSPECIFIED.,.F.,.F.,(4,4),(0.621865355778894,1.34489514484123),
 .UNSPECIFIED.);
#35=B_SPLINE_CURVE_WITH_KNOTS('',3,(#2312,#2313,#2314,#2315),
 .UNSPECIFIED.,.F.,.F.,(4,4),(0.0519239787232611,0.622715124484187),
 .UNSPECIFIED.);
#36=B_SPLINE_CURVE_WITH_KNOTS('',3,(#2338,#2339,#2340,#2341,#2342,#2343,
#2344),.UNSPECIFIED.,.F.,.F.,(4,3,4),(3.89059448142608E-13,0.500000053792805,
1.00000010758432),.UNSPECIFIED.);
#37=B_SPLINE_CURVE_WITH_KNOTS('',3,(#2346,#2347,#2348,#2349,#2350,#2351,
#2352,#2353,#2354,#2355,#2356,#2357,#2358,#2359,#2360,#2361,#2362,#2363,
#2364,#2365,#2366,#2367,#2368,#2369,#2370,#2371,#2372,#2373),
 .UNSPECIFIED.,.F.,.F.,(4,3,3,3,3,3,3,3,3,4),(0.,0.0217095472072727,0.0256523109090884,
0.0471150256897741,0.048904249765928,0.0510686657893125,0.0725645378598351,
0.074227998869619,0.0955094620200165,0.0972918128374942),.UNSPECIFIED.);
#38=B_SPLINE_CURVE_WITH_KNOTS('',3,(#2374,#2375,#2376,#2377),
 .UNSPECIFIED.,.F.,.F.,(4,4),(-1.35680208615824,-0.621401493024852),
 .UNSPECIFIED.);
#39=B_SPLINE_CURVE_WITH_KNOTS('',3,(#2399,#2400,#2401,#2402),
 .UNSPECIFIED.,.F.,.F.,(4,4),(-0.623178950874114,-0.064793839085214),
 .UNSPECIFIED.);
#40=B_SPLINE_CURVE_WITH_KNOTS('',3,(#2403,#2404,#2405,#2406,#2407,#2408,
#2409,#2410,#2411,#2412,#2413,#2414,#2415,#2416,#2417,#2418,#2419,#2420,
#2421,#2422,#2423,#2424,#2425,#2426,#2427,#2428,#2429,#2430),
 .UNSPECIFIED.,.F.,.F.,(4,3,3,3,3,3,3,3,3,4),(0.,0.0212781444221868,0.0243517870025607,
0.0458510144551457,0.0487461921858026,0.049002112262453,0.0704538801000894,
0.0741816034839754,0.0959142466149957,0.0980534902693087),.UNSPECIFIED.);
#41=B_SPLINE_SURFACE_WITH_KNOTS('',3,3,((#1900,#1901,#1902,#1903),(#1904,
#1905,#1906,#1907),(#1908,#1909,#1910,#1911),(#1912,#1913,#1914,#1915),
(#1916,#1917,#1918,#1919)),.UNSPECIFIED.,.F.,.F.,.F.,(4,1,4),(4,4),(0.,
0.5,1.),(0.789496458544854,1.36075151668752),.UNSPECIFIED.);
#42=B_SPLINE_SURFACE_WITH_KNOTS('',3,3,((#1967,#1968,#1969,#1970),(#1971,
#1972,#1973,#1974),(#1975,#1976,#1977,#1978),(#1979,#1980,#1981,#1982),
(#1983,#1984,#1985,#1986)),.UNSPECIFIED.,.F.,.F.,.F.,(4,1,4),(4,4),(0.,
0.5,1.),(0.052768295581639,0.788299528206494),.UNSPECIFIED.);
#43=B_SPLINE_SURFACE_WITH_KNOTS('',3,3,((#2034,#2035,#2036,#2037),(#2038,
#2039,#2040,#2041),(#2042,#2043,#2044,#2045),(#2046,#2047,#2048,#2049),
(#2050,#2051,#2052,#2053)),.UNSPECIFIED.,.F.,.F.,.F.,(4,1,4),(4,4),(0.,
0.571428571428571,1.),(0.0526450382273859,1.35677598290872),
 .UNSPECIFIED.);
#44=B_SPLINE_SURFACE_WITH_KNOTS('',3,3,((#2221,#2222,#2223,#2224),(#2225,
#2226,#2227,#2228),(#2229,#2230,#2231,#2232),(#2233,#2234,#2235,#2236),
(#2237,#2238,#2239,#2240)),.UNSPECIFIED.,.F.,.F.,.F.,(4,1,4),(4,4),(0.,
0.571428571428571,1.),(0.0527528580481864,1.35685878517357),
 .UNSPECIFIED.);
#45=B_SPLINE_SURFACE_WITH_KNOTS('',3,3,((#2317,#2318,#2319,#2320),(#2321,
#2322,#2323,#2324),(#2325,#2326,#2327,#2328),(#2329,#2330,#2331,#2332),
(#2333,#2334,#2335,#2336)),.UNSPECIFIED.,.F.,.F.,.F.,(4,1,4),(4,4),(0.,
0.5,1.),(0.621401493024852,1.35680208615824),.UNSPECIFIED.);
#46=B_SPLINE_SURFACE_WITH_KNOTS('',3,3,((#2378,#2379,#2380,#2381),(#2382,
#2383,#2384,#2385),(#2386,#2387,#2388,#2389),(#2390,#2391,#2392,#2393),
(#2394,#2395,#2396,#2397)),.UNSPECIFIED.,.F.,.F.,.F.,(4,1,4),(4,4),(0.,
0.5,1.),(0.0519239787232611,0.623309613731494),.UNSPECIFIED.);
#47=STYLED_ITEM('',(#2565),#50);
#48=STYLED_ITEM('',(#2565),#51);
#49=STYLED_ITEM('',(#2565),#52);
#50=MANIFOLD_SOLID_BREP('CableHolderClose',#1319);
#51=MANIFOLD_SOLID_BREP('CableHolderFar',#1320);
#52=MANIFOLD_SOLID_BREP('CableHolderFar2',#1321);
#53=FACE_BOUND('',#203,.T.);
#54=FACE_BOUND('',#211,.T.);
#55=FACE_BOUND('',#230,.T.);
#56=FACE_BOUND('',#237,.T.);
#57=FACE_BOUND('',#257,.T.);
#58=FACE_BOUND('',#264,.T.);
#59=CIRCLE('',#1337,0.0775);
#60=CIRCLE('',#1338,0.0775);
#61=CIRCLE('',#1341,0.125);
#62=CIRCLE('',#1342,0.125);
#63=CIRCLE('',#1343,0.0999999999999998);
#64=CIRCLE('',#1344,0.25);
#65=CIRCLE('',#1348,0.0825);
#66=CIRCLE('',#1349,0.0825);
#67=CIRCLE('',#1352,0.0999999999999998);
#68=CIRCLE('',#1355,0.125);
#69=CIRCLE('',#1358,0.125);
#70=CIRCLE('',#1364,0.25);
#71=CIRCLE('',#1369,0.500277567297406);
#72=CIRCLE('',#1370,0.456614032247221);
#73=CIRCLE('',#1372,0.403260138436862);
#74=CIRCLE('',#1374,0.594027567297406);
#75=CIRCLE('',#1375,0.687777567297406);
#76=CIRCLE('',#1379,0.75);
#77=CIRCLE('',#1380,0.1);
#78=CIRCLE('',#1381,0.0999999999999998);
#79=CIRCLE('',#1382,0.0999999999999993);
#80=CIRCLE('',#1383,0.25);
#81=CIRCLE('',#1385,0.1);
#82=CIRCLE('',#1388,0.0825);
#83=CIRCLE('',#1389,0.0825);
#84=CIRCLE('',#1391,0.25);
#85=CIRCLE('',#1397,0.75);
#86=CIRCLE('',#1399,0.0999999999999998);
#87=CIRCLE('',#1402,0.0999999999999993);
#88=CIRCLE('',#1408,0.687777567297406);
#89=CIRCLE('',#1409,0.594027567297406);
#90=CIRCLE('',#1411,0.403260138436863);
#91=CIRCLE('',#1412,0.456614032247221);
#92=CIRCLE('',#1414,0.500277567297406);
#93=CIRCLE('',#1418,0.75);
#94=CIRCLE('',#1419,0.1);
#95=CIRCLE('',#1420,0.0999999999999998);
#96=CIRCLE('',#1421,0.0999999999999993);
#97=CIRCLE('',#1422,0.25);
#98=CIRCLE('',#1424,0.1);
#99=CIRCLE('',#1427,0.0825);
#100=CIRCLE('',#1428,0.0825);
#101=CIRCLE('',#1430,0.25);
#102=CIRCLE('',#1436,0.75);
#103=CIRCLE('',#1438,0.0999999999999998);
#104=CIRCLE('',#1441,0.0999999999999993);
#105=CYLINDRICAL_SURFACE('',#1336,0.0775);
#106=CYLINDRICAL_SURFACE('',#1347,0.0825);
#107=CYLINDRICAL_SURFACE('',#1351,0.0999999999999998);
#108=CYLINDRICAL_SURFACE('',#1354,0.125);
#109=CYLINDRICAL_SURFACE('',#1357,0.125);
#110=CYLINDRICAL_SURFACE('',#1363,0.25);
#111=CYLINDRICAL_SURFACE('',#1384,0.1);
#112=CYLINDRICAL_SURFACE('',#1387,0.0825);
#113=CYLINDRICAL_SURFACE('',#1390,0.25);
#114=CYLINDRICAL_SURFACE('',#1396,0.75);
#115=CYLINDRICAL_SURFACE('',#1398,0.0999999999999998);
#116=CYLINDRICAL_SURFACE('',#1401,0.0999999999999993);
#117=CYLINDRICAL_SURFACE('',#1423,0.1);
#118=CYLINDRICAL_SURFACE('',#1426,0.0825);
#119=CYLINDRICAL_SURFACE('',#1429,0.25);
#120=CYLINDRICAL_SURFACE('',#1435,0.75);
#121=CYLINDRICAL_SURFACE('',#1437,0.0999999999999998);
#122=CYLINDRICAL_SURFACE('',#1440,0.0999999999999993);
#123=FACE_OUTER_BOUND('',#193,.T.);
#124=FACE_OUTER_BOUND('',#194,.T.);
#125=FACE_OUTER_BOUND('',#195,.T.);
#126=FACE_OUTER_BOUND('',#196,.T.);
#127=FACE_OUTER_BOUND('',#197,.T.);
#128=FACE_OUTER_BOUND('',#198,.T.);
#129=FACE_OUTER_BOUND('',#199,.T.);
#130=FACE_OUTER_BOUND('',#200,.T.);
#131=FACE_OUTER_BOUND('',#201,.T.);
#132=FACE_OUTER_BOUND('',#202,.T.);
#133=FACE_OUTER_BOUND('',#204,.T.);
#134=FACE_OUTER_BOUND('',#205,.T.);
#135=FACE_OUTER_BOUND('',#206,.T.);
#136=FACE_OUTER_BOUND('',#207,.T.);
#137=FACE_OUTER_BOUND('',#208,.T.);
#138=FACE_OUTER_BOUND('',#209,.T.);
#139=FACE_OUTER_BOUND('',#210,.T.);
#140=FACE_OUTER_BOUND('',#212,.T.);
#141=FACE_OUTER_BOUND('',#213,.T.);
#142=FACE_OUTER_BOUND('',#214,.T.);
#143=FACE_OUTER_BOUND('',#215,.T.);
#144=FACE_OUTER_BOUND('',#216,.T.);
#145=FACE_OUTER_BOUND('',#217,.T.);
#146=FACE_OUTER_BOUND('',#218,.T.);
#147=FACE_OUTER_BOUND('',#219,.T.);
#148=FACE_OUTER_BOUND('',#220,.T.);
#149=FACE_OUTER_BOUND('',#221,.T.);
#150=FACE_OUTER_BOUND('',#222,.T.);
#151=FACE_OUTER_BOUND('',#223,.T.);
#152=FACE_OUTER_BOUND('',#224,.T.);
#153=FACE_OUTER_BOUND('',#225,.T.);
#154=FACE_OUTER_BOUND('',#226,.T.);
#155=FACE_OUTER_BOUND('',#227,.T.);
#156=FACE_OUTER_BOUND('',#228,.T.);
#157=FACE_OUTER_BOUND('',#229,.T.);
#158=FACE_OUTER_BOUND('',#231,.T.);
#159=FACE_OUTER_BOUND('',#232,.T.);
#160=FACE_OUTER_BOUND('',#233,.T.);
#161=FACE_OUTER_BOUND('',#234,.T.);
#162=FACE_OUTER_BOUND('',#235,.T.);
#163=FACE_OUTER_BOUND('',#236,.T.);
#164=FACE_OUTER_BOUND('',#238,.T.);
#165=FACE_OUTER_BOUND('',#239,.T.);
#166=FACE_OUTER_BOUND('',#240,.T.);
#167=FACE_OUTER_BOUND('',#241,.T.);
#168=FACE_OUTER_BOUND('',#242,.T.);
#169=FACE_OUTER_BOUND('',#243,.T.);
#170=FACE_OUTER_BOUND('',#244,.T.);
#171=FACE_OUTER_BOUND('',#245,.T.);
#172=FACE_OUTER_BOUND('',#246,.T.);
#173=FACE_OUTER_BOUND('',#247,.T.);
#174=FACE_OUTER_BOUND('',#248,.T.);
#175=FACE_OUTER_BOUND('',#249,.T.);
#176=FACE_OUTER_BOUND('',#250,.T.);
#177=FACE_OUTER_BOUND('',#251,.T.);
#178=FACE_OUTER_BOUND('',#252,.T.);
#179=FACE_OUTER_BOUND('',#253,.T.);
#180=FACE_OUTER_BOUND('',#254,.T.);
#181=FACE_OUTER_BOUND('',#255,.T.);
#182=FACE_OUTER_BOUND('',#256,.T.);
#183=FACE_OUTER_BOUND('',#258,.T.);
#184=FACE_OUTER_BOUND('',#259,.T.);
#185=FACE_OUTER_BOUND('',#260,.T.);
#186=FACE_OUTER_BOUND('',#261,.T.);
#187=FACE_OUTER_BOUND('',#262,.T.);
#188=FACE_OUTER_BOUND('',#263,.T.);
#189=FACE_OUTER_BOUND('',#265,.T.);
#190=FACE_OUTER_BOUND('',#266,.T.);
#191=FACE_OUTER_BOUND('',#267,.T.);
#192=FACE_OUTER_BOUND('',#268,.T.);
#193=EDGE_LOOP('',(#829,#830,#831,#832));
#194=EDGE_LOOP('',(#833,#834,#835,#836));
#195=EDGE_LOOP('',(#837,#838,#839,#840));
#196=EDGE_LOOP('',(#841,#842,#843,#844,#845,#846,#847,#848,#849,#850,#851,
#852,#853,#854,#855,#856,#857));
#197=EDGE_LOOP('',(#858,#859,#860,#861));
#198=EDGE_LOOP('',(#862,#863,#864,#865));
#199=EDGE_LOOP('',(#866,#867,#868,#869));
#200=EDGE_LOOP('',(#870,#871,#872,#873));
#201=EDGE_LOOP('',(#874,#875,#876,#877));
#202=EDGE_LOOP('',(#878,#879,#880,#881));
#203=EDGE_LOOP('',(#882));
#204=EDGE_LOOP('',(#883,#884,#885,#886));
#205=EDGE_LOOP('',(#887,#888,#889,#890));
#206=EDGE_LOOP('',(#891,#892,#893,#894));
#207=EDGE_LOOP('',(#895,#896,#897,#898));
#208=EDGE_LOOP('',(#899,#900,#901,#902));
#209=EDGE_LOOP('',(#903,#904,#905,#906));
#210=EDGE_LOOP('',(#907,#908,#909,#910));
#211=EDGE_LOOP('',(#911));
#212=EDGE_LOOP('',(#912,#913,#914,#915));
#213=EDGE_LOOP('',(#916,#917,#918,#919));
#214=EDGE_LOOP('',(#920,#921,#922,#923,#924,#925,#926,#927,#928,#929,#930,
#931,#932,#933,#934,#935,#936));
#215=EDGE_LOOP('',(#937,#938,#939,#940));
#216=EDGE_LOOP('',(#941,#942,#943,#944));
#217=EDGE_LOOP('',(#945,#946,#947,#948,#949));
#218=EDGE_LOOP('',(#950,#951,#952,#953));
#219=EDGE_LOOP('',(#954,#955,#956,#957));
#220=EDGE_LOOP('',(#958,#959,#960,#961));
#221=EDGE_LOOP('',(#962,#963,#964,#965));
#222=EDGE_LOOP('',(#966,#967,#968,#969));
#223=EDGE_LOOP('',(#970,#971,#972,#973,#974));
#224=EDGE_LOOP('',(#975,#976,#977,#978,#979,#980,#981,#982,#983,#984,#985,
#986,#987,#988,#989,#990,#991,#992,#993,#994));
#225=EDGE_LOOP('',(#995,#996,#997,#998));
#226=EDGE_LOOP('',(#999,#1000,#1001,#1002));
#227=EDGE_LOOP('',(#1003,#1004,#1005,#1006));
#228=EDGE_LOOP('',(#1007,#1008,#1009,#1010));
#229=EDGE_LOOP('',(#1011,#1012,#1013,#1014));
#230=EDGE_LOOP('',(#1015));
#231=EDGE_LOOP('',(#1016,#1017,#1018,#1019));
#232=EDGE_LOOP('',(#1020,#1021,#1022,#1023));
#233=EDGE_LOOP('',(#1024,#1025,#1026,#1027));
#234=EDGE_LOOP('',(#1028,#1029,#1030,#1031));
#235=EDGE_LOOP('',(#1032,#1033,#1034,#1035));
#236=EDGE_LOOP('',(#1036,#1037,#1038,#1039));
#237=EDGE_LOOP('',(#1040));
#238=EDGE_LOOP('',(#1041,#1042,#1043,#1044));
#239=EDGE_LOOP('',(#1045,#1046,#1047,#1048));
#240=EDGE_LOOP('',(#1049,#1050,#1051,#1052));
#241=EDGE_LOOP('',(#1053,#1054,#1055,#1056,#1057,#1058,#1059,#1060,#1061,
#1062,#1063,#1064,#1065,#1066,#1067,#1068,#1069,#1070,#1071,#1072));
#242=EDGE_LOOP('',(#1073,#1074,#1075,#1076));
#243=EDGE_LOOP('',(#1077,#1078,#1079,#1080,#1081));
#244=EDGE_LOOP('',(#1082,#1083,#1084,#1085));
#245=EDGE_LOOP('',(#1086,#1087,#1088,#1089));
#246=EDGE_LOOP('',(#1090,#1091,#1092,#1093));
#247=EDGE_LOOP('',(#1094,#1095,#1096,#1097));
#248=EDGE_LOOP('',(#1098,#1099,#1100,#1101));
#249=EDGE_LOOP('',(#1102,#1103,#1104,#1105));
#250=EDGE_LOOP('',(#1106,#1107,#1108,#1109,#1110));
#251=EDGE_LOOP('',(#1111,#1112,#1113,#1114,#1115,#1116,#1117,#1118,#1119,
#1120,#1121,#1122,#1123,#1124,#1125,#1126,#1127,#1128,#1129,#1130));
#252=EDGE_LOOP('',(#1131,#1132,#1133,#1134));
#253=EDGE_LOOP('',(#1135,#1136,#1137,#1138));
#254=EDGE_LOOP('',(#1139,#1140,#1141,#1142));
#255=EDGE_LOOP('',(#1143,#1144,#1145,#1146));
#256=EDGE_LOOP('',(#1147,#1148,#1149,#1150));
#257=EDGE_LOOP('',(#1151));
#258=EDGE_LOOP('',(#1152,#1153,#1154,#1155));
#259=EDGE_LOOP('',(#1156,#1157,#1158,#1159));
#260=EDGE_LOOP('',(#1160,#1161,#1162,#1163));
#261=EDGE_LOOP('',(#1164,#1165,#1166,#1167));
#262=EDGE_LOOP('',(#1168,#1169,#1170,#1171));
#263=EDGE_LOOP('',(#1172,#1173,#1174,#1175));
#264=EDGE_LOOP('',(#1176));
#265=EDGE_LOOP('',(#1177,#1178,#1179,#1180));
#266=EDGE_LOOP('',(#1181,#1182,#1183,#1184));
#267=EDGE_LOOP('',(#1185,#1186,#1187,#1188));
#268=EDGE_LOOP('',(#1189,#1190,#1191,#1192,#1193,#1194,#1195,#1196,#1197,
#1198,#1199,#1200,#1201,#1202,#1203,#1204,#1205,#1206,#1207,#1208));
#269=LINE('',#1793,#391);
#270=LINE('',#1795,#392);
#271=LINE('',#1797,#393);
#272=LINE('',#1798,#394);
#273=LINE('',#1803,#395);
#274=LINE('',#1807,#396);
#275=LINE('',#1809,#397);
#276=LINE('',#1810,#398);
#277=LINE('',#1813,#399);
#278=LINE('',#1817,#400);
#279=LINE('',#1821,#401);
#280=LINE('',#1825,#402);
#281=LINE('',#1827,#403);
#282=LINE('',#1831,#404);
#283=LINE('',#1833,#405);
#284=LINE('',#1835,#406);
#285=LINE('',#1837,#407);
#286=LINE('',#1838,#408);
#287=LINE('',#1841,#409);
#288=LINE('',#1842,#410);
#289=LINE('',#1846,#411);
#290=LINE('',#1847,#412);
#291=LINE('',#1848,#413);
#292=LINE('',#1853,#414);
#293=LINE('',#1858,#415);
#294=LINE('',#1859,#416);
#295=LINE('',#1860,#417);
#296=LINE('',#1864,#418);
#297=LINE('',#1867,#419);
#298=LINE('',#1868,#420);
#299=LINE('',#1872,#421);
#300=LINE('',#1875,#422);
#301=LINE('',#1876,#423);
#302=LINE('',#1881,#424);
#303=LINE('',#1882,#425);
#304=LINE('',#1884,#426);
#305=LINE('',#1887,#427);
#306=LINE('',#1888,#428);
#307=LINE('',#1891,#429);
#308=LINE('',#1892,#430);
#309=LINE('',#1896,#431);
#310=LINE('',#1898,#432);
#311=LINE('',#2027,#433);
#312=LINE('',#2033,#434);
#313=LINE('',#2114,#435);
#314=LINE('',#2118,#436);
#315=LINE('',#2124,#437);
#316=LINE('',#2128,#438);
#317=LINE('',#2130,#439);
#318=LINE('',#2131,#440);
#319=LINE('',#2134,#441);
#320=LINE('',#2136,#442);
#321=LINE('',#2137,#443);
#322=LINE('',#2144,#444);
#323=LINE('',#2148,#445);
#324=LINE('',#2152,#446);
#325=LINE('',#2154,#447);
#326=LINE('',#2158,#448);
#327=LINE('',#2160,#449);
#328=LINE('',#2162,#450);
#329=LINE('',#2163,#451);
#330=LINE('',#2168,#452);
#331=LINE('',#2169,#453);
#332=LINE('',#2172,#454);
#333=LINE('',#2173,#455);
#334=LINE('',#2178,#456);
#335=LINE('',#2182,#457);
#336=LINE('',#2185,#458);
#337=LINE('',#2188,#459);
#338=LINE('',#2189,#460);
#339=LINE('',#2192,#461);
#340=LINE('',#2193,#462);
#341=LINE('',#2196,#463);
#342=LINE('',#2197,#464);
#343=LINE('',#2199,#465);
#344=LINE('',#2205,#466);
#345=LINE('',#2208,#467);
#346=LINE('',#2209,#468);
#347=LINE('',#2213,#469);
#348=LINE('',#2216,#470);
#349=LINE('',#2217,#471);
#350=LINE('',#2219,#472);
#351=LINE('',#2305,#473);
#352=LINE('',#2316,#474);
#353=LINE('',#2435,#475);
#354=LINE('',#2441,#476);
#355=LINE('',#2445,#477);
#356=LINE('',#2449,#478);
#357=LINE('',#2451,#479);
#358=LINE('',#2452,#480);
#359=LINE('',#2455,#481);
#360=LINE('',#2457,#482);
#361=LINE('',#2458,#483);
#362=LINE('',#2465,#484);
#363=LINE('',#2469,#485);
#364=LINE('',#2473,#486);
#365=LINE('',#2475,#487);
#366=LINE('',#2479,#488);
#367=LINE('',#2481,#489);
#368=LINE('',#2483,#490);
#369=LINE('',#2484,#491);
#370=LINE('',#2489,#492);
#371=LINE('',#2490,#493);
#372=LINE('',#2493,#494);
#373=LINE('',#2494,#495);
#374=LINE('',#2499,#496);
#375=LINE('',#2503,#497);
#376=LINE('',#2506,#498);
#377=LINE('',#2509,#499);
#378=LINE('',#2510,#500);
#379=LINE('',#2513,#501);
#380=LINE('',#2514,#502);
#381=LINE('',#2517,#503);
#382=LINE('',#2518,#504);
#383=LINE('',#2520,#505);
#384=LINE('',#2526,#506);
#385=LINE('',#2529,#507);
#386=LINE('',#2530,#508);
#387=LINE('',#2534,#509);
#388=LINE('',#2537,#510);
#389=LINE('',#2538,#511);
#390=LINE('',#2540,#512);
#391=VECTOR('',#1449,0.393700787401575);
#392=VECTOR('',#1450,0.393700787401575);
#393=VECTOR('',#1451,0.393700787401575);
#394=VECTOR('',#1452,0.393700787401575);
#395=VECTOR('',#1457,0.393700787401575);
#396=VECTOR('',#1462,0.393700787401575);
#397=VECTOR('',#1463,0.393700787401575);
#398=VECTOR('',#1464,0.393700787401575);
#399=VECTOR('',#1467,0.393700787401575);
#400=VECTOR('',#1470,0.393700787401575);
#401=VECTOR('',#1473,0.393700787401575);
#402=VECTOR('',#1476,0.393700787401575);
#403=VECTOR('',#1477,0.393700787401575);
#404=VECTOR('',#1480,0.393700787401575);
#405=VECTOR('',#1481,0.393700787401575);
#406=VECTOR('',#1482,0.393700787401575);
#407=VECTOR('',#1483,0.393700787401575);
#408=VECTOR('',#1484,0.393700787401575);
#409=VECTOR('',#1487,0.393700787401575);
#410=VECTOR('',#1488,0.393700787401575);
#411=VECTOR('',#1491,0.393700787401575);
#412=VECTOR('',#1492,0.393700787401575);
#413=VECTOR('',#1493,0.393700787401575);
#414=VECTOR('',#1498,0.0825);
#415=VECTOR('',#1503,0.393700787401575);
#416=VECTOR('',#1504,0.393700787401575);
#417=VECTOR('',#1505,0.393700787401575);
#418=VECTOR('',#1510,0.393700787401575);
#419=VECTOR('',#1513,0.393700787401575);
#420=VECTOR('',#1514,0.393700787401575);
#421=VECTOR('',#1519,0.393700787401575);
#422=VECTOR('',#1522,0.393700787401575);
#423=VECTOR('',#1523,0.393700787401575);
#424=VECTOR('',#1530,0.393700787401575);
#425=VECTOR('',#1531,0.393700787401575);
#426=VECTOR('',#1534,0.393700787401575);
#427=VECTOR('',#1537,0.393700787401575);
#428=VECTOR('',#1538,0.393700787401575);
#429=VECTOR('',#1541,0.393700787401575);
#430=VECTOR('',#1542,0.393700787401575);
#431=VECTOR('',#1547,0.393700787401575);
#432=VECTOR('',#1550,0.393700787401575);
#433=VECTOR('',#1555,0.393700787401575);
#434=VECTOR('',#1556,0.393700787401575);
#435=VECTOR('',#1561,0.393700787401575);
#436=VECTOR('',#1566,0.393700787401575);
#437=VECTOR('',#1573,0.393700787401575);
#438=VECTOR('',#1578,0.393700787401575);
#439=VECTOR('',#1579,0.393700787401575);
#440=VECTOR('',#1580,0.393700787401575);
#441=VECTOR('',#1583,0.393700787401575);
#442=VECTOR('',#1584,0.393700787401575);
#443=VECTOR('',#1585,0.393700787401575);
#444=VECTOR('',#1592,0.393700787401575);
#445=VECTOR('',#1595,0.393700787401575);
#446=VECTOR('',#1598,0.393700787401575);
#447=VECTOR('',#1599,0.393700787401575);
#448=VECTOR('',#1602,0.393700787401575);
#449=VECTOR('',#1603,0.393700787401575);
#450=VECTOR('',#1604,0.393700787401575);
#451=VECTOR('',#1605,0.393700787401575);
#452=VECTOR('',#1610,0.393700787401575);
#453=VECTOR('',#1611,0.393700787401575);
#454=VECTOR('',#1614,0.393700787401575);
#455=VECTOR('',#1615,0.393700787401575);
#456=VECTOR('',#1620,0.0825);
#457=VECTOR('',#1625,0.393700787401575);
#458=VECTOR('',#1628,0.393700787401575);
#459=VECTOR('',#1631,0.393700787401575);
#460=VECTOR('',#1632,0.393700787401575);
#461=VECTOR('',#1635,0.393700787401575);
#462=VECTOR('',#1636,0.393700787401575);
#463=VECTOR('',#1639,0.393700787401575);
#464=VECTOR('',#1640,0.393700787401575);
#465=VECTOR('',#1643,0.393700787401575);
#466=VECTOR('',#1652,0.393700787401575);
#467=VECTOR('',#1655,0.393700787401575);
#468=VECTOR('',#1656,0.393700787401575);
#469=VECTOR('',#1661,0.393700787401575);
#470=VECTOR('',#1664,0.393700787401575);
#471=VECTOR('',#1665,0.393700787401575);
#472=VECTOR('',#1668,0.393700787401575);
#473=VECTOR('',#1673,0.393700787401575);
#474=VECTOR('',#1674,0.393700787401575);
#475=VECTOR('',#1679,0.393700787401575);
#476=VECTOR('',#1686,0.393700787401575);
#477=VECTOR('',#1691,0.393700787401575);
#478=VECTOR('',#1696,0.393700787401575);
#479=VECTOR('',#1697,0.393700787401575);
#480=VECTOR('',#1698,0.393700787401575);
#481=VECTOR('',#1701,0.393700787401575);
#482=VECTOR('',#1702,0.393700787401575);
#483=VECTOR('',#1703,0.393700787401575);
#484=VECTOR('',#1710,0.393700787401575);
#485=VECTOR('',#1713,0.393700787401575);
#486=VECTOR('',#1716,0.393700787401575);
#487=VECTOR('',#1717,0.393700787401575);
#488=VECTOR('',#1720,0.393700787401575);
#489=VECTOR('',#1721,0.393700787401575);
#490=VECTOR('',#1722,0.393700787401575);
#491=VECTOR('',#1723,0.393700787401575);
#492=VECTOR('',#1728,0.393700787401575);
#493=VECTOR('',#1729,0.393700787401575);
#494=VECTOR('',#1732,0.393700787401575);
#495=VECTOR('',#1733,0.393700787401575);
#496=VECTOR('',#1738,0.0825);
#497=VECTOR('',#1743,0.393700787401575);
#498=VECTOR('',#1746,0.393700787401575);
#499=VECTOR('',#1749,0.393700787401575);
#500=VECTOR('',#1750,0.393700787401575);
#501=VECTOR('',#1753,0.393700787401575);
#502=VECTOR('',#1754,0.393700787401575);
#503=VECTOR('',#1757,0.393700787401575);
#504=VECTOR('',#1758,0.393700787401575);
#505=VECTOR('',#1761,0.393700787401575);
#506=VECTOR('',#1770,0.393700787401575);
#507=VECTOR('',#1773,0.393700787401575);
#508=VECTOR('',#1774,0.393700787401575);
#509=VECTOR('',#1779,0.393700787401575);
#510=VECTOR('',#1782,0.393700787401575);
#511=VECTOR('',#1783,0.393700787401575);
#512=VECTOR('',#1786,0.393700787401575);
#513=VERTEX_POINT('',#1791);
#514=VERTEX_POINT('',#1792);
#515=VERTEX_POINT('',#1794);
#516=VERTEX_POINT('',#1796);
#517=VERTEX_POINT('',#1800);
#518=VERTEX_POINT('',#1802);
#519=VERTEX_POINT('',#1806);
#520=VERTEX_POINT('',#1808);
#521=VERTEX_POINT('',#1812);
#522=VERTEX_POINT('',#1814);
#523=VERTEX_POINT('',#1816);
#524=VERTEX_POINT('',#1818);
#525=VERTEX_POINT('',#1820);
#526=VERTEX_POINT('',#1822);
#527=VERTEX_POINT('',#1824);
#528=VERTEX_POINT('',#1826);
#529=VERTEX_POINT('',#1828);
#530=VERTEX_POINT('',#1830);
#531=VERTEX_POINT('',#1832);
#532=VERTEX_POINT('',#1834);
#533=VERTEX_POINT('',#1836);
#534=VERTEX_POINT('',#1840);
#535=VERTEX_POINT('',#1844);
#536=VERTEX_POINT('',#1845);
#537=VERTEX_POINT('',#1850);
#538=VERTEX_POINT('',#1852);
#539=VERTEX_POINT('',#1856);
#540=VERTEX_POINT('',#1857);
#541=VERTEX_POINT('',#1862);
#542=VERTEX_POINT('',#1866);
#543=VERTEX_POINT('',#1870);
#544=VERTEX_POINT('',#1874);
#545=VERTEX_POINT('',#1880);
#546=VERTEX_POINT('',#1886);
#547=VERTEX_POINT('',#1890);
#548=VERTEX_POINT('',#1894);
#549=VERTEX_POINT('',#1920);
#550=VERTEX_POINT('',#1921);
#551=VERTEX_POINT('',#1929);
#552=VERTEX_POINT('',#1934);
#553=VERTEX_POINT('',#1987);
#554=VERTEX_POINT('',#1992);
#555=VERTEX_POINT('',#2026);
#556=VERTEX_POINT('',#2028);
#557=VERTEX_POINT('',#2054);
#558=VERTEX_POINT('',#2080);
#559=VERTEX_POINT('',#2111);
#560=VERTEX_POINT('',#2113);
#561=VERTEX_POINT('',#2117);
#562=VERTEX_POINT('',#2121);
#563=VERTEX_POINT('',#2123);
#564=VERTEX_POINT('',#2127);
#565=VERTEX_POINT('',#2129);
#566=VERTEX_POINT('',#2133);
#567=VERTEX_POINT('',#2135);
#568=VERTEX_POINT('',#2139);
#569=VERTEX_POINT('',#2141);
#570=VERTEX_POINT('',#2143);
#571=VERTEX_POINT('',#2145);
#572=VERTEX_POINT('',#2147);
#573=VERTEX_POINT('',#2149);
#574=VERTEX_POINT('',#2151);
#575=VERTEX_POINT('',#2153);
#576=VERTEX_POINT('',#2155);
#577=VERTEX_POINT('',#2157);
#578=VERTEX_POINT('',#2159);
#579=VERTEX_POINT('',#2161);
#580=VERTEX_POINT('',#2165);
#581=VERTEX_POINT('',#2166);
#582=VERTEX_POINT('',#2171);
#583=VERTEX_POINT('',#2175);
#584=VERTEX_POINT('',#2177);
#585=VERTEX_POINT('',#2181);
#586=VERTEX_POINT('',#2183);
#587=VERTEX_POINT('',#2187);
#588=VERTEX_POINT('',#2191);
#589=VERTEX_POINT('',#2195);
#590=VERTEX_POINT('',#2203);
#591=VERTEX_POINT('',#2207);
#592=VERTEX_POINT('',#2211);
#593=VERTEX_POINT('',#2215);
#594=VERTEX_POINT('',#2241);
#595=VERTEX_POINT('',#2242);
#596=VERTEX_POINT('',#2268);
#597=VERTEX_POINT('',#2273);
#598=VERTEX_POINT('',#2304);
#599=VERTEX_POINT('',#2306);
#600=VERTEX_POINT('',#2311);
#601=VERTEX_POINT('',#2337);
#602=VERTEX_POINT('',#2345);
#603=VERTEX_POINT('',#2398);
#604=VERTEX_POINT('',#2432);
#605=VERTEX_POINT('',#2434);
#606=VERTEX_POINT('',#2438);
#607=VERTEX_POINT('',#2440);
#608=VERTEX_POINT('',#2444);
#609=VERTEX_POINT('',#2448);
#610=VERTEX_POINT('',#2450);
#611=VERTEX_POINT('',#2454);
#612=VERTEX_POINT('',#2456);
#613=VERTEX_POINT('',#2460);
#614=VERTEX_POINT('',#2462);
#615=VERTEX_POINT('',#2464);
#616=VERTEX_POINT('',#2466);
#617=VERTEX_POINT('',#2468);
#618=VERTEX_POINT('',#2470);
#619=VERTEX_POINT('',#2472);
#620=VERTEX_POINT('',#2474);
#621=VERTEX_POINT('',#2476);
#622=VERTEX_POINT('',#2478);
#623=VERTEX_POINT('',#2480);
#624=VERTEX_POINT('',#2482);
#625=VERTEX_POINT('',#2486);
#626=VERTEX_POINT('',#2487);
#627=VERTEX_POINT('',#2492);
#628=VERTEX_POINT('',#2496);
#629=VERTEX_POINT('',#2498);
#630=VERTEX_POINT('',#2502);
#631=VERTEX_POINT('',#2504);
#632=VERTEX_POINT('',#2508);
#633=VERTEX_POINT('',#2512);
#634=VERTEX_POINT('',#2516);
#635=VERTEX_POINT('',#2524);
#636=VERTEX_POINT('',#2528);
#637=VERTEX_POINT('',#2532);
#638=VERTEX_POINT('',#2536);
#639=EDGE_CURVE('',#513,#514,#269,.T.);
#640=EDGE_CURVE('',#513,#515,#270,.T.);
#641=EDGE_CURVE('',#516,#515,#271,.T.);
#642=EDGE_CURVE('',#514,#516,#272,.T.);
#643=EDGE_CURVE('',#517,#513,#59,.T.);
#644=EDGE_CURVE('',#517,#518,#273,.T.);
#645=EDGE_CURVE('',#515,#518,#60,.T.);
#646=EDGE_CURVE('',#519,#517,#274,.T.);
#647=EDGE_CURVE('',#520,#519,#275,.T.);
#648=EDGE_CURVE('',#518,#520,#276,.T.);
#649=EDGE_CURVE('',#520,#521,#277,.T.);
#650=EDGE_CURVE('',#521,#522,#61,.T.);
#651=EDGE_CURVE('',#522,#523,#278,.T.);
#652=EDGE_CURVE('',#523,#524,#62,.T.);
#653=EDGE_CURVE('',#524,#525,#279,.T.);
#654=EDGE_CURVE('',#525,#526,#63,.T.);
#655=EDGE_CURVE('',#526,#527,#280,.T.);
#656=EDGE_CURVE('',#527,#528,#281,.T.);
#657=EDGE_CURVE('',#528,#529,#64,.T.);
#658=EDGE_CURVE('',#529,#530,#282,.T.);
#659=EDGE_CURVE('',#530,#531,#283,.T.);
#660=EDGE_CURVE('',#531,#532,#284,.T.);
#661=EDGE_CURVE('',#532,#533,#285,.T.);
#662=EDGE_CURVE('',#533,#516,#286,.T.);
#663=EDGE_CURVE('',#534,#519,#287,.T.);
#664=EDGE_CURVE('',#534,#521,#288,.T.);
#665=EDGE_CURVE('',#535,#536,#289,.T.);
#666=EDGE_CURVE('',#536,#532,#290,.T.);
#667=EDGE_CURVE('',#535,#531,#291,.T.);
#668=EDGE_CURVE('',#537,#537,#65,.T.);
#669=EDGE_CURVE('',#537,#538,#292,.T.);
#670=EDGE_CURVE('',#538,#538,#66,.T.);
#671=EDGE_CURVE('',#539,#540,#293,.T.);
#672=EDGE_CURVE('',#539,#527,#294,.T.);
#673=EDGE_CURVE('',#540,#526,#295,.T.);
#674=EDGE_CURVE('',#540,#541,#67,.T.);
#675=EDGE_CURVE('',#541,#525,#296,.T.);
#676=EDGE_CURVE('',#542,#541,#297,.T.);
#677=EDGE_CURVE('',#542,#524,#298,.T.);
#678=EDGE_CURVE('',#542,#543,#68,.T.);
#679=EDGE_CURVE('',#543,#523,#299,.T.);
#680=EDGE_CURVE('',#543,#544,#300,.T.);
#681=EDGE_CURVE('',#544,#522,#301,.T.);
#682=EDGE_CURVE('',#544,#534,#69,.T.);
#683=EDGE_CURVE('',#545,#533,#302,.T.);
#684=EDGE_CURVE('',#514,#545,#303,.T.);
#685=EDGE_CURVE('',#536,#545,#304,.T.);
#686=EDGE_CURVE('',#546,#530,#305,.T.);
#687=EDGE_CURVE('',#546,#535,#306,.T.);
#688=EDGE_CURVE('',#547,#546,#307,.T.);
#689=EDGE_CURVE('',#547,#529,#308,.T.);
#690=EDGE_CURVE('',#548,#547,#70,.T.);
#691=EDGE_CURVE('',#548,#528,#309,.T.);
#692=EDGE_CURVE('',#548,#539,#310,.T.);
#693=EDGE_CURVE('',#549,#550,#19,.T.);
#694=EDGE_CURVE('',#550,#551,#20,.T.);
#695=EDGE_CURVE('',#551,#552,#21,.T.);
#696=EDGE_CURVE('',#552,#549,#22,.T.);
#697=EDGE_CURVE('',#549,#553,#23,.T.);
#698=EDGE_CURVE('',#553,#554,#24,.T.);
#699=EDGE_CURVE('',#554,#550,#25,.T.);
#700=EDGE_CURVE('',#555,#554,#311,.T.);
#701=EDGE_CURVE('',#556,#555,#26,.T.);
#702=EDGE_CURVE('',#551,#556,#312,.T.);
#703=EDGE_CURVE('',#557,#556,#27,.T.);
#704=EDGE_CURVE('',#555,#558,#28,.T.);
#705=EDGE_CURVE('',#558,#557,#29,.T.);
#706=EDGE_CURVE('',#559,#552,#71,.T.);
#707=EDGE_CURVE('',#560,#559,#313,.T.);
#708=EDGE_CURVE('',#560,#549,#72,.T.);
#709=EDGE_CURVE('',#561,#560,#314,.T.);
#710=EDGE_CURVE('',#553,#561,#73,.T.);
#711=EDGE_CURVE('',#562,#558,#74,.T.);
#712=EDGE_CURVE('',#563,#562,#315,.T.);
#713=EDGE_CURVE('',#557,#563,#75,.T.);
#714=EDGE_CURVE('',#564,#562,#316,.T.);
#715=EDGE_CURVE('',#565,#564,#317,.T.);
#716=EDGE_CURVE('',#563,#565,#318,.T.);
#717=EDGE_CURVE('',#566,#559,#319,.T.);
#718=EDGE_CURVE('',#566,#567,#320,.T.);
#719=EDGE_CURVE('',#561,#567,#321,.T.);
#720=EDGE_CURVE('',#568,#565,#76,.T.);
#721=EDGE_CURVE('',#569,#568,#77,.T.);
#722=EDGE_CURVE('',#569,#570,#322,.T.);
#723=EDGE_CURVE('',#570,#571,#78,.T.);
#724=EDGE_CURVE('',#572,#571,#323,.T.);
#725=EDGE_CURVE('',#573,#572,#79,.T.);
#726=EDGE_CURVE('',#574,#573,#324,.T.);
#727=EDGE_CURVE('',#575,#574,#325,.T.);
#728=EDGE_CURVE('',#575,#576,#80,.T.);
#729=EDGE_CURVE('',#577,#576,#326,.T.);
#730=EDGE_CURVE('',#577,#578,#327,.T.);
#731=EDGE_CURVE('',#578,#579,#328,.T.);
#732=EDGE_CURVE('',#579,#566,#329,.T.);
#733=EDGE_CURVE('',#580,#581,#81,.T.);
#734=EDGE_CURVE('',#581,#569,#330,.T.);
#735=EDGE_CURVE('',#568,#580,#331,.T.);
#736=EDGE_CURVE('',#582,#581,#332,.T.);
#737=EDGE_CURVE('',#570,#582,#333,.T.);
#738=EDGE_CURVE('',#583,#583,#82,.T.);
#739=EDGE_CURVE('',#583,#584,#334,.T.);
#740=EDGE_CURVE('',#584,#584,#83,.T.);
#741=EDGE_CURVE('',#575,#585,#335,.T.);
#742=EDGE_CURVE('',#586,#585,#84,.T.);
#743=EDGE_CURVE('',#576,#586,#336,.T.);
#744=EDGE_CURVE('',#587,#586,#337,.T.);
#745=EDGE_CURVE('',#577,#587,#338,.T.);
#746=EDGE_CURVE('',#588,#587,#339,.T.);
#747=EDGE_CURVE('',#578,#588,#340,.T.);
#748=EDGE_CURVE('',#589,#588,#341,.T.);
#749=EDGE_CURVE('',#579,#589,#342,.T.);
#750=EDGE_CURVE('',#567,#589,#343,.T.);
#751=EDGE_CURVE('',#580,#564,#85,.T.);
#752=EDGE_CURVE('',#590,#582,#86,.T.);
#753=EDGE_CURVE('',#571,#590,#344,.T.);
#754=EDGE_CURVE('',#591,#590,#345,.T.);
#755=EDGE_CURVE('',#572,#591,#346,.T.);
#756=EDGE_CURVE('',#592,#591,#87,.T.);
#757=EDGE_CURVE('',#573,#592,#347,.T.);
#758=EDGE_CURVE('',#593,#592,#348,.T.);
#759=EDGE_CURVE('',#574,#593,#349,.T.);
#760=EDGE_CURVE('',#585,#593,#350,.T.);
#761=EDGE_CURVE('',#594,#595,#30,.T.);
#762=EDGE_CURVE('',#595,#596,#31,.T.);
#763=EDGE_CURVE('',#596,#597,#32,.T.);
#764=EDGE_CURVE('',#597,#594,#33,.T.);
#765=EDGE_CURVE('',#598,#595,#351,.T.);
#766=EDGE_CURVE('',#599,#598,#34,.T.);
#767=EDGE_CURVE('',#600,#599,#35,.T.);
#768=EDGE_CURVE('',#596,#600,#352,.T.);
#769=EDGE_CURVE('',#601,#599,#36,.T.);
#770=EDGE_CURVE('',#598,#602,#37,.T.);
#771=EDGE_CURVE('',#602,#601,#38,.T.);
#772=EDGE_CURVE('',#601,#603,#39,.T.);
#773=EDGE_CURVE('',#603,#600,#40,.T.);
#774=EDGE_CURVE('',#604,#597,#88,.T.);
#775=EDGE_CURVE('',#605,#604,#353,.T.);
#776=EDGE_CURVE('',#594,#605,#89,.T.);
#777=EDGE_CURVE('',#606,#602,#90,.T.);
#778=EDGE_CURVE('',#607,#606,#354,.T.);
#779=EDGE_CURVE('',#607,#601,#91,.T.);
#780=EDGE_CURVE('',#608,#607,#355,.T.);
#781=EDGE_CURVE('',#603,#608,#92,.T.);
#782=EDGE_CURVE('',#609,#604,#356,.T.);
#783=EDGE_CURVE('',#610,#609,#357,.T.);
#784=EDGE_CURVE('',#605,#610,#358,.T.);
#785=EDGE_CURVE('',#611,#606,#359,.T.);
#786=EDGE_CURVE('',#611,#612,#360,.T.);
#787=EDGE_CURVE('',#608,#612,#361,.T.);
#788=EDGE_CURVE('',#613,#610,#93,.T.);
#789=EDGE_CURVE('',#614,#613,#94,.T.);
#790=EDGE_CURVE('',#614,#615,#362,.T.);
#791=EDGE_CURVE('',#615,#616,#95,.T.);
#792=EDGE_CURVE('',#617,#616,#363,.T.);
#793=EDGE_CURVE('',#618,#617,#96,.T.);
#794=EDGE_CURVE('',#619,#618,#364,.T.);
#795=EDGE_CURVE('',#620,#619,#365,.T.);
#796=EDGE_CURVE('',#620,#621,#97,.T.);
#797=EDGE_CURVE('',#622,#621,#366,.T.);
#798=EDGE_CURVE('',#622,#623,#367,.T.);
#799=EDGE_CURVE('',#623,#624,#368,.T.);
#800=EDGE_CURVE('',#624,#611,#369,.T.);
#801=EDGE_CURVE('',#625,#626,#98,.T.);
#802=EDGE_CURVE('',#626,#614,#370,.T.);
#803=EDGE_CURVE('',#613,#625,#371,.T.);
#804=EDGE_CURVE('',#627,#626,#372,.T.);
#805=EDGE_CURVE('',#615,#627,#373,.T.);
#806=EDGE_CURVE('',#628,#628,#99,.T.);
#807=EDGE_CURVE('',#628,#629,#374,.T.);
#808=EDGE_CURVE('',#629,#629,#100,.T.);
#809=EDGE_CURVE('',#620,#630,#375,.T.);
#810=EDGE_CURVE('',#631,#630,#101,.T.);
#811=EDGE_CURVE('',#621,#631,#376,.T.);
#812=EDGE_CURVE('',#632,#631,#377,.T.);
#813=EDGE_CURVE('',#622,#632,#378,.T.);
#814=EDGE_CURVE('',#633,#632,#379,.T.);
#815=EDGE_CURVE('',#623,#633,#380,.T.);
#816=EDGE_CURVE('',#634,#633,#381,.T.);
#817=EDGE_CURVE('',#624,#634,#382,.T.);
#818=EDGE_CURVE('',#612,#634,#383,.T.);
#819=EDGE_CURVE('',#625,#609,#102,.T.);
#820=EDGE_CURVE('',#635,#627,#103,.T.);
#821=EDGE_CURVE('',#616,#635,#384,.T.);
#822=EDGE_CURVE('',#636,#635,#385,.T.);
#823=EDGE_CURVE('',#617,#636,#386,.T.);
#824=EDGE_CURVE('',#637,#636,#104,.T.);
#825=EDGE_CURVE('',#618,#637,#387,.T.);
#826=EDGE_CURVE('',#638,#637,#388,.T.);
#827=EDGE_CURVE('',#619,#638,#389,.T.);
#828=EDGE_CURVE('',#630,#638,#390,.T.);
#829=ORIENTED_EDGE('',*,*,#639,.F.);
#830=ORIENTED_EDGE('',*,*,#640,.T.);
#831=ORIENTED_EDGE('',*,*,#641,.F.);
#832=ORIENTED_EDGE('',*,*,#642,.F.);
#833=ORIENTED_EDGE('',*,*,#643,.F.);
#834=ORIENTED_EDGE('',*,*,#644,.T.);
#835=ORIENTED_EDGE('',*,*,#645,.F.);
#836=ORIENTED_EDGE('',*,*,#640,.F.);
#837=ORIENTED_EDGE('',*,*,#646,.F.);
#838=ORIENTED_EDGE('',*,*,#647,.F.);
#839=ORIENTED_EDGE('',*,*,#648,.F.);
#840=ORIENTED_EDGE('',*,*,#644,.F.);
#841=ORIENTED_EDGE('',*,*,#641,.T.);
#842=ORIENTED_EDGE('',*,*,#645,.T.);
#843=ORIENTED_EDGE('',*,*,#648,.T.);
#844=ORIENTED_EDGE('',*,*,#649,.T.);
#845=ORIENTED_EDGE('',*,*,#650,.T.);
#846=ORIENTED_EDGE('',*,*,#651,.T.);
#847=ORIENTED_EDGE('',*,*,#652,.T.);
#848=ORIENTED_EDGE('',*,*,#653,.T.);
#849=ORIENTED_EDGE('',*,*,#654,.T.);
#850=ORIENTED_EDGE('',*,*,#655,.T.);
#851=ORIENTED_EDGE('',*,*,#656,.T.);
#852=ORIENTED_EDGE('',*,*,#657,.T.);
#853=ORIENTED_EDGE('',*,*,#658,.T.);
#854=ORIENTED_EDGE('',*,*,#659,.T.);
#855=ORIENTED_EDGE('',*,*,#660,.T.);
#856=ORIENTED_EDGE('',*,*,#661,.T.);
#857=ORIENTED_EDGE('',*,*,#662,.T.);
#858=ORIENTED_EDGE('',*,*,#647,.T.);
#859=ORIENTED_EDGE('',*,*,#663,.F.);
#860=ORIENTED_EDGE('',*,*,#664,.T.);
#861=ORIENTED_EDGE('',*,*,#649,.F.);
#862=ORIENTED_EDGE('',*,*,#665,.T.);
#863=ORIENTED_EDGE('',*,*,#666,.T.);
#864=ORIENTED_EDGE('',*,*,#660,.F.);
#865=ORIENTED_EDGE('',*,*,#667,.F.);
#866=ORIENTED_EDGE('',*,*,#668,.F.);
#867=ORIENTED_EDGE('',*,*,#669,.T.);
#868=ORIENTED_EDGE('',*,*,#670,.F.);
#869=ORIENTED_EDGE('',*,*,#669,.F.);
#870=ORIENTED_EDGE('',*,*,#671,.F.);
#871=ORIENTED_EDGE('',*,*,#672,.T.);
#872=ORIENTED_EDGE('',*,*,#655,.F.);
#873=ORIENTED_EDGE('',*,*,#673,.F.);
#874=ORIENTED_EDGE('',*,*,#674,.F.);
#875=ORIENTED_EDGE('',*,*,#673,.T.);
#876=ORIENTED_EDGE('',*,*,#654,.F.);
#877=ORIENTED_EDGE('',*,*,#675,.F.);
#878=ORIENTED_EDGE('',*,*,#676,.T.);
#879=ORIENTED_EDGE('',*,*,#675,.T.);
#880=ORIENTED_EDGE('',*,*,#653,.F.);
#881=ORIENTED_EDGE('',*,*,#677,.F.);
#882=ORIENTED_EDGE('',*,*,#670,.T.);
#883=ORIENTED_EDGE('',*,*,#678,.F.);
#884=ORIENTED_EDGE('',*,*,#677,.T.);
#885=ORIENTED_EDGE('',*,*,#652,.F.);
#886=ORIENTED_EDGE('',*,*,#679,.F.);
#887=ORIENTED_EDGE('',*,*,#680,.F.);
#888=ORIENTED_EDGE('',*,*,#679,.T.);
#889=ORIENTED_EDGE('',*,*,#651,.F.);
#890=ORIENTED_EDGE('',*,*,#681,.F.);
#891=ORIENTED_EDGE('',*,*,#682,.F.);
#892=ORIENTED_EDGE('',*,*,#681,.T.);
#893=ORIENTED_EDGE('',*,*,#650,.F.);
#894=ORIENTED_EDGE('',*,*,#664,.F.);
#895=ORIENTED_EDGE('',*,*,#642,.T.);
#896=ORIENTED_EDGE('',*,*,#662,.F.);
#897=ORIENTED_EDGE('',*,*,#683,.F.);
#898=ORIENTED_EDGE('',*,*,#684,.F.);
#899=ORIENTED_EDGE('',*,*,#685,.T.);
#900=ORIENTED_EDGE('',*,*,#683,.T.);
#901=ORIENTED_EDGE('',*,*,#661,.F.);
#902=ORIENTED_EDGE('',*,*,#666,.F.);
#903=ORIENTED_EDGE('',*,*,#659,.F.);
#904=ORIENTED_EDGE('',*,*,#686,.F.);
#905=ORIENTED_EDGE('',*,*,#687,.T.);
#906=ORIENTED_EDGE('',*,*,#667,.T.);
#907=ORIENTED_EDGE('',*,*,#688,.T.);
#908=ORIENTED_EDGE('',*,*,#686,.T.);
#909=ORIENTED_EDGE('',*,*,#658,.F.);
#910=ORIENTED_EDGE('',*,*,#689,.F.);
#911=ORIENTED_EDGE('',*,*,#668,.T.);
#912=ORIENTED_EDGE('',*,*,#690,.T.);
#913=ORIENTED_EDGE('',*,*,#689,.T.);
#914=ORIENTED_EDGE('',*,*,#657,.F.);
#915=ORIENTED_EDGE('',*,*,#691,.F.);
#916=ORIENTED_EDGE('',*,*,#692,.F.);
#917=ORIENTED_EDGE('',*,*,#691,.T.);
#918=ORIENTED_EDGE('',*,*,#656,.F.);
#919=ORIENTED_EDGE('',*,*,#672,.F.);
#920=ORIENTED_EDGE('',*,*,#639,.T.);
#921=ORIENTED_EDGE('',*,*,#684,.T.);
#922=ORIENTED_EDGE('',*,*,#685,.F.);
#923=ORIENTED_EDGE('',*,*,#665,.F.);
#924=ORIENTED_EDGE('',*,*,#687,.F.);
#925=ORIENTED_EDGE('',*,*,#688,.F.);
#926=ORIENTED_EDGE('',*,*,#690,.F.);
#927=ORIENTED_EDGE('',*,*,#692,.T.);
#928=ORIENTED_EDGE('',*,*,#671,.T.);
#929=ORIENTED_EDGE('',*,*,#674,.T.);
#930=ORIENTED_EDGE('',*,*,#676,.F.);
#931=ORIENTED_EDGE('',*,*,#678,.T.);
#932=ORIENTED_EDGE('',*,*,#680,.T.);
#933=ORIENTED_EDGE('',*,*,#682,.T.);
#934=ORIENTED_EDGE('',*,*,#663,.T.);
#935=ORIENTED_EDGE('',*,*,#646,.T.);
#936=ORIENTED_EDGE('',*,*,#643,.T.);
#937=ORIENTED_EDGE('',*,*,#693,.T.);
#938=ORIENTED_EDGE('',*,*,#694,.T.);
#939=ORIENTED_EDGE('',*,*,#695,.T.);
#940=ORIENTED_EDGE('',*,*,#696,.T.);
#941=ORIENTED_EDGE('',*,*,#693,.F.);
#942=ORIENTED_EDGE('',*,*,#697,.T.);
#943=ORIENTED_EDGE('',*,*,#698,.T.);
#944=ORIENTED_EDGE('',*,*,#699,.T.);
#945=ORIENTED_EDGE('',*,*,#694,.F.);
#946=ORIENTED_EDGE('',*,*,#699,.F.);
#947=ORIENTED_EDGE('',*,*,#700,.F.);
#948=ORIENTED_EDGE('',*,*,#701,.F.);
#949=ORIENTED_EDGE('',*,*,#702,.F.);
#950=ORIENTED_EDGE('',*,*,#703,.T.);
#951=ORIENTED_EDGE('',*,*,#701,.T.);
#952=ORIENTED_EDGE('',*,*,#704,.T.);
#953=ORIENTED_EDGE('',*,*,#705,.T.);
#954=ORIENTED_EDGE('',*,*,#696,.F.);
#955=ORIENTED_EDGE('',*,*,#706,.F.);
#956=ORIENTED_EDGE('',*,*,#707,.F.);
#957=ORIENTED_EDGE('',*,*,#708,.T.);
#958=ORIENTED_EDGE('',*,*,#697,.F.);
#959=ORIENTED_EDGE('',*,*,#708,.F.);
#960=ORIENTED_EDGE('',*,*,#709,.F.);
#961=ORIENTED_EDGE('',*,*,#710,.F.);
#962=ORIENTED_EDGE('',*,*,#705,.F.);
#963=ORIENTED_EDGE('',*,*,#711,.F.);
#964=ORIENTED_EDGE('',*,*,#712,.F.);
#965=ORIENTED_EDGE('',*,*,#713,.F.);
#966=ORIENTED_EDGE('',*,*,#712,.T.);
#967=ORIENTED_EDGE('',*,*,#714,.F.);
#968=ORIENTED_EDGE('',*,*,#715,.F.);
#969=ORIENTED_EDGE('',*,*,#716,.F.);
#970=ORIENTED_EDGE('',*,*,#709,.T.);
#971=ORIENTED_EDGE('',*,*,#707,.T.);
#972=ORIENTED_EDGE('',*,*,#717,.F.);
#973=ORIENTED_EDGE('',*,*,#718,.T.);
#974=ORIENTED_EDGE('',*,*,#719,.F.);
#975=ORIENTED_EDGE('',*,*,#706,.T.);
#976=ORIENTED_EDGE('',*,*,#695,.F.);
#977=ORIENTED_EDGE('',*,*,#702,.T.);
#978=ORIENTED_EDGE('',*,*,#703,.F.);
#979=ORIENTED_EDGE('',*,*,#713,.T.);
#980=ORIENTED_EDGE('',*,*,#716,.T.);
#981=ORIENTED_EDGE('',*,*,#720,.F.);
#982=ORIENTED_EDGE('',*,*,#721,.F.);
#983=ORIENTED_EDGE('',*,*,#722,.T.);
#984=ORIENTED_EDGE('',*,*,#723,.T.);
#985=ORIENTED_EDGE('',*,*,#724,.F.);
#986=ORIENTED_EDGE('',*,*,#725,.F.);
#987=ORIENTED_EDGE('',*,*,#726,.F.);
#988=ORIENTED_EDGE('',*,*,#727,.F.);
#989=ORIENTED_EDGE('',*,*,#728,.T.);
#990=ORIENTED_EDGE('',*,*,#729,.F.);
#991=ORIENTED_EDGE('',*,*,#730,.T.);
#992=ORIENTED_EDGE('',*,*,#731,.T.);
#993=ORIENTED_EDGE('',*,*,#732,.T.);
#994=ORIENTED_EDGE('',*,*,#717,.T.);
#995=ORIENTED_EDGE('',*,*,#733,.T.);
#996=ORIENTED_EDGE('',*,*,#734,.T.);
#997=ORIENTED_EDGE('',*,*,#721,.T.);
#998=ORIENTED_EDGE('',*,*,#735,.T.);
#999=ORIENTED_EDGE('',*,*,#734,.F.);
#1000=ORIENTED_EDGE('',*,*,#736,.F.);
#1001=ORIENTED_EDGE('',*,*,#737,.F.);
#1002=ORIENTED_EDGE('',*,*,#722,.F.);
#1003=ORIENTED_EDGE('',*,*,#738,.F.);
#1004=ORIENTED_EDGE('',*,*,#739,.T.);
#1005=ORIENTED_EDGE('',*,*,#740,.F.);
#1006=ORIENTED_EDGE('',*,*,#739,.F.);
#1007=ORIENTED_EDGE('',*,*,#728,.F.);
#1008=ORIENTED_EDGE('',*,*,#741,.T.);
#1009=ORIENTED_EDGE('',*,*,#742,.F.);
#1010=ORIENTED_EDGE('',*,*,#743,.F.);
#1011=ORIENTED_EDGE('',*,*,#729,.T.);
#1012=ORIENTED_EDGE('',*,*,#743,.T.);
#1013=ORIENTED_EDGE('',*,*,#744,.F.);
#1014=ORIENTED_EDGE('',*,*,#745,.F.);
#1015=ORIENTED_EDGE('',*,*,#738,.T.);
#1016=ORIENTED_EDGE('',*,*,#730,.F.);
#1017=ORIENTED_EDGE('',*,*,#745,.T.);
#1018=ORIENTED_EDGE('',*,*,#746,.F.);
#1019=ORIENTED_EDGE('',*,*,#747,.F.);
#1020=ORIENTED_EDGE('',*,*,#731,.F.);
#1021=ORIENTED_EDGE('',*,*,#747,.T.);
#1022=ORIENTED_EDGE('',*,*,#748,.F.);
#1023=ORIENTED_EDGE('',*,*,#749,.F.);
#1024=ORIENTED_EDGE('',*,*,#732,.F.);
#1025=ORIENTED_EDGE('',*,*,#749,.T.);
#1026=ORIENTED_EDGE('',*,*,#750,.F.);
#1027=ORIENTED_EDGE('',*,*,#718,.F.);
#1028=ORIENTED_EDGE('',*,*,#735,.F.);
#1029=ORIENTED_EDGE('',*,*,#720,.T.);
#1030=ORIENTED_EDGE('',*,*,#715,.T.);
#1031=ORIENTED_EDGE('',*,*,#751,.F.);
#1032=ORIENTED_EDGE('',*,*,#723,.F.);
#1033=ORIENTED_EDGE('',*,*,#737,.T.);
#1034=ORIENTED_EDGE('',*,*,#752,.F.);
#1035=ORIENTED_EDGE('',*,*,#753,.F.);
#1036=ORIENTED_EDGE('',*,*,#724,.T.);
#1037=ORIENTED_EDGE('',*,*,#753,.T.);
#1038=ORIENTED_EDGE('',*,*,#754,.F.);
#1039=ORIENTED_EDGE('',*,*,#755,.F.);
#1040=ORIENTED_EDGE('',*,*,#740,.T.);
#1041=ORIENTED_EDGE('',*,*,#725,.T.);
#1042=ORIENTED_EDGE('',*,*,#755,.T.);
#1043=ORIENTED_EDGE('',*,*,#756,.F.);
#1044=ORIENTED_EDGE('',*,*,#757,.F.);
#1045=ORIENTED_EDGE('',*,*,#726,.T.);
#1046=ORIENTED_EDGE('',*,*,#757,.T.);
#1047=ORIENTED_EDGE('',*,*,#758,.F.);
#1048=ORIENTED_EDGE('',*,*,#759,.F.);
#1049=ORIENTED_EDGE('',*,*,#727,.T.);
#1050=ORIENTED_EDGE('',*,*,#759,.T.);
#1051=ORIENTED_EDGE('',*,*,#760,.F.);
#1052=ORIENTED_EDGE('',*,*,#741,.F.);
#1053=ORIENTED_EDGE('',*,*,#710,.T.);
#1054=ORIENTED_EDGE('',*,*,#719,.T.);
#1055=ORIENTED_EDGE('',*,*,#750,.T.);
#1056=ORIENTED_EDGE('',*,*,#748,.T.);
#1057=ORIENTED_EDGE('',*,*,#746,.T.);
#1058=ORIENTED_EDGE('',*,*,#744,.T.);
#1059=ORIENTED_EDGE('',*,*,#742,.T.);
#1060=ORIENTED_EDGE('',*,*,#760,.T.);
#1061=ORIENTED_EDGE('',*,*,#758,.T.);
#1062=ORIENTED_EDGE('',*,*,#756,.T.);
#1063=ORIENTED_EDGE('',*,*,#754,.T.);
#1064=ORIENTED_EDGE('',*,*,#752,.T.);
#1065=ORIENTED_EDGE('',*,*,#736,.T.);
#1066=ORIENTED_EDGE('',*,*,#733,.F.);
#1067=ORIENTED_EDGE('',*,*,#751,.T.);
#1068=ORIENTED_EDGE('',*,*,#714,.T.);
#1069=ORIENTED_EDGE('',*,*,#711,.T.);
#1070=ORIENTED_EDGE('',*,*,#704,.F.);
#1071=ORIENTED_EDGE('',*,*,#700,.T.);
#1072=ORIENTED_EDGE('',*,*,#698,.F.);
#1073=ORIENTED_EDGE('',*,*,#761,.T.);
#1074=ORIENTED_EDGE('',*,*,#762,.T.);
#1075=ORIENTED_EDGE('',*,*,#763,.T.);
#1076=ORIENTED_EDGE('',*,*,#764,.T.);
#1077=ORIENTED_EDGE('',*,*,#762,.F.);
#1078=ORIENTED_EDGE('',*,*,#765,.F.);
#1079=ORIENTED_EDGE('',*,*,#766,.F.);
#1080=ORIENTED_EDGE('',*,*,#767,.F.);
#1081=ORIENTED_EDGE('',*,*,#768,.F.);
#1082=ORIENTED_EDGE('',*,*,#769,.T.);
#1083=ORIENTED_EDGE('',*,*,#766,.T.);
#1084=ORIENTED_EDGE('',*,*,#770,.T.);
#1085=ORIENTED_EDGE('',*,*,#771,.T.);
#1086=ORIENTED_EDGE('',*,*,#769,.F.);
#1087=ORIENTED_EDGE('',*,*,#772,.T.);
#1088=ORIENTED_EDGE('',*,*,#773,.T.);
#1089=ORIENTED_EDGE('',*,*,#767,.T.);
#1090=ORIENTED_EDGE('',*,*,#764,.F.);
#1091=ORIENTED_EDGE('',*,*,#774,.F.);
#1092=ORIENTED_EDGE('',*,*,#775,.F.);
#1093=ORIENTED_EDGE('',*,*,#776,.F.);
#1094=ORIENTED_EDGE('',*,*,#771,.F.);
#1095=ORIENTED_EDGE('',*,*,#777,.F.);
#1096=ORIENTED_EDGE('',*,*,#778,.F.);
#1097=ORIENTED_EDGE('',*,*,#779,.T.);
#1098=ORIENTED_EDGE('',*,*,#772,.F.);
#1099=ORIENTED_EDGE('',*,*,#779,.F.);
#1100=ORIENTED_EDGE('',*,*,#780,.F.);
#1101=ORIENTED_EDGE('',*,*,#781,.F.);
#1102=ORIENTED_EDGE('',*,*,#775,.T.);
#1103=ORIENTED_EDGE('',*,*,#782,.F.);
#1104=ORIENTED_EDGE('',*,*,#783,.F.);
#1105=ORIENTED_EDGE('',*,*,#784,.F.);
#1106=ORIENTED_EDGE('',*,*,#780,.T.);
#1107=ORIENTED_EDGE('',*,*,#778,.T.);
#1108=ORIENTED_EDGE('',*,*,#785,.F.);
#1109=ORIENTED_EDGE('',*,*,#786,.T.);
#1110=ORIENTED_EDGE('',*,*,#787,.F.);
#1111=ORIENTED_EDGE('',*,*,#777,.T.);
#1112=ORIENTED_EDGE('',*,*,#770,.F.);
#1113=ORIENTED_EDGE('',*,*,#765,.T.);
#1114=ORIENTED_EDGE('',*,*,#761,.F.);
#1115=ORIENTED_EDGE('',*,*,#776,.T.);
#1116=ORIENTED_EDGE('',*,*,#784,.T.);
#1117=ORIENTED_EDGE('',*,*,#788,.F.);
#1118=ORIENTED_EDGE('',*,*,#789,.F.);
#1119=ORIENTED_EDGE('',*,*,#790,.T.);
#1120=ORIENTED_EDGE('',*,*,#791,.T.);
#1121=ORIENTED_EDGE('',*,*,#792,.F.);
#1122=ORIENTED_EDGE('',*,*,#793,.F.);
#1123=ORIENTED_EDGE('',*,*,#794,.F.);
#1124=ORIENTED_EDGE('',*,*,#795,.F.);
#1125=ORIENTED_EDGE('',*,*,#796,.T.);
#1126=ORIENTED_EDGE('',*,*,#797,.F.);
#1127=ORIENTED_EDGE('',*,*,#798,.T.);
#1128=ORIENTED_EDGE('',*,*,#799,.T.);
#1129=ORIENTED_EDGE('',*,*,#800,.T.);
#1130=ORIENTED_EDGE('',*,*,#785,.T.);
#1131=ORIENTED_EDGE('',*,*,#801,.T.);
#1132=ORIENTED_EDGE('',*,*,#802,.T.);
#1133=ORIENTED_EDGE('',*,*,#789,.T.);
#1134=ORIENTED_EDGE('',*,*,#803,.T.);
#1135=ORIENTED_EDGE('',*,*,#802,.F.);
#1136=ORIENTED_EDGE('',*,*,#804,.F.);
#1137=ORIENTED_EDGE('',*,*,#805,.F.);
#1138=ORIENTED_EDGE('',*,*,#790,.F.);
#1139=ORIENTED_EDGE('',*,*,#806,.F.);
#1140=ORIENTED_EDGE('',*,*,#807,.T.);
#1141=ORIENTED_EDGE('',*,*,#808,.F.);
#1142=ORIENTED_EDGE('',*,*,#807,.F.);
#1143=ORIENTED_EDGE('',*,*,#796,.F.);
#1144=ORIENTED_EDGE('',*,*,#809,.T.);
#1145=ORIENTED_EDGE('',*,*,#810,.F.);
#1146=ORIENTED_EDGE('',*,*,#811,.F.);
#1147=ORIENTED_EDGE('',*,*,#797,.T.);
#1148=ORIENTED_EDGE('',*,*,#811,.T.);
#1149=ORIENTED_EDGE('',*,*,#812,.F.);
#1150=ORIENTED_EDGE('',*,*,#813,.F.);
#1151=ORIENTED_EDGE('',*,*,#806,.T.);
#1152=ORIENTED_EDGE('',*,*,#798,.F.);
#1153=ORIENTED_EDGE('',*,*,#813,.T.);
#1154=ORIENTED_EDGE('',*,*,#814,.F.);
#1155=ORIENTED_EDGE('',*,*,#815,.F.);
#1156=ORIENTED_EDGE('',*,*,#799,.F.);
#1157=ORIENTED_EDGE('',*,*,#815,.T.);
#1158=ORIENTED_EDGE('',*,*,#816,.F.);
#1159=ORIENTED_EDGE('',*,*,#817,.F.);
#1160=ORIENTED_EDGE('',*,*,#800,.F.);
#1161=ORIENTED_EDGE('',*,*,#817,.T.);
#1162=ORIENTED_EDGE('',*,*,#818,.F.);
#1163=ORIENTED_EDGE('',*,*,#786,.F.);
#1164=ORIENTED_EDGE('',*,*,#803,.F.);
#1165=ORIENTED_EDGE('',*,*,#788,.T.);
#1166=ORIENTED_EDGE('',*,*,#783,.T.);
#1167=ORIENTED_EDGE('',*,*,#819,.F.);
#1168=ORIENTED_EDGE('',*,*,#791,.F.);
#1169=ORIENTED_EDGE('',*,*,#805,.T.);
#1170=ORIENTED_EDGE('',*,*,#820,.F.);
#1171=ORIENTED_EDGE('',*,*,#821,.F.);
#1172=ORIENTED_EDGE('',*,*,#792,.T.);
#1173=ORIENTED_EDGE('',*,*,#821,.T.);
#1174=ORIENTED_EDGE('',*,*,#822,.F.);
#1175=ORIENTED_EDGE('',*,*,#823,.F.);
#1176=ORIENTED_EDGE('',*,*,#808,.T.);
#1177=ORIENTED_EDGE('',*,*,#793,.T.);
#1178=ORIENTED_EDGE('',*,*,#823,.T.);
#1179=ORIENTED_EDGE('',*,*,#824,.F.);
#1180=ORIENTED_EDGE('',*,*,#825,.F.);
#1181=ORIENTED_EDGE('',*,*,#794,.T.);
#1182=ORIENTED_EDGE('',*,*,#825,.T.);
#1183=ORIENTED_EDGE('',*,*,#826,.F.);
#1184=ORIENTED_EDGE('',*,*,#827,.F.);
#1185=ORIENTED_EDGE('',*,*,#795,.T.);
#1186=ORIENTED_EDGE('',*,*,#827,.T.);
#1187=ORIENTED_EDGE('',*,*,#828,.F.);
#1188=ORIENTED_EDGE('',*,*,#809,.F.);
#1189=ORIENTED_EDGE('',*,*,#781,.T.);
#1190=ORIENTED_EDGE('',*,*,#787,.T.);
#1191=ORIENTED_EDGE('',*,*,#818,.T.);
#1192=ORIENTED_EDGE('',*,*,#816,.T.);
#1193=ORIENTED_EDGE('',*,*,#814,.T.);
#1194=ORIENTED_EDGE('',*,*,#812,.T.);
#1195=ORIENTED_EDGE('',*,*,#810,.T.);
#1196=ORIENTED_EDGE('',*,*,#828,.T.);
#1197=ORIENTED_EDGE('',*,*,#826,.T.);
#1198=ORIENTED_EDGE('',*,*,#824,.T.);
#1199=ORIENTED_EDGE('',*,*,#822,.T.);
#1200=ORIENTED_EDGE('',*,*,#820,.T.);
#1201=ORIENTED_EDGE('',*,*,#804,.T.);
#1202=ORIENTED_EDGE('',*,*,#801,.F.);
#1203=ORIENTED_EDGE('',*,*,#819,.T.);
#1204=ORIENTED_EDGE('',*,*,#782,.T.);
#1205=ORIENTED_EDGE('',*,*,#774,.T.);
#1206=ORIENTED_EDGE('',*,*,#763,.F.);
#1207=ORIENTED_EDGE('',*,*,#768,.T.);
#1208=ORIENTED_EDGE('',*,*,#773,.F.);
#1209=PLANE('',#1335);
#1210=PLANE('',#1339);
#1211=PLANE('',#1340);
#1212=PLANE('',#1345);
#1213=PLANE('',#1346);
#1214=PLANE('',#1350);
#1215=PLANE('',#1353);
#1216=PLANE('',#1356);
#1217=PLANE('',#1359);
#1218=PLANE('',#1360);
#1219=PLANE('',#1361);
#1220=PLANE('',#1362);
#1221=PLANE('',#1365);
#1222=PLANE('',#1366);
#1223=PLANE('',#1367);
#1224=PLANE('',#1376);
#1225=PLANE('',#1377);
#1226=PLANE('',#1378);
#1227=PLANE('',#1386);
#1228=PLANE('',#1392);
#1229=PLANE('',#1393);
#1230=PLANE('',#1394);
#1231=PLANE('',#1395);
#1232=PLANE('',#1400);
#1233=PLANE('',#1403);
#1234=PLANE('',#1404);
#1235=PLANE('',#1405);
#1236=PLANE('',#1406);
#1237=PLANE('',#1415);
#1238=PLANE('',#1416);
#1239=PLANE('',#1417);
#1240=PLANE('',#1425);
#1241=PLANE('',#1431);
#1242=PLANE('',#1432);
#1243=PLANE('',#1433);
#1244=PLANE('',#1434);
#1245=PLANE('',#1439);
#1246=PLANE('',#1442);
#1247=PLANE('',#1443);
#1248=PLANE('',#1444);
#1249=ADVANCED_FACE('',(#123),#1209,.F.);
#1250=ADVANCED_FACE('',(#124),#105,.F.);
#1251=ADVANCED_FACE('',(#125),#1210,.F.);
#1252=ADVANCED_FACE('',(#126),#1211,.F.);
#1253=ADVANCED_FACE('',(#127),#1212,.T.);
#1254=ADVANCED_FACE('',(#128),#1213,.T.);
#1255=ADVANCED_FACE('',(#129),#106,.F.);
#1256=ADVANCED_FACE('',(#130),#1214,.T.);
#1257=ADVANCED_FACE('',(#131),#107,.T.);
#1258=ADVANCED_FACE('',(#132,#53),#1215,.T.);
#1259=ADVANCED_FACE('',(#133),#108,.T.);
#1260=ADVANCED_FACE('',(#134),#1216,.T.);
#1261=ADVANCED_FACE('',(#135),#109,.T.);
#1262=ADVANCED_FACE('',(#136),#1217,.T.);
#1263=ADVANCED_FACE('',(#137),#1218,.T.);
#1264=ADVANCED_FACE('',(#138),#1219,.T.);
#1265=ADVANCED_FACE('',(#139,#54),#1220,.T.);
#1266=ADVANCED_FACE('',(#140),#110,.F.);
#1267=ADVANCED_FACE('',(#141),#1221,.T.);
#1268=ADVANCED_FACE('',(#142),#1222,.T.);
#1269=ADVANCED_FACE('',(#143),#41,.T.);
#1270=ADVANCED_FACE('',(#144),#42,.T.);
#1271=ADVANCED_FACE('',(#145),#1223,.T.);
#1272=ADVANCED_FACE('',(#146),#43,.T.);
#1273=ADVANCED_FACE('',(#147),#13,.T.);
#1274=ADVANCED_FACE('',(#148),#14,.T.);
#1275=ADVANCED_FACE('',(#149),#15,.F.);
#1276=ADVANCED_FACE('',(#150),#1224,.T.);
#1277=ADVANCED_FACE('',(#151),#1225,.T.);
#1278=ADVANCED_FACE('',(#152),#1226,.F.);
#1279=ADVANCED_FACE('',(#153),#111,.T.);
#1280=ADVANCED_FACE('',(#154),#1227,.T.);
#1281=ADVANCED_FACE('',(#155),#112,.F.);
#1282=ADVANCED_FACE('',(#156),#113,.F.);
#1283=ADVANCED_FACE('',(#157,#55),#1228,.T.);
#1284=ADVANCED_FACE('',(#158),#1229,.T.);
#1285=ADVANCED_FACE('',(#159),#1230,.T.);
#1286=ADVANCED_FACE('',(#160),#1231,.T.);
#1287=ADVANCED_FACE('',(#161),#114,.T.);
#1288=ADVANCED_FACE('',(#162),#115,.F.);
#1289=ADVANCED_FACE('',(#163,#56),#1232,.T.);
#1290=ADVANCED_FACE('',(#164),#116,.T.);
#1291=ADVANCED_FACE('',(#165),#1233,.T.);
#1292=ADVANCED_FACE('',(#166),#1234,.T.);
#1293=ADVANCED_FACE('',(#167),#1235,.T.);
#1294=ADVANCED_FACE('',(#168),#44,.T.);
#1295=ADVANCED_FACE('',(#169),#1236,.F.);
#1296=ADVANCED_FACE('',(#170),#45,.T.);
#1297=ADVANCED_FACE('',(#171),#46,.T.);
#1298=ADVANCED_FACE('',(#172),#16,.F.);
#1299=ADVANCED_FACE('',(#173),#17,.T.);
#1300=ADVANCED_FACE('',(#174),#18,.T.);
#1301=ADVANCED_FACE('',(#175),#1237,.T.);
#1302=ADVANCED_FACE('',(#176),#1238,.T.);
#1303=ADVANCED_FACE('',(#177),#1239,.F.);
#1304=ADVANCED_FACE('',(#178),#117,.T.);
#1305=ADVANCED_FACE('',(#179),#1240,.T.);
#1306=ADVANCED_FACE('',(#180),#118,.F.);
#1307=ADVANCED_FACE('',(#181),#119,.F.);
#1308=ADVANCED_FACE('',(#182,#57),#1241,.T.);
#1309=ADVANCED_FACE('',(#183),#1242,.T.);
#1310=ADVANCED_FACE('',(#184),#1243,.T.);
#1311=ADVANCED_FACE('',(#185),#1244,.T.);
#1312=ADVANCED_FACE('',(#186),#120,.T.);
#1313=ADVANCED_FACE('',(#187),#121,.F.);
#1314=ADVANCED_FACE('',(#188,#58),#1245,.T.);
#1315=ADVANCED_FACE('',(#189),#122,.T.);
#1316=ADVANCED_FACE('',(#190),#1246,.T.);
#1317=ADVANCED_FACE('',(#191),#1247,.T.);
#1318=ADVANCED_FACE('',(#192),#1248,.T.);
#1319=CLOSED_SHELL('',(#1249,#1250,#1251,#1252,#1253,#1254,#1255,#1256,
#1257,#1258,#1259,#1260,#1261,#1262,#1263,#1264,#1265,#1266,#1267,#1268));
#1320=CLOSED_SHELL('',(#1269,#1270,#1271,#1272,#1273,#1274,#1275,#1276,
#1277,#1278,#1279,#1280,#1281,#1282,#1283,#1284,#1285,#1286,#1287,#1288,
#1289,#1290,#1291,#1292,#1293));
#1321=CLOSED_SHELL('',(#1294,#1295,#1296,#1297,#1298,#1299,#1300,#1301,
#1302,#1303,#1304,#1305,#1306,#1307,#1308,#1309,#1310,#1311,#1312,#1313,
#1314,#1315,#1316,#1317,#1318));
#1322=DERIVED_UNIT_ELEMENT(#1324,1.);
#1323=DERIVED_UNIT_ELEMENT(#2549,-3.);
#1324=(
MASS_UNIT()
NAMED_UNIT(*)
SI_UNIT(.KILO.,.GRAM.)
);
#1325=DERIVED_UNIT((#1322,#1323));
#1326=MEASURE_REPRESENTATION_ITEM('density measure',
POSITIVE_RATIO_MEASURE(7850.),#1325);
#1327=PROPERTY_DEFINITION_REPRESENTATION(#1332,#1329);
#1328=PROPERTY_DEFINITION_REPRESENTATION(#1333,#1330);
#1329=REPRESENTATION('material name',(#1331),#2544);
#1330=REPRESENTATION('density',(#1326),#2544);
#1331=DESCRIPTIVE_REPRESENTATION_ITEM('Steel','Steel');
#1332=PROPERTY_DEFINITION('material property','material name',#2557);
#1333=PROPERTY_DEFINITION('material property','density of part',#2557);
#1334=AXIS2_PLACEMENT_3D('',#1789,#1445,#1446);
#1335=AXIS2_PLACEMENT_3D('',#1790,#1447,#1448);
#1336=AXIS2_PLACEMENT_3D('',#1799,#1453,#1454);
#1337=AXIS2_PLACEMENT_3D('',#1801,#1455,#1456);
#1338=AXIS2_PLACEMENT_3D('',#1804,#1458,#1459);
#1339=AXIS2_PLACEMENT_3D('',#1805,#1460,#1461);
#1340=AXIS2_PLACEMENT_3D('',#1811,#1465,#1466);
#1341=AXIS2_PLACEMENT_3D('',#1815,#1468,#1469);
#1342=AXIS2_PLACEMENT_3D('',#1819,#1471,#1472);
#1343=AXIS2_PLACEMENT_3D('',#1823,#1474,#1475);
#1344=AXIS2_PLACEMENT_3D('',#1829,#1478,#1479);
#1345=AXIS2_PLACEMENT_3D('',#1839,#1485,#1486);
#1346=AXIS2_PLACEMENT_3D('',#1843,#1489,#1490);
#1347=AXIS2_PLACEMENT_3D('',#1849,#1494,#1495);
#1348=AXIS2_PLACEMENT_3D('',#1851,#1496,#1497);
#1349=AXIS2_PLACEMENT_3D('',#1854,#1499,#1500);
#1350=AXIS2_PLACEMENT_3D('',#1855,#1501,#1502);
#1351=AXIS2_PLACEMENT_3D('',#1861,#1506,#1507);
#1352=AXIS2_PLACEMENT_3D('',#1863,#1508,#1509);
#1353=AXIS2_PLACEMENT_3D('',#1865,#1511,#1512);
#1354=AXIS2_PLACEMENT_3D('',#1869,#1515,#1516);
#1355=AXIS2_PLACEMENT_3D('',#1871,#1517,#1518);
#1356=AXIS2_PLACEMENT_3D('',#1873,#1520,#1521);
#1357=AXIS2_PLACEMENT_3D('',#1877,#1524,#1525);
#1358=AXIS2_PLACEMENT_3D('',#1878,#1526,#1527);
#1359=AXIS2_PLACEMENT_3D('',#1879,#1528,#1529);
#1360=AXIS2_PLACEMENT_3D('',#1883,#1532,#1533);
#1361=AXIS2_PLACEMENT_3D('',#1885,#1535,#1536);
#1362=AXIS2_PLACEMENT_3D('',#1889,#1539,#1540);
#1363=AXIS2_PLACEMENT_3D('',#1893,#1543,#1544);
#1364=AXIS2_PLACEMENT_3D('',#1895,#1545,#1546);
#1365=AXIS2_PLACEMENT_3D('',#1897,#1548,#1549);
#1366=AXIS2_PLACEMENT_3D('',#1899,#1551,#1552);
#1367=AXIS2_PLACEMENT_3D('',#2025,#1553,#1554);
#1368=AXIS2_PLACEMENT_3D('',#2110,#1557,#1558);
#1369=AXIS2_PLACEMENT_3D('',#2112,#1559,#1560);
#1370=AXIS2_PLACEMENT_3D('',#2115,#1562,#1563);
#1371=AXIS2_PLACEMENT_3D('',#2116,#1564,#1565);
#1372=AXIS2_PLACEMENT_3D('',#2119,#1567,#1568);
#1373=AXIS2_PLACEMENT_3D('',#2120,#1569,#1570);
#1374=AXIS2_PLACEMENT_3D('',#2122,#1571,#1572);
#1375=AXIS2_PLACEMENT_3D('',#2125,#1574,#1575);
#1376=AXIS2_PLACEMENT_3D('',#2126,#1576,#1577);
#1377=AXIS2_PLACEMENT_3D('',#2132,#1581,#1582);
#1378=AXIS2_PLACEMENT_3D('',#2138,#1586,#1587);
#1379=AXIS2_PLACEMENT_3D('',#2140,#1588,#1589);
#1380=AXIS2_PLACEMENT_3D('',#2142,#1590,#1591);
#1381=AXIS2_PLACEMENT_3D('',#2146,#1593,#1594);
#1382=AXIS2_PLACEMENT_3D('',#2150,#1596,#1597);
#1383=AXIS2_PLACEMENT_3D('',#2156,#1600,#1601);
#1384=AXIS2_PLACEMENT_3D('',#2164,#1606,#1607);
#1385=AXIS2_PLACEMENT_3D('',#2167,#1608,#1609);
#1386=AXIS2_PLACEMENT_3D('',#2170,#1612,#1613);
#1387=AXIS2_PLACEMENT_3D('',#2174,#1616,#1617);
#1388=AXIS2_PLACEMENT_3D('',#2176,#1618,#1619);
#1389=AXIS2_PLACEMENT_3D('',#2179,#1621,#1622);
#1390=AXIS2_PLACEMENT_3D('',#2180,#1623,#1624);
#1391=AXIS2_PLACEMENT_3D('',#2184,#1626,#1627);
#1392=AXIS2_PLACEMENT_3D('',#2186,#1629,#1630);
#1393=AXIS2_PLACEMENT_3D('',#2190,#1633,#1634);
#1394=AXIS2_PLACEMENT_3D('',#2194,#1637,#1638);
#1395=AXIS2_PLACEMENT_3D('',#2198,#1641,#1642);
#1396=AXIS2_PLACEMENT_3D('',#2200,#1644,#1645);
#1397=AXIS2_PLACEMENT_3D('',#2201,#1646,#1647);
#1398=AXIS2_PLACEMENT_3D('',#2202,#1648,#1649);
#1399=AXIS2_PLACEMENT_3D('',#2204,#1650,#1651);
#1400=AXIS2_PLACEMENT_3D('',#2206,#1653,#1654);
#1401=AXIS2_PLACEMENT_3D('',#2210,#1657,#1658);
#1402=AXIS2_PLACEMENT_3D('',#2212,#1659,#1660);
#1403=AXIS2_PLACEMENT_3D('',#2214,#1662,#1663);
#1404=AXIS2_PLACEMENT_3D('',#2218,#1666,#1667);
#1405=AXIS2_PLACEMENT_3D('',#2220,#1669,#1670);
#1406=AXIS2_PLACEMENT_3D('',#2303,#1671,#1672);
#1407=AXIS2_PLACEMENT_3D('',#2431,#1675,#1676);
#1408=AXIS2_PLACEMENT_3D('',#2433,#1677,#1678);
#1409=AXIS2_PLACEMENT_3D('',#2436,#1680,#1681);
#1410=AXIS2_PLACEMENT_3D('',#2437,#1682,#1683);
#1411=AXIS2_PLACEMENT_3D('',#2439,#1684,#1685);
#1412=AXIS2_PLACEMENT_3D('',#2442,#1687,#1688);
#1413=AXIS2_PLACEMENT_3D('',#2443,#1689,#1690);
#1414=AXIS2_PLACEMENT_3D('',#2446,#1692,#1693);
#1415=AXIS2_PLACEMENT_3D('',#2447,#1694,#1695);
#1416=AXIS2_PLACEMENT_3D('',#2453,#1699,#1700);
#1417=AXIS2_PLACEMENT_3D('',#2459,#1704,#1705);
#1418=AXIS2_PLACEMENT_3D('',#2461,#1706,#1707);
#1419=AXIS2_PLACEMENT_3D('',#2463,#1708,#1709);
#1420=AXIS2_PLACEMENT_3D('',#2467,#1711,#1712);
#1421=AXIS2_PLACEMENT_3D('',#2471,#1714,#1715);
#1422=AXIS2_PLACEMENT_3D('',#2477,#1718,#1719);
#1423=AXIS2_PLACEMENT_3D('',#2485,#1724,#1725);
#1424=AXIS2_PLACEMENT_3D('',#2488,#1726,#1727);
#1425=AXIS2_PLACEMENT_3D('',#2491,#1730,#1731);
#1426=AXIS2_PLACEMENT_3D('',#2495,#1734,#1735);
#1427=AXIS2_PLACEMENT_3D('',#2497,#1736,#1737);
#1428=AXIS2_PLACEMENT_3D('',#2500,#1739,#1740);
#1429=AXIS2_PLACEMENT_3D('',#2501,#1741,#1742);
#1430=AXIS2_PLACEMENT_3D('',#2505,#1744,#1745);
#1431=AXIS2_PLACEMENT_3D('',#2507,#1747,#1748);
#1432=AXIS2_PLACEMENT_3D('',#2511,#1751,#1752);
#1433=AXIS2_PLACEMENT_3D('',#2515,#1755,#1756);
#1434=AXIS2_PLACEMENT_3D('',#2519,#1759,#1760);
#1435=AXIS2_PLACEMENT_3D('',#2521,#1762,#1763);
#1436=AXIS2_PLACEMENT_3D('',#2522,#1764,#1765);
#1437=AXIS2_PLACEMENT_3D('',#2523,#1766,#1767);
#1438=AXIS2_PLACEMENT_3D('',#2525,#1768,#1769);
#1439=AXIS2_PLACEMENT_3D('',#2527,#1771,#1772);
#1440=AXIS2_PLACEMENT_3D('',#2531,#1775,#1776);
#1441=AXIS2_PLACEMENT_3D('',#2533,#1777,#1778);
#1442=AXIS2_PLACEMENT_3D('',#2535,#1780,#1781);
#1443=AXIS2_PLACEMENT_3D('',#2539,#1784,#1785);
#1444=AXIS2_PLACEMENT_3D('',#2541,#1787,#1788);
#1445=DIRECTION('axis',(0.,0.,1.));
#1446=DIRECTION('refdir',(1.,0.,0.));
#1447=DIRECTION('center_axis',(1.,0.,0.));
#1448=DIRECTION('ref_axis',(0.,-1.,-8.22513988332427E-47));
#1449=DIRECTION('',(0.,-1.,-2.53963516883004E-15));
#1450=DIRECTION('',(0.,0.,-1.));
#1451=DIRECTION('',(0.,1.,2.53963516883004E-15));
#1452=DIRECTION('',(0.,2.62257407391769E-15,-1.));
#1453=DIRECTION('center_axis',(0.,0.,-1.));
#1454=DIRECTION('ref_axis',(-1.,0.,0.));
#1455=DIRECTION('center_axis',(0.,2.53963516883004E-15,-1.));
#1456=DIRECTION('ref_axis',(-1.,0.,0.));
#1457=DIRECTION('',(0.,0.,-1.));
#1458=DIRECTION('center_axis',(0.,-2.53963516883004E-15,1.));
#1459=DIRECTION('ref_axis',(-1.,0.,0.));
#1460=DIRECTION('center_axis',(-1.,0.,0.));
#1461=DIRECTION('ref_axis',(0.,1.,0.));
#1462=DIRECTION('',(0.,1.,2.53963516883004E-15));
#1463=DIRECTION('',(0.,-2.62257407391769E-15,1.));
#1464=DIRECTION('',(0.,-1.,-2.53963516883004E-15));
#1465=DIRECTION('center_axis',(0.,-2.53963516883004E-15,1.));
#1466=DIRECTION('ref_axis',(-1.,0.,0.));
#1467=DIRECTION('',(-1.,3.49482458124599E-16,8.87557941542404E-31));
#1468=DIRECTION('center_axis',(0.,2.53963516883004E-15,-1.));
#1469=DIRECTION('ref_axis',(-0.866025403784439,0.5,1.26981758441502E-15));
#1470=DIRECTION('',(0.5,0.866025403784439,2.1993885725512E-15));
#1471=DIRECTION('center_axis',(0.,2.53963516883004E-15,-1.));
#1472=DIRECTION('ref_axis',(1.74838271594513E-15,1.,2.53963516883004E-15));
#1473=DIRECTION('',(1.,-1.71737468796676E-15,-4.36150515561891E-30));
#1474=DIRECTION('center_axis',(0.,2.53963516883004E-15,-1.));
#1475=DIRECTION('ref_axis',(1.,-1.74838271594513E-15,-4.44025423398885E-30));
#1476=DIRECTION('',(-1.49861375652441E-15,-1.,-2.53963516883004E-15));
#1477=DIRECTION('',(-1.,-4.19611851826831E-15,-1.06566101615732E-29));
#1478=DIRECTION('center_axis',(0.,-2.53963516883004E-15,1.));
#1479=DIRECTION('ref_axis',(-1.,0.,0.));
#1480=DIRECTION('',(-1.,-2.94720827168601E-15,-7.4848337766406E-30));
#1481=DIRECTION('',(-0.499999999999999,0.866025403784439,2.1993885725512E-15));
#1482=DIRECTION('',(-1.,1.21131507803689E-15,3.07629837271659E-30));
#1483=DIRECTION('',(-0.5,-0.866025403784438,-2.1993885725512E-15));
#1484=DIRECTION('',(-1.,3.49482458124599E-16,8.87557941542404E-31));
#1485=DIRECTION('center_axis',(-3.49482458124599E-16,-1.,-2.62257407391769E-15));
#1486=DIRECTION('ref_axis',(-1.,3.49482458124599E-16,8.87557941542404E-31));
#1487=DIRECTION('',(1.,-3.49482458124599E-16,-8.87557941542404E-31));
#1488=DIRECTION('',(0.,2.62257407391769E-15,-1.));
#1489=DIRECTION('center_axis',(-1.21131507803689E-15,-1.,-2.62257407391769E-15));
#1490=DIRECTION('ref_axis',(-1.,1.21131507803689E-15,3.07629837271659E-30));
#1491=DIRECTION('',(-1.,1.21131507803689E-15,3.07629837271659E-30));
#1492=DIRECTION('',(0.,2.62257407391769E-15,-1.));
#1493=DIRECTION('',(0.,2.62257407391769E-15,-1.));
#1494=DIRECTION('center_axis',(4.18731529364105E-16,1.,2.62257407391769E-15));
#1495=DIRECTION('ref_axis',(0.,2.62257407391769E-15,-1.));
#1496=DIRECTION('center_axis',(-2.94720827168601E-15,1.,2.62257407391769E-15));
#1497=DIRECTION('ref_axis',(0.,2.62257407391769E-15,-1.));
#1498=DIRECTION('',(4.18731529364105E-16,1.,2.62257407391769E-15));
#1499=DIRECTION('center_axis',(-1.71737468796676E-15,-1.,-2.62257407391769E-15));
#1500=DIRECTION('ref_axis',(0.,2.62257407391769E-15,-1.));
#1501=DIRECTION('center_axis',(1.,-1.49861375652441E-15,-3.93022558467731E-30));
#1502=DIRECTION('ref_axis',(-1.49861375652441E-15,-1.,-2.53963516883004E-15));
#1503=DIRECTION('',(1.49861375652441E-15,1.,2.53963516883004E-15));
#1504=DIRECTION('',(0.,2.62257407391769E-15,-1.));
#1505=DIRECTION('',(0.,2.62257407391769E-15,-1.));
#1506=DIRECTION('center_axis',(0.,2.62257407391769E-15,-1.));
#1507=DIRECTION('ref_axis',(1.,-1.74838271594513E-15,-4.5852631821235E-30));
#1508=DIRECTION('center_axis',(0.,-2.53963516883004E-15,1.));
#1509=DIRECTION('ref_axis',(1.,-1.74838271594513E-15,-4.44025423398885E-30));
#1510=DIRECTION('',(0.,2.62257407391769E-15,-1.));
#1511=DIRECTION('center_axis',(1.71737468796676E-15,1.,2.62257407391769E-15));
#1512=DIRECTION('ref_axis',(1.,-1.71737468796676E-15,-4.36150515561891E-30));
#1513=DIRECTION('',(1.,-1.71737468796676E-15,-4.36150515561891E-30));
#1514=DIRECTION('',(0.,2.62257407391769E-15,-1.));
#1515=DIRECTION('center_axis',(0.,2.62257407391769E-15,-1.));
#1516=DIRECTION('ref_axis',(1.74838271594513E-15,1.,2.62257407391769E-15));
#1517=DIRECTION('center_axis',(0.,-2.53963516883004E-15,1.));
#1518=DIRECTION('ref_axis',(1.74838271594513E-15,1.,2.53963516883004E-15));
#1519=DIRECTION('',(0.,2.62257407391769E-15,-1.));
#1520=DIRECTION('center_axis',(-0.866025403784439,0.5,1.31128703695885E-15));
#1521=DIRECTION('ref_axis',(0.5,0.866025403784439,2.1993885725512E-15));
#1522=DIRECTION('',(-0.5,-0.866025403784439,-2.1993885725512E-15));
#1523=DIRECTION('',(0.,2.62257407391769E-15,-1.));
#1524=DIRECTION('center_axis',(0.,2.62257407391769E-15,-1.));
#1525=DIRECTION('ref_axis',(-0.866025403784439,0.5,1.31128703695885E-15));
#1526=DIRECTION('center_axis',(0.,-2.53963516883004E-15,1.));
#1527=DIRECTION('ref_axis',(-0.866025403784439,0.5,1.26981758441502E-15));
#1528=DIRECTION('center_axis',(-3.49482458124599E-16,-1.,-2.62257407391769E-15));
#1529=DIRECTION('ref_axis',(-1.,3.49482458124599E-16,8.87557941542404E-31));
#1530=DIRECTION('',(0.,2.62257407391769E-15,-1.));
#1531=DIRECTION('',(1.,-3.49482458124599E-16,-8.87557941542404E-31));
#1532=DIRECTION('center_axis',(0.866025403784439,-0.5,-1.31128703695885E-15));
#1533=DIRECTION('ref_axis',(-0.5,-0.866025403784438,-2.1993885725512E-15));
#1534=DIRECTION('',(-0.5,-0.866025403784439,-2.1993885725512E-15));
#1535=DIRECTION('center_axis',(-0.866025403784439,-0.499999999999999,-1.31128703695884E-15));
#1536=DIRECTION('ref_axis',(-0.499999999999999,0.866025403784439,2.1993885725512E-15));
#1537=DIRECTION('',(0.,2.62257407391769E-15,-1.));
#1538=DIRECTION('',(-0.499999999999999,0.866025403784439,2.1993885725512E-15));
#1539=DIRECTION('center_axis',(2.94720827168601E-15,-1.,-2.62257407391769E-15));
#1540=DIRECTION('ref_axis',(-1.,-2.94720827168601E-15,-7.4848337766406E-30));
#1541=DIRECTION('',(-1.,-2.94720827168601E-15,-7.4848337766406E-30));
#1542=DIRECTION('',(0.,2.62257407391769E-15,-1.));
#1543=DIRECTION('center_axis',(0.,2.62257407391769E-15,-1.));
#1544=DIRECTION('ref_axis',(-1.,0.,0.));
#1545=DIRECTION('center_axis',(0.,-2.53963516883004E-15,1.));
#1546=DIRECTION('ref_axis',(-1.,0.,0.));
#1547=DIRECTION('',(0.,2.62257407391769E-15,-1.));
#1548=DIRECTION('center_axis',(4.19611851826831E-15,-1.,-2.62257407391769E-15));
#1549=DIRECTION('ref_axis',(-1.,-4.19611851826831E-15,-1.06566101615732E-29));
#1550=DIRECTION('',(1.,4.19611851826831E-15,1.06566101615732E-29));
#1551=DIRECTION('center_axis',(0.,-2.53963516883004E-15,1.));
#1552=DIRECTION('ref_axis',(-1.,0.,0.));
#1553=DIRECTION('center_axis',(-0.866025403784439,-0.5,0.));
#1554=DIRECTION('ref_axis',(0.5,-0.866025403784439,0.));
#1555=DIRECTION('',(0.5,-0.866025403784439,-2.1993885725512E-15));
#1556=DIRECTION('',(-0.5,0.866025403784439,2.1993885725512E-15));
#1557=DIRECTION('center_axis',(0.,0.,-1.));
#1558=DIRECTION('ref_axis',(-1.,0.,0.));
#1559=DIRECTION('center_axis',(0.,2.53963516883004E-15,-1.));
#1560=DIRECTION('ref_axis',(-1.,0.,0.));
#1561=DIRECTION('',(-0.198627772587886,2.57674880740795E-15,-0.98007500118959));
#1562=DIRECTION('center_axis',(0.,0.,-1.));
#1563=DIRECTION('ref_axis',(-1.,1.91450830731207E-16,0.));
#1564=DIRECTION('center_axis',(0.,0.,-1.));
#1565=DIRECTION('ref_axis',(-1.,0.,0.));
#1566=DIRECTION('',(-0.184288535050185,2.5855265954652E-15,-0.982872186934322));
#1567=DIRECTION('center_axis',(0.,-2.53963516883004E-15,1.));
#1568=DIRECTION('ref_axis',(-1.,0.,0.));
#1569=DIRECTION('center_axis',(0.,0.,-1.));
#1570=DIRECTION('ref_axis',(-1.,0.,0.));
#1571=DIRECTION('center_axis',(0.,2.53963516883004E-15,-1.));
#1572=DIRECTION('ref_axis',(-1.,0.,0.));
#1573=DIRECTION('',(0.184288535050185,-2.61424420890358E-15,0.982872186934322));
#1574=DIRECTION('center_axis',(0.,-2.53963516883004E-15,1.));
#1575=DIRECTION('ref_axis',(-1.,0.,0.));
#1576=DIRECTION('center_axis',(-6.99197755953136E-17,-1.,-2.62257407391769E-15));
#1577=DIRECTION('ref_axis',(1.,-6.99197755953136E-17,-1.77570721098563E-31));
#1578=DIRECTION('',(1.,-6.99197755953136E-17,-1.77570721098563E-31));
#1579=DIRECTION('',(0.,-2.62257407391769E-15,1.));
#1580=DIRECTION('',(-1.,6.99197755953136E-17,1.77570721098563E-31));
#1581=DIRECTION('center_axis',(-6.99197755953136E-17,-1.,-2.62257407391769E-15));
#1582=DIRECTION('ref_axis',(1.,-6.99197755953136E-17,-1.77570721098563E-31));
#1583=DIRECTION('',(-1.,6.99197755953136E-17,1.77570721098563E-31));
#1584=DIRECTION('',(0.,-2.62257407391769E-15,1.));
#1585=DIRECTION('',(1.,-6.99197755953136E-17,-1.77570721098563E-31));
#1586=DIRECTION('center_axis',(0.,-2.53963516883004E-15,1.));
#1587=DIRECTION('ref_axis',(-1.,0.,0.));
#1588=DIRECTION('center_axis',(0.,-2.53963516883004E-15,1.));
#1589=DIRECTION('ref_axis',(-1.,0.,0.));
#1590=DIRECTION('center_axis',(0.,-2.53963516883004E-15,1.));
#1591=DIRECTION('ref_axis',(0.650443635587992,0.759554525312749,2.68798496946568E-15));
#1592=DIRECTION('',(0.,-1.,-2.53963516883004E-15));
#1593=DIRECTION('center_axis',(0.,-2.53963516883004E-15,1.));
#1594=DIRECTION('ref_axis',(-1.,1.74838271594513E-15,4.44025423398885E-30));
#1595=DIRECTION('',(-1.,4.49275444457575E-16,1.14099571923621E-30));
#1596=DIRECTION('center_axis',(0.,-2.53963516883004E-15,1.));
#1597=DIRECTION('ref_axis',(1.,0.,0.));
#1598=DIRECTION('',(0.,1.,2.53963516883004E-15));
#1599=DIRECTION('',(1.,0.,0.));
#1600=DIRECTION('center_axis',(0.,-2.53963516883004E-15,1.));
#1601=DIRECTION('ref_axis',(-1.,0.,0.));
#1602=DIRECTION('',(1.,-4.66235390918701E-16,-1.18406779573036E-30));
#1603=DIRECTION('',(-0.5,0.866025403784439,2.1993885725512E-15));
#1604=DIRECTION('',(-1.,0.,0.));
#1605=DIRECTION('',(-0.5,-0.866025403784439,-2.1993885725512E-15));
#1606=DIRECTION('center_axis',(0.,-2.62257407391769E-15,1.));
#1607=DIRECTION('ref_axis',(0.650443635587992,0.759554525312749,2.68798496946568E-15));
#1608=DIRECTION('center_axis',(0.,2.53963516883004E-15,-1.));
#1609=DIRECTION('ref_axis',(0.650443635587992,0.759554525312749,2.68798496946568E-15));
#1610=DIRECTION('',(0.,2.62257407391769E-15,-1.));
#1611=DIRECTION('',(0.,-2.62257407391769E-15,1.));
#1612=DIRECTION('center_axis',(1.,0.,0.));
#1613=DIRECTION('ref_axis',(0.,1.,2.53963516883004E-15));
#1614=DIRECTION('',(0.,1.,2.53963516883004E-15));
#1615=DIRECTION('',(0.,-2.62257407391769E-15,1.));
#1616=DIRECTION('center_axis',(0.,1.,0.));
#1617=DIRECTION('ref_axis',(0.,0.,-1.));
#1618=DIRECTION('center_axis',(4.66235390918701E-16,1.,2.62257407391769E-15));
#1619=DIRECTION('ref_axis',(0.,0.,-1.));
#1620=DIRECTION('',(0.,1.,0.));
#1621=DIRECTION('center_axis',(-4.49275444457575E-16,-1.,-2.62257407391769E-15));
#1622=DIRECTION('ref_axis',(0.,0.,-1.));
#1623=DIRECTION('center_axis',(0.,-2.62257407391769E-15,1.));
#1624=DIRECTION('ref_axis',(-1.,0.,0.));
#1625=DIRECTION('',(0.,-2.62257407391769E-15,1.));
#1626=DIRECTION('center_axis',(0.,2.53963516883004E-15,-1.));
#1627=DIRECTION('ref_axis',(-1.,0.,0.));
#1628=DIRECTION('',(0.,-2.62257407391769E-15,1.));
#1629=DIRECTION('center_axis',(-4.66235390918701E-16,-1.,-2.62257407391769E-15));
#1630=DIRECTION('ref_axis',(1.,-4.66235390918701E-16,-1.18406779573036E-30));
#1631=DIRECTION('',(1.,-4.66235390918701E-16,-1.18406779573036E-30));
#1632=DIRECTION('',(0.,-2.62257407391769E-15,1.));
#1633=DIRECTION('center_axis',(-0.866025403784439,-0.5,-1.31128703695885E-15));
#1634=DIRECTION('ref_axis',(0.5,-0.866025403784439,-2.1993885725512E-15));
#1635=DIRECTION('',(0.5,-0.866025403784439,-2.1993885725512E-15));
#1636=DIRECTION('',(0.,-2.62257407391769E-15,1.));
#1637=DIRECTION('center_axis',(0.,-1.,-2.62257407391769E-15));
#1638=DIRECTION('ref_axis',(1.,0.,0.));
#1639=DIRECTION('',(1.,0.,0.));
#1640=DIRECTION('',(0.,-2.62257407391769E-15,1.));
#1641=DIRECTION('center_axis',(0.866025403784439,-0.5,-1.31128703695885E-15));
#1642=DIRECTION('ref_axis',(0.5,0.866025403784439,2.1993885725512E-15));
#1643=DIRECTION('',(0.5,0.866025403784439,2.1993885725512E-15));
#1644=DIRECTION('center_axis',(0.,-2.62257407391769E-15,1.));
#1645=DIRECTION('ref_axis',(-1.,0.,0.));
#1646=DIRECTION('center_axis',(0.,-2.53963516883004E-15,1.));
#1647=DIRECTION('ref_axis',(-1.,0.,0.));
#1648=DIRECTION('center_axis',(0.,-2.62257407391769E-15,1.));
#1649=DIRECTION('ref_axis',(-1.,1.74838271594513E-15,4.5852631821235E-30));
#1650=DIRECTION('center_axis',(0.,2.53963516883004E-15,-1.));
#1651=DIRECTION('ref_axis',(-1.,1.74838271594513E-15,4.44025423398885E-30));
#1652=DIRECTION('',(0.,-2.62257407391769E-15,1.));
#1653=DIRECTION('center_axis',(4.49275444457575E-16,1.,2.62257407391769E-15));
#1654=DIRECTION('ref_axis',(-1.,4.49275444457575E-16,1.14099571923621E-30));
#1655=DIRECTION('',(-1.,4.49275444457575E-16,1.14099571923621E-30));
#1656=DIRECTION('',(0.,-2.62257407391769E-15,1.));
#1657=DIRECTION('center_axis',(0.,-2.62257407391769E-15,1.));
#1658=DIRECTION('ref_axis',(1.,0.,0.));
#1659=DIRECTION('center_axis',(0.,-2.53963516883004E-15,1.));
#1660=DIRECTION('ref_axis',(1.,0.,0.));
#1661=DIRECTION('',(0.,-2.62257407391769E-15,1.));
#1662=DIRECTION('center_axis',(1.,0.,0.));
#1663=DIRECTION('ref_axis',(0.,1.,2.53963516883004E-15));
#1664=DIRECTION('',(0.,1.,2.53963516883004E-15));
#1665=DIRECTION('',(0.,-2.62257407391769E-15,1.));
#1666=DIRECTION('center_axis',(0.,-1.,-2.62257407391769E-15));
#1667=DIRECTION('ref_axis',(1.,0.,0.));
#1668=DIRECTION('',(1.,0.,0.));
#1669=DIRECTION('center_axis',(0.,-2.53963516883004E-15,1.));
#1670=DIRECTION('ref_axis',(-1.,0.,0.));
#1671=DIRECTION('center_axis',(0.866025403784439,-0.5,0.));
#1672=DIRECTION('ref_axis',(0.5,0.866025403784439,0.));
#1673=DIRECTION('',(-0.5,-0.866025403784439,-2.09333104867871E-15));
#1674=DIRECTION('',(0.5,0.866025403784439,2.09333104867871E-15));
#1675=DIRECTION('center_axis',(0.,0.,-1.));
#1676=DIRECTION('ref_axis',(-1.,0.,0.));
#1677=DIRECTION('center_axis',(0.,-2.41717048891531E-15,1.));
#1678=DIRECTION('ref_axis',(-1.,0.,0.));
#1679=DIRECTION('',(-0.184288535050185,2.41314850052638E-15,-0.982872186934322));
#1680=DIRECTION('center_axis',(0.,2.41717048891531E-15,-1.));
#1681=DIRECTION('ref_axis',(-1.,0.,0.));
#1682=DIRECTION('center_axis',(0.,0.,-1.));
#1683=DIRECTION('ref_axis',(-1.,0.,0.));
#1684=DIRECTION('center_axis',(0.,-2.41717048891531E-15,1.));
#1685=DIRECTION('ref_axis',(-1.,0.,0.));
#1686=DIRECTION('',(0.184288535050185,-2.43564099572809E-15,0.982872186934322));
#1687=DIRECTION('center_axis',(0.,0.,1.));
#1688=DIRECTION('ref_axis',(-1.,0.,0.));
#1689=DIRECTION('center_axis',(0.,0.,-1.));
#1690=DIRECTION('ref_axis',(-1.,0.,0.));
#1691=DIRECTION('',(0.198627772587886,-2.46787209723578E-15,0.98007500118959));
#1692=DIRECTION('center_axis',(0.,2.41717048891531E-15,-1.));
#1693=DIRECTION('ref_axis',(-1.,0.,0.));
#1694=DIRECTION('center_axis',(-6.99197755953136E-17,1.,2.50010939400296E-15));
#1695=DIRECTION('ref_axis',(1.,6.99197755953136E-17,1.69008018160573E-31));
#1696=DIRECTION('',(1.,6.99197755953136E-17,1.69008018160573E-31));
#1697=DIRECTION('',(0.,2.50010939400296E-15,-1.));
#1698=DIRECTION('',(-1.,-6.99197755953136E-17,-1.69008018160573E-31));
#1699=DIRECTION('center_axis',(-6.99197755953136E-17,1.,2.50010939400296E-15));
#1700=DIRECTION('ref_axis',(1.,6.99197755953136E-17,1.69008018160573E-31));
#1701=DIRECTION('',(-1.,-6.99197755953136E-17,-1.69008018160573E-31));
#1702=DIRECTION('',(0.,2.50010939400296E-15,-1.));
#1703=DIRECTION('',(1.,6.99197755953136E-17,1.69008018160573E-31));
#1704=DIRECTION('center_axis',(0.,2.41717048891531E-15,-1.));
#1705=DIRECTION('ref_axis',(-1.,0.,0.));
#1706=DIRECTION('center_axis',(0.,2.41717048891531E-15,-1.));
#1707=DIRECTION('ref_axis',(-1.,0.,0.));
#1708=DIRECTION('center_axis',(0.,2.41717048891531E-15,-1.));
#1709=DIRECTION('ref_axis',(0.650443635587992,-0.759554525312749,-2.59496636764546E-15));
#1710=DIRECTION('',(0.,1.,2.41717048891531E-15));
#1711=DIRECTION('center_axis',(0.,2.41717048891531E-15,-1.));
#1712=DIRECTION('ref_axis',(-1.,-1.74838271594513E-15,-4.22613910431217E-30));
#1713=DIRECTION('',(-1.,-4.49275444457575E-16,-1.08597534573716E-30));
#1714=DIRECTION('center_axis',(0.,2.41717048891531E-15,-1.));
#1715=DIRECTION('ref_axis',(1.,0.,0.));
#1716=DIRECTION('',(0.,-1.,-2.41717048891531E-15));
#1717=DIRECTION('',(1.,0.,0.));
#1718=DIRECTION('center_axis',(0.,2.41717048891531E-15,-1.));
#1719=DIRECTION('ref_axis',(-1.,0.,0.));
#1720=DIRECTION('',(1.,4.66235390918701E-16,1.12697042781658E-30));
#1721=DIRECTION('',(-0.5,-0.866025403784439,-2.09333104867871E-15));
#1722=DIRECTION('',(-1.,0.,0.));
#1723=DIRECTION('',(-0.5,0.866025403784439,2.09333104867871E-15));
#1724=DIRECTION('center_axis',(0.,2.50010939400296E-15,-1.));
#1725=DIRECTION('ref_axis',(0.650443635587992,-0.759554525312749,-2.59496636764546E-15));
#1726=DIRECTION('center_axis',(0.,-2.41717048891531E-15,1.));
#1727=DIRECTION('ref_axis',(0.650443635587992,-0.759554525312749,-2.59496636764546E-15));
#1728=DIRECTION('',(0.,-2.50010939400296E-15,1.));
#1729=DIRECTION('',(0.,2.50010939400296E-15,-1.));
#1730=DIRECTION('center_axis',(1.,0.,0.));
#1731=DIRECTION('ref_axis',(0.,-1.,-2.41717048891531E-15));
#1732=DIRECTION('',(0.,-1.,-2.41717048891531E-15));
#1733=DIRECTION('',(0.,2.50010939400296E-15,-1.));
#1734=DIRECTION('center_axis',(0.,-1.,1.22464679914735E-16));
#1735=DIRECTION('ref_axis',(0.,1.22464679914735E-16,1.));
#1736=DIRECTION('center_axis',(4.66235390918701E-16,-1.,-2.50010939400296E-15));
#1737=DIRECTION('ref_axis',(0.,1.22464679914735E-16,1.));
#1738=DIRECTION('',(0.,-1.,1.22464679914735E-16));
#1739=DIRECTION('center_axis',(-4.49275444457575E-16,1.,2.50010939400296E-15));
#1740=DIRECTION('ref_axis',(0.,1.22464679914735E-16,1.));
#1741=DIRECTION('center_axis',(0.,2.50010939400296E-15,-1.));
#1742=DIRECTION('ref_axis',(-1.,0.,0.));
#1743=DIRECTION('',(0.,2.50010939400296E-15,-1.));
#1744=DIRECTION('center_axis',(0.,-2.41717048891531E-15,1.));
#1745=DIRECTION('ref_axis',(-1.,0.,0.));
#1746=DIRECTION('',(0.,2.50010939400296E-15,-1.));
#1747=DIRECTION('center_axis',(-4.66235390918701E-16,1.,2.50010939400296E-15));
#1748=DIRECTION('ref_axis',(1.,4.66235390918701E-16,1.12697042781658E-30));
#1749=DIRECTION('',(1.,4.66235390918701E-16,1.12697042781658E-30));
#1750=DIRECTION('',(0.,2.50010939400296E-15,-1.));
#1751=DIRECTION('center_axis',(-0.866025403784439,0.5,1.25005469700148E-15));
#1752=DIRECTION('ref_axis',(0.5,0.866025403784439,2.09333104867871E-15));
#1753=DIRECTION('',(0.5,0.866025403784439,2.09333104867871E-15));
#1754=DIRECTION('',(0.,2.50010939400296E-15,-1.));
#1755=DIRECTION('center_axis',(0.,1.,2.50010939400296E-15));
#1756=DIRECTION('ref_axis',(1.,0.,0.));
#1757=DIRECTION('',(1.,0.,0.));
#1758=DIRECTION('',(0.,2.50010939400296E-15,-1.));
#1759=DIRECTION('center_axis',(0.866025403784439,0.5,1.25005469700148E-15));
#1760=DIRECTION('ref_axis',(0.5,-0.866025403784439,-2.09333104867871E-15));
#1761=DIRECTION('',(0.5,-0.866025403784439,-2.09333104867871E-15));
#1762=DIRECTION('center_axis',(0.,2.50010939400296E-15,-1.));
#1763=DIRECTION('ref_axis',(-1.,0.,0.));
#1764=DIRECTION('center_axis',(0.,2.41717048891531E-15,-1.));
#1765=DIRECTION('ref_axis',(-1.,0.,0.));
#1766=DIRECTION('center_axis',(0.,2.50010939400296E-15,-1.));
#1767=DIRECTION('ref_axis',(-1.,-1.74838271594513E-15,-4.37114805244683E-30));
#1768=DIRECTION('center_axis',(0.,-2.41717048891531E-15,1.));
#1769=DIRECTION('ref_axis',(-1.,-1.74838271594513E-15,-4.22613910431217E-30));
#1770=DIRECTION('',(0.,2.50010939400296E-15,-1.));
#1771=DIRECTION('center_axis',(4.49275444457575E-16,-1.,-2.50010939400296E-15));
#1772=DIRECTION('ref_axis',(-1.,-4.49275444457575E-16,-1.08597534573716E-30));
#1773=DIRECTION('',(-1.,-4.49275444457575E-16,-1.08597534573716E-30));
#1774=DIRECTION('',(0.,2.50010939400296E-15,-1.));
#1775=DIRECTION('center_axis',(0.,2.50010939400296E-15,-1.));
#1776=DIRECTION('ref_axis',(1.,0.,0.));
#1777=DIRECTION('center_axis',(0.,2.41717048891531E-15,-1.));
#1778=DIRECTION('ref_axis',(1.,0.,0.));
#1779=DIRECTION('',(0.,2.50010939400296E-15,-1.));
#1780=DIRECTION('center_axis',(1.,0.,0.));
#1781=DIRECTION('ref_axis',(0.,-1.,-2.41717048891531E-15));
#1782=DIRECTION('',(0.,-1.,-2.41717048891531E-15));
#1783=DIRECTION('',(0.,2.50010939400296E-15,-1.));
#1784=DIRECTION('center_axis',(0.,1.,2.50010939400296E-15));
#1785=DIRECTION('ref_axis',(1.,0.,0.));
#1786=DIRECTION('',(1.,0.,0.));
#1787=DIRECTION('center_axis',(0.,2.41717048891531E-15,-1.));
#1788=DIRECTION('ref_axis',(-1.,0.,0.));
#1789=CARTESIAN_POINT('',(0.,0.,0.));
#1790=CARTESIAN_POINT('Origin',(-0.209731758921838,0.577499991319936,-8.68006104438365E-9));
#1791=CARTESIAN_POINT('',(-0.209731758921838,0.577499991319936,-8.68006104438365E-9));
#1792=CARTESIAN_POINT('',(-0.209731758921838,0.499999991319935,-8.68006104438365E-9));
#1793=CARTESIAN_POINT('',(-0.209731758921838,0.651249991319934,-8.68006113180279E-9));
#1794=CARTESIAN_POINT('',(-0.209731758921838,0.577499991319936,-0.500000008680061));
#1795=CARTESIAN_POINT('',(-0.209731758921838,0.577499991319936,-8.68006104438365E-9));
#1796=CARTESIAN_POINT('',(-0.209731758921838,0.499999991319935,-0.500000008680061));
#1797=CARTESIAN_POINT('',(-0.209731758921838,0.651249991319935,-0.500000008680061));
#1798=CARTESIAN_POINT('',(-0.209731758921838,0.499999991319934,-8.68006130664106E-9));
#1799=CARTESIAN_POINT('Origin',(-0.287231758921838,0.577499991319936,-8.68006104438365E-9));
#1800=CARTESIAN_POINT('',(-0.364731758921838,0.577499991319936,-8.68006104438365E-9));
#1801=CARTESIAN_POINT('Origin',(-0.287231758921838,0.577499991319936,-8.68006095696451E-9));
#1802=CARTESIAN_POINT('',(-0.364731758921838,0.577499991319936,-0.500000008680061));
#1803=CARTESIAN_POINT('',(-0.364731758921838,0.577499991319936,-8.68006104438365E-9));
#1804=CARTESIAN_POINT('Origin',(-0.287231758921838,0.577499991319936,-0.500000008680061));
#1805=CARTESIAN_POINT('Origin',(-0.364731758921838,0.499999991319936,-8.68006104438365E-9));
#1806=CARTESIAN_POINT('',(-0.364731758921838,0.499999991319936,-8.68006104438365E-9));
#1807=CARTESIAN_POINT('',(-0.364731758921838,0.612499991319934,-8.68006121922192E-9));
#1808=CARTESIAN_POINT('',(-0.364731758921838,0.499999991319936,-0.500000008680061));
#1809=CARTESIAN_POINT('',(-0.364731758921838,0.499999991319935,-8.68006121922192E-9));
#1810=CARTESIAN_POINT('',(-0.364731758921838,0.612499991319935,-0.500000008680061));
#1811=CARTESIAN_POINT('Origin',(0.197029946162076,0.724999991319934,-0.500000008680061));
#1812=CARTESIAN_POINT('',(-0.500277674973256,0.499999991319936,-0.500000008680061));
#1813=CARTESIAN_POINT('',(-0.500277674973256,0.499999991319936,-0.500000008680061));
#1814=CARTESIAN_POINT('',(-0.483530850446311,0.562499991319936,-0.500000008680061));
#1815=CARTESIAN_POINT('Origin',(-0.375277674973256,0.499999991319936,-0.500000008680061));
#1816=CARTESIAN_POINT('',(-0.295892012959683,0.887499991319935,-0.50000000868006));
#1817=CARTESIAN_POINT('',(-0.295892012959683,0.887499991319935,-0.50000000868006));
#1818=CARTESIAN_POINT('',(-0.187638837486628,0.949999991319935,-0.50000000868006));
#1819=CARTESIAN_POINT('Origin',(-0.187638837486628,0.824999991319935,-0.500000008680061));
#1820=CARTESIAN_POINT('',(0.794337567297408,0.949999991319933,-0.50000000868006));
#1821=CARTESIAN_POINT('',(0.187638837486631,0.949999991319934,-0.50000000868006));
#1822=CARTESIAN_POINT('',(0.894337567297407,0.849999991319933,-0.500000008680061));
#1823=CARTESIAN_POINT('Origin',(0.794337567297407,0.849999991319933,-0.500000008680061));
#1824=CARTESIAN_POINT('',(0.894337567297407,0.499999991319935,-0.500000008680061));
#1825=CARTESIAN_POINT('',(0.894337567297407,0.499999991319935,-0.500000008680061));
#1826=CARTESIAN_POINT('',(0.831837567297407,0.499999991319935,-0.500000008680061));
#1827=CARTESIAN_POINT('',(0.831837567297407,0.499999991319935,-0.500000008680061));
#1828=CARTESIAN_POINT('',(0.331837567297407,0.499999991319934,-0.500000008680061));
#1829=CARTESIAN_POINT('Origin',(0.581837567297407,0.499999991319934,-0.500000008680061));
#1830=CARTESIAN_POINT('',(0.144337567297407,0.499999991319934,-0.500000008680061));
#1831=CARTESIAN_POINT('',(0.500277674973258,0.499999991319935,-0.500000008680061));
#1832=CARTESIAN_POINT('',(0.0721687836487036,0.624999991319935,-0.500000008680061));
#1833=CARTESIAN_POINT('',(0.144337567297407,0.499999991319934,-0.500000008680061));
#1834=CARTESIAN_POINT('',(-0.0721687836487032,0.624999991319935,-0.500000008680061));
#1835=CARTESIAN_POINT('',(0.0721687836487035,0.624999991319935,-0.500000008680061));
#1836=CARTESIAN_POINT('',(-0.144337567297406,0.499999991319936,-0.500000008680061));
#1837=CARTESIAN_POINT('',(-0.0721687836487031,0.624999991319935,-0.500000008680061));
#1838=CARTESIAN_POINT('',(-0.500277674973256,0.499999991319936,-0.500000008680061));
#1839=CARTESIAN_POINT('Origin',(-0.144337567297406,0.499999991319934,-8.68006148147933E-9));
#1840=CARTESIAN_POINT('',(-0.500277674973256,0.499999991319935,-8.68006148147933E-9));
#1841=CARTESIAN_POINT('',(-0.500277674973256,0.499999991319935,-8.68006148147933E-9));
#1842=CARTESIAN_POINT('',(-0.500277674973256,0.499999991319935,-8.68006148147933E-9));
#1843=CARTESIAN_POINT('Origin',(0.0721687836487035,0.624999991319933,-8.68006121922192E-9));
#1844=CARTESIAN_POINT('',(0.0721687836487035,0.624999991319933,-8.68006121922192E-9));
#1845=CARTESIAN_POINT('',(-0.0721687836487031,0.624999991319934,-8.68006121922192E-9));
#1846=CARTESIAN_POINT('',(0.0721687836487035,0.624999991319933,-8.68006121922192E-9));
#1847=CARTESIAN_POINT('',(-0.0721687836487031,0.624999991319934,-8.68006121922192E-9));
#1848=CARTESIAN_POINT('',(0.0721687836487035,0.624999991319933,-8.68006121922192E-9));
#1849=CARTESIAN_POINT('Origin',(0.238087567297408,0.747499991319934,-0.25000000868006));
#1850=CARTESIAN_POINT('',(0.238087567297408,0.499999991319934,-0.167500008680061));
#1851=CARTESIAN_POINT('Origin',(0.238087567297408,0.499999991319934,-0.250000008680061));
#1852=CARTESIAN_POINT('',(0.238087567297408,0.949999991319933,-0.16750000868006));
#1853=CARTESIAN_POINT('',(0.238087567297408,0.747499991319933,-0.16750000868006));
#1854=CARTESIAN_POINT('Origin',(0.238087567297408,0.949999991319934,-0.25000000868006));
#1855=CARTESIAN_POINT('Origin',(0.894337567297407,0.849999991319931,-8.68006060728797E-9));
#1856=CARTESIAN_POINT('',(0.894337567297407,0.499999991319934,-8.68006148147933E-9));
#1857=CARTESIAN_POINT('',(0.894337567297407,0.849999991319931,-8.68006060728797E-9));
#1858=CARTESIAN_POINT('',(0.894337567297407,0.499999991319934,-8.68006148147933E-9));
#1859=CARTESIAN_POINT('',(0.894337567297407,0.499999991319934,-8.68006148147933E-9));
#1860=CARTESIAN_POINT('',(0.894337567297407,0.849999991319931,-8.68006060728797E-9));
#1861=CARTESIAN_POINT('Origin',(0.794337567297407,0.849999991319932,-8.68006060728797E-9));
#1862=CARTESIAN_POINT('',(0.794337567297408,0.949999991319931,-8.68006034503056E-9));
#1863=CARTESIAN_POINT('Origin',(0.794337567297407,0.849999991319932,-8.68006060728797E-9));
#1864=CARTESIAN_POINT('',(0.794337567297408,0.949999991319931,-8.68006034503056E-9));
#1865=CARTESIAN_POINT('Origin',(-0.187638837486628,0.949999991319934,-8.68006034503056E-9));
#1866=CARTESIAN_POINT('',(-0.187638837486628,0.949999991319934,-8.68006034503056E-9));
#1867=CARTESIAN_POINT('',(0.187638837486631,0.949999991319933,-8.68006034503056E-9));
#1868=CARTESIAN_POINT('',(-0.187638837486628,0.949999991319934,-8.68006034503056E-9));
#1869=CARTESIAN_POINT('Origin',(-0.187638837486628,0.824999991319934,-8.68006069470711E-9));
#1870=CARTESIAN_POINT('',(-0.295892012959683,0.887499991319934,-8.68006051986884E-9));
#1871=CARTESIAN_POINT('Origin',(-0.187638837486628,0.824999991319934,-8.68006069470711E-9));
#1872=CARTESIAN_POINT('',(-0.295892012959683,0.887499991319934,-8.68006051986884E-9));
#1873=CARTESIAN_POINT('Origin',(-0.483530850446311,0.562499991319935,-8.68006130664106E-9));
#1874=CARTESIAN_POINT('',(-0.483530850446311,0.562499991319935,-8.68006139406019E-9));
#1875=CARTESIAN_POINT('',(-0.295892012959683,0.887499991319934,-8.68006051986884E-9));
#1876=CARTESIAN_POINT('',(-0.483530850446311,0.562499991319935,-8.68006139406019E-9));
#1877=CARTESIAN_POINT('Origin',(-0.375277674973256,0.499999991319935,-8.68006148147933E-9));
#1878=CARTESIAN_POINT('Origin',(-0.375277674973256,0.499999991319935,-8.68006148147933E-9));
#1879=CARTESIAN_POINT('Origin',(-0.144337567297406,0.499999991319934,-8.68006148147933E-9));
#1880=CARTESIAN_POINT('',(-0.144337567297406,0.499999991319934,-8.68006148147933E-9));
#1881=CARTESIAN_POINT('',(-0.144337567297406,0.499999991319934,-8.68006148147933E-9));
#1882=CARTESIAN_POINT('',(-0.500277674973256,0.499999991319935,-8.68006148147933E-9));
#1883=CARTESIAN_POINT('Origin',(-0.0721687836487031,0.624999991319934,-8.68006121922192E-9));
#1884=CARTESIAN_POINT('',(-0.0721687836487031,0.624999991319934,-8.68006121922192E-9));
#1885=CARTESIAN_POINT('Origin',(0.144337567297407,0.499999991319933,-8.68006148147933E-9));
#1886=CARTESIAN_POINT('',(0.144337567297407,0.499999991319933,-8.68006148147933E-9));
#1887=CARTESIAN_POINT('',(0.144337567297407,0.499999991319933,-8.68006148147933E-9));
#1888=CARTESIAN_POINT('',(0.144337567297407,0.499999991319933,-8.68006148147933E-9));
#1889=CARTESIAN_POINT('Origin',(0.331837567297407,0.499999991319934,-8.68006148147933E-9));
#1890=CARTESIAN_POINT('',(0.331837567297407,0.499999991319933,-8.68006148147933E-9));
#1891=CARTESIAN_POINT('',(0.500277674973258,0.499999991319934,-8.68006148147933E-9));
#1892=CARTESIAN_POINT('',(0.331837567297407,0.499999991319933,-8.68006148147933E-9));
#1893=CARTESIAN_POINT('Origin',(0.581837567297407,0.499999991319933,-8.68006148147933E-9));
#1894=CARTESIAN_POINT('',(0.831837567297407,0.499999991319934,-8.68006148147933E-9));
#1895=CARTESIAN_POINT('Origin',(0.581837567297407,0.499999991319933,-8.68006148147933E-9));
#1896=CARTESIAN_POINT('',(0.831837567297407,0.499999991319934,-8.68006148147933E-9));
#1897=CARTESIAN_POINT('Origin',(0.894337567297407,0.499999991319934,-8.68006148147933E-9));
#1898=CARTESIAN_POINT('',(0.831837567297407,0.499999991319934,-8.68006148147933E-9));
#1899=CARTESIAN_POINT('Origin',(0.197029946162076,0.724999991319933,-8.68006095696451E-9));
#1900=CARTESIAN_POINT('Ctrl Pts',(-0.248546610739287,0.883041708025889,
0.2154458909874));
#1901=CARTESIAN_POINT('Ctrl Pts',(-0.256034732734842,0.895932709326555,
0.141975693795599));
#1902=CARTESIAN_POINT('Ctrl Pts',(-0.26351895729173,0.908824223743636,0.0685051339932888));
#1903=CARTESIAN_POINT('Ctrl Pts',(-0.27100019095123,0.921716115239119,-0.00496570299588569));
#1904=CARTESIAN_POINT('Ctrl Pts',(-0.243227483204153,0.886477666465389,
0.21551003293706));
#1905=CARTESIAN_POINT('Ctrl Pts',(-0.25070465286779,0.899363838050596,0.142037870965833));
#1906=CARTESIAN_POINT('Ctrl Pts',(-0.258179207897527,0.912251431182734,
0.068565635309318));
#1907=CARTESIAN_POINT('Ctrl Pts',(-0.265651277996663,0.925139218739193,
-0.00490685560465368));
#1908=CARTESIAN_POINT('Ctrl Pts',(-0.235324227980801,0.897481852722318,
0.216642088826388));
#1909=CARTESIAN_POINT('Ctrl Pts',(-0.242779332546725,0.910372287817101,
0.14316834125364));
#1910=CARTESIAN_POINT('Ctrl Pts',(-0.250233241541471,0.923263061748385,
0.0696944902810833));
#1911=CARTESIAN_POINT('Ctrl Pts',(-0.257686787454131,0.936154347184536,
-0.00377933846613441));
#1912=CARTESIAN_POINT('Ctrl Pts',(-0.237129875364294,0.910720983443366,
0.219152101598601));
#1913=CARTESIAN_POINT('Ctrl Pts',(-0.24458147059915,0.923627912600127,0.145680686997864));
#1914=CARTESIAN_POINT('Ctrl Pts',(-0.252033026594791,0.936533671244802,
0.0722090479851686));
#1915=CARTESIAN_POINT('Ctrl Pts',(-0.259483602772065,0.94943877505217,-0.00126281504879656));
#1916=CARTESIAN_POINT('Ctrl Pts',(-0.240232968302128,0.916095698072303,
0.220411585302098));
#1917=CARTESIAN_POINT('Ctrl Pts',(-0.247687991234855,0.929008176563377,
0.146941388110297));
#1918=CARTESIAN_POINT('Ctrl Pts',(-0.255142120765028,0.941919107635836,
0.0734708283079859));
#1919=CARTESIAN_POINT('Ctrl Pts',(-0.262595567202338,0.95482885555675,-8.68118854079777E-9));
#1920=CARTESIAN_POINT('',(-0.248546610740288,0.883041708027612,0.215445890987805));
#1921=CARTESIAN_POINT('',(-0.240251128879007,0.916127153114151,0.220232610493756));
#1922=CARTESIAN_POINT('Ctrl Pts',(-0.248546610739205,0.883041708025942,
0.215445890987401));
#1923=CARTESIAN_POINT('Ctrl Pts',(-0.243230523405547,0.886482900253127,
0.215480203802462));
#1924=CARTESIAN_POINT('Ctrl Pts',(-0.239281920738774,0.891990222871934,
0.216016400297489));
#1925=CARTESIAN_POINT('Ctrl Pts',(-0.237760539670924,0.898056293236093,
0.216897087512054));
#1926=CARTESIAN_POINT('Ctrl Pts',(-0.236239158603067,0.904122363600276,
0.217777774726623));
#1927=CARTESIAN_POINT('Ctrl Pts',(-0.237145000830414,0.910747182461212,
0.219002952959745));
#1928=CARTESIAN_POINT('Ctrl Pts',(-0.240251128879007,0.916127153114152,
0.220232610493756));
#1929=CARTESIAN_POINT('',(-0.262595567202444,0.954828855556933,-8.68114576693806E-9));
#1930=CARTESIAN_POINT('Ctrl Pts',(-0.24025112887902,0.916127153114174,0.220232610493761));
#1931=CARTESIAN_POINT('Ctrl Pts',(-0.247700096835947,0.929029144079524,
0.146822070982817));
#1932=CARTESIAN_POINT('Ctrl Pts',(-0.255148173011124,0.941929590433573,
0.07341116951926));
#1933=CARTESIAN_POINT('Ctrl Pts',(-0.262595567202338,0.95482885555675,-8.68118854079777E-9));
#1934=CARTESIAN_POINT('',(-0.270494550043388,0.920844787816521,-8.68109434507855E-9));
#1935=CARTESIAN_POINT('Ctrl Pts',(-0.262595567202224,0.954828855556552,
-8.68006039007191E-9));
#1936=CARTESIAN_POINT('Ctrl Pts',(-0.261167323077282,0.952355064166541,
-8.68006041302923E-9));
#1937=CARTESIAN_POINT('Ctrl Pts',(-0.260175318318069,0.949657552132513,
7.79804404526196E-7));
#1938=CARTESIAN_POINT('Ctrl Pts',(-0.259627784856968,0.946859438368897,
7.68862077795383E-7));
#1939=CARTESIAN_POINT('Ctrl Pts',(-0.259526477334395,0.946341716634232,
7.66837470915556E-7));
#1940=CARTESIAN_POINT('Ctrl Pts',(-0.259440523246081,0.945820509102415,
7.44031090786991E-7));
#1941=CARTESIAN_POINT('Ctrl Pts',(-0.259370165736986,0.945296566951092,
7.04722148615021E-7));
#1942=CARTESIAN_POINT('Ctrl Pts',(-0.258995028000101,0.942502970710514,
4.9513161885575E-7));
#1943=CARTESIAN_POINT('Ctrl Pts',(-0.259064786153146,0.939672924333068,
-6.65522927528267E-7));
#1944=CARTESIAN_POINT('Ctrl Pts',(-0.25960629551151,0.936923108125462,-1.04662272243337E-7));
#1945=CARTESIAN_POINT('Ctrl Pts',(-0.259659215750714,0.936654376054215,
-4.98508833370712E-8));
#1946=CARTESIAN_POINT('Ctrl Pts',(-0.259716682110235,0.936386417217562,
2.67488425587778E-8));
#1947=CARTESIAN_POINT('Ctrl Pts',(-0.259778746480554,0.936119347969844,
1.31661831075884E-7));
#1948=CARTESIAN_POINT('Ctrl Pts',(-0.259836279184715,0.935871778938846,
2.28914536614138E-7));
#1949=CARTESIAN_POINT('Ctrl Pts',(-0.259897763086005,0.935624974357803,
3.5051419240863E-7));
#1950=CARTESIAN_POINT('Ctrl Pts',(-0.259963161500088,0.935379010001608,
4.9077253963482E-7));
#1951=CARTESIAN_POINT('Ctrl Pts',(-0.260686422653197,0.932658814621061,
2.04193269192169E-6));
#1952=CARTESIAN_POINT('Ctrl Pts',(-0.261873031347204,0.930082923204248,
5.02127938291013E-6));
#1953=CARTESIAN_POINT('Ctrl Pts',(-0.263455733758096,0.927750601316633,
4.95519112229031E-6));
#1954=CARTESIAN_POINT('Ctrl Pts',(-0.263599435363089,0.927538837945133,
4.94919063283828E-6));
#1955=CARTESIAN_POINT('Ctrl Pts',(-0.26374643130295,0.927329101848454,4.92443000700044E-6));
#1956=CARTESIAN_POINT('Ctrl Pts',(-0.263896687297991,0.927121480934005,
4.88158100712895E-6));
#1957=CARTESIAN_POINT('Ctrl Pts',(-0.265533313139166,0.924860022057355,
4.41485899424483E-6));
#1958=CARTESIAN_POINT('Ctrl Pts',(-0.267526228283744,0.922884683598477,
9.20116157853429E-7));
#1959=CARTESIAN_POINT('Ctrl Pts',(-0.269815225338605,0.921298333299193,
1.14902088062383E-7));
#1960=CARTESIAN_POINT('Ctrl Pts',(-0.270038830136332,0.921143367814619,
3.62433021892105E-8));
#1961=CARTESIAN_POINT('Ctrl Pts',(-0.270265285533945,0.920992146277866,
-8.58285070844695E-9));
#1962=CARTESIAN_POINT('Ctrl Pts',(-0.270494550080196,0.920844787809853,
-8.67651911429235E-9));
#1963=CARTESIAN_POINT('Ctrl Pts',(-0.270494550080305,0.920844787810042,
-8.67759388152069E-9));
#1964=CARTESIAN_POINT('Ctrl Pts',(-0.263181729678195,0.90824335565801,0.0718155844805933));
#1965=CARTESIAN_POINT('Ctrl Pts',(-0.255866032111395,0.895642286713572,
0.143630910961988));
#1966=CARTESIAN_POINT('Ctrl Pts',(-0.248546610739287,0.883041708025889,
0.2154458909874));
#1967=CARTESIAN_POINT('Ctrl Pts',(-0.221692704238896,0.83685468423568,0.49999999131994));
#1968=CARTESIAN_POINT('Ctrl Pts',(-0.230651716885553,0.852252756056378,
0.405132388507747));
#1969=CARTESIAN_POINT('Ctrl Pts',(-0.239602865631898,0.867651915043365,
0.310264103537009));
#1970=CARTESIAN_POINT('Ctrl Pts',(-0.248548480800265,0.883051793105104,
0.215395341381502));
#1971=CARTESIAN_POINT('Ctrl Pts',(-0.216418916247241,0.840310493877967,
0.500066841476362));
#1972=CARTESIAN_POINT('Ctrl Pts',(-0.225361296811643,0.855701375341883,
0.40519649881956));
#1973=CARTESIAN_POINT('Ctrl Pts',(-0.234298268388185,0.871094872892321,
0.310325952878714));
#1974=CARTESIAN_POINT('Ctrl Pts',(-0.243230749647084,0.886488940597089,
0.215455007862454));
#1975=CARTESIAN_POINT('Ctrl Pts',(-0.208616478198257,0.8513119113095,0.501123576146696));
#1976=CARTESIAN_POINT('Ctrl Pts',(-0.217525544542481,0.866709416414191,
0.406251030080204));
#1977=CARTESIAN_POINT('Ctrl Pts',(-0.226432394309478,0.8821076883345,0.311378312970644));
#1978=CARTESIAN_POINT('Ctrl Pts',(-0.23533843749464,0.897506840863471,0.216505606487572));
#1979=CARTESIAN_POINT('Ctrl Pts',(-0.210451852420564,0.864513292259337,
0.503443243290044));
#1980=CARTESIAN_POINT('Ctrl Pts',(-0.219355709165761,0.879935804295834,
0.408573945916779));
#1981=CARTESIAN_POINT('Ctrl Pts',(-0.228259174460849,0.895356014683728,
0.313704206946706));
#1982=CARTESIAN_POINT('Ctrl Pts',(-0.23716103406534,0.910774951896674,0.218834092307524));
#1983=CARTESIAN_POINT('Ctrl Pts',(-0.213550445764851,0.869880213363637,
0.504607204696194));
#1984=CARTESIAN_POINT('Ctrl Pts',(-0.222459506756268,0.885311159648501,
0.409739601884002));
#1985=CARTESIAN_POINT('Ctrl Pts',(-0.231366751714913,0.900738960472336,
0.314871316913263));
#1986=CARTESIAN_POINT('Ctrl Pts',(-0.240272725851592,0.916164560167958,
0.220002554757756));
#1987=CARTESIAN_POINT('',(-0.221692704239416,0.836854684236573,0.49999999131719));
#1988=CARTESIAN_POINT('Ctrl Pts',(-0.248543711331747,0.883043582465194,
0.215445921863204));
#1989=CARTESIAN_POINT('Ctrl Pts',(-0.239599684019455,0.867646441539003,
0.310297823688541));
#1990=CARTESIAN_POINT('Ctrl Pts',(-0.230650124681876,0.852250019497392,
0.40514924846229));
#1991=CARTESIAN_POINT('Ctrl Pts',(-0.221692704238896,0.83685468423568,0.49999999131994));
#1992=CARTESIAN_POINT('',(-0.213983109837173,0.870629609519507,0.499999991315057));
#1993=CARTESIAN_POINT('Ctrl Pts',(-0.221692704238896,0.83685468423568,0.499999991319939));
#1994=CARTESIAN_POINT('Ctrl Pts',(-0.219359432646404,0.838390270053369,
0.499999991319939));
#1995=CARTESIAN_POINT('Ctrl Pts',(-0.217322738840393,0.840323149174838,
0.500003467342808));
#1996=CARTESIAN_POINT('Ctrl Pts',(-0.215638435528368,0.842545477891281,
0.500004256297548));
#1997=CARTESIAN_POINT('Ctrl Pts',(-0.215390466976519,0.842872656273947,
0.500004372450002));
#1998=CARTESIAN_POINT('Ctrl Pts',(-0.2151501973314,0.843206174879019,0.500004446901186));
#1999=CARTESIAN_POINT('Ctrl Pts',(-0.214917874885574,0.84354574837469,0.500004476140019));
#2000=CARTESIAN_POINT('Ctrl Pts',(-0.213324705500469,0.845874400242035,
0.50000467664761));
#2001=CARTESIAN_POINT('Ctrl Pts',(-0.212129713387127,0.848444615710998,
0.500002120598729));
#2002=CARTESIAN_POINT('Ctrl Pts',(-0.211395825830099,0.851154861706819,
0.500000618589296));
#2003=CARTESIAN_POINT('Ctrl Pts',(-0.21131141532042,0.851466589632536,0.500000445830703));
#2004=CARTESIAN_POINT('Ctrl Pts',(-0.211233154760149,0.851780195728659,
0.500000295878672));
#2005=CARTESIAN_POINT('Ctrl Pts',(-0.211161181839014,0.852095541119117,
0.500000181010071));
#2006=CARTESIAN_POINT('Ctrl Pts',(-0.211140106539835,0.852187881381867,
0.500000147373946));
#2007=CARTESIAN_POINT('Ctrl Pts',(-0.211119570441813,0.852280370787933,
0.500000116753545));
#2008=CARTESIAN_POINT('Ctrl Pts',(-0.211099572959402,0.852373004904547,
0.500000088923617));
#2009=CARTESIAN_POINT('Ctrl Pts',(-0.210506451408578,0.855120515304921,
0.49999926349321));
#2010=CARTESIAN_POINT('Ctrl Pts',(-0.210392279782683,0.857950082994641,
0.500000413558014));
#2011=CARTESIAN_POINT('Ctrl Pts',(-0.210723622366374,0.860743714960155,
0.500000632127824));
#2012=CARTESIAN_POINT('Ctrl Pts',(-0.210780356855076,0.861222057584937,
0.500000669552674));
#2013=CARTESIAN_POINT('Ctrl Pts',(-0.210850275046051,0.861699360216259,
0.500000693330153));
#2014=CARTESIAN_POINT('Ctrl Pts',(-0.210933357553933,0.86217502667812,0.50000070218484));
#2015=CARTESIAN_POINT('Ctrl Pts',(-0.21142306173638,0.864978695726637,0.50000075437606));
#2016=CARTESIAN_POINT('Ctrl Pts',(-0.212359083522892,0.86768651291687,0.50000009020259));
#2017=CARTESIAN_POINT('Ctrl Pts',(-0.213728367296197,0.870177480473246,
0.499999999732888));
#2018=CARTESIAN_POINT('Ctrl Pts',(-0.21381166220619,0.870329008536638,0.499999994229525));
#2019=CARTESIAN_POINT('Ctrl Pts',(-0.213896575443322,0.870479728278152,
0.499999991307443));
#2020=CARTESIAN_POINT('Ctrl Pts',(-0.213983109853536,0.87062960954785,0.499999991326446));
#2021=CARTESIAN_POINT('Ctrl Pts',(-0.21398310985401,0.870629609548671,0.499999991321397));
#2022=CARTESIAN_POINT('Ctrl Pts',(-0.222740689890157,0.885798183122629,
0.406744788782562));
#2023=CARTESIAN_POINT('Ctrl Pts',(-0.231496523630015,0.900963732022688,
0.313488930283126));
#2024=CARTESIAN_POINT('Ctrl Pts',(-0.240251128954108,0.916127153244231,
0.220232610521957));
#2025=CARTESIAN_POINT('Origin',(-0.272759426433567,0.972433176146217,0.249999991319937));
#2026=CARTESIAN_POINT('',(-0.284021020459177,0.991938829172787,0.499999991316826));
#2027=CARTESIAN_POINT('',(-0.208548496865486,0.861216583733074,0.499999991319939));
#2028=CARTESIAN_POINT('',(-0.330934965626643,1.07319616578634,-8.6823128123477E-9));
#2029=CARTESIAN_POINT('Ctrl Pts',(-0.330934965637112,1.07319616580447,-8.67837858715449E-9));
#2030=CARTESIAN_POINT('Ctrl Pts',(-0.315298761659024,1.04611346607691,0.166667325173403));
#2031=CARTESIAN_POINT('Ctrl Pts',(-0.299661072657803,1.01902819421384,0.333334101764045));
#2032=CARTESIAN_POINT('Ctrl Pts',(-0.284021020458593,0.991938829171775,
0.49999999131994));
#2033=CARTESIAN_POINT('',(-0.208548496865487,0.861216583733075,-8.68006065099754E-9));
#2034=CARTESIAN_POINT('Ctrl Pts',(-0.366099209872145,1.08224993253918,-2.18894924033384E-5));
#2035=CARTESIAN_POINT('Ctrl Pts',(-0.350355587378379,1.05489308188312,0.168188486093877));
#2036=CARTESIAN_POINT('Ctrl Pts',(-0.334615582923149,1.02753027763751,0.336398297162727));
#2037=CARTESIAN_POINT('Ctrl Pts',(-0.318881312744603,1.00015786732009,0.504607204696194));
#2038=CARTESIAN_POINT('Ctrl Pts',(-0.35961248400041,1.08631698142129,3.04235718348789E-5));
#2039=CARTESIAN_POINT('Ctrl Pts',(-0.343868998381128,1.05897620694986,0.168243428949856));
#2040=CARTESIAN_POINT('Ctrl Pts',(-0.328128534637844,1.03163037609596,0.336455956801065));
#2041=CARTESIAN_POINT('Ctrl Pts',(-0.312394626699052,1.00427990353624,0.504668472394407));
#2042=CARTESIAN_POINT('Ctrl Pts',(-0.344943211142386,1.08786010058034,-0.00109504933822495));
#2043=CARTESIAN_POINT('Ctrl Pts',(-0.329182104468652,1.06053898923553,0.167119420480676));
#2044=CARTESIAN_POINT('Ctrl Pts',(-0.313422395709943,1.03321736667453,0.33533398890107));
#2045=CARTESIAN_POINT('Ctrl Pts',(-0.29766458695514,1.00589386510704,0.503548522794441));
#2046=CARTESIAN_POINT('Ctrl Pts',(-0.334191176212657,1.07883608796146,-0.00357012874933207));
#2047=CARTESIAN_POINT('Ctrl Pts',(-0.318413188697447,1.05150806200792,0.164641466433394));
#2048=CARTESIAN_POINT('Ctrl Pts',(-0.302634587634778,1.02417812755963,0.33285270932726));
#2049=CARTESIAN_POINT('Ctrl Pts',(-0.28685374917329,0.99684525922969,0.501063292876896));
#2050=CARTESIAN_POINT('Ctrl Pts',(-0.33136925226999,1.07394837231766,-0.0046291028686579));
#2051=CARTESIAN_POINT('Ctrl Pts',(-0.31558831362963,1.04661498480143,0.163581272717623));
#2052=CARTESIAN_POINT('Ctrl Pts',(-0.299805870623229,1.01927899164679,0.331791083786472));
#2053=CARTESIAN_POINT('Ctrl Pts',(-0.284021020458593,0.991938829171775,
0.49999999131994));
#2054=CARTESIAN_POINT('',(-0.366097161941487,1.08224637395955,-8.68199015895142E-9));
#2055=CARTESIAN_POINT('Ctrl Pts',(-0.366097161941125,1.08224637395893,-8.68005998324876E-9));
#2056=CARTESIAN_POINT('Ctrl Pts',(-0.363736124341169,1.0837309159058,-8.67621236569088E-9));
#2057=CARTESIAN_POINT('Ctrl Pts',(-0.361138473848648,1.08476971669587,-5.43876096881086E-6));
#2058=CARTESIAN_POINT('Ctrl Pts',(-0.358422899522541,1.08537008120443,-7.81111759204448E-6));
#2059=CARTESIAN_POINT('Ctrl Pts',(-0.35802025257997,1.08545909918176,-8.16287454152289E-6));
#2060=CARTESIAN_POINT('Ctrl Pts',(-0.357614979164573,1.08553839331512,-8.46437727712525E-6));
#2061=CARTESIAN_POINT('Ctrl Pts',(-0.357207442941231,1.08560789769381,-8.70471697813436E-6));
#2062=CARTESIAN_POINT('Ctrl Pts',(-0.354418535746465,1.0860835394913,-1.03494422392048E-5));
#2063=CARTESIAN_POINT('Ctrl Pts',(-0.351574112340942,1.08609641895362,-8.42991273731937E-6));
#2064=CARTESIAN_POINT('Ctrl Pts',(-0.348792503569725,1.08564545826934,-4.81565862369446E-6));
#2065=CARTESIAN_POINT('Ctrl Pts',(-0.348401811156408,1.0855821183346,-4.30801654382904E-6));
#2066=CARTESIAN_POINT('Ctrl Pts',(-0.348012354335336,1.08550954515995,-3.78071930441832E-6));
#2067=CARTESIAN_POINT('Ctrl Pts',(-0.34762446817192,1.08542765379329,-3.25159211234734E-6));
#2068=CARTESIAN_POINT('Ctrl Pts',(-0.346376474937074,1.08516417475943,-1.54916697229126E-6));
#2069=CARTESIAN_POINT('Ctrl Pts',(-0.345154049138082,1.08480636090078,1.63749456129696E-7));
#2070=CARTESIAN_POINT('Ctrl Pts',(-0.343967609444604,1.08435426090489,1.14652126885712E-6));
#2071=CARTESIAN_POINT('Ctrl Pts',(-0.342107485258184,1.08364544937265,2.68733082591707E-6));
#2072=CARTESIAN_POINT('Ctrl Pts',(-0.340335371188119,1.08270547073208,2.48807406331273E-6));
#2073=CARTESIAN_POINT('Ctrl Pts',(-0.338683253444474,1.08156606909653,2.05624350818373E-6));
#2074=CARTESIAN_POINT('Ctrl Pts',(-0.337106513522131,1.0804786526256,1.64411520886709E-6));
#2075=CARTESIAN_POINT('Ctrl Pts',(-0.335651993196877,1.07921838214438,1.00934484714373E-6));
#2076=CARTESIAN_POINT('Ctrl Pts',(-0.33434794658553,1.07781226789116,6.03286487271685E-7));
#2077=CARTESIAN_POINT('Ctrl Pts',(-0.333041799710077,1.07640388898631,1.96574140197117E-7));
#2078=CARTESIAN_POINT('Ctrl Pts',(-0.331893869505883,1.07485703821396,-8.77232244378247E-9));
#2079=CARTESIAN_POINT('Ctrl Pts',(-0.330934965636894,1.07319616580409,-8.67604921066245E-9));
#2080=CARTESIAN_POINT('',(-0.319312273169427,1.00090759049865,0.499999991314699));
#2081=CARTESIAN_POINT('Ctrl Pts',(-0.284021020458593,0.991938829171775,
0.49999999131994));
#2082=CARTESIAN_POINT('Ctrl Pts',(-0.28544553939858,0.994406168352177,0.49999999131994));
#2083=CARTESIAN_POINT('Ctrl Pts',(-0.287280843519384,0.996615365966254,
0.500000497769573));
#2084=CARTESIAN_POINT('Ctrl Pts',(-0.289425902745797,0.998486947271943,
0.500001296223171));
#2085=CARTESIAN_POINT('Ctrl Pts',(-0.289815374734622,0.998826764692553,
0.500001441196003));
#2086=CARTESIAN_POINT('Ctrl Pts',(-0.290215159741766,0.999155358104138,
0.500001590044928));
#2087=CARTESIAN_POINT('Ctrl Pts',(-0.290624767428336,0.999472108353983,
0.5000017289063));
#2088=CARTESIAN_POINT('Ctrl Pts',(-0.292606754205939,1.00100478175729,0.500002400820948));
#2089=CARTESIAN_POINT('Ctrl Pts',(-0.294790948174557,1.00224188455546,0.500003108561143));
#2090=CARTESIAN_POINT('Ctrl Pts',(-0.297115647931355,1.00312072448391,0.500001172043858));
#2091=CARTESIAN_POINT('Ctrl Pts',(-0.297888701351476,1.00341297306803,0.500000528076263));
#2092=CARTESIAN_POINT('Ctrl Pts',(-0.298677411949326,1.00366535616119,0.499999562629927));
#2093=CARTESIAN_POINT('Ctrl Pts',(-0.299478939328824,1.00387781741114,0.499998489074527));
#2094=CARTESIAN_POINT('Ctrl Pts',(-0.302206716987579,1.00460087075378,0.499994835524431));
#2095=CARTESIAN_POINT('Ctrl Pts',(-0.305037331432567,1.004853577528,0.499990690464865));
#2096=CARTESIAN_POINT('Ctrl Pts',(-0.3078531587497,1.00464664594634,0.499990470353938));
#2097=CARTESIAN_POINT('Ctrl Pts',(-0.30829315025587,1.00461431152806,0.49999043596016));
#2098=CARTESIAN_POINT('Ctrl Pts',(-0.308732778238074,1.0045706526064,0.499990480599707));
#2099=CARTESIAN_POINT('Ctrl Pts',(-0.309171575456048,1.0045155977565,0.499990601138065));
#2100=CARTESIAN_POINT('Ctrl Pts',(-0.310970445278094,1.00428989781133,0.499991095290728));
#2101=CARTESIAN_POINT('Ctrl Pts',(-0.312739613718039,1.00387534063873,0.499993020325943));
#2102=CARTESIAN_POINT('Ctrl Pts',(-0.314447092257178,1.00327166676137,0.49999524748405));
#2103=CARTESIAN_POINT('Ctrl Pts',(-0.316152470664028,1.00266873537943,0.49999747190284));
#2104=CARTESIAN_POINT('Ctrl Pts',(-0.317785036794961,1.00188114957682,0.499999990617759));
#2105=CARTESIAN_POINT('Ctrl Pts',(-0.319312273140249,1.0009075905476,0.499999991324564));
#2106=CARTESIAN_POINT('Ctrl Pts',(-0.319312273140756,1.00090759054848,0.499999991319145));
#2107=CARTESIAN_POINT('Ctrl Pts',(-0.334902311665208,1.02802873196028,0.333334098723486));
#2108=CARTESIAN_POINT('Ctrl Pts',(-0.350497960776085,1.0551404754687,0.166667322131909));
#2109=CARTESIAN_POINT('Ctrl Pts',(-0.366097161941312,1.08224637395925,-8.68205586708162E-9));
#2110=CARTESIAN_POINT('Origin',(1.02171113066055E-16,0.499999991319933,
0.107722941158982));
#2111=CARTESIAN_POINT('',(-0.500277567297406,0.499999991319933,-8.68006279276637E-9));
#2112=CARTESIAN_POINT('Origin',(1.02171113066055E-16,0.499999991319933,
-8.68006060728797E-9));
#2113=CARTESIAN_POINT('',(-0.456614032247221,0.499999991319933,0.215445890998027));
#2114=CARTESIAN_POINT('',(-0.478445799772313,0.499999991319933,0.107722941158982));
#2115=CARTESIAN_POINT('Origin',(8.74191357972564E-17,0.499999991319933,
0.215445890998027));
#2116=CARTESIAN_POINT('Origin',(1.02171113066055E-16,0.499999991319933,
0.357722941158982));
#2117=CARTESIAN_POINT('',(-0.403260138436863,0.499999991319933,0.499999991319937));
#2118=CARTESIAN_POINT('',(-0.429937085342042,0.499999991319932,0.357722941158982));
#2119=CARTESIAN_POINT('Origin',(1.02171113066055E-16,0.499999991319933,
0.499999991319939));
#2120=CARTESIAN_POINT('Origin',(1.02171113066055E-16,0.499999991319933,
0.249999991319937));
#2121=CARTESIAN_POINT('',(-0.594027567297406,0.499999991319933,0.499999991319937));
#2122=CARTESIAN_POINT('Origin',(1.02171113066055E-16,0.499999991319933,
0.499999991319939));
#2123=CARTESIAN_POINT('',(-0.687777567297406,0.499999991319933,-8.68006282554852E-9));
#2124=CARTESIAN_POINT('',(-0.640902567297406,0.499999991319933,0.249999991319937));
#2125=CARTESIAN_POINT('Origin',(1.02171113066055E-16,0.499999991319933,
-8.68006060728797E-9));
#2126=CARTESIAN_POINT('Origin',(-0.75,0.499999991319933,-8.68006148147933E-9));
#2127=CARTESIAN_POINT('',(-0.75,0.499999991319932,0.499999991319939));
#2128=CARTESIAN_POINT('',(0.50027769401359,0.499999991319932,0.499999991319939));
#2129=CARTESIAN_POINT('',(-0.75,0.499999991319933,-8.68006148147933E-9));
#2130=CARTESIAN_POINT('',(-0.75,0.499999991319933,-8.68006148147933E-9));
#2131=CARTESIAN_POINT('',(0.50027769401359,0.499999991319933,-8.68006148147933E-9));
#2132=CARTESIAN_POINT('Origin',(-0.75,0.499999991319933,-8.68006148147933E-9));
#2133=CARTESIAN_POINT('',(-0.144337567297406,0.499999991319933,-8.68006148147933E-9));
#2134=CARTESIAN_POINT('',(0.50027769401359,0.499999991319933,-8.68006148147933E-9));
#2135=CARTESIAN_POINT('',(-0.144337567297406,0.499999991319932,0.499999991319939));
#2136=CARTESIAN_POINT('',(-0.144337567297406,0.499999991319933,-8.68006148147933E-9));
#2137=CARTESIAN_POINT('',(0.50027769401359,0.499999991319932,0.499999991319939));
#2138=CARTESIAN_POINT('Origin',(0.0721687836487032,0.874999991319933,-8.68006060728797E-9));
#2139=CARTESIAN_POINT('',(-0.115384615384615,1.24107110162754,-8.68005955825834E-9));
#2140=CARTESIAN_POINT('Origin',(1.02171113066055E-16,0.499999991319933,
-8.68006148147933E-9));
#2141=CARTESIAN_POINT('',(8.74191357972564E-17,1.14226162025319,-8.68005990793489E-9));
#2142=CARTESIAN_POINT('Origin',(-0.0999999999999999,1.14226162025319,-8.68005990793489E-9));
#2143=CARTESIAN_POINT('',(8.74191357972564E-17,1.04999999131993,-8.68006008277316E-9));
#2144=CARTESIAN_POINT('',(8.74191357972564E-17,1.27499999131993,-8.68005955825834E-9));
#2145=CARTESIAN_POINT('',(0.1,0.949999991319933,-8.68006034503056E-9));
#2146=CARTESIAN_POINT('Origin',(0.0999999999999999,1.04999999131993,-8.68006008277316E-9));
#2147=CARTESIAN_POINT('',(0.794337567297407,0.949999991319933,-8.68006034503056E-9));
#2148=CARTESIAN_POINT('',(0.794337567297407,0.949999991319933,-8.68006034503056E-9));
#2149=CARTESIAN_POINT('',(0.894337567297406,0.849999991319934,-8.68006060728797E-9));
#2150=CARTESIAN_POINT('Origin',(0.794337567297407,0.849999991319934,-8.68006060728797E-9));
#2151=CARTESIAN_POINT('',(0.894337567297406,0.499999991319933,-8.68006148147933E-9));
#2152=CARTESIAN_POINT('',(0.894337567297406,0.499999991319933,-8.68006148147933E-9));
#2153=CARTESIAN_POINT('',(0.831837567297406,0.499999991319933,-8.68006148147933E-9));
#2154=CARTESIAN_POINT('',(0.831837567297406,0.499999991319933,-8.68006148147933E-9));
#2155=CARTESIAN_POINT('',(0.331837567297407,0.499999991319933,-8.68006148147933E-9));
#2156=CARTESIAN_POINT('Origin',(0.581837567297406,0.499999991319933,-8.68006148147933E-9));
#2157=CARTESIAN_POINT('',(0.144337567297406,0.499999991319933,-8.68006148147933E-9));
#2158=CARTESIAN_POINT('',(0.144337567297406,0.499999991319933,-8.68006148147933E-9));
#2159=CARTESIAN_POINT('',(0.0721687836487033,0.624999991319933,-8.68006121922192E-9));
#2160=CARTESIAN_POINT('',(0.144337567297406,0.499999991319933,-8.68006148147933E-9));
#2161=CARTESIAN_POINT('',(-0.0721687836487031,0.624999991319933,-8.68006121922192E-9));
#2162=CARTESIAN_POINT('',(0.0721687836487033,0.624999991319933,-8.68006121922192E-9));
#2163=CARTESIAN_POINT('',(-0.0721687836487031,0.624999991319933,-8.68006121922192E-9));
#2164=CARTESIAN_POINT('Origin',(-0.0999999999999999,1.14226162025319,-8.68005982051575E-9));
#2165=CARTESIAN_POINT('',(-0.115384615384615,1.24107110162754,0.499999991319941));
#2166=CARTESIAN_POINT('',(8.74191357972564E-17,1.14226162025319,0.49999999131994));
#2167=CARTESIAN_POINT('Origin',(-0.0999999999999999,1.14226162025319,0.49999999131994));
#2168=CARTESIAN_POINT('',(8.74191357972564E-17,1.14226162025319,-8.68005982051575E-9));
#2169=CARTESIAN_POINT('',(-0.115384615384615,1.24107110162754,-8.68005955825834E-9));
#2170=CARTESIAN_POINT('Origin',(8.74191357972564E-17,1.04999999131993,-8.68006017019229E-9));
#2171=CARTESIAN_POINT('',(0.,1.04999999131993,0.49999999131994));
#2172=CARTESIAN_POINT('',(8.74191357972564E-17,1.27499999131993,0.49999999131994));
#2173=CARTESIAN_POINT('',(8.74191357972564E-17,1.04999999131993,-8.68006008277316E-9));
#2174=CARTESIAN_POINT('Origin',(0.236337567297406,0.747499991319933,0.249999991319937));
#2175=CARTESIAN_POINT('',(0.236337567297406,0.499999991319933,0.332499991319937));
#2176=CARTESIAN_POINT('Origin',(0.236337567297406,0.499999991319933,0.249999991319937));
#2177=CARTESIAN_POINT('',(0.236337567297406,0.949999991319933,0.332499991319937));
#2178=CARTESIAN_POINT('',(0.236337567297406,0.747499991319933,0.332499991319937));
#2179=CARTESIAN_POINT('Origin',(0.236337567297406,0.949999991319933,0.249999991319937));
#2180=CARTESIAN_POINT('Origin',(0.581837567297406,0.499999991319933,-8.68006148147933E-9));
#2181=CARTESIAN_POINT('',(0.831837567297406,0.499999991319932,0.499999991319939));
#2182=CARTESIAN_POINT('',(0.831837567297406,0.499999991319933,-8.68006148147933E-9));
#2183=CARTESIAN_POINT('',(0.331837567297407,0.499999991319932,0.499999991319939));
#2184=CARTESIAN_POINT('Origin',(0.581837567297406,0.499999991319932,0.499999991319939));
#2185=CARTESIAN_POINT('',(0.331837567297407,0.499999991319933,-8.68006148147933E-9));
#2186=CARTESIAN_POINT('Origin',(0.144337567297406,0.499999991319933,-8.68006148147933E-9));
#2187=CARTESIAN_POINT('',(0.144337567297406,0.499999991319932,0.499999991319939));
#2188=CARTESIAN_POINT('',(0.144337567297406,0.499999991319932,0.499999991319939));
#2189=CARTESIAN_POINT('',(0.144337567297406,0.499999991319933,-8.68006148147933E-9));
#2190=CARTESIAN_POINT('Origin',(0.0721687836487033,0.624999991319933,-8.68006113180279E-9));
#2191=CARTESIAN_POINT('',(0.0721687836487033,0.624999991319932,0.499999991319939));
#2192=CARTESIAN_POINT('',(0.144337567297406,0.499999991319932,0.499999991319939));
#2193=CARTESIAN_POINT('',(0.0721687836487033,0.624999991319933,-8.68006121922192E-9));
#2194=CARTESIAN_POINT('Origin',(-0.0721687836487031,0.624999991319933,-8.68006121922192E-9));
#2195=CARTESIAN_POINT('',(-0.0721687836487031,0.624999991319932,0.499999991319939));
#2196=CARTESIAN_POINT('',(0.0721687836487033,0.624999991319932,0.499999991319939));
#2197=CARTESIAN_POINT('',(-0.0721687836487031,0.624999991319933,-8.68006121922192E-9));
#2198=CARTESIAN_POINT('Origin',(-0.144337567297406,0.499999991319933,-8.68006156889847E-9));
#2199=CARTESIAN_POINT('',(-0.0721687836487031,0.624999991319932,0.499999991319939));
#2200=CARTESIAN_POINT('Origin',(1.02171113066055E-16,0.499999991319933,
-8.68006148147933E-9));
#2201=CARTESIAN_POINT('Origin',(1.02171113066055E-16,0.499999991319932,
0.499999991319939));
#2202=CARTESIAN_POINT('Origin',(0.0999999999999999,1.04999999131993,-8.68006008277316E-9));
#2203=CARTESIAN_POINT('',(0.1,0.949999991319932,0.49999999131994));
#2204=CARTESIAN_POINT('Origin',(0.0999999999999999,1.04999999131993,0.49999999131994));
#2205=CARTESIAN_POINT('',(0.1,0.949999991319933,-8.68006034503056E-9));
#2206=CARTESIAN_POINT('Origin',(0.794337567297407,0.949999991319933,-8.68006034503056E-9));
#2207=CARTESIAN_POINT('',(0.794337567297407,0.949999991319932,0.49999999131994));
#2208=CARTESIAN_POINT('',(0.794337567297407,0.949999991319932,0.49999999131994));
#2209=CARTESIAN_POINT('',(0.794337567297407,0.949999991319933,-8.68006034503056E-9));
#2210=CARTESIAN_POINT('Origin',(0.794337567297407,0.849999991319934,-8.68006060728797E-9));
#2211=CARTESIAN_POINT('',(0.894337567297406,0.849999991319933,0.499999991319939));
#2212=CARTESIAN_POINT('Origin',(0.794337567297407,0.849999991319933,0.499999991319939));
#2213=CARTESIAN_POINT('',(0.894337567297406,0.849999991319934,-8.68006060728797E-9));
#2214=CARTESIAN_POINT('Origin',(0.894337567297406,0.499999991319933,-8.68006148147933E-9));
#2215=CARTESIAN_POINT('',(0.894337567297406,0.499999991319932,0.499999991319939));
#2216=CARTESIAN_POINT('',(0.894337567297406,0.499999991319932,0.499999991319939));
#2217=CARTESIAN_POINT('',(0.894337567297406,0.499999991319933,-8.68006148147933E-9));
#2218=CARTESIAN_POINT('Origin',(0.831837567297406,0.499999991319933,-8.68006148147933E-9));
#2219=CARTESIAN_POINT('',(0.831837567297406,0.499999991319932,0.499999991319939));
#2220=CARTESIAN_POINT('Origin',(0.0721687836487032,0.874999991319932,0.499999991319939));
#2221=CARTESIAN_POINT('Ctrl Pts',(-0.318881312744603,-0.000157884680225867,
0.504607204696192));
#2222=CARTESIAN_POINT('Ctrl Pts',(-0.334615281087673,-0.0275297699040474,
0.336401523967343));
#2223=CARTESIAN_POINT('Ctrl Pts',(-0.350354983491219,-0.0548920494178391,
0.168194939737158));
#2224=CARTESIAN_POINT('Ctrl Pts',(-0.366098303827495,-0.0822483755139799,
-1.22089940638089E-5));
#2225=CARTESIAN_POINT('Ctrl Pts',(-0.312394626699053,-0.00427992089637897,
0.504668472394405));
#2226=CARTESIAN_POINT('Ctrl Pts',(-0.328128232809317,-0.0316298687833348,
0.336459183674896));
#2227=CARTESIAN_POINT('Ctrl Pts',(-0.343868394491277,-0.0589751751680285,
0.168249882704115));
#2228=CARTESIAN_POINT('Ctrl Pts',(-0.359611577952825,-0.0863154252991492,
4.01042168450251E-5));
#2229=CARTESIAN_POINT('Ctrl Pts',(-0.297662494856192,-0.00589975648124915,
0.503549281214624));
#2230=CARTESIAN_POINT('Ctrl Pts',(-0.313420001323971,-0.0332227338933784,
0.335337974233803));
#2231=CARTESIAN_POINT('Ctrl Pts',(-0.329179422271805,-0.0605437425874285,
0.167126619308327));
#2232=CARTESIAN_POINT('Ctrl Pts',(-0.344940226545348,-0.0878643298588477,
-0.00108462360005722));
#2233=CARTESIAN_POINT('Ctrl Pts',(-0.28685374917329,0.00315472341017502,
0.501063292876894));
#2234=CARTESIAN_POINT('Ctrl Pts',(-0.302634284905968,-0.0241776205847114,
0.332855936164027));
#2235=CARTESIAN_POINT('Ctrl Pts',(-0.318412583313828,-0.0515070308095104,
0.164647920130968));
#2236=CARTESIAN_POINT('Ctrl Pts',(-0.334190268198173,-0.0788345325943729,
-0.00356044818017864));
#2237=CARTESIAN_POINT('Ctrl Pts',(-0.284021020458593,0.0080611534680901,
0.499999991319937));
#2238=CARTESIAN_POINT('Ctrl Pts',(-0.299805567817461,-0.0192784845319468,
0.331794310591088));
#2239=CARTESIAN_POINT('Ctrl Pts',(-0.315587708108798,-0.046613953368722,
0.163587726360903));
#2240=CARTESIAN_POINT('Ctrl Pts',(-0.331368344077793,-0.0739468166427707,
-0.00461942237031844));
#2241=CARTESIAN_POINT('',(-0.319312273169429,-0.000907607858784058,0.499999991314686));
#2242=CARTESIAN_POINT('',(-0.284021020459179,0.00806115346707567,0.499999991316817));
#2243=CARTESIAN_POINT('Ctrl Pts',(-0.31931227314025,-0.000907607907736077,
0.499999991324561));
#2244=CARTESIAN_POINT('Ctrl Pts',(-0.316960140047459,-0.00240700937069745,
0.499999990235995));
#2245=CARTESIAN_POINT('Ctrl Pts',(-0.314368402198647,-0.00346218953600825,
0.49999455728971));
#2246=CARTESIAN_POINT('Ctrl Pts',(-0.311655944552229,-0.00407957019019748,
0.499992204638287));
#2247=CARTESIAN_POINT('Ctrl Pts',(-0.311254303486001,-0.00417098744220317,
0.499991856274718));
#2248=CARTESIAN_POINT('Ctrl Pts',(-0.310849981289885,-0.00425272126865935,
0.499991558507077));
#2249=CARTESIAN_POINT('Ctrl Pts',(-0.310443340333152,-0.00432470328788768,
0.499991322252611));
#2250=CARTESIAN_POINT('Ctrl Pts',(-0.307657272390494,-0.00481788232678923,
0.499989703574059));
#2251=CARTESIAN_POINT('Ctrl Pts',(-0.304812826621993,-0.00484867151533183,
0.499991674296058));
#2252=CARTESIAN_POINT('Ctrl Pts',(-0.302028464425155,-0.00441516363520184,
0.49999536201906));
#2253=CARTESIAN_POINT('Ctrl Pts',(-0.301638034237765,-0.0043543760828258,
0.499995879120745));
#2254=CARTESIAN_POINT('Ctrl Pts',(-0.301248781396201,-0.00428437694484999,
0.499996416207981));
#2255=CARTESIAN_POINT('Ctrl Pts',(-0.300861039218657,-0.00420507937743967,
0.499996955487123));
#2256=CARTESIAN_POINT('Ctrl Pts',(-0.299582303434831,-0.00394356375471278,
0.499998733976997));
#2257=CARTESIAN_POINT('Ctrl Pts',(-0.298329772075565,-0.00358309221220963,
0.500000528596792));
#2258=CARTESIAN_POINT('Ctrl Pts',(-0.297114623751534,-0.00312361981114384,
0.500001537953997));
#2259=CARTESIAN_POINT('Ctrl Pts',(-0.295281424171012,-0.00243044960612613,
0.500003060692553));
#2260=CARTESIAN_POINT('Ctrl Pts',(-0.293532889686812,-0.00151248614189993,
0.500002842762859));
#2261=CARTESIAN_POINT('Ctrl Pts',(-0.291899558121052,-0.000400160155158998,
0.500002367640361));
#2262=CARTESIAN_POINT('Ctrl Pts',(-0.290294633544396,0.000692820199103207,
0.50000190078122));
#2263=CARTESIAN_POINT('Ctrl Pts',(-0.288814328022687,0.00196440313629549,
0.500001179899512));
#2264=CARTESIAN_POINT('Ctrl Pts',(-0.287488040232935,0.00338626145961469,
0.500000710184931));
#2265=CARTESIAN_POINT('Ctrl Pts',(-0.286159555079704,0.00481047548550157,
0.500000239692138));
#2266=CARTESIAN_POINT('Ctrl Pts',(-0.284993186822594,0.0063773119322303,
0.499999991319937));
#2267=CARTESIAN_POINT('Ctrl Pts',(-0.284021020458593,0.0080611534680901,
0.499999991319937));
#2268=CARTESIAN_POINT('',(-0.330934965626644,-0.0731961831464749,-8.68231805835183E-9));
#2269=CARTESIAN_POINT('Ctrl Pts',(-0.284021020458593,0.0080611534680901,
0.499999991319937));
#2270=CARTESIAN_POINT('Ctrl Pts',(-0.299661072657803,-0.0190282115739719,
0.333334101764041));
#2271=CARTESIAN_POINT('Ctrl Pts',(-0.315298761657404,-0.0461134834342417,
0.166667325172789));
#2272=CARTESIAN_POINT('Ctrl Pts',(-0.330934965637068,-0.0731961831645305,
-8.67840071160086E-9));
#2273=CARTESIAN_POINT('',(-0.366097161941488,-0.0822463913196885,-8.68199769947723E-9));
#2274=CARTESIAN_POINT('Ctrl Pts',(-0.33093496563685,-0.0731961831641516,
-8.67606872023002E-9));
#2275=CARTESIAN_POINT('Ctrl Pts',(-0.332359634850837,-0.0756637858727449,
-8.81881407092931E-9));
#2276=CARTESIAN_POINT('Ctrl Pts',(-0.33419481967134,-0.077873848302052,
5.70900226205162E-7));
#2277=CARTESIAN_POINT('Ctrl Pts',(-0.336339838453162,-0.0797461989057048,
1.44297546811768E-6));
#2278=CARTESIAN_POINT('Ctrl Pts',(-0.336729000468852,-0.0800858918450728,
1.60119252516746E-6));
#2279=CARTESIAN_POINT('Ctrl Pts',(-0.33712846208695,-0.0804143750741113,
1.76329449820373E-6));
#2280=CARTESIAN_POINT('Ctrl Pts',(-0.337537736244476,-0.0807310266365229,
1.91500795020897E-6));
#2281=CARTESIAN_POINT('Ctrl Pts',(-0.339501912238673,-0.0822506911107564,
2.64310649968588E-6));
#2282=CARTESIAN_POINT('Ctrl Pts',(-0.341664824893102,-0.083479838693286,
3.39084603214369E-6));
#2283=CARTESIAN_POINT('Ctrl Pts',(-0.343966591406529,-0.0843571105570293,
1.51638034762147E-6));
#2284=CARTESIAN_POINT('Ctrl Pts',(-0.344759357475591,-0.0846592573485747,
8.70783679248984E-7));
#2285=CARTESIAN_POINT('Ctrl Pts',(-0.345568719664235,-0.0849194098090674,
-1.15405530584254E-7));
#2286=CARTESIAN_POINT('Ctrl Pts',(-0.346391600114372,-0.0851375043554968,
-1.21232880547894E-6));
#2287=CARTESIAN_POINT('Ctrl Pts',(-0.349119399109522,-0.0858604746053049,
-4.84856321415967E-6));
#2288=CARTESIAN_POINT('Ctrl Pts',(-0.351950144644633,-0.0861132847406113,
-8.94492430216806E-6));
#2289=CARTESIAN_POINT('Ctrl Pts',(-0.354766054071243,-0.0859063389324961,
-9.15385825350779E-6));
#2290=CARTESIAN_POINT('Ctrl Pts',(-0.355206288913299,-0.0858739853509892,
-9.18652265819322E-6));
#2291=CARTESIAN_POINT('Ctrl Pts',(-0.35564615865365,-0.0858302925238443,
-9.14098363944678E-6));
#2292=CARTESIAN_POINT('Ctrl Pts',(-0.356085194692653,-0.085775187710078,
-9.02064732445797E-6));
#2293=CARTESIAN_POINT('Ctrl Pts',(-0.357858913336149,-0.085552562625027,
-8.53448503614762E-6));
#2294=CARTESIAN_POINT('Ctrl Pts',(-0.359603801173198,-0.0851462358944287,
-6.6801046897007E-6));
#2295=CARTESIAN_POINT('Ctrl Pts',(-0.361289156266565,-0.0845558857482854,
-4.54553141828749E-6));
#2296=CARTESIAN_POINT('Ctrl Pts',(-0.362972427469081,-0.0839662655523313,
-2.41359748250107E-6));
#2297=CARTESIAN_POINT('Ctrl Pts',(-0.364585496424478,-0.0831968763317628,
-8.67868919703551E-9));
#2298=CARTESIAN_POINT('Ctrl Pts',(-0.366097161941126,-0.0822463913190596,
-8.6800628906758E-9));
#2299=CARTESIAN_POINT('Ctrl Pts',(-0.366097161941313,-0.082246391319385,
-8.68206354906228E-9));
#2300=CARTESIAN_POINT('Ctrl Pts',(-0.350497960779846,-0.0551404928221209,
0.166667322131285));
#2301=CARTESIAN_POINT('Ctrl Pts',(-0.334902311665278,-0.0280287493202952,
0.333334098723463));
#2302=CARTESIAN_POINT('Ctrl Pts',(-0.319312273140758,-0.000907607908619641,
0.499999991319131));
#2303=CARTESIAN_POINT('Origin',(-0.272759426433567,0.0275668064936486,0.249999991319937));
#2304=CARTESIAN_POINT('',(-0.213983109837174,0.129370373120356,0.49999999131505));
#2305=CARTESIAN_POINT('',(-0.208548496865487,0.13878339890679,0.499999991319938));
#2306=CARTESIAN_POINT('',(-0.240251130756748,0.083872826273371,0.220232591319336));
#2307=CARTESIAN_POINT('Ctrl Pts',(-0.240251130756772,0.0838728262733293,
0.220232591319345));
#2308=CARTESIAN_POINT('Ctrl Pts',(-0.231496524824914,0.0990362485475511,
0.313488917478796));
#2309=CARTESIAN_POINT('Ctrl Pts',(-0.222740690491026,0.114201798476501,
0.406744782381683));
#2310=CARTESIAN_POINT('Ctrl Pts',(-0.213983109854005,0.129370373091203,
0.499999991321388));
#2311=CARTESIAN_POINT('',(-0.262595567202443,0.0451711270829338,-8.68114225085153E-9));
#2312=CARTESIAN_POINT('Ctrl Pts',(-0.262595567202338,0.045171127083116,
-8.68118495268617E-9));
#2313=CARTESIAN_POINT('Ctrl Pts',(-0.255148173658634,0.0580703910847706,
0.0734111631365528));
#2314=CARTESIAN_POINT('Ctrl Pts',(-0.247700098134068,0.0709708363119301,
0.146822058218662));
#2315=CARTESIAN_POINT('Ctrl Pts',(-0.240251130821971,0.083872826160401,
0.220232591345808));
#2316=CARTESIAN_POINT('',(-0.208548496865486,0.138783398906791,-8.68006239938026E-9));
#2317=CARTESIAN_POINT('Ctrl Pts',(-0.248543714242321,0.116956395164103,
0.215445890996318));
#2318=CARTESIAN_POINT('Ctrl Pts',(-0.239599685930815,0.132353537755196,
0.310297803108021));
#2319=CARTESIAN_POINT('Ctrl Pts',(-0.230650125653523,0.147749961472481,
0.405149238173456));
#2320=CARTESIAN_POINT('Ctrl Pts',(-0.221692704238896,0.163145298404185,
0.499999991319938));
#2321=CARTESIAN_POINT('Ctrl Pts',(-0.243225990024841,0.113519244692309,
0.215505558616068));
#2322=CARTESIAN_POINT('Ctrl Pts',(-0.234295093809602,0.128910577749533,
0.310359653284094));
#2323=CARTESIAN_POINT('Ctrl Pts',(-0.225359708533678,0.144301340909879,
0.4052133489719));
#2324=CARTESIAN_POINT('Ctrl Pts',(-0.216418916247241,0.159689488761898,
0.50006684147636));
#2325=CARTESIAN_POINT('Ctrl Pts',(-0.235329192956396,0.102502389095135,
0.216555566405139));
#2326=CARTESIAN_POINT('Ctrl Pts',(-0.22642473114421,0.117898806297624,0.31141142229337));
#2327=CARTESIAN_POINT('Ctrl Pts',(-0.217519530928039,0.133294312508712,
0.406267299955402));
#2328=CARTESIAN_POINT('Ctrl Pts',(-0.208612046944762,0.148689082825065,
0.5011229954782));
#2329=CARTESIAN_POINT('Ctrl Pts',(-0.237156290697845,0.0892332464966901,
0.218884642636529));
#2330=CARTESIAN_POINT('Ctrl Pts',(-0.22825601187771,0.104649445645748,0.313737907042903));
#2331=CARTESIAN_POINT('Ctrl Pts',(-0.219354127730105,0.12006691757391,0.408590795883464));
#2332=CARTESIAN_POINT('Ctrl Pts',(-0.210451852420564,0.135486690380528,
0.503443243290042));
#2333=CARTESIAN_POINT('Ctrl Pts',(-0.240267980416277,0.0838436418069763,
0.220053104372572));
#2334=CARTESIAN_POINT('Ctrl Pts',(-0.231363587632786,0.0992665025185325,
0.314905016484275));
#2335=CARTESIAN_POINT('Ctrl Pts',(-0.222457924396273,0.114691563719272,
0.409756451549711));
#2336=CARTESIAN_POINT('Ctrl Pts',(-0.213550445764851,0.130119769276228,
0.504607204696192));
#2337=CARTESIAN_POINT('',(-0.248543714242472,0.116956395163844,0.215445890996374));
#2338=CARTESIAN_POINT('Ctrl Pts',(-0.248543714242309,0.116956395164095,
0.215445890996318));
#2339=CARTESIAN_POINT('Ctrl Pts',(-0.243223169248211,0.113524100658581,
0.215535473107292));
#2340=CARTESIAN_POINT('Ctrl Pts',(-0.239271964143066,0.10802052480455,0.216090393490622));
#2341=CARTESIAN_POINT('Ctrl Pts',(-0.237751736500745,0.101953888033811,
0.216965079691142));
#2342=CARTESIAN_POINT('Ctrl Pts',(-0.236231508858428,0.0958872512630825,
0.21783976589166));
#2343=CARTESIAN_POINT('Ctrl Pts',(-0.237142257099569,0.0892575542782251,
0.219034217651311));
#2344=CARTESIAN_POINT('Ctrl Pts',(-0.240251130756748,0.0838728262733709,
0.220232591319336));
#2345=CARTESIAN_POINT('',(-0.221692704239416,0.163145298403292,0.499999991317186));
#2346=CARTESIAN_POINT('Ctrl Pts',(-0.21398310985353,0.129370373092025,0.499999991326442));
#2347=CARTESIAN_POINT('Ctrl Pts',(-0.212558592863636,0.131837696953514,
0.499999991013615));
#2348=CARTESIAN_POINT('Ctrl Pts',(-0.211570006616989,0.134528518173479,
0.500000657994478));
#2349=CARTESIAN_POINT('Ctrl Pts',(-0.211025780711336,0.137319838660649,
0.500000591374132));
#2350=CARTESIAN_POINT('Ctrl Pts',(-0.210926941517413,0.137826782310457,
0.500000579274926));
#2351=CARTESIAN_POINT('Ctrl Pts',(-0.210842891222707,0.13833708162274,0.500000548757857));
#2352=CARTESIAN_POINT('Ctrl Pts',(-0.210773860300141,0.138850027779913,
0.500000503782811));
#2353=CARTESIAN_POINT('Ctrl Pts',(-0.210398085560866,0.141642286688093,
0.500000258957948));
#2354=CARTESIAN_POINT('Ctrl Pts',(-0.210468938134733,0.144471077796564,
0.499999139229288));
#2355=CARTESIAN_POINT('Ctrl Pts',(-0.211012931457756,0.147219381184153,
0.499999703208502));
#2356=CARTESIAN_POINT('Ctrl Pts',(-0.211058281077353,0.147448491557184,
0.499999750224231));
#2357=CARTESIAN_POINT('Ctrl Pts',(-0.211106948606726,0.147677037795817,
0.499999812513634));
#2358=CARTESIAN_POINT('Ctrl Pts',(-0.211158965914791,0.147904947778659,
0.499999893813057));
#2359=CARTESIAN_POINT('Ctrl Pts',(-0.211221891009847,0.148180649422365,
0.49999999216059));
#2360=CARTESIAN_POINT('Ctrl Pts',(-0.211289718008125,0.148455420070396,
0.500000118310491));
#2361=CARTESIAN_POINT('Ctrl Pts',(-0.211362395156449,0.148729155147083,
0.500000264962197));
#2362=CARTESIAN_POINT('Ctrl Pts',(-0.212084187393213,0.151447751815234,
0.500001721431879));
#2363=CARTESIAN_POINT('Ctrl Pts',(-0.213269023180243,0.154022970431498,
0.500004418874839));
#2364=CARTESIAN_POINT('Ctrl Pts',(-0.214849281347636,0.156355415610424,
0.500004334061002));
#2365=CARTESIAN_POINT('Ctrl Pts',(-0.214971569842759,0.156535912200647,
0.500004327497671));
#2366=CARTESIAN_POINT('Ctrl Pts',(-0.215096247644089,0.156714941073598,
0.500004308533868));
#2367=CARTESIAN_POINT('Ctrl Pts',(-0.215223293370565,0.156892447995502,
0.500004277569338));
#2368=CARTESIAN_POINT('Ctrl Pts',(-0.216848650941634,0.159163380103443,
0.500003881425085));
#2369=CARTESIAN_POINT('Ctrl Pts',(-0.218831925975626,0.161150847038796,
0.5000007085805));
#2370=CARTESIAN_POINT('Ctrl Pts',(-0.221113218679377,0.162751431890968,
0.500000074185877));
#2371=CARTESIAN_POINT('Ctrl Pts',(-0.221304279974678,0.162885482999181,
0.500000021054485));
#2372=CARTESIAN_POINT('Ctrl Pts',(-0.221497450452391,0.163016796884527,
0.499999991319938));
#2373=CARTESIAN_POINT('Ctrl Pts',(-0.221692704238896,0.163145298404185,
0.499999991319938));
#2374=CARTESIAN_POINT('Ctrl Pts',(-0.221692704238896,0.163145298404185,
0.499999991319938));
#2375=CARTESIAN_POINT('Ctrl Pts',(-0.230650125653523,0.147749961472481,
0.405149238173456));
#2376=CARTESIAN_POINT('Ctrl Pts',(-0.239599685930815,0.132353537755196,
0.310297803108021));
#2377=CARTESIAN_POINT('Ctrl Pts',(-0.248543714242321,0.116956395164103,
0.215445890996318));
#2378=CARTESIAN_POINT('Ctrl Pts',(-0.27100019095123,0.0782838674007466,
-0.00496570299588208));
#2379=CARTESIAN_POINT('Ctrl Pts',(-0.263517247239402,0.0911787057108941,
0.0685219278780305));
#2380=CARTESIAN_POINT('Ctrl Pts',(-0.256031311275402,0.10407316677242,0.142009281439564));
#2381=CARTESIAN_POINT('Ctrl Pts',(-0.248541475858104,0.11696711444745,0.215496272202835));
#2382=CARTESIAN_POINT('Ctrl Pts',(-0.265651277996662,0.074860763900673,
-0.00490685560465007));
#2383=CARTESIAN_POINT('Ctrl Pts',(-0.258177499939796,0.0877514973337218,
0.0685824295721122));
#2384=CARTESIAN_POINT('Ctrl Pts',(-0.250701235881291,0.10064203615212,0.142071459399047));
#2385=CARTESIAN_POINT('Ctrl Pts',(-0.243222355766391,0.113531152820567,
0.21556041547165));
#2386=CARTESIAN_POINT('Ctrl Pts',(-0.257679720827031,0.0638472782983085,
-0.003780344027226));
#2387=CARTESIAN_POINT('Ctrl Pts',(-0.25022447119088,0.0767415104105909,
0.0697102792885826));
#2388=CARTESIAN_POINT('Ctrl Pts',(-0.242768930491436,0.0896351980422958,
0.143200937697821));
#2389=CARTESIAN_POINT('Ctrl Pts',(-0.235312121440043,0.102528579397333,
0.21669147979867));
#2390=CARTESIAN_POINT('Ctrl Pts',(-0.259483602772065,0.0505612075876963,
-0.00126281504879296));
#2391=CARTESIAN_POINT('Ctrl Pts',(-0.252031323550117,0.0634692612297844,
0.0722258421044426));
#2392=CARTESIAN_POINT('Ctrl Pts',(-0.244578064176019,0.0763779700334405,
0.145714275141192));
#2393=CARTESIAN_POINT('Ctrl Pts',(-0.237124765397501,0.0892878499186107,
0.219202483641368));
#2394=CARTESIAN_POINT('Ctrl Pts',(-0.262595567202338,0.045171127083116,
-8.68118495268617E-9));
#2395=CARTESIAN_POINT('Ctrl Pts',(-0.255140417064274,0.0580838259002966,
0.0734876221927277));
#2396=CARTESIAN_POINT('Ctrl Pts',(-0.247684583524017,0.0709977084047986,
0.146974975754262));
#2397=CARTESIAN_POINT('Ctrl Pts',(-0.240227856118663,0.0839131391290614,
0.220461966517532));
#2398=CARTESIAN_POINT('',(-0.270494550043388,0.0791551948233457,-8.68109297041601E-9));
#2399=CARTESIAN_POINT('Ctrl Pts',(-0.248546614120884,0.116958268792476,
0.215445857808689));
#2400=CARTESIAN_POINT('Ctrl Pts',(-0.255866034377034,0.104357692047275,
0.143630888843926));
#2401=CARTESIAN_POINT('Ctrl Pts',(-0.263181730804934,0.09175662504132,0.0718155734209808));
#2402=CARTESIAN_POINT('Ctrl Pts',(-0.270494550080324,0.0791551948298271,
-8.6775904762585E-9));
#2403=CARTESIAN_POINT('Ctrl Pts',(-0.270494550080215,0.079155194830015,
-8.67651936409253E-9));
#2404=CARTESIAN_POINT('Ctrl Pts',(-0.268145516121186,0.0776453667680931,
-7.71678223383943E-9));
#2405=CARTESIAN_POINT('Ctrl Pts',(-0.266089146369984,0.0757343963037575,
3.70170558101057E-6));
#2406=CARTESIAN_POINT('Ctrl Pts',(-0.264382397814049,0.0735297421732821,
4.47923963520062E-6));
#2407=CARTESIAN_POINT('Ctrl Pts',(-0.264135856812568,0.0732112783694853,
4.59155496351268E-6));
#2408=CARTESIAN_POINT('Ctrl Pts',(-0.263896668548475,0.0728866218019467,
4.65990977215803E-6));
#2409=CARTESIAN_POINT('Ctrl Pts',(-0.263665069692265,0.0725560400997761,
4.68076885263023E-6));
#2410=CARTESIAN_POINT('Ctrl Pts',(-0.262045103688666,0.070243718149264,
4.82667199647481E-6));
#2411=CARTESIAN_POINT('Ctrl Pts',(-0.260821801219815,0.0676850012380266,
1.96670468931221E-6));
#2412=CARTESIAN_POINT('Ctrl Pts',(-0.260058248869896,0.0649814424785596,
2.12790355943321E-7));
#2413=CARTESIAN_POINT('Ctrl Pts',(-0.259955425651501,0.06461736971682,-2.33992341546721E-8));
#2414=CARTESIAN_POINT('Ctrl Pts',(-0.259861006599015,0.0642506336283564,
-2.26301936782013E-7));
#2415=CARTESIAN_POINT('Ctrl Pts',(-0.259775213517723,0.0638814555182863,
-3.74313285913738E-7));
#2416=CARTESIAN_POINT('Ctrl Pts',(-0.259767629813376,0.0638488219119877,
-3.8739679212351E-7));
#2417=CARTESIAN_POINT('Ctrl Pts',(-0.259760113522316,0.0638161692229422,
-4.00049888730917E-7));
#2418=CARTESIAN_POINT('Ctrl Pts',(-0.259752664616426,0.0637834976470607,
-4.12283613369311E-7));
#2419=CARTESIAN_POINT('Ctrl Pts',(-0.259128281403165,0.0610448963232735,
-1.43774056136153E-6));
#2420=CARTESIAN_POINT('Ctrl Pts',(-0.258982991687758,0.0582187778748088,
-4.74490987062034E-8));
#2421=CARTESIAN_POINT('Ctrl Pts',(-0.25928153044591,0.0554229297104657,
3.47363337632051E-7));
#2422=CARTESIAN_POINT('Ctrl Pts',(-0.259333408217392,0.054937088699184,
4.15970809161972E-7));
#2423=CARTESIAN_POINT('Ctrl Pts',(-0.259398813120498,0.0544521444075919,
4.70239613530221E-7));
#2424=CARTESIAN_POINT('Ctrl Pts',(-0.259477714860391,0.0539687146099194,
5.08022394179585E-7));
#2425=CARTESIAN_POINT('Ctrl Pts',(-0.259937712338457,0.0511503168400811,
7.28296165537188E-7));
#2426=CARTESIAN_POINT('Ctrl Pts',(-0.260845798312792,0.048422882912688,
1.47257864939779E-7));
#2427=CARTESIAN_POINT('Ctrl Pts',(-0.262186838402405,0.0459075717176198,
1.2084776285573E-8));
#2428=CARTESIAN_POINT('Ctrl Pts',(-0.262318843123809,0.0456599781101496,
-1.22093026811557E-9));
#2429=CARTESIAN_POINT('Ctrl Pts',(-0.262455082373745,0.045414453943932,
-8.68006263001206E-9));
#2430=CARTESIAN_POINT('Ctrl Pts',(-0.262595567202224,0.0451711270833132,
-8.68006263046728E-9));
#2431=CARTESIAN_POINT('Origin',(1.02171113066055E-16,0.499999991319933,
0.249999991319937));
#2432=CARTESIAN_POINT('',(-0.687777567297406,0.499999991319933,-8.68006282554852E-9));
#2433=CARTESIAN_POINT('Origin',(1.02171113066055E-16,0.499999991319933,
-8.68006244308982E-9));
#2434=CARTESIAN_POINT('',(-0.594027567297406,0.499999991319933,0.499999991319937));
#2435=CARTESIAN_POINT('',(-0.640902567297406,0.499999991319933,0.249999991319937));
#2436=CARTESIAN_POINT('Origin',(1.02171113066055E-16,0.499999991319933,
0.499999991319938));
#2437=CARTESIAN_POINT('Origin',(1.02171113066055E-16,0.499999991319933,
0.357722941158982));
#2438=CARTESIAN_POINT('',(-0.403260138436863,0.499999991319933,0.499999991319937));
#2439=CARTESIAN_POINT('Origin',(1.02171113066055E-16,0.499999991319933,
0.499999991319938));
#2440=CARTESIAN_POINT('',(-0.456614032247221,0.499999991319933,0.215445890998027));
#2441=CARTESIAN_POINT('',(-0.429937085342042,0.499999991319932,0.357722941158982));
#2442=CARTESIAN_POINT('Origin',(2.62257407391769E-16,0.499999991319933,
0.215445890998027));
#2443=CARTESIAN_POINT('Origin',(1.02171113066055E-16,0.499999991319933,
0.107722941158982));
#2444=CARTESIAN_POINT('',(-0.500277567297406,0.499999991319933,-8.68006279276637E-9));
#2445=CARTESIAN_POINT('',(-0.478445799772313,0.499999991319933,0.107722941158982));
#2446=CARTESIAN_POINT('Origin',(1.02171113066055E-16,0.499999991319933,
-8.68006244308982E-9));
#2447=CARTESIAN_POINT('Origin',(-0.75,0.499999991319932,0.499999991319938));
#2448=CARTESIAN_POINT('',(-0.75,0.499999991319933,-8.68006156889847E-9));
#2449=CARTESIAN_POINT('',(0.50027769401359,0.499999991319933,-8.68006156889847E-9));
#2450=CARTESIAN_POINT('',(-0.75,0.499999991319932,0.499999991319938));
#2451=CARTESIAN_POINT('',(-0.75,0.499999991319932,0.499999991319938));
#2452=CARTESIAN_POINT('',(0.50027769401359,0.499999991319932,0.499999991319938));
#2453=CARTESIAN_POINT('Origin',(-0.75,0.499999991319932,0.499999991319938));
#2454=CARTESIAN_POINT('',(-0.144337567297406,0.499999991319932,0.499999991319938));
#2455=CARTESIAN_POINT('',(0.50027769401359,0.499999991319932,0.499999991319938));
#2456=CARTESIAN_POINT('',(-0.144337567297406,0.499999991319933,-8.68006156889847E-9));
#2457=CARTESIAN_POINT('',(-0.144337567297406,0.499999991319932,0.499999991319938));
#2458=CARTESIAN_POINT('',(0.50027769401359,0.499999991319933,-8.68006156889847E-9));
#2459=CARTESIAN_POINT('Origin',(0.0721687836487032,0.124999991319932,0.499999991319938));
#2460=CARTESIAN_POINT('',(-0.115384615384615,-0.241071118987671,0.499999991319937));
#2461=CARTESIAN_POINT('Origin',(1.02171113066055E-16,0.499999991319932,
0.499999991319938));
#2462=CARTESIAN_POINT('',(8.74191357972564E-17,-0.142261637613324,0.499999991319937));
#2463=CARTESIAN_POINT('Origin',(-0.0999999999999999,-0.142261637613324,
0.499999991319937));
#2464=CARTESIAN_POINT('',(8.74191357972564E-17,-0.0500000086800679,0.499999991319937));
#2465=CARTESIAN_POINT('',(8.74191357972564E-17,-0.275000008680068,0.499999991319937));
#2466=CARTESIAN_POINT('',(0.1,0.049999991319932,0.499999991319937));
#2467=CARTESIAN_POINT('Origin',(0.0999999999999999,-0.0500000086800678,
0.499999991319937));
#2468=CARTESIAN_POINT('',(0.794337567297407,0.0499999913199324,0.499999991319937));
#2469=CARTESIAN_POINT('',(0.794337567297407,0.0499999913199322,0.499999991319937));
#2470=CARTESIAN_POINT('',(0.894337567297406,0.149999991319932,0.499999991319938));
#2471=CARTESIAN_POINT('Origin',(0.794337567297407,0.149999991319932,0.499999991319938));
#2472=CARTESIAN_POINT('',(0.894337567297406,0.499999991319932,0.499999991319938));
#2473=CARTESIAN_POINT('',(0.894337567297406,0.499999991319932,0.499999991319938));
#2474=CARTESIAN_POINT('',(0.831837567297406,0.499999991319932,0.499999991319938));
#2475=CARTESIAN_POINT('',(0.831837567297406,0.499999991319932,0.499999991319938));
#2476=CARTESIAN_POINT('',(0.331837567297407,0.499999991319932,0.499999991319938));
#2477=CARTESIAN_POINT('Origin',(0.581837567297406,0.499999991319932,0.499999991319938));
#2478=CARTESIAN_POINT('',(0.144337567297406,0.499999991319932,0.499999991319938));
#2479=CARTESIAN_POINT('',(0.144337567297406,0.499999991319932,0.499999991319938));
#2480=CARTESIAN_POINT('',(0.0721687836487033,0.374999991319932,0.499999991319938));
#2481=CARTESIAN_POINT('',(0.144337567297406,0.499999991319932,0.499999991319938));
#2482=CARTESIAN_POINT('',(-0.0721687836487031,0.374999991319932,0.499999991319938));
#2483=CARTESIAN_POINT('',(0.0721687836487033,0.374999991319932,0.499999991319938));
#2484=CARTESIAN_POINT('',(-0.0721687836487031,0.374999991319932,0.499999991319938));
#2485=CARTESIAN_POINT('Origin',(-0.0999999999999999,-0.142261637613324,
0.499999991319937));
#2486=CARTESIAN_POINT('',(-0.115384615384615,-0.24107111898767,-8.68006357953859E-9));
#2487=CARTESIAN_POINT('',(8.74191357972564E-17,-0.142261637613323,-8.68006305502377E-9));
#2488=CARTESIAN_POINT('Origin',(-0.0999999999999999,-0.142261637613323,
-8.68006305502377E-9));
#2489=CARTESIAN_POINT('',(8.74191357972564E-17,-0.142261637613324,0.499999991319937));
#2490=CARTESIAN_POINT('',(-0.115384615384615,-0.241071118987671,0.499999991319937));
#2491=CARTESIAN_POINT('Origin',(8.74191357972564E-17,-0.0500000086800679,
0.499999991319937));
#2492=CARTESIAN_POINT('',(0.,-0.0500000086800667,-8.68006296760464E-9));
#2493=CARTESIAN_POINT('',(8.74191357972564E-17,-0.275000008680066,-8.68006340470032E-9));
#2494=CARTESIAN_POINT('',(8.74191357972564E-17,-0.0500000086800679,0.499999991319937));
#2495=CARTESIAN_POINT('Origin',(0.236337567297406,0.252499991319933,0.24999999131994));
#2496=CARTESIAN_POINT('',(0.236337567297406,0.499999991319932,0.16749999131994));
#2497=CARTESIAN_POINT('Origin',(0.236337567297406,0.499999991319932,0.24999999131994));
#2498=CARTESIAN_POINT('',(0.236337567297406,0.0499999913199326,0.16749999131994));
#2499=CARTESIAN_POINT('',(0.236337567297406,0.252499991319933,0.16749999131994));
#2500=CARTESIAN_POINT('Origin',(0.236337567297406,0.0499999913199322,0.24999999131994));
#2501=CARTESIAN_POINT('Origin',(0.581837567297406,0.499999991319932,0.499999991319938));
#2502=CARTESIAN_POINT('',(0.831837567297406,0.499999991319933,-8.68006156889847E-9));
#2503=CARTESIAN_POINT('',(0.831837567297406,0.499999991319932,0.499999991319938));
#2504=CARTESIAN_POINT('',(0.331837567297407,0.499999991319933,-8.68006156889847E-9));
#2505=CARTESIAN_POINT('Origin',(0.581837567297406,0.499999991319933,-8.68006156889847E-9));
#2506=CARTESIAN_POINT('',(0.331837567297407,0.499999991319932,0.499999991319938));
#2507=CARTESIAN_POINT('Origin',(0.144337567297406,0.499999991319932,0.499999991319938));
#2508=CARTESIAN_POINT('',(0.144337567297406,0.499999991319933,-8.68006156889847E-9));
#2509=CARTESIAN_POINT('',(0.144337567297406,0.499999991319933,-8.68006156889847E-9));
#2510=CARTESIAN_POINT('',(0.144337567297406,0.499999991319932,0.499999991319938));
#2511=CARTESIAN_POINT('Origin',(0.0721687836487033,0.374999991319932,0.499999991319938));
#2512=CARTESIAN_POINT('',(0.0721687836487033,0.374999991319933,-8.68006191857501E-9));
#2513=CARTESIAN_POINT('',(0.144337567297406,0.499999991319933,-8.68006156889847E-9));
#2514=CARTESIAN_POINT('',(0.0721687836487033,0.374999991319932,0.499999991319938));
#2515=CARTESIAN_POINT('Origin',(-0.0721687836487031,0.374999991319932,0.499999991319938));
#2516=CARTESIAN_POINT('',(-0.0721687836487031,0.374999991319933,-8.68006191857501E-9));
#2517=CARTESIAN_POINT('',(0.0721687836487033,0.374999991319933,-8.68006191857501E-9));
#2518=CARTESIAN_POINT('',(-0.0721687836487031,0.374999991319932,0.499999991319938));
#2519=CARTESIAN_POINT('Origin',(-0.144337567297406,0.499999991319932,0.499999991319939));
#2520=CARTESIAN_POINT('',(-0.0721687836487031,0.374999991319933,-8.68006191857501E-9));
#2521=CARTESIAN_POINT('Origin',(1.02171113066055E-16,0.499999991319932,
0.499999991319938));
#2522=CARTESIAN_POINT('Origin',(1.02171113066055E-16,0.499999991319933,
-8.68006156889847E-9));
#2523=CARTESIAN_POINT('Origin',(0.0999999999999999,-0.0500000086800678,
0.499999991319937));
#2524=CARTESIAN_POINT('',(0.1,0.0499999913199334,-8.68006261792809E-9));
#2525=CARTESIAN_POINT('Origin',(0.0999999999999999,-0.0500000086800664,
-8.68006296760464E-9));
#2526=CARTESIAN_POINT('',(0.1,0.049999991319932,0.499999991319937));
#2527=CARTESIAN_POINT('Origin',(0.794337567297407,0.0499999913199322,0.499999991319937));
#2528=CARTESIAN_POINT('',(0.794337567297407,0.0499999913199338,-8.68006261792809E-9));
#2529=CARTESIAN_POINT('',(0.794337567297407,0.0499999913199334,-8.68006261792809E-9));
#2530=CARTESIAN_POINT('',(0.794337567297407,0.0499999913199324,0.499999991319937));
#2531=CARTESIAN_POINT('Origin',(0.794337567297407,0.149999991319932,0.499999991319938));
#2532=CARTESIAN_POINT('',(0.894337567297406,0.149999991319933,-8.68006244308982E-9));
#2533=CARTESIAN_POINT('Origin',(0.794337567297407,0.149999991319933,-8.68006244308982E-9));
#2534=CARTESIAN_POINT('',(0.894337567297406,0.149999991319932,0.499999991319938));
#2535=CARTESIAN_POINT('Origin',(0.894337567297406,0.499999991319932,0.499999991319938));
#2536=CARTESIAN_POINT('',(0.894337567297406,0.499999991319933,-8.68006156889847E-9));
#2537=CARTESIAN_POINT('',(0.894337567297406,0.499999991319933,-8.68006156889847E-9));
#2538=CARTESIAN_POINT('',(0.894337567297406,0.499999991319932,0.499999991319938));
#2539=CARTESIAN_POINT('Origin',(0.831837567297406,0.499999991319932,0.499999991319938));
#2540=CARTESIAN_POINT('',(0.831837567297406,0.499999991319933,-8.68006156889847E-9));
#2541=CARTESIAN_POINT('Origin',(0.0721687836487032,0.124999991319933,-8.68006244308982E-9));
#2542=UNCERTAINTY_MEASURE_WITH_UNIT(LENGTH_MEASURE(0.000393700787401575),
#2547,'DISTANCE_ACCURACY_VALUE',
'Maximum model space distance between geometric entities at asserted c
onnectivities');
#2543=UNCERTAINTY_MEASURE_WITH_UNIT(LENGTH_MEASURE(0.000393700787401575),
#2547,'DISTANCE_ACCURACY_VALUE',
'Maximum model space distance between geometric entities at asserted c
onnectivities');
#2544=(
GEOMETRIC_REPRESENTATION_CONTEXT(3)
GLOBAL_UNCERTAINTY_ASSIGNED_CONTEXT((#2542))
GLOBAL_UNIT_ASSIGNED_CONTEXT((#2547,#2551,#2552))
REPRESENTATION_CONTEXT('','3D')
);
#2545=(
GEOMETRIC_REPRESENTATION_CONTEXT(3)
GLOBAL_UNCERTAINTY_ASSIGNED_CONTEXT((#2543))
GLOBAL_UNIT_ASSIGNED_CONTEXT((#2547,#2551,#2552))
REPRESENTATION_CONTEXT('','3D')
);
#2546=DIMENSIONAL_EXPONENTS(1.,0.,0.,0.,0.,0.,0.);
#2547=(
CONVERSION_BASED_UNIT('inch',#2550)
LENGTH_UNIT()
NAMED_UNIT(#2546)
);
#2548=(
LENGTH_UNIT()
NAMED_UNIT(*)
SI_UNIT(.MILLI.,.METRE.)
);
#2549=(
LENGTH_UNIT()
NAMED_UNIT(*)
SI_UNIT($,.METRE.)
);
#2550=LENGTH_MEASURE_WITH_UNIT(LENGTH_MEASURE(25.4),#2548);
#2551=(
NAMED_UNIT(*)
PLANE_ANGLE_UNIT()
SI_UNIT($,.RADIAN.)
);
#2552=(
NAMED_UNIT(*)
SI_UNIT($,.STERADIAN.)
SOLID_ANGLE_UNIT()
);
#2553=SHAPE_DEFINITION_REPRESENTATION(#2554,#2555);
#2554=PRODUCT_DEFINITION_SHAPE('',$,#2557);
#2555=SHAPE_REPRESENTATION('',(#1334),#2544);
#2556=PRODUCT_DEFINITION_CONTEXT('part definition',#2561,'design');
#2557=PRODUCT_DEFINITION('CableHolder','CableHolder v31',#2558,#2556);
#2558=PRODUCT_DEFINITION_FORMATION('',$,#2563);
#2559=PRODUCT_RELATED_PRODUCT_CATEGORY('CableHolder v31',
'CableHolder v31',(#2563));
#2560=APPLICATION_PROTOCOL_DEFINITION('international standard',
'automotive_design',2009,#2561);
#2561=APPLICATION_CONTEXT(
'Core Data for Automotive Mechanical Design Process');
#2562=PRODUCT_CONTEXT('part definition',#2561,'mechanical');
#2563=PRODUCT('CableHolder','CableHolder v31',$,(#2562));
#2564=PRESENTATION_STYLE_ASSIGNMENT((#2566));
#2565=PRESENTATION_STYLE_ASSIGNMENT((#2567));
#2566=SURFACE_STYLE_USAGE(.BOTH.,#2568);
#2567=SURFACE_STYLE_USAGE(.BOTH.,#2569);
#2568=SURFACE_SIDE_STYLE('',(#2570));
#2569=SURFACE_SIDE_STYLE('',(#2571));
#2570=SURFACE_STYLE_FILL_AREA(#2572);
#2571=SURFACE_STYLE_FILL_AREA(#2573);
#2572=FILL_AREA_STYLE('Steel - Satin',(#2574));
#2573=FILL_AREA_STYLE('Nylon 12 (with Formlabs Fuse 1 3D Printer)',(#2575));
#2574=FILL_AREA_STYLE_COLOUR('Steel - Satin',#2576);
#2575=FILL_AREA_STYLE_COLOUR(
'Nylon 12 (with Formlabs Fuse 1 3D Printer)',#2577);
#2576=COLOUR_RGB('Steel - Satin',0.627450980392157,0.627450980392157,0.627450980392157);
#2577=COLOUR_RGB('Nylon 12 (with Formlabs Fuse 1 3D Printer)',0.247058823529412,
0.247058823529412,0.247058823529412);
ENDSEC;
END-ISO-10303-21;
