ISO-10303-21;
HEADER;
/* Generated by software containing ST-Developer
 * from STEP Tools, Inc. (www.steptools.com) 
 */

FILE_DESCRIPTION(
/* description */ (''),
/* implementation_level */ '2;1');

FILE_NAME(
/* name */ 'CableMount.step',
/* time_stamp */ '2026-07-10T21:40:21-04:00',
/* author */ (''),
/* organization */ (''),
/* preprocessor_version */ 'ST-DEVELOPER v20.1',
/* originating_system */ 'Autodesk Translation Framework v15.8.0.0',
/* authorisation */ '');

FILE_SCHEMA (('AUTOMOTIVE_DESIGN { 1 0 10303 214 3 1 1 }'));
ENDSEC;

DATA;
#10=MECHANICAL_DESIGN_GEOMETRIC_PRESENTATION_REPRESENTATION('',(#13,#14),
#9271);
#11=SHAPE_REPRESENTATION_RELATIONSHIP('SRR','None',#9281,#12);
#12=ADVANCED_BREP_SHAPE_REPRESENTATION('',(#15,#16),#9270);
#13=STYLED_ITEM('',(#9291),#15);
#14=STYLED_ITEM('',(#9291),#16);
#15=MANIFOLD_SOLID_BREP('CableMount1',#2706);
#16=MANIFOLD_SOLID_BREP('CableMount2',#2707);
#17=FACE_BOUND('',#291,.T.);
#18=FACE_BOUND('',#298,.T.);
#19=FACE_BOUND('',#303,.T.);
#20=FACE_BOUND('',#304,.T.);
#21=FACE_BOUND('',#367,.T.);
#22=FACE_BOUND('',#372,.T.);
#23=FACE_BOUND('',#388,.T.);
#24=FACE_BOUND('',#389,.T.);
#25=TOROIDAL_SURFACE('',#2775,0.07,0.02);
#26=TOROIDAL_SURFACE('',#2781,0.03,0.02);
#27=TOROIDAL_SURFACE('',#2786,0.0300000000000003,0.02);
#28=TOROIDAL_SURFACE('',#2792,0.0300000000000017,0.02);
#29=TOROIDAL_SURFACE('',#2798,0.07,0.02);
#30=TOROIDAL_SURFACE('',#2804,0.03,0.02);
#31=TOROIDAL_SURFACE('',#2810,0.030000000000001,0.02);
#32=TOROIDAL_SURFACE('',#2815,0.0299999999999996,0.02);
#33=TOROIDAL_SURFACE('',#2888,0.0299999999999997,0.02);
#34=TOROIDAL_SURFACE('',#2894,0.03,0.02);
#35=TOROIDAL_SURFACE('',#2900,0.07,0.02);
#36=TOROIDAL_SURFACE('',#2906,0.0299999999999998,0.02);
#37=TOROIDAL_SURFACE('',#2912,0.0299999999999999,0.02);
#38=TOROIDAL_SURFACE('',#2918,0.07,0.02);
#39=TOROIDAL_SURFACE('',#2924,0.03,0.02);
#40=TOROIDAL_SURFACE('',#2930,0.0300000000000001,0.02);
#41=PLANE('',#2763);
#42=PLANE('',#2766);
#43=PLANE('',#2820);
#44=PLANE('',#2821);
#45=PLANE('',#2824);
#46=PLANE('',#2825);
#47=PLANE('',#2827);
#48=PLANE('',#2831);
#49=PLANE('',#2832);
#50=PLANE('',#2835);
#51=PLANE('',#2836);
#52=PLANE('',#2934);
#53=PLANE('',#2936);
#54=PLANE('',#2939);
#55=PLANE('',#2943);
#56=PLANE('',#2944);
#57=PLANE('',#2945);
#58=PLANE('',#2949);
#59=PLANE('',#2952);
#60=PLANE('',#2956);
#61=PLANE('',#2959);
#62=B_SPLINE_SURFACE_WITH_KNOTS('',3,3,((#4709,#4710,#4711,#4712,#4713,
#4714,#4715,#4716,#4717,#4718,#4719,#4720,#4721,#4722,#4723,#4724,#4725,
#4726,#4727,#4728,#4729,#4730,#4731,#4732,#4733,#4734,#4735,#4736,#4737,
#4738,#4739,#4740,#4741,#4742,#4743,#4744,#4745,#4746,#4747,#4748,#4749,
#4750,#4751,#4752,#4753,#4754,#4755,#4756,#4757,#4758,#4759,#4760,#4761,
#4762,#4763),(#4764,#4765,#4766,#4767,#4768,#4769,#4770,#4771,#4772,#4773,
#4774,#4775,#4776,#4777,#4778,#4779,#4780,#4781,#4782,#4783,#4784,#4785,
#4786,#4787,#4788,#4789,#4790,#4791,#4792,#4793,#4794,#4795,#4796,#4797,
#4798,#4799,#4800,#4801,#4802,#4803,#4804,#4805,#4806,#4807,#4808,#4809,
#4810,#4811,#4812,#4813,#4814,#4815,#4816,#4817,#4818),(#4819,#4820,#4821,
#4822,#4823,#4824,#4825,#4826,#4827,#4828,#4829,#4830,#4831,#4832,#4833,
#4834,#4835,#4836,#4837,#4838,#4839,#4840,#4841,#4842,#4843,#4844,#4845,
#4846,#4847,#4848,#4849,#4850,#4851,#4852,#4853,#4854,#4855,#4856,#4857,
#4858,#4859,#4860,#4861,#4862,#4863,#4864,#4865,#4866,#4867,#4868,#4869,
#4870,#4871,#4872,#4873),(#4874,#4875,#4876,#4877,#4878,#4879,#4880,#4881,
#4882,#4883,#4884,#4885,#4886,#4887,#4888,#4889,#4890,#4891,#4892,#4893,
#4894,#4895,#4896,#4897,#4898,#4899,#4900,#4901,#4902,#4903,#4904,#4905,
#4906,#4907,#4908,#4909,#4910,#4911,#4912,#4913,#4914,#4915,#4916,#4917,
#4918,#4919,#4920,#4921,#4922,#4923,#4924,#4925,#4926,#4927,#4928)),
 .UNSPECIFIED.,.F.,.F.,.F.,(4,4),(4,1,1,1,1,1,1,1,1,1,1,1,1,1,1,1,1,1,1,
1,1,1,1,1,1,1,1,1,1,1,1,1,1,1,1,1,1,1,1,1,1,1,1,1,1,1,1,1,1,1,1,1,4),(0.,
0.0432608556703779),(11.9221090801831,12.9216804082076,13.9212517362321,
14.9208230642566,15.9203943922811,16.9199657203056,17.9195370483301,18.9191083763546,
19.9186797043791,20.9182510324036,21.9178223604281,22.9173936884526,23.9169650164771,
24.9165363445016,25.916107672526,26.9156790005505,27.915250328575,28.9148216565995,
29.914392984624,30.9139643126485,31.913535640673,32.9131069686975,33.912678296722,
34.9122496247465,35.911820952771,36.9113922807955,37.91096360882,38.9105349368445,
39.910106264869,40.9096775928935,41.909248920918,42.9088202489425,43.908391576967,
44.9079629049915,45.9075342330159,46.9071055610404,47.9066768890649,48.9062482170894,
49.9058195451139,50.9053908731384,51.9049622011629,52.9045335291874,53.9041048572119,
54.9036761852364,55.9032475132609,56.9028188412854,57.9023901693099,58.9019614973344,
59.9015328253589,60.9011041533834,61.9006754814079,62.9002468094324,63.8998181374569),
 .UNSPECIFIED.);
#63=B_SPLINE_SURFACE_WITH_KNOTS('',3,3,((#5031,#5032,#5033,#5034,#5035,
#5036,#5037,#5038,#5039,#5040,#5041,#5042,#5043,#5044,#5045,#5046,#5047,
#5048,#5049,#5050,#5051,#5052,#5053,#5054,#5055,#5056,#5057,#5058,#5059,
#5060,#5061,#5062,#5063,#5064,#5065,#5066,#5067,#5068,#5069,#5070,#5071,
#5072,#5073,#5074,#5075,#5076,#5077,#5078,#5079,#5080,#5081,#5082,#5083,
#5084,#5085),(#5086,#5087,#5088,#5089,#5090,#5091,#5092,#5093,#5094,#5095,
#5096,#5097,#5098,#5099,#5100,#5101,#5102,#5103,#5104,#5105,#5106,#5107,
#5108,#5109,#5110,#5111,#5112,#5113,#5114,#5115,#5116,#5117,#5118,#5119,
#5120,#5121,#5122,#5123,#5124,#5125,#5126,#5127,#5128,#5129,#5130,#5131,
#5132,#5133,#5134,#5135,#5136,#5137,#5138,#5139,#5140),(#5141,#5142,#5143,
#5144,#5145,#5146,#5147,#5148,#5149,#5150,#5151,#5152,#5153,#5154,#5155,
#5156,#5157,#5158,#5159,#5160,#5161,#5162,#5163,#5164,#5165,#5166,#5167,
#5168,#5169,#5170,#5171,#5172,#5173,#5174,#5175,#5176,#5177,#5178,#5179,
#5180,#5181,#5182,#5183,#5184,#5185,#5186,#5187,#5188,#5189,#5190,#5191,
#5192,#5193,#5194,#5195),(#5196,#5197,#5198,#5199,#5200,#5201,#5202,#5203,
#5204,#5205,#5206,#5207,#5208,#5209,#5210,#5211,#5212,#5213,#5214,#5215,
#5216,#5217,#5218,#5219,#5220,#5221,#5222,#5223,#5224,#5225,#5226,#5227,
#5228,#5229,#5230,#5231,#5232,#5233,#5234,#5235,#5236,#5237,#5238,#5239,
#5240,#5241,#5242,#5243,#5244,#5245,#5246,#5247,#5248,#5249,#5250)),
 .UNSPECIFIED.,.F.,.F.,.F.,(4,4),(4,1,1,1,1,1,1,1,1,1,1,1,1,1,1,1,1,1,1,
1,1,1,1,1,1,1,1,1,1,1,1,1,1,1,1,1,1,1,1,1,1,1,1,1,1,1,1,1,1,1,1,1,4),(0.,
0.0432608556703779),(14.6399982022878,15.6395695303123,16.6391408583368,
17.6387121863613,18.6382835143858,19.6378548424103,20.6374261704348,21.6369974984593,
22.6365688264838,23.6361401545083,24.6357114825328,25.6352828105572,26.6348541385817,
27.6344254666062,28.6339967946307,29.6335681226552,30.6331394506797,31.6327107787042,
32.6322821067287,33.6318534347532,34.6314247627777,35.6309960908022,36.6305674188267,
37.6301387468512,38.6297100748757,39.6292814029002,40.6288527309247,41.6284240589492,
42.6279953869737,43.6275667149982,44.6271380430227,45.6267093710472,46.6262806990716,
47.6258520270961,48.6254233551206,49.6249946831451,50.6245660111696,51.6241373391941,
52.6237086672186,53.6232799952431,54.6228513232676,55.6224226512921,56.6219939793166,
57.6215653073411,58.6211366353656,59.6207079633901,60.6202792914146,61.6198506194391,
62.6194219474636,63.6189932754881,64.6185646035126,65.6181359315371,66.6177072595616),
 .UNSPECIFIED.);
#64=B_SPLINE_SURFACE_WITH_KNOTS('',3,3,((#5371,#5372,#5373,#5374,#5375,
#5376,#5377,#5378,#5379,#5380,#5381,#5382,#5383,#5384,#5385,#5386,#5387,
#5388,#5389,#5390,#5391,#5392,#5393,#5394,#5395,#5396,#5397,#5398,#5399,
#5400,#5401,#5402,#5403,#5404,#5405,#5406,#5407,#5408,#5409,#5410,#5411,
#5412,#5413,#5414,#5415,#5416,#5417,#5418,#5419,#5420,#5421,#5422,#5423,
#5424,#5425),(#5426,#5427,#5428,#5429,#5430,#5431,#5432,#5433,#5434,#5435,
#5436,#5437,#5438,#5439,#5440,#5441,#5442,#5443,#5444,#5445,#5446,#5447,
#5448,#5449,#5450,#5451,#5452,#5453,#5454,#5455,#5456,#5457,#5458,#5459,
#5460,#5461,#5462,#5463,#5464,#5465,#5466,#5467,#5468,#5469,#5470,#5471,
#5472,#5473,#5474,#5475,#5476,#5477,#5478,#5479,#5480),(#5481,#5482,#5483,
#5484,#5485,#5486,#5487,#5488,#5489,#5490,#5491,#5492,#5493,#5494,#5495,
#5496,#5497,#5498,#5499,#5500,#5501,#5502,#5503,#5504,#5505,#5506,#5507,
#5508,#5509,#5510,#5511,#5512,#5513,#5514,#5515,#5516,#5517,#5518,#5519,
#5520,#5521,#5522,#5523,#5524,#5525,#5526,#5527,#5528,#5529,#5530,#5531,
#5532,#5533,#5534,#5535),(#5536,#5537,#5538,#5539,#5540,#5541,#5542,#5543,
#5544,#5545,#5546,#5547,#5548,#5549,#5550,#5551,#5552,#5553,#5554,#5555,
#5556,#5557,#5558,#5559,#5560,#5561,#5562,#5563,#5564,#5565,#5566,#5567,
#5568,#5569,#5570,#5571,#5572,#5573,#5574,#5575,#5576,#5577,#5578,#5579,
#5580,#5581,#5582,#5583,#5584,#5585,#5586,#5587,#5588,#5589,#5590)),
 .UNSPECIFIED.,.F.,.F.,.F.,(4,4),(4,1,1,1,1,1,1,1,1,1,1,1,1,1,1,1,1,1,1,
1,1,1,1,1,1,1,1,1,1,1,1,1,1,1,1,1,1,1,1,1,1,1,1,1,1,1,1,1,1,1,1,1,4),(0.,
0.0432608556703779),(11.9221090801831,12.9216804082076,13.9212517362321,
14.9208230642566,15.9203943922811,16.9199657203056,17.9195370483301,18.9191083763546,
19.9186797043791,20.9182510324036,21.9178223604281,22.9173936884526,23.9169650164771,
24.9165363445016,25.9161076725261,26.9156790005506,27.9152503285751,28.9148216565996,
29.9143929846241,30.9139643126485,31.913535640673,32.9131069686975,33.912678296722,
34.9122496247465,35.911820952771,36.9113922807955,37.91096360882,38.9105349368445,
39.910106264869,40.9096775928935,41.909248920918,42.9088202489425,43.908391576967,
44.9079629049915,45.907534233016,46.9071055610405,47.906676889065,48.9062482170895,
49.9058195451139,50.9053908731384,51.9049622011629,52.9045335291874,53.9041048572119,
54.9036761852364,55.9032475132609,56.9028188412854,57.9023901693099,58.9019614973344,
59.9015328253589,60.9011041533834,61.9006754814079,62.9002468094324,63.8998181374569),
 .UNSPECIFIED.);
#65=B_SPLINE_SURFACE_WITH_KNOTS('',3,3,((#5693,#5694,#5695,#5696,#5697,
#5698,#5699,#5700,#5701,#5702,#5703,#5704,#5705,#5706,#5707,#5708,#5709,
#5710,#5711,#5712,#5713,#5714,#5715,#5716,#5717,#5718,#5719,#5720,#5721,
#5722,#5723,#5724,#5725,#5726,#5727,#5728,#5729,#5730,#5731,#5732,#5733,
#5734,#5735,#5736,#5737,#5738,#5739,#5740,#5741,#5742,#5743,#5744,#5745,
#5746,#5747),(#5748,#5749,#5750,#5751,#5752,#5753,#5754,#5755,#5756,#5757,
#5758,#5759,#5760,#5761,#5762,#5763,#5764,#5765,#5766,#5767,#5768,#5769,
#5770,#5771,#5772,#5773,#5774,#5775,#5776,#5777,#5778,#5779,#5780,#5781,
#5782,#5783,#5784,#5785,#5786,#5787,#5788,#5789,#5790,#5791,#5792,#5793,
#5794,#5795,#5796,#5797,#5798,#5799,#5800,#5801,#5802),(#5803,#5804,#5805,
#5806,#5807,#5808,#5809,#5810,#5811,#5812,#5813,#5814,#5815,#5816,#5817,
#5818,#5819,#5820,#5821,#5822,#5823,#5824,#5825,#5826,#5827,#5828,#5829,
#5830,#5831,#5832,#5833,#5834,#5835,#5836,#5837,#5838,#5839,#5840,#5841,
#5842,#5843,#5844,#5845,#5846,#5847,#5848,#5849,#5850,#5851,#5852,#5853,
#5854,#5855,#5856,#5857),(#5858,#5859,#5860,#5861,#5862,#5863,#5864,#5865,
#5866,#5867,#5868,#5869,#5870,#5871,#5872,#5873,#5874,#5875,#5876,#5877,
#5878,#5879,#5880,#5881,#5882,#5883,#5884,#5885,#5886,#5887,#5888,#5889,
#5890,#5891,#5892,#5893,#5894,#5895,#5896,#5897,#5898,#5899,#5900,#5901,
#5902,#5903,#5904,#5905,#5906,#5907,#5908,#5909,#5910,#5911,#5912)),
 .UNSPECIFIED.,.F.,.F.,.F.,(4,4),(4,1,1,1,1,1,1,1,1,1,1,1,1,1,1,1,1,1,1,
1,1,1,1,1,1,1,1,1,1,1,1,1,1,1,1,1,1,1,1,1,1,1,1,1,1,1,1,1,1,1,1,1,4),(0.,
0.0432608556703779),(14.6399982022878,15.6395695303123,16.6391408583368,
17.6387121863613,18.6382835143858,19.6378548424103,20.6374261704348,21.6369974984593,
22.6365688264838,23.6361401545083,24.6357114825328,25.6352828105573,26.6348541385818,
27.6344254666063,28.6339967946308,29.6335681226552,30.6331394506797,31.6327107787042,
32.6322821067287,33.6318534347532,34.6314247627777,35.6309960908022,36.6305674188267,
37.6301387468512,38.6297100748757,39.6292814029002,40.6288527309247,41.6284240589492,
42.6279953869737,43.6275667149982,44.6271380430227,45.6267093710472,46.6262806990717,
47.6258520270962,48.6254233551207,49.6249946831452,50.6245660111696,51.6241373391941,
52.6237086672186,53.6232799952431,54.6228513232676,55.6224226512921,56.6219939793166,
57.6215653073411,58.6211366353656,59.6207079633901,60.6202792914146,61.6198506194391,
62.6194219474636,63.6189932754881,64.6185646035126,65.6181359315371,66.6177072595616),
 .UNSPECIFIED.);
#66=B_SPLINE_SURFACE_WITH_KNOTS('',3,3,((#7750,#7751,#7752,#7753,#7754,
#7755,#7756,#7757,#7758,#7759,#7760,#7761,#7762,#7763,#7764,#7765,#7766,
#7767,#7768,#7769,#7770,#7771,#7772,#7773,#7774,#7775,#7776,#7777,#7778,
#7779,#7780,#7781,#7782,#7783,#7784,#7785,#7786,#7787,#7788,#7789,#7790,
#7791,#7792,#7793,#7794,#7795,#7796,#7797,#7798,#7799,#7800,#7801,#7802,
#7803,#7804),(#7805,#7806,#7807,#7808,#7809,#7810,#7811,#7812,#7813,#7814,
#7815,#7816,#7817,#7818,#7819,#7820,#7821,#7822,#7823,#7824,#7825,#7826,
#7827,#7828,#7829,#7830,#7831,#7832,#7833,#7834,#7835,#7836,#7837,#7838,
#7839,#7840,#7841,#7842,#7843,#7844,#7845,#7846,#7847,#7848,#7849,#7850,
#7851,#7852,#7853,#7854,#7855,#7856,#7857,#7858,#7859),(#7860,#7861,#7862,
#7863,#7864,#7865,#7866,#7867,#7868,#7869,#7870,#7871,#7872,#7873,#7874,
#7875,#7876,#7877,#7878,#7879,#7880,#7881,#7882,#7883,#7884,#7885,#7886,
#7887,#7888,#7889,#7890,#7891,#7892,#7893,#7894,#7895,#7896,#7897,#7898,
#7899,#7900,#7901,#7902,#7903,#7904,#7905,#7906,#7907,#7908,#7909,#7910,
#7911,#7912,#7913,#7914),(#7915,#7916,#7917,#7918,#7919,#7920,#7921,#7922,
#7923,#7924,#7925,#7926,#7927,#7928,#7929,#7930,#7931,#7932,#7933,#7934,
#7935,#7936,#7937,#7938,#7939,#7940,#7941,#7942,#7943,#7944,#7945,#7946,
#7947,#7948,#7949,#7950,#7951,#7952,#7953,#7954,#7955,#7956,#7957,#7958,
#7959,#7960,#7961,#7962,#7963,#7964,#7965,#7966,#7967,#7968,#7969)),
 .UNSPECIFIED.,.F.,.F.,.F.,(4,4),(4,1,1,1,1,1,1,1,1,1,1,1,1,1,1,1,1,1,1,
1,1,1,1,1,1,1,1,1,1,1,1,1,1,1,1,1,1,1,1,1,1,1,1,1,1,1,1,1,1,1,1,1,4),(0.,
0.0432608556703787),(11.9221090801831,12.9216804082076,13.9212517362321,
14.9208230642566,15.9203943922811,16.9199657203056,17.9195370483301,18.9191083763546,
19.9186797043791,20.9182510324036,21.9178223604281,22.9173936884526,23.9169650164771,
24.9165363445016,25.9161076725261,26.9156790005506,27.9152503285751,28.9148216565996,
29.9143929846241,30.9139643126486,31.9135356406731,32.9131069686976,33.9126782967221,
34.9122496247466,35.9118209527711,36.9113922807956,37.9109636088201,38.9105349368446,
39.910106264869,40.9096775928935,41.909248920918,42.9088202489425,43.908391576967,
44.9079629049915,45.907534233016,46.9071055610405,47.906676889065,48.9062482170895,
49.905819545114,50.9053908731385,51.904962201163,52.9045335291875,53.904104857212,
54.9036761852365,55.903247513261,56.9028188412855,57.90239016931,58.9019614973345,
59.901532825359,60.9011041533835,61.900675481408,62.9002468094325,63.899818137457),
 .UNSPECIFIED.);
#67=B_SPLINE_SURFACE_WITH_KNOTS('',3,3,((#8072,#8073,#8074,#8075,#8076,
#8077,#8078,#8079,#8080,#8081,#8082,#8083,#8084,#8085,#8086,#8087,#8088,
#8089,#8090,#8091,#8092,#8093,#8094,#8095,#8096,#8097,#8098,#8099,#8100,
#8101,#8102,#8103,#8104,#8105,#8106,#8107,#8108,#8109,#8110,#8111,#8112,
#8113,#8114,#8115,#8116,#8117,#8118,#8119,#8120,#8121,#8122,#8123,#8124,
#8125,#8126),(#8127,#8128,#8129,#8130,#8131,#8132,#8133,#8134,#8135,#8136,
#8137,#8138,#8139,#8140,#8141,#8142,#8143,#8144,#8145,#8146,#8147,#8148,
#8149,#8150,#8151,#8152,#8153,#8154,#8155,#8156,#8157,#8158,#8159,#8160,
#8161,#8162,#8163,#8164,#8165,#8166,#8167,#8168,#8169,#8170,#8171,#8172,
#8173,#8174,#8175,#8176,#8177,#8178,#8179,#8180,#8181),(#8182,#8183,#8184,
#8185,#8186,#8187,#8188,#8189,#8190,#8191,#8192,#8193,#8194,#8195,#8196,
#8197,#8198,#8199,#8200,#8201,#8202,#8203,#8204,#8205,#8206,#8207,#8208,
#8209,#8210,#8211,#8212,#8213,#8214,#8215,#8216,#8217,#8218,#8219,#8220,
#8221,#8222,#8223,#8224,#8225,#8226,#8227,#8228,#8229,#8230,#8231,#8232,
#8233,#8234,#8235,#8236),(#8237,#8238,#8239,#8240,#8241,#8242,#8243,#8244,
#8245,#8246,#8247,#8248,#8249,#8250,#8251,#8252,#8253,#8254,#8255,#8256,
#8257,#8258,#8259,#8260,#8261,#8262,#8263,#8264,#8265,#8266,#8267,#8268,
#8269,#8270,#8271,#8272,#8273,#8274,#8275,#8276,#8277,#8278,#8279,#8280,
#8281,#8282,#8283,#8284,#8285,#8286,#8287,#8288,#8289,#8290,#8291)),
 .UNSPECIFIED.,.F.,.F.,.F.,(4,4),(4,1,1,1,1,1,1,1,1,1,1,1,1,1,1,1,1,1,1,
1,1,1,1,1,1,1,1,1,1,1,1,1,1,1,1,1,1,1,1,1,1,1,1,1,1,1,1,1,1,1,1,1,4),(0.,
0.0432608556703787),(14.6399982022878,15.6395695303123,16.6391408583368,
17.6387121863613,18.6382835143858,19.6378548424103,20.6374261704348,21.6369974984593,
22.6365688264838,23.6361401545083,24.6357114825328,25.6352828105573,26.6348541385818,
27.6344254666063,28.6339967946308,29.6335681226553,30.6331394506798,31.6327107787043,
32.6322821067288,33.6318534347533,34.6314247627778,35.6309960908023,36.6305674188268,
37.6301387468512,38.6297100748757,39.6292814029002,40.6288527309247,41.6284240589492,
42.6279953869737,43.6275667149982,44.6271380430227,45.6267093710472,46.6262806990717,
47.6258520270962,48.6254233551207,49.6249946831452,50.6245660111697,51.6241373391942,
52.6237086672187,53.6232799952432,54.6228513232677,55.6224226512922,56.6219939793167,
57.6215653073412,58.6211366353657,59.6207079633902,60.6202792914147,61.6198506194392,
62.6194219474637,63.6189932754882,64.6185646035127,65.6181359315372,66.6177072595617),
 .UNSPECIFIED.);
#68=B_SPLINE_SURFACE_WITH_KNOTS('',3,3,((#8412,#8413,#8414,#8415,#8416,
#8417,#8418,#8419,#8420,#8421,#8422,#8423,#8424,#8425,#8426,#8427,#8428,
#8429,#8430,#8431,#8432,#8433,#8434,#8435,#8436,#8437,#8438,#8439,#8440,
#8441,#8442,#8443,#8444,#8445,#8446,#8447,#8448,#8449,#8450,#8451,#8452,
#8453,#8454,#8455,#8456,#8457,#8458,#8459,#8460,#8461,#8462,#8463,#8464,
#8465,#8466,#8467,#8468,#8469,#8470,#8471,#8472,#8473,#8474,#8475,#8476,
#8477,#8478,#8479,#8480,#8481,#8482,#8483,#8484,#8485,#8486,#8487,#8488,
#8489,#8490,#8491,#8492),(#8493,#8494,#8495,#8496,#8497,#8498,#8499,#8500,
#8501,#8502,#8503,#8504,#8505,#8506,#8507,#8508,#8509,#8510,#8511,#8512,
#8513,#8514,#8515,#8516,#8517,#8518,#8519,#8520,#8521,#8522,#8523,#8524,
#8525,#8526,#8527,#8528,#8529,#8530,#8531,#8532,#8533,#8534,#8535,#8536,
#8537,#8538,#8539,#8540,#8541,#8542,#8543,#8544,#8545,#8546,#8547,#8548,
#8549,#8550,#8551,#8552,#8553,#8554,#8555,#8556,#8557,#8558,#8559,#8560,
#8561,#8562,#8563,#8564,#8565,#8566,#8567,#8568,#8569,#8570,#8571,#8572,
#8573),(#8574,#8575,#8576,#8577,#8578,#8579,#8580,#8581,#8582,#8583,#8584,
#8585,#8586,#8587,#8588,#8589,#8590,#8591,#8592,#8593,#8594,#8595,#8596,
#8597,#8598,#8599,#8600,#8601,#8602,#8603,#8604,#8605,#8606,#8607,#8608,
#8609,#8610,#8611,#8612,#8613,#8614,#8615,#8616,#8617,#8618,#8619,#8620,
#8621,#8622,#8623,#8624,#8625,#8626,#8627,#8628,#8629,#8630,#8631,#8632,
#8633,#8634,#8635,#8636,#8637,#8638,#8639,#8640,#8641,#8642,#8643,#8644,
#8645,#8646,#8647,#8648,#8649,#8650,#8651,#8652,#8653,#8654),(#8655,#8656,
#8657,#8658,#8659,#8660,#8661,#8662,#8663,#8664,#8665,#8666,#8667,#8668,
#8669,#8670,#8671,#8672,#8673,#8674,#8675,#8676,#8677,#8678,#8679,#8680,
#8681,#8682,#8683,#8684,#8685,#8686,#8687,#8688,#8689,#8690,#8691,#8692,
#8693,#8694,#8695,#8696,#8697,#8698,#8699,#8700,#8701,#8702,#8703,#8704,
#8705,#8706,#8707,#8708,#8709,#8710,#8711,#8712,#8713,#8714,#8715,#8716,
#8717,#8718,#8719,#8720,#8721,#8722,#8723,#8724,#8725,#8726,#8727,#8728,
#8729,#8730,#8731,#8732,#8733,#8734,#8735)),.UNSPECIFIED.,.F.,.F.,.F.,(4,
4),(4,1,1,1,1,1,1,1,1,1,1,1,1,1,1,1,1,1,1,1,1,1,1,1,1,1,1,1,1,1,1,1,1,1,
1,1,1,1,1,1,1,1,1,1,1,1,1,1,1,1,1,1,1,1,1,1,1,1,1,1,1,1,1,1,1,1,1,1,1,1,
1,1,1,1,1,1,1,1,4),(0.,0.0432608556703786),(11.9221090801831,12.9107045966702,
13.8993001131573,14.8878956296444,15.8764911461314,16.8650866626185,17.8536821791056,
18.8422776955927,19.8308732120797,20.8194687285668,21.8080642450539,22.796659761541,
23.7852552780281,24.7738507945151,25.7624463110022,26.7510418274893,27.7396373439764,
28.7282328604635,29.7168283769505,30.7054238934376,31.6940194099247,32.6826149264118,
33.6712104428989,34.6598059593859,35.648401475873,36.6369969923601,37.6255925088472,
38.6141880253343,39.6027835418213,40.5913790583084,41.5799745747955,42.5685700912826,
43.5571656077696,44.5457611242567,45.5343566407438,46.5229521572309,47.511547673718,
48.500143190205,49.4887387066921,50.4773342231792,51.4659297396663,52.4545252561534,
53.4431207726404,54.4317162891275,55.4203118056146,56.4089073221017,57.3975028385888,
58.3860983550758,59.3746938715629,60.36328938805,61.3518849045371,62.3404804210242,
63.3290759375112,64.3176714539983,65.3062669704854,66.2948624869725,67.2834580034596,
68.2720535199466,69.2606490364337,70.2492445529208,71.2378400694079,72.226435585895,
73.215031102382,74.2036266188691,75.1922221353562,76.1808176518433,77.1694131683304,
78.1580086848174,79.1466042013045,80.1351997177916,81.1237952342787,82.1123907507657,
83.1009862672528,84.0895817837399,85.078177300227,86.0667728167141,87.0553683332011,
88.0439638496882,89.0325593661753),.UNSPECIFIED.);
#69=B_SPLINE_SURFACE_WITH_KNOTS('',3,3,((#8838,#8839,#8840,#8841,#8842,
#8843,#8844,#8845,#8846,#8847,#8848,#8849,#8850,#8851,#8852,#8853,#8854,
#8855,#8856,#8857,#8858,#8859,#8860,#8861,#8862,#8863,#8864,#8865,#8866,
#8867,#8868,#8869,#8870,#8871,#8872,#8873,#8874,#8875,#8876,#8877,#8878,
#8879,#8880,#8881,#8882,#8883,#8884,#8885,#8886,#8887,#8888,#8889,#8890,
#8891,#8892,#8893,#8894,#8895,#8896,#8897,#8898,#8899,#8900,#8901,#8902,
#8903,#8904,#8905,#8906,#8907,#8908,#8909,#8910,#8911,#8912,#8913,#8914,
#8915,#8916,#8917,#8918),(#8919,#8920,#8921,#8922,#8923,#8924,#8925,#8926,
#8927,#8928,#8929,#8930,#8931,#8932,#8933,#8934,#8935,#8936,#8937,#8938,
#8939,#8940,#8941,#8942,#8943,#8944,#8945,#8946,#8947,#8948,#8949,#8950,
#8951,#8952,#8953,#8954,#8955,#8956,#8957,#8958,#8959,#8960,#8961,#8962,
#8963,#8964,#8965,#8966,#8967,#8968,#8969,#8970,#8971,#8972,#8973,#8974,
#8975,#8976,#8977,#8978,#8979,#8980,#8981,#8982,#8983,#8984,#8985,#8986,
#8987,#8988,#8989,#8990,#8991,#8992,#8993,#8994,#8995,#8996,#8997,#8998,
#8999),(#9000,#9001,#9002,#9003,#9004,#9005,#9006,#9007,#9008,#9009,#9010,
#9011,#9012,#9013,#9014,#9015,#9016,#9017,#9018,#9019,#9020,#9021,#9022,
#9023,#9024,#9025,#9026,#9027,#9028,#9029,#9030,#9031,#9032,#9033,#9034,
#9035,#9036,#9037,#9038,#9039,#9040,#9041,#9042,#9043,#9044,#9045,#9046,
#9047,#9048,#9049,#9050,#9051,#9052,#9053,#9054,#9055,#9056,#9057,#9058,
#9059,#9060,#9061,#9062,#9063,#9064,#9065,#9066,#9067,#9068,#9069,#9070,
#9071,#9072,#9073,#9074,#9075,#9076,#9077,#9078,#9079,#9080),(#9081,#9082,
#9083,#9084,#9085,#9086,#9087,#9088,#9089,#9090,#9091,#9092,#9093,#9094,
#9095,#9096,#9097,#9098,#9099,#9100,#9101,#9102,#9103,#9104,#9105,#9106,
#9107,#9108,#9109,#9110,#9111,#9112,#9113,#9114,#9115,#9116,#9117,#9118,
#9119,#9120,#9121,#9122,#9123,#9124,#9125,#9126,#9127,#9128,#9129,#9130,
#9131,#9132,#9133,#9134,#9135,#9136,#9137,#9138,#9139,#9140,#9141,#9142,
#9143,#9144,#9145,#9146,#9147,#9148,#9149,#9150,#9151,#9152,#9153,#9154,
#9155,#9156,#9157,#9158,#9159,#9160,#9161)),.UNSPECIFIED.,.F.,.F.,.F.,(4,
4),(4,1,1,1,1,1,1,1,1,1,1,1,1,1,1,1,1,1,1,1,1,1,1,1,1,1,1,1,1,1,1,1,1,1,
1,1,1,1,1,1,1,1,1,1,1,1,1,1,1,1,1,1,1,1,1,1,1,1,1,1,1,1,1,1,1,1,1,1,1,1,
1,1,1,1,1,1,1,1,4),(0.,0.0432608556703786),(14.6399982022878,15.6285937187749,
16.617189235262,17.605784751749,18.5943802682361,19.5829757847232,20.5715713012103,
21.5601668176974,22.5487623341844,23.5373578506715,24.5259533671586,25.5145488836457,
26.5031444001328,27.4917399166198,28.4803354331069,29.468930949594,30.4575264660811,
31.4461219825681,32.4347174990552,33.4233130155423,34.4119085320294,35.4005040485165,
36.3890995650035,37.3776950814906,38.3662905979777,39.3548861144648,40.3434816309519,
41.3320771474389,42.320672663926,43.3092681804131,44.2978636969002,45.2864592133873,
46.2750547298743,47.2636502463614,48.2522457628485,49.2408412793356,50.2294367958227,
51.2180323123097,52.2066278287968,53.1952233452839,54.183818861771,55.172414378258,
56.1610098947451,57.1496054112322,58.1382009277193,59.1267964442064,60.1153919606934,
61.1039874771805,62.0925829936676,63.0811785101547,64.0697740266418,65.0583695431288,
66.0469650596159,67.035560576103,68.0241560925901,69.0127516090772,70.0013471255642,
70.9899426420513,71.9785381585384,72.9671336750255,73.9557291915125,74.9443247079996,
75.9329202244867,76.9215157409738,77.9101112574609,78.8987067739479,79.887302290435,
80.8758978069221,81.8644933234092,82.8530888398963,83.8416843563833,84.8302798728704,
85.8188753893575,86.8074709058446,87.7960664223316,88.7846619388187,89.7732574553058,
90.7618529717929,91.75044848828),.UNSPECIFIED.);
#70=FACE_OUTER_BOUND('',#226,.T.);
#71=FACE_OUTER_BOUND('',#227,.T.);
#72=FACE_OUTER_BOUND('',#228,.T.);
#73=FACE_OUTER_BOUND('',#229,.T.);
#74=FACE_OUTER_BOUND('',#230,.T.);
#75=FACE_OUTER_BOUND('',#231,.T.);
#76=FACE_OUTER_BOUND('',#232,.T.);
#77=FACE_OUTER_BOUND('',#233,.T.);
#78=FACE_OUTER_BOUND('',#234,.T.);
#79=FACE_OUTER_BOUND('',#235,.T.);
#80=FACE_OUTER_BOUND('',#236,.T.);
#81=FACE_OUTER_BOUND('',#237,.T.);
#82=FACE_OUTER_BOUND('',#238,.T.);
#83=FACE_OUTER_BOUND('',#239,.T.);
#84=FACE_OUTER_BOUND('',#240,.T.);
#85=FACE_OUTER_BOUND('',#241,.T.);
#86=FACE_OUTER_BOUND('',#242,.T.);
#87=FACE_OUTER_BOUND('',#243,.T.);
#88=FACE_OUTER_BOUND('',#244,.T.);
#89=FACE_OUTER_BOUND('',#245,.T.);
#90=FACE_OUTER_BOUND('',#246,.T.);
#91=FACE_OUTER_BOUND('',#247,.T.);
#92=FACE_OUTER_BOUND('',#248,.T.);
#93=FACE_OUTER_BOUND('',#249,.T.);
#94=FACE_OUTER_BOUND('',#250,.T.);
#95=FACE_OUTER_BOUND('',#251,.T.);
#96=FACE_OUTER_BOUND('',#252,.T.);
#97=FACE_OUTER_BOUND('',#253,.T.);
#98=FACE_OUTER_BOUND('',#254,.T.);
#99=FACE_OUTER_BOUND('',#255,.T.);
#100=FACE_OUTER_BOUND('',#256,.T.);
#101=FACE_OUTER_BOUND('',#257,.T.);
#102=FACE_OUTER_BOUND('',#258,.T.);
#103=FACE_OUTER_BOUND('',#259,.T.);
#104=FACE_OUTER_BOUND('',#260,.T.);
#105=FACE_OUTER_BOUND('',#261,.T.);
#106=FACE_OUTER_BOUND('',#262,.T.);
#107=FACE_OUTER_BOUND('',#263,.T.);
#108=FACE_OUTER_BOUND('',#264,.T.);
#109=FACE_OUTER_BOUND('',#265,.T.);
#110=FACE_OUTER_BOUND('',#266,.T.);
#111=FACE_OUTER_BOUND('',#267,.T.);
#112=FACE_OUTER_BOUND('',#268,.T.);
#113=FACE_OUTER_BOUND('',#269,.T.);
#114=FACE_OUTER_BOUND('',#270,.T.);
#115=FACE_OUTER_BOUND('',#271,.T.);
#116=FACE_OUTER_BOUND('',#272,.T.);
#117=FACE_OUTER_BOUND('',#273,.T.);
#118=FACE_OUTER_BOUND('',#274,.T.);
#119=FACE_OUTER_BOUND('',#275,.T.);
#120=FACE_OUTER_BOUND('',#276,.T.);
#121=FACE_OUTER_BOUND('',#277,.T.);
#122=FACE_OUTER_BOUND('',#278,.T.);
#123=FACE_OUTER_BOUND('',#279,.T.);
#124=FACE_OUTER_BOUND('',#280,.T.);
#125=FACE_OUTER_BOUND('',#281,.T.);
#126=FACE_OUTER_BOUND('',#282,.T.);
#127=FACE_OUTER_BOUND('',#283,.T.);
#128=FACE_OUTER_BOUND('',#284,.T.);
#129=FACE_OUTER_BOUND('',#285,.T.);
#130=FACE_OUTER_BOUND('',#286,.T.);
#131=FACE_OUTER_BOUND('',#287,.T.);
#132=FACE_OUTER_BOUND('',#288,.T.);
#133=FACE_OUTER_BOUND('',#289,.T.);
#134=FACE_OUTER_BOUND('',#290,.T.);
#135=FACE_OUTER_BOUND('',#292,.T.);
#136=FACE_OUTER_BOUND('',#293,.T.);
#137=FACE_OUTER_BOUND('',#294,.T.);
#138=FACE_OUTER_BOUND('',#295,.T.);
#139=FACE_OUTER_BOUND('',#296,.T.);
#140=FACE_OUTER_BOUND('',#297,.T.);
#141=FACE_OUTER_BOUND('',#299,.T.);
#142=FACE_OUTER_BOUND('',#300,.T.);
#143=FACE_OUTER_BOUND('',#301,.T.);
#144=FACE_OUTER_BOUND('',#302,.T.);
#145=FACE_OUTER_BOUND('',#305,.T.);
#146=FACE_OUTER_BOUND('',#306,.T.);
#147=FACE_OUTER_BOUND('',#307,.T.);
#148=FACE_OUTER_BOUND('',#308,.T.);
#149=FACE_OUTER_BOUND('',#309,.T.);
#150=FACE_OUTER_BOUND('',#310,.T.);
#151=FACE_OUTER_BOUND('',#311,.T.);
#152=FACE_OUTER_BOUND('',#312,.T.);
#153=FACE_OUTER_BOUND('',#313,.T.);
#154=FACE_OUTER_BOUND('',#314,.T.);
#155=FACE_OUTER_BOUND('',#315,.T.);
#156=FACE_OUTER_BOUND('',#316,.T.);
#157=FACE_OUTER_BOUND('',#317,.T.);
#158=FACE_OUTER_BOUND('',#318,.T.);
#159=FACE_OUTER_BOUND('',#319,.T.);
#160=FACE_OUTER_BOUND('',#320,.T.);
#161=FACE_OUTER_BOUND('',#321,.T.);
#162=FACE_OUTER_BOUND('',#322,.T.);
#163=FACE_OUTER_BOUND('',#323,.T.);
#164=FACE_OUTER_BOUND('',#324,.T.);
#165=FACE_OUTER_BOUND('',#325,.T.);
#166=FACE_OUTER_BOUND('',#326,.T.);
#167=FACE_OUTER_BOUND('',#327,.T.);
#168=FACE_OUTER_BOUND('',#328,.T.);
#169=FACE_OUTER_BOUND('',#329,.T.);
#170=FACE_OUTER_BOUND('',#330,.T.);
#171=FACE_OUTER_BOUND('',#331,.T.);
#172=FACE_OUTER_BOUND('',#332,.T.);
#173=FACE_OUTER_BOUND('',#333,.T.);
#174=FACE_OUTER_BOUND('',#334,.T.);
#175=FACE_OUTER_BOUND('',#335,.T.);
#176=FACE_OUTER_BOUND('',#336,.T.);
#177=FACE_OUTER_BOUND('',#337,.T.);
#178=FACE_OUTER_BOUND('',#338,.T.);
#179=FACE_OUTER_BOUND('',#339,.T.);
#180=FACE_OUTER_BOUND('',#340,.T.);
#181=FACE_OUTER_BOUND('',#341,.T.);
#182=FACE_OUTER_BOUND('',#342,.T.);
#183=FACE_OUTER_BOUND('',#343,.T.);
#184=FACE_OUTER_BOUND('',#344,.T.);
#185=FACE_OUTER_BOUND('',#345,.T.);
#186=FACE_OUTER_BOUND('',#346,.T.);
#187=FACE_OUTER_BOUND('',#347,.T.);
#188=FACE_OUTER_BOUND('',#348,.T.);
#189=FACE_OUTER_BOUND('',#349,.T.);
#190=FACE_OUTER_BOUND('',#350,.T.);
#191=FACE_OUTER_BOUND('',#351,.T.);
#192=FACE_OUTER_BOUND('',#352,.T.);
#193=FACE_OUTER_BOUND('',#353,.T.);
#194=FACE_OUTER_BOUND('',#354,.T.);
#195=FACE_OUTER_BOUND('',#355,.T.);
#196=FACE_OUTER_BOUND('',#356,.T.);
#197=FACE_OUTER_BOUND('',#357,.T.);
#198=FACE_OUTER_BOUND('',#358,.T.);
#199=FACE_OUTER_BOUND('',#359,.T.);
#200=FACE_OUTER_BOUND('',#360,.T.);
#201=FACE_OUTER_BOUND('',#361,.T.);
#202=FACE_OUTER_BOUND('',#362,.T.);
#203=FACE_OUTER_BOUND('',#363,.T.);
#204=FACE_OUTER_BOUND('',#364,.T.);
#205=FACE_OUTER_BOUND('',#365,.T.);
#206=FACE_OUTER_BOUND('',#366,.T.);
#207=FACE_OUTER_BOUND('',#368,.T.);
#208=FACE_OUTER_BOUND('',#369,.T.);
#209=FACE_OUTER_BOUND('',#370,.T.);
#210=FACE_OUTER_BOUND('',#371,.T.);
#211=FACE_OUTER_BOUND('',#373,.T.);
#212=FACE_OUTER_BOUND('',#374,.T.);
#213=FACE_OUTER_BOUND('',#375,.T.);
#214=FACE_OUTER_BOUND('',#376,.T.);
#215=FACE_OUTER_BOUND('',#377,.T.);
#216=FACE_OUTER_BOUND('',#378,.T.);
#217=FACE_OUTER_BOUND('',#379,.T.);
#218=FACE_OUTER_BOUND('',#380,.T.);
#219=FACE_OUTER_BOUND('',#381,.T.);
#220=FACE_OUTER_BOUND('',#382,.T.);
#221=FACE_OUTER_BOUND('',#383,.T.);
#222=FACE_OUTER_BOUND('',#384,.T.);
#223=FACE_OUTER_BOUND('',#385,.T.);
#224=FACE_OUTER_BOUND('',#386,.T.);
#225=FACE_OUTER_BOUND('',#387,.T.);
#226=EDGE_LOOP('',(#1617,#1618,#1619,#1620));
#227=EDGE_LOOP('',(#1621,#1622,#1623,#1624));
#228=EDGE_LOOP('',(#1625,#1626,#1627,#1628));
#229=EDGE_LOOP('',(#1629,#1630,#1631,#1632));
#230=EDGE_LOOP('',(#1633,#1634,#1635,#1636));
#231=EDGE_LOOP('',(#1637,#1638,#1639,#1640));
#232=EDGE_LOOP('',(#1641,#1642,#1643,#1644));
#233=EDGE_LOOP('',(#1645,#1646,#1647,#1648));
#234=EDGE_LOOP('',(#1649,#1650,#1651,#1652));
#235=EDGE_LOOP('',(#1653,#1654,#1655,#1656));
#236=EDGE_LOOP('',(#1657,#1658,#1659,#1660));
#237=EDGE_LOOP('',(#1661,#1662,#1663,#1664));
#238=EDGE_LOOP('',(#1665,#1666,#1667,#1668));
#239=EDGE_LOOP('',(#1669,#1670,#1671,#1672));
#240=EDGE_LOOP('',(#1673,#1674,#1675,#1676));
#241=EDGE_LOOP('',(#1677,#1678,#1679,#1680));
#242=EDGE_LOOP('',(#1681,#1682,#1683,#1684));
#243=EDGE_LOOP('',(#1685,#1686,#1687,#1688));
#244=EDGE_LOOP('',(#1689,#1690,#1691,#1692));
#245=EDGE_LOOP('',(#1693,#1694,#1695,#1696));
#246=EDGE_LOOP('',(#1697,#1698,#1699,#1700));
#247=EDGE_LOOP('',(#1701,#1702,#1703,#1704));
#248=EDGE_LOOP('',(#1705,#1706,#1707,#1708));
#249=EDGE_LOOP('',(#1709,#1710,#1711,#1712));
#250=EDGE_LOOP('',(#1713,#1714,#1715,#1716));
#251=EDGE_LOOP('',(#1717,#1718,#1719,#1720));
#252=EDGE_LOOP('',(#1721,#1722,#1723,#1724));
#253=EDGE_LOOP('',(#1725,#1726,#1727,#1728));
#254=EDGE_LOOP('',(#1729,#1730,#1731,#1732));
#255=EDGE_LOOP('',(#1733,#1734,#1735,#1736));
#256=EDGE_LOOP('',(#1737,#1738,#1739,#1740));
#257=EDGE_LOOP('',(#1741,#1742,#1743,#1744));
#258=EDGE_LOOP('',(#1745,#1746,#1747,#1748));
#259=EDGE_LOOP('',(#1749,#1750,#1751,#1752,#1753,#1754,#1755,#1756,#1757,
#1758,#1759,#1760,#1761,#1762,#1763,#1764,#1765,#1766,#1767,#1768));
#260=EDGE_LOOP('',(#1769,#1770,#1771,#1772,#1773,#1774,#1775,#1776,#1777,
#1778,#1779,#1780,#1781,#1782,#1783,#1784,#1785,#1786,#1787,#1788));
#261=EDGE_LOOP('',(#1789,#1790,#1791,#1792));
#262=EDGE_LOOP('',(#1793,#1794,#1795,#1796));
#263=EDGE_LOOP('',(#1797,#1798,#1799,#1800));
#264=EDGE_LOOP('',(#1801,#1802,#1803,#1804,#1805,#1806,#1807,#1808,#1809,
#1810,#1811,#1812,#1813,#1814,#1815,#1816,#1817,#1818,#1819,#1820));
#265=EDGE_LOOP('',(#1821,#1822,#1823,#1824,#1825,#1826,#1827,#1828,#1829,
#1830,#1831,#1832,#1833,#1834,#1835,#1836,#1837,#1838,#1839,#1840));
#266=EDGE_LOOP('',(#1841,#1842,#1843,#1844));
#267=EDGE_LOOP('',(#1845,#1846,#1847,#1848));
#268=EDGE_LOOP('',(#1849,#1850,#1851,#1852));
#269=EDGE_LOOP('',(#1853,#1854,#1855,#1856));
#270=EDGE_LOOP('',(#1857,#1858,#1859,#1860));
#271=EDGE_LOOP('',(#1861,#1862,#1863,#1864));
#272=EDGE_LOOP('',(#1865,#1866,#1867,#1868));
#273=EDGE_LOOP('',(#1869,#1870,#1871,#1872));
#274=EDGE_LOOP('',(#1873,#1874,#1875,#1876));
#275=EDGE_LOOP('',(#1877,#1878,#1879,#1880));
#276=EDGE_LOOP('',(#1881,#1882,#1883,#1884));
#277=EDGE_LOOP('',(#1885,#1886,#1887,#1888));
#278=EDGE_LOOP('',(#1889,#1890,#1891,#1892));
#279=EDGE_LOOP('',(#1893,#1894,#1895,#1896));
#280=EDGE_LOOP('',(#1897,#1898,#1899,#1900));
#281=EDGE_LOOP('',(#1901,#1902,#1903,#1904));
#282=EDGE_LOOP('',(#1905,#1906,#1907,#1908));
#283=EDGE_LOOP('',(#1909,#1910,#1911,#1912));
#284=EDGE_LOOP('',(#1913,#1914,#1915,#1916));
#285=EDGE_LOOP('',(#1917,#1918,#1919,#1920));
#286=EDGE_LOOP('',(#1921,#1922,#1923,#1924));
#287=EDGE_LOOP('',(#1925,#1926,#1927,#1928));
#288=EDGE_LOOP('',(#1929,#1930,#1931,#1932));
#289=EDGE_LOOP('',(#1933,#1934,#1935,#1936));
#290=EDGE_LOOP('',(#1937,#1938,#1939,#1940,#1941,#1942,#1943,#1944));
#291=EDGE_LOOP('',(#1945));
#292=EDGE_LOOP('',(#1946,#1947,#1948,#1949,#1950,#1951));
#293=EDGE_LOOP('',(#1952,#1953,#1954,#1955));
#294=EDGE_LOOP('',(#1956,#1957,#1958,#1959));
#295=EDGE_LOOP('',(#1960,#1961,#1962,#1963));
#296=EDGE_LOOP('',(#1964,#1965,#1966,#1967));
#297=EDGE_LOOP('',(#1968,#1969,#1970,#1971,#1972,#1973,#1974,#1975));
#298=EDGE_LOOP('',(#1976));
#299=EDGE_LOOP('',(#1977,#1978,#1979,#1980,#1981,#1982,#1983));
#300=EDGE_LOOP('',(#1984,#1985,#1986,#1987));
#301=EDGE_LOOP('',(#1988,#1989,#1990,#1991));
#302=EDGE_LOOP('',(#1992,#1993,#1994,#1995,#1996,#1997,#1998,#1999,#2000));
#303=EDGE_LOOP('',(#2001,#2002,#2003,#2004));
#304=EDGE_LOOP('',(#2005,#2006,#2007,#2008));
#305=EDGE_LOOP('',(#2009,#2010,#2011,#2012));
#306=EDGE_LOOP('',(#2013,#2014,#2015,#2016));
#307=EDGE_LOOP('',(#2017,#2018,#2019,#2020));
#308=EDGE_LOOP('',(#2021,#2022,#2023,#2024));
#309=EDGE_LOOP('',(#2025,#2026,#2027,#2028));
#310=EDGE_LOOP('',(#2029,#2030,#2031,#2032));
#311=EDGE_LOOP('',(#2033,#2034,#2035,#2036));
#312=EDGE_LOOP('',(#2037,#2038,#2039,#2040));
#313=EDGE_LOOP('',(#2041,#2042,#2043,#2044));
#314=EDGE_LOOP('',(#2045,#2046,#2047,#2048));
#315=EDGE_LOOP('',(#2049,#2050,#2051,#2052));
#316=EDGE_LOOP('',(#2053,#2054,#2055,#2056));
#317=EDGE_LOOP('',(#2057,#2058,#2059,#2060));
#318=EDGE_LOOP('',(#2061,#2062,#2063,#2064));
#319=EDGE_LOOP('',(#2065,#2066,#2067,#2068));
#320=EDGE_LOOP('',(#2069,#2070,#2071,#2072));
#321=EDGE_LOOP('',(#2073,#2074,#2075,#2076));
#322=EDGE_LOOP('',(#2077,#2078,#2079,#2080));
#323=EDGE_LOOP('',(#2081,#2082,#2083,#2084));
#324=EDGE_LOOP('',(#2085,#2086,#2087,#2088));
#325=EDGE_LOOP('',(#2089,#2090,#2091,#2092));
#326=EDGE_LOOP('',(#2093,#2094,#2095,#2096));
#327=EDGE_LOOP('',(#2097,#2098,#2099,#2100));
#328=EDGE_LOOP('',(#2101,#2102,#2103,#2104));
#329=EDGE_LOOP('',(#2105,#2106,#2107,#2108));
#330=EDGE_LOOP('',(#2109,#2110,#2111,#2112));
#331=EDGE_LOOP('',(#2113,#2114,#2115,#2116));
#332=EDGE_LOOP('',(#2117,#2118,#2119,#2120));
#333=EDGE_LOOP('',(#2121,#2122,#2123,#2124));
#334=EDGE_LOOP('',(#2125,#2126,#2127,#2128));
#335=EDGE_LOOP('',(#2129,#2130,#2131,#2132));
#336=EDGE_LOOP('',(#2133,#2134,#2135,#2136));
#337=EDGE_LOOP('',(#2137,#2138,#2139,#2140));
#338=EDGE_LOOP('',(#2141,#2142,#2143,#2144));
#339=EDGE_LOOP('',(#2145,#2146,#2147,#2148));
#340=EDGE_LOOP('',(#2149,#2150,#2151,#2152));
#341=EDGE_LOOP('',(#2153,#2154,#2155,#2156));
#342=EDGE_LOOP('',(#2157,#2158,#2159,#2160));
#343=EDGE_LOOP('',(#2161,#2162,#2163,#2164));
#344=EDGE_LOOP('',(#2165,#2166,#2167,#2168));
#345=EDGE_LOOP('',(#2169,#2170,#2171,#2172));
#346=EDGE_LOOP('',(#2173,#2174,#2175,#2176));
#347=EDGE_LOOP('',(#2177,#2178,#2179,#2180));
#348=EDGE_LOOP('',(#2181,#2182,#2183,#2184));
#349=EDGE_LOOP('',(#2185,#2186,#2187,#2188));
#350=EDGE_LOOP('',(#2189,#2190,#2191,#2192));
#351=EDGE_LOOP('',(#2193,#2194,#2195,#2196));
#352=EDGE_LOOP('',(#2197,#2198,#2199,#2200));
#353=EDGE_LOOP('',(#2201,#2202,#2203,#2204));
#354=EDGE_LOOP('',(#2205,#2206,#2207,#2208));
#355=EDGE_LOOP('',(#2209,#2210,#2211,#2212));
#356=EDGE_LOOP('',(#2213,#2214,#2215,#2216));
#357=EDGE_LOOP('',(#2217,#2218,#2219,#2220));
#358=EDGE_LOOP('',(#2221,#2222,#2223,#2224));
#359=EDGE_LOOP('',(#2225,#2226,#2227,#2228));
#360=EDGE_LOOP('',(#2229,#2230,#2231,#2232));
#361=EDGE_LOOP('',(#2233,#2234,#2235,#2236));
#362=EDGE_LOOP('',(#2237,#2238,#2239,#2240));
#363=EDGE_LOOP('',(#2241,#2242,#2243,#2244));
#364=EDGE_LOOP('',(#2245,#2246,#2247,#2248,#2249,#2250));
#365=EDGE_LOOP('',(#2251,#2252,#2253,#2254));
#366=EDGE_LOOP('',(#2255,#2256,#2257,#2258,#2259,#2260,#2261,#2262));
#367=EDGE_LOOP('',(#2263));
#368=EDGE_LOOP('',(#2264,#2265,#2266,#2267));
#369=EDGE_LOOP('',(#2268,#2269,#2270,#2271));
#370=EDGE_LOOP('',(#2272,#2273,#2274,#2275,#2276,#2277));
#371=EDGE_LOOP('',(#2278,#2279,#2280,#2281,#2282,#2283,#2284,#2285));
#372=EDGE_LOOP('',(#2286));
#373=EDGE_LOOP('',(#2287,#2288,#2289,#2290));
#374=EDGE_LOOP('',(#2291,#2292,#2293,#2294,#2295,#2296,#2297,#2298,#2299,
#2300,#2301,#2302,#2303,#2304,#2305,#2306,#2307,#2308,#2309,#2310));
#375=EDGE_LOOP('',(#2311,#2312,#2313,#2314,#2315,#2316,#2317,#2318,#2319,
#2320,#2321,#2322,#2323,#2324,#2325,#2326,#2327,#2328,#2329,#2330));
#376=EDGE_LOOP('',(#2331,#2332,#2333,#2334));
#377=EDGE_LOOP('',(#2335,#2336,#2337,#2338));
#378=EDGE_LOOP('',(#2339,#2340,#2341,#2342));
#379=EDGE_LOOP('',(#2343,#2344,#2345,#2346,#2347,#2348,#2349,#2350,#2351,
#2352,#2353,#2354,#2355,#2356,#2357,#2358,#2359,#2360,#2361,#2362,#2363,
#2364,#2365,#2366,#2367,#2368,#2369,#2370));
#380=EDGE_LOOP('',(#2371,#2372,#2373,#2374,#2375,#2376,#2377,#2378,#2379,
#2380,#2381,#2382,#2383,#2384,#2385,#2386,#2387,#2388,#2389,#2390,#2391,
#2392,#2393,#2394,#2395,#2396,#2397,#2398));
#381=EDGE_LOOP('',(#2399,#2400,#2401,#2402));
#382=EDGE_LOOP('',(#2403,#2404,#2405,#2406));
#383=EDGE_LOOP('',(#2407,#2408,#2409,#2410));
#384=EDGE_LOOP('',(#2411,#2412,#2413,#2414));
#385=EDGE_LOOP('',(#2415,#2416,#2417,#2418));
#386=EDGE_LOOP('',(#2419,#2420,#2421,#2422));
#387=EDGE_LOOP('',(#2423,#2424,#2425,#2426,#2427,#2428,#2429,#2430));
#388=EDGE_LOOP('',(#2431,#2432,#2433,#2434));
#389=EDGE_LOOP('',(#2435,#2436,#2437,#2438));
#390=CIRCLE('',#2722,0.06725);
#391=CIRCLE('',#2730,0.06725);
#392=CIRCLE('',#2732,0.082);
#393=CIRCLE('',#2740,0.0820000000000001);
#394=CIRCLE('',#2742,0.06725);
#395=CIRCLE('',#2750,0.06725);
#396=CIRCLE('',#2752,0.082);
#397=CIRCLE('',#2760,0.0820000000000001);
#398=CIRCLE('',#2768,0.0825000000000002);
#399=CIRCLE('',#2769,0.0825000000000002);
#400=CIRCLE('',#2771,0.0200000000000003);
#401=CIRCLE('',#2772,0.0200000000000002);
#402=CIRCLE('',#2774,0.0199999999999999);
#403=CIRCLE('',#2776,0.0200000000000001);
#404=CIRCLE('',#2777,0.05);
#405=CIRCLE('',#2778,0.07);
#406=CIRCLE('',#2780,0.02);
#407=CIRCLE('',#2782,0.0200000000000001);
#408=CIRCLE('',#2783,0.05);
#409=CIRCLE('',#2784,0.03);
#410=CIRCLE('',#2787,0.0300000000000003);
#411=CIRCLE('',#2788,0.0200000000000001);
#412=CIRCLE('',#2789,0.0500000000000003);
#413=CIRCLE('',#2791,0.0200000000000001);
#414=CIRCLE('',#2793,0.0200000000000001);
#415=CIRCLE('',#2794,0.0500000000000017);
#416=CIRCLE('',#2795,0.0300000000000017);
#417=CIRCLE('',#2797,0.0200000000000001);
#418=CIRCLE('',#2799,0.0199999999999995);
#419=CIRCLE('',#2800,0.07);
#420=CIRCLE('',#2801,0.05);
#421=CIRCLE('',#2803,0.0200000000000002);
#422=CIRCLE('',#2805,0.0199999999999999);
#423=CIRCLE('',#2806,0.03);
#424=CIRCLE('',#2807,0.05);
#425=CIRCLE('',#2809,0.0200000000000002);
#426=CIRCLE('',#2811,0.0200000000000001);
#427=CIRCLE('',#2812,0.050000000000001);
#428=CIRCLE('',#2813,0.030000000000001);
#429=CIRCLE('',#2816,0.0499999999999996);
#430=CIRCLE('',#2817,0.0299999999999996);
#431=CIRCLE('',#2819,0.050000000000001);
#432=CIRCLE('',#2823,0.0499999999999996);
#433=CIRCLE('',#2830,0.0500000000000017);
#434=CIRCLE('',#2834,0.0500000000000003);
#435=CIRCLE('',#2838,0.06725);
#436=CIRCLE('',#2850,0.06725);
#437=CIRCLE('',#2852,0.0819999999999999);
#438=CIRCLE('',#2864,0.082);
#439=CIRCLE('',#2866,0.06725);
#440=CIRCLE('',#2874,0.06725);
#441=CIRCLE('',#2876,0.082);
#442=CIRCLE('',#2884,0.082);
#443=CIRCLE('',#2886,0.02);
#444=CIRCLE('',#2887,0.0199999999999999);
#445=CIRCLE('',#2889,0.0199999999999999);
#446=CIRCLE('',#2890,0.0499999999999997);
#447=CIRCLE('',#2891,0.0299999999999997);
#448=CIRCLE('',#2893,0.0199999999999999);
#449=CIRCLE('',#2895,0.02);
#450=CIRCLE('',#2896,0.03);
#451=CIRCLE('',#2897,0.05);
#452=CIRCLE('',#2899,0.02);
#453=CIRCLE('',#2901,0.0200000000000001);
#454=CIRCLE('',#2902,0.07);
#455=CIRCLE('',#2903,0.05);
#456=CIRCLE('',#2905,0.0200000000000001);
#457=CIRCLE('',#2907,0.0200000000000001);
#458=CIRCLE('',#2908,0.0499999999999998);
#459=CIRCLE('',#2909,0.0299999999999998);
#460=CIRCLE('',#2911,0.0200000000000001);
#461=CIRCLE('',#2913,0.0200000000000001);
#462=CIRCLE('',#2914,0.0499999999999999);
#463=CIRCLE('',#2915,0.0299999999999999);
#464=CIRCLE('',#2917,0.0200000000000001);
#465=CIRCLE('',#2919,0.0199999999999999);
#466=CIRCLE('',#2920,0.07);
#467=CIRCLE('',#2921,0.05);
#468=CIRCLE('',#2923,0.02);
#469=CIRCLE('',#2925,0.0199999999999999);
#470=CIRCLE('',#2926,0.03);
#471=CIRCLE('',#2927,0.05);
#472=CIRCLE('',#2929,0.0199999999999999);
#473=CIRCLE('',#2931,0.0500000000000001);
#474=CIRCLE('',#2932,0.0300000000000001);
#475=CIRCLE('',#2938,0.0499999999999999);
#476=CIRCLE('',#2940,0.0825);
#477=CIRCLE('',#2942,0.0500000000000001);
#478=CIRCLE('',#2946,0.0825);
#479=CIRCLE('',#2955,0.0499999999999998);
#480=CIRCLE('',#2958,0.0499999999999997);
#481=B_SPLINE_CURVE_WITH_KNOTS('',3,(#3588,#3589,#3590,#3591),
 .UNSPECIFIED.,.F.,.F.,(4,4),(51.3334475230978,51.9777090572737),
 .UNSPECIFIED.);
#482=B_SPLINE_CURVE_WITH_KNOTS('',3,(#3594,#3595,#3596,#3597,#3598,#3599,
#3600,#3601,#3602,#3603,#3604,#3605,#3606),.UNSPECIFIED.,.F.,.F.,(4,3,3,
3,4),(-50.2654824574366,-49.9785664012247,-48.9789950732003,-47.9794237451758,
-47.7681513380229),.UNSPECIFIED.);
#483=B_SPLINE_CURVE_WITH_KNOTS('',3,(#3611,#3612,#3613,#3614,#3615,#3616,
#3617,#3618,#3619,#3620,#3621,#3622,#3623,#3624,#3625,#3626,#3627,#3628,
#3629,#3630,#3631,#3632),.UNSPECIFIED.,.F.,.F.,(4,3,3,3,3,3,3,4),(45.0502622159182,
45.9802810891268,46.9798524171513,47.9794237451758,48.9789950732003,49.9785664012248,
50.9781377292492,51.3334475230978),.UNSPECIFIED.);
#484=B_SPLINE_CURVE_WITH_KNOTS('',3,(#3633,#3634,#3635,#3636,#3637,#3638,
#3639,#3640,#3641,#3642,#3643,#3644,#3645,#3646,#3647,#3648,#3649,#3650,
#3651,#3652,#3653,#3654),.UNSPECIFIED.,.F.,.F.,(4,3,3,3,3,3,3,4),(-47.7681513380229,
-46.9798524171513,-45.9802810891268,-44.9807097611023,-43.9811384330778,
-42.9815671050533,-41.9819957770288,-41.4849660308433),.UNSPECIFIED.);
#485=B_SPLINE_CURVE_WITH_KNOTS('',3,(#3659,#3660,#3661,#3662,#3663,#3664,
#3665,#3666,#3667,#3668,#3669,#3670,#3671,#3672,#3673,#3674,#3675,#3676,
#3677,#3678,#3679,#3680,#3681,#3682,#3683),.UNSPECIFIED.,.F.,.F.,(4,3,3,
3,3,3,3,3,4),(38.7670769087386,38.9832817929553,39.9828531209798,40.9824244490043,
41.9819957770288,42.9815671050533,43.9811384330778,44.9807097611023,45.0502622159182),
 .UNSPECIFIED.);
#486=B_SPLINE_CURVE_WITH_KNOTS('',3,(#3684,#3685,#3686,#3687,#3688,#3689,
#3690,#3691,#3692,#3693,#3694,#3695,#3696,#3697,#3698,#3699,#3700,#3701,
#3702,#3703,#3704,#3705),.UNSPECIFIED.,.F.,.F.,(4,3,3,3,3,3,3,4),(-41.4849660308433,
-40.9824244490043,-39.9828531209798,-38.9832817929553,-37.9837104649308,
-36.9841391369063,-35.9845678088818,-35.2017807236637),.UNSPECIFIED.);
#487=B_SPLINE_CURVE_WITH_KNOTS('',3,(#3710,#3711,#3712,#3713,#3714,#3715,
#3716,#3717,#3718,#3719,#3720,#3721,#3722,#3723,#3724,#3725,#3726,#3727,
#3728,#3729,#3730,#3731),.UNSPECIFIED.,.F.,.F.,(4,3,3,3,3,3,3,4),(32.483891601559,
32.9858538248083,33.9854251528328,34.9849964808573,35.9845678088818,36.9841391369063,
37.9837104649308,38.7670769087386),.UNSPECIFIED.);
#488=B_SPLINE_CURVE_WITH_KNOTS('',3,(#3732,#3733,#3734,#3735,#3736,#3737,
#3738,#3739,#3740,#3741,#3742,#3743,#3744,#3745,#3746,#3747,#3748,#3749,
#3750,#3751,#3752,#3753,#3754,#3755,#3756),.UNSPECIFIED.,.F.,.F.,(4,3,3,
3,3,3,3,3,4),(-35.2017807236637,-34.9849964808573,-33.9854251528328,-32.9858538248083,
-31.9862824967838,-30.9867111687594,-29.9871398407349,-28.9875685127104,
-28.9185954164841),.UNSPECIFIED.);
#489=B_SPLINE_CURVE_WITH_KNOTS('',3,(#3761,#3762,#3763,#3764,#3765,#3766,
#3767,#3768,#3769,#3770,#3771,#3772,#3773,#3774,#3775,#3776,#3777,#3778,
#3779,#3780,#3781,#3782),.UNSPECIFIED.,.F.,.F.,(4,3,3,3,3,3,3,4),(26.2007062943795,
26.9884258566614,27.9879971846859,28.9875685127104,29.9871398407348,30.9867111687593,
31.9862824967839,32.483891601559),.UNSPECIFIED.);
#490=B_SPLINE_CURVE_WITH_KNOTS('',3,(#3783,#3784,#3785,#3786,#3787,#3788,
#3789,#3790,#3791,#3792,#3793,#3794,#3795,#3796,#3797,#3798,#3799,#3800,
#3801,#3802,#3803,#3804),.UNSPECIFIED.,.F.,.F.,(4,3,3,3,3,3,3,4),(-28.9185954164841,
-27.9879971846859,-26.9884258566614,-25.9888545286369,-24.9892832006124,
-23.9897118725879,-22.9901405445634,-22.6354101093046),.UNSPECIFIED.);
#491=B_SPLINE_CURVE_WITH_KNOTS('',3,(#3809,#3810,#3811,#3812,#3813,#3814,
#3815,#3816,#3817,#3818,#3819,#3820,#3821,#3822,#3823,#3824,#3825,#3826,
#3827,#3828,#3829,#3830,#3831,#3832,#3833),.UNSPECIFIED.,.F.,.F.,(4,3,3,
3,3,3,3,3,4),(19.9175209871999,19.9914265604899,20.9909978885144,21.9905692165389,
22.9901405445634,23.9897118725879,24.9892832006124,25.9888545286369,26.2007062943795),
 .UNSPECIFIED.);
#492=B_SPLINE_CURVE_WITH_KNOTS('',3,(#3834,#3835,#3836,#3837,#3838,#3839,
#3840,#3841,#3842,#3843,#3844,#3845,#3846,#3847,#3848,#3849,#3850,#3851,
#3852,#3853,#3854,#3855),.UNSPECIFIED.,.F.,.F.,(4,3,3,3,3,3,3,4),(-22.6354101093046,
-21.9905692165389,-20.9909978885144,-19.9914265604899,-18.9918552324654,
-17.9922839044409,-16.9927125764164,-16.352224802125),.UNSPECIFIED.);
#493=B_SPLINE_CURVE_WITH_KNOTS('',3,(#3860,#3861,#3862,#3863,#3864,#3865,
#3866,#3867,#3868,#3869,#3870,#3871,#3872,#3873,#3874,#3875,#3876,#3877,
#3878,#3879,#3880,#3881),.UNSPECIFIED.,.F.,.F.,(4,3,3,3,3,3,3,4),(13.6343356800203,
13.9939985923429,14.9935699203674,15.9931412483919,16.9927125764164,17.9922839044409,
18.9918552324654,19.9175209871999),.UNSPECIFIED.);
#494=B_SPLINE_CURVE_WITH_KNOTS('',3,(#3882,#3883,#3884,#3885,#3886,#3887,
#3888,#3889,#3890,#3891,#3892,#3893,#3894,#3895,#3896,#3897,#3898,#3899,
#3900,#3901,#3902,#3903),.UNSPECIFIED.,.F.,.F.,(4,3,3,3,3,3,3,4),(-16.352224802125,
-15.9931412483919,-14.9935699203674,-13.9939985923429,-12.9944272643184,
-11.9948559362939,-10.9952846082694,-10.0690394949454),.UNSPECIFIED.);
#495=B_SPLINE_CURVE_WITH_KNOTS('',3,(#3909,#3910,#3911,#3912,#3913,#3914,
#3915,#3916,#3917,#3918,#3919,#3920,#3921),.UNSPECIFIED.,.F.,.F.,(4,3,3,
3,4),(-3.78585418776579,-2.99871398407349,-1.99914265604899,-0.999571328024495,
0.),.UNSPECIFIED.);
#496=B_SPLINE_CURVE_WITH_KNOTS('',3,(#3924,#3925,#3926,#3927,#3928,#3929,
#3930,#3931,#3932,#3933,#3934,#3935,#3936,#3937,#3938,#3939,#3940,#3941,
#3942,#3943,#3944,#3945),.UNSPECIFIED.,.F.,.F.,(4,3,3,3,3,3,3,4),(1.71222659983715,
1.99914265604899,2.99871398407348,3.99828531209798,4.99785664012248,5.99742796814697,
6.99699929617147,7.35115037284069),.UNSPECIFIED.);
#497=B_SPLINE_CURVE_WITH_KNOTS('',3,(#3951,#3952,#3953,#3954,#3955,#3956,
#3957,#3958),.UNSPECIFIED.,.F.,.F.,(4,1,1,1,1,4),(59.6902604182061,59.9015328253589,
60.9011041533834,61.9006754814079,62.9002468094324,63.8998181374569),
 .UNSPECIFIED.);
#498=B_SPLINE_CURVE_WITH_KNOTS('',3,(#3961,#3962,#3963,#3964,#3965,#3966,
#3967,#3968,#3969),.UNSPECIFIED.,.F.,.F.,(4,1,1,1,1,1,4),(59.6902604182061,
60.6202792914146,61.6198506194391,62.6194219474636,63.6189932754881,64.6185646035126,
64.9054806597245),.UNSPECIFIED.);
#499=B_SPLINE_CURVE_WITH_KNOTS('',3,(#3974,#3975,#3976,#3977,#3978,#3979,
#3980,#3981,#3982,#3983),.UNSPECIFIED.,.F.,.F.,(4,1,1,1,1,1,1,4),(53.4070751110265,
53.9041048572119,54.9036761852364,55.9032475132609,56.9028188412854,57.9023901693099,
58.9019614973344,59.6902604182061),.UNSPECIFIED.);
#500=B_SPLINE_CURVE_WITH_KNOTS('',3,(#3984,#3985,#3986,#3987,#3988,#3989,
#3990,#3991,#3992,#3993,#3994),.UNSPECIFIED.,.F.,.F.,(4,1,1,1,1,1,1,1,4),
(53.4070751110265,53.6232799952431,54.6228513232676,55.6224226512921,56.6219939793166,
57.6215653073411,58.6211366353656,59.6207079633901,59.6902604182061),
 .UNSPECIFIED.);
#501=B_SPLINE_CURVE_WITH_KNOTS('',3,(#3999,#4000,#4001,#4002,#4003,#4004,
#4005,#4006,#4007,#4008),.UNSPECIFIED.,.F.,.F.,(4,1,1,1,1,1,1,4),(47.1238898038469,
47.906676889065,48.9062482170895,49.9058195451139,50.9053908731384,51.9049622011629,
52.9045335291874,53.4070751110265),.UNSPECIFIED.);
#502=B_SPLINE_CURVE_WITH_KNOTS('',3,(#4009,#4010,#4011,#4012,#4013,#4014,
#4015,#4016,#4017,#4018),.UNSPECIFIED.,.F.,.F.,(4,1,1,1,1,1,1,4),(47.1238898038469,
47.6258520270962,48.6254233551207,49.6249946831452,50.6245660111696,51.6241373391941,
52.6237086672186,53.4070751110265),.UNSPECIFIED.);
#503=B_SPLINE_CURVE_WITH_KNOTS('',3,(#4023,#4024,#4025,#4026,#4027,#4028,
#4029,#4030,#4031,#4032,#4033),.UNSPECIFIED.,.F.,.F.,(4,1,1,1,1,1,1,1,4),
(40.8407044966673,40.9096775928935,41.909248920918,42.9088202489425,43.908391576967,
44.9079629049915,45.907534233016,46.9071055610405,47.1238898038469),
 .UNSPECIFIED.);
#504=B_SPLINE_CURVE_WITH_KNOTS('',3,(#4034,#4035,#4036,#4037,#4038,#4039,
#4040,#4041,#4042,#4043),.UNSPECIFIED.,.F.,.F.,(4,1,1,1,1,1,1,4),(40.8407044966673,
41.6284240589492,42.6279953869737,43.6275667149982,44.6271380430227,45.6267093710472,
46.6262806990717,47.1238898038469),.UNSPECIFIED.);
#505=B_SPLINE_CURVE_WITH_KNOTS('',3,(#4048,#4049,#4050,#4051,#4052,#4053,
#4054,#4055,#4056,#4057),.UNSPECIFIED.,.F.,.F.,(4,1,1,1,1,1,1,4),(34.5575191894877,
34.9122496247465,35.911820952771,36.9113922807955,37.91096360882,38.9105349368445,
39.910106264869,40.8407044966673),.UNSPECIFIED.);
#506=B_SPLINE_CURVE_WITH_KNOTS('',3,(#4058,#4059,#4060,#4061,#4062,#4063,
#4064,#4065,#4066,#4067,#4068),.UNSPECIFIED.,.F.,.F.,(4,1,1,1,1,1,1,1,4),
(34.5575191894877,34.6314247627777,35.6309960908022,36.6305674188267,37.6301387468512,
38.6297100748757,39.6292814029002,40.6288527309247,40.8407044966673),
 .UNSPECIFIED.);
#507=B_SPLINE_CURVE_WITH_KNOTS('',3,(#4073,#4074,#4075,#4076,#4077,#4078,
#4079,#4080,#4081,#4082),.UNSPECIFIED.,.F.,.F.,(4,1,1,1,1,1,1,4),(28.2743338823081,
28.9148216565996,29.9143929846241,30.9139643126485,31.913535640673,32.9131069686975,
33.912678296722,34.5575191894877),.UNSPECIFIED.);
#508=B_SPLINE_CURVE_WITH_KNOTS('',3,(#4083,#4084,#4085,#4086,#4087,#4088,
#4089,#4090,#4091,#4092),.UNSPECIFIED.,.F.,.F.,(4,1,1,1,1,1,1,4),(28.2743338823081,
28.6339967946308,29.6335681226552,30.6331394506797,31.6327107787042,32.6322821067287,
33.6318534347532,34.5575191894877),.UNSPECIFIED.);
#509=B_SPLINE_CURVE_WITH_KNOTS('',3,(#4097,#4098,#4099,#4100,#4101,#4102,
#4103,#4104,#4105,#4106),.UNSPECIFIED.,.F.,.F.,(4,1,1,1,1,1,1,4),(21.9911485751285,
22.9173936884526,23.9169650164771,24.9165363445016,25.9161076725261,26.9156790005506,
27.9152503285751,28.2743338823081),.UNSPECIFIED.);
#510=B_SPLINE_CURVE_WITH_KNOTS('',3,(#4107,#4108,#4109,#4110,#4111,#4112,
#4113,#4114,#4115,#4116),.UNSPECIFIED.,.F.,.F.,(4,1,1,1,1,1,1,4),(21.9911485751285,
22.6365688264838,23.6361401545083,24.6357114825328,25.6352828105573,26.6348541385818,
27.6344254666063,28.2743338823081),.UNSPECIFIED.);
#511=B_SPLINE_CURVE_WITH_KNOTS('',3,(#4122,#4123,#4124,#4125,#4126),
 .UNSPECIFIED.,.F.,.F.,(4,1,4),(14.6399982022878,15.6395695303123,15.7079632679489),
 .UNSPECIFIED.);
#512=B_SPLINE_CURVE_WITH_KNOTS('',3,(#4129,#4130,#4131,#4132,#4133,#4134),
 .UNSPECIFIED.,.F.,.F.,(4,1,1,4),(13.6343356800202,13.9212517362321,14.9208230642566,
15.7079632679489),.UNSPECIFIED.);
#513=B_SPLINE_CURVE_WITH_KNOTS('',3,(#4140,#4141,#4142,#4143),
 .UNSPECIFIED.,.F.,.F.,(4,4),(51.3334475230978,51.9777090572737),
 .UNSPECIFIED.);
#514=B_SPLINE_CURVE_WITH_KNOTS('',3,(#4146,#4147,#4148,#4149,#4150,#4151,
#4152,#4153,#4154,#4155,#4156,#4157,#4158),.UNSPECIFIED.,.F.,.F.,(4,3,3,
3,4),(-50.2654824574366,-49.9785664012247,-48.9789950732003,-47.9794237451758,
-47.768151338023),.UNSPECIFIED.);
#515=B_SPLINE_CURVE_WITH_KNOTS('',3,(#4163,#4164,#4165,#4166,#4167,#4168,
#4169,#4170,#4171,#4172,#4173,#4174,#4175,#4176,#4177,#4178,#4179,#4180,
#4181,#4182,#4183,#4184),.UNSPECIFIED.,.F.,.F.,(4,3,3,3,3,3,3,4),(45.0502622159182,
45.9802810891268,46.9798524171513,47.9794237451758,48.9789950732003,49.9785664012248,
50.9781377292493,51.3334475230978),.UNSPECIFIED.);
#516=B_SPLINE_CURVE_WITH_KNOTS('',3,(#4185,#4186,#4187,#4188,#4189,#4190,
#4191,#4192,#4193,#4194,#4195,#4196,#4197,#4198,#4199,#4200,#4201,#4202,
#4203,#4204,#4205,#4206),.UNSPECIFIED.,.F.,.F.,(4,3,3,3,3,3,3,4),(-47.768151338023,
-46.9798524171513,-45.9802810891268,-44.9807097611023,-43.9811384330778,
-42.9815671050533,-41.9819957770288,-41.4849660308434),.UNSPECIFIED.);
#517=B_SPLINE_CURVE_WITH_KNOTS('',3,(#4211,#4212,#4213,#4214,#4215,#4216,
#4217,#4218,#4219,#4220,#4221,#4222,#4223,#4224,#4225,#4226,#4227,#4228,
#4229,#4230,#4231,#4232,#4233,#4234,#4235),.UNSPECIFIED.,.F.,.F.,(4,3,3,
3,3,3,3,3,4),(38.7670769087386,38.9832817929553,39.9828531209798,40.9824244490043,
41.9819957770288,42.9815671050533,43.9811384330778,44.9807097611023,45.0502622159182),
 .UNSPECIFIED.);
#518=B_SPLINE_CURVE_WITH_KNOTS('',3,(#4236,#4237,#4238,#4239,#4240,#4241,
#4242,#4243,#4244,#4245,#4246,#4247,#4248,#4249,#4250,#4251,#4252,#4253,
#4254,#4255,#4256,#4257),.UNSPECIFIED.,.F.,.F.,(4,3,3,3,3,3,3,4),(-41.4849660308434,
-40.9824244490043,-39.9828531209798,-38.9832817929553,-37.9837104649308,
-36.9841391369063,-35.9845678088818,-35.2017807236638),.UNSPECIFIED.);
#519=B_SPLINE_CURVE_WITH_KNOTS('',3,(#4262,#4263,#4264,#4265,#4266,#4267,
#4268,#4269,#4270,#4271,#4272,#4273,#4274,#4275,#4276,#4277,#4278,#4279,
#4280,#4281,#4282,#4283),.UNSPECIFIED.,.F.,.F.,(4,3,3,3,3,3,3,4),(32.4838916015591,
32.9858538248083,33.9854251528328,34.9849964808573,35.9845678088818,36.9841391369063,
37.9837104649308,38.7670769087386),.UNSPECIFIED.);
#520=B_SPLINE_CURVE_WITH_KNOTS('',3,(#4284,#4285,#4286,#4287,#4288,#4289,
#4290,#4291,#4292,#4293,#4294,#4295,#4296,#4297,#4298,#4299,#4300,#4301,
#4302,#4303,#4304,#4305,#4306,#4307,#4308),.UNSPECIFIED.,.F.,.F.,(4,3,3,
3,3,3,3,3,4),(-35.2017807236638,-34.9849964808573,-33.9854251528328,-32.9858538248083,
-31.9862824967838,-30.9867111687593,-29.9871398407349,-28.9875685127103,
-28.9185954164842),.UNSPECIFIED.);
#521=B_SPLINE_CURVE_WITH_KNOTS('',3,(#4313,#4314,#4315,#4316,#4317,#4318,
#4319,#4320,#4321,#4322,#4323,#4324,#4325,#4326,#4327,#4328,#4329,#4330,
#4331,#4332,#4333,#4334),.UNSPECIFIED.,.F.,.F.,(4,3,3,3,3,3,3,4),(26.2007062943795,
26.9884258566614,27.9879971846859,28.9875685127104,29.9871398407349,30.9867111687594,
31.9862824967839,32.4838916015591),.UNSPECIFIED.);
#522=B_SPLINE_CURVE_WITH_KNOTS('',3,(#4335,#4336,#4337,#4338,#4339,#4340,
#4341,#4342,#4343,#4344,#4345,#4346,#4347,#4348,#4349,#4350,#4351,#4352,
#4353,#4354,#4355,#4356),.UNSPECIFIED.,.F.,.F.,(4,3,3,3,3,3,3,4),(-28.9185954164842,
-27.9879971846859,-26.9884258566614,-25.9888545286369,-24.9892832006124,
-23.9897118725879,-22.9901405445634,-22.6354101093046),.UNSPECIFIED.);
#523=B_SPLINE_CURVE_WITH_KNOTS('',3,(#4361,#4362,#4363,#4364,#4365,#4366,
#4367,#4368,#4369,#4370,#4371,#4372,#4373,#4374,#4375,#4376,#4377,#4378,
#4379,#4380,#4381,#4382,#4383,#4384,#4385),.UNSPECIFIED.,.F.,.F.,(4,3,3,
3,3,3,3,3,4),(19.9175209871999,19.9914265604899,20.9909978885144,21.9905692165389,
22.9901405445634,23.9897118725879,24.9892832006124,25.9888545286369,26.2007062943795),
 .UNSPECIFIED.);
#524=B_SPLINE_CURVE_WITH_KNOTS('',3,(#4386,#4387,#4388,#4389,#4390,#4391,
#4392,#4393,#4394,#4395,#4396,#4397,#4398,#4399,#4400,#4401,#4402,#4403,
#4404,#4405,#4406,#4407),.UNSPECIFIED.,.F.,.F.,(4,3,3,3,3,3,3,4),(-22.6354101093046,
-21.9905692165389,-20.9909978885144,-19.9914265604899,-18.9918552324654,
-17.9922839044409,-16.9927125764164,-16.352224802125),.UNSPECIFIED.);
#525=B_SPLINE_CURVE_WITH_KNOTS('',3,(#4412,#4413,#4414,#4415,#4416,#4417,
#4418,#4419,#4420,#4421,#4422,#4423,#4424,#4425,#4426,#4427,#4428,#4429,
#4430,#4431,#4432,#4433),.UNSPECIFIED.,.F.,.F.,(4,3,3,3,3,3,3,4),(13.6343356800203,
13.9939985923429,14.9935699203674,15.9931412483919,16.9927125764164,17.9922839044409,
18.9918552324654,19.9175209871999),.UNSPECIFIED.);
#526=B_SPLINE_CURVE_WITH_KNOTS('',3,(#4434,#4435,#4436,#4437,#4438,#4439,
#4440,#4441,#4442,#4443,#4444,#4445,#4446,#4447,#4448,#4449,#4450,#4451,
#4452,#4453,#4454,#4455),.UNSPECIFIED.,.F.,.F.,(4,3,3,3,3,3,3,4),(-16.352224802125,
-15.9931412483919,-14.9935699203674,-13.9939985923429,-12.9944272643184,
-11.9948559362939,-10.9952846082695,-10.0690394949454),.UNSPECIFIED.);
#527=B_SPLINE_CURVE_WITH_KNOTS('',3,(#4461,#4462,#4463,#4464,#4465,#4466,
#4467,#4468,#4469,#4470,#4471,#4472,#4473),.UNSPECIFIED.,.F.,.F.,(4,3,3,
3,4),(-3.78585418776583,-2.99871398407349,-1.99914265604899,-0.999571328024493,
0.),.UNSPECIFIED.);
#528=B_SPLINE_CURVE_WITH_KNOTS('',3,(#4476,#4477,#4478,#4479,#4480,#4481,
#4482,#4483,#4484,#4485,#4486,#4487,#4488,#4489,#4490,#4491,#4492,#4493,
#4494,#4495,#4496,#4497),.UNSPECIFIED.,.F.,.F.,(4,3,3,3,3,3,3,4),(1.71222659983715,
1.99914265604899,2.99871398407349,3.99828531209798,4.99785664012247,5.99742796814697,
6.99699929617147,7.35115037284071),.UNSPECIFIED.);
#529=B_SPLINE_CURVE_WITH_KNOTS('',3,(#4503,#4504,#4505,#4506,#4507,#4508,
#4509,#4510),.UNSPECIFIED.,.F.,.F.,(4,1,1,1,1,4),(59.6902604182061,59.9015328253589,
60.9011041533834,61.9006754814079,62.9002468094324,63.8998181374569),
 .UNSPECIFIED.);
#530=B_SPLINE_CURVE_WITH_KNOTS('',3,(#4513,#4514,#4515,#4516,#4517,#4518,
#4519,#4520,#4521),.UNSPECIFIED.,.F.,.F.,(4,1,1,1,1,1,4),(59.6902604182061,
60.6202792914146,61.6198506194391,62.6194219474636,63.6189932754881,64.6185646035126,
64.9054806597244),.UNSPECIFIED.);
#531=B_SPLINE_CURVE_WITH_KNOTS('',3,(#4526,#4527,#4528,#4529,#4530,#4531,
#4532,#4533,#4534,#4535),.UNSPECIFIED.,.F.,.F.,(4,1,1,1,1,1,1,4),(53.4070751110265,
53.9041048572119,54.9036761852364,55.9032475132609,56.9028188412854,57.9023901693099,
58.9019614973344,59.6902604182061),.UNSPECIFIED.);
#532=B_SPLINE_CURVE_WITH_KNOTS('',3,(#4536,#4537,#4538,#4539,#4540,#4541,
#4542,#4543,#4544,#4545,#4546),.UNSPECIFIED.,.F.,.F.,(4,1,1,1,1,1,1,1,4),
(53.4070751110265,53.6232799952431,54.6228513232676,55.6224226512921,56.6219939793166,
57.6215653073411,58.6211366353656,59.6207079633901,59.6902604182061),
 .UNSPECIFIED.);
#533=B_SPLINE_CURVE_WITH_KNOTS('',3,(#4551,#4552,#4553,#4554,#4555,#4556,
#4557,#4558,#4559,#4560),.UNSPECIFIED.,.F.,.F.,(4,1,1,1,1,1,1,4),(47.1238898038469,
47.9066768890649,48.9062482170894,49.9058195451139,50.9053908731384,51.9049622011629,
52.9045335291874,53.4070751110265),.UNSPECIFIED.);
#534=B_SPLINE_CURVE_WITH_KNOTS('',3,(#4561,#4562,#4563,#4564,#4565,#4566,
#4567,#4568,#4569,#4570),.UNSPECIFIED.,.F.,.F.,(4,1,1,1,1,1,1,4),(47.1238898038469,
47.6258520270961,48.6254233551206,49.6249946831451,50.6245660111696,51.6241373391941,
52.6237086672186,53.4070751110265),.UNSPECIFIED.);
#535=B_SPLINE_CURVE_WITH_KNOTS('',3,(#4575,#4576,#4577,#4578,#4579,#4580,
#4581,#4582,#4583,#4584,#4585),.UNSPECIFIED.,.F.,.F.,(4,1,1,1,1,1,1,1,4),
(40.8407044966673,40.9096775928935,41.909248920918,42.9088202489425,43.908391576967,
44.9079629049915,45.9075342330159,46.9071055610404,47.1238898038469),
 .UNSPECIFIED.);
#536=B_SPLINE_CURVE_WITH_KNOTS('',3,(#4586,#4587,#4588,#4589,#4590,#4591,
#4592,#4593,#4594,#4595),.UNSPECIFIED.,.F.,.F.,(4,1,1,1,1,1,1,4),(40.8407044966673,
41.6284240589492,42.6279953869737,43.6275667149982,44.6271380430227,45.6267093710472,
46.6262806990716,47.1238898038469),.UNSPECIFIED.);
#537=B_SPLINE_CURVE_WITH_KNOTS('',3,(#4600,#4601,#4602,#4603,#4604,#4605,
#4606,#4607,#4608,#4609),.UNSPECIFIED.,.F.,.F.,(4,1,1,1,1,1,1,4),(34.5575191894877,
34.9122496247465,35.911820952771,36.9113922807955,37.91096360882,38.9105349368445,
39.910106264869,40.8407044966673),.UNSPECIFIED.);
#538=B_SPLINE_CURVE_WITH_KNOTS('',3,(#4610,#4611,#4612,#4613,#4614,#4615,
#4616,#4617,#4618,#4619,#4620),.UNSPECIFIED.,.F.,.F.,(4,1,1,1,1,1,1,1,4),
(34.5575191894877,34.6314247627777,35.6309960908022,36.6305674188267,37.6301387468512,
38.6297100748757,39.6292814029002,40.6288527309247,40.8407044966673),
 .UNSPECIFIED.);
#539=B_SPLINE_CURVE_WITH_KNOTS('',3,(#4625,#4626,#4627,#4628,#4629,#4630,
#4631,#4632,#4633,#4634),.UNSPECIFIED.,.F.,.F.,(4,1,1,1,1,1,1,4),(28.2743338823081,
28.9148216565995,29.914392984624,30.9139643126485,31.913535640673,32.9131069686975,
33.912678296722,34.5575191894877),.UNSPECIFIED.);
#540=B_SPLINE_CURVE_WITH_KNOTS('',3,(#4635,#4636,#4637,#4638,#4639,#4640,
#4641,#4642,#4643,#4644),.UNSPECIFIED.,.F.,.F.,(4,1,1,1,1,1,1,4),(28.2743338823081,
28.6339967946307,29.6335681226552,30.6331394506797,31.6327107787042,32.6322821067287,
33.6318534347532,34.5575191894877),.UNSPECIFIED.);
#541=B_SPLINE_CURVE_WITH_KNOTS('',3,(#4649,#4650,#4651,#4652,#4653,#4654,
#4655,#4656,#4657,#4658),.UNSPECIFIED.,.F.,.F.,(4,1,1,1,1,1,1,4),(21.9911485751285,
22.9173936884526,23.9169650164771,24.9165363445016,25.916107672526,26.9156790005505,
27.915250328575,28.2743338823081),.UNSPECIFIED.);
#542=B_SPLINE_CURVE_WITH_KNOTS('',3,(#4659,#4660,#4661,#4662,#4663,#4664,
#4665,#4666,#4667,#4668),.UNSPECIFIED.,.F.,.F.,(4,1,1,1,1,1,1,4),(21.9911485751285,
22.6365688264838,23.6361401545083,24.6357114825328,25.6352828105572,26.6348541385817,
27.6344254666062,28.2743338823081),.UNSPECIFIED.);
#543=B_SPLINE_CURVE_WITH_KNOTS('',3,(#4674,#4675,#4676,#4677,#4678),
 .UNSPECIFIED.,.F.,.F.,(4,1,4),(14.6399982022878,15.6395695303123,15.7079632679489),
 .UNSPECIFIED.);
#544=B_SPLINE_CURVE_WITH_KNOTS('',3,(#4681,#4682,#4683,#4684,#4685,#4686),
 .UNSPECIFIED.,.F.,.F.,(4,1,1,4),(13.6343356800202,13.9212517362321,14.9208230642566,
15.7079632679489),.UNSPECIFIED.);
#545=B_SPLINE_CURVE_WITH_KNOTS('',3,(#4688,#4689,#4690,#4691,#4692,#4693,
#4694,#4695,#4696,#4697,#4698),.UNSPECIFIED.,.F.,.F.,(4,1,1,1,1,1,1,1,4),
(15.7079632679489,15.9203943922811,16.9199657203056,17.9195370483301,18.9191083763546,
19.9186797043791,20.9182510324036,21.9178223604281,21.9911485751285),
 .UNSPECIFIED.);
#546=B_SPLINE_CURVE_WITH_KNOTS('',3,(#4699,#4700,#4701,#4702,#4703,#4704,
#4705,#4706,#4707,#4708),.UNSPECIFIED.,.F.,.F.,(4,1,1,1,1,1,1,4),(15.7079632679489,
16.6391408583368,17.6387121863613,18.6382835143858,19.6378548424103,20.6374261704348,
21.6369974984593,21.9911485751285),.UNSPECIFIED.);
#547=B_SPLINE_CURVE_WITH_KNOTS('',3,(#4929,#4930,#4931,#4932,#4933,#4934,
#4935,#4936,#4937,#4938,#4939,#4940,#4941,#4942,#4943,#4944,#4945,#4946,
#4947,#4948,#4949,#4950,#4951,#4952,#4953,#4954,#4955,#4956,#4957,#4958,
#4959,#4960,#4961,#4962,#4963,#4964,#4965,#4966,#4967,#4968),
 .UNSPECIFIED.,.F.,.F.,(4,3,3,3,3,3,3,3,3,3,3,3,3,4),(-0.32686733105434,
-0.293243632868094,-0.271474309986523,-0.247544991805185,-0.221201254461228,
-0.200501264581226,-0.164183643155805,-0.140736332761568,-0.12854359228498,
-0.096407694213735,-0.069165989747503,-0.0509935639434273,-0.00658413406781741,
0.),.UNSPECIFIED.);
#548=B_SPLINE_CURVE_WITH_KNOTS('',3,(#4969,#4970,#4971,#4972,#4973,#4974,
#4975,#4976,#4977,#4978,#4979,#4980,#4981,#4982,#4983,#4984,#4985,#4986,
#4987,#4988,#4989,#4990,#4991,#4992,#4993,#4994,#4995,#4996,#4997,#4998,
#4999,#5000,#5001,#5002,#5003,#5004,#5005),.UNSPECIFIED.,.F.,.F.,(4,3,3,
3,3,3,3,3,3,3,3,3,4),(0.,0.0433458669365362,0.0637439463007861,0.0789886693549801,
0.118653650866063,0.137468773232048,0.155419236532949,0.183330585184276,
0.212962356116387,0.231136387307353,0.262977323138092,0.28404178178031,
0.326867331054299),.UNSPECIFIED.);
#549=B_SPLINE_CURVE_WITH_KNOTS('',3,(#5006,#5007,#5008,#5009,#5010,#5011,
#5012,#5013,#5014,#5015,#5016,#5017,#5018,#5019,#5020,#5021,#5022,#5023,
#5024,#5025,#5026,#5027,#5028,#5029,#5030),.UNSPECIFIED.,.F.,.F.,(4,3,3,
3,3,3,3,3,4),(-10.0690394949454,-9.99571328024496,-8.99614195222046,-7.99657062419596,
-6.99699929617147,-5.99742796814697,-4.99785664012248,-3.99828531209798,
-3.78585418776583),.UNSPECIFIED.);
#550=B_SPLINE_CURVE_WITH_KNOTS('',3,(#5251,#5252,#5253,#5254,#5255,#5256,
#5257,#5258,#5259,#5260,#5261,#5262,#5263,#5264,#5265,#5266,#5267,#5268,
#5269,#5270,#5271,#5272,#5273,#5274,#5275,#5276,#5277,#5278,#5279,#5280,
#5281,#5282,#5283,#5284,#5285,#5286,#5287),.UNSPECIFIED.,.F.,.F.,(4,3,3,
3,3,3,3,3,3,3,3,3,4),(-0.328226035497144,-0.292966208738906,-0.265037833248811,
-0.229701731883969,-0.21026327249534,-0.173521550604256,-0.156225604131423,
-0.144324254073849,-0.107162739596909,-0.0857496568872477,-0.0671372750925444,
-0.0161445180751267,0.),.UNSPECIFIED.);
#551=B_SPLINE_CURVE_WITH_KNOTS('',3,(#5288,#5289,#5290,#5291,#5292,#5293,
#5294,#5295,#5296,#5297,#5298,#5299,#5300,#5301,#5302,#5303,#5304,#5305,
#5306,#5307,#5308,#5309),.UNSPECIFIED.,.F.,.F.,(4,3,3,3,3,3,3,4),(7.35115037284071,
7.99657062419596,8.99614195222046,9.99571328024496,10.9952846082695,11.9948559362939,
12.9944272643184,13.6343356800203),.UNSPECIFIED.);
#552=B_SPLINE_CURVE_WITH_KNOTS('',3,(#5310,#5311,#5312,#5313,#5314,#5315,
#5316,#5317,#5318,#5319,#5320,#5321,#5322,#5323,#5324,#5325,#5326,#5327,
#5328,#5329,#5330,#5331,#5332,#5333,#5334,#5335,#5336,#5337,#5338,#5339,
#5340,#5341,#5342,#5343,#5344,#5345,#5346),.UNSPECIFIED.,.F.,.F.,(4,3,3,
3,3,3,3,3,3,3,3,3,4),(0.,0.0498369004648964,0.0787223389043221,0.097012544544584,
0.127511540268013,0.148978217017301,0.167143336717136,0.199347601859585,
0.223359864914624,0.242084081635225,0.275188961519966,0.293323705399271,
0.328226035497145),.UNSPECIFIED.);
#553=B_SPLINE_CURVE_WITH_KNOTS('',3,(#5350,#5351,#5352,#5353,#5354,#5355,
#5356,#5357,#5358,#5359,#5360),.UNSPECIFIED.,.F.,.F.,(4,1,1,1,1,1,1,1,4),
(15.7079632679489,15.9203943922811,16.9199657203056,17.9195370483301,18.9191083763546,
19.9186797043791,20.9182510324036,21.9178223604281,21.9911485751285),
 .UNSPECIFIED.);
#554=B_SPLINE_CURVE_WITH_KNOTS('',3,(#5361,#5362,#5363,#5364,#5365,#5366,
#5367,#5368,#5369,#5370),.UNSPECIFIED.,.F.,.F.,(4,1,1,1,1,1,1,4),(15.7079632679489,
16.6391408583368,17.6387121863613,18.6382835143858,19.6378548424103,20.6374261704348,
21.6369974984593,21.9911485751285),.UNSPECIFIED.);
#555=B_SPLINE_CURVE_WITH_KNOTS('',3,(#5591,#5592,#5593,#5594,#5595,#5596,
#5597,#5598,#5599,#5600,#5601,#5602,#5603,#5604,#5605,#5606,#5607,#5608,
#5609,#5610,#5611,#5612,#5613,#5614,#5615,#5616,#5617,#5618,#5619,#5620,
#5621,#5622,#5623,#5624,#5625,#5626,#5627,#5628,#5629,#5630),
 .UNSPECIFIED.,.F.,.F.,(4,3,3,3,3,3,3,3,3,3,3,3,3,4),(-0.326867331054436,
-0.293243644957812,-0.271473231380272,-0.247544684144529,-0.221199364796603,
-0.200501386637902,-0.164183521642146,-0.140736092001462,-0.128543592285004,
-0.0964076942137527,-0.0691666043843968,-0.0509938732594752,-0.00658477453957295,
0.),.UNSPECIFIED.);
#556=B_SPLINE_CURVE_WITH_KNOTS('',3,(#5631,#5632,#5633,#5634,#5635,#5636,
#5637,#5638,#5639,#5640,#5641,#5642,#5643,#5644,#5645,#5646,#5647,#5648,
#5649,#5650,#5651,#5652,#5653,#5654,#5655,#5656,#5657,#5658,#5659,#5660,
#5661,#5662,#5663,#5664,#5665,#5666,#5667),.UNSPECIFIED.,.F.,.F.,(4,3,3,
3,3,3,3,3,3,3,3,3,4),(0.,0.0433471797825984,0.0637477209752509,0.0789926519678324,
0.118663285896359,0.137502865722846,0.155422591801075,0.183330585184302,
0.212961348884262,0.231136172679322,0.262975804654907,0.284040448895472,
0.326867331054385),.UNSPECIFIED.);
#557=B_SPLINE_CURVE_WITH_KNOTS('',3,(#5668,#5669,#5670,#5671,#5672,#5673,
#5674,#5675,#5676,#5677,#5678,#5679,#5680,#5681,#5682,#5683,#5684,#5685,
#5686,#5687,#5688,#5689,#5690,#5691,#5692),.UNSPECIFIED.,.F.,.F.,(4,3,3,
3,3,3,3,3,4),(-10.0690394949454,-9.99571328024495,-8.99614195222046,-7.99657062419596,
-6.99699929617147,-5.99742796814697,-4.99785664012248,-3.99828531209798,
-3.78585418776579),.UNSPECIFIED.);
#558=B_SPLINE_CURVE_WITH_KNOTS('',3,(#5913,#5914,#5915,#5916,#5917,#5918,
#5919,#5920,#5921,#5922,#5923,#5924,#5925,#5926,#5927,#5928,#5929,#5930,
#5931,#5932,#5933,#5934,#5935,#5936,#5937,#5938,#5939,#5940,#5941,#5942,
#5943,#5944,#5945,#5946,#5947,#5948,#5949),.UNSPECIFIED.,.F.,.F.,(4,3,3,
3,3,3,3,3,3,3,3,3,4),(-0.328226035497171,-0.2929645933236,-0.265037794076855,
-0.229701742725328,-0.210263114305641,-0.173521396235146,-0.156225191837857,
-0.144324254073843,-0.107162705297659,-0.0857500844170601,-0.0671375429812048,
-0.0161449474966477,0.),.UNSPECIFIED.);
#559=B_SPLINE_CURVE_WITH_KNOTS('',3,(#5950,#5951,#5952,#5953,#5954,#5955,
#5956,#5957,#5958,#5959,#5960,#5961,#5962,#5963,#5964,#5965,#5966,#5967,
#5968,#5969,#5970,#5971),.UNSPECIFIED.,.F.,.F.,(4,3,3,3,3,3,3,4),(7.35115037284069,
7.99657062419596,8.99614195222045,9.99571328024495,10.9952846082694,11.9948559362939,
12.9944272643184,13.6343356800203),.UNSPECIFIED.);
#560=B_SPLINE_CURVE_WITH_KNOTS('',3,(#5972,#5973,#5974,#5975,#5976,#5977,
#5978,#5979,#5980,#5981,#5982,#5983,#5984,#5985,#5986,#5987,#5988,#5989,
#5990,#5991,#5992,#5993,#5994,#5995,#5996,#5997,#5998,#5999,#6000,#6001,
#6002,#6003,#6004,#6005,#6006,#6007,#6008),.UNSPECIFIED.,.F.,.F.,(4,3,3,
3,3,3,3,3,3,3,3,3,4),(0.,0.0498369004649012,0.0787167328272925,0.097011372035875,
0.127510355455497,0.148975856925145,0.167142903181828,0.199347601859605,
0.223365790279857,0.242089862168727,0.275206209362608,0.293352318423549,
0.328226035497205),.UNSPECIFIED.);
#561=B_SPLINE_CURVE_WITH_KNOTS('',3,(#6034,#6035,#6036,#6037,#6038,#6039,
#6040,#6041,#6042,#6043,#6044,#6045),.UNSPECIFIED.,.F.,.F.,(4,2,2,2,2,4),
(-0.0800791412652109,-0.0792194539039706,-0.0595215580423714,-0.0396698982364928,
-0.019831893351752,0.),.UNSPECIFIED.);
#562=B_SPLINE_CURVE_WITH_KNOTS('',3,(#6069,#6070,#6071,#6072,#6073,#6074,
#6075,#6076,#6077,#6078,#6079,#6080),.UNSPECIFIED.,.F.,.F.,(4,2,2,2,2,4),
(-0.000859760955149751,0.,0.0196988037877088,0.0395514178933755,0.0593903785625386,
0.079223228362649),.UNSPECIFIED.);
#563=B_SPLINE_CURVE_WITH_KNOTS('',3,(#6192,#6193,#6194,#6195),
 .UNSPECIFIED.,.F.,.F.,(4,4),(76.4661887518162,77.1104502859922),
 .UNSPECIFIED.);
#564=B_SPLINE_CURVE_WITH_KNOTS('',3,(#6198,#6199,#6200,#6201,#6202,#6203,
#6204,#6205,#6206,#6207,#6208,#6209,#6210),.UNSPECIFIED.,.F.,.F.,(4,3,3,
3,4),(-75.3982236861551,-75.133259253018,-74.144663736531,-73.1560682200439,
-72.9008925667413),.UNSPECIFIED.);
#565=B_SPLINE_CURVE_WITH_KNOTS('',3,(#6215,#6216,#6217,#6218,#6219,#6220,
#6221,#6222,#6223,#6224,#6225,#6226,#6227,#6228,#6229,#6230,#6231,#6232,
#6233,#6234,#6235,#6236,#6237,#6238,#6239),.UNSPECIFIED.,.F.,.F.,(4,3,3,
3,3,3,3,3,4),(70.1830034446366,70.1902816705826,71.1788771870697,72.1674727035568,
73.1560682200438,74.1446637365309,75.133259253018,76.1218547695051,76.4661887518162),
 .UNSPECIFIED.);
#566=B_SPLINE_CURVE_WITH_KNOTS('',3,(#6240,#6241,#6242,#6243,#6244,#6245,
#6246,#6247,#6248,#6249,#6250,#6251,#6252,#6253,#6254,#6255,#6256,#6257,
#6258,#6259,#6260,#6261),.UNSPECIFIED.,.F.,.F.,(4,3,3,3,3,3,3,4),(-72.9008925667413,
-72.1674727035568,-71.1788771870697,-70.1902816705826,-69.2016861540956,
-68.2130906376085,-67.2244951211214,-66.6177072595617),.UNSPECIFIED.);
#567=B_SPLINE_CURVE_WITH_KNOTS('',3,(#6266,#6267,#6268,#6269,#6270,#6271,
#6272,#6273,#6274,#6275,#6276,#6277,#6278,#6279,#6280,#6281,#6282,#6283,
#6284,#6285,#6286,#6287),.UNSPECIFIED.,.F.,.F.,(4,3,3,3,3,3,3,4),(63.899818137457,
64.2587085716601,65.2473040881472,66.2358996046343,67.2244951211214,68.2130906376085,
69.2016861540956,70.1830034446366),.UNSPECIFIED.);
#568=B_SPLINE_CURVE_WITH_KNOTS('',3,(#6288,#6289,#6290,#6291,#6292,#6293,
#6294,#6295,#6296,#6297,#6298,#6299,#6300,#6301,#6302,#6303,#6304,#6305,
#6306,#6307,#6308,#6309),.UNSPECIFIED.,.F.,.F.,(4,3,3,3,3,3,3,4),(-66.6177072595617,
-66.2358996046343,-65.2473040881472,-64.2587085716601,-63.2701130551731,
-62.281517538686,-61.2929220221989,-60.3345219523821),.UNSPECIFIED.);
#569=B_SPLINE_CURVE_WITH_KNOTS('',3,(#6314,#6315,#6316,#6317,#6318,#6319,
#6320,#6321,#6322,#6323,#6324,#6325,#6326,#6327,#6328,#6329,#6330,#6331,
#6332,#6333,#6334,#6335),.UNSPECIFIED.,.F.,.F.,(4,3,3,3,3,3,3,4),(57.6166328302774,
58.3271354727377,59.3157309892247,60.3043265057118,61.2929220221989,62.281517538686,
63.2701130551731,63.899818137457),.UNSPECIFIED.);
#570=B_SPLINE_CURVE_WITH_KNOTS('',3,(#6336,#6337,#6338,#6339,#6340,#6341,
#6342,#6343,#6344,#6345,#6346,#6347,#6348,#6349,#6350,#6351,#6352,#6353,
#6354,#6355,#6356,#6357,#6358,#6359,#6360),.UNSPECIFIED.,.F.,.F.,(4,3,3,
3,3,3,3,3,4),(-60.3345219523821,-60.3043265057119,-59.3157309892248,-58.3271354727377,
-57.3385399562506,-56.3499444397635,-55.3613489232765,-54.3727534067894,
-54.0513366452025),.UNSPECIFIED.);
#571=B_SPLINE_CURVE_WITH_KNOTS('',3,(#6365,#6366,#6367,#6368,#6369,#6370,
#6371,#6372,#6373,#6374,#6375,#6376,#6377,#6378,#6379,#6380,#6381,#6382,
#6383,#6384,#6385,#6386,#6387,#6388,#6389),.UNSPECIFIED.,.F.,.F.,(4,3,3,
3,3,3,3,3,4),(51.3334475230978,51.4069668573281,52.3955623738152,53.3841578903023,
54.3727534067894,55.3613489232765,56.3499444397635,57.3385399562506,57.6166328302774),
 .UNSPECIFIED.);
#572=B_SPLINE_CURVE_WITH_KNOTS('',3,(#6390,#6391,#6392,#6393,#6394,#6395,
#6396,#6397,#6398,#6399,#6400,#6401,#6402,#6403,#6404,#6405,#6406,#6407,
#6408,#6409,#6410,#6411),.UNSPECIFIED.,.F.,.F.,(4,3,3,3,3,3,3,4),(-54.0513366452025,
-53.3841578903023,-52.3955623738152,-51.4069668573281,-50.418371340841,
-49.429775824354,-48.4411803078669,-47.7681513380229),.UNSPECIFIED.);
#573=B_SPLINE_CURVE_WITH_KNOTS('',3,(#6416,#6417,#6418,#6419,#6420,#6421,
#6422,#6423,#6424,#6425,#6426,#6427,#6428,#6429,#6430,#6431,#6432,#6433,
#6434,#6435,#6436,#6437),.UNSPECIFIED.,.F.,.F.,(4,3,3,3,3,3,3,4),(45.0502622159182,
45.4753937584056,46.4639892748927,47.4525847913798,48.4411803078669,49.4297758243539,
50.418371340841,51.3334475230978),.UNSPECIFIED.);
#574=B_SPLINE_CURVE_WITH_KNOTS('',3,(#6438,#6439,#6440,#6441,#6442,#6443,
#6444,#6445,#6446,#6447,#6448,#6449,#6450,#6451,#6452,#6453,#6454,#6455,
#6456,#6457,#6458,#6459,#6460,#6461,#6462),.UNSPECIFIED.,.F.,.F.,(4,3,3,
3,3,3,3,3,4),(-47.7681513380229,-47.4525847913798,-46.4639892748927,-45.4753937584057,
-44.4867982419186,-43.4982027254315,-42.5096072089444,-41.5210116924573,
-41.4849660308434),.UNSPECIFIED.);
#575=B_SPLINE_CURVE_WITH_KNOTS('',3,(#6467,#6468,#6469,#6470,#6471,#6472,
#6473,#6474,#6475,#6476,#6477,#6478,#6479,#6480,#6481,#6482,#6483,#6484,
#6485,#6486,#6487,#6488),.UNSPECIFIED.,.F.,.F.,(4,3,3,3,3,3,3,4),(38.7670769087386,
39.5438206594832,40.5324161759702,41.5210116924573,42.5096072089444,43.4982027254315,
44.4867982419186,45.0502622159182),.UNSPECIFIED.);
#576=B_SPLINE_CURVE_WITH_KNOTS('',3,(#6489,#6490,#6491,#6492,#6493,#6494,
#6495,#6496,#6497,#6498,#6499,#6500,#6501,#6502,#6503,#6504,#6505,#6506,
#6507,#6508,#6509,#6510),.UNSPECIFIED.,.F.,.F.,(4,3,3,3,3,3,3,4),(-41.4849660308434,
-40.5324161759703,-39.5438206594832,-38.5552251429961,-37.566629626509,
-36.5780341100219,-35.5894385935349,-35.2017807236638),.UNSPECIFIED.);
#577=B_SPLINE_CURVE_WITH_KNOTS('',3,(#6515,#6516,#6517,#6518,#6519,#6520,
#6521,#6522,#6523,#6524,#6525,#6526,#6527,#6528,#6529,#6530,#6531,#6532,
#6533,#6534,#6535,#6536,#6537,#6538,#6539),.UNSPECIFIED.,.F.,.F.,(4,3,3,
3,3,3,3,3,4),(32.483891601559,32.6236520440736,33.6122475605607,34.6008430770478,
35.5894385935349,36.5780341100219,37.566629626509,38.5552251429961,38.7670769087386),
 .UNSPECIFIED.);
#578=B_SPLINE_CURVE_WITH_KNOTS('',3,(#6540,#6541,#6542,#6543,#6544,#6545,
#6546,#6547,#6548,#6549,#6550,#6551,#6552,#6553,#6554,#6555,#6556,#6557,
#6558,#6559,#6560,#6561),.UNSPECIFIED.,.F.,.F.,(4,3,3,3,3,3,3,4),(-35.2017807236638,
-34.6008430770478,-33.6122475605607,-32.6236520440736,-31.6350565275865,
-30.6464610110995,-29.6578654946124,-28.9185954164841),.UNSPECIFIED.);
#579=B_SPLINE_CURVE_WITH_KNOTS('',3,(#6566,#6567,#6568,#6569,#6570,#6571,
#6572,#6573,#6574,#6575,#6576,#6577,#6578,#6579,#6580,#6581,#6582,#6583,
#6584,#6585,#6586,#6587),.UNSPECIFIED.,.F.,.F.,(4,3,3,3,3,3,3,4),(26.2007062943794,
26.6920789451511,27.6806744616382,28.6692699781253,29.6578654946124,30.6464610110994,
31.6350565275865,32.483891601559),.UNSPECIFIED.);
#580=B_SPLINE_CURVE_WITH_KNOTS('',3,(#6588,#6589,#6590,#6591,#6592,#6593,
#6594,#6595,#6596,#6597,#6598,#6599,#6600,#6601,#6602,#6603,#6604,#6605,
#6606,#6607,#6608,#6609,#6610,#6611,#6612),.UNSPECIFIED.,.F.,.F.,(4,3,3,
3,3,3,3,3,4),(-28.9185954164841,-28.6692699781253,-27.6806744616382,-26.6920789451511,
-25.7034834286641,-24.714887912177,-23.7262923956899,-22.7376968792028,
-22.6354101093046),.UNSPECIFIED.);
#581=B_SPLINE_CURVE_WITH_KNOTS('',3,(#6617,#6618,#6619,#6620,#6621,#6622,
#6623,#6624,#6625,#6626,#6627,#6628,#6629,#6630,#6631,#6632,#6633,#6634,
#6635,#6636,#6637,#6638),.UNSPECIFIED.,.F.,.F.,(4,3,3,3,3,3,3,4),(19.9175209871998,
20.7605058462287,21.7491013627157,22.7376968792028,23.7262923956899,24.714887912177,
25.7034834286641,26.2007062943794),.UNSPECIFIED.);
#582=B_SPLINE_CURVE_WITH_KNOTS('',3,(#6639,#6640,#6641,#6642,#6643,#6644,
#6645,#6646,#6647,#6648,#6649,#6650,#6651,#6652,#6653,#6654,#6655,#6656,
#6657,#6658,#6659,#6660),.UNSPECIFIED.,.F.,.F.,(4,3,3,3,3,3,3,4),(-22.6354101093046,
-21.7491013627157,-20.7605058462287,-19.7719103297416,-18.7833148132545,
-17.7947192967674,-16.8061237802803,-16.352224802125),.UNSPECIFIED.);
#583=B_SPLINE_CURVE_WITH_KNOTS('',3,(#6665,#6666,#6667,#6668,#6669,#6670,
#6671,#6672,#6673,#6674,#6675,#6676,#6677,#6678,#6679,#6680,#6681,#6682,
#6683,#6684,#6685,#6686,#6687,#6688,#6689),.UNSPECIFIED.,.F.,.F.,(4,3,3,
3,3,3,3,3,4),(13.6343356800202,13.8403372308191,14.8289327473062,15.8175282637933,
16.8061237802803,17.7947192967674,18.7833148132545,19.7719103297416,19.9175209871998),
 .UNSPECIFIED.);
#584=B_SPLINE_CURVE_WITH_KNOTS('',3,(#6690,#6691,#6692,#6693,#6694,#6695,
#6696,#6697,#6698,#6699,#6700,#6701,#6702,#6703,#6704,#6705,#6706,#6707,
#6708,#6709,#6710,#6711),.UNSPECIFIED.,.F.,.F.,(4,3,3,3,3,3,3,4),(-16.352224802125,
-15.8175282637933,-14.8289327473062,-13.8403372308191,-12.851741714332,
-11.8631461978449,-10.8745506813579,-10.0690394949454),.UNSPECIFIED.);
#585=B_SPLINE_CURVE_WITH_KNOTS('',3,(#6717,#6718,#6719,#6720,#6721,#6722,
#6723,#6724,#6725,#6726,#6727,#6728,#6729),.UNSPECIFIED.,.F.,.F.,(4,3,3,
3,4),(-3.78585418776581,-2.96578654946124,-1.97719103297416,-0.988595516487077,
0.),.UNSPECIFIED.);
#586=B_SPLINE_CURVE_WITH_KNOTS('',3,(#6732,#6733,#6734,#6735,#6736,#6737,
#6738,#6739,#6740,#6741,#6742,#6743,#6744,#6745,#6746,#6747,#6748,#6749,
#6750,#6751,#6752,#6753),.UNSPECIFIED.,.F.,.F.,(4,3,3,3,3,3,3,4),(1.7122265998371,
1.97719103297416,2.96578654946124,3.95438206594831,4.9429775824354,5.93157309892248,
6.92016861540956,7.35115037284066),.UNSPECIFIED.);
#587=B_SPLINE_CURVE_WITH_KNOTS('',3,(#6759,#6760,#6761,#6762,#6763,#6764,
#6765,#6766),.UNSPECIFIED.,.F.,.F.,(4,1,1,1,1,4),(84.8230016469244,85.078177300227,
86.0667728167141,87.0553683332011,88.0439638496882,89.0325593661753),
 .UNSPECIFIED.);
#588=B_SPLINE_CURVE_WITH_KNOTS('',3,(#6769,#6770,#6771,#6772,#6773,#6774,
#6775,#6776,#6777,#6778),.UNSPECIFIED.,.F.,.F.,(4,1,1,1,1,1,1,4),(84.8230016469244,
84.8302798728704,85.8188753893575,86.8074709058446,87.7960664223316,88.7846619388187,
89.7732574553058,90.0382218884429),.UNSPECIFIED.);
#589=B_SPLINE_CURVE_WITH_KNOTS('',3,(#6783,#6784,#6785,#6786,#6787,#6788,
#6789,#6790,#6791,#6792),.UNSPECIFIED.,.F.,.F.,(4,1,1,1,1,1,1,4),(78.5398163397448,
79.1466042013045,80.1351997177916,81.1237952342787,82.1123907507657,83.1009862672528,
84.0895817837399,84.8230016469244),.UNSPECIFIED.);
#590=B_SPLINE_CURVE_WITH_KNOTS('',3,(#6793,#6794,#6795,#6796,#6797,#6798,
#6799,#6800,#6801,#6802),.UNSPECIFIED.,.F.,.F.,(4,1,1,1,1,1,1,4),(78.5398163397448,
78.8987067739479,79.887302290435,80.8758978069221,81.8644933234092,82.8530888398963,
83.8416843563833,84.8230016469244),.UNSPECIFIED.);
#591=B_SPLINE_CURVE_WITH_KNOTS('',3,(#6807,#6808,#6809,#6810,#6811,#6812,
#6813,#6814,#6815,#6816),.UNSPECIFIED.,.F.,.F.,(4,1,1,1,1,1,1,4),(72.2566310325652,
73.215031102382,74.2036266188691,75.1922221353562,76.1808176518433,77.1694131683304,
78.1580086848174,78.5398163397448),.UNSPECIFIED.);
#592=B_SPLINE_CURVE_WITH_KNOTS('',3,(#6817,#6818,#6819,#6820,#6821,#6822,
#6823,#6824,#6825,#6826),.UNSPECIFIED.,.F.,.F.,(4,1,1,1,1,1,1,4),(72.2566310325652,
72.9671336750255,73.9557291915125,74.9443247079996,75.9329202244867,76.9215157409738,
77.9101112574609,78.5398163397448),.UNSPECIFIED.);
#593=B_SPLINE_CURVE_WITH_KNOTS('',3,(#6831,#6832,#6833,#6834,#6835,#6836,
#6837,#6838,#6839,#6840,#6841),.UNSPECIFIED.,.F.,.F.,(4,1,1,1,1,1,1,1,4),
(65.9734457253856,66.2948624869725,67.2834580034596,68.2720535199466,69.2606490364337,
70.2492445529208,71.2378400694079,72.226435585895,72.2566310325652),
 .UNSPECIFIED.);
#594=B_SPLINE_CURVE_WITH_KNOTS('',3,(#6842,#6843,#6844,#6845,#6846,#6847,
#6848,#6849,#6850,#6851,#6852),.UNSPECIFIED.,.F.,.F.,(4,1,1,1,1,1,1,1,4),
(65.9734457253856,66.0469650596159,67.035560576103,68.0241560925901,69.0127516090772,
70.0013471255642,70.9899426420513,71.9785381585384,72.2566310325652),
 .UNSPECIFIED.);
#595=B_SPLINE_CURVE_WITH_KNOTS('',3,(#6857,#6858,#6859,#6860,#6861,#6862,
#6863,#6864,#6865,#6866),.UNSPECIFIED.,.F.,.F.,(4,1,1,1,1,1,1,4),(59.690260418206,
60.36328938805,61.3518849045371,62.3404804210242,63.3290759375112,64.3176714539983,
65.3062669704854,65.9734457253856),.UNSPECIFIED.);
#596=B_SPLINE_CURVE_WITH_KNOTS('',3,(#6867,#6868,#6869,#6870,#6871,#6872,
#6873,#6874,#6875,#6876),.UNSPECIFIED.,.F.,.F.,(4,1,1,1,1,1,1,4),(59.690260418206,
60.1153919606934,61.1039874771805,62.0925829936676,63.0811785101547,64.0697740266418,
65.0583695431288,65.9734457253856),.UNSPECIFIED.);
#597=B_SPLINE_CURVE_WITH_KNOTS('',3,(#6881,#6882,#6883,#6884,#6885,#6886,
#6887,#6888,#6889,#6890,#6891),.UNSPECIFIED.,.F.,.F.,(4,1,1,1,1,1,1,1,4),
(53.4070751110264,53.4431207726404,54.4317162891275,55.4203118056146,56.4089073221017,
57.3975028385888,58.3860983550758,59.3746938715629,59.690260418206),
 .UNSPECIFIED.);
#598=B_SPLINE_CURVE_WITH_KNOTS('',3,(#6892,#6893,#6894,#6895,#6896,#6897,
#6898,#6899,#6900,#6901),.UNSPECIFIED.,.F.,.F.,(4,1,1,1,1,1,1,4),(53.4070751110265,
54.183818861771,55.172414378258,56.1610098947451,57.1496054112322,58.1382009277193,
59.1267964442064,59.690260418206),.UNSPECIFIED.);
#599=B_SPLINE_CURVE_WITH_KNOTS('',3,(#6906,#6907,#6908,#6909,#6910,#6911,
#6912,#6913,#6914,#6915),.UNSPECIFIED.,.F.,.F.,(4,1,1,1,1,1,1,4),(47.1238898038469,
47.511547673718,48.500143190205,49.4887387066921,50.4773342231792,51.4659297396663,
52.4545252561534,53.4070751110264),.UNSPECIFIED.);
#600=B_SPLINE_CURVE_WITH_KNOTS('',3,(#6916,#6917,#6918,#6919,#6920,#6921,
#6922,#6923,#6924,#6925,#6926),.UNSPECIFIED.,.F.,.F.,(4,1,1,1,1,1,1,1,4),
(47.1238898038469,47.2636502463614,48.2522457628485,49.2408412793356,50.2294367958227,
51.2180323123097,52.2066278287968,53.1952233452839,53.4070751110265),
 .UNSPECIFIED.);
#601=B_SPLINE_CURVE_WITH_KNOTS('',3,(#6931,#6932,#6933,#6934,#6935,#6936,
#6937,#6938,#6939,#6940),.UNSPECIFIED.,.F.,.F.,(4,1,1,1,1,1,1,4),(40.8407044966673,
41.5799745747955,42.5685700912826,43.5571656077696,44.5457611242567,45.5343566407438,
46.5229521572309,47.1238898038469),.UNSPECIFIED.);
#602=B_SPLINE_CURVE_WITH_KNOTS('',3,(#6941,#6942,#6943,#6944,#6945,#6946,
#6947,#6948,#6949,#6950),.UNSPECIFIED.,.F.,.F.,(4,1,1,1,1,1,1,4),(40.8407044966673,
41.3320771474389,42.320672663926,43.3092681804131,44.2978636969002,45.2864592133873,
46.2750547298743,47.1238898038469),.UNSPECIFIED.);
#603=B_SPLINE_CURVE_WITH_KNOTS('',3,(#6955,#6956,#6957,#6958,#6959,#6960,
#6961,#6962,#6963,#6964,#6965),.UNSPECIFIED.,.F.,.F.,(4,1,1,1,1,1,1,1,4),
(34.5575191894877,34.6598059593859,35.648401475873,36.6369969923601,37.6255925088472,
38.6141880253343,39.6027835418213,40.5913790583084,40.8407044966673),
 .UNSPECIFIED.);
#604=B_SPLINE_CURVE_WITH_KNOTS('',3,(#6966,#6967,#6968,#6969,#6970,#6971,
#6972,#6973,#6974,#6975),.UNSPECIFIED.,.F.,.F.,(4,1,1,1,1,1,1,4),(34.5575191894876,
35.4005040485165,36.3890995650035,37.3776950814906,38.3662905979777,39.3548861144648,
40.3434816309519,40.8407044966673),.UNSPECIFIED.);
#605=B_SPLINE_CURVE_WITH_KNOTS('',3,(#6980,#6981,#6982,#6983,#6984,#6985,
#6986,#6987,#6988,#6989),.UNSPECIFIED.,.F.,.F.,(4,1,1,1,1,1,1,4),(28.2743338823081,
28.7282328604635,29.7168283769505,30.7054238934376,31.6940194099247,32.6826149264118,
33.6712104428989,34.5575191894877),.UNSPECIFIED.);
#606=B_SPLINE_CURVE_WITH_KNOTS('',3,(#6990,#6991,#6992,#6993,#6994,#6995,
#6996,#6997,#6998,#6999,#7000),.UNSPECIFIED.,.F.,.F.,(4,1,1,1,1,1,1,1,4),
(28.2743338823081,28.4803354331069,29.468930949594,30.4575264660811,31.4461219825681,
32.4347174990552,33.4233130155423,34.4119085320294,34.5575191894876),
 .UNSPECIFIED.);
#607=B_SPLINE_CURVE_WITH_KNOTS('',3,(#7005,#7006,#7007,#7008,#7009,#7010,
#7011,#7012,#7013,#7014),.UNSPECIFIED.,.F.,.F.,(4,1,1,1,1,1,1,4),(21.9911485751285,
22.796659761541,23.7852552780281,24.7738507945151,25.7624463110022,26.7510418274893,
27.7396373439764,28.2743338823081),.UNSPECIFIED.);
#608=B_SPLINE_CURVE_WITH_KNOTS('',3,(#7015,#7016,#7017,#7018,#7019,#7020,
#7021,#7022,#7023,#7024),.UNSPECIFIED.,.F.,.F.,(4,1,1,1,1,1,1,4),(21.9911485751285,
22.5487623341844,23.5373578506715,24.5259533671586,25.5145488836457,26.5031444001328,
27.4917399166198,28.2743338823081),.UNSPECIFIED.);
#609=B_SPLINE_CURVE_WITH_KNOTS('',3,(#7030,#7031,#7032,#7033,#7034),
 .UNSPECIFIED.,.F.,.F.,(4,1,4),(14.6399982022878,15.6285937187749,15.7079632679489),
 .UNSPECIFIED.);
#610=B_SPLINE_CURVE_WITH_KNOTS('',3,(#7037,#7038,#7039,#7040,#7041,#7042),
 .UNSPECIFIED.,.F.,.F.,(4,1,1,4),(13.6343356800202,13.8993001131573,14.8878956296444,
15.7079632679489),.UNSPECIFIED.);
#611=B_SPLINE_CURVE_WITH_KNOTS('',3,(#7048,#7049,#7050,#7051),
 .UNSPECIFIED.,.F.,.F.,(4,4),(51.3334475230978,51.9777090572738),
 .UNSPECIFIED.);
#612=B_SPLINE_CURVE_WITH_KNOTS('',3,(#7054,#7055,#7056,#7057,#7058,#7059,
#7060,#7061,#7062,#7063,#7064,#7065,#7066),.UNSPECIFIED.,.F.,.F.,(4,3,3,
3,4),(-50.2654824574367,-49.9785664012248,-48.9789950732003,-47.9794237451758,
-47.7681513380229),.UNSPECIFIED.);
#613=B_SPLINE_CURVE_WITH_KNOTS('',3,(#7071,#7072,#7073,#7074,#7075,#7076,
#7077,#7078,#7079,#7080,#7081,#7082,#7083,#7084,#7085,#7086,#7087,#7088,
#7089,#7090,#7091,#7092),.UNSPECIFIED.,.F.,.F.,(4,3,3,3,3,3,3,4),(45.0502622159182,
45.9802810891269,46.9798524171514,47.9794237451758,48.9789950732003,49.9785664012248,
50.9781377292493,51.3334475230978),.UNSPECIFIED.);
#614=B_SPLINE_CURVE_WITH_KNOTS('',3,(#7093,#7094,#7095,#7096,#7097,#7098,
#7099,#7100,#7101,#7102,#7103,#7104,#7105,#7106,#7107,#7108,#7109,#7110,
#7111,#7112,#7113,#7114),.UNSPECIFIED.,.F.,.F.,(4,3,3,3,3,3,3,4),(-47.7681513380229,
-46.9798524171513,-45.9802810891268,-44.9807097611023,-43.9811384330779,
-42.9815671050534,-41.9819957770289,-41.4849660308433),.UNSPECIFIED.);
#615=B_SPLINE_CURVE_WITH_KNOTS('',3,(#7119,#7120,#7121,#7122,#7123,#7124,
#7125,#7126,#7127,#7128,#7129,#7130,#7131,#7132,#7133,#7134,#7135,#7136,
#7137,#7138,#7139,#7140,#7141,#7142,#7143),.UNSPECIFIED.,.F.,.F.,(4,3,3,
3,3,3,3,3,4),(38.7670769087386,38.9832817929554,39.9828531209799,40.9824244490044,
41.9819957770289,42.9815671050534,43.9811384330779,44.9807097611024,45.0502622159182),
 .UNSPECIFIED.);
#616=B_SPLINE_CURVE_WITH_KNOTS('',3,(#7144,#7145,#7146,#7147,#7148,#7149,
#7150,#7151,#7152,#7153,#7154,#7155,#7156,#7157,#7158,#7159,#7160,#7161,
#7162,#7163,#7164,#7165),.UNSPECIFIED.,.F.,.F.,(4,3,3,3,3,3,3,4),(-41.4849660308433,
-40.9824244490044,-39.9828531209799,-38.9832817929554,-37.9837104649309,
-36.9841391369064,-35.9845678088819,-35.2017807236637),.UNSPECIFIED.);
#617=B_SPLINE_CURVE_WITH_KNOTS('',3,(#7170,#7171,#7172,#7173,#7174,#7175,
#7176,#7177,#7178,#7179,#7180,#7181,#7182,#7183,#7184,#7185,#7186,#7187,
#7188,#7189,#7190,#7191),.UNSPECIFIED.,.F.,.F.,(4,3,3,3,3,3,3,4),(32.483891601559,
32.9858538248084,33.9854251528329,34.9849964808574,35.9845678088819,36.9841391369064,
37.9837104649309,38.7670769087386),.UNSPECIFIED.);
#618=B_SPLINE_CURVE_WITH_KNOTS('',3,(#7192,#7193,#7194,#7195,#7196,#7197,
#7198,#7199,#7200,#7201,#7202,#7203,#7204,#7205,#7206,#7207,#7208,#7209,
#7210,#7211,#7212,#7213,#7214,#7215,#7216),.UNSPECIFIED.,.F.,.F.,(4,3,3,
3,3,3,3,3,4),(-35.2017807236637,-34.9849964808574,-33.9854251528329,-32.9858538248084,
-31.9862824967839,-30.9867111687594,-29.9871398407349,-28.9875685127104,
-28.9185954164841),.UNSPECIFIED.);
#619=B_SPLINE_CURVE_WITH_KNOTS('',3,(#7221,#7222,#7223,#7224,#7225,#7226,
#7227,#7228,#7229,#7230,#7231,#7232,#7233,#7234,#7235,#7236,#7237,#7238,
#7239,#7240,#7241,#7242),.UNSPECIFIED.,.F.,.F.,(4,3,3,3,3,3,3,4),(26.2007062943795,
26.9884258566614,27.9879971846859,28.9875685127104,29.9871398407349,30.9867111687594,
31.9862824967839,32.483891601559),.UNSPECIFIED.);
#620=B_SPLINE_CURVE_WITH_KNOTS('',3,(#7243,#7244,#7245,#7246,#7247,#7248,
#7249,#7250,#7251,#7252,#7253,#7254,#7255,#7256,#7257,#7258,#7259,#7260,
#7261,#7262,#7263,#7264),.UNSPECIFIED.,.F.,.F.,(4,3,3,3,3,3,3,4),(-28.9185954164841,
-27.9879971846859,-26.9884258566614,-25.9888545286369,-24.9892832006124,
-23.9897118725879,-22.9901405445634,-22.6354101093046),.UNSPECIFIED.);
#621=B_SPLINE_CURVE_WITH_KNOTS('',3,(#7269,#7270,#7271,#7272,#7273,#7274,
#7275,#7276,#7277,#7278,#7279,#7280,#7281,#7282,#7283,#7284,#7285,#7286,
#7287,#7288,#7289,#7290,#7291,#7292,#7293),.UNSPECIFIED.,.F.,.F.,(4,3,3,
3,3,3,3,3,4),(19.9175209871999,19.9914265604899,20.9909978885144,21.9905692165389,
22.9901405445634,23.9897118725879,24.9892832006124,25.9888545286369,26.2007062943795),
 .UNSPECIFIED.);
#622=B_SPLINE_CURVE_WITH_KNOTS('',3,(#7294,#7295,#7296,#7297,#7298,#7299,
#7300,#7301,#7302,#7303,#7304,#7305,#7306,#7307,#7308,#7309,#7310,#7311,
#7312,#7313,#7314,#7315),.UNSPECIFIED.,.F.,.F.,(4,3,3,3,3,3,3,4),(-22.6354101093046,
-21.9905692165389,-20.9909978885144,-19.9914265604899,-18.9918552324654,
-17.9922839044409,-16.9927125764164,-16.352224802125),.UNSPECIFIED.);
#623=B_SPLINE_CURVE_WITH_KNOTS('',3,(#7320,#7321,#7322,#7323,#7324,#7325,
#7326,#7327,#7328,#7329,#7330,#7331,#7332,#7333,#7334,#7335,#7336,#7337,
#7338,#7339,#7340,#7341),.UNSPECIFIED.,.F.,.F.,(4,3,3,3,3,3,3,4),(13.6343356800203,
13.993998592343,14.9935699203675,15.993141248392,16.9927125764164,17.9922839044409,
18.9918552324654,19.9175209871999),.UNSPECIFIED.);
#624=B_SPLINE_CURVE_WITH_KNOTS('',3,(#7342,#7343,#7344,#7345,#7346,#7347,
#7348,#7349,#7350,#7351,#7352,#7353,#7354,#7355,#7356,#7357,#7358,#7359,
#7360,#7361,#7362,#7363),.UNSPECIFIED.,.F.,.F.,(4,3,3,3,3,3,3,4),(-16.352224802125,
-15.9931412483919,-14.9935699203674,-13.993998592343,-12.9944272643185,
-11.994855936294,-10.9952846082695,-10.0690394949454),.UNSPECIFIED.);
#625=B_SPLINE_CURVE_WITH_KNOTS('',3,(#7369,#7370,#7371,#7372,#7373,#7374,
#7375,#7376,#7377,#7378,#7379,#7380,#7381),.UNSPECIFIED.,.F.,.F.,(4,3,3,
3,4),(-3.78585418776579,-2.99871398407349,-1.999142656049,-0.999571328024495,
0.),.UNSPECIFIED.);
#626=B_SPLINE_CURVE_WITH_KNOTS('',3,(#7384,#7385,#7386,#7387,#7388,#7389,
#7390,#7391,#7392,#7393,#7394,#7395,#7396,#7397,#7398,#7399,#7400,#7401,
#7402,#7403,#7404,#7405),.UNSPECIFIED.,.F.,.F.,(4,3,3,3,3,3,3,4),(1.7122265998371,
1.99914265604899,2.99871398407349,3.99828531209799,4.99785664012249,5.99742796814698,
6.99699929617148,7.35115037284069),.UNSPECIFIED.);
#627=B_SPLINE_CURVE_WITH_KNOTS('',3,(#7411,#7412,#7413,#7414,#7415,#7416,
#7417,#7418),.UNSPECIFIED.,.F.,.F.,(4,1,1,1,1,4),(59.6902604182061,59.901532825359,
60.9011041533835,61.900675481408,62.9002468094325,63.899818137457),
 .UNSPECIFIED.);
#628=B_SPLINE_CURVE_WITH_KNOTS('',3,(#7421,#7422,#7423,#7424,#7425,#7426,
#7427,#7428,#7429),.UNSPECIFIED.,.F.,.F.,(4,1,1,1,1,1,4),(59.6902604182061,
60.6202792914147,61.6198506194392,62.6194219474637,63.6189932754882,64.6185646035127,
64.9054806597246),.UNSPECIFIED.);
#629=B_SPLINE_CURVE_WITH_KNOTS('',3,(#7434,#7435,#7436,#7437,#7438,#7439,
#7440,#7441,#7442,#7443),.UNSPECIFIED.,.F.,.F.,(4,1,1,1,1,1,1,4),(53.4070751110265,
53.904104857212,54.9036761852365,55.903247513261,56.9028188412855,57.90239016931,
58.9019614973345,59.6902604182061),.UNSPECIFIED.);
#630=B_SPLINE_CURVE_WITH_KNOTS('',3,(#7444,#7445,#7446,#7447,#7448,#7449,
#7450,#7451,#7452,#7453,#7454),.UNSPECIFIED.,.F.,.F.,(4,1,1,1,1,1,1,1,4),
(53.4070751110265,53.6232799952432,54.6228513232677,55.6224226512922,56.6219939793167,
57.6215653073412,58.6211366353657,59.6207079633902,59.6902604182061),
 .UNSPECIFIED.);
#631=B_SPLINE_CURVE_WITH_KNOTS('',3,(#7459,#7460,#7461,#7462,#7463,#7464,
#7465,#7466,#7467,#7468),.UNSPECIFIED.,.F.,.F.,(4,1,1,1,1,1,1,4),(47.1238898038469,
47.906676889065,48.9062482170895,49.905819545114,50.9053908731385,51.904962201163,
52.9045335291875,53.4070751110265),.UNSPECIFIED.);
#632=B_SPLINE_CURVE_WITH_KNOTS('',3,(#7469,#7470,#7471,#7472,#7473,#7474,
#7475,#7476,#7477,#7478),.UNSPECIFIED.,.F.,.F.,(4,1,1,1,1,1,1,4),(47.1238898038469,
47.6258520270962,48.6254233551207,49.6249946831452,50.6245660111697,51.6241373391942,
52.6237086672187,53.4070751110265),.UNSPECIFIED.);
#633=B_SPLINE_CURVE_WITH_KNOTS('',3,(#7483,#7484,#7485,#7486,#7487,#7488,
#7489,#7490,#7491,#7492,#7493),.UNSPECIFIED.,.F.,.F.,(4,1,1,1,1,1,1,1,4),
(40.8407044966673,40.9096775928935,41.909248920918,42.9088202489425,43.908391576967,
44.9079629049915,45.907534233016,46.9071055610405,47.1238898038469),
 .UNSPECIFIED.);
#634=B_SPLINE_CURVE_WITH_KNOTS('',3,(#7494,#7495,#7496,#7497,#7498,#7499,
#7500,#7501,#7502,#7503),.UNSPECIFIED.,.F.,.F.,(4,1,1,1,1,1,1,4),(40.8407044966673,
41.6284240589492,42.6279953869737,43.6275667149982,44.6271380430227,45.6267093710472,
46.6262806990717,47.1238898038469),.UNSPECIFIED.);
#635=B_SPLINE_CURVE_WITH_KNOTS('',3,(#7508,#7509,#7510,#7511,#7512,#7513,
#7514,#7515,#7516,#7517),.UNSPECIFIED.,.F.,.F.,(4,1,1,1,1,1,1,4),(34.5575191894877,
34.9122496247466,35.9118209527711,36.9113922807956,37.9109636088201,38.9105349368446,
39.910106264869,40.8407044966673),.UNSPECIFIED.);
#636=B_SPLINE_CURVE_WITH_KNOTS('',3,(#7518,#7519,#7520,#7521,#7522,#7523,
#7524,#7525,#7526,#7527,#7528),.UNSPECIFIED.,.F.,.F.,(4,1,1,1,1,1,1,1,4),
(34.5575191894877,34.6314247627778,35.6309960908023,36.6305674188268,37.6301387468512,
38.6297100748757,39.6292814029002,40.6288527309247,40.8407044966673),
 .UNSPECIFIED.);
#637=B_SPLINE_CURVE_WITH_KNOTS('',3,(#7533,#7534,#7535,#7536,#7537,#7538,
#7539,#7540,#7541,#7542),.UNSPECIFIED.,.F.,.F.,(4,1,1,1,1,1,1,4),(28.2743338823081,
28.9148216565996,29.9143929846241,30.9139643126486,31.9135356406731,32.9131069686976,
33.9126782967221,34.5575191894877),.UNSPECIFIED.);
#638=B_SPLINE_CURVE_WITH_KNOTS('',3,(#7543,#7544,#7545,#7546,#7547,#7548,
#7549,#7550,#7551,#7552),.UNSPECIFIED.,.F.,.F.,(4,1,1,1,1,1,1,4),(28.2743338823081,
28.6339967946308,29.6335681226553,30.6331394506798,31.6327107787043,32.6322821067288,
33.6318534347533,34.5575191894877),.UNSPECIFIED.);
#639=B_SPLINE_CURVE_WITH_KNOTS('',3,(#7557,#7558,#7559,#7560,#7561,#7562,
#7563,#7564,#7565,#7566),.UNSPECIFIED.,.F.,.F.,(4,1,1,1,1,1,1,4),(21.9911485751285,
22.9173936884526,23.9169650164771,24.9165363445016,25.9161076725261,26.9156790005506,
27.9152503285751,28.2743338823081),.UNSPECIFIED.);
#640=B_SPLINE_CURVE_WITH_KNOTS('',3,(#7567,#7568,#7569,#7570,#7571,#7572,
#7573,#7574,#7575,#7576),.UNSPECIFIED.,.F.,.F.,(4,1,1,1,1,1,1,4),(21.9911485751285,
22.6365688264838,23.6361401545083,24.6357114825328,25.6352828105573,26.6348541385818,
27.6344254666063,28.2743338823081),.UNSPECIFIED.);
#641=B_SPLINE_CURVE_WITH_KNOTS('',3,(#7582,#7583,#7584,#7585,#7586),
 .UNSPECIFIED.,.F.,.F.,(4,1,4),(14.6399982022878,15.6395695303123,15.7079632679489),
 .UNSPECIFIED.);
#642=B_SPLINE_CURVE_WITH_KNOTS('',3,(#7589,#7590,#7591,#7592,#7593,#7594),
 .UNSPECIFIED.,.F.,.F.,(4,1,1,4),(13.6343356800202,13.9212517362321,14.9208230642566,
15.7079632679489),.UNSPECIFIED.);
#643=B_SPLINE_CURVE_WITH_KNOTS('',3,(#7729,#7730,#7731,#7732,#7733,#7734,
#7735,#7736,#7737,#7738,#7739),.UNSPECIFIED.,.F.,.F.,(4,1,1,1,1,1,1,1,4),
(15.7079632679489,15.9203943922811,16.9199657203056,17.9195370483301,18.9191083763546,
19.9186797043791,20.9182510324036,21.9178223604281,21.9911485751285),
 .UNSPECIFIED.);
#644=B_SPLINE_CURVE_WITH_KNOTS('',3,(#7740,#7741,#7742,#7743,#7744,#7745,
#7746,#7747,#7748,#7749),.UNSPECIFIED.,.F.,.F.,(4,1,1,1,1,1,1,4),(15.7079632679489,
16.6391408583368,17.6387121863613,18.6382835143858,19.6378548424103,20.6374261704348,
21.6369974984593,21.9911485751285),.UNSPECIFIED.);
#645=B_SPLINE_CURVE_WITH_KNOTS('',3,(#7970,#7971,#7972,#7973,#7974,#7975,
#7976,#7977,#7978,#7979,#7980,#7981,#7982,#7983,#7984,#7985,#7986,#7987,
#7988,#7989,#7990,#7991,#7992,#7993,#7994,#7995,#7996,#7997,#7998,#7999,
#8000,#8001,#8002,#8003,#8004,#8005,#8006,#8007,#8008,#8009),
 .UNSPECIFIED.,.F.,.F.,(4,3,3,3,3,3,3,3,3,3,3,3,3,4),(-0.326867331054354,
-0.293243742068028,-0.271466845838009,-0.247542851813201,-0.221188038953009,
-0.200502079916584,-0.164182783752644,-0.140734747223805,-0.128543592284987,
-0.0964076942137401,-0.0691699694689608,-0.0509957806553241,-0.00658899049129024,
0.),.UNSPECIFIED.);
#646=B_SPLINE_CURVE_WITH_KNOTS('',3,(#8010,#8011,#8012,#8013,#8014,#8015,
#8016,#8017,#8018,#8019,#8020,#8021,#8022,#8023,#8024,#8025,#8026,#8027,
#8028,#8029,#8030,#8031,#8032,#8033,#8034,#8035,#8036,#8037,#8038,#8039,
#8040,#8041,#8042,#8043,#8044,#8045,#8046),.UNSPECIFIED.,.F.,.F.,(4,3,3,
3,3,3,3,3,3,3,3,3,4),(0.,0.0433552460360852,0.0637708711681357,0.0790172848765164,
0.118723032299895,0.137717756702262,0.155445564381472,0.183330585184304,
0.212954466107818,0.231134648693342,0.262965678427629,0.284031568555714,
0.326867331054375),.UNSPECIFIED.);
#647=B_SPLINE_CURVE_WITH_KNOTS('',3,(#8047,#8048,#8049,#8050,#8051,#8052,
#8053,#8054,#8055,#8056,#8057,#8058,#8059,#8060,#8061,#8062,#8063,#8064,
#8065,#8066,#8067,#8068,#8069,#8070,#8071),.UNSPECIFIED.,.F.,.F.,(4,3,3,
3,3,3,3,3,4),(-10.0690394949454,-9.99571328024497,-8.99614195222047,-7.99657062419598,
-6.99699929617148,-5.99742796814698,-4.99785664012249,-3.99828531209799,
-3.78585418776579),.UNSPECIFIED.);
#648=B_SPLINE_CURVE_WITH_KNOTS('',3,(#8292,#8293,#8294,#8295,#8296,#8297,
#8298,#8299,#8300,#8301,#8302,#8303,#8304,#8305,#8306,#8307,#8308,#8309,
#8310,#8311,#8312,#8313,#8314,#8315,#8316,#8317,#8318,#8319,#8320,#8321,
#8322,#8323,#8324,#8325,#8326,#8327,#8328),.UNSPECIFIED.,.F.,.F.,(4,3,3,
3,3,3,3,3,3,3,3,3,4),(-0.328226035497132,-0.292954621486501,-0.265037544658938,
-0.229701905398584,-0.210262182879522,-0.173520556518252,-0.156222986679851,
-0.144324254073838,-0.107162579797693,-0.0857534654559193,-0.0671395467335961,
-0.0161479549042766,0.),.UNSPECIFIED.);
#649=B_SPLINE_CURVE_WITH_KNOTS('',3,(#8329,#8330,#8331,#8332,#8333,#8334,
#8335,#8336,#8337,#8338,#8339,#8340,#8341,#8342,#8343,#8344,#8345,#8346,
#8347,#8348,#8349,#8350),.UNSPECIFIED.,.F.,.F.,(4,3,3,3,3,3,3,4),(7.35115037284069,
7.99657062419598,8.99614195222047,9.99571328024497,10.9952846082695,11.994855936294,
12.9944272643185,13.6343356800203),.UNSPECIFIED.);
#650=B_SPLINE_CURVE_WITH_KNOTS('',3,(#8351,#8352,#8353,#8354,#8355,#8356,
#8357,#8358,#8359,#8360,#8361,#8362,#8363,#8364,#8365,#8366,#8367,#8368,
#8369,#8370,#8371,#8372,#8373,#8374,#8375,#8376,#8377,#8378,#8379,#8380,
#8381,#8382,#8383,#8384,#8385,#8386,#8387),.UNSPECIFIED.,.F.,.F.,(4,3,3,
3,3,3,3,3,3,3,3,3,4),(0.,0.0498369004648972,0.0786819023756885,0.0970040992695197,
0.127502937708586,0.148960809423881,0.167140120683865,0.199347601859589,
0.223404367073809,0.242127801529288,0.275319637403395,0.293547161480071,
0.328226035497151),.UNSPECIFIED.);
#651=B_SPLINE_CURVE_WITH_KNOTS('',3,(#8391,#8392,#8393,#8394,#8395,#8396,
#8397,#8398,#8399,#8400,#8401),.UNSPECIFIED.,.F.,.F.,(4,1,1,1,1,1,1,1,4),
(15.7079632679489,15.8764911461314,16.8650866626185,17.8536821791056,18.8422776955927,
19.8308732120797,20.8194687285668,21.8080642450539,21.9911485751285),
 .UNSPECIFIED.);
#652=B_SPLINE_CURVE_WITH_KNOTS('',3,(#8402,#8403,#8404,#8405,#8406,#8407,
#8408,#8409,#8410,#8411),.UNSPECIFIED.,.F.,.F.,(4,1,1,1,1,1,1,4),(15.7079632679489,
16.617189235262,17.605784751749,18.5943802682361,19.5829757847232,20.5715713012103,
21.5601668176974,21.9911485751285),.UNSPECIFIED.);
#653=B_SPLINE_CURVE_WITH_KNOTS('',3,(#8736,#8737,#8738,#8739,#8740,#8741,
#8742,#8743,#8744,#8745,#8746,#8747,#8748,#8749,#8750,#8751,#8752,#8753,
#8754,#8755,#8756,#8757,#8758,#8759,#8760,#8761,#8762,#8763,#8764,#8765,
#8766,#8767,#8768,#8769,#8770,#8771,#8772,#8773,#8774,#8775),
 .UNSPECIFIED.,.F.,.F.,(4,3,3,3,3,3,3,3,3,3,3,3,3,4),(-0.326867331054347,
-0.293524866322197,-0.271026044861211,-0.248683418790704,-0.215267713821534,
-0.194781063446687,-0.160763690328724,-0.141313970429864,-0.130605552746834,
-0.0979541645601257,-0.0690765870053968,-0.0509776013978297,-0.00663806835389479,
0.),.UNSPECIFIED.);
#654=B_SPLINE_CURVE_WITH_KNOTS('',3,(#8776,#8777,#8778,#8779,#8780,#8781,
#8782,#8783,#8784,#8785,#8786,#8787,#8788,#8789,#8790,#8791,#8792,#8793,
#8794,#8795,#8796,#8797,#8798,#8799,#8800,#8801,#8802,#8803,#8804,#8805,
#8806,#8807,#8808,#8809,#8810,#8811,#8812),.UNSPECIFIED.,.F.,.F.,(4,3,3,
3,3,3,3,3,3,3,3,3,4),(0.,0.0433505256120274,0.063857574377142,0.0791084493921292,
0.117703381008942,0.136799774139063,0.156179081637488,0.181198998277925,
0.211559752212468,0.231944992830267,0.264594184716223,0.283588417073608,
0.326867331054363),.UNSPECIFIED.);
#655=B_SPLINE_CURVE_WITH_KNOTS('',3,(#8813,#8814,#8815,#8816,#8817,#8818,
#8819,#8820,#8821,#8822,#8823,#8824,#8825,#8826,#8827,#8828,#8829,#8830,
#8831,#8832,#8833,#8834,#8835,#8836,#8837),.UNSPECIFIED.,.F.,.F.,(4,3,3,
3,3,3,3,3,4),(-10.0690394949454,-9.88595516487079,-8.89735964838371,-7.90876413189663,
-6.92016861540955,-5.93157309892248,-4.9429775824354,-3.95438206594832,
-3.78585418776581),.UNSPECIFIED.);
#656=B_SPLINE_CURVE_WITH_KNOTS('',3,(#9162,#9163,#9164,#9165,#9166,#9167,
#9168,#9169,#9170,#9171,#9172,#9173,#9174,#9175,#9176,#9177,#9178,#9179,
#9180,#9181,#9182,#9183,#9184,#9185,#9186,#9187,#9188,#9189,#9190,#9191,
#9192,#9193,#9194,#9195,#9196,#9197,#9198),.UNSPECIFIED.,.F.,.F.,(4,3,3,
3,3,3,3,3,3,3,3,3,4),(-0.328226035497153,-0.292664737599627,-0.265033450549664,
-0.231423590675773,-0.213300292453529,-0.177139664972963,-0.156431490788316,
-0.146459610824365,-0.109337427793058,-0.0854231563709144,-0.0670084529144026,
-0.0160047142235906,0.),.UNSPECIFIED.);
#657=B_SPLINE_CURVE_WITH_KNOTS('',3,(#9199,#9200,#9201,#9202,#9203,#9204,
#9205,#9206,#9207,#9208,#9209,#9210,#9211,#9212,#9213,#9214,#9215,#9216,
#9217,#9218,#9219,#9220),.UNSPECIFIED.,.F.,.F.,(4,3,3,3,3,3,3,4),(7.35115037284066,
7.90876413189663,8.89735964838371,9.88595516487079,10.8745506813579,11.863146197845,
12.851741714332,13.6343356800202),.UNSPECIFIED.);
#658=B_SPLINE_CURVE_WITH_KNOTS('',3,(#9221,#9222,#9223,#9224,#9225,#9226,
#9227,#9228,#9229,#9230,#9231,#9232,#9233,#9234,#9235,#9236,#9237,#9238,
#9239,#9240,#9241,#9242,#9243,#9244,#9245,#9246,#9247,#9248,#9249,#9250,
#9251,#9252,#9253,#9254),.UNSPECIFIED.,.F.,.F.,(4,3,3,3,3,3,3,3,3,3,3,4),
(0.,0.0493179457871054,0.0761590613203083,0.0930103563418211,0.141706242055967,
0.167775801416657,0.197271783148422,0.224977846069713,0.242419559232657,
0.276051208580676,0.2956188592861,0.328226035497156),.UNSPECIFIED.);
#659=LINE('',#3586,#801);
#660=LINE('',#3610,#802);
#661=LINE('',#3658,#803);
#662=LINE('',#3709,#804);
#663=LINE('',#3760,#805);
#664=LINE('',#3808,#806);
#665=LINE('',#3859,#807);
#666=LINE('',#3907,#808);
#667=LINE('',#3949,#809);
#668=LINE('',#3973,#810);
#669=LINE('',#3998,#811);
#670=LINE('',#4022,#812);
#671=LINE('',#4047,#813);
#672=LINE('',#4072,#814);
#673=LINE('',#4096,#815);
#674=LINE('',#4120,#816);
#675=LINE('',#4138,#817);
#676=LINE('',#4162,#818);
#677=LINE('',#4210,#819);
#678=LINE('',#4261,#820);
#679=LINE('',#4312,#821);
#680=LINE('',#4360,#822);
#681=LINE('',#4411,#823);
#682=LINE('',#4459,#824);
#683=LINE('',#4501,#825);
#684=LINE('',#4525,#826);
#685=LINE('',#4550,#827);
#686=LINE('',#4574,#828);
#687=LINE('',#4599,#829);
#688=LINE('',#4624,#830);
#689=LINE('',#4648,#831);
#690=LINE('',#4672,#832);
#691=LINE('',#6015,#833);
#692=LINE('',#6022,#834);
#693=LINE('',#6025,#835);
#694=LINE('',#6029,#836);
#695=LINE('',#6033,#837);
#696=LINE('',#6056,#838);
#697=LINE('',#6057,#839);
#698=LINE('',#6066,#840);
#699=LINE('',#6068,#841);
#700=LINE('',#6091,#842);
#701=LINE('',#6092,#843);
#702=LINE('',#6103,#844);
#703=LINE('',#6104,#845);
#704=LINE('',#6115,#846);
#705=LINE('',#6116,#847);
#706=LINE('',#6127,#848);
#707=LINE('',#6128,#849);
#708=LINE('',#6136,#850);
#709=LINE('',#6137,#851);
#710=LINE('',#6143,#852);
#711=LINE('',#6146,#853);
#712=LINE('',#6149,#854);
#713=LINE('',#6150,#855);
#714=LINE('',#6153,#856);
#715=LINE('',#6154,#857);
#716=LINE('',#6157,#858);
#717=LINE('',#6161,#859);
#718=LINE('',#6162,#860);
#719=LINE('',#6164,#861);
#720=LINE('',#6166,#862);
#721=LINE('',#6167,#863);
#722=LINE('',#6169,#864);
#723=LINE('',#6173,#865);
#724=LINE('',#6176,#866);
#725=LINE('',#6178,#867);
#726=LINE('',#6182,#868);
#727=LINE('',#6185,#869);
#728=LINE('',#6190,#870);
#729=LINE('',#6214,#871);
#730=LINE('',#6265,#872);
#731=LINE('',#6313,#873);
#732=LINE('',#6364,#874);
#733=LINE('',#6415,#875);
#734=LINE('',#6466,#876);
#735=LINE('',#6514,#877);
#736=LINE('',#6565,#878);
#737=LINE('',#6616,#879);
#738=LINE('',#6664,#880);
#739=LINE('',#6715,#881);
#740=LINE('',#6757,#882);
#741=LINE('',#6782,#883);
#742=LINE('',#6806,#884);
#743=LINE('',#6830,#885);
#744=LINE('',#6856,#886);
#745=LINE('',#6880,#887);
#746=LINE('',#6905,#888);
#747=LINE('',#6930,#889);
#748=LINE('',#6954,#890);
#749=LINE('',#6979,#891);
#750=LINE('',#7004,#892);
#751=LINE('',#7028,#893);
#752=LINE('',#7046,#894);
#753=LINE('',#7070,#895);
#754=LINE('',#7118,#896);
#755=LINE('',#7169,#897);
#756=LINE('',#7220,#898);
#757=LINE('',#7268,#899);
#758=LINE('',#7319,#900);
#759=LINE('',#7367,#901);
#760=LINE('',#7409,#902);
#761=LINE('',#7433,#903);
#762=LINE('',#7458,#904);
#763=LINE('',#7482,#905);
#764=LINE('',#7507,#906);
#765=LINE('',#7532,#907);
#766=LINE('',#7556,#908);
#767=LINE('',#7580,#909);
#768=LINE('',#7600,#910);
#769=LINE('',#7603,#911);
#770=LINE('',#7614,#912);
#771=LINE('',#7615,#913);
#772=LINE('',#7626,#914);
#773=LINE('',#7627,#915);
#774=LINE('',#7638,#916);
#775=LINE('',#7639,#917);
#776=LINE('',#7650,#918);
#777=LINE('',#7651,#919);
#778=LINE('',#7662,#920);
#779=LINE('',#7663,#921);
#780=LINE('',#7674,#922);
#781=LINE('',#7675,#923);
#782=LINE('',#7686,#924);
#783=LINE('',#7687,#925);
#784=LINE('',#7692,#926);
#785=LINE('',#7693,#927);
#786=LINE('',#7695,#928);
#787=LINE('',#7697,#929);
#788=LINE('',#7701,#930);
#789=LINE('',#7704,#931);
#790=LINE('',#7707,#932);
#791=LINE('',#7708,#933);
#792=LINE('',#7713,#934);
#793=LINE('',#7717,#935);
#794=LINE('',#7718,#936);
#795=LINE('',#7722,#937);
#796=LINE('',#7724,#938);
#797=LINE('',#7725,#939);
#798=LINE('',#9258,#940);
#799=LINE('',#9261,#941);
#800=LINE('',#9264,#942);
#801=VECTOR('',#2964,0.0675);
#802=VECTOR('',#2969,0.0675);
#803=VECTOR('',#2972,0.0675);
#804=VECTOR('',#2975,0.0675);
#805=VECTOR('',#2978,0.0675);
#806=VECTOR('',#2981,0.0675);
#807=VECTOR('',#2984,0.0675);
#808=VECTOR('',#2987,0.0675);
#809=VECTOR('',#2992,0.0820000000000001);
#810=VECTOR('',#2997,0.0820000000000001);
#811=VECTOR('',#3000,0.0820000000000001);
#812=VECTOR('',#3003,0.0820000000000001);
#813=VECTOR('',#3006,0.0820000000000001);
#814=VECTOR('',#3009,0.0820000000000001);
#815=VECTOR('',#3012,0.0820000000000001);
#816=VECTOR('',#3015,0.0820000000000001);
#817=VECTOR('',#3020,0.0675);
#818=VECTOR('',#3025,0.0675);
#819=VECTOR('',#3028,0.0675);
#820=VECTOR('',#3031,0.0675);
#821=VECTOR('',#3034,0.0675);
#822=VECTOR('',#3037,0.0675);
#823=VECTOR('',#3040,0.0675);
#824=VECTOR('',#3043,0.0675);
#825=VECTOR('',#3048,0.0820000000000001);
#826=VECTOR('',#3053,0.0820000000000001);
#827=VECTOR('',#3056,0.0820000000000001);
#828=VECTOR('',#3059,0.0820000000000001);
#829=VECTOR('',#3062,0.0820000000000001);
#830=VECTOR('',#3065,0.0820000000000001);
#831=VECTOR('',#3068,0.0820000000000001);
#832=VECTOR('',#3071,0.0820000000000001);
#833=VECTOR('',#3090,0.0825000000000002);
#834=VECTOR('',#3097,0.393700787401575);
#835=VECTOR('',#3100,0.393700787401575);
#836=VECTOR('',#3103,0.393700787401575);
#837=VECTOR('',#3106,0.393700787401575);
#838=VECTOR('',#3119,0.393700787401575);
#839=VECTOR('',#3120,0.393700787401575);
#840=VECTOR('',#3131,0.393700787401575);
#841=VECTOR('',#3132,0.393700787401575);
#842=VECTOR('',#3145,0.393700787401575);
#843=VECTOR('',#3146,0.393700787401575);
#844=VECTOR('',#3159,0.393700787401575);
#845=VECTOR('',#3160,0.393700787401575);
#846=VECTOR('',#3173,0.393700787401575);
#847=VECTOR('',#3174,0.393700787401575);
#848=VECTOR('',#3187,0.393700787401575);
#849=VECTOR('',#3188,0.393700787401575);
#850=VECTOR('',#3199,0.393700787401575);
#851=VECTOR('',#3200,0.393700787401575);
#852=VECTOR('',#3209,0.393700787401575);
#853=VECTOR('',#3212,0.393700787401575);
#854=VECTOR('',#3215,0.393700787401575);
#855=VECTOR('',#3216,0.393700787401575);
#856=VECTOR('',#3219,0.393700787401575);
#857=VECTOR('',#3220,0.393700787401575);
#858=VECTOR('',#3223,0.393700787401575);
#859=VECTOR('',#3228,0.393700787401575);
#860=VECTOR('',#3229,0.393700787401575);
#861=VECTOR('',#3232,0.393700787401575);
#862=VECTOR('',#3235,0.393700787401575);
#863=VECTOR('',#3236,0.393700787401575);
#864=VECTOR('',#3239,0.393700787401575);
#865=VECTOR('',#3244,0.393700787401575);
#866=VECTOR('',#3247,0.393700787401575);
#867=VECTOR('',#3250,0.393700787401575);
#868=VECTOR('',#3255,0.393700787401575);
#869=VECTOR('',#3260,0.393700787401575);
#870=VECTOR('',#3265,0.0675);
#871=VECTOR('',#3270,0.0675);
#872=VECTOR('',#3273,0.0675);
#873=VECTOR('',#3276,0.0675);
#874=VECTOR('',#3279,0.0675);
#875=VECTOR('',#3282,0.0675);
#876=VECTOR('',#3285,0.0675);
#877=VECTOR('',#3288,0.0675);
#878=VECTOR('',#3291,0.0675);
#879=VECTOR('',#3294,0.0675);
#880=VECTOR('',#3297,0.0675);
#881=VECTOR('',#3300,0.0675);
#882=VECTOR('',#3305,0.082);
#883=VECTOR('',#3310,0.082);
#884=VECTOR('',#3313,0.082);
#885=VECTOR('',#3316,0.082);
#886=VECTOR('',#3319,0.082);
#887=VECTOR('',#3322,0.082);
#888=VECTOR('',#3325,0.082);
#889=VECTOR('',#3328,0.082);
#890=VECTOR('',#3331,0.082);
#891=VECTOR('',#3334,0.082);
#892=VECTOR('',#3337,0.082);
#893=VECTOR('',#3340,0.082);
#894=VECTOR('',#3345,0.0675);
#895=VECTOR('',#3350,0.0675);
#896=VECTOR('',#3353,0.0675);
#897=VECTOR('',#3356,0.0675);
#898=VECTOR('',#3359,0.0675);
#899=VECTOR('',#3362,0.0675);
#900=VECTOR('',#3365,0.0675);
#901=VECTOR('',#3368,0.0675);
#902=VECTOR('',#3373,0.082);
#903=VECTOR('',#3378,0.082);
#904=VECTOR('',#3381,0.082);
#905=VECTOR('',#3384,0.082);
#906=VECTOR('',#3387,0.082);
#907=VECTOR('',#3390,0.082);
#908=VECTOR('',#3393,0.082);
#909=VECTOR('',#3396,0.082);
#910=VECTOR('',#3403,0.393700787401575);
#911=VECTOR('',#3406,0.393700787401575);
#912=VECTOR('',#3419,0.393700787401575);
#913=VECTOR('',#3420,0.393700787401575);
#914=VECTOR('',#3433,0.393700787401575);
#915=VECTOR('',#3434,0.393700787401575);
#916=VECTOR('',#3447,0.393700787401575);
#917=VECTOR('',#3448,0.393700787401575);
#918=VECTOR('',#3461,0.393700787401575);
#919=VECTOR('',#3462,0.393700787401575);
#920=VECTOR('',#3475,0.393700787401575);
#921=VECTOR('',#3476,0.393700787401575);
#922=VECTOR('',#3489,0.393700787401575);
#923=VECTOR('',#3490,0.393700787401575);
#924=VECTOR('',#3503,0.393700787401575);
#925=VECTOR('',#3504,0.393700787401575);
#926=VECTOR('',#3513,0.393700787401575);
#927=VECTOR('',#3514,0.393700787401575);
#928=VECTOR('',#3517,0.393700787401575);
#929=VECTOR('',#3520,0.393700787401575);
#930=VECTOR('',#3525,0.393700787401575);
#931=VECTOR('',#3528,0.393700787401575);
#932=VECTOR('',#3531,0.393700787401575);
#933=VECTOR('',#3532,0.393700787401575);
#934=VECTOR('',#3537,0.393700787401575);
#935=VECTOR('',#3542,0.393700787401575);
#936=VECTOR('',#3543,0.393700787401575);
#937=VECTOR('',#3548,0.393700787401575);
#938=VECTOR('',#3549,0.393700787401575);
#939=VECTOR('',#3550,0.393700787401575);
#940=VECTOR('',#3567,0.0825);
#941=VECTOR('',#3570,0.393700787401575);
#942=VECTOR('',#3575,0.393700787401575);
#943=VERTEX_POINT('',#3584);
#944=VERTEX_POINT('',#3585);
#945=VERTEX_POINT('',#3587);
#946=VERTEX_POINT('',#3592);
#947=VERTEX_POINT('',#3608);
#948=VERTEX_POINT('',#3609);
#949=VERTEX_POINT('',#3656);
#950=VERTEX_POINT('',#3657);
#951=VERTEX_POINT('',#3707);
#952=VERTEX_POINT('',#3708);
#953=VERTEX_POINT('',#3758);
#954=VERTEX_POINT('',#3759);
#955=VERTEX_POINT('',#3806);
#956=VERTEX_POINT('',#3807);
#957=VERTEX_POINT('',#3857);
#958=VERTEX_POINT('',#3858);
#959=VERTEX_POINT('',#3905);
#960=VERTEX_POINT('',#3906);
#961=VERTEX_POINT('',#3908);
#962=VERTEX_POINT('',#3922);
#963=VERTEX_POINT('',#3947);
#964=VERTEX_POINT('',#3948);
#965=VERTEX_POINT('',#3950);
#966=VERTEX_POINT('',#3959);
#967=VERTEX_POINT('',#3971);
#968=VERTEX_POINT('',#3972);
#969=VERTEX_POINT('',#3996);
#970=VERTEX_POINT('',#3997);
#971=VERTEX_POINT('',#4020);
#972=VERTEX_POINT('',#4021);
#973=VERTEX_POINT('',#4045);
#974=VERTEX_POINT('',#4046);
#975=VERTEX_POINT('',#4070);
#976=VERTEX_POINT('',#4071);
#977=VERTEX_POINT('',#4094);
#978=VERTEX_POINT('',#4095);
#979=VERTEX_POINT('',#4118);
#980=VERTEX_POINT('',#4119);
#981=VERTEX_POINT('',#4121);
#982=VERTEX_POINT('',#4127);
#983=VERTEX_POINT('',#4136);
#984=VERTEX_POINT('',#4137);
#985=VERTEX_POINT('',#4139);
#986=VERTEX_POINT('',#4144);
#987=VERTEX_POINT('',#4160);
#988=VERTEX_POINT('',#4161);
#989=VERTEX_POINT('',#4208);
#990=VERTEX_POINT('',#4209);
#991=VERTEX_POINT('',#4259);
#992=VERTEX_POINT('',#4260);
#993=VERTEX_POINT('',#4310);
#994=VERTEX_POINT('',#4311);
#995=VERTEX_POINT('',#4358);
#996=VERTEX_POINT('',#4359);
#997=VERTEX_POINT('',#4409);
#998=VERTEX_POINT('',#4410);
#999=VERTEX_POINT('',#4457);
#1000=VERTEX_POINT('',#4458);
#1001=VERTEX_POINT('',#4460);
#1002=VERTEX_POINT('',#4474);
#1003=VERTEX_POINT('',#4499);
#1004=VERTEX_POINT('',#4500);
#1005=VERTEX_POINT('',#4502);
#1006=VERTEX_POINT('',#4511);
#1007=VERTEX_POINT('',#4523);
#1008=VERTEX_POINT('',#4524);
#1009=VERTEX_POINT('',#4548);
#1010=VERTEX_POINT('',#4549);
#1011=VERTEX_POINT('',#4572);
#1012=VERTEX_POINT('',#4573);
#1013=VERTEX_POINT('',#4597);
#1014=VERTEX_POINT('',#4598);
#1015=VERTEX_POINT('',#4622);
#1016=VERTEX_POINT('',#4623);
#1017=VERTEX_POINT('',#4646);
#1018=VERTEX_POINT('',#4647);
#1019=VERTEX_POINT('',#4670);
#1020=VERTEX_POINT('',#4671);
#1021=VERTEX_POINT('',#4673);
#1022=VERTEX_POINT('',#4679);
#1023=VERTEX_POINT('',#6012);
#1024=VERTEX_POINT('',#6014);
#1025=VERTEX_POINT('',#6018);
#1026=VERTEX_POINT('',#6019);
#1027=VERTEX_POINT('',#6021);
#1028=VERTEX_POINT('',#6023);
#1029=VERTEX_POINT('',#6027);
#1030=VERTEX_POINT('',#6028);
#1031=VERTEX_POINT('',#6030);
#1032=VERTEX_POINT('',#6032);
#1033=VERTEX_POINT('',#6047);
#1034=VERTEX_POINT('',#6048);
#1035=VERTEX_POINT('',#6053);
#1036=VERTEX_POINT('',#6054);
#1037=VERTEX_POINT('',#6059);
#1038=VERTEX_POINT('',#6060);
#1039=VERTEX_POINT('',#6065);
#1040=VERTEX_POINT('',#6067);
#1041=VERTEX_POINT('',#6082);
#1042=VERTEX_POINT('',#6084);
#1043=VERTEX_POINT('',#6088);
#1044=VERTEX_POINT('',#6089);
#1045=VERTEX_POINT('',#6094);
#1046=VERTEX_POINT('',#6095);
#1047=VERTEX_POINT('',#6100);
#1048=VERTEX_POINT('',#6101);
#1049=VERTEX_POINT('',#6106);
#1050=VERTEX_POINT('',#6107);
#1051=VERTEX_POINT('',#6112);
#1052=VERTEX_POINT('',#6113);
#1053=VERTEX_POINT('',#6118);
#1054=VERTEX_POINT('',#6119);
#1055=VERTEX_POINT('',#6124);
#1056=VERTEX_POINT('',#6125);
#1057=VERTEX_POINT('',#6130);
#1058=VERTEX_POINT('',#6131);
#1059=VERTEX_POINT('',#6142);
#1060=VERTEX_POINT('',#6144);
#1061=VERTEX_POINT('',#6148);
#1062=VERTEX_POINT('',#6152);
#1063=VERTEX_POINT('',#6156);
#1064=VERTEX_POINT('',#6160);
#1065=VERTEX_POINT('',#6172);
#1066=VERTEX_POINT('',#6174);
#1067=VERTEX_POINT('',#6181);
#1068=VERTEX_POINT('',#6188);
#1069=VERTEX_POINT('',#6189);
#1070=VERTEX_POINT('',#6191);
#1071=VERTEX_POINT('',#6196);
#1072=VERTEX_POINT('',#6212);
#1073=VERTEX_POINT('',#6213);
#1074=VERTEX_POINT('',#6263);
#1075=VERTEX_POINT('',#6264);
#1076=VERTEX_POINT('',#6311);
#1077=VERTEX_POINT('',#6312);
#1078=VERTEX_POINT('',#6362);
#1079=VERTEX_POINT('',#6363);
#1080=VERTEX_POINT('',#6413);
#1081=VERTEX_POINT('',#6414);
#1082=VERTEX_POINT('',#6464);
#1083=VERTEX_POINT('',#6465);
#1084=VERTEX_POINT('',#6512);
#1085=VERTEX_POINT('',#6513);
#1086=VERTEX_POINT('',#6563);
#1087=VERTEX_POINT('',#6564);
#1088=VERTEX_POINT('',#6614);
#1089=VERTEX_POINT('',#6615);
#1090=VERTEX_POINT('',#6662);
#1091=VERTEX_POINT('',#6663);
#1092=VERTEX_POINT('',#6713);
#1093=VERTEX_POINT('',#6714);
#1094=VERTEX_POINT('',#6716);
#1095=VERTEX_POINT('',#6730);
#1096=VERTEX_POINT('',#6755);
#1097=VERTEX_POINT('',#6756);
#1098=VERTEX_POINT('',#6758);
#1099=VERTEX_POINT('',#6767);
#1100=VERTEX_POINT('',#6780);
#1101=VERTEX_POINT('',#6781);
#1102=VERTEX_POINT('',#6804);
#1103=VERTEX_POINT('',#6805);
#1104=VERTEX_POINT('',#6828);
#1105=VERTEX_POINT('',#6829);
#1106=VERTEX_POINT('',#6854);
#1107=VERTEX_POINT('',#6855);
#1108=VERTEX_POINT('',#6878);
#1109=VERTEX_POINT('',#6879);
#1110=VERTEX_POINT('',#6903);
#1111=VERTEX_POINT('',#6904);
#1112=VERTEX_POINT('',#6928);
#1113=VERTEX_POINT('',#6929);
#1114=VERTEX_POINT('',#6952);
#1115=VERTEX_POINT('',#6953);
#1116=VERTEX_POINT('',#6977);
#1117=VERTEX_POINT('',#6978);
#1118=VERTEX_POINT('',#7002);
#1119=VERTEX_POINT('',#7003);
#1120=VERTEX_POINT('',#7026);
#1121=VERTEX_POINT('',#7027);
#1122=VERTEX_POINT('',#7029);
#1123=VERTEX_POINT('',#7035);
#1124=VERTEX_POINT('',#7044);
#1125=VERTEX_POINT('',#7045);
#1126=VERTEX_POINT('',#7047);
#1127=VERTEX_POINT('',#7052);
#1128=VERTEX_POINT('',#7068);
#1129=VERTEX_POINT('',#7069);
#1130=VERTEX_POINT('',#7116);
#1131=VERTEX_POINT('',#7117);
#1132=VERTEX_POINT('',#7167);
#1133=VERTEX_POINT('',#7168);
#1134=VERTEX_POINT('',#7218);
#1135=VERTEX_POINT('',#7219);
#1136=VERTEX_POINT('',#7266);
#1137=VERTEX_POINT('',#7267);
#1138=VERTEX_POINT('',#7317);
#1139=VERTEX_POINT('',#7318);
#1140=VERTEX_POINT('',#7365);
#1141=VERTEX_POINT('',#7366);
#1142=VERTEX_POINT('',#7368);
#1143=VERTEX_POINT('',#7382);
#1144=VERTEX_POINT('',#7407);
#1145=VERTEX_POINT('',#7408);
#1146=VERTEX_POINT('',#7410);
#1147=VERTEX_POINT('',#7419);
#1148=VERTEX_POINT('',#7431);
#1149=VERTEX_POINT('',#7432);
#1150=VERTEX_POINT('',#7456);
#1151=VERTEX_POINT('',#7457);
#1152=VERTEX_POINT('',#7480);
#1153=VERTEX_POINT('',#7481);
#1154=VERTEX_POINT('',#7505);
#1155=VERTEX_POINT('',#7506);
#1156=VERTEX_POINT('',#7530);
#1157=VERTEX_POINT('',#7531);
#1158=VERTEX_POINT('',#7554);
#1159=VERTEX_POINT('',#7555);
#1160=VERTEX_POINT('',#7578);
#1161=VERTEX_POINT('',#7579);
#1162=VERTEX_POINT('',#7581);
#1163=VERTEX_POINT('',#7587);
#1164=VERTEX_POINT('',#7596);
#1165=VERTEX_POINT('',#7597);
#1166=VERTEX_POINT('',#7599);
#1167=VERTEX_POINT('',#7601);
#1168=VERTEX_POINT('',#7605);
#1169=VERTEX_POINT('',#7606);
#1170=VERTEX_POINT('',#7611);
#1171=VERTEX_POINT('',#7612);
#1172=VERTEX_POINT('',#7617);
#1173=VERTEX_POINT('',#7618);
#1174=VERTEX_POINT('',#7623);
#1175=VERTEX_POINT('',#7624);
#1176=VERTEX_POINT('',#7629);
#1177=VERTEX_POINT('',#7630);
#1178=VERTEX_POINT('',#7635);
#1179=VERTEX_POINT('',#7636);
#1180=VERTEX_POINT('',#7641);
#1181=VERTEX_POINT('',#7642);
#1182=VERTEX_POINT('',#7647);
#1183=VERTEX_POINT('',#7648);
#1184=VERTEX_POINT('',#7653);
#1185=VERTEX_POINT('',#7654);
#1186=VERTEX_POINT('',#7659);
#1187=VERTEX_POINT('',#7660);
#1188=VERTEX_POINT('',#7665);
#1189=VERTEX_POINT('',#7666);
#1190=VERTEX_POINT('',#7671);
#1191=VERTEX_POINT('',#7672);
#1192=VERTEX_POINT('',#7677);
#1193=VERTEX_POINT('',#7678);
#1194=VERTEX_POINT('',#7683);
#1195=VERTEX_POINT('',#7684);
#1196=VERTEX_POINT('',#7700);
#1197=VERTEX_POINT('',#7702);
#1198=VERTEX_POINT('',#7706);
#1199=VERTEX_POINT('',#7709);
#1200=VERTEX_POINT('',#7712);
#1201=VERTEX_POINT('',#7716);
#1202=VERTEX_POINT('',#7721);
#1203=VERTEX_POINT('',#7723);
#1204=VERTEX_POINT('',#7726);
#1205=VERTEX_POINT('',#9260);
#1206=EDGE_CURVE('',#943,#944,#659,.T.);
#1207=EDGE_CURVE('',#944,#945,#481,.T.);
#1208=EDGE_CURVE('',#945,#946,#390,.F.);
#1209=EDGE_CURVE('',#946,#943,#482,.T.);
#1210=EDGE_CURVE('',#947,#948,#660,.T.);
#1211=EDGE_CURVE('',#948,#944,#483,.T.);
#1212=EDGE_CURVE('',#943,#947,#484,.T.);
#1213=EDGE_CURVE('',#949,#950,#661,.T.);
#1214=EDGE_CURVE('',#950,#948,#485,.T.);
#1215=EDGE_CURVE('',#947,#949,#486,.T.);
#1216=EDGE_CURVE('',#951,#952,#662,.T.);
#1217=EDGE_CURVE('',#952,#950,#487,.T.);
#1218=EDGE_CURVE('',#949,#951,#488,.T.);
#1219=EDGE_CURVE('',#953,#954,#663,.T.);
#1220=EDGE_CURVE('',#954,#952,#489,.T.);
#1221=EDGE_CURVE('',#951,#953,#490,.T.);
#1222=EDGE_CURVE('',#955,#956,#664,.T.);
#1223=EDGE_CURVE('',#956,#954,#491,.T.);
#1224=EDGE_CURVE('',#953,#955,#492,.T.);
#1225=EDGE_CURVE('',#957,#958,#665,.T.);
#1226=EDGE_CURVE('',#958,#956,#493,.T.);
#1227=EDGE_CURVE('',#955,#957,#494,.T.);
#1228=EDGE_CURVE('',#959,#960,#666,.T.);
#1229=EDGE_CURVE('',#959,#961,#495,.T.);
#1230=EDGE_CURVE('',#962,#961,#391,.F.);
#1231=EDGE_CURVE('',#962,#960,#496,.T.);
#1232=EDGE_CURVE('',#963,#964,#667,.T.);
#1233=EDGE_CURVE('',#964,#965,#497,.T.);
#1234=EDGE_CURVE('',#966,#965,#392,.T.);
#1235=EDGE_CURVE('',#963,#966,#498,.T.);
#1236=EDGE_CURVE('',#967,#968,#668,.T.);
#1237=EDGE_CURVE('',#968,#964,#499,.T.);
#1238=EDGE_CURVE('',#967,#963,#500,.T.);
#1239=EDGE_CURVE('',#969,#970,#669,.T.);
#1240=EDGE_CURVE('',#970,#968,#501,.T.);
#1241=EDGE_CURVE('',#969,#967,#502,.T.);
#1242=EDGE_CURVE('',#971,#972,#670,.T.);
#1243=EDGE_CURVE('',#972,#970,#503,.T.);
#1244=EDGE_CURVE('',#971,#969,#504,.T.);
#1245=EDGE_CURVE('',#973,#974,#671,.T.);
#1246=EDGE_CURVE('',#974,#972,#505,.T.);
#1247=EDGE_CURVE('',#973,#971,#506,.T.);
#1248=EDGE_CURVE('',#975,#976,#672,.T.);
#1249=EDGE_CURVE('',#976,#974,#507,.T.);
#1250=EDGE_CURVE('',#975,#973,#508,.T.);
#1251=EDGE_CURVE('',#977,#978,#673,.T.);
#1252=EDGE_CURVE('',#978,#976,#509,.T.);
#1253=EDGE_CURVE('',#977,#975,#510,.T.);
#1254=EDGE_CURVE('',#979,#980,#674,.T.);
#1255=EDGE_CURVE('',#981,#979,#511,.T.);
#1256=EDGE_CURVE('',#982,#981,#393,.T.);
#1257=EDGE_CURVE('',#982,#980,#512,.T.);
#1258=EDGE_CURVE('',#983,#984,#675,.T.);
#1259=EDGE_CURVE('',#984,#985,#513,.T.);
#1260=EDGE_CURVE('',#985,#986,#394,.F.);
#1261=EDGE_CURVE('',#986,#983,#514,.T.);
#1262=EDGE_CURVE('',#987,#988,#676,.T.);
#1263=EDGE_CURVE('',#988,#984,#515,.T.);
#1264=EDGE_CURVE('',#983,#987,#516,.T.);
#1265=EDGE_CURVE('',#989,#990,#677,.T.);
#1266=EDGE_CURVE('',#990,#988,#517,.T.);
#1267=EDGE_CURVE('',#987,#989,#518,.T.);
#1268=EDGE_CURVE('',#991,#992,#678,.T.);
#1269=EDGE_CURVE('',#992,#990,#519,.T.);
#1270=EDGE_CURVE('',#989,#991,#520,.T.);
#1271=EDGE_CURVE('',#993,#994,#679,.T.);
#1272=EDGE_CURVE('',#994,#992,#521,.T.);
#1273=EDGE_CURVE('',#991,#993,#522,.T.);
#1274=EDGE_CURVE('',#995,#996,#680,.T.);
#1275=EDGE_CURVE('',#996,#994,#523,.T.);
#1276=EDGE_CURVE('',#993,#995,#524,.T.);
#1277=EDGE_CURVE('',#997,#998,#681,.T.);
#1278=EDGE_CURVE('',#998,#996,#525,.T.);
#1279=EDGE_CURVE('',#995,#997,#526,.T.);
#1280=EDGE_CURVE('',#999,#1000,#682,.T.);
#1281=EDGE_CURVE('',#999,#1001,#527,.T.);
#1282=EDGE_CURVE('',#1002,#1001,#395,.F.);
#1283=EDGE_CURVE('',#1002,#1000,#528,.T.);
#1284=EDGE_CURVE('',#1003,#1004,#683,.T.);
#1285=EDGE_CURVE('',#1004,#1005,#529,.T.);
#1286=EDGE_CURVE('',#1006,#1005,#396,.T.);
#1287=EDGE_CURVE('',#1003,#1006,#530,.T.);
#1288=EDGE_CURVE('',#1007,#1008,#684,.T.);
#1289=EDGE_CURVE('',#1008,#1004,#531,.T.);
#1290=EDGE_CURVE('',#1007,#1003,#532,.T.);
#1291=EDGE_CURVE('',#1009,#1010,#685,.T.);
#1292=EDGE_CURVE('',#1010,#1008,#533,.T.);
#1293=EDGE_CURVE('',#1009,#1007,#534,.T.);
#1294=EDGE_CURVE('',#1011,#1012,#686,.T.);
#1295=EDGE_CURVE('',#1012,#1010,#535,.T.);
#1296=EDGE_CURVE('',#1011,#1009,#536,.T.);
#1297=EDGE_CURVE('',#1013,#1014,#687,.T.);
#1298=EDGE_CURVE('',#1014,#1012,#537,.T.);
#1299=EDGE_CURVE('',#1013,#1011,#538,.T.);
#1300=EDGE_CURVE('',#1015,#1016,#688,.T.);
#1301=EDGE_CURVE('',#1016,#1014,#539,.T.);
#1302=EDGE_CURVE('',#1015,#1013,#540,.T.);
#1303=EDGE_CURVE('',#1017,#1018,#689,.T.);
#1304=EDGE_CURVE('',#1018,#1016,#541,.T.);
#1305=EDGE_CURVE('',#1017,#1015,#542,.T.);
#1306=EDGE_CURVE('',#1019,#1020,#690,.T.);
#1307=EDGE_CURVE('',#1021,#1019,#543,.T.);
#1308=EDGE_CURVE('',#1022,#1021,#397,.T.);
#1309=EDGE_CURVE('',#1022,#1020,#544,.T.);
#1310=EDGE_CURVE('',#1020,#1018,#545,.T.);
#1311=EDGE_CURVE('',#1019,#1017,#546,.T.);
#1312=EDGE_CURVE('',#1005,#986,#547,.T.);
#1313=EDGE_CURVE('',#1001,#1022,#548,.T.);
#1314=EDGE_CURVE('',#997,#999,#549,.T.);
#1315=EDGE_CURVE('',#985,#1006,#550,.T.);
#1316=EDGE_CURVE('',#1000,#998,#551,.T.);
#1317=EDGE_CURVE('',#1021,#1002,#552,.T.);
#1318=EDGE_CURVE('',#980,#978,#553,.T.);
#1319=EDGE_CURVE('',#979,#977,#554,.T.);
#1320=EDGE_CURVE('',#965,#946,#555,.T.);
#1321=EDGE_CURVE('',#961,#982,#556,.T.);
#1322=EDGE_CURVE('',#957,#959,#557,.T.);
#1323=EDGE_CURVE('',#945,#966,#558,.T.);
#1324=EDGE_CURVE('',#960,#958,#559,.T.);
#1325=EDGE_CURVE('',#981,#962,#560,.T.);
#1326=EDGE_CURVE('',#1023,#1023,#398,.T.);
#1327=EDGE_CURVE('',#1023,#1024,#691,.T.);
#1328=EDGE_CURVE('',#1024,#1024,#399,.T.);
#1329=EDGE_CURVE('',#1025,#1026,#400,.T.);
#1330=EDGE_CURVE('',#1026,#1027,#692,.T.);
#1331=EDGE_CURVE('',#1027,#1028,#401,.T.);
#1332=EDGE_CURVE('',#1028,#1025,#693,.T.);
#1333=EDGE_CURVE('',#1029,#1030,#694,.T.);
#1334=EDGE_CURVE('',#1030,#1031,#402,.T.);
#1335=EDGE_CURVE('',#1031,#1032,#695,.T.);
#1336=EDGE_CURVE('',#1032,#1029,#561,.T.);
#1337=EDGE_CURVE('',#1033,#1034,#403,.T.);
#1338=EDGE_CURVE('',#1034,#1031,#404,.T.);
#1339=EDGE_CURVE('',#1030,#1033,#405,.T.);
#1340=EDGE_CURVE('',#1035,#1036,#406,.T.);
#1341=EDGE_CURVE('',#1036,#1034,#696,.T.);
#1342=EDGE_CURVE('',#1033,#1035,#697,.T.);
#1343=EDGE_CURVE('',#1037,#1038,#407,.T.);
#1344=EDGE_CURVE('',#1038,#1036,#408,.T.);
#1345=EDGE_CURVE('',#1035,#1037,#409,.T.);
#1346=EDGE_CURVE('',#1039,#1038,#698,.T.);
#1347=EDGE_CURVE('',#1037,#1040,#699,.T.);
#1348=EDGE_CURVE('',#1039,#1040,#562,.T.);
#1349=EDGE_CURVE('',#1032,#1041,#410,.T.);
#1350=EDGE_CURVE('',#1041,#1042,#411,.T.);
#1351=EDGE_CURVE('',#1042,#1029,#412,.T.);
#1352=EDGE_CURVE('',#1043,#1044,#413,.T.);
#1353=EDGE_CURVE('',#1044,#1042,#700,.T.);
#1354=EDGE_CURVE('',#1041,#1043,#701,.T.);
#1355=EDGE_CURVE('',#1045,#1046,#414,.T.);
#1356=EDGE_CURVE('',#1046,#1044,#415,.T.);
#1357=EDGE_CURVE('',#1043,#1045,#416,.T.);
#1358=EDGE_CURVE('',#1047,#1048,#417,.T.);
#1359=EDGE_CURVE('',#1048,#1046,#702,.T.);
#1360=EDGE_CURVE('',#1045,#1047,#703,.T.);
#1361=EDGE_CURVE('',#1049,#1050,#418,.T.);
#1362=EDGE_CURVE('',#1050,#1048,#419,.T.);
#1363=EDGE_CURVE('',#1047,#1049,#420,.T.);
#1364=EDGE_CURVE('',#1051,#1052,#421,.T.);
#1365=EDGE_CURVE('',#1052,#1050,#704,.T.);
#1366=EDGE_CURVE('',#1049,#1051,#705,.T.);
#1367=EDGE_CURVE('',#1053,#1054,#422,.T.);
#1368=EDGE_CURVE('',#1054,#1052,#423,.T.);
#1369=EDGE_CURVE('',#1051,#1053,#424,.T.);
#1370=EDGE_CURVE('',#1055,#1056,#425,.T.);
#1371=EDGE_CURVE('',#1056,#1054,#706,.T.);
#1372=EDGE_CURVE('',#1053,#1055,#707,.T.);
#1373=EDGE_CURVE('',#1057,#1058,#426,.T.);
#1374=EDGE_CURVE('',#1058,#1056,#427,.T.);
#1375=EDGE_CURVE('',#1055,#1057,#428,.T.);
#1376=EDGE_CURVE('',#1025,#1058,#708,.T.);
#1377=EDGE_CURVE('',#1057,#1026,#709,.T.);
#1378=EDGE_CURVE('',#1040,#1028,#429,.T.);
#1379=EDGE_CURVE('',#1027,#1039,#430,.T.);
#1380=EDGE_CURVE('',#1059,#1058,#710,.T.);
#1381=EDGE_CURVE('',#1059,#1060,#431,.T.);
#1382=EDGE_CURVE('',#1060,#1056,#711,.T.);
#1383=EDGE_CURVE('',#1061,#1025,#712,.T.);
#1384=EDGE_CURVE('',#1061,#1059,#713,.T.);
#1385=EDGE_CURVE('',#1062,#1028,#714,.T.);
#1386=EDGE_CURVE('',#1061,#1062,#715,.T.);
#1387=EDGE_CURVE('',#1063,#1040,#716,.T.);
#1388=EDGE_CURVE('',#1063,#1062,#432,.T.);
#1389=EDGE_CURVE('',#1064,#1029,#717,.T.);
#1390=EDGE_CURVE('',#1064,#1063,#718,.T.);
#1391=EDGE_CURVE('',#1047,#1031,#719,.T.);
#1392=EDGE_CURVE('',#1051,#1036,#720,.T.);
#1393=EDGE_CURVE('',#1038,#1053,#721,.T.);
#1394=EDGE_CURVE('',#1034,#1049,#722,.T.);
#1395=EDGE_CURVE('',#1065,#1046,#723,.T.);
#1396=EDGE_CURVE('',#1065,#1066,#433,.T.);
#1397=EDGE_CURVE('',#1066,#1044,#724,.T.);
#1398=EDGE_CURVE('',#1065,#1060,#725,.T.);
#1399=EDGE_CURVE('',#1067,#1042,#726,.T.);
#1400=EDGE_CURVE('',#1067,#1064,#434,.T.);
#1401=EDGE_CURVE('',#1067,#1066,#727,.T.);
#1402=EDGE_CURVE('',#1068,#1069,#728,.T.);
#1403=EDGE_CURVE('',#1069,#1070,#563,.T.);
#1404=EDGE_CURVE('',#1070,#1071,#435,.F.);
#1405=EDGE_CURVE('',#1071,#1068,#564,.T.);
#1406=EDGE_CURVE('',#1072,#1073,#729,.T.);
#1407=EDGE_CURVE('',#1073,#1069,#565,.T.);
#1408=EDGE_CURVE('',#1068,#1072,#566,.T.);
#1409=EDGE_CURVE('',#1074,#1075,#730,.T.);
#1410=EDGE_CURVE('',#1075,#1073,#567,.T.);
#1411=EDGE_CURVE('',#1072,#1074,#568,.T.);
#1412=EDGE_CURVE('',#1076,#1077,#731,.T.);
#1413=EDGE_CURVE('',#1077,#1075,#569,.T.);
#1414=EDGE_CURVE('',#1074,#1076,#570,.T.);
#1415=EDGE_CURVE('',#1078,#1079,#732,.T.);
#1416=EDGE_CURVE('',#1079,#1077,#571,.T.);
#1417=EDGE_CURVE('',#1076,#1078,#572,.T.);
#1418=EDGE_CURVE('',#1080,#1081,#733,.T.);
#1419=EDGE_CURVE('',#1081,#1079,#573,.T.);
#1420=EDGE_CURVE('',#1078,#1080,#574,.T.);
#1421=EDGE_CURVE('',#1082,#1083,#734,.T.);
#1422=EDGE_CURVE('',#1083,#1081,#575,.T.);
#1423=EDGE_CURVE('',#1080,#1082,#576,.T.);
#1424=EDGE_CURVE('',#1084,#1085,#735,.T.);
#1425=EDGE_CURVE('',#1085,#1083,#577,.T.);
#1426=EDGE_CURVE('',#1082,#1084,#578,.T.);
#1427=EDGE_CURVE('',#1086,#1087,#736,.T.);
#1428=EDGE_CURVE('',#1087,#1085,#579,.T.);
#1429=EDGE_CURVE('',#1084,#1086,#580,.T.);
#1430=EDGE_CURVE('',#1088,#1089,#737,.T.);
#1431=EDGE_CURVE('',#1089,#1087,#581,.T.);
#1432=EDGE_CURVE('',#1086,#1088,#582,.T.);
#1433=EDGE_CURVE('',#1090,#1091,#738,.T.);
#1434=EDGE_CURVE('',#1091,#1089,#583,.T.);
#1435=EDGE_CURVE('',#1088,#1090,#584,.T.);
#1436=EDGE_CURVE('',#1092,#1093,#739,.T.);
#1437=EDGE_CURVE('',#1092,#1094,#585,.T.);
#1438=EDGE_CURVE('',#1095,#1094,#436,.F.);
#1439=EDGE_CURVE('',#1095,#1093,#586,.T.);
#1440=EDGE_CURVE('',#1096,#1097,#740,.T.);
#1441=EDGE_CURVE('',#1097,#1098,#587,.T.);
#1442=EDGE_CURVE('',#1099,#1098,#437,.T.);
#1443=EDGE_CURVE('',#1096,#1099,#588,.T.);
#1444=EDGE_CURVE('',#1100,#1101,#741,.T.);
#1445=EDGE_CURVE('',#1101,#1097,#589,.T.);
#1446=EDGE_CURVE('',#1100,#1096,#590,.T.);
#1447=EDGE_CURVE('',#1102,#1103,#742,.T.);
#1448=EDGE_CURVE('',#1103,#1101,#591,.T.);
#1449=EDGE_CURVE('',#1102,#1100,#592,.T.);
#1450=EDGE_CURVE('',#1104,#1105,#743,.T.);
#1451=EDGE_CURVE('',#1105,#1103,#593,.T.);
#1452=EDGE_CURVE('',#1104,#1102,#594,.T.);
#1453=EDGE_CURVE('',#1106,#1107,#744,.T.);
#1454=EDGE_CURVE('',#1107,#1105,#595,.T.);
#1455=EDGE_CURVE('',#1106,#1104,#596,.T.);
#1456=EDGE_CURVE('',#1108,#1109,#745,.T.);
#1457=EDGE_CURVE('',#1109,#1107,#597,.T.);
#1458=EDGE_CURVE('',#1108,#1106,#598,.T.);
#1459=EDGE_CURVE('',#1110,#1111,#746,.T.);
#1460=EDGE_CURVE('',#1111,#1109,#599,.T.);
#1461=EDGE_CURVE('',#1110,#1108,#600,.T.);
#1462=EDGE_CURVE('',#1112,#1113,#747,.T.);
#1463=EDGE_CURVE('',#1113,#1111,#601,.T.);
#1464=EDGE_CURVE('',#1112,#1110,#602,.T.);
#1465=EDGE_CURVE('',#1114,#1115,#748,.T.);
#1466=EDGE_CURVE('',#1115,#1113,#603,.T.);
#1467=EDGE_CURVE('',#1114,#1112,#604,.T.);
#1468=EDGE_CURVE('',#1116,#1117,#749,.T.);
#1469=EDGE_CURVE('',#1117,#1115,#605,.T.);
#1470=EDGE_CURVE('',#1116,#1114,#606,.T.);
#1471=EDGE_CURVE('',#1118,#1119,#750,.T.);
#1472=EDGE_CURVE('',#1119,#1117,#607,.T.);
#1473=EDGE_CURVE('',#1118,#1116,#608,.T.);
#1474=EDGE_CURVE('',#1120,#1121,#751,.T.);
#1475=EDGE_CURVE('',#1122,#1120,#609,.T.);
#1476=EDGE_CURVE('',#1123,#1122,#438,.T.);
#1477=EDGE_CURVE('',#1123,#1121,#610,.T.);
#1478=EDGE_CURVE('',#1124,#1125,#752,.T.);
#1479=EDGE_CURVE('',#1125,#1126,#611,.T.);
#1480=EDGE_CURVE('',#1126,#1127,#439,.F.);
#1481=EDGE_CURVE('',#1127,#1124,#612,.T.);
#1482=EDGE_CURVE('',#1128,#1129,#753,.T.);
#1483=EDGE_CURVE('',#1129,#1125,#613,.T.);
#1484=EDGE_CURVE('',#1124,#1128,#614,.T.);
#1485=EDGE_CURVE('',#1130,#1131,#754,.T.);
#1486=EDGE_CURVE('',#1131,#1129,#615,.T.);
#1487=EDGE_CURVE('',#1128,#1130,#616,.T.);
#1488=EDGE_CURVE('',#1132,#1133,#755,.T.);
#1489=EDGE_CURVE('',#1133,#1131,#617,.T.);
#1490=EDGE_CURVE('',#1130,#1132,#618,.T.);
#1491=EDGE_CURVE('',#1134,#1135,#756,.T.);
#1492=EDGE_CURVE('',#1135,#1133,#619,.T.);
#1493=EDGE_CURVE('',#1132,#1134,#620,.T.);
#1494=EDGE_CURVE('',#1136,#1137,#757,.T.);
#1495=EDGE_CURVE('',#1137,#1135,#621,.T.);
#1496=EDGE_CURVE('',#1134,#1136,#622,.T.);
#1497=EDGE_CURVE('',#1138,#1139,#758,.T.);
#1498=EDGE_CURVE('',#1139,#1137,#623,.T.);
#1499=EDGE_CURVE('',#1136,#1138,#624,.T.);
#1500=EDGE_CURVE('',#1140,#1141,#759,.T.);
#1501=EDGE_CURVE('',#1140,#1142,#625,.T.);
#1502=EDGE_CURVE('',#1143,#1142,#440,.F.);
#1503=EDGE_CURVE('',#1143,#1141,#626,.T.);
#1504=EDGE_CURVE('',#1144,#1145,#760,.T.);
#1505=EDGE_CURVE('',#1145,#1146,#627,.T.);
#1506=EDGE_CURVE('',#1147,#1146,#441,.T.);
#1507=EDGE_CURVE('',#1144,#1147,#628,.T.);
#1508=EDGE_CURVE('',#1148,#1149,#761,.T.);
#1509=EDGE_CURVE('',#1149,#1145,#629,.T.);
#1510=EDGE_CURVE('',#1148,#1144,#630,.T.);
#1511=EDGE_CURVE('',#1150,#1151,#762,.T.);
#1512=EDGE_CURVE('',#1151,#1149,#631,.T.);
#1513=EDGE_CURVE('',#1150,#1148,#632,.T.);
#1514=EDGE_CURVE('',#1152,#1153,#763,.T.);
#1515=EDGE_CURVE('',#1153,#1151,#633,.T.);
#1516=EDGE_CURVE('',#1152,#1150,#634,.T.);
#1517=EDGE_CURVE('',#1154,#1155,#764,.T.);
#1518=EDGE_CURVE('',#1155,#1153,#635,.T.);
#1519=EDGE_CURVE('',#1154,#1152,#636,.T.);
#1520=EDGE_CURVE('',#1156,#1157,#765,.T.);
#1521=EDGE_CURVE('',#1157,#1155,#637,.T.);
#1522=EDGE_CURVE('',#1156,#1154,#638,.T.);
#1523=EDGE_CURVE('',#1158,#1159,#766,.T.);
#1524=EDGE_CURVE('',#1159,#1157,#639,.T.);
#1525=EDGE_CURVE('',#1158,#1156,#640,.T.);
#1526=EDGE_CURVE('',#1160,#1161,#767,.T.);
#1527=EDGE_CURVE('',#1162,#1160,#641,.T.);
#1528=EDGE_CURVE('',#1163,#1162,#442,.T.);
#1529=EDGE_CURVE('',#1163,#1161,#642,.T.);
#1530=EDGE_CURVE('',#1164,#1165,#443,.T.);
#1531=EDGE_CURVE('',#1165,#1166,#768,.T.);
#1532=EDGE_CURVE('',#1166,#1167,#444,.T.);
#1533=EDGE_CURVE('',#1167,#1164,#769,.T.);
#1534=EDGE_CURVE('',#1168,#1169,#445,.T.);
#1535=EDGE_CURVE('',#1169,#1167,#446,.T.);
#1536=EDGE_CURVE('',#1166,#1168,#447,.T.);
#1537=EDGE_CURVE('',#1170,#1171,#448,.T.);
#1538=EDGE_CURVE('',#1171,#1169,#770,.T.);
#1539=EDGE_CURVE('',#1168,#1170,#771,.T.);
#1540=EDGE_CURVE('',#1172,#1173,#449,.T.);
#1541=EDGE_CURVE('',#1173,#1171,#450,.T.);
#1542=EDGE_CURVE('',#1170,#1172,#451,.T.);
#1543=EDGE_CURVE('',#1174,#1175,#452,.T.);
#1544=EDGE_CURVE('',#1175,#1173,#772,.T.);
#1545=EDGE_CURVE('',#1172,#1174,#773,.T.);
#1546=EDGE_CURVE('',#1176,#1177,#453,.T.);
#1547=EDGE_CURVE('',#1177,#1175,#454,.T.);
#1548=EDGE_CURVE('',#1174,#1176,#455,.T.);
#1549=EDGE_CURVE('',#1178,#1179,#456,.T.);
#1550=EDGE_CURVE('',#1179,#1177,#774,.T.);
#1551=EDGE_CURVE('',#1176,#1178,#775,.T.);
#1552=EDGE_CURVE('',#1180,#1181,#457,.T.);
#1553=EDGE_CURVE('',#1181,#1179,#458,.T.);
#1554=EDGE_CURVE('',#1178,#1180,#459,.T.);
#1555=EDGE_CURVE('',#1182,#1183,#460,.T.);
#1556=EDGE_CURVE('',#1183,#1181,#776,.T.);
#1557=EDGE_CURVE('',#1180,#1182,#777,.T.);
#1558=EDGE_CURVE('',#1184,#1185,#461,.T.);
#1559=EDGE_CURVE('',#1185,#1183,#462,.T.);
#1560=EDGE_CURVE('',#1182,#1184,#463,.T.);
#1561=EDGE_CURVE('',#1186,#1187,#464,.T.);
#1562=EDGE_CURVE('',#1187,#1185,#778,.T.);
#1563=EDGE_CURVE('',#1184,#1186,#779,.T.);
#1564=EDGE_CURVE('',#1188,#1189,#465,.T.);
#1565=EDGE_CURVE('',#1189,#1187,#466,.T.);
#1566=EDGE_CURVE('',#1186,#1188,#467,.T.);
#1567=EDGE_CURVE('',#1190,#1191,#468,.T.);
#1568=EDGE_CURVE('',#1191,#1189,#780,.T.);
#1569=EDGE_CURVE('',#1188,#1190,#781,.T.);
#1570=EDGE_CURVE('',#1192,#1193,#469,.T.);
#1571=EDGE_CURVE('',#1193,#1191,#470,.T.);
#1572=EDGE_CURVE('',#1190,#1192,#471,.T.);
#1573=EDGE_CURVE('',#1194,#1195,#472,.T.);
#1574=EDGE_CURVE('',#1195,#1193,#782,.T.);
#1575=EDGE_CURVE('',#1192,#1194,#783,.T.);
#1576=EDGE_CURVE('',#1164,#1195,#473,.T.);
#1577=EDGE_CURVE('',#1194,#1165,#474,.T.);
#1578=EDGE_CURVE('',#1174,#1188,#784,.T.);
#1579=EDGE_CURVE('',#1186,#1176,#785,.T.);
#1580=EDGE_CURVE('',#1190,#1172,#786,.T.);
#1581=EDGE_CURVE('',#1170,#1192,#787,.T.);
#1582=EDGE_CURVE('',#1196,#1185,#788,.T.);
#1583=EDGE_CURVE('',#1196,#1197,#475,.T.);
#1584=EDGE_CURVE('',#1197,#1183,#789,.T.);
#1585=EDGE_CURVE('',#1198,#1195,#790,.T.);
#1586=EDGE_CURVE('',#1196,#1198,#791,.T.);
#1587=EDGE_CURVE('',#1199,#1199,#476,.T.);
#1588=EDGE_CURVE('',#1200,#1164,#792,.T.);
#1589=EDGE_CURVE('',#1200,#1198,#477,.T.);
#1590=EDGE_CURVE('',#1201,#1167,#793,.T.);
#1591=EDGE_CURVE('',#1200,#1201,#794,.T.);
#1592=EDGE_CURVE('',#1202,#1179,#795,.T.);
#1593=EDGE_CURVE('',#1203,#1202,#796,.T.);
#1594=EDGE_CURVE('',#1203,#1169,#797,.T.);
#1595=EDGE_CURVE('',#1204,#1204,#478,.T.);
#1596=EDGE_CURVE('',#1161,#1159,#643,.T.);
#1597=EDGE_CURVE('',#1160,#1158,#644,.T.);
#1598=EDGE_CURVE('',#1146,#1127,#645,.T.);
#1599=EDGE_CURVE('',#1142,#1163,#646,.T.);
#1600=EDGE_CURVE('',#1138,#1140,#647,.T.);
#1601=EDGE_CURVE('',#1126,#1147,#648,.T.);
#1602=EDGE_CURVE('',#1141,#1139,#649,.T.);
#1603=EDGE_CURVE('',#1162,#1143,#650,.T.);
#1604=EDGE_CURVE('',#1121,#1119,#651,.T.);
#1605=EDGE_CURVE('',#1120,#1118,#652,.T.);
#1606=EDGE_CURVE('',#1098,#1071,#653,.T.);
#1607=EDGE_CURVE('',#1094,#1123,#654,.T.);
#1608=EDGE_CURVE('',#1090,#1092,#655,.T.);
#1609=EDGE_CURVE('',#1070,#1099,#656,.T.);
#1610=EDGE_CURVE('',#1093,#1091,#657,.T.);
#1611=EDGE_CURVE('',#1122,#1095,#658,.T.);
#1612=EDGE_CURVE('',#1199,#1204,#798,.T.);
#1613=EDGE_CURVE('',#1205,#1181,#799,.T.);
#1614=EDGE_CURVE('',#1205,#1202,#479,.T.);
#1615=EDGE_CURVE('',#1197,#1205,#800,.T.);
#1616=EDGE_CURVE('',#1203,#1201,#480,.T.);
#1617=ORIENTED_EDGE('',*,*,#1206,.T.);
#1618=ORIENTED_EDGE('',*,*,#1207,.T.);
#1619=ORIENTED_EDGE('',*,*,#1208,.T.);
#1620=ORIENTED_EDGE('',*,*,#1209,.T.);
#1621=ORIENTED_EDGE('',*,*,#1210,.T.);
#1622=ORIENTED_EDGE('',*,*,#1211,.T.);
#1623=ORIENTED_EDGE('',*,*,#1206,.F.);
#1624=ORIENTED_EDGE('',*,*,#1212,.T.);
#1625=ORIENTED_EDGE('',*,*,#1213,.T.);
#1626=ORIENTED_EDGE('',*,*,#1214,.T.);
#1627=ORIENTED_EDGE('',*,*,#1210,.F.);
#1628=ORIENTED_EDGE('',*,*,#1215,.T.);
#1629=ORIENTED_EDGE('',*,*,#1216,.T.);
#1630=ORIENTED_EDGE('',*,*,#1217,.T.);
#1631=ORIENTED_EDGE('',*,*,#1213,.F.);
#1632=ORIENTED_EDGE('',*,*,#1218,.T.);
#1633=ORIENTED_EDGE('',*,*,#1219,.T.);
#1634=ORIENTED_EDGE('',*,*,#1220,.T.);
#1635=ORIENTED_EDGE('',*,*,#1216,.F.);
#1636=ORIENTED_EDGE('',*,*,#1221,.T.);
#1637=ORIENTED_EDGE('',*,*,#1222,.T.);
#1638=ORIENTED_EDGE('',*,*,#1223,.T.);
#1639=ORIENTED_EDGE('',*,*,#1219,.F.);
#1640=ORIENTED_EDGE('',*,*,#1224,.T.);
#1641=ORIENTED_EDGE('',*,*,#1225,.T.);
#1642=ORIENTED_EDGE('',*,*,#1226,.T.);
#1643=ORIENTED_EDGE('',*,*,#1222,.F.);
#1644=ORIENTED_EDGE('',*,*,#1227,.T.);
#1645=ORIENTED_EDGE('',*,*,#1228,.F.);
#1646=ORIENTED_EDGE('',*,*,#1229,.T.);
#1647=ORIENTED_EDGE('',*,*,#1230,.F.);
#1648=ORIENTED_EDGE('',*,*,#1231,.T.);
#1649=ORIENTED_EDGE('',*,*,#1232,.T.);
#1650=ORIENTED_EDGE('',*,*,#1233,.T.);
#1651=ORIENTED_EDGE('',*,*,#1234,.F.);
#1652=ORIENTED_EDGE('',*,*,#1235,.F.);
#1653=ORIENTED_EDGE('',*,*,#1236,.T.);
#1654=ORIENTED_EDGE('',*,*,#1237,.T.);
#1655=ORIENTED_EDGE('',*,*,#1232,.F.);
#1656=ORIENTED_EDGE('',*,*,#1238,.F.);
#1657=ORIENTED_EDGE('',*,*,#1239,.T.);
#1658=ORIENTED_EDGE('',*,*,#1240,.T.);
#1659=ORIENTED_EDGE('',*,*,#1236,.F.);
#1660=ORIENTED_EDGE('',*,*,#1241,.F.);
#1661=ORIENTED_EDGE('',*,*,#1242,.T.);
#1662=ORIENTED_EDGE('',*,*,#1243,.T.);
#1663=ORIENTED_EDGE('',*,*,#1239,.F.);
#1664=ORIENTED_EDGE('',*,*,#1244,.F.);
#1665=ORIENTED_EDGE('',*,*,#1245,.T.);
#1666=ORIENTED_EDGE('',*,*,#1246,.T.);
#1667=ORIENTED_EDGE('',*,*,#1242,.F.);
#1668=ORIENTED_EDGE('',*,*,#1247,.F.);
#1669=ORIENTED_EDGE('',*,*,#1248,.T.);
#1670=ORIENTED_EDGE('',*,*,#1249,.T.);
#1671=ORIENTED_EDGE('',*,*,#1245,.F.);
#1672=ORIENTED_EDGE('',*,*,#1250,.F.);
#1673=ORIENTED_EDGE('',*,*,#1251,.T.);
#1674=ORIENTED_EDGE('',*,*,#1252,.T.);
#1675=ORIENTED_EDGE('',*,*,#1248,.F.);
#1676=ORIENTED_EDGE('',*,*,#1253,.F.);
#1677=ORIENTED_EDGE('',*,*,#1254,.F.);
#1678=ORIENTED_EDGE('',*,*,#1255,.F.);
#1679=ORIENTED_EDGE('',*,*,#1256,.F.);
#1680=ORIENTED_EDGE('',*,*,#1257,.T.);
#1681=ORIENTED_EDGE('',*,*,#1258,.T.);
#1682=ORIENTED_EDGE('',*,*,#1259,.T.);
#1683=ORIENTED_EDGE('',*,*,#1260,.T.);
#1684=ORIENTED_EDGE('',*,*,#1261,.T.);
#1685=ORIENTED_EDGE('',*,*,#1262,.T.);
#1686=ORIENTED_EDGE('',*,*,#1263,.T.);
#1687=ORIENTED_EDGE('',*,*,#1258,.F.);
#1688=ORIENTED_EDGE('',*,*,#1264,.T.);
#1689=ORIENTED_EDGE('',*,*,#1265,.T.);
#1690=ORIENTED_EDGE('',*,*,#1266,.T.);
#1691=ORIENTED_EDGE('',*,*,#1262,.F.);
#1692=ORIENTED_EDGE('',*,*,#1267,.T.);
#1693=ORIENTED_EDGE('',*,*,#1268,.T.);
#1694=ORIENTED_EDGE('',*,*,#1269,.T.);
#1695=ORIENTED_EDGE('',*,*,#1265,.F.);
#1696=ORIENTED_EDGE('',*,*,#1270,.T.);
#1697=ORIENTED_EDGE('',*,*,#1271,.T.);
#1698=ORIENTED_EDGE('',*,*,#1272,.T.);
#1699=ORIENTED_EDGE('',*,*,#1268,.F.);
#1700=ORIENTED_EDGE('',*,*,#1273,.T.);
#1701=ORIENTED_EDGE('',*,*,#1274,.T.);
#1702=ORIENTED_EDGE('',*,*,#1275,.T.);
#1703=ORIENTED_EDGE('',*,*,#1271,.F.);
#1704=ORIENTED_EDGE('',*,*,#1276,.T.);
#1705=ORIENTED_EDGE('',*,*,#1277,.T.);
#1706=ORIENTED_EDGE('',*,*,#1278,.T.);
#1707=ORIENTED_EDGE('',*,*,#1274,.F.);
#1708=ORIENTED_EDGE('',*,*,#1279,.T.);
#1709=ORIENTED_EDGE('',*,*,#1280,.F.);
#1710=ORIENTED_EDGE('',*,*,#1281,.T.);
#1711=ORIENTED_EDGE('',*,*,#1282,.F.);
#1712=ORIENTED_EDGE('',*,*,#1283,.T.);
#1713=ORIENTED_EDGE('',*,*,#1284,.T.);
#1714=ORIENTED_EDGE('',*,*,#1285,.T.);
#1715=ORIENTED_EDGE('',*,*,#1286,.F.);
#1716=ORIENTED_EDGE('',*,*,#1287,.F.);
#1717=ORIENTED_EDGE('',*,*,#1288,.T.);
#1718=ORIENTED_EDGE('',*,*,#1289,.T.);
#1719=ORIENTED_EDGE('',*,*,#1284,.F.);
#1720=ORIENTED_EDGE('',*,*,#1290,.F.);
#1721=ORIENTED_EDGE('',*,*,#1291,.T.);
#1722=ORIENTED_EDGE('',*,*,#1292,.T.);
#1723=ORIENTED_EDGE('',*,*,#1288,.F.);
#1724=ORIENTED_EDGE('',*,*,#1293,.F.);
#1725=ORIENTED_EDGE('',*,*,#1294,.T.);
#1726=ORIENTED_EDGE('',*,*,#1295,.T.);
#1727=ORIENTED_EDGE('',*,*,#1291,.F.);
#1728=ORIENTED_EDGE('',*,*,#1296,.F.);
#1729=ORIENTED_EDGE('',*,*,#1297,.T.);
#1730=ORIENTED_EDGE('',*,*,#1298,.T.);
#1731=ORIENTED_EDGE('',*,*,#1294,.F.);
#1732=ORIENTED_EDGE('',*,*,#1299,.F.);
#1733=ORIENTED_EDGE('',*,*,#1300,.T.);
#1734=ORIENTED_EDGE('',*,*,#1301,.T.);
#1735=ORIENTED_EDGE('',*,*,#1297,.F.);
#1736=ORIENTED_EDGE('',*,*,#1302,.F.);
#1737=ORIENTED_EDGE('',*,*,#1303,.T.);
#1738=ORIENTED_EDGE('',*,*,#1304,.T.);
#1739=ORIENTED_EDGE('',*,*,#1300,.F.);
#1740=ORIENTED_EDGE('',*,*,#1305,.F.);
#1741=ORIENTED_EDGE('',*,*,#1306,.F.);
#1742=ORIENTED_EDGE('',*,*,#1307,.F.);
#1743=ORIENTED_EDGE('',*,*,#1308,.F.);
#1744=ORIENTED_EDGE('',*,*,#1309,.T.);
#1745=ORIENTED_EDGE('',*,*,#1306,.T.);
#1746=ORIENTED_EDGE('',*,*,#1310,.T.);
#1747=ORIENTED_EDGE('',*,*,#1303,.F.);
#1748=ORIENTED_EDGE('',*,*,#1311,.F.);
#1749=ORIENTED_EDGE('',*,*,#1312,.F.);
#1750=ORIENTED_EDGE('',*,*,#1285,.F.);
#1751=ORIENTED_EDGE('',*,*,#1289,.F.);
#1752=ORIENTED_EDGE('',*,*,#1292,.F.);
#1753=ORIENTED_EDGE('',*,*,#1295,.F.);
#1754=ORIENTED_EDGE('',*,*,#1298,.F.);
#1755=ORIENTED_EDGE('',*,*,#1301,.F.);
#1756=ORIENTED_EDGE('',*,*,#1304,.F.);
#1757=ORIENTED_EDGE('',*,*,#1310,.F.);
#1758=ORIENTED_EDGE('',*,*,#1309,.F.);
#1759=ORIENTED_EDGE('',*,*,#1313,.F.);
#1760=ORIENTED_EDGE('',*,*,#1281,.F.);
#1761=ORIENTED_EDGE('',*,*,#1314,.F.);
#1762=ORIENTED_EDGE('',*,*,#1279,.F.);
#1763=ORIENTED_EDGE('',*,*,#1276,.F.);
#1764=ORIENTED_EDGE('',*,*,#1273,.F.);
#1765=ORIENTED_EDGE('',*,*,#1270,.F.);
#1766=ORIENTED_EDGE('',*,*,#1267,.F.);
#1767=ORIENTED_EDGE('',*,*,#1264,.F.);
#1768=ORIENTED_EDGE('',*,*,#1261,.F.);
#1769=ORIENTED_EDGE('',*,*,#1315,.F.);
#1770=ORIENTED_EDGE('',*,*,#1259,.F.);
#1771=ORIENTED_EDGE('',*,*,#1263,.F.);
#1772=ORIENTED_EDGE('',*,*,#1266,.F.);
#1773=ORIENTED_EDGE('',*,*,#1269,.F.);
#1774=ORIENTED_EDGE('',*,*,#1272,.F.);
#1775=ORIENTED_EDGE('',*,*,#1275,.F.);
#1776=ORIENTED_EDGE('',*,*,#1278,.F.);
#1777=ORIENTED_EDGE('',*,*,#1316,.F.);
#1778=ORIENTED_EDGE('',*,*,#1283,.F.);
#1779=ORIENTED_EDGE('',*,*,#1317,.F.);
#1780=ORIENTED_EDGE('',*,*,#1307,.T.);
#1781=ORIENTED_EDGE('',*,*,#1311,.T.);
#1782=ORIENTED_EDGE('',*,*,#1305,.T.);
#1783=ORIENTED_EDGE('',*,*,#1302,.T.);
#1784=ORIENTED_EDGE('',*,*,#1299,.T.);
#1785=ORIENTED_EDGE('',*,*,#1296,.T.);
#1786=ORIENTED_EDGE('',*,*,#1293,.T.);
#1787=ORIENTED_EDGE('',*,*,#1290,.T.);
#1788=ORIENTED_EDGE('',*,*,#1287,.T.);
#1789=ORIENTED_EDGE('',*,*,#1280,.T.);
#1790=ORIENTED_EDGE('',*,*,#1316,.T.);
#1791=ORIENTED_EDGE('',*,*,#1277,.F.);
#1792=ORIENTED_EDGE('',*,*,#1314,.T.);
#1793=ORIENTED_EDGE('',*,*,#1315,.T.);
#1794=ORIENTED_EDGE('',*,*,#1286,.T.);
#1795=ORIENTED_EDGE('',*,*,#1312,.T.);
#1796=ORIENTED_EDGE('',*,*,#1260,.F.);
#1797=ORIENTED_EDGE('',*,*,#1254,.T.);
#1798=ORIENTED_EDGE('',*,*,#1318,.T.);
#1799=ORIENTED_EDGE('',*,*,#1251,.F.);
#1800=ORIENTED_EDGE('',*,*,#1319,.F.);
#1801=ORIENTED_EDGE('',*,*,#1320,.F.);
#1802=ORIENTED_EDGE('',*,*,#1233,.F.);
#1803=ORIENTED_EDGE('',*,*,#1237,.F.);
#1804=ORIENTED_EDGE('',*,*,#1240,.F.);
#1805=ORIENTED_EDGE('',*,*,#1243,.F.);
#1806=ORIENTED_EDGE('',*,*,#1246,.F.);
#1807=ORIENTED_EDGE('',*,*,#1249,.F.);
#1808=ORIENTED_EDGE('',*,*,#1252,.F.);
#1809=ORIENTED_EDGE('',*,*,#1318,.F.);
#1810=ORIENTED_EDGE('',*,*,#1257,.F.);
#1811=ORIENTED_EDGE('',*,*,#1321,.F.);
#1812=ORIENTED_EDGE('',*,*,#1229,.F.);
#1813=ORIENTED_EDGE('',*,*,#1322,.F.);
#1814=ORIENTED_EDGE('',*,*,#1227,.F.);
#1815=ORIENTED_EDGE('',*,*,#1224,.F.);
#1816=ORIENTED_EDGE('',*,*,#1221,.F.);
#1817=ORIENTED_EDGE('',*,*,#1218,.F.);
#1818=ORIENTED_EDGE('',*,*,#1215,.F.);
#1819=ORIENTED_EDGE('',*,*,#1212,.F.);
#1820=ORIENTED_EDGE('',*,*,#1209,.F.);
#1821=ORIENTED_EDGE('',*,*,#1323,.F.);
#1822=ORIENTED_EDGE('',*,*,#1207,.F.);
#1823=ORIENTED_EDGE('',*,*,#1211,.F.);
#1824=ORIENTED_EDGE('',*,*,#1214,.F.);
#1825=ORIENTED_EDGE('',*,*,#1217,.F.);
#1826=ORIENTED_EDGE('',*,*,#1220,.F.);
#1827=ORIENTED_EDGE('',*,*,#1223,.F.);
#1828=ORIENTED_EDGE('',*,*,#1226,.F.);
#1829=ORIENTED_EDGE('',*,*,#1324,.F.);
#1830=ORIENTED_EDGE('',*,*,#1231,.F.);
#1831=ORIENTED_EDGE('',*,*,#1325,.F.);
#1832=ORIENTED_EDGE('',*,*,#1255,.T.);
#1833=ORIENTED_EDGE('',*,*,#1319,.T.);
#1834=ORIENTED_EDGE('',*,*,#1253,.T.);
#1835=ORIENTED_EDGE('',*,*,#1250,.T.);
#1836=ORIENTED_EDGE('',*,*,#1247,.T.);
#1837=ORIENTED_EDGE('',*,*,#1244,.T.);
#1838=ORIENTED_EDGE('',*,*,#1241,.T.);
#1839=ORIENTED_EDGE('',*,*,#1238,.T.);
#1840=ORIENTED_EDGE('',*,*,#1235,.T.);
#1841=ORIENTED_EDGE('',*,*,#1228,.T.);
#1842=ORIENTED_EDGE('',*,*,#1324,.T.);
#1843=ORIENTED_EDGE('',*,*,#1225,.F.);
#1844=ORIENTED_EDGE('',*,*,#1322,.T.);
#1845=ORIENTED_EDGE('',*,*,#1323,.T.);
#1846=ORIENTED_EDGE('',*,*,#1234,.T.);
#1847=ORIENTED_EDGE('',*,*,#1320,.T.);
#1848=ORIENTED_EDGE('',*,*,#1208,.F.);
#1849=ORIENTED_EDGE('',*,*,#1326,.F.);
#1850=ORIENTED_EDGE('',*,*,#1327,.T.);
#1851=ORIENTED_EDGE('',*,*,#1328,.F.);
#1852=ORIENTED_EDGE('',*,*,#1327,.F.);
#1853=ORIENTED_EDGE('',*,*,#1329,.T.);
#1854=ORIENTED_EDGE('',*,*,#1330,.T.);
#1855=ORIENTED_EDGE('',*,*,#1331,.T.);
#1856=ORIENTED_EDGE('',*,*,#1332,.T.);
#1857=ORIENTED_EDGE('',*,*,#1333,.T.);
#1858=ORIENTED_EDGE('',*,*,#1334,.T.);
#1859=ORIENTED_EDGE('',*,*,#1335,.T.);
#1860=ORIENTED_EDGE('',*,*,#1336,.T.);
#1861=ORIENTED_EDGE('',*,*,#1337,.T.);
#1862=ORIENTED_EDGE('',*,*,#1338,.T.);
#1863=ORIENTED_EDGE('',*,*,#1334,.F.);
#1864=ORIENTED_EDGE('',*,*,#1339,.T.);
#1865=ORIENTED_EDGE('',*,*,#1340,.T.);
#1866=ORIENTED_EDGE('',*,*,#1341,.T.);
#1867=ORIENTED_EDGE('',*,*,#1337,.F.);
#1868=ORIENTED_EDGE('',*,*,#1342,.T.);
#1869=ORIENTED_EDGE('',*,*,#1343,.T.);
#1870=ORIENTED_EDGE('',*,*,#1344,.T.);
#1871=ORIENTED_EDGE('',*,*,#1340,.F.);
#1872=ORIENTED_EDGE('',*,*,#1345,.T.);
#1873=ORIENTED_EDGE('',*,*,#1346,.T.);
#1874=ORIENTED_EDGE('',*,*,#1343,.F.);
#1875=ORIENTED_EDGE('',*,*,#1347,.T.);
#1876=ORIENTED_EDGE('',*,*,#1348,.F.);
#1877=ORIENTED_EDGE('',*,*,#1349,.T.);
#1878=ORIENTED_EDGE('',*,*,#1350,.T.);
#1879=ORIENTED_EDGE('',*,*,#1351,.T.);
#1880=ORIENTED_EDGE('',*,*,#1336,.F.);
#1881=ORIENTED_EDGE('',*,*,#1352,.T.);
#1882=ORIENTED_EDGE('',*,*,#1353,.T.);
#1883=ORIENTED_EDGE('',*,*,#1350,.F.);
#1884=ORIENTED_EDGE('',*,*,#1354,.T.);
#1885=ORIENTED_EDGE('',*,*,#1355,.T.);
#1886=ORIENTED_EDGE('',*,*,#1356,.T.);
#1887=ORIENTED_EDGE('',*,*,#1352,.F.);
#1888=ORIENTED_EDGE('',*,*,#1357,.T.);
#1889=ORIENTED_EDGE('',*,*,#1358,.T.);
#1890=ORIENTED_EDGE('',*,*,#1359,.T.);
#1891=ORIENTED_EDGE('',*,*,#1355,.F.);
#1892=ORIENTED_EDGE('',*,*,#1360,.T.);
#1893=ORIENTED_EDGE('',*,*,#1361,.T.);
#1894=ORIENTED_EDGE('',*,*,#1362,.T.);
#1895=ORIENTED_EDGE('',*,*,#1358,.F.);
#1896=ORIENTED_EDGE('',*,*,#1363,.T.);
#1897=ORIENTED_EDGE('',*,*,#1364,.T.);
#1898=ORIENTED_EDGE('',*,*,#1365,.T.);
#1899=ORIENTED_EDGE('',*,*,#1361,.F.);
#1900=ORIENTED_EDGE('',*,*,#1366,.T.);
#1901=ORIENTED_EDGE('',*,*,#1367,.T.);
#1902=ORIENTED_EDGE('',*,*,#1368,.T.);
#1903=ORIENTED_EDGE('',*,*,#1364,.F.);
#1904=ORIENTED_EDGE('',*,*,#1369,.T.);
#1905=ORIENTED_EDGE('',*,*,#1370,.T.);
#1906=ORIENTED_EDGE('',*,*,#1371,.T.);
#1907=ORIENTED_EDGE('',*,*,#1367,.F.);
#1908=ORIENTED_EDGE('',*,*,#1372,.T.);
#1909=ORIENTED_EDGE('',*,*,#1373,.T.);
#1910=ORIENTED_EDGE('',*,*,#1374,.T.);
#1911=ORIENTED_EDGE('',*,*,#1370,.F.);
#1912=ORIENTED_EDGE('',*,*,#1375,.T.);
#1913=ORIENTED_EDGE('',*,*,#1329,.F.);
#1914=ORIENTED_EDGE('',*,*,#1376,.T.);
#1915=ORIENTED_EDGE('',*,*,#1373,.F.);
#1916=ORIENTED_EDGE('',*,*,#1377,.T.);
#1917=ORIENTED_EDGE('',*,*,#1378,.T.);
#1918=ORIENTED_EDGE('',*,*,#1331,.F.);
#1919=ORIENTED_EDGE('',*,*,#1379,.T.);
#1920=ORIENTED_EDGE('',*,*,#1348,.T.);
#1921=ORIENTED_EDGE('',*,*,#1374,.F.);
#1922=ORIENTED_EDGE('',*,*,#1380,.F.);
#1923=ORIENTED_EDGE('',*,*,#1381,.T.);
#1924=ORIENTED_EDGE('',*,*,#1382,.T.);
#1925=ORIENTED_EDGE('',*,*,#1376,.F.);
#1926=ORIENTED_EDGE('',*,*,#1383,.F.);
#1927=ORIENTED_EDGE('',*,*,#1384,.T.);
#1928=ORIENTED_EDGE('',*,*,#1380,.T.);
#1929=ORIENTED_EDGE('',*,*,#1332,.F.);
#1930=ORIENTED_EDGE('',*,*,#1385,.F.);
#1931=ORIENTED_EDGE('',*,*,#1386,.F.);
#1932=ORIENTED_EDGE('',*,*,#1383,.T.);
#1933=ORIENTED_EDGE('',*,*,#1378,.F.);
#1934=ORIENTED_EDGE('',*,*,#1387,.F.);
#1935=ORIENTED_EDGE('',*,*,#1388,.T.);
#1936=ORIENTED_EDGE('',*,*,#1385,.T.);
#1937=ORIENTED_EDGE('',*,*,#1347,.F.);
#1938=ORIENTED_EDGE('',*,*,#1345,.F.);
#1939=ORIENTED_EDGE('',*,*,#1342,.F.);
#1940=ORIENTED_EDGE('',*,*,#1339,.F.);
#1941=ORIENTED_EDGE('',*,*,#1333,.F.);
#1942=ORIENTED_EDGE('',*,*,#1389,.F.);
#1943=ORIENTED_EDGE('',*,*,#1390,.T.);
#1944=ORIENTED_EDGE('',*,*,#1387,.T.);
#1945=ORIENTED_EDGE('',*,*,#1326,.T.);
#1946=ORIENTED_EDGE('',*,*,#1360,.F.);
#1947=ORIENTED_EDGE('',*,*,#1357,.F.);
#1948=ORIENTED_EDGE('',*,*,#1354,.F.);
#1949=ORIENTED_EDGE('',*,*,#1349,.F.);
#1950=ORIENTED_EDGE('',*,*,#1335,.F.);
#1951=ORIENTED_EDGE('',*,*,#1391,.F.);
#1952=ORIENTED_EDGE('',*,*,#1369,.F.);
#1953=ORIENTED_EDGE('',*,*,#1392,.T.);
#1954=ORIENTED_EDGE('',*,*,#1344,.F.);
#1955=ORIENTED_EDGE('',*,*,#1393,.T.);
#1956=ORIENTED_EDGE('',*,*,#1366,.F.);
#1957=ORIENTED_EDGE('',*,*,#1394,.F.);
#1958=ORIENTED_EDGE('',*,*,#1341,.F.);
#1959=ORIENTED_EDGE('',*,*,#1392,.F.);
#1960=ORIENTED_EDGE('',*,*,#1363,.F.);
#1961=ORIENTED_EDGE('',*,*,#1391,.T.);
#1962=ORIENTED_EDGE('',*,*,#1338,.F.);
#1963=ORIENTED_EDGE('',*,*,#1394,.T.);
#1964=ORIENTED_EDGE('',*,*,#1356,.F.);
#1965=ORIENTED_EDGE('',*,*,#1395,.F.);
#1966=ORIENTED_EDGE('',*,*,#1396,.T.);
#1967=ORIENTED_EDGE('',*,*,#1397,.T.);
#1968=ORIENTED_EDGE('',*,*,#1371,.F.);
#1969=ORIENTED_EDGE('',*,*,#1382,.F.);
#1970=ORIENTED_EDGE('',*,*,#1398,.F.);
#1971=ORIENTED_EDGE('',*,*,#1395,.T.);
#1972=ORIENTED_EDGE('',*,*,#1359,.F.);
#1973=ORIENTED_EDGE('',*,*,#1362,.F.);
#1974=ORIENTED_EDGE('',*,*,#1365,.F.);
#1975=ORIENTED_EDGE('',*,*,#1368,.F.);
#1976=ORIENTED_EDGE('',*,*,#1328,.T.);
#1977=ORIENTED_EDGE('',*,*,#1372,.F.);
#1978=ORIENTED_EDGE('',*,*,#1393,.F.);
#1979=ORIENTED_EDGE('',*,*,#1346,.F.);
#1980=ORIENTED_EDGE('',*,*,#1379,.F.);
#1981=ORIENTED_EDGE('',*,*,#1330,.F.);
#1982=ORIENTED_EDGE('',*,*,#1377,.F.);
#1983=ORIENTED_EDGE('',*,*,#1375,.F.);
#1984=ORIENTED_EDGE('',*,*,#1351,.F.);
#1985=ORIENTED_EDGE('',*,*,#1399,.F.);
#1986=ORIENTED_EDGE('',*,*,#1400,.T.);
#1987=ORIENTED_EDGE('',*,*,#1389,.T.);
#1988=ORIENTED_EDGE('',*,*,#1353,.F.);
#1989=ORIENTED_EDGE('',*,*,#1397,.F.);
#1990=ORIENTED_EDGE('',*,*,#1401,.F.);
#1991=ORIENTED_EDGE('',*,*,#1399,.T.);
#1992=ORIENTED_EDGE('',*,*,#1396,.F.);
#1993=ORIENTED_EDGE('',*,*,#1398,.T.);
#1994=ORIENTED_EDGE('',*,*,#1381,.F.);
#1995=ORIENTED_EDGE('',*,*,#1384,.F.);
#1996=ORIENTED_EDGE('',*,*,#1386,.T.);
#1997=ORIENTED_EDGE('',*,*,#1388,.F.);
#1998=ORIENTED_EDGE('',*,*,#1390,.F.);
#1999=ORIENTED_EDGE('',*,*,#1400,.F.);
#2000=ORIENTED_EDGE('',*,*,#1401,.T.);
#2001=ORIENTED_EDGE('',*,*,#1317,.T.);
#2002=ORIENTED_EDGE('',*,*,#1282,.T.);
#2003=ORIENTED_EDGE('',*,*,#1313,.T.);
#2004=ORIENTED_EDGE('',*,*,#1308,.T.);
#2005=ORIENTED_EDGE('',*,*,#1325,.T.);
#2006=ORIENTED_EDGE('',*,*,#1230,.T.);
#2007=ORIENTED_EDGE('',*,*,#1321,.T.);
#2008=ORIENTED_EDGE('',*,*,#1256,.T.);
#2009=ORIENTED_EDGE('',*,*,#1402,.T.);
#2010=ORIENTED_EDGE('',*,*,#1403,.T.);
#2011=ORIENTED_EDGE('',*,*,#1404,.T.);
#2012=ORIENTED_EDGE('',*,*,#1405,.T.);
#2013=ORIENTED_EDGE('',*,*,#1406,.T.);
#2014=ORIENTED_EDGE('',*,*,#1407,.T.);
#2015=ORIENTED_EDGE('',*,*,#1402,.F.);
#2016=ORIENTED_EDGE('',*,*,#1408,.T.);
#2017=ORIENTED_EDGE('',*,*,#1409,.T.);
#2018=ORIENTED_EDGE('',*,*,#1410,.T.);
#2019=ORIENTED_EDGE('',*,*,#1406,.F.);
#2020=ORIENTED_EDGE('',*,*,#1411,.T.);
#2021=ORIENTED_EDGE('',*,*,#1412,.T.);
#2022=ORIENTED_EDGE('',*,*,#1413,.T.);
#2023=ORIENTED_EDGE('',*,*,#1409,.F.);
#2024=ORIENTED_EDGE('',*,*,#1414,.T.);
#2025=ORIENTED_EDGE('',*,*,#1415,.T.);
#2026=ORIENTED_EDGE('',*,*,#1416,.T.);
#2027=ORIENTED_EDGE('',*,*,#1412,.F.);
#2028=ORIENTED_EDGE('',*,*,#1417,.T.);
#2029=ORIENTED_EDGE('',*,*,#1418,.T.);
#2030=ORIENTED_EDGE('',*,*,#1419,.T.);
#2031=ORIENTED_EDGE('',*,*,#1415,.F.);
#2032=ORIENTED_EDGE('',*,*,#1420,.T.);
#2033=ORIENTED_EDGE('',*,*,#1421,.T.);
#2034=ORIENTED_EDGE('',*,*,#1422,.T.);
#2035=ORIENTED_EDGE('',*,*,#1418,.F.);
#2036=ORIENTED_EDGE('',*,*,#1423,.T.);
#2037=ORIENTED_EDGE('',*,*,#1424,.T.);
#2038=ORIENTED_EDGE('',*,*,#1425,.T.);
#2039=ORIENTED_EDGE('',*,*,#1421,.F.);
#2040=ORIENTED_EDGE('',*,*,#1426,.T.);
#2041=ORIENTED_EDGE('',*,*,#1427,.T.);
#2042=ORIENTED_EDGE('',*,*,#1428,.T.);
#2043=ORIENTED_EDGE('',*,*,#1424,.F.);
#2044=ORIENTED_EDGE('',*,*,#1429,.T.);
#2045=ORIENTED_EDGE('',*,*,#1430,.T.);
#2046=ORIENTED_EDGE('',*,*,#1431,.T.);
#2047=ORIENTED_EDGE('',*,*,#1427,.F.);
#2048=ORIENTED_EDGE('',*,*,#1432,.T.);
#2049=ORIENTED_EDGE('',*,*,#1433,.T.);
#2050=ORIENTED_EDGE('',*,*,#1434,.T.);
#2051=ORIENTED_EDGE('',*,*,#1430,.F.);
#2052=ORIENTED_EDGE('',*,*,#1435,.T.);
#2053=ORIENTED_EDGE('',*,*,#1436,.F.);
#2054=ORIENTED_EDGE('',*,*,#1437,.T.);
#2055=ORIENTED_EDGE('',*,*,#1438,.F.);
#2056=ORIENTED_EDGE('',*,*,#1439,.T.);
#2057=ORIENTED_EDGE('',*,*,#1440,.T.);
#2058=ORIENTED_EDGE('',*,*,#1441,.T.);
#2059=ORIENTED_EDGE('',*,*,#1442,.F.);
#2060=ORIENTED_EDGE('',*,*,#1443,.F.);
#2061=ORIENTED_EDGE('',*,*,#1444,.T.);
#2062=ORIENTED_EDGE('',*,*,#1445,.T.);
#2063=ORIENTED_EDGE('',*,*,#1440,.F.);
#2064=ORIENTED_EDGE('',*,*,#1446,.F.);
#2065=ORIENTED_EDGE('',*,*,#1447,.T.);
#2066=ORIENTED_EDGE('',*,*,#1448,.T.);
#2067=ORIENTED_EDGE('',*,*,#1444,.F.);
#2068=ORIENTED_EDGE('',*,*,#1449,.F.);
#2069=ORIENTED_EDGE('',*,*,#1450,.T.);
#2070=ORIENTED_EDGE('',*,*,#1451,.T.);
#2071=ORIENTED_EDGE('',*,*,#1447,.F.);
#2072=ORIENTED_EDGE('',*,*,#1452,.F.);
#2073=ORIENTED_EDGE('',*,*,#1453,.T.);
#2074=ORIENTED_EDGE('',*,*,#1454,.T.);
#2075=ORIENTED_EDGE('',*,*,#1450,.F.);
#2076=ORIENTED_EDGE('',*,*,#1455,.F.);
#2077=ORIENTED_EDGE('',*,*,#1456,.T.);
#2078=ORIENTED_EDGE('',*,*,#1457,.T.);
#2079=ORIENTED_EDGE('',*,*,#1453,.F.);
#2080=ORIENTED_EDGE('',*,*,#1458,.F.);
#2081=ORIENTED_EDGE('',*,*,#1459,.T.);
#2082=ORIENTED_EDGE('',*,*,#1460,.T.);
#2083=ORIENTED_EDGE('',*,*,#1456,.F.);
#2084=ORIENTED_EDGE('',*,*,#1461,.F.);
#2085=ORIENTED_EDGE('',*,*,#1462,.T.);
#2086=ORIENTED_EDGE('',*,*,#1463,.T.);
#2087=ORIENTED_EDGE('',*,*,#1459,.F.);
#2088=ORIENTED_EDGE('',*,*,#1464,.F.);
#2089=ORIENTED_EDGE('',*,*,#1465,.T.);
#2090=ORIENTED_EDGE('',*,*,#1466,.T.);
#2091=ORIENTED_EDGE('',*,*,#1462,.F.);
#2092=ORIENTED_EDGE('',*,*,#1467,.F.);
#2093=ORIENTED_EDGE('',*,*,#1468,.T.);
#2094=ORIENTED_EDGE('',*,*,#1469,.T.);
#2095=ORIENTED_EDGE('',*,*,#1465,.F.);
#2096=ORIENTED_EDGE('',*,*,#1470,.F.);
#2097=ORIENTED_EDGE('',*,*,#1471,.T.);
#2098=ORIENTED_EDGE('',*,*,#1472,.T.);
#2099=ORIENTED_EDGE('',*,*,#1468,.F.);
#2100=ORIENTED_EDGE('',*,*,#1473,.F.);
#2101=ORIENTED_EDGE('',*,*,#1474,.F.);
#2102=ORIENTED_EDGE('',*,*,#1475,.F.);
#2103=ORIENTED_EDGE('',*,*,#1476,.F.);
#2104=ORIENTED_EDGE('',*,*,#1477,.T.);
#2105=ORIENTED_EDGE('',*,*,#1478,.T.);
#2106=ORIENTED_EDGE('',*,*,#1479,.T.);
#2107=ORIENTED_EDGE('',*,*,#1480,.T.);
#2108=ORIENTED_EDGE('',*,*,#1481,.T.);
#2109=ORIENTED_EDGE('',*,*,#1482,.T.);
#2110=ORIENTED_EDGE('',*,*,#1483,.T.);
#2111=ORIENTED_EDGE('',*,*,#1478,.F.);
#2112=ORIENTED_EDGE('',*,*,#1484,.T.);
#2113=ORIENTED_EDGE('',*,*,#1485,.T.);
#2114=ORIENTED_EDGE('',*,*,#1486,.T.);
#2115=ORIENTED_EDGE('',*,*,#1482,.F.);
#2116=ORIENTED_EDGE('',*,*,#1487,.T.);
#2117=ORIENTED_EDGE('',*,*,#1488,.T.);
#2118=ORIENTED_EDGE('',*,*,#1489,.T.);
#2119=ORIENTED_EDGE('',*,*,#1485,.F.);
#2120=ORIENTED_EDGE('',*,*,#1490,.T.);
#2121=ORIENTED_EDGE('',*,*,#1491,.T.);
#2122=ORIENTED_EDGE('',*,*,#1492,.T.);
#2123=ORIENTED_EDGE('',*,*,#1488,.F.);
#2124=ORIENTED_EDGE('',*,*,#1493,.T.);
#2125=ORIENTED_EDGE('',*,*,#1494,.T.);
#2126=ORIENTED_EDGE('',*,*,#1495,.T.);
#2127=ORIENTED_EDGE('',*,*,#1491,.F.);
#2128=ORIENTED_EDGE('',*,*,#1496,.T.);
#2129=ORIENTED_EDGE('',*,*,#1497,.T.);
#2130=ORIENTED_EDGE('',*,*,#1498,.T.);
#2131=ORIENTED_EDGE('',*,*,#1494,.F.);
#2132=ORIENTED_EDGE('',*,*,#1499,.T.);
#2133=ORIENTED_EDGE('',*,*,#1500,.F.);
#2134=ORIENTED_EDGE('',*,*,#1501,.T.);
#2135=ORIENTED_EDGE('',*,*,#1502,.F.);
#2136=ORIENTED_EDGE('',*,*,#1503,.T.);
#2137=ORIENTED_EDGE('',*,*,#1504,.T.);
#2138=ORIENTED_EDGE('',*,*,#1505,.T.);
#2139=ORIENTED_EDGE('',*,*,#1506,.F.);
#2140=ORIENTED_EDGE('',*,*,#1507,.F.);
#2141=ORIENTED_EDGE('',*,*,#1508,.T.);
#2142=ORIENTED_EDGE('',*,*,#1509,.T.);
#2143=ORIENTED_EDGE('',*,*,#1504,.F.);
#2144=ORIENTED_EDGE('',*,*,#1510,.F.);
#2145=ORIENTED_EDGE('',*,*,#1511,.T.);
#2146=ORIENTED_EDGE('',*,*,#1512,.T.);
#2147=ORIENTED_EDGE('',*,*,#1508,.F.);
#2148=ORIENTED_EDGE('',*,*,#1513,.F.);
#2149=ORIENTED_EDGE('',*,*,#1514,.T.);
#2150=ORIENTED_EDGE('',*,*,#1515,.T.);
#2151=ORIENTED_EDGE('',*,*,#1511,.F.);
#2152=ORIENTED_EDGE('',*,*,#1516,.F.);
#2153=ORIENTED_EDGE('',*,*,#1517,.T.);
#2154=ORIENTED_EDGE('',*,*,#1518,.T.);
#2155=ORIENTED_EDGE('',*,*,#1514,.F.);
#2156=ORIENTED_EDGE('',*,*,#1519,.F.);
#2157=ORIENTED_EDGE('',*,*,#1520,.T.);
#2158=ORIENTED_EDGE('',*,*,#1521,.T.);
#2159=ORIENTED_EDGE('',*,*,#1517,.F.);
#2160=ORIENTED_EDGE('',*,*,#1522,.F.);
#2161=ORIENTED_EDGE('',*,*,#1523,.T.);
#2162=ORIENTED_EDGE('',*,*,#1524,.T.);
#2163=ORIENTED_EDGE('',*,*,#1520,.F.);
#2164=ORIENTED_EDGE('',*,*,#1525,.F.);
#2165=ORIENTED_EDGE('',*,*,#1526,.F.);
#2166=ORIENTED_EDGE('',*,*,#1527,.F.);
#2167=ORIENTED_EDGE('',*,*,#1528,.F.);
#2168=ORIENTED_EDGE('',*,*,#1529,.T.);
#2169=ORIENTED_EDGE('',*,*,#1530,.T.);
#2170=ORIENTED_EDGE('',*,*,#1531,.T.);
#2171=ORIENTED_EDGE('',*,*,#1532,.T.);
#2172=ORIENTED_EDGE('',*,*,#1533,.T.);
#2173=ORIENTED_EDGE('',*,*,#1534,.T.);
#2174=ORIENTED_EDGE('',*,*,#1535,.T.);
#2175=ORIENTED_EDGE('',*,*,#1532,.F.);
#2176=ORIENTED_EDGE('',*,*,#1536,.T.);
#2177=ORIENTED_EDGE('',*,*,#1537,.T.);
#2178=ORIENTED_EDGE('',*,*,#1538,.T.);
#2179=ORIENTED_EDGE('',*,*,#1534,.F.);
#2180=ORIENTED_EDGE('',*,*,#1539,.T.);
#2181=ORIENTED_EDGE('',*,*,#1540,.T.);
#2182=ORIENTED_EDGE('',*,*,#1541,.T.);
#2183=ORIENTED_EDGE('',*,*,#1537,.F.);
#2184=ORIENTED_EDGE('',*,*,#1542,.T.);
#2185=ORIENTED_EDGE('',*,*,#1543,.T.);
#2186=ORIENTED_EDGE('',*,*,#1544,.T.);
#2187=ORIENTED_EDGE('',*,*,#1540,.F.);
#2188=ORIENTED_EDGE('',*,*,#1545,.T.);
#2189=ORIENTED_EDGE('',*,*,#1546,.T.);
#2190=ORIENTED_EDGE('',*,*,#1547,.T.);
#2191=ORIENTED_EDGE('',*,*,#1543,.F.);
#2192=ORIENTED_EDGE('',*,*,#1548,.T.);
#2193=ORIENTED_EDGE('',*,*,#1549,.T.);
#2194=ORIENTED_EDGE('',*,*,#1550,.T.);
#2195=ORIENTED_EDGE('',*,*,#1546,.F.);
#2196=ORIENTED_EDGE('',*,*,#1551,.T.);
#2197=ORIENTED_EDGE('',*,*,#1552,.T.);
#2198=ORIENTED_EDGE('',*,*,#1553,.T.);
#2199=ORIENTED_EDGE('',*,*,#1549,.F.);
#2200=ORIENTED_EDGE('',*,*,#1554,.T.);
#2201=ORIENTED_EDGE('',*,*,#1555,.T.);
#2202=ORIENTED_EDGE('',*,*,#1556,.T.);
#2203=ORIENTED_EDGE('',*,*,#1552,.F.);
#2204=ORIENTED_EDGE('',*,*,#1557,.T.);
#2205=ORIENTED_EDGE('',*,*,#1558,.T.);
#2206=ORIENTED_EDGE('',*,*,#1559,.T.);
#2207=ORIENTED_EDGE('',*,*,#1555,.F.);
#2208=ORIENTED_EDGE('',*,*,#1560,.T.);
#2209=ORIENTED_EDGE('',*,*,#1561,.T.);
#2210=ORIENTED_EDGE('',*,*,#1562,.T.);
#2211=ORIENTED_EDGE('',*,*,#1558,.F.);
#2212=ORIENTED_EDGE('',*,*,#1563,.T.);
#2213=ORIENTED_EDGE('',*,*,#1564,.T.);
#2214=ORIENTED_EDGE('',*,*,#1565,.T.);
#2215=ORIENTED_EDGE('',*,*,#1561,.F.);
#2216=ORIENTED_EDGE('',*,*,#1566,.T.);
#2217=ORIENTED_EDGE('',*,*,#1567,.T.);
#2218=ORIENTED_EDGE('',*,*,#1568,.T.);
#2219=ORIENTED_EDGE('',*,*,#1564,.F.);
#2220=ORIENTED_EDGE('',*,*,#1569,.T.);
#2221=ORIENTED_EDGE('',*,*,#1570,.T.);
#2222=ORIENTED_EDGE('',*,*,#1571,.T.);
#2223=ORIENTED_EDGE('',*,*,#1567,.F.);
#2224=ORIENTED_EDGE('',*,*,#1572,.T.);
#2225=ORIENTED_EDGE('',*,*,#1573,.T.);
#2226=ORIENTED_EDGE('',*,*,#1574,.T.);
#2227=ORIENTED_EDGE('',*,*,#1570,.F.);
#2228=ORIENTED_EDGE('',*,*,#1575,.T.);
#2229=ORIENTED_EDGE('',*,*,#1530,.F.);
#2230=ORIENTED_EDGE('',*,*,#1576,.T.);
#2231=ORIENTED_EDGE('',*,*,#1573,.F.);
#2232=ORIENTED_EDGE('',*,*,#1577,.T.);
#2233=ORIENTED_EDGE('',*,*,#1548,.F.);
#2234=ORIENTED_EDGE('',*,*,#1578,.T.);
#2235=ORIENTED_EDGE('',*,*,#1566,.F.);
#2236=ORIENTED_EDGE('',*,*,#1579,.T.);
#2237=ORIENTED_EDGE('',*,*,#1545,.F.);
#2238=ORIENTED_EDGE('',*,*,#1580,.F.);
#2239=ORIENTED_EDGE('',*,*,#1569,.F.);
#2240=ORIENTED_EDGE('',*,*,#1578,.F.);
#2241=ORIENTED_EDGE('',*,*,#1542,.F.);
#2242=ORIENTED_EDGE('',*,*,#1581,.T.);
#2243=ORIENTED_EDGE('',*,*,#1572,.F.);
#2244=ORIENTED_EDGE('',*,*,#1580,.T.);
#2245=ORIENTED_EDGE('',*,*,#1539,.F.);
#2246=ORIENTED_EDGE('',*,*,#1536,.F.);
#2247=ORIENTED_EDGE('',*,*,#1531,.F.);
#2248=ORIENTED_EDGE('',*,*,#1577,.F.);
#2249=ORIENTED_EDGE('',*,*,#1575,.F.);
#2250=ORIENTED_EDGE('',*,*,#1581,.F.);
#2251=ORIENTED_EDGE('',*,*,#1559,.F.);
#2252=ORIENTED_EDGE('',*,*,#1582,.F.);
#2253=ORIENTED_EDGE('',*,*,#1583,.T.);
#2254=ORIENTED_EDGE('',*,*,#1584,.T.);
#2255=ORIENTED_EDGE('',*,*,#1562,.F.);
#2256=ORIENTED_EDGE('',*,*,#1565,.F.);
#2257=ORIENTED_EDGE('',*,*,#1568,.F.);
#2258=ORIENTED_EDGE('',*,*,#1571,.F.);
#2259=ORIENTED_EDGE('',*,*,#1574,.F.);
#2260=ORIENTED_EDGE('',*,*,#1585,.F.);
#2261=ORIENTED_EDGE('',*,*,#1586,.F.);
#2262=ORIENTED_EDGE('',*,*,#1582,.T.);
#2263=ORIENTED_EDGE('',*,*,#1587,.T.);
#2264=ORIENTED_EDGE('',*,*,#1576,.F.);
#2265=ORIENTED_EDGE('',*,*,#1588,.F.);
#2266=ORIENTED_EDGE('',*,*,#1589,.T.);
#2267=ORIENTED_EDGE('',*,*,#1585,.T.);
#2268=ORIENTED_EDGE('',*,*,#1533,.F.);
#2269=ORIENTED_EDGE('',*,*,#1590,.F.);
#2270=ORIENTED_EDGE('',*,*,#1591,.F.);
#2271=ORIENTED_EDGE('',*,*,#1588,.T.);
#2272=ORIENTED_EDGE('',*,*,#1551,.F.);
#2273=ORIENTED_EDGE('',*,*,#1579,.F.);
#2274=ORIENTED_EDGE('',*,*,#1563,.F.);
#2275=ORIENTED_EDGE('',*,*,#1560,.F.);
#2276=ORIENTED_EDGE('',*,*,#1557,.F.);
#2277=ORIENTED_EDGE('',*,*,#1554,.F.);
#2278=ORIENTED_EDGE('',*,*,#1550,.F.);
#2279=ORIENTED_EDGE('',*,*,#1592,.F.);
#2280=ORIENTED_EDGE('',*,*,#1593,.F.);
#2281=ORIENTED_EDGE('',*,*,#1594,.T.);
#2282=ORIENTED_EDGE('',*,*,#1538,.F.);
#2283=ORIENTED_EDGE('',*,*,#1541,.F.);
#2284=ORIENTED_EDGE('',*,*,#1544,.F.);
#2285=ORIENTED_EDGE('',*,*,#1547,.F.);
#2286=ORIENTED_EDGE('',*,*,#1595,.T.);
#2287=ORIENTED_EDGE('',*,*,#1526,.T.);
#2288=ORIENTED_EDGE('',*,*,#1596,.T.);
#2289=ORIENTED_EDGE('',*,*,#1523,.F.);
#2290=ORIENTED_EDGE('',*,*,#1597,.F.);
#2291=ORIENTED_EDGE('',*,*,#1598,.F.);
#2292=ORIENTED_EDGE('',*,*,#1505,.F.);
#2293=ORIENTED_EDGE('',*,*,#1509,.F.);
#2294=ORIENTED_EDGE('',*,*,#1512,.F.);
#2295=ORIENTED_EDGE('',*,*,#1515,.F.);
#2296=ORIENTED_EDGE('',*,*,#1518,.F.);
#2297=ORIENTED_EDGE('',*,*,#1521,.F.);
#2298=ORIENTED_EDGE('',*,*,#1524,.F.);
#2299=ORIENTED_EDGE('',*,*,#1596,.F.);
#2300=ORIENTED_EDGE('',*,*,#1529,.F.);
#2301=ORIENTED_EDGE('',*,*,#1599,.F.);
#2302=ORIENTED_EDGE('',*,*,#1501,.F.);
#2303=ORIENTED_EDGE('',*,*,#1600,.F.);
#2304=ORIENTED_EDGE('',*,*,#1499,.F.);
#2305=ORIENTED_EDGE('',*,*,#1496,.F.);
#2306=ORIENTED_EDGE('',*,*,#1493,.F.);
#2307=ORIENTED_EDGE('',*,*,#1490,.F.);
#2308=ORIENTED_EDGE('',*,*,#1487,.F.);
#2309=ORIENTED_EDGE('',*,*,#1484,.F.);
#2310=ORIENTED_EDGE('',*,*,#1481,.F.);
#2311=ORIENTED_EDGE('',*,*,#1601,.F.);
#2312=ORIENTED_EDGE('',*,*,#1479,.F.);
#2313=ORIENTED_EDGE('',*,*,#1483,.F.);
#2314=ORIENTED_EDGE('',*,*,#1486,.F.);
#2315=ORIENTED_EDGE('',*,*,#1489,.F.);
#2316=ORIENTED_EDGE('',*,*,#1492,.F.);
#2317=ORIENTED_EDGE('',*,*,#1495,.F.);
#2318=ORIENTED_EDGE('',*,*,#1498,.F.);
#2319=ORIENTED_EDGE('',*,*,#1602,.F.);
#2320=ORIENTED_EDGE('',*,*,#1503,.F.);
#2321=ORIENTED_EDGE('',*,*,#1603,.F.);
#2322=ORIENTED_EDGE('',*,*,#1527,.T.);
#2323=ORIENTED_EDGE('',*,*,#1597,.T.);
#2324=ORIENTED_EDGE('',*,*,#1525,.T.);
#2325=ORIENTED_EDGE('',*,*,#1522,.T.);
#2326=ORIENTED_EDGE('',*,*,#1519,.T.);
#2327=ORIENTED_EDGE('',*,*,#1516,.T.);
#2328=ORIENTED_EDGE('',*,*,#1513,.T.);
#2329=ORIENTED_EDGE('',*,*,#1510,.T.);
#2330=ORIENTED_EDGE('',*,*,#1507,.T.);
#2331=ORIENTED_EDGE('',*,*,#1500,.T.);
#2332=ORIENTED_EDGE('',*,*,#1602,.T.);
#2333=ORIENTED_EDGE('',*,*,#1497,.F.);
#2334=ORIENTED_EDGE('',*,*,#1600,.T.);
#2335=ORIENTED_EDGE('',*,*,#1601,.T.);
#2336=ORIENTED_EDGE('',*,*,#1506,.T.);
#2337=ORIENTED_EDGE('',*,*,#1598,.T.);
#2338=ORIENTED_EDGE('',*,*,#1480,.F.);
#2339=ORIENTED_EDGE('',*,*,#1474,.T.);
#2340=ORIENTED_EDGE('',*,*,#1604,.T.);
#2341=ORIENTED_EDGE('',*,*,#1471,.F.);
#2342=ORIENTED_EDGE('',*,*,#1605,.F.);
#2343=ORIENTED_EDGE('',*,*,#1606,.F.);
#2344=ORIENTED_EDGE('',*,*,#1441,.F.);
#2345=ORIENTED_EDGE('',*,*,#1445,.F.);
#2346=ORIENTED_EDGE('',*,*,#1448,.F.);
#2347=ORIENTED_EDGE('',*,*,#1451,.F.);
#2348=ORIENTED_EDGE('',*,*,#1454,.F.);
#2349=ORIENTED_EDGE('',*,*,#1457,.F.);
#2350=ORIENTED_EDGE('',*,*,#1460,.F.);
#2351=ORIENTED_EDGE('',*,*,#1463,.F.);
#2352=ORIENTED_EDGE('',*,*,#1466,.F.);
#2353=ORIENTED_EDGE('',*,*,#1469,.F.);
#2354=ORIENTED_EDGE('',*,*,#1472,.F.);
#2355=ORIENTED_EDGE('',*,*,#1604,.F.);
#2356=ORIENTED_EDGE('',*,*,#1477,.F.);
#2357=ORIENTED_EDGE('',*,*,#1607,.F.);
#2358=ORIENTED_EDGE('',*,*,#1437,.F.);
#2359=ORIENTED_EDGE('',*,*,#1608,.F.);
#2360=ORIENTED_EDGE('',*,*,#1435,.F.);
#2361=ORIENTED_EDGE('',*,*,#1432,.F.);
#2362=ORIENTED_EDGE('',*,*,#1429,.F.);
#2363=ORIENTED_EDGE('',*,*,#1426,.F.);
#2364=ORIENTED_EDGE('',*,*,#1423,.F.);
#2365=ORIENTED_EDGE('',*,*,#1420,.F.);
#2366=ORIENTED_EDGE('',*,*,#1417,.F.);
#2367=ORIENTED_EDGE('',*,*,#1414,.F.);
#2368=ORIENTED_EDGE('',*,*,#1411,.F.);
#2369=ORIENTED_EDGE('',*,*,#1408,.F.);
#2370=ORIENTED_EDGE('',*,*,#1405,.F.);
#2371=ORIENTED_EDGE('',*,*,#1609,.F.);
#2372=ORIENTED_EDGE('',*,*,#1403,.F.);
#2373=ORIENTED_EDGE('',*,*,#1407,.F.);
#2374=ORIENTED_EDGE('',*,*,#1410,.F.);
#2375=ORIENTED_EDGE('',*,*,#1413,.F.);
#2376=ORIENTED_EDGE('',*,*,#1416,.F.);
#2377=ORIENTED_EDGE('',*,*,#1419,.F.);
#2378=ORIENTED_EDGE('',*,*,#1422,.F.);
#2379=ORIENTED_EDGE('',*,*,#1425,.F.);
#2380=ORIENTED_EDGE('',*,*,#1428,.F.);
#2381=ORIENTED_EDGE('',*,*,#1431,.F.);
#2382=ORIENTED_EDGE('',*,*,#1434,.F.);
#2383=ORIENTED_EDGE('',*,*,#1610,.F.);
#2384=ORIENTED_EDGE('',*,*,#1439,.F.);
#2385=ORIENTED_EDGE('',*,*,#1611,.F.);
#2386=ORIENTED_EDGE('',*,*,#1475,.T.);
#2387=ORIENTED_EDGE('',*,*,#1605,.T.);
#2388=ORIENTED_EDGE('',*,*,#1473,.T.);
#2389=ORIENTED_EDGE('',*,*,#1470,.T.);
#2390=ORIENTED_EDGE('',*,*,#1467,.T.);
#2391=ORIENTED_EDGE('',*,*,#1464,.T.);
#2392=ORIENTED_EDGE('',*,*,#1461,.T.);
#2393=ORIENTED_EDGE('',*,*,#1458,.T.);
#2394=ORIENTED_EDGE('',*,*,#1455,.T.);
#2395=ORIENTED_EDGE('',*,*,#1452,.T.);
#2396=ORIENTED_EDGE('',*,*,#1449,.T.);
#2397=ORIENTED_EDGE('',*,*,#1446,.T.);
#2398=ORIENTED_EDGE('',*,*,#1443,.T.);
#2399=ORIENTED_EDGE('',*,*,#1436,.T.);
#2400=ORIENTED_EDGE('',*,*,#1610,.T.);
#2401=ORIENTED_EDGE('',*,*,#1433,.F.);
#2402=ORIENTED_EDGE('',*,*,#1608,.T.);
#2403=ORIENTED_EDGE('',*,*,#1609,.T.);
#2404=ORIENTED_EDGE('',*,*,#1442,.T.);
#2405=ORIENTED_EDGE('',*,*,#1606,.T.);
#2406=ORIENTED_EDGE('',*,*,#1404,.F.);
#2407=ORIENTED_EDGE('',*,*,#1587,.F.);
#2408=ORIENTED_EDGE('',*,*,#1612,.T.);
#2409=ORIENTED_EDGE('',*,*,#1595,.F.);
#2410=ORIENTED_EDGE('',*,*,#1612,.F.);
#2411=ORIENTED_EDGE('',*,*,#1553,.F.);
#2412=ORIENTED_EDGE('',*,*,#1613,.F.);
#2413=ORIENTED_EDGE('',*,*,#1614,.T.);
#2414=ORIENTED_EDGE('',*,*,#1592,.T.);
#2415=ORIENTED_EDGE('',*,*,#1556,.F.);
#2416=ORIENTED_EDGE('',*,*,#1584,.F.);
#2417=ORIENTED_EDGE('',*,*,#1615,.T.);
#2418=ORIENTED_EDGE('',*,*,#1613,.T.);
#2419=ORIENTED_EDGE('',*,*,#1535,.F.);
#2420=ORIENTED_EDGE('',*,*,#1594,.F.);
#2421=ORIENTED_EDGE('',*,*,#1616,.T.);
#2422=ORIENTED_EDGE('',*,*,#1590,.T.);
#2423=ORIENTED_EDGE('',*,*,#1589,.F.);
#2424=ORIENTED_EDGE('',*,*,#1591,.T.);
#2425=ORIENTED_EDGE('',*,*,#1616,.F.);
#2426=ORIENTED_EDGE('',*,*,#1593,.T.);
#2427=ORIENTED_EDGE('',*,*,#1614,.F.);
#2428=ORIENTED_EDGE('',*,*,#1615,.F.);
#2429=ORIENTED_EDGE('',*,*,#1583,.F.);
#2430=ORIENTED_EDGE('',*,*,#1586,.T.);
#2431=ORIENTED_EDGE('',*,*,#1603,.T.);
#2432=ORIENTED_EDGE('',*,*,#1502,.T.);
#2433=ORIENTED_EDGE('',*,*,#1599,.T.);
#2434=ORIENTED_EDGE('',*,*,#1528,.T.);
#2435=ORIENTED_EDGE('',*,*,#1611,.T.);
#2436=ORIENTED_EDGE('',*,*,#1438,.T.);
#2437=ORIENTED_EDGE('',*,*,#1607,.T.);
#2438=ORIENTED_EDGE('',*,*,#1476,.T.);
#2439=CYLINDRICAL_SURFACE('',#2721,0.06725);
#2440=CYLINDRICAL_SURFACE('',#2723,0.06725);
#2441=CYLINDRICAL_SURFACE('',#2724,0.06725);
#2442=CYLINDRICAL_SURFACE('',#2725,0.06725);
#2443=CYLINDRICAL_SURFACE('',#2726,0.06725);
#2444=CYLINDRICAL_SURFACE('',#2727,0.06725);
#2445=CYLINDRICAL_SURFACE('',#2728,0.06725);
#2446=CYLINDRICAL_SURFACE('',#2729,0.06725);
#2447=CYLINDRICAL_SURFACE('',#2731,0.0820000000000001);
#2448=CYLINDRICAL_SURFACE('',#2733,0.0820000000000001);
#2449=CYLINDRICAL_SURFACE('',#2734,0.0820000000000001);
#2450=CYLINDRICAL_SURFACE('',#2735,0.0820000000000001);
#2451=CYLINDRICAL_SURFACE('',#2736,0.0820000000000001);
#2452=CYLINDRICAL_SURFACE('',#2737,0.0820000000000001);
#2453=CYLINDRICAL_SURFACE('',#2738,0.0820000000000001);
#2454=CYLINDRICAL_SURFACE('',#2739,0.0820000000000001);
#2455=CYLINDRICAL_SURFACE('',#2741,0.06725);
#2456=CYLINDRICAL_SURFACE('',#2743,0.06725);
#2457=CYLINDRICAL_SURFACE('',#2744,0.06725);
#2458=CYLINDRICAL_SURFACE('',#2745,0.06725);
#2459=CYLINDRICAL_SURFACE('',#2746,0.06725);
#2460=CYLINDRICAL_SURFACE('',#2747,0.06725);
#2461=CYLINDRICAL_SURFACE('',#2748,0.06725);
#2462=CYLINDRICAL_SURFACE('',#2749,0.06725);
#2463=CYLINDRICAL_SURFACE('',#2751,0.0820000000000001);
#2464=CYLINDRICAL_SURFACE('',#2753,0.0820000000000001);
#2465=CYLINDRICAL_SURFACE('',#2754,0.0820000000000001);
#2466=CYLINDRICAL_SURFACE('',#2755,0.0820000000000001);
#2467=CYLINDRICAL_SURFACE('',#2756,0.0820000000000001);
#2468=CYLINDRICAL_SURFACE('',#2757,0.0820000000000001);
#2469=CYLINDRICAL_SURFACE('',#2758,0.0820000000000001);
#2470=CYLINDRICAL_SURFACE('',#2759,0.0820000000000001);
#2471=CYLINDRICAL_SURFACE('',#2761,0.0820000000000001);
#2472=CYLINDRICAL_SURFACE('',#2762,0.06725);
#2473=CYLINDRICAL_SURFACE('',#2764,0.0820000000000001);
#2474=CYLINDRICAL_SURFACE('',#2765,0.06725);
#2475=CYLINDRICAL_SURFACE('',#2767,0.0825000000000002);
#2476=CYLINDRICAL_SURFACE('',#2770,0.02);
#2477=CYLINDRICAL_SURFACE('',#2773,0.02);
#2478=CYLINDRICAL_SURFACE('',#2779,0.02);
#2479=CYLINDRICAL_SURFACE('',#2785,0.02);
#2480=CYLINDRICAL_SURFACE('',#2790,0.02);
#2481=CYLINDRICAL_SURFACE('',#2796,0.02);
#2482=CYLINDRICAL_SURFACE('',#2802,0.02);
#2483=CYLINDRICAL_SURFACE('',#2808,0.02);
#2484=CYLINDRICAL_SURFACE('',#2814,0.02);
#2485=CYLINDRICAL_SURFACE('',#2818,0.050000000000001);
#2486=CYLINDRICAL_SURFACE('',#2822,0.0499999999999996);
#2487=CYLINDRICAL_SURFACE('',#2826,0.05);
#2488=CYLINDRICAL_SURFACE('',#2828,0.05);
#2489=CYLINDRICAL_SURFACE('',#2829,0.0500000000000017);
#2490=CYLINDRICAL_SURFACE('',#2833,0.0500000000000003);
#2491=CYLINDRICAL_SURFACE('',#2837,0.06725);
#2492=CYLINDRICAL_SURFACE('',#2839,0.06725);
#2493=CYLINDRICAL_SURFACE('',#2840,0.06725);
#2494=CYLINDRICAL_SURFACE('',#2841,0.06725);
#2495=CYLINDRICAL_SURFACE('',#2842,0.06725);
#2496=CYLINDRICAL_SURFACE('',#2843,0.06725);
#2497=CYLINDRICAL_SURFACE('',#2844,0.06725);
#2498=CYLINDRICAL_SURFACE('',#2845,0.06725);
#2499=CYLINDRICAL_SURFACE('',#2846,0.06725);
#2500=CYLINDRICAL_SURFACE('',#2847,0.06725);
#2501=CYLINDRICAL_SURFACE('',#2848,0.06725);
#2502=CYLINDRICAL_SURFACE('',#2849,0.06725);
#2503=CYLINDRICAL_SURFACE('',#2851,0.082);
#2504=CYLINDRICAL_SURFACE('',#2853,0.082);
#2505=CYLINDRICAL_SURFACE('',#2854,0.082);
#2506=CYLINDRICAL_SURFACE('',#2855,0.082);
#2507=CYLINDRICAL_SURFACE('',#2856,0.082);
#2508=CYLINDRICAL_SURFACE('',#2857,0.082);
#2509=CYLINDRICAL_SURFACE('',#2858,0.082);
#2510=CYLINDRICAL_SURFACE('',#2859,0.082);
#2511=CYLINDRICAL_SURFACE('',#2860,0.082);
#2512=CYLINDRICAL_SURFACE('',#2861,0.082);
#2513=CYLINDRICAL_SURFACE('',#2862,0.082);
#2514=CYLINDRICAL_SURFACE('',#2863,0.082);
#2515=CYLINDRICAL_SURFACE('',#2865,0.06725);
#2516=CYLINDRICAL_SURFACE('',#2867,0.06725);
#2517=CYLINDRICAL_SURFACE('',#2868,0.06725);
#2518=CYLINDRICAL_SURFACE('',#2869,0.06725);
#2519=CYLINDRICAL_SURFACE('',#2870,0.06725);
#2520=CYLINDRICAL_SURFACE('',#2871,0.06725);
#2521=CYLINDRICAL_SURFACE('',#2872,0.06725);
#2522=CYLINDRICAL_SURFACE('',#2873,0.06725);
#2523=CYLINDRICAL_SURFACE('',#2875,0.082);
#2524=CYLINDRICAL_SURFACE('',#2877,0.082);
#2525=CYLINDRICAL_SURFACE('',#2878,0.082);
#2526=CYLINDRICAL_SURFACE('',#2879,0.082);
#2527=CYLINDRICAL_SURFACE('',#2880,0.082);
#2528=CYLINDRICAL_SURFACE('',#2881,0.082);
#2529=CYLINDRICAL_SURFACE('',#2882,0.082);
#2530=CYLINDRICAL_SURFACE('',#2883,0.082);
#2531=CYLINDRICAL_SURFACE('',#2885,0.02);
#2532=CYLINDRICAL_SURFACE('',#2892,0.02);
#2533=CYLINDRICAL_SURFACE('',#2898,0.02);
#2534=CYLINDRICAL_SURFACE('',#2904,0.02);
#2535=CYLINDRICAL_SURFACE('',#2910,0.02);
#2536=CYLINDRICAL_SURFACE('',#2916,0.02);
#2537=CYLINDRICAL_SURFACE('',#2922,0.02);
#2538=CYLINDRICAL_SURFACE('',#2928,0.02);
#2539=CYLINDRICAL_SURFACE('',#2933,0.05);
#2540=CYLINDRICAL_SURFACE('',#2935,0.05);
#2541=CYLINDRICAL_SURFACE('',#2937,0.0499999999999999);
#2542=CYLINDRICAL_SURFACE('',#2941,0.0500000000000001);
#2543=CYLINDRICAL_SURFACE('',#2947,0.082);
#2544=CYLINDRICAL_SURFACE('',#2948,0.06725);
#2545=CYLINDRICAL_SURFACE('',#2950,0.082);
#2546=CYLINDRICAL_SURFACE('',#2951,0.06725);
#2547=CYLINDRICAL_SURFACE('',#2953,0.0825);
#2548=CYLINDRICAL_SURFACE('',#2954,0.0499999999999998);
#2549=CYLINDRICAL_SURFACE('',#2957,0.0499999999999997);
#2550=ADVANCED_FACE('',(#70),#2439,.F.);
#2551=ADVANCED_FACE('',(#71),#2440,.F.);
#2552=ADVANCED_FACE('',(#72),#2441,.F.);
#2553=ADVANCED_FACE('',(#73),#2442,.F.);
#2554=ADVANCED_FACE('',(#74),#2443,.F.);
#2555=ADVANCED_FACE('',(#75),#2444,.F.);
#2556=ADVANCED_FACE('',(#76),#2445,.F.);
#2557=ADVANCED_FACE('',(#77),#2446,.F.);
#2558=ADVANCED_FACE('',(#78),#2447,.F.);
#2559=ADVANCED_FACE('',(#79),#2448,.F.);
#2560=ADVANCED_FACE('',(#80),#2449,.F.);
#2561=ADVANCED_FACE('',(#81),#2450,.F.);
#2562=ADVANCED_FACE('',(#82),#2451,.F.);
#2563=ADVANCED_FACE('',(#83),#2452,.F.);
#2564=ADVANCED_FACE('',(#84),#2453,.F.);
#2565=ADVANCED_FACE('',(#85),#2454,.F.);
#2566=ADVANCED_FACE('',(#86),#2455,.F.);
#2567=ADVANCED_FACE('',(#87),#2456,.F.);
#2568=ADVANCED_FACE('',(#88),#2457,.F.);
#2569=ADVANCED_FACE('',(#89),#2458,.F.);
#2570=ADVANCED_FACE('',(#90),#2459,.F.);
#2571=ADVANCED_FACE('',(#91),#2460,.F.);
#2572=ADVANCED_FACE('',(#92),#2461,.F.);
#2573=ADVANCED_FACE('',(#93),#2462,.F.);
#2574=ADVANCED_FACE('',(#94),#2463,.F.);
#2575=ADVANCED_FACE('',(#95),#2464,.F.);
#2576=ADVANCED_FACE('',(#96),#2465,.F.);
#2577=ADVANCED_FACE('',(#97),#2466,.F.);
#2578=ADVANCED_FACE('',(#98),#2467,.F.);
#2579=ADVANCED_FACE('',(#99),#2468,.F.);
#2580=ADVANCED_FACE('',(#100),#2469,.F.);
#2581=ADVANCED_FACE('',(#101),#2470,.F.);
#2582=ADVANCED_FACE('',(#102),#2471,.F.);
#2583=ADVANCED_FACE('',(#103),#62,.F.);
#2584=ADVANCED_FACE('',(#104),#63,.F.);
#2585=ADVANCED_FACE('',(#105),#2472,.F.);
#2586=ADVANCED_FACE('',(#106),#41,.F.);
#2587=ADVANCED_FACE('',(#107),#2473,.F.);
#2588=ADVANCED_FACE('',(#108),#64,.F.);
#2589=ADVANCED_FACE('',(#109),#65,.F.);
#2590=ADVANCED_FACE('',(#110),#2474,.F.);
#2591=ADVANCED_FACE('',(#111),#42,.F.);
#2592=ADVANCED_FACE('',(#112),#2475,.F.);
#2593=ADVANCED_FACE('',(#113),#2476,.T.);
#2594=ADVANCED_FACE('',(#114),#2477,.T.);
#2595=ADVANCED_FACE('',(#115),#25,.T.);
#2596=ADVANCED_FACE('',(#116),#2478,.T.);
#2597=ADVANCED_FACE('',(#117),#26,.T.);
#2598=ADVANCED_FACE('',(#118),#2479,.T.);
#2599=ADVANCED_FACE('',(#119),#27,.T.);
#2600=ADVANCED_FACE('',(#120),#2480,.T.);
#2601=ADVANCED_FACE('',(#121),#28,.T.);
#2602=ADVANCED_FACE('',(#122),#2481,.T.);
#2603=ADVANCED_FACE('',(#123),#29,.T.);
#2604=ADVANCED_FACE('',(#124),#2482,.T.);
#2605=ADVANCED_FACE('',(#125),#30,.T.);
#2606=ADVANCED_FACE('',(#126),#2483,.T.);
#2607=ADVANCED_FACE('',(#127),#31,.T.);
#2608=ADVANCED_FACE('',(#128),#2484,.T.);
#2609=ADVANCED_FACE('',(#129),#32,.T.);
#2610=ADVANCED_FACE('',(#130),#2485,.T.);
#2611=ADVANCED_FACE('',(#131),#43,.T.);
#2612=ADVANCED_FACE('',(#132),#44,.T.);
#2613=ADVANCED_FACE('',(#133),#2486,.T.);
#2614=ADVANCED_FACE('',(#134,#17),#45,.T.);
#2615=ADVANCED_FACE('',(#135),#46,.F.);
#2616=ADVANCED_FACE('',(#136),#2487,.T.);
#2617=ADVANCED_FACE('',(#137),#47,.F.);
#2618=ADVANCED_FACE('',(#138),#2488,.F.);
#2619=ADVANCED_FACE('',(#139),#2489,.T.);
#2620=ADVANCED_FACE('',(#140,#18),#48,.T.);
#2621=ADVANCED_FACE('',(#141),#49,.T.);
#2622=ADVANCED_FACE('',(#142),#2490,.T.);
#2623=ADVANCED_FACE('',(#143),#50,.T.);
#2624=ADVANCED_FACE('',(#144,#19,#20),#51,.F.);
#2625=ADVANCED_FACE('',(#145),#2491,.F.);
#2626=ADVANCED_FACE('',(#146),#2492,.F.);
#2627=ADVANCED_FACE('',(#147),#2493,.F.);
#2628=ADVANCED_FACE('',(#148),#2494,.F.);
#2629=ADVANCED_FACE('',(#149),#2495,.F.);
#2630=ADVANCED_FACE('',(#150),#2496,.F.);
#2631=ADVANCED_FACE('',(#151),#2497,.F.);
#2632=ADVANCED_FACE('',(#152),#2498,.F.);
#2633=ADVANCED_FACE('',(#153),#2499,.F.);
#2634=ADVANCED_FACE('',(#154),#2500,.F.);
#2635=ADVANCED_FACE('',(#155),#2501,.F.);
#2636=ADVANCED_FACE('',(#156),#2502,.F.);
#2637=ADVANCED_FACE('',(#157),#2503,.F.);
#2638=ADVANCED_FACE('',(#158),#2504,.F.);
#2639=ADVANCED_FACE('',(#159),#2505,.F.);
#2640=ADVANCED_FACE('',(#160),#2506,.F.);
#2641=ADVANCED_FACE('',(#161),#2507,.F.);
#2642=ADVANCED_FACE('',(#162),#2508,.F.);
#2643=ADVANCED_FACE('',(#163),#2509,.F.);
#2644=ADVANCED_FACE('',(#164),#2510,.F.);
#2645=ADVANCED_FACE('',(#165),#2511,.F.);
#2646=ADVANCED_FACE('',(#166),#2512,.F.);
#2647=ADVANCED_FACE('',(#167),#2513,.F.);
#2648=ADVANCED_FACE('',(#168),#2514,.F.);
#2649=ADVANCED_FACE('',(#169),#2515,.F.);
#2650=ADVANCED_FACE('',(#170),#2516,.F.);
#2651=ADVANCED_FACE('',(#171),#2517,.F.);
#2652=ADVANCED_FACE('',(#172),#2518,.F.);
#2653=ADVANCED_FACE('',(#173),#2519,.F.);
#2654=ADVANCED_FACE('',(#174),#2520,.F.);
#2655=ADVANCED_FACE('',(#175),#2521,.F.);
#2656=ADVANCED_FACE('',(#176),#2522,.F.);
#2657=ADVANCED_FACE('',(#177),#2523,.F.);
#2658=ADVANCED_FACE('',(#178),#2524,.F.);
#2659=ADVANCED_FACE('',(#179),#2525,.F.);
#2660=ADVANCED_FACE('',(#180),#2526,.F.);
#2661=ADVANCED_FACE('',(#181),#2527,.F.);
#2662=ADVANCED_FACE('',(#182),#2528,.F.);
#2663=ADVANCED_FACE('',(#183),#2529,.F.);
#2664=ADVANCED_FACE('',(#184),#2530,.F.);
#2665=ADVANCED_FACE('',(#185),#2531,.T.);
#2666=ADVANCED_FACE('',(#186),#33,.T.);
#2667=ADVANCED_FACE('',(#187),#2532,.T.);
#2668=ADVANCED_FACE('',(#188),#34,.T.);
#2669=ADVANCED_FACE('',(#189),#2533,.T.);
#2670=ADVANCED_FACE('',(#190),#35,.T.);
#2671=ADVANCED_FACE('',(#191),#2534,.T.);
#2672=ADVANCED_FACE('',(#192),#36,.T.);
#2673=ADVANCED_FACE('',(#193),#2535,.T.);
#2674=ADVANCED_FACE('',(#194),#37,.T.);
#2675=ADVANCED_FACE('',(#195),#2536,.T.);
#2676=ADVANCED_FACE('',(#196),#38,.T.);
#2677=ADVANCED_FACE('',(#197),#2537,.T.);
#2678=ADVANCED_FACE('',(#198),#39,.T.);
#2679=ADVANCED_FACE('',(#199),#2538,.T.);
#2680=ADVANCED_FACE('',(#200),#40,.T.);
#2681=ADVANCED_FACE('',(#201),#2539,.F.);
#2682=ADVANCED_FACE('',(#202),#52,.F.);
#2683=ADVANCED_FACE('',(#203),#2540,.T.);
#2684=ADVANCED_FACE('',(#204),#53,.F.);
#2685=ADVANCED_FACE('',(#205),#2541,.T.);
#2686=ADVANCED_FACE('',(#206,#21),#54,.T.);
#2687=ADVANCED_FACE('',(#207),#2542,.T.);
#2688=ADVANCED_FACE('',(#208),#55,.T.);
#2689=ADVANCED_FACE('',(#209),#56,.F.);
#2690=ADVANCED_FACE('',(#210,#22),#57,.T.);
#2691=ADVANCED_FACE('',(#211),#2543,.F.);
#2692=ADVANCED_FACE('',(#212),#66,.F.);
#2693=ADVANCED_FACE('',(#213),#67,.F.);
#2694=ADVANCED_FACE('',(#214),#2544,.F.);
#2695=ADVANCED_FACE('',(#215),#58,.F.);
#2696=ADVANCED_FACE('',(#216),#2545,.F.);
#2697=ADVANCED_FACE('',(#217),#68,.F.);
#2698=ADVANCED_FACE('',(#218),#69,.F.);
#2699=ADVANCED_FACE('',(#219),#2546,.F.);
#2700=ADVANCED_FACE('',(#220),#59,.F.);
#2701=ADVANCED_FACE('',(#221),#2547,.F.);
#2702=ADVANCED_FACE('',(#222),#2548,.T.);
#2703=ADVANCED_FACE('',(#223),#60,.T.);
#2704=ADVANCED_FACE('',(#224),#2549,.T.);
#2705=ADVANCED_FACE('',(#225,#23,#24),#61,.F.);
#2706=CLOSED_SHELL('',(#2550,#2551,#2552,#2553,#2554,#2555,#2556,#2557,
#2558,#2559,#2560,#2561,#2562,#2563,#2564,#2565,#2566,#2567,#2568,#2569,
#2570,#2571,#2572,#2573,#2574,#2575,#2576,#2577,#2578,#2579,#2580,#2581,
#2582,#2583,#2584,#2585,#2586,#2587,#2588,#2589,#2590,#2591,#2592,#2593,
#2594,#2595,#2596,#2597,#2598,#2599,#2600,#2601,#2602,#2603,#2604,#2605,
#2606,#2607,#2608,#2609,#2610,#2611,#2612,#2613,#2614,#2615,#2616,#2617,
#2618,#2619,#2620,#2621,#2622,#2623,#2624));
#2707=CLOSED_SHELL('',(#2625,#2626,#2627,#2628,#2629,#2630,#2631,#2632,
#2633,#2634,#2635,#2636,#2637,#2638,#2639,#2640,#2641,#2642,#2643,#2644,
#2645,#2646,#2647,#2648,#2649,#2650,#2651,#2652,#2653,#2654,#2655,#2656,
#2657,#2658,#2659,#2660,#2661,#2662,#2663,#2664,#2665,#2666,#2667,#2668,
#2669,#2670,#2671,#2672,#2673,#2674,#2675,#2676,#2677,#2678,#2679,#2680,
#2681,#2682,#2683,#2684,#2685,#2686,#2687,#2688,#2689,#2690,#2691,#2692,
#2693,#2694,#2695,#2696,#2697,#2698,#2699,#2700,#2701,#2702,#2703,#2704,
#2705));
#2708=DERIVED_UNIT_ELEMENT(#2710,1.);
#2709=DERIVED_UNIT_ELEMENT(#9275,-3.);
#2710=(
MASS_UNIT()
NAMED_UNIT(*)
SI_UNIT(.KILO.,.GRAM.)
);
#2711=DERIVED_UNIT((#2708,#2709));
#2712=MEASURE_REPRESENTATION_ITEM('density measure',
POSITIVE_RATIO_MEASURE(7850.),#2711);
#2713=PROPERTY_DEFINITION_REPRESENTATION(#2718,#2715);
#2714=PROPERTY_DEFINITION_REPRESENTATION(#2719,#2716);
#2715=REPRESENTATION('material name',(#2717),#9270);
#2716=REPRESENTATION('density',(#2712),#9270);
#2717=DESCRIPTIVE_REPRESENTATION_ITEM('Steel','Steel');
#2718=PROPERTY_DEFINITION('material property','material name',#9283);
#2719=PROPERTY_DEFINITION('material property','density of part',#9283);
#2720=AXIS2_PLACEMENT_3D('',#3582,#2960,#2961);
#2721=AXIS2_PLACEMENT_3D('',#3583,#2962,#2963);
#2722=AXIS2_PLACEMENT_3D('',#3593,#2965,#2966);
#2723=AXIS2_PLACEMENT_3D('',#3607,#2967,#2968);
#2724=AXIS2_PLACEMENT_3D('',#3655,#2970,#2971);
#2725=AXIS2_PLACEMENT_3D('',#3706,#2973,#2974);
#2726=AXIS2_PLACEMENT_3D('',#3757,#2976,#2977);
#2727=AXIS2_PLACEMENT_3D('',#3805,#2979,#2980);
#2728=AXIS2_PLACEMENT_3D('',#3856,#2982,#2983);
#2729=AXIS2_PLACEMENT_3D('',#3904,#2985,#2986);
#2730=AXIS2_PLACEMENT_3D('',#3923,#2988,#2989);
#2731=AXIS2_PLACEMENT_3D('',#3946,#2990,#2991);
#2732=AXIS2_PLACEMENT_3D('',#3960,#2993,#2994);
#2733=AXIS2_PLACEMENT_3D('',#3970,#2995,#2996);
#2734=AXIS2_PLACEMENT_3D('',#3995,#2998,#2999);
#2735=AXIS2_PLACEMENT_3D('',#4019,#3001,#3002);
#2736=AXIS2_PLACEMENT_3D('',#4044,#3004,#3005);
#2737=AXIS2_PLACEMENT_3D('',#4069,#3007,#3008);
#2738=AXIS2_PLACEMENT_3D('',#4093,#3010,#3011);
#2739=AXIS2_PLACEMENT_3D('',#4117,#3013,#3014);
#2740=AXIS2_PLACEMENT_3D('',#4128,#3016,#3017);
#2741=AXIS2_PLACEMENT_3D('',#4135,#3018,#3019);
#2742=AXIS2_PLACEMENT_3D('',#4145,#3021,#3022);
#2743=AXIS2_PLACEMENT_3D('',#4159,#3023,#3024);
#2744=AXIS2_PLACEMENT_3D('',#4207,#3026,#3027);
#2745=AXIS2_PLACEMENT_3D('',#4258,#3029,#3030);
#2746=AXIS2_PLACEMENT_3D('',#4309,#3032,#3033);
#2747=AXIS2_PLACEMENT_3D('',#4357,#3035,#3036);
#2748=AXIS2_PLACEMENT_3D('',#4408,#3038,#3039);
#2749=AXIS2_PLACEMENT_3D('',#4456,#3041,#3042);
#2750=AXIS2_PLACEMENT_3D('',#4475,#3044,#3045);
#2751=AXIS2_PLACEMENT_3D('',#4498,#3046,#3047);
#2752=AXIS2_PLACEMENT_3D('',#4512,#3049,#3050);
#2753=AXIS2_PLACEMENT_3D('',#4522,#3051,#3052);
#2754=AXIS2_PLACEMENT_3D('',#4547,#3054,#3055);
#2755=AXIS2_PLACEMENT_3D('',#4571,#3057,#3058);
#2756=AXIS2_PLACEMENT_3D('',#4596,#3060,#3061);
#2757=AXIS2_PLACEMENT_3D('',#4621,#3063,#3064);
#2758=AXIS2_PLACEMENT_3D('',#4645,#3066,#3067);
#2759=AXIS2_PLACEMENT_3D('',#4669,#3069,#3070);
#2760=AXIS2_PLACEMENT_3D('',#4680,#3072,#3073);
#2761=AXIS2_PLACEMENT_3D('',#4687,#3074,#3075);
#2762=AXIS2_PLACEMENT_3D('',#5347,#3076,#3077);
#2763=AXIS2_PLACEMENT_3D('',#5348,#3078,#3079);
#2764=AXIS2_PLACEMENT_3D('',#5349,#3080,#3081);
#2765=AXIS2_PLACEMENT_3D('',#6009,#3082,#3083);
#2766=AXIS2_PLACEMENT_3D('',#6010,#3084,#3085);
#2767=AXIS2_PLACEMENT_3D('',#6011,#3086,#3087);
#2768=AXIS2_PLACEMENT_3D('',#6013,#3088,#3089);
#2769=AXIS2_PLACEMENT_3D('',#6016,#3091,#3092);
#2770=AXIS2_PLACEMENT_3D('',#6017,#3093,#3094);
#2771=AXIS2_PLACEMENT_3D('',#6020,#3095,#3096);
#2772=AXIS2_PLACEMENT_3D('',#6024,#3098,#3099);
#2773=AXIS2_PLACEMENT_3D('',#6026,#3101,#3102);
#2774=AXIS2_PLACEMENT_3D('',#6031,#3104,#3105);
#2775=AXIS2_PLACEMENT_3D('',#6046,#3107,#3108);
#2776=AXIS2_PLACEMENT_3D('',#6049,#3109,#3110);
#2777=AXIS2_PLACEMENT_3D('',#6050,#3111,#3112);
#2778=AXIS2_PLACEMENT_3D('',#6051,#3113,#3114);
#2779=AXIS2_PLACEMENT_3D('',#6052,#3115,#3116);
#2780=AXIS2_PLACEMENT_3D('',#6055,#3117,#3118);
#2781=AXIS2_PLACEMENT_3D('',#6058,#3121,#3122);
#2782=AXIS2_PLACEMENT_3D('',#6061,#3123,#3124);
#2783=AXIS2_PLACEMENT_3D('',#6062,#3125,#3126);
#2784=AXIS2_PLACEMENT_3D('',#6063,#3127,#3128);
#2785=AXIS2_PLACEMENT_3D('',#6064,#3129,#3130);
#2786=AXIS2_PLACEMENT_3D('',#6081,#3133,#3134);
#2787=AXIS2_PLACEMENT_3D('',#6083,#3135,#3136);
#2788=AXIS2_PLACEMENT_3D('',#6085,#3137,#3138);
#2789=AXIS2_PLACEMENT_3D('',#6086,#3139,#3140);
#2790=AXIS2_PLACEMENT_3D('',#6087,#3141,#3142);
#2791=AXIS2_PLACEMENT_3D('',#6090,#3143,#3144);
#2792=AXIS2_PLACEMENT_3D('',#6093,#3147,#3148);
#2793=AXIS2_PLACEMENT_3D('',#6096,#3149,#3150);
#2794=AXIS2_PLACEMENT_3D('',#6097,#3151,#3152);
#2795=AXIS2_PLACEMENT_3D('',#6098,#3153,#3154);
#2796=AXIS2_PLACEMENT_3D('',#6099,#3155,#3156);
#2797=AXIS2_PLACEMENT_3D('',#6102,#3157,#3158);
#2798=AXIS2_PLACEMENT_3D('',#6105,#3161,#3162);
#2799=AXIS2_PLACEMENT_3D('',#6108,#3163,#3164);
#2800=AXIS2_PLACEMENT_3D('',#6109,#3165,#3166);
#2801=AXIS2_PLACEMENT_3D('',#6110,#3167,#3168);
#2802=AXIS2_PLACEMENT_3D('',#6111,#3169,#3170);
#2803=AXIS2_PLACEMENT_3D('',#6114,#3171,#3172);
#2804=AXIS2_PLACEMENT_3D('',#6117,#3175,#3176);
#2805=AXIS2_PLACEMENT_3D('',#6120,#3177,#3178);
#2806=AXIS2_PLACEMENT_3D('',#6121,#3179,#3180);
#2807=AXIS2_PLACEMENT_3D('',#6122,#3181,#3182);
#2808=AXIS2_PLACEMENT_3D('',#6123,#3183,#3184);
#2809=AXIS2_PLACEMENT_3D('',#6126,#3185,#3186);
#2810=AXIS2_PLACEMENT_3D('',#6129,#3189,#3190);
#2811=AXIS2_PLACEMENT_3D('',#6132,#3191,#3192);
#2812=AXIS2_PLACEMENT_3D('',#6133,#3193,#3194);
#2813=AXIS2_PLACEMENT_3D('',#6134,#3195,#3196);
#2814=AXIS2_PLACEMENT_3D('',#6135,#3197,#3198);
#2815=AXIS2_PLACEMENT_3D('',#6138,#3201,#3202);
#2816=AXIS2_PLACEMENT_3D('',#6139,#3203,#3204);
#2817=AXIS2_PLACEMENT_3D('',#6140,#3205,#3206);
#2818=AXIS2_PLACEMENT_3D('',#6141,#3207,#3208);
#2819=AXIS2_PLACEMENT_3D('',#6145,#3210,#3211);
#2820=AXIS2_PLACEMENT_3D('',#6147,#3213,#3214);
#2821=AXIS2_PLACEMENT_3D('',#6151,#3217,#3218);
#2822=AXIS2_PLACEMENT_3D('',#6155,#3221,#3222);
#2823=AXIS2_PLACEMENT_3D('',#6158,#3224,#3225);
#2824=AXIS2_PLACEMENT_3D('',#6159,#3226,#3227);
#2825=AXIS2_PLACEMENT_3D('',#6163,#3230,#3231);
#2826=AXIS2_PLACEMENT_3D('',#6165,#3233,#3234);
#2827=AXIS2_PLACEMENT_3D('',#6168,#3237,#3238);
#2828=AXIS2_PLACEMENT_3D('',#6170,#3240,#3241);
#2829=AXIS2_PLACEMENT_3D('',#6171,#3242,#3243);
#2830=AXIS2_PLACEMENT_3D('',#6175,#3245,#3246);
#2831=AXIS2_PLACEMENT_3D('',#6177,#3248,#3249);
#2832=AXIS2_PLACEMENT_3D('',#6179,#3251,#3252);
#2833=AXIS2_PLACEMENT_3D('',#6180,#3253,#3254);
#2834=AXIS2_PLACEMENT_3D('',#6183,#3256,#3257);
#2835=AXIS2_PLACEMENT_3D('',#6184,#3258,#3259);
#2836=AXIS2_PLACEMENT_3D('',#6186,#3261,#3262);
#2837=AXIS2_PLACEMENT_3D('',#6187,#3263,#3264);
#2838=AXIS2_PLACEMENT_3D('',#6197,#3266,#3267);
#2839=AXIS2_PLACEMENT_3D('',#6211,#3268,#3269);
#2840=AXIS2_PLACEMENT_3D('',#6262,#3271,#3272);
#2841=AXIS2_PLACEMENT_3D('',#6310,#3274,#3275);
#2842=AXIS2_PLACEMENT_3D('',#6361,#3277,#3278);
#2843=AXIS2_PLACEMENT_3D('',#6412,#3280,#3281);
#2844=AXIS2_PLACEMENT_3D('',#6463,#3283,#3284);
#2845=AXIS2_PLACEMENT_3D('',#6511,#3286,#3287);
#2846=AXIS2_PLACEMENT_3D('',#6562,#3289,#3290);
#2847=AXIS2_PLACEMENT_3D('',#6613,#3292,#3293);
#2848=AXIS2_PLACEMENT_3D('',#6661,#3295,#3296);
#2849=AXIS2_PLACEMENT_3D('',#6712,#3298,#3299);
#2850=AXIS2_PLACEMENT_3D('',#6731,#3301,#3302);
#2851=AXIS2_PLACEMENT_3D('',#6754,#3303,#3304);
#2852=AXIS2_PLACEMENT_3D('',#6768,#3306,#3307);
#2853=AXIS2_PLACEMENT_3D('',#6779,#3308,#3309);
#2854=AXIS2_PLACEMENT_3D('',#6803,#3311,#3312);
#2855=AXIS2_PLACEMENT_3D('',#6827,#3314,#3315);
#2856=AXIS2_PLACEMENT_3D('',#6853,#3317,#3318);
#2857=AXIS2_PLACEMENT_3D('',#6877,#3320,#3321);
#2858=AXIS2_PLACEMENT_3D('',#6902,#3323,#3324);
#2859=AXIS2_PLACEMENT_3D('',#6927,#3326,#3327);
#2860=AXIS2_PLACEMENT_3D('',#6951,#3329,#3330);
#2861=AXIS2_PLACEMENT_3D('',#6976,#3332,#3333);
#2862=AXIS2_PLACEMENT_3D('',#7001,#3335,#3336);
#2863=AXIS2_PLACEMENT_3D('',#7025,#3338,#3339);
#2864=AXIS2_PLACEMENT_3D('',#7036,#3341,#3342);
#2865=AXIS2_PLACEMENT_3D('',#7043,#3343,#3344);
#2866=AXIS2_PLACEMENT_3D('',#7053,#3346,#3347);
#2867=AXIS2_PLACEMENT_3D('',#7067,#3348,#3349);
#2868=AXIS2_PLACEMENT_3D('',#7115,#3351,#3352);
#2869=AXIS2_PLACEMENT_3D('',#7166,#3354,#3355);
#2870=AXIS2_PLACEMENT_3D('',#7217,#3357,#3358);
#2871=AXIS2_PLACEMENT_3D('',#7265,#3360,#3361);
#2872=AXIS2_PLACEMENT_3D('',#7316,#3363,#3364);
#2873=AXIS2_PLACEMENT_3D('',#7364,#3366,#3367);
#2874=AXIS2_PLACEMENT_3D('',#7383,#3369,#3370);
#2875=AXIS2_PLACEMENT_3D('',#7406,#3371,#3372);
#2876=AXIS2_PLACEMENT_3D('',#7420,#3374,#3375);
#2877=AXIS2_PLACEMENT_3D('',#7430,#3376,#3377);
#2878=AXIS2_PLACEMENT_3D('',#7455,#3379,#3380);
#2879=AXIS2_PLACEMENT_3D('',#7479,#3382,#3383);
#2880=AXIS2_PLACEMENT_3D('',#7504,#3385,#3386);
#2881=AXIS2_PLACEMENT_3D('',#7529,#3388,#3389);
#2882=AXIS2_PLACEMENT_3D('',#7553,#3391,#3392);
#2883=AXIS2_PLACEMENT_3D('',#7577,#3394,#3395);
#2884=AXIS2_PLACEMENT_3D('',#7588,#3397,#3398);
#2885=AXIS2_PLACEMENT_3D('',#7595,#3399,#3400);
#2886=AXIS2_PLACEMENT_3D('',#7598,#3401,#3402);
#2887=AXIS2_PLACEMENT_3D('',#7602,#3404,#3405);
#2888=AXIS2_PLACEMENT_3D('',#7604,#3407,#3408);
#2889=AXIS2_PLACEMENT_3D('',#7607,#3409,#3410);
#2890=AXIS2_PLACEMENT_3D('',#7608,#3411,#3412);
#2891=AXIS2_PLACEMENT_3D('',#7609,#3413,#3414);
#2892=AXIS2_PLACEMENT_3D('',#7610,#3415,#3416);
#2893=AXIS2_PLACEMENT_3D('',#7613,#3417,#3418);
#2894=AXIS2_PLACEMENT_3D('',#7616,#3421,#3422);
#2895=AXIS2_PLACEMENT_3D('',#7619,#3423,#3424);
#2896=AXIS2_PLACEMENT_3D('',#7620,#3425,#3426);
#2897=AXIS2_PLACEMENT_3D('',#7621,#3427,#3428);
#2898=AXIS2_PLACEMENT_3D('',#7622,#3429,#3430);
#2899=AXIS2_PLACEMENT_3D('',#7625,#3431,#3432);
#2900=AXIS2_PLACEMENT_3D('',#7628,#3435,#3436);
#2901=AXIS2_PLACEMENT_3D('',#7631,#3437,#3438);
#2902=AXIS2_PLACEMENT_3D('',#7632,#3439,#3440);
#2903=AXIS2_PLACEMENT_3D('',#7633,#3441,#3442);
#2904=AXIS2_PLACEMENT_3D('',#7634,#3443,#3444);
#2905=AXIS2_PLACEMENT_3D('',#7637,#3445,#3446);
#2906=AXIS2_PLACEMENT_3D('',#7640,#3449,#3450);
#2907=AXIS2_PLACEMENT_3D('',#7643,#3451,#3452);
#2908=AXIS2_PLACEMENT_3D('',#7644,#3453,#3454);
#2909=AXIS2_PLACEMENT_3D('',#7645,#3455,#3456);
#2910=AXIS2_PLACEMENT_3D('',#7646,#3457,#3458);
#2911=AXIS2_PLACEMENT_3D('',#7649,#3459,#3460);
#2912=AXIS2_PLACEMENT_3D('',#7652,#3463,#3464);
#2913=AXIS2_PLACEMENT_3D('',#7655,#3465,#3466);
#2914=AXIS2_PLACEMENT_3D('',#7656,#3467,#3468);
#2915=AXIS2_PLACEMENT_3D('',#7657,#3469,#3470);
#2916=AXIS2_PLACEMENT_3D('',#7658,#3471,#3472);
#2917=AXIS2_PLACEMENT_3D('',#7661,#3473,#3474);
#2918=AXIS2_PLACEMENT_3D('',#7664,#3477,#3478);
#2919=AXIS2_PLACEMENT_3D('',#7667,#3479,#3480);
#2920=AXIS2_PLACEMENT_3D('',#7668,#3481,#3482);
#2921=AXIS2_PLACEMENT_3D('',#7669,#3483,#3484);
#2922=AXIS2_PLACEMENT_3D('',#7670,#3485,#3486);
#2923=AXIS2_PLACEMENT_3D('',#7673,#3487,#3488);
#2924=AXIS2_PLACEMENT_3D('',#7676,#3491,#3492);
#2925=AXIS2_PLACEMENT_3D('',#7679,#3493,#3494);
#2926=AXIS2_PLACEMENT_3D('',#7680,#3495,#3496);
#2927=AXIS2_PLACEMENT_3D('',#7681,#3497,#3498);
#2928=AXIS2_PLACEMENT_3D('',#7682,#3499,#3500);
#2929=AXIS2_PLACEMENT_3D('',#7685,#3501,#3502);
#2930=AXIS2_PLACEMENT_3D('',#7688,#3505,#3506);
#2931=AXIS2_PLACEMENT_3D('',#7689,#3507,#3508);
#2932=AXIS2_PLACEMENT_3D('',#7690,#3509,#3510);
#2933=AXIS2_PLACEMENT_3D('',#7691,#3511,#3512);
#2934=AXIS2_PLACEMENT_3D('',#7694,#3515,#3516);
#2935=AXIS2_PLACEMENT_3D('',#7696,#3518,#3519);
#2936=AXIS2_PLACEMENT_3D('',#7698,#3521,#3522);
#2937=AXIS2_PLACEMENT_3D('',#7699,#3523,#3524);
#2938=AXIS2_PLACEMENT_3D('',#7703,#3526,#3527);
#2939=AXIS2_PLACEMENT_3D('',#7705,#3529,#3530);
#2940=AXIS2_PLACEMENT_3D('',#7710,#3533,#3534);
#2941=AXIS2_PLACEMENT_3D('',#7711,#3535,#3536);
#2942=AXIS2_PLACEMENT_3D('',#7714,#3538,#3539);
#2943=AXIS2_PLACEMENT_3D('',#7715,#3540,#3541);
#2944=AXIS2_PLACEMENT_3D('',#7719,#3544,#3545);
#2945=AXIS2_PLACEMENT_3D('',#7720,#3546,#3547);
#2946=AXIS2_PLACEMENT_3D('',#7727,#3551,#3552);
#2947=AXIS2_PLACEMENT_3D('',#7728,#3553,#3554);
#2948=AXIS2_PLACEMENT_3D('',#8388,#3555,#3556);
#2949=AXIS2_PLACEMENT_3D('',#8389,#3557,#3558);
#2950=AXIS2_PLACEMENT_3D('',#8390,#3559,#3560);
#2951=AXIS2_PLACEMENT_3D('',#9255,#3561,#3562);
#2952=AXIS2_PLACEMENT_3D('',#9256,#3563,#3564);
#2953=AXIS2_PLACEMENT_3D('',#9257,#3565,#3566);
#2954=AXIS2_PLACEMENT_3D('',#9259,#3568,#3569);
#2955=AXIS2_PLACEMENT_3D('',#9262,#3571,#3572);
#2956=AXIS2_PLACEMENT_3D('',#9263,#3573,#3574);
#2957=AXIS2_PLACEMENT_3D('',#9265,#3576,#3577);
#2958=AXIS2_PLACEMENT_3D('',#9266,#3578,#3579);
#2959=AXIS2_PLACEMENT_3D('',#9267,#3580,#3581);
#2960=DIRECTION('axis',(0.,0.,1.));
#2961=DIRECTION('refdir',(1.,0.,0.));
#2962=DIRECTION('center_axis',(1.,6.96962959057388E-33,7.26395056884925E-33));
#2963=DIRECTION('ref_axis',(-9.0999328025632E-33,0.317273974282912,0.948333920748766));
#2964=DIRECTION('',(1.,6.96962959057388E-33,7.26395056884925E-33));
#2965=DIRECTION('center_axis',(-1.,-6.96962959057388E-33,-7.26395056884925E-33));
#2966=DIRECTION('ref_axis',(6.96962959057388E-33,-1.,0.));
#2967=DIRECTION('center_axis',(1.,6.96962959057388E-33,7.26395056884925E-33));
#2968=DIRECTION('ref_axis',(6.96962959057388E-33,-1.,0.));
#2969=DIRECTION('',(1.,6.96962959057388E-33,7.26395056884925E-33));
#2970=DIRECTION('center_axis',(1.,6.96962959057388E-33,7.26395056884925E-33));
#2971=DIRECTION('ref_axis',(6.96962959057388E-33,-1.,0.));
#2972=DIRECTION('',(1.,6.96962959057388E-33,7.26395056884925E-33));
#2973=DIRECTION('center_axis',(1.,6.96962959057388E-33,7.26395056884925E-33));
#2974=DIRECTION('ref_axis',(6.96962959057388E-33,-1.,0.));
#2975=DIRECTION('',(1.,6.96962959057388E-33,7.26395056884925E-33));
#2976=DIRECTION('center_axis',(1.,6.96962959057388E-33,7.26395056884925E-33));
#2977=DIRECTION('ref_axis',(6.96962959057388E-33,-1.,0.));
#2978=DIRECTION('',(1.,6.96962959057388E-33,7.26395056884925E-33));
#2979=DIRECTION('center_axis',(1.,6.96962959057388E-33,7.26395056884925E-33));
#2980=DIRECTION('ref_axis',(6.96962959057388E-33,-1.,0.));
#2981=DIRECTION('',(1.,6.96962959057388E-33,7.26395056884925E-33));
#2982=DIRECTION('center_axis',(1.,6.96962959057388E-33,7.26395056884925E-33));
#2983=DIRECTION('ref_axis',(6.96962959057388E-33,-1.,0.));
#2984=DIRECTION('',(1.,6.96962959057388E-33,7.26395056884925E-33));
#2985=DIRECTION('center_axis',(1.,6.96962959057388E-33,7.26395056884925E-33));
#2986=DIRECTION('ref_axis',(8.91294400078855E-33,-0.948418968012135,-0.317019654145917));
#2987=DIRECTION('',(1.,6.96962959057388E-33,7.26395056884925E-33));
#2988=DIRECTION('center_axis',(-1.,-6.96962959057388E-33,-7.26395056884925E-33));
#2989=DIRECTION('ref_axis',(6.96962959057388E-33,-1.,0.));
#2990=DIRECTION('center_axis',(1.,6.96962959057388E-33,7.26395056884925E-33));
#2991=DIRECTION('ref_axis',(-4.66938523903574E-33,-0.860681921576925,0.509143034785562));
#2992=DIRECTION('',(1.,-1.22464679914735E-16,-2.74945177116642E-30));
#2993=DIRECTION('center_axis',(-1.,0.,0.));
#2994=DIRECTION('ref_axis',(0.,-1.,-2.2387827460273E-14));
#2995=DIRECTION('center_axis',(1.,6.96962959057388E-33,7.26395056884925E-33));
#2996=DIRECTION('ref_axis',(0.,-1.,-2.2387827460273E-14));
#2997=DIRECTION('',(1.,-1.22464679914735E-16,-2.74945177116642E-30));
#2998=DIRECTION('center_axis',(1.,6.96962959057388E-33,7.26395056884925E-33));
#2999=DIRECTION('ref_axis',(0.,-1.,-2.2387827460273E-14));
#3000=DIRECTION('',(1.,-1.22464679914735E-16,-2.74945177116642E-30));
#3001=DIRECTION('center_axis',(1.,6.96962959057388E-33,7.26395056884925E-33));
#3002=DIRECTION('ref_axis',(0.,-1.,-2.2387827460273E-14));
#3003=DIRECTION('',(1.,-1.22464679914735E-16,-2.74945177116642E-30));
#3004=DIRECTION('center_axis',(1.,6.96962959057388E-33,7.26395056884925E-33));
#3005=DIRECTION('ref_axis',(0.,-1.,-2.2387827460273E-14));
#3006=DIRECTION('',(1.,-1.22464679914735E-16,-2.74945177116642E-30));
#3007=DIRECTION('center_axis',(1.,6.96962959057388E-33,7.26395056884925E-33));
#3008=DIRECTION('ref_axis',(0.,-1.,-2.2387827460273E-14));
#3009=DIRECTION('',(1.,-1.22464679914735E-16,-2.74945177116642E-30));
#3010=DIRECTION('center_axis',(1.,6.96962959057388E-33,7.26395056884925E-33));
#3011=DIRECTION('ref_axis',(0.,-1.,-2.2387827460273E-14));
#3012=DIRECTION('',(1.,-1.22464679914735E-16,-2.74945177116642E-30));
#3013=DIRECTION('center_axis',(1.,6.96962959057388E-33,7.26395056884925E-33));
#3014=DIRECTION('ref_axis',(-4.26862530605719E-33,0.509356764909941,-0.860555452042737));
#3015=DIRECTION('',(1.,-1.22464679914735E-16,-2.74945177116642E-30));
#3016=DIRECTION('center_axis',(1.,6.96962959057388E-33,7.26395056884925E-33));
#3017=DIRECTION('ref_axis',(0.,-1.,-2.2387827460273E-14));
#3018=DIRECTION('center_axis',(1.,6.96962959057388E-33,7.26395056884925E-33));
#3019=DIRECTION('ref_axis',(-9.0999540645344E-33,0.317278658168796,0.948332353698116));
#3020=DIRECTION('',(1.,6.96962959057388E-33,7.26395056884925E-33));
#3021=DIRECTION('center_axis',(-1.,-6.96962959057388E-33,-7.26395056884925E-33));
#3022=DIRECTION('ref_axis',(6.96962959057388E-33,-1.,0.));
#3023=DIRECTION('center_axis',(1.,6.96962959057388E-33,7.26395056884925E-33));
#3024=DIRECTION('ref_axis',(6.96962959057388E-33,-1.,0.));
#3025=DIRECTION('',(1.,6.96962959057388E-33,7.26395056884925E-33));
#3026=DIRECTION('center_axis',(1.,6.96962959057388E-33,7.26395056884925E-33));
#3027=DIRECTION('ref_axis',(6.96962959057388E-33,-1.,0.));
#3028=DIRECTION('',(1.,6.96962959057388E-33,7.26395056884925E-33));
#3029=DIRECTION('center_axis',(1.,6.96962959057388E-33,7.26395056884925E-33));
#3030=DIRECTION('ref_axis',(6.96962959057388E-33,-1.,0.));
#3031=DIRECTION('',(1.,6.96962959057388E-33,7.26395056884925E-33));
#3032=DIRECTION('center_axis',(1.,6.96962959057388E-33,7.26395056884925E-33));
#3033=DIRECTION('ref_axis',(6.96962959057388E-33,-1.,0.));
#3034=DIRECTION('',(1.,6.96962959057388E-33,7.26395056884925E-33));
#3035=DIRECTION('center_axis',(1.,6.96962959057388E-33,7.26395056884925E-33));
#3036=DIRECTION('ref_axis',(6.96962959057388E-33,-1.,0.));
#3037=DIRECTION('',(1.,6.96962959057388E-33,7.26395056884925E-33));
#3038=DIRECTION('center_axis',(1.,6.96962959057388E-33,7.26395056884925E-33));
#3039=DIRECTION('ref_axis',(6.96962959057388E-33,-1.,0.));
#3040=DIRECTION('',(1.,6.96962959057388E-33,7.26395056884925E-33));
#3041=DIRECTION('center_axis',(1.,6.96962959057388E-33,7.26395056884925E-33));
#3042=DIRECTION('ref_axis',(8.91294483572047E-33,-0.948418911451541,-0.317019823356638));
#3043=DIRECTION('',(1.,6.96962959057388E-33,7.26395056884925E-33));
#3044=DIRECTION('center_axis',(-1.,-6.96962959057388E-33,-7.26395056884925E-33));
#3045=DIRECTION('ref_axis',(6.96962959057388E-33,-1.,0.));
#3046=DIRECTION('center_axis',(1.,6.96962959057388E-33,7.26395056884925E-33));
#3047=DIRECTION('ref_axis',(-4.66938597641186E-33,-0.860681883269661,0.509143099542152));
#3048=DIRECTION('',(1.,-1.22464679914735E-16,-3.01056778296724E-30));
#3049=DIRECTION('center_axis',(-1.,0.,0.));
#3050=DIRECTION('ref_axis',(0.,-1.,-2.45200015041085E-14));
#3051=DIRECTION('center_axis',(1.,6.96962959057388E-33,7.26395056884925E-33));
#3052=DIRECTION('ref_axis',(0.,-1.,-2.45200015041085E-14));
#3053=DIRECTION('',(1.,-1.22464679914735E-16,-3.01056778296724E-30));
#3054=DIRECTION('center_axis',(1.,6.96962959057388E-33,7.26395056884925E-33));
#3055=DIRECTION('ref_axis',(0.,-1.,-2.45200015041085E-14));
#3056=DIRECTION('',(1.,-1.22464679914735E-16,-3.01056778296724E-30));
#3057=DIRECTION('center_axis',(1.,6.96962959057388E-33,7.26395056884925E-33));
#3058=DIRECTION('ref_axis',(0.,-1.,-2.45200015041085E-14));
#3059=DIRECTION('',(1.,-1.22464679914735E-16,-3.01056778296724E-30));
#3060=DIRECTION('center_axis',(1.,6.96962959057388E-33,7.26395056884925E-33));
#3061=DIRECTION('ref_axis',(0.,-1.,-2.45200015041085E-14));
#3062=DIRECTION('',(1.,-1.22464679914735E-16,-3.01056778296724E-30));
#3063=DIRECTION('center_axis',(1.,6.96962959057388E-33,7.26395056884925E-33));
#3064=DIRECTION('ref_axis',(0.,-1.,-2.45200015041085E-14));
#3065=DIRECTION('',(1.,-1.22464679914735E-16,-3.01056778296724E-30));
#3066=DIRECTION('center_axis',(1.,6.96962959057388E-33,7.26395056884925E-33));
#3067=DIRECTION('ref_axis',(0.,-1.,-2.45200015041085E-14));
#3068=DIRECTION('',(1.,-1.22464679914735E-16,-3.01056778296724E-30));
#3069=DIRECTION('center_axis',(1.,6.96962959057388E-33,7.26395056884925E-33));
#3070=DIRECTION('ref_axis',(-4.26862703625669E-33,0.509356918444618,-0.860555361166615));
#3071=DIRECTION('',(1.,-1.22464679914735E-16,-3.01056778296724E-30));
#3072=DIRECTION('center_axis',(1.,6.96962959057388E-33,7.26395056884925E-33));
#3073=DIRECTION('ref_axis',(0.,-1.,-2.45200015041085E-14));
#3074=DIRECTION('center_axis',(1.,6.96962959057388E-33,7.26395056884925E-33));
#3075=DIRECTION('ref_axis',(0.,-1.,-2.45200015041085E-14));
#3076=DIRECTION('center_axis',(1.,6.96962959057388E-33,7.26395056884925E-33));
#3077=DIRECTION('ref_axis',(6.96962959057388E-33,-1.,0.));
#3078=DIRECTION('center_axis',(1.,6.96962959057388E-33,7.26395056884925E-33));
#3079=DIRECTION('ref_axis',(6.96962959057388E-33,-1.,0.));
#3080=DIRECTION('center_axis',(1.,6.96962959057388E-33,7.26395056884925E-33));
#3081=DIRECTION('ref_axis',(0.,-1.,-2.2387827460273E-14));
#3082=DIRECTION('center_axis',(1.,6.96962959057388E-33,7.26395056884925E-33));
#3083=DIRECTION('ref_axis',(6.96962959057388E-33,-1.,0.));
#3084=DIRECTION('center_axis',(1.,6.96962959057388E-33,7.26395056884925E-33));
#3085=DIRECTION('ref_axis',(6.96962959057388E-33,-1.,0.));
#3086=DIRECTION('center_axis',(0.,0.,1.));
#3087=DIRECTION('ref_axis',(1.,0.,0.));
#3088=DIRECTION('center_axis',(0.,2.52932677884479E-16,1.));
#3089=DIRECTION('ref_axis',(1.,0.,0.));
#3090=DIRECTION('',(0.,0.,1.));
#3091=DIRECTION('center_axis',(0.,0.,-1.));
#3092=DIRECTION('ref_axis',(1.,0.,0.));
#3093=DIRECTION('center_axis',(-7.26395040238401E-33,-2.38843742547358E-8,
1.));
#3094=DIRECTION('ref_axis',(0.707106781186535,0.70710678118656,1.68887984352935E-8));
#3095=DIRECTION('center_axis',(0.,2.38843721703348E-8,-1.));
#3096=DIRECTION('ref_axis',(0.,1.,2.38843721703348E-8));
#3097=DIRECTION('',(7.26395040238401E-33,2.38843742547358E-8,-1.));
#3098=DIRECTION('center_axis',(0.,-2.38843721703348E-8,1.));
#3099=DIRECTION('ref_axis',(1.,0.,0.));
#3100=DIRECTION('',(-7.26395040238401E-33,-2.38843742547358E-8,1.));
#3101=DIRECTION('center_axis',(0.,-1.,2.52932677884479E-16));
#3102=DIRECTION('ref_axis',(0.707106781186546,0.,-0.707106781186549));
#3103=DIRECTION('',(0.,1.,-2.52932677884479E-16));
#3104=DIRECTION('center_axis',(0.,-1.,0.));
#3105=DIRECTION('ref_axis',(0.,0.,-1.));
#3106=DIRECTION('',(0.,-1.,2.52932677884479E-16));
#3107=DIRECTION('center_axis',(0.,-2.52932677884479E-16,-1.));
#3108=DIRECTION('ref_axis',(-1.,0.,0.));
#3109=DIRECTION('center_axis',(-1.,0.,0.));
#3110=DIRECTION('ref_axis',(0.,0.,-1.));
#3111=DIRECTION('center_axis',(0.,2.52932677884479E-16,1.));
#3112=DIRECTION('ref_axis',(-0.707106781186549,0.707106781186546,-1.63910879619856E-16));
#3113=DIRECTION('center_axis',(0.,-2.52932677884479E-16,-1.));
#3114=DIRECTION('ref_axis',(-0.707106781186549,0.707106781186546,-1.78850411715787E-16));
#3115=DIRECTION('center_axis',(-1.,0.,0.));
#3116=DIRECTION('ref_axis',(0.,-0.707106781186565,-0.70710678118653));
#3117=DIRECTION('center_axis',(-1.,0.,0.));
#3118=DIRECTION('ref_axis',(0.,0.,-1.));
#3119=DIRECTION('',(-1.,0.,0.));
#3120=DIRECTION('',(1.,0.,0.));
#3121=DIRECTION('center_axis',(0.,2.52932677884479E-16,1.));
#3122=DIRECTION('ref_axis',(1.,0.,0.));
#3123=DIRECTION('center_axis',(0.,-1.,0.));
#3124=DIRECTION('ref_axis',(0.,0.,-1.));
#3125=DIRECTION('center_axis',(0.,-2.52932677884479E-16,-1.));
#3126=DIRECTION('ref_axis',(0.707106781186549,-0.707106781186546,1.63910879619856E-16));
#3127=DIRECTION('center_axis',(0.,2.52932677884479E-16,1.));
#3128=DIRECTION('ref_axis',(0.707106781186549,-0.707106781186546,1.78850411715787E-16));
#3129=DIRECTION('center_axis',(-6.96962959057388E-33,1.,-2.52932677884479E-16));
#3130=DIRECTION('ref_axis',(0.707106781186552,0.,-0.707106781186543));
#3131=DIRECTION('',(6.96962959057388E-33,-1.,2.52932677884479E-16));
#3132=DIRECTION('',(-6.96962959057388E-33,1.,-2.52932677884479E-16));
#3133=DIRECTION('center_axis',(-1.,0.,0.));
#3134=DIRECTION('ref_axis',(0.,0.,1.));
#3135=DIRECTION('center_axis',(-1.,0.,0.));
#3136=DIRECTION('ref_axis',(0.,-0.73280013820504,-0.680443941443139));
#3137=DIRECTION('center_axis',(0.,8.74191357972584E-15,-1.));
#3138=DIRECTION('ref_axis',(1.,0.,0.));
#3139=DIRECTION('center_axis',(1.,0.,0.));
#3140=DIRECTION('ref_axis',(0.,-0.73280013820504,-0.680443941443139));
#3141=DIRECTION('center_axis',(0.,0.,1.));
#3142=DIRECTION('ref_axis',(0.707106781186529,-0.707106781186566,0.));
#3143=DIRECTION('center_axis',(0.,0.,-1.));
#3144=DIRECTION('ref_axis',(1.,0.,0.));
#3145=DIRECTION('',(0.,0.,-1.));
#3146=DIRECTION('',(0.,0.,1.));
#3147=DIRECTION('center_axis',(-1.,0.,0.));
#3148=DIRECTION('ref_axis',(0.,0.,1.));
#3149=DIRECTION('center_axis',(0.,-1.,-3.49676543189026E-14));
#3150=DIRECTION('ref_axis',(1.,0.,0.));
#3151=DIRECTION('center_axis',(1.,0.,0.));
#3152=DIRECTION('ref_axis',(0.,-0.707106781186548,0.707106781186547));
#3153=DIRECTION('center_axis',(-1.,0.,0.));
#3154=DIRECTION('ref_axis',(0.,-0.707106781186548,0.707106781186547));
#3155=DIRECTION('center_axis',(0.,1.,0.));
#3156=DIRECTION('ref_axis',(0.707106781186544,0.,0.707106781186551));
#3157=DIRECTION('center_axis',(0.,-1.,0.));
#3158=DIRECTION('ref_axis',(1.,0.,0.));
#3159=DIRECTION('',(0.,-1.,0.));
#3160=DIRECTION('',(0.,1.,0.));
#3161=DIRECTION('center_axis',(0.,0.,1.));
#3162=DIRECTION('ref_axis',(1.,0.,0.));
#3163=DIRECTION('center_axis',(-1.,0.,0.));
#3164=DIRECTION('ref_axis',(0.,-1.,0.));
#3165=DIRECTION('center_axis',(0.,0.,1.));
#3166=DIRECTION('ref_axis',(-0.707106781186549,0.707106781186546,0.));
#3167=DIRECTION('center_axis',(0.,0.,-1.));
#3168=DIRECTION('ref_axis',(-0.707106781186549,0.707106781186546,0.));
#3169=DIRECTION('center_axis',(1.,0.,0.));
#3170=DIRECTION('ref_axis',(0.,-0.707106781186563,0.707106781186532));
#3171=DIRECTION('center_axis',(-1.,0.,0.));
#3172=DIRECTION('ref_axis',(0.,-1.,0.));
#3173=DIRECTION('',(-1.,0.,0.));
#3174=DIRECTION('',(1.,0.,0.));
#3175=DIRECTION('center_axis',(0.,0.,-1.));
#3176=DIRECTION('ref_axis',(-1.,0.,0.));
#3177=DIRECTION('center_axis',(0.,-1.,0.));
#3178=DIRECTION('ref_axis',(1.,0.,0.));
#3179=DIRECTION('center_axis',(0.,0.,-1.));
#3180=DIRECTION('ref_axis',(0.707106781186549,-0.707106781186546,0.));
#3181=DIRECTION('center_axis',(0.,0.,1.));
#3182=DIRECTION('ref_axis',(0.707106781186549,-0.707106781186546,0.));
#3183=DIRECTION('center_axis',(6.96962959057388E-33,-1.,0.));
#3184=DIRECTION('ref_axis',(0.707106781186551,0.,0.707106781186544));
#3185=DIRECTION('center_axis',(0.,-1.,0.));
#3186=DIRECTION('ref_axis',(1.,0.,0.));
#3187=DIRECTION('',(6.96962959057388E-33,-1.,0.));
#3188=DIRECTION('',(-6.96962959057388E-33,1.,0.));
#3189=DIRECTION('center_axis',(1.,6.96962959057388E-33,7.26395056884925E-33));
#3190=DIRECTION('ref_axis',(0.,0.,-1.));
#3191=DIRECTION('center_axis',(0.,0.,1.));
#3192=DIRECTION('ref_axis',(1.,0.,0.));
#3193=DIRECTION('center_axis',(1.,6.96962959057388E-33,7.26395056884925E-33));
#3194=DIRECTION('ref_axis',(0.,0.707106781186546,0.707106781186549));
#3195=DIRECTION('center_axis',(-1.,-6.96962959057388E-33,-7.26395056884925E-33));
#3196=DIRECTION('ref_axis',(-1.00646610512904E-32,0.707106781186546,0.707106781186549));
#3197=DIRECTION('center_axis',(-7.26395056884929E-33,5.43147700443725E-15,
1.));
#3198=DIRECTION('ref_axis',(0.707106781186535,0.70710678118656,-6.18146637277058E-15));
#3199=DIRECTION('',(-7.26395056884929E-33,5.43147700443725E-15,1.));
#3200=DIRECTION('',(7.26395056884929E-33,-5.43147700443725E-15,-1.));
#3201=DIRECTION('center_axis',(1.,6.96962959057388E-33,7.26395056884925E-33));
#3202=DIRECTION('ref_axis',(0.,0.,-1.));
#3203=DIRECTION('center_axis',(1.,6.96962959057388E-33,7.26395056884925E-33));
#3204=DIRECTION('ref_axis',(0.,0.732798169447201,-0.680446061679272));
#3205=DIRECTION('center_axis',(-1.,-6.96962959057388E-33,-7.26395056884925E-33));
#3206=DIRECTION('ref_axis',(-1.64605248891203E-34,0.732798169447201,-0.680446061679272));
#3207=DIRECTION('center_axis',(1.,0.,0.));
#3208=DIRECTION('ref_axis',(0.,1.,0.));
#3209=DIRECTION('',(1.,0.,0.));
#3210=DIRECTION('center_axis',(1.,1.60933498238657E-31,-3.71258963709031E-46));
#3211=DIRECTION('ref_axis',(-1.60933498238657E-31,1.,0.));
#3212=DIRECTION('',(1.,0.,0.));
#3213=DIRECTION('center_axis',(0.,1.,-5.43147700443725E-15));
#3214=DIRECTION('ref_axis',(0.,5.43147700443725E-15,1.));
#3215=DIRECTION('',(1.,0.,0.));
#3216=DIRECTION('',(0.,5.43147700443725E-15,1.));
#3217=DIRECTION('center_axis',(0.,1.,2.38843742547358E-8));
#3218=DIRECTION('ref_axis',(-7.26395040238399E-33,-2.38843742547358E-8,
1.));
#3219=DIRECTION('',(1.,0.,0.));
#3220=DIRECTION('',(7.26395040238399E-33,2.38843742547358E-8,-1.));
#3221=DIRECTION('center_axis',(1.,0.,0.));
#3222=DIRECTION('ref_axis',(0.,2.38843625542303E-8,-1.));
#3223=DIRECTION('',(1.,0.,0.));
#3224=DIRECTION('center_axis',(1.,-1.73494916104291E-40,7.26395040238399E-33));
#3225=DIRECTION('ref_axis',(7.26395040238399E-33,2.38843625542303E-8,-1.));
#3226=DIRECTION('center_axis',(0.,-2.52932677884479E-16,-1.));
#3227=DIRECTION('ref_axis',(3.61332396977827E-17,1.,-2.52932677884479E-16));
#3228=DIRECTION('',(1.,0.,0.));
#3229=DIRECTION('',(3.61332396977827E-17,1.,-2.52932677884479E-16));
#3230=DIRECTION('center_axis',(-1.,0.,0.));
#3231=DIRECTION('ref_axis',(0.,-1.,0.));
#3232=DIRECTION('',(0.,0.,-1.));
#3233=DIRECTION('center_axis',(7.26395056884925E-33,0.,-1.));
#3234=DIRECTION('ref_axis',(0.70710678118654,-0.707106781186555,0.));
#3235=DIRECTION('',(7.26395056884925E-33,0.,-1.));
#3236=DIRECTION('',(-7.26395056884925E-33,0.,1.));
#3237=DIRECTION('center_axis',(0.,1.,0.));
#3238=DIRECTION('ref_axis',(-1.,0.,0.));
#3239=DIRECTION('',(0.,0.,1.));
#3240=DIRECTION('center_axis',(0.,0.,1.));
#3241=DIRECTION('ref_axis',(-0.70710678118654,0.707106781186555,0.));
#3242=DIRECTION('center_axis',(1.,0.,0.));
#3243=DIRECTION('ref_axis',(0.,-2.79741234551211E-14,1.));
#3244=DIRECTION('',(1.,0.,0.));
#3245=DIRECTION('center_axis',(1.,-8.80196973217249E-33,1.63231747493511E-46));
#3246=DIRECTION('ref_axis',(-4.09459135429544E-46,-2.79741234551211E-14,
1.));
#3247=DIRECTION('',(1.,0.,0.));
#3248=DIRECTION('center_axis',(0.,0.,1.));
#3249=DIRECTION('ref_axis',(2.39366023924165E-32,-1.,0.));
#3250=DIRECTION('',(-2.39366023924165E-32,1.,0.));
#3251=DIRECTION('center_axis',(1.,6.96962959057388E-33,7.26395056884925E-33));
#3252=DIRECTION('ref_axis',(-6.96962959057388E-33,1.,0.));
#3253=DIRECTION('center_axis',(1.,0.,0.));
#3254=DIRECTION('ref_axis',(0.,-1.,-8.7419135797256E-15));
#3255=DIRECTION('',(1.,0.,0.));
#3256=DIRECTION('center_axis',(1.,0.,0.));
#3257=DIRECTION('ref_axis',(0.,-1.,-8.7419135797256E-15));
#3258=DIRECTION('center_axis',(0.,-1.,0.));
#3259=DIRECTION('ref_axis',(9.45496276206419E-50,0.,-1.));
#3260=DIRECTION('',(-9.45496276206419E-50,0.,1.));
#3261=DIRECTION('center_axis',(1.,6.96962959057388E-33,7.26395056884925E-33));
#3262=DIRECTION('ref_axis',(-6.96962959057388E-33,1.,0.));
#3263=DIRECTION('center_axis',(1.,1.68491426805966E-32,-2.84623062974696E-32));
#3264=DIRECTION('ref_axis',(2.16479305135877E-32,0.317199858508981,0.948358713653163));
#3265=DIRECTION('',(1.,1.68491426805966E-32,-2.84623062974696E-32));
#3266=DIRECTION('center_axis',(-1.,-1.68491426805966E-32,2.84623062974696E-32));
#3267=DIRECTION('ref_axis',(1.68491426805966E-32,-1.,0.));
#3268=DIRECTION('center_axis',(1.,1.68491426805966E-32,-2.84623062974696E-32));
#3269=DIRECTION('ref_axis',(1.68491426805966E-32,-1.,0.));
#3270=DIRECTION('',(1.,1.68491426805966E-32,-2.84623062974696E-32));
#3271=DIRECTION('center_axis',(1.,1.68491426805966E-32,-2.84623062974696E-32));
#3272=DIRECTION('ref_axis',(1.68491426805966E-32,-1.,0.));
#3273=DIRECTION('',(1.,1.68491426805966E-32,-2.84623062974696E-32));
#3274=DIRECTION('center_axis',(1.,1.68491426805966E-32,-2.84623062974696E-32));
#3275=DIRECTION('ref_axis',(1.68491426805966E-32,-1.,0.));
#3276=DIRECTION('',(1.,1.68491426805966E-32,-2.84623062974696E-32));
#3277=DIRECTION('center_axis',(1.,1.68491426805966E-32,-2.84623062974696E-32));
#3278=DIRECTION('ref_axis',(1.68491426805966E-32,-1.,0.));
#3279=DIRECTION('',(1.,1.68491426805966E-32,-2.84623062974696E-32));
#3280=DIRECTION('center_axis',(1.,1.68491426805966E-32,-2.84623062974696E-32));
#3281=DIRECTION('ref_axis',(1.68491426805966E-32,-1.,0.));
#3282=DIRECTION('',(1.,1.68491426805966E-32,-2.84623062974696E-32));
#3283=DIRECTION('center_axis',(1.,1.68491426805966E-32,-2.84623062974696E-32));
#3284=DIRECTION('ref_axis',(1.68491426805966E-32,-1.,0.));
#3285=DIRECTION('',(1.,1.68491426805966E-32,-2.84623062974696E-32));
#3286=DIRECTION('center_axis',(1.,1.68491426805966E-32,-2.84623062974696E-32));
#3287=DIRECTION('ref_axis',(1.68491426805966E-32,-1.,0.));
#3288=DIRECTION('',(1.,1.68491426805966E-32,-2.84623062974696E-32));
#3289=DIRECTION('center_axis',(1.,1.68491426805966E-32,-2.84623062974696E-32));
#3290=DIRECTION('ref_axis',(1.68491426805966E-32,-1.,0.));
#3291=DIRECTION('',(1.,1.68491426805966E-32,-2.84623062974696E-32));
#3292=DIRECTION('center_axis',(1.,1.68491426805966E-32,-2.84623062974696E-32));
#3293=DIRECTION('ref_axis',(1.68491426805966E-32,-1.,0.));
#3294=DIRECTION('',(1.,1.68491426805966E-32,-2.84623062974696E-32));
#3295=DIRECTION('center_axis',(1.,1.68491426805966E-32,-2.84623062974696E-32));
#3296=DIRECTION('ref_axis',(1.68491426805966E-32,-1.,0.));
#3297=DIRECTION('',(1.,1.68491426805966E-32,-2.84623062974696E-32));
#3298=DIRECTION('center_axis',(1.,1.68491426805966E-32,-2.84623062974696E-32));
#3299=DIRECTION('ref_axis',(6.95917194478961E-33,-0.948440887000152,-0.316954072171923));
#3300=DIRECTION('',(1.,1.68491426805966E-32,-2.84623062974696E-32));
#3301=DIRECTION('center_axis',(-1.,-1.68491426805966E-32,2.84623062974696E-32));
#3302=DIRECTION('ref_axis',(1.68491426805966E-32,-1.,0.));
#3303=DIRECTION('center_axis',(1.,1.68491426805966E-32,-2.84623062974696E-32));
#3304=DIRECTION('ref_axis',(0.,-1.,-4.79739159862993E-14));
#3305=DIRECTION('',(1.,-1.22464679914735E-16,-5.91857016964263E-30));
#3306=DIRECTION('center_axis',(-1.,0.,0.));
#3307=DIRECTION('ref_axis',(0.,-1.,-4.79739159862993E-14));
#3308=DIRECTION('center_axis',(1.,1.68491426805966E-32,-2.84623062974696E-32));
#3309=DIRECTION('ref_axis',(0.,-1.,-4.79739159862993E-14));
#3310=DIRECTION('',(1.,-1.22464679914735E-16,-5.91857016964263E-30));
#3311=DIRECTION('center_axis',(1.,1.68491426805966E-32,-2.84623062974696E-32));
#3312=DIRECTION('ref_axis',(0.,-1.,-4.79739159862993E-14));
#3313=DIRECTION('',(1.,-1.22464679914735E-16,-5.91857016964263E-30));
#3314=DIRECTION('center_axis',(1.,1.68491426805966E-32,-2.84623062974696E-32));
#3315=DIRECTION('ref_axis',(0.,-1.,-4.79739159862993E-14));
#3316=DIRECTION('',(1.,-1.22464679914735E-16,-5.91857016964263E-30));
#3317=DIRECTION('center_axis',(1.,1.68491426805966E-32,-2.84623062974696E-32));
#3318=DIRECTION('ref_axis',(0.,-1.,-4.79739159862993E-14));
#3319=DIRECTION('',(1.,-1.22464679914735E-16,-5.91857016964263E-30));
#3320=DIRECTION('center_axis',(1.,1.68491426805966E-32,-2.84623062974696E-32));
#3321=DIRECTION('ref_axis',(0.,-1.,-4.79739159862993E-14));
#3322=DIRECTION('',(1.,-1.22464679914735E-16,-5.91857016964263E-30));
#3323=DIRECTION('center_axis',(1.,1.68491426805966E-32,-2.84623062974696E-32));
#3324=DIRECTION('ref_axis',(0.,-1.,-4.79739159862993E-14));
#3325=DIRECTION('',(1.,-1.22464679914735E-16,-5.91857016964263E-30));
#3326=DIRECTION('center_axis',(1.,1.68491426805966E-32,-2.84623062974696E-32));
#3327=DIRECTION('ref_axis',(0.,-1.,-4.79739159862993E-14));
#3328=DIRECTION('',(1.,-1.22464679914735E-16,-5.91857016964263E-30));
#3329=DIRECTION('center_axis',(1.,1.68491426805966E-32,-2.84623062974696E-32));
#3330=DIRECTION('ref_axis',(0.,-1.,-4.79739159862993E-14));
#3331=DIRECTION('',(1.,-1.22464679914735E-16,-5.91857016964263E-30));
#3332=DIRECTION('center_axis',(1.,1.68491426805966E-32,-2.84623062974696E-32));
#3333=DIRECTION('ref_axis',(0.,-1.,-4.79739159862993E-14));
#3334=DIRECTION('',(1.,-1.22464679914735E-16,-5.91857016964263E-30));
#3335=DIRECTION('center_axis',(1.,1.68491426805966E-32,-2.84623062974696E-32));
#3336=DIRECTION('ref_axis',(0.,-1.,-4.79739159862993E-14));
#3337=DIRECTION('',(1.,-1.22464679914735E-16,-5.91857016964263E-30));
#3338=DIRECTION('center_axis',(1.,1.68491426805966E-32,-2.84623062974696E-32));
#3339=DIRECTION('ref_axis',(-4.99247601219143E-32,0.509297258057074,-0.860590670955447));
#3340=DIRECTION('',(1.,-1.22464679914735E-16,-5.91857016964263E-30));
#3341=DIRECTION('center_axis',(1.,1.68491426805966E-32,-2.84623062974696E-32));
#3342=DIRECTION('ref_axis',(0.,-1.,-4.79739159862993E-14));
#3343=DIRECTION('center_axis',(1.,1.68491426805966E-32,-2.84623062974696E-32));
#3344=DIRECTION('ref_axis',(2.16467178925792E-32,0.317245843784524,0.948343331605936));
#3345=DIRECTION('',(1.,1.68491426805966E-32,-2.84623062974696E-32));
#3346=DIRECTION('center_axis',(-1.,-1.68491426805966E-32,2.84623062974696E-32));
#3347=DIRECTION('ref_axis',(1.68491426805966E-32,-1.,0.));
#3348=DIRECTION('center_axis',(1.,1.68491426805966E-32,-2.84623062974696E-32));
#3349=DIRECTION('ref_axis',(1.68491426805966E-32,-1.,0.));
#3350=DIRECTION('',(1.,1.68491426805966E-32,-2.84623062974696E-32));
#3351=DIRECTION('center_axis',(1.,1.68491426805966E-32,-2.84623062974696E-32));
#3352=DIRECTION('ref_axis',(1.68491426805966E-32,-1.,0.));
#3353=DIRECTION('',(1.,1.68491426805966E-32,-2.84623062974696E-32));
#3354=DIRECTION('center_axis',(1.,1.68491426805966E-32,-2.84623062974696E-32));
#3355=DIRECTION('ref_axis',(1.68491426805966E-32,-1.,0.));
#3356=DIRECTION('',(1.,1.68491426805966E-32,-2.84623062974696E-32));
#3357=DIRECTION('center_axis',(1.,1.68491426805966E-32,-2.84623062974696E-32));
#3358=DIRECTION('ref_axis',(1.68491426805966E-32,-1.,0.));
#3359=DIRECTION('',(1.,1.68491426805966E-32,-2.84623062974696E-32));
#3360=DIRECTION('center_axis',(1.,1.68491426805966E-32,-2.84623062974696E-32));
#3361=DIRECTION('ref_axis',(1.68491426805966E-32,-1.,0.));
#3362=DIRECTION('',(1.,1.68491426805966E-32,-2.84623062974696E-32));
#3363=DIRECTION('center_axis',(1.,1.68491426805966E-32,-2.84623062974696E-32));
#3364=DIRECTION('ref_axis',(1.68491426805966E-32,-1.,0.));
#3365=DIRECTION('',(1.,1.68491426805966E-32,-2.84623062974696E-32));
#3366=DIRECTION('center_axis',(1.,1.68491426805966E-32,-2.84623062974696E-32));
#3367=DIRECTION('ref_axis',(6.95698427708781E-33,-0.948419441179195,-0.317018238581542));
#3368=DIRECTION('',(1.,1.68491426805966E-32,-2.84623062974696E-32));
#3369=DIRECTION('center_axis',(-1.,-1.68491426805966E-32,2.84623062974696E-32));
#3370=DIRECTION('ref_axis',(1.68491426805966E-32,-1.,0.));
#3371=DIRECTION('center_axis',(1.,1.68491426805966E-32,-2.84623062974696E-32));
#3372=DIRECTION('ref_axis',(1.2143985115126E-32,-0.860682232109789,0.509142509844259));
#3373=DIRECTION('',(1.,-1.22464679914735E-16,-2.91573603393315E-30));
#3374=DIRECTION('center_axis',(-1.,0.,0.));
#3375=DIRECTION('ref_axis',(0.,-1.,-2.34539144821907E-14));
#3376=DIRECTION('center_axis',(1.,1.68491426805966E-32,-2.84623062974696E-32));
#3377=DIRECTION('ref_axis',(0.,-1.,-2.34539144821907E-14));
#3378=DIRECTION('',(1.,-1.22464679914735E-16,-2.91573603393315E-30));
#3379=DIRECTION('center_axis',(1.,1.68491426805966E-32,-2.84623062974696E-32));
#3380=DIRECTION('ref_axis',(0.,-1.,-2.34539144821907E-14));
#3381=DIRECTION('',(1.,-1.22464679914735E-16,-2.91573603393315E-30));
#3382=DIRECTION('center_axis',(1.,1.68491426805966E-32,-2.84623062974696E-32));
#3383=DIRECTION('ref_axis',(0.,-1.,-2.34539144821907E-14));
#3384=DIRECTION('',(1.,-1.22464679914735E-16,-2.91573603393315E-30));
#3385=DIRECTION('center_axis',(1.,1.68491426805966E-32,-2.84623062974696E-32));
#3386=DIRECTION('ref_axis',(0.,-1.,-2.34539144821907E-14));
#3387=DIRECTION('',(1.,-1.22464679914735E-16,-2.91573603393315E-30));
#3388=DIRECTION('center_axis',(1.,1.68491426805966E-32,-2.84623062974696E-32));
#3389=DIRECTION('ref_axis',(0.,-1.,-2.34539144821907E-14));
#3390=DIRECTION('',(1.,-1.22464679914735E-16,-2.91573603393315E-30));
#3391=DIRECTION('center_axis',(1.,1.68491426805966E-32,-2.84623062974696E-32));
#3392=DIRECTION('ref_axis',(0.,-1.,-2.34539144821907E-14));
#3393=DIRECTION('',(1.,-1.22464679914735E-16,-2.91573603393315E-30));
#3394=DIRECTION('center_axis',(1.,1.68491426805966E-32,-2.84623062974696E-32));
#3395=DIRECTION('ref_axis',(-4.99247603466376E-32,0.509355480486158,-0.860556212282914));
#3396=DIRECTION('',(1.,-1.22464679914735E-16,-2.91573603393315E-30));
#3397=DIRECTION('center_axis',(1.,1.68491426805966E-32,-2.84623062974696E-32));
#3398=DIRECTION('ref_axis',(0.,-1.,-2.34539144821907E-14));
#3399=DIRECTION('center_axis',(0.,1.35057653621522E-15,1.));
#3400=DIRECTION('ref_axis',(0.707106781186538,-0.707106781186557,0.));
#3401=DIRECTION('center_axis',(0.,0.,1.));
#3402=DIRECTION('ref_axis',(0.,-1.,0.));
#3403=DIRECTION('',(0.,1.35057653621522E-15,1.));
#3404=DIRECTION('center_axis',(0.,0.,-1.));
#3405=DIRECTION('ref_axis',(1.,0.,0.));
#3406=DIRECTION('',(0.,-1.35057653621522E-15,-1.));
#3407=DIRECTION('center_axis',(-1.,0.,0.));
#3408=DIRECTION('ref_axis',(0.,0.,1.));
#3409=DIRECTION('center_axis',(0.,-1.,6.55643518479424E-15));
#3410=DIRECTION('ref_axis',(1.,0.,0.));
#3411=DIRECTION('center_axis',(1.,0.,0.));
#3412=DIRECTION('ref_axis',(0.,-0.707106781186545,0.70710678118655));
#3413=DIRECTION('center_axis',(-1.,0.,0.));
#3414=DIRECTION('ref_axis',(0.,-0.707106781186545,0.70710678118655));
#3415=DIRECTION('center_axis',(0.,1.,0.));
#3416=DIRECTION('ref_axis',(0.707106781186541,0.,0.707106781186554));
#3417=DIRECTION('center_axis',(0.,-1.,0.));
#3418=DIRECTION('ref_axis',(1.,0.,0.));
#3419=DIRECTION('',(0.,-1.,0.));
#3420=DIRECTION('',(0.,1.,0.));
#3421=DIRECTION('center_axis',(0.,0.,-1.));
#3422=DIRECTION('ref_axis',(-1.,0.,0.));
#3423=DIRECTION('center_axis',(1.,0.,0.));
#3424=DIRECTION('ref_axis',(0.,1.,0.));
#3425=DIRECTION('center_axis',(0.,0.,-1.));
#3426=DIRECTION('ref_axis',(0.707106781186545,0.70710678118655,0.));
#3427=DIRECTION('center_axis',(0.,0.,1.));
#3428=DIRECTION('ref_axis',(0.707106781186545,0.70710678118655,0.));
#3429=DIRECTION('center_axis',(-1.,4.06600631615146E-17,0.));
#3430=DIRECTION('ref_axis',(0.,0.707106781186549,0.707106781186546));
#3431=DIRECTION('center_axis',(1.,0.,0.));
#3432=DIRECTION('ref_axis',(0.,1.,0.));
#3433=DIRECTION('',(1.,-4.06600631615146E-17,0.));
#3434=DIRECTION('',(-1.,4.06600631615146E-17,0.));
#3435=DIRECTION('center_axis',(0.,0.,1.));
#3436=DIRECTION('ref_axis',(1.,0.,0.));
#3437=DIRECTION('center_axis',(0.,-1.,0.));
#3438=DIRECTION('ref_axis',(1.,0.,0.));
#3439=DIRECTION('center_axis',(0.,0.,1.));
#3440=DIRECTION('ref_axis',(-0.707106781186547,-0.707106781186548,0.));
#3441=DIRECTION('center_axis',(0.,0.,-1.));
#3442=DIRECTION('ref_axis',(-0.707106781186547,-0.707106781186548,0.));
#3443=DIRECTION('center_axis',(0.,1.,0.));
#3444=DIRECTION('ref_axis',(0.707106781186548,0.,0.707106781186548));
#3445=DIRECTION('center_axis',(0.,-1.,0.));
#3446=DIRECTION('ref_axis',(1.,0.,0.));
#3447=DIRECTION('',(0.,-1.,0.));
#3448=DIRECTION('',(0.,1.,0.));
#3449=DIRECTION('center_axis',(-1.,0.,0.));
#3450=DIRECTION('ref_axis',(0.,0.,1.));
#3451=DIRECTION('center_axis',(0.,4.37095678986283E-15,1.));
#3452=DIRECTION('ref_axis',(1.,0.,0.));
#3453=DIRECTION('center_axis',(1.,0.,0.));
#3454=DIRECTION('ref_axis',(0.,0.707106781186547,0.707106781186548));
#3455=DIRECTION('center_axis',(-1.,0.,0.));
#3456=DIRECTION('ref_axis',(0.,0.707106781186547,0.707106781186548));
#3457=DIRECTION('center_axis',(0.,0.,-1.));
#3458=DIRECTION('ref_axis',(0.707106781186548,0.707106781186548,0.));
#3459=DIRECTION('center_axis',(0.,0.,1.));
#3460=DIRECTION('ref_axis',(1.,0.,0.));
#3461=DIRECTION('',(0.,0.,1.));
#3462=DIRECTION('',(0.,0.,-1.));
#3463=DIRECTION('center_axis',(-1.,0.,0.));
#3464=DIRECTION('ref_axis',(0.,0.,1.));
#3465=DIRECTION('center_axis',(0.,1.,0.));
#3466=DIRECTION('ref_axis',(1.,0.,0.));
#3467=DIRECTION('center_axis',(1.,0.,0.));
#3468=DIRECTION('ref_axis',(0.,0.707106781186548,-0.707106781186547));
#3469=DIRECTION('center_axis',(-1.,0.,0.));
#3470=DIRECTION('ref_axis',(0.,0.707106781186548,-0.707106781186547));
#3471=DIRECTION('center_axis',(0.,-1.,-9.71323731080626E-17));
#3472=DIRECTION('ref_axis',(0.707106781186546,0.,-0.707106781186549));
#3473=DIRECTION('center_axis',(0.,1.,0.));
#3474=DIRECTION('ref_axis',(1.,0.,0.));
#3475=DIRECTION('',(0.,1.,9.71323731080626E-17));
#3476=DIRECTION('',(0.,-1.,-9.71323731080626E-17));
#3477=DIRECTION('center_axis',(0.,9.71323731080626E-17,-1.));
#3478=DIRECTION('ref_axis',(-1.,0.,0.));
#3479=DIRECTION('center_axis',(-1.,0.,0.));
#3480=DIRECTION('ref_axis',(0.,1.,0.));
#3481=DIRECTION('center_axis',(0.,9.71323731080626E-17,-1.));
#3482=DIRECTION('ref_axis',(-0.707106781186547,-0.707106781186548,-6.8682959697453E-17));
#3483=DIRECTION('center_axis',(0.,-9.71323731080626E-17,1.));
#3484=DIRECTION('ref_axis',(-0.707106781186547,-0.707106781186548,-5.46369598732853E-17));
#3485=DIRECTION('center_axis',(1.,-4.06600631615146E-17,-3.94940842560163E-33));
#3486=DIRECTION('ref_axis',(0.,0.707106781186549,-0.707106781186546));
#3487=DIRECTION('center_axis',(-1.,0.,0.));
#3488=DIRECTION('ref_axis',(0.,1.,0.));
#3489=DIRECTION('',(-1.,4.06600631615146E-17,3.94940842560163E-33));
#3490=DIRECTION('',(1.,-4.06600631615146E-17,-3.94940842560163E-33));
#3491=DIRECTION('center_axis',(0.,-9.71323731080626E-17,1.));
#3492=DIRECTION('ref_axis',(1.,0.,0.));
#3493=DIRECTION('center_axis',(0.,1.,0.));
#3494=DIRECTION('ref_axis',(1.,0.,0.));
#3495=DIRECTION('center_axis',(0.,-9.71323731080626E-17,1.));
#3496=DIRECTION('ref_axis',(0.707106781186545,0.70710678118655,6.86829596974531E-17));
#3497=DIRECTION('center_axis',(0.,9.71323731080626E-17,-1.));
#3498=DIRECTION('ref_axis',(0.707106781186545,0.70710678118655,5.46369598732854E-17));
#3499=DIRECTION('center_axis',(0.,-1.,-9.71323731080626E-17));
#3500=DIRECTION('ref_axis',(0.70710678118654,0.,-0.707106781186555));
#3501=DIRECTION('center_axis',(0.,1.,0.));
#3502=DIRECTION('ref_axis',(1.,0.,0.));
#3503=DIRECTION('',(0.,1.,9.71323731080626E-17));
#3504=DIRECTION('',(0.,-1.,-9.71323731080626E-17));
#3505=DIRECTION('center_axis',(-1.,0.,0.));
#3506=DIRECTION('ref_axis',(0.,0.,1.));
#3507=DIRECTION('center_axis',(1.,0.,0.));
#3508=DIRECTION('ref_axis',(0.,-0.707106781186549,-0.707106781186546));
#3509=DIRECTION('center_axis',(-1.,0.,0.));
#3510=DIRECTION('ref_axis',(0.,-0.707106781186549,-0.707106781186546));
#3511=DIRECTION('center_axis',(0.,0.,1.));
#3512=DIRECTION('ref_axis',(-0.707106781186546,-0.707106781186549,0.));
#3513=DIRECTION('',(0.,0.,-1.));
#3514=DIRECTION('',(0.,0.,1.));
#3515=DIRECTION('center_axis',(-4.06600631615146E-17,-1.,0.));
#3516=DIRECTION('ref_axis',(1.,-4.06600631615146E-17,0.));
#3517=DIRECTION('',(0.,0.,1.));
#3518=DIRECTION('center_axis',(0.,0.,1.));
#3519=DIRECTION('ref_axis',(0.707106781186544,0.707106781186551,0.));
#3520=DIRECTION('',(0.,0.,-1.));
#3521=DIRECTION('center_axis',(-1.,0.,0.));
#3522=DIRECTION('ref_axis',(0.,-1.,0.));
#3523=DIRECTION('center_axis',(1.,0.,0.));
#3524=DIRECTION('ref_axis',(0.,-1.74838271594513E-15,-1.));
#3525=DIRECTION('',(1.,0.,0.));
#3526=DIRECTION('center_axis',(1.,-5.09537371113502E-33,-1.26418174842523E-47));
#3527=DIRECTION('ref_axis',(-2.1550480812082E-47,-1.74838271594513E-15,
-1.));
#3528=DIRECTION('',(1.,0.,0.));
#3529=DIRECTION('center_axis',(0.,9.71323731080626E-17,-1.));
#3530=DIRECTION('ref_axis',(5.09537371113503E-33,1.,9.71323731080626E-17));
#3531=DIRECTION('',(1.,0.,0.));
#3532=DIRECTION('',(-5.09537371113503E-33,-1.,-9.71323731080626E-17));
#3533=DIRECTION('center_axis',(0.,-9.71323731080626E-17,1.));
#3534=DIRECTION('ref_axis',(1.,0.,0.));
#3535=DIRECTION('center_axis',(1.,0.,0.));
#3536=DIRECTION('ref_axis',(0.,-1.,-1.74838271594512E-15));
#3537=DIRECTION('',(1.,0.,0.));
#3538=DIRECTION('center_axis',(1.,-5.095373711135E-33,-1.11740651561377E-32));
#3539=DIRECTION('ref_axis',(-5.09537371113502E-33,-1.,-1.74838271594512E-15));
#3540=DIRECTION('center_axis',(0.,-1.,1.35057653621522E-15));
#3541=DIRECTION('ref_axis',(-1.11740651561377E-32,-1.35057653621522E-15,
-1.));
#3542=DIRECTION('',(1.,0.,0.));
#3543=DIRECTION('',(1.11740651561377E-32,1.35057653621522E-15,1.));
#3544=DIRECTION('center_axis',(-1.,0.,0.));
#3545=DIRECTION('ref_axis',(0.,-1.,0.));
#3546=DIRECTION('center_axis',(0.,0.,1.));
#3547=DIRECTION('ref_axis',(0.,-1.,0.));
#3548=DIRECTION('',(1.,0.,0.));
#3549=DIRECTION('',(0.,1.,0.));
#3550=DIRECTION('',(1.,0.,0.));
#3551=DIRECTION('center_axis',(0.,0.,-1.));
#3552=DIRECTION('ref_axis',(1.,0.,0.));
#3553=DIRECTION('center_axis',(1.,1.68491426805966E-32,-2.84623062974696E-32));
#3554=DIRECTION('ref_axis',(0.,-1.,-2.34539144821907E-14));
#3555=DIRECTION('center_axis',(1.,1.68491426805966E-32,-2.84623062974696E-32));
#3556=DIRECTION('ref_axis',(1.68491426805966E-32,-1.,0.));
#3557=DIRECTION('center_axis',(1.,1.68491426805966E-32,-2.84623062974696E-32));
#3558=DIRECTION('ref_axis',(1.68491426805966E-32,-1.,0.));
#3559=DIRECTION('center_axis',(1.,1.68491426805966E-32,-2.84623062974696E-32));
#3560=DIRECTION('ref_axis',(0.,-1.,-4.79739159862993E-14));
#3561=DIRECTION('center_axis',(1.,1.68491426805966E-32,-2.84623062974696E-32));
#3562=DIRECTION('ref_axis',(1.68491426805966E-32,-1.,0.));
#3563=DIRECTION('center_axis',(1.,1.68491426805966E-32,-2.84623062974696E-32));
#3564=DIRECTION('ref_axis',(1.68491426805966E-32,-1.,0.));
#3565=DIRECTION('center_axis',(0.,0.,1.));
#3566=DIRECTION('ref_axis',(1.,0.,0.));
#3567=DIRECTION('',(0.,0.,1.));
#3568=DIRECTION('center_axis',(1.,0.,0.));
#3569=DIRECTION('ref_axis',(0.,1.,-3.49676543189027E-15));
#3570=DIRECTION('',(1.,0.,0.));
#3571=DIRECTION('center_axis',(1.,0.,0.));
#3572=DIRECTION('ref_axis',(0.,1.,-3.49676543189027E-15));
#3573=DIRECTION('center_axis',(0.,1.,0.));
#3574=DIRECTION('ref_axis',(0.,0.,1.));
#3575=DIRECTION('',(0.,0.,1.));
#3576=DIRECTION('center_axis',(1.,0.,0.));
#3577=DIRECTION('ref_axis',(0.,7.86772222175312E-15,1.));
#3578=DIRECTION('center_axis',(1.,1.94469227433161E-62,-1.11740651561377E-32));
#3579=DIRECTION('ref_axis',(1.11740651561377E-32,7.86772222175312E-15,1.));
#3580=DIRECTION('center_axis',(1.,1.68491426805966E-32,-2.84623062974696E-32));
#3581=DIRECTION('ref_axis',(-1.68491426805966E-32,1.,0.));
#3582=CARTESIAN_POINT('',(0.,0.,0.));
#3583=CARTESIAN_POINT('Origin',(0.875091314614384,3.,0.5));
#3584=CARTESIAN_POINT('',(0.987670608608386,3.06726515350337,0.500064067405736));
#3585=CARTESIAN_POINT('',(0.996887020620382,3.06715471268363,0.499902922336296));
#3586=CARTESIAN_POINT('',(0.875091314614384,3.06725,0.5));
#3587=CARTESIAN_POINT('',(1.00009131461438,3.05376930128393,0.540390899215515));
#3588=CARTESIAN_POINT('Ctrl Pts',(0.996887020620382,3.06715471268363,0.499902922336296));
#3589=CARTESIAN_POINT('Ctrl Pts',(0.997955118618382,3.06705086746403,0.514342406569868));
#3590=CARTESIAN_POINT('Ctrl Pts',(0.999023216616383,3.06244340218237,0.528843735036599));
#3591=CARTESIAN_POINT('Ctrl Pts',(1.00009131461438,3.05376930128393,0.540390899215516));
#3592=CARTESIAN_POINT('',(1.00009131461438,2.94629643292702,0.540414066257253));
#3593=CARTESIAN_POINT('Origin',(1.00009131461438,3.,0.5));
#3594=CARTESIAN_POINT('Ctrl Pts',(1.00009131461438,2.94629643292702,0.540414066257253));
#3595=CARTESIAN_POINT('Ctrl Pts',(0.999615646816482,2.95011648201384,0.545600325715358));
#3596=CARTESIAN_POINT('Ctrl Pts',(0.99913997901858,2.95465115360165,0.550232353342947));
#3597=CARTESIAN_POINT('Ctrl Pts',(0.998664311220679,2.95978617544433,0.554056823975963));
#3598=CARTESIAN_POINT('Ctrl Pts',(0.99700715790997,2.97767580027222,0.567380690336416));
#3599=CARTESIAN_POINT('Ctrl Pts',(0.995350004599263,3.00285198558877,0.570903090234305));
#3600=CARTESIAN_POINT('Ctrl Pts',(0.993692851288554,3.02373010225261,0.563041671737467));
#3601=CARTESIAN_POINT('Ctrl Pts',(0.992035697977845,3.04460821891644,0.55518025324063));
#3602=CARTESIAN_POINT('Ctrl Pts',(0.990378544667136,3.06118826692756,0.535935016349066));
#3603=CARTESIAN_POINT('Ctrl Pts',(0.988721391356427,3.06586426551841,0.514128693613965));
#3604=CARTESIAN_POINT('Ctrl Pts',(0.988371130440414,3.06685259866727,0.509519643547971));
#3605=CARTESIAN_POINT('Ctrl Pts',(0.9880208695244,3.06730912646642,0.504796178705579));
#3606=CARTESIAN_POINT('Ctrl Pts',(0.987670608608386,3.06726515350337,0.500064067405736));
#3607=CARTESIAN_POINT('Origin',(0.875091314614384,3.,0.5));
#3608=CARTESIAN_POINT('',(0.956420608608387,3.06714081637598,0.500001053776628));
#3609=CARTESIAN_POINT('',(0.965637020620381,3.06734927901759,0.499972214082734));
#3610=CARTESIAN_POINT('',(0.875091314614384,3.06725,0.5));
#3611=CARTESIAN_POINT('Ctrl Pts',(0.965637020620381,3.06734927901759,0.499972214082734));
#3612=CARTESIAN_POINT('Ctrl Pts',(0.967178865420797,3.06724036185524,0.52073612257197));
#3613=CARTESIAN_POINT('Ctrl Pts',(0.968720710221213,3.05690725996867,0.541593015219386));
#3614=CARTESIAN_POINT('Ctrl Pts',(0.970262555021629,3.04027118687671,0.553999993651128));
#3615=CARTESIAN_POINT('Ctrl Pts',(0.971919708332337,3.02239096728904,0.567334841217179));
#3616=CARTESIAN_POINT('Ctrl Pts',(0.973576861643045,2.99722977538742,0.570908642848769));
#3617=CARTESIAN_POINT('Ctrl Pts',(0.975234014953754,2.97634553408989,0.563075083309743));
#3618=CARTESIAN_POINT('Ctrl Pts',(0.976891168264463,2.95546129279236,0.555241523770718));
#3619=CARTESIAN_POINT('Ctrl Pts',(0.978548321575172,2.9388540020989,0.536000603061077));
#3620=CARTESIAN_POINT('Ctrl Pts',(0.980205474885881,2.93415107459137,0.514200065469353));
#3621=CARTESIAN_POINT('Ctrl Pts',(0.981862628196589,2.92944814708384,0.49239952787763));
#3622=CARTESIAN_POINT('Ctrl Pts',(0.983519781507298,2.93664958276223,0.468039373403824));
#3623=CARTESIAN_POINT('Ctrl Pts',(0.985176934818006,2.95244936936837,0.452289306732013));
#3624=CARTESIAN_POINT('Ctrl Pts',(0.986834088128715,2.96824915597451,0.436539240060201));
#3625=CARTESIAN_POINT('Ctrl Pts',(0.988491241439423,2.9926472935084,0.429399261190385));
#3626=CARTESIAN_POINT('Ctrl Pts',(0.990148394750131,3.01443293730618,0.434189793616145));
#3627=CARTESIAN_POINT('Ctrl Pts',(0.99180554806084,3.03621858110395,0.438980326041906));
#3628=CARTESIAN_POINT('Ctrl Pts',(0.993462701371549,3.05539173116561,0.455701369763241));
#3629=CARTESIAN_POINT('Ctrl Pts',(0.995119854682258,3.06314387660802,0.476575158732366));
#3630=CARTESIAN_POINT('Ctrl Pts',(0.995708909994966,3.06589947105316,0.483995001066297));
#3631=CARTESIAN_POINT('Ctrl Pts',(0.996297965307674,3.06721198325095,0.491939556693376));
#3632=CARTESIAN_POINT('Ctrl Pts',(0.996887020620382,3.06715471268363,0.499902922336296));
#3633=CARTESIAN_POINT('Ctrl Pts',(0.987670608608386,3.06726515350337,0.500064067405736));
#3634=CARTESIAN_POINT('Ctrl Pts',(0.986363716213691,3.06710108172616,0.482407629059711));
#3635=CARTESIAN_POINT('Ctrl Pts',(0.985056823818997,3.05996912379533,0.464630816209385));
#3636=CARTESIAN_POINT('Ctrl Pts',(0.983749931424302,3.04749539914505,0.452227773088216));
#3637=CARTESIAN_POINT('Ctrl Pts',(0.982092778113593,3.03167858501025,0.436500583876205));
#3638=CARTESIAN_POINT('Ctrl Pts',(0.980435624802884,3.00727300757008,0.429413614030821));
#3639=CARTESIAN_POINT('Ctrl Pts',(0.978778471492176,2.98549141442334,0.434218033929575));
#3640=CARTESIAN_POINT('Ctrl Pts',(0.977121318181467,2.96370982127661,0.439022453828329));
#3641=CARTESIAN_POINT('Ctrl Pts',(0.975464164870758,2.94455221242332,0.455718263471221));
#3642=CARTESIAN_POINT('Ctrl Pts',(0.97380701156005,2.93681723051173,0.476638484713508));
#3643=CARTESIAN_POINT('Ctrl Pts',(0.972149858249341,2.92908224860014,0.497558705955795));
#3644=CARTESIAN_POINT('Ctrl Pts',(0.970492704938633,2.93276989363024,0.522703338797476));
#3645=CARTESIAN_POINT('Ctrl Pts',(0.968835551627924,2.94618685988042,0.540521530683126));
#3646=CARTESIAN_POINT('Ctrl Pts',(0.967178398317215,2.9596038261306,0.558339722568775));
#3647=CARTESIAN_POINT('Ctrl Pts',(0.965521245006506,2.98275011360086,0.568831473498392));
#3648=CARTESIAN_POINT('Ctrl Pts',(0.963864091695798,3.00499349818256,0.567178019249248));
#3649=CARTESIAN_POINT('Ctrl Pts',(0.962206938385089,3.02723688276426,0.565524565000105));
#3650=CARTESIAN_POINT('Ctrl Pts',(0.960549785074381,3.04857736445739,0.5517259055722));
#3651=CARTESIAN_POINT('Ctrl Pts',(0.958892631763672,3.05921260551818,0.532120038508621));
#3652=CARTESIAN_POINT('Ctrl Pts',(0.958068624045244,3.06450090362844,0.522371160307387));
#3653=CARTESIAN_POINT('Ctrl Pts',(0.957244616326815,3.0671423256196,0.511186447103707));
#3654=CARTESIAN_POINT('Ctrl Pts',(0.956420608608387,3.06714081637598,0.500001053776628));
#3655=CARTESIAN_POINT('Origin',(0.875091314614384,3.,0.5));
#3656=CARTESIAN_POINT('',(0.925170608608387,3.06726308336693,0.499938565862631));
#3657=CARTESIAN_POINT('',(0.934387020620381,3.06726349168023,0.500061404958454));
#3658=CARTESIAN_POINT('',(0.875091314614384,3.06725,0.5));
#3659=CARTESIAN_POINT('Ctrl Pts',(0.934387020620381,3.06726349168023,0.500061404958454));
#3660=CARTESIAN_POINT('Ctrl Pts',(0.934745458912503,3.06730851875499,0.504904599670693));
#3661=CARTESIAN_POINT('Ctrl Pts',(0.935103897204625,3.06683007600472,0.509738968630028));
#3662=CARTESIAN_POINT('Ctrl Pts',(0.935462335496747,3.06579511244282,0.514451103905858));
#3663=CARTESIAN_POINT('Ctrl Pts',(0.937119488807456,3.06101020711669,0.536236529024987));
#3664=CARTESIAN_POINT('Ctrl Pts',(0.938776642118164,3.04432993086836,0.555409266578651));
#3665=CARTESIAN_POINT('Ctrl Pts',(0.940433795428873,3.02341614916023,0.563162600139347));
#3666=CARTESIAN_POINT('Ctrl Pts',(0.942090948739582,3.0025023674521,0.570915933700043));
#3667=CARTESIAN_POINT('Ctrl Pts',(0.94374810205029,2.97735508028415,0.567249863267771));
#3668=CARTESIAN_POINT('Ctrl Pts',(0.945405255360999,2.9595253740942,0.553848285622994));
#3669=CARTESIAN_POINT('Ctrl Pts',(0.947062408671707,2.94169566790425,0.540446707978218));
#3670=CARTESIAN_POINT('Ctrl Pts',(0.948719561982416,2.93118354269229,0.517309623120937));
#3671=CARTESIAN_POINT('Ctrl Pts',(0.950376715293125,2.93281759401167,0.495064883904979));
#3672=CARTESIAN_POINT('Ctrl Pts',(0.952033868603833,2.93445164533104,0.472820144689022));
#3673=CARTESIAN_POINT('Ctrl Pts',(0.953691021914542,2.94823187318174,0.451467751114388));
#3674=CARTESIAN_POINT('Ctrl Pts',(0.95534817522525,2.96782853481344,0.44081537639265));
#3675=CARTESIAN_POINT('Ctrl Pts',(0.957005328535959,2.98742519644514,0.430163001670911));
#3676=CARTESIAN_POINT('Ctrl Pts',(0.958662481846668,3.01283829185783,0.430210645802069));
#3677=CARTESIAN_POINT('Ctrl Pts',(0.960319635157377,3.0323945918544,0.440936979392785));
#3678=CARTESIAN_POINT('Ctrl Pts',(0.961976788468085,3.05195089185097,0.4516633129835));
#3679=CARTESIAN_POINT('Ctrl Pts',(0.963633941778794,3.06565039643141,0.473068336033775));
#3680=CARTESIAN_POINT('Ctrl Pts',(0.965291095089502,3.06720052508476,0.495318794309169));
#3681=CARTESIAN_POINT('Ctrl Pts',(0.965406403599795,3.06730838657508,0.496867031989107));
#3682=CARTESIAN_POINT('Ctrl Pts',(0.965521712110088,3.06735742450392,0.498419363007768));
#3683=CARTESIAN_POINT('Ctrl Pts',(0.965637020620381,3.06734927901759,0.499972214082734));
#3684=CARTESIAN_POINT('Ctrl Pts',(0.956420608608387,3.06714081637598,0.500001053776628));
#3685=CARTESIAN_POINT('Ctrl Pts',(0.955587463016107,3.06713929039552,0.488691619483767));
#3686=CARTESIAN_POINT('Ctrl Pts',(0.954754317423827,3.06443589032753,0.477381489899344));
#3687=CARTESIAN_POINT('Ctrl Pts',(0.953921171831546,3.05903469375807,0.467554096997908));
#3688=CARTESIAN_POINT('Ctrl Pts',(0.952264018520838,3.04829154050873,0.448007097250029));
#3689=CARTESIAN_POINT('Ctrl Pts',(0.950606865210129,3.02687523358163,0.434326172453525));
#3690=CARTESIAN_POINT('Ctrl Pts',(0.94894971189942,3.00462310829562,0.432795420985964));
#3691=CARTESIAN_POINT('Ctrl Pts',(0.947292558588712,2.98237098300961,0.431264669518403));
#3692=CARTESIAN_POINT('Ctrl Pts',(0.945635405278003,2.95928303936468,0.441884091379786));
#3693=CARTESIAN_POINT('Ctrl Pts',(0.943978251967294,2.94596440886972,0.459775820776142));
#3694=CARTESIAN_POINT('Ctrl Pts',(0.942321098656586,2.93264577837475,0.477667550172498));
#3695=CARTESIAN_POINT('Ctrl Pts',(0.940663945345876,2.92909646102975,0.502831587103828));
#3696=CARTESIAN_POINT('Ctrl Pts',(0.939006792035168,2.93694679751469,0.523709143959719));
#3697=CARTESIAN_POINT('Ctrl Pts',(0.93734963872446,2.94479713399962,0.54458670081561));
#3698=CARTESIAN_POINT('Ctrl Pts',(0.935692485413752,2.96404712431449,0.561177777596062));
#3699=CARTESIAN_POINT('Ctrl Pts',(0.934035332103043,2.98585453128741,0.565861485074023));
#3700=CARTESIAN_POINT('Ctrl Pts',(0.932378178792334,3.00766193826032,0.570545192551983));
#3701=CARTESIAN_POINT('Ctrl Pts',(0.930721025481625,3.03202676189129,0.563321530727453));
#3702=CARTESIAN_POINT('Ctrl Pts',(0.929063872170916,3.04775733835624,0.547508591686735));
#3703=CARTESIAN_POINT('Ctrl Pts',(0.927766117650073,3.06007631125449,0.535125118778525));
#3704=CARTESIAN_POINT('Ctrl Pts',(0.92646836312923,3.06710006181673,0.517474002763649));
#3705=CARTESIAN_POINT('Ctrl Pts',(0.925170608608387,3.06726308336693,0.499938565862631));
#3706=CARTESIAN_POINT('Origin',(0.875091314614384,3.,0.5));
#3707=CARTESIAN_POINT('',(0.893920608608387,3.06734950880197,0.500027799970395));
#3708=CARTESIAN_POINT('',(0.903137020620381,3.06714083782312,0.499999189176835));
#3709=CARTESIAN_POINT('',(0.875091314614384,3.06725,0.5));
#3710=CARTESIAN_POINT('Ctrl Pts',(0.903137020620381,3.06714083782312,0.499999189176835));
#3711=CARTESIAN_POINT('Ctrl Pts',(0.903969205714918,3.06713962772069,0.511295575494724));
#3712=CARTESIAN_POINT('Ctrl Pts',(0.904801390809455,3.0644427701433,0.522592504606809));
#3713=CARTESIAN_POINT('Ctrl Pts',(0.905633575903992,3.05905348268769,0.532411685269236));
#3714=CARTESIAN_POINT('Ctrl Pts',(0.907290729214701,3.0483216447732,0.551964892662652));
#3715=CARTESIAN_POINT('Ctrl Pts',(0.908947882525409,3.0269132820536,0.565658256460464));
#3716=CARTESIAN_POINT('Ctrl Pts',(0.910605035836118,3.00466204820888,0.567201908060385));
#3717=CARTESIAN_POINT('Ctrl Pts',(0.912262189146826,2.98241081436415,0.568745559660306));
#3718=CARTESIAN_POINT('Ctrl Pts',(0.913919342457535,2.95931670939428,0.558139499062335));
#3719=CARTESIAN_POINT('Ctrl Pts',(0.915576495768244,2.94598771094413,0.540255481732915));
#3720=CARTESIAN_POINT('Ctrl Pts',(0.917233649078952,2.93265871249397,0.522371464403495));
#3721=CARTESIAN_POINT('Ctrl Pts',(0.918890802389661,2.92909482056353,0.497209490342627));
#3722=CARTESIAN_POINT('Ctrl Pts',(0.920547955700369,2.93693306250682,0.476327387782506));
#3723=CARTESIAN_POINT('Ctrl Pts',(0.922205109011078,2.94477130445011,0.455445285222385));
#3724=CARTESIAN_POINT('Ctrl Pts',(0.923862262321787,2.96401168026714,0.438843054163012));
#3725=CARTESIAN_POINT('Ctrl Pts',(0.925519415632496,2.98581637325777,0.434146710352309));
#3726=CARTESIAN_POINT('Ctrl Pts',(0.927176568943204,3.00762106624839,0.429450366541606));
#3727=CARTESIAN_POINT('Ctrl Pts',(0.928833722253912,3.03199007641261,0.436659909979572));
#3728=CARTESIAN_POINT('Ctrl Pts',(0.930490875564621,3.04772981429275,0.452463738040852));
#3729=CARTESIAN_POINT('Ctrl Pts',(0.931789590583208,3.06006508456706,0.464849235943622));
#3730=CARTESIAN_POINT('Ctrl Pts',(0.933088305601794,3.06710034689486,0.482513252740981));
#3731=CARTESIAN_POINT('Ctrl Pts',(0.934387020620381,3.06726349168023,0.500061404958454));
#3732=CARTESIAN_POINT('Ctrl Pts',(0.925170608608387,3.06726308336693,0.499938565862631));
#3733=CARTESIAN_POINT('Ctrl Pts',(0.924811209818522,3.06730823038581,0.495082320169963));
#3734=CARTESIAN_POINT('Ctrl Pts',(0.924451811028656,3.06682719249888,0.490234946508754));
#3735=CARTESIAN_POINT('Ctrl Pts',(0.924092412238791,3.0657867185229,0.485510786028892));
#3736=CARTESIAN_POINT('Ctrl Pts',(0.922435258928083,3.06098919292567,0.463728135668671));
#3737=CARTESIAN_POINT('Ctrl Pts',(0.920778105617373,3.04429781243226,0.444565051205135));
#3738=CARTESIAN_POINT('Ctrl Pts',(0.919120952306665,3.02337954661228,0.436823846133095));
#3739=CARTESIAN_POINT('Ctrl Pts',(0.917463798995956,3.00246128079231,0.429082641061055));
#3740=CARTESIAN_POINT('Ctrl Pts',(0.915806645685248,2.97731612964577,0.432763315380511));
#3741=CARTESIAN_POINT('Ctrl Pts',(0.914149492374539,2.95949419196865,0.446175199469801));
#3742=CARTESIAN_POINT('Ctrl Pts',(0.912492339063831,2.94167225429152,0.459587083559092));
#3743=CARTESIAN_POINT('Ctrl Pts',(0.910835185753121,2.93117353008382,0.482730177418216));
#3744=CARTESIAN_POINT('Ctrl Pts',(0.909178032442413,2.93282047223621,0.504974000889682));
#3745=CARTESIAN_POINT('Ctrl Pts',(0.907520879131704,2.93446741438859,0.527217824361148));
#3746=CARTESIAN_POINT('Ctrl Pts',(0.905863725820996,2.94826002290106,0.548562377444956));
#3747=CARTESIAN_POINT('Ctrl Pts',(0.904206572510287,2.96786284190813,0.559203316639472));
#3748=CARTESIAN_POINT('Ctrl Pts',(0.902549419199579,2.98746566091519,0.569844255833988));
#3749=CARTESIAN_POINT('Ctrl Pts',(0.90089226588887,3.01287869041686,0.569781581139212));
#3750=CARTESIAN_POINT('Ctrl Pts',(0.899235112578161,3.03242878497587,0.559044081318234));
#3751=CARTESIAN_POINT('Ctrl Pts',(0.897577959267453,3.05197887953489,0.548306581497257));
#3752=CARTESIAN_POINT('Ctrl Pts',(0.895920805956744,3.06566603915125,0.526894256550078));
#3753=CARTESIAN_POINT('Ctrl Pts',(0.894263652646035,3.06720324458205,0.504642580218597));
#3754=CARTESIAN_POINT('Ctrl Pts',(0.894149304633486,3.06730931586993,0.503107155012034));
#3755=CARTESIAN_POINT('Ctrl Pts',(0.894034956620936,3.06735753673946,0.501567733343593));
#3756=CARTESIAN_POINT('Ctrl Pts',(0.893920608608387,3.06734950880197,0.500027799970395));
#3757=CARTESIAN_POINT('Origin',(0.875091314614384,3.,0.5));
#3758=CARTESIAN_POINT('',(0.862670608608387,3.0671778922713,0.500047626573858));
#3759=CARTESIAN_POINT('',(0.871887020620382,3.06726647844063,0.499938887717183));
#3760=CARTESIAN_POINT('',(0.875091314614384,3.06725,0.5));
#3761=CARTESIAN_POINT('Ctrl Pts',(0.871887020620382,3.06726647844063,0.499938887717183));
#3762=CARTESIAN_POINT('Ctrl Pts',(0.873192952517333,3.06710246990427,0.517582544637456));
#3763=CARTESIAN_POINT('Ctrl Pts',(0.874498884414285,3.0599803457556,0.535343373871559));
#3764=CARTESIAN_POINT('Ctrl Pts',(0.875804816311236,3.04752243154395,0.547743582360416));
#3765=CARTESIAN_POINT('Ctrl Pts',(0.877461969621945,3.03171404687355,0.563478741750238));
#3766=CARTESIAN_POINT('Ctrl Pts',(0.879119122932653,3.00731388409229,0.570582140250663));
#3767=CARTESIAN_POINT('Ctrl Pts',(0.880776276243362,2.98552984147236,0.565790923905844));
#3768=CARTESIAN_POINT('Ctrl Pts',(0.882433429554071,2.96374579885243,0.560999707561024));
#3769=CARTESIAN_POINT('Ctrl Pts',(0.884090582864779,2.94457787639382,0.54431387637096));
#3770=CARTESIAN_POINT('Ctrl Pts',(0.885747736175488,2.93683061064747,0.523397850444815));
#3771=CARTESIAN_POINT('Ctrl Pts',(0.887404889486197,2.92908334490111,0.50248182451867));
#3772=CARTESIAN_POINT('Ctrl Pts',(0.889062042796905,2.93275673586701,0.477335603856443));
#3773=CARTESIAN_POINT('Ctrl Pts',(0.890719196107614,2.94616345905092,0.459509778766584));
#3774=CARTESIAN_POINT('Ctrl Pts',(0.892376349418323,2.95957018223484,0.441683953676725));
#3775=CARTESIAN_POINT('Ctrl Pts',(0.894033502729031,2.98271023763676,0.431178524159234));
#3776=CARTESIAN_POINT('Ctrl Pts',(0.89569065603974,3.0049545409681,0.432819022943161));
#3777=CARTESIAN_POINT('Ctrl Pts',(0.897347809350448,3.02719884429944,0.434459521727088));
#3778=CARTESIAN_POINT('Ctrl Pts',(0.899004962661157,3.0485473955602,0.448245948812434));
#3779=CARTESIAN_POINT('Ctrl Pts',(0.900662115971866,3.05919401463589,0.467845687849617));
#3780=CARTESIAN_POINT('Ctrl Pts',(0.901487084188037,3.06449414123876,0.477602879080176));
#3781=CARTESIAN_POINT('Ctrl Pts',(0.902312052404209,3.06714203743129,0.488800767418218));
#3782=CARTESIAN_POINT('Ctrl Pts',(0.903137020620381,3.06714083782312,0.499999189176835));
#3783=CARTESIAN_POINT('Ctrl Pts',(0.893920608608387,3.06734950880197,0.500027799970395));
#3784=CARTESIAN_POINT('Ctrl Pts',(0.892377803310228,3.06724119433092,0.479250723797327));
#3785=CARTESIAN_POINT('Ctrl Pts',(0.890834998012069,3.05689339005745,0.458380497281916));
#3786=CARTESIAN_POINT('Ctrl Pts',(0.88929219271391,3.04023982680391,0.44597606112269));
#3787=CARTESIAN_POINT('Ctrl Pts',(0.887635039403201,3.02235195234974,0.432652246074048));
#3788=CARTESIAN_POINT('Ctrl Pts',(0.885977886092492,2.99718895219616,0.42909564369255));
#3789=CARTESIAN_POINT('Ctrl Pts',(0.884320732781783,2.97630912406522,0.436939933153157));
#3790=CARTESIAN_POINT('Ctrl Pts',(0.882663579471075,2.95542929593429,0.444784222613764));
#3791=CARTESIAN_POINT('Ctrl Pts',(0.881006426160367,2.938832639826,0.464029403916477));
#3792=CARTESIAN_POINT('Ctrl Pts',(0.879349272849658,2.93414261444605,0.485835452662693));
#3793=CARTESIAN_POINT('Ctrl Pts',(0.87769211953895,2.92945258906609,0.507641501408908));
#3794=CARTESIAN_POINT('Ctrl Pts',(0.876034966228241,2.93666919441447,0.532008417598628));
#3795=CARTESIAN_POINT('Ctrl Pts',(0.874377812917532,2.95247757643175,0.547743574347608));
#3796=CARTESIAN_POINT('Ctrl Pts',(0.872720659606823,2.96828595844903,0.563478731096588));
#3797=CARTESIAN_POINT('Ctrl Pts',(0.871063506296115,2.99268611713521,0.570582128404829));
#3798=CARTESIAN_POINT('Ctrl Pts',(0.869406352985406,3.01447015609912,0.565790912864129));
#3799=CARTESIAN_POINT('Ctrl Pts',(0.867749199674698,3.03625419506303,0.560999697323429));
#3800=CARTESIAN_POINT('Ctrl Pts',(0.866092046363988,3.05542211430467,0.544313868933788));
#3801=CARTESIAN_POINT('Ctrl Pts',(0.86443489305328,3.0631693787508,0.523397846517964));
#3802=CARTESIAN_POINT('Ctrl Pts',(0.863846798238315,3.06591874781731,0.515975114865474));
#3803=CARTESIAN_POINT('Ctrl Pts',(0.863258703423351,3.06722978095919,0.508019625665807));
#3804=CARTESIAN_POINT('Ctrl Pts',(0.862670608608387,3.0671778922713,0.500047626573858));
#3805=CARTESIAN_POINT('Origin',(0.875091314614384,3.,0.5));
#3806=CARTESIAN_POINT('',(0.831420608608387,3.06717580015762,0.499953443736142));
#3807=CARTESIAN_POINT('',(0.840637020620381,3.06734760862759,0.500029606876573));
#3808=CARTESIAN_POINT('',(0.875091314614384,3.06725,0.5));
#3809=CARTESIAN_POINT('Ctrl Pts',(0.840637020620381,3.06734760862759,0.500029606876573));
#3810=CARTESIAN_POINT('Ctrl Pts',(0.840759546009039,3.06735668292268,0.501679790032144));
#3811=CARTESIAN_POINT('Ctrl Pts',(0.840882071397697,3.06730130946244,0.50332935390818));
#3812=CARTESIAN_POINT('Ctrl Pts',(0.841004596786355,3.06717953903849,0.504974001724323));
#3813=CARTESIAN_POINT('Ctrl Pts',(0.842661750097064,3.06553259660966,0.527217828928842));
#3814=CARTESIAN_POINT('Ctrl Pts',(0.844318903407772,3.05173998578248,0.548562385595191));
#3815=CARTESIAN_POINT('Ctrl Pts',(0.845976056718481,3.03213716348549,0.559203326575648));
#3816=CARTESIAN_POINT('Ctrl Pts',(0.847633210029189,3.01253434118851,0.569844267556105));
#3817=CARTESIAN_POINT('Ctrl Pts',(0.849290363339898,2.98712130742171,0.56978159285067));
#3818=CARTESIAN_POINT('Ctrl Pts',(0.850947516650607,2.96757120958159,0.559044091227582));
#3819=CARTESIAN_POINT('Ctrl Pts',(0.852604669961315,2.94802111174146,0.548306589604494));
#3820=CARTESIAN_POINT('Ctrl Pts',(0.854261823272024,2.93433394982801,0.526894261063753));
#3821=CARTESIAN_POINT('Ctrl Pts',(0.855918976582732,2.93279674413922,0.504642580997786));
#3822=CARTESIAN_POINT('Ctrl Pts',(0.857576129893441,2.93125953845044,0.482390900931819));
#3823=CARTESIAN_POINT('Ctrl Pts',(0.85923328320415,2.94187228898633,0.459299869340625));
#3824=CARTESIAN_POINT('Ctrl Pts',(0.860890436514859,2.95976016644262,0.445976052055834));
#3825=CARTESIAN_POINT('Ctrl Pts',(0.862547589825567,2.97764804389891,0.432652234771042));
#3826=CARTESIAN_POINT('Ctrl Pts',(0.864204743136276,3.00281104827562,0.429095631792652));
#3827=CARTESIAN_POINT('Ctrl Pts',(0.865861896446984,3.02369087991082,0.436939922569773));
#3828=CARTESIAN_POINT('Ctrl Pts',(0.867519049757693,3.04457071154603,0.444784213346893));
#3829=CARTESIAN_POINT('Ctrl Pts',(0.869176203068402,3.06116737043973,0.464029397879523));
#3830=CARTESIAN_POINT('Ctrl Pts',(0.870833356379111,3.06585739660681,0.485835450285448));
#3831=CARTESIAN_POINT('Ctrl Pts',(0.871184577792868,3.06685141303868,0.490457082155583));
#3832=CARTESIAN_POINT('Ctrl Pts',(0.871535799206625,3.06731058740997,0.495193747375754));
#3833=CARTESIAN_POINT('Ctrl Pts',(0.871887020620382,3.06726647844063,0.499938887717183));
#3834=CARTESIAN_POINT('Ctrl Pts',(0.862670608608387,3.0671778922713,0.500047626573858));
#3835=CARTESIAN_POINT('Ctrl Pts',(0.861601550112643,3.06708356727266,0.485555859021324));
#3836=CARTESIAN_POINT('Ctrl Pts',(0.860532491616898,3.06248544135483,0.471009534218024));
#3837=CARTESIAN_POINT('Ctrl Pts',(0.859463433121154,3.05383653191368,0.459509785562023));
#3838=CARTESIAN_POINT('Ctrl Pts',(0.857806279810446,3.04042981097982,0.441683963463914));
#3839=CARTESIAN_POINT('Ctrl Pts',(0.856149126499737,3.01728975946148,0.431178535709704));
#3840=CARTESIAN_POINT('Ctrl Pts',(0.854491973189028,2.99504545986341,0.432819034218235));
#3841=CARTESIAN_POINT('Ctrl Pts',(0.85283481987832,2.97280116026534,0.434459532726767));
#3842=CARTESIAN_POINT('Ctrl Pts',(0.851177666567611,2.95145261258754,0.44824595749804));
#3843=CARTESIAN_POINT('Ctrl Pts',(0.849520513256902,2.94080599529866,0.467845693245936));
#3844=CARTESIAN_POINT('Ctrl Pts',(0.847863359946194,2.93015937800979,0.487445428993831));
#3845=CARTESIAN_POINT('Ctrl Pts',(0.846206206635486,2.93021469110986,0.512858475718349));
#3846=CARTESIAN_POINT('Ctrl Pts',(0.844549053324777,2.94094652722325,0.532411679829874));
#3847=CARTESIAN_POINT('Ctrl Pts',(0.842891900014068,2.95167836333665,0.551964883941399));
#3848=CARTESIAN_POINT('Ctrl Pts',(0.841234746703359,2.97308672246337,0.565658245439931));
#3849=CARTESIAN_POINT('Ctrl Pts',(0.83957759339265,2.99533795257361,0.567201896781303));
#3850=CARTESIAN_POINT('Ctrl Pts',(0.837920440081941,3.01758918268385,0.568745548122675));
#3851=CARTESIAN_POINT('Ctrl Pts',(0.836263286771233,3.0406832837776,0.558139489306888));
#3852=CARTESIAN_POINT('Ctrl Pts',(0.834606133460525,3.05401227999088,0.540255474977935));
#3853=CARTESIAN_POINT('Ctrl Pts',(0.833544291843145,3.06255300027649,0.528796070119269));
#3854=CARTESIAN_POINT('Ctrl Pts',(0.832482450225766,3.06708439779394,0.514348507621557));
#3855=CARTESIAN_POINT('Ctrl Pts',(0.831420608608387,3.06717580015762,0.499953443736142));
#3856=CARTESIAN_POINT('Origin',(0.875091314614384,3.,0.5));
#3857=CARTESIAN_POINT('',(0.800170608608387,3.06734782305957,0.499970560490785));
#3858=CARTESIAN_POINT('',(0.809387020620381,3.0671755359982,0.500046409119317));
#3859=CARTESIAN_POINT('',(0.875091314614384,3.06725,0.5));
#3860=CARTESIAN_POINT('Ctrl Pts',(0.809387020620381,3.0671755359982,0.500046409119317));
#3861=CARTESIAN_POINT('Ctrl Pts',(0.809983292811454,3.06722669048243,0.508129975410705));
#3862=CARTESIAN_POINT('Ctrl Pts',(0.810579565002526,3.06587789928643,0.516197043543787));
#3863=CARTESIAN_POINT('Ctrl Pts',(0.811175837193599,3.06305321306523,0.523709147931104));
#3864=CARTESIAN_POINT('Ctrl Pts',(0.812832990504308,3.05520287526102,0.544586708283929));
#3865=CARTESIAN_POINT('Ctrl Pts',(0.814490143815017,3.03595288171976,0.561177787863904));
#3866=CARTESIAN_POINT('Ctrl Pts',(0.816147297125726,3.01414547108789,0.56586149613156));
#3867=CARTESIAN_POINT('Ctrl Pts',(0.817804450436434,2.99233806045602,0.570545204399215));
#3868=CARTESIAN_POINT('Ctrl Pts',(0.819461603747143,2.96797323273353,0.563321541354551));
#3869=CARTESIAN_POINT('Ctrl Pts',(0.821118757057852,2.95224265362796,0.547508599658062));
#3870=CARTESIAN_POINT('Ctrl Pts',(0.82277591036856,2.9365120745224,0.531695657961572));
#3871=CARTESIAN_POINT('Ctrl Pts',(0.824433063679269,2.92941574403376,0.507293437613259));
#3872=CARTESIAN_POINT('Ctrl Pts',(0.826090216989977,2.93421327043645,0.485510783598225));
#3873=CARTESIAN_POINT('Ctrl Pts',(0.827747370300686,2.93901079683915,0.463728129583192));
#3874=CARTESIAN_POINT('Ctrl Pts',(0.829404523611395,2.95570218013319,0.44456504190144));
#3875=CARTESIAN_POINT('Ctrl Pts',(0.831061676922103,2.97662044946373,0.436823835529686));
#3876=CARTESIAN_POINT('Ctrl Pts',(0.832718830232812,2.99753871879426,0.429082629157933));
#3877=CARTESIAN_POINT('Ctrl Pts',(0.83437598354352,3.02268387416128,0.432763304096179));
#3878=CARTESIAN_POINT('Ctrl Pts',(0.836033136854228,3.04050581482955,0.446175190436646));
#3879=CARTESIAN_POINT('Ctrl Pts',(0.837567764776279,3.05701004989212,0.458595438540699));
#3880=CARTESIAN_POINT('Ctrl Pts',(0.839102392698331,3.06723395327192,0.479361097478));
#3881=CARTESIAN_POINT('Ctrl Pts',(0.840637020620381,3.06734760862759,0.500029606876573));
#3882=CARTESIAN_POINT('Ctrl Pts',(0.831420608608387,3.06717580015762,0.499953443736142));
#3883=CARTESIAN_POINT('Ctrl Pts',(0.830825296915058,3.06722704404843,0.491882984152574));
#3884=CARTESIAN_POINT('Ctrl Pts',(0.830229985221728,3.06588271725903,0.483829025831178));
#3885=CARTESIAN_POINT('Ctrl Pts',(0.829634673528399,3.06306692690887,0.47632739175333));
#3886=CARTESIAN_POINT('Ctrl Pts',(0.82797752021769,3.05522868628079,0.455445292699799));
#3887=CARTESIAN_POINT('Ctrl Pts',(0.826320366906981,3.03598831369184,0.438843064434855));
#3888=CARTESIAN_POINT('Ctrl Pts',(0.824663213596273,3.01418362436129,0.434146721408631));
#3889=CARTESIAN_POINT('Ctrl Pts',(0.823006060285564,2.99237893503075,0.429450378382408));
#3890=CARTESIAN_POINT('Ctrl Pts',(0.821348906974856,2.96800992895861,0.436659920594906));
#3891=CARTESIAN_POINT('Ctrl Pts',(0.819691753664147,2.95227019371882,0.452463746010887));
#3892=CARTESIAN_POINT('Ctrl Pts',(0.818034600353438,2.93653045847902,0.468267571426867));
#3893=CARTESIAN_POINT('Ctrl Pts',(0.81637744704273,2.92941999407157,0.49266568004633));
#3894=CARTESIAN_POINT('Ctrl Pts',(0.814720293732021,2.93420489859732,0.51445110149585));
#3895=CARTESIAN_POINT('Ctrl Pts',(0.813063140421313,2.93898980312308,0.53623652294537));
#3896=CARTESIAN_POINT('Ctrl Pts',(0.811405987110604,2.95567007658204,0.555409257224946));
#3897=CARTESIAN_POINT('Ctrl Pts',(0.809748833799895,2.97658385477454,0.563162589509512));
#3898=CARTESIAN_POINT('Ctrl Pts',(0.808091680489187,2.99749763296704,0.570915921794078));
#3899=CARTESIAN_POINT('Ctrl Pts',(0.806434527178478,3.02264491589307,0.567249852083634));
#3900=CARTESIAN_POINT('Ctrl Pts',(0.804777373867769,3.04047461910267,0.553848276641174));
#3901=CARTESIAN_POINT('Ctrl Pts',(0.803241785447975,3.05699637698716,0.541429809427878));
#3902=CARTESIAN_POINT('Ctrl Pts',(0.801706197028181,3.06723477778913,0.520651794213216));
#3903=CARTESIAN_POINT('Ctrl Pts',(0.800170608608387,3.06734782305957,0.499970560490785));
#3904=CARTESIAN_POINT('Origin',(0.875091314614384,3.,0.5));
#3905=CARTESIAN_POINT('',(0.768920608608387,3.06726607069322,0.500061161953316));
#3906=CARTESIAN_POINT('',(0.778137020620381,3.0671780057851,0.499951918631947));
#3907=CARTESIAN_POINT('',(0.875091314614384,3.06725,0.5));
#3908=CARTESIAN_POINT('',(0.750091314614384,2.94623069871607,0.54039089921552));
#3909=CARTESIAN_POINT('Ctrl Pts',(0.768920608608387,3.06726607069322,0.500061161953316));
#3910=CARTESIAN_POINT('Ctrl Pts',(0.767615637209179,3.06710255746447,0.482434265748586));
#3911=CARTESIAN_POINT('Ctrl Pts',(0.766310665809971,3.05999259340659,0.464692149660344));
#3912=CARTESIAN_POINT('Ctrl Pts',(0.765005694410762,3.04755061824952,0.452289321609704));
#3913=CARTESIAN_POINT('Ctrl Pts',(0.763348541100054,3.03175083877864,0.436539254153254));
#3914=CARTESIAN_POINT('Ctrl Pts',(0.761691387789345,3.00735272284538,0.429399257861854));
#3915=CARTESIAN_POINT('Ctrl Pts',(0.760034234478636,2.98556706719257,0.434189800529564));
#3916=CARTESIAN_POINT('Ctrl Pts',(0.758377081167927,2.96378141153976,0.438980343197273));
#3917=CARTESIAN_POINT('Ctrl Pts',(0.756719927857219,2.94460821616742,0.455701424824092));
#3918=CARTESIAN_POINT('Ctrl Pts',(0.75506277454651,2.93685607256408,0.476575209504377));
#3919=CARTESIAN_POINT('Ctrl Pts',(0.753405621235802,2.92910392896074,0.497448994184661));
#3920=CARTESIAN_POINT('Ctrl Pts',(0.751748467925093,2.93277283712642,0.522475481918412));
#3921=CARTESIAN_POINT('Ctrl Pts',(0.750091314614384,2.94623069871607,0.54039089921552));
#3922=CARTESIAN_POINT('',(0.750091314614384,3.05370356466808,0.540414090289668));
#3923=CARTESIAN_POINT('Origin',(0.750091314614384,3.,0.5));
#3924=CARTESIAN_POINT('Ctrl Pts',(0.750091314614384,3.05370356466808,0.540414090289668));
#3925=CARTESIAN_POINT('Ctrl Pts',(0.750566982412286,3.04988351956731,0.545600341536653));
#3926=CARTESIAN_POINT('Ctrl Pts',(0.751042650210187,3.0453488514484,0.550232361874336));
#3927=CARTESIAN_POINT('Ctrl Pts',(0.751518318008089,3.04021383149899,0.554056828428427));
#3928=CARTESIAN_POINT('Ctrl Pts',(0.753175471318797,3.02232421326696,0.567380680578534));
#3929=CARTESIAN_POINT('Ctrl Pts',(0.754832624629506,2.99714801542257,0.57090310523833));
#3930=CARTESIAN_POINT('Ctrl Pts',(0.756489777940215,2.97626989257702,0.563041690390337));
#3931=CARTESIAN_POINT('Ctrl Pts',(0.758146931250923,2.95539176973147,0.555180275542344));
#3932=CARTESIAN_POINT('Ctrl Pts',(0.759804084561632,2.93881172188477,0.535935021186562));
#3933=CARTESIAN_POINT('Ctrl Pts',(0.761461237872341,2.93413572358208,0.514128691685647));
#3934=CARTESIAN_POINT('Ctrl Pts',(0.763118391183049,2.92945972527939,0.492322362184731));
#3935=CARTESIAN_POINT('Ctrl Pts',(0.764775544493758,2.93668777652071,0.467954957538681));
#3936=CARTESIAN_POINT('Ctrl Pts',(0.766432697804466,2.9525045929519,0.452227767465204));
#3937=CARTESIAN_POINT('Ctrl Pts',(0.768089851115175,2.96832140938308,0.436500577391727));
#3938=CARTESIAN_POINT('Ctrl Pts',(0.769747004425884,2.99272699100412,0.429413601890822));
#3939=CARTESIAN_POINT('Ctrl Pts',(0.771404157736592,3.01450858790354,0.434218021587779));
#3940=CARTESIAN_POINT('Ctrl Pts',(0.773061311047301,3.03629018480296,0.439022441284735));
#3941=CARTESIAN_POINT('Ctrl Pts',(0.77471846435801,3.05544779698075,0.455718256179553));
#3942=CARTESIAN_POINT('Ctrl Pts',(0.776375617668718,3.0631827801815,0.476638481493616));
#3943=CARTESIAN_POINT('Ctrl Pts',(0.776962751985939,3.06592330759736,0.484050579171309));
#3944=CARTESIAN_POINT('Ctrl Pts',(0.77754988630316,3.06722994571634,0.491992969559897));
#3945=CARTESIAN_POINT('Ctrl Pts',(0.778137020620381,3.0671780057851,0.499951918631947));
#3946=CARTESIAN_POINT('Origin',(0.68227969213784,3.,0.5));
#3947=CARTESIAN_POINT('',(0.974152937090929,3.08212105396941,0.499966119773743));
#3948=CARTESIAN_POINT('',(0.97915469213784,3.08201847713422,0.500078119364618));
#3949=CARTESIAN_POINT('',(0.68227969213784,3.082,0.500000000000002));
#3950=CARTESIAN_POINT('',(1.00009131461438,2.96048352111067,0.428149823269603));
#3951=CARTESIAN_POINT('Ctrl Pts',(0.97915469213784,3.08201847713422,0.500078119364618));
#3952=CARTESIAN_POINT('Ctrl Pts',(0.979504953053853,3.08207209472485,0.505848128681898));
#3953=CARTESIAN_POINT('Ctrl Pts',(0.981512367280576,3.07888177572526,0.538856763990994));
#3954=CARTESIAN_POINT('Ctrl Pts',(0.985176934818006,3.0341756135946,0.590749296518065));
#3955=CARTESIAN_POINT('Ctrl Pts',(0.990148394750132,2.94208131489017,0.577864383880435));
#3956=CARTESIAN_POINT('Ctrl Pts',(0.995119854682258,2.90329538437051,0.493272088349396));
#3957=CARTESIAN_POINT('Ctrl Pts',(0.998434161303675,2.93654372891961,0.441316336363688));
#3958=CARTESIAN_POINT('Ctrl Pts',(1.00009131461438,2.96048352111067,0.428149823269602));
#3959=CARTESIAN_POINT('',(1.00009131461438,3.03943178605182,0.428157000934201));
#3960=CARTESIAN_POINT('Origin',(1.00009131461438,3.,0.5));
#3961=CARTESIAN_POINT('Ctrl Pts',(0.974152937090929,3.08212105396941,0.499966119773743));
#3962=CARTESIAN_POINT('Ctrl Pts',(0.975694781891344,3.08198824791271,0.525284194065451));
#3963=CARTESIAN_POINT('Ctrl Pts',(0.978893780002469,3.05584704317729,0.578049017912732));
#3964=CARTESIAN_POINT('Ctrl Pts',(0.983749931424301,2.96594236201988,0.59081874271211));
#3965=CARTESIAN_POINT('Ctrl Pts',(0.988721391356428,2.9051930161375,0.520435597811416));
#3966=CARTESIAN_POINT('Ctrl Pts',(0.993692851288553,2.93153581430679,0.431326333862623));
#3967=CARTESIAN_POINT('Ctrl Pts',(0.997482825707872,2.99957385970829,0.411415379354903));
#3968=CARTESIAN_POINT('Ctrl Pts',(0.999615646816482,3.03258582871357,0.424307483825955));
#3969=CARTESIAN_POINT('Ctrl Pts',(1.00009131461438,3.03943178605182,0.428157000934201));
#3970=CARTESIAN_POINT('Origin',(0.68227969213784,3.,0.5));
#3971=CARTESIAN_POINT('',(0.942902937090929,3.08201645082198,0.500074872960497));
#3972=CARTESIAN_POINT('',(0.947904692137839,3.08186686903837,0.500001284902357));
#3973=CARTESIAN_POINT('',(0.68227969213784,3.082,0.500000000000002));
#3974=CARTESIAN_POINT('Ctrl Pts',(0.94790469213784,3.08186686903837,0.500001284902357));
#3975=CARTESIAN_POINT('Ctrl Pts',(0.948728699856268,3.08186870930569,0.513639980111583));
#3976=CARTESIAN_POINT('Ctrl Pts',(0.951209860885405,3.07217069044413,0.554704815633278));
#3977=CARTESIAN_POINT('Ctrl Pts',(0.95534817522525,3.00718966375958,0.596721255064637));
#3978=CARTESIAN_POINT('Ctrl Pts',(0.960319635157377,2.92252071628473,0.558342508169679));
#3979=CARTESIAN_POINT('Ctrl Pts',(0.965291095089501,2.90903133818205,0.466363628183752));
#3980=CARTESIAN_POINT('Ctrl Pts',(0.970262555021629,2.97910972893162,0.405290480642465));
#3981=CARTESIAN_POINT('Ctrl Pts',(0.97488375403774,3.06209530912306,0.429388099551912));
#3982=CARTESIAN_POINT('Ctrl Pts',(0.977847799743144,3.08181841935383,0.478549079299575));
#3983=CARTESIAN_POINT('Ctrl Pts',(0.97915469213784,3.08201847713422,0.500078119364618));
#3984=CARTESIAN_POINT('Ctrl Pts',(0.942902937090929,3.08201645082199,0.500074872960497));
#3985=CARTESIAN_POINT('Ctrl Pts',(0.943261375383051,3.08207135372355,0.505980329709992));
#3986=CARTESIAN_POINT('Ctrl Pts',(0.945276966985881,3.07879085643644,0.539127731874879));
#3987=CARTESIAN_POINT('Ctrl Pts',(0.948949711899421,3.03371407700882,0.590940138867656));
#3988=CARTESIAN_POINT('Ctrl Pts',(0.953921171831545,2.94172548751717,0.577529680483433));
#3989=CARTESIAN_POINT('Ctrl Pts',(0.958892631763673,2.90327221164888,0.492894396098436));
#3990=CARTESIAN_POINT('Ctrl Pts',(0.963864091695797,2.95368018267153,0.41478749915628));
#3991=CARTESIAN_POINT('Ctrl Pts',(0.968835551627924,3.04664109674622,0.414961781033822));
#3992=CARTESIAN_POINT('Ctrl Pts',(0.972265166759634,3.08121187237359,0.468977475165285));
#3993=CARTESIAN_POINT('Ctrl Pts',(0.974037628580636,3.08213098601221,0.498072680544789));
#3994=CARTESIAN_POINT('Ctrl Pts',(0.974152937090929,3.08212105396941,0.499966119773743));
#3995=CARTESIAN_POINT('Origin',(0.68227969213784,3.,0.5));
#3996=CARTESIAN_POINT('',(0.911652937090929,3.08186689518953,0.4999990113383));
#3997=CARTESIAN_POINT('',(0.91665469213784,3.08201595295298,0.499925091460755));
#3998=CARTESIAN_POINT('',(0.68227969213784,3.082,0.500000000000002));
#3999=CARTESIAN_POINT('Ctrl Pts',(0.91665469213784,3.08201595295298,0.499925091460755));
#4000=CARTESIAN_POINT('Ctrl Pts',(0.917952446658683,3.0818171757468,0.521306590730398));
#4001=CARTESIAN_POINT('Ctrl Pts',(0.920907354490234,3.06231684254587,0.570312124256684));
#4002=CARTESIAN_POINT('Ctrl Pts',(0.925519415632496,2.97963365649974,0.594825963700731));
#4003=CARTESIAN_POINT('Ctrl Pts',(0.93049087556462,2.90921733505055,0.534135928191568));
#4004=CARTESIAN_POINT('Ctrl Pts',(0.935462335496748,2.92220071150959,0.442086068189974));
#4005=CARTESIAN_POINT('Ctrl Pts',(0.940433795428873,3.00665623770515,0.403240301975847));
#4006=CARTESIAN_POINT('Ctrl Pts',(0.94458124764257,3.07201214499656,0.444990229061991));
#4007=CARTESIAN_POINT('Ctrl Pts',(0.947071546545559,3.08186500836331,0.486211342716266));
#4008=CARTESIAN_POINT('Ctrl Pts',(0.94790469213784,3.08186686903837,0.500001284902357));
#4009=CARTESIAN_POINT('Ctrl Pts',(0.911652937090929,3.08186689518953,0.4999990113383));
#4010=CARTESIAN_POINT('Ctrl Pts',(0.912485122185466,3.0818654196743,0.513773043725911));
#4011=CARTESIAN_POINT('Ctrl Pts',(0.914974460590712,3.07202885204814,0.554977669476402));
#4012=CARTESIAN_POINT('Ctrl Pts',(0.919120952306664,3.00671231799836,0.596755878976634));
#4013=CARTESIAN_POINT('Ctrl Pts',(0.924092412238791,2.92223425372196,0.557958988164726));
#4014=CARTESIAN_POINT('Ctrl Pts',(0.929063872170916,2.90919756353774,0.465916674127943));
#4015=CARTESIAN_POINT('Ctrl Pts',(0.934035332103042,2.97957871522531,0.405185836349419));
#4016=CARTESIAN_POINT('Ctrl Pts',(0.938648353743047,3.06229333084869,0.429656859598736));
#4017=CARTESIAN_POINT('Ctrl Pts',(0.941604222072342,3.08181752335136,0.478677869513168));
#4018=CARTESIAN_POINT('Ctrl Pts',(0.942902937090929,3.08201645082199,0.500074872960497));
#4019=CARTESIAN_POINT('Origin',(0.68227969213784,3.,0.5));
#4020=CARTESIAN_POINT('',(0.880402937090928,3.0820200926711,0.499925483907941));
#4021=CARTESIAN_POINT('',(0.885404692137839,3.08212133415259,0.500033897361672));
#4022=CARTESIAN_POINT('',(0.68227969213784,3.082,0.500000000000002));
#4023=CARTESIAN_POINT('Ctrl Pts',(0.885404692137839,3.08212133415259,0.500033897361672));
#4024=CARTESIAN_POINT('Ctrl Pts',(0.885519040150389,3.08213112286447,0.501911585638284));
#4025=CARTESIAN_POINT('Ctrl Pts',(0.887290541473647,3.08122022546647,0.530991426088674));
#4026=CARTESIAN_POINT('Ctrl Pts',(0.890719196107614,3.04669027558838,0.585010413805854));
#4027=CARTESIAN_POINT('Ctrl Pts',(0.89569065603974,2.95372960261575,0.585239677373363));
#4028=CARTESIAN_POINT('Ctrl Pts',(0.900662115971865,2.90327634322442,0.507161460888355));
#4029=CARTESIAN_POINT('Ctrl Pts',(0.905633575903992,2.94168059831876,0.422504195619291));
#4030=CARTESIAN_POINT('Ctrl Pts',(0.910605035836117,3.03366137426001,0.409040316324328));
#4031=CARTESIAN_POINT('Ctrl Pts',(0.9142787412474,3.07877995814556,0.460840179985421));
#4032=CARTESIAN_POINT('Ctrl Pts',(0.916295293347974,3.08207100210612,0.494003721248133));
#4033=CARTESIAN_POINT('Ctrl Pts',(0.91665469213784,3.08201595295298,0.499925091460755));
#4034=CARTESIAN_POINT('Ctrl Pts',(0.880402937090928,3.0820200926711,0.499925483907941));
#4035=CARTESIAN_POINT('Ctrl Pts',(0.88170886898788,3.08182011200224,0.521438939186193));
#4036=CARTESIAN_POINT('Ctrl Pts',(0.884671954195541,3.06211609768575,0.57057591380162));
#4037=CARTESIAN_POINT('Ctrl Pts',(0.88929219271391,2.9791661731971,0.594724374387944));
#4038=CARTESIAN_POINT('Ctrl Pts',(0.894263652646035,2.90905005535595,0.533687727952914));
#4039=CARTESIAN_POINT('Ctrl Pts',(0.899235112578161,2.92248729219776,0.441703039731238));
#4040=CARTESIAN_POINT('Ctrl Pts',(0.904206572510288,3.00713344281296,0.403274256663537));
#4041=CARTESIAN_POINT('Ctrl Pts',(0.908345847347875,3.07215412877167,0.445263192355691));
#4042=CARTESIAN_POINT('Ctrl Pts',(0.910827968874757,3.08186835790879,0.486344430160506));
#4043=CARTESIAN_POINT('Ctrl Pts',(0.911652937090929,3.08186689518953,0.4999990113383));
#4044=CARTESIAN_POINT('Origin',(0.68227969213784,3.,0.5));
#4045=CARTESIAN_POINT('',(0.849152937090928,3.08211901721134,0.500036100578126));
#4046=CARTESIAN_POINT('',(0.854154692137839,3.08191207682151,0.500058072551023));
#4047=CARTESIAN_POINT('',(0.68227969213784,3.082,0.500000000000002));
#4048=CARTESIAN_POINT('Ctrl Pts',(0.854154692137839,3.08191207682151,0.500058072551023));
#4049=CARTESIAN_POINT('Ctrl Pts',(0.854742786952803,3.08197534629968,0.509778577020018));
#4050=CARTESIAN_POINT('Ctrl Pts',(0.856988035078476,3.07587222184332,0.546812988390555));
#4051=CARTESIAN_POINT('Ctrl Pts',(0.86089043651486,3.02083382330637,0.594724358490286));
#4052=CARTESIAN_POINT('Ctrl Pts',(0.865861896446983,2.93157822424616,0.568740183950103));
#4053=CARTESIAN_POINT('Ctrl Pts',(0.870833356379111,2.90517993553684,0.479606185694773));
#4054=CARTESIAN_POINT('Ctrl Pts',(0.875804816311235,2.96589038018574,0.4092074555763));
#4055=CARTESIAN_POINT('Ctrl Pts',(0.880661928230813,3.05581930601299,0.421918238464295));
#4056=CARTESIAN_POINT('Ctrl Pts',(0.883861886839681,3.081989262976,0.474699767306778));
#4057=CARTESIAN_POINT('Ctrl Pts',(0.885404692137839,3.08212133415259,0.500033897361672));
#4058=CARTESIAN_POINT('Ctrl Pts',(0.849152937090929,3.08211901721134,0.500036100578126));
#4059=CARTESIAN_POINT('Ctrl Pts',(0.849275462479587,3.08213008177933,0.502048219816146));
#4060=CARTESIAN_POINT('Ctrl Pts',(0.851055141178953,3.08114937598679,0.531263241620921));
#4061=CARTESIAN_POINT('Ctrl Pts',(0.854491973189028,3.04627040514996,0.585239691679499));
#4062=CARTESIAN_POINT('Ctrl Pts',(0.859463433121153,2.95330971657551,0.585010428073001));
#4063=CARTESIAN_POINT('Ctrl Pts',(0.86443489305328,2.90324218005938,0.506684289470439));
#4064=CARTESIAN_POINT('Ctrl Pts',(0.869406352985405,2.94206354261445,0.422217467590385));
#4065=CARTESIAN_POINT('Ctrl Pts',(0.874377812917533,3.03410962553888,0.40920744033858));
#4066=CARTESIAN_POINT('Ctrl Pts',(0.878043340952706,3.07887230637609,0.461113432888309));
#4067=CARTESIAN_POINT('Ctrl Pts',(0.880051715677171,3.0820738760984,0.494139587878243));
#4068=CARTESIAN_POINT('Ctrl Pts',(0.880402937090928,3.0820200926711,0.499925483907941));
#4069=CARTESIAN_POINT('Origin',(0.68227969213784,3.,0.5));
#4070=CARTESIAN_POINT('',(0.817902937090929,3.08190920374502,0.500056588071138));
#4071=CARTESIAN_POINT('',(0.82290469213784,3.08190952584275,0.499943232510984));
#4072=CARTESIAN_POINT('',(0.68227969213784,3.082,0.500000000000002));
#4073=CARTESIAN_POINT('Ctrl Pts',(0.82290469213784,3.08190952584276,0.499943232510984));
#4074=CARTESIAN_POINT('Ctrl Pts',(0.823966533755219,3.08179807612049,0.517495578066434));
#4075=CARTESIAN_POINT('Ctrl Pts',(0.826685528683306,3.06764983734447,0.562604744314178));
#4076=CARTESIAN_POINT('Ctrl Pts',(0.831061676922104,2.99328768312845,0.596755862735375));
#4077=CARTESIAN_POINT('Ctrl Pts',(0.836033136854229,2.91497606461284,0.546665648183125));
#4078=CARTESIAN_POINT('Ctrl Pts',(0.841004596786355,2.91477372970405,0.453704912209423));
#4079=CARTESIAN_POINT('Ctrl Pts',(0.84597605671848,2.99286655838421,0.403274272897404));
#4080=CARTESIAN_POINT('Ctrl Pts',(0.850359421835643,3.06749954883443,0.43715714859603));
#4081=CARTESIAN_POINT('Ctrl Pts',(0.853085633642095,3.08179706344027,0.482387813230462));
#4082=CARTESIAN_POINT('Ctrl Pts',(0.854154692137839,3.08191207682151,0.500058072551023));
#4083=CARTESIAN_POINT('Ctrl Pts',(0.817902937090929,3.08190920374502,0.500056588071138));
#4084=CARTESIAN_POINT('Ctrl Pts',(0.818499209282001,3.08197157798601,0.509913129868814));
#4085=CARTESIAN_POINT('Ctrl Pts',(0.820752634783782,3.07575623734355,0.547086842584199));
#4086=CARTESIAN_POINT('Ctrl Pts',(0.824663213596273,3.02036634692398,0.594825979634173));
#4087=CARTESIAN_POINT('Ctrl Pts',(0.829634673528399,2.93123998826625,0.568401873924322));
#4088=CARTESIAN_POINT('Ctrl Pts',(0.834606133460524,2.90528166409962,0.479138733319337));
#4089=CARTESIAN_POINT('Ctrl Pts',(0.839577593392651,2.96633862008972,0.409040301055976));
#4090=CARTESIAN_POINT('Ctrl Pts',(0.844426527936117,3.0560524753246,0.422172355074202));
#4091=CARTESIAN_POINT('Ctrl Pts',(0.847618309168877,3.08198043372932,0.474834349341204));
#4092=CARTESIAN_POINT('Ctrl Pts',(0.849152937090929,3.08211901721134,0.500036100578126));
#4093=CARTESIAN_POINT('Origin',(0.68227969213784,3.,0.5));
#4094=CARTESIAN_POINT('',(0.786652937090929,3.08191221523239,0.499941372904381));
#4095=CARTESIAN_POINT('',(0.79165469213784,3.08211927867487,0.499964103498057));
#4096=CARTESIAN_POINT('',(0.68227969213784,3.082,0.500000000000002));
#4097=CARTESIAN_POINT('Ctrl Pts',(0.79165469213784,3.08211927867487,0.499964103498057));
#4098=CARTESIAN_POINT('Ctrl Pts',(0.793190280557634,3.0819814390886,0.525181369895669));
#4099=CARTESIAN_POINT('Ctrl Pts',(0.796383022288137,3.0560251471052,0.577857587615517));
#4100=CARTESIAN_POINT('Ctrl Pts',(0.801232917329348,2.96628592867455,0.590940123470199));
#4101=CARTESIAN_POINT('Ctrl Pts',(0.806204377261474,2.90526961237854,0.520806404023719));
#4102=CARTESIAN_POINT('Ctrl Pts',(0.8111758371936,2.93127963831512,0.431558304092298));
#4103=CARTESIAN_POINT('Ctrl Pts',(0.816147297125725,3.02042128134477,0.405185852281526));
#4104=CARTESIAN_POINT('Ctrl Pts',(0.820056915440473,3.07576989065505,0.452945335195266));
#4105=CARTESIAN_POINT('Ctrl Pts',(0.822309380444511,3.08197200909995,0.490102672126559));
#4106=CARTESIAN_POINT('Ctrl Pts',(0.82290469213784,3.08190952584276,0.499943232510984));
#4107=CARTESIAN_POINT('Ctrl Pts',(0.786652937090929,3.08191221523239,0.499941372904381));
#4108=CARTESIAN_POINT('Ctrl Pts',(0.787722956084416,3.0817967963258,0.517627441745776));
#4109=CARTESIAN_POINT('Ctrl Pts',(0.790450128388612,3.06747980873465,0.562875085158545));
#4110=CARTESIAN_POINT('Ctrl Pts',(0.794834454003517,2.99281033518129,0.596721272206163));
#4111=CARTESIAN_POINT('Ctrl Pts',(0.799805913935643,2.91474699847071,0.546245868749016));
#4112=CARTESIAN_POINT('Ctrl Pts',(0.804777373867769,2.91500305657566,0.453285015578563));
#4113=CARTESIAN_POINT('Ctrl Pts',(0.809748833799894,2.99334376114513,0.403240285603295));
#4114=CARTESIAN_POINT('Ctrl Pts',(0.814124021540948,3.06766978411583,0.437426933361572));
#4115=CARTESIAN_POINT('Ctrl Pts',(0.816842055971292,3.08179822816103,0.482519934082215));
#4116=CARTESIAN_POINT('Ctrl Pts',(0.817902937090929,3.08190920374502,0.500056588071138));
#4117=CARTESIAN_POINT('Origin',(0.68227969213784,3.,0.5));
#4118=CARTESIAN_POINT('',(0.755402937090929,3.08210181674248,0.499953612684856));
#4119=CARTESIAN_POINT('',(0.760404692137839,3.08201959549211,0.500074576656832));
#4120=CARTESIAN_POINT('',(0.68227969213784,3.082,0.500000000000002));
#4121=CARTESIAN_POINT('',(0.750091314614384,3.03951647888932,0.428149823269599));
#4122=CARTESIAN_POINT('Ctrl Pts',(0.750091314614384,3.03951647888932,0.428149823269599));
#4123=CARTESIAN_POINT('Ctrl Pts',(0.751748467925093,3.06345627108039,0.441316336363683));
#4124=CARTESIAN_POINT('Ctrl Pts',(0.753519008750608,3.08121788695628,0.469071779790805));
#4125=CARTESIAN_POINT('Ctrl Pts',(0.755289549576123,3.08211185732551,0.498093985112153));
#4126=CARTESIAN_POINT('Ctrl Pts',(0.755402937090929,3.08210181674248,0.499953612684856));
#4127=CARTESIAN_POINT('',(0.750091314614384,2.96056819922729,0.428157026440829));
#4128=CARTESIAN_POINT('Origin',(0.750091314614384,3.,0.5));
#4129=CARTESIAN_POINT('Ctrl Pts',(0.750091314614384,2.96056819922729,0.428157026440829));
#4130=CARTESIAN_POINT('Ctrl Pts',(0.750566982412286,2.96741416511244,0.424307502204121));
#4131=CARTESIAN_POINT('Ctrl Pts',(0.752699803520896,3.0004261677925,0.411415369198844));
#4132=CARTESIAN_POINT('Ctrl Pts',(0.756137596028714,3.06214174942129,0.429476150004888));
#4133=CARTESIAN_POINT('Ctrl Pts',(0.759099720738631,3.08182021876708,0.478581558236194));
#4134=CARTESIAN_POINT('Ctrl Pts',(0.760404692137839,3.08201959549211,0.500074576656832));
#4135=CARTESIAN_POINT('Origin',(0.875091314614384,3.5,0.5));
#4136=CARTESIAN_POINT('',(0.987670608608387,3.56726536518159,0.500063974418519));
#4137=CARTESIAN_POINT('',(0.996887020620381,3.56715403029468,0.499902259964135));
#4138=CARTESIAN_POINT('',(0.875091314614384,3.56725,0.5));
#4139=CARTESIAN_POINT('',(1.00009131461438,3.55376930128393,0.540390899215515));
#4140=CARTESIAN_POINT('Ctrl Pts',(0.996887020620381,3.56715403029468,0.499902259964135));
#4141=CARTESIAN_POINT('Ctrl Pts',(0.997955118618382,3.56705047478209,0.514342033102862));
#4142=CARTESIAN_POINT('Ctrl Pts',(0.999023216616383,3.56244340218238,0.528843735036597));
#4143=CARTESIAN_POINT('Ctrl Pts',(1.00009131461438,3.55376930128393,0.540390899215515));
#4144=CARTESIAN_POINT('',(1.00009131461438,3.4462964845702,0.540414550055293));
#4145=CARTESIAN_POINT('Origin',(1.00009131461438,3.5,0.5));
#4146=CARTESIAN_POINT('Ctrl Pts',(1.00009131461438,3.4462964845702,0.540414550055293));
#4147=CARTESIAN_POINT('Ctrl Pts',(0.999615646816482,3.45011645696584,0.545600651520669));
#4148=CARTESIAN_POINT('Ctrl Pts',(0.999139979018581,3.45465106169995,0.550232538460092));
#4149=CARTESIAN_POINT('Ctrl Pts',(0.998664311220679,3.45978604686893,0.554056929698826));
#4150=CARTESIAN_POINT('Ctrl Pts',(0.997007157909971,3.47767554393125,0.567380519461828));
#4151=CARTESIAN_POINT('Ctrl Pts',(0.995350004599262,3.50285196778215,0.5709033866973));
#4152=CARTESIAN_POINT('Ctrl Pts',(0.993692851288553,3.52373020362289,0.563042035242985));
#4153=CARTESIAN_POINT('Ctrl Pts',(0.992035697977844,3.54460843946362,0.55518068378867));
#4154=CARTESIAN_POINT('Ctrl Pts',(0.990378544667136,3.56118848729421,0.535935113644567));
#4155=CARTESIAN_POINT('Ctrl Pts',(0.988721391356427,3.56586448112726,0.514128659583611));
#4156=CARTESIAN_POINT('Ctrl Pts',(0.988371130440414,3.5668528132705,0.50951958176019));
#4157=CARTESIAN_POINT('Ctrl Pts',(0.9880208695244,3.56730933985954,0.504796098181309));
#4158=CARTESIAN_POINT('Ctrl Pts',(0.987670608608387,3.56726536518159,0.500063974418519));
#4159=CARTESIAN_POINT('Origin',(0.875091314614384,3.5,0.5));
#4160=CARTESIAN_POINT('',(0.956420608608386,3.5671410389446,0.50000105234465));
#4161=CARTESIAN_POINT('',(0.965637020620381,3.56734949910442,0.499972203857352));
#4162=CARTESIAN_POINT('',(0.875091314614384,3.56725,0.5));
#4163=CARTESIAN_POINT('Ctrl Pts',(0.965637020620381,3.56734949910442,0.499972203857352));
#4164=CARTESIAN_POINT('Ctrl Pts',(0.967178865420796,3.56724058711625,0.520736193736102));
#4165=CARTESIAN_POINT('Ctrl Pts',(0.968720710221212,3.55690746492318,0.541593191130053));
#4166=CARTESIAN_POINT('Ctrl Pts',(0.970262555021628,3.54027132808982,0.554000195225424));
#4167=CARTESIAN_POINT('Ctrl Pts',(0.971919708332337,3.52239103999379,0.567335070374387));
#4168=CARTESIAN_POINT('Ctrl Pts',(0.973576861643046,3.49722972940935,0.570908808235077));
#4169=CARTESIAN_POINT('Ctrl Pts',(0.975234014953754,3.47634543881348,0.563075250568616));
#4170=CARTESIAN_POINT('Ctrl Pts',(0.976891168264463,3.45546114821761,0.555241692902156));
#4171=CARTESIAN_POINT('Ctrl Pts',(0.978548321575171,3.4388538776103,0.536000839708545));
#4172=CARTESIAN_POINT('Ctrl Pts',(0.98020547488588,3.43415089201401,0.514200184651406));
#4173=CARTESIAN_POINT('Ctrl Pts',(0.981862628196588,3.42944790641772,0.492399529594268));
#4174=CARTESIAN_POINT('Ctrl Pts',(0.983519781507297,3.43664920583246,0.468039072673601));
#4175=CARTESIAN_POINT('Ctrl Pts',(0.985176934818006,3.45244912801658,0.452289017754028));
#4176=CARTESIAN_POINT('Ctrl Pts',(0.986834088128714,3.4682490502007,0.436538962834456));
#4177=CARTESIAN_POINT('Ctrl Pts',(0.988491241439423,3.4926475951542,0.429399309915978));
#4178=CARTESIAN_POINT('Ctrl Pts',(0.990148394750132,3.51443300940276,0.434189643207537));
#4179=CARTESIAN_POINT('Ctrl Pts',(0.99180554806084,3.53621842365132,0.438979976499097));
#4180=CARTESIAN_POINT('Ctrl Pts',(0.993462701371549,3.55539070719493,0.455700296000693));
#4181=CARTESIAN_POINT('Ctrl Pts',(0.995119854682257,3.5631428920005,0.47657417235552));
#4182=CARTESIAN_POINT('Ctrl Pts',(0.995708909994965,3.56589850043775,0.483994045751761));
#4183=CARTESIAN_POINT('Ctrl Pts',(0.996297965307673,3.56721114108878,0.491938734990222));
#4184=CARTESIAN_POINT('Ctrl Pts',(0.996887020620381,3.56715403029468,0.499902259964135));
#4185=CARTESIAN_POINT('Ctrl Pts',(0.987670608608387,3.56726536518159,0.500063974418519));
#4186=CARTESIAN_POINT('Ctrl Pts',(0.986363716213692,3.56710128700573,0.482407489570781));
#4187=CARTESIAN_POINT('Ctrl Pts',(0.985056823818997,3.55996931564857,0.464630717557926));
#4188=CARTESIAN_POINT('Ctrl Pts',(0.983749931424301,3.54749555494462,0.452227659899718));
#4189=CARTESIAN_POINT('Ctrl Pts',(0.982092778113593,3.5316786950934,0.436500452254589));
#4190=CARTESIAN_POINT('Ctrl Pts',(0.980435624802884,3.5072730355554,0.429413374942141));
#4191=CARTESIAN_POINT('Ctrl Pts',(0.978778471492175,3.4854913685221,0.434217791725602));
#4192=CARTESIAN_POINT('Ctrl Pts',(0.977121318181467,3.4637097014888,0.439022208509063));
#4193=CARTESIAN_POINT('Ctrl Pts',(0.975464164870758,3.44455202696019,0.455718119388433));
#4194=CARTESIAN_POINT('Ctrl Pts',(0.973807011560049,3.43681701956306,0.476638420453152));
#4195=CARTESIAN_POINT('Ctrl Pts',(0.972149858249341,3.42908201216594,0.49755872151787));
#4196=CARTESIAN_POINT('Ctrl Pts',(0.970492704938631,3.43276967190031,0.522703412767936));
#4197=CARTESIAN_POINT('Ctrl Pts',(0.968835551627923,3.44618668287357,0.540521657885804));
#4198=CARTESIAN_POINT('Ctrl Pts',(0.967178398317214,3.45960369384683,0.558339903003672));
#4199=CARTESIAN_POINT('Ctrl Pts',(0.965521245006506,3.48275005605898,0.568831701989342));
#4200=CARTESIAN_POINT('Ctrl Pts',(0.963864091695798,3.50499351397518,0.567178245383565));
#4201=CARTESIAN_POINT('Ctrl Pts',(0.962206938385089,3.52723697189139,0.565524788777789));
#4202=CARTESIAN_POINT('Ctrl Pts',(0.96054978507438,3.54857752551163,0.551726076580566));
#4203=CARTESIAN_POINT('Ctrl Pts',(0.958892631763672,3.55921280203003,0.532120142926534));
#4204=CARTESIAN_POINT('Ctrl Pts',(0.958068624045243,3.56450111777134,0.522371231613669));
#4205=CARTESIAN_POINT('Ctrl Pts',(0.957244616326815,3.56714254837645,0.511186481881076));
#4206=CARTESIAN_POINT('Ctrl Pts',(0.956420608608386,3.5671410389446,0.50000105234465));
#4207=CARTESIAN_POINT('Origin',(0.875091314614384,3.5,0.5));
#4208=CARTESIAN_POINT('',(0.925170608608386,3.56726330609229,0.499938565660651));
#4209=CARTESIAN_POINT('',(0.934387020620381,3.56726371411214,0.500061404819767));
#4210=CARTESIAN_POINT('',(0.875091314614384,3.56725,0.5));
#4211=CARTESIAN_POINT('Ctrl Pts',(0.934387020620381,3.56726371411214,0.500061404819767));
#4212=CARTESIAN_POINT('Ctrl Pts',(0.934745458912503,3.56730874133583,0.504904615543321));
#4213=CARTESIAN_POINT('Ctrl Pts',(0.935103897204625,3.56683029700721,0.509739000509537));
#4214=CARTESIAN_POINT('Ctrl Pts',(0.935462335496747,3.56579533003231,0.514451151424867));
#4215=CARTESIAN_POINT('Ctrl Pts',(0.937119488807455,3.56101040892699,0.536236648849467));
#4216=CARTESIAN_POINT('Ctrl Pts',(0.938776642118164,3.5443300776847,0.555409450855994));
#4217=CARTESIAN_POINT('Ctrl Pts',(0.940433795428872,3.52341622669852,0.563162809598014));
#4218=CARTESIAN_POINT('Ctrl Pts',(0.942090948739581,3.50250237571234,0.570916168340035));
#4219=CARTESIAN_POINT('Ctrl Pts',(0.94374810205029,3.47735500498227,0.567250083817548));
#4220=CARTESIAN_POINT('Ctrl Pts',(0.945405255360998,3.45952524003468,0.55384846271325));
#4221=CARTESIAN_POINT('Ctrl Pts',(0.947062408671707,3.44169547508709,0.540446841608952));
#4222=CARTESIAN_POINT('Ctrl Pts',(0.948719561982416,3.43118331592197,0.517309683922843));
#4223=CARTESIAN_POINT('Ctrl Pts',(0.950376715293125,3.43281737218375,0.495064869517608));
#4224=CARTESIAN_POINT('Ctrl Pts',(0.952033868603833,3.43445142844553,0.472820055112373));
#4225=CARTESIAN_POINT('Ctrl Pts',(0.953691021914542,3.44823170013421,0.451467583988012));
#4226=CARTESIAN_POINT('Ctrl Pts',(0.95534817522525,3.46782842756832,0.440815176986416));
#4227=CARTESIAN_POINT('Ctrl Pts',(0.957005328535959,3.48742515500244,0.430162769984821));
#4228=CARTESIAN_POINT('Ctrl Pts',(0.958662481846668,3.51283833818198,0.430210427105992));
#4229=CARTESIAN_POINT('Ctrl Pts',(0.960319635157376,3.53239470077835,0.440936790829048));
#4230=CARTESIAN_POINT('Ctrl Pts',(0.961976788468085,3.55195106337472,0.451663154552105));
#4231=CARTESIAN_POINT('Ctrl Pts',(0.963633941778793,3.56565060538791,0.473068224877046));
#4232=CARTESIAN_POINT('Ctrl Pts',(0.965291095089502,3.56720074359069,0.495318766258135));
#4233=CARTESIAN_POINT('Ctrl Pts',(0.965406403599795,3.56730860574548,0.496867009720757));
#4234=CARTESIAN_POINT('Ctrl Pts',(0.965521712110088,3.56735764420379,0.498419346695585));
#4235=CARTESIAN_POINT('Ctrl Pts',(0.965637020620381,3.56734949910442,0.499972203857352));
#4236=CARTESIAN_POINT('Ctrl Pts',(0.956420608608386,3.5671410389446,0.50000105234465));
#4237=CARTESIAN_POINT('Ctrl Pts',(0.955587463016106,3.56713951277383,0.488691581440896));
#4238=CARTESIAN_POINT('Ctrl Pts',(0.954754317423826,3.56443610351705,0.477381415572271));
#4239=CARTESIAN_POINT('Ctrl Pts',(0.953921171831546,3.55903488898248,0.467553990575878));
#4240=CARTESIAN_POINT('Ctrl Pts',(0.952264018520837,3.54829169999998,0.448006926990098));
#4241=CARTESIAN_POINT('Ctrl Pts',(0.950606865210128,3.52687532261842,0.434325954929381));
#4242=CARTESIAN_POINT('Ctrl Pts',(0.94894971189942,3.50462312374795,0.432795197924507));
#4243=CARTESIAN_POINT('Ctrl Pts',(0.947292558588711,3.48237092487748,0.431264440919634));
#4244=CARTESIAN_POINT('Ctrl Pts',(0.945635405278003,3.45928290451808,0.441883898970603));
#4245=CARTESIAN_POINT('Ctrl Pts',(0.943978251967294,3.4459642298635,0.459775687857349));
#4246=CARTESIAN_POINT('Ctrl Pts',(0.942321098656586,3.43264555520891,0.477667476744095));
#4247=CARTESIAN_POINT('Ctrl Pts',(0.940663945345876,3.42909622625914,0.502831596466618));
#4248=CARTESIAN_POINT('Ctrl Pts',(0.939006792035168,3.43694658877188,0.523709222325245));
#4249=CARTESIAN_POINT('Ctrl Pts',(0.937349638724459,3.44479695128461,0.544586848183872));
#4250=CARTESIAN_POINT('Ctrl Pts',(0.935692485413751,3.46404700525986,0.561177980178604));
#4251=CARTESIAN_POINT('Ctrl Pts',(0.934035332103042,3.48585448442444,0.565861703232464));
#4252=CARTESIAN_POINT('Ctrl Pts',(0.932378178792334,3.50766196358902,0.570545426286324));
#4253=CARTESIAN_POINT('Ctrl Pts',(0.930721025481625,3.53202686794293,0.563321740399311));
#4254=CARTESIAN_POINT('Ctrl Pts',(0.929063872170916,3.54775749650634,0.547508748962992));
#4255=CARTESIAN_POINT('Ctrl Pts',(0.927766117650073,3.56007651020408,0.535125235022592));
#4256=CARTESIAN_POINT('Ctrl Pts',(0.92646836312923,3.56710028401095,0.517474060599353));
#4257=CARTESIAN_POINT('Ctrl Pts',(0.925170608608386,3.56726330609229,0.499938565660651));
#4258=CARTESIAN_POINT('Origin',(0.875091314614384,3.5,0.5));
#4259=CARTESIAN_POINT('',(0.893920608608387,3.56734973181435,0.500027800062836));
#4260=CARTESIAN_POINT('',(0.903137020620381,3.56714105990315,0.499999189170086));
#4261=CARTESIAN_POINT('',(0.875091314614384,3.56725,0.5));
#4262=CARTESIAN_POINT('Ctrl Pts',(0.903137020620381,3.56714105990315,0.499999189170086));
#4263=CARTESIAN_POINT('Ctrl Pts',(0.903969205714918,3.56713984979655,0.511295612850483));
#4264=CARTESIAN_POINT('Ctrl Pts',(0.904801390809455,3.56444298329873,0.522592579327802));
#4265=CARTESIAN_POINT('Ctrl Pts',(0.905633575903992,3.55905367801732,0.532411792471411));
#4266=CARTESIAN_POINT('Ctrl Pts',(0.907290729214701,3.54832180460583,0.551965064545511));
#4267=CARTESIAN_POINT('Ctrl Pts',(0.908947882525409,3.52691337107601,0.56565847365686));
#4268=CARTESIAN_POINT('Ctrl Pts',(0.910605035836117,3.50466206363028,0.567202130353129));
#4269=CARTESIAN_POINT('Ctrl Pts',(0.912262189146825,3.48241075618455,0.568745787049398));
#4270=CARTESIAN_POINT('Ctrl Pts',(0.913919342457534,3.45931657482291,0.558139691330588));
#4271=CARTESIAN_POINT('Ctrl Pts',(0.915576495768243,3.44598753228694,0.540255614865022));
#4272=CARTESIAN_POINT('Ctrl Pts',(0.917233649078952,3.43265848975098,0.522371538399455));
#4273=CARTESIAN_POINT('Ctrl Pts',(0.918890802389661,3.42909458604069,0.497209481187131));
#4274=CARTESIAN_POINT('Ctrl Pts',(0.920547955700369,3.43693285390553,0.476327309520185));
#4275=CARTESIAN_POINT('Ctrl Pts',(0.922205109011078,3.44477112177037,0.455445137853239));
#4276=CARTESIAN_POINT('Ctrl Pts',(0.923862262321786,3.46401156121033,0.438842851731671));
#4277=CARTESIAN_POINT('Ctrl Pts',(0.925519415632495,3.48581632633432,0.434146492455024));
#4278=CARTESIAN_POINT('Ctrl Pts',(0.927176568943203,3.5076210914583,0.429450133178377));
#4279=CARTESIAN_POINT('Ctrl Pts',(0.928833722253912,3.5319901822663,0.436659700746651));
#4280=CARTESIAN_POINT('Ctrl Pts',(0.930490875564621,3.54772997218613,0.452463580952124));
#4281=CARTESIAN_POINT('Ctrl Pts',(0.931789590583208,3.56006528324407,0.464849119720421));
#4282=CARTESIAN_POINT('Ctrl Pts',(0.933088305601794,3.56710056878718,0.482513194589141));
#4283=CARTESIAN_POINT('Ctrl Pts',(0.934387020620381,3.56726371411214,0.500061404819767));
#4284=CARTESIAN_POINT('Ctrl Pts',(0.925170608608386,3.56726330609229,0.499938565660651));
#4285=CARTESIAN_POINT('Ctrl Pts',(0.924811209818521,3.56730845325828,0.495082303895086));
#4286=CARTESIAN_POINT('Ctrl Pts',(0.924451811028656,3.56682741377642,0.490234914189409));
#4287=CARTESIAN_POINT('Ctrl Pts',(0.92409241223879,3.56578693635395,0.48551073807045));
#4288=CARTESIAN_POINT('Ctrl Pts',(0.922435258928082,3.56098939486523,0.463728015599856));
#4289=CARTESIAN_POINT('Ctrl Pts',(0.920778105617373,3.54429795911488,0.444564867644298));
#4290=CARTESIAN_POINT('Ctrl Pts',(0.919120952306664,3.52337962403184,0.4368236369298));
#4291=CARTESIAN_POINT('Ctrl Pts',(0.917463798995956,3.50246128894879,0.429082406215302));
#4292=CARTESIAN_POINT('Ctrl Pts',(0.915806645685247,3.47731605453306,0.432763092741865));
#4293=CARTESIAN_POINT('Ctrl Pts',(0.914149492374539,3.45949405784105,0.44617502124629));
#4294=CARTESIAN_POINT('Ctrl Pts',(0.91249233906383,3.44167206114905,0.459586949750714));
#4295=CARTESIAN_POINT('Ctrl Pts',(0.910835185753121,3.43117330218078,0.482730120233));
#4296=CARTESIAN_POINT('Ctrl Pts',(0.909178032442413,3.43282024978749,0.504974017357386));
#4297=CARTESIAN_POINT('Ctrl Pts',(0.907520879131704,3.43446719739419,0.527217914481772));
#4298=CARTESIAN_POINT('Ctrl Pts',(0.905863725820996,3.44825985157587,0.548562538248258));
#4299=CARTESIAN_POINT('Ctrl Pts',(0.904206572510287,3.46786273549276,0.55920351267906));
#4300=CARTESIAN_POINT('Ctrl Pts',(0.902549419199578,3.48746561940964,0.569844487109862));
#4301=CARTESIAN_POINT('Ctrl Pts',(0.90089226588887,3.51287873306173,0.569781812204979));
#4302=CARTESIAN_POINT('Ctrl Pts',(0.899235112578161,3.53242889235666,0.559044276828583));
#4303=CARTESIAN_POINT('Ctrl Pts',(0.897577959267452,3.55197905165159,0.548306741452186));
#4304=CARTESIAN_POINT('Ctrl Pts',(0.895920805956743,3.56566625658935,0.526894345604276));
#4305=CARTESIAN_POINT('Ctrl Pts',(0.894263652646035,3.56720346711013,0.504642595591771));
#4306=CARTESIAN_POINT('Ctrl Pts',(0.894149304633485,3.56730953874924,0.503107165301022));
#4307=CARTESIAN_POINT('Ctrl Pts',(0.894034956620936,3.56735775977843,0.501567738535156));
#4308=CARTESIAN_POINT('Ctrl Pts',(0.893920608608387,3.56734973181435,0.500027800062836));
#4309=CARTESIAN_POINT('Origin',(0.875091314614384,3.5,0.5));
#4310=CARTESIAN_POINT('',(0.862670608608387,3.56717811471555,0.500047626731832));
#4311=CARTESIAN_POINT('',(0.871887020620381,3.56726670093658,0.499938887514991));
#4312=CARTESIAN_POINT('',(0.875091314614384,3.56725,0.5));
#4313=CARTESIAN_POINT('Ctrl Pts',(0.871887020620381,3.56726670093658,0.499938887514991));
#4314=CARTESIAN_POINT('Ctrl Pts',(0.873192952517333,3.56710269185774,0.517582602794769));
#4315=CARTESIAN_POINT('Ctrl Pts',(0.874498884414285,3.55998054415138,0.535343490775967));
#4316=CARTESIAN_POINT('Ctrl Pts',(0.875804816311236,3.54752258873295,0.54774374028083));
#4317=CARTESIAN_POINT('Ctrl Pts',(0.877461969621945,3.53171415177348,0.563478951717633));
#4318=CARTESIAN_POINT('Ctrl Pts',(0.879119122932653,3.50731390828429,0.570582373714143));
#4319=CARTESIAN_POINT('Ctrl Pts',(0.880776276243362,3.48552979360971,0.565791141521329));
#4320=CARTESIAN_POINT('Ctrl Pts',(0.882433429554071,3.46374567893512,0.560999909328516));
#4321=CARTESIAN_POINT('Ctrl Pts',(0.884090582864779,3.44457769307514,0.544314022946378));
#4322=CARTESIAN_POINT('Ctrl Pts',(0.885747736175488,3.43683040170334,0.523397927837061));
#4323=CARTESIAN_POINT('Ctrl Pts',(0.887404889486196,3.42908311033153,0.502481832727745));
#4324=CARTESIAN_POINT('Ctrl Pts',(0.889062042796905,3.43275651344791,0.477335528891249));
#4325=CARTESIAN_POINT('Ctrl Pts',(0.890719196107613,3.44616328097692,0.459509644838597));
#4326=CARTESIAN_POINT('Ctrl Pts',(0.892376349418322,3.45957004850593,0.441683760785945));
#4327=CARTESIAN_POINT('Ctrl Pts',(0.894033502729031,3.48271018044757,0.431178296517137));
#4328=CARTESIAN_POINT('Ctrl Pts',(0.89569065603974,3.50495455735605,0.432818800728613));
#4329=CARTESIAN_POINT('Ctrl Pts',(0.897347809350448,3.52719893426453,0.43445930494009));
#4330=CARTESIAN_POINT('Ctrl Pts',(0.899004962661156,3.54854755613984,0.44824577763185));
#4331=CARTESIAN_POINT('Ctrl Pts',(0.900662115971865,3.55919421043091,0.467845581496155));
#4332=CARTESIAN_POINT('Ctrl Pts',(0.901487084188037,3.5644943545648,0.477602804999116));
#4333=CARTESIAN_POINT('Ctrl Pts',(0.902312052404209,3.56714225951546,0.488800730372975));
#4334=CARTESIAN_POINT('Ctrl Pts',(0.903137020620381,3.56714105990315,0.499999189170086));
#4335=CARTESIAN_POINT('Ctrl Pts',(0.893920608608387,3.56734973181435,0.500027800062836));
#4336=CARTESIAN_POINT('Ctrl Pts',(0.892377803310227,3.56724141698458,0.479250655091404));
#4337=CARTESIAN_POINT('Ctrl Pts',(0.890834998012069,3.55689357844695,0.458380359468429));
#4338=CARTESIAN_POINT('Ctrl Pts',(0.889292192713909,3.54023996004899,0.445975882234577));
#4339=CARTESIAN_POINT('Ctrl Pts',(0.887635039403201,3.52235202636326,0.432652023066985));
#4340=CARTESIAN_POINT('Ctrl Pts',(0.885977886092492,3.49718894288801,0.4290954089089));
#4341=CARTESIAN_POINT('Ctrl Pts',(0.884320732781783,3.47630904561825,0.43693972434419));
#4342=CARTESIAN_POINT('Ctrl Pts',(0.882663579471074,3.45542914834849,0.444784039779479));
#4343=CARTESIAN_POINT('Ctrl Pts',(0.881006426160366,3.43883243728423,0.464029284808144));
#4344=CARTESIAN_POINT('Ctrl Pts',(0.879349272849657,3.43414239637435,0.485835405760029));
#4345=CARTESIAN_POINT('Ctrl Pts',(0.877692119538949,3.42945235546446,0.507641526711915));
#4346=CARTESIAN_POINT('Ctrl Pts',(0.87603496622824,3.43666898470896,0.532008523587022));
#4347=CARTESIAN_POINT('Ctrl Pts',(0.874377812917532,3.45247741907208,0.547743732439496));
#4348=CARTESIAN_POINT('Ctrl Pts',(0.872720659606823,3.4682858534352,0.56347894129197));
#4349=CARTESIAN_POINT('Ctrl Pts',(0.871063506296114,3.49268609291694,0.57058236212181));
#4350=CARTESIAN_POINT('Ctrl Pts',(0.869406352985405,3.51447020401374,0.565791130715905));
#4351=CARTESIAN_POINT('Ctrl Pts',(0.867749199674697,3.53625431511054,0.56099989931));
#4352=CARTESIAN_POINT('Ctrl Pts',(0.866092046363988,3.55542229782241,0.544314015668351));
#4353=CARTESIAN_POINT('Ctrl Pts',(0.86443489305328,3.56316958792181,0.523397923994238));
#4354=CARTESIAN_POINT('Ctrl Pts',(0.863846798238315,3.56591896609222,0.51597516776319));
#4355=CARTESIAN_POINT('Ctrl Pts',(0.863258703423351,3.56723000357527,0.508019652220991));
#4356=CARTESIAN_POINT('Ctrl Pts',(0.862670608608387,3.56717811471555,0.500047626731832));
#4357=CARTESIAN_POINT('Origin',(0.875091314614384,3.5,0.5));
#4358=CARTESIAN_POINT('',(0.831420608608387,3.56717602258994,0.499953443624294));
#4359=CARTESIAN_POINT('',(0.840637020620381,3.56734783139119,0.500029606972606));
#4360=CARTESIAN_POINT('',(0.875091314614384,3.56725,0.5));
#4361=CARTESIAN_POINT('Ctrl Pts',(0.840637020620381,3.56734783139119,0.500029606972606));
#4362=CARTESIAN_POINT('Ctrl Pts',(0.840759546009039,3.56735690571621,0.501679795586205));
#4363=CARTESIAN_POINT('Ctrl Pts',(0.840882071397696,3.56730153207273,0.503329364918251));
#4364=CARTESIAN_POINT('Ctrl Pts',(0.841004596786354,3.56717976124595,0.504974018174185));
#4365=CARTESIAN_POINT('Ctrl Pts',(0.842661750097063,3.56553281336871,0.527217918951758));
#4366=CARTESIAN_POINT('Ctrl Pts',(0.844318903407772,3.55174015692184,0.548562546224076));
#4367=CARTESIAN_POINT('Ctrl Pts',(0.84597605671848,3.53213726978544,0.559203522402591));
#4368=CARTESIAN_POINT('Ctrl Pts',(0.847633210029189,3.51253438264903,0.569844498581106));
#4369=CARTESIAN_POINT('Ctrl Pts',(0.849290363339898,3.4871212648231,0.569781823665817));
#4370=CARTESIAN_POINT('Ctrl Pts',(0.850947516650606,3.46757110231727,0.559044286525881));
#4371=CARTESIAN_POINT('Ctrl Pts',(0.852604669961315,3.44802093981145,0.548306749385945));
#4372=CARTESIAN_POINT('Ctrl Pts',(0.854261823272023,3.43433373262575,0.526894350021362));
#4373=CARTESIAN_POINT('Ctrl Pts',(0.855918976582732,3.4327965218525,0.504642596354286));
#4374=CARTESIAN_POINT('Ctrl Pts',(0.857576129893441,3.43125931107925,0.48239084268721));
#4375=CARTESIAN_POINT('Ctrl Pts',(0.859233283204149,3.44187209671846,0.459299734717641));
#4376=CARTESIAN_POINT('Ctrl Pts',(0.860890436514858,3.45976003334207,0.445975873361753));
#4377=CARTESIAN_POINT('Ctrl Pts',(0.862547589825567,3.47764796996567,0.432652012005864));
#4378=CARTESIAN_POINT('Ctrl Pts',(0.864204743136276,3.50281105757366,0.429095397263657));
#4379=CARTESIAN_POINT('Ctrl Pts',(0.865861896446984,3.5236909582727,0.436939713987285));
#4380=CARTESIAN_POINT('Ctrl Pts',(0.867519049757693,3.54457085897173,0.444784030710913));
#4381=CARTESIAN_POINT('Ctrl Pts',(0.869176203068401,3.56116757276181,0.464029278900376));
#4382=CARTESIAN_POINT('Ctrl Pts',(0.87083335637911,3.56585761444198,0.485835403433655));
#4383=CARTESIAN_POINT('Ctrl Pts',(0.871184577792867,3.56685163416173,0.490457050590649));
#4384=CARTESIAN_POINT('Ctrl Pts',(0.871535799206624,3.56731081005182,0.495193731478174));
#4385=CARTESIAN_POINT('Ctrl Pts',(0.871887020620381,3.56726670093658,0.499938887514991));
#4386=CARTESIAN_POINT('Ctrl Pts',(0.862670608608387,3.56717811471555,0.500047626731832));
#4387=CARTESIAN_POINT('Ctrl Pts',(0.861601550112643,3.56708378940454,0.485555811193565));
#4388=CARTESIAN_POINT('Ctrl Pts',(0.860532491616898,3.56248564826104,0.471009438223852));
#4389=CARTESIAN_POINT('Ctrl Pts',(0.859463433121154,3.55383671018104,0.45950965148862));
#4390=CARTESIAN_POINT('Ctrl Pts',(0.857806279810445,3.54042994485392,0.44168377036369));
#4391=CARTESIAN_POINT('Ctrl Pts',(0.856149126499736,3.51728981671276,0.431178307820407));
#4392=CARTESIAN_POINT('Ctrl Pts',(0.854491973189027,3.49504544345766,0.432818811762392));
#4393=CARTESIAN_POINT('Ctrl Pts',(0.852834819878319,3.47280107020256,0.434459315704378));
#4394=CARTESIAN_POINT('Ctrl Pts',(0.851177666567611,3.45145245183353,0.448245786131631));
#4395=CARTESIAN_POINT('Ctrl Pts',(0.849520513256902,3.44080579929103,0.46784558677702));
#4396=CARTESIAN_POINT('Ctrl Pts',(0.847863359946193,3.43015914674854,0.487445387422408));
#4397=CARTESIAN_POINT('Ctrl Pts',(0.846206206635484,3.4302144600326,0.512858518285931));
#4398=CARTESIAN_POINT('Ctrl Pts',(0.844549053324776,3.44094633168153,0.532411787148409));
#4399=CARTESIAN_POINT('Ctrl Pts',(0.842891900014067,3.45167820333047,0.551965056010887));
#4400=CARTESIAN_POINT('Ctrl Pts',(0.841234746703359,3.47308663334428,0.56565846287232));
#4401=CARTESIAN_POINT('Ctrl Pts',(0.83957759339265,3.49533793713545,0.567202119315501));
#4402=CARTESIAN_POINT('Ctrl Pts',(0.837920440081942,3.51758924092663,0.568745775758682));
#4403=CARTESIAN_POINT('Ctrl Pts',(0.836263286771233,3.54068341849515,0.558139681783611));
#4404=CARTESIAN_POINT('Ctrl Pts',(0.834606133460524,3.55401245884208,0.540255608254436));
#4405=CARTESIAN_POINT('Ctrl Pts',(0.833544291843145,3.56255320740688,0.52879616546249));
#4406=CARTESIAN_POINT('Ctrl Pts',(0.832482450225766,3.567084619925,0.514348555160856));
#4407=CARTESIAN_POINT('Ctrl Pts',(0.831420608608387,3.56717602258994,0.499953443624294));
#4408=CARTESIAN_POINT('Origin',(0.875091314614384,3.5,0.5));
#4409=CARTESIAN_POINT('',(0.800170608608387,3.5673480455899,0.499970562617813));
#4410=CARTESIAN_POINT('',(0.809387020620381,3.56717575821526,0.500046409371123));
#4411=CARTESIAN_POINT('',(0.875091314614384,3.56725,0.5));
#4412=CARTESIAN_POINT('Ctrl Pts',(0.809387020620381,3.56717575821526,0.500046409371123));
#4413=CARTESIAN_POINT('Ctrl Pts',(0.809983292811454,3.56722691284212,0.508130002305172));
#4414=CARTESIAN_POINT('Ctrl Pts',(0.810579565002526,3.5658781171581,0.516197097023621));
#4415=CARTESIAN_POINT('Ctrl Pts',(0.811175837193599,3.56305342158186,0.523709226212694));
#4416=CARTESIAN_POINT('Ctrl Pts',(0.812832990504308,3.55520305777822,0.544586855494295));
#4417=CARTESIAN_POINT('Ctrl Pts',(0.814490143815016,3.53595300064522,0.561177990226626));
#4418=CARTESIAN_POINT('Ctrl Pts',(0.816147297125725,3.51414551789991,0.565861714052811));
#4419=CARTESIAN_POINT('Ctrl Pts',(0.817804450436434,3.49233803515459,0.570545437878997));
#4420=CARTESIAN_POINT('Ctrl Pts',(0.819461603747142,3.46797312679694,0.563321750799038));
#4421=CARTESIAN_POINT('Ctrl Pts',(0.821118757057851,3.45224249564948,0.547508756764032));
#4422=CARTESIAN_POINT('Ctrl Pts',(0.82277591036856,3.43651186450201,0.531695762729026));
#4423=CARTESIAN_POINT('Ctrl Pts',(0.824433063679269,3.42941551056472,0.507293461738974));
#4424=CARTESIAN_POINT('Ctrl Pts',(0.826090216989977,3.43421305284164,0.485510735691645));
#4425=CARTESIAN_POINT('Ctrl Pts',(0.827747370300686,3.43901059511855,0.463728009644316));
#4426=CARTESIAN_POINT('Ctrl Pts',(0.829404523611394,3.45570203360967,0.444564858539712));
#4427=CARTESIAN_POINT('Ctrl Pts',(0.831061676922103,3.47662037212816,0.436823626553385));
#4428=CARTESIAN_POINT('Ctrl Pts',(0.832718830232811,3.49753871064665,0.429082394567058));
#4429=CARTESIAN_POINT('Ctrl Pts',(0.83437598354352,3.52268394919252,0.432763081699008));
#4430=CARTESIAN_POINT('Ctrl Pts',(0.836033136854229,3.54050594881165,0.446175012406397));
#4431=CARTESIAN_POINT('Ctrl Pts',(0.83756776477628,3.55701023846642,0.458595301597002));
#4432=CARTESIAN_POINT('Ctrl Pts',(0.83910239269833,3.56723417566069,0.479361029212353));
#4433=CARTESIAN_POINT('Ctrl Pts',(0.840637020620381,3.56734783139119,0.500029606972606));
#4434=CARTESIAN_POINT('Ctrl Pts',(0.831420608608387,3.56717602258994,0.499953443624294));
#4435=CARTESIAN_POINT('Ctrl Pts',(0.830825296915057,3.56722726664965,0.491882957325548));
#4436=CARTESIAN_POINT('Ctrl Pts',(0.830229985221728,3.56588293540885,0.483828972336994));
#4437=CARTESIAN_POINT('Ctrl Pts',(0.829634673528398,3.5630671357366,0.476327313406332));
#4438=CARTESIAN_POINT('Ctrl Pts',(0.827977520217689,3.55522886915889,0.455445145170684));
#4439=CARTESIAN_POINT('Ctrl Pts',(0.826320366906981,3.53598843287815,0.438842861782669));
#4440=CARTESIAN_POINT('Ctrl Pts',(0.824663213596273,3.5141836713358,0.43414650327418));
#4441=CARTESIAN_POINT('Ctrl Pts',(0.823006060285564,3.49237890979346,0.429450144765691));
#4442=CARTESIAN_POINT('Ctrl Pts',(0.821348906974855,3.46800982298952,0.436659711136728));
#4443=CARTESIAN_POINT('Ctrl Pts',(0.819691753664146,3.45227003565376,0.452463588752655));
#4444=CARTESIAN_POINT('Ctrl Pts',(0.818034600353438,3.43653024831799,0.468267466368582));
#4445=CARTESIAN_POINT('Ctrl Pts',(0.816377447042729,3.42941976045041,0.492665655229401));
#4446=CARTESIAN_POINT('Ctrl Pts',(0.814720293732021,3.43420468077203,0.514451149064481));
#4447=CARTESIAN_POINT('Ctrl Pts',(0.813063140421312,3.43898960109365,0.536236642899562));
#4448=CARTESIAN_POINT('Ctrl Pts',(0.811405987110603,3.45566992960446,0.555409441708904));
#4449=CARTESIAN_POINT('Ctrl Pts',(0.809748833799895,3.47658377715114,0.563162799199271));
#4450=CARTESIAN_POINT('Ctrl Pts',(0.808091680489186,3.49749762469781,0.570916156689637));
#4451=CARTESIAN_POINT('Ctrl Pts',(0.806434527178478,3.52264499128036,0.567250072861028));
#4452=CARTESIAN_POINT('Ctrl Pts',(0.804777373867769,3.5404747533096,0.553848453917));
#4453=CARTESIAN_POINT('Ctrl Pts',(0.803241785447975,3.55699656569887,0.54142994639331));
#4454=CARTESIAN_POINT('Ctrl Pts',(0.801706197028181,3.56723499967903,0.520651865637726));
#4455=CARTESIAN_POINT('Ctrl Pts',(0.800170608608387,3.5673480455899,0.499970562617813));
#4456=CARTESIAN_POINT('Origin',(0.875091314614384,3.5,0.5));
#4457=CARTESIAN_POINT('',(0.768920608608386,3.56726629773724,0.500061186162206));
#4458=CARTESIAN_POINT('',(0.778137020620381,3.56717822889886,0.499951931786693));
#4459=CARTESIAN_POINT('',(0.875091314614384,3.56725,0.5));
#4460=CARTESIAN_POINT('',(0.750091314614384,3.44623069871607,0.540390899215521));
#4461=CARTESIAN_POINT('Ctrl Pts',(0.768920608608386,3.56726629773724,0.500061186162206));
#4462=CARTESIAN_POINT('Ctrl Pts',(0.767615637209178,3.56710284430591,0.482434152832449));
#4463=CARTESIAN_POINT('Ctrl Pts',(0.76631066580997,3.55999294252057,0.46469185043507));
#4464=CARTESIAN_POINT('Ctrl Pts',(0.765005694410762,3.54755086010728,0.452289031925363));
#4465=CARTESIAN_POINT('Ctrl Pts',(0.763348541100053,3.5317509444342,0.436538976584727));
#4466=CARTESIAN_POINT('Ctrl Pts',(0.761691387789344,3.50735241891873,0.429399308234587));
#4467=CARTESIAN_POINT('Ctrl Pts',(0.760034234478636,3.48556699345358,0.434189651293104));
#4468=CARTESIAN_POINT('Ctrl Pts',(0.758377081167927,3.46378156798844,0.438979994351622));
#4469=CARTESIAN_POINT('Ctrl Pts',(0.756719927857218,3.44460924257362,0.455700348818797));
#4470=CARTESIAN_POINT('Ctrl Pts',(0.75506277454651,3.43685705985811,0.476574220710495));
#4471=CARTESIAN_POINT('Ctrl Pts',(0.753405621235801,3.42910487714261,0.497448092602193));
#4472=CARTESIAN_POINT('Ctrl Pts',(0.751748467925093,3.43277283712642,0.522475481918414));
#4473=CARTESIAN_POINT('Ctrl Pts',(0.750091314614384,3.44623069871607,0.540390899215521));
#4474=CARTESIAN_POINT('',(0.750091314614384,3.553703512645,0.540414574563537));
#4475=CARTESIAN_POINT('Origin',(0.750091314614384,3.5,0.5));
#4476=CARTESIAN_POINT('Ctrl Pts',(0.750091314614384,3.553703512645,0.540414574563537));
#4477=CARTESIAN_POINT('Ctrl Pts',(0.750566982412286,3.54988354394894,0.545600668406446));
#4478=CARTESIAN_POINT('Ctrl Pts',(0.751042650210187,3.54534894244585,0.550232548535605));
#4479=CARTESIAN_POINT('Ctrl Pts',(0.751518318008089,3.54021395905915,0.554056935895042));
#4480=CARTESIAN_POINT('Ctrl Pts',(0.753175471318797,3.52232446820598,0.567380512143179));
#4481=CARTESIAN_POINT('Ctrl Pts',(0.754832624629506,3.49714803298046,0.570903401437477));
#4482=CARTESIAN_POINT('Ctrl Pts',(0.756489777940215,3.47626979137756,0.563042053043939));
#4483=CARTESIAN_POINT('Ctrl Pts',(0.758146931250923,3.45539154977466,0.5551807046504));
#4484=CARTESIAN_POINT('Ctrl Pts',(0.759804084561632,3.43881150179437,0.535935118569023));
#4485=CARTESIAN_POINT('Ctrl Pts',(0.761461237872341,3.43413550814914,0.514128658107292));
#4486=CARTESIAN_POINT('Ctrl Pts',(0.763118391183049,3.42945951450392,0.49232219764556));
#4487=CARTESIAN_POINT('Ctrl Pts',(0.764775544493758,3.43668757519376,0.467954862803473));
#4488=CARTESIAN_POINT('Ctrl Pts',(0.766432697804466,3.45250443733384,0.452227654168489));
#4489=CARTESIAN_POINT('Ctrl Pts',(0.768089851115175,3.46832129947392,0.436500445533505));
#4490=CARTESIAN_POINT('Ctrl Pts',(0.769747004425884,3.49272696306424,0.429413363105624));
#4491=CARTESIAN_POINT('Ctrl Pts',(0.771404157736592,3.51450863375442,0.434217779779925));
#4492=CARTESIAN_POINT('Ctrl Pts',(0.773061311047301,3.53629030444459,0.439022196454227));
#4493=CARTESIAN_POINT('Ctrl Pts',(0.77471846435801,3.55544798223462,0.455718112230712));
#4494=CARTESIAN_POINT('Ctrl Pts',(0.776375617668718,3.56318299089838,0.47663841722779));
#4495=CARTESIAN_POINT('Ctrl Pts',(0.776962751985939,3.56592352733587,0.48405054313741));
#4496=CARTESIAN_POINT('Ctrl Pts',(0.77754988630316,3.56723016943652,0.491992959096847));
#4497=CARTESIAN_POINT('Ctrl Pts',(0.778137020620381,3.56717822889886,0.499951931786693));
#4498=CARTESIAN_POINT('Origin',(0.68227969213784,3.5,0.5));
#4499=CARTESIAN_POINT('',(0.974152937090929,3.58212132232807,0.499966107305622));
#4500=CARTESIAN_POINT('',(0.97915469213784,3.58201873524,0.500078005982431));
#4501=CARTESIAN_POINT('',(0.68227969213784,3.582,0.500000000000002));
#4502=CARTESIAN_POINT('',(1.00009131461438,3.46048352111067,0.428149823269603));
#4503=CARTESIAN_POINT('Ctrl Pts',(0.97915469213784,3.58201873524,0.500078005982431));
#4504=CARTESIAN_POINT('Ctrl Pts',(0.979504953053853,3.58207235492166,0.505848030496168));
#4505=CARTESIAN_POINT('Ctrl Pts',(0.981512367280575,3.57888204437858,0.538856796740075));
#4506=CARTESIAN_POINT('Ctrl Pts',(0.985176934818007,3.53417588273472,0.590750227843678));
#4507=CARTESIAN_POINT('Ctrl Pts',(0.990148394750131,3.44208071147343,0.577863605688641));
#4508=CARTESIAN_POINT('Ctrl Pts',(0.995119854682258,3.40329658824159,0.493275043257849));
#4509=CARTESIAN_POINT('Ctrl Pts',(0.998434161303675,3.43654372891961,0.44131633636369));
#4510=CARTESIAN_POINT('Ctrl Pts',(1.00009131461438,3.46048352111067,0.428149823269603));
#4511=CARTESIAN_POINT('',(1.00009131461438,3.53943148545405,0.428156488739615));
#4512=CARTESIAN_POINT('Origin',(1.00009131461438,3.5,0.5));
#4513=CARTESIAN_POINT('Ctrl Pts',(0.974152937090929,3.58212132232807,0.499966107305622));
#4514=CARTESIAN_POINT('Ctrl Pts',(0.975694781891344,3.5819885225804,0.525284280838075));
#4515=CARTESIAN_POINT('Ctrl Pts',(0.978893780002469,3.55584726647258,0.578049369678446));
#4516=CARTESIAN_POINT('Ctrl Pts',(0.983749931424301,3.46594216124376,0.590818866614913));
#4517=CARTESIAN_POINT('Ctrl Pts',(0.988721391356428,3.40519288883636,0.520435968687356));
#4518=CARTESIAN_POINT('Ctrl Pts',(0.993692851288552,3.4315351885542,0.431325598390193));
#4519=CARTESIAN_POINT('Ctrl Pts',(0.997482825707872,3.49957437010941,0.411415552849067));
#4520=CARTESIAN_POINT('Ctrl Pts',(0.999615646816483,3.53258569194927,0.424307108284527));
#4521=CARTESIAN_POINT('Ctrl Pts',(1.00009131461438,3.53943148545405,0.428156488739615));
#4522=CARTESIAN_POINT('Origin',(0.68227969213784,3.5,0.5));
#4523=CARTESIAN_POINT('',(0.942902937090928,3.58201672204008,0.500074872791393));
#4524=CARTESIAN_POINT('',(0.94790469213784,3.58186714042315,0.500001283156301));
#4525=CARTESIAN_POINT('',(0.68227969213784,3.582,0.500000000000002));
#4526=CARTESIAN_POINT('Ctrl Pts',(0.94790469213784,3.58186714042315,0.500001283156301));
#4527=CARTESIAN_POINT('Ctrl Pts',(0.948728699856268,3.58186898091998,0.513640022516702));
#4528=CARTESIAN_POINT('Ctrl Pts',(0.951209860885405,3.57217093043221,0.554704992154827));
#4529=CARTESIAN_POINT('Ctrl Pts',(0.95534817522525,3.50718968473209,0.596721592266928));
#4530=CARTESIAN_POINT('Ctrl Pts',(0.960319635157376,3.42252046385194,0.558342669583289));
#4531=CARTESIAN_POINT('Ctrl Pts',(0.965291095089502,3.40903103196118,0.466363575939923));
#4532=CARTESIAN_POINT('Ctrl Pts',(0.970262555021628,3.47910966295059,0.405290058076355));
#4533=CARTESIAN_POINT('Ctrl Pts',(0.974883754037741,3.56209552229686,0.429388042402957));
#4534=CARTESIAN_POINT('Ctrl Pts',(0.977847799743144,3.58181866965754,0.478548909216416));
#4535=CARTESIAN_POINT('Ctrl Pts',(0.97915469213784,3.58201873524,0.500078005982431));
#4536=CARTESIAN_POINT('Ctrl Pts',(0.942902937090928,3.58201672204008,0.500074872791393));
#4537=CARTESIAN_POINT('Ctrl Pts',(0.94326137538305,3.58207162512324,0.505980349063979));
#4538=CARTESIAN_POINT('Ctrl Pts',(0.94527696698588,3.57879111701399,0.539127860981874));
#4539=CARTESIAN_POINT('Ctrl Pts',(0.94894971189942,3.53371418897067,0.590940442152071));
#4540=CARTESIAN_POINT('Ctrl Pts',(0.953921171831546,3.44172529380938,0.577529932225949));
#4541=CARTESIAN_POINT('Ctrl Pts',(0.958892631763671,3.4032718937407,0.492894381433639));
#4542=CARTESIAN_POINT('Ctrl Pts',(0.963864091695798,3.45368002512233,0.414787200815157));
#4543=CARTESIAN_POINT('Ctrl Pts',(0.968835551627923,3.54664126024752,0.414961530210072));
#4544=CARTESIAN_POINT('Ctrl Pts',(0.972265166759634,3.58121213033663,0.46897734363942));
#4545=CARTESIAN_POINT('Ctrl Pts',(0.974037628580636,3.58213125389905,0.498072660654842));
#4546=CARTESIAN_POINT('Ctrl Pts',(0.974152937090929,3.58212132232807,0.499966107305622));
#4547=CARTESIAN_POINT('Origin',(0.68227969213784,3.5,0.5));
#4548=CARTESIAN_POINT('',(0.911652937090929,3.58186716597856,0.499999011330069));
#4549=CARTESIAN_POINT('',(0.91665469213784,3.58201622452889,0.499925091214475));
#4550=CARTESIAN_POINT('',(0.68227969213784,3.582,0.500000000000002));
#4551=CARTESIAN_POINT('Ctrl Pts',(0.916654692137839,3.5820162245289,0.499925091214475));
#4552=CARTESIAN_POINT('Ctrl Pts',(0.917952446658683,3.58181744667506,0.521306661251256));
#4553=CARTESIAN_POINT('Ctrl Pts',(0.920907354490235,3.56231704893909,0.570312356939129));
#4554=CARTESIAN_POINT('Ctrl Pts',(0.925519415632495,3.47963358895582,0.594826278040349));
#4555=CARTESIAN_POINT('Ctrl Pts',(0.930490875564621,3.40921703463745,0.534136040557763));
#4556=CARTESIAN_POINT('Ctrl Pts',(0.935462335496747,3.42220045354665,0.442085877706601));
#4557=CARTESIAN_POINT('Ctrl Pts',(0.940433795428873,3.50665626036318,0.403239979111235));
#4558=CARTESIAN_POINT('Ctrl Pts',(0.944581247642571,3.57201238265965,0.444990050433053));
#4559=CARTESIAN_POINT('Ctrl Pts',(0.94707154654556,3.58186527951604,0.486211296329419));
#4560=CARTESIAN_POINT('Ctrl Pts',(0.94790469213784,3.58186714042315,0.500001283156301));
#4561=CARTESIAN_POINT('Ctrl Pts',(0.911652937090929,3.58186716597856,0.499999011330069));
#4562=CARTESIAN_POINT('Ctrl Pts',(0.912485122185466,3.58186569045824,0.51377308927494));
#4563=CARTESIAN_POINT('Ctrl Pts',(0.914974460590711,3.57202909029557,0.554977851312069));
#4564=CARTESIAN_POINT('Ctrl Pts',(0.919120952306664,3.50671234020501,0.596756199063094));
#4565=CARTESIAN_POINT('Ctrl Pts',(0.92409241223879,3.42223399648809,0.557959179779418));
#4566=CARTESIAN_POINT('Ctrl Pts',(0.929063872170917,3.40919726321328,0.46591656157523));
#4567=CARTESIAN_POINT('Ctrl Pts',(0.934035332103042,3.47957864763308,0.405185522379604));
#4568=CARTESIAN_POINT('Ctrl Pts',(0.938648353743047,3.56229353698196,0.429656627533322));
#4569=CARTESIAN_POINT('Ctrl Pts',(0.941604222072342,3.58181779391151,0.478677798606836));
#4570=CARTESIAN_POINT('Ctrl Pts',(0.942902937090928,3.58201672204008,0.500074872791393));
#4571=CARTESIAN_POINT('Origin',(0.68227969213784,3.5,0.5));
#4572=CARTESIAN_POINT('',(0.880402937090928,3.58202036396728,0.499925483661402));
#4573=CARTESIAN_POINT('',(0.88540469213784,3.58212160607847,0.500033897474386));
#4574=CARTESIAN_POINT('',(0.68227969213784,3.582,0.500000000000002));
#4575=CARTESIAN_POINT('Ctrl Pts',(0.88540469213784,3.58212160607847,0.500033897474386));
#4576=CARTESIAN_POINT('Ctrl Pts',(0.885519040150389,3.58213139482277,0.501911591968517));
#4577=CARTESIAN_POINT('Ctrl Pts',(0.887290541473647,3.58122049440866,0.530991528709824));
#4578=CARTESIAN_POINT('Ctrl Pts',(0.890719196107613,3.54669043019381,0.585010695295284));
#4579=CARTESIAN_POINT('Ctrl Pts',(0.89569065603974,3.45372944939954,0.585239959631361));
#4580=CARTESIAN_POINT('Ctrl Pts',(0.900662115971866,3.40327602295057,0.507161484589641));
#4581=CARTESIAN_POINT('Ctrl Pts',(0.905633575903991,3.44168040519882,0.422503939033623));
#4582=CARTESIAN_POINT('Ctrl Pts',(0.910605035836118,3.53366148573816,0.409040015085154));
#4583=CARTESIAN_POINT('Ctrl Pts',(0.9142787412474,3.57878021898913,0.460840050371964));
#4584=CARTESIAN_POINT('Ctrl Pts',(0.916295293347974,3.58207127386139,0.494003701403674));
#4585=CARTESIAN_POINT('Ctrl Pts',(0.916654692137839,3.5820162245289,0.499925091214475));
#4586=CARTESIAN_POINT('Ctrl Pts',(0.880402937090928,3.58202036396728,0.499925483661402));
#4587=CARTESIAN_POINT('Ctrl Pts',(0.88170886898788,3.58182038263695,0.521439010099198));
#4588=CARTESIAN_POINT('Ctrl Pts',(0.884671954195541,3.56211630314595,0.570576147243892));
#4589=CARTESIAN_POINT('Ctrl Pts',(0.889292192713908,3.47916610428548,0.59472468770667));
#4590=CARTESIAN_POINT('Ctrl Pts',(0.894263652646036,3.40904975452258,0.533687839379447));
#4591=CARTESIAN_POINT('Ctrl Pts',(0.89923511257816,3.42248703581071,0.44170284690691));
#4592=CARTESIAN_POINT('Ctrl Pts',(0.904206572510288,3.50713346640768,0.403273936719152));
#4593=CARTESIAN_POINT('Ctrl Pts',(0.908345847347875,3.57215436743513,0.445263011313488));
#4594=CARTESIAN_POINT('Ctrl Pts',(0.910827968874756,3.58186862870287,0.486344384990096));
#4595=CARTESIAN_POINT('Ctrl Pts',(0.911652937090929,3.58186716597856,0.499999011330069));
#4596=CARTESIAN_POINT('Origin',(0.68227969213784,3.5,0.5));
#4597=CARTESIAN_POINT('',(0.849152937090929,3.58211928883387,0.500036100695225));
#4598=CARTESIAN_POINT('',(0.85415469213784,3.58191234805464,0.500058072743646));
#4599=CARTESIAN_POINT('',(0.68227969213784,3.582,0.500000000000002));
#4600=CARTESIAN_POINT('Ctrl Pts',(0.85415469213784,3.58191234805464,0.500058072743646));
#4601=CARTESIAN_POINT('Ctrl Pts',(0.854742786952804,3.58197561774234,0.509778609399572));
#4602=CARTESIAN_POINT('Ctrl Pts',(0.856988035078477,3.57587247307694,0.546813143399927));
#4603=CARTESIAN_POINT('Ctrl Pts',(0.860890436514858,3.52083389229281,0.594724672149223));
#4604=CARTESIAN_POINT('Ctrl Pts',(0.865861896446985,3.43157799768303,0.568740411567206));
#4605=CARTESIAN_POINT('Ctrl Pts',(0.87083335637911,3.40517962156189,0.479606118165328));
#4606=CARTESIAN_POINT('Ctrl Pts',(0.875804816311237,3.46589026723935,0.409207154937796));
#4607=CARTESIAN_POINT('Ctrl Pts',(0.880661928230812,3.5558194908462,0.421917979913611));
#4608=CARTESIAN_POINT('Ctrl Pts',(0.883861886839681,3.58198953446447,0.474699683531526));
#4609=CARTESIAN_POINT('Ctrl Pts',(0.88540469213784,3.58212160607847,0.500033897474386));
#4610=CARTESIAN_POINT('Ctrl Pts',(0.849152937090929,3.58211928883387,0.500036100695225));
#4611=CARTESIAN_POINT('Ctrl Pts',(0.849275462479586,3.58213035343835,0.502048226588386));
#4612=CARTESIAN_POINT('Ctrl Pts',(0.851055141178953,3.58114964440058,0.53126334502323));
#4613=CARTESIAN_POINT('Ctrl Pts',(0.854491973189027,3.54627055819997,0.585239973631292));
#4614=CARTESIAN_POINT('Ctrl Pts',(0.859463433121154,3.45330956213779,0.585010709257149));
#4615=CARTESIAN_POINT('Ctrl Pts',(0.864434893053279,3.40324186001611,0.5066843115815));
#4616=CARTESIAN_POINT('Ctrl Pts',(0.869406352985406,3.44206335097887,0.422217210309916));
#4617=CARTESIAN_POINT('Ctrl Pts',(0.874377812917531,3.53410973836277,0.409207140026154));
#4618=CARTESIAN_POINT('Ctrl Pts',(0.878043340952706,3.57887256726041,0.461113304264083));
#4619=CARTESIAN_POINT('Ctrl Pts',(0.880051715677171,3.58207414757248,0.494139568493834));
#4620=CARTESIAN_POINT('Ctrl Pts',(0.880402937090928,3.58202036396728,0.499925483661402));
#4621=CARTESIAN_POINT('Origin',(0.68227969213784,3.5,0.5));
#4622=CARTESIAN_POINT('',(0.817902937090929,3.58190947470113,0.500056588378173));
#4623=CARTESIAN_POINT('',(0.82290469213784,3.58190979706134,0.499943232374603));
#4624=CARTESIAN_POINT('',(0.68227969213784,3.582,0.500000000000002));
#4625=CARTESIAN_POINT('Ctrl Pts',(0.82290469213784,3.58190979706134,0.499943232374603));
#4626=CARTESIAN_POINT('Ctrl Pts',(0.823966533755219,3.58179834697175,0.517495636032567));
#4627=CARTESIAN_POINT('Ctrl Pts',(0.826685528683307,3.56765006135959,0.562604951536986));
#4628=CARTESIAN_POINT('Ctrl Pts',(0.831061676922104,3.4932876608976,0.596756183169781));
#4629=CARTESIAN_POINT('Ctrl Pts',(0.836033136854228,3.41497578307756,0.546665802680375));
#4630=CARTESIAN_POINT('Ctrl Pts',(0.841004596786355,3.41477344749574,0.453704758926819));
#4631=CARTESIAN_POINT('Ctrl Pts',(0.84597605671848,3.49286653476388,0.403273952605564));
#4632=CARTESIAN_POINT('Ctrl Pts',(0.850359421835643,3.56749977234367,0.437156940508458));
#4633=CARTESIAN_POINT('Ctrl Pts',(0.853085633642095,3.58179733429253,0.4823877549126));
#4634=CARTESIAN_POINT('Ctrl Pts',(0.85415469213784,3.58191234805464,0.500058072743646));
#4635=CARTESIAN_POINT('Ctrl Pts',(0.817902937090929,3.58190947470113,0.500056588378173));
#4636=CARTESIAN_POINT('Ctrl Pts',(0.818499209282001,3.58197184911604,0.509913162662069));
#4637=CARTESIAN_POINT('Ctrl Pts',(0.820752634783782,3.57575648779239,0.547086997885009));
#4638=CARTESIAN_POINT('Ctrl Pts',(0.824663213596273,3.52036641439409,0.594826293630253));
#4639=CARTESIAN_POINT('Ctrl Pts',(0.829634673528398,3.43123976077357,0.568402099999472));
#4640=CARTESIAN_POINT('Ctrl Pts',(0.834606133460524,3.40528135083196,0.479138664407606));
#4641=CARTESIAN_POINT('Ctrl Pts',(0.83957759339265,3.46633850873257,0.409040000143921));
#4642=CARTESIAN_POINT('Ctrl Pts',(0.844426527936119,3.55605266073612,0.422172097667319));
#4643=CARTESIAN_POINT('Ctrl Pts',(0.847618309168878,3.58198070489482,0.474834266102797));
#4644=CARTESIAN_POINT('Ctrl Pts',(0.849152937090929,3.58211928883387,0.500036100695225));
#4645=CARTESIAN_POINT('Origin',(0.68227969213784,3.5,0.5));
#4646=CARTESIAN_POINT('',(0.786652937090929,3.58191248728188,0.49994138894437));
#4647=CARTESIAN_POINT('',(0.79165469213784,3.58211955001297,0.499964106091608));
#4648=CARTESIAN_POINT('',(0.68227969213784,3.582,0.500000000000002));
#4649=CARTESIAN_POINT('Ctrl Pts',(0.79165469213784,3.58211955001297,0.499964106091608));
#4650=CARTESIAN_POINT('Ctrl Pts',(0.793190280557634,3.5819817096458,0.525181456985776));
#4651=CARTESIAN_POINT('Ctrl Pts',(0.796383022288137,3.55602533354938,0.577857840864321));
#4652=CARTESIAN_POINT('Ctrl Pts',(0.801232917329348,3.46628581658665,0.590940427100315));
#4653=CARTESIAN_POINT('Ctrl Pts',(0.806204377261474,3.40526929891141,0.52080647160443));
#4654=CARTESIAN_POINT('Ctrl Pts',(0.8111758371936,3.43127941066494,0.431558078150732));
#4655=CARTESIAN_POINT('Ctrl Pts',(0.816147297125725,3.52042134901095,0.405185537968203));
#4656=CARTESIAN_POINT('Ctrl Pts',(0.820056915440473,3.57577014154283,0.452945179453994));
#4657=CARTESIAN_POINT('Ctrl Pts',(0.822309380444511,3.58197228052448,0.490102639415538));
#4658=CARTESIAN_POINT('Ctrl Pts',(0.82290469213784,3.58190979706134,0.499943232374603));
#4659=CARTESIAN_POINT('Ctrl Pts',(0.786652937090929,3.58191248728188,0.499941388944369));
#4660=CARTESIAN_POINT('Ctrl Pts',(0.787722956084416,3.58179706702772,0.517627510268315));
#4661=CARTESIAN_POINT('Ctrl Pts',(0.790450128388613,3.56748002864516,0.562875267285295));
#4662=CARTESIAN_POINT('Ctrl Pts',(0.794834454003516,3.49281031422354,0.596721608940402));
#4663=CARTESIAN_POINT('Ctrl Pts',(0.799805913935644,3.41474671470361,0.546246012821596));
#4664=CARTESIAN_POINT('Ctrl Pts',(0.804777373867769,3.41500277649572,0.453284865737888));
#4665=CARTESIAN_POINT('Ctrl Pts',(0.809748833799895,3.49334373851433,0.403239963105637));
#4666=CARTESIAN_POINT('Ctrl Pts',(0.814124021540949,3.56767000817696,0.437426727218389));
#4667=CARTESIAN_POINT('Ctrl Pts',(0.816842055971293,3.58179849880771,0.482519876590114));
#4668=CARTESIAN_POINT('Ctrl Pts',(0.817902937090929,3.58190947470113,0.500056588378173));
#4669=CARTESIAN_POINT('Origin',(0.68227969213784,3.5,0.5));
#4670=CARTESIAN_POINT('',(0.755402937090929,3.58210122493229,0.499955208313048));
#4671=CARTESIAN_POINT('',(0.76040469213784,3.58201987233388,0.500074606175477));
#4672=CARTESIAN_POINT('',(0.68227969213784,3.582,0.500000000000002));
#4673=CARTESIAN_POINT('',(0.750091314614384,3.53951647888932,0.428149823269599));
#4674=CARTESIAN_POINT('Ctrl Pts',(0.750091314614384,3.53951647888932,0.428149823269598));
#4675=CARTESIAN_POINT('Ctrl Pts',(0.751748467925093,3.56345627108039,0.441316336363682));
#4676=CARTESIAN_POINT('Ctrl Pts',(0.753519008750608,3.58121724593496,0.469073353686249));
#4677=CARTESIAN_POINT('Ctrl Pts',(0.755289549576122,3.58211126022793,0.498095584719538));
#4678=CARTESIAN_POINT('Ctrl Pts',(0.755402937090929,3.58210122493229,0.499955208313048));
#4679=CARTESIAN_POINT('',(0.750091314614384,3.46056849916427,0.428156514584684));
#4680=CARTESIAN_POINT('Origin',(0.750091314614384,3.5,0.5));
#4681=CARTESIAN_POINT('Ctrl Pts',(0.750091314614384,3.46056849916427,0.428156514584685));
#4682=CARTESIAN_POINT('Ctrl Pts',(0.750566982412286,3.4674143006024,0.424307127511809));
#4683=CARTESIAN_POINT('Ctrl Pts',(0.752699803520896,3.50042565385337,0.41141554539788));
#4684=CARTESIAN_POINT('Ctrl Pts',(0.756137596028714,3.56214227152954,0.429475496669152));
#4685=CARTESIAN_POINT('Ctrl Pts',(0.759099720738631,3.58182056852171,0.478581420554063));
#4686=CARTESIAN_POINT('Ctrl Pts',(0.76040469213784,3.58201987233388,0.500074606175477));
#4687=CARTESIAN_POINT('Origin',(0.68227969213784,3.5,0.5));
#4688=CARTESIAN_POINT('Ctrl Pts',(0.76040469213784,3.58201987233388,0.500074606175477));
#4689=CARTESIAN_POINT('Ctrl Pts',(0.76075687404934,3.58207365987098,0.505875125022843));
#4690=CARTESIAN_POINT('Ctrl Pts',(0.762766209271549,3.57886086968937,0.53891094310064));
#4691=CARTESIAN_POINT('Ctrl Pts',(0.766432697804466,3.53405782901853,0.590818860075233));
#4692=CARTESIAN_POINT('Ctrl Pts',(0.771404157736593,3.4420179631795,0.577746142588327));
#4693=CARTESIAN_POINT('Ctrl Pts',(0.776375617668719,3.40324593190204,0.493261122045032));
#4694=CARTESIAN_POINT('Ctrl Pts',(0.781347077600844,3.45335874783985,0.414961542742374));
#4695=CARTESIAN_POINT('Ctrl Pts',(0.786318537532971,3.54631996707052,0.414787215584848));
#4696=CARTESIAN_POINT('Ctrl Pts',(0.789754409045302,3.58115799001131,0.468768579670875));
#4697=CARTESIAN_POINT('Ctrl Pts',(0.791533127246925,3.58213046214866,0.497967773955284));
#4698=CARTESIAN_POINT('Ctrl Pts',(0.79165469213784,3.58211955001297,0.499964106091608));
#4699=CARTESIAN_POINT('Ctrl Pts',(0.755402937090929,3.58210122493229,0.499955208313048));
#4700=CARTESIAN_POINT('Ctrl Pts',(0.756946702886831,3.58196459484405,0.525273897957313));
#4701=CARTESIAN_POINT('Ctrl Pts',(0.760147621993442,3.55581883816992,0.578157485785781));
#4702=CARTESIAN_POINT('Ctrl Pts',(0.765005694410762,3.46582410432574,0.590750272713838));
#4703=CARTESIAN_POINT('Ctrl Pts',(0.769977154342887,3.40517441208556,0.520350061918024));
#4704=CARTESIAN_POINT('Ctrl Pts',(0.774948614275013,3.43161460434878,0.431214532235445));
#4705=CARTESIAN_POINT('Ctrl Pts',(0.77992007420714,3.52089034030743,0.405290037406317));
#4706=CARTESIAN_POINT('Ctrl Pts',(0.783821515145778,3.57588579237658,0.453218572686012));
#4707=CARTESIAN_POINT('Ctrl Pts',(0.786065802773707,3.58197581998208,0.49023676796939));
#4708=CARTESIAN_POINT('Ctrl Pts',(0.786652937090929,3.58191248728188,0.499941388944369));
#4709=CARTESIAN_POINT('Ctrl Pts',(0.750091314614384,3.44623069871607,0.540390899215521));
#4710=CARTESIAN_POINT('Ctrl Pts',(0.751748467925093,3.43277283712642,0.522475481918414));
#4711=CARTESIAN_POINT('Ctrl Pts',(0.75506277454651,3.4254369171588,0.472420703285973));
#4712=CARTESIAN_POINT('Ctrl Pts',(0.760034234478636,3.48295389340326,0.422259639884447));
#4713=CARTESIAN_POINT('Ctrl Pts',(0.765005694410762,3.55614946994967,0.443678644934867));
#4714=CARTESIAN_POINT('Ctrl Pts',(0.769977154342887,3.57775338744178,0.516759971928267));
#4715=CARTESIAN_POINT('Ctrl Pts',(0.774948614275014,3.52793157318897,0.574482540732432));
#4716=CARTESIAN_POINT('Ctrl Pts',(0.779920074207139,3.45244765882709,0.563761318159329));
#4717=CARTESIAN_POINT('Ctrl Pts',(0.784891534139266,3.42064986488307,0.494473298262541));
#4718=CARTESIAN_POINT('Ctrl Pts',(0.789862994071391,3.4617484852711,0.430258094505178));
#4719=CARTESIAN_POINT('Ctrl Pts',(0.794834454003518,3.53798802177429,0.430115124976597));
#4720=CARTESIAN_POINT('Ctrl Pts',(0.799805913935642,3.57932883029071,0.49417252685408));
#4721=CARTESIAN_POINT('Ctrl Pts',(0.80477737386777,3.5477923578629,0.563583989032418));
#4722=CARTESIAN_POINT('Ctrl Pts',(0.809748833799894,3.47235025811527,0.574582240518246));
#4723=CARTESIAN_POINT('Ctrl Pts',(0.814720293732021,3.42230927258284,0.517063844090219));
#4724=CARTESIAN_POINT('Ctrl Pts',(0.819691753664146,3.44364073618557,0.443869277507764));
#4725=CARTESIAN_POINT('Ctrl Pts',(0.824663213596273,3.5167479965974,0.422240578394654));
#4726=CARTESIAN_POINT('Ctrl Pts',(0.829634673528398,3.57446930543964,0.4720474285587));
#4727=CARTESIAN_POINT('Ctrl Pts',(0.834606133460525,3.56377759606368,0.54753358780854));
#4728=CARTESIAN_POINT('Ctrl Pts',(0.83957759339265,3.4944950633581,0.579351869733753));
#4729=CARTESIAN_POINT('Ctrl Pts',(0.844549053324775,3.43026977331665,0.538271649149454));
#4730=CARTESIAN_POINT('Ctrl Pts',(0.849520513256902,3.43010383346449,0.462032256558885));
#4731=CARTESIAN_POINT('Ctrl Pts',(0.854491973189027,3.4941496885716,0.420672845277124));
#4732=CARTESIAN_POINT('Ctrl Pts',(0.859463433121154,3.56357007299509,0.452189232906973));
#4733=CARTESIAN_POINT('Ctrl Pts',(0.86443489305328,3.57459028053427,0.527628132026701));
#4734=CARTESIAN_POINT('Ctrl Pts',(0.869406352985405,3.51708633239868,0.57768578295165));
#4735=CARTESIAN_POINT('Ctrl Pts',(0.874377812917532,3.44388561395346,0.55637552046213));
#4736=CARTESIAN_POINT('Ctrl Pts',(0.879349272849657,3.42223572621997,0.483274529836808));
#4737=CARTESIAN_POINT('Ctrl Pts',(0.884320732781783,3.47202585941276,0.425538794750815));
#4738=CARTESIAN_POINT('Ctrl Pts',(0.889292192713909,3.54751510983852,0.43620863722507));
#4739=CARTESIAN_POINT('Ctrl Pts',(0.894263652646035,3.57935346152711,0.505481949756366));
#4740=CARTESIAN_POINT('Ctrl Pts',(0.899235112578161,3.53829184671383,0.569719137300096));
#4741=CARTESIAN_POINT('Ctrl Pts',(0.904206572510287,3.46205250575755,0.569907162014744));
#4742=CARTESIAN_POINT('Ctrl Pts',(0.909178032442413,3.42067454321251,0.505873290715285));
#4743=CARTESIAN_POINT('Ctrl Pts',(0.914149492374539,3.45217082011732,0.436443779268428));
#4744=CARTESIAN_POINT('Ctrl Pts',(0.919120952306664,3.52760652336453,0.425401719688739));
#4745=CARTESIAN_POINT('Ctrl Pts',(0.92409241223879,3.57768083061558,0.482891163555415));
#4746=CARTESIAN_POINT('Ctrl Pts',(0.929063872170916,3.55639177229684,0.556098054512299));
#4747=CARTESIAN_POINT('Ctrl Pts',(0.934035332103042,3.48329705923511,0.577769112173336));
#4748=CARTESIAN_POINT('Ctrl Pts',(0.939006792035167,3.42554689730937,0.527995716189141));
#4749=CARTESIAN_POINT('Ctrl Pts',(0.943978251967295,3.43619488415869,0.452503357021572));
#4750=CARTESIAN_POINT('Ctrl Pts',(0.948949711899419,3.50545894523687,0.420644982868664));
#4751=CARTESIAN_POINT('Ctrl Pts',(0.953921171831546,3.56970807738153,0.461687899050814));
#4752=CARTESIAN_POINT('Ctrl Pts',(0.958892631763671,3.56991807913188,0.537927364383343));
#4753=CARTESIAN_POINT('Ctrl Pts',(0.963864091695798,3.50589641827114,0.579323500975012));
#4754=CARTESIAN_POINT('Ctrl Pts',(0.968835551627922,3.43645733163467,0.547848104018002));
#4755=CARTESIAN_POINT('Ctrl Pts',(0.97380701156005,3.42539435243158,0.472414030267803));
#4756=CARTESIAN_POINT('Ctrl Pts',(0.978778471492175,3.48286737601741,0.422326297629693));
#4757=CARTESIAN_POINT('Ctrl Pts',(0.983749931424301,3.55608435463139,0.443587529567037));
#4758=CARTESIAN_POINT('Ctrl Pts',(0.988721391356427,3.57776853512479,0.516689543500465));
#4759=CARTESIAN_POINT('Ctrl Pts',(0.993692851288553,3.52802839163304,0.574426253932772));
#4760=CARTESIAN_POINT('Ctrl Pts',(0.99866431122068,3.45249912008035,0.563857652226356));
#4761=CARTESIAN_POINT('Ctrl Pts',(1.0036357711528,3.42069140925911,0.49448471535476));
#4762=CARTESIAN_POINT('Ctrl Pts',(1.00695007777422,3.44795811914443,0.451872239273879));
#4763=CARTESIAN_POINT('Ctrl Pts',(1.00860723108493,3.46759166822796,0.4410740928644));
#4764=CARTESIAN_POINT('Ctrl Pts',(0.747252675790868,3.44229960977462,0.543343889368825));
#4765=CARTESIAN_POINT('Ctrl Pts',(0.748909829101577,3.42785784008857,0.52411867080712));
#4766=CARTESIAN_POINT('Ctrl Pts',(0.752224135722995,3.41998558892134,0.47040437304294));
#4767=CARTESIAN_POINT('Ctrl Pts',(0.75719559565512,3.48170764769172,0.416576019999914));
#4768=CARTESIAN_POINT('Ctrl Pts',(0.762167055587247,3.56025457370063,0.43956097461412));
#4769=CARTESIAN_POINT('Ctrl Pts',(0.767138515519371,3.58343795975785,0.517985298252638));
#4770=CARTESIAN_POINT('Ctrl Pts',(0.772109975451499,3.52997365846549,0.579927980513366));
#4771=CARTESIAN_POINT('Ctrl Pts',(0.777081435383623,3.44897109361123,0.568422926302328));
#4772=CARTESIAN_POINT('Ctrl Pts',(0.78205289531575,3.41484855388939,0.494069239523372));
#4773=CARTESIAN_POINT('Ctrl Pts',(0.787024355247876,3.45895190612735,0.425159243917577));
#4774=CARTESIAN_POINT('Ctrl Pts',(0.791995815180002,3.54076533687303,0.425005821846014));
#4775=CARTESIAN_POINT('Ctrl Pts',(0.796967275112126,3.58512858368248,0.493746478631516));
#4776=CARTESIAN_POINT('Ctrl Pts',(0.801938735044254,3.55128647076737,0.568232632592408));
#4777=CARTESIAN_POINT('Ctrl Pts',(0.806910194976378,3.47032877760573,0.580034969378937));
#4778=CARTESIAN_POINT('Ctrl Pts',(0.811881654908506,3.41662928135903,0.518311386594956));
#4779=CARTESIAN_POINT('Ctrl Pts',(0.81685311484063,3.43952029434536,0.439765544388754));
#4780=CARTESIAN_POINT('Ctrl Pts',(0.821824574772757,3.51797244740192,0.41655556491917));
#4781=CARTESIAN_POINT('Ctrl Pts',(0.826796034704882,3.57991377758454,0.470003808093971));
#4782=CARTESIAN_POINT('Ctrl Pts',(0.831767494637009,3.56844039428891,0.551008781960589));
#4783=CARTESIAN_POINT('Ctrl Pts',(0.836738954569135,3.49409259587127,0.585153307545763));
#4784=CARTESIAN_POINT('Ctrl Pts',(0.84171041450126,3.42517177657029,0.541069700326427));
#4785=CARTESIAN_POINT('Ctrl Pts',(0.846681874433386,3.42499370480824,0.459256424014863));
#4786=CARTESIAN_POINT('Ctrl Pts',(0.851653334365512,3.49372197063569,0.414873214386604));
#4787=CARTESIAN_POINT('Ctrl Pts',(0.856624794297638,3.56821769914963,0.448693774098437));
#4788=CARTESIAN_POINT('Ctrl Pts',(0.861596254229764,3.58004359720282,0.529648032633362));
#4789=CARTESIAN_POINT('Ctrl Pts',(0.86656771416189,3.51833551903005,0.583365412684174));
#4790=CARTESIAN_POINT('Ctrl Pts',(0.871539174094016,3.43978307519665,0.560497150830488));
#4791=CARTESIAN_POINT('Ctrl Pts',(0.876510634026142,3.4165503580006,0.482051725946315));
#4792=CARTESIAN_POINT('Ctrl Pts',(0.881482093958268,3.46998066202162,0.420094914813141));
#4793=CARTESIAN_POINT('Ctrl Pts',(0.886453553890393,3.55098895306091,0.431544832511662));
#4794=CARTESIAN_POINT('Ctrl Pts',(0.891425013822519,3.58515501571559,0.505882736665443));
#4795=CARTESIAN_POINT('Ctrl Pts',(0.896396473754645,3.54109137454048,0.574816323298492));
#4796=CARTESIAN_POINT('Ctrl Pts',(0.901367933686771,3.45927815363822,0.575018094553616));
#4797=CARTESIAN_POINT('Ctrl Pts',(0.906339393618898,3.41487503645853,0.506302688673404));
#4798=CARTESIAN_POINT('Ctrl Pts',(0.911310853551022,3.44867401514448,0.431797165856827));
#4799=CARTESIAN_POINT('Ctrl Pts',(0.916282313483149,3.52962484415574,0.419947818154211));
#4800=CARTESIAN_POINT('Ctrl Pts',(0.921253773415274,3.5833600982814,0.481640331646826));
#4801=CARTESIAN_POINT('Ctrl Pts',(0.9262252333474,3.56051459084146,0.560199399265987));
#4802=CARTESIAN_POINT('Ctrl Pts',(0.931196693279527,3.48207590247534,0.583454834129006));
#4803=CARTESIAN_POINT('Ctrl Pts',(0.936168153211653,3.42010360975206,0.530042490978682));
#4804=CARTESIAN_POINT('Ctrl Pts',(0.941139613143778,3.43153007395467,0.449030863916582));
#4805=CARTESIAN_POINT('Ctrl Pts',(0.946111073075904,3.50585805027897,0.414843314949521));
#4806=CARTESIAN_POINT('Ctrl Pts',(0.95108253300803,3.57480445478613,0.458886890431234));
#4807=CARTESIAN_POINT('Ctrl Pts',(0.956053992940155,3.5750298098243,0.540700244802943));
#4808=CARTESIAN_POINT('Ctrl Pts',(0.961025452872282,3.50632750709146,0.585122864738984));
#4809=CARTESIAN_POINT('Ctrl Pts',(0.965996912804407,3.43181170904043,0.551346292539764));
#4810=CARTESIAN_POINT('Ctrl Pts',(0.970968372736534,3.41993991227478,0.47039721215851));
#4811=CARTESIAN_POINT('Ctrl Pts',(0.97593983266866,3.48161480499513,0.416647551111913));
#4812=CARTESIAN_POINT('Ctrl Pts',(0.980911292600785,3.56018469778288,0.43946319777578));
#4813=CARTESIAN_POINT('Ctrl Pts',(0.985882752532912,3.58345421489227,0.517909720782406));
#4814=CARTESIAN_POINT('Ctrl Pts',(0.990854212465036,3.5300775553336,0.579867578569741));
#4815=CARTESIAN_POINT('Ctrl Pts',(0.995825672397164,3.44902631721138,0.568526303380451));
#4816=CARTESIAN_POINT('Ctrl Pts',(1.00079713232929,3.4148931355866,0.494081491322456));
#4817=CARTESIAN_POINT('Ctrl Pts',(1.00411143895071,3.44415332240282,0.448353604970483));
#4818=CARTESIAN_POINT('Ctrl Pts',(1.00576859226142,3.46522228585553,0.436766002999468));
#4819=CARTESIAN_POINT('Ctrl Pts',(0.744414036967353,3.43836852083317,0.546296879522128));
#4820=CARTESIAN_POINT('Ctrl Pts',(0.746071190278061,3.42294284305073,0.525761859695827));
#4821=CARTESIAN_POINT('Ctrl Pts',(0.749385496899479,3.41453426068388,0.468388042799907));
#4822=CARTESIAN_POINT('Ctrl Pts',(0.754356956831604,3.48046140198019,0.410892400115382));
#4823=CARTESIAN_POINT('Ctrl Pts',(0.759328416763732,3.5643596774516,0.435443304293373));
#4824=CARTESIAN_POINT('Ctrl Pts',(0.764299876695856,3.58912253207391,0.51921062457701));
#4825=CARTESIAN_POINT('Ctrl Pts',(0.769271336627982,3.53201574374201,0.585373420294299));
#4826=CARTESIAN_POINT('Ctrl Pts',(0.774242796560108,3.44549452839536,0.573084534445328));
#4827=CARTESIAN_POINT('Ctrl Pts',(0.779214256492234,3.40904724289572,0.493665180784202));
#4828=CARTESIAN_POINT('Ctrl Pts',(0.78418571642436,3.4561553269836,0.420060393329976));
#4829=CARTESIAN_POINT('Ctrl Pts',(0.789157176356486,3.54354265197178,0.419896518715431));
#4830=CARTESIAN_POINT('Ctrl Pts',(0.794128636288611,3.59092833707424,0.493320430408952));
#4831=CARTESIAN_POINT('Ctrl Pts',(0.799100096220738,3.55478058367185,0.572881276152399));
#4832=CARTESIAN_POINT('Ctrl Pts',(0.804071556152863,3.46830729709619,0.585487698239626));
#4833=CARTESIAN_POINT('Ctrl Pts',(0.80904301608499,3.41094929013522,0.519558929099693));
#4834=CARTESIAN_POINT('Ctrl Pts',(0.814014476017115,3.43539985250515,0.435661811269743));
#4835=CARTESIAN_POINT('Ctrl Pts',(0.818985935949241,3.51919689820643,0.410870551443687));
#4836=CARTESIAN_POINT('Ctrl Pts',(0.823957395881367,3.58535824972945,0.467960187629241));
#4837=CARTESIAN_POINT('Ctrl Pts',(0.828928855813493,3.57310319251413,0.554483976112639));
#4838=CARTESIAN_POINT('Ctrl Pts',(0.833900315745619,3.49369012838444,0.590954745357771));
#4839=CARTESIAN_POINT('Ctrl Pts',(0.838871775677745,3.42007377982392,0.543867751503401));
#4840=CARTESIAN_POINT('Ctrl Pts',(0.843843235609871,3.41988357615199,0.456480591470841));
#4841=CARTESIAN_POINT('Ctrl Pts',(0.848814695541996,3.49329425269979,0.409073583496084));
#4842=CARTESIAN_POINT('Ctrl Pts',(0.853786155474123,3.57286532530416,0.445198315289901));
#4843=CARTESIAN_POINT('Ctrl Pts',(0.858757615406248,3.58549691387137,0.531667933240023));
#4844=CARTESIAN_POINT('Ctrl Pts',(0.863729075338374,3.51958470566143,0.589045042416699));
#4845=CARTESIAN_POINT('Ctrl Pts',(0.868700535270501,3.43568053643984,0.564618781198847));
#4846=CARTESIAN_POINT('Ctrl Pts',(0.873671995202626,3.41086498978125,0.480828922055821));
#4847=CARTESIAN_POINT('Ctrl Pts',(0.878643455134752,3.46793546463049,0.414651034875469));
#4848=CARTESIAN_POINT('Ctrl Pts',(0.883614915066878,3.5544627962833,0.426881027798253));
#4849=CARTESIAN_POINT('Ctrl Pts',(0.888586374999004,3.59095656990406,0.506283523574521));
#4850=CARTESIAN_POINT('Ctrl Pts',(0.89355783493113,3.54389090236715,0.579913509296888));
#4851=CARTESIAN_POINT('Ctrl Pts',(0.898529294863255,3.45650380151888,0.580129027092488));
#4852=CARTESIAN_POINT('Ctrl Pts',(0.903500754795381,3.40907552970455,0.506732086631523));
#4853=CARTESIAN_POINT('Ctrl Pts',(0.908472214727507,3.44517721017165,0.427150552445225));
#4854=CARTESIAN_POINT('Ctrl Pts',(0.913443674659633,3.53164316494695,0.414493916619683));
#4855=CARTESIAN_POINT('Ctrl Pts',(0.918415134591759,3.58903936594722,0.480389499738238));
#4856=CARTESIAN_POINT('Ctrl Pts',(0.923386594523885,3.56463740938609,0.564300744019674));
#4857=CARTESIAN_POINT('Ctrl Pts',(0.928358054456011,3.48085474571558,0.589140556084678));
#4858=CARTESIAN_POINT('Ctrl Pts',(0.933329514388137,3.41466032219475,0.532089265768222));
#4859=CARTESIAN_POINT('Ctrl Pts',(0.938300974320263,3.42686526375066,0.445558370811592));
#4860=CARTESIAN_POINT('Ctrl Pts',(0.943272434252388,3.50625715532107,0.409041647030378));
#4861=CARTESIAN_POINT('Ctrl Pts',(0.948243894184515,3.57990083219073,0.456085881811652));
#4862=CARTESIAN_POINT('Ctrl Pts',(0.95321535411664,3.58014154051672,0.543473125222543));
#4863=CARTESIAN_POINT('Ctrl Pts',(0.958186814048766,3.50675859591177,0.590922228502956));
#4864=CARTESIAN_POINT('Ctrl Pts',(0.963158273980891,3.42716608644618,0.554844481061527));
#4865=CARTESIAN_POINT('Ctrl Pts',(0.968129733913019,3.41448547211798,0.468380394049216));
#4866=CARTESIAN_POINT('Ctrl Pts',(0.973101193845143,3.48036223397286,0.410968804594134));
#4867=CARTESIAN_POINT('Ctrl Pts',(0.978072653777269,3.56428504093437,0.435338865984523));
#4868=CARTESIAN_POINT('Ctrl Pts',(0.983044113709396,3.58913989465976,0.519129898064349));
#4869=CARTESIAN_POINT('Ctrl Pts',(0.98801557364152,3.53212671903416,0.585308903206709));
#4870=CARTESIAN_POINT('Ctrl Pts',(0.992987033573649,3.44555351434241,0.573194954534546));
#4871=CARTESIAN_POINT('Ctrl Pts',(0.997958493505773,3.40909486191409,0.493678267290152));
#4872=CARTESIAN_POINT('Ctrl Pts',(1.00127280012719,3.44034852566121,0.444834970667086));
#4873=CARTESIAN_POINT('Ctrl Pts',(1.0029299534379,3.4628529034831,0.432457913134536));
#4874=CARTESIAN_POINT('Ctrl Pts',(0.741575398143837,3.43443743189172,0.549249869675431));
#4875=CARTESIAN_POINT('Ctrl Pts',(0.743232551454546,3.41802784601288,0.527405048584534));
#4876=CARTESIAN_POINT('Ctrl Pts',(0.746546858075963,3.40908293244642,0.466371712556874));
#4877=CARTESIAN_POINT('Ctrl Pts',(0.751518318008089,3.47921515626866,0.405208780230849));
#4878=CARTESIAN_POINT('Ctrl Pts',(0.756489777940215,3.56846478120256,0.431325633972626));
#4879=CARTESIAN_POINT('Ctrl Pts',(0.76146123787234,3.59480710438998,0.520435950901381));
#4880=CARTESIAN_POINT('Ctrl Pts',(0.766432697804466,3.53405782901853,0.590818860075233));
#4881=CARTESIAN_POINT('Ctrl Pts',(0.771404157736593,3.4420179631795,0.577746142588327));
#4882=CARTESIAN_POINT('Ctrl Pts',(0.776375617668719,3.40324593190204,0.493261122045032));
#4883=CARTESIAN_POINT('Ctrl Pts',(0.781347077600844,3.45335874783985,0.414961542742374));
#4884=CARTESIAN_POINT('Ctrl Pts',(0.786318537532971,3.54631996707052,0.414787215584848));
#4885=CARTESIAN_POINT('Ctrl Pts',(0.791289997465096,3.596728090466,0.492894382186388));
#4886=CARTESIAN_POINT('Ctrl Pts',(0.796261457397222,3.55827469657633,0.57752991971239));
#4887=CARTESIAN_POINT('Ctrl Pts',(0.801232917329348,3.46628581658665,0.590940427100315));
#4888=CARTESIAN_POINT('Ctrl Pts',(0.806204377261474,3.40526929891141,0.52080647160443));
#4889=CARTESIAN_POINT('Ctrl Pts',(0.8111758371936,3.43127941066494,0.431558078150732));
#4890=CARTESIAN_POINT('Ctrl Pts',(0.816147297125725,3.52042134901095,0.405185537968203));
#4891=CARTESIAN_POINT('Ctrl Pts',(0.821118757057852,3.59080272187435,0.465916567164512));
#4892=CARTESIAN_POINT('Ctrl Pts',(0.826090216989977,3.57776599073936,0.557959170264687));
#4893=CARTESIAN_POINT('Ctrl Pts',(0.831061676922104,3.4932876608976,0.596756183169781));
#4894=CARTESIAN_POINT('Ctrl Pts',(0.836033136854228,3.41497578307756,0.546665802680375));
#4895=CARTESIAN_POINT('Ctrl Pts',(0.841004596786355,3.41477344749574,0.453704758926819));
#4896=CARTESIAN_POINT('Ctrl Pts',(0.84597605671848,3.49286653476388,0.403273952605564));
#4897=CARTESIAN_POINT('Ctrl Pts',(0.850947516650608,3.57751295145869,0.441702856481366));
#4898=CARTESIAN_POINT('Ctrl Pts',(0.855918976582732,3.59095023053993,0.533687833846684));
#4899=CARTESIAN_POINT('Ctrl Pts',(0.860890436514858,3.52083389229281,0.594724672149223));
#4900=CARTESIAN_POINT('Ctrl Pts',(0.865861896446985,3.43157799768303,0.568740411567206));
#4901=CARTESIAN_POINT('Ctrl Pts',(0.87083335637911,3.40517962156189,0.479606118165328));
#4902=CARTESIAN_POINT('Ctrl Pts',(0.875804816311237,3.46589026723935,0.409207154937796));
#4903=CARTESIAN_POINT('Ctrl Pts',(0.880776276243362,3.5579366395057,0.422217223084844));
#4904=CARTESIAN_POINT('Ctrl Pts',(0.885747736175489,3.59675812409253,0.506684310483598));
#4905=CARTESIAN_POINT('Ctrl Pts',(0.890719196107613,3.54669043019381,0.585010695295284));
#4906=CARTESIAN_POINT('Ctrl Pts',(0.89569065603974,3.45372944939954,0.585239959631361));
#4907=CARTESIAN_POINT('Ctrl Pts',(0.900662115971866,3.40327602295057,0.507161484589641));
#4908=CARTESIAN_POINT('Ctrl Pts',(0.905633575903991,3.44168040519882,0.422503939033623));
#4909=CARTESIAN_POINT('Ctrl Pts',(0.910605035836118,3.53366148573816,0.409040015085154));
#4910=CARTESIAN_POINT('Ctrl Pts',(0.915576495768243,3.59471863361305,0.479138667829651));
#4911=CARTESIAN_POINT('Ctrl Pts',(0.920547955700369,3.56876022793071,0.568402088773361));
#4912=CARTESIAN_POINT('Ctrl Pts',(0.925519415632495,3.47963358895582,0.594826278040349));
#4913=CARTESIAN_POINT('Ctrl Pts',(0.930490875564621,3.40921703463745,0.534136040557763));
#4914=CARTESIAN_POINT('Ctrl Pts',(0.935462335496747,3.42220045354665,0.442085877706601));
#4915=CARTESIAN_POINT('Ctrl Pts',(0.940433795428873,3.50665626036318,0.403239979111235));
#4916=CARTESIAN_POINT('Ctrl Pts',(0.945405255361,3.58499720959532,0.453284873192071));
#4917=CARTESIAN_POINT('Ctrl Pts',(0.950376715293125,3.58525327120914,0.546246005642144));
#4918=CARTESIAN_POINT('Ctrl Pts',(0.95534817522525,3.50718968473209,0.596721592266928));
#4919=CARTESIAN_POINT('Ctrl Pts',(0.960319635157376,3.42252046385194,0.558342669583289));
#4920=CARTESIAN_POINT('Ctrl Pts',(0.965291095089502,3.40903103196118,0.466363575939923));
#4921=CARTESIAN_POINT('Ctrl Pts',(0.970262555021628,3.47910966295059,0.405290058076355));
#4922=CARTESIAN_POINT('Ctrl Pts',(0.975234014953754,3.56838538408586,0.431214534193266));
#4923=CARTESIAN_POINT('Ctrl Pts',(0.98020547488588,3.59482557442724,0.520350075346291));
#4924=CARTESIAN_POINT('Ctrl Pts',(0.985176934818007,3.53417588273472,0.590750227843678));
#4925=CARTESIAN_POINT('Ctrl Pts',(0.990148394750131,3.44208071147343,0.577863605688641));
#4926=CARTESIAN_POINT('Ctrl Pts',(0.995119854682258,3.40329658824159,0.493275043257849));
#4927=CARTESIAN_POINT('Ctrl Pts',(0.998434161303675,3.43654372891961,0.44131633636369));
#4928=CARTESIAN_POINT('Ctrl Pts',(1.00009131461438,3.46048352111067,0.428149823269603));
#4929=CARTESIAN_POINT('Ctrl Pts',(1.00009131461438,3.46048352111067,0.428149823269604));
#4930=CARTESIAN_POINT('Ctrl Pts',(1.00009131461438,3.4568471148484,0.430677880674714));
#4931=CARTESIAN_POINT('Ctrl Pts',(1.00009131461438,3.45344630218982,0.43351581311814));
#4932=CARTESIAN_POINT('Ctrl Pts',(1.00009131461438,3.45030053356662,0.436620484657024));
#4933=CARTESIAN_POINT('Ctrl Pts',(1.00009131461438,3.44826383752891,0.438630572803689));
#4934=CARTESIAN_POINT('Ctrl Pts',(1.00009131461438,3.44633420291476,0.440752631487351));
#4935=CARTESIAN_POINT('Ctrl Pts',(1.00009131461438,3.44451887300495,0.442975952349364));
#4936=CARTESIAN_POINT('Ctrl Pts',(1.00009131461438,3.44252342246879,0.445419875507459));
#4937=CARTESIAN_POINT('Ctrl Pts',(1.00009131461438,3.44067164574487,0.447979678626017));
#4938=CARTESIAN_POINT('Ctrl Pts',(1.00009131461438,3.43897581042752,0.450634289917883));
#4939=CARTESIAN_POINT('Ctrl Pts',(1.00009131461438,3.43710886880217,0.453556746048612));
#4940=CARTESIAN_POINT('Ctrl Pts',(1.00009131461438,3.4354290844012,0.456596293584399));
#4941=CARTESIAN_POINT('Ctrl Pts',(1.00009131461438,3.43395043352266,0.459733208016912));
#4942=CARTESIAN_POINT('Ctrl Pts',(1.00009131461438,3.43278856124074,0.462198085955817));
#4943=CARTESIAN_POINT('Ctrl Pts',(1.00009131461438,3.43175096477779,0.464724478161209));
#4944=CARTESIAN_POINT('Ctrl Pts',(1.00009131461438,3.43085074217229,0.467285856284196));
#4945=CARTESIAN_POINT('Ctrl Pts',(1.00009131461438,3.42927132382598,0.471779730993181));
#4946=CARTESIAN_POINT('Ctrl Pts',(1.00009131461438,3.42810774649285,0.476392722386798));
#4947=CARTESIAN_POINT('Ctrl Pts',(1.00009131461438,3.42739843483304,0.481071667050566));
#4948=CARTESIAN_POINT('Ctrl Pts',(1.00009131461438,3.42694049045228,0.484092477983191));
#4949=CARTESIAN_POINT('Ctrl Pts',(1.00009131461438,3.42667223330504,0.487140815384876));
#4950=CARTESIAN_POINT('Ctrl Pts',(1.00009131461438,3.42660808267447,0.490201499295218));
#4951=CARTESIAN_POINT('Ctrl Pts',(1.00009131461438,3.42657472396609,0.491793073082242));
#4952=CARTESIAN_POINT('Ctrl Pts',(1.00009131461438,3.42659675498223,0.493385717995449));
#4953=CARTESIAN_POINT('Ctrl Pts',(1.00009131461438,3.42667561305026,0.494973253191055));
#4954=CARTESIAN_POINT('Ctrl Pts',(1.00009131461438,3.42688345597458,0.499157453562453));
#4955=CARTESIAN_POINT('Ctrl Pts',(1.00009131461438,3.42748502206795,0.503315195103656));
#4956=CARTESIAN_POINT('Ctrl Pts',(1.00009131461438,3.42845279656905,0.507401338851284));
#4957=CARTESIAN_POINT('Ctrl Pts',(1.00009131461438,3.4292731821357,0.510865176088154));
#4958=CARTESIAN_POINT('Ctrl Pts',(1.00009131461438,3.43035702061567,0.514277631619041));
#4959=CARTESIAN_POINT('Ctrl Pts',(1.00009131461438,3.43169273821065,0.517607375216243));
#4960=CARTESIAN_POINT('Ctrl Pts',(1.00009131461438,3.43258377015471,0.519828584191685));
#4961=CARTESIAN_POINT('Ctrl Pts',(1.00009131461438,3.43358389413161,0.522004852312243));
#4962=CARTESIAN_POINT('Ctrl Pts',(1.00009131461438,3.43468594262885,0.524123185311682));
#4963=CARTESIAN_POINT('Ctrl Pts',(1.00009131461438,3.43737910786643,0.529299927360653));
#4964=CARTESIAN_POINT('Ctrl Pts',(1.00009131461438,3.4406828213711,0.534142854840517));
#4965=CARTESIAN_POINT('Ctrl Pts',(1.00009131461438,3.44454291660066,0.538506246314379));
#4966=CARTESIAN_POINT('Ctrl Pts',(1.00009131461438,3.44511521362355,0.539153161947719));
#4967=CARTESIAN_POINT('Ctrl Pts',(1.00009131461438,3.44569978255648,0.53978945310267));
#4968=CARTESIAN_POINT('Ctrl Pts',(1.00009131461438,3.4462964845702,0.540414550055293));
#4969=CARTESIAN_POINT('Ctrl Pts',(0.750091314614384,3.44623069871607,0.540390899215521));
#4970=CARTESIAN_POINT('Ctrl Pts',(0.750091314614384,3.44226398708468,0.536313709007607));
#4971=CARTESIAN_POINT('Ctrl Pts',(0.750091314614384,3.43889143285061,0.531731251343303));
#4972=CARTESIAN_POINT('Ctrl Pts',(0.750091314614384,3.4361103289272,0.526794759673306));
#4973=CARTESIAN_POINT('Ctrl Pts',(0.750091314614384,3.43480157257834,0.524471701998327));
#4974=CARTESIAN_POINT('Ctrl Pts',(0.750091314614384,3.43362416449838,0.522069558757297));
#4975=CARTESIAN_POINT('Ctrl Pts',(0.750091314614384,3.43258017334283,0.519601203814657));
#4976=CARTESIAN_POINT('Ctrl Pts',(0.750091314614384,3.43179993537272,0.517756452314869));
#4977=CARTESIAN_POINT('Ctrl Pts',(0.750091314614384,3.431094982508,0.515875703684083));
#4978=CARTESIAN_POINT('Ctrl Pts',(0.750091314614384,3.43046900129944,0.513974059534636));
#4979=CARTESIAN_POINT('Ctrl Pts',(0.750091314614384,3.42884027160883,0.509026204479459));
#4980=CARTESIAN_POINT('Ctrl Pts',(0.750091314614384,3.42773730113897,0.503921625425711));
#4981=CARTESIAN_POINT('Ctrl Pts',(0.750091314614384,3.4271699884547,0.498755621753821));
#4982=CARTESIAN_POINT('Ctrl Pts',(0.750091314614384,3.4269008831339,0.496305122912606));
#4983=CARTESIAN_POINT('Ctrl Pts',(0.750091314614384,3.42675261951823,0.493840554143289));
#4984=CARTESIAN_POINT('Ctrl Pts',(0.750091314614384,3.42672816157738,0.491371225540117));
#4985=CARTESIAN_POINT('Ctrl Pts',(0.750091314614384,3.42670482761436,0.489015376260643));
#4986=CARTESIAN_POINT('Ctrl Pts',(0.750091314614384,3.4267944392342,0.486663254960287));
#4987=CARTESIAN_POINT('Ctrl Pts',(0.750091314614384,3.42699747202128,0.484327841927202));
#4988=CARTESIAN_POINT('Ctrl Pts',(0.750091314614384,3.42731316966166,0.480696485659756));
#4989=CARTESIAN_POINT('Ctrl Pts',(0.750091314614384,3.42790275287972,0.477102079323298));
#4990=CARTESIAN_POINT('Ctrl Pts',(0.750091314614384,3.4287721146241,0.473574738231628));
#4991=CARTESIAN_POINT('Ctrl Pts',(0.750091314614384,3.42969506279075,0.4698299760371));
#4992=CARTESIAN_POINT('Ctrl Pts',(0.750091314614384,3.43093320692921,0.466160610077583));
#4993=CARTESIAN_POINT('Ctrl Pts',(0.750091314614384,3.43245936374443,0.462588602911884));
#4994=CARTESIAN_POINT('Ctrl Pts',(0.750091314614384,3.43339540032576,0.460397786514426));
#4995=CARTESIAN_POINT('Ctrl Pts',(0.750091314614384,3.43443617162631,0.458252449603685));
#4996=CARTESIAN_POINT('Ctrl Pts',(0.750091314614384,3.43557395890971,0.456157543508193));
#4997=CARTESIAN_POINT('Ctrl Pts',(0.750091314614384,3.43756736430772,0.452487264203777));
#4998=CARTESIAN_POINT('Ctrl Pts',(0.750091314614384,3.43985813760387,0.448971499695226));
#4999=CARTESIAN_POINT('Ctrl Pts',(0.750091314614384,3.4424125649284,0.445637245022129));
#5000=CARTESIAN_POINT('Ctrl Pts',(0.750091314614384,3.44410245334808,0.443431459675949));
#5001=CARTESIAN_POINT('Ctrl Pts',(0.750091314614384,3.44590774174306,0.441306104441483));
#5002=CARTESIAN_POINT('Ctrl Pts',(0.750091314614384,3.44781025252091,0.439278569753935));
#5003=CARTESIAN_POINT('Ctrl Pts',(0.750091314614384,3.45167819284849,0.435156446886165));
#5004=CARTESIAN_POINT('Ctrl Pts',(0.750091314614384,3.45595479628919,0.431426514899167));
#5005=CARTESIAN_POINT('Ctrl Pts',(0.750091314614384,3.46056849916427,0.428156514584684));
#5006=CARTESIAN_POINT('Ctrl Pts',(0.800170608608387,3.5673480455899,0.499970562617813));
#5007=CARTESIAN_POINT('Ctrl Pts',(0.800049043717472,3.56735699487192,0.498333326810888));
#5008=CARTESIAN_POINT('Ctrl Pts',(0.799927478826557,3.56730248732732,0.496696697519778));
#5009=CARTESIAN_POINT('Ctrl Pts',(0.799805913935643,3.56718261680001,0.495064870237556));
#5010=CARTESIAN_POINT('Ctrl Pts',(0.798148760624934,3.56554856078524,0.472820059561586));
#5011=CARTESIAN_POINT('Ctrl Pts',(0.796491607314226,3.55176829127977,0.451467592269092));
#5012=CARTESIAN_POINT('Ctrl Pts',(0.794834454003518,3.53217156710983,0.440815186877608));
#5013=CARTESIAN_POINT('Ctrl Pts',(0.793177300692809,3.5125748429399,0.430162781486124));
#5014=CARTESIAN_POINT('Ctrl Pts',(0.7915201473821,3.4871616641055,0.430210437995651));
#5015=CARTESIAN_POINT('Ctrl Pts',(0.789862994071391,3.46760530462363,0.440936800209975));
#5016=CARTESIAN_POINT('Ctrl Pts',(0.788205840760682,3.44804894514176,0.451663162424299));
#5017=CARTESIAN_POINT('Ctrl Pts',(0.786548687449974,3.43434940501241,0.47306823034342));
#5018=CARTESIAN_POINT('Ctrl Pts',(0.784891534139265,3.43279926727175,0.495318767619112));
#5019=CARTESIAN_POINT('Ctrl Pts',(0.783234380828557,3.43124912953108,0.517569304894804));
#5020=CARTESIAN_POINT('Ctrl Pts',(0.781577227517848,3.44184839417909,0.540665311527067));
#5021=CARTESIAN_POINT('Ctrl Pts',(0.779920074207139,3.45972867889674,0.554000185272049));
#5022=CARTESIAN_POINT('Ctrl Pts',(0.778262920896431,3.47760896361439,0.56733505901703));
#5023=CARTESIAN_POINT('Ctrl Pts',(0.776605767585722,3.50277026840168,0.570908799874731));
#5024=CARTESIAN_POINT('Ctrl Pts',(0.774948614275014,3.52365455650413,0.563075242169554));
#5025=CARTESIAN_POINT('Ctrl Pts',(0.773291460964305,3.54453884460658,0.555241684464377));
#5026=CARTESIAN_POINT('Ctrl Pts',(0.771634307653596,3.56114611602418,0.536000828196322));
#5027=CARTESIAN_POINT('Ctrl Pts',(0.769977154342887,3.56584909881763,0.514200178896728));
#5028=CARTESIAN_POINT('Ctrl Pts',(0.769624972431387,3.56684858719281,0.509567056365056));
#5029=CARTESIAN_POINT('Ctrl Pts',(0.769272790519887,3.56731041007711,0.504818318997393));
#5030=CARTESIAN_POINT('Ctrl Pts',(0.768920608608386,3.56726629773724,0.500061186162206));
#5031=CARTESIAN_POINT('Ctrl Pts',(0.750091314614384,3.53951647888932,0.428149823269598));
#5032=CARTESIAN_POINT('Ctrl Pts',(0.751748467925093,3.56345627108039,0.441316336363682));
#5033=CARTESIAN_POINT('Ctrl Pts',(0.75506277454651,3.59670335339278,0.493275187002568));
#5034=CARTESIAN_POINT('Ctrl Pts',(0.760034234478636,3.55791931719528,0.577863569867779));
#5035=CARTESIAN_POINT('Ctrl Pts',(0.765005694410762,3.46582410432574,0.590750272713838));
#5036=CARTESIAN_POINT('Ctrl Pts',(0.769977154342887,3.40517441208556,0.520350061918024));
#5037=CARTESIAN_POINT('Ctrl Pts',(0.774948614275013,3.43161460434878,0.431214532235445));
#5038=CARTESIAN_POINT('Ctrl Pts',(0.77992007420714,3.52089034030743,0.405290037406317));
#5039=CARTESIAN_POINT('Ctrl Pts',(0.784891534139265,3.59096898322707,0.466363573183497));
#5040=CARTESIAN_POINT('Ctrl Pts',(0.789862994071392,3.57747954867282,0.558342677682336));
#5041=CARTESIAN_POINT('Ctrl Pts',(0.794834454003516,3.49281031422354,0.596721608940402));
#5042=CARTESIAN_POINT('Ctrl Pts',(0.799805913935644,3.41474671470361,0.546246012821596));
#5043=CARTESIAN_POINT('Ctrl Pts',(0.804777373867769,3.41500277649572,0.453284865737888));
#5044=CARTESIAN_POINT('Ctrl Pts',(0.809748833799895,3.49334373851433,0.403239963105637));
#5045=CARTESIAN_POINT('Ctrl Pts',(0.814720293732022,3.57779955924746,0.44208586825408));
#5046=CARTESIAN_POINT('Ctrl Pts',(0.819691753664146,3.59078298026349,0.534136046133547));
#5047=CARTESIAN_POINT('Ctrl Pts',(0.824663213596273,3.52036641439409,0.594826293630253));
#5048=CARTESIAN_POINT('Ctrl Pts',(0.829634673528398,3.43123976077357,0.568402099999472));
#5049=CARTESIAN_POINT('Ctrl Pts',(0.834606133460524,3.40528135083196,0.479138664407606));
#5050=CARTESIAN_POINT('Ctrl Pts',(0.83957759339265,3.46633850873257,0.409040000143921));
#5051=CARTESIAN_POINT('Ctrl Pts',(0.844549053324777,3.55831960437988,0.422503926306894));
#5052=CARTESIAN_POINT('Ctrl Pts',(0.849520513256902,3.59672399293498,0.507161485765264));
#5053=CARTESIAN_POINT('Ctrl Pts',(0.854491973189027,3.54627055819997,0.585239973631292));
#5054=CARTESIAN_POINT('Ctrl Pts',(0.859463433121154,3.45330956213779,0.585010709257149));
#5055=CARTESIAN_POINT('Ctrl Pts',(0.864434893053279,3.40324186001611,0.5066843115815));
#5056=CARTESIAN_POINT('Ctrl Pts',(0.869406352985406,3.44206335097887,0.422217210309916));
#5057=CARTESIAN_POINT('Ctrl Pts',(0.874377812917531,3.53410973836277,0.409207140026154));
#5058=CARTESIAN_POINT('Ctrl Pts',(0.879349272849657,3.59482039401123,0.479606114815863));
#5059=CARTESIAN_POINT('Ctrl Pts',(0.884320732781783,3.56842201355448,0.568740422856983));
#5060=CARTESIAN_POINT('Ctrl Pts',(0.889292192713908,3.47916610428548,0.59472468770667));
#5061=CARTESIAN_POINT('Ctrl Pts',(0.894263652646036,3.40904975452258,0.533687839379447));
#5062=CARTESIAN_POINT('Ctrl Pts',(0.89923511257816,3.42248703581071,0.44170284690691));
#5063=CARTESIAN_POINT('Ctrl Pts',(0.904206572510288,3.50713346640768,0.403273936719152));
#5064=CARTESIAN_POINT('Ctrl Pts',(0.909178032442412,3.58522656650174,0.453704751323954));
#5065=CARTESIAN_POINT('Ctrl Pts',(0.91414949237454,3.58502423088659,0.546665810343515));
#5066=CARTESIAN_POINT('Ctrl Pts',(0.919120952306664,3.50671234020501,0.596756199063094));
#5067=CARTESIAN_POINT('Ctrl Pts',(0.92409241223879,3.42223399648809,0.557959179779418));
#5068=CARTESIAN_POINT('Ctrl Pts',(0.929063872170917,3.40919726321328,0.46591656157523));
#5069=CARTESIAN_POINT('Ctrl Pts',(0.934035332103042,3.47957864763308,0.405185522379604));
#5070=CARTESIAN_POINT('Ctrl Pts',(0.939006792035169,3.56872060062591,0.431558066941619));
#5071=CARTESIAN_POINT('Ctrl Pts',(0.943978251967293,3.59473071663765,0.520806474960908));
#5072=CARTESIAN_POINT('Ctrl Pts',(0.94894971189942,3.53371418897067,0.590940442152071));
#5073=CARTESIAN_POINT('Ctrl Pts',(0.953921171831546,3.44172529380938,0.577529932225949));
#5074=CARTESIAN_POINT('Ctrl Pts',(0.958892631763671,3.4032718937407,0.492894381433639));
#5075=CARTESIAN_POINT('Ctrl Pts',(0.963864091695798,3.45368002512233,0.414787200815157));
#5076=CARTESIAN_POINT('Ctrl Pts',(0.968835551627923,3.54664126024752,0.414961530210072));
#5077=CARTESIAN_POINT('Ctrl Pts',(0.973807011560049,3.59675408307643,0.493261118313203));
#5078=CARTESIAN_POINT('Ctrl Pts',(0.978778471492175,3.5579820482887,0.577746160091052));
#5079=CARTESIAN_POINT('Ctrl Pts',(0.983749931424301,3.46594216124376,0.590818866614913));
#5080=CARTESIAN_POINT('Ctrl Pts',(0.988721391356428,3.40519288883636,0.520435968687356));
#5081=CARTESIAN_POINT('Ctrl Pts',(0.993692851288552,3.4315351885542,0.431325598390193));
#5082=CARTESIAN_POINT('Ctrl Pts',(0.99866431122068,3.52078488459229,0.405208801097324));
#5083=CARTESIAN_POINT('Ctrl Pts',(1.0036357711528,3.59091695524997,0.466371605519519));
#5084=CARTESIAN_POINT('Ctrl Pts',(1.00695007777422,3.58197215398712,0.527405048584525));
#5085=CARTESIAN_POINT('Ctrl Pts',(1.00860723108493,3.56556256810829,0.549249869675424));
#5086=CARTESIAN_POINT('Ctrl Pts',(0.747252675790868,3.53714709651689,0.432457913134531));
#5087=CARTESIAN_POINT('Ctrl Pts',(0.748909829101577,3.55965147433878,0.444834970667079));
#5088=CARTESIAN_POINT('Ctrl Pts',(0.752224135722995,3.59090508321984,0.493678402416032));
#5089=CARTESIAN_POINT('Ctrl Pts',(0.757195595655119,3.55444651260735,0.573194920861479));
#5090=CARTESIAN_POINT('Ctrl Pts',(0.762167055587247,3.46787326880214,0.585308945386484));
#5091=CARTESIAN_POINT('Ctrl Pts',(0.767138515519372,3.41086009266174,0.519129885441231));
#5092=CARTESIAN_POINT('Ctrl Pts',(0.772109975451498,3.43571494819372,0.435338864144092));
#5093=CARTESIAN_POINT('Ctrl Pts',(0.777081435383625,3.51963776908981,0.410968785163459));
#5094=CARTESIAN_POINT('Ctrl Pts',(0.782052895315749,3.58551454215959,0.468380391458064));
#5095=CARTESIAN_POINT('Ctrl Pts',(0.787024355247876,3.5728339253276,0.55484448867496));
#5096=CARTESIAN_POINT('Ctrl Pts',(0.791995815180001,3.49324140310648,0.590922244176699));
#5097=CARTESIAN_POINT('Ctrl Pts',(0.796967275112127,3.4198584462407,0.543473131971521));
#5098=CARTESIAN_POINT('Ctrl Pts',(0.801938735044253,3.42009915473429,0.456085874804417));
#5099=CARTESIAN_POINT('Ctrl Pts',(0.806910194976379,3.49374284362374,0.409041631984466));
#5100=CARTESIAN_POINT('Ctrl Pts',(0.811881654908506,3.57313474827631,0.445558361925837));
#5101=CARTESIAN_POINT('Ctrl Pts',(0.81685311484063,3.58533969181274,0.532089271009686));
#5102=CARTESIAN_POINT('Ctrl Pts',(0.821824574772758,3.51914525743347,0.589140570739821));
#5103=CARTESIAN_POINT('Ctrl Pts',(0.826796034704883,3.43536257999548,0.564300754572674));
#5104=CARTESIAN_POINT('Ctrl Pts',(0.831767494637009,3.41096061943044,0.480389496521378));
#5105=CARTESIAN_POINT('Ctrl Pts',(0.836738954569134,3.46835682985531,0.414493902574317));
#5106=CARTESIAN_POINT('Ctrl Pts',(0.841710414501261,3.55482279883271,0.427150540481582));
#5107=CARTESIAN_POINT('Ctrl Pts',(0.846681874433386,3.59092448522852,0.506732087736656));
#5108=CARTESIAN_POINT('Ctrl Pts',(0.851653334365512,3.54349620562497,0.580129040252994));
#5109=CARTESIAN_POINT('Ctrl Pts',(0.856624794297639,3.45610909042425,0.579913522421609));
#5110=CARTESIAN_POINT('Ctrl Pts',(0.861596254229763,3.40904341515742,0.506283524606593));
#5111=CARTESIAN_POINT('Ctrl Pts',(0.866567714161891,3.44553719477181,0.426881015789301));
#5112=CARTESIAN_POINT('Ctrl Pts',(0.871539174094015,3.53206454063573,0.414651020857919));
#5113=CARTESIAN_POINT('Ctrl Pts',(0.876510634026142,3.58913502485812,0.480828918907189));
#5114=CARTESIAN_POINT('Ctrl Pts',(0.881482093958267,3.56431947412388,0.564618791811696));
#5115=CARTESIAN_POINT('Ctrl Pts',(0.886453553890393,3.48041529112202,0.589045057041332));
#5116=CARTESIAN_POINT('Ctrl Pts',(0.89142501382252,3.41450307208677,0.531667938441044));
#5117=CARTESIAN_POINT('Ctrl Pts',(0.896396473754645,3.42713466272857,0.445198306289525));
#5118=CARTESIAN_POINT('Ctrl Pts',(0.901367933686772,3.50670574840153,0.409073568562211));
#5119=CARTESIAN_POINT('Ctrl Pts',(0.906339393618896,3.58011643700621,0.456480584323839));
#5120=CARTESIAN_POINT('Ctrl Pts',(0.911310853551024,3.57992623330294,0.543867758707065));
#5121=CARTESIAN_POINT('Ctrl Pts',(0.916282313483149,3.50630987265208,0.590954760298132));
#5122=CARTESIAN_POINT('Ctrl Pts',(0.921253773415274,3.42689679547914,0.554483985056872));
#5123=CARTESIAN_POINT('Ctrl Pts',(0.926225233347401,3.41464173625232,0.467960182375088));
#5124=CARTESIAN_POINT('Ctrl Pts',(0.931196693279527,3.48080309863882,0.41087053678977));
#5125=CARTESIAN_POINT('Ctrl Pts',(0.936168153211652,3.56460015810871,0.435661800732721));
#5126=CARTESIAN_POINT('Ctrl Pts',(0.941139613143778,3.58905072448153,0.51955893225492));
#5127=CARTESIAN_POINT('Ctrl Pts',(0.946111073075904,3.53169270812791,0.585487712388888));
#5128=CARTESIAN_POINT('Ctrl Pts',(0.95108253300803,3.44521940729032,0.572881287915654));
#5129=CARTESIAN_POINT('Ctrl Pts',(0.956053992940155,3.40907164807941,0.493320429701337));
#5130=CARTESIAN_POINT('Ctrl Pts',(0.961025452872283,3.45645734068919,0.419896504831321));
#5131=CARTESIAN_POINT('Ctrl Pts',(0.965996912804407,3.54384468061886,0.420060381549103));
#5132=CARTESIAN_POINT('Ctrl Pts',(0.970968372736534,3.59095277118465,0.493665177276131));
#5133=CARTESIAN_POINT('Ctrl Pts',(0.975939832668659,3.55450548238521,0.573084550898601));
#5134=CARTESIAN_POINT('Ctrl Pts',(0.980911292600786,3.46798424710415,0.585373426441864));
#5135=CARTESIAN_POINT('Ctrl Pts',(0.985882752532912,3.41087746155857,0.51921064129655));
#5136=CARTESIAN_POINT('Ctrl Pts',(0.990854212465037,3.43564029411853,0.43544327084444));
#5137=CARTESIAN_POINT('Ctrl Pts',(0.995825672397164,3.51953863643076,0.410892419730716));
#5138=CARTESIAN_POINT('Ctrl Pts',(1.00079713232929,3.58546563374616,0.468387942180442));
#5139=CARTESIAN_POINT('Ctrl Pts',(1.00411143895071,3.57705715694927,0.525761859695819));
#5140=CARTESIAN_POINT('Ctrl Pts',(1.00576859226142,3.56163147916683,0.546296879522121));
#5141=CARTESIAN_POINT('Ctrl Pts',(0.744414036967353,3.53477771414446,0.436766002999463));
#5142=CARTESIAN_POINT('Ctrl Pts',(0.746071190278061,3.55584667759717,0.448353604970476));
#5143=CARTESIAN_POINT('Ctrl Pts',(0.749385496899479,3.5851068130469,0.494081617829496));
#5144=CARTESIAN_POINT('Ctrl Pts',(0.754356956831604,3.55097370801942,0.56852627185518));
#5145=CARTESIAN_POINT('Ctrl Pts',(0.759328416763731,3.46992243327854,0.57986761805913));
#5146=CARTESIAN_POINT('Ctrl Pts',(0.764299876695856,3.41654577323791,0.51790970896444));
#5147=CARTESIAN_POINT('Ctrl Pts',(0.769271336627982,3.43981529203866,0.439463196052738));
#5148=CARTESIAN_POINT('Ctrl Pts',(0.774242796560108,3.51838519787219,0.4166475329206));
#5149=CARTESIAN_POINT('Ctrl Pts',(0.779214256492234,3.58006010109212,0.47039720973263));
#5150=CARTESIAN_POINT('Ctrl Pts',(0.78418571642436,3.56818830198238,0.551346299667585));
#5151=CARTESIAN_POINT('Ctrl Pts',(0.789157176356486,3.49367249198942,0.585122879412996));
#5152=CARTESIAN_POINT('Ctrl Pts',(0.794128636288612,3.42497017777778,0.540700251121445));
#5153=CARTESIAN_POINT('Ctrl Pts',(0.799100096220738,3.42519553297286,0.458886883870946));
#5154=CARTESIAN_POINT('Ctrl Pts',(0.804071556152863,3.49414194873314,0.414843300863295));
#5155=CARTESIAN_POINT('Ctrl Pts',(0.80904301608499,3.56846993730518,0.449030855597595));
#5156=CARTESIAN_POINT('Ctrl Pts',(0.814014476017114,3.57989640336198,0.530042495885825));
#5157=CARTESIAN_POINT('Ctrl Pts',(0.818985935949242,3.51792410047285,0.583454847849389));
#5158=CARTESIAN_POINT('Ctrl Pts',(0.823957395881367,3.43948539921739,0.560199409145877));
#5159=CARTESIAN_POINT('Ctrl Pts',(0.828928855813493,3.41663988802894,0.481640328635149));
#5160=CARTESIAN_POINT('Ctrl Pts',(0.833900315745619,3.47037515097805,0.419947805004711));
#5161=CARTESIAN_POINT('Ctrl Pts',(0.838871775677746,3.55132599328555,0.43179715465627));
#5162=CARTESIAN_POINT('Ctrl Pts',(0.84384323560987,3.58512497752205,0.506302689708048));
#5163=CARTESIAN_POINT('Ctrl Pts',(0.848814695541997,3.54072185304997,0.575018106874695));
#5164=CARTESIAN_POINT('Ctrl Pts',(0.853786155474122,3.4589086187107,0.574816335586069));
#5165=CARTESIAN_POINT('Ctrl Pts',(0.858757615406248,3.41484497029873,0.505882737631686));
#5166=CARTESIAN_POINT('Ctrl Pts',(0.863729075338374,3.44901103856474,0.431544821268686));
#5167=CARTESIAN_POINT('Ctrl Pts',(0.868700535270501,3.53001934290869,0.420094901689684));
#5168=CARTESIAN_POINT('Ctrl Pts',(0.873671995202626,3.583449655705,0.482051722998514));
#5169=CARTESIAN_POINT('Ctrl Pts',(0.878643455134752,3.56021693469328,0.560497160766409));
#5170=CARTESIAN_POINT('Ctrl Pts',(0.883614915066877,3.48166447795856,0.583365426375993));
#5171=CARTESIAN_POINT('Ctrl Pts',(0.888586374999005,3.41995638965096,0.529648037502643));
#5172=CARTESIAN_POINT('Ctrl Pts',(0.893557834931129,3.43178228964642,0.448693765672139));
#5173=CARTESIAN_POINT('Ctrl Pts',(0.898529294863256,3.50627803039538,0.41487320040527));
#5174=CARTESIAN_POINT('Ctrl Pts',(0.903500754795381,3.57500630751068,0.459256417323724));
#5175=CARTESIAN_POINT('Ctrl Pts',(0.908472214727508,3.5748282357193,0.541069707070614));
#5176=CARTESIAN_POINT('Ctrl Pts',(0.913443674659633,3.50590740509913,0.58515332153317));
#5177=CARTESIAN_POINT('Ctrl Pts',(0.918415134591759,3.43155959447021,0.551008790334326));
#5178=CARTESIAN_POINT('Ctrl Pts',(0.923386594523885,3.42008620929136,0.470003803174948));
#5179=CARTESIAN_POINT('Ctrl Pts',(0.928358054456011,3.48202754964456,0.416555551199936));
#5180=CARTESIAN_POINT('Ctrl Pts',(0.933329514388137,3.5604797155915,0.439765534523823));
#5181=CARTESIAN_POINT('Ctrl Pts',(0.938300974320263,3.58337073232541,0.51831138954893));
#5182=CARTESIAN_POINT('Ctrl Pts',(0.943272434252388,3.52967122728516,0.580034982625705));
#5183=CARTESIAN_POINT('Ctrl Pts',(0.948243894184515,3.44871352077126,0.568232643605358));
#5184=CARTESIAN_POINT('Ctrl Pts',(0.953215354116639,3.41487140241813,0.493746477969036));
#5185=CARTESIAN_POINT('Ctrl Pts',(0.958186814048768,3.45923465625603,0.425005808847485));
#5186=CARTESIAN_POINT('Ctrl Pts',(0.963158273980891,3.5410481009902,0.425159232888132));
#5187=CARTESIAN_POINT('Ctrl Pts',(0.968129733913019,3.58515145929287,0.494069236239059));
#5188=CARTESIAN_POINT('Ctrl Pts',(0.973101193845143,3.55102891648172,0.56842294170615));
#5189=CARTESIAN_POINT('Ctrl Pts',(0.97807265377727,3.47002633296453,0.579927986268815));
#5190=CARTESIAN_POINT('Ctrl Pts',(0.983044113709396,3.41656203428078,0.517985313905743));
#5191=CARTESIAN_POINT('Ctrl Pts',(0.988015573641521,3.43974539968286,0.439560943298686));
#5192=CARTESIAN_POINT('Ctrl Pts',(0.992987033573648,3.51829238826924,0.416576038364108));
#5193=CARTESIAN_POINT('Ctrl Pts',(0.997958493505773,3.58001431224235,0.470404278841365));
#5194=CARTESIAN_POINT('Ctrl Pts',(1.00127280012719,3.57214215991143,0.524118670807113));
#5195=CARTESIAN_POINT('Ctrl Pts',(1.0029299534379,3.55770039022538,0.543343889368818));
#5196=CARTESIAN_POINT('Ctrl Pts',(0.741575398143837,3.53240833177203,0.441074092864396));
#5197=CARTESIAN_POINT('Ctrl Pts',(0.743232551454546,3.55204188085556,0.451872239273873));
#5198=CARTESIAN_POINT('Ctrl Pts',(0.746546858075963,3.57930854287396,0.49448483324296));
#5199=CARTESIAN_POINT('Ctrl Pts',(0.751518318008088,3.54750090343149,0.56385762284888));
#5200=CARTESIAN_POINT('Ctrl Pts',(0.756489777940215,3.47197159775495,0.574426290731776));
#5201=CARTESIAN_POINT('Ctrl Pts',(0.761461237872341,3.42223145381408,0.516689532487647));
#5202=CARTESIAN_POINT('Ctrl Pts',(0.766432697804466,3.4439156358836,0.443587527961386));
#5203=CARTESIAN_POINT('Ctrl Pts',(0.771404157736593,3.51713262665457,0.422326280677742));
#5204=CARTESIAN_POINT('Ctrl Pts',(0.776375617668718,3.57460566002464,0.472414028007197));
#5205=CARTESIAN_POINT('Ctrl Pts',(0.781347077600844,3.56354267863717,0.547848110660208));
#5206=CARTESIAN_POINT('Ctrl Pts',(0.786318537532971,3.49410358087236,0.579323514649294));
#5207=CARTESIAN_POINT('Ctrl Pts',(0.791289997465095,3.43008190931485,0.537927370271369));
#5208=CARTESIAN_POINT('Ctrl Pts',(0.796261457397222,3.43029191121143,0.461687892937475));
#5209=CARTESIAN_POINT('Ctrl Pts',(0.801232917329347,3.49454105384254,0.420644969742123));
#5210=CARTESIAN_POINT('Ctrl Pts',(0.806204377261475,3.56380512633404,0.452503349269352));
#5211=CARTESIAN_POINT('Ctrl Pts',(0.811175837193599,3.57445311491122,0.527995720761964));
#5212=CARTESIAN_POINT('Ctrl Pts',(0.816147297125726,3.51670294351223,0.577769124958957));
#5213=CARTESIAN_POINT('Ctrl Pts',(0.821118757057851,3.4436082184393,0.55609806371908));
#5214=CARTESIAN_POINT('Ctrl Pts',(0.826090216989978,3.42231915662743,0.482891160748921));
#5215=CARTESIAN_POINT('Ctrl Pts',(0.831061676922103,3.47239347210079,0.425401707435106));
#5216=CARTESIAN_POINT('Ctrl Pts',(0.83603313685423,3.54782918773838,0.436443768830958));
#5217=CARTESIAN_POINT('Ctrl Pts',(0.841004596786355,3.57932546981558,0.505873291679439));
#5218=CARTESIAN_POINT('Ctrl Pts',(0.845976056718481,3.53794750047497,0.569907173496396));
#5219=CARTESIAN_POINT('Ctrl Pts',(0.850947516650607,3.46170814699716,0.569719148750528));
#5220=CARTESIAN_POINT('Ctrl Pts',(0.855918976582733,3.42064652544004,0.505481950656779));
#5221=CARTESIAN_POINT('Ctrl Pts',(0.860890436514859,3.45248488235767,0.436208626748071));
#5222=CARTESIAN_POINT('Ctrl Pts',(0.865861896446985,3.52797414518165,0.425538782521449));
#5223=CARTESIAN_POINT('Ctrl Pts',(0.87083335637911,3.57776428655189,0.483274527089839));
#5224=CARTESIAN_POINT('Ctrl Pts',(0.875804816311237,3.55611439526267,0.556375529721123));
#5225=CARTESIAN_POINT('Ctrl Pts',(0.880776276243362,3.48291366479511,0.577685795710654));
#5226=CARTESIAN_POINT('Ctrl Pts',(0.885747736175488,3.42540970721516,0.527628136564241));
#5227=CARTESIAN_POINT('Ctrl Pts',(0.890719196107613,3.43642991656428,0.452189225054753));
#5228=CARTESIAN_POINT('Ctrl Pts',(0.89569065603974,3.50585031238922,0.420672832248328));
#5229=CARTESIAN_POINT('Ctrl Pts',(0.900662115971865,3.56989617801515,0.462032250323609));
#5230=CARTESIAN_POINT('Ctrl Pts',(0.905633575903993,3.56973023813565,0.538271655434163));
#5231=CARTESIAN_POINT('Ctrl Pts',(0.910605035836117,3.50550493754619,0.579351882768209));
#5232=CARTESIAN_POINT('Ctrl Pts',(0.915576495768243,3.43622239346126,0.547533595611779));
#5233=CARTESIAN_POINT('Ctrl Pts',(0.92054795570037,3.42553068233041,0.472047423974807));
#5234=CARTESIAN_POINT('Ctrl Pts',(0.925519415632495,3.4832520006503,0.422240565610101));
#5235=CARTESIAN_POINT('Ctrl Pts',(0.930490875564622,3.5563592730743,0.443869268314925));
#5236=CARTESIAN_POINT('Ctrl Pts',(0.935462335496747,3.57769074016929,0.51706384684294));
#5237=CARTESIAN_POINT('Ctrl Pts',(0.940433795428873,3.52764974644241,0.574582252862522));
#5238=CARTESIAN_POINT('Ctrl Pts',(0.945405255360999,3.45220763425221,0.563583999295062));
#5239=CARTESIAN_POINT('Ctrl Pts',(0.950376715293125,3.42067115675685,0.494172526236735));
#5240=CARTESIAN_POINT('Ctrl Pts',(0.955348175225251,3.46201197182289,0.430115112863649));
#5241=CARTESIAN_POINT('Ctrl Pts',(0.960319635157377,3.53825152136153,0.430258084227163));
#5242=CARTESIAN_POINT('Ctrl Pts',(0.965291095089502,3.5793501474011,0.494473295201987));
#5243=CARTESIAN_POINT('Ctrl Pts',(0.970262555021628,3.54755235057823,0.563761332513699));
#5244=CARTESIAN_POINT('Ctrl Pts',(0.975234014953755,3.47206841882492,0.574482546095767));
#5245=CARTESIAN_POINT('Ctrl Pts',(0.98020547488588,3.42224660700299,0.516759986514935));
#5246=CARTESIAN_POINT('Ctrl Pts',(0.985176934818006,3.44385050524719,0.443678615752933));
#5247=CARTESIAN_POINT('Ctrl Pts',(0.990148394750132,3.51704614010771,0.4222596569975));
#5248=CARTESIAN_POINT('Ctrl Pts',(0.995119854682257,3.57456299073854,0.472420615502288));
#5249=CARTESIAN_POINT('Ctrl Pts',(0.998434161303675,3.56722716287358,0.522475481918406));
#5250=CARTESIAN_POINT('Ctrl Pts',(1.00009131461438,3.55376930128393,0.540390899215516));
#5251=CARTESIAN_POINT('Ctrl Pts',(1.00009131461438,3.55376930128393,0.540390899215516));
#5252=CARTESIAN_POINT('Ctrl Pts',(1.00009131461438,3.55698444629122,0.537086207834118));
#5253=CARTESIAN_POINT('Ctrl Pts',(1.00009131461438,3.55981248785176,0.533444866655653));
#5254=CARTESIAN_POINT('Ctrl Pts',(1.00009131461438,3.56225383377615,0.529547159558315));
#5255=CARTESIAN_POINT('Ctrl Pts',(1.00009131461438,3.56418755926337,0.526459888934122));
#5256=CARTESIAN_POINT('Ctrl Pts',(1.00009131461438,3.56587991034822,0.523205969655259));
#5257=CARTESIAN_POINT('Ctrl Pts',(1.00009131461438,3.56731469524868,0.519848443127206));
#5258=CARTESIAN_POINT('Ctrl Pts',(1.00009131461438,3.56913004267902,0.515600365834903));
#5259=CARTESIAN_POINT('Ctrl Pts',(1.00009131461438,3.57053881581674,0.511180605310121));
#5260=CARTESIAN_POINT('Ctrl Pts',(1.00009131461438,3.57153232252202,0.506656545724404));
#5261=CARTESIAN_POINT('Ctrl Pts',(1.00009131461438,3.57207885252949,0.50416785158068));
#5262=CARTESIAN_POINT('Ctrl Pts',(1.00009131461438,3.57249756404752,0.50165528167974));
#5263=CARTESIAN_POINT('Ctrl Pts',(1.00009131461438,3.57278737457868,0.499134607601333));
#5264=CARTESIAN_POINT('Ctrl Pts',(1.00009131461438,3.57333516171161,0.494370140206296));
#5265=CARTESIAN_POINT('Ctrl Pts',(1.00009131461438,3.57342456042928,0.489572158025341));
#5266=CARTESIAN_POINT('Ctrl Pts',(1.00009131461438,3.57304283667428,0.48481082326595));
#5267=CARTESIAN_POINT('Ctrl Pts',(1.00009131461438,3.57286314249301,0.482569453321945));
#5268=CARTESIAN_POINT('Ctrl Pts',(1.00009131461438,3.57257880911313,0.480336100528499));
#5269=CARTESIAN_POINT('Ctrl Pts',(1.00009131461438,3.57218711280472,0.478117833728951));
#5270=CARTESIAN_POINT('Ctrl Pts',(1.00009131461438,3.57191758636452,0.476591443152755));
#5271=CARTESIAN_POINT('Ctrl Pts',(1.00009131461438,3.57159778292642,0.475075722599971));
#5272=CARTESIAN_POINT('Ctrl Pts',(1.00009131461438,3.57122783107039,0.473574683685187));
#5273=CARTESIAN_POINT('Ctrl Pts',(1.00009131461438,3.57007267042163,0.468887746565253));
#5274=CARTESIAN_POINT('Ctrl Pts',(1.00009131461438,3.56842922885961,0.464338647492037));
#5275=CARTESIAN_POINT('Ctrl Pts',(1.00009131461438,3.56636143315352,0.459968793631437));
#5276=CARTESIAN_POINT('Ctrl Pts',(1.00009131461438,3.56516993487622,0.457450811157816));
#5277=CARTESIAN_POINT('Ctrl Pts',(1.00009131461438,3.56383715099385,0.454992313218358));
#5278=CARTESIAN_POINT('Ctrl Pts',(1.00009131461438,3.56237252349414,0.45260157823456));
#5279=CARTESIAN_POINT('Ctrl Pts',(1.00009131461438,3.5610994603588,0.450523536838478));
#5280=CARTESIAN_POINT('Ctrl Pts',(1.00009131461438,3.55972618541636,0.448496661704773));
#5281=CARTESIAN_POINT('Ctrl Pts',(1.00009131461438,3.55826832878477,0.446538734139307));
#5282=CARTESIAN_POINT('Ctrl Pts',(1.00009131461438,3.55427420649558,0.441174556372877));
#5283=CARTESIAN_POINT('Ctrl Pts',(1.00009131461438,3.54963515820289,0.436302498606482));
#5284=CARTESIAN_POINT('Ctrl Pts',(1.00009131461438,3.54448044282836,0.432029892703373));
#5285=CARTESIAN_POINT('Ctrl Pts',(1.00009131461438,3.54284843859082,0.430677167978034));
#5286=CARTESIAN_POINT('Ctrl Pts',(1.00009131461438,3.54116438287206,0.429384693981275));
#5287=CARTESIAN_POINT('Ctrl Pts',(1.00009131461438,3.53943148545405,0.428156488739615));
#5288=CARTESIAN_POINT('Ctrl Pts',(0.778137020620381,3.56717822889886,0.499951931786693));
#5289=CARTESIAN_POINT('Ctrl Pts',(0.779207039613869,3.56708357021481,0.514456708116392));
#5290=CARTESIAN_POINT('Ctrl Pts',(0.780277058607356,3.56247665165942,0.529016474306933));
#5291=CARTESIAN_POINT('Ctrl Pts',(0.781347077600844,3.55381332590761,0.54052166421622));
#5292=CARTESIAN_POINT('Ctrl Pts',(0.783004230911553,3.54039631271556,0.558339911989903));
#5293=CARTESIAN_POINT('Ctrl Pts',(0.784661384222262,3.51724994679396,0.568831713319598));
#5294=CARTESIAN_POINT('Ctrl Pts',(0.78631853753297,3.49500648524024,0.567178256588125));
#5295=CARTESIAN_POINT('Ctrl Pts',(0.787975690843679,3.47276302368652,0.565524799856651));
#5296=CARTESIAN_POINT('Ctrl Pts',(0.789632844154387,3.45142246650069,0.55172608506401));
#5297=CARTESIAN_POINT('Ctrl Pts',(0.791289997465095,3.44078718822387,0.532120148112041));
#5298=CARTESIAN_POINT('Ctrl Pts',(0.792947150775804,3.43015190994705,0.512514211160071));
#5299=CARTESIAN_POINT('Ctrl Pts',(0.794604304086513,3.43022191057924,0.487101052048774));
#5300=CARTESIAN_POINT('Ctrl Pts',(0.796261457397222,3.44096510133386,0.467553985293899));
#5301=CARTESIAN_POINT('Ctrl Pts',(0.79791861070793,3.45170829208847,0.448006918539025));
#5302=CARTESIAN_POINT('Ctrl Pts',(0.799575764018639,3.47312467296551,0.434325944140574));
#5303=CARTESIAN_POINT('Ctrl Pts',(0.801232917329347,3.49537687548594,0.432795186862554));
#5304=CARTESIAN_POINT('Ctrl Pts',(0.802890070640056,3.51762907800638,0.431264429584533));
#5305=CARTESIAN_POINT('Ctrl Pts',(0.804547223950765,3.54071710217021,0.441883889426943));
#5306=CARTESIAN_POINT('Ctrl Pts',(0.806204377261474,3.55403577901499,0.459775681263583));
#5307=CARTESIAN_POINT('Ctrl Pts',(0.80726525838111,3.56256216743774,0.471229699448437));
#5308=CARTESIAN_POINT('Ctrl Pts',(0.808326139500746,3.567084744449,0.485664167081526));
#5309=CARTESIAN_POINT('Ctrl Pts',(0.809387020620381,3.56717575821526,0.500046409371123));
#5310=CARTESIAN_POINT('Ctrl Pts',(0.750091314614384,3.53951647888932,0.428149823269598));
#5311=CARTESIAN_POINT('Ctrl Pts',(0.750091314614384,3.54488654404292,0.431883133576076));
#5312=CARTESIAN_POINT('Ctrl Pts',(0.750091314614384,3.54973433993857,0.436283577778312));
#5313=CARTESIAN_POINT('Ctrl Pts',(0.750091314614384,3.55399848891125,0.441212057231343));
#5314=CARTESIAN_POINT('Ctrl Pts',(0.750091314614384,3.55646998716852,0.444068601047522));
#5315=CARTESIAN_POINT('Ctrl Pts',(0.750091314614384,3.55874472686723,0.447103205205262));
#5316=CARTESIAN_POINT('Ctrl Pts',(0.750091314614384,3.56080398471361,0.450291514153391));
#5317=CARTESIAN_POINT('Ctrl Pts',(0.750091314614384,3.5621079029337,0.452310345421203));
#5318=CARTESIAN_POINT('Ctrl Pts',(0.750091314614384,3.56332014945426,0.454382900238107));
#5319=CARTESIAN_POINT('Ctrl Pts',(0.750091314614384,3.56443643854277,0.456500457963876));
#5320=CARTESIAN_POINT('Ctrl Pts',(0.750091314614384,3.56629785534726,0.460031494481047));
#5321=CARTESIAN_POINT('Ctrl Pts',(0.750091314614384,3.56789394594739,0.463689311709559));
#5322=CARTESIAN_POINT('Ctrl Pts',(0.750091314614384,3.56920437820917,0.46744332361384));
#5323=CARTESIAN_POINT('Ctrl Pts',(0.750091314614384,3.57012672417821,0.470085579798041));
#5324=CARTESIAN_POINT('Ctrl Pts',(0.750091314614384,3.57090740448496,0.472775540510051));
#5325=CARTESIAN_POINT('Ctrl Pts',(0.750091314614384,3.57153691899315,0.475502391458366));
#5326=CARTESIAN_POINT('Ctrl Pts',(0.750091314614384,3.57206961469297,0.477809854996307));
#5327=CARTESIAN_POINT('Ctrl Pts',(0.750091314614384,3.57249364640524,0.480144170025306));
#5328=CARTESIAN_POINT('Ctrl Pts',(0.750091314614384,3.57280145414136,0.482483719482104));
#5329=CARTESIAN_POINT('Ctrl Pts',(0.750091314614384,3.57334715502915,0.486631419704597));
#5330=CARTESIAN_POINT('Ctrl Pts',(0.750091314614384,3.57353130914184,0.490807127238906));
#5331=CARTESIAN_POINT('Ctrl Pts',(0.750091314614384,3.57332436075473,0.494973322893716));
#5332=CARTESIAN_POINT('Ctrl Pts',(0.750091314614384,3.5731700551344,0.498079737077042));
#5333=CARTESIAN_POINT('Ctrl Pts',(0.750091314614384,3.57279797942484,0.501180889869309));
#5334=CARTESIAN_POINT('Ctrl Pts',(0.750091314614384,3.57221649950205,0.504257144099028));
#5335=CARTESIAN_POINT('Ctrl Pts',(0.750091314614384,3.57176307468041,0.506655937197075));
#5336=CARTESIAN_POINT('Ctrl Pts',(0.750091314614384,3.57118218958522,0.509037837266524));
#5337=CARTESIAN_POINT('Ctrl Pts',(0.750091314614384,3.5704817122487,0.511382047592124));
#5338=CARTESIAN_POINT('Ctrl Pts',(0.750091314614384,3.56924325093234,0.51552666962954));
#5339=CARTESIAN_POINT('Ctrl Pts',(0.750091314614384,3.56762973676004,0.519564317813809));
#5340=CARTESIAN_POINT('Ctrl Pts',(0.750091314614384,3.5656649543064,0.523439969888791));
#5341=CARTESIAN_POINT('Ctrl Pts',(0.750091314614384,3.56458865296655,0.525563039296981));
#5342=CARTESIAN_POINT('Ctrl Pts',(0.750091314614384,3.56340766260945,0.527634985212983));
#5343=CARTESIAN_POINT('Ctrl Pts',(0.750091314614384,3.5621305855261,0.529639226795691));
#5344=CARTESIAN_POINT('Ctrl Pts',(0.750091314614384,3.55967270874438,0.533496612473764));
#5345=CARTESIAN_POINT('Ctrl Pts',(0.750091314614384,3.55685525241685,0.537112857463836));
#5346=CARTESIAN_POINT('Ctrl Pts',(0.750091314614384,3.553703512645,0.540414574563534));
#5347=CARTESIAN_POINT('Origin',(0.875091314614384,3.5,0.5));
#5348=CARTESIAN_POINT('Origin',(1.00009131461438,3.5,0.5));
#5349=CARTESIAN_POINT('Origin',(0.68227969213784,3.,0.5));
#5350=CARTESIAN_POINT('Ctrl Pts',(0.760404692137839,3.08201959549211,0.500074576656832));
#5351=CARTESIAN_POINT('Ctrl Pts',(0.76075687404934,3.08207340270671,0.505875050380536));
#5352=CARTESIAN_POINT('Ctrl Pts',(0.762766209271549,3.07886072353887,0.538910635931139));
#5353=CARTESIAN_POINT('Ctrl Pts',(0.766432697804467,3.03405762751679,0.590818736884081));
#5354=CARTESIAN_POINT('Ctrl Pts',(0.771404157736592,2.94201819705952,0.57774578451606));
#5355=CARTESIAN_POINT('Ctrl Pts',(0.776375617668719,2.90324623252407,0.493261200320423));
#5356=CARTESIAN_POINT('Ctrl Pts',(0.781347077600844,2.95335891158717,0.414961793667625));
#5357=CARTESIAN_POINT('Ctrl Pts',(0.786318537532971,3.04631980931544,0.414787514346572));
#5358=CARTESIAN_POINT('Ctrl Pts',(0.789754409045302,3.08115772134496,0.468768682061425));
#5359=CARTESIAN_POINT('Ctrl Pts',(0.791533127246925,3.08213019074874,0.497967778050905));
#5360=CARTESIAN_POINT('Ctrl Pts',(0.79165469213784,3.08211927867487,0.499964103498057));
#5361=CARTESIAN_POINT('Ctrl Pts',(0.755402937090929,3.08210181674248,0.499953612684856));
#5362=CARTESIAN_POINT('Ctrl Pts',(0.756946702886831,3.08196511466669,0.52527235650566));
#5363=CARTESIAN_POINT('Ctrl Pts',(0.760147621993441,3.05581825767357,0.57815821894277));
#5364=CARTESIAN_POINT('Ctrl Pts',(0.765005694410762,2.96582437236298,0.590749345005892));
#5365=CARTESIAN_POINT('Ctrl Pts',(0.769977154342887,2.90517468061147,0.520350347659837));
#5366=CARTESIAN_POINT('Ctrl Pts',(0.774948614275013,2.93161483831208,0.431214562634882));
#5367=CARTESIAN_POINT('Ctrl Pts',(0.779920074207139,3.02089027442771,0.405290458943841));
#5368=CARTESIAN_POINT('Ctrl Pts',(0.783821515145778,3.07588553814551,0.453218704625131));
#5369=CARTESIAN_POINT('Ctrl Pts',(0.786065802773708,3.08197554719316,0.49023678072731));
#5370=CARTESIAN_POINT('Ctrl Pts',(0.786652937090929,3.08191221523239,0.499941372904381));
#5371=CARTESIAN_POINT('Ctrl Pts',(0.750091314614384,2.94623069871607,0.54039089921552));
#5372=CARTESIAN_POINT('Ctrl Pts',(0.751748467925093,2.93277283712642,0.522475481918412));
#5373=CARTESIAN_POINT('Ctrl Pts',(0.75506277454651,2.92543502079507,0.472422506450911));
#5374=CARTESIAN_POINT('Ctrl Pts',(0.760034234478636,2.98295460691211,0.422259261570454));
#5375=CARTESIAN_POINT('Ctrl Pts',(0.765005694410762,3.0561489547119,0.443679250444653));
#5376=CARTESIAN_POINT('Ctrl Pts',(0.769977154342887,3.07775328373739,0.516759666309155));
#5377=CARTESIAN_POINT('Ctrl Pts',(0.774948614275014,3.02793140793298,0.574482439700665));
#5378=CARTESIAN_POINT('Ctrl Pts',(0.779920074207139,2.95244785063723,0.563761024496403));
#5379=CARTESIAN_POINT('Ctrl Pts',(0.784891534139266,2.92065011142979,0.494473362457908));
#5380=CARTESIAN_POINT('Ctrl Pts',(0.789862994071391,2.96174861956387,0.430258300294485));
#5381=CARTESIAN_POINT('Ctrl Pts',(0.794834454003517,3.0379878923959,0.430115369997646));
#5382=CARTESIAN_POINT('Ctrl Pts',(0.799805913935643,3.07932856929859,0.494172538849761));
#5383=CARTESIAN_POINT('Ctrl Pts',(0.804777373867769,3.0477921988191,0.56358378237319));
#5384=CARTESIAN_POINT('Ctrl Pts',(0.809748833799895,2.97235035004101,0.574581991504524));
#5385=CARTESIAN_POINT('Ctrl Pts',(0.814720293732021,2.92230952966411,0.517063788665794));
#5386=CARTESIAN_POINT('Ctrl Pts',(0.819691753664147,2.94364092288648,0.443869462807403));
#5387=CARTESIAN_POINT('Ctrl Pts',(0.824663213596272,3.01674794110288,0.42224083616991));
#5388=CARTESIAN_POINT('Ctrl Pts',(0.829634673528399,3.07446905886975,0.472047520964742));
#5389=CARTESIAN_POINT('Ctrl Pts',(0.834606133460524,3.06377738487135,0.547533430491102));
#5390=CARTESIAN_POINT('Ctrl Pts',(0.839577593392649,2.9944950815901,0.579351606938463));
#5391=CARTESIAN_POINT('Ctrl Pts',(0.844549053324777,2.93027000420992,0.538271522442868));
#5392=CARTESIAN_POINT('Ctrl Pts',(0.849520513256901,2.93010406490973,0.462032382269313));
#5393=CARTESIAN_POINT('Ctrl Pts',(0.854491973189028,2.99414970794315,0.420673107955493));
#5394=CARTESIAN_POINT('Ctrl Pts',(0.859463433121154,3.06356986249815,0.452189391218124));
#5395=CARTESIAN_POINT('Ctrl Pts',(0.864434893053279,3.07459003354632,0.527628040544147));
#5396=CARTESIAN_POINT('Ctrl Pts',(0.869406352985406,3.01708627582138,0.577685525713071));
#5397=CARTESIAN_POINT('Ctrl Pts',(0.874377812917531,2.94388579976286,0.556375333788347));
#5398=CARTESIAN_POINT('Ctrl Pts',(0.879349272849658,2.92223598371771,0.483274585219189));
#5399=CARTESIAN_POINT('Ctrl Pts',(0.884320732781782,2.97202595204257,0.425539041311051));
#5400=CARTESIAN_POINT('Ctrl Pts',(0.88929219271391,3.04751495250332,0.436208848455546));
#5401=CARTESIAN_POINT('Ctrl Pts',(0.894263652646035,3.07935319876761,0.5054819316029));
#5402=CARTESIAN_POINT('Ctrl Pts',(0.899235112578161,3.03829171991852,0.569718906444436));
#5403=CARTESIAN_POINT('Ctrl Pts',(0.904206572510287,2.96205263141353,0.569906930528765));
#5404=CARTESIAN_POINT('Ctrl Pts',(0.909178032442412,2.92067480587612,0.50587327127734));
#5405=CARTESIAN_POINT('Ctrl Pts',(0.91414949237454,2.95217097849922,0.436443989699967));
#5406=CARTESIAN_POINT('Ctrl Pts',(0.919120952306663,3.02760643193885,0.425401966741599));
#5407=CARTESIAN_POINT('Ctrl Pts',(0.924092412238791,3.07768057341908,0.482891220132207));
#5408=CARTESIAN_POINT('Ctrl Pts',(0.929063872170915,3.05639158552226,0.556097868902922));
#5409=CARTESIAN_POINT('Ctrl Pts',(0.934035332103043,2.98329711462936,0.577768854376515));
#5410=CARTESIAN_POINT('Ctrl Pts',(0.939006792035167,2.92554714368475,0.527995624035158));
#5411=CARTESIAN_POINT('Ctrl Pts',(0.943978251967294,2.93619509571975,0.452503513241167));
#5412=CARTESIAN_POINT('Ctrl Pts',(0.94894971189942,3.00545892665453,0.42064524765702));
#5413=CARTESIAN_POINT('Ctrl Pts',(0.953921171831546,3.06970784743584,0.461688022046533));
#5414=CARTESIAN_POINT('Ctrl Pts',(0.958892631763672,3.06991784615053,0.537927246144296));
#5415=CARTESIAN_POINT('Ctrl Pts',(0.963864091695797,3.00589640107112,0.57932322442801));
#5416=CARTESIAN_POINT('Ctrl Pts',(0.968835551627923,2.93645753866034,0.547847971639158));
#5417=CARTESIAN_POINT('Ctrl Pts',(0.97380701156005,2.92539460357003,0.472414073114114));
#5418=CARTESIAN_POINT('Ctrl Pts',(0.978778471492175,2.9828674301299,0.422326644185436));
#5419=CARTESIAN_POINT('Ctrl Pts',(0.983749931424302,3.05608416245043,0.443587553721588));
#5420=CARTESIAN_POINT('Ctrl Pts',(0.988721391356426,3.07776831493868,0.516689779457503));
#5421=CARTESIAN_POINT('Ctrl Pts',(0.993692851288555,3.02802817090533,0.574425490132194));
#5422=CARTESIAN_POINT('Ctrl Pts',(0.998664311220678,2.95249961495566,0.563858290438527));
#5423=CARTESIAN_POINT('Ctrl Pts',(1.00363577115281,2.920690421938,0.494482291969474));
#5424=CARTESIAN_POINT('Ctrl Pts',(1.00695007777422,2.94795811914443,0.451872239273878));
#5425=CARTESIAN_POINT('Ctrl Pts',(1.00860723108493,2.96759166822796,0.441074092864399));
#5426=CARTESIAN_POINT('Ctrl Pts',(0.747252675790868,2.94229960977462,0.543343889368823));
#5427=CARTESIAN_POINT('Ctrl Pts',(0.748909829101577,2.92785784008857,0.524118670807119));
#5428=CARTESIAN_POINT('Ctrl Pts',(0.752224135722995,2.91998355391392,0.470406308037781));
#5429=CARTESIAN_POINT('Ctrl Pts',(0.75719559565512,2.98170841336541,0.416575614027278));
#5430=CARTESIAN_POINT('Ctrl Pts',(0.762167055587246,3.06025402079369,0.439561624392899));
#5431=CARTESIAN_POINT('Ctrl Pts',(0.767138515519372,3.0834378484716,0.517984970289626));
#5432=CARTESIAN_POINT('Ctrl Pts',(0.772109975451498,3.02997348112758,0.579927872095137));
#5433=CARTESIAN_POINT('Ctrl Pts',(0.777081435383623,2.94897129944466,0.568422611169622));
#5434=CARTESIAN_POINT('Ctrl Pts',(0.78205289531575,2.91484881846122,0.49406930841208));
#5435=CARTESIAN_POINT('Ctrl Pts',(0.787024355247875,2.9589520502383,0.425159464752198));
#5436=CARTESIAN_POINT('Ctrl Pts',(0.791995815180002,3.04076519803575,0.425006084780621));
#5437=CARTESIAN_POINT('Ctrl Pts',(0.796967275112127,3.08512830360915,0.493746491504205));
#5438=CARTESIAN_POINT('Ctrl Pts',(0.801938735044254,3.05128630009583,0.568232410824265));
#5439=CARTESIAN_POINT('Ctrl Pts',(0.806910194976379,2.97032887625219,0.580034702159749));
#5440=CARTESIAN_POINT('Ctrl Pts',(0.811881654908506,2.91662955723558,0.518311327118436));
#5441=CARTESIAN_POINT('Ctrl Pts',(0.81685311484063,2.93952049469602,0.439765743235701));
#5442=CARTESIAN_POINT('Ctrl Pts',(0.821824574772758,3.01797238785018,0.416555841540449));
#5443=CARTESIAN_POINT('Ctrl Pts',(0.826796034704883,3.07991351298786,0.470003907255845));
#5444=CARTESIAN_POINT('Ctrl Pts',(0.831767494637009,3.06844016765625,0.551008613141628));
#5445=CARTESIAN_POINT('Ctrl Pts',(0.836738954569134,2.99409261543621,0.585153025537434));
#5446=CARTESIAN_POINT('Ctrl Pts',(0.841710414501261,2.92517202434423,0.541069564356286));
#5447=CARTESIAN_POINT('Ctrl Pts',(0.846681874433387,2.9249939531745,0.459256558916016));
#5448=CARTESIAN_POINT('Ctrl Pts',(0.851653334365512,2.9937219914235,0.414873496269463));
#5449=CARTESIAN_POINT('Ctrl Pts',(0.856624794297638,3.06821747326319,0.448693943983762));
#5450=CARTESIAN_POINT('Ctrl Pts',(0.861596254229764,3.08004333215751,0.529647934462492));
#5451=CARTESIAN_POINT('Ctrl Pts',(0.86656771416189,3.01833545831638,0.583365136638809));
#5452=CARTESIAN_POINT('Ctrl Pts',(0.871539174094016,2.93978327459062,0.560496950508933));
#5453=CARTESIAN_POINT('Ctrl Pts',(0.876510634026142,2.91655063432408,0.482051785377717));
#5454=CARTESIAN_POINT('Ctrl Pts',(0.881482093958267,2.96998076142363,0.420095179399467));
#5455=CARTESIAN_POINT('Ctrl Pts',(0.886453553890394,3.0509887842229,0.431545059185258));
#5456=CARTESIAN_POINT('Ctrl Pts',(0.89142501382252,3.08515473374566,0.505882717184773));
#5457=CARTESIAN_POINT('Ctrl Pts',(0.896396473754645,3.04109123847515,0.574816075564909));
#5458=CARTESIAN_POINT('Ctrl Pts',(0.901367933686771,2.95927828848094,0.575017846143631));
#5459=CARTESIAN_POINT('Ctrl Pts',(0.906339393618897,2.91487531832556,0.506302667814345));
#5460=CARTESIAN_POINT('Ctrl Pts',(0.911310853551024,2.94867418510574,0.431797391673075));
#5461=CARTESIAN_POINT('Ctrl Pts',(0.916282313483148,3.0296247460459,0.419948083269175));
#5462=CARTESIAN_POINT('Ctrl Pts',(0.921253773415275,3.08335982228119,0.481640392359964));
#5463=CARTESIAN_POINT('Ctrl Pts',(0.9262252333474,3.06051439041174,0.560199200086655));
#5464=CARTESIAN_POINT('Ctrl Pts',(0.931196693279527,2.98207596191949,0.583454557484587));
#5465=CARTESIAN_POINT('Ctrl Pts',(0.936168153211653,2.92010387414002,0.530042392087294));
#5466=CARTESIAN_POINT('Ctrl Pts',(0.941139613143778,2.93153030098303,0.449031031557437));
#5467=CARTESIAN_POINT('Ctrl Pts',(0.946111073075905,3.00585803033807,0.414843599096629));
#5468=CARTESIAN_POINT('Ctrl Pts',(0.951082533008029,3.07480420802904,0.458887022419204));
#5469=CARTESIAN_POINT('Ctrl Pts',(0.956053992940156,3.07502955980962,0.540700117919406));
#5470=CARTESIAN_POINT('Ctrl Pts',(0.961025452872282,3.00632748863394,0.585122567973552));
#5471=CARTESIAN_POINT('Ctrl Pts',(0.965996912804408,2.9318119312018,0.551346150482665));
#5472=CARTESIAN_POINT('Ctrl Pts',(0.970968372736533,2.91994018177404,0.470397258137326));
#5473=CARTESIAN_POINT('Ctrl Pts',(0.97593983266866,2.9816148630638,0.416647923004446));
#5474=CARTESIAN_POINT('Ctrl Pts',(0.980911292600784,3.06018449155152,0.439463223696277));
#5475=CARTESIAN_POINT('Ctrl Pts',(0.985882752532913,3.0834539786083,0.517909973990332));
#5476=CARTESIAN_POINT('Ctrl Pts',(0.990854212465037,3.03007731846842,0.579866758927484));
#5477=CARTESIAN_POINT('Ctrl Pts',(0.995825672397163,2.94902684826716,0.568526988252496));
#5478=CARTESIAN_POINT('Ctrl Pts',(1.00079713232929,2.91489207608217,0.494078890762781));
#5479=CARTESIAN_POINT('Ctrl Pts',(1.00411143895071,2.94415332240282,0.448353604970481));
#5480=CARTESIAN_POINT('Ctrl Pts',(1.00576859226142,2.96522228585553,0.436766002999467));
#5481=CARTESIAN_POINT('Ctrl Pts',(0.744414036967353,2.93836852083317,0.546296879522126));
#5482=CARTESIAN_POINT('Ctrl Pts',(0.746071190278061,2.92294284305073,0.525761859695825));
#5483=CARTESIAN_POINT('Ctrl Pts',(0.74938549689948,2.91453208703276,0.46839010962465));
#5484=CARTESIAN_POINT('Ctrl Pts',(0.754356956831604,2.98046221981872,0.410891966484102));
#5485=CARTESIAN_POINT('Ctrl Pts',(0.759328416763731,3.06435908687548,0.435443998341145));
#5486=CARTESIAN_POINT('Ctrl Pts',(0.764299876695856,3.08912241320581,0.519210274270097));
#5487=CARTESIAN_POINT('Ctrl Pts',(0.769271336627982,3.03201555432219,0.585373304489609));
#5488=CARTESIAN_POINT('Ctrl Pts',(0.774242796560108,2.94549474825209,0.573084197842841));
#5489=CARTESIAN_POINT('Ctrl Pts',(0.779214256492234,2.90904752549264,0.493665254366252));
#5490=CARTESIAN_POINT('Ctrl Pts',(0.78418571642436,2.95615548091274,0.420060629209911));
#5491=CARTESIAN_POINT('Ctrl Pts',(0.789157176356486,3.04354250367559,0.419896799563597));
#5492=CARTESIAN_POINT('Ctrl Pts',(0.794128636288612,3.0909280379197,0.493320444158647));
#5493=CARTESIAN_POINT('Ctrl Pts',(0.799100096220738,3.05478040137257,0.572881039275342));
#5494=CARTESIAN_POINT('Ctrl Pts',(0.804071556152863,2.96830740246337,0.585487412814974));
#5495=CARTESIAN_POINT('Ctrl Pts',(0.809043016084989,2.91094958480706,0.519558865571077));
#5496=CARTESIAN_POINT('Ctrl Pts',(0.814014476017116,2.93540006650557,0.435662023664));
#5497=CARTESIAN_POINT('Ctrl Pts',(0.818985935949241,3.01919683459748,0.410870846910988));
#5498=CARTESIAN_POINT('Ctrl Pts',(0.823957395881367,3.08535796710598,0.467960293546948));
#5499=CARTESIAN_POINT('Ctrl Pts',(0.828928855813493,3.07310295044114,0.554483795792155));
#5500=CARTESIAN_POINT('Ctrl Pts',(0.833900315745618,2.99369014928233,0.590954444136404));
#5501=CARTESIAN_POINT('Ctrl Pts',(0.838871775677746,2.92007404447853,0.543867606269706));
#5502=CARTESIAN_POINT('Ctrl Pts',(0.843843235609871,2.91988384143928,0.456480735562719));
#5503=CARTESIAN_POINT('Ctrl Pts',(0.848814695541996,2.99329427490386,0.409073884583434));
#5504=CARTESIAN_POINT('Ctrl Pts',(0.853786155474123,3.07286508402824,0.445198496749399));
#5505=CARTESIAN_POINT('Ctrl Pts',(0.858757615406248,3.0854966307687,0.531667828380837));
#5506=CARTESIAN_POINT('Ctrl Pts',(0.863729075338375,3.01958464081138,0.589044747564548));
#5507=CARTESIAN_POINT('Ctrl Pts',(0.8687005352705,2.93568074941839,0.564618567229518));
#5508=CARTESIAN_POINT('Ctrl Pts',(0.873671995202626,2.91086528493046,0.480828985536245));
#5509=CARTESIAN_POINT('Ctrl Pts',(0.878643455134752,2.96793557080469,0.414651317487883));
#5510=CARTESIAN_POINT('Ctrl Pts',(0.883614915066878,3.05446261594247,0.426881269914969));
#5511=CARTESIAN_POINT('Ctrl Pts',(0.888586374999003,3.09095626872372,0.506283502766645));
#5512=CARTESIAN_POINT('Ctrl Pts',(0.89355783493113,3.04389075703177,0.579913244685381));
#5513=CARTESIAN_POINT('Ctrl Pts',(0.898529294863255,2.95650394554834,0.580128761758498));
#5514=CARTESIAN_POINT('Ctrl Pts',(0.903500754795382,2.90907583077499,0.50673206435135));
#5515=CARTESIAN_POINT('Ctrl Pts',(0.908472214727507,2.94517739171225,0.427150793646183));
#5516=CARTESIAN_POINT('Ctrl Pts',(0.913443674659633,3.03164306015296,0.414494199796752));
#5517=CARTESIAN_POINT('Ctrl Pts',(0.918415134591758,3.0890390711433,0.480389564587722));
#5518=CARTESIAN_POINT('Ctrl Pts',(0.923386594523885,3.06463719530122,0.564300531270388));
#5519=CARTESIAN_POINT('Ctrl Pts',(0.928358054456011,2.98085480920961,0.589140260592659));
#5520=CARTESIAN_POINT('Ctrl Pts',(0.933329514388137,2.91466060459528,0.532089160139431));
#5521=CARTESIAN_POINT('Ctrl Pts',(0.938300974320263,2.92686550624631,0.445558549873705));
#5522=CARTESIAN_POINT('Ctrl Pts',(0.943272434252388,3.00625713402161,0.409041950536238));
#5523=CARTESIAN_POINT('Ctrl Pts',(0.948243894184514,3.07990056862224,0.456086022791875));
#5524=CARTESIAN_POINT('Ctrl Pts',(0.953215354116641,3.08014127346871,0.543472989694515));
#5525=CARTESIAN_POINT('Ctrl Pts',(0.958186814048765,3.00675857619676,0.590921911519094));
#5526=CARTESIAN_POINT('Ctrl Pts',(0.963158273980893,2.92716632374327,0.554844329326172));
#5527=CARTESIAN_POINT('Ctrl Pts',(0.968129733913017,2.91448575997804,0.468380443160539));
#5528=CARTESIAN_POINT('Ctrl Pts',(0.973101193845145,2.98036229599771,0.410969201823456));
#5529=CARTESIAN_POINT('Ctrl Pts',(0.978072653777269,3.0642848206526,0.435338893670966));
#5530=CARTESIAN_POINT('Ctrl Pts',(0.983044113709397,3.08913964227791,0.51913016852316));
#5531=CARTESIAN_POINT('Ctrl Pts',(0.988015573641521,3.03212646603151,0.585308027722775));
#5532=CARTESIAN_POINT('Ctrl Pts',(0.992987033573647,2.94555408157867,0.573195686066465));
#5533=CARTESIAN_POINT('Ctrl Pts',(0.997958493505774,2.90909373022634,0.493675489556089));
#5534=CARTESIAN_POINT('Ctrl Pts',(1.00127280012719,2.94034852566122,0.444834970667085));
#5535=CARTESIAN_POINT('Ctrl Pts',(1.0029299534379,2.9628529034831,0.432457913134535));
#5536=CARTESIAN_POINT('Ctrl Pts',(0.741575398143837,2.93443743189172,0.54924986967543));
#5537=CARTESIAN_POINT('Ctrl Pts',(0.743232551454546,2.91802784601288,0.527405048584532));
#5538=CARTESIAN_POINT('Ctrl Pts',(0.746546858075963,2.90908062015161,0.46637391121152));
#5539=CARTESIAN_POINT('Ctrl Pts',(0.751518318008089,2.97921602627202,0.405208318940926));
#5540=CARTESIAN_POINT('Ctrl Pts',(0.756489777940215,3.06846415295726,0.431326372289391));
#5541=CARTESIAN_POINT('Ctrl Pts',(0.761461237872341,3.09480697794001,0.520435578250568));
#5542=CARTESIAN_POINT('Ctrl Pts',(0.766432697804467,3.03405762751679,0.590818736884081));
#5543=CARTESIAN_POINT('Ctrl Pts',(0.771404157736592,2.94201819705952,0.57774578451606));
#5544=CARTESIAN_POINT('Ctrl Pts',(0.776375617668719,2.90324623252407,0.493261200320423));
#5545=CARTESIAN_POINT('Ctrl Pts',(0.781347077600844,2.95335891158717,0.414961793667625));
#5546=CARTESIAN_POINT('Ctrl Pts',(0.786318537532971,3.04631980931544,0.414787514346572));
#5547=CARTESIAN_POINT('Ctrl Pts',(0.791289997465096,3.09672777223026,0.492894396813091));
#5548=CARTESIAN_POINT('Ctrl Pts',(0.796261457397222,3.05827450264931,0.577529667726417));
#5549=CARTESIAN_POINT('Ctrl Pts',(0.801232917329348,2.96628592867455,0.590940123470199));
#5550=CARTESIAN_POINT('Ctrl Pts',(0.806204377261474,2.90526961237854,0.520806404023719));
#5551=CARTESIAN_POINT('Ctrl Pts',(0.8111758371936,2.93127963831512,0.431558304092298));
#5552=CARTESIAN_POINT('Ctrl Pts',(0.816147297125725,3.02042128134477,0.405185852281526));
#5553=CARTESIAN_POINT('Ctrl Pts',(0.821118757057853,3.09080242122409,0.465916679838051));
#5554=CARTESIAN_POINT('Ctrl Pts',(0.826090216989977,3.07776573322603,0.557958978442681));
#5555=CARTESIAN_POINT('Ctrl Pts',(0.831061676922104,2.99328768312845,0.596755862735375));
#5556=CARTESIAN_POINT('Ctrl Pts',(0.836033136854229,2.91497606461284,0.546665648183125));
#5557=CARTESIAN_POINT('Ctrl Pts',(0.841004596786355,2.91477372970405,0.453704912209423));
#5558=CARTESIAN_POINT('Ctrl Pts',(0.84597605671848,2.99286655838421,0.403274272897404));
#5559=CARTESIAN_POINT('Ctrl Pts',(0.850947516650608,3.07751269479328,0.441703049515037));
#5560=CARTESIAN_POINT('Ctrl Pts',(0.855918976582731,3.0909499293799,0.533687722299183));
#5561=CARTESIAN_POINT('Ctrl Pts',(0.86089043651486,3.02083382330637,0.594724358490286));
#5562=CARTESIAN_POINT('Ctrl Pts',(0.865861896446983,2.93157822424616,0.568740183950103));
#5563=CARTESIAN_POINT('Ctrl Pts',(0.870833356379111,2.90517993553684,0.479606185694773));
#5564=CARTESIAN_POINT('Ctrl Pts',(0.875804816311235,2.96589038018574,0.4092074555763));
#5565=CARTESIAN_POINT('Ctrl Pts',(0.880776276243363,3.05793644766204,0.422217480644681));
#5566=CARTESIAN_POINT('Ctrl Pts',(0.885747736175488,3.09675780370177,0.506684288348518));
#5567=CARTESIAN_POINT('Ctrl Pts',(0.890719196107614,3.04669027558838,0.585010413805854));
#5568=CARTESIAN_POINT('Ctrl Pts',(0.89569065603974,2.95372960261575,0.585239677373363));
#5569=CARTESIAN_POINT('Ctrl Pts',(0.900662115971865,2.90327634322442,0.507161460888355));
#5570=CARTESIAN_POINT('Ctrl Pts',(0.905633575903992,2.94168059831876,0.422504195619291));
#5571=CARTESIAN_POINT('Ctrl Pts',(0.910605035836117,3.03366137426001,0.409040316324328));
#5572=CARTESIAN_POINT('Ctrl Pts',(0.915576495768244,3.09471832000542,0.479138736815479));
#5573=CARTESIAN_POINT('Ctrl Pts',(0.920547955700368,3.0687600001907,0.568401862454121));
#5574=CARTESIAN_POINT('Ctrl Pts',(0.925519415632496,2.97963365649974,0.594825963700731));
#5575=CARTESIAN_POINT('Ctrl Pts',(0.93049087556462,2.90921733505055,0.534135928191568));
#5576=CARTESIAN_POINT('Ctrl Pts',(0.935462335496748,2.92220071150959,0.442086068189974));
#5577=CARTESIAN_POINT('Ctrl Pts',(0.940433795428873,3.00665623770515,0.403240301975847));
#5578=CARTESIAN_POINT('Ctrl Pts',(0.945405255360999,3.08499692921545,0.453285023164546));
#5579=CARTESIAN_POINT('Ctrl Pts',(0.950376715293125,3.08525298712779,0.546245861469624));
#5580=CARTESIAN_POINT('Ctrl Pts',(0.95534817522525,3.00718966375958,0.596721255064637));
#5581=CARTESIAN_POINT('Ctrl Pts',(0.960319635157377,2.92252071628473,0.558342508169679));
#5582=CARTESIAN_POINT('Ctrl Pts',(0.965291095089501,2.90903133818205,0.466363628183752));
#5583=CARTESIAN_POINT('Ctrl Pts',(0.970262555021629,2.97910972893162,0.405290480642465));
#5584=CARTESIAN_POINT('Ctrl Pts',(0.975234014953753,3.06838514975369,0.431214563645655));
#5585=CARTESIAN_POINT('Ctrl Pts',(0.980205474885881,3.09482530594753,0.520350363055989));
#5586=CARTESIAN_POINT('Ctrl Pts',(0.985176934818006,3.0341756135946,0.590749296518065));
#5587=CARTESIAN_POINT('Ctrl Pts',(0.990148394750132,2.94208131489017,0.577864383880435));
#5588=CARTESIAN_POINT('Ctrl Pts',(0.995119854682258,2.90329538437051,0.493272088349396));
#5589=CARTESIAN_POINT('Ctrl Pts',(0.998434161303675,2.93654372891961,0.441316336363688));
#5590=CARTESIAN_POINT('Ctrl Pts',(1.00009131461438,2.96048352111067,0.428149823269602));
#5591=CARTESIAN_POINT('Ctrl Pts',(1.00009131461438,2.96048352111067,0.428149823269602));
#5592=CARTESIAN_POINT('Ctrl Pts',(1.00009131461438,2.95684711615589,0.430677879765731));
#5593=CARTESIAN_POINT('Ctrl Pts',(1.00009131461438,2.95344628901694,0.43351577274185));
#5594=CARTESIAN_POINT('Ctrl Pts',(1.00009131461438,2.95030049527588,0.43662037850243));
#5595=CARTESIAN_POINT('Ctrl Pts',(1.00009131461438,2.94826368019928,0.438630525492525));
#5596=CARTESIAN_POINT('Ctrl Pts',(1.00009131461438,2.94633393286947,0.440752643266367));
#5597=CARTESIAN_POINT('Ctrl Pts',(1.00009131461438,2.94451849907797,0.442976025113569));
#5598=CARTESIAN_POINT('Ctrl Pts',(1.00009131461438,2.94252309861952,0.445419814128618));
#5599=CARTESIAN_POINT('Ctrl Pts',(1.00009131461438,2.94067136071035,0.447979464304058));
#5600=CARTESIAN_POINT('Ctrl Pts',(1.00009131461438,2.93897555218053,0.450633912456079));
#5601=CARTESIAN_POINT('Ctrl Pts',(1.00009131461438,2.93710846778001,0.453556458633603));
#5602=CARTESIAN_POINT('Ctrl Pts',(1.00009131461438,2.93542856122546,0.456596104516656));
#5603=CARTESIAN_POINT('Ctrl Pts',(1.00009131461438,2.93394981408968,0.45973312812688));
#5604=CARTESIAN_POINT('Ctrl Pts',(1.00009131461438,2.93278804886246,0.462197704293533));
#5605=CARTESIAN_POINT('Ctrl Pts',(1.00009131461438,2.93175053680834,0.464723781211944));
#5606=CARTESIAN_POINT('Ctrl Pts',(1.00009131461438,2.93085037374329,0.467284840864231));
#5607=CARTESIAN_POINT('Ctrl Pts',(1.00009131461438,2.92927089576627,0.471778623686142));
#5608=CARTESIAN_POINT('Ctrl Pts',(1.00009131461438,2.92810726976097,0.476391536235806));
#5609=CARTESIAN_POINT('Ctrl Pts',(1.00009131461438,2.92739792825639,0.481070430708424));
#5610=CARTESIAN_POINT('Ctrl Pts',(1.00009131461438,2.92693996534966,0.484091204340237));
#5611=CARTESIAN_POINT('Ctrl Pts',(1.00009131461438,2.9266716969256,0.48713951631019));
#5612=CARTESIAN_POINT('Ctrl Pts',(1.00009131461438,2.92660754460118,0.490200191315036));
#5613=CARTESIAN_POINT('Ctrl Pts',(1.00009131461438,2.92657418584036,0.491791720949653));
#5614=CARTESIAN_POINT('Ctrl Pts',(1.00009131461438,2.92659621665165,0.493384325882004));
#5615=CARTESIAN_POINT('Ctrl Pts',(1.00009131461438,2.92667507454492,0.494971826578838));
#5616=CARTESIAN_POINT('Ctrl Pts',(1.00009131461438,2.92688292111281,0.4991560186451));
#5617=CARTESIAN_POINT('Ctrl Pts',(1.00009131461438,2.92748450664172,0.503313787819875));
#5618=CARTESIAN_POINT('Ctrl Pts',(1.00009131461438,2.92845231153902,0.507399984630965));
#5619=CARTESIAN_POINT('Ctrl Pts',(1.00009131461438,2.92927270436222,0.510863788696578));
#5620=CARTESIAN_POINT('Ctrl Pts',(1.00009131461438,2.93035654611851,0.514276231669543));
#5621=CARTESIAN_POINT('Ctrl Pts',(1.00009131461438,2.93169226086129,0.517605979243816));
#5622=CARTESIAN_POINT('Ctrl Pts',(1.00009131461438,2.9325833259777,0.519827278309315));
#5623=CARTESIAN_POINT('Ctrl Pts',(1.00009131461438,2.93358348961563,0.522003641759573));
#5624=CARTESIAN_POINT('Ctrl Pts',(1.00009131461438,2.93468558222382,0.524122070809747));
#5625=CARTESIAN_POINT('Ctrl Pts',(1.00009131461438,2.93737878992601,0.529298922003635));
#5626=CARTESIAN_POINT('Ctrl Pts',(1.00009131461438,2.94068254440682,0.534141983177648));
#5627=CARTESIAN_POINT('Ctrl Pts',(1.00009131461438,2.94454266650639,0.538505507277931));
#5628=CARTESIAN_POINT('Ctrl Pts',(1.00009131461438,2.94511502745164,0.539152510329706));
#5629=CARTESIAN_POINT('Ctrl Pts',(1.00009131461438,2.9456996625643,0.539788886653053));
#5630=CARTESIAN_POINT('Ctrl Pts',(1.00009131461438,2.94629643292701,0.540414066257248));
#5631=CARTESIAN_POINT('Ctrl Pts',(0.750091314614384,2.94623069871607,0.54039089921552));
#5632=CARTESIAN_POINT('Ctrl Pts',(0.750091314614384,2.94226386694216,0.536313585518944));
#5633=CARTESIAN_POINT('Ctrl Pts',(0.750091314614384,2.93889116873851,0.531731030728597));
#5634=CARTESIAN_POINT('Ctrl Pts',(0.750091314614384,2.9361099258662,0.526794454880202));
#5635=CARTESIAN_POINT('Ctrl Pts',(0.750091314614384,2.93480098581363,0.524471147586603));
#5636=CARTESIAN_POINT('Ctrl Pts',(0.750091314614384,2.93362341883511,0.522068743308265));
#5637=CARTESIAN_POINT('Ctrl Pts',(0.750091314614384,2.93257929726581,0.519600117905319));
#5638=CARTESIAN_POINT('Ctrl Pts',(0.750091314614384,2.93179904535378,0.517755361751105));
#5639=CARTESIAN_POINT('Ctrl Pts',(0.750091314614384,2.93109408039119,0.51587461592201));
#5640=CARTESIAN_POINT('Ctrl Pts',(0.750091314614384,2.93046808777647,0.51397297596227));
#5641=CARTESIAN_POINT('Ctrl Pts',(0.750091314614384,2.92883911852284,0.509024494218179));
#5642=CARTESIAN_POINT('Ctrl Pts',(0.750091314614384,2.92773605069079,0.503919262356432));
#5643=CARTESIAN_POINT('Ctrl Pts',(0.750091314614384,2.92716881009015,0.498752600171388));
#5644=CARTESIAN_POINT('Ctrl Pts',(0.750091314614384,2.92689942758934,0.496298952850123));
#5645=CARTESIAN_POINT('Ctrl Pts',(0.750091314614384,2.92675120476019,0.493831201682455));
#5646=CARTESIAN_POINT('Ctrl Pts',(0.750091314614384,2.92672712077532,0.491358690972775));
#5647=CARTESIAN_POINT('Ctrl Pts',(0.750091314614384,2.92670421270541,0.489006902076683));
#5648=CARTESIAN_POINT('Ctrl Pts',(0.750091314614384,2.92679387023902,0.486658911048933));
#5649=CARTESIAN_POINT('Ctrl Pts',(0.750091314614384,2.92699656658521,0.484327536244375));
#5650=CARTESIAN_POINT('Ctrl Pts',(0.750091314614384,2.92731224374812,0.480696677584181));
#5651=CARTESIAN_POINT('Ctrl Pts',(0.750091314614384,2.92790175607193,0.477102750497834));
#5652=CARTESIAN_POINT('Ctrl Pts',(0.750091314614384,2.92877100091501,0.473575853632607));
#5653=CARTESIAN_POINT('Ctrl Pts',(0.750091314614384,2.92969390455014,0.469831240174641));
#5654=CARTESIAN_POINT('Ctrl Pts',(0.750091314614384,2.93093200657471,0.466161996594234));
#5655=CARTESIAN_POINT('Ctrl Pts',(0.750091314614384,2.93245812053893,0.462590088222036));
#5656=CARTESIAN_POINT('Ctrl Pts',(0.750091314614384,2.93339420347867,0.460399162401353));
#5657=CARTESIAN_POINT('Ctrl Pts',(0.750091314614384,2.93443503826963,0.458253711742543));
#5658=CARTESIAN_POINT('Ctrl Pts',(0.750091314614384,2.93557290247369,0.456158692374937));
#5659=CARTESIAN_POINT('Ctrl Pts',(0.750091314614384,2.93756627406859,0.452488524983029));
#5660=CARTESIAN_POINT('Ctrl Pts',(0.750091314614384,2.93985700579328,0.448972844737318));
#5661=CARTESIAN_POINT('Ctrl Pts',(0.750091314614384,2.94241138068411,0.445638649374595));
#5662=CARTESIAN_POINT('Ctrl Pts',(0.750091314614384,2.94410131850668,0.443432793502952));
#5663=CARTESIAN_POINT('Ctrl Pts',(0.750091314614384,2.94590666406387,0.441307363470281));
#5664=CARTESIAN_POINT('Ctrl Pts',(0.750091314614384,2.94780923611267,0.439279753504192));
#5665=CARTESIAN_POINT('Ctrl Pts',(0.750091314614384,2.95167738731438,0.435157385611802));
#5666=CARTESIAN_POINT('Ctrl Pts',(0.750091314614384,2.95595423727302,0.431427222972986));
#5667=CARTESIAN_POINT('Ctrl Pts',(0.750091314614384,2.96056819922729,0.42815702644083));
#5668=CARTESIAN_POINT('Ctrl Pts',(0.800170608608387,3.06734782305957,0.499970560490785));
#5669=CARTESIAN_POINT('Ctrl Pts',(0.800049043717472,3.06735677229089,0.498333330169797));
#5670=CARTESIAN_POINT('Ctrl Pts',(0.799927478826558,3.0673022648995,0.496696706388167));
#5671=CARTESIAN_POINT('Ctrl Pts',(0.799805913935643,3.06718239473489,0.495064884628313));
#5672=CARTESIAN_POINT('Ctrl Pts',(0.798148760624935,3.06554834366436,0.472820149232389));
#5673=CARTESIAN_POINT('Ctrl Pts',(0.796491607314226,3.05176811803013,0.451467759615018));
#5674=CARTESIAN_POINT('Ctrl Pts',(0.794834454003518,3.03217145974101,0.440815386522472));
#5675=CARTESIAN_POINT('Ctrl Pts',(0.793177300692809,3.01257480145189,0.430163013429926));
#5676=CARTESIAN_POINT('Ctrl Pts',(0.7915201473821,2.98716171050788,0.430210656862206));
#5677=CARTESIAN_POINT('Ctrl Pts',(0.789862994071391,2.96760541368019,0.440936988938916));
#5678=CARTESIAN_POINT('Ctrl Pts',(0.788205840760683,2.94804911685251,0.451663321015626));
#5679=CARTESIAN_POINT('Ctrl Pts',(0.786548687449975,2.93434961414115,0.473068341736767));
#5680=CARTESIAN_POINT('Ctrl Pts',(0.784891534139266,2.93279948598671,0.49531879577042));
#5681=CARTESIAN_POINT('Ctrl Pts',(0.783234380828557,2.93124935783227,0.517569249804073));
#5682=CARTESIAN_POINT('Ctrl Pts',(0.781577227517848,2.94184860423475,0.540665137150238));
#5683=CARTESIAN_POINT('Ctrl Pts',(0.77992007420714,2.95972882031862,0.553999983357364));
#5684=CARTESIAN_POINT('Ctrl Pts',(0.778262920896431,2.97760903640248,0.56733482956449));
#5685=CARTESIAN_POINT('Ctrl Pts',(0.776605767585723,3.00277022216773,0.570908634632577));
#5686=CARTESIAN_POINT('Ctrl Pts',(0.774948614275014,3.02365446101776,0.563075074934702));
#5687=CARTESIAN_POINT('Ctrl Pts',(0.773291460964305,3.04453869986778,0.555241515236828));
#5688=CARTESIAN_POINT('Ctrl Pts',(0.771634307653597,3.06114599180259,0.536000590772991));
#5689=CARTESIAN_POINT('Ctrl Pts',(0.769977154342888,3.06584891626574,0.514200059230323));
#5690=CARTESIAN_POINT('Ctrl Pts',(0.769624972431388,3.06684839224444,0.509566961724614));
#5691=CARTESIAN_POINT('Ctrl Pts',(0.769272790519887,3.06731019917105,0.504818257781598));
#5692=CARTESIAN_POINT('Ctrl Pts',(0.768920608608387,3.06726607069322,0.500061161953316));
#5693=CARTESIAN_POINT('Ctrl Pts',(0.750091314614384,3.03951647888932,0.428149823269599));
#5694=CARTESIAN_POINT('Ctrl Pts',(0.751748467925093,3.06345627108039,0.441316336363683));
#5695=CARTESIAN_POINT('Ctrl Pts',(0.75506277454651,3.09670455333189,0.493272240799907));
#5696=CARTESIAN_POINT('Ctrl Pts',(0.760034234478635,3.05791871689414,0.577864341789391));
#5697=CARTESIAN_POINT('Ctrl Pts',(0.765005694410762,2.96582437236298,0.590749345005892));
#5698=CARTESIAN_POINT('Ctrl Pts',(0.769977154342887,2.90517468061147,0.520350347659837));
#5699=CARTESIAN_POINT('Ctrl Pts',(0.774948614275013,2.93161483831208,0.431214562634882));
#5700=CARTESIAN_POINT('Ctrl Pts',(0.779920074207139,3.02089027442771,0.405290458943841));
#5701=CARTESIAN_POINT('Ctrl Pts',(0.784891534139266,3.0909686773383,0.466363625696631));
#5702=CARTESIAN_POINT('Ctrl Pts',(0.789862994071391,3.07747929650603,0.558342516260108));
#5703=CARTESIAN_POINT('Ctrl Pts',(0.794834454003517,2.99281033518129,0.596721272206163));
#5704=CARTESIAN_POINT('Ctrl Pts',(0.799805913935643,2.91474699847071,0.546245868749016));
#5705=CARTESIAN_POINT('Ctrl Pts',(0.804777373867769,2.91500305657566,0.453285015578563));
#5706=CARTESIAN_POINT('Ctrl Pts',(0.809748833799894,2.99334376114513,0.403240285603295));
#5707=CARTESIAN_POINT('Ctrl Pts',(0.814720293732021,3.07779930156593,0.442086058539901));
#5708=CARTESIAN_POINT('Ctrl Pts',(0.819691753664146,3.09078268017527,0.534135933884373));
#5709=CARTESIAN_POINT('Ctrl Pts',(0.824663213596273,3.02036634692398,0.594825979634173));
#5710=CARTESIAN_POINT('Ctrl Pts',(0.829634673528399,2.93123998826625,0.568401873924322));
#5711=CARTESIAN_POINT('Ctrl Pts',(0.834606133460524,2.90528166409962,0.479138733319337));
#5712=CARTESIAN_POINT('Ctrl Pts',(0.839577593392651,2.96633862008972,0.409040301055976));
#5713=CARTESIAN_POINT('Ctrl Pts',(0.844549053324775,3.05831941146945,0.422504182614465));
#5714=CARTESIAN_POINT('Ctrl Pts',(0.849520513256902,3.09672367300849,0.507161462089583));
#5715=CARTESIAN_POINT('Ctrl Pts',(0.854491973189028,3.04627040514996,0.585239691679499));
#5716=CARTESIAN_POINT('Ctrl Pts',(0.859463433121153,2.95330971657551,0.585010428073001));
#5717=CARTESIAN_POINT('Ctrl Pts',(0.86443489305328,2.90324218005938,0.506684289470439));
#5718=CARTESIAN_POINT('Ctrl Pts',(0.869406352985405,2.94206354261445,0.422217467590385));
#5719=CARTESIAN_POINT('Ctrl Pts',(0.874377812917533,3.03410962553888,0.40920744033858));
#5720=CARTESIAN_POINT('Ctrl Pts',(0.879349272849657,3.09482008037684,0.479606182272069));
#5721=CARTESIAN_POINT('Ctrl Pts',(0.884320732781783,3.06842178723709,0.568740195486761));
#5722=CARTESIAN_POINT('Ctrl Pts',(0.88929219271391,2.9791661731971,0.594724374387944));
#5723=CARTESIAN_POINT('Ctrl Pts',(0.894263652646035,2.90905005535595,0.533687727952914));
#5724=CARTESIAN_POINT('Ctrl Pts',(0.899235112578161,2.92248729219776,0.441703039731238));
#5725=CARTESIAN_POINT('Ctrl Pts',(0.904206572510288,3.00713344281296,0.403274256663537));
#5726=CARTESIAN_POINT('Ctrl Pts',(0.909178032442412,3.08522628459955,0.453704904440415));
#5727=CARTESIAN_POINT('Ctrl Pts',(0.91414949237454,3.08502394965663,0.546665656013634));
#5728=CARTESIAN_POINT('Ctrl Pts',(0.919120952306664,3.00671231799836,0.596755878976634));
#5729=CARTESIAN_POINT('Ctrl Pts',(0.924092412238791,2.92223425372196,0.557958988164726));
#5730=CARTESIAN_POINT('Ctrl Pts',(0.929063872170916,2.90919756353774,0.465916674127943));
#5731=CARTESIAN_POINT('Ctrl Pts',(0.934035332103042,2.97957871522531,0.405185836349419));
#5732=CARTESIAN_POINT('Ctrl Pts',(0.939006792035169,3.06872037322379,0.431558292642946));
#5733=CARTESIAN_POINT('Ctrl Pts',(0.943978251967294,3.09473040350827,0.520806407444587));
#5734=CARTESIAN_POINT('Ctrl Pts',(0.948949711899421,3.03371407700882,0.590940138867656));
#5735=CARTESIAN_POINT('Ctrl Pts',(0.953921171831545,2.94172548751717,0.577529680483433));
#5736=CARTESIAN_POINT('Ctrl Pts',(0.958892631763673,2.90327221164888,0.492894396098436));
#5737=CARTESIAN_POINT('Ctrl Pts',(0.963864091695797,2.95368018267153,0.41478749915628));
#5738=CARTESIAN_POINT('Ctrl Pts',(0.968835551627924,3.04664109674622,0.414961781033822));
#5739=CARTESIAN_POINT('Ctrl Pts',(0.973807011560049,3.09675378264642,0.493261196206573));
#5740=CARTESIAN_POINT('Ctrl Pts',(0.978778471492176,3.05798181492391,0.577745802914771));
#5741=CARTESIAN_POINT('Ctrl Pts',(0.983749931424301,2.96594236201988,0.59081874271211));
#5742=CARTESIAN_POINT('Ctrl Pts',(0.988721391356428,2.9051930161375,0.520435597811416));
#5743=CARTESIAN_POINT('Ctrl Pts',(0.993692851288553,2.93153581430679,0.431326333862623));
#5744=CARTESIAN_POINT('Ctrl Pts',(0.998664311220679,3.02078402000695,0.405208344242181));
#5745=CARTESIAN_POINT('Ctrl Pts',(1.0036357711528,3.0909192603812,0.466373797854801));
#5746=CARTESIAN_POINT('Ctrl Pts',(1.00695007777422,3.08197215398712,0.527405048584526));
#5747=CARTESIAN_POINT('Ctrl Pts',(1.00860723108493,3.06556256810829,0.549249869675425));
#5748=CARTESIAN_POINT('Ctrl Pts',(0.747252675790868,3.03714709651689,0.432457913134532));
#5749=CARTESIAN_POINT('Ctrl Pts',(0.748909829101577,3.05965147433878,0.44483497066708));
#5750=CARTESIAN_POINT('Ctrl Pts',(0.752224135722995,3.09090621121139,0.493675632865767));
#5751=CARTESIAN_POINT('Ctrl Pts',(0.75719559565512,3.05444594829987,0.573195646499173));
#5752=CARTESIAN_POINT('Ctrl Pts',(0.762167055587246,2.96787352076804,0.585308073303303));
#5753=CARTESIAN_POINT('Ctrl Pts',(0.767138515519373,2.910860345087,0.519130154050152));
#5754=CARTESIAN_POINT('Ctrl Pts',(0.772109975451497,2.93571516812873,0.435338892720798));
#5755=CARTESIAN_POINT('Ctrl Pts',(0.777081435383625,3.01963770716019,0.410969181425866));
#5756=CARTESIAN_POINT('Ctrl Pts',(0.782052895315749,3.08551425461171,0.468380440822544));
#5757=CARTESIAN_POINT('Ctrl Pts',(0.787024355247876,3.07283368828057,0.554844336931504));
#5758=CARTESIAN_POINT('Ctrl Pts',(0.791995815180001,2.99324142280762,0.590921927632826));
#5759=CARTESIAN_POINT('Ctrl Pts',(0.796967275112128,2.9198587129933,0.543472996537439));
#5760=CARTESIAN_POINT('Ctrl Pts',(0.801938735044253,2.92009941802082,0.456086015660742));
#5761=CARTESIAN_POINT('Ctrl Pts',(0.806910194976379,2.99374286489761,0.409041935145374));
#5762=CARTESIAN_POINT('Ctrl Pts',(0.811881654908506,3.07313450604521,0.445558540802244));
#5763=CARTESIAN_POINT('Ctrl Pts',(0.816853114840631,3.08533940971761,0.5320891654909));
#5764=CARTESIAN_POINT('Ctrl Pts',(0.821824574772757,3.01914519400882,0.589140275570742));
#5765=CARTESIAN_POINT('Ctrl Pts',(0.826796034704883,2.93536279384785,0.564300542052843));
#5766=CARTESIAN_POINT('Ctrl Pts',(0.831767494637008,2.91096091391478,0.480389561301206));
#5767=CARTESIAN_POINT('Ctrl Pts',(0.836738954569134,2.96835693453556,0.41449418544388));
#5768=CARTESIAN_POINT('Ctrl Pts',(0.841710414501261,3.05482261748907,0.427150781421118));
#5769=CARTESIAN_POINT('Ctrl Pts',(0.846681874433386,3.09092418448461,0.506732065480553));
#5770=CARTESIAN_POINT('Ctrl Pts',(0.851653334365513,3.04349606175174,0.580128775206847));
#5771=CARTESIAN_POINT('Ctrl Pts',(0.856624794297637,2.95610923560198,0.579913258097079));
#5772=CARTESIAN_POINT('Ctrl Pts',(0.861596254229765,2.90904371601111,0.506283503821297));
#5773=CARTESIAN_POINT('Ctrl Pts',(0.866567714161889,2.94553737491703,0.426881257643401));
#5774=CARTESIAN_POINT('Ctrl Pts',(0.871539174094017,3.0320644345767,0.414651303163807));
#5775=CARTESIAN_POINT('Ctrl Pts',(0.876510634026141,3.08913473002904,0.480828982318763));
#5776=CARTESIAN_POINT('Ctrl Pts',(0.881482093958269,3.06431926137633,0.564618578074445));
#5777=CARTESIAN_POINT('Ctrl Pts',(0.886453553890393,2.98041535590174,0.589044762508993));
#5778=CARTESIAN_POINT('Ctrl Pts',(0.891425013822519,2.91450335488237,0.531667833695575));
#5779=CARTESIAN_POINT('Ctrl Pts',(0.896396473754645,2.92713490374281,0.445198487552231));
#5780=CARTESIAN_POINT('Ctrl Pts',(0.901367933686771,3.00670572622153,0.409073869322939));
#5781=CARTESIAN_POINT('Ctrl Pts',(0.906339393618897,3.08011617200669,0.456480728259536));
#5782=CARTESIAN_POINT('Ctrl Pts',(0.911310853551023,3.07992596893535,0.543867613630703));
#5783=CARTESIAN_POINT('Ctrl Pts',(0.916282313483149,3.00630985177691,0.590954459403848));
#5784=CARTESIAN_POINT('Ctrl Pts',(0.921253773415274,2.92689703728945,0.554483804931272));
#5785=CARTESIAN_POINT('Ctrl Pts',(0.926225233347401,2.91464201856952,0.467960288179215));
#5786=CARTESIAN_POINT('Ctrl Pts',(0.931196693279526,2.98080316217826,0.410870831934159));
#5787=CARTESIAN_POINT('Ctrl Pts',(0.936168153211653,3.06459994434146,0.435662012901143));
#5788=CARTESIAN_POINT('Ctrl Pts',(0.941139613143779,3.08905043012719,0.519558868786833));
#5789=CARTESIAN_POINT('Ctrl Pts',(0.946111073075904,3.03169260287922,0.585487427289209));
#5790=CARTESIAN_POINT('Ctrl Pts',(0.951082533008031,2.94521958938352,0.572881051267455));
#5791=CARTESIAN_POINT('Ctrl Pts',(0.956053992940156,2.90907194692603,0.493320443486842));
#5792=CARTESIAN_POINT('Ctrl Pts',(0.961025452872282,2.95645748879183,0.419896785284105));
#5793=CARTESIAN_POINT('Ctrl Pts',(0.965996912804409,3.04384452692099,0.420060617333623));
#5794=CARTESIAN_POINT('Ctrl Pts',(0.970968372736533,3.09095248876823,0.493665250499065));
#5795=CARTESIAN_POINT('Ctrl Pts',(0.975939832668661,3.05450526301283,0.573084215138377));
#5796=CARTESIAN_POINT('Ctrl Pts',(0.980911292600785,2.96798443584185,0.585373309968193));
#5797=CARTESIAN_POINT('Ctrl Pts',(0.985882752532913,2.91087758122682,0.51921029265809));
#5798=CARTESIAN_POINT('Ctrl Pts',(0.990854212465036,2.9356408823514,0.435443962218421));
#5799=CARTESIAN_POINT('Ctrl Pts',(0.995825672397164,3.0195378236854,0.410891990268311));
#5800=CARTESIAN_POINT('Ctrl Pts',(1.00079713232929,3.08546780066322,0.468390003064726));
#5801=CARTESIAN_POINT('Ctrl Pts',(1.00411143895071,3.07705715694927,0.52576185969582));
#5802=CARTESIAN_POINT('Ctrl Pts',(1.00576859226142,3.06163147916683,0.546296879522122));
#5803=CARTESIAN_POINT('Ctrl Pts',(0.744414036967353,3.03477771414446,0.436766002999464));
#5804=CARTESIAN_POINT('Ctrl Pts',(0.746071190278061,3.05584667759717,0.448353604970477));
#5805=CARTESIAN_POINT('Ctrl Pts',(0.74938549689948,3.08510786909087,0.494079024931626));
#5806=CARTESIAN_POINT('Ctrl Pts',(0.754356956831604,3.05097317970561,0.568526951208956));
#5807=CARTESIAN_POINT('Ctrl Pts',(0.759328416763731,2.96992266917311,0.579866801600714));
#5808=CARTESIAN_POINT('Ctrl Pts',(0.764299876695856,2.91654600956253,0.517909960440467));
#5809=CARTESIAN_POINT('Ctrl Pts',(0.769271336627982,2.93981549794539,0.439463222806715));
#5810=CARTESIAN_POINT('Ctrl Pts',(0.774242796560108,3.01838513989267,0.416647903907892));
#5811=CARTESIAN_POINT('Ctrl Pts',(0.779214256492234,3.08005983188513,0.470397255948458));
#5812=CARTESIAN_POINT('Ctrl Pts',(0.78418571642436,3.0681880800551,0.5513461576029));
#5813=CARTESIAN_POINT('Ctrl Pts',(0.789157176356486,2.99367251043395,0.585122583059489));
#5814=CARTESIAN_POINT('Ctrl Pts',(0.794128636288612,2.92497042751589,0.540700124325862));
#5815=CARTESIAN_POINT('Ctrl Pts',(0.799100096220738,2.92519577946598,0.458887015742922));
#5816=CARTESIAN_POINT('Ctrl Pts',(0.804071556152863,2.99414196865008,0.414843584687452));
#5817=CARTESIAN_POINT('Ctrl Pts',(0.80904301608499,3.06846971052449,0.449031023064587));
#5818=CARTESIAN_POINT('Ctrl Pts',(0.814014476017115,3.07989613925994,0.530042397097427));
#5819=CARTESIAN_POINT('Ctrl Pts',(0.818985935949242,3.01792404109366,0.583454571507311));
#5820=CARTESIAN_POINT('Ctrl Pts',(0.823957395881367,2.93948559942944,0.560199210181365));
#5821=CARTESIAN_POINT('Ctrl Pts',(0.828928855813493,2.91664016372995,0.481640389283075));
#5822=CARTESIAN_POINT('Ctrl Pts',(0.833900315745619,2.9703752489814,0.419948069831783));
#5823=CARTESIAN_POINT('Ctrl Pts',(0.838871775677745,3.05132582350869,0.431797380227772));
#5824=CARTESIAN_POINT('Ctrl Pts',(0.843843235609871,3.08512469596073,0.506302668871523));
#5825=CARTESIAN_POINT('Ctrl Pts',(0.848814695541997,3.04072171835352,0.575017858734194));
#5826=CARTESIAN_POINT('Ctrl Pts',(0.853786155474122,2.95890875462845,0.574816088121157));
#5827=CARTESIAN_POINT('Ctrl Pts',(0.858757615406249,2.91484525196283,0.505882718172155));
#5828=CARTESIAN_POINT('Ctrl Pts',(0.863729075338374,2.94901120721963,0.431545047696416));
#5829=CARTESIAN_POINT('Ctrl Pts',(0.868700535270501,3.03001924361451,0.420095165989034));
#5830=CARTESIAN_POINT('Ctrl Pts',(0.873671995202626,3.08344937968124,0.482051782365459));
#5831=CARTESIAN_POINT('Ctrl Pts',(0.878643455134752,3.06021673551557,0.560496960662129));
#5832=CARTESIAN_POINT('Ctrl Pts',(0.883614915066878,2.98166453860639,0.583365150630041));
#5833=CARTESIAN_POINT('Ctrl Pts',(0.888586374999004,2.91995665440879,0.529647939438236));
#5834=CARTESIAN_POINT('Ctrl Pts',(0.89355783493113,2.93178251528786,0.448693935373224));
#5835=CARTESIAN_POINT('Ctrl Pts',(0.898529294863255,3.0062780096301,0.41487348198234));
#5836=CARTESIAN_POINT('Ctrl Pts',(0.903500754795381,3.07500605941383,0.459256552078658));
#5837=CARTESIAN_POINT('Ctrl Pts',(0.908472214727509,3.07482798821407,0.541069571247771));
#5838=CARTESIAN_POINT('Ctrl Pts',(0.913443674659632,3.00590738555546,0.585153039831062));
#5839=CARTESIAN_POINT('Ctrl Pts',(0.918415134591761,2.93155982085693,0.551008621697818));
#5840=CARTESIAN_POINT('Ctrl Pts',(0.923386594523884,2.9200864736013,0.470003902230486));
#5841=CARTESIAN_POINT('Ctrl Pts',(0.928358054456012,2.98202760913122,0.416555827518899));
#5842=CARTESIAN_POINT('Ctrl Pts',(0.933329514388136,3.06047951545914,0.439765733159341));
#5843=CARTESIAN_POINT('Ctrl Pts',(0.938300974320263,3.0833704567461,0.518311330129078));
#5844=CARTESIAN_POINT('Ctrl Pts',(0.943272434252388,3.02967112874963,0.580034715710762));
#5845=CARTESIAN_POINT('Ctrl Pts',(0.948243894184515,2.94871369124987,0.568232422051477));
#5846=CARTESIAN_POINT('Ctrl Pts',(0.95321535411664,2.91487168220318,0.493746490875249));
#5847=CARTESIAN_POINT('Ctrl Pts',(0.958186814048767,2.95923479491214,0.425006071411929));
#5848=CARTESIAN_POINT('Ctrl Pts',(0.963158273980892,3.04104795709576,0.425159453633425));
#5849=CARTESIAN_POINT('Ctrl Pts',(0.968129733913019,3.08515119489004,0.494069304791557));
#5850=CARTESIAN_POINT('Ctrl Pts',(0.973101193845143,3.05102871110174,0.568422627361984));
#5851=CARTESIAN_POINT('Ctrl Pts',(0.978072653777271,2.97002650966384,0.579927877224276));
#5852=CARTESIAN_POINT('Ctrl Pts',(0.983044113709395,2.91656214631613,0.517984987504763));
#5853=CARTESIAN_POINT('Ctrl Pts',(0.988015573641522,2.93974595039601,0.439561590574219));
#5854=CARTESIAN_POINT('Ctrl Pts',(0.992987033573647,3.01829162736384,0.416575636294439));
#5855=CARTESIAN_POINT('Ctrl Pts',(0.997958493505773,3.08001634094525,0.470406208274652));
#5856=CARTESIAN_POINT('Ctrl Pts',(1.00127280012719,3.07214215991143,0.524118670807113));
#5857=CARTESIAN_POINT('Ctrl Pts',(1.0029299534379,3.05770039022538,0.543343889368819));
#5858=CARTESIAN_POINT('Ctrl Pts',(0.741575398143837,3.03240833177203,0.441074092864397));
#5859=CARTESIAN_POINT('Ctrl Pts',(0.743232551454546,3.05204188085556,0.451872239273874));
#5860=CARTESIAN_POINT('Ctrl Pts',(0.746546858075963,3.07930952697036,0.494482416997485));
#5861=CARTESIAN_POINT('Ctrl Pts',(0.751518318008088,3.04750041111135,0.563858255918739));
#5862=CARTESIAN_POINT('Ctrl Pts',(0.756489777940215,2.97197181757817,0.574425529898125));
#5863=CARTESIAN_POINT('Ctrl Pts',(0.761461237872341,2.92223167403806,0.516689766830781));
#5864=CARTESIAN_POINT('Ctrl Pts',(0.766432697804466,2.94391582776204,0.443587552892631));
#5865=CARTESIAN_POINT('Ctrl Pts',(0.771404157736593,3.01713257262516,0.422326626389917));
#5866=CARTESIAN_POINT('Ctrl Pts',(0.776375617668718,3.07460540915854,0.472414071074371));
#5867=CARTESIAN_POINT('Ctrl Pts',(0.781347077600844,3.06354247182964,0.547847978274296));
#5868=CARTESIAN_POINT('Ctrl Pts',(0.78631853753297,2.99410359806027,0.579323238486153));
#5869=CARTESIAN_POINT('Ctrl Pts',(0.791289997465096,2.93008214203848,0.537927252114285));
#5870=CARTESIAN_POINT('Ctrl Pts',(0.796261457397222,2.93029214091114,0.461688015825101));
#5871=CARTESIAN_POINT('Ctrl Pts',(0.801232917329348,2.99454107240256,0.420645234229532));
#5872=CARTESIAN_POINT('Ctrl Pts',(0.806204377261475,3.06380491500376,0.45250350532693));
#5873=CARTESIAN_POINT('Ctrl Pts',(0.811175837193599,3.07445286880228,0.527995628703953));
#5874=CARTESIAN_POINT('Ctrl Pts',(0.816147297125726,3.0167028881785,0.57776886744388));
#5875=CARTESIAN_POINT('Ctrl Pts',(0.821118757057852,2.94360840501104,0.556097878309887));
#5876=CARTESIAN_POINT('Ctrl Pts',(0.826090216989977,2.92231941354511,0.482891217264944));
#5877=CARTESIAN_POINT('Ctrl Pts',(0.831061676922104,2.97239356342723,0.425401954219687));
#5878=CARTESIAN_POINT('Ctrl Pts',(0.836033136854228,3.0478290295283,0.436443979034424));
#5879=CARTESIAN_POINT('Ctrl Pts',(0.841004596786356,3.07932520743684,0.505873272262493));
#5880=CARTESIAN_POINT('Ctrl Pts',(0.84597605671848,3.0379473749553,0.569906942261541));
#5881=CARTESIAN_POINT('Ctrl Pts',(0.850947516650607,2.96170827365492,0.569718918145236));
#5882=CARTESIAN_POINT('Ctrl Pts',(0.855918976582732,2.92064678791455,0.505481932523013));
#5883=CARTESIAN_POINT('Ctrl Pts',(0.860890436514859,2.95248503952221,0.436208837749431));
#5884=CARTESIAN_POINT('Ctrl Pts',(0.865861896446985,3.02797405265232,0.425539028814262));
#5885=CARTESIAN_POINT('Ctrl Pts',(0.870833356379111,3.07776402933344,0.483274582412153));
#5886=CARTESIAN_POINT('Ctrl Pts',(0.875804816311237,3.05611420965481,0.556375343249814));
#5887=CARTESIAN_POINT('Ctrl Pts',(0.880776276243362,2.98291372131103,0.577685538751089));
#5888=CARTESIAN_POINT('Ctrl Pts',(0.885747736175488,2.92540995393521,0.527628045180897));
#5889=CARTESIAN_POINT('Ctrl Pts',(0.890719196107614,2.93643012683291,0.452189383194216));
#5890=CARTESIAN_POINT('Ctrl Pts',(0.89569065603974,3.00585029303868,0.420673094641742));
#5891=CARTESIAN_POINT('Ctrl Pts',(0.900662115971866,3.06989594682097,0.462032375897779));
#5892=CARTESIAN_POINT('Ctrl Pts',(0.905633575903992,3.06973000749279,0.53827152886484));
#5893=CARTESIAN_POINT('Ctrl Pts',(0.910605035836118,3.00550491933401,0.579351620258276));
#5894=CARTESIAN_POINT('Ctrl Pts',(0.915576495768244,2.93622260442441,0.547533438464365));
#5895=CARTESIAN_POINT('Ctrl Pts',(0.92054795570037,2.92553092863308,0.472047516281758));
#5896=CARTESIAN_POINT('Ctrl Pts',(0.925519415632496,2.98325205608417,0.422240823103639));
#5897=CARTESIAN_POINT('Ctrl Pts',(0.930490875564621,3.05635908657682,0.443869453417538));
#5898=CARTESIAN_POINT('Ctrl Pts',(0.935462335496747,3.07769048336502,0.517063791471324));
#5899=CARTESIAN_POINT('Ctrl Pts',(0.940433795428873,3.02764965462004,0.574582004132316));
#5900=CARTESIAN_POINT('Ctrl Pts',(0.945405255360999,2.95220779311621,0.563583792835499));
#5901=CARTESIAN_POINT('Ctrl Pts',(0.950376715293125,2.92067141748034,0.494172538263656));
#5902=CARTESIAN_POINT('Ctrl Pts',(0.95534817522525,2.96201210103244,0.430115357539754));
#5903=CARTESIAN_POINT('Ctrl Pts',(0.960319635157377,3.03825138727053,0.430258289933226));
#5904=CARTESIAN_POINT('Ctrl Pts',(0.965291095089502,3.07934990101185,0.494473359084049));
#5905=CARTESIAN_POINT('Ctrl Pts',(0.970262555021629,3.04755215919065,0.56376103958559));
#5906=CARTESIAN_POINT('Ctrl Pts',(0.975234014953754,2.97206858348581,0.574482444480359));
#5907=CARTESIAN_POINT('Ctrl Pts',(0.980205474885881,2.92224671140545,0.516759682351436));
#5908=CARTESIAN_POINT('Ctrl Pts',(0.985176934818007,2.94385101844063,0.443679218930016));
#5909=CARTESIAN_POINT('Ctrl Pts',(0.990148394750131,3.01704543104229,0.422259282320569));
#5910=CARTESIAN_POINT('Ctrl Pts',(0.995119854682259,3.07456488122727,0.472422413484577));
#5911=CARTESIAN_POINT('Ctrl Pts',(0.998434161303675,3.06722716287358,0.522475481918407));
#5912=CARTESIAN_POINT('Ctrl Pts',(1.00009131461438,3.05376930128393,0.540390899215516));
#5913=CARTESIAN_POINT('Ctrl Pts',(1.00009131461438,3.05376930128393,0.540390899215516));
#5914=CARTESIAN_POINT('Ctrl Pts',(1.00009131461438,3.05698459359185,0.537086056430963));
#5915=CARTESIAN_POINT('Ctrl Pts',(1.00009131461438,3.05981278626603,0.533444570421459));
#5916=CARTESIAN_POINT('Ctrl Pts',(1.00009131461438,3.06225427161854,0.529546721549476));
#5917=CARTESIAN_POINT('Ctrl Pts',(1.00009131461438,3.06418790981087,0.526459654310246));
#5918=CARTESIAN_POINT('Ctrl Pts',(1.00009131461438,3.06588021553512,0.523205974489319));
#5919=CARTESIAN_POINT('Ctrl Pts',(1.00009131461438,3.06731499150553,0.519848707399703));
#5920=CARTESIAN_POINT('Ctrl Pts',(1.00009131461438,3.06913042752885,0.515600724620462));
#5921=CARTESIAN_POINT('Ctrl Pts',(1.00009131461438,3.07053930260594,0.511181071501855));
#5922=CARTESIAN_POINT('Ctrl Pts',(1.00009131461438,3.07153291093463,0.506657119297638));
#5923=CARTESIAN_POINT('Ctrl Pts',(1.00009131461438,3.07207950237192,0.50416845906191));
#5924=CARTESIAN_POINT('Ctrl Pts',(1.00009131461438,3.07249827247319,0.50165592239171));
#5925=CARTESIAN_POINT('Ctrl Pts',(1.00009131461438,3.07278813641992,0.499135279105838));
#5926=CARTESIAN_POINT('Ctrl Pts',(1.00009131461438,3.0733360196954,0.494370911838445));
#5927=CARTESIAN_POINT('Ctrl Pts',(1.00009131461438,3.07342550431581,0.489573021697613));
#5928=CARTESIAN_POINT('Ctrl Pts',(1.00009131461438,3.07304384172599,0.484811757544149));
#5929=CARTESIAN_POINT('Ctrl Pts',(1.00009131461438,3.07286417363993,0.482570387180634));
#5930=CARTESIAN_POINT('Ctrl Pts',(1.00009131461438,3.07257985773462,0.480337029461239));
#5931=CARTESIAN_POINT('Ctrl Pts',(1.00009131461438,3.0721881685954,0.478118752124408));
#5932=CARTESIAN_POINT('Ctrl Pts',(1.00009131461438,3.07191866044427,0.476592429937034));
#5933=CARTESIAN_POINT('Ctrl Pts',(1.00009131461438,3.07159887550401,0.475076774672508));
#5934=CARTESIAN_POINT('Ctrl Pts',(1.00009131461438,3.07122894174898,0.473575796359649));
#5935=CARTESIAN_POINT('Ctrl Pts',(1.00009131461438,3.07007379653656,0.468888881774315));
#5936=CARTESIAN_POINT('Ctrl Pts',(1.00009131461438,3.06843033236153,0.464339772280668));
#5937=CARTESIAN_POINT('Ctrl Pts',(1.00009131461438,3.06636248805929,0.459969885517513));
#5938=CARTESIAN_POINT('Ctrl Pts',(1.00009131461438,3.06517098857819,0.457451940716177));
#5939=CARTESIAN_POINT('Ctrl Pts',(1.00009131461438,3.06383820117727,0.45499347028048));
#5940=CARTESIAN_POINT('Ctrl Pts',(1.00009131461438,3.0623735693262,0.452602753894374));
#5941=CARTESIAN_POINT('Ctrl Pts',(1.00009131461438,3.06110046403152,0.450524666020596));
#5942=CARTESIAN_POINT('Ctrl Pts',(1.00009131461438,3.05972714002585,0.448497740379609));
#5943=CARTESIAN_POINT('Ctrl Pts',(1.00009131461438,3.05826922956872,0.446539760400091));
#5944=CARTESIAN_POINT('Ctrl Pts',(1.00009131461438,3.05427500672444,0.441175502036637));
#5945=CARTESIAN_POINT('Ctrl Pts',(1.00009131461438,3.04963583710795,0.436303337322949));
#5946=CARTESIAN_POINT('Ctrl Pts',(1.00009131461438,3.04448100583845,0.432030620500794));
#5947=CARTESIAN_POINT('Ctrl Pts',(1.00009131461438,3.04284891632802,0.430677820391165));
#5948=CARTESIAN_POINT('Ctrl Pts',(1.00009131461438,3.04116477277132,0.429385274178946));
#5949=CARTESIAN_POINT('Ctrl Pts',(1.00009131461438,3.03943178605182,0.428157000934201));
#5950=CARTESIAN_POINT('Ctrl Pts',(0.778137020620381,3.0671780057851,0.499951918631947));
#5951=CARTESIAN_POINT('Ctrl Pts',(0.779207039613869,3.06708334820622,0.514456651919554));
#5952=CARTESIAN_POINT('Ctrl Pts',(0.780277058607356,3.06247644599443,0.529016381554675));
#5953=CARTESIAN_POINT('Ctrl Pts',(0.781347077600844,3.05381314908956,0.540521537109618));
#5954=CARTESIAN_POINT('Ctrl Pts',(0.783004230911552,3.04039618057318,0.558339731678248));
#5955=CARTESIAN_POINT('Ctrl Pts',(0.784661384222261,3.01724988931673,0.5688314850822));
#5956=CARTESIAN_POINT('Ctrl Pts',(0.78631853753297,2.9950065010182,0.567178030722198));
#5957=CARTESIAN_POINT('Ctrl Pts',(0.787975690843678,2.97276311271967,0.565524576362196));
#5958=CARTESIAN_POINT('Ctrl Pts',(0.789632844154387,2.95142262737908,0.551725914238241));
#5959=CARTESIAN_POINT('Ctrl Pts',(0.791289997465096,2.94078738452089,0.532120043794732));
#5960=CARTESIAN_POINT('Ctrl Pts',(0.792947150775805,2.9301521416627,0.512514173351224));
#5961=CARTESIAN_POINT('Ctrl Pts',(0.794604304086513,2.93022214128692,0.487101094588162));
#5962=CARTESIAN_POINT('Ctrl Pts',(0.796261457397221,2.9409652963476,0.46755409160737));
#5963=CARTESIAN_POINT('Ctrl Pts',(0.79791861070793,2.95170845140828,0.448007088626578));
#5964=CARTESIAN_POINT('Ctrl Pts',(0.799575764018639,2.97312476190542,0.434326161428055));
#5965=CARTESIAN_POINT('Ctrl Pts',(0.801232917329348,2.99537689092086,0.43279540967836));
#5966=CARTESIAN_POINT('Ctrl Pts',(0.802890070640056,3.0176290199363,0.431264657928665));
#5967=CARTESIAN_POINT('Ctrl Pts',(0.804547223950765,3.04071696747003,0.441884081627797));
#5968=CARTESIAN_POINT('Ctrl Pts',(0.806204377261474,3.05403560020332,0.459775814040201));
#5969=CARTESIAN_POINT('Ctrl Pts',(0.80726525838111,3.06256196038665,0.471229794182679));
#5970=CARTESIAN_POINT('Ctrl Pts',(0.808326139500745,3.06708452248573,0.485664214232061));
#5971=CARTESIAN_POINT('Ctrl Pts',(0.809387020620381,3.0671755359982,0.500046409119317));
#5972=CARTESIAN_POINT('Ctrl Pts',(0.750091314614384,3.03951647888932,0.428149823269599));
#5973=CARTESIAN_POINT('Ctrl Pts',(0.750091314614384,3.04488654404293,0.431883133576078));
#5974=CARTESIAN_POINT('Ctrl Pts',(0.750091314614384,3.04973437381913,0.436283494596116));
#5975=CARTESIAN_POINT('Ctrl Pts',(0.750091314614384,3.05399857390533,0.441211846966108));
#5976=CARTESIAN_POINT('Ctrl Pts',(0.750091314614384,3.0564696221146,0.444067762742177));
#5977=CARTESIAN_POINT('Ctrl Pts',(0.750091314614384,3.05874399377142,0.447101654937056));
#5978=CARTESIAN_POINT('Ctrl Pts',(0.750091314614384,3.06080297380864,0.450289189700357));
#5979=CARTESIAN_POINT('Ctrl Pts',(0.750091314614384,3.06210728528961,0.452308411894158));
#5980=CARTESIAN_POINT('Ctrl Pts',(0.750091314614384,3.06331988916416,0.454381393473114));
#5981=CARTESIAN_POINT('Ctrl Pts',(0.750091314614384,3.06443648623175,0.456499394722098));
#5982=CARTESIAN_POINT('Ctrl Pts',(0.750091314614384,3.0662979646169,0.460030313492293));
#5983=CARTESIAN_POINT('Ctrl Pts',(0.750091314614384,3.06789411788424,0.46368801229571));
#5984=CARTESIAN_POINT('Ctrl Pts',(0.750091314614384,3.06920461023593,0.467441914488492));
#5985=CARTESIAN_POINT('Ctrl Pts',(0.750091314614384,3.07012694837141,0.470083949861521));
#5986=CARTESIAN_POINT('Ctrl Pts',(0.750091314614384,3.07090763494698,0.472773688891707));
#5987=CARTESIAN_POINT('Ctrl Pts',(0.750091314614384,3.0715371700926,0.475500322546998));
#5988=CARTESIAN_POINT('Ctrl Pts',(0.750091314614384,3.07206996892457,0.477807973258571));
#5989=CARTESIAN_POINT('Ctrl Pts',(0.750091314614384,3.07249407950407,0.480142489089815));
#5990=CARTESIAN_POINT('Ctrl Pts',(0.750091314614384,3.07280193808944,0.482482248324786));
#5991=CARTESIAN_POINT('Ctrl Pts',(0.750091314614384,3.07334767859326,0.486629936401105));
#5992=CARTESIAN_POINT('Ctrl Pts',(0.750091314614384,3.07353185243319,0.490805656493305));
#5993=CARTESIAN_POINT('Ctrl Pts',(0.750091314614384,3.07332489767201,0.494971899891308));
#5994=CARTESIAN_POINT('Ctrl Pts',(0.750091314614384,3.07317055129858,0.498079074404538));
#5995=CARTESIAN_POINT('Ctrl Pts',(0.750091314614384,3.07279831875323,0.501181004779534));
#5996=CARTESIAN_POINT('Ctrl Pts',(0.750091314614384,3.07221657366495,0.504258034982299));
#5997=CARTESIAN_POINT('Ctrl Pts',(0.750091314614384,3.07176305749364,0.506656822672391));
#5998=CARTESIAN_POINT('Ctrl Pts',(0.750091314614384,3.07118208175752,0.509038716496224));
#5999=CARTESIAN_POINT('Ctrl Pts',(0.750091314614384,3.07048151414782,0.511382927098012));
#6000=CARTESIAN_POINT('Ctrl Pts',(0.750091314614384,3.06924245459211,0.515529017363267));
#6001=CARTESIAN_POINT('Ctrl Pts',(0.750091314614384,3.06762807798053,0.519568074544901));
#6002=CARTESIAN_POINT('Ctrl Pts',(0.750091314614384,3.06566219577665,0.523445004184877));
#6003=CARTESIAN_POINT('Ctrl Pts',(0.750091314614384,3.06458499023028,0.525569368555642));
#6004=CARTESIAN_POINT('Ctrl Pts',(0.750091314614384,3.06340297863516,0.527642517408356));
#6005=CARTESIAN_POINT('Ctrl Pts',(0.750091314614384,3.06212476375903,0.529647870358864));
#6006=CARTESIAN_POINT('Ctrl Pts',(0.750091314614384,3.0596682534515,0.53350181564234));
#6007=CARTESIAN_POINT('Ctrl Pts',(0.750091314614384,3.05685277481635,0.53711496507697));
#6008=CARTESIAN_POINT('Ctrl Pts',(0.750091314614384,3.05370356466808,0.540414090289666));
#6009=CARTESIAN_POINT('Origin',(0.875091314614384,3.,0.5));
#6010=CARTESIAN_POINT('Origin',(1.00009131461438,3.,0.5));
#6011=CARTESIAN_POINT('Origin',(1.10762315219767,3.49999985550285,0.294000000000517));
#6012=CARTESIAN_POINT('',(1.02512315219767,3.49999985550285,0.294000000000517));
#6013=CARTESIAN_POINT('Origin',(1.10762315219767,3.49999985550285,0.294000000000517));
#6014=CARTESIAN_POINT('',(1.02512315219767,3.49999985550285,0.749999999994811));
#6015=CARTESIAN_POINT('',(1.02512315219767,3.49999985550285,0.294000000000517));
#6016=CARTESIAN_POINT('Origin',(1.10762315219767,3.49999985550285,0.749999999994811));
#6017=CARTESIAN_POINT('Origin',(1.30509131461438,3.72999999764428,0.432931487554091));
#6018=CARTESIAN_POINT('',(1.30509131461438,3.74999999434085,0.571240716689972));
#6019=CARTESIAN_POINT('',(1.32509131461438,3.72999999434085,0.571240716212285));
#6020=CARTESIAN_POINT('Origin',(1.30509131461438,3.72999999434085,0.571240716212285));
#6021=CARTESIAN_POINT('',(1.32509131461438,3.72999999977162,0.343862963646017));
#6022=CARTESIAN_POINT('',(1.32509131461438,3.72999999764428,0.432931487554091));
#6023=CARTESIAN_POINT('',(1.30509131461438,3.74999999977163,0.343862964123705));
#6024=CARTESIAN_POINT('Origin',(1.30509131461438,3.72999999977162,0.343862963646017));
#6025=CARTESIAN_POINT('',(1.30509131461438,3.74999999764428,0.432931488031778));
#6026=CARTESIAN_POINT('Origin',(1.01759131461438,3.02130039671051,0.314000000000517));
#6027=CARTESIAN_POINT('',(1.01759131461438,2.79630039671051,0.294000000000517));
#6028=CARTESIAN_POINT('',(1.01759131461438,3.19630039671051,0.294000000000517));
#6029=CARTESIAN_POINT('',(1.01759131461438,3.02130039671051,0.294000000000517));
#6030=CARTESIAN_POINT('',(1.03759131461438,3.19630039671051,0.314000000000517));
#6031=CARTESIAN_POINT('Origin',(1.01759131461438,3.19630039671051,0.314000000000517));
#6032=CARTESIAN_POINT('',(1.03759131461438,2.79713561115869,0.314000000000517));
#6033=CARTESIAN_POINT('',(1.03759131461438,3.02130039671051,0.314000000000517));
#6034=CARTESIAN_POINT('Ctrl Pts',(1.03759131461438,2.79713561115869,0.314000000000517));
#6035=CARTESIAN_POINT('Ctrl Pts',(1.03759131461438,2.79713021873582,0.313887303644081));
#6036=CARTESIAN_POINT('Ctrl Pts',(1.03759036207923,2.79712484160198,0.313774608563832));
#6037=CARTESIAN_POINT('Ctrl Pts',(1.03754480794737,2.79699663211166,0.311080066203571));
#6038=CARTESIAN_POINT('Ctrl Pts',(1.03700154056219,2.79688323006963,0.308530476193115));
#6039=CARTESIAN_POINT('Ctrl Pts',(1.03496700851075,2.79668003787929,0.303759765445239));
#6040=CARTESIAN_POINT('Ctrl Pts',(1.03348780635204,2.79659228268322,0.301586955199017));
#6041=CARTESIAN_POINT('Ctrl Pts',(1.0297802359469,2.79644829525295,0.297931303705545));
#6042=CARTESIAN_POINT('Ctrl Pts',(1.0275878773492,2.79639336569592,0.296483003362746));
#6043=CARTESIAN_POINT('Ctrl Pts',(1.0227715670016,2.7963190780319,0.294508020924349));
#6044=CARTESIAN_POINT('Ctrl Pts',(1.02019392529047,2.79630039671051,0.294000000000517));
#6045=CARTESIAN_POINT('Ctrl Pts',(1.01759131461438,2.79630039671051,0.294000000000517));
#6046=CARTESIAN_POINT('Origin',(1.08759131461438,3.19630039671051,0.314000000000517));
#6047=CARTESIAN_POINT('',(1.08759131461438,3.26630039671051,0.294000000000517));
#6048=CARTESIAN_POINT('',(1.08759131461438,3.24630039671051,0.314000000000517));
#6049=CARTESIAN_POINT('Origin',(1.08759131461438,3.26630039671051,0.314000000000517));
#6050=CARTESIAN_POINT('Origin',(1.08759131461438,3.19630039671051,0.314000000000517));
#6051=CARTESIAN_POINT('Origin',(1.08759131461438,3.19630039671051,0.294000000000517));
#6052=CARTESIAN_POINT('Origin',(1.03759131461438,3.26630039671051,0.314000000000517));
#6053=CARTESIAN_POINT('',(1.27509131461438,3.26630039671051,0.294000000000517));
#6054=CARTESIAN_POINT('',(1.27509131461438,3.24630039671051,0.314000000000517));
#6055=CARTESIAN_POINT('Origin',(1.27509131461438,3.26630039671051,0.314000000000517));
#6056=CARTESIAN_POINT('',(1.03759131461438,3.24630039671051,0.314000000000517));
#6057=CARTESIAN_POINT('',(1.03759131461438,3.26630039671051,0.294000000000517));
#6058=CARTESIAN_POINT('Origin',(1.27509131461438,3.29630039671051,0.314000000000517));
#6059=CARTESIAN_POINT('',(1.30509131461438,3.29630039671051,0.294000000000517));
#6060=CARTESIAN_POINT('',(1.32509131461438,3.29630039671051,0.314000000000517));
#6061=CARTESIAN_POINT('Origin',(1.30509131461438,3.29630039671051,0.314000000000517));
#6062=CARTESIAN_POINT('Origin',(1.27509131461438,3.29630039671051,0.314000000000517));
#6063=CARTESIAN_POINT('Origin',(1.27509131461438,3.29630039671051,0.294000000000517));
#6064=CARTESIAN_POINT('Origin',(1.30509131461438,3.02315019853962,0.314000000000517));
#6065=CARTESIAN_POINT('',(1.32509131461438,3.7028641654622,0.314000000000517));
#6066=CARTESIAN_POINT('',(1.32509131461438,3.02315019853962,0.314000000000517));
#6067=CARTESIAN_POINT('',(1.30509131461438,3.7036993142952,0.294000000000517));
#6068=CARTESIAN_POINT('',(1.30509131461438,3.02315019853962,0.294000000000517));
#6069=CARTESIAN_POINT('Ctrl Pts',(1.32509131461438,3.7028641654622,0.314000000000517));
#6070=CARTESIAN_POINT('Ctrl Pts',(1.32509131461438,3.70286955766423,0.313887299401059));
#6071=CARTESIAN_POINT('Ctrl Pts',(1.32509036200751,3.70287493457748,0.313774600078571));
#6072=CARTESIAN_POINT('Ctrl Pts',(1.32504480617039,3.70300313393392,0.311080058313694));
#6073=CARTESIAN_POINT('Ctrl Pts',(1.32450153910578,3.7031165268352,0.308530473365037));
#6074=CARTESIAN_POINT('Ctrl Pts',(1.32246700936184,3.70331970288609,0.303759766849358));
#6075=CARTESIAN_POINT('Ctrl Pts',(1.32098780731053,3.70340745119749,0.301586956424993));
#6076=CARTESIAN_POINT('Ctrl Pts',(1.31728023697607,3.70355142733961,0.297931304439579));
#6077=CARTESIAN_POINT('Ctrl Pts',(1.31508787825267,3.70360635259229,0.29648300385181));
#6078=CARTESIAN_POINT('Ctrl Pts',(1.31027156754165,3.70368063443706,0.294508021027258));
#6079=CARTESIAN_POINT('Ctrl Pts',(1.30769392555497,3.7036993142952,0.294000000000517));
#6080=CARTESIAN_POINT('Ctrl Pts',(1.30509131461438,3.7036993142952,0.294000000000517));
#6081=CARTESIAN_POINT('Origin',(1.01759131461438,2.80000000096584,0.343862941433549));
#6082=CARTESIAN_POINT('',(1.03759131461438,2.77000000096584,0.343862941433549));
#6083=CARTESIAN_POINT('Origin',(1.03759131461438,2.80000000096584,0.343862941433549));
#6084=CARTESIAN_POINT('',(1.01759131461438,2.75000000096584,0.343862941433549));
#6085=CARTESIAN_POINT('Origin',(1.01759131461438,2.77000000096584,0.343862941433549));
#6086=CARTESIAN_POINT('Origin',(1.01759131461438,2.80000000096584,0.343862941433549));
#6087=CARTESIAN_POINT('Origin',(1.01759131461438,2.77000000096584,0.496999999997664));
#6088=CARTESIAN_POINT('',(1.03759131461438,2.77000000096584,0.699999999994811));
#6089=CARTESIAN_POINT('',(1.01759131461438,2.75000000096584,0.699999999994811));
#6090=CARTESIAN_POINT('Origin',(1.01759131461438,2.77000000096584,0.699999999994811));
#6091=CARTESIAN_POINT('',(1.01759131461438,2.75000000096584,0.496999999997664));
#6092=CARTESIAN_POINT('',(1.03759131461438,2.77000000096584,0.496999999997664));
#6093=CARTESIAN_POINT('Origin',(1.01759131461438,2.80000000096585,0.69999999999481));
#6094=CARTESIAN_POINT('',(1.03759131461438,2.80000000096585,0.729999999994811));
#6095=CARTESIAN_POINT('',(1.01759131461438,2.80000000096584,0.749999999994811));
#6096=CARTESIAN_POINT('Origin',(1.01759131461438,2.80000000096585,0.729999999994811));
#6097=CARTESIAN_POINT('Origin',(1.01759131461438,2.80000000096585,0.69999999999481));
#6098=CARTESIAN_POINT('Origin',(1.03759131461438,2.80000000096585,0.69999999999481));
#6099=CARTESIAN_POINT('Origin',(1.01759131461438,3.47315019552568,0.729999999994811));
#6100=CARTESIAN_POINT('',(1.03759131461438,3.19630039671051,0.729999999994811));
#6101=CARTESIAN_POINT('',(1.01759131461438,3.19630039671051,0.749999999994811));
#6102=CARTESIAN_POINT('Origin',(1.01759131461438,3.19630039671051,0.729999999994811));
#6103=CARTESIAN_POINT('',(1.01759131461438,3.47315019552568,0.749999999994811));
#6104=CARTESIAN_POINT('',(1.03759131461438,3.47315019552568,0.729999999994811));
#6105=CARTESIAN_POINT('Origin',(1.08759131461438,3.19630039671051,0.729999999994811));
#6106=CARTESIAN_POINT('',(1.08759131461438,3.24630039671051,0.729999999994811));
#6107=CARTESIAN_POINT('',(1.08759131461438,3.26630039671051,0.749999999994811));
#6108=CARTESIAN_POINT('Origin',(1.08759131461438,3.26630039671051,0.729999999994811));
#6109=CARTESIAN_POINT('Origin',(1.08759131461438,3.19630039671051,0.749999999994811));
#6110=CARTESIAN_POINT('Origin',(1.08759131461438,3.19630039671051,0.729999999994811));
#6111=CARTESIAN_POINT('Origin',(1.03759131461438,3.26630039671051,0.729999999994811));
#6112=CARTESIAN_POINT('',(1.27509131461438,3.24630039671051,0.729999999994811));
#6113=CARTESIAN_POINT('',(1.27509131461438,3.26630039671051,0.749999999994811));
#6114=CARTESIAN_POINT('Origin',(1.27509131461438,3.26630039671051,0.729999999994811));
#6115=CARTESIAN_POINT('',(1.03759131461438,3.26630039671051,0.749999999994811));
#6116=CARTESIAN_POINT('',(1.03759131461438,3.24630039671051,0.729999999994811));
#6117=CARTESIAN_POINT('Origin',(1.27509131461438,3.29630039671051,0.729999999994811));
#6118=CARTESIAN_POINT('',(1.32509131461438,3.29630039671051,0.729999999994811));
#6119=CARTESIAN_POINT('',(1.30509131461438,3.29630039671051,0.749999999994811));
#6120=CARTESIAN_POINT('Origin',(1.30509131461438,3.29630039671051,0.729999999994811));
#6121=CARTESIAN_POINT('Origin',(1.27509131461438,3.29630039671051,0.749999999994811));
#6122=CARTESIAN_POINT('Origin',(1.27509131461438,3.29630039671051,0.729999999994811));
#6123=CARTESIAN_POINT('Origin',(1.30509131461438,3.47499999735479,0.729999999994811));
#6124=CARTESIAN_POINT('',(1.32509131461438,3.69999999434085,0.729999999994811));
#6125=CARTESIAN_POINT('',(1.30509131461438,3.69999999434085,0.749999999994812));
#6126=CARTESIAN_POINT('Origin',(1.30509131461438,3.69999999434085,0.729999999994811));
#6127=CARTESIAN_POINT('',(1.30509131461438,3.47499999735479,0.749999999994811));
#6128=CARTESIAN_POINT('',(1.32509131461438,3.47499999735479,0.729999999994811));
#6129=CARTESIAN_POINT('Origin',(1.30509131461438,3.69999999434085,0.699999999994811));
#6130=CARTESIAN_POINT('',(1.32509131461438,3.72999999434085,0.699999999994811));
#6131=CARTESIAN_POINT('',(1.30509131461438,3.74999999434085,0.699999999994811));
#6132=CARTESIAN_POINT('Origin',(1.30509131461438,3.72999999434085,0.699999999994811));
#6133=CARTESIAN_POINT('Origin',(1.30509131461438,3.69999999434085,0.699999999994811));
#6134=CARTESIAN_POINT('Origin',(1.32509131461438,3.69999999434085,0.699999999994811));
#6135=CARTESIAN_POINT('Origin',(1.30509131461438,3.72999999434085,0.546620358343817));
#6136=CARTESIAN_POINT('',(1.30509131461438,3.74999999434085,0.546620358343817));
#6137=CARTESIAN_POINT('',(1.32509131461438,3.72999999434085,0.546620358343817));
#6138=CARTESIAN_POINT('Origin',(1.30509131461438,3.69999999977163,0.343862962929485));
#6139=CARTESIAN_POINT('Origin',(1.30509131461438,3.69999999977163,0.343862962929485));
#6140=CARTESIAN_POINT('Origin',(1.32509131461438,3.69999999977163,0.343862962929485));
#6141=CARTESIAN_POINT('Origin',(0.750091314614384,3.69999999434085,0.699999999994811));
#6142=CARTESIAN_POINT('',(0.750091314614384,3.74999999434085,0.699999999994811));
#6143=CARTESIAN_POINT('',(0.750091314614384,3.74999999434085,0.699999999994811));
#6144=CARTESIAN_POINT('',(0.750091314614384,3.69999999434085,0.749999999994812));
#6145=CARTESIAN_POINT('Origin',(0.750091314614384,3.69999999434085,0.699999999994811));
#6146=CARTESIAN_POINT('',(0.750091314614384,3.69999999434085,0.749999999994812));
#6147=CARTESIAN_POINT('Origin',(0.750091314614384,3.74999999434085,0.571240716689972));
#6148=CARTESIAN_POINT('',(0.750091314614384,3.74999999434085,0.571240716689972));
#6149=CARTESIAN_POINT('',(0.750091314614384,3.74999999434085,0.571240716689972));
#6150=CARTESIAN_POINT('',(0.750091314614384,3.74999999434085,0.571240716689972));
#6151=CARTESIAN_POINT('Origin',(0.750091314614384,3.74999999977163,0.343862964123705));
#6152=CARTESIAN_POINT('',(0.750091314614384,3.74999999977163,0.343862964123705));
#6153=CARTESIAN_POINT('',(0.750091314614384,3.74999999977163,0.343862964123705));
#6154=CARTESIAN_POINT('',(0.750091314614384,3.74999999434085,0.571240716689972));
#6155=CARTESIAN_POINT('Origin',(0.750091314614384,3.69999999977163,0.343862962929485));
#6156=CARTESIAN_POINT('',(0.750091314614384,3.7036993142952,0.294000000000517));
#6157=CARTESIAN_POINT('',(0.750091314614384,3.7036993142952,0.294000000000517));
#6158=CARTESIAN_POINT('Origin',(0.750091314614384,3.69999999977163,0.343862962929485));
#6159=CARTESIAN_POINT('Origin',(0.750091314614384,2.79630039671051,0.294000000000517));
#6160=CARTESIAN_POINT('',(0.750091314614384,2.79630039671051,0.294000000000517));
#6161=CARTESIAN_POINT('',(0.750091314614384,2.79630039671051,0.294000000000517));
#6162=CARTESIAN_POINT('',(0.750091314614384,1.29032247691511,0.294000000000518));
#6163=CARTESIAN_POINT('Origin',(1.03759131461438,3.24630039671051,0.294000000000517));
#6164=CARTESIAN_POINT('',(1.03759131461438,3.19630039671051,0.294000000000517));
#6165=CARTESIAN_POINT('Origin',(1.27509131461438,3.29630039671051,0.407999999999091));
#6166=CARTESIAN_POINT('',(1.27509131461438,3.24630039671051,0.407999999999091));
#6167=CARTESIAN_POINT('',(1.32509131461438,3.29630039671051,0.407999999999091));
#6168=CARTESIAN_POINT('Origin',(1.32509131461438,3.24630039671051,0.294000000000517));
#6169=CARTESIAN_POINT('',(1.08759131461438,3.24630039671051,0.294000000000517));
#6170=CARTESIAN_POINT('Origin',(1.08759131461438,3.19630039671051,0.294000000000517));
#6171=CARTESIAN_POINT('Origin',(0.750091314614384,2.80000000096585,0.69999999999481));
#6172=CARTESIAN_POINT('',(0.750091314614384,2.80000000096584,0.749999999994811));
#6173=CARTESIAN_POINT('',(0.750091314614384,2.80000000096584,0.749999999994811));
#6174=CARTESIAN_POINT('',(0.750091314614384,2.75000000096584,0.699999999994811));
#6175=CARTESIAN_POINT('Origin',(0.750091314614384,2.80000000096585,0.69999999999481));
#6176=CARTESIAN_POINT('',(0.750091314614384,2.75000000096584,0.699999999994811));
#6177=CARTESIAN_POINT('Origin',(0.750091314614384,3.69999999434085,0.749999999994811));
#6178=CARTESIAN_POINT('',(0.750091314614384,3.62882845687072,0.749999999994811));
#6179=CARTESIAN_POINT('Origin',(1.32509131461438,3.25000000036873,0.521999999997665));
#6180=CARTESIAN_POINT('Origin',(0.750091314614384,2.80000000096584,0.343862941433549));
#6181=CARTESIAN_POINT('',(0.750091314614384,2.75000000096584,0.343862941433549));
#6182=CARTESIAN_POINT('',(0.750091314614384,2.75000000096584,0.343862941433549));
#6183=CARTESIAN_POINT('Origin',(0.750091314614384,2.80000000096584,0.343862941433549));
#6184=CARTESIAN_POINT('Origin',(0.750091314614384,2.75000000096584,0.699999999994811));
#6185=CARTESIAN_POINT('',(0.750091314614384,2.75000000096584,0.343862941433549));
#6186=CARTESIAN_POINT('Origin',(0.750091314614384,3.25000000036873,0.521999999997665));
#6187=CARTESIAN_POINT('Origin',(0.937591314614384,-2.77616583908713E-16,
0.5));
#6188=CARTESIAN_POINT('',(1.11267060860839,0.0672327433254317,0.50006215043685));
#6189=CARTESIAN_POINT('',(1.12188702062038,0.0671688001066807,0.49991340083031));
#6190=CARTESIAN_POINT('',(0.937591314614384,0.0672499999999997,0.5));
#6191=CARTESIAN_POINT('',(1.12509131461438,0.0537693012839264,0.54039089921552));
#6192=CARTESIAN_POINT('Ctrl Pts',(1.12188702062038,0.0671688001066807,0.49991340083031));
#6193=CARTESIAN_POINT('Ctrl Pts',(1.12295511861838,0.0670627706415324,0.514348510615854));
#6194=CARTESIAN_POINT('Ctrl Pts',(1.12402321661638,0.062443402182373,0.528843735036602));
#6195=CARTESIAN_POINT('Ctrl Pts',(1.12509131461438,0.0537693012839265,0.54039089921552));
#6196=CARTESIAN_POINT('',(1.12509131461438,-0.0537159154537449,0.540419492791585));
#6197=CARTESIAN_POINT('Origin',(1.12509131461438,-2.77616583908713E-16,
0.5));
#6198=CARTESIAN_POINT('Ctrl Pts',(1.12509131461438,-0.0537159154537449,
0.540419492791585));
#6199=CARTESIAN_POINT('Ctrl Pts',(1.12465203962191,-0.0501892338540184,
0.545207877019459));
#6200=CARTESIAN_POINT('Ctrl Pts',(1.12421276462944,-0.0460500391284253,
0.549520801364294));
#6201=CARTESIAN_POINT('Ctrl Pts',(1.12377348963697,-0.0413851677150743,
0.553157167791619));
#6202=CARTESIAN_POINT('Ctrl Pts',(1.12213453272898,-0.0239802997876052,
0.566724632314293));
#6203=CARTESIAN_POINT('Ctrl Pts',(1.12049557582098,0.000742373063700486,
0.570873914567679));
#6204=CARTESIAN_POINT('Ctrl Pts',(1.11885661891299,0.0216389434121415,0.563780594422835));
#6205=CARTESIAN_POINT('Ctrl Pts',(1.11721766200499,0.0425355137605834,0.55668727427799));
#6206=CARTESIAN_POINT('Ctrl Pts',(1.115578705097,0.0596059816061603,0.538351351734915));
#6207=CARTESIAN_POINT('Ctrl Pts',(1.11393974818901,0.0651741563131391,0.51700492185759));
#6208=CARTESIAN_POINT('Ctrl Pts',(1.11351670166213,0.0666114100684515,0.511494994795631));
#6209=CARTESIAN_POINT('Ctrl Pts',(1.11309365513526,0.0672823165281406,0.505784490846416));
#6210=CARTESIAN_POINT('Ctrl Pts',(1.11267060860839,0.0672327433254317,0.50006215043685));
#6211=CARTESIAN_POINT('Origin',(0.937591314614384,-2.77616583908713E-16,
0.5));
#6212=CARTESIAN_POINT('',(1.08142060860839,0.067166567976434,0.49996299312044));
#6213=CARTESIAN_POINT('',(1.09063702062038,0.0673562472119388,0.500003380795773));
#6214=CARTESIAN_POINT('',(0.937591314614384,0.0672499999999997,0.5));
#6215=CARTESIAN_POINT('Ctrl Pts',(1.09063702062038,0.0673562472119388,0.500003380795773));
#6216=CARTESIAN_POINT('Ctrl Pts',(1.09064908692909,0.0673563515993171,0.500165816911481));
#6217=CARTESIAN_POINT('Ctrl Pts',(1.0906611532378,0.0673558136102368,0.500328252244876));
#6218=CARTESIAN_POINT('Ctrl Pts',(1.09067321954651,0.0673546311376913,0.500490682816531));
#6219=CARTESIAN_POINT('Ctrl Pts',(1.09231217645451,0.0671940168526221,0.522553495384925));
#6220=CARTESIAN_POINT('Ctrl Pts',(1.0939511333625,0.0551429609417035,0.544528455903779));
#6221=CARTESIAN_POINT('Ctrl Pts',(1.0955900902705,0.0366263049893131,0.556526913342356));
#6222=CARTESIAN_POINT('Ctrl Pts',(1.09722904717849,0.018109649036923,0.568525370780934));
#6223=CARTESIAN_POINT('Ctrl Pts',(1.09886800408648,-0.00687260695693857,
0.570547325139235));
#6224=CARTESIAN_POINT('Ctrl Pts',(1.10050696099448,-0.0270754694302497,
0.561676623108226));
#6225=CARTESIAN_POINT('Ctrl Pts',(1.10214591790247,-0.0472783319035618,
0.552805921077216));
#6226=CARTESIAN_POINT('Ctrl Pts',(1.10378487481047,-0.062701800856323,0.533042562656895));
#6227=CARTESIAN_POINT('Ctrl Pts',(1.10542383171846,-0.0664023651116829,
0.511294443562472));
#6228=CARTESIAN_POINT('Ctrl Pts',(1.10706278862645,-0.0701029293670427,
0.48954632446805));
#6229=CARTESIAN_POINT('Ctrl Pts',(1.10870174553445,-0.0620805889250017,
0.465813444699526));
#6230=CARTESIAN_POINT('Ctrl Pts',(1.11034070244244,-0.0459481853967251,
0.450755970170586));
#6231=CARTESIAN_POINT('Ctrl Pts',(1.11197965935043,-0.0298157818684483,
0.435698495641645));
#6232=CARTESIAN_POINT('Ctrl Pts',(1.11361861625843,-0.00557331525393577,
0.429316426352287));
#6233=CARTESIAN_POINT('Ctrl Pts',(1.11525757316642,0.0158705936529229,0.434528322246825));
#6234=CARTESIAN_POINT('Ctrl Pts',(1.11689653007442,0.037314502559781,0.439740218141363));
#6235=CARTESIAN_POINT('Ctrl Pts',(1.11853548698241,0.0559598537589854,0.456546079219796));
#6236=CARTESIAN_POINT('Ctrl Pts',(1.1201744438904,0.0634010752626339,0.477279075307174));
#6237=CARTESIAN_POINT('Ctrl Pts',(1.1207453028004,0.0659928991085633,0.484500507115175));
#6238=CARTESIAN_POINT('Ctrl Pts',(1.12131616171039,0.0672254689376447,0.492198368077484));
#6239=CARTESIAN_POINT('Ctrl Pts',(1.12188702062038,0.0671688001066807,0.49991340083031));
#6240=CARTESIAN_POINT('Ctrl Pts',(1.11267060860839,0.0672327433254317,0.50006215043685));
#6241=CARTESIAN_POINT('Ctrl Pts',(1.11145469822727,0.0670902611917414,0.48361513417193));
#6242=CARTESIAN_POINT('Ctrl Pts',(1.11023878784615,0.060995975468436,0.467070338204299));
#6243=CARTESIAN_POINT('Ctrl Pts',(1.10902287746503,0.0500389331689953,0.454909075036758));
#6244=CARTESIAN_POINT('Ctrl Pts',(1.10738392055703,0.0352696537494919,0.438516595304824));
#6245=CARTESIAN_POINT('Ctrl Pts',(1.10574496364904,0.0116652133421039,0.430088573052529));
#6246=CARTESIAN_POINT('Ctrl Pts',(1.10410600674104,-0.0101470967548984,
0.433413113222845));
#6247=CARTESIAN_POINT('Ctrl Pts',(1.10246704983305,-0.0319594068519013,
0.436737653393162));
#6248=CARTESIAN_POINT('Ctrl Pts',(1.10082809292506,-0.0519795866385188,
0.451814755986092));
#6249=CARTESIAN_POINT('Ctrl Pts',(1.09918913601706,-0.0611968868227107,
0.471860572380045));
#6250=CARTESIAN_POINT('Ctrl Pts',(1.09755017910907,-0.0704141870069025,
0.491906388773999));
#6251=CARTESIAN_POINT('Ctrl Pts',(1.09591122220107,-0.0688286075886694,
0.516920918968975));
#6252=CARTESIAN_POINT('Ctrl Pts',(1.09427226529308,-0.0571533288312606,
0.535642717005222));
#6253=CARTESIAN_POINT('Ctrl Pts',(1.09263330838509,-0.0454780500738516,
0.554364515041469));
#6254=CARTESIAN_POINT('Ctrl Pts',(1.09099435147709,-0.0237130719772662,
0.566793580918985));
#6255=CARTESIAN_POINT('Ctrl Pts',(1.0893553945691,-0.00165588655650201,
0.567335905658155));
#6256=CARTESIAN_POINT('Ctrl Pts',(1.08771643766111,0.0204012988642615,0.567878230397324));
#6257=CARTESIAN_POINT('Ctrl Pts',(1.08607748075311,0.0427506916092042,0.556533813998146));
#6258=CARTESIAN_POINT('Ctrl Pts',(1.08443852384512,0.0553321587477925,0.538408798080504));
#6259=CARTESIAN_POINT('Ctrl Pts',(1.08343255209954,0.0630545097123561,0.527283884538026));
#6260=CARTESIAN_POINT('Ctrl Pts',(1.08242658035396,0.0670969367647317,0.513604478740739));
#6261=CARTESIAN_POINT('Ctrl Pts',(1.08142060860839,0.067166567976434,0.49996299312044));
#6262=CARTESIAN_POINT('Origin',(0.937591314614384,-2.77616583908713E-16,
0.5));
#6263=CARTESIAN_POINT('',(1.05017060860839,0.0673535903186542,0.499987985506316));
#6264=CARTESIAN_POINT('',(1.05938702062038,0.0671760813955549,0.500043032045021));
#6265=CARTESIAN_POINT('',(0.937591314614384,0.0672499999999997,0.5));
#6266=CARTESIAN_POINT('Ctrl Pts',(1.05938702062038,0.0671760813955549,0.500043032045021));
#6267=CARTESIAN_POINT('Ctrl Pts',(1.0599820121478,0.067224355188746,0.508108530382162));
#6268=CARTESIAN_POINT('Ctrl Pts',(1.06057700367521,0.065878255462299,0.516158457908902));
#6269=CARTESIAN_POINT('Ctrl Pts',(1.06117199520263,0.0630649140487897,0.52365796627249));
#6270=CARTESIAN_POINT('Ctrl Pts',(1.06281095211062,0.0553153157238362,0.544316026888013));
#6271=CARTESIAN_POINT('Ctrl Pts',(1.06444990901861,0.0364326416282018,0.560797639749191));
#6272=CARTESIAN_POINT('Ctrl Pts',(1.06608886592661,0.0149166765902625,0.565683886019836));
#6273=CARTESIAN_POINT('Ctrl Pts',(1.0677278228346,-0.00659928844767738,
0.570570132290482));
#6274=CARTESIAN_POINT('Ctrl Pts',(1.0693667797426,-0.0307485444279224,0.563861011970594));
#6275=CARTESIAN_POINT('Ctrl Pts',(1.07100573665059,-0.0466606378001074,
0.54857643474132));
#6276=CARTESIAN_POINT('Ctrl Pts',(1.07264469355858,-0.0625727311722923,
0.533291857512047));
#6277=CARTESIAN_POINT('Ctrl Pts',(1.07428365046658,-0.0702476619364173,
0.509431823373388));
#6278=CARTESIAN_POINT('Ctrl Pts',(1.07592260737457,-0.0662306482247589,
0.487736819066005));
#6279=CARTESIAN_POINT('Ctrl Pts',(1.07756156428256,-0.0622136345131004,
0.466041814758622));
#6280=CARTESIAN_POINT('Ctrl Pts',(1.07920052119056,-0.0465046763256583,
0.446511840282515));
#6281=CARTESIAN_POINT('Ctrl Pts',(1.08083947809855,-0.0261749790853683,
0.437937632245439));
#6282=CARTESIAN_POINT('Ctrl Pts',(1.08247843500655,-0.00584528184507801,
0.429363424208362));
#6283=CARTESIAN_POINT('Ctrl Pts',(1.08411739191454,0.0191051544480605,0.431744982610315));
#6284=CARTESIAN_POINT('Ctrl Pts',(1.08575634882253,0.0374452862650201,0.444011094120259));
#6285=CARTESIAN_POINT('Ctrl Pts',(1.08738323942182,0.0556503945854955,0.456186900212507));
#6286=CARTESIAN_POINT('Ctrl Pts',(1.0890101300211,0.0673421727465351,0.478102251298911));
#6287=CARTESIAN_POINT('Ctrl Pts',(1.09063702062038,0.0673562472119388,0.500003380795773));
#6288=CARTESIAN_POINT('Ctrl Pts',(1.08142060860839,0.067166567976434,0.49996299312044));
#6289=CARTESIAN_POINT('Ctrl Pts',(1.08078762344597,0.0672103818549475,0.491379394198364));
#6290=CARTESIAN_POINT('Ctrl Pts',(1.08015463828355,0.0656812572372371,0.482810808911157));
#6291=CARTESIAN_POINT('Ctrl Pts',(1.07952165312114,0.0625062314079889,0.474903080823331));
#6292=CARTESIAN_POINT('Ctrl Pts',(1.07788269621314,0.0542852953973633,0.454427994919907));
#6293=CARTESIAN_POINT('Ctrl Pts',(1.07624373930515,0.0350298818438788,0.438383438549166));
#6294=CARTESIAN_POINT('Ctrl Pts',(1.07460478239715,0.0134075932721759,0.433991548000355));
#6295=CARTESIAN_POINT('Ctrl Pts',(1.07296582548916,-0.00821469529952757,
0.429599657451544));
#6296=CARTESIAN_POINT('Ctrl Pts',(1.07132686858117,-0.0322038588894492,
0.436860432724664));
#6297=CARTESIAN_POINT('Ctrl Pts',(1.06968791167317,-0.0477615190463589,
0.452505587371331));
#6298=CARTESIAN_POINT('Ctrl Pts',(1.06804895476518,-0.0633191792032679,
0.468150742017998));
#6299=CARTESIAN_POINT('Ctrl Pts',(1.06640999785719,-0.0704453359271654,
0.492180276038211));
#6300=CARTESIAN_POINT('Ctrl Pts',(1.06477104094919,-0.0659322359290489,
0.513777591692846));
#6301=CARTESIAN_POINT('Ctrl Pts',(1.0631320840412,-0.0614191359309323,0.535374907347481));
#6302=CARTESIAN_POINT('Ctrl Pts',(1.0614931271332,-0.0452667792108017,0.554540004636539));
#6303=CARTESIAN_POINT('Ctrl Pts',(1.05985417022521,-0.0247459362034571,
0.562645987941031));
#6304=CARTESIAN_POINT('Ctrl Pts',(1.05821521331722,-0.00422509319611212,
0.570751971245524));
#6305=CARTESIAN_POINT('Ctrl Pts',(1.05657625640922,0.0206642360984474,0.567798840565451));
#6306=CARTESIAN_POINT('Ctrl Pts',(1.05493729950123,0.0387184588560615,0.555115900539641));
#6307=CARTESIAN_POINT('Ctrl Pts',(1.05334840253695,0.056221237356283,0.542820345478444));
#6308=CARTESIAN_POINT('Ctrl Pts',(1.05175950557267,0.0673000727118574,0.521380274277312));
#6309=CARTESIAN_POINT('Ctrl Pts',(1.05017060860839,0.0673535903186542,0.499987985506316));
#6310=CARTESIAN_POINT('Origin',(0.937591314614384,-2.77616583908713E-16,
0.5));
#6311=CARTESIAN_POINT('',(1.01892060860839,0.0671945910823582,0.500050986805336));
#6312=CARTESIAN_POINT('',(1.02813702062038,0.0672197172944202,0.499943150249829));
#6313=CARTESIAN_POINT('',(0.937591314614384,0.0672499999999997,0.5));
#6314=CARTESIAN_POINT('Ctrl Pts',(1.02813702062038,0.0672197172944202,0.499943150249829));
#6315=CARTESIAN_POINT('Ctrl Pts',(1.0293149373665,0.0670873567550674,0.51588435448207));
#6316=CARTESIAN_POINT('Ctrl Pts',(1.03049285411262,0.0614007683846773,0.531910502138561));
#6317=CARTESIAN_POINT('Ctrl Pts',(1.03167077085874,0.0510584376641278,0.543930834743965));
#6318=CARTESIAN_POINT('Ctrl Pts',(1.03330972776673,0.0366680875523291,0.560655961731863));
#6319=CARTESIAN_POINT('Ctrl Pts',(1.03494868467473,0.0132642093526447,0.569625821404205));
#6320=CARTESIAN_POINT('Ctrl Pts',(1.03658764158272,-0.00861825712823252,
0.566802753597106));
#6321=CARTESIAN_POINT('Ctrl Pts',(1.03822659849071,-0.0305007236091096,
0.563979685790006));
#6322=CARTESIAN_POINT('Ctrl Pts',(1.03986555539871,-0.0508617783711796,
0.549363690503465));
#6323=CARTESIAN_POINT('Ctrl Pts',(1.0415045123067,-0.0605361677092176,0.529533958618813));
#6324=CARTESIAN_POINT('Ctrl Pts',(1.04314346921469,-0.0702105570472555,
0.50970422673416));
#6325=CARTESIAN_POINT('Ctrl Pts',(1.04478242612269,-0.0691982809612612,
0.484660758251397));
#6326=CARTESIAN_POINT('Ctrl Pts',(1.04642138303068,-0.0579550015782912,
0.465676536272202));
#6327=CARTESIAN_POINT('Ctrl Pts',(1.04806033993868,-0.0467117221953211,
0.446692314293007));
#6328=CARTESIAN_POINT('Ctrl Pts',(1.04969929684667,-0.0252374395153755,
0.43376733881738));
#6329=CARTESIAN_POINT('Ctrl Pts',(1.05133825375466,-0.00319851245578287,
0.432719605342146));
#6330=CARTESIAN_POINT('Ctrl Pts',(1.05297721066266,0.0188404146038096,0.431671871866913));
#6331=CARTESIAN_POINT('Ctrl Pts',(1.05461616757065,0.0414439860430492,0.442501380392072));
#6332=CARTESIAN_POINT('Ctrl Pts',(1.05625512447865,0.0544375104855325,0.460333388839586));
#6333=CARTESIAN_POINT('Ctrl Pts',(1.05729908985922,0.0627139878129703,0.47169183236827));
#6334=CARTESIAN_POINT('Ctrl Pts',(1.0583430552398,0.0670913807459511,0.485891400209734));
#6335=CARTESIAN_POINT('Ctrl Pts',(1.05938702062038,0.0671760813955549,0.500043032045021));
#6336=CARTESIAN_POINT('Ctrl Pts',(1.05017060860839,0.0673535903186542,0.499987985506316));
#6337=CARTESIAN_POINT('Ctrl Pts',(1.05012054866467,0.0673552764496269,0.499313997956563));
#6338=CARTESIAN_POINT('Ctrl Pts',(1.05007048872096,0.0673460184729061,0.498640057837284));
#6339=CARTESIAN_POINT('Ctrl Pts',(1.05002042877725,0.0673256724849589,0.497966452628714));
#6340=CARTESIAN_POINT('Ctrl Pts',(1.04838147186925,0.0666595471355736,0.475912694115144));
#6341=CARTESIAN_POINT('Ctrl Pts',(1.04674251496126,0.0541081802161331,0.454217926459553));
#6342=CARTESIAN_POINT('Ctrl Pts',(1.04510355805327,0.0353214007572221,0.442647754445078));
#6343=CARTESIAN_POINT('Ctrl Pts',(1.04346460114527,0.0165346212983116,0.431077582430603));
#6344=CARTESIAN_POINT('Ctrl Pts',(1.04182564423728,-0.00848757070006914,
0.429632006057244));
#6345=CARTESIAN_POINT('Ctrl Pts',(1.04018668732929,-0.0284817737636469,
0.438961732993702));
#6346=CARTESIAN_POINT('Ctrl Pts',(1.03854773042129,-0.0484759768272252,
0.44829145993016));
#6347=CARTESIAN_POINT('Ctrl Pts',(1.0369087735133,-0.0634421909560003,0.468396490176436));
#6348=CARTESIAN_POINT('Ctrl Pts',(1.0352698166053,-0.0666435767742703,0.490226815354022));
#6349=CARTESIAN_POINT('Ctrl Pts',(1.03363085969731,-0.0698449625925403,
0.512057140531608));
#6350=CARTESIAN_POINT('Ctrl Pts',(1.03199190278932,-0.061281520100306,0.535612760640503));
#6351=CARTESIAN_POINT('Ctrl Pts',(1.03035294588132,-0.0448079673922724,
0.550290431637576));
#6352=CARTESIAN_POINT('Ctrl Pts',(1.02871398897333,-0.0283344146842387,
0.564968102634649));
#6353=CARTESIAN_POINT('Ctrl Pts',(1.02707503206534,-0.00395075176040544,
0.570767824519899));
#6354=CARTESIAN_POINT('Ctrl Pts',(1.02543607515734,0.0173670448335006,0.565078930670934));
#6355=CARTESIAN_POINT('Ctrl Pts',(1.02379711824935,0.0386848414274066,0.559390036821969));
#6356=CARTESIAN_POINT('Ctrl Pts',(1.02215816134135,0.0569367716913854,0.54221252723879));
#6357=CARTESIAN_POINT('Ctrl Pts',(1.02051920443336,0.0639069756611488,0.521278625968432));
#6358=CARTESIAN_POINT('Ctrl Pts',(1.01998633915837,0.0661731607188377,0.514472498850228));
#6359=CARTESIAN_POINT('Ctrl Pts',(1.01945347388338,0.0672467992597388,0.507269298473428));
#6360=CARTESIAN_POINT('Ctrl Pts',(1.01892060860839,0.0671945910823582,0.500050986805336));
#6361=CARTESIAN_POINT('Origin',(0.937591314614384,-2.77616583908713E-16,
0.5));
#6362=CARTESIAN_POINT('',(0.987670608608387,0.0671977766395083,0.499948000029897));
#6363=CARTESIAN_POINT('',(0.996887020620382,0.0673411469006416,0.500028088171331));
#6364=CARTESIAN_POINT('',(0.937591314614384,0.0672499999999997,0.5));
#6365=CARTESIAN_POINT('Ctrl Pts',(0.996887020620382,0.0673411469006416,
0.500028088171331));
#6366=CARTESIAN_POINT('Ctrl Pts',(0.997008905677211,0.0673498951750009,
0.501669911046553));
#6367=CARTESIAN_POINT('Ctrl Pts',(0.99713079073404,0.0672949549737075,0.503311139024451));
#6368=CARTESIAN_POINT('Ctrl Pts',(0.997252675790869,0.0671744308862642,
0.504947536612688));
#6369=CARTESIAN_POINT('Ctrl Pts',(0.998891632698862,0.0655537745824158,
0.526951752726137));
#6370=CARTESIAN_POINT('Ctrl Pts',(1.00053058960686,0.0520745764731487,0.548082562564028));
#6371=CARTESIAN_POINT('Ctrl Pts',(1.00216954651485,0.0328043155671465,0.558828217412824));
#6372=CARTESIAN_POINT('Ctrl Pts',(1.00380850342284,0.0135340546611443,0.569573872261619));
#6373=CARTESIAN_POINT('Ctrl Pts',(1.00544746033084,-0.0115272690415926,
0.569934372121319));
#6374=CARTESIAN_POINT('Ctrl Pts',(1.00708641723883,-0.031098639096334,0.559747442867311));
#6375=CARTESIAN_POINT('Ctrl Pts',(1.00872537414682,-0.0506700091510759,
0.549560513613304));
#6376=CARTESIAN_POINT('Ctrl Pts',(1.01036433105482,-0.0647514255578217,
0.528826155245587));
#6377=CARTESIAN_POINT('Ctrl Pts',(1.01200328796281,-0.0670043288754441,
0.506877659154893));
#6378=CARTESIAN_POINT('Ctrl Pts',(1.01364224487081,-0.0692572321930664,
0.484929163064199));
#6379=CARTESIAN_POINT('Ctrl Pts',(1.0152812017788,-0.0596816224215653,0.461766529250526));
#6380=CARTESIAN_POINT('Ctrl Pts',(1.01692015868679,-0.0425878309878891,
0.447816104615583));
#6381=CARTESIAN_POINT('Ctrl Pts',(1.01855911559479,-0.0254940395542133,
0.433865679980639));
#6382=CARTESIAN_POINT('Ctrl Pts',(1.02019807250278,-0.00088206645836315,
0.429127464524425));
#6383=CARTESIAN_POINT('Ctrl Pts',(1.02183702941078,0.0201693409539398,0.435734301809809));
#6384=CARTESIAN_POINT('Ctrl Pts',(1.02347598631877,0.0412207483662425,0.442341139095192));
#6385=CARTESIAN_POINT('Ctrl Pts',(1.02511494322676,0.0587115900949979,0.460293029122175));
#6386=CARTESIAN_POINT('Ctrl Pts',(1.02675390013476,0.0647685999474188,0.481509171287394));
#6387=CARTESIAN_POINT('Ctrl Pts',(1.02721494029663,0.0664724426715429,0.48747729257875));
#6388=CARTESIAN_POINT('Ctrl Pts',(1.02767598045851,0.0672715236081432,0.493703714904394));
#6389=CARTESIAN_POINT('Ctrl Pts',(1.02813702062038,0.0672197172944202,0.499943150249829));
#6390=CARTESIAN_POINT('Ctrl Pts',(1.01892060860839,0.0671945910823582,0.500050986805336));
#6391=CARTESIAN_POINT('Ctrl Pts',(1.01781451697538,0.0670862202973115,0.485067623251356));
#6392=CARTESIAN_POINT('Ctrl Pts',(1.01670842534238,0.0621269012672007,0.470019149508949));
#6393=CARTESIAN_POINT('Ctrl Pts',(1.01560233370938,0.0529131822534248,0.458321749024233));
#6394=CARTESIAN_POINT('Ctrl Pts',(1.01396337680138,0.0392607072003892,0.44098906630793));
#6395=CARTESIAN_POINT('Ctrl Pts',(1.01232441989339,0.0162672794187698,0.431013993832862));
#6396=CARTESIAN_POINT('Ctrl Pts',(1.0106854629854,-0.00571692007929681,
0.432886675791096));
#6397=CARTESIAN_POINT('Ctrl Pts',(1.0090465060774,-0.0277011195773635,0.434759357749331));
#6398=CARTESIAN_POINT('Ctrl Pts',(1.00740754916941,-0.0486760907918771,
0.448479794140868));
#6399=CARTESIAN_POINT('Ctrl Pts',(1.00576859226142,-0.0592002336676287,
0.467871915791853));
#6400=CARTESIAN_POINT('Ctrl Pts',(1.00412963535342,-0.0697243765433801,
0.487264037442838));
#6401=CARTESIAN_POINT('Ctrl Pts',(1.00249067844543,-0.0697976910803692,
0.51232784435327));
#6402=CARTESIAN_POINT('Ctrl Pts',(1.00085172153743,-0.0593871757315446,
0.531781202302171));
#6403=CARTESIAN_POINT('Ctrl Pts',(0.999212764629441,-0.0489766603827199,
0.551234560251072));
#6404=CARTESIAN_POINT('Ctrl Pts',(0.997573807721447,-0.0280823151480812,
0.565077469238443));
#6405=CARTESIAN_POINT('Ctrl Pts',(0.995934850813453,-0.00610944738243413,
0.567078730712108));
#6406=CARTESIAN_POINT('Ctrl Pts',(0.994295893905459,0.0158634203832128,
0.569079992185773));
#6407=CARTESIAN_POINT('Ctrl Pts',(0.992656936997465,0.0389148106798681,
0.559239606145733));
#6408=CARTESIAN_POINT('Ctrl Pts',(0.991017980089471,0.0526684514448562,
0.541987089487228));
#6409=CARTESIAN_POINT('Ctrl Pts',(0.989902189595776,0.0620318346701382,
0.530241695824964));
#6410=CARTESIAN_POINT('Ctrl Pts',(0.988786399102082,0.0670859044292557,
0.51506093383208));
#6411=CARTESIAN_POINT('Ctrl Pts',(0.987670608608387,0.0671977766395083,
0.499948000029897));
#6412=CARTESIAN_POINT('Origin',(0.937591314614384,-2.77616583908713E-16,
0.5));
#6413=CARTESIAN_POINT('',(0.956420608608387,0.067352447685696,0.500014290021988));
#6414=CARTESIAN_POINT('',(0.965637020620381,0.0671529980431009,0.500023890569747));
#6415=CARTESIAN_POINT('',(0.937591314614384,0.0672499999999997,0.5));
#6416=CARTESIAN_POINT('Ctrl Pts',(0.965637020620381,0.0671529980431009,
0.500023890569747));
#6417=CARTESIAN_POINT('Ctrl Pts',(0.966341830895914,0.0671840756160233,
0.509586305009979));
#6418=CARTESIAN_POINT('Ctrl Pts',(0.967046641171447,0.065273952516821,0.519136874794626));
#6419=CARTESIAN_POINT('Ctrl Pts',(0.96775145144698,0.0613606197179595,0.527780508117777));
#6420=CARTESIAN_POINT('Ctrl Pts',(0.969390408354974,0.0522606050805123,
0.54788030381731));
#6421=CARTESIAN_POINT('Ctrl Pts',(0.971029365262968,0.0323283814529988,
0.563075907362969));
#6422=CARTESIAN_POINT('Ctrl Pts',(0.972668322170962,0.0105361701418989,
0.566527223015872));
#6423=CARTESIAN_POINT('Ctrl Pts',(0.974307279078956,-0.011256041169201,
0.569978538668775));
#6424=CARTESIAN_POINT('Ctrl Pts',(0.975946235986949,-0.034908240163887,
0.561685566428921));
#6425=CARTESIAN_POINT('Ctrl Pts',(0.977585192894943,-0.0497737088576634,
0.545381275764348));
#6426=CARTESIAN_POINT('Ctrl Pts',(0.979224149802937,-0.0646391775514397,
0.529076985099775));
#6427=CARTESIAN_POINT('Ctrl Pts',(0.980863106710931,-0.0707179159443066,
0.504761376010482));
#6428=CARTESIAN_POINT('Ctrl Pts',(0.982502063618925,-0.065273662034426,
0.48337979157583));
#6429=CARTESIAN_POINT('Ctrl Pts',(0.984141020526919,-0.0598294081245455,
0.461998207141178));
#6430=CARTESIAN_POINT('Ctrl Pts',(0.985779977434912,-0.0428621619119181,
0.443550647361166));
#6431=CARTESIAN_POINT('Ctrl Pts',(0.987418934342906,-0.0220095001578941,
0.436341032161172));
#6432=CARTESIAN_POINT('Ctrl Pts',(0.989057891250899,-0.0011568384038698,
0.429131416961177));
#6433=CARTESIAN_POINT('Ctrl Pts',(0.990696848158893,0.023581238891551,0.433159746341202));
#6434=CARTESIAN_POINT('Ctrl Pts',(0.992335805066887,0.0410692202900466,
0.446612722225717));
#6435=CARTESIAN_POINT('Ctrl Pts',(0.993852876918052,0.057256664989753,0.459065234509142));
#6436=CARTESIAN_POINT('Ctrl Pts',(0.995369948769217,0.0672322593870926,
0.479592742498962));
#6437=CARTESIAN_POINT('Ctrl Pts',(0.996887020620382,0.0673411469006416,
0.500028088171331));
#6438=CARTESIAN_POINT('Ctrl Pts',(0.987670608608387,0.0671977766395083,
0.499948000029897));
#6439=CARTESIAN_POINT('Ctrl Pts',(0.987147442194088,0.0672502307367857,
0.492861921208199));
#6440=CARTESIAN_POINT('Ctrl Pts',(0.986624275779789,0.0662161729056749,
0.485790753999715));
#6441=CARTESIAN_POINT('Ctrl Pts',(0.98610110936549,0.0640303658775444,0.479095605562575));
#6442=CARTESIAN_POINT('Ctrl Pts',(0.984462152457497,0.0571827483119233,
0.458121285573398));
#6443=CARTESIAN_POINT('Ctrl Pts',(0.982823195549503,0.0390316219473604,
0.440837292872016));
#6444=CARTESIAN_POINT('Ctrl Pts',(0.981184238641509,0.0177474712087718,
0.435023783374861));
#6445=CARTESIAN_POINT('Ctrl Pts',(0.979545281733515,-0.00353667952981677,
0.429210273877707));
#6446=CARTESIAN_POINT('Ctrl Pts',(0.97790632482552,-0.0279538546424315,
0.434867247584779));
#6447=CARTESIAN_POINT('Ctrl Pts',(0.976267367917526,-0.0445129924750861,
0.449448294171933));
#6448=CARTESIAN_POINT('Ctrl Pts',(0.974628411009533,-0.0610721303077408,
0.464029340759087));
#6449=CARTESIAN_POINT('Ctrl Pts',(0.97298945410154,-0.0697732308604359,
0.487534460226323));
#6450=CARTESIAN_POINT('Ctrl Pts',(0.971350497193546,-0.0666996112167495,
0.509383140452417));
#6451=CARTESIAN_POINT('Ctrl Pts',(0.969711540285553,-0.063625991573063,
0.53123182067851));
#6452=CARTESIAN_POINT('Ctrl Pts',(0.968072583377558,-0.0487776517329949,
0.551424061663462));
#6453=CARTESIAN_POINT('Ctrl Pts',(0.966433626469564,-0.0288383713675138,
0.560870598798488));
#6454=CARTESIAN_POINT('Ctrl Pts',(0.96479466956157,-0.0088990910020327,
0.570317135933514));
#6455=CARTESIAN_POINT('Ctrl Pts',(0.963155712653577,0.0161311298888613,
0.569017969218613));
#6456=CARTESIAN_POINT('Ctrl Pts',(0.961516755745583,0.0349852753725512,
0.557557901006922));
#6457=CARTESIAN_POINT('Ctrl Pts',(0.959877798837589,0.0538394208562411,
0.54609783279523));
#6458=CARTESIAN_POINT('Ctrl Pts',(0.958238841929596,0.0665174909327269,
0.524476863086747));
#6459=CARTESIAN_POINT('Ctrl Pts',(0.956599885021602,0.0673126235583601,
0.502427379431926));
#6460=CARTESIAN_POINT('Ctrl Pts',(0.956540126217197,0.0673416152754819,
0.501623422491671));
#6461=CARTESIAN_POINT('Ctrl Pts',(0.956480367412792,0.0673548093406722,
0.500818895867851));
#6462=CARTESIAN_POINT('Ctrl Pts',(0.956420608608387,0.067352447685696,0.500014290021988));
#6463=CARTESIAN_POINT('Origin',(0.937591314614384,-2.77616583908713E-16,
0.5));
#6464=CARTESIAN_POINT('',(0.925170608608387,0.0671643986790247,0.500035386027558));
#6465=CARTESIAN_POINT('',(0.934387020620382,0.0672625195881917,0.499942180508953));
#6466=CARTESIAN_POINT('',(0.937591314614384,0.0672499999999997,0.5));
#6467=CARTESIAN_POINT('Ctrl Pts',(0.934387020620382,0.0672625195881917,
0.499942180508953));
#6468=CARTESIAN_POINT('Ctrl Pts',(0.935674756114619,0.0671065353594517,
0.517341250232773));
#6469=CARTESIAN_POINT('Ctrl Pts',(0.936962491608855,0.0601901612122793,
0.534850409907407));
#6470=CARTESIAN_POINT('Ctrl Pts',(0.938250227103092,0.0480385598518605,
0.547214182729502));
#6471=CARTESIAN_POINT('Ctrl Pts',(0.939889184011086,0.032572688885364,0.562950093532867));
#6472=CARTESIAN_POINT('Ctrl Pts',(0.94152814091908,0.00862639965892778,
0.570351116309154));
#6473=CARTESIAN_POINT('Ctrl Pts',(0.943167097827074,-0.0130212090964717,
0.566085780597052));
#6474=CARTESIAN_POINT('Ctrl Pts',(0.944806054735067,-0.0346688178518715,
0.56182044488495));
#6475=CARTESIAN_POINT('Ctrl Pts',(0.946445011643061,-0.0540177461362344,
0.545888750684459));
#6476=CARTESIAN_POINT('Ctrl Pts',(0.948083968551055,-0.0623583351651214,
0.525462135002587));
#6477=CARTESIAN_POINT('Ctrl Pts',(0.949722925459048,-0.0706989241940085,
0.505035519320715));
#6478=CARTESIAN_POINT('Ctrl Pts',(0.951361882367043,-0.0680311739674197,
0.480113982157461));
#6479=CARTESIAN_POINT('Ctrl Pts',(0.953000839275036,-0.0555559362252674,
0.461915616933061));
#6480=CARTESIAN_POINT('Ctrl Pts',(0.95463979618303,-0.0430806984831151,
0.44371725170866));
#6481=CARTESIAN_POINT('Ctrl Pts',(0.956278753091024,-0.0207979732253985,
0.432242058423113));
#6482=CARTESIAN_POINT('Ctrl Pts',(0.957917709999018,0.00126197167310134,
0.432655440375983));
#6483=CARTESIAN_POINT('Ctrl Pts',(0.959556666907011,0.0233219165716013,
0.433068822328852));
#6484=CARTESIAN_POINT('Ctrl Pts',(0.961195623815006,0.045159081110885,0.44537077952014));
#6485=CARTESIAN_POINT('Ctrl Pts',(0.962834580722999,0.0569437605568363,
0.464023752042487));
#6486=CARTESIAN_POINT('Ctrl Pts',(0.96376872735546,0.0636606050116069,0.474655277119291));
#6487=CARTESIAN_POINT('Ctrl Pts',(0.964702873987921,0.0671118082206787,
0.487349987311478));
#6488=CARTESIAN_POINT('Ctrl Pts',(0.965637020620381,0.0671529980431009,
0.500023890569747));
#6489=CARTESIAN_POINT('Ctrl Pts',(0.956420608608387,0.067352447685696,0.500014290021988));
#6490=CARTESIAN_POINT('Ctrl Pts',(0.954841410504798,0.0672900381194919,
0.478751615198172));
#6491=CARTESIAN_POINT('Ctrl Pts',(0.953262212401209,0.0563643841709196,
0.457433616132913));
#6492=CARTESIAN_POINT('Ctrl Pts',(0.95168301429762,0.0390402346980132,0.44511155371173));
#6493=CARTESIAN_POINT('Ctrl Pts',(0.950044057389626,0.0210605180372522,
0.432323209247515));
#6494=CARTESIAN_POINT('Ctrl Pts',(0.948405100481633,-0.00381111045905054,
0.429224517920245));
#6495=CARTESIAN_POINT('Ctrl Pts',(0.946766143573639,-0.0243790230831213,
0.437210313786986));
#6496=CARTESIAN_POINT('Ctrl Pts',(0.945127186665645,-0.0449469357071921,
0.445196109653727));
#6497=CARTESIAN_POINT('Ctrl Pts',(0.943488229757651,-0.0612111324590308,
0.46426639271448));
#6498=CARTESIAN_POINT('Ctrl Pts',(0.941849272849657,-0.0658505047981733,
0.485836932569463));
#6499=CARTESIAN_POINT('Ctrl Pts',(0.940210315941663,-0.0704898771373158,
0.507407472424447));
#6500=CARTESIAN_POINT('Ctrl Pts',(0.93857135903367,-0.0635044250637618,
0.531478269073661));
#6501=CARTESIAN_POINT('Ctrl Pts',(0.936932402125676,-0.0480385554987397,
0.547214178451082));
#6502=CARTESIAN_POINT('Ctrl Pts',(0.935293445217683,-0.0325726859337179,
0.562950087828503));
#6503=CARTESIAN_POINT('Ctrl Pts',(0.933654488309688,-0.00862639887722816,
0.57035110993413));
#6504=CARTESIAN_POINT('Ctrl Pts',(0.932015531401695,0.0130212079165249,
0.566085774608541));
#6505=CARTESIAN_POINT('Ctrl Pts',(0.930376574493701,0.0346688147102779,
0.561820439282953));
#6506=CARTESIAN_POINT('Ctrl Pts',(0.928737617585707,0.0540177412412943,
0.545888746526148));
#6507=CARTESIAN_POINT('Ctrl Pts',(0.927098660677714,0.0623583295143803,
0.525462132695279));
#6508=CARTESIAN_POINT('Ctrl Pts',(0.926455976654605,0.0656289236345173,
0.517452246473569));
#6509=CARTESIAN_POINT('Ctrl Pts',(0.925813292631496,0.0672068110947593,
0.508751194822573));
#6510=CARTESIAN_POINT('Ctrl Pts',(0.925170608608387,0.0671643986790247,
0.500035386027558));
#6511=CARTESIAN_POINT('Origin',(0.937591314614384,-2.77616583908713E-16,
0.5));
#6512=CARTESIAN_POINT('',(0.893920608608387,0.0672379159976764,0.499941488006377));
#6513=CARTESIAN_POINT('',(0.903137020620381,0.0673082644856636,0.500047295376662));
#6514=CARTESIAN_POINT('',(0.937591314614384,0.0672499999999997,0.5));
#6515=CARTESIAN_POINT('Ctrl Pts',(0.903137020620381,0.0673082644856636,
0.500047295376662));
#6516=CARTESIAN_POINT('Ctrl Pts',(0.903368724425328,0.067333336818204,0.503172419793993));
#6517=CARTESIAN_POINT('Ctrl Pts',(0.903600428230276,0.067134143286226,0.50629433355216));
#6518=CARTESIAN_POINT('Ctrl Pts',(0.903832132035223,0.0666996172608843,
0.509383141302691));
#6519=CARTESIAN_POINT('Ctrl Pts',(0.905471088943216,0.0636259973386749,
0.531231823508653));
#6520=CARTESIAN_POINT('Ctrl Pts',(0.90711004585121,0.0487776561530906,0.551424066323369));
#6521=CARTESIAN_POINT('Ctrl Pts',(0.908749002759204,0.0288383739807665,
0.560870604314414));
#6522=CARTESIAN_POINT('Ctrl Pts',(0.910387959667198,0.00889909180844255,
0.570317142305459));
#6523=CARTESIAN_POINT('Ctrl Pts',(0.912026916575191,-0.0161311313506211,
0.569017975472832));
#6524=CARTESIAN_POINT('Ctrl Pts',(0.913665873483185,-0.0349852785428217,
0.55755790622266));
#6525=CARTESIAN_POINT('Ctrl Pts',(0.915304830391179,-0.0538394257350223,
0.546097836972489));
#6526=CARTESIAN_POINT('Ctrl Pts',(0.916943787299173,-0.0665174969603598,
0.524476865304772));
#6527=CARTESIAN_POINT('Ctrl Pts',(0.918582744207167,-0.0673126296580456,
0.502427379651887));
#6528=CARTESIAN_POINT('Ctrl Pts',(0.920221701115161,-0.0681077623557313,
0.480377893999002));
#6529=CARTESIAN_POINT('Ctrl Pts',(0.921860658023155,-0.0570199565257652,
0.457899894360949));
#6530=CARTESIAN_POINT('Ctrl Pts',(0.923499614931148,-0.0390402382357315,
0.445111548737889));
#6531=CARTESIAN_POINT('Ctrl Pts',(0.925138571839142,-0.0210605199456978,
0.43232320311483));
#6532=CARTESIAN_POINT('Ctrl Pts',(0.926777528747135,0.00381111080440354,
0.429224511506765));
#6533=CARTESIAN_POINT('Ctrl Pts',(0.928416485655129,0.0243790252922818,
0.437210308097157));
#6534=CARTESIAN_POINT('Ctrl Pts',(0.930055442563123,0.0449469397801601,
0.44519610468755));
#6535=CARTESIAN_POINT('Ctrl Pts',(0.931694399471117,0.0612111380058154,
0.4642663894764));
#6536=CARTESIAN_POINT('Ctrl Pts',(0.933333356379111,0.0658505107653647,
0.485836931286046));
#6537=CARTESIAN_POINT('Ctrl Pts',(0.933684577792868,0.066844708386795,0.490459405588413));
#6538=CARTESIAN_POINT('Ctrl Pts',(0.934035799206625,0.0673050632639598,
0.495196698308762));
#6539=CARTESIAN_POINT('Ctrl Pts',(0.934387020620382,0.0672625195881917,
0.499942180508953));
#6540=CARTESIAN_POINT('Ctrl Pts',(0.925170608608387,0.0671643986790247,
0.500035386027558));
#6541=CARTESIAN_POINT('Ctrl Pts',(0.924174335723502,0.0670986520006268,
0.486524354696317));
#6542=CARTESIAN_POINT('Ctrl Pts',(0.923178062838617,0.0631392544059206,
0.472977861307602));
#6543=CARTESIAN_POINT('Ctrl Pts',(0.922181789953732,0.0555559311909415,
0.461915620384163));
#6544=CARTESIAN_POINT('Ctrl Pts',(0.920542833045738,0.0430806945792609,
0.443717256808848));
#6545=CARTESIAN_POINT('Ctrl Pts',(0.918903876137745,0.0207979713407438,
0.43224206456315));
#6546=CARTESIAN_POINT('Ctrl Pts',(0.917264919229751,-0.00126197155874482,
0.432655446478561));
#6547=CARTESIAN_POINT('Ctrl Pts',(0.915625962321757,-0.0233219144582333,
0.433068828393971));
#6548=CARTESIAN_POINT('Ctrl Pts',(0.913987005413764,-0.0451590770186933,
0.445370784470489));
#6549=CARTESIAN_POINT('Ctrl Pts',(0.91234804850577,-0.0569437553967497,
0.464023755302555));
#6550=CARTESIAN_POINT('Ctrl Pts',(0.910709091597776,-0.0687284337748061,
0.482676726134622));
#6551=CARTESIAN_POINT('Ctrl Pts',(0.909070134689781,-0.0704606279704589,
0.507680711722237));
#6552=CARTESIAN_POINT('Ctrl Pts',(0.907431177781788,-0.0613606141576302,
0.527780505600383));
#6553=CARTESIAN_POINT('Ctrl Pts',(0.905792220873794,-0.0522606003448015,
0.547880299478529));
#6554=CARTESIAN_POINT('Ctrl Pts',(0.9041532639658,-0.0323283785234913,0.563075901647205));
#6555=CARTESIAN_POINT('Ctrl Pts',(0.902514307057807,-0.0105361691871415,
0.566527216987359));
#6556=CARTESIAN_POINT('Ctrl Pts',(0.900875350149813,0.011256040149208,0.569978532327512));
#6557=CARTESIAN_POINT('Ctrl Pts',(0.899236393241819,0.034908237000597,0.561685560839144));
#6558=CARTESIAN_POINT('Ctrl Pts',(0.897597436333825,0.0497737043473057,
0.545381271652022));
#6559=CARTESIAN_POINT('Ctrl Pts',(0.896371827092012,0.0608900760317184,
0.533188951395483));
#6560=CARTESIAN_POINT('Ctrl Pts',(0.8951462178502,0.0670928879708695,0.516516683494018));
#6561=CARTESIAN_POINT('Ctrl Pts',(0.893920608608387,0.0672379159976764,
0.499941488006377));
#6562=CARTESIAN_POINT('Origin',(0.937591314614384,-2.77616583908713E-16,
0.5));
#6563=CARTESIAN_POINT('',(0.862670608608386,0.0673285130932215,0.500037395525016));
#6564=CARTESIAN_POINT('',(0.871887020620382,0.0671445102446848,0.500001039585276));
#6565=CARTESIAN_POINT('',(0.937591314614384,0.0672499999999997,0.5));
#6566=CARTESIAN_POINT('Ctrl Pts',(0.871887020620382,0.0671445102446848,
0.500001039585276));
#6567=CARTESIAN_POINT('Ctrl Pts',(0.872701649644033,0.0671460616659954,
0.511056903683004));
#6568=CARTESIAN_POINT('Ctrl Pts',(0.873516278667684,0.0645616360858719,
0.522112084931661));
#6569=CARTESIAN_POINT('Ctrl Pts',(0.874330907691335,0.0593871811130474,
0.531781205182103));
#6570=CARTESIAN_POINT('Ctrl Pts',(0.875969864599328,0.0489766648208513,
0.551234564893819));
#6571=CARTESIAN_POINT('Ctrl Pts',(0.877608821507322,0.0280823176928216,
0.565077475135585));
#6572=CARTESIAN_POINT('Ctrl Pts',(0.879247778415315,0.00610944793605302,
0.567078736790596));
#6573=CARTESIAN_POINT('Ctrl Pts',(0.880886735323309,-0.0158634218207155,
0.569079998445607));
#6574=CARTESIAN_POINT('Ctrl Pts',(0.882525692231303,-0.038914814206223,
0.559239611513863));
#6575=CARTESIAN_POINT('Ctrl Pts',(0.884164649139297,-0.0526684562175276,
0.541987093291983));
#6576=CARTESIAN_POINT('Ctrl Pts',(0.885803606047291,-0.0664220982288322,
0.524734575070103));
#6577=CARTESIAN_POINT('Ctrl Pts',(0.887442562955284,-0.070877989865934,
0.500069925558087));
#6578=CARTESIAN_POINT('Ctrl Pts',(0.889081519863278,-0.0640303716798005,
0.479095603668275));
#6579=CARTESIAN_POINT('Ctrl Pts',(0.890720476771272,-0.0571827534936671,
0.458121281778463));
#6580=CARTESIAN_POINT('Ctrl Pts',(0.892359433679266,-0.0390316254842983,
0.440837287510854));
#6581=CARTESIAN_POINT('Ctrl Pts',(0.89399839058726,-0.0177474728169986,
0.435023777486895));
#6582=CARTESIAN_POINT('Ctrl Pts',(0.895637347495254,0.00353667985030173,
0.429210267462937));
#6583=CARTESIAN_POINT('Ctrl Pts',(0.897276304403247,0.027953857175533,0.434867241682629));
#6584=CARTESIAN_POINT('Ctrl Pts',(0.898915261311241,0.0445129965087313,
0.449448289591078));
#6585=CARTESIAN_POINT('Ctrl Pts',(0.900322514414288,0.0587311251836036,
0.461967975017069));
#6586=CARTESIAN_POINT('Ctrl Pts',(0.901729767517335,0.0671559876692506,
0.481066851638578));
#6587=CARTESIAN_POINT('Ctrl Pts',(0.903137020620381,0.0673082644856636,
0.500047295376662));
#6588=CARTESIAN_POINT('Ctrl Pts',(0.893920608608387,0.0672379159976764,
0.499941488006377));
#6589=CARTESIAN_POINT('Ctrl Pts',(0.893507260942206,0.0672868279953721,
0.494351355248261));
#6590=CARTESIAN_POINT('Ctrl Pts',(0.893093913276025,0.0666467059128515,
0.488772263854832));
#6591=CARTESIAN_POINT('Ctrl Pts',(0.892680565609844,0.0652736561195063,
0.48337979308191));
#6592=CARTESIAN_POINT('Ctrl Pts',(0.89104160870185,0.0598294027029697,0.461998210584797));
#6593=CARTESIAN_POINT('Ctrl Pts',(0.889402651793856,0.0428621580278686,
0.443550652476446));
#6594=CARTESIAN_POINT('Ctrl Pts',(0.887763694885862,0.022009498163455,0.436341037929769));
#6595=CARTESIAN_POINT('Ctrl Pts',(0.886124737977868,0.00115683829904091,
0.429131423383092));
#6596=CARTESIAN_POINT('Ctrl Pts',(0.884485781069875,-0.0235812367546859,
0.433159752398091));
#6597=CARTESIAN_POINT('Ctrl Pts',(0.882846824161881,-0.0410692165684682,
0.44661272706353));
#6598=CARTESIAN_POINT('Ctrl Pts',(0.881207867253887,-0.0585571963822504,
0.460065701728969));
#6599=CARTESIAN_POINT('Ctrl Pts',(0.879568910345894,-0.0687950809560882,
0.482943322044849));
#6600=CARTESIAN_POINT('Ctrl Pts',(0.8779299534379,-0.0671744247991012,0.504947536164345));
#6601=CARTESIAN_POINT('Ctrl Pts',(0.876290996529906,-0.0655537686421142,
0.526951750283841));
#6602=CARTESIAN_POINT('Ctrl Pts',(0.874652039621912,-0.0520745717543024,
0.548082558206955));
#6603=CARTESIAN_POINT('Ctrl Pts',(0.873013082713918,-0.0328043125945147,
0.558828212081992));
#6604=CARTESIAN_POINT('Ctrl Pts',(0.871374125805924,-0.0135340534347271,
0.56957386595703));
#6605=CARTESIAN_POINT('Ctrl Pts',(0.869735168897931,0.0115272679970364,
0.569934365783991));
#6606=CARTESIAN_POINT('Ctrl Pts',(0.868096211989937,0.031098636278268,0.559747437453126));
#6607=CARTESIAN_POINT('Ctrl Pts',(0.866457255081943,0.0506700045594997,
0.54956050912226));
#6608=CARTESIAN_POINT('Ctrl Pts',(0.864818298173949,0.0647514196901995,
0.528826152633567));
#6609=CARTESIAN_POINT('Ctrl Pts',(0.863179341265955,0.0670043228036823,
0.506877658531728));
#6610=CARTESIAN_POINT('Ctrl Pts',(0.863009763713432,0.0672374233777075,
0.504606719074319));
#6611=CARTESIAN_POINT('Ctrl Pts',(0.862840186160909,0.0673438953617473,
0.502322781825322));
#6612=CARTESIAN_POINT('Ctrl Pts',(0.862670608608386,0.0673285130932215,
0.500037395525016));
#6613=CARTESIAN_POINT('Origin',(0.937591314614384,-2.77616583908713E-16,
0.5));
#6614=CARTESIAN_POINT('',(0.831420608608387,0.0671474105884487,0.500014219187301));
#6615=CARTESIAN_POINT('',(0.840637020620381,0.0673048055031228,0.499951415815159));
#6616=CARTESIAN_POINT('',(0.937591314614384,0.0672499999999997,0.5));
#6617=CARTESIAN_POINT('Ctrl Pts',(0.840637020620381,0.0673048055031228,
0.499951415815159));
#6618=CARTESIAN_POINT('Ctrl Pts',(0.842034574862736,0.0671507367934742,
0.518803574600203));
#6619=CARTESIAN_POINT('Ctrl Pts',(0.843432129105091,0.0588551287926352,
0.537774644517441));
#6620=CARTESIAN_POINT('Ctrl Pts',(0.844829683347445,0.0448079714526988,
0.550290436194998));
#6621=CARTESIAN_POINT('Ctrl Pts',(0.846468640255439,0.0283344172519172,
0.564968108522319));
#6622=CARTESIAN_POINT('Ctrl Pts',(0.848107597163433,0.00395075211840277,
0.570767830932662));
#6623=CARTESIAN_POINT('Ctrl Pts',(0.849746554071427,-0.0173670464072858,
0.565078936568078));
#6624=CARTESIAN_POINT('Ctrl Pts',(0.851385510979421,-0.0386848449329742,
0.559390042203495));
#6625=CARTESIAN_POINT('Ctrl Pts',(0.853024467887415,-0.0569367768508369,
0.542212531063984));
#6626=CARTESIAN_POINT('Ctrl Pts',(0.854663424795409,-0.0639069814522081,
0.52127862789671));
#6627=CARTESIAN_POINT('Ctrl Pts',(0.856302381703403,-0.0708771860535795,
0.500344724729437));
#6628=CARTESIAN_POINT('Ctrl Pts',(0.857941338611396,-0.0665656633384593,
0.4756544295344));
#6629=CARTESIAN_POINT('Ctrl Pts',(0.85958029551939,-0.0529131870482805,
0.458321745247426));
#6630=CARTESIAN_POINT('Ctrl Pts',(0.861219252427384,-0.0392607107581018,
0.440989060960453));
#6631=CARTESIAN_POINT('Ctrl Pts',(0.862858209335378,-0.0162672808928647,
0.431013987581542));
#6632=CARTESIAN_POINT('Ctrl Pts',(0.864497166243372,0.00571692059735324,
0.432886669709491));
#6633=CARTESIAN_POINT('Ctrl Pts',(0.866136123151365,0.0277011220875713,
0.43475935183744));
#6634=CARTESIAN_POINT('Ctrl Pts',(0.867775080059359,0.0486760952027701,
0.448479789472248));
#6635=CARTESIAN_POINT('Ctrl Pts',(0.869414036967353,0.0592002390321882,
0.467871912880485));
#6636=CARTESIAN_POINT('Ctrl Pts',(0.870238364851696,0.0644934503271966,
0.477625353000882));
#6637=CARTESIAN_POINT('Ctrl Pts',(0.871062692736039,0.0671429403523663,
0.488813545895918));
#6638=CARTESIAN_POINT('Ctrl Pts',(0.871887020620382,0.0671445102446848,
0.500001039585276));
#6639=CARTESIAN_POINT('Ctrl Pts',(0.862670608608386,0.0673285130932215,
0.500037395525016));
#6640=CARTESIAN_POINT('Ctrl Pts',(0.861201229252916,0.0671952266559781,
0.480234659850491));
#6641=CARTESIAN_POINT('Ctrl Pts',(0.859731849897445,0.0579129780468706,
0.460323127680687));
#6642=CARTESIAN_POINT('Ctrl Pts',(0.858262470541975,0.0425878271287242,
0.447816109344215));
#6643=CARTESIAN_POINT('Ctrl Pts',(0.856623513633981,0.0254940372440175,
0.433865685973527));
#6644=CARTESIAN_POINT('Ctrl Pts',(0.854984556725986,0.000882066378338119,
0.429127470947137));
#6645=CARTESIAN_POINT('Ctrl Pts',(0.853345599817993,-0.0201693391262998,
0.43573430763363));
#6646=CARTESIAN_POINT('Ctrl Pts',(0.851706642909999,-0.0412207446309376,
0.442341144320122));
#6647=CARTESIAN_POINT('Ctrl Pts',(0.850067686002005,-0.058711584774534,
0.460293032719496));
#6648=CARTESIAN_POINT('Ctrl Pts',(0.848428729094012,-0.0647685940781713,
0.481509172962533));
#6649=CARTESIAN_POINT('Ctrl Pts',(0.846789772186018,-0.0708256033818086,
0.50272531320557));
#6650=CARTESIAN_POINT('Ctrl Pts',(0.845150815278024,-0.0654487818454866,
0.527205705292269));
#6651=CARTESIAN_POINT('Ctrl Pts',(0.84351185837003,-0.0510584330375375,
0.543930830763906));
#6652=CARTESIAN_POINT('Ctrl Pts',(0.841872901462036,-0.0366680842295884,
0.560655956235544));
#6653=CARTESIAN_POINT('Ctrl Pts',(0.840233944554042,-0.0132642081500118,
0.56962581509212));
#6654=CARTESIAN_POINT('Ctrl Pts',(0.838594987646049,0.00861825634762205,
0.566802747542082));
#6655=CARTESIAN_POINT('Ctrl Pts',(0.836956030738055,0.0305007208452558,
0.563979679992043));
#6656=CARTESIAN_POINT('Ctrl Pts',(0.835317073830062,0.0508617737609471,
0.549363686035391));
#6657=CARTESIAN_POINT('Ctrl Pts',(0.833678116922068,0.0605361622229203,
0.529533955945378));
#6658=CARTESIAN_POINT('Ctrl Pts',(0.832925614150841,0.0649780142887396,
0.520429429296362));
#6659=CARTESIAN_POINT('Ctrl Pts',(0.832173111379614,0.0671670628636861,
0.51022582042084));
#6660=CARTESIAN_POINT('Ctrl Pts',(0.831420608608387,0.0671474105884487,
0.500014219187301));
#6661=CARTESIAN_POINT('Origin',(0.937591314614384,-2.77616583908713E-16,
0.5));
#6662=CARTESIAN_POINT('',(0.800170608608387,0.0672813751220403,0.499944874019754));
#6663=CARTESIAN_POINT('',(0.809387020620381,0.0672663800865018,0.500057414095132));
#6664=CARTESIAN_POINT('',(0.937591314614384,0.0672499999999997,0.5));
#6665=CARTESIAN_POINT('Ctrl Pts',(0.809387020620381,0.0672663800865018,
0.500057414095132));
#6666=CARTESIAN_POINT('Ctrl Pts',(0.809728543173446,0.0673077107892652,
0.504671171175269));
#6667=CARTESIAN_POINT('Ctrl Pts',(0.810070065726512,0.0668726727115241,
0.50927718720226));
#6668=CARTESIAN_POINT('Ctrl Pts',(0.810411588279577,0.0659322419007112,
0.513777592923297));
#6669=CARTESIAN_POINT('Ctrl Pts',(0.812050545187571,0.0614191414918524,
0.535374910520841));
#6670=CARTESIAN_POINT('Ctrl Pts',(0.813689502095564,0.0452667833133597,
0.554540009580824));
#6671=CARTESIAN_POINT('Ctrl Pts',(0.815328459003558,0.0247459384475702,
0.562645993627649));
#6672=CARTESIAN_POINT('Ctrl Pts',(0.816967415911552,0.00422509358178083,
0.570751977674473));
#6673=CARTESIAN_POINT('Ctrl Pts',(0.818606372819545,-0.0206642379713054,
0.567798846708138));
#6674=CARTESIAN_POINT('Ctrl Pts',(0.820245329727539,-0.0387184623656023,
0.555115905528773));
#6675=CARTESIAN_POINT('Ctrl Pts',(0.821884286635533,-0.0567726867598992,
0.542432964349407));
#6676=CARTESIAN_POINT('Ctrl Pts',(0.823523243543527,-0.067991803995407,
0.520020212957011));
#6677=CARTESIAN_POINT('Ctrl Pts',(0.825162200451521,-0.0673256785852711,
0.497966452447314));
#6678=CARTESIAN_POINT('Ctrl Pts',(0.826801157359515,-0.0666595531751353,
0.475912691937616));
#6679=CARTESIAN_POINT('Ctrl Pts',(0.828440114267508,-0.0541081851193556,
0.454217922310617));
#6680=CARTESIAN_POINT('Ctrl Pts',(0.830079071175502,-0.0353214039582627,
0.442647749246423));
#6681=CARTESIAN_POINT('Ctrl Pts',(0.831718028083495,-0.0165346227971697,
0.431077576182229));
#6682=CARTESIAN_POINT('Ctrl Pts',(0.833356984991489,0.00848757146923657,
0.429631999680841));
#6683=CARTESIAN_POINT('Ctrl Pts',(0.834995941899483,0.0284817763447622,
0.438961727463418));
#6684=CARTESIAN_POINT('Ctrl Pts',(0.836634898807477,0.0484759812202878,
0.448291455245994));
#6685=CARTESIAN_POINT('Ctrl Pts',(0.838273855715471,0.0634421967049327,
0.468396487312535));
#6686=CARTESIAN_POINT('Ctrl Pts',(0.839912812623465,0.0666435828132309,
0.490226814467955));
#6687=CARTESIAN_POINT('Ctrl Pts',(0.840154215289104,0.0671151163456339,
0.493442212713868));
#6688=CARTESIAN_POINT('Ctrl Pts',(0.840395617954742,0.067331418135444,0.496695040323006));
#6689=CARTESIAN_POINT('Ctrl Pts',(0.840637020620381,0.0673048055031228,
0.499951415815159));
#6690=CARTESIAN_POINT('Ctrl Pts',(0.831420608608387,0.0671474105884487,
0.500014219187301));
#6691=CARTESIAN_POINT('Ctrl Pts',(0.830534154471619,0.0671242600548598,
0.487984873246521));
#6692=CARTESIAN_POINT('Ctrl Pts',(0.829647700334852,0.0640360900827492,
0.475944436291457));
#6693=CARTESIAN_POINT('Ctrl Pts',(0.828761246198086,0.0579549963278628,
0.465676539377249));
#6694=CARTESIAN_POINT('Ctrl Pts',(0.827122289290092,0.0467117179625767,
0.446692319122508));
#6695=CARTESIAN_POINT('Ctrl Pts',(0.825483332382099,0.025237437223749,0.433767344836399));
#6696=CARTESIAN_POINT('Ctrl Pts',(0.823844375474105,0.00319851216346526,
0.432719611448554));
#6697=CARTESIAN_POINT('Ctrl Pts',(0.822205418566111,-0.0188404128968185,
0.43167187806071));
#6698=CARTESIAN_POINT('Ctrl Pts',(0.820566461658117,-0.0414439822785585,
0.442501385571131));
#6699=CARTESIAN_POINT('Ctrl Pts',(0.818927504750123,-0.0544375055478151,
0.460333392416415));
#6700=CARTESIAN_POINT('Ctrl Pts',(0.817288547842129,-0.0674310288170716,
0.478165399261698));
#6701=CARTESIAN_POINT('Ctrl Pts',(0.815649590934136,-0.0708145059738448,
0.502999905441845));
#6702=CARTESIAN_POINT('Ctrl Pts',(0.814010634026142,-0.0630649083430904,
0.523657964160839));
#6703=CARTESIAN_POINT('Ctrl Pts',(0.812371677118149,-0.0553153107123361,
0.544316022879834));
#6704=CARTESIAN_POINT('Ctrl Pts',(0.810732720210154,-0.0364326382940544,
0.560797634137676));
#6705=CARTESIAN_POINT('Ctrl Pts',(0.809093763302161,-0.01491667522121,0.565683880009379));
#6706=CARTESIAN_POINT('Ctrl Pts',(0.807454806394167,0.00659928785163422,
0.570570125881083));
#6707=CARTESIAN_POINT('Ctrl Pts',(0.805815849486173,0.0307485415790409,
0.563861006366647));
#6708=CARTESIAN_POINT('Ctrl Pts',(0.804176892578179,0.04666063353869,0.548576430444789));
#6709=CARTESIAN_POINT('Ctrl Pts',(0.802841464588248,0.0596258633611632,
0.536122502949368));
#6710=CARTESIAN_POINT('Ctrl Pts',(0.801506036598317,0.0671224010611654,
0.51797528785998));
#6711=CARTESIAN_POINT('Ctrl Pts',(0.800170608608387,0.0672813751220403,
0.499944874019754));
#6712=CARTESIAN_POINT('Origin',(0.937591314614384,-2.77616583908713E-16,
0.5));
#6713=CARTESIAN_POINT('',(0.768920608608387,0.0672907583982003,0.500051878359731));
#6714=CARTESIAN_POINT('',(0.778137020620381,0.0671514879064698,0.499977632775025));
#6715=CARTESIAN_POINT('',(0.937591314614384,0.0672499999999997,0.5));
#6716=CARTESIAN_POINT('',(0.750091314614384,-0.0537693012839275,0.54039089921552));
#6717=CARTESIAN_POINT('Ctrl Pts',(0.768920608608387,0.0672907583982003,
0.500051878359731));
#6718=CARTESIAN_POINT('Ctrl Pts',(0.767561048001034,0.067132066792836,0.481706857407289));
#6719=CARTESIAN_POINT('Ctrl Pts',(0.766201487393681,0.059330449898501,0.463246580940203));
#6720=CARTESIAN_POINT('Ctrl Pts',(0.764841926786329,0.0459481754562131,
0.450755982402235));
#6721=CARTESIAN_POINT('Ctrl Pts',(0.763202969878335,0.0298157786927014,
0.435698505267294));
#6722=CARTESIAN_POINT('Ctrl Pts',(0.76156401297034,0.00557333628949287,
0.42931641450814));
#6723=CARTESIAN_POINT('Ctrl Pts',(0.759925056062347,-0.0158705810686133,
0.434528317182344));
#6724=CARTESIAN_POINT('Ctrl Pts',(0.758286099154353,-0.0373144984267194,
0.439740219856549));
#6725=CARTESIAN_POINT('Ctrl Pts',(0.756647142246359,-0.0559598907397233,
0.456546115964113));
#6726=CARTESIAN_POINT('Ctrl Pts',(0.755008185338366,-0.0634011132766372,
0.477279111622695));
#6727=CARTESIAN_POINT('Ctrl Pts',(0.753369228430372,-0.0708423358135511,
0.498012107281277));
#6728=CARTESIAN_POINT('Ctrl Pts',(0.751730271522378,-0.0670793885743753,
0.522672202490876));
#6729=CARTESIAN_POINT('Ctrl Pts',(0.750091314614384,-0.0537693012839271,
0.54039089921552));
#6730=CARTESIAN_POINT('',(0.750091314614384,0.0537159177486986,0.540419497513753));
#6731=CARTESIAN_POINT('Origin',(0.750091314614384,-2.77616583908713E-16,
0.5));
#6732=CARTESIAN_POINT('Ctrl Pts',(0.750091314614384,0.0537159177486986,
0.540419497513753));
#6733=CARTESIAN_POINT('Ctrl Pts',(0.750530589606856,0.0501892393033334,
0.545207875218821));
#6734=CARTESIAN_POINT('Ctrl Pts',(0.750969864599328,0.046050047199992,0.549520794161438));
#6735=CARTESIAN_POINT('Ctrl Pts',(0.7514091395918,0.0413851771043769,0.553157158001074));
#6736=CARTESIAN_POINT('Ctrl Pts',(0.753048096499793,0.0239803140934448,
0.566724612868949));
#6737=CARTESIAN_POINT('Ctrl Pts',(0.754687053407787,-0.000742372001142909,
0.570873924647831));
#6738=CARTESIAN_POINT('Ctrl Pts',(0.756326010315781,-0.0216389474447291,
0.563780609659805));
#6739=CARTESIAN_POINT('Ctrl Pts',(0.757964967223775,-0.0425355228883151,
0.556687294671778));
#6740=CARTESIAN_POINT('Ctrl Pts',(0.759603924131769,-0.0596059876808996,
0.538351352916844));
#6741=CARTESIAN_POINT('Ctrl Pts',(0.761242881039763,-0.0651741614829884,
0.5170049176064));
#6742=CARTESIAN_POINT('Ctrl Pts',(0.762881837947757,-0.0707423352850772,
0.495658482295956));
#6743=CARTESIAN_POINT('Ctrl Pts',(0.76452079485575,-0.06480821809667,0.471301553430004));
#6744=CARTESIAN_POINT('Ctrl Pts',(0.766159751763744,-0.0500389379236195,
0.454909074367688));
#6745=CARTESIAN_POINT('Ctrl Pts',(0.767798708671738,-0.035269657750569,
0.438516595305373));
#6746=CARTESIAN_POINT('Ctrl Pts',(0.769437665579732,-0.0116652145928754,
0.430088566046695));
#6747=CARTESIAN_POINT('Ctrl Pts',(0.771076622487725,0.0101470977075754,
0.433413105213583));
#6748=CARTESIAN_POINT('Ctrl Pts',(0.772715579395719,0.0319594100080263,
0.43673764438047));
#6749=CARTESIAN_POINT('Ctrl Pts',(0.774354536303713,0.0519795914512343,
0.451814751972922));
#6750=CARTESIAN_POINT('Ctrl Pts',(0.775993493211707,0.0611968923921285,
0.471860570956981));
#6751=CARTESIAN_POINT('Ctrl Pts',(0.776708002347931,0.0652152077617894,
0.480599617564834));
#6752=CARTESIAN_POINT('Ctrl Pts',(0.777422511484156,0.0671803759906721,
0.490282995231875));
#6753=CARTESIAN_POINT('Ctrl Pts',(0.778137020620381,0.0671514879064698,
0.499977632775025));
#6754=CARTESIAN_POINT('Origin',(0.68227969213784,-2.77616583908713E-16,
0.5));
#6755=CARTESIAN_POINT('',(1.09915293709093,0.0821295505037767,0.500004122308605));
#6756=CARTESIAN_POINT('',(1.10415469213784,0.0819789584042439,0.500075781945303));
#6757=CARTESIAN_POINT('',(0.68227969213784,0.0819999999999997,0.500000000000004));
#6758=CARTESIAN_POINT('',(1.12509131461438,-0.039516478889322,0.428149823269599));
#6759=CARTESIAN_POINT('Ctrl Pts',(1.10415469213784,0.0819789584042439,0.500075781945303));
#6760=CARTESIAN_POINT('Ctrl Pts',(1.10457773866471,0.0820394045398891,0.507053208169606));
#6761=CARTESIAN_POINT('Ctrl Pts',(1.10663974209958,0.0780520506018539,0.540992068171974));
#6762=CARTESIAN_POINT('Ctrl Pts',(1.11034070244244,0.0310503162086326,0.591478098726056));
#6763=CARTESIAN_POINT('Ctrl Pts',(1.11525757316642,-0.0593850372697503,
0.576300055092853));
#6764=CARTESIAN_POINT('Ctrl Pts',(1.1201744438904,-0.0962834387402891,0.492218730024859));
#6765=CARTESIAN_POINT('Ctrl Pts',(1.12345235770639,-0.0631933997474803,
0.441171761222045));
#6766=CARTESIAN_POINT('Ctrl Pts',(1.12509131461438,-0.039516478889321,0.428149823269599));
#6767=CARTESIAN_POINT('',(1.12509131461438,0.039516478889323,0.4281498232696));
#6768=CARTESIAN_POINT('Origin',(1.12509131461438,-2.77616583908713E-16,
0.5));
#6769=CARTESIAN_POINT('Ctrl Pts',(1.09915293709093,0.0821295505037767,0.500004122308605));
#6770=CARTESIAN_POINT('Ctrl Pts',(1.09916500339964,0.0821296777865279,0.500202185676454));
#6771=CARTESIAN_POINT('Ctrl Pts',(1.10081602661634,0.0820399196613881,0.52730290484637));
#6772=CARTESIAN_POINT('Ctrl Pts',(1.10410600674104,0.052543289405567,0.581089667608268));
#6773=CARTESIAN_POINT('Ctrl Pts',(1.10902287746503,-0.0388416172783008,
0.588485961617812));
#6774=CARTESIAN_POINT('Ctrl Pts',(1.113939748189,-0.095260552034868,0.516191743455748));
#6775=CARTESIAN_POINT('Ctrl Pts',(1.11885661891299,-0.0659148903435356,
0.429377045715125));
#6776=CARTESIAN_POINT('Ctrl Pts',(1.12257380772145,0.00112687717848563,
0.411727636832351));
#6777=CARTESIAN_POINT('Ctrl Pts',(1.12465203962191,0.0331223879901122,0.424590451638422));
#6778=CARTESIAN_POINT('Ctrl Pts',(1.12509131461438,0.0394428058843933,0.428144797976016));
#6779=CARTESIAN_POINT('Origin',(0.68227969213784,-2.77616583908713E-16,
0.5));
#6780=CARTESIAN_POINT('',(1.06790293709093,0.0819098687648402,0.500052470300253));
#6781=CARTESIAN_POINT('',(1.07290469213784,0.0818982687593694,0.499954876369902));
#6782=CARTESIAN_POINT('',(0.68227969213784,0.0819999999999997,0.500000000000004));
#6783=CARTESIAN_POINT('Ctrl Pts',(1.07290469213784,0.0818982687593694,0.499954876369902));
#6784=CARTESIAN_POINT('Ctrl Pts',(1.07391066388342,0.081813365274469,0.516588360695026));
#6785=CARTESIAN_POINT('Ctrl Pts',(1.07655559253699,0.0688537552287296,0.56044314458929));
#6786=CARTESIAN_POINT('Ctrl Pts',(1.08083947809855,-0.00237537097718793,
0.596598617655214));
#6787=CARTESIAN_POINT('Ctrl Pts',(1.08575634882253,-0.081991499033097,0.551133187084671));
#6788=CARTESIAN_POINT('Ctrl Pts',(1.09067321954651,-0.0877915367562989,
0.45963022161308));
#6789=CARTESIAN_POINT('Ctrl Pts',(1.0955900902705,-0.0145578679457745,0.404478292425564));
#6790=CARTESIAN_POINT('Ctrl Pts',(1.1000839144676,0.0643579052575771,0.432655359161139));
#6791=CARTESIAN_POINT('Ctrl Pts',(1.10293878175672,0.0818052255423459,0.480021427540493));
#6792=CARTESIAN_POINT('Ctrl Pts',(1.10415469213784,0.0819789584042439,0.500075781945303));
#6793=CARTESIAN_POINT('Ctrl Pts',(1.06790293709093,0.0819098687648402,0.500052470300253));
#6794=CARTESIAN_POINT('Ctrl Pts',(1.06849792861834,0.0819687304903666,0.509886981283828));
#6795=CARTESIAN_POINT('Ctrl Pts',(1.07073187705375,0.07580617046309,0.546740240090805));
#6796=CARTESIAN_POINT('Ctrl Pts',(1.07460478239715,0.0213992169170327,0.594228977160599));
#6797=CARTESIAN_POINT('Ctrl Pts',(1.07952165312114,-0.0669385819103301,
0.569687064912385));
#6798=CARTESIAN_POINT('Ctrl Pts',(1.08443852384512,-0.0950134215828175,
0.482407237431193));
#6799=CARTESIAN_POINT('Ctrl Pts',(1.0893553945691,-0.0375501693283825,0.410966736001866));
#6800=CARTESIAN_POINT('Ctrl Pts',(1.09426019898437,0.0534943624858126,0.41965707981576));
#6801=CARTESIAN_POINT('Ctrl Pts',(1.09752604649165,0.0821123890738437,0.473299399353321));
#6802=CARTESIAN_POINT('Ctrl Pts',(1.09915293709093,0.0821295505037767,0.500004122308605));
#6803=CARTESIAN_POINT('Origin',(0.68227969213784,-2.77616583908713E-16,
0.5));
#6804=CARTESIAN_POINT('',(1.03665293709093,0.0819630753627131,0.499930681345521));
#6805=CARTESIAN_POINT('',(1.04165469213784,0.0821263108718163,0.499985350357142));
#6806=CARTESIAN_POINT('',(0.68227969213784,0.0819999999999997,0.500000000000004));
#6807=CARTESIAN_POINT('Ctrl Pts',(1.04165469213784,0.0821263108718163,0.499985350357141));
#6808=CARTESIAN_POINT('Ctrl Pts',(1.04324358910212,0.0820610552025631,0.526069628115085));
#6809=CARTESIAN_POINT('Ctrl Pts',(1.04647144297439,0.054617915128304,0.579178358255995));
#6810=CARTESIAN_POINT('Ctrl Pts',(1.05133825375466,-0.0355001136689211,
0.589870904950169));
#6811=CARTESIAN_POINT('Ctrl Pts',(1.05625512447864,-0.0945853144592887,
0.519765121558228));
#6812=CARTESIAN_POINT('Ctrl Pts',(1.06117199520263,-0.0685178861458492,
0.431865264770532));
#6813=CARTESIAN_POINT('Ctrl Pts',(1.06608886592661,0.0192342959079892,0.405305402804918));
#6814=CARTESIAN_POINT('Ctrl Pts',(1.06999976490501,0.0752595038395905,0.451988357930461));
#6815=CARTESIAN_POINT('Ctrl Pts',(1.07227170697542,0.0819516923733186,0.489488629357111));
#6816=CARTESIAN_POINT('Ctrl Pts',(1.07290469213784,0.0818982687593694,0.499954876369902));
#6817=CARTESIAN_POINT('Ctrl Pts',(1.03665293709093,0.0819630753627131,0.499930681345521));
#6818=CARTESIAN_POINT('Ctrl Pts',(1.03783085383705,0.0818016840730923,0.519368283532045));
#6819=CARTESIAN_POINT('Ctrl Pts',(1.04064772749116,0.0652200957683229,0.566099111445496));
#6820=CARTESIAN_POINT('Ctrl Pts',(1.04510355805327,-0.0123636110848658,
0.595834139007834));
#6821=CARTESIAN_POINT('Ctrl Pts',(1.05002042877725,-0.0868441980212116,
0.542368936918777));
#6822=CARTESIAN_POINT('Ctrl Pts',(1.05493729950123,-0.0831412996248606,
0.450760115405621));
#6823=CARTESIAN_POINT('Ctrl Pts',(1.05985417022521,-0.00458853324171348,
0.40348065121225));
#6824=CARTESIAN_POINT('Ctrl Pts',(1.06417604942178,0.0680895921063651,0.438301183010303));
#6825=CARTESIAN_POINT('Ctrl Pts',(1.06685897171035,0.081806590649339,0.482796948954622));
#6826=CARTESIAN_POINT('Ctrl Pts',(1.06790293709093,0.0819098687648402,0.500052470300253));
#6827=CARTESIAN_POINT('Origin',(0.68227969213784,-2.77616583908713E-16,
0.5));
#6828=CARTESIAN_POINT('',(1.00540293709093,0.0821111382282916,0.500034248773969));
#6829=CARTESIAN_POINT('',(1.01040469213784,0.0819324381970763,0.500062169784948));
#6830=CARTESIAN_POINT('',(0.68227969213784,0.0819999999999997,0.500000000000004));
#6831=CARTESIAN_POINT('Ctrl Pts',(1.01040469213784,0.0819324381970763,0.500062169784948));
#6832=CARTESIAN_POINT('Ctrl Pts',(1.01093755741283,0.0819960972386404,0.508863679922991));
#6833=CARTESIAN_POINT('Ctrl Pts',(1.01310937959582,0.0766604574571665,0.544661279413156));
#6834=CARTESIAN_POINT('Ctrl Pts',(1.0169201586868,0.0249144790394212,0.593361171824864));
#6835=CARTESIAN_POINT('Ctrl Pts',(1.02183702941077,-0.064280778644786,0.572145832289231));
#6836=CARTESIAN_POINT('Ctrl Pts',(1.02675390013476,-0.0956057876126623,
0.48597954906561));
#6837=CARTESIAN_POINT('Ctrl Pts',(1.03167077085874,-0.0408594876025716,
0.412435497904515));
#6838=CARTESIAN_POINT('Ctrl Pts',(1.03658764158272,0.0506715046889046,0.417723405530481));
#6839=CARTESIAN_POINT('Ctrl Pts',(1.03991561534242,0.0817474928699564,0.471437582447068));
#6840=CARTESIAN_POINT('Ctrl Pts',(1.04160463219413,0.0821283668233369,0.499163536541829));
#6841=CARTESIAN_POINT('Ctrl Pts',(1.04165469213784,0.0821263108718163,0.499985350357141));
#6842=CARTESIAN_POINT('Ctrl Pts',(1.00540293709093,0.0821111382282916,0.500034248773969));
#6843=CARTESIAN_POINT('Ctrl Pts',(1.00552482214776,0.0821218052691461,0.502036174064201));
#6844=CARTESIAN_POINT('Ctrl Pts',(1.00728566411258,0.0811540139423169,0.530946992826504));
#6845=CARTESIAN_POINT('Ctrl Pts',(1.0106854629854,0.0470605357001978,0.584394000549551));
#6846=CARTESIAN_POINT('Ctrl Pts',(1.01560233370938,-0.044613600074872,0.585712706356039));
#6847=CARTESIAN_POINT('Ctrl Pts',(1.02051920443336,-0.0961233165962007,
0.50986657760573));
#6848=CARTESIAN_POINT('Ctrl Pts',(1.02543607515734,-0.0610958072461756,
0.42513783532821));
#6849=CARTESIAN_POINT('Ctrl Pts',(1.03035294588132,0.0289346073497984,0.407805478417742));
#6850=CARTESIAN_POINT('Ctrl Pts',(1.03409189985918,0.077588193657486,0.457741544637929));
#6851=CARTESIAN_POINT('Ctrl Pts',(1.03619189692905,0.0820262443995208,0.492322745310937));
#6852=CARTESIAN_POINT('Ctrl Pts',(1.03665293709093,0.0819630753627131,0.499930681345521));
#6853=CARTESIAN_POINT('Origin',(0.68227969213784,-2.77616583908713E-16,
0.5));
#6854=CARTESIAN_POINT('',(0.974152937090929,0.0818817225209557,0.500029130508838));
#6855=CARTESIAN_POINT('',(0.979154692137839,0.0819363224451997,0.499936594831994));
#6856=CARTESIAN_POINT('',(0.68227969213784,0.0819999999999997,0.500000000000004));
#6857=CARTESIAN_POINT('Ctrl Pts',(0.979154692137839,0.0819363224451997,
0.499936594831994));
#6858=CARTESIAN_POINT('Ctrl Pts',(0.980270482631534,0.0817999132074195,
0.518364261326849));
#6859=CARTESIAN_POINT('Ctrl Pts',(0.983025230033223,0.0665852647982686,
0.564064057196913));
#6860=CARTESIAN_POINT('Ctrl Pts',(0.987418934342907,-0.00876451350040578,
0.596230052260471));
#6861=CARTESIAN_POINT('Ctrl Pts',(0.992335805066886,-0.085195873020422,
0.545592794105926));
#6862=CARTESIAN_POINT('Ctrl Pts',(0.997252675790869,-0.0849276889892052,
0.453909574775573));
#6863=CARTESIAN_POINT('Ctrl Pts',(1.00216954651485,-0.00820140023425521,
0.403720320466008));
#6864=CARTESIAN_POINT('Ctrl Pts',(1.00655355196384,0.0667929994635849,0.43625459849167));
#6865=CARTESIAN_POINT('Ctrl Pts',(1.00929860050484,0.0818002983550867,0.481792492291618));
#6866=CARTESIAN_POINT('Ctrl Pts',(1.01040469213784,0.0819324381970763,0.500062169784948));
#6867=CARTESIAN_POINT('Ctrl Pts',(0.974152937090929,0.0818817225209557,
0.500029130508838));
#6868=CARTESIAN_POINT('Ctrl Pts',(0.974857747366462,0.0819196163645189,
0.511688877484288));
#6869=CARTESIAN_POINT('Ctrl Pts',(0.977201514549988,0.0741745496627921,
0.550414025644882));
#6870=CARTESIAN_POINT('Ctrl Pts',(0.981184238641509,0.0151150177202941,
0.595438868319814));
#6871=CARTESIAN_POINT('Ctrl Pts',(0.98610110936549,-0.0714045503494868,
0.565103237524217));
#6872=CARTESIAN_POINT('Ctrl Pts',(0.991017980089472,-0.0936405301955123,
0.476156920260782));
#6873=CARTESIAN_POINT('Ctrl Pts',(0.995934850813452,-0.0315744697002499,
0.408675883742076));
#6874=CARTESIAN_POINT('Ctrl Pts',(1.00072983648061,0.0566740205241994,0.423046199659057));
#6875=CARTESIAN_POINT('Ctrl Pts',(1.00388586523976,0.0819783683232962,0.475116801262678));
#6876=CARTESIAN_POINT('Ctrl Pts',(1.00540293709093,0.0821111382282916,0.500034248773969));
#6877=CARTESIAN_POINT('Origin',(0.68227969213784,-2.77616583908713E-16,
0.5));
#6878=CARTESIAN_POINT('',(0.942902937090929,0.0820152655201743,0.49992949891055));
#6879=CARTESIAN_POINT('',(0.94790469213784,0.0821249176241945,0.500017424264725));
#6880=CARTESIAN_POINT('',(0.68227969213784,0.0819999999999997,0.500000000000004));
#6881=CARTESIAN_POINT('Ctrl Pts',(0.94790469213784,0.0821249176241945,0.500017424264725));
#6882=CARTESIAN_POINT('Ctrl Pts',(0.947964450942245,0.0821277972629759,
0.500998504998716));
#6883=CARTESIAN_POINT('Ctrl Pts',(0.949663166654644,0.0816704785283625,
0.528884156028911));
#6884=CARTESIAN_POINT('Ctrl Pts',(0.953000839275036,0.050189305039999,0.582571625357687));
#6885=CARTESIAN_POINT('Ctrl Pts',(0.957917709999017,-0.0413710568805946,
0.58732396754156));
#6886=CARTESIAN_POINT('Ctrl Pts',(0.962834580723,-0.0956861736189852,0.513460900146793));
#6887=CARTESIAN_POINT('Ctrl Pts',(0.967751451446979,-0.0638576124894233,
0.427479347894897));
#6888=CARTESIAN_POINT('Ctrl Pts',(0.972668322170963,0.0254602325321846,
0.40678618013371));
#6889=CARTESIAN_POINT('Ctrl Pts',(0.976469402401248,0.0767894502351163,
0.455663247392588));
#6890=CARTESIAN_POINT('Ctrl Pts',(0.97863152572354,0.0820002813444823,0.491296320283604));
#6891=CARTESIAN_POINT('Ctrl Pts',(0.979154692137839,0.0819363224451997,
0.499936594831994));
#6892=CARTESIAN_POINT('Ctrl Pts',(0.94290293709093,0.0820152655201743,0.49992949891055));
#6893=CARTESIAN_POINT('Ctrl Pts',(0.944190672585166,0.0818250691371741,
0.521144721473422));
#6894=CARTESIAN_POINT('Ctrl Pts',(0.947117364987396,0.0626582318437837,
0.569666563624612));
#6895=CARTESIAN_POINT('Ctrl Pts',(0.95168301429762,-0.0186800140451408,
0.594805582230575));
#6896=CARTESIAN_POINT('Ctrl Pts',(0.956599885021602,-0.0894582498511372,
0.536527563296437));
#6897=CARTESIAN_POINT('Ctrl Pts',(0.961516755745583,-0.0796996393568494,
0.445364765643494));
#6898=CARTESIAN_POINT('Ctrl Pts',(0.966433626469564,0.00181040396505663,
0.403388593922385));
#6899=CARTESIAN_POINT('Ctrl Pts',(0.970645686918013,0.0702401408768435,
0.441938456592763));
#6900=CARTESIAN_POINT('Ctrl Pts',(0.973218790458468,0.0818314984995639,
0.48457544921251));
#6901=CARTESIAN_POINT('Ctrl Pts',(0.974152937090929,0.0818817225209557,
0.500029130508838));
#6902=CARTESIAN_POINT('Origin',(0.68227969213784,-2.77616583908713E-16,
0.5));
#6903=CARTESIAN_POINT('',(0.911652937090929,0.0820710436851215,0.500057668712068));
#6904=CARTESIAN_POINT('',(0.916654692137839,0.0818956236681046,0.500043147275239));
#6905=CARTESIAN_POINT('',(0.68227969213784,0.0819999999999997,0.500000000000004));
#6906=CARTESIAN_POINT('Ctrl Pts',(0.916654692137839,0.0818956236681046,
0.500043147275239));
#6907=CARTESIAN_POINT('Ctrl Pts',(0.917297376160948,0.0819473384352456,
0.510670601865442));
#6908=CARTESIAN_POINT('Ctrl Pts',(0.919579017092051,0.0751169188297274,
0.548336047141543));
#6909=CARTESIAN_POINT('Ctrl Pts',(0.923499614931148,0.018680012352408,0.594805573639555));
#6910=CARTESIAN_POINT('Ctrl Pts',(0.928416485655129,-0.0689153276609229,
0.567732689803358));
#6911=CARTESIAN_POINT('Ctrl Pts',(0.93333335637911,-0.0944680594095361,
0.479681894625562));
#6912=CARTESIAN_POINT('Ctrl Pts',(0.938250227103092,-0.0349737486147057,
0.40992294097582));
#6913=CARTESIAN_POINT('Ctrl Pts',(0.943107339022668,0.0549007253514357,
0.421120167287851));
#6914=CARTESIAN_POINT('Ctrl Pts',(0.946325494034251,0.0820488197144725,
0.474091188791821));
#6915=CARTESIAN_POINT('Ctrl Pts',(0.94790469213784,0.0821249176241945,0.500017424264725));
#6916=CARTESIAN_POINT('Ctrl Pts',(0.911652937090929,0.0820710436851215,
0.500057668712068));
#6917=CARTESIAN_POINT('Ctrl Pts',(0.911884640895876,0.082101615153795,0.50386822933989));
#6918=CARTESIAN_POINT('Ctrl Pts',(0.913755301608816,0.0801407006634516,
0.534601184698418));
#6919=CARTESIAN_POINT('Ctrl Pts',(0.91726491922975,0.0413710606295244,0.587323975454619));
#6920=CARTESIAN_POINT('Ctrl Pts',(0.922181789953734,-0.0501893095880172,
0.5825716328401));
#6921=CARTESIAN_POINT('Ctrl Pts',(0.927098660677712,-0.0965655998695491,
0.503482279230314));
#6922=CARTESIAN_POINT('Ctrl Pts',(0.932015531401696,-0.0560064885807512,
0.421257923676987));
#6923=CARTESIAN_POINT('Ctrl Pts',(0.936932402125675,0.0349737517839317,
0.409922932813285));
#6924=CARTESIAN_POINT('Ctrl Pts',(0.940561537355422,0.0788864212359139,
0.461411921121787));
#6925=CARTESIAN_POINT('Ctrl Pts',(0.942551715677173,0.0820671403367246,
0.494143186041914));
#6926=CARTESIAN_POINT('Ctrl Pts',(0.94290293709093,0.0820152655201743,0.49992949891055));
#6927=CARTESIAN_POINT('Origin',(0.68227969213784,-2.77616583908713E-16,
0.5));
#6928=CARTESIAN_POINT('',(0.880402937090929,0.0818713730864558,0.500001267598406));
#6929=CARTESIAN_POINT('',(0.88540469213784,0.0819852656031147,0.499928654520788));
#6930=CARTESIAN_POINT('',(0.68227969213784,0.0819999999999997,0.500000000000004));
#6931=CARTESIAN_POINT('Ctrl Pts',(0.88540469213784,0.0819852656031147,0.499928654520787));
#6932=CARTESIAN_POINT('Ctrl Pts',(0.886630301379653,0.0818084284551863,
0.520139301806832));
#6933=CARTESIAN_POINT('Ctrl Pts',(0.889494867529459,0.0641310847405544,
0.567653463623734));
#6934=CARTESIAN_POINT('Ctrl Pts',(0.89399839058726,-0.0151150163506151,
0.595438859671408));
#6935=CARTESIAN_POINT('Ctrl Pts',(0.898915261311241,-0.0880269355780097,
0.539853459916847));
#6936=CARTESIAN_POINT('Ctrl Pts',(0.903832132035223,-0.0816905820890791,
0.448389066540587));
#6937=CARTESIAN_POINT('Ctrl Pts',(0.908749002759203,-0.00181040380100224,
0.403388602677044));
#6938=CARTESIAN_POINT('Ctrl Pts',(0.913023189460077,0.0690454578112908,
0.439878066959852));
#6939=CARTESIAN_POINT('Ctrl Pts',(0.915658419252955,0.0818154567145191,
0.483568729889933));
#6940=CARTESIAN_POINT('Ctrl Pts',(0.916654692137839,0.0818956236681046,
0.500043147275239));
#6941=CARTESIAN_POINT('Ctrl Pts',(0.880402937090929,0.0818713730864558,
0.500001267598406));
#6942=CARTESIAN_POINT('Ctrl Pts',(0.88121756611458,0.0818732647823287,0.513482023821657));
#6943=CARTESIAN_POINT('Ctrl Pts',(0.883671152046225,0.072381936641483,0.55408228474405));
#6944=CARTESIAN_POINT('Ctrl Pts',(0.887763694885862,0.00876451429461617,
0.59623006098056));
#6945=CARTESIAN_POINT('Ctrl Pts',(0.892680565609844,-0.0755573076657531,
0.560233998746971));
#6946=CARTESIAN_POINT('Ctrl Pts',(0.897597436333825,-0.0918569261449653,
0.470010894212309));
#6947=CARTESIAN_POINT('Ctrl Pts',(0.902514307057806,-0.0254602348393195,
0.406786171686931));
#6948=CARTESIAN_POINT('Ctrl Pts',(0.907199473976841,0.05964858216784,0.426504191393511));
#6949=CARTESIAN_POINT('Ctrl Pts',(0.910245683987882,0.0818853678643666,
0.476914228020277));
#6950=CARTESIAN_POINT('Ctrl Pts',(0.911652937090929,0.0820710436851215,
0.500057668712068));
#6951=CARTESIAN_POINT('Origin',(0.68227969213784,-2.77616583908713E-16,
0.5));
#6952=CARTESIAN_POINT('',(0.849152937090929,0.0820668260409825,0.499940759804359));
#6953=CARTESIAN_POINT('',(0.85415469213784,0.0820957334370879,0.50004559751749));
#6954=CARTESIAN_POINT('',(0.68227969213784,0.0819999999999997,0.500000000000004));
#6955=CARTESIAN_POINT('Ctrl Pts',(0.854154692137839,0.0820957334370879,
0.50004559751749));
#6956=CARTESIAN_POINT('Ctrl Pts',(0.854324269690363,0.0821144895117217,
0.502832239549091));
#6957=CARTESIAN_POINT('Ctrl Pts',(0.856132804150879,0.0807299181765323,
0.532532766639393));
#6958=CARTESIAN_POINT('Ctrl Pts',(0.859580295519389,0.0446135960321426,
0.585712698588821));
#6959=CARTESIAN_POINT('Ctrl Pts',(0.864497166243372,-0.0470605314357208,
0.58439399290209));
#6960=CARTESIAN_POINT('Ctrl Pts',(0.869414036967352,-0.0963673334342592,
0.507097654625721));
#6961=CARTESIAN_POINT('Ctrl Pts',(0.874330907691335,-0.0589172277812614,
0.423411489604064));
#6962=CARTESIAN_POINT('Ctrl Pts',(0.879247778415315,0.0315744668390616,
0.408675892017602));
#6963=CARTESIAN_POINT('Ctrl Pts',(0.882939039897484,0.07816955761053,0.459336188431664));
#6964=CARTESIAN_POINT('Ctrl Pts',(0.884991344471659,0.0820449055110858,
0.493112433165166));
#6965=CARTESIAN_POINT('Ctrl Pts',(0.88540469213784,0.0819852656031147,0.499928654520787));
#6966=CARTESIAN_POINT('Ctrl Pts',(0.849152937090929,0.0820668260409825,
0.499940759804359));
#6967=CARTESIAN_POINT('Ctrl Pts',(0.850550491333284,0.0818789653095145,
0.522927778694672));
#6968=CARTESIAN_POINT('Ctrl Pts',(0.853587002483632,0.0599015814916267,
0.573187444407536));
#6969=CARTESIAN_POINT('Ctrl Pts',(0.858262470541974,-0.0249144812972362,
0.593361180284408));
#6970=CARTESIAN_POINT('Ctrl Pts',(0.863179341265956,-0.0916799125506821,
0.530525972249916));
#6971=CARTESIAN_POINT('Ctrl Pts',(0.868096211989937,-0.0759083945147032,
0.44020905599744));
#6972=CARTESIAN_POINT('Ctrl Pts',(0.873013082713919,0.00820140097746557,
0.403720311741499));
#6973=CARTESIAN_POINT('Ctrl Pts',(0.877115324414249,0.0722156546426328,
0.44559419497977));
#6974=CARTESIAN_POINT('Ctrl Pts',(0.879578609206586,0.0818694588683131,
0.486360011352645));
#6975=CARTESIAN_POINT('Ctrl Pts',(0.880402937090929,0.0818713730864558,
0.500001267598406));
#6976=CARTESIAN_POINT('Origin',(0.68227969213784,-2.77616583908713E-16,
0.5));
#6977=CARTESIAN_POINT('',(0.817902937090929,0.0820199727448796,0.500070006777712));
#6978=CARTESIAN_POINT('',(0.822904692137839,0.0818749095650974,0.500017337893807));
#6979=CARTESIAN_POINT('',(0.68227969213784,0.0819999999999997,0.500000000000004));
#6980=CARTESIAN_POINT('Ctrl Pts',(0.822904692137839,0.0818749095650974,
0.500017337893807));
#6981=CARTESIAN_POINT('Ctrl Pts',(0.823657194909066,0.0818988721906659,
0.512468658357008));
#6982=CARTESIAN_POINT('Ctrl Pts',(0.826048654588287,0.0734162148939256,
0.552008081223927));
#6983=CARTESIAN_POINT('Ctrl Pts',(0.830079071175502,0.0123636099661603,
0.595834130316626));
#6984=CARTESIAN_POINT('Ctrl Pts',(0.834995941899483,-0.0732475947264162,
0.563022453309671));
#6985=CARTESIAN_POINT('Ctrl Pts',(0.839912812623465,-0.0929159679299138,
0.473473361066876));
#6986=CARTESIAN_POINT('Ctrl Pts',(0.844829683347446,-0.0289346047280589,
0.407805486773253));
#6987=CARTESIAN_POINT('Ctrl Pts',(0.849576976518904,0.0579907503808846,
0.424540067924811));
#6988=CARTESIAN_POINT('Ctrl Pts',(0.852685312782369,0.0819332131716011,
0.475899510895765));
#6989=CARTESIAN_POINT('Ctrl Pts',(0.854154692137839,0.0820957334370879,
0.50004559751749));
#6990=CARTESIAN_POINT('Ctrl Pts',(0.817902937090929,0.0820199727448796,
0.500070006777712));
#6991=CARTESIAN_POINT('Ctrl Pts',(0.818244459643994,0.0820703685460183,
0.505695703143082));
#6992=CARTESIAN_POINT('Ctrl Pts',(0.820224939105053,0.0789942732228074,
0.53826421859999));
#6993=CARTESIAN_POINT('Ctrl Pts',(0.823844375474104,0.0355001168930716,
0.589870913138234));
#6994=CARTESIAN_POINT('Ctrl Pts',(0.828761246198087,-0.0555448728773247,
0.579068382019746));
#6995=CARTESIAN_POINT('Ctrl Pts',(0.833678116922067,-0.0965843203113013,
0.497082704063916));
#6996=CARTESIAN_POINT('Ctrl Pts',(0.838594987646049,-0.0506715092819809,
0.417723398067757));
#6997=CARTESIAN_POINT('Ctrl Pts',(0.84351185837003,0.040859491305914,0.41243548997346));
#6998=CARTESIAN_POINT('Ctrl Pts',(0.847031174851657,0.0800448968625093,
0.465075640455326));
#6999=CARTESIAN_POINT('Ctrl Pts',(0.84891153442529,0.0820992756447051,0.49597016069125));
#7000=CARTESIAN_POINT('Ctrl Pts',(0.849152937090929,0.0820668260409825,
0.499940759804359));
#7001=CARTESIAN_POINT('Origin',(0.68227969213784,-2.77616583908713E-16,
0.5));
#7002=CARTESIAN_POINT('',(0.786652937090929,0.0818798811647662,0.499972726952449));
#7003=CARTESIAN_POINT('',(0.79165469213784,0.0820382566543838,0.499932783191374));
#7004=CARTESIAN_POINT('',(0.68227969213784,0.0819999999999997,0.500000000000004));
#7005=CARTESIAN_POINT('Ctrl Pts',(0.79165469213784,0.0820382566543838,0.499932783191374));
#7006=CARTESIAN_POINT('Ctrl Pts',(0.79299012012777,0.081844414676811,0.521917823115516));
#7007=CARTESIAN_POINT('Ctrl Pts',(0.795964505025695,0.0614852954417005,
0.571202083473458));
#7008=CARTESIAN_POINT('Ctrl Pts',(0.800577846831613,-0.0213992148968529,
0.594228968363307));
#7009=CARTESIAN_POINT('Ctrl Pts',(0.805494717555595,-0.0904718902113111,
0.533939356921983));
#7010=CARTESIAN_POINT('Ctrl Pts',(0.810411588279576,-0.0780951559277987,
0.443094917958175));
#7011=CARTESIAN_POINT('Ctrl Pts',(0.815328459003558,0.00458853281432803,
0.40348066000184));
#7012=CARTESIAN_POINT('Ctrl Pts',(0.819492826956312,0.0711191803990187,
0.443524232111593));
#7013=CARTESIAN_POINT('Ctrl Pts',(0.822018238001072,0.081846681405182,0.485349585222523));
#7014=CARTESIAN_POINT('Ctrl Pts',(0.822904692137839,0.0818749095650974,
0.500017337893807));
#7015=CARTESIAN_POINT('Ctrl Pts',(0.786652937090929,0.0818798811647662,
0.499972726952449));
#7016=CARTESIAN_POINT('Ctrl Pts',(0.787577384862697,0.0818343074008091,
0.515266961071337));
#7017=CARTESIAN_POINT('Ctrl Pts',(0.790140789542459,0.0704218599439955,
0.557740129294817));
#7018=CARTESIAN_POINT('Ctrl Pts',(0.794343151130217,0.00237537127737411,
0.596598627971863));
#7019=CARTESIAN_POINT('Ctrl Pts',(0.799260021854197,-0.0793785487804121,
0.555100830930143));
#7020=CARTESIAN_POINT('Ctrl Pts',(0.804176892578179,-0.089670463599871,
0.463996267942711));
#7021=CARTESIAN_POINT('Ctrl Pts',(0.809093763302162,-0.0192342976833596,
0.405305393954973));
#7022=CARTESIAN_POINT('Ctrl Pts',(0.813669111473076,0.0624226839247003,
0.430020428293983));
#7023=CARTESIAN_POINT('Ctrl Pts',(0.816605502736,0.0818285205460286,0.478698148113247));
#7024=CARTESIAN_POINT('Ctrl Pts',(0.817902937090929,0.0820199727448796,
0.500070006777712));
#7025=CARTESIAN_POINT('Origin',(0.68227969213784,-2.77616583908713E-16,
0.5));
#7026=CARTESIAN_POINT('',(0.755402937090929,0.0820964157189276,0.499937192964291));
#7027=CARTESIAN_POINT('',(0.760404692137839,0.0820496979725268,0.500063256884726));
#7028=CARTESIAN_POINT('',(0.68227969213784,0.0819999999999997,0.500000000000004));
#7029=CARTESIAN_POINT('',(0.750091314614384,0.0395164788893218,0.4281498232696));
#7030=CARTESIAN_POINT('Ctrl Pts',(0.750091314614384,0.0395164788893214,
0.428149823269599));
#7031=CARTESIAN_POINT('Ctrl Pts',(0.751730271522378,0.0631933997474808,
0.441171761222046));
#7032=CARTESIAN_POINT('Ctrl Pts',(0.753500812347893,0.0810667113297111,
0.468744466888684));
#7033=CARTESIAN_POINT('Ctrl Pts',(0.755271353173407,0.0821090650530223,
0.497777987752392));
#7034=CARTESIAN_POINT('Ctrl Pts',(0.755402937090929,0.0820964157189276,
0.499937192964291));
#7035=CARTESIAN_POINT('',(0.750091314614384,-0.039442805700824,0.42814480437524));
#7036=CARTESIAN_POINT('Origin',(0.750091314614384,-2.77616583908713E-16,
0.5));
#7037=CARTESIAN_POINT('Ctrl Pts',(0.750091314614384,-0.039442805700824,
0.42814480437524));
#7038=CARTESIAN_POINT('Ctrl Pts',(0.750530589606856,-0.0331223810304644,
0.42459045236882));
#7039=CARTESIAN_POINT('Ctrl Pts',(0.752608821507322,-0.00112684361677419,
0.41172761537395));
#7040=CARTESIAN_POINT('Ctrl Pts',(0.75604661401514,0.0608757792777595,0.428050490768971));
#7041=CARTESIAN_POINT('Ctrl Pts',(0.759045131530487,0.0818562004016731,
0.477694606801451));
#7042=CARTESIAN_POINT('Ctrl Pts',(0.760404692137839,0.0820496979725269,
0.500063256884726));
#7043=CARTESIAN_POINT('Origin',(0.875091314614384,0.5,0.5));
#7044=CARTESIAN_POINT('',(0.987670608608387,0.567264066848807,0.500064765333148));
#7045=CARTESIAN_POINT('',(0.996887020620382,0.567158877972669,0.49990690058065));
#7046=CARTESIAN_POINT('',(0.875091314614384,0.56725,0.5));
#7047=CARTESIAN_POINT('',(1.00009131461438,0.553769301283926,0.540390899215521));
#7048=CARTESIAN_POINT('Ctrl Pts',(0.996887020620382,0.567158877972669,0.49990690058065));
#7049=CARTESIAN_POINT('Ctrl Pts',(0.997955118618383,0.567053288273262,0.514344676433737));
#7050=CARTESIAN_POINT('Ctrl Pts',(0.999023216616384,0.562443402182373,0.528843735036602));
#7051=CARTESIAN_POINT('Ctrl Pts',(1.00009131461438,0.553769301283927,0.54039089921552));
#7052=CARTESIAN_POINT('',(1.00009131461438,0.446296337778797,0.540411902100409));
#7053=CARTESIAN_POINT('Origin',(1.00009131461438,0.5,0.5));
#7054=CARTESIAN_POINT('Ctrl Pts',(1.00009131461438,0.446296337778797,0.540411902100409));
#7055=CARTESIAN_POINT('Ctrl Pts',(0.999615646816483,0.450116878774445,0.545599175863155));
#7056=CARTESIAN_POINT('Ctrl Pts',(0.999139979018581,0.454651973536329,0.55023208666176));
#7057=CARTESIAN_POINT('Ctrl Pts',(0.99866431122068,0.459787217850113,0.554057022786243));
#7058=CARTESIAN_POINT('Ctrl Pts',(0.997007157909971,0.477677617733027,0.567382510847232));
#7059=CARTESIAN_POINT('Ctrl Pts',(0.995350004599262,0.502852142135944,0.570901462992819));
#7060=CARTESIAN_POINT('Ctrl Pts',(0.993692851288554,0.523729505914935,0.563039480667605));
#7061=CARTESIAN_POINT('Ctrl Pts',(0.992035697977845,0.544606869693925,0.555177498342392));
#7062=CARTESIAN_POINT('Ctrl Pts',(0.990378544667136,0.561187072848988,0.535934581546378));
#7063=CARTESIAN_POINT('Ctrl Pts',(0.988721391356428,0.565863142235977,0.514129063256283));
#7064=CARTESIAN_POINT('Ctrl Pts',(0.988371130440414,0.566851490348518,0.509520183220207));
#7065=CARTESIAN_POINT('Ctrl Pts',(0.9880208695244,0.56730802934317,0.504796820697071));
#7066=CARTESIAN_POINT('Ctrl Pts',(0.987670608608387,0.567264066848807,0.500064765333148));
#7067=CARTESIAN_POINT('Origin',(0.875091314614384,0.5,0.5));
#7068=CARTESIAN_POINT('',(0.956420608608387,0.56713962651058,0.50000106578469));
#7069=CARTESIAN_POINT('',(0.965637020620381,0.56734811411466,0.499972296716337));
#7070=CARTESIAN_POINT('',(0.875091314614384,0.56725,0.5));
#7071=CARTESIAN_POINT('Ctrl Pts',(0.965637020620381,0.56734811411466,0.499972296716337));
#7072=CARTESIAN_POINT('Ctrl Pts',(0.967178865420797,0.567239152576236,0.520735740787984));
#7073=CARTESIAN_POINT('Ctrl Pts',(0.968720710221213,0.556906114035158,0.541591986110884));
#7074=CARTESIAN_POINT('Ctrl Pts',(0.970262555021629,0.540270404076279,0.553998858897121));
#7075=CARTESIAN_POINT('Ctrl Pts',(0.971919708332338,0.522390574778991,0.567333592916855));
#7076=CARTESIAN_POINT('Ctrl Pts',(0.973576861643046,0.497230119471932,0.570907906730815));
#7077=CARTESIAN_POINT('Ctrl Pts',(0.975234014953755,0.476346096316291,0.563074285133225));
#7078=CARTESIAN_POINT('Ctrl Pts',(0.976891168264464,0.45546207316065,0.555240663535635));
#7079=CARTESIAN_POINT('Ctrl Pts',(0.978548321575172,0.438854482156425,0.535999106526495));
#7080=CARTESIAN_POINT('Ctrl Pts',(0.980205474885881,0.434151947767237,0.514199270832327));
#7081=CARTESIAN_POINT('Ctrl Pts',(0.981862628196589,0.429449413378048,0.492399435138158));
#7082=CARTESIAN_POINT('Ctrl Pts',(0.983519781507298,0.436651935603896,0.46804132075896));
#7083=CARTESIAN_POINT('Ctrl Pts',(0.985176934818007,0.452450808687958,0.452291052505913));
#7084=CARTESIAN_POINT('Ctrl Pts',(0.986834088128715,0.46824968177202,0.436540784252867));
#7085=CARTESIAN_POINT('Ctrl Pts',(0.988491241439424,0.492644905714296,0.429398362125971));
#7086=CARTESIAN_POINT('Ctrl Pts',(0.990148394750132,0.51443191869763,0.434190051277802));
#7087=CARTESIAN_POINT('Ctrl Pts',(0.991805548060841,0.536218931680963,0.438981740429633));
#7088=CARTESIAN_POINT('Ctrl Pts',(0.99346270137155,0.555397733705354,0.45570754086019));
#7089=CARTESIAN_POINT('Ctrl Pts',(0.995119854682258,0.563149791503508,0.476580976232385));
#7090=CARTESIAN_POINT('Ctrl Pts',(0.995708909994966,0.565905354794432,0.484000692875981));
#7091=CARTESIAN_POINT('Ctrl Pts',(0.996297965307674,0.56721711061941,0.4919444771084));
#7092=CARTESIAN_POINT('Ctrl Pts',(0.996887020620382,0.567158877972669,0.49990690058065));
#7093=CARTESIAN_POINT('Ctrl Pts',(0.987670608608387,0.567264066848807,0.500064765333148));
#7094=CARTESIAN_POINT('Ctrl Pts',(0.986363716213692,0.567100034132315,0.482408535695058));
#7095=CARTESIAN_POINT('Ctrl Pts',(0.985056823818997,0.559968105143557,0.464631285811795));
#7096=CARTESIAN_POINT('Ctrl Pts',(0.983749931424302,0.547494557300525,0.452228267766607));
#7097=CARTESIAN_POINT('Ctrl Pts',(0.982092778113593,0.531677967359172,0.436501110351203));
#7098=CARTESIAN_POINT('Ctrl Pts',(0.980435624802884,0.507272851857552,0.429414915304572));
#7099=CARTESIAN_POINT('Ctrl Pts',(0.978778471492175,0.485491661803908,0.434219393075539));
#7100=CARTESIAN_POINT('Ctrl Pts',(0.977121318181467,0.463710471750264,0.439023870846507));
#7101=CARTESIAN_POINT('Ctrl Pts',(0.975464164870759,0.444553207144595,0.455719021435073));
#7102=CARTESIAN_POINT('Ctrl Pts',(0.97380701156005,0.436818358441614,0.476638791161268));
#7103=CARTESIAN_POINT('Ctrl Pts',(0.972149858249342,0.429083509738633,0.497558560887463));
#7104=CARTESIAN_POINT('Ctrl Pts',(0.970492704938633,0.432771076938339,0.522702949751286));
#7105=CARTESIAN_POINT('Ctrl Pts',(0.968835551627924,0.446187805047402,0.540520871756324));
#7106=CARTESIAN_POINT('Ctrl Pts',(0.967178398317215,0.459604533156465,0.558338793761363));
#7107=CARTESIAN_POINT('Ctrl Pts',(0.965521245006506,0.482750422174884,0.568830248907618));
#7108=CARTESIAN_POINT('Ctrl Pts',(0.963864091695798,0.50499341465229,0.567176798770835));
#7109=CARTESIAN_POINT('Ctrl Pts',(0.962206938385089,0.527236407129696,0.565523348634053));
#7110=CARTESIAN_POINT('Ctrl Pts',(0.96054978507438,0.548576503066088,0.551724993214234));
#7111=CARTESIAN_POINT('Ctrl Pts',(0.958892631763672,0.559211554484769,0.532119486927119));
#7112=CARTESIAN_POINT('Ctrl Pts',(0.958068624045243,0.564499758296842,0.522370788119418));
#7113=CARTESIAN_POINT('Ctrl Pts',(0.957244616326815,0.567141134479254,0.511186268345282));
#7114=CARTESIAN_POINT('Ctrl Pts',(0.956420608608387,0.56713962651058,0.50000106578469));
#7115=CARTESIAN_POINT('Origin',(0.875091314614384,0.5,0.5));
#7116=CARTESIAN_POINT('',(0.925170608608386,0.567261892882928,0.499938566927971));
#7117=CARTESIAN_POINT('',(0.934387020620382,0.567262303152377,0.500061406914571));
#7118=CARTESIAN_POINT('',(0.875091314614384,0.56725,0.5));
#7119=CARTESIAN_POINT('Ctrl Pts',(0.934387020620382,0.567262303152377,0.500061406914571));
#7120=CARTESIAN_POINT('Ctrl Pts',(0.934745458912504,0.567307329438387,0.504904516090189));
#7121=CARTESIAN_POINT('Ctrl Pts',(0.935103897204626,0.566828895105971,0.509738799450642));
#7122=CARTESIAN_POINT('Ctrl Pts',(0.935462335496748,0.565793949729998,0.5144508509619));
#7123=CARTESIAN_POINT('Ctrl Pts',(0.937119488807456,0.561009128482126,0.536235888815652));
#7124=CARTESIAN_POINT('Ctrl Pts',(0.938776642118164,0.544329145100086,0.555408278311442));
#7125=CARTESIAN_POINT('Ctrl Pts',(0.940433795428873,0.523415734178545,0.563161478708857));
#7126=CARTESIAN_POINT('Ctrl Pts',(0.942090948739582,0.502502323257004,0.570914679106273));
#7127=CARTESIAN_POINT('Ctrl Pts',(0.94374810205029,0.477355484795963,0.567248690405314));
#7128=CARTESIAN_POINT('Ctrl Pts',(0.945405255360999,0.459526091691669,0.553847342521894));
#7129=CARTESIAN_POINT('Ctrl Pts',(0.947062408671708,0.441696698587376,0.540445994638475));
#7130=CARTESIAN_POINT('Ctrl Pts',(0.948719561982416,0.431184750839828,0.517309287572596));
#7131=CARTESIAN_POINT('Ctrl Pts',(0.950376715293125,0.432818777601286,0.495064954647946));
#7132=CARTESIAN_POINT('Ctrl Pts',(0.952033868603834,0.434452804362743,0.472820621723295));
#7133=CARTESIAN_POINT('Ctrl Pts',(0.953691021914543,0.448232805633205,0.451468662939872));
#7134=CARTESIAN_POINT('Ctrl Pts',(0.955348175225252,0.46782911200282,0.440816453153983));
#7135=CARTESIAN_POINT('Ctrl Pts',(0.95700532853596,0.487425418372435,0.430164243368095));
#7136=CARTESIAN_POINT('Ctrl Pts',(0.958662481846668,0.512838029841202,0.43021178257974));
#7137=CARTESIAN_POINT('Ctrl Pts',(0.960319635157377,0.532394002015358,0.44093796795806));
#7138=CARTESIAN_POINT('Ctrl Pts',(0.961976788468085,0.551949974189514,0.45166415333638));
#7139=CARTESIAN_POINT('Ctrl Pts',(0.963633941778794,0.565649307069059,0.473068984881374));
#7140=CARTESIAN_POINT('Ctrl Pts',(0.965291095089503,0.567199371865073,0.495318977766626));
#7141=CARTESIAN_POINT('Ctrl Pts',(0.965406403599796,0.567307228912052,0.496867183063654));
#7142=CARTESIAN_POINT('Ctrl Pts',(0.965521712110088,0.567356262919696,0.498419480373339));
#7143=CARTESIAN_POINT('Ctrl Pts',(0.965637020620381,0.56734811411466,0.499972296716337));
#7144=CARTESIAN_POINT('Ctrl Pts',(0.956420608608387,0.56713962651058,0.50000106578469));
#7145=CARTESIAN_POINT('Ctrl Pts',(0.955587463016107,0.567138101819214,0.488691824373833));
#7146=CARTESIAN_POINT('Ctrl Pts',(0.954754317423826,0.564434751174075,0.477381884948966));
#7147=CARTESIAN_POINT('Ctrl Pts',(0.953921171831546,0.559033650708197,0.46755466222383));
#7148=CARTESIAN_POINT('Ctrl Pts',(0.952264018520838,0.548290688611973,0.448008000962069));
#7149=CARTESIAN_POINT('Ctrl Pts',(0.950606865210129,0.526874757518557,0.434327335592958));
#7150=CARTESIAN_POINT('Ctrl Pts',(0.94894971189942,0.504623025418938,0.432796615250894));
#7151=CARTESIAN_POINT('Ctrl Pts',(0.947292558588711,0.48237129331932,0.43126589490883));
#7152=CARTESIAN_POINT('Ctrl Pts',(0.945635405278003,0.459283760213499,0.441885119593814));
#7153=CARTESIAN_POINT('Ctrl Pts',(0.943978251967294,0.445965365848571,0.459776530161073));
#7154=CARTESIAN_POINT('Ctrl Pts',(0.942321098656586,0.432646971483643,0.477667940728332));
#7155=CARTESIAN_POINT('Ctrl Pts',(0.940663945345877,0.429097715859607,0.502831537177865));
#7156=CARTESIAN_POINT('Ctrl Pts',(0.939006792035168,0.436947913162524,0.523708725673626));
#7157=CARTESIAN_POINT('Ctrl Pts',(0.93734963872446,0.44479811046544,0.544585914169387));
#7158=CARTESIAN_POINT('Ctrl Pts',(0.935692485413751,0.464047760695309,0.561176694711377));
#7159=CARTESIAN_POINT('Ctrl Pts',(0.934035332103042,0.485854781834785,0.565860318679502));
#7160=CARTESIAN_POINT('Ctrl Pts',(0.932378178792334,0.507661802974261,0.570543942647627));
#7161=CARTESIAN_POINT('Ctrl Pts',(0.930721025481626,0.532026195023343,0.563320410041888));
#7162=CARTESIAN_POINT('Ctrl Pts',(0.929063872170917,0.547756492993807,0.547507751199657));
#7163=CARTESIAN_POINT('Ctrl Pts',(0.927766117650074,0.560075247796676,0.535124497721267));
#7164=CARTESIAN_POINT('Ctrl Pts',(0.92646836312923,0.567098874149175,0.517473693729234));
#7165=CARTESIAN_POINT('Ctrl Pts',(0.925170608608386,0.567261892882928,0.499938566927971));
#7166=CARTESIAN_POINT('Origin',(0.875091314614384,0.5,0.5));
#7167=CARTESIAN_POINT('',(0.893920608608387,0.567348316779377,0.500027799474017));
#7168=CARTESIAN_POINT('',(0.903137020620382,0.56713965083151,0.499999189231114));
#7169=CARTESIAN_POINT('',(0.875091314614384,0.56725,0.5));
#7170=CARTESIAN_POINT('Ctrl Pts',(0.903137020620382,0.56713965083151,0.499999189231114));
#7171=CARTESIAN_POINT('Ctrl Pts',(0.903969205714919,0.567138440753584,0.511295375861321));
#7172=CARTESIAN_POINT('Ctrl Pts',(0.904801390809456,0.564441630856268,0.522592105267074));
#7173=CARTESIAN_POINT('Ctrl Pts',(0.905633575903993,0.559052438675366,0.532411112310093));
#7174=CARTESIAN_POINT('Ctrl Pts',(0.907290729214701,0.548320790484049,0.551963973970354));
#7175=CARTESIAN_POINT('Ctrl Pts',(0.908947882525409,0.526912806218737,0.56565709547975));
#7176=CARTESIAN_POINT('Ctrl Pts',(0.910605035836118,0.504661965773259,0.567200719879825));
#7177=CARTESIAN_POINT('Ctrl Pts',(0.912262189146826,0.48241112532778,0.568744344279901));
#7178=CARTESIAN_POINT('Ctrl Pts',(0.913919342457535,0.459317428702135,0.558138471570657));
#7179=CARTESIAN_POINT('Ctrl Pts',(0.915576495768244,0.44598866586805,0.54025477024492));
#7180=CARTESIAN_POINT('Ctrl Pts',(0.917233649078952,0.432659903033965,0.522371068919184));
#7181=CARTESIAN_POINT('Ctrl Pts',(0.918890802389661,0.42909607399144,0.497209538976956));
#7182=CARTESIAN_POINT('Ctrl Pts',(0.920547955700369,0.436934177422095,0.476327805920038));
#7183=CARTESIAN_POINT('Ctrl Pts',(0.922205109011078,0.444772280852749,0.455446072863121));
#7184=CARTESIAN_POINT('Ctrl Pts',(0.923862262321787,0.464012316756583,0.438844136691514));
#7185=CARTESIAN_POINT('Ctrl Pts',(0.925519415632496,0.485816624132642,0.434147875299846));
#7186=CARTESIAN_POINT('Ctrl Pts',(0.927176568943204,0.507620931508702,0.429451613908178));
#7187=CARTESIAN_POINT('Ctrl Pts',(0.928833722253913,0.531989510356987,0.436661027296448));
#7188=CARTESIAN_POINT('Ctrl Pts',(0.930490875564621,0.547728970224279,0.452464577096441));
#7189=CARTESIAN_POINT('Ctrl Pts',(0.931789590583208,0.560064022619253,0.464849856925171));
#7190=CARTESIAN_POINT('Ctrl Pts',(0.933088305601795,0.567099161224861,0.482513564618495));
#7191=CARTESIAN_POINT('Ctrl Pts',(0.934387020620382,0.567262303152377,0.500061406914571));
#7192=CARTESIAN_POINT('Ctrl Pts',(0.925170608608386,0.567261892882928,0.499938566927971));
#7193=CARTESIAN_POINT('Ctrl Pts',(0.924811209818521,0.567307039121832,0.495082407114008));
#7194=CARTESIAN_POINT('Ctrl Pts',(0.924451811028656,0.566826009765198,0.490235119184014));
#7195=CARTESIAN_POINT('Ctrl Pts',(0.924092412238791,0.565785554214067,0.485511042280363));
#7196=CARTESIAN_POINT('Ctrl Pts',(0.922435258928082,0.560988113572019,0.463728777282021));
#7197=CARTESIAN_POINT('Ctrl Pts',(0.920778105617373,0.544297028396077,0.44456603236406));
#7198=CARTESIAN_POINT('Ctrl Pts',(0.919120952306665,0.523379132786125,0.43682496439403));
#7199=CARTESIAN_POINT('Ctrl Pts',(0.917463798995956,0.502461237176172,0.429083896424001));
#7200=CARTESIAN_POINT('Ctrl Pts',(0.915806645685248,0.477316531132209,0.432764505401903));
#7201=CARTESIAN_POINT('Ctrl Pts',(0.914149492374539,0.459494908899981,0.446176152066139));
#7202=CARTESIAN_POINT('Ctrl Pts',(0.91249233906383,0.441673286667752,0.459587798730376));
#7203=CARTESIAN_POINT('Ctrl Pts',(0.910835185753122,0.431174748247259,0.482730483080947));
#7204=CARTESIAN_POINT('Ctrl Pts',(0.909178032442413,0.432821661243201,0.504973912881952));
#7205=CARTESIAN_POINT('Ctrl Pts',(0.907520879131705,0.434468574239143,0.527217342682956));
#7206=CARTESIAN_POINT('Ctrl Pts',(0.905863725820996,0.448260938651522,0.548561517934393));
#7207=CARTESIAN_POINT('Ctrl Pts',(0.904206572510287,0.467863410710634,0.55920226878125));
#7208=CARTESIAN_POINT('Ctrl Pts',(0.902549419199578,0.487465882769747,0.569843019628107));
#7209=CARTESIAN_POINT('Ctrl Pts',(0.90089226588887,0.512878462475595,0.569780346070385));
#7210=CARTESIAN_POINT('Ctrl Pts',(0.899235112578162,0.532428211013967,0.55904303629996));
#7211=CARTESIAN_POINT('Ctrl Pts',(0.897577959267453,0.55197795955234,0.548305726529534));
#7212=CARTESIAN_POINT('Ctrl Pts',(0.895920805956744,0.565664876923238,0.526893780546404));
#7213=CARTESIAN_POINT('Ctrl Pts',(0.894263652646035,0.567202055148018,0.504642498045466));
#7214=CARTESIAN_POINT('Ctrl Pts',(0.894149304633486,0.567308124558617,0.503107100014263));
#7215=CARTESIAN_POINT('Ctrl Pts',(0.894034956620936,0.567356344574737,0.501567705591967));
#7216=CARTESIAN_POINT('Ctrl Pts',(0.893920608608387,0.567348316779377,0.500027799474017));
#7217=CARTESIAN_POINT('Origin',(0.875091314614384,0.5,0.5));
#7218=CARTESIAN_POINT('',(0.862670608608387,0.567176703285111,0.500047625728161));
#7219=CARTESIAN_POINT('',(0.871887020620382,0.567265289222173,0.499938888798182));
#7220=CARTESIAN_POINT('',(0.875091314614384,0.56725,0.5));
#7221=CARTESIAN_POINT('Ctrl Pts',(0.871887020620382,0.567265289222173,0.499938888798182));
#7222=CARTESIAN_POINT('Ctrl Pts',(0.873192952517334,0.567101283585422,0.517582233793131));
#7223=CARTESIAN_POINT('Ctrl Pts',(0.874498884414285,0.559979285350202,0.535342749030132));
#7224=CARTESIAN_POINT('Ctrl Pts',(0.875804816311236,0.547521591384573,0.547742738292057));
#7225=CARTESIAN_POINT('Ctrl Pts',(0.877461969621945,0.531713486193846,0.563477619495368));
#7226=CARTESIAN_POINT('Ctrl Pts',(0.879119122932654,0.507313754788132,0.570580892409788));
#7227=CARTESIAN_POINT('Ctrl Pts',(0.880776276243363,0.485530097293273,0.565789760771908));
#7228=CARTESIAN_POINT('Ctrl Pts',(0.882433429554071,0.463746439798413,0.560998629134028));
#7229=CARTESIAN_POINT('Ctrl Pts',(0.884090582864779,0.44457885621441,0.544313092943848));
#7230=CARTESIAN_POINT('Ctrl Pts',(0.885747736175488,0.436831727433197,0.523397436793024));
#7231=CARTESIAN_POINT('Ctrl Pts',(0.887404889486197,0.429084598651985,0.502481780642201));
#7232=CARTESIAN_POINT('Ctrl Pts',(0.889062042796906,0.432757924673564,0.477336004530733));
#7233=CARTESIAN_POINT('Ctrl Pts',(0.890719196107615,0.446164410837992,0.459510494594395));
#7234=CARTESIAN_POINT('Ctrl Pts',(0.892376349418323,0.45957089700242,0.441684984658057));
#7235=CARTESIAN_POINT('Ctrl Pts',(0.894033502729032,0.482710543309695,0.431179740896848));
#7236=CARTESIAN_POINT('Ctrl Pts',(0.89569065603974,0.504954453377392,0.4328202106649));
#7237=CARTESIAN_POINT('Ctrl Pts',(0.897347809350449,0.527198363445089,0.434460680432952));
#7238=CARTESIAN_POINT('Ctrl Pts',(0.899004962661157,0.548546537273207,0.448246863730265));
#7239=CARTESIAN_POINT('Ctrl Pts',(0.900662115971866,0.559192968128606,0.467846256284484));
#7240=CARTESIAN_POINT('Ctrl Pts',(0.901487084188038,0.564493001031185,0.477603275028026));
#7241=CARTESIAN_POINT('Ctrl Pts',(0.90231205240421,0.567140850415395,0.488800965428447));
#7242=CARTESIAN_POINT('Ctrl Pts',(0.903137020620382,0.56713965083151,0.499999189231114));
#7243=CARTESIAN_POINT('Ctrl Pts',(0.893920608608387,0.567348316779377,0.500027799474017));
#7244=CARTESIAN_POINT('Ctrl Pts',(0.892377803310227,0.567240004225989,0.479251091033989));
#7245=CARTESIAN_POINT('Ctrl Pts',(0.890834998012068,0.556892383096955,0.458381233908656));
#7246=CARTESIAN_POINT('Ctrl Pts',(0.889292192713909,0.540239114595536,0.445977017298288));
#7247=CARTESIAN_POINT('Ctrl Pts',(0.887635039403201,0.522351556739612,0.432653438070795));
#7248=CARTESIAN_POINT('Ctrl Pts',(0.885977886092492,0.497189001949101,0.429096898634554));
#7249=CARTESIAN_POINT('Ctrl Pts',(0.884320732781784,0.476309543372147,0.436941049257291));
#7250=CARTESIAN_POINT('Ctrl Pts',(0.882663579471075,0.455430084795192,0.444785199880027));
#7251=CARTESIAN_POINT('Ctrl Pts',(0.881006426160366,0.438833722431795,0.464030040561742));
#7252=CARTESIAN_POINT('Ctrl Pts',(0.879349272849657,0.43414378006074,0.485835703362051));
#7253=CARTESIAN_POINT('Ctrl Pts',(0.877692119538949,0.429453837689684,0.507641366162361));
#7254=CARTESIAN_POINT('Ctrl Pts',(0.876034966228241,0.436670315310971,0.532007851081266));
#7255=CARTESIAN_POINT('Ctrl Pts',(0.874377812917532,0.452478417534697,0.547742729331293));
#7256=CARTESIAN_POINT('Ctrl Pts',(0.872720659606823,0.468286519758423,0.563477607581319));
#7257=CARTESIAN_POINT('Ctrl Pts',(0.871063506296114,0.492686246584588,0.570580879162468));
#7258=CARTESIAN_POINT('Ctrl Pts',(0.869406352985406,0.514469899990892,0.565789748423868));
#7259=CARTESIAN_POINT('Ctrl Pts',(0.867749199674697,0.536253553397195,0.560998617685267));
#7260=CARTESIAN_POINT('Ctrl Pts',(0.866092046363989,0.555421133383638,0.544313084626917));
#7261=CARTESIAN_POINT('Ctrl Pts',(0.86443489305328,0.563168260710812,0.523397432401661));
#7262=CARTESIAN_POINT('Ctrl Pts',(0.863846798238316,0.565917581116196,0.515974832123348));
#7263=CARTESIAN_POINT('Ctrl Pts',(0.863258703423351,0.56722859105432,0.508019483725759));
#7264=CARTESIAN_POINT('Ctrl Pts',(0.862670608608387,0.567176703285111,0.500047625728161));
#7265=CARTESIAN_POINT('Origin',(0.875091314614384,0.5,0.5));
#7266=CARTESIAN_POINT('',(0.831420608608387,0.567174611276798,0.499953444162847));
#7267=CARTESIAN_POINT('',(0.840637020620382,0.567346417981133,0.500029606373697));
#7268=CARTESIAN_POINT('',(0.875091314614384,0.56725,0.5));
#7269=CARTESIAN_POINT('Ctrl Pts',(0.840637020620382,0.567346417981133,0.500029606373697));
#7270=CARTESIAN_POINT('Ctrl Pts',(0.84075954600904,0.567355492116548,0.501679760357876));
#7271=CARTESIAN_POINT('Ctrl Pts',(0.840882071397697,0.567300119635911,0.503329295073136));
#7272=CARTESIAN_POINT('Ctrl Pts',(0.841004596786355,0.567178351365289,0.504973913814994));
#7273=CARTESIAN_POINT('Ctrl Pts',(0.842661750097064,0.565531438060132,0.527217347790405));
#7274=CARTESIAN_POINT('Ctrl Pts',(0.844318903407772,0.551739071059338,0.548561527048884));
#7275=CARTESIAN_POINT('Ctrl Pts',(0.845976056718481,0.532136595321118,0.559202279893124));
#7276=CARTESIAN_POINT('Ctrl Pts',(0.84763321002919,0.512534119582898,0.569843032737363));
#7277=CARTESIAN_POINT('Ctrl Pts',(0.849290363339899,0.487121535107253,0.569780359167363));
#7278=CARTESIAN_POINT('Ctrl Pts',(0.850947516650608,0.467571782899578,0.559043047381541));
#7279=CARTESIAN_POINT('Ctrl Pts',(0.852604669961316,0.448022030691903,0.548305735595718));
#7280=CARTESIAN_POINT('Ctrl Pts',(0.854261823272025,0.434335110752198,0.526893785594073));
#7281=CARTESIAN_POINT('Ctrl Pts',(0.855918976582733,0.432797932238924,0.504642498916883));
#7282=CARTESIAN_POINT('Ctrl Pts',(0.857576129893441,0.431260753725651,0.482391212239693));
#7283=CARTESIAN_POINT('Ctrl Pts',(0.85923328320415,0.441873316638808,0.459300588886957));
#7284=CARTESIAN_POINT('Ctrl Pts',(0.860890436514859,0.459760877852019,0.44597700715874));
#7285=CARTESIAN_POINT('Ctrl Pts',(0.862547589825567,0.477648439065229,0.432653425430522));
#7286=CARTESIAN_POINT('Ctrl Pts',(0.864204743136276,0.502810998578492,0.429096885326823));
#7287=CARTESIAN_POINT('Ctrl Pts',(0.865861896446984,0.523690461074294,0.436941037421842));
#7288=CARTESIAN_POINT('Ctrl Pts',(0.867519049757693,0.544569923570096,0.444785189516862));
#7289=CARTESIAN_POINT('Ctrl Pts',(0.869176203068402,0.561166289048437,0.4640300338106));
#7290=CARTESIAN_POINT('Ctrl Pts',(0.870833356379111,0.565856232299738,0.485835700703571));
#7291=CARTESIAN_POINT('Ctrl Pts',(0.871184577792868,0.566850231158213,0.490457250867079));
#7292=CARTESIAN_POINT('Ctrl Pts',(0.871535799206625,0.567309397411688,0.495193832346928));
#7293=CARTESIAN_POINT('Ctrl Pts',(0.871887020620382,0.567265289222173,0.499938888798182));
#7294=CARTESIAN_POINT('Ctrl Pts',(0.862670608608387,0.567176703285111,0.500047625728161));
#7295=CARTESIAN_POINT('Ctrl Pts',(0.861601550112642,0.567082379956482,0.48555611466168));
#7296=CARTESIAN_POINT('Ctrl Pts',(0.860532491616898,0.56248433542172,0.471010047310262));
#7297=CARTESIAN_POINT('Ctrl Pts',(0.859463433121154,0.55383557905769,0.459510502193681));
#7298=CARTESIAN_POINT('Ctrl Pts',(0.857806279810445,0.540429095409489,0.441684995603117));
#7299=CARTESIAN_POINT('Ctrl Pts',(0.856149126499737,0.517289453445183,0.431179753814152));
#7300=CARTESIAN_POINT('Ctrl Pts',(0.854491973189028,0.495045547552461,0.43282022327407));
#7301=CARTESIAN_POINT('Ctrl Pts',(0.85283481987832,0.472801641659739,0.434460692733988));
#7302=CARTESIAN_POINT('Ctrl Pts',(0.851177666567611,0.451453471838601,0.44824687344279));
#7303=CARTESIAN_POINT('Ctrl Pts',(0.849520513256902,0.440807042981337,0.467846262318865));
#7304=CARTESIAN_POINT('Ctrl Pts',(0.847863359946193,0.430160614124073,0.487445651194941));
#7305=CARTESIAN_POINT('Ctrl Pts',(0.846206206635485,0.430215926230684,0.512858248238289));
#7306=CARTESIAN_POINT('Ctrl Pts',(0.844549053324776,0.440947572407951,0.532411106227866));
#7307=CARTESIAN_POINT('Ctrl Pts',(0.842891900014068,0.451679218585217,0.551963964217442));
#7308=CARTESIAN_POINT('Ctrl Pts',(0.841234746703359,0.47308719883314,0.565657083153247));
#7309=CARTESIAN_POINT('Ctrl Pts',(0.83957759339265,0.495338035102067,0.567200707265157));
#7310=CARTESIAN_POINT('Ctrl Pts',(0.837920440081942,0.517588871370995,0.568744331377067));
#7311=CARTESIAN_POINT('Ctrl Pts',(0.836263286771233,0.540682563660927,0.558138460665082));
#7312=CARTESIAN_POINT('Ctrl Pts',(0.834606133460525,0.554011323993977,0.540254762693016));
#7313=CARTESIAN_POINT('Ctrl Pts',(0.833544291843145,0.562551893136403,0.528795560543964));
#7314=CARTESIAN_POINT('Ctrl Pts',(0.832482450225766,0.567083210509025,0.514348253413571));
#7315=CARTESIAN_POINT('Ctrl Pts',(0.831420608608387,0.567174611276798,0.499953444162847));
#7316=CARTESIAN_POINT('Origin',(0.875091314614384,0.5,0.5));
#7317=CARTESIAN_POINT('',(0.800170608608387,0.567346636025023,0.499970542154279));
#7318=CARTESIAN_POINT('',(0.809387020620381,0.567174348242101,0.50004640745453));
#7319=CARTESIAN_POINT('',(0.875091314614384,0.56725,0.5));
#7320=CARTESIAN_POINT('Ctrl Pts',(0.809387020620381,0.567174348242101,0.50004640745453));
#7321=CARTESIAN_POINT('Ctrl Pts',(0.809983292811454,0.567225502019154,0.508129831706797));
#7322=CARTESIAN_POINT('Ctrl Pts',(0.810579565002527,0.565876734864598,0.516196758110858));
#7323=CARTESIAN_POINT('Ctrl Pts',(0.811175837193599,0.563052098666876,0.523708730100806));
#7324=CARTESIAN_POINT('Ctrl Pts',(0.812832990504308,0.555201899887388,0.544585922496276));
#7325=CARTESIAN_POINT('Ctrl Pts',(0.814490143815018,0.535952246053339,0.561176706195588));
#7326=CARTESIAN_POINT('Ctrl Pts',(0.816147297125726,0.514145220822812,0.565860331052867));
#7327=CARTESIAN_POINT('Ctrl Pts',(0.817804450436435,0.492338195592285,0.570543955910146));
#7328=CARTESIAN_POINT('Ctrl Pts',(0.819461603747143,0.46797379896528,0.563320421925392));
#7329=CARTESIAN_POINT('Ctrl Pts',(0.821118757057852,0.452243498041322,0.547507760109881));
#7330=CARTESIAN_POINT('Ctrl Pts',(0.82277591036856,0.436513197117364,0.53169509829437));
#7331=CARTESIAN_POINT('Ctrl Pts',(0.824433063679269,0.429416991896453,0.507293308648102));
#7332=CARTESIAN_POINT('Ctrl Pts',(0.826090216989978,0.434214433439551,0.485511039564373));
#7333=CARTESIAN_POINT('Ctrl Pts',(0.827747370300686,0.439011874982649,0.463728770480643));
#7334=CARTESIAN_POINT('Ctrl Pts',(0.829404523611395,0.455702963289755,0.444566021959453));
#7335=CARTESIAN_POINT('Ctrl Pts',(0.831061676922103,0.476620862825414,0.436824952534963));
#7336=CARTESIAN_POINT('Ctrl Pts',(0.832718830232812,0.497538762361071,0.429083883110474));
#7337=CARTESIAN_POINT('Ctrl Pts',(0.83437598354352,0.52268347312528,0.432764492782685));
#7338=CARTESIAN_POINT('Ctrl Pts',(0.836033136854229,0.540505098702624,0.446176141964962));
#7339=CARTESIAN_POINT('Ctrl Pts',(0.83756776477628,0.557009041971235,0.458596170445653));
#7340=CARTESIAN_POINT('Ctrl Pts',(0.839102392698331,0.567232764625452,0.479361462346221));
#7341=CARTESIAN_POINT('Ctrl Pts',(0.840637020620382,0.567346417981133,0.500029606373697));
#7342=CARTESIAN_POINT('Ctrl Pts',(0.831420608608387,0.567174611276798,0.499953444162847));
#7343=CARTESIAN_POINT('Ctrl Pts',(0.830825296915057,0.567225854272875,0.491883127337867));
#7344=CARTESIAN_POINT('Ctrl Pts',(0.830229985221728,0.565881551278082,0.48382931154478));
#7345=CARTESIAN_POINT('Ctrl Pts',(0.829634673528399,0.563065810742432,0.476327810356544));
#7346=CARTESIAN_POINT('Ctrl Pts',(0.82797752021769,0.55522770878167,0.455446081224285));
#7347=CARTESIAN_POINT('Ctrl Pts',(0.826320366906981,0.535987676483978,0.438844148191914));
#7348=CARTESIAN_POINT('Ctrl Pts',(0.824663213596273,0.514183373202775,0.434147887671709));
#7349=CARTESIAN_POINT('Ctrl Pts',(0.823006060285564,0.492379069921571,0.429451627151504));
#7350=CARTESIAN_POINT('Ctrl Pts',(0.821348906974856,0.468010495656856,0.436661039143465));
#7351=CARTESIAN_POINT('Ctrl Pts',(0.819691753664147,0.452271038738889,0.452464585995667));
#7352=CARTESIAN_POINT('Ctrl Pts',(0.818034600353438,0.436531581820923,0.468268132847869));
#7353=CARTESIAN_POINT('Ctrl Pts',(0.81637744704273,0.429421242249705,0.492665814560312));
#7354=CARTESIAN_POINT('Ctrl Pts',(0.814720293732021,0.434206062608979,0.514450848291648));
#7355=CARTESIAN_POINT('Ctrl Pts',(0.813063140421312,0.438990882968253,0.536235882022984));
#7356=CARTESIAN_POINT('Ctrl Pts',(0.811405987110604,0.455670863258018,0.555408267773213));
#7357=CARTESIAN_POINT('Ctrl Pts',(0.809748833799895,0.476584270235683,0.563161466776548));
#7358=CARTESIAN_POINT('Ctrl Pts',(0.808091680489186,0.497497677213349,0.570914665779884));
#7359=CARTESIAN_POINT('Ctrl Pts',(0.806434527178478,0.522644510878915,0.567248678036327));
#7360=CARTESIAN_POINT('Ctrl Pts',(0.804777373867769,0.540473900673643,0.553847332557958));
#7361=CARTESIAN_POINT('Ctrl Pts',(0.803241785447975,0.556995368134654,0.541429078439125));
#7362=CARTESIAN_POINT('Ctrl Pts',(0.801706197028181,0.567233595159123,0.520651403399097));
#7363=CARTESIAN_POINT('Ctrl Pts',(0.800170608608387,0.567346636025023,0.499970542154279));
#7364=CARTESIAN_POINT('Origin',(0.875091314614384,0.5,0.5));
#7365=CARTESIAN_POINT('',(0.768920608608387,0.567264877893626,0.500060960076022));
#7366=CARTESIAN_POINT('',(0.778137020620382,0.567176814779049,0.499951813792937));
#7367=CARTESIAN_POINT('',(0.875091314614384,0.56725,0.5));
#7368=CARTESIAN_POINT('',(0.750091314614384,0.446230698716073,0.54039089921552));
#7369=CARTESIAN_POINT('Ctrl Pts',(0.768920608608387,0.567264877893626,0.500060960076022));
#7370=CARTESIAN_POINT('Ctrl Pts',(0.767615637209178,0.567100915594333,0.482434941125083));
#7371=CARTESIAN_POINT('Ctrl Pts',(0.76631066580997,0.559990425966622,0.464694062785596));
#7372=CARTESIAN_POINT('Ctrl Pts',(0.765005694410762,0.547549173809548,0.452291073750946));
#7373=CARTESIAN_POINT('Ctrl Pts',(0.763348541100053,0.531750312459817,0.436540801864587));
#7374=CARTESIAN_POINT('Ctrl Pts',(0.761691387789345,0.507355128076275,0.429398345563778));
#7375=CARTESIAN_POINT('Ctrl Pts',(0.760034234478636,0.485568099159771,0.43419004787356));
#7376=CARTESIAN_POINT('Ctrl Pts',(0.758377081167927,0.463781070243267,0.438981750183341));
#7377=CARTESIAN_POINT('Ctrl Pts',(0.756719927857219,0.444602196793801,0.455707611103714));
#7378=CARTESIAN_POINT('Ctrl Pts',(0.75506277454651,0.436850138514589,0.476581044037481));
#7379=CARTESIAN_POINT('Ctrl Pts',(0.753405621235801,0.429098080235377,0.497454476971249));
#7380=CARTESIAN_POINT('Ctrl Pts',(0.751748467925093,0.432772837126419,0.522475481918412));
#7381=CARTESIAN_POINT('Ctrl Pts',(0.750091314614384,0.446230698716073,0.54039089921552));
#7382=CARTESIAN_POINT('',(0.750091314614384,0.553703663211632,0.540411920322448));
#7383=CARTESIAN_POINT('Origin',(0.750091314614384,0.5,0.5));
#7384=CARTESIAN_POINT('Ctrl Pts',(0.750091314614384,0.553703663211632,0.540411920322448));
#7385=CARTESIAN_POINT('Ctrl Pts',(0.750566982412286,0.549883128307398,0.545599181499095));
#7386=CARTESIAN_POINT('Ctrl Pts',(0.751042650210187,0.545348038726154,0.550232081539859));
#7387=CARTESIAN_POINT('Ctrl Pts',(0.751518318008089,0.540212797028585,0.55405701234115));
#7388=CARTESIAN_POINT('Ctrl Pts',(0.753175471318798,0.52232240626016,0.56738248185696));
#7389=CARTESIAN_POINT('Ctrl Pts',(0.754832624629506,0.497147859846826,0.570901481418697));
#7390=CARTESIAN_POINT('Ctrl Pts',(0.756489777940215,0.47627048686494,0.563039507229956));
#7391=CARTESIAN_POINT('Ctrl Pts',(0.758146931250924,0.455393113883053,0.555177533041215));
#7392=CARTESIAN_POINT('Ctrl Pts',(0.759804084561632,0.438812914332614,0.535934585101995));
#7393=CARTESIAN_POINT('Ctrl Pts',(0.761461237872341,0.434136846251717,0.514129057058009));
#7394=CARTESIAN_POINT('Ctrl Pts',(0.763118391183049,0.429460778170819,0.492323529014023));
#7395=CARTESIAN_POINT('Ctrl Pts',(0.764775544493758,0.436688841559464,0.46795542086527));
#7396=CARTESIAN_POINT('Ctrl Pts',(0.766432697804467,0.452505433623779,0.452228263907617));
#7397=CARTESIAN_POINT('Ctrl Pts',(0.768089851115175,0.468322025688093,0.436501106949964));
#7398=CARTESIAN_POINT('Ctrl Pts',(0.769747004425884,0.492727146428078,0.42941490118341));
#7399=CARTESIAN_POINT('Ctrl Pts',(0.771404157736593,0.514508340866149,0.434219377838381));
#7400=CARTESIAN_POINT('Ctrl Pts',(0.773061311047301,0.53628953530422,0.439023854493353));
#7401=CARTESIAN_POINT('Ctrl Pts',(0.77471846435801,0.555446803440379,0.455719013569848));
#7402=CARTESIAN_POINT('Ctrl Pts',(0.776375617668718,0.563181653511541,0.476638788392781));
#7403=CARTESIAN_POINT('Ctrl Pts',(0.776962751985939,0.5659221337592,0.484050726460134));
#7404=CARTESIAN_POINT('Ctrl Pts',(0.77754988630316,0.567228751185888,0.491992983013226));
#7405=CARTESIAN_POINT('Ctrl Pts',(0.778137020620382,0.567176814779049,0.499951813792937));
#7406=CARTESIAN_POINT('Origin',(0.68227969213784,0.5,0.5));
#7407=CARTESIAN_POINT('',(0.974152937090928,0.582119633567317,0.499966220531446));
#7408=CARTESIAN_POINT('',(0.97915469213784,0.582017152142783,0.500078970369045));
#7409=CARTESIAN_POINT('',(0.68227969213784,0.582,0.500000000000002));
#7410=CARTESIAN_POINT('',(1.00009131461438,0.460483521110678,0.428149823269599));
#7411=CARTESIAN_POINT('Ctrl Pts',(0.97915469213784,0.582017152142783,0.500078970369045));
#7412=CARTESIAN_POINT('Ctrl Pts',(0.979504953053854,0.582070756968623,0.505848911481931));
#7413=CARTESIAN_POINT('Ctrl Pts',(0.981512367280576,0.578880359732341,0.538856831761031));
#7414=CARTESIAN_POINT('Ctrl Pts',(0.985176934818005,0.534173779274151,0.59074310842155));
#7415=CARTESIAN_POINT('Ctrl Pts',(0.990148394750134,0.442085556179465,0.577870807636207));
#7416=CARTESIAN_POINT('Ctrl Pts',(0.995119854682257,0.403287879759001,0.493254035915874));
#7417=CARTESIAN_POINT('Ctrl Pts',(0.998434161303676,0.436543728919612,0.441316336363683));
#7418=CARTESIAN_POINT('Ctrl Pts',(1.00009131461438,0.460483521110679,0.428149823269599));
#7419=CARTESIAN_POINT('',(1.00009131461438,0.539432983420584,0.428159363469889));
#7420=CARTESIAN_POINT('Origin',(1.00009131461438,0.5,0.5));
#7421=CARTESIAN_POINT('Ctrl Pts',(0.974152937090928,0.582119633567317,0.499966220531446));
#7422=CARTESIAN_POINT('Ctrl Pts',(0.975694781891344,0.581986773401506,0.525283728544458));
#7423=CARTESIAN_POINT('Ctrl Pts',(0.97889378000247,0.555845728920719,0.578046914757374));
#7424=CARTESIAN_POINT('Ctrl Pts',(0.983749931424301,0.465943679725199,0.590818469660544));
#7425=CARTESIAN_POINT('Ctrl Pts',(0.988721391356428,0.40519323530826,0.520432997181014));
#7426=CARTESIAN_POINT('Ctrl Pts',(0.993692851288553,0.431540008060058,0.431331195883131));
#7427=CARTESIAN_POINT('Ctrl Pts',(0.997482825707872,0.499569928452923,0.411413427968613));
#7428=CARTESIAN_POINT('Ctrl Pts',(0.999615646816483,0.532585975368888,0.424308969361975));
#7429=CARTESIAN_POINT('Ctrl Pts',(1.00009131461438,0.539432983420584,0.428159363469889));
#7430=CARTESIAN_POINT('Origin',(0.68227969213784,0.5,0.5));
#7431=CARTESIAN_POINT('',(0.942902937090929,0.582015001613307,0.50007487534565));
#7432=CARTESIAN_POINT('',(0.947904692137839,0.581865418198774,0.500001299544156));
#7433=CARTESIAN_POINT('',(0.68227969213784,0.582,0.500000000000002));
#7434=CARTESIAN_POINT('Ctrl Pts',(0.947904692137839,0.581865418198774,0.500001299544156));
#7435=CARTESIAN_POINT('Ctrl Pts',(0.948728699856268,0.581867256911507,0.513639762145919));
#7436=CARTESIAN_POINT('Ctrl Pts',(0.951209860885404,0.57216940623743,0.554703887488257));
#7437=CARTESIAN_POINT('Ctrl Pts',(0.955348175225252,0.507189554168786,0.596719401225539));
#7438=CARTESIAN_POINT('Ctrl Pts',(0.960319635157377,0.422522064227803,0.558341736303924));
#7439=CARTESIAN_POINT('Ctrl Pts',(0.965291095089503,0.409032970828134,0.466363748787189));
#7440=CARTESIAN_POINT('Ctrl Pts',(0.970262555021629,0.479110102322476,0.405293012061727));
#7441=CARTESIAN_POINT('Ctrl Pts',(0.974883754037741,0.562094111797568,0.429387996445348));
#7442=CARTESIAN_POINT('Ctrl Pts',(0.977847799743145,0.581817141990333,0.478550184788027));
#7443=CARTESIAN_POINT('Ctrl Pts',(0.97915469213784,0.582017152142783,0.500078970369045));
#7444=CARTESIAN_POINT('Ctrl Pts',(0.942902937090929,0.582015001613307,0.50007487534565));
#7445=CARTESIAN_POINT('Ctrl Pts',(0.943261375383051,0.582069903553126,0.505980227797704));
#7446=CARTESIAN_POINT('Ctrl Pts',(0.945276966985881,0.57878946398397,0.539127043044089));
#7447=CARTESIAN_POINT('Ctrl Pts',(0.948949711899419,0.533713475998211,0.590938509445249));
#7448=CARTESIAN_POINT('Ctrl Pts',(0.953921171831546,0.441726527873066,0.577528350033564));
#7449=CARTESIAN_POINT('Ctrl Pts',(0.958892631763673,0.403273901168283,0.492894447606703));
#7450=CARTESIAN_POINT('Ctrl Pts',(0.963864091695797,0.453681043362092,0.414789141127567));
#7451=CARTESIAN_POINT('Ctrl Pts',(0.968835551627926,0.546640187173494,0.414963039210314));
#7452=CARTESIAN_POINT('Ctrl Pts',(0.972265166759634,0.581210529512699,0.468978250077142));
#7453=CARTESIAN_POINT('Ctrl Pts',(0.974037628580635,0.58212956965673,0.498072823652251));
#7454=CARTESIAN_POINT('Ctrl Pts',(0.974152937090928,0.582119633567317,0.499966220531446));
#7455=CARTESIAN_POINT('Origin',(0.68227969213784,0.5,0.5));
#7456=CARTESIAN_POINT('',(0.911652937090929,0.581865447854035,0.499999011404482));
#7457=CARTESIAN_POINT('',(0.91665469213784,0.582014501359109,0.499925092759758));
#7458=CARTESIAN_POINT('',(0.68227969213784,0.582,0.500000000000002));
#7459=CARTESIAN_POINT('Ctrl Pts',(0.91665469213784,0.58201450135911,0.499925092759758));
#7460=CARTESIAN_POINT('Ctrl Pts',(0.917952446658683,0.581815727587099,0.5213062139152));
#7461=CARTESIAN_POINT('Ctrl Pts',(0.920907354490235,0.562315739234894,0.570310881159381));
#7462=CARTESIAN_POINT('Ctrl Pts',(0.925519415632496,0.479634017782375,0.594824282093324));
#7463=CARTESIAN_POINT('Ctrl Pts',(0.930490875564622,0.409218940361587,0.534135330222255));
#7464=CARTESIAN_POINT('Ctrl Pts',(0.935462335496748,0.422202091045795,0.442087081499798));
#7465=CARTESIAN_POINT('Ctrl Pts',(0.940433795428872,0.506656115492364,0.403242036555471));
#7466=CARTESIAN_POINT('Ctrl Pts',(0.944581247642571,0.57201087585626,0.444991171949905));
#7467=CARTESIAN_POINT('Ctrl Pts',(0.94707154654556,0.581863559095547,0.486211592545045));
#7468=CARTESIAN_POINT('Ctrl Pts',(0.947904692137839,0.581865418198774,0.500001299544156));
#7469=CARTESIAN_POINT('Ctrl Pts',(0.911652937090929,0.581865447854035,0.499999011404482));
#7470=CARTESIAN_POINT('Ctrl Pts',(0.912485122185466,0.581863972368682,0.513772800306743));
#7471=CARTESIAN_POINT('Ctrl Pts',(0.914974460590712,0.572027578651715,0.554976697644703));
#7472=CARTESIAN_POINT('Ctrl Pts',(0.919120952306664,0.506712199259195,0.596754167927284));
#7473=CARTESIAN_POINT('Ctrl Pts',(0.924092412238791,0.422235628702932,0.557957964410941));
#7474=CARTESIAN_POINT('Ctrl Pts',(0.929063872170916,0.409199168562247,0.465917274956843));
#7475=CARTESIAN_POINT('Ctrl Pts',(0.934035332103043,0.479579076849876,0.405187515875574));
#7476=CARTESIAN_POINT('Ctrl Pts',(0.938648353743046,0.562292228477329,0.429658097703163));
#7477=CARTESIAN_POINT('Ctrl Pts',(0.941604222072342,0.58181607762734,0.478678249795044));
#7478=CARTESIAN_POINT('Ctrl Pts',(0.942902937090929,0.582015001613307,0.50007487534565));
#7479=CARTESIAN_POINT('Origin',(0.68227969213784,0.5,0.5));
#7480=CARTESIAN_POINT('',(0.880402937090928,0.582018642620345,0.499925485226035));
#7481=CARTESIAN_POINT('',(0.885404692137839,0.582119880682661,0.500033896756424));
#7482=CARTESIAN_POINT('',(0.68227969213784,0.582,0.500000000000002));
#7483=CARTESIAN_POINT('Ctrl Pts',(0.88540469213784,0.582119880682661,0.500033896756424));
#7484=CARTESIAN_POINT('Ctrl Pts',(0.885519040150389,0.582129669221241,0.501911551799871));
#7485=CARTESIAN_POINT('Ctrl Pts',(0.887290541473647,0.58121878794417,0.530990877567639));
#7486=CARTESIAN_POINT('Ctrl Pts',(0.890719196107614,0.546689449202651,0.585008909234771));
#7487=CARTESIAN_POINT('Ctrl Pts',(0.89569065603974,0.453730421579773,0.585238168642946));
#7488=CARTESIAN_POINT('Ctrl Pts',(0.900662115971866,0.403278055104755,0.50716133426594));
#7489=CARTESIAN_POINT('Ctrl Pts',(0.905633575903992,0.441681630590872,0.422505566976119));
#7490=CARTESIAN_POINT('Ctrl Pts',(0.910605035836118,0.533660778350203,0.409041926700074));
#7491=CARTESIAN_POINT('Ctrl Pts',(0.9142787412474,0.578778563961105,0.460840872533219));
#7492=CARTESIAN_POINT('Ctrl Pts',(0.916295293347974,0.582069549561193,0.494003827261692));
#7493=CARTESIAN_POINT('Ctrl Pts',(0.91665469213784,0.58201450135911,0.499925092759758));
#7494=CARTESIAN_POINT('Ctrl Pts',(0.880402937090928,0.582018642620345,0.499925485226035));
#7495=CARTESIAN_POINT('Ctrl Pts',(0.88170886898788,0.581818665487057,0.521438560164114));
#7496=CARTESIAN_POINT('Ctrl Pts',(0.884671954195541,0.562114999521779,0.570574666077557));
#7497=CARTESIAN_POINT('Ctrl Pts',(0.889292192713909,0.479166541522057,0.594722699726172));
#7498=CARTESIAN_POINT('Ctrl Pts',(0.894263652646036,0.409051663281683,0.533687132398524));
#7499=CARTESIAN_POINT('Ctrl Pts',(0.89923511257816,0.422488662557648,0.441704070340221));
#7500=CARTESIAN_POINT('Ctrl Pts',(0.904206572510288,0.507133316707681,0.40327596676762));
#7501=CARTESIAN_POINT('Ctrl Pts',(0.908345847347876,0.572152853130327,0.445264159961373));
#7502=CARTESIAN_POINT('Ctrl Pts',(0.910827968874757,0.581866910543679,0.486344671600486));
#7503=CARTESIAN_POINT('Ctrl Pts',(0.911652937090929,0.581865447854035,0.499999011404482));
#7504=CARTESIAN_POINT('Origin',(0.68227969213784,0.5,0.5));
#7505=CARTESIAN_POINT('',(0.849152937090929,0.582117565419374,0.500036099964956));
#7506=CARTESIAN_POINT('',(0.85415469213784,0.581910627053965,0.500058071519839));
#7507=CARTESIAN_POINT('',(0.68227969213784,0.582,0.500000000000002));
#7508=CARTESIAN_POINT('Ctrl Pts',(0.85415469213784,0.581910627053965,0.500058071519839));
#7509=CARTESIAN_POINT('Ctrl Pts',(0.854742786952805,0.581973895411959,0.509778403948137));
#7510=CARTESIAN_POINT('Ctrl Pts',(0.856988035078478,0.575870878973777,0.546812159856524));
#7511=CARTESIAN_POINT('Ctrl Pts',(0.860890436514858,0.520833454567758,0.594722681947607));
#7512=CARTESIAN_POINT('Ctrl Pts',(0.865861896446985,0.431579435248255,0.568738967316193));
#7513=CARTESIAN_POINT('Ctrl Pts',(0.870833356379111,0.405181613763697,0.479606546646296));
#7514=CARTESIAN_POINT('Ctrl Pts',(0.875804816311236,0.465890983895975,0.409209062516903));
#7515=CARTESIAN_POINT('Ctrl Pts',(0.880661928230814,0.555818318059971,0.421919620447643));
#7516=CARTESIAN_POINT('Ctrl Pts',(0.883861886839681,0.58198781184433,0.474700215089772));
#7517=CARTESIAN_POINT('Ctrl Pts',(0.88540469213784,0.582119880682661,0.500033896756424));
#7518=CARTESIAN_POINT('Ctrl Pts',(0.849152937090929,0.582117565419374,0.500036099964956));
#7519=CARTESIAN_POINT('Ctrl Pts',(0.849275462479587,0.582128629792668,0.502048183633396));
#7520=CARTESIAN_POINT('Ctrl Pts',(0.851055141178953,0.581147941349679,0.531262688978804));
#7521=CARTESIAN_POINT('Ctrl Pts',(0.854491973189027,0.546269587104842,0.585238184642436));
#7522=CARTESIAN_POINT('Ctrl Pts',(0.859463433121155,0.453310542034079,0.58500892518935));
#7523=CARTESIAN_POINT('Ctrl Pts',(0.864434893053279,0.403243890656126,0.506684171279986));
#7524=CARTESIAN_POINT('Ctrl Pts',(0.869406352985406,0.442064566888642,0.422218842733178));
#7525=CARTESIAN_POINT('Ctrl Pts',(0.874377812917532,0.534109022505932,0.409209045476522));
#7526=CARTESIAN_POINT('Ctrl Pts',(0.878043340952706,0.578870911975514,0.461114120371376));
#7527=CARTESIAN_POINT('Ctrl Pts',(0.880051715677172,0.582072425096779,0.494139691486217));
#7528=CARTESIAN_POINT('Ctrl Pts',(0.880402937090928,0.582018642620345,0.499925485226035));
#7529=CARTESIAN_POINT('Origin',(0.68227969213784,0.5,0.5));
#7530=CARTESIAN_POINT('',(0.817902937090929,0.581907755477357,0.500056586041211));
#7531=CARTESIAN_POINT('',(0.82290469213784,0.581908076203679,0.49994323303128));
#7532=CARTESIAN_POINT('',(0.68227969213784,0.582,0.500000000000002));
#7533=CARTESIAN_POINT('Ctrl Pts',(0.82290469213784,0.581908076203679,0.49994323303128));
#7534=CARTESIAN_POINT('Ctrl Pts',(0.823966533755219,0.581796628427361,0.517495268102795));
#7535=CARTESIAN_POINT('Ctrl Pts',(0.826685528683307,0.567648639884984,0.562603637025255));
#7536=CARTESIAN_POINT('Ctrl Pts',(0.831061676922104,0.493287802002188,0.596754149759141));
#7537=CARTESIAN_POINT('Ctrl Pts',(0.836033136854229,0.414977569422426,0.546664822499543));
#7538=CARTESIAN_POINT('Ctrl Pts',(0.841004596786355,0.414775238147687,0.453705731456216));
#7539=CARTESIAN_POINT('Ctrl Pts',(0.845976056718481,0.492866684630958,0.403275984922903));
#7540=CARTESIAN_POINT('Ctrl Pts',(0.850359421835642,0.567498354157508,0.437158260832789));
#7541=CARTESIAN_POINT('Ctrl Pts',(0.853085633642096,0.581795615709018,0.482388124940635));
#7542=CARTESIAN_POINT('Ctrl Pts',(0.85415469213784,0.581910627053965,0.500058071519839));
#7543=CARTESIAN_POINT('Ctrl Pts',(0.817902937090929,0.581907755477357,0.500056586041211));
#7544=CARTESIAN_POINT('Ctrl Pts',(0.818499209282002,0.581970128856069,0.509912954646205));
#7545=CARTESIAN_POINT('Ctrl Pts',(0.820752634783783,0.575754898998544,0.547086014262614));
#7546=CARTESIAN_POINT('Ctrl Pts',(0.824663213596272,0.520365986051774,0.594824299946198));
#7547=CARTESIAN_POINT('Ctrl Pts',(0.829634673528399,0.43124120433812,0.56840066633654));
#7548=CARTESIAN_POINT('Ctrl Pts',(0.834606133460524,0.405283338399917,0.479139101236437));
#7549=CARTESIAN_POINT('Ctrl Pts',(0.839577593392651,0.466339215330003,0.409041909619888));
#7550=CARTESIAN_POINT('Ctrl Pts',(0.844426527936119,0.556051484293817,0.42217373077944));
#7551=CARTESIAN_POINT('Ctrl Pts',(0.847618309168879,0.581978984376016,0.474834794236286));
#7552=CARTESIAN_POINT('Ctrl Pts',(0.849152937090929,0.582117565419374,0.500036099964956));
#7553=CARTESIAN_POINT('Origin',(0.68227969213784,0.5,0.5));
#7554=CARTESIAN_POINT('',(0.786652937090929,0.581910763001963,0.499941245070943));
#7555=CARTESIAN_POINT('',(0.79165469213784,0.582117831287017,0.499964081139789));
#7556=CARTESIAN_POINT('',(0.68227969213784,0.582,0.500000000000002));
#7557=CARTESIAN_POINT('Ctrl Pts',(0.79165469213784,0.582117831287017,0.499964081139789));
#7558=CARTESIAN_POINT('Ctrl Pts',(0.793190280557634,0.581979997071348,0.525180893363954));
#7559=CARTESIAN_POINT('Ctrl Pts',(0.796383022288137,0.556024145646924,0.577856248676451));
#7560=CARTESIAN_POINT('Ctrl Pts',(0.801232917329348,0.466286530422575,0.590938492028583));
#7561=CARTESIAN_POINT('Ctrl Pts',(0.806204377261474,0.405271286537338,0.520806047499866));
#7562=CARTESIAN_POINT('Ctrl Pts',(0.811175837193599,0.431280855823874,0.431559509191151));
#7563=CARTESIAN_POINT('Ctrl Pts',(0.816147297125727,0.520420919305212,0.405187533726133));
#7564=CARTESIAN_POINT('Ctrl Pts',(0.820056915440472,0.575768549702612,0.452946167346947));
#7565=CARTESIAN_POINT('Ctrl Pts',(0.82230938044451,0.5819705583699,0.490102846716805));
#7566=CARTESIAN_POINT('Ctrl Pts',(0.82290469213784,0.581908076203679,0.49994323303128));
#7567=CARTESIAN_POINT('Ctrl Pts',(0.786652937090929,0.581910763001963,0.499941245070943));
#7568=CARTESIAN_POINT('Ctrl Pts',(0.787722956084416,0.581795351927157,0.51762705104768));
#7569=CARTESIAN_POINT('Ctrl Pts',(0.790450128388612,0.567478634254122,0.562874184925263));
#7570=CARTESIAN_POINT('Ctrl Pts',(0.794834454003517,0.492810444684234,0.596719421566527));
#7571=CARTESIAN_POINT('Ctrl Pts',(0.799805913935643,0.414748517413103,0.546245127167661));
#7572=CARTESIAN_POINT('Ctrl Pts',(0.804777373867768,0.415004551935756,0.453285800648908));
#7573=CARTESIAN_POINT('Ctrl Pts',(0.809748833799895,0.493343883199972,0.403242018039078));
#7574=CARTESIAN_POINT('Ctrl Pts',(0.814124021540948,0.567668586052989,0.437428032018631));
#7575=CARTESIAN_POINT('Ctrl Pts',(0.816842055971293,0.581796781427529,0.482520240194863));
#7576=CARTESIAN_POINT('Ctrl Pts',(0.817902937090929,0.581907755477357,0.500056586041211));
#7577=CARTESIAN_POINT('Origin',(0.68227969213784,0.5,0.5));
#7578=CARTESIAN_POINT('',(0.755402937090929,0.582105406959048,0.49994420704458));
#7579=CARTESIAN_POINT('',(0.76040469213784,0.582018141074756,0.500074330501618));
#7580=CARTESIAN_POINT('',(0.68227969213784,0.582,0.500000000000002));
#7581=CARTESIAN_POINT('',(0.750091314614384,0.539516478889321,0.428149823269599));
#7582=CARTESIAN_POINT('Ctrl Pts',(0.750091314614384,0.539516478889321,0.428149823269599));
#7583=CARTESIAN_POINT('Ctrl Pts',(0.751748467925093,0.563456271080388,0.441316336363683));
#7584=CARTESIAN_POINT('Ctrl Pts',(0.753519008750608,0.581221880618771,0.469062169899815));
#7585=CARTESIAN_POINT('Ctrl Pts',(0.755289549576122,0.582115486582863,0.498084533953545));
#7586=CARTESIAN_POINT('Ctrl Pts',(0.755402937090929,0.582105406959048,0.49994420704458));
#7587=CARTESIAN_POINT('',(0.750091314614384,0.46056700854531,0.428159384220358));
#7588=CARTESIAN_POINT('Origin',(0.750091314614384,0.5,0.5));
#7589=CARTESIAN_POINT('Ctrl Pts',(0.750091314614384,0.46056700854531,0.428159384220358));
#7590=CARTESIAN_POINT('Ctrl Pts',(0.750566982412286,0.467414029677261,0.424308979176602));
#7591=CARTESIAN_POINT('Ctrl Pts',(0.752699803520896,0.500430126594348,0.411413395813099));
#7592=CARTESIAN_POINT('Ctrl Pts',(0.756137596028714,0.562138292802349,0.429480399268136));
#7593=CARTESIAN_POINT('Ctrl Pts',(0.759099720738631,0.581818216784168,0.478582381743596));
#7594=CARTESIAN_POINT('Ctrl Pts',(0.76040469213784,0.582018141074756,0.500074330501618));
#7595=CARTESIAN_POINT('Origin',(1.63884131461438,-0.229999999999999,0.496999999997663));
#7596=CARTESIAN_POINT('',(1.63884131461438,-0.25,0.344000000000517));
#7597=CARTESIAN_POINT('',(1.65884131461438,-0.23,0.344000000000517));
#7598=CARTESIAN_POINT('Origin',(1.63884131461438,-0.23,0.344000000000517));
#7599=CARTESIAN_POINT('',(1.65884131461438,-0.229999999999999,0.699999999994811));
#7600=CARTESIAN_POINT('',(1.65884131461438,-0.229999999999999,0.496999999997663));
#7601=CARTESIAN_POINT('',(1.63884131461438,-0.249999999999999,0.699999999994811));
#7602=CARTESIAN_POINT('Origin',(1.63884131461438,-0.229999999999999,0.699999999994811));
#7603=CARTESIAN_POINT('',(1.63884131461438,-0.25,0.496999999997663));
#7604=CARTESIAN_POINT('Origin',(1.63884131461438,-0.2,0.699999999994811));
#7605=CARTESIAN_POINT('',(1.65884131461438,-0.199999999999999,0.729999999994811));
#7606=CARTESIAN_POINT('',(1.63884131461438,-0.199999999999999,0.749999999994811));
#7607=CARTESIAN_POINT('Origin',(1.63884131461438,-0.199999999999999,0.729999999994811));
#7608=CARTESIAN_POINT('Origin',(1.63884131461438,-0.2,0.699999999994811));
#7609=CARTESIAN_POINT('Origin',(1.65884131461438,-0.2,0.699999999994811));
#7610=CARTESIAN_POINT('Origin',(1.63884131461438,0.475000000000001,0.729999999994811));
#7611=CARTESIAN_POINT('',(1.65884131461438,0.200000000000001,0.729999999994811));
#7612=CARTESIAN_POINT('',(1.63884131461438,0.200000000000001,0.749999999994811));
#7613=CARTESIAN_POINT('Origin',(1.63884131461438,0.200000000000001,0.729999999994811));
#7614=CARTESIAN_POINT('',(1.63884131461438,0.475000000000001,0.749999999994811));
#7615=CARTESIAN_POINT('',(1.65884131461438,0.475000000000001,0.729999999994811));
#7616=CARTESIAN_POINT('Origin',(1.60884131461438,0.200000000000001,0.729999999994811));
#7617=CARTESIAN_POINT('',(1.60884131461438,0.25,0.729999999994811));
#7618=CARTESIAN_POINT('',(1.60884131461438,0.230000000000001,0.749999999994811));
#7619=CARTESIAN_POINT('Origin',(1.60884131461438,0.230000000000001,0.729999999994811));
#7620=CARTESIAN_POINT('Origin',(1.60884131461438,0.200000000000001,0.749999999994811));
#7621=CARTESIAN_POINT('Origin',(1.60884131461438,0.200000000000001,0.729999999994811));
#7622=CARTESIAN_POINT('Origin',(0.893239482642198,0.230000000000001,0.729999999994811));
#7623=CARTESIAN_POINT('',(1.08638765067001,0.250000000000001,0.729999999994811));
#7624=CARTESIAN_POINT('',(1.08638765067001,0.230000000000001,0.749999999994811));
#7625=CARTESIAN_POINT('Origin',(1.08638765067001,0.230000000000001,0.729999999994811));
#7626=CARTESIAN_POINT('',(0.893239482642198,0.230000000000001,0.749999999994811));
#7627=CARTESIAN_POINT('',(0.893239482642198,0.250000000000001,0.729999999994811));
#7628=CARTESIAN_POINT('Origin',(1.08638765067001,0.300000000000001,0.729999999994811));
#7629=CARTESIAN_POINT('',(1.03638765067001,0.300000000000001,0.729999999994811));
#7630=CARTESIAN_POINT('',(1.01638765067001,0.300000000000001,0.749999999994811));
#7631=CARTESIAN_POINT('Origin',(1.01638765067001,0.300000000000001,0.729999999994811));
#7632=CARTESIAN_POINT('Origin',(1.08638765067001,0.300000000000001,0.749999999994811));
#7633=CARTESIAN_POINT('Origin',(1.08638765067001,0.300000000000001,0.729999999994811));
#7634=CARTESIAN_POINT('Origin',(1.01638765067001,0.734872437331805,0.729999999994811));
#7635=CARTESIAN_POINT('',(1.03638765067001,0.700000000000001,0.729999999994811));
#7636=CARTESIAN_POINT('',(1.01638765067001,0.700000000000001,0.749999999994811));
#7637=CARTESIAN_POINT('Origin',(1.01638765067001,0.700000000000001,0.729999999994811));
#7638=CARTESIAN_POINT('',(1.01638765067001,0.734872437331805,0.749999999994811));
#7639=CARTESIAN_POINT('',(1.03638765067001,0.734872437331805,0.729999999994811));
#7640=CARTESIAN_POINT('Origin',(1.01638765067001,0.700000000000001,0.699999999994811));
#7641=CARTESIAN_POINT('',(1.03638765067001,0.730000000000001,0.699999999994811));
#7642=CARTESIAN_POINT('',(1.01638765067001,0.750000000000001,0.699999999994811));
#7643=CARTESIAN_POINT('Origin',(1.01638765067001,0.730000000000001,0.699999999994811));
#7644=CARTESIAN_POINT('Origin',(1.01638765067001,0.700000000000001,0.699999999994811));
#7645=CARTESIAN_POINT('Origin',(1.03638765067001,0.700000000000001,0.699999999994811));
#7646=CARTESIAN_POINT('Origin',(1.01638765067001,0.730000000000001,0.319000000000516));
#7647=CARTESIAN_POINT('',(1.03638765067001,0.730000000000001,0.344000000000517));
#7648=CARTESIAN_POINT('',(1.01638765067001,0.750000000000001,0.344000000000517));
#7649=CARTESIAN_POINT('Origin',(1.01638765067001,0.730000000000001,0.344000000000517));
#7650=CARTESIAN_POINT('',(1.01638765067001,0.750000000000001,0.319000000000516));
#7651=CARTESIAN_POINT('',(1.03638765067001,0.730000000000001,0.319000000000516));
#7652=CARTESIAN_POINT('Origin',(1.01638765067001,0.700000000000001,0.344000000000517));
#7653=CARTESIAN_POINT('',(1.03638765067001,0.700000000000001,0.314000000000517));
#7654=CARTESIAN_POINT('',(1.01638765067001,0.700000000000001,0.294000000000517));
#7655=CARTESIAN_POINT('Origin',(1.01638765067001,0.700000000000001,0.314000000000517));
#7656=CARTESIAN_POINT('Origin',(1.01638765067001,0.700000000000001,0.344000000000517));
#7657=CARTESIAN_POINT('Origin',(1.03638765067001,0.700000000000001,0.344000000000517));
#7658=CARTESIAN_POINT('Origin',(1.01638765067001,0.284872437331805,0.314000000000517));
#7659=CARTESIAN_POINT('',(1.03638765067001,0.300000000000001,0.314000000000517));
#7660=CARTESIAN_POINT('',(1.01638765067001,0.300000000000001,0.294000000000517));
#7661=CARTESIAN_POINT('Origin',(1.01638765067001,0.300000000000001,0.314000000000517));
#7662=CARTESIAN_POINT('',(1.01638765067001,0.284872437331805,0.294000000000517));
#7663=CARTESIAN_POINT('',(1.03638765067001,0.284872437331805,0.314000000000517));
#7664=CARTESIAN_POINT('Origin',(1.08638765067001,0.300000000000001,0.314000000000517));
#7665=CARTESIAN_POINT('',(1.08638765067001,0.250000000000001,0.314000000000517));
#7666=CARTESIAN_POINT('',(1.08638765067001,0.230000000000001,0.294000000000517));
#7667=CARTESIAN_POINT('Origin',(1.08638765067001,0.230000000000001,0.314000000000517));
#7668=CARTESIAN_POINT('Origin',(1.08638765067001,0.300000000000001,0.294000000000517));
#7669=CARTESIAN_POINT('Origin',(1.08638765067001,0.300000000000001,0.314000000000517));
#7670=CARTESIAN_POINT('Origin',(0.893239482642198,0.230000000000001,0.314000000000517));
#7671=CARTESIAN_POINT('',(1.60884131461438,0.25,0.314000000000517));
#7672=CARTESIAN_POINT('',(1.60884131461438,0.23,0.294000000000517));
#7673=CARTESIAN_POINT('Origin',(1.60884131461438,0.23,0.314000000000517));
#7674=CARTESIAN_POINT('',(0.893239482642198,0.230000000000001,0.294000000000517));
#7675=CARTESIAN_POINT('',(0.893239482642198,0.250000000000001,0.314000000000517));
#7676=CARTESIAN_POINT('Origin',(1.60884131461438,0.200000000000001,0.314000000000517));
#7677=CARTESIAN_POINT('',(1.65884131461438,0.200000000000001,0.314000000000517));
#7678=CARTESIAN_POINT('',(1.63884131461438,0.200000000000001,0.294000000000517));
#7679=CARTESIAN_POINT('Origin',(1.63884131461438,0.200000000000001,0.314000000000517));
#7680=CARTESIAN_POINT('Origin',(1.60884131461438,0.200000000000001,0.294000000000517));
#7681=CARTESIAN_POINT('Origin',(1.60884131461438,0.200000000000001,0.314000000000517));
#7682=CARTESIAN_POINT('Origin',(1.63884131461438,0.0250000000000003,0.314000000000517));
#7683=CARTESIAN_POINT('',(1.65884131461438,-0.2,0.314000000000517));
#7684=CARTESIAN_POINT('',(1.63884131461438,-0.2,0.294000000000517));
#7685=CARTESIAN_POINT('Origin',(1.63884131461438,-0.2,0.314000000000517));
#7686=CARTESIAN_POINT('',(1.63884131461438,0.0250000000000003,0.294000000000517));
#7687=CARTESIAN_POINT('',(1.65884131461438,0.0250000000000003,0.314000000000517));
#7688=CARTESIAN_POINT('Origin',(1.63884131461438,-0.2,0.344000000000517));
#7689=CARTESIAN_POINT('Origin',(1.63884131461438,-0.2,0.344000000000517));
#7690=CARTESIAN_POINT('Origin',(1.65884131461438,-0.2,0.344000000000517));
#7691=CARTESIAN_POINT('Origin',(1.08638765067001,0.300000000000001,0.294000000000515));
#7692=CARTESIAN_POINT('',(1.08638765067001,0.250000000000001,0.294000000000515));
#7693=CARTESIAN_POINT('',(1.03638765067001,0.300000000000001,0.294000000000515));
#7694=CARTESIAN_POINT('Origin',(1.03638765067001,0.250000000000001,0.294000000000515));
#7695=CARTESIAN_POINT('',(1.60884131461438,0.25,0.294000000000515));
#7696=CARTESIAN_POINT('Origin',(1.60884131461438,0.200000000000001,0.294000000000515));
#7697=CARTESIAN_POINT('',(1.65884131461438,0.200000000000001,0.294000000000515));
#7698=CARTESIAN_POINT('Origin',(1.65884131461438,0.25,0.294000000000515));
#7699=CARTESIAN_POINT('Origin',(0.750091314614384,0.700000000000001,0.344000000000517));
#7700=CARTESIAN_POINT('',(0.750091314614384,0.700000000000001,0.294000000000517));
#7701=CARTESIAN_POINT('',(0.750091314614384,0.700000000000001,0.294000000000517));
#7702=CARTESIAN_POINT('',(0.750091314614384,0.750000000000001,0.344000000000517));
#7703=CARTESIAN_POINT('Origin',(0.750091314614384,0.700000000000001,0.344000000000517));
#7704=CARTESIAN_POINT('',(0.750091314614384,0.750000000000001,0.344000000000517));
#7705=CARTESIAN_POINT('Origin',(0.750091314614384,-0.2,0.294000000000517));
#7706=CARTESIAN_POINT('',(0.750091314614384,-0.2,0.294000000000517));
#7707=CARTESIAN_POINT('',(0.750091314614384,-0.2,0.294000000000517));
#7708=CARTESIAN_POINT('',(0.750091314614384,0.700000000000001,0.294000000000517));
#7709=CARTESIAN_POINT('',(1.33759131461438,4.38067102105103E-16,0.294000000000517));
#7710=CARTESIAN_POINT('Origin',(1.42009131461438,4.27963766012138E-16,0.294000000000517));
#7711=CARTESIAN_POINT('Origin',(0.750091314614384,-0.2,0.344000000000517));
#7712=CARTESIAN_POINT('',(0.750091314614384,-0.25,0.344000000000517));
#7713=CARTESIAN_POINT('',(0.750091314614384,-0.25,0.344000000000517));
#7714=CARTESIAN_POINT('Origin',(0.750091314614384,-0.2,0.344000000000517));
#7715=CARTESIAN_POINT('Origin',(0.750091314614384,-0.249999999999999,0.699999999994811));
#7716=CARTESIAN_POINT('',(0.750091314614384,-0.249999999999999,0.699999999994811));
#7717=CARTESIAN_POINT('',(0.750091314614384,-0.249999999999999,0.699999999994811));
#7718=CARTESIAN_POINT('',(0.750091314614384,-0.25,0.344000000000517));
#7719=CARTESIAN_POINT('Origin',(1.03638765067001,0.76974487466361,0.294000000000515));
#7720=CARTESIAN_POINT('Origin',(0.750091314614384,0.700000000000001,0.749999999994811));
#7721=CARTESIAN_POINT('',(0.750091314614384,0.700000000000001,0.749999999994811));
#7722=CARTESIAN_POINT('',(0.750091314614384,0.700000000000001,0.749999999994811));
#7723=CARTESIAN_POINT('',(0.750091314614384,-0.199999999999999,0.749999999994811));
#7724=CARTESIAN_POINT('',(0.750091314614384,-0.199999999999999,0.749999999994811));
#7725=CARTESIAN_POINT('',(0.750091314614384,-0.199999999999999,0.749999999994811));
#7726=CARTESIAN_POINT('',(1.33759131461438,4.38067102105103E-16,0.749999999994811));
#7727=CARTESIAN_POINT('Origin',(1.42009131461438,4.27963766012138E-16,0.749999999994811));
#7728=CARTESIAN_POINT('Origin',(0.68227969213784,0.5,0.5));
#7729=CARTESIAN_POINT('Ctrl Pts',(0.76040469213784,0.582018141074756,0.500074330501618));
#7730=CARTESIAN_POINT('Ctrl Pts',(0.76075687404934,0.582072096064772,0.505874515547866));
#7731=CARTESIAN_POINT('Ctrl Pts',(0.762766209271549,0.578860221252189,0.53890863673874));
#7732=CARTESIAN_POINT('Ctrl Pts',(0.766432697804467,0.534056303055323,0.590818471683744));
#7733=CARTESIAN_POINT('Ctrl Pts',(0.771404157736593,0.442019578198316,0.577743630459456));
#7734=CARTESIAN_POINT('Ctrl Pts',(0.776375617668719,0.403247770384193,0.493261761626607));
#7735=CARTESIAN_POINT('Ctrl Pts',(0.781347077600844,0.453359822990709,0.414963051471615));
#7736=CARTESIAN_POINT('Ctrl Pts',(0.786318537532971,0.546318947229375,0.414789159198285));
#7737=CARTESIAN_POINT('Ctrl Pts',(0.789754409045302,0.58115628624889,0.468769225352409));
#7738=CARTESIAN_POINT('Ctrl Pts',(0.791533127246925,0.582128742935722,0.497967791647288));
#7739=CARTESIAN_POINT('Ctrl Pts',(0.79165469213784,0.582117831287017,0.499964081139789));
#7740=CARTESIAN_POINT('Ctrl Pts',(0.755402937090929,0.582105406959048,0.49994420704458));
#7741=CARTESIAN_POINT('Ctrl Pts',(0.756946702886831,0.581968173344674,0.525263570595367));
#7742=CARTESIAN_POINT('Ctrl Pts',(0.760147621993441,0.555814178473071,0.578164305867716));
#7743=CARTESIAN_POINT('Ctrl Pts',(0.765005694410763,0.465826196305523,0.590743188704768));
#7744=CARTESIAN_POINT('Ctrl Pts',(0.769977154342886,0.405175949622875,0.520352628213347));
#7745=CARTESIAN_POINT('Ctrl Pts',(0.774948614275015,0.431616151758289,0.431214269780736));
#7746=CARTESIAN_POINT('Ctrl Pts',(0.779920074207138,0.52088990197444,0.405292981772226));
#7747=CARTESIAN_POINT('Ctrl Pts',(0.783821515145778,0.575884178060787,0.453219344812757));
#7748=CARTESIAN_POINT('Ctrl Pts',(0.786065802773708,0.581974090665321,0.490236797131369));
#7749=CARTESIAN_POINT('Ctrl Pts',(0.786652937090929,0.581910763001963,0.499941245070943));
#7750=CARTESIAN_POINT('Ctrl Pts',(0.750091314614384,0.446230698716073,0.54039089921552));
#7751=CARTESIAN_POINT('Ctrl Pts',(0.751748467925093,0.432772837126419,0.522475481918412));
#7752=CARTESIAN_POINT('Ctrl Pts',(0.75506277454651,0.425423323344336,0.472433472024086));
#7753=CARTESIAN_POINT('Ctrl Pts',(0.760034234478636,0.482959943692733,0.422255889262969));
#7754=CARTESIAN_POINT('Ctrl Pts',(0.765005694410762,0.556145496843359,0.443683258165395));
#7755=CARTESIAN_POINT('Ctrl Pts',(0.769977154342888,0.577753111791119,0.516757520581125));
#7756=CARTESIAN_POINT('Ctrl Pts',(0.774948614275014,0.527930321713055,0.574482222204046));
#7757=CARTESIAN_POINT('Ctrl Pts',(0.779920074207139,0.452448983339472,0.563759257907298));
#7758=CARTESIAN_POINT('Ctrl Pts',(0.784891534139266,0.420651372662646,0.494473822797431));
#7759=CARTESIAN_POINT('Ctrl Pts',(0.789862994071391,0.461749367025916,0.430259331847147));
#7760=CARTESIAN_POINT('Ctrl Pts',(0.794834454003517,0.537987185380189,0.430116718976643));
#7761=CARTESIAN_POINT('Ctrl Pts',(0.799805913935643,0.579327182316147,0.494172580653227));
#7762=CARTESIAN_POINT('Ctrl Pts',(0.804777373867769,0.547791344544482,0.563582690292769));
#7763=CARTESIAN_POINT('Ctrl Pts',(0.809748833799895,0.472350843547783,0.574580653523441));
#7764=CARTESIAN_POINT('Ctrl Pts',(0.814720293732021,0.422310902678488,0.517063496272756));
#7765=CARTESIAN_POINT('Ctrl Pts',(0.819691753664147,0.44364192139214,0.443870451135425));
#7766=CARTESIAN_POINT('Ctrl Pts',(0.824663213596272,0.516747644186287,0.422242215159543));
#7767=CARTESIAN_POINT('Ctrl Pts',(0.829634673528399,0.574467741079361,0.472048014256656));
#7768=CARTESIAN_POINT('Ctrl Pts',(0.834606133460525,0.563776255950859,0.547532589953098));
#7769=CARTESIAN_POINT('Ctrl Pts',(0.83957759339265,0.494495179081062,0.579350202089052));
#7770=CARTESIAN_POINT('Ctrl Pts',(0.844549053324777,0.430271238337295,0.538270845281637));
#7771=CARTESIAN_POINT('Ctrl Pts',(0.849520513256902,0.430105302017463,0.462033054151592));
#7772=CARTESIAN_POINT('Ctrl Pts',(0.854491973189029,0.494149811480878,0.420674512025186));
#7773=CARTESIAN_POINT('Ctrl Pts',(0.859463433121153,0.563568737373795,0.452190237392083));
#7774=CARTESIAN_POINT('Ctrl Pts',(0.864434893053281,0.574588713370081,0.527627551568566));
#7775=CARTESIAN_POINT('Ctrl Pts',(0.869406352985405,0.517085973410752,0.577684150743617));
#7776=CARTESIAN_POINT('Ctrl Pts',(0.874377812917532,0.443886792932258,0.55637433600017));
#7777=CARTESIAN_POINT('Ctrl Pts',(0.879349272849657,0.422237360068398,0.483274881243456));
#7778=CARTESIAN_POINT('Ctrl Pts',(0.884320732781784,0.472026447158589,0.425540359198313));
#7779=CARTESIAN_POINT('Ctrl Pts',(0.889292192713909,0.547514111530124,0.436209977507036));
#7780=CARTESIAN_POINT('Ctrl Pts',(0.894263652646035,0.579351794294136,0.505481834563274));
#7781=CARTESIAN_POINT('Ctrl Pts',(0.899235112578162,0.538291042181443,0.569717672512663));
#7782=CARTESIAN_POINT('Ctrl Pts',(0.904206572510287,0.462053303063899,0.56990569318583));
#7783=CARTESIAN_POINT('Ctrl Pts',(0.909178032442413,0.420676209826766,0.505873167431519));
#7784=CARTESIAN_POINT('Ctrl Pts',(0.914149492374539,0.452171825088246,0.436445114379805));
#7785=CARTESIAN_POINT('Ctrl Pts',(0.919120952306665,0.527605943220135,0.425403287446099));
#7786=CARTESIAN_POINT('Ctrl Pts',(0.92409241223879,0.57767919874796,0.482891522199982));
#7787=CARTESIAN_POINT('Ctrl Pts',(0.929063872170917,0.556390587072426,0.556096877436149));
#7788=CARTESIAN_POINT('Ctrl Pts',(0.934035332103042,0.483297410925179,0.577767475253366));
#7789=CARTESIAN_POINT('Ctrl Pts',(0.939006792035169,0.425548460235571,0.527995133627398));
#7790=CARTESIAN_POINT('Ctrl Pts',(0.943978251967294,0.436196227107679,0.452504344278798));
#7791=CARTESIAN_POINT('Ctrl Pts',(0.94894971189942,0.505458826425141,0.420646670223846));
#7792=CARTESIAN_POINT('Ctrl Pts',(0.953921171831547,0.569706619705389,0.46168866633118));
#7793=CARTESIAN_POINT('Ctrl Pts',(0.958892631763672,0.569916599002481,0.537926637794414));
#7794=CARTESIAN_POINT('Ctrl Pts',(0.963864091695798,0.505896311193303,0.579321704053872));
#7795=CARTESIAN_POINT('Ctrl Pts',(0.968835551627923,0.436458644138046,0.547847338615108));
#7796=CARTESIAN_POINT('Ctrl Pts',(0.973807011560051,0.425395942538927,0.472414172023639));
#7797=CARTESIAN_POINT('Ctrl Pts',(0.978778471492174,0.482867736355932,0.422328720257941));
#7798=CARTESIAN_POINT('Ctrl Pts',(0.983749931424303,0.556083082860792,0.443587305397834));
#7799=CARTESIAN_POINT('Ctrl Pts',(0.988721391356428,0.577767276004052,0.516691664750365));
#7800=CARTESIAN_POINT('Ctrl Pts',(0.993692851288554,0.528026666538862,0.574420415138406));
#7801=CARTESIAN_POINT('Ctrl Pts',(0.99866431122068,0.45250309333011,0.563863558701645));
#7802=CARTESIAN_POINT('Ctrl Pts',(1.00363577115281,0.420684267241376,0.49446748677247));
#7803=CARTESIAN_POINT('Ctrl Pts',(1.00695007777422,0.447958119144438,0.451872239273874));
#7804=CARTESIAN_POINT('Ctrl Pts',(1.00860723108493,0.467591668227965,0.441074092864397));
#7805=CARTESIAN_POINT('Ctrl Pts',(0.747252675790869,0.442299609774621,0.543343889368823));
#7806=CARTESIAN_POINT('Ctrl Pts',(0.748909829101577,0.427857840088574,0.524118670807119));
#7807=CARTESIAN_POINT('Ctrl Pts',(0.752224135722994,0.419971001259225,0.470418075307136));
#7808=CARTESIAN_POINT('Ctrl Pts',(0.757195595655121,0.481714140319587,0.416571995169431));
#7809=CARTESIAN_POINT('Ctrl Pts',(0.762167055587246,0.560250310119392,0.439565925119247));
#7810=CARTESIAN_POINT('Ctrl Pts',(0.767138515519372,0.583437663954285,0.517982667686808));
#7811=CARTESIAN_POINT('Ctrl Pts',(0.772109975451498,0.529972315493812,0.579927638697279));
#7812=CARTESIAN_POINT('Ctrl Pts',(0.777081435383624,0.448972514959087,0.568420715424683));
#7813=CARTESIAN_POINT('Ctrl Pts',(0.78205289531575,0.414850171903162,0.494069802407157));
#7814=CARTESIAN_POINT('Ctrl Pts',(0.787024355247876,0.458952852347514,0.425160571721969));
#7815=CARTESIAN_POINT('Ctrl Pts',(0.791995815180001,0.540764439329917,0.425007532383857));
#7816=CARTESIAN_POINT('Ctrl Pts',(0.796967275112128,0.58512681522402,0.493746536363933));
#7817=CARTESIAN_POINT('Ctrl Pts',(0.801938735044252,0.551285383364958,0.568231238901534));
#7818=CARTESIAN_POINT('Ctrl Pts',(0.806910194976381,0.47032940583938,0.580033266358489));
#7819=CARTESIAN_POINT('Ctrl Pts',(0.811881654908505,0.416631030631438,0.518311013348459));
#7820=CARTESIAN_POINT('Ctrl Pts',(0.816853114840632,0.439521566202719,0.439766803820668));
#7821=CARTESIAN_POINT('Ctrl Pts',(0.821824574772757,0.517972069225928,0.416557321348406));
#7822=CARTESIAN_POINT('Ctrl Pts',(0.826796034704883,0.579912098853442,0.470004436612471));
#7823=CARTESIAN_POINT('Ctrl Pts',(0.831767494637009,0.568438956200054,0.551007711151651));
#7824=CARTESIAN_POINT('Ctrl Pts',(0.836738954569135,0.494092720054771,0.585151517979081));
#7825=CARTESIAN_POINT('Ctrl Pts',(0.841710414501261,0.425173348699005,0.541068837687606));
#7826=CARTESIAN_POINT('Ctrl Pts',(0.846681874433386,0.424995280727538,0.4592572799198));
#7827=CARTESIAN_POINT('Ctrl Pts',(0.851653334365513,0.493722102530904,0.414875002991092));
#7828=CARTESIAN_POINT('Ctrl Pts',(0.856624794297637,0.568216265880678,0.448694852021739));
#7829=CARTESIAN_POINT('Ctrl Pts',(0.861596254229764,0.580041915462813,0.529647409737768));
#7830=CARTESIAN_POINT('Ctrl Pts',(0.86656771416189,0.518335133796421,0.583363661144946));
#7831=CARTESIAN_POINT('Ctrl Pts',(0.871539174094016,0.439784340370923,0.560495879772178));
#7832=CARTESIAN_POINT('Ctrl Pts',(0.876510634026142,0.416552111300164,0.482052103044403));
#7833=CARTESIAN_POINT('Ctrl Pts',(0.881482093958268,0.469981292737718,0.420096593637843));
#7834=CARTESIAN_POINT('Ctrl Pts',(0.886453553890393,0.550987881765907,0.431546270782023));
#7835=CARTESIAN_POINT('Ctrl Pts',(0.89142501382252,0.585153226590733,0.505882613050552));
#7836=CARTESIAN_POINT('Ctrl Pts',(0.896396473754647,0.541090511188512,0.574814751420033));
#7837=CARTESIAN_POINT('Ctrl Pts',(0.901367933686771,0.459279009235857,0.575016518338202));
#7838=CARTESIAN_POINT('Ctrl Pts',(0.906339393618897,0.414876824919429,0.506302556376326));
#7839=CARTESIAN_POINT('Ctrl Pts',(0.911310853551025,0.448675093589121,0.431798598578577));
#7840=CARTESIAN_POINT('Ctrl Pts',(0.916282313483147,0.529624221596824,0.419949500530756));
#7841=CARTESIAN_POINT('Ctrl Pts',(0.921253773415277,0.583358347107477,0.481640716512002));
#7842=CARTESIAN_POINT('Ctrl Pts',(0.9262252333474,0.560513318964957,0.560198136133462));
#7843=CARTESIAN_POINT('Ctrl Pts',(0.931196693279527,0.482076279877578,0.583453077533353));
#7844=CARTESIAN_POINT('Ctrl Pts',(0.936168153211653,0.420105286944243,0.530041865825683));
#7845=CARTESIAN_POINT('Ctrl Pts',(0.941139613143779,0.431531515087051,0.449031923352465));
#7846=CARTESIAN_POINT('Ctrl Pts',(0.946111073075905,0.505857922780882,0.414845125667722));
#7847=CARTESIAN_POINT('Ctrl Pts',(0.95108253300803,0.574802890538869,0.458887713807686));
#7848=CARTESIAN_POINT('Ctrl Pts',(0.956053992940158,0.575028221482217,0.54069946509289));
#7849=CARTESIAN_POINT('Ctrl Pts',(0.961025452872281,0.506327392185131,0.585120936444429));
#7850=CARTESIAN_POINT('Ctrl Pts',(0.965996912804409,0.431813117501298,0.551345471178046));
#7851=CARTESIAN_POINT('Ctrl Pts',(0.970968372736534,0.419941618635329,0.470397364278156));
#7852=CARTESIAN_POINT('Ctrl Pts',(0.97593983266866,0.481615191678114,0.416650150859203));
#7853=CARTESIAN_POINT('Ctrl Pts',(0.980911292600786,0.560183333032771,0.439462957217502));
#7854=CARTESIAN_POINT('Ctrl Pts',(0.985882752532912,0.583452863716863,0.517911997117492));
#7855=CARTESIAN_POINT('Ctrl Pts',(0.990854212465038,0.530075704117292,0.579861312899454));
#7856=CARTESIAN_POINT('Ctrl Pts',(0.995825672397163,0.449030580946562,0.568532641679833));
#7857=CARTESIAN_POINT('Ctrl Pts',(1.00079713232929,0.414885471413918,0.494063003153604));
#7858=CARTESIAN_POINT('Ctrl Pts',(1.00411143895071,0.444153322402829,0.448353604970477));
#7859=CARTESIAN_POINT('Ctrl Pts',(1.00576859226142,0.465222285855536,0.436766002999464));
#7860=CARTESIAN_POINT('Ctrl Pts',(0.744414036967353,0.438368520833169,0.546296879522126));
#7861=CARTESIAN_POINT('Ctrl Pts',(0.746071190278061,0.422942843050728,0.525761859695825));
#7862=CARTESIAN_POINT('Ctrl Pts',(0.749385496899478,0.414518679174115,0.468402678590186));
#7863=CARTESIAN_POINT('Ctrl Pts',(0.754356956831605,0.480468336946441,0.410888101075893));
#7864=CARTESIAN_POINT('Ctrl Pts',(0.75932841676373,0.564355123395425,0.4354485920731));
#7865=CARTESIAN_POINT('Ctrl Pts',(0.764299876695857,0.589122216117453,0.519207814792491));
#7866=CARTESIAN_POINT('Ctrl Pts',(0.769271336627982,0.532014309274568,0.585373055190511));
#7867=CARTESIAN_POINT('Ctrl Pts',(0.774242796560109,0.445496046578701,0.57308217294207));
#7868=CARTESIAN_POINT('Ctrl Pts',(0.779214256492234,0.409048971143678,0.493665782016881));
#7869=CARTESIAN_POINT('Ctrl Pts',(0.78418571642436,0.45615633766911,0.420061811596793));
#7870=CARTESIAN_POINT('Ctrl Pts',(0.789157176356486,0.543541693279647,0.41989834579107));
#7871=CARTESIAN_POINT('Ctrl Pts',(0.794128636288612,0.590926448131891,0.493320492074641));
#7872=CARTESIAN_POINT('Ctrl Pts',(0.799100096220737,0.554779422185434,0.572879787510298));
#7873=CARTESIAN_POINT('Ctrl Pts',(0.804071556152865,0.468307968130978,0.585485879193536));
#7874=CARTESIAN_POINT('Ctrl Pts',(0.809043016084989,0.410951158584388,0.519558530424162));
#7875=CARTESIAN_POINT('Ctrl Pts',(0.814014476017117,0.435401211013297,0.435663156505909));
#7876=CARTESIAN_POINT('Ctrl Pts',(0.81898593594924,0.51919649426557,0.41087242753727));
#7877=CARTESIAN_POINT('Ctrl Pts',(0.823957395881368,0.585356456627522,0.467960858968286));
#7878=CARTESIAN_POINT('Ctrl Pts',(0.828928855813494,0.57310165644925,0.554482832350205));
#7879=CARTESIAN_POINT('Ctrl Pts',(0.833900315745619,0.49369026102848,0.590952833869111));
#7880=CARTESIAN_POINT('Ctrl Pts',(0.838871775677746,0.420075459060716,0.543866830093575));
#7881=CARTESIAN_POINT('Ctrl Pts',(0.843843235609871,0.419885259437612,0.456481505688009));
#7882=CARTESIAN_POINT('Ctrl Pts',(0.848814695541997,0.493294393580932,0.409075493956997));
#7883=CARTESIAN_POINT('Ctrl Pts',(0.853786155474122,0.572863794387559,0.445199466651396));
#7884=CARTESIAN_POINT('Ctrl Pts',(0.858757615406249,0.585495117555546,0.531667267906969));
#7885=CARTESIAN_POINT('Ctrl Pts',(0.863729075338375,0.51958429418209,0.589043171546277));
#7886=CARTESIAN_POINT('Ctrl Pts',(0.8687005352705,0.435681887809589,0.564617423544185));
#7887=CARTESIAN_POINT('Ctrl Pts',(0.873671995202627,0.41086686253193,0.480829324845349));
#7888=CARTESIAN_POINT('Ctrl Pts',(0.878643455134753,0.467936138316847,0.414652828077373));
#7889=CARTESIAN_POINT('Ctrl Pts',(0.883614915066878,0.55446165200169,0.426882564057011));
#7890=CARTESIAN_POINT('Ctrl Pts',(0.888586374999005,0.590954658887331,0.50628339153783));
#7891=CARTESIAN_POINT('Ctrl Pts',(0.893557834931129,0.543889980195582,0.579911830327401));
#7892=CARTESIAN_POINT('Ctrl Pts',(0.898529294863256,0.456504715407815,0.580127343490574));
#7893=CARTESIAN_POINT('Ctrl Pts',(0.903500754795383,0.409077440012092,0.506731945321133));
#7894=CARTESIAN_POINT('Ctrl Pts',(0.908472214727507,0.445178362089997,0.427152082777348));
#7895=CARTESIAN_POINT('Ctrl Pts',(0.913443674659633,0.531642499973513,0.414495713615415));
#7896=CARTESIAN_POINT('Ctrl Pts',(0.91841513459176,0.589037495466994,0.48038991082402));
#7897=CARTESIAN_POINT('Ctrl Pts',(0.923386594523884,0.564636050857489,0.564299394830777));
#7898=CARTESIAN_POINT('Ctrl Pts',(0.928358054456011,0.480855148829976,0.589138679813338));
#7899=CARTESIAN_POINT('Ctrl Pts',(0.933329514388137,0.414662113652915,0.53208859802397));
#7900=CARTESIAN_POINT('Ctrl Pts',(0.938300974320263,0.426866803066423,0.445559502426132));
#7901=CARTESIAN_POINT('Ctrl Pts',(0.943272434252389,0.506257019136623,0.409043581111596));
#7902=CARTESIAN_POINT('Ctrl Pts',(0.948243894184514,0.579899161372349,0.456086761284191));
#7903=CARTESIAN_POINT('Ctrl Pts',(0.953215354116641,0.580139843961952,0.543472292391367));
#7904=CARTESIAN_POINT('Ctrl Pts',(0.958186814048766,0.506758473176959,0.590920168834984));
#7905=CARTESIAN_POINT('Ctrl Pts',(0.963158273980894,0.42716759086455,0.554843603740985));
#7906=CARTESIAN_POINT('Ctrl Pts',(0.968129733913017,0.414487294731732,0.468380556532673));
#7907=CARTESIAN_POINT('Ctrl Pts',(0.973101193845145,0.480362647000295,0.410971581460465));
#7908=CARTESIAN_POINT('Ctrl Pts',(0.97807265377727,0.564283583204748,0.435338609037171));
#7909=CARTESIAN_POINT('Ctrl Pts',(0.983044113709396,0.589138451429676,0.519132329484618));
#7910=CARTESIAN_POINT('Ctrl Pts',(0.988015573641522,0.53212474169572,0.585302210660502));
#7911=CARTESIAN_POINT('Ctrl Pts',(0.992987033573648,0.445558068563014,0.57320172465802));
#7912=CARTESIAN_POINT('Ctrl Pts',(0.997958493505774,0.409086675586459,0.493658519534739));
#7913=CARTESIAN_POINT('Ctrl Pts',(1.00127280012719,0.44034852566122,0.44483497066708));
#7914=CARTESIAN_POINT('Ctrl Pts',(1.0029299534379,0.462852903483108,0.432457913134532));
#7915=CARTESIAN_POINT('Ctrl Pts',(0.741575398143837,0.434437431891717,0.54924986967543));
#7916=CARTESIAN_POINT('Ctrl Pts',(0.743232551454546,0.418027846012883,0.527405048584532));
#7917=CARTESIAN_POINT('Ctrl Pts',(0.746546858075963,0.409066357089004,0.466387281873235));
#7918=CARTESIAN_POINT('Ctrl Pts',(0.751518318008089,0.479222533573295,0.405204206982355));
#7919=CARTESIAN_POINT('Ctrl Pts',(0.756489777940215,0.568459936671457,0.431331259026951));
#7920=CARTESIAN_POINT('Ctrl Pts',(0.761461237872341,0.59480676828062,0.520432961898174));
#7921=CARTESIAN_POINT('Ctrl Pts',(0.766432697804467,0.534056303055323,0.590818471683744));
#7922=CARTESIAN_POINT('Ctrl Pts',(0.771404157736593,0.442019578198316,0.577743630459456));
#7923=CARTESIAN_POINT('Ctrl Pts',(0.776375617668719,0.403247770384193,0.493261761626607));
#7924=CARTESIAN_POINT('Ctrl Pts',(0.781347077600844,0.453359822990709,0.414963051471615));
#7925=CARTESIAN_POINT('Ctrl Pts',(0.786318537532971,0.546318947229375,0.414789159198285));
#7926=CARTESIAN_POINT('Ctrl Pts',(0.791289997465096,0.596726081039763,0.492894447785347));
#7927=CARTESIAN_POINT('Ctrl Pts',(0.796261457397222,0.55827346100591,0.577528336119065));
#7928=CARTESIAN_POINT('Ctrl Pts',(0.801232917329348,0.466286530422575,0.590938492028583));
#7929=CARTESIAN_POINT('Ctrl Pts',(0.806204377261474,0.405271286537338,0.520806047499866));
#7930=CARTESIAN_POINT('Ctrl Pts',(0.811175837193599,0.431280855823874,0.431559509191151));
#7931=CARTESIAN_POINT('Ctrl Pts',(0.816147297125727,0.520420919305212,0.405187533726133));
#7932=CARTESIAN_POINT('Ctrl Pts',(0.821118757057852,0.590800814401601,0.465917281324101));
#7933=CARTESIAN_POINT('Ctrl Pts',(0.826090216989977,0.577764356698446,0.557957953548759));
#7934=CARTESIAN_POINT('Ctrl Pts',(0.831061676922104,0.493287802002188,0.596754149759141));
#7935=CARTESIAN_POINT('Ctrl Pts',(0.836033136854229,0.414977569422426,0.546664822499543));
#7936=CARTESIAN_POINT('Ctrl Pts',(0.841004596786355,0.414775238147687,0.453705731456216));
#7937=CARTESIAN_POINT('Ctrl Pts',(0.845976056718481,0.492866684630958,0.403275984922903));
#7938=CARTESIAN_POINT('Ctrl Pts',(0.850947516650606,0.577511322894442,0.441704081281053));
#7939=CARTESIAN_POINT('Ctrl Pts',(0.855918976582734,0.590948319648277,0.53368712607617));
#7940=CARTESIAN_POINT('Ctrl Pts',(0.860890436514858,0.520833454567758,0.594722681947607));
#7941=CARTESIAN_POINT('Ctrl Pts',(0.865861896446985,0.431579435248255,0.568738967316193));
#7942=CARTESIAN_POINT('Ctrl Pts',(0.870833356379111,0.405181613763697,0.479606546646296));
#7943=CARTESIAN_POINT('Ctrl Pts',(0.875804816311236,0.465890983895975,0.409209062516903));
#7944=CARTESIAN_POINT('Ctrl Pts',(0.880776276243363,0.557935422237474,0.422218857331998));
#7945=CARTESIAN_POINT('Ctrl Pts',(0.885747736175488,0.596756091183928,0.506684170025108));
#7946=CARTESIAN_POINT('Ctrl Pts',(0.890719196107614,0.546689449202651,0.585008909234771));
#7947=CARTESIAN_POINT('Ctrl Pts',(0.89569065603974,0.453730421579773,0.585238168642946));
#7948=CARTESIAN_POINT('Ctrl Pts',(0.900662115971866,0.403278055104755,0.50716133426594));
#7949=CARTESIAN_POINT('Ctrl Pts',(0.905633575903992,0.441681630590872,0.422505566976119));
#7950=CARTESIAN_POINT('Ctrl Pts',(0.910605035836118,0.533660778350203,0.409041926700074));
#7951=CARTESIAN_POINT('Ctrl Pts',(0.915576495768244,0.594716643826509,0.479139105136039));
#7952=CARTESIAN_POINT('Ctrl Pts',(0.92054795570037,0.568758782750021,0.568400653528092));
#7953=CARTESIAN_POINT('Ctrl Pts',(0.925519415632496,0.479634017782375,0.594824282093324));
#7954=CARTESIAN_POINT('Ctrl Pts',(0.930490875564622,0.409218940361587,0.534135330222255));
#7955=CARTESIAN_POINT('Ctrl Pts',(0.935462335496748,0.422202091045795,0.442087081499798));
#7956=CARTESIAN_POINT('Ctrl Pts',(0.940433795428872,0.506656115492364,0.403242036555471));
#7957=CARTESIAN_POINT('Ctrl Pts',(0.945405255361,0.584995432205829,0.453285808760695));
#7958=CARTESIAN_POINT('Ctrl Pts',(0.950376715293124,0.585251466441687,0.546245119689844));
#7959=CARTESIAN_POINT('Ctrl Pts',(0.955348175225252,0.507189554168786,0.596719401225539));
#7960=CARTESIAN_POINT('Ctrl Pts',(0.960319635157377,0.422522064227803,0.558341736303924));
#7961=CARTESIAN_POINT('Ctrl Pts',(0.965291095089503,0.409032970828134,0.466363748787189));
#7962=CARTESIAN_POINT('Ctrl Pts',(0.970262555021629,0.479110102322476,0.405293012061727));
#7963=CARTESIAN_POINT('Ctrl Pts',(0.975234014953754,0.568383833376727,0.431214260856839));
#7964=CARTESIAN_POINT('Ctrl Pts',(0.980205474885882,0.594824039142487,0.520352661851745));
#7965=CARTESIAN_POINT('Ctrl Pts',(0.985176934818005,0.534173779274151,0.59074310842155));
#7966=CARTESIAN_POINT('Ctrl Pts',(0.990148394750134,0.442085556179465,0.577870807636207));
#7967=CARTESIAN_POINT('Ctrl Pts',(0.995119854682257,0.403287879759001,0.493254035915874));
#7968=CARTESIAN_POINT('Ctrl Pts',(0.998434161303676,0.436543728919612,0.441316336363683));
#7969=CARTESIAN_POINT('Ctrl Pts',(1.00009131461438,0.460483521110679,0.428149823269599));
#7970=CARTESIAN_POINT('Ctrl Pts',(1.00009131461438,0.460483521110677,0.4281498232696));
#7971=CARTESIAN_POINT('Ctrl Pts',(1.00009131461438,0.456847126658385,0.43067787246432));
#7972=CARTESIAN_POINT('Ctrl Pts',(1.00009131461438,0.45344621130061,0.43351552214584));
#7973=CARTESIAN_POINT('Ctrl Pts',(1.00009131461438,0.450300263022798,0.436619724703798));
#7974=CARTESIAN_POINT('Ctrl Pts',(1.00009131461438,0.448262735463834,0.438630214928655));
#7975=CARTESIAN_POINT('Ctrl Pts',(1.00009131461438,0.446332312087493,0.440752676055049));
#7976=CARTESIAN_POINT('Ctrl Pts',(1.00009131461438,0.444516254114277,0.442976412058872));
#7977=CARTESIAN_POINT('Ctrl Pts',(1.00009131461438,0.442521141512324,0.445419397795053));
#7978=CARTESIAN_POINT('Ctrl Pts',(1.00009131461438,0.440669624100911,0.447978132798176));
#7979=CARTESIAN_POINT('Ctrl Pts',(1.00009131461438,0.438973964935302,0.450631606091692));
#7980=CARTESIAN_POINT('Ctrl Pts',(1.00009131461438,0.43710601680181,0.453554687915221));
#7981=CARTESIAN_POINT('Ctrl Pts',(1.00009131461438,0.43542537032066,0.456594920393628));
#7982=CARTESIAN_POINT('Ctrl Pts',(1.00009131461438,0.433946039526519,0.459732598058057));
#7983=CARTESIAN_POINT('Ctrl Pts',(1.00009131461438,0.432784909057817,0.462195369164807));
#7984=CARTESIAN_POINT('Ctrl Pts',(1.00009131461438,0.431747897057908,0.464719561783269));
#7985=CARTESIAN_POINT('Ctrl Pts',(1.00009131461438,0.430848086488807,0.46727872030611));
#7986=CARTESIAN_POINT('Ctrl Pts',(1.00009131461438,0.429268247406023,0.471771953429014));
#7987=CARTESIAN_POINT('Ctrl Pts',(1.00009131461438,0.428104328201638,0.476384400826997));
#7988=CARTESIAN_POINT('Ctrl Pts',(1.00009131461438,0.427394810698358,0.481063012064597));
#7989=CARTESIAN_POINT('Ctrl Pts',(1.00009131461438,0.426936740358567,0.484083561986829));
#7990=CARTESIAN_POINT('Ctrl Pts',(1.00009131461438,0.426668408323757,0.487131725423202));
#7991=CARTESIAN_POINT('Ctrl Pts',(1.00009131461438,0.42660425065016,0.490192356301633));
#7992=CARTESIAN_POINT('Ctrl Pts',(1.00009131461438,0.426570893650806,0.491783646267579));
#7993=CARTESIAN_POINT('Ctrl Pts',(1.00009131461438,0.42659292692996,0.493376038112796));
#7994=CARTESIAN_POINT('Ctrl Pts',(1.00009131461438,0.426671789208077,0.494963360009142));
#7995=CARTESIAN_POINT('Ctrl Pts',(1.00009131461438,0.426879670261509,0.499147542305507));
#7996=CARTESIAN_POINT('Ctrl Pts',(1.00009131461438,0.42748139064627,0.503305527977887));
#7997=CARTESIAN_POINT('Ctrl Pts',(1.00009131461438,0.428449399472781,0.507392099282398));
#7998=CARTESIAN_POINT('Ctrl Pts',(1.00009131461438,0.429269863799267,0.510855792878122));
#7999=CARTESIAN_POINT('Ctrl Pts',(1.00009131461438,0.430353761788493,0.514268251727443));
#8000=CARTESIAN_POINT('Ctrl Pts',(1.00009131461438,0.431689502805639,0.517598112688291));
#8001=CARTESIAN_POINT('Ctrl Pts',(1.00009131461438,0.432580767023895,0.519819940039608));
#8002=CARTESIAN_POINT('Ctrl Pts',(1.00009131461438,0.43358116423912,0.521996864452962));
#8003=CARTESIAN_POINT('Ctrl Pts',(1.00009131461438,0.434683512962895,0.524115860592951));
#8004=CARTESIAN_POINT('Ctrl Pts',(1.00009131461438,0.437376990452662,0.529293413105021));
#8005=CARTESIAN_POINT('Ctrl Pts',(1.00009131461438,0.440680996628001,0.534137322753481));
#8006=CARTESIAN_POINT('Ctrl Pts',(1.00009131461438,0.444541271057568,0.538501677011602));
#8007=CARTESIAN_POINT('Ctrl Pts',(1.00009131461438,0.445114050837782,0.539149251146125));
#8008=CARTESIAN_POINT('Ctrl Pts',(1.00009131461438,0.445699119576224,0.539786183423745));
#8009=CARTESIAN_POINT('Ctrl Pts',(1.00009131461438,0.446296337778798,0.540411902100409));
#8010=CARTESIAN_POINT('Ctrl Pts',(0.750091314614384,0.446230698716073,0.54039089921552));
#8011=CARTESIAN_POINT('Ctrl Pts',(0.750091314614384,0.442263128774857,0.536312826792633));
#8012=CARTESIAN_POINT('Ctrl Pts',(0.750091314614384,0.438889544439331,0.531729671799452));
#8013=CARTESIAN_POINT('Ctrl Pts',(0.750091314614384,0.436107447912095,0.52679257068982));
#8014=CARTESIAN_POINT('Ctrl Pts',(0.750091314614384,0.434797381773064,0.524467730798256));
#8015=CARTESIAN_POINT('Ctrl Pts',(0.750091314614384,0.433618840956478,0.522063723077532));
#8016=CARTESIAN_POINT('Ctrl Pts',(0.750091314614384,0.432573920757177,0.51959343542546));
#8017=CARTESIAN_POINT('Ctrl Pts',(0.750091314614384,0.431793573079957,0.517748621598865));
#8018=CARTESIAN_POINT('Ctrl Pts',(0.750091314614384,0.431088526129301,0.515867862352656));
#8019=CARTESIAN_POINT('Ctrl Pts',(0.750091314614384,0.430462458386416,0.513966216258887));
#8020=CARTESIAN_POINT('Ctrl Pts',(0.750091314614384,0.428832010194177,0.509013820178598));
#8021=CARTESIAN_POINT('Ctrl Pts',(0.750091314614384,0.427728351128663,0.503904506355705));
#8022=CARTESIAN_POINT('Ctrl Pts',(0.750091314614384,0.427161577524111,0.498733721689342));
#8023=CARTESIAN_POINT('Ctrl Pts',(0.750091314614384,0.426890440242593,0.496260084091383));
#8024=CARTESIAN_POINT('Ctrl Pts',(0.750091314614384,0.426742490179783,0.493772125164625));
#8025=CARTESIAN_POINT('Ctrl Pts',(0.750091314614384,0.426720804057582,0.491279408337735));
#8026=CARTESIAN_POINT('Ctrl Pts',(0.750091314614384,0.426700564363888,0.488952951603236));
#8027=CARTESIAN_POINT('Ctrl Pts',(0.750091314614384,0.426790532158876,0.486630731697485));
#8028=CARTESIAN_POINT('Ctrl Pts',(0.750091314614384,0.426991166784562,0.484324551926967));
#8029=CARTESIAN_POINT('Ctrl Pts',(0.750091314614384,0.427306755762753,0.480697037908333));
#8030=CARTESIAN_POINT('Ctrl Pts',(0.750091314614384,0.427895827916336,0.477106336200814));
#8031=CARTESIAN_POINT('Ctrl Pts',(0.750091314614384,0.428764307058248,0.473582435230712));
#8032=CARTESIAN_POINT('Ctrl Pts',(0.750091314614384,0.429686943009157,0.469838790086507));
#8033=CARTESIAN_POINT('Ctrl Pts',(0.750091314614384,0.4309247823165,0.466170345794194));
#8034=CARTESIAN_POINT('Ctrl Pts',(0.750091314614384,0.432450618953602,0.462599084992884));
#8035=CARTESIAN_POINT('Ctrl Pts',(0.750091314614384,0.433387025251271,0.460407401411791));
#8036=CARTESIAN_POINT('Ctrl Pts',(0.750091314614384,0.434428296223476,0.4582611667331));
#8037=CARTESIAN_POINT('Ctrl Pts',(0.750091314614384,0.435566684683475,0.456165369447642));
#8038=CARTESIAN_POINT('Ctrl Pts',(0.750091314614384,0.437559848214641,0.452495913137364));
#8039=CARTESIAN_POINT('Ctrl Pts',(0.750091314614384,0.439850314917585,0.448980767844965));
#8040=CARTESIAN_POINT('Ctrl Pts',(0.750091314614384,0.442404348134972,0.445646948551682));
#8041=CARTESIAN_POINT('Ctrl Pts',(0.750091314614384,0.444094616517431,0.44344061493554));
#8042=CARTESIAN_POINT('Ctrl Pts',(0.750091314614384,0.445900341949445,0.441314681548344));
#8043=CARTESIAN_POINT('Ctrl Pts',(0.750091314614384,0.447803319189312,0.439286567660035));
#8044=CARTESIAN_POINT('Ctrl Pts',(0.750091314614384,0.451672867572584,0.435162564149545));
#8045=CARTESIAN_POINT('Ctrl Pts',(0.750091314614384,0.455951343380424,0.431430872122912));
#8046=CARTESIAN_POINT('Ctrl Pts',(0.750091314614384,0.460567008545309,0.428159384220358));
#8047=CARTESIAN_POINT('Ctrl Pts',(0.800170608608387,0.567346636025023,0.499970542154279));
#8048=CARTESIAN_POINT('Ctrl Pts',(0.800049043717472,0.56735558490765,0.49833334132049));
#8049=CARTESIAN_POINT('Ctrl Pts',(0.799927478826558,0.567301078229058,0.496696747228505));
#8050=CARTESIAN_POINT('Ctrl Pts',(0.799805913935643,0.567181209864876,0.49506495531372));
#8051=CARTESIAN_POINT('Ctrl Pts',(0.798148760624935,0.565547183337494,0.472820626761032));
#8052=CARTESIAN_POINT('Ctrl Pts',(0.796491607314226,0.551767184358841,0.451468672868837));
#8053=CARTESIAN_POINT('Ctrl Pts',(0.794834454003517,0.53217088181047,0.440816464734491));
#8054=CARTESIAN_POINT('Ctrl Pts',(0.793177300692808,0.512574579262098,0.430164256600144));
#8055=CARTESIAN_POINT('Ctrl Pts',(0.7915201473821,0.487161973144007,0.430211794223646));
#8056=CARTESIAN_POINT('Ctrl Pts',(0.789862994071391,0.46760600435775,0.440937978193777));
#8057=CARTESIAN_POINT('Ctrl Pts',(0.788205840760683,0.448050035571493,0.451664162163908));
#8058=CARTESIAN_POINT('Ctrl Pts',(0.786548687449974,0.43435070411707,0.47306899248067));
#8059=CARTESIAN_POINT('Ctrl Pts',(0.784891534139266,0.432800640169329,0.495318980157361));
#8060=CARTESIAN_POINT('Ctrl Pts',(0.783234380828557,0.431250576221588,0.517568967834053));
#8061=CARTESIAN_POINT('Ctrl Pts',(0.781577227517848,0.44184977978053,0.540664112870676));
#8062=CARTESIAN_POINT('Ctrl Pts',(0.779920074207139,0.459729604622265,0.553998846105111));
#8063=CARTESIAN_POINT('Ctrl Pts',(0.778262920896431,0.477609429464,0.567333579339547));
#8064=CARTESIAN_POINT('Ctrl Pts',(0.776605767585723,0.502769875588527,0.570907900771797));
#8065=CARTESIAN_POINT('Ctrl Pts',(0.774948614275014,0.523653896997135,0.563074277884101));
#8066=CARTESIAN_POINT('Ctrl Pts',(0.773291460964306,0.544537918405743,0.555240654996406));
#8067=CARTESIAN_POINT('Ctrl Pts',(0.771634307653597,0.561145515098431,0.535999087788765));
#8068=CARTESIAN_POINT('Ctrl Pts',(0.769977154342888,0.565848044286815,0.51419926044899));
#8069=CARTESIAN_POINT('Ctrl Pts',(0.769624972431387,0.56684743626084,0.509566312602048));
#8070=CARTESIAN_POINT('Ctrl Pts',(0.769272790519887,0.567309127565316,0.504817819153585));
#8071=CARTESIAN_POINT('Ctrl Pts',(0.768920608608387,0.567264877893626,0.500060960076022));
#8072=CARTESIAN_POINT('Ctrl Pts',(0.750091314614384,0.539516478889321,0.428149823269599));
#8073=CARTESIAN_POINT('Ctrl Pts',(0.751748467925093,0.563456271080388,0.441316336363683));
#8074=CARTESIAN_POINT('Ctrl Pts',(0.75506277454651,0.596712029139203,0.493254251875349));
#8075=CARTESIAN_POINT('Ctrl Pts',(0.760034234478635,0.557914499914149,0.577870714471497));
#8076=CARTESIAN_POINT('Ctrl Pts',(0.765005694410763,0.465826196305523,0.590743188704768));
#8077=CARTESIAN_POINT('Ctrl Pts',(0.769977154342886,0.405175949622875,0.520352628213347));
#8078=CARTESIAN_POINT('Ctrl Pts',(0.774948614275015,0.431616151758289,0.431214269780736));
#8079=CARTESIAN_POINT('Ctrl Pts',(0.779920074207138,0.52088990197444,0.405292981772226));
#8080=CARTESIAN_POINT('Ctrl Pts',(0.784891534139266,0.590967046383287,0.466363749546473));
#8081=CARTESIAN_POINT('Ctrl Pts',(0.789862994071391,0.577477950078707,0.558341743302087));
#8082=CARTESIAN_POINT('Ctrl Pts',(0.794834454003517,0.492810444684234,0.596719421566527));
#8083=CARTESIAN_POINT('Ctrl Pts',(0.799805913935643,0.414748517413103,0.546245127167661));
#8084=CARTESIAN_POINT('Ctrl Pts',(0.804777373867768,0.415004551935756,0.453285800648908));
#8085=CARTESIAN_POINT('Ctrl Pts',(0.809748833799895,0.493343883199972,0.403242018039078));
#8086=CARTESIAN_POINT('Ctrl Pts',(0.814720293732021,0.577797923590931,0.442087070822466));
#8087=CARTESIAN_POINT('Ctrl Pts',(0.819691753664147,0.590781076656621,0.534135336525665));
#8088=CARTESIAN_POINT('Ctrl Pts',(0.824663213596272,0.520365986051774,0.594824299946198));
#8089=CARTESIAN_POINT('Ctrl Pts',(0.829634673528399,0.43124120433812,0.56840066633654));
#8090=CARTESIAN_POINT('Ctrl Pts',(0.834606133460524,0.405283338399917,0.479139101236437));
#8091=CARTESIAN_POINT('Ctrl Pts',(0.839577593392651,0.466339215330003,0.409041909619888));
#8092=CARTESIAN_POINT('Ctrl Pts',(0.844549053324777,0.558318380355958,0.42250555243571));
#8093=CARTESIAN_POINT('Ctrl Pts',(0.849520513256903,0.596721963048266,0.507161335607701));
#8094=CARTESIAN_POINT('Ctrl Pts',(0.854491973189027,0.546269587104842,0.585238184642436));
#8095=CARTESIAN_POINT('Ctrl Pts',(0.859463433121155,0.453310542034079,0.58500892518935));
#8096=CARTESIAN_POINT('Ctrl Pts',(0.864434893053279,0.403243890656126,0.506684171279986));
#8097=CARTESIAN_POINT('Ctrl Pts',(0.869406352985406,0.442064566888642,0.422218842733178));
#8098=CARTESIAN_POINT('Ctrl Pts',(0.874377812917532,0.534109022505932,0.409209045476522));
#8099=CARTESIAN_POINT('Ctrl Pts',(0.879349272849657,0.594818404032651,0.479606542818674));
#8100=CARTESIAN_POINT('Ctrl Pts',(0.884320732781784,0.568420577593516,0.568738980217661));
#8101=CARTESIAN_POINT('Ctrl Pts',(0.889292192713909,0.479166541522057,0.594722699726172));
#8102=CARTESIAN_POINT('Ctrl Pts',(0.894263652646036,0.409051663281683,0.533687132398524));
#8103=CARTESIAN_POINT('Ctrl Pts',(0.89923511257816,0.422488662557648,0.441704070340221));
#8104=CARTESIAN_POINT('Ctrl Pts',(0.904206572510288,0.507133316707681,0.40327596676762));
#8105=CARTESIAN_POINT('Ctrl Pts',(0.909178032442412,0.585224777848457,0.453705722769685));
#8106=CARTESIAN_POINT('Ctrl Pts',(0.91414949237454,0.585022446534537,0.546664831253511));
#8107=CARTESIAN_POINT('Ctrl Pts',(0.919120952306664,0.506712199259195,0.596754167927284));
#8108=CARTESIAN_POINT('Ctrl Pts',(0.924092412238791,0.422235628702932,0.557957964410941));
#8109=CARTESIAN_POINT('Ctrl Pts',(0.929063872170916,0.409199168562247,0.465917274956843));
#8110=CARTESIAN_POINT('Ctrl Pts',(0.934035332103043,0.479579076849876,0.405187515875574));
#8111=CARTESIAN_POINT('Ctrl Pts',(0.939006792035168,0.56871915709788,0.431559496448282));
#8112=CARTESIAN_POINT('Ctrl Pts',(0.943978251967295,0.594728731194969,0.520806051215296));
#8113=CARTESIAN_POINT('Ctrl Pts',(0.948949711899419,0.533713475998211,0.590938509445249));
#8114=CARTESIAN_POINT('Ctrl Pts',(0.953921171831546,0.441726527873066,0.577528350033564));
#8115=CARTESIAN_POINT('Ctrl Pts',(0.958892631763673,0.403273901168283,0.492894447606703));
#8116=CARTESIAN_POINT('Ctrl Pts',(0.963864091695797,0.453681043362092,0.414789141127567));
#8117=CARTESIAN_POINT('Ctrl Pts',(0.968835551627926,0.546640187173494,0.414963039210314));
#8118=CARTESIAN_POINT('Ctrl Pts',(0.973807011560048,0.596752244993093,0.493261753858175));
#8119=CARTESIAN_POINT('Ctrl Pts',(0.978778471492177,0.557980438171839,0.577743656303902));
#8120=CARTESIAN_POINT('Ctrl Pts',(0.983749931424301,0.465943679725199,0.590818469660544));
#8121=CARTESIAN_POINT('Ctrl Pts',(0.988721391356428,0.40519323530826,0.520432997181014));
#8122=CARTESIAN_POINT('Ctrl Pts',(0.993692851288553,0.431540008060058,0.431331195883131));
#8123=CARTESIAN_POINT('Ctrl Pts',(0.998664311220679,0.520777555863777,0.405204268846456));
#8124=CARTESIAN_POINT('Ctrl Pts',(1.00363577115281,0.590933471075674,0.466387122466041));
#8125=CARTESIAN_POINT('Ctrl Pts',(1.00695007777422,0.581972153987116,0.527405048584533));
#8126=CARTESIAN_POINT('Ctrl Pts',(1.00860723108493,0.565562568108282,0.54924986967543));
#8127=CARTESIAN_POINT('Ctrl Pts',(0.747252675790869,0.537147096516892,0.432457913134532));
#8128=CARTESIAN_POINT('Ctrl Pts',(0.748909829101577,0.559651474338779,0.44483497066708));
#8129=CARTESIAN_POINT('Ctrl Pts',(0.752224135722995,0.590913238774149,0.493658722545424));
#8130=CARTESIAN_POINT('Ctrl Pts',(0.757195595655119,0.554441984167263,0.573201637079405));
#8131=CARTESIAN_POINT('Ctrl Pts',(0.762167055587247,0.46787523534818,0.585302286129991));
#8132=CARTESIAN_POINT('Ctrl Pts',(0.767138515519371,0.410861538009308,0.519132297863156));
#8133=CARTESIAN_POINT('Ctrl Pts',(0.772109975451499,0.435716402821562,0.435338617425997));
#8134=CARTESIAN_POINT('Ctrl Pts',(0.777081435383623,0.519637357038982,0.410971552987103));
#8135=CARTESIAN_POINT('Ctrl Pts',(0.78205289531575,0.585512721447703,0.46838055724643));
#8136=CARTESIAN_POINT('Ctrl Pts',(0.787024355247875,0.57283242258415,0.554843610319543));
#8137=CARTESIAN_POINT('Ctrl Pts',(0.791995815180002,0.493241525744834,0.590920187956338));
#8138=CARTESIAN_POINT('Ctrl Pts',(0.796967275112128,0.419860140860895,0.54347229942082));
#8139=CARTESIAN_POINT('Ctrl Pts',(0.801938735044253,0.420100823720095,0.456086753658781));
#8140=CARTESIAN_POINT('Ctrl Pts',(0.806910194976379,0.49374297963412,0.409043563705434));
#8141=CARTESIAN_POINT('Ctrl Pts',(0.811881654908506,0.573133210692695,0.445559492389006));
#8142=CARTESIAN_POINT('Ctrl Pts',(0.81685311484063,0.585337902344893,0.532088603949431));
#8143=CARTESIAN_POINT('Ctrl Pts',(0.821824574772758,0.51914485477428,0.589138696595766));
#8144=CARTESIAN_POINT('Ctrl Pts',(0.826796034704882,0.435363937004838,0.564299406871239));
#8145=CARTESIAN_POINT('Ctrl Pts',(0.831767494637009,0.410962487825125,0.480389907158236));
#8146=CARTESIAN_POINT('Ctrl Pts',(0.836738954569134,0.468357494085623,0.414495697559346));
#8147=CARTESIAN_POINT('Ctrl Pts',(0.841710414501262,0.554821648200468,0.427152069108772));
#8148=CARTESIAN_POINT('Ctrl Pts',(0.846681874433386,0.590922577052486,0.506731946582443));
#8149=CARTESIAN_POINT('Ctrl Pts',(0.851653334365512,0.543495292756076,0.580127358530745));
#8150=CARTESIAN_POINT('Ctrl Pts',(0.856624794297639,0.456110011566589,0.579911845325354));
#8151=CARTESIAN_POINT('Ctrl Pts',(0.861596254229765,0.409045324041581,0.506283392717467));
#8152=CARTESIAN_POINT('Ctrl Pts',(0.86656771416189,0.445538337776416,0.426882550333525));
#8153=CARTESIAN_POINT('Ctrl Pts',(0.871539174094016,0.532063867701207,0.414652812058723));
#8154=CARTESIAN_POINT('Ctrl Pts',(0.876510634026142,0.58913315419736,0.480829321247229));
#8155=CARTESIAN_POINT('Ctrl Pts',(0.881482093958268,0.564318124262198,0.56461743567209));
#8156=CARTESIAN_POINT('Ctrl Pts',(0.886453553890393,0.480415702142177,0.589043188258851));
#8157=CARTESIAN_POINT('Ctrl Pts',(0.89142501382252,0.414504866397924,0.531667273850238));
#8158=CARTESIAN_POINT('Ctrl Pts',(0.896396473754645,0.427136191936813,0.445199456366569));
#8159=CARTESIAN_POINT('Ctrl Pts',(0.901367933686772,0.506705607677444,0.409075476890293));
#8160=CARTESIAN_POINT('Ctrl Pts',(0.906339393618896,0.580114755599414,0.456481497522316));
#8161=CARTESIAN_POINT('Ctrl Pts',(0.911310853551024,0.579924555939478,0.543866838322659));
#8162=CARTESIAN_POINT('Ctrl Pts',(0.916282313483148,0.506309740157272,0.590952850947905));
#8163=CARTESIAN_POINT('Ctrl Pts',(0.921253773415276,0.426898329827451,0.554482842561099));
#8164=CARTESIAN_POINT('Ctrl Pts',(0.9262252333474,0.414643527357803,0.467960852982804));
#8165=CARTESIAN_POINT('Ctrl Pts',(0.931196693279528,0.480803502120056,0.410872410757019));
#8166=CARTESIAN_POINT('Ctrl Pts',(0.936168153211652,0.564598801133678,0.435663144527094));
#8167=CARTESIAN_POINT('Ctrl Pts',(0.941139613143779,0.589048858084702,0.519558533916818));
#8168=CARTESIAN_POINT('Ctrl Pts',(0.946111073075904,0.531692037904822,0.585485895565911));
#8169=CARTESIAN_POINT('Ctrl Pts',(0.951082533008031,0.445220567360351,0.572879800590493));
#8170=CARTESIAN_POINT('Ctrl Pts',(0.956053992940157,0.409073535142949,0.493320491906708));
#8171=CARTESIAN_POINT('Ctrl Pts',(0.961025452872282,0.45645829787595,0.419898328803861));
#8172=CARTESIAN_POINT('Ctrl Pts',(0.965996912804409,0.543843671885653,0.420061800070671));
#8173=CARTESIAN_POINT('Ctrl Pts',(0.970968372736533,0.590951043311596,0.493665774714239));
#8174=CARTESIAN_POINT('Ctrl Pts',(0.97593983266866,0.55450396880991,0.5730821972369));
#8175=CARTESIAN_POINT('Ctrl Pts',(0.980911292600787,0.467985674538423,0.585373053288621));
#8176=CARTESIAN_POINT('Ctrl Pts',(0.985882752532911,0.410877787256241,0.519207847959795));
#8177=CARTESIAN_POINT('Ctrl Pts',(0.990854212465038,0.435644824649953,0.435448532715341));
#8178=CARTESIAN_POINT('Ctrl Pts',(0.995825672397163,0.519531747128043,0.410888159230663));
#8179=CARTESIAN_POINT('Ctrl Pts',(1.00079713232929,0.585481159293697,0.468402528740943));
#8180=CARTESIAN_POINT('Ctrl Pts',(1.00411143895071,0.577057156949271,0.525761859695826));
#8181=CARTESIAN_POINT('Ctrl Pts',(1.00576859226142,0.56163147916683,0.546296879522127));
#8182=CARTESIAN_POINT('Ctrl Pts',(0.744414036967353,0.534777714144463,0.436766002999464));
#8183=CARTESIAN_POINT('Ctrl Pts',(0.746071190278061,0.555846677597171,0.448353604970477));
#8184=CARTESIAN_POINT('Ctrl Pts',(0.749385496899479,0.585114448409096,0.4940631932155));
#8185=CARTESIAN_POINT('Ctrl Pts',(0.754356956831605,0.550969468420379,0.568532559687314));
#8186=CARTESIAN_POINT('Ctrl Pts',(0.75932841676373,0.469924274390836,0.579861383555213));
#8187=CARTESIAN_POINT('Ctrl Pts',(0.764299876695857,0.416547126395742,0.517911967512966));
#8188=CARTESIAN_POINT('Ctrl Pts',(0.769271336627982,0.439816653884835,0.439462965071257));
#8189=CARTESIAN_POINT('Ctrl Pts',(0.774242796560109,0.518384812103522,0.416650124201979));
#8190=CARTESIAN_POINT('Ctrl Pts',(0.779214256492234,0.580058396512119,0.470397364946388));
#8191=CARTESIAN_POINT('Ctrl Pts',(0.784185716424361,0.568186895089594,0.551345477336999));
#8192=CARTESIAN_POINT('Ctrl Pts',(0.789157176356484,0.493672606805433,0.585120954346151));
#8193=CARTESIAN_POINT('Ctrl Pts',(0.794128636288614,0.424971764308687,0.540699471673978));
#8194=CARTESIAN_POINT('Ctrl Pts',(0.799100096220737,0.425197095504435,0.458887706668653));
#8195=CARTESIAN_POINT('Ctrl Pts',(0.804071556152864,0.494142076068269,0.41484510937179));
#8196=CARTESIAN_POINT('Ctrl Pts',(0.80904301608499,0.568468497794458,0.449031913955545));
#8197=CARTESIAN_POINT('Ctrl Pts',(0.814014476017115,0.579894728033165,0.530041871373197));
#8198=CARTESIAN_POINT('Ctrl Pts',(0.818985935949242,0.517923723496785,0.583453093245333));
#8199=CARTESIAN_POINT('Ctrl Pts',(0.823957395881367,0.439486669671557,0.560198147405939));
#8200=CARTESIAN_POINT('Ctrl Pts',(0.828928855813494,0.416641637250333,0.481640713080035));
#8201=CARTESIAN_POINT('Ctrl Pts',(0.833900315745618,0.470375772841243,0.419949485498804));
#8202=CARTESIAN_POINT('Ctrl Pts',(0.838871775677746,0.551324916044978,0.431798585781834));
#8203=CARTESIAN_POINT('Ctrl Pts',(0.84384323560987,0.585123191056706,0.506302557557184));
#8204=CARTESIAN_POINT('Ctrl Pts',(0.848814695541998,0.54072099840731,0.575016532419054));
#8205=CARTESIAN_POINT('Ctrl Pts',(0.853786155474122,0.458909481099098,0.574814765461359));
#8206=CARTESIAN_POINT('Ctrl Pts',(0.85875761540625,0.414846757427037,0.505882614154947));
#8207=CARTESIAN_POINT('Ctrl Pts',(0.863729075338374,0.449012108664191,0.431546257933873));
#8208=CARTESIAN_POINT('Ctrl Pts',(0.8687005352705,0.530018712896481,0.420096578640923));
#8209=CARTESIAN_POINT('Ctrl Pts',(0.873671995202627,0.583447904362069,0.482052099675784));
#8210=CARTESIAN_POINT('Ctrl Pts',(0.878643455134752,0.560215670930879,0.560495891126519));
#8211=CARTESIAN_POINT('Ctrl Pts',(0.883614915066879,0.481664862762297,0.58336367679153));
#8212=CARTESIAN_POINT('Ctrl Pts',(0.888586374999004,0.419958069514165,0.529647415301953));
#8213=CARTESIAN_POINT('Ctrl Pts',(0.893557834931129,0.431783721315978,0.448694842392918));
#8214=CARTESIAN_POINT('Ctrl Pts',(0.898529294863257,0.506277898647207,0.414874987012967));
#8215=CARTESIAN_POINT('Ctrl Pts',(0.903500754795381,0.57500473335037,0.459257272274946));
#8216=CARTESIAN_POINT('Ctrl Pts',(0.908472214727508,0.574826665344419,0.54106884539181));
#8217=CARTESIAN_POINT('Ctrl Pts',(0.913443674659634,0.505907281055349,0.585151533968524));
#8218=CARTESIAN_POINT('Ctrl Pts',(0.918415134591759,0.431561030951971,0.551007720711256));
#8219=CARTESIAN_POINT('Ctrl Pts',(0.923386594523886,0.420087886153359,0.470004431008765));
#8220=CARTESIAN_POINT('Ctrl Pts',(0.92835805445601,0.482027927390236,0.416557305638464));
#8221=CARTESIAN_POINT('Ctrl Pts',(0.933329514388138,0.560478445169475,0.439766792605906));
#8222=CARTESIAN_POINT('Ctrl Pts',(0.938300974320262,0.583368984974435,0.51831101661834));
#8223=CARTESIAN_POINT('Ctrl Pts',(0.943272434252391,0.529670599811433,0.580033281686571));
#8224=CARTESIAN_POINT('Ctrl Pts',(0.948243894184513,0.448714606847638,0.568231251147425));
#8225=CARTESIAN_POINT('Ctrl Pts',(0.953215354116643,0.414873169117615,0.493746536206712));
#8226=CARTESIAN_POINT('Ctrl Pts',(0.958186814048765,0.459235552389808,0.425007516480156));
#8227=CARTESIAN_POINT('Ctrl Pts',(0.963158273980894,0.541047156597811,0.425160560931028));
#8228=CARTESIAN_POINT('Ctrl Pts',(0.968129733913017,0.5851498416301,0.494069795570304));
#8229=CARTESIAN_POINT('Ctrl Pts',(0.973101193845145,0.55102749944798,0.568420738169897));
#8230=CARTESIAN_POINT('Ctrl Pts',(0.97807265377727,0.470027669351649,0.579927636916698));
#8231=CARTESIAN_POINT('Ctrl Pts',(0.983044113709397,0.416562339204221,0.517982698738575));
#8232=CARTESIAN_POINT('Ctrl Pts',(0.988015573641521,0.439749641239848,0.439565869547552));
#8233=CARTESIAN_POINT('Ctrl Pts',(0.992987033573648,0.518285938392308,0.416572049614868));
#8234=CARTESIAN_POINT('Ctrl Pts',(0.997958493505774,0.580028847511721,0.470417935015846));
#8235=CARTESIAN_POINT('Ctrl Pts',(1.00127280012719,0.572142159911425,0.524118670807119));
#8236=CARTESIAN_POINT('Ctrl Pts',(1.0029299534379,0.557700390225378,0.543343889368824));
#8237=CARTESIAN_POINT('Ctrl Pts',(0.741575398143837,0.532408331772035,0.441074092864397));
#8238=CARTESIAN_POINT('Ctrl Pts',(0.743232551454546,0.552041880855562,0.451872239273874));
#8239=CARTESIAN_POINT('Ctrl Pts',(0.746546858075963,0.579315658044042,0.494467663885575));
#8240=CARTESIAN_POINT('Ctrl Pts',(0.751518318008089,0.547496952673494,0.563863482295222));
#8241=CARTESIAN_POINT('Ctrl Pts',(0.756489777940215,0.471973313433493,0.574420480980435));
#8242=CARTESIAN_POINT('Ctrl Pts',(0.761461237872341,0.422232714782175,0.516691637162776));
#8243=CARTESIAN_POINT('Ctrl Pts',(0.766432697804467,0.443916904948109,0.443587312716517));
#8244=CARTESIAN_POINT('Ctrl Pts',(0.771404157736593,0.517132267168062,0.422328695416857));
#8245=CARTESIAN_POINT('Ctrl Pts',(0.776375617668718,0.574604071576537,0.472414172646344));
#8246=CARTESIAN_POINT('Ctrl Pts',(0.781347077600845,0.563541367595037,0.547847344354456));
#8247=CARTESIAN_POINT('Ctrl Pts',(0.78631853753297,0.494103687866034,0.579321720735962));
#8248=CARTESIAN_POINT('Ctrl Pts',(0.791289997465096,0.430083387756477,0.537926643927137));
#8249=CARTESIAN_POINT('Ctrl Pts',(0.796261457397223,0.430293367288776,0.461688659678526));
#8250=CARTESIAN_POINT('Ctrl Pts',(0.801232917329348,0.494541172502416,0.420646655038147));
#8251=CARTESIAN_POINT('Ctrl Pts',(0.806204377261475,0.563803784896222,0.452504335522084));
#8252=CARTESIAN_POINT('Ctrl Pts',(0.811175837193598,0.574451553721436,0.527995138796963));
#8253=CARTESIAN_POINT('Ctrl Pts',(0.816147297125727,0.516702592219291,0.5777674898949));
#8254=CARTESIAN_POINT('Ctrl Pts',(0.821118757057851,0.443609402338275,0.556096887940638));
#8255=CARTESIAN_POINT('Ctrl Pts',(0.826090216989978,0.422320786675542,0.482891519001834));
#8256=CARTESIAN_POINT('Ctrl Pts',(0.831061676922103,0.472394051596862,0.425403273438263));
#8257=CARTESIAN_POINT('Ctrl Pts',(0.836033136854229,0.54782818388949,0.436445102454896));
#8258=CARTESIAN_POINT('Ctrl Pts',(0.841004596786355,0.579323805060925,0.505873168531926));
#8259=CARTESIAN_POINT('Ctrl Pts',(0.845976056718481,0.537946704058544,0.569905706307363));
#8260=CARTESIAN_POINT('Ctrl Pts',(0.850947516650608,0.461708950631607,0.569717685597363));
#8261=CARTESIAN_POINT('Ctrl Pts',(0.855918976582733,0.420648190812493,0.505481835592428));
#8262=CARTESIAN_POINT('Ctrl Pts',(0.860890436514859,0.452485879551966,0.436209965534222));
#8263=CARTESIAN_POINT('Ctrl Pts',(0.865861896446984,0.527973558091755,0.425540345223123));
#8264=CARTESIAN_POINT('Ctrl Pts',(0.870833356379112,0.577762654526778,0.483274878104339));
#8265=CARTESIAN_POINT('Ctrl Pts',(0.875804816311236,0.556113217599561,0.556374346580948));
#8266=CARTESIAN_POINT('Ctrl Pts',(0.880776276243363,0.482914023382417,0.577684165324208));
#8267=CARTESIAN_POINT('Ctrl Pts',(0.885747736175488,0.425411272630406,0.527627556753667));
#8268=CARTESIAN_POINT('Ctrl Pts',(0.890719196107615,0.436431250695143,0.452190228419266));
#8269=CARTESIAN_POINT('Ctrl Pts',(0.89569065603974,0.505850189616971,0.42067449713564));
#8270=CARTESIAN_POINT('Ctrl Pts',(0.900662115971866,0.569894711101326,0.462033047027577));
#8271=CARTESIAN_POINT('Ctrl Pts',(0.905633575903993,0.569728774749361,0.538270852460958));
#8272=CARTESIAN_POINT('Ctrl Pts',(0.910605035836118,0.505504821953425,0.579350216989145));
#8273=CARTESIAN_POINT('Ctrl Pts',(0.915576495768244,0.43622373207649,0.547532598861412));
#8274=CARTESIAN_POINT('Ctrl Pts',(0.920547955700369,0.425532244948916,0.472048009034727));
#8275=CARTESIAN_POINT('Ctrl Pts',(0.925519415632496,0.483252352660416,0.422242200519908));
#8276=CARTESIAN_POINT('Ctrl Pts',(0.930490875564621,0.556358089205273,0.443870440684718));
#8277=CARTESIAN_POINT('Ctrl Pts',(0.935462335496748,0.577689111864167,0.517063499319862));
#8278=CARTESIAN_POINT('Ctrl Pts',(0.940433795428873,0.527649161718044,0.574580667807232));
#8279=CARTESIAN_POINT('Ctrl Pts',(0.945405255360999,0.452208646334923,0.563582701704355));
#8280=CARTESIAN_POINT('Ctrl Pts',(0.950376715293125,0.420672803092281,0.494172580506717));
#8281=CARTESIAN_POINT('Ctrl Pts',(0.955348175225252,0.462012806903667,0.43011670415645));
#8282=CARTESIAN_POINT('Ctrl Pts',(0.960319635157376,0.538250641309969,0.430259321791385));
#8283=CARTESIAN_POINT('Ctrl Pts',(0.965291095089503,0.579348639948605,0.494473816426369));
#8284=CARTESIAN_POINT('Ctrl Pts',(0.970262555021629,0.54755103008605,0.563759279102895));
#8285=CARTESIAN_POINT('Ctrl Pts',(0.975234014953755,0.472069664164874,0.574482220544776));
#8286=CARTESIAN_POINT('Ctrl Pts',(0.98020547488588,0.422246891152201,0.516757549517355));
#8287=CARTESIAN_POINT('Ctrl Pts',(0.985176934818007,0.443854457829743,0.443683206379763));
#8288=CARTESIAN_POINT('Ctrl Pts',(0.990148394750133,0.517040129656573,0.422255939999075));
#8289=CARTESIAN_POINT('Ctrl Pts',(0.995119854682258,0.574576535729745,0.472433341290747));
#8290=CARTESIAN_POINT('Ctrl Pts',(0.998434161303676,0.56722716287358,0.522475481918413));
#8291=CARTESIAN_POINT('Ctrl Pts',(1.00009131461438,0.553769301283926,0.540390899215521));
#8292=CARTESIAN_POINT('Ctrl Pts',(1.00009131461438,0.553769301283926,0.540390899215521));
#8293=CARTESIAN_POINT('Ctrl Pts',(1.00009131461438,0.5569855028675,0.537085121830687));
#8294=CARTESIAN_POINT('Ctrl Pts',(1.00009131461438,0.559814628154166,0.533442738356803));
#8295=CARTESIAN_POINT('Ctrl Pts',(1.00009131461438,0.562256972535547,0.529544007267404));
#8296=CARTESIAN_POINT('Ctrl Pts',(1.00009131461438,0.564190070985012,0.526458188952324));
#8297=CARTESIAN_POINT('Ctrl Pts',(1.00009131461438,0.565882094629124,0.523205978192715));
#8298=CARTESIAN_POINT('Ctrl Pts',(1.00009131461438,0.567316811716587,0.519850301058863));
#8299=CARTESIAN_POINT('Ctrl Pts',(1.00009131461438,0.569132784275476,0.515602900895572));
#8300=CARTESIAN_POINT('Ctrl Pts',(1.00009131461438,0.570542278293767,0.511183907244753));
#8301=CARTESIAN_POINT('Ctrl Pts',(1.00009131461438,0.57153650260983,0.506660610833789));
#8302=CARTESIAN_POINT('Ctrl Pts',(1.00009131461438,0.572083470069044,0.504172142280759));
#8303=CARTESIAN_POINT('Ctrl Pts',(1.00009131461438,0.572502596959938,0.501659791581061));
#8304=CARTESIAN_POINT('Ctrl Pts',(1.00009131461438,0.572792783911243,0.499139318059378));
#8305=CARTESIAN_POINT('Ctrl Pts',(1.00009131461438,0.573341245471293,0.494375551688929));
#8306=CARTESIAN_POINT('Ctrl Pts',(1.00009131461438,0.573431242602787,0.489578208375868));
#8307=CARTESIAN_POINT('Ctrl Pts',(1.00009131461438,0.573049936157229,0.484817353963692));
#8308=CARTESIAN_POINT('Ctrl Pts',(1.00009131461438,0.572870421107813,0.482575993963039));
#8309=CARTESIAN_POINT('Ctrl Pts',(1.00009131461438,0.572586206558536,0.480342617542472));
#8310=CARTESIAN_POINT('Ctrl Pts',(1.00009131461438,0.572194556670844,0.478124285298652));
#8311=CARTESIAN_POINT('Ctrl Pts',(1.00009131461438,0.571925146728734,0.47659832862109));
#8312=CARTESIAN_POINT('Ctrl Pts',(1.00009131461438,0.571605457729484,0.475083019369925));
#8313=CARTESIAN_POINT('Ctrl Pts',(1.00009131461438,0.571235613999231,0.473582358743719));
#8314=CARTESIAN_POINT('Ctrl Pts',(1.00009131461438,0.570080531967233,0.468895551901624));
#8315=CARTESIAN_POINT('Ctrl Pts',(1.00009131461438,0.568436892066408,0.464346341695239));
#8316=CARTESIAN_POINT('Ctrl Pts',(1.00009131461438,0.566368710878842,0.459976213475338));
#8317=CARTESIAN_POINT('Ctrl Pts',(1.00009131461438,0.565177216459212,0.457458550410621));
#8318=CARTESIAN_POINT('Ctrl Pts',(1.00009131461438,0.563844427576303,0.455000294939618));
#8319=CARTESIAN_POINT('Ctrl Pts',(1.00009131461438,0.562379796676628,0.452609734375512));
#8320=CARTESIAN_POINT('Ctrl Pts',(1.00009131461438,0.561106389468391,0.450531287816223));
#8321=CARTESIAN_POINT('Ctrl Pts',(1.00009131461438,0.559732715930874,0.448503980144158));
#8322=CARTESIAN_POINT('Ctrl Pts',(1.00009131461438,0.558274423210775,0.446545609906668));
#8323=CARTESIAN_POINT('Ctrl Pts',(1.00009131461438,0.554279527334189,0.441180784944741));
#8324=CARTESIAN_POINT('Ctrl Pts',(1.00009131461438,0.549639558510039,0.436307895493704));
#8325=CARTESIAN_POINT('Ctrl Pts',(1.00009131461438,0.544483972512634,0.432034441691951));
#8326=CARTESIAN_POINT('Ctrl Pts',(1.00009131461438,0.542851307847646,0.430681129571255));
#8327=CARTESIAN_POINT('Ctrl Pts',(1.00009131461438,0.54116657208828,0.429388094817234));
#8328=CARTESIAN_POINT('Ctrl Pts',(1.00009131461438,0.539432983420584,0.428159363469889));
#8329=CARTESIAN_POINT('Ctrl Pts',(0.778137020620382,0.567176814779049,0.499951813792937));
#8330=CARTESIAN_POINT('Ctrl Pts',(0.779207039613869,0.567082163623187,0.514456331499468));
#8331=CARTESIAN_POINT('Ctrl Pts',(0.780277058607357,0.562475348265308,0.529015897177001));
#8332=CARTESIAN_POINT('Ctrl Pts',(0.781347077600845,0.553812204970453,0.540520878466688));
#8333=CARTESIAN_POINT('Ctrl Pts',(0.783004230911553,0.540395474352036,0.558338803148291));
#8334=CARTESIAN_POINT('Ctrl Pts',(0.784661384222262,0.517249581109035,0.568830261942126));
#8335=CARTESIAN_POINT('Ctrl Pts',(0.78631853753297,0.495006584469275,0.567176811870907));
#8336=CARTESIAN_POINT('Ctrl Pts',(0.787975690843679,0.472763587829515,0.565523361799687));
#8337=CARTESIAN_POINT('Ctrl Pts',(0.789632844154388,0.451423487792996,0.551725002863412));
#8338=CARTESIAN_POINT('Ctrl Pts',(0.791289997465096,0.440788434363453,0.532119492687172));
#8339=CARTESIAN_POINT('Ctrl Pts',(0.792947150775805,0.43015338093391,0.512513982510933));
#8340=CARTESIAN_POINT('Ctrl Pts',(0.794604304086514,0.430223374111343,0.487101321094729));
#8341=CARTESIAN_POINT('Ctrl Pts',(0.796261457397222,0.440966338235666,0.467554656279898));
#8342=CARTESIAN_POINT('Ctrl Pts',(0.797918610707931,0.451709302359989,0.448007991465066));
#8343=CARTESIAN_POINT('Ctrl Pts',(0.799575764018639,0.473125237431202,0.434327323251606));
#8344=CARTESIAN_POINT('Ctrl Pts',(0.801232917329348,0.49537697369911,0.432796602558866));
#8345=CARTESIAN_POINT('Ctrl Pts',(0.802890070640057,0.517628709967018,0.431265881866126));
#8346=CARTESIAN_POINT('Ctrl Pts',(0.804547223950766,0.54071624743162,0.441885108694105));
#8347=CARTESIAN_POINT('Ctrl Pts',(0.806204377261474,0.554034644301457,0.459776522653908));
#8348=CARTESIAN_POINT('Ctrl Pts',(0.80726525838111,0.562560853489058,0.471230298928493));
#8349=CARTESIAN_POINT('Ctrl Pts',(0.808326139500746,0.567083335987821,0.485664465281763));
#8350=CARTESIAN_POINT('Ctrl Pts',(0.809387020620381,0.567174348242101,0.50004640745453));
#8351=CARTESIAN_POINT('Ctrl Pts',(0.750091314614384,0.539516478889321,0.428149823269599));
#8352=CARTESIAN_POINT('Ctrl Pts',(0.750091314614384,0.544886544042925,0.431883133576077));
#8353=CARTESIAN_POINT('Ctrl Pts',(0.750091314614384,0.549734584903312,0.436282986691592));
#8354=CARTESIAN_POINT('Ctrl Pts',(0.750091314614384,0.553999102358205,0.441210566863202));
#8355=CARTESIAN_POINT('Ctrl Pts',(0.750091314614384,0.556467354054989,0.444062591329807));
#8356=CARTESIAN_POINT('Ctrl Pts',(0.750091314614384,0.558739438009824,0.447092074207957));
#8357=CARTESIAN_POINT('Ctrl Pts',(0.750091314614384,0.560796689960539,0.450274816136757));
#8358=CARTESIAN_POINT('Ctrl Pts',(0.750091314614384,0.562103445821322,0.452296477444392));
#8359=CARTESIAN_POINT('Ctrl Pts',(0.750091314614384,0.563318270486712,0.454372122044368));
#8360=CARTESIAN_POINT('Ctrl Pts',(0.750091314614384,0.564436780942512,0.456492891754233));
#8361=CARTESIAN_POINT('Ctrl Pts',(0.750091314614384,0.566298635712522,0.460023091387086));
#8362=CARTESIAN_POINT('Ctrl Pts',(0.750091314614384,0.5678951725074,0.463680069221198));
#8363=CARTESIAN_POINT('Ctrl Pts',(0.750091314614384,0.569206032564213,0.467433307124273));
#8364=CARTESIAN_POINT('Ctrl Pts',(0.750091314614384,0.570128305948231,0.470073948590081));
#8365=CARTESIAN_POINT('Ctrl Pts',(0.750091314614384,0.570909019156881,0.47276228830457));
#8366=CARTESIAN_POINT('Ctrl Pts',(0.750091314614384,0.57153867430547,0.47548755038203));
#8367=CARTESIAN_POINT('Ctrl Pts',(0.750091314614384,0.572072124084857,0.477796418112648));
#8368=CARTESIAN_POINT('Ctrl Pts',(0.750091314614384,0.572496730944131,0.480132238071573));
#8369=CARTESIAN_POINT('Ctrl Pts',(0.750091314614384,0.572804907313826,0.482473358439744));
#8370=CARTESIAN_POINT('Ctrl Pts',(0.750091314614384,0.573350889748684,0.486621017782261));
#8371=CARTESIAN_POINT('Ctrl Pts',(0.750091314614384,0.573535178251616,0.490796865887229));
#8372=CARTESIAN_POINT('Ctrl Pts',(0.750091314614384,0.57332817159693,0.49496345885981));
#8373=CARTESIAN_POINT('Ctrl Pts',(0.750091314614384,0.573173551915173,0.498075616197967));
#8374=CARTESIAN_POINT('Ctrl Pts',(0.750091314614384,0.572800290813494,0.501182637948788));
#8375=CARTESIAN_POINT('Ctrl Pts',(0.750091314614384,0.572216812475392,0.504264744953708));
#8376=CARTESIAN_POINT('Ctrl Pts',(0.750091314614384,0.571762689972955,0.506663555765449));
#8377=CARTESIAN_POINT('Ctrl Pts',(0.750091314614384,0.571181109242904,0.509045463842572));
#8378=CARTESIAN_POINT('Ctrl Pts',(0.750091314614384,0.570479935974792,0.511389727273215));
#8379=CARTESIAN_POINT('Ctrl Pts',(0.750091314614384,0.569236936027863,0.515545503673137));
#8380=CARTESIAN_POINT('Ctrl Pts',(0.750091314614384,0.567616880497506,0.519593847176735));
#8381=CARTESIAN_POINT('Ctrl Pts',(0.750091314614384,0.56564375790747,0.523479187145352));
#8382=CARTESIAN_POINT('Ctrl Pts',(0.750091314614384,0.564560204118745,0.525612848208652));
#8383=CARTESIAN_POINT('Ctrl Pts',(0.750091314614384,0.563370998314778,0.527694642911252));
#8384=CARTESIAN_POINT('Ctrl Pts',(0.750091314614384,0.562084751486395,0.52970798315657));
#8385=CARTESIAN_POINT('Ctrl Pts',(0.750091314614384,0.55963759566157,0.533538474474382));
#8386=CARTESIAN_POINT('Ctrl Pts',(0.750091314614384,0.556835621780426,0.537130502788799));
#8387=CARTESIAN_POINT('Ctrl Pts',(0.750091314614384,0.553703663211632,0.540411920322449));
#8388=CARTESIAN_POINT('Origin',(0.875091314614384,0.5,0.5));
#8389=CARTESIAN_POINT('Origin',(1.00009131461438,0.5,0.5));
#8390=CARTESIAN_POINT('Origin',(0.68227969213784,-2.77616583908713E-16,
0.5));
#8391=CARTESIAN_POINT('Ctrl Pts',(0.760404692137839,0.0820496979725269,
0.500063256884726));
#8392=CARTESIAN_POINT('Ctrl Pts',(0.76068408843848,0.0820894626620796,0.504660122997057));
#8393=CARTESIAN_POINT('Ctrl Pts',(0.762602441647115,0.07966019150425,0.53618175457836));
#8394=CARTESIAN_POINT('Ctrl Pts',(0.766159751763744,0.0388416062614004,
0.588485966021511));
#8395=CARTESIAN_POINT('Ctrl Pts',(0.771076622487725,-0.052543280714293,
0.581089652785307));
#8396=CARTESIAN_POINT('Ctrl Pts',(0.775993493211708,-0.0966259556325631,
0.500705429752399));
#8397=CARTESIAN_POINT('Ctrl Pts',(0.780910363935687,-0.0537183351797987,
0.41967846365612));
#8398=CARTESIAN_POINT('Ctrl Pts',(0.78582723465967,0.0375501653604464,0.410966745529659));
#8399=CARTESIAN_POINT('Ctrl Pts',(0.78940867739372,0.0794063261687694,0.463003914646069));
#8400=CARTESIAN_POINT('Ctrl Pts',(0.791351163219777,0.0820823149234716,
0.494935811859292));
#8401=CARTESIAN_POINT('Ctrl Pts',(0.79165469213784,0.0820382566543838,0.499932783191374));
#8402=CARTESIAN_POINT('Ctrl Pts',(0.755402937090929,0.0820964157189276,
0.499937192964291));
#8403=CARTESIAN_POINT('Ctrl Pts',(0.756910310081401,0.081951509981806,0.524672188536855));
#8404=CARTESIAN_POINT('Ctrl Pts',(0.760056639979868,0.0569648639582083,
0.576706188825213));
#8405=CARTESIAN_POINT('Ctrl Pts',(0.764841926786328,-0.0310503310609651,
0.591478147018446));
#8406=CARTESIAN_POINT('Ctrl Pts',(0.769758797510309,-0.0934939643542857,
0.524405408405599));
#8407=CARTESIAN_POINT('Ctrl Pts',(0.774675668234292,-0.0717870077989225,
0.435307943706353));
#8408=CARTESIAN_POINT('Ctrl Pts',(0.779592538958271,0.0145578697742024,
0.404478275340036));
#8409=CARTESIAN_POINT('Ctrl Pts',(0.783584961910486,0.0740224806701328,
0.449260803358803));
#8410=CARTESIAN_POINT('Ctrl Pts',(0.785938427954704,0.0819151052971768,
0.488151756267864));
#8411=CARTESIAN_POINT('Ctrl Pts',(0.786652937090929,0.0818798811647662,
0.499972726952449));
#8412=CARTESIAN_POINT('Ctrl Pts',(0.750091314614384,-0.0537693012839271,
0.54039089921552));
#8413=CARTESIAN_POINT('Ctrl Pts',(0.751730271522378,-0.0670793885743753,
0.522672202490876));
#8414=CARTESIAN_POINT('Ctrl Pts',(0.755008185338366,-0.074605283052727,
0.473352012071677));
#8415=CARTESIAN_POINT('Ctrl Pts',(0.759925056062346,-0.0186691061137156,
0.422934323748985));
#8416=CARTESIAN_POINT('Ctrl Pts',(0.764841926786329,0.0540582210959098,
0.442080596026449));
#8417=CARTESIAN_POINT('Ctrl Pts',(0.769758797510309,0.0781252744673549,
0.513279186558626));
#8418=CARTESIAN_POINT('Ctrl Pts',(0.774675668234292,0.0318548539155997,
0.572569283109105));
#8419=CARTESIAN_POINT('Ctrl Pts',(0.779592538958271,-0.0430918979028806,
0.566503404265999));
#8420=CARTESIAN_POINT('Ctrl Pts',(0.784509409682254,-0.0792450672718277,
0.500578538424986));
#8421=CARTESIAN_POINT('Ctrl Pts',(0.789426280406234,-0.0440555858639204,
0.434126544888708));
#8422=CARTESIAN_POINT('Ctrl Pts',(0.794343151130217,0.0307957148840246,
0.426981873620361));
#8423=CARTESIAN_POINT('Ctrl Pts',(0.799260021854198,0.077922585882122,0.485571789864365));
#8424=CARTESIAN_POINT('Ctrl Pts',(0.804176892578179,0.0548977953064475,
0.557151886852212));
#8425=CARTESIAN_POINT('Ctrl Pts',(0.80909376330216,-0.0175499658757728,
0.577279245395518));
#8426=CARTESIAN_POINT('Ctrl Pts',(0.814010634026142,-0.0741979831306179,
0.527834411621992));
#8427=CARTESIAN_POINT('Ctrl Pts',(0.818927504750123,-0.0640475516602984,
0.453330893081552));
#8428=CARTESIAN_POINT('Ctrl Pts',(0.823844375474105,0.00376315648492142,
0.420842370550289));
#8429=CARTESIAN_POINT('Ctrl Pts',(0.828761246198085,0.0681859987014042,
0.459617293408617));
#8430=CARTESIAN_POINT('Ctrl Pts',(0.833678116922068,0.0712228266766383,
0.534747692078738));
#8431=CARTESIAN_POINT('Ctrl Pts',(0.838594987646049,0.0101396679295644,
0.578595673948696));
#8432=CARTESIAN_POINT('Ctrl Pts',(0.84351185837003,-0.0600719603091645,
0.551686097378968));
#8433=CARTESIAN_POINT('Ctrl Pts',(0.848428729094012,-0.0762024249181306,
0.478244921118871));
#8434=CARTESIAN_POINT('Ctrl Pts',(0.853345599817993,-0.023729904487341,
0.424389255920747));
#8435=CARTESIAN_POINT('Ctrl Pts',(0.858262470541975,0.0501060081096968,
0.438603900999918));
#8436=CARTESIAN_POINT('Ctrl Pts',(0.863179341265955,0.0788328348208993,
0.508091796144874));
#8437=CARTESIAN_POINT('Ctrl Pts',(0.868096211989938,0.0365885894287998,
0.570294865610953));
#8438=CARTESIAN_POINT('Ctrl Pts',(0.873013082713917,-0.0385953748664906,
0.569213366130068));
#8439=CARTESIAN_POINT('Ctrl Pts',(0.8779299534379,-0.079032965529926,0.505820942360728));
#8440=CARTESIAN_POINT('Ctrl Pts',(0.882846824161881,-0.0483193118084126,
0.437188081413089));
#8441=CARTESIAN_POINT('Ctrl Pts',(0.887763694885862,0.025894913352767,0.425103094368094));
#8442=CARTESIAN_POINT('Ctrl Pts',(0.892680565609844,0.076796647378071,0.480445768693148));
#8443=CARTESIAN_POINT('Ctrl Pts',(0.897597436333825,0.0585604338519868,
0.553392589350776));
#8444=CARTESIAN_POINT('Ctrl Pts',(0.902514307057807,-0.0123961567021813,
0.578271503815881));
#8445=CARTESIAN_POINT('Ctrl Pts',(0.907431177781787,-0.0721928221661116,
0.532684697309853));
#8446=CARTESIAN_POINT('Ctrl Pts',(0.91234804850577,-0.0669962395791534,
0.457672740547006));
#8447=CARTESIAN_POINT('Ctrl Pts',(0.917264919229751,-0.00148475189777325,
0.420766872317453));
#8448=CARTESIAN_POINT('Ctrl Pts',(0.922181789953732,0.0653634178177775,
0.455192449054545));
#8449=CARTESIAN_POINT('Ctrl Pts',(0.927098660677714,0.0733666677723108,
0.529957053769343));
#8450=CARTESIAN_POINT('Ctrl Pts',(0.932015531401694,0.0153198881792614,
0.577752132039757));
#8451=CARTESIAN_POINT('Ctrl Pts',(0.936932402125677,-0.0565189729902081,
0.555549065722875));
#8452=CARTESIAN_POINT('Ctrl Pts',(0.941849272849657,-0.0774753292108696,
0.483336675775232));
#8453=CARTESIAN_POINT('Ctrl Pts',(0.94676614357364,-0.0286827389553533,
0.426125826592974));
#8454=CARTESIAN_POINT('Ctrl Pts',(0.95168301429762,0.0459321465335547,0.435421900574786));
#8455=CARTESIAN_POINT('Ctrl Pts',(0.956599885021602,0.0791955610092127,
0.502855893378264));
#8456=CARTESIAN_POINT('Ctrl Pts',(0.961516755745583,0.0411613507797553,
0.567718802503713));
#8457=CARTESIAN_POINT('Ctrl Pts',(0.966433626469564,-0.0339293118929267,
0.571616302648414));
#8458=CARTESIAN_POINT('Ctrl Pts',(0.971350497193547,-0.0784743314131312,
0.511039579693558));
#8459=CARTESIAN_POINT('Ctrl Pts',(0.976267367917525,-0.0523710297550454,
0.440524221291851));
#8460=CARTESIAN_POINT('Ctrl Pts',(0.98118423864151,0.0208804955827977,0.423553300170634));
#8461=CARTESIAN_POINT('Ctrl Pts',(0.98610110936549,0.0753338746764862,0.47540527827478));
#8462=CARTESIAN_POINT('Ctrl Pts',(0.991017980089472,0.0619662009765238,
0.549399220105693));
#8463=CARTESIAN_POINT('Ctrl Pts',(0.995934850813452,-0.00718796991344252,
0.578920378225813));
#8464=CARTESIAN_POINT('Ctrl Pts',(1.00085172153744,-0.0698710056173584,
0.537391651263702));
#8465=CARTESIAN_POINT('Ctrl Pts',(1.00576859226141,-0.0696510620063909,
0.462200230532406));
#8466=CARTESIAN_POINT('Ctrl Pts',(1.0106854629854,-0.00672614836284961,
0.421038921357793));
#8467=CARTESIAN_POINT('Ctrl Pts',(1.01560233370938,0.0622541349820086,0.450964138782998));
#8468=CARTESIAN_POINT('Ctrl Pts',(1.02051920443336,0.0751887019553642,0.525035017655612));
#8469=CARTESIAN_POINT('Ctrl Pts',(1.02543607515734,0.0204329111634278,0.576567546405148));
#8470=CARTESIAN_POINT('Ctrl Pts',(1.03035294588132,-0.0527180776080715,
0.559168380749399));
#8471=CARTESIAN_POINT('Ctrl Pts',(1.0352698166053,-0.0784084050847749,0.488501520422712));
#8472=CARTESIAN_POINT('Ctrl Pts',(1.04018668732929,-0.0335097626984506,
0.428186429683885));
#8473=CARTESIAN_POINT('Ctrl Pts',(1.04510355805327,0.0415568132966931,0.432523158803962));
#8474=CARTESIAN_POINT('Ctrl Pts',(1.05002042877725,0.0792109140550136,0.497607461770734));
#8475=CARTESIAN_POINT('Ctrl Pts',(1.05493729950123,0.045553565393006,0.564845709885378));
#8476=CARTESIAN_POINT('Ctrl Pts',(1.05985417022521,-0.0291144224906701,
0.573705101925597));
#8477=CARTESIAN_POINT('Ctrl Pts',(1.06477104094919,-0.077571492651063,0.516209810058424));
#8478=CARTESIAN_POINT('Ctrl Pts',(1.06968791167317,-0.0561930224793703,
0.444121207997784));
#8479=CARTESIAN_POINT('Ctrl Pts',(1.07460478239715,0.0157744682903936,0.422338882178424));
#8480=CARTESIAN_POINT('Ctrl Pts',(1.07952165312114,0.0735407089508484,0.470472551290649));
#8481=CARTESIAN_POINT('Ctrl Pts',(1.08443852384512,0.0651000843541474,0.545189397598968));
#8482=CARTESIAN_POINT('Ctrl Pts',(1.0893553945691,-0.00194809388068163,
0.579222646796502));
#8483=CARTESIAN_POINT('Ctrl Pts',(1.09427226529308,-0.0672430281704362,
0.541935449163953));
#8484=CARTESIAN_POINT('Ctrl Pts',(1.09918913601706,-0.0719997664251356,
0.466891858579021));
#8485=CARTESIAN_POINT('Ctrl Pts',(1.10410600674104,-0.0119392270652845,
0.421660550800233));
#8486=CARTESIAN_POINT('Ctrl Pts',(1.10902287746503,0.0588740941568797,0.446944617557119));
#8487=CARTESIAN_POINT('Ctrl Pts',(1.11393974818901,0.076676449451737,0.52001542919184));
#8488=CARTESIAN_POINT('Ctrl Pts',(1.11885661891299,0.0254650459150065,0.575023196821066));
#8489=CARTESIAN_POINT('Ctrl Pts',(1.12377348963697,-0.0487029726389111,
0.562575350060906));
#8490=CARTESIAN_POINT('Ctrl Pts',(1.12869036036095,-0.0789641616498104,
0.493618409685022));
#8491=CARTESIAN_POINT('Ctrl Pts',(1.13196827417694,-0.0518262943050982,
0.451753670026616));
#8492=CARTESIAN_POINT('Ctrl Pts',(1.13360723108493,-0.0324083317720346,
0.441074092864397));
#8493=CARTESIAN_POINT('Ctrl Pts',(0.747252675790868,-0.057700390225379,
0.543343889368823));
#8494=CARTESIAN_POINT('Ctrl Pts',(0.748891632698862,-0.0719835817910892,
0.524329773676702));
#8495=CARTESIAN_POINT('Ctrl Pts',(0.752169546514851,-0.0800596965596797,
0.471403770079395));
#8496=CARTESIAN_POINT('Ctrl Pts',(0.757086417238831,-0.0200340097825002,
0.417300030194079));
#8497=CARTESIAN_POINT('Ctrl Pts',(0.762003287962813,0.0580104330471597,
0.437846091894553));
#8498=CARTESIAN_POINT('Ctrl Pts',(0.766920158686793,0.0838370355498505,
0.514250031672578));
#8499=CARTESIAN_POINT('Ctrl Pts',(0.771837029410776,0.0341837713642,0.577874844079907));
#8500=CARTESIAN_POINT('Ctrl Pts',(0.776753900134756,-0.0462423588400181,
0.571365487105768));
#8501=CARTESIAN_POINT('Ctrl Pts',(0.781670770858739,-0.0850386967254062,
0.500620835534124));
#8502=CARTESIAN_POINT('Ctrl Pts',(0.786587641582718,-0.0472765023025464,
0.429310517811178));
#8503=CARTESIAN_POINT('Ctrl Pts',(0.791504512306702,0.0330471983761652,
0.421643497590128));
#8504=CARTESIAN_POINT('Ctrl Pts',(0.796421383030682,0.0836195283443837,
0.484516939309219));
#8505=CARTESIAN_POINT('Ctrl Pts',(0.801338253754664,0.0589113887675137,
0.56133027758862));
#8506=CARTESIAN_POINT('Ctrl Pts',(0.806255124478645,-0.0188330488827994,
0.582929153051447));
#8507=CARTESIAN_POINT('Ctrl Pts',(0.811171995202626,-0.0796226188241824,
0.529869393388656));
#8508=CARTESIAN_POINT('Ctrl Pts',(0.816088865926608,-0.0687300864161318,
0.449918901373759));
#8509=CARTESIAN_POINT('Ctrl Pts',(0.821005736650589,0.00403828192805689,
0.415055133700807));
#8510=CARTESIAN_POINT('Ctrl Pts',(0.825922607374571,0.0731710964998961,
0.456664902220399));
#8511=CARTESIAN_POINT('Ctrl Pts',(0.830839478098551,0.0764299478339142,
0.537288105749922));
#8512=CARTESIAN_POINT('Ctrl Pts',(0.835756348822534,0.0108809819417631,
0.584341826071339));
#8513=CARTESIAN_POINT('Ctrl Pts',(0.840673219546514,-0.0644638384482485,
0.555464882689203));
#8514=CARTESIAN_POINT('Ctrl Pts',(0.845590090270496,-0.0817736059220583,
0.476654401101539));
#8515=CARTESIAN_POINT('Ctrl Pts',(0.850506960994478,-0.0254648045675804,
0.418861332871583));
#8516=CARTESIAN_POINT('Ctrl Pts',(0.855423831718459,0.0537692726431195,
0.434115214703753));
#8517=CARTESIAN_POINT('Ctrl Pts',(0.86034070244244,0.0845963258425016,0.508683389667238));
#8518=CARTESIAN_POINT('Ctrl Pts',(0.86525757316642,0.039263591629914,0.575434143270243));
#8519=CARTESIAN_POINT('Ctrl Pts',(0.870174443890403,-0.0414170937229005,
0.574273575054075));
#8520=CARTESIAN_POINT('Ctrl Pts',(0.875091314614383,-0.0848110881647039,
0.506246513115726));
#8521=CARTESIAN_POINT('Ctrl Pts',(0.880008185338367,-0.0518519504660288,
0.432595884143414));
#8522=CARTESIAN_POINT('Ctrl Pts',(0.884925056062346,0.0277880978481985,
0.419627360251263));
#8523=CARTESIAN_POINT('Ctrl Pts',(0.889841926786329,0.0824112721554022,
0.479016153269227));
#8524=CARTESIAN_POINT('Ctrl Pts',(0.894758797510309,0.062841803860992,0.557296136775429));
#8525=CARTESIAN_POINT('Ctrl Pts',(0.899675668234291,-0.0133024432516592,
0.583993955767724));
#8526=CARTESIAN_POINT('Ctrl Pts',(0.904592538958273,-0.0774708599700776,
0.535074284845516));
#8527=CARTESIAN_POINT('Ctrl Pts',(0.909509409682253,-0.0718943537491287,
0.454578182544867));
#8528=CARTESIAN_POINT('Ctrl Pts',(0.914426280406236,-0.00159330253218292,
0.41497411577065));
#8529=CARTESIAN_POINT('Ctrl Pts',(0.919343151130216,0.0701421559234143,
0.451916556234492));
#8530=CARTESIAN_POINT('Ctrl Pts',(0.924260021854197,0.0787305257630993,
0.532147222508366));
#8531=CARTESIAN_POINT('Ctrl Pts',(0.92917689257818,0.0164399295703103,0.583436612573022));
#8532=CARTESIAN_POINT('Ctrl Pts',(0.93409376330216,-0.0606510912137798,
0.559610273749703));
#8533=CARTESIAN_POINT('Ctrl Pts',(0.939010634026142,-0.083139572610425,
0.482118415392009));
#8534=CARTESIAN_POINT('Ctrl Pts',(0.943927504750123,-0.0307797421751375,
0.42072486472059));
#8535=CARTESIAN_POINT('Ctrl Pts',(0.948844375474104,0.0492902588575693,
0.430700577320649));
#8536=CARTESIAN_POINT('Ctrl Pts',(0.953761246198087,0.0849855710458218,
0.503064688557097));
#8537=CARTESIAN_POINT('Ctrl Pts',(0.958678116922067,0.0441706688665032,
0.572669743455038));
#8538=CARTESIAN_POINT('Ctrl Pts',(0.963594987646048,-0.0364098935554827,
0.576852190946129));
#8539=CARTESIAN_POINT('Ctrl Pts',(0.968511858370031,-0.0842116121484158,
0.511846686511303));
#8540=CARTESIAN_POINT('Ctrl Pts',(0.973428729094011,-0.0561998906665048,
0.436175930159533));
#8541=CARTESIAN_POINT('Ctrl Pts',(0.978345599817994,0.0224070745659267,
0.417964260158326));
#8542=CARTESIAN_POINT('Ctrl Pts',(0.983262470541974,0.0808415557247052,
0.473607151159802));
#8543=CARTESIAN_POINT('Ctrl Pts',(0.988179341265956,0.0664965675906687,
0.553010811166704));
#8544=CARTESIAN_POINT('Ctrl Pts',(0.993096211989937,-0.00771348444243027,
0.5846902695707));
#8545=CARTESIAN_POINT('Ctrl Pts',(0.998013082713917,-0.074979294751713,
0.540125365544443));
#8546=CARTESIAN_POINT('Ctrl Pts',(1.0029299534379,-0.0747432710006623,0.459436678613462));
#8547=CARTESIAN_POINT('Ctrl Pts',(1.00784682416188,-0.00721789898665151,
0.415266054393865));
#8548=CARTESIAN_POINT('Ctrl Pts',(1.01276369488586,0.0668055525333575,0.447379112993899));
#8549=CARTESIAN_POINT('Ctrl Pts',(1.01768056560984,0.0806857693845667,0.526865334931548));
#8550=CARTESIAN_POINT('Ctrl Pts',(1.02259743633383,0.0219267671220922,0.582165421545054));
#8551=CARTESIAN_POINT('Ctrl Pts',(1.02751430705781,-0.0565723112869763,
0.563494197929343));
#8552=CARTESIAN_POINT('Ctrl Pts',(1.03243117778179,-0.0841408659274041,
0.487660863303677));
#8553=CARTESIAN_POINT('Ctrl Pts',(1.03734804850577,-0.0359596709998243,
0.422936119090762));
#8554=CARTESIAN_POINT('Ctrl Pts',(1.04226491922975,0.0445950437607636,0.427589907712801));
#8555=CARTESIAN_POINT('Ctrl Pts',(1.04718178995373,0.085002046557177,0.497432542618905));
#8556=CARTESIAN_POINT('Ctrl Pts',(1.05209866067771,0.0488839995419371,0.569586598216528));
#8557=CARTESIAN_POINT('Ctrl Pts',(1.0570155314017,-0.0312429862167538,0.579093702933787));
#8558=CARTESIAN_POINT('Ctrl Pts',(1.06193240212568,-0.0832427665871382,
0.517394913891693));
#8559=CARTESIAN_POINT('Ctrl Pts',(1.06684927284966,-0.0603013103681967,
0.4400358935887));
#8560=CARTESIAN_POINT('Ctrl Pts',(1.07176614357364,0.0169277441629255,0.416661055720589));
#8561=CARTESIAN_POINT('Ctrl Pts',(1.07668301429762,0.0789172911418026,0.468313791100003));
#8562=CARTESIAN_POINT('Ctrl Pts',(1.0815998850216,0.0698595700752065,0.548493207336687));
#8563=CARTESIAN_POINT('Ctrl Pts',(1.08651675574558,-0.00209051957951703,
0.585014637082738));
#8564=CARTESIAN_POINT('Ctrl Pts',(1.09143362646956,-0.0721591851246565,
0.545001361804193));
#8565=CARTESIAN_POINT('Ctrl Pts',(1.09635049719355,-0.0772636898688567,
0.464471312923706));
#8566=CARTESIAN_POINT('Ctrl Pts',(1.10126736791753,-0.0128121073587811,
0.41593313134201));
#8567=CARTESIAN_POINT('Ctrl Pts',(1.10618423864151,0.0631783959601708,0.443065723425607));
#8568=CARTESIAN_POINT('Ctrl Pts',(1.11110110936549,0.0822822865244166,0.521478762924577));
#8569=CARTESIAN_POINT('Ctrl Pts',(1.11601798008947,0.0273268026795486,0.58050816412273));
#8570=CARTESIAN_POINT('Ctrl Pts',(1.12093485081345,-0.0522636608491909,
0.567150251738221));
#8571=CARTESIAN_POINT('Ctrl Pts',(1.12585172153743,-0.0847372540133033,
0.493151849798302));
#8572=CARTESIAN_POINT('Ctrl Pts',(1.12912963535342,-0.0556153294525589,
0.448226367091759));
#8573=CARTESIAN_POINT('Ctrl Pts',(1.13076859226142,-0.0347777141444634,
0.436766002999464));
#8574=CARTESIAN_POINT('Ctrl Pts',(0.744414036967353,-0.0616314791668309,
0.546296879522127));
#8575=CARTESIAN_POINT('Ctrl Pts',(0.746052993875347,-0.0768877750078032,
0.525987344862528));
#8576=CARTESIAN_POINT('Ctrl Pts',(0.749330907691334,-0.0855141100666324,
0.469455528087114));
#8577=CARTESIAN_POINT('Ctrl Pts',(0.754247778415316,-0.0213989134512848,
0.411665736639172));
#8578=CARTESIAN_POINT('Ctrl Pts',(0.759164649139296,0.0619626449984097,
0.433611587762658));
#8579=CARTESIAN_POINT('Ctrl Pts',(0.76408151986328,0.089548796632346,0.515220876786529));
#8580=CARTESIAN_POINT('Ctrl Pts',(0.768998390587258,0.0365126888128003,
0.583180405050709));
#8581=CARTESIAN_POINT('Ctrl Pts',(0.773915261311241,-0.0493928197771556,
0.576227569945538));
#8582=CARTESIAN_POINT('Ctrl Pts',(0.778832132035223,-0.0908323261789846,
0.500663132643261));
#8583=CARTESIAN_POINT('Ctrl Pts',(0.783749002759203,-0.0504974187411726,
0.424494490733649));
#8584=CARTESIAN_POINT('Ctrl Pts',(0.788665873483186,0.0352986818683058,
0.416305121559893));
#8585=CARTESIAN_POINT('Ctrl Pts',(0.793582744207166,0.0893164708066455,
0.483462088754074));
#8586=CARTESIAN_POINT('Ctrl Pts',(0.798499614931148,0.0629249822285799,
0.565508668325027));
#8587=CARTESIAN_POINT('Ctrl Pts',(0.803416485655129,-0.0201161318898262,
0.588579060707377));
#8588=CARTESIAN_POINT('Ctrl Pts',(0.808333356379111,-0.0850472545177467,
0.53190437515532));
#8589=CARTESIAN_POINT('Ctrl Pts',(0.813250227103091,-0.0734126211719652,
0.446506909665966));
#8590=CARTESIAN_POINT('Ctrl Pts',(0.818167097827074,0.00431340737119247,
0.409267896851324));
#8591=CARTESIAN_POINT('Ctrl Pts',(0.823083968551054,0.0781561942983878,
0.453712511032182));
#8592=CARTESIAN_POINT('Ctrl Pts',(0.828000839275037,0.0816370689911902,
0.539828519421106));
#8593=CARTESIAN_POINT('Ctrl Pts',(0.832917709999017,0.0116222959539617,
0.590087978193983));
#8594=CARTESIAN_POINT('Ctrl Pts',(0.837834580722999,-0.0688557165873323,
0.559243667999437));
#8595=CARTESIAN_POINT('Ctrl Pts',(0.84275145144698,-0.087344786925986,0.475063881084208));
#8596=CARTESIAN_POINT('Ctrl Pts',(0.847668322170962,-0.0271997046478196,
0.413333409822417));
#8597=CARTESIAN_POINT('Ctrl Pts',(0.852585192894942,0.0574325371765423,
0.429626528407589));
#8598=CARTESIAN_POINT('Ctrl Pts',(0.857502063618925,0.0903598168641039,
0.509274983189601));
#8599=CARTESIAN_POINT('Ctrl Pts',(0.862418934342906,0.0419385938310283,
0.580573420929532));
#8600=CARTESIAN_POINT('Ctrl Pts',(0.867335805066887,-0.0442388125793107,
0.579333783978082));
#8601=CARTESIAN_POINT('Ctrl Pts',(0.872252675790869,-0.0905892107994815,
0.506672083870723));
#8602=CARTESIAN_POINT('Ctrl Pts',(0.877169546514849,-0.0553845891236451,
0.42800368687374));
#8603=CARTESIAN_POINT('Ctrl Pts',(0.882086417238832,0.0296812823436301,
0.414151626134432));
#8604=CARTESIAN_POINT('Ctrl Pts',(0.887003287962813,0.0880258969327333,
0.477586537845306));
#8605=CARTESIAN_POINT('Ctrl Pts',(0.891920158686794,0.0671231738699972,
0.561199684200083));
#8606=CARTESIAN_POINT('Ctrl Pts',(0.896837029410775,-0.0142087298011371,
0.589716407719567));
#8607=CARTESIAN_POINT('Ctrl Pts',(0.901753900134757,-0.0827488977740437,
0.537463872381181));
#8608=CARTESIAN_POINT('Ctrl Pts',(0.906670770858737,-0.0767924679191038,
0.451483624542727));
#8609=CARTESIAN_POINT('Ctrl Pts',(0.911587641582721,-0.00170185316659261,
0.409181359223847));
#8610=CARTESIAN_POINT('Ctrl Pts',(0.9165045123067,0.0749208940290511,0.448640663414441));
#8611=CARTESIAN_POINT('Ctrl Pts',(0.921421383030683,0.0840943837538878,
0.534337391247389));
#8612=CARTESIAN_POINT('Ctrl Pts',(0.926338253754663,0.0175599709613592,
0.589121093106289));
#8613=CARTESIAN_POINT('Ctrl Pts',(0.931255124478646,-0.0647832094373514,
0.56367148177653));
#8614=CARTESIAN_POINT('Ctrl Pts',(0.936171995202624,-0.0888038160099805,
0.480900155008785));
#8615=CARTESIAN_POINT('Ctrl Pts',(0.941088865926611,-0.0328767453949217,
0.415323902848206));
#8616=CARTESIAN_POINT('Ctrl Pts',(0.946005736650587,0.0526483711815839,
0.425979254066513));
#8617=CARTESIAN_POINT('Ctrl Pts',(0.950922607374571,0.0907755810824309,
0.503273483735929));
#8618=CARTESIAN_POINT('Ctrl Pts',(0.955839478098552,0.0471799869532511,
0.577620684406362));
#8619=CARTESIAN_POINT('Ctrl Pts',(0.960756348822533,-0.0388904752180386,
0.582088079243845));
#8620=CARTESIAN_POINT('Ctrl Pts',(0.965673219546515,-0.0899488928837005,
0.512653793329048));
#8621=CARTESIAN_POINT('Ctrl Pts',(0.970590090270495,-0.0600287515779641,
0.431827639027216));
#8622=CARTESIAN_POINT('Ctrl Pts',(0.975506960994478,0.0239336535490557,
0.412375220146017));
#8623=CARTESIAN_POINT('Ctrl Pts',(0.980423831718458,0.0863492367729241,
0.471809024044823));
#8624=CARTESIAN_POINT('Ctrl Pts',(0.98534070244244,0.0710269342048136,0.556622402227715));
#8625=CARTESIAN_POINT('Ctrl Pts',(0.990257573166421,-0.00823899897141802,
0.590460160915586));
#8626=CARTESIAN_POINT('Ctrl Pts',(0.995174443890402,-0.0800875838860675,
0.542859079825185));
#8627=CARTESIAN_POINT('Ctrl Pts',(1.00009131461439,-0.0798354799949337,
0.456673126694517));
#8628=CARTESIAN_POINT('Ctrl Pts',(1.00500818533837,-0.00770964961045336,
0.409493187429937));
#8629=CARTESIAN_POINT('Ctrl Pts',(1.00992505606235,0.0713569700847064,0.443794087204799));
#8630=CARTESIAN_POINT('Ctrl Pts',(1.01484192678633,0.0861828368137694,0.528695652207486));
#8631=CARTESIAN_POINT('Ctrl Pts',(1.01975879751031,0.0234206230807567,0.587763296684959));
#8632=CARTESIAN_POINT('Ctrl Pts',(1.02467566823429,-0.0604265449658811,
0.567820015109287));
#8633=CARTESIAN_POINT('Ctrl Pts',(1.02959253895827,-0.0898733267700332,
0.486820206184644));
#8634=CARTESIAN_POINT('Ctrl Pts',(1.03450940968225,-0.0384095793011979,
0.417685808497638));
#8635=CARTESIAN_POINT('Ctrl Pts',(1.03942628040623,0.0476332742248341,0.422656656621641));
#8636=CARTESIAN_POINT('Ctrl Pts',(1.04434315113022,0.0907931790593403,0.497257623467075));
#8637=CARTESIAN_POINT('Ctrl Pts',(1.0492600218542,0.0522144336908681,0.574327486547677));
#8638=CARTESIAN_POINT('Ctrl Pts',(1.05417689257818,-0.0333715499428374,
0.584482303941978));
#8639=CARTESIAN_POINT('Ctrl Pts',(1.05909376330216,-0.0889140405232134,
0.51858001772496));
#8640=CARTESIAN_POINT('Ctrl Pts',(1.06401063402614,-0.0644095982570229,
0.435950579179616));
#8641=CARTESIAN_POINT('Ctrl Pts',(1.06892750475012,0.0180810200354573,0.410983229262753));
#8642=CARTESIAN_POINT('Ctrl Pts',(1.0738443754741,0.0842938733327569,0.466155030909357));
#8643=CARTESIAN_POINT('Ctrl Pts',(1.07876124619809,0.0746190557962656,0.551797017074406));
#8644=CARTESIAN_POINT('Ctrl Pts',(1.08367811692207,-0.00223294527835247,
0.590806627368976));
#8645=CARTESIAN_POINT('Ctrl Pts',(1.08859498764605,-0.0770753420788767,
0.548067274444432));
#8646=CARTESIAN_POINT('Ctrl Pts',(1.09351185837003,-0.0825276133125778,
0.462050767268394));
#8647=CARTESIAN_POINT('Ctrl Pts',(1.09842872909401,-0.0136849876522778,
0.410205711883787));
#8648=CARTESIAN_POINT('Ctrl Pts',(1.10334559981799,0.067482697763462,0.439186829294095));
#8649=CARTESIAN_POINT('Ctrl Pts',(1.10826247054198,0.0878881235970962,0.522942096657314));
#8650=CARTESIAN_POINT('Ctrl Pts',(1.11317934126595,0.0291885594440906,0.585993131424393));
#8651=CARTESIAN_POINT('Ctrl Pts',(1.11809621198994,-0.0558243490594706,
0.571725153415537));
#8652=CARTESIAN_POINT('Ctrl Pts',(1.12301308271392,-0.0905103463767963,
0.492685289911581));
#8653=CARTESIAN_POINT('Ctrl Pts',(1.12629099652991,-0.0594043646000195,
0.444699064156902));
#8654=CARTESIAN_POINT('Ctrl Pts',(1.1279299534379,-0.0371470965168922,0.432457913134532));
#8655=CARTESIAN_POINT('Ctrl Pts',(0.741575398143837,-0.0655625681082828,
0.54924986967543));
#8656=CARTESIAN_POINT('Ctrl Pts',(0.743214355051831,-0.0817919682245171,
0.527644916048354));
#8657=CARTESIAN_POINT('Ctrl Pts',(0.746492268867819,-0.0909685235735852,
0.467507286094832));
#8658=CARTESIAN_POINT('Ctrl Pts',(0.7514091395918,-0.0227638171200694,0.406031443084265));
#8659=CARTESIAN_POINT('Ctrl Pts',(0.756326010315781,0.0659148569496596,
0.429377083630763));
#8660=CARTESIAN_POINT('Ctrl Pts',(0.761242881039762,0.0952605577148417,
0.516191721900481));
#8661=CARTESIAN_POINT('Ctrl Pts',(0.766159751763744,0.0388416062614004,
0.588485966021511));
#8662=CARTESIAN_POINT('Ctrl Pts',(0.771076622487725,-0.052543280714293,
0.581089652785307));
#8663=CARTESIAN_POINT('Ctrl Pts',(0.775993493211708,-0.0966259556325631,
0.500705429752399));
#8664=CARTESIAN_POINT('Ctrl Pts',(0.780910363935687,-0.0537183351797987,
0.41967846365612));
#8665=CARTESIAN_POINT('Ctrl Pts',(0.78582723465967,0.0375501653604464,0.410966745529659));
#8666=CARTESIAN_POINT('Ctrl Pts',(0.790744105383651,0.0950134132689072,
0.482407238198929));
#8667=CARTESIAN_POINT('Ctrl Pts',(0.795660976107632,0.066938575689646,0.569687059061434));
#8668=CARTESIAN_POINT('Ctrl Pts',(0.800577846831613,-0.0213992148968529,
0.594228968363307));
#8669=CARTESIAN_POINT('Ctrl Pts',(0.805494717555595,-0.0904718902113111,
0.533939356921983));
#8670=CARTESIAN_POINT('Ctrl Pts',(0.810411588279576,-0.0780951559277987,
0.443094917958175));
#8671=CARTESIAN_POINT('Ctrl Pts',(0.815328459003558,0.00458853281432803,
0.40348066000184));
#8672=CARTESIAN_POINT('Ctrl Pts',(0.820245329727539,0.0831412920968796,
0.450760119843965));
#8673=CARTESIAN_POINT('Ctrl Pts',(0.82516220045152,0.0868441901484661,0.54236893309229));
#8674=CARTESIAN_POINT('Ctrl Pts',(0.830079071175502,0.0123636099661603,
0.595834130316626));
#8675=CARTESIAN_POINT('Ctrl Pts',(0.834995941899483,-0.0732475947264162,
0.563022453309671));
#8676=CARTESIAN_POINT('Ctrl Pts',(0.839912812623465,-0.0929159679299138,
0.473473361066876));
#8677=CARTESIAN_POINT('Ctrl Pts',(0.844829683347446,-0.0289346047280589,
0.407805486773253));
#8678=CARTESIAN_POINT('Ctrl Pts',(0.849746554071427,0.061095801709965,0.425137842111423));
#8679=CARTESIAN_POINT('Ctrl Pts',(0.854663424795409,0.0961233078857062,
0.509866576711966));
#8680=CARTESIAN_POINT('Ctrl Pts',(0.859580295519389,0.0446135960321426,
0.585712698588821));
#8681=CARTESIAN_POINT('Ctrl Pts',(0.864497166243372,-0.0470605314357208,
0.58439399290209));
#8682=CARTESIAN_POINT('Ctrl Pts',(0.869414036967352,-0.0963673334342592,
0.507097654625721));
#8683=CARTESIAN_POINT('Ctrl Pts',(0.874330907691335,-0.0589172277812614,
0.423411489604064));
#8684=CARTESIAN_POINT('Ctrl Pts',(0.879247778415315,0.0315744668390616,
0.408675892017602));
#8685=CARTESIAN_POINT('Ctrl Pts',(0.884164649139297,0.0936405217100644,
0.476156922421384));
#8686=CARTESIAN_POINT('Ctrl Pts',(0.889081519863278,0.0714045438790025,
0.565103231624739));
#8687=CARTESIAN_POINT('Ctrl Pts',(0.89399839058726,-0.0151150163506151,
0.595438859671408));
#8688=CARTESIAN_POINT('Ctrl Pts',(0.898915261311241,-0.0880269355780097,
0.539853459916847));
#8689=CARTESIAN_POINT('Ctrl Pts',(0.903832132035223,-0.0816905820890791,
0.448389066540587));
#8690=CARTESIAN_POINT('Ctrl Pts',(0.908749002759203,-0.00181040380100224,
0.403388602677044));
#8691=CARTESIAN_POINT('Ctrl Pts',(0.913665873483186,0.0796996321346879,
0.445364770594388));
#8692=CARTESIAN_POINT('Ctrl Pts',(0.918582744207165,0.0894582417446764,
0.536527559986411));
#8693=CARTESIAN_POINT('Ctrl Pts',(0.923499614931148,0.018680012352408,0.594805573639555));
#8694=CARTESIAN_POINT('Ctrl Pts',(0.928416485655129,-0.0689153276609229,
0.567732689803358));
#8695=CARTESIAN_POINT('Ctrl Pts',(0.93333335637911,-0.0944680594095361,
0.479681894625562));
#8696=CARTESIAN_POINT('Ctrl Pts',(0.938250227103092,-0.0349737486147057,
0.40992294097582));
#8697=CARTESIAN_POINT('Ctrl Pts',(0.943167097827073,0.0560064835055984,
0.421257930812378));
#8698=CARTESIAN_POINT('Ctrl Pts',(0.948083968551055,0.0965655911190401,
0.503482278914761));
#8699=CARTESIAN_POINT('Ctrl Pts',(0.953000839275036,0.050189305039999,0.582571625357687));
#8700=CARTESIAN_POINT('Ctrl Pts',(0.957917709999017,-0.0413710568805946,
0.58732396754156));
#8701=CARTESIAN_POINT('Ctrl Pts',(0.962834580723,-0.0956861736189852,0.513460900146793));
#8702=CARTESIAN_POINT('Ctrl Pts',(0.967751451446979,-0.0638576124894233,
0.427479347894897));
#8703=CARTESIAN_POINT('Ctrl Pts',(0.972668322170963,0.0254602325321846,
0.40678618013371));
#8704=CARTESIAN_POINT('Ctrl Pts',(0.977585192894943,0.0918569178211431,
0.470010896929844));
#8705=CARTESIAN_POINT('Ctrl Pts',(0.982502063618923,0.0755573008189585,
0.560233993288726));
#8706=CARTESIAN_POINT('Ctrl Pts',(0.987418934342907,-0.00876451350040578,
0.596230052260471));
#8707=CARTESIAN_POINT('Ctrl Pts',(0.992335805066886,-0.085195873020422,
0.545592794105926));
#8708=CARTESIAN_POINT('Ctrl Pts',(0.997252675790869,-0.0849276889892052,
0.453909574775573));
#8709=CARTESIAN_POINT('Ctrl Pts',(1.00216954651485,-0.00820140023425521,
0.403720320466008));
#8710=CARTESIAN_POINT('Ctrl Pts',(1.00708641723883,0.0759083876360552,0.4402090614157));
#8711=CARTESIAN_POINT('Ctrl Pts',(1.01200328796281,0.091679904242972,0.530525969483423));
#8712=CARTESIAN_POINT('Ctrl Pts',(1.0169201586868,0.0249144790394212,0.593361171824864));
#8713=CARTESIAN_POINT('Ctrl Pts',(1.02183702941077,-0.064280778644786,0.572145832289231));
#8714=CARTESIAN_POINT('Ctrl Pts',(1.02675390013476,-0.0956057876126623,
0.48597954906561));
#8715=CARTESIAN_POINT('Ctrl Pts',(1.03167077085874,-0.0408594876025716,
0.412435497904515));
#8716=CARTESIAN_POINT('Ctrl Pts',(1.03658764158272,0.0506715046889046,0.417723405530481));
#8717=CARTESIAN_POINT('Ctrl Pts',(1.0415045123067,0.0965843115615037,0.497082704315245));
#8718=CARTESIAN_POINT('Ctrl Pts',(1.04642138303068,0.0555448678397992,0.579068374878826));
#8719=CARTESIAN_POINT('Ctrl Pts',(1.05133825375466,-0.0355001136689211,
0.589870904950169));
#8720=CARTESIAN_POINT('Ctrl Pts',(1.05625512447864,-0.0945853144592887,
0.519765121558228));
#8721=CARTESIAN_POINT('Ctrl Pts',(1.06117199520263,-0.0685178861458492,
0.431865264770532));
#8722=CARTESIAN_POINT('Ctrl Pts',(1.06608886592661,0.0192342959079892,0.405305402804918));
#8723=CARTESIAN_POINT('Ctrl Pts',(1.07100573665059,0.0896704555237112,0.46399627071871));
#8724=CARTESIAN_POINT('Ctrl Pts',(1.07592260737457,0.0793785415173248,0.555100826812124));
#8725=CARTESIAN_POINT('Ctrl Pts',(1.08083947809855,-0.00237537097718793,
0.596598617655214));
#8726=CARTESIAN_POINT('Ctrl Pts',(1.08575634882253,-0.081991499033097,0.551133187084671));
#8727=CARTESIAN_POINT('Ctrl Pts',(1.09067321954651,-0.0877915367562989,
0.45963022161308));
#8728=CARTESIAN_POINT('Ctrl Pts',(1.0955900902705,-0.0145578679457745,0.404478292425564));
#8729=CARTESIAN_POINT('Ctrl Pts',(1.10050696099448,0.0717869995667531,0.435307935162582));
#8730=CARTESIAN_POINT('Ctrl Pts',(1.10542383171846,0.0934939606697759,0.524405430390052));
#8731=CARTESIAN_POINT('Ctrl Pts',(1.11034070244244,0.0310503162086326,0.591478098726056));
#8732=CARTESIAN_POINT('Ctrl Pts',(1.11525757316642,-0.0593850372697503,
0.576300055092853));
#8733=CARTESIAN_POINT('Ctrl Pts',(1.1201744438904,-0.0962834387402891,0.492218730024859));
#8734=CARTESIAN_POINT('Ctrl Pts',(1.12345235770639,-0.0631933997474803,
0.441171761222045));
#8735=CARTESIAN_POINT('Ctrl Pts',(1.12509131461438,-0.039516478889321,0.428149823269599));
#8736=CARTESIAN_POINT('Ctrl Pts',(1.12509131461438,-0.039516478889321,0.428149823269599));
#8737=CARTESIAN_POINT('Ctrl Pts',(1.12509131461438,-0.043122469725902,0.430656735638481));
#8738=CARTESIAN_POINT('Ctrl Pts',(1.12509131461438,-0.0464974203473357,
0.433467548288998));
#8739=CARTESIAN_POINT('Ctrl Pts',(1.12509131461438,-0.0496220803493155,
0.436540491940968));
#8740=CARTESIAN_POINT('Ctrl Pts',(1.12509131461438,-0.0517305377796698,
0.438614052223351));
#8741=CARTESIAN_POINT('Ctrl Pts',(1.12509131461438,-0.0537248839222533,
0.440807131885968));
#8742=CARTESIAN_POINT('Ctrl Pts',(1.12509131461438,-0.0555970170875099,
0.443108007223657));
#8743=CARTESIAN_POINT('Ctrl Pts',(1.12509131461438,-0.0574561531910635,
0.445392909008134));
#8744=CARTESIAN_POINT('Ctrl Pts',(1.12509131461438,-0.059189609622797,0.447778055788265));
#8745=CARTESIAN_POINT('Ctrl Pts',(1.12509131461438,-0.0607875548334735,
0.450246625200749));
#8746=CARTESIAN_POINT('Ctrl Pts',(1.12509131461438,-0.0631774469414272,
0.453938625725806));
#8747=CARTESIAN_POINT('Ctrl Pts',(1.12509131461438,-0.0652672572143106,
0.457820330984465));
#8748=CARTESIAN_POINT('Ctrl Pts',(1.12509131461438,-0.0670273302233883,
0.46185183474479));
#8749=CARTESIAN_POINT('Ctrl Pts',(1.12509131461438,-0.0681064036831417,
0.464323487163881));
#8750=CARTESIAN_POINT('Ctrl Pts',(1.12509131461438,-0.0690581356770636,
0.466844719815799));
#8751=CARTESIAN_POINT('Ctrl Pts',(1.12509131461438,-0.0698744767690953,
0.469399249926673));
#8752=CARTESIAN_POINT('Ctrl Pts',(1.12509131461438,-0.0712299828675084,
0.473640958665421));
#8753=CARTESIAN_POINT('Ctrl Pts',(1.12509131461438,-0.0722155119929182,
0.477980388806112));
#8754=CARTESIAN_POINT('Ctrl Pts',(1.12509131461438,-0.0727972823040825,
0.482374094752915));
#8755=CARTESIAN_POINT('Ctrl Pts',(1.12509131461438,-0.0731299143847073,
0.484886233173684));
#8756=CARTESIAN_POINT('Ctrl Pts',(1.12509131461438,-0.0733303081766282,
0.487416107907682));
#8757=CARTESIAN_POINT('Ctrl Pts',(1.12509131461438,-0.0733900392090793,
0.489955091364213));
#8758=CARTESIAN_POINT('Ctrl Pts',(1.12509131461438,-0.0734229252787735,
0.491352977579759));
#8759=CARTESIAN_POINT('Ctrl Pts',(1.12509131461438,-0.0734130362775041,
0.492752724338894));
#8760=CARTESIAN_POINT('Ctrl Pts',(1.12509131461438,-0.0733593413264769,
0.494148671595615));
#8761=CARTESIAN_POINT('Ctrl Pts',(1.12509131461438,-0.0731956182871305,
0.498405100240493));
#8762=CARTESIAN_POINT('Ctrl Pts',(1.12509131461438,-0.072625911781409,0.502637800467201));
#8763=CARTESIAN_POINT('Ctrl Pts',(1.12509131461438,-0.0716787228286905,
0.506799182153066));
#8764=CARTESIAN_POINT('Ctrl Pts',(1.12509131461438,-0.0708410089071659,
0.510479596035662));
#8765=CARTESIAN_POINT('Ctrl Pts',(1.12509131461438,-0.0697077150573463,
0.514104355507248));
#8766=CARTESIAN_POINT('Ctrl Pts',(1.12509131461438,-0.0682920624226332,
0.517635923225308));
#8767=CARTESIAN_POINT('Ctrl Pts',(1.12509131461438,-0.0674048039047597,
0.519849328874733));
#8768=CARTESIAN_POINT('Ctrl Pts',(1.12509131461438,-0.0664096604017195,
0.522017858472225));
#8769=CARTESIAN_POINT('Ctrl Pts',(1.12509131461438,-0.0653134335942952,
0.524128825121076));
#8770=CARTESIAN_POINT('Ctrl Pts',(1.12509131461438,-0.0626278585126114,
0.529300345642218));
#8771=CARTESIAN_POINT('Ctrl Pts',(1.12509131461438,-0.0593339744149693,
0.534138059759741));
#8772=CARTESIAN_POINT('Ctrl Pts',(1.12509131461438,-0.0554829724743273,
0.538495549114872));
#8773=CARTESIAN_POINT('Ctrl Pts',(1.12509131461438,-0.0549064392463469,
0.539147908537829));
#8774=CARTESIAN_POINT('Ctrl Pts',(1.12509131461438,-0.0543173760932933,
0.539789419403926));
#8775=CARTESIAN_POINT('Ctrl Pts',(1.12509131461438,-0.0537159154537437,
0.540419492791587));
#8776=CARTESIAN_POINT('Ctrl Pts',(0.750091314614384,-0.0537693012839271,
0.54039089921552));
#8777=CARTESIAN_POINT('Ctrl Pts',(0.750091314614384,-0.0577364392448338,
0.53631327080421));
#8778=CARTESIAN_POINT('Ctrl Pts',(0.750091314614384,-0.0611111532107216,
0.531731248146595));
#8779=CARTESIAN_POINT('Ctrl Pts',(0.750091314614384,-0.0638948772379613,
0.526795633129099));
#8780=CARTESIAN_POINT('Ctrl Pts',(0.750091314614384,-0.0652117231947122,
0.52446083103799));
#8781=CARTESIAN_POINT('Ctrl Pts',(0.750091314614384,-0.066395949465198,
0.522046214304563));
#8782=CARTESIAN_POINT('Ctrl Pts',(0.750091314614384,-0.06744532285029,0.519564814367359));
#8783=CARTESIAN_POINT('Ctrl Pts',(0.750091314614384,-0.0682257307248408,
0.517719423509905));
#8784=CARTESIAN_POINT('Ctrl Pts',(0.750091314614384,-0.0689307318818376,
0.51583822774613));
#8785=CARTESIAN_POINT('Ctrl Pts',(0.750091314614384,-0.0695566602234594,
0.513936158459921));
#8786=CARTESIAN_POINT('Ctrl Pts',(0.750091314614384,-0.0711406782891885,
0.509122648811488));
#8787=CARTESIAN_POINT('Ctrl Pts',(0.750091314614384,-0.0722265034429052,
0.504161090542685));
#8788=CARTESIAN_POINT('Ctrl Pts',(0.750091314614384,-0.0728044376751785,
0.499139119134434));
#8789=CARTESIAN_POINT('Ctrl Pts',(0.750091314614384,-0.0730903938575193,
0.496654297001509));
#8790=CARTESIAN_POINT('Ctrl Pts',(0.750091314614384,-0.0732517141916081,
0.494154442257288));
#8791=CARTESIAN_POINT('Ctrl Pts',(0.750091314614384,-0.0732852618334837,
0.491649265413027));
#8792=CARTESIAN_POINT('Ctrl Pts',(0.750091314614384,-0.0733193064859646,
0.489106974202741));
#8793=CARTESIAN_POINT('Ctrl Pts',(0.750091314614384,-0.0732213815290432,
0.486567260629045));
#8794=CARTESIAN_POINT('Ctrl Pts',(0.750091314614384,-0.0729907323945913,
0.484047865349262));
#8795=CARTESIAN_POINT('Ctrl Pts',(0.750091314614384,-0.0726929497149139,
0.480795166051849));
#8796=CARTESIAN_POINT('Ctrl Pts',(0.750091314614384,-0.072174146398571,
0.47757260968631));
#8797=CARTESIAN_POINT('Ctrl Pts',(0.750091314614384,-0.0714299756282086,
0.474401829571024));
#8798=CARTESIAN_POINT('Ctrl Pts',(0.750091314614384,-0.0705269516106251,
0.470554203847718));
#8799=CARTESIAN_POINT('Ctrl Pts',(0.750091314614384,-0.0692923699230961,
0.466782643804155));
#8800=CARTESIAN_POINT('Ctrl Pts',(0.750091314614384,-0.0677554911621709,
0.463111311540003));
#8801=CARTESIAN_POINT('Ctrl Pts',(0.750091314614384,-0.0667235786013237,
0.460646254454992));
#8802=CARTESIAN_POINT('Ctrl Pts',(0.750091314614384,-0.0655584619064813,
0.458234662606755));
#8803=CARTESIAN_POINT('Ctrl Pts',(0.750091314614384,-0.064272666426429,
0.45588796842692));
#8804=CARTESIAN_POINT('Ctrl Pts',(0.750091314614384,-0.0622133243690354,
0.452129481097211));
#8805=CARTESIAN_POINT('Ctrl Pts',(0.750091314614384,-0.0598433747454818,
0.448533640545198));
#8806=CARTESIAN_POINT('Ctrl Pts',(0.750091314614384,-0.0571982173893467,
0.445130391756599));
#8807=CARTESIAN_POINT('Ctrl Pts',(0.750091314614384,-0.0556593513243067,
0.443150492882335));
#8808=CARTESIAN_POINT('Ctrl Pts',(0.750091314614384,-0.0540280412899799,
0.441237423070481));
#8809=CARTESIAN_POINT('Ctrl Pts',(0.750091314614384,-0.0523174375854405,
0.439403831348735));
#8810=CARTESIAN_POINT('Ctrl Pts',(0.750091314614384,-0.0484197770119065,
0.435225938980772));
#8811=CARTESIAN_POINT('Ctrl Pts',(0.750091314614384,-0.0441040064943731,
0.431449097731743));
#8812=CARTESIAN_POINT('Ctrl Pts',(0.750091314614384,-0.0394428057008241,
0.42814480437524));
#8813=CARTESIAN_POINT('Ctrl Pts',(0.800170608608387,0.0672813751220403,
0.499944874019754));
#8814=CARTESIAN_POINT('Ctrl Pts',(0.799867079690324,0.0673175082756519,
0.495846748140699));
#8815=CARTESIAN_POINT('Ctrl Pts',(0.799563550772261,0.0669745787050371,
0.49175465628082));
#8816=CARTESIAN_POINT('Ctrl Pts',(0.799260021854198,0.0662306422864933,
0.487736819988339));
#8817=CARTESIAN_POINT('Ctrl Pts',(0.797621064946204,0.0622136288827562,
0.46604181778303));
#8818=CARTESIAN_POINT('Ctrl Pts',(0.795982108038211,0.0465046718833903,
0.446511845701696));
#8819=CARTESIAN_POINT('Ctrl Pts',(0.794343151130217,0.0261749765923832,
0.437937638205753));
#8820=CARTESIAN_POINT('Ctrl Pts',(0.792704194222223,0.00584528130137615,
0.42936343070981));
#8821=CARTESIAN_POINT('Ctrl Pts',(0.791065237314229,-0.0191051522812722,
0.431744987799259));
#8822=CARTESIAN_POINT('Ctrl Pts',(0.789426280406235,-0.0374452826405809,
0.44401109860003));
#8823=CARTESIAN_POINT('Ctrl Pts',(0.787787323498241,-0.0557854129998895,
0.456277209400801));
#8824=CARTESIAN_POINT('Ctrl Pts',(0.786148366590248,-0.0675152401358586,
0.478427873912893));
#8825=CARTESIAN_POINT('Ctrl Pts',(0.784509409682254,-0.0673546254756853,
0.500490683809108));
#8826=CARTESIAN_POINT('Ctrl Pts',(0.78287045277426,-0.067194010815512,0.522553493705323));
#8827=CARTESIAN_POINT('Ctrl Pts',(0.781231495866266,-0.0551429543591963,
0.544528448985661));
#8828=CARTESIAN_POINT('Ctrl Pts',(0.779592538958272,-0.0366263008279585,
0.556526906433014));
#8829=CARTESIAN_POINT('Ctrl Pts',(0.777953582050278,-0.0181096472967206,
0.568525363880368));
#8830=CARTESIAN_POINT('Ctrl Pts',(0.776314625142285,0.00687260330943963,
0.570547323494736));
#8831=CARTESIAN_POINT('Ctrl Pts',(0.774675668234291,0.0270754653711456,
0.561676620543508));
#8832=CARTESIAN_POINT('Ctrl Pts',(0.773036711326297,0.0472783274328515,
0.552805917592279));
#8833=CARTESIAN_POINT('Ctrl Pts',(0.771397754418303,0.0627018009501032,
0.533042552075452));
#8834=CARTESIAN_POINT('Ctrl Pts',(0.769758797510309,0.0664023621468215,
0.511294437561676));
#8835=CARTESIAN_POINT('Ctrl Pts',(0.769479401209668,0.0670332043023509,
0.507586992471797));
#8836=CARTESIAN_POINT('Ctrl Pts',(0.769200004909027,0.0673233702929859,
0.50382186916527));
#8837=CARTESIAN_POINT('Ctrl Pts',(0.768920608608387,0.0672907583982003,
0.500051878359731));
#8838=CARTESIAN_POINT('Ctrl Pts',(0.750091314614384,0.0395164788893214,
0.428149823269599));
#8839=CARTESIAN_POINT('Ctrl Pts',(0.751730271522378,0.0631933997474808,
0.441171761222046));
#8840=CARTESIAN_POINT('Ctrl Pts',(0.755008185338365,0.0962833879186419,
0.492218848951612));
#8841=CARTESIAN_POINT('Ctrl Pts',(0.759925056062347,0.0593850708612442,
0.576299995381197));
#8842=CARTESIAN_POINT('Ctrl Pts',(0.764841926786328,-0.0310503310609651,
0.591478147018446));
#8843=CARTESIAN_POINT('Ctrl Pts',(0.769758797510309,-0.0934939643542857,
0.524405408405599));
#8844=CARTESIAN_POINT('Ctrl Pts',(0.774675668234292,-0.0717870077989225,
0.435307943706353));
#8845=CARTESIAN_POINT('Ctrl Pts',(0.779592538958271,0.0145578697742024,
0.404478275340036));
#8846=CARTESIAN_POINT('Ctrl Pts',(0.784509409682255,0.0877915446445244,
0.459630222815773));
#8847=CARTESIAN_POINT('Ctrl Pts',(0.789426280406234,0.0819915063975473,
0.551133188948316));
#8848=CARTESIAN_POINT('Ctrl Pts',(0.794343151130217,0.00237537127737411,
0.596598627971863));
#8849=CARTESIAN_POINT('Ctrl Pts',(0.799260021854197,-0.0793785487804121,
0.555100830930143));
#8850=CARTESIAN_POINT('Ctrl Pts',(0.804176892578179,-0.089670463599871,
0.463996267942711));
#8851=CARTESIAN_POINT('Ctrl Pts',(0.809093763302162,-0.0192342976833596,
0.405305393954973));
#8852=CARTESIAN_POINT('Ctrl Pts',(0.814010634026141,0.0685178923749833,
0.431865258744308));
#8853=CARTESIAN_POINT('Ctrl Pts',(0.818927504750124,0.0945853230181159,
0.519765123268257));
#8854=CARTESIAN_POINT('Ctrl Pts',(0.823844375474104,0.0355001168930716,
0.589870913138234));
#8855=CARTESIAN_POINT('Ctrl Pts',(0.828761246198087,-0.0555448728773247,
0.579068382019746));
#8856=CARTESIAN_POINT('Ctrl Pts',(0.833678116922067,-0.0965843203113013,
0.497082704063916));
#8857=CARTESIAN_POINT('Ctrl Pts',(0.838594987646049,-0.0506715092819809,
0.417723398067757));
#8858=CARTESIAN_POINT('Ctrl Pts',(0.84351185837003,0.040859491305914,0.41243548997346));
#8859=CARTESIAN_POINT('Ctrl Pts',(0.848428729094012,0.0956057962757676,
0.485979547793073));
#8860=CARTESIAN_POINT('Ctrl Pts',(0.853345599817993,0.0642807844699686,
0.572145838827987));
#8861=CARTESIAN_POINT('Ctrl Pts',(0.858262470541974,-0.0249144812972362,
0.593361180284408));
#8862=CARTESIAN_POINT('Ctrl Pts',(0.863179341265956,-0.0916799125506821,
0.530525972249916));
#8863=CARTESIAN_POINT('Ctrl Pts',(0.868096211989937,-0.0759083945147032,
0.44020905599744));
#8864=CARTESIAN_POINT('Ctrl Pts',(0.873013082713919,0.00820140097746557,
0.403720311741499));
#8865=CARTESIAN_POINT('Ctrl Pts',(0.877929953437899,0.0849276966851072,
0.453909570598938));
#8866=CARTESIAN_POINT('Ctrl Pts',(0.882846824161882,0.0851958807406429,
0.545592798237448));
#8867=CARTESIAN_POINT('Ctrl Pts',(0.887763694885862,0.00876451429461617,
0.59623006098056));
#8868=CARTESIAN_POINT('Ctrl Pts',(0.892680565609844,-0.0755573076657531,
0.560233998746971));
#8869=CARTESIAN_POINT('Ctrl Pts',(0.897597436333825,-0.0918569261449653,
0.470010894212309));
#8870=CARTESIAN_POINT('Ctrl Pts',(0.902514307057806,-0.0254602348393195,
0.406786171686931));
#8871=CARTESIAN_POINT('Ctrl Pts',(0.907431177781788,0.0638576182760247,
0.427479341323275));
#8872=CARTESIAN_POINT('Ctrl Pts',(0.91234804850577,0.0956861822898025,0.513460901366584));
#8873=CARTESIAN_POINT('Ctrl Pts',(0.91726491922975,0.0413710606295244,0.587323975454619));
#8874=CARTESIAN_POINT('Ctrl Pts',(0.922181789953734,-0.0501893095880172,
0.5825716328401));
#8875=CARTESIAN_POINT('Ctrl Pts',(0.927098660677712,-0.0965655998695491,
0.503482279230314));
#8876=CARTESIAN_POINT('Ctrl Pts',(0.932015531401696,-0.0560064885807512,
0.421257923676987));
#8877=CARTESIAN_POINT('Ctrl Pts',(0.936932402125675,0.0349737517839317,
0.409922932813285));
#8878=CARTESIAN_POINT('Ctrl Pts',(0.941849272849659,0.0944680679699717,
0.479681892784393));
#8879=CARTESIAN_POINT('Ctrl Pts',(0.946766143573639,0.0689153339058387,
0.567732695941109));
#8880=CARTESIAN_POINT('Ctrl Pts',(0.95168301429762,-0.0186800140451408,
0.594805582230575));
#8881=CARTESIAN_POINT('Ctrl Pts',(0.956599885021602,-0.0894582498511372,
0.536527563296437));
#8882=CARTESIAN_POINT('Ctrl Pts',(0.961516755745583,-0.0796996393568494,
0.445364765643494));
#8883=CARTESIAN_POINT('Ctrl Pts',(0.966433626469564,0.00181040396505663,
0.403388593922385));
#8884=CARTESIAN_POINT('Ctrl Pts',(0.971350497193546,0.0816905894916548,
0.448389061863746));
#8885=CARTESIAN_POINT('Ctrl Pts',(0.976267367917527,0.0880269435547677,
0.539853463528259));
#8886=CARTESIAN_POINT('Ctrl Pts',(0.981184238641509,0.0151150177202941,
0.595438868319814));
#8887=CARTESIAN_POINT('Ctrl Pts',(0.98610110936549,-0.0714045503494868,
0.565103237524217));
#8888=CARTESIAN_POINT('Ctrl Pts',(0.991017980089472,-0.0936405301955123,
0.476156920260782));
#8889=CARTESIAN_POINT('Ctrl Pts',(0.995934850813452,-0.0315744697002499,
0.408675883742076));
#8890=CARTESIAN_POINT('Ctrl Pts',(1.00085172153744,0.058917233120174,0.423411482663799));
#8891=CARTESIAN_POINT('Ctrl Pts',(1.00576859226141,0.0963673421668104,0.507097655268941));
#8892=CARTESIAN_POINT('Ctrl Pts',(1.0106854629854,0.0470605357001978,0.584394000549551));
#8893=CARTESIAN_POINT('Ctrl Pts',(1.01560233370938,-0.044613600074872,0.585712706356039));
#8894=CARTESIAN_POINT('Ctrl Pts',(1.02051920443336,-0.0961233165962007,
0.50986657760573));
#8895=CARTESIAN_POINT('Ctrl Pts',(1.02543607515734,-0.0610958072461756,
0.42513783532821));
#8896=CARTESIAN_POINT('Ctrl Pts',(1.03035294588132,0.0289346073497984,0.407805478417742));
#8897=CARTESIAN_POINT('Ctrl Pts',(1.0352698166053,0.0929159763501531,0.473473358665145));
#8898=CARTESIAN_POINT('Ctrl Pts',(1.04018668732929,0.0732476013630484,0.563022459016815));
#8899=CARTESIAN_POINT('Ctrl Pts',(1.04510355805327,-0.0123636110848658,
0.595834139007834));
#8900=CARTESIAN_POINT('Ctrl Pts',(1.05002042877725,-0.0868441980212116,
0.542368936918777));
#8901=CARTESIAN_POINT('Ctrl Pts',(1.05493729950123,-0.0831412996248606,
0.450760115405621));
#8902=CARTESIAN_POINT('Ctrl Pts',(1.05985417022521,-0.00458853324171348,
0.40348065121225));
#8903=CARTESIAN_POINT('Ctrl Pts',(1.06477104094919,0.0780951630267307,0.44309491288049));
#8904=CARTESIAN_POINT('Ctrl Pts',(1.06968791167317,0.0904718983672355,0.533939359854282));
#8905=CARTESIAN_POINT('Ctrl Pts',(1.07460478239715,0.0213992169170327,0.594228977160599));
#8906=CARTESIAN_POINT('Ctrl Pts',(1.07952165312114,-0.0669385819103301,
0.569687064912385));
#8907=CARTESIAN_POINT('Ctrl Pts',(1.08443852384512,-0.0950134215828175,
0.482407237431193));
#8908=CARTESIAN_POINT('Ctrl Pts',(1.0893553945691,-0.0375501693283825,0.410966736001866));
#8909=CARTESIAN_POINT('Ctrl Pts',(1.09427226529308,0.0537183411268136,0.419678458929459));
#8910=CARTESIAN_POINT('Ctrl Pts',(1.09918913601706,0.0966259623287789,0.500705425412901));
#8911=CARTESIAN_POINT('Ctrl Pts',(1.10410600674104,0.052543289405567,0.581089667608268));
#8912=CARTESIAN_POINT('Ctrl Pts',(1.10902287746503,-0.0388416172783008,
0.588485961617812));
#8913=CARTESIAN_POINT('Ctrl Pts',(1.113939748189,-0.095260552034868,0.516191743455748));
#8914=CARTESIAN_POINT('Ctrl Pts',(1.11885661891299,-0.0659148903435356,
0.429377045715125));
#8915=CARTESIAN_POINT('Ctrl Pts',(1.12377348963697,0.0227638722909622,0.406031483704985));
#8916=CARTESIAN_POINT('Ctrl Pts',(1.12869036036095,0.0909684283505071,0.467507198579252));
#8917=CARTESIAN_POINT('Ctrl Pts',(1.13196827417694,0.0817919682245165,0.527644916048354));
#8918=CARTESIAN_POINT('Ctrl Pts',(1.13360723108493,0.0655625681082821,0.54924986967543));
#8919=CARTESIAN_POINT('Ctrl Pts',(0.747252675790869,0.0371470965168926,
0.432457913134532));
#8920=CARTESIAN_POINT('Ctrl Pts',(0.748891632698862,0.0594043646000201,
0.444699064156903));
#8921=CARTESIAN_POINT('Ctrl Pts',(0.75216954651485,0.0905102986023818,0.492685401707561));
#8922=CARTESIAN_POINT('Ctrl Pts',(0.757086417238831,0.0558243806368403,
0.571725097284154));
#8923=CARTESIAN_POINT('Ctrl Pts',(0.762003287962813,-0.0291885734058869,
0.585993176821201));
#8924=CARTESIAN_POINT('Ctrl Pts',(0.766920158686793,-0.0878881270606853,
0.522942075991036));
#8925=CARTESIAN_POINT('Ctrl Pts',(0.771837029410776,-0.0674827055020359,
0.439186837325585));
#8926=CARTESIAN_POINT('Ctrl Pts',(0.776753900134756,0.0136849893710743,
0.410205695822696));
#8927=CARTESIAN_POINT('Ctrl Pts',(0.781670770858739,0.0825276207278305,
0.462050768398973));
#8928=CARTESIAN_POINT('Ctrl Pts',(0.786587641582719,0.0770753490017594,
0.548067276196334));
#8929=CARTESIAN_POINT('Ctrl Pts',(0.791504512306701,0.0022329455605397,
0.590806637067046));
#8930=CARTESIAN_POINT('Ctrl Pts',(0.796421383030681,-0.0746190626238629,
0.551797020945511));
#8931=CARTESIAN_POINT('Ctrl Pts',(0.801338253754664,-0.0842938809246755,
0.466155028299804));
#8932=CARTESIAN_POINT('Ctrl Pts',(0.806255124478645,-0.0180810217043777,
0.410983220943445));
#8933=CARTESIAN_POINT('Ctrl Pts',(0.811171995202626,0.0644096041126622,
0.435950573514721));
#8934=CARTESIAN_POINT('Ctrl Pts',(0.816088865926608,0.0889140485688589,
0.518580019332457));
#8935=CARTESIAN_POINT('Ctrl Pts',(0.821005736650589,0.0333715529736699,
0.584482311639092));
#8936=CARTESIAN_POINT('Ctrl Pts',(0.825922607374572,-0.0522144384263469,
0.574327493260431));
#8937=CARTESIAN_POINT('Ctrl Pts',(0.830839478098551,-0.0907931872845059,
0.497257623230817));
#8938=CARTESIAN_POINT('Ctrl Pts',(0.835756348822534,-0.0476332785425125,
0.422656649606377));
#8939=CARTESIAN_POINT('Ctrl Pts',(0.840673219546514,0.0384095827824902,
0.417685801042125));
#8940=CARTESIAN_POINT('Ctrl Pts',(0.845590090270496,0.0898733349137043,
0.486820204988408));
#8941=CARTESIAN_POINT('Ctrl Pts',(0.850506960994477,0.0604265504417896,
0.567820021255983));
#8942=CARTESIAN_POINT('Ctrl Pts',(0.855423831718459,-0.0234206252031947,
0.587763304637274));
#8943=CARTESIAN_POINT('Ctrl Pts',(0.86034070244244,-0.0861828446233545,
0.528695654808101));
#8944=CARTESIAN_POINT('Ctrl Pts',(0.865257573166421,-0.0713569765509152,
0.443794082111415));
#8945=CARTESIAN_POINT('Ctrl Pts',(0.870174443890403,0.00770965030910126,
0.409493179228543));
#8946=CARTESIAN_POINT('Ctrl Pts',(0.875091314614384,0.0798354872293945,
0.456673122768311));
#8947=CARTESIAN_POINT('Ctrl Pts',(0.880008185338365,0.0800875911433888,
0.542859083708982));
#8948=CARTESIAN_POINT('Ctrl Pts',(0.884925056062348,0.00823899971800817,
0.590460169112824));
#8949=CARTESIAN_POINT('Ctrl Pts',(0.889841926786327,-0.071026940641079,
0.556622407358687));
#8950=CARTESIAN_POINT('Ctrl Pts',(0.894758797510311,-0.0863492445976553,
0.47180902149023));
#8951=CARTESIAN_POINT('Ctrl Pts',(0.89967566823429,-0.0239336557178564,
0.412375212205702));
#8952=CARTESIAN_POINT('Ctrl Pts',(0.904592538958273,0.0600287570176045,
0.431827632849624));
#8953=CARTESIAN_POINT('Ctrl Pts',(0.909509409682253,0.0899489010346212,
0.512653794475701));
#8954=CARTESIAN_POINT('Ctrl Pts',(0.914426280406236,0.038890478742185,0.582088086682442));
#8955=CARTESIAN_POINT('Ctrl Pts',(0.919343151130217,-0.0471799912285731,
0.577620691440135));
#8956=CARTESIAN_POINT('Ctrl Pts',(0.924260021854198,-0.0907755893082651,
0.503273484032561));
#8957=CARTESIAN_POINT('Ctrl Pts',(0.929176892578179,-0.0526483759524339,
0.425979247358957));
#8958=CARTESIAN_POINT('Ctrl Pts',(0.93409376330216,0.0328767483741227,0.41532389517509));
#8959=CARTESIAN_POINT('Ctrl Pts',(0.939010634026143,0.0888038240571381,
0.480900153278013));
#8960=CARTESIAN_POINT('Ctrl Pts',(0.943927504750123,0.064783215307826,0.563671487546265));
#8961=CARTESIAN_POINT('Ctrl Pts',(0.948844375474105,-0.0175599725525968,
0.589121101182198));
#8962=CARTESIAN_POINT('Ctrl Pts',(0.953761246198086,-0.0840943913742906,
0.534337394358948));
#8963=CARTESIAN_POINT('Ctrl Pts',(0.958678116922067,-0.0749209008181764,
0.448640658760398));
#8964=CARTESIAN_POINT('Ctrl Pts',(0.96359498764605,0.00170185332081029,
0.409181350994112));
#8965=CARTESIAN_POINT('Ctrl Pts',(0.968511858370029,0.0767924748778259,
0.451483620146306));
#8966=CARTESIAN_POINT('Ctrl Pts',(0.973428729094013,0.0827489052725205,
0.537463875776057));
#8967=CARTESIAN_POINT('Ctrl Pts',(0.978345599817991,0.0142087310886911,
0.589716415849418));
#8968=CARTESIAN_POINT('Ctrl Pts',(0.983262470541976,-0.0671231799525155,
0.561199689745834));
#8969=CARTESIAN_POINT('Ctrl Pts',(0.988179341265955,-0.0880259049093993,
0.477586535814251));
#8970=CARTESIAN_POINT('Ctrl Pts',(0.993096211989937,-0.0296812850332634,
0.414151618355101));
#8971=CARTESIAN_POINT('Ctrl Pts',(0.998013082713919,0.05538459414244,0.428003680349609));
#8972=CARTESIAN_POINT('Ctrl Pts',(1.0029299534379,0.0905892190084345,0.506672084475375));
#8973=CARTESIAN_POINT('Ctrl Pts',(1.00784682416188,0.0442388165880925,0.579333791167008));
#8974=CARTESIAN_POINT('Ctrl Pts',(1.01276369488586,-0.0419385976313585,
0.580573428231032));
#8975=CARTESIAN_POINT('Ctrl Pts',(1.01768056560984,-0.0903598250523227,
0.509274984029777));
#8976=CARTESIAN_POINT('Ctrl Pts',(1.02259743633383,-0.0574325423808054,
0.429626522031092));
#8977=CARTESIAN_POINT('Ctrl Pts',(1.02751430705781,0.0271997071123613,0.413333401967898));
#8978=CARTESIAN_POINT('Ctrl Pts',(1.03243117778179,0.0873447948413532,0.475063878826482));
#8979=CARTESIAN_POINT('Ctrl Pts',(1.03734804850577,0.0688557228260364,0.559243673364384));
#8980=CARTESIAN_POINT('Ctrl Pts',(1.04226491922975,-0.0116222970055904,
0.590087986364072));
#8981=CARTESIAN_POINT('Ctrl Pts',(1.04718178995373,-0.081637076391891,0.53982852301816));
#8982=CARTESIAN_POINT('Ctrl Pts',(1.05209866067771,-0.078156201374996,0.453712506859957));
#8983=CARTESIAN_POINT('Ctrl Pts',(1.0570155314017,-0.00431340777295222,
0.409267888588752));
#8984=CARTESIAN_POINT('Ctrl Pts',(1.06193240212568,0.0734126278452499,0.446506904892736));
#8985=CARTESIAN_POINT('Ctrl Pts',(1.06684927284966,0.0850472621846472,0.531904377911801));
#8986=CARTESIAN_POINT('Ctrl Pts',(1.07176614357364,0.0201161337888773,0.588579068977188));
#8987=CARTESIAN_POINT('Ctrl Pts',(1.07668301429762,-0.0629249880762758,
0.565508673825159));
#8988=CARTESIAN_POINT('Ctrl Pts',(1.0815998850216,-0.0893164786220591,0.483462088032371));
#8989=CARTESIAN_POINT('Ctrl Pts',(1.08651675574558,-0.0352986855983272,
0.416305112603381));
#8990=CARTESIAN_POINT('Ctrl Pts',(1.09143362646956,0.0504974243316084,0.424494486290395));
#8991=CARTESIAN_POINT('Ctrl Pts',(1.09635049719355,0.0908323324736997,0.500663128563957));
#8992=CARTESIAN_POINT('Ctrl Pts',(1.10126736791753,0.0493928279473064,0.576227583879723));
#8993=CARTESIAN_POINT('Ctrl Pts',(1.10618423864151,-0.0365126991691345,
0.583180400911054));
#8994=CARTESIAN_POINT('Ctrl Pts',(1.11110110936549,-0.0895487912929399,
0.515220897049357));
#8995=CARTESIAN_POINT('Ctrl Pts',(1.11601798008947,-0.0619626763900106,
0.433611552120417));
#8996=CARTESIAN_POINT('Ctrl Pts',(1.12093485081345,0.0213989653141666,0.4116657748243));
#8997=CARTESIAN_POINT('Ctrl Pts',(1.12585172153743,0.0855140205530681,0.46945544581891));
#8998=CARTESIAN_POINT('Ctrl Pts',(1.12912963535342,0.0768877750078025,0.525987344862528));
#8999=CARTESIAN_POINT('Ctrl Pts',(1.13076859226142,0.0616314791668302,0.546296879522127));
#9000=CARTESIAN_POINT('Ctrl Pts',(0.744414036967353,0.0347777141444637,
0.436766002999465));
#9001=CARTESIAN_POINT('Ctrl Pts',(0.746052993875347,0.0556153294525593,
0.44822636709176));
#9002=CARTESIAN_POINT('Ctrl Pts',(0.749330907691334,0.0847372092861218,
0.493151954463512));
#9003=CARTESIAN_POINT('Ctrl Pts',(0.754247778415316,0.0522636904124364,
0.56715019918711));
#9004=CARTESIAN_POINT('Ctrl Pts',(0.759164649139296,-0.0273268157508087,
0.580508206623957));
#9005=CARTESIAN_POINT('Ctrl Pts',(0.764081519863279,-0.0822822897670848,
0.521478743576472));
#9006=CARTESIAN_POINT('Ctrl Pts',(0.768998390587259,-0.0631784032051494,
0.443065730944819));
#9007=CARTESIAN_POINT('Ctrl Pts',(0.773915261311242,0.0128121089679463,
0.415933116305357));
#9008=CARTESIAN_POINT('Ctrl Pts',(0.778832132035222,0.0772636968111364,
0.464471313982173));
#9009=CARTESIAN_POINT('Ctrl Pts',(0.783749002759205,0.0721591916059714,
0.545001363444353));
#9010=CARTESIAN_POINT('Ctrl Pts',(0.788665873483184,0.00209051984370534,
0.585014646162228));
#9011=CARTESIAN_POINT('Ctrl Pts',(0.793582744207167,-0.0698595764673139,
0.548493210960879));
#9012=CARTESIAN_POINT('Ctrl Pts',(0.798499614931148,-0.07891729824948,0.468313788656897));
#9013=CARTESIAN_POINT('Ctrl Pts',(0.803416485655129,-0.0169277457253958,
0.416661047931919));
#9014=CARTESIAN_POINT('Ctrl Pts',(0.808333356379111,0.060301315850341,0.440035888285133));
#9015=CARTESIAN_POINT('Ctrl Pts',(0.813250227103092,0.083242774119602,0.517394915396658));
#9016=CARTESIAN_POINT('Ctrl Pts',(0.818167097827074,0.0312429890542683,
0.57909371013995));
#9017=CARTESIAN_POINT('Ctrl Pts',(0.823083968551054,-0.0488840039753691,
0.569586604501117));
#9018=CARTESIAN_POINT('Ctrl Pts',(0.828000839275037,-0.0850020542577103,
0.497432542397715));
#9019=CARTESIAN_POINT('Ctrl Pts',(0.832917709999017,-0.0445950478030442,
0.427589901144998));
#9020=CARTESIAN_POINT('Ctrl Pts',(0.837834580722999,0.0359596742590665,
0.422936112110789));
#9021=CARTESIAN_POINT('Ctrl Pts',(0.842751451446981,0.084140873551641,0.487660862183742));
#9022=CARTESIAN_POINT('Ctrl Pts',(0.847668322170961,0.0565723164136106,
0.56349420368398));
#9023=CARTESIAN_POINT('Ctrl Pts',(0.852585192894943,-0.021926769109153,
0.58216542899014));
#9024=CARTESIAN_POINT('Ctrl Pts',(0.857502063618924,-0.0806857766960271,
0.526865337366287));
#9025=CARTESIAN_POINT('Ctrl Pts',(0.862418934342906,-0.0668055585871271,
0.447379108225389));
#9026=CARTESIAN_POINT('Ctrl Pts',(0.867335805066887,0.00721789964073696,
0.415266046715589));
#9027=CARTESIAN_POINT('Ctrl Pts',(0.872252675790868,0.0747432777736817,
0.459436674937683));
#9028=CARTESIAN_POINT('Ctrl Pts',(0.877169546514851,0.0749793015461349,
0.540125369180519));
#9029=CARTESIAN_POINT('Ctrl Pts',(0.882086417238831,0.0077134851414,0.584690277245086));
#9030=CARTESIAN_POINT('Ctrl Pts',(0.887003287962812,-0.0664965736164046,
0.553010815970404));
#9031=CARTESIAN_POINT('Ctrl Pts',(0.891920158686795,-0.0808415630503455,
0.473607148768149));
#9032=CARTESIAN_POINT('Ctrl Pts',(0.896837029410774,-0.0224070765963931,
0.417964252724474));
#9033=CARTESIAN_POINT('Ctrl Pts',(0.901753900134758,0.0561998957591842,
0.436175924375972));
#9034=CARTESIAN_POINT('Ctrl Pts',(0.906670770858737,0.08421161977944,0.511846687584819));
#9035=CARTESIAN_POINT('Ctrl Pts',(0.911587641582721,0.0364098968548456,
0.576852197910264));
#9036=CARTESIAN_POINT('Ctrl Pts',(0.916504512306699,-0.0441706728691289,
0.57266975004017));
#9037=CARTESIAN_POINT('Ctrl Pts',(0.921421383030683,-0.0849855787469813,
0.503064688834809));
#9038=CARTESIAN_POINT('Ctrl Pts',(0.926338253754663,-0.0492902633241165,
0.430700571040925));
#9039=CARTESIAN_POINT('Ctrl Pts',(0.931255124478646,0.0307797449643138,
0.420724857536896));
#9040=CARTESIAN_POINT('Ctrl Pts',(0.936171995202626,0.0831395801443043,
0.48211841377163));
#9041=CARTESIAN_POINT('Ctrl Pts',(0.941088865926608,0.0606510967098133,
0.559610279151423));
#9042=CARTESIAN_POINT('Ctrl Pts',(0.946005736650589,-0.0164399310600528,
0.583436620133819));
#9043=CARTESIAN_POINT('Ctrl Pts',(0.950922607374571,-0.078730532897444,
0.532147225421458));
#9044=CARTESIAN_POINT('Ctrl Pts',(0.955839478098552,-0.0701421622795036,
0.451916551877303));
#9045=CARTESIAN_POINT('Ctrl Pts',(0.960756348822534,0.00159330267656393,
0.414974108065838));
#9046=CARTESIAN_POINT('Ctrl Pts',(0.965673219546514,0.0718943602639971,
0.454578178428867));
#9047=CARTESIAN_POINT('Ctrl Pts',(0.970590090270497,0.0774708669902732,
0.535074288023854));
#9048=CARTESIAN_POINT('Ctrl Pts',(0.975506960994476,0.0133024444570882,
0.583993963379023));
#9049=CARTESIAN_POINT('Ctrl Pts',(0.98042383171846,-0.0628418095555443,
0.557296141967451));
#9050=CARTESIAN_POINT('Ctrl Pts',(0.98534070244244,-0.0824112796232862,
0.47901615136772));
#9051=CARTESIAN_POINT('Ctrl Pts',(0.990257573166421,-0.0277881003662769,
0.419627352968128));
#9052=CARTESIAN_POINT('Ctrl Pts',(0.995174443890403,0.0518519551647059,
0.432595878035416));
#9053=CARTESIAN_POINT('Ctrl Pts',(1.00009131461438,0.0848110958500587,0.506246513681812));
#9054=CARTESIAN_POINT('Ctrl Pts',(1.00500818533837,0.0414170974759871,0.574273581784462));
#9055=CARTESIAN_POINT('Ctrl Pts',(1.00992505606235,-0.0392635951878447,
0.575434150106026));
#9056=CARTESIAN_POINT('Ctrl Pts',(1.01484192678633,-0.0845963335084449,
0.508683390453824));
#9057=CARTESIAN_POINT('Ctrl Pts',(1.01975879751031,-0.0537692775154351,
0.434115208733973));
#9058=CARTESIAN_POINT('Ctrl Pts',(1.02467566823429,0.0254648068749242,0.418861325518054));
#9059=CARTESIAN_POINT('Ctrl Pts',(1.02959253895827,0.0817736133325533,0.47665439898782));
#9060=CARTESIAN_POINT('Ctrl Pts',(1.03450940968225,0.0644638442890244,0.555464887711953));
#9061=CARTESIAN_POINT('Ctrl Pts',(1.03942628040624,-0.0108809829263149,
0.584341833720309));
#9062=CARTESIAN_POINT('Ctrl Pts',(1.04434315113022,-0.0764299547625704,
0.537288109117542));
#9063=CARTESIAN_POINT('Ctrl Pts',(1.0492600218542,-0.0731711031251314,0.456664898314296));
#9064=CARTESIAN_POINT('Ctrl Pts',(1.05417689257818,-0.00403828230419099,
0.415055125965252));
#9065=CARTESIAN_POINT('Ctrl Pts',(1.05909376330216,0.0687300926637691,0.449918896904985));
#9066=CARTESIAN_POINT('Ctrl Pts',(1.06401063402614,0.0796226260020589,0.529869395969317));
#9067=CARTESIAN_POINT('Ctrl Pts',(1.06892750475012,0.0188330506607219,0.58292916079378));
#9068=CARTESIAN_POINT('Ctrl Pts',(1.0738443754741,-0.0589113942422215,0.561330282737932));
#9069=CARTESIAN_POINT('Ctrl Pts',(1.07876124619809,-0.0836195356613008,
0.48451693863355));
#9070=CARTESIAN_POINT('Ctrl Pts',(1.08367811692207,-0.0330472018682717,
0.421643489204894));
#9071=CARTESIAN_POINT('Ctrl Pts',(1.08859498764605,0.047276507536403,0.429310513651333));
#9072=CARTESIAN_POINT('Ctrl Pts',(1.09351185837003,0.0850387026186205,0.500620831715012));
#9073=CARTESIAN_POINT('Ctrl Pts',(1.09842872909401,0.0462423664890457,0.571365500151179));
#9074=CARTESIAN_POINT('Ctrl Pts',(1.103345599818,-0.0341837810599681,0.577874840204294));
#9075=CARTESIAN_POINT('Ctrl Pts',(1.10826247054197,-0.0838370305510118,
0.514250050642966));
#9076=CARTESIAN_POINT('Ctrl Pts',(1.11317934126596,-0.0580104624364857,
0.43784605852571));
#9077=CARTESIAN_POINT('Ctrl Pts',(1.11809621198994,0.0200340583373712,0.417300065943615));
#9078=CARTESIAN_POINT('Ctrl Pts',(1.12301308271392,0.0800596127556291,0.471403693058569));
#9079=CARTESIAN_POINT('Ctrl Pts',(1.12629099652991,0.0719835817910887,0.524329773676702));
#9080=CARTESIAN_POINT('Ctrl Pts',(1.1279299534379,0.0577003902253783,0.543343889368824));
#9081=CARTESIAN_POINT('Ctrl Pts',(0.741575398143837,0.0324083317720349,
0.441074092864397));
#9082=CARTESIAN_POINT('Ctrl Pts',(0.743214355051831,0.0518262943050985,
0.451753670026617));
#9083=CARTESIAN_POINT('Ctrl Pts',(0.746492268867818,0.0789641199698618,
0.493618507219462));
#9084=CARTESIAN_POINT('Ctrl Pts',(0.7514091395918,0.0487030001880325,0.562575301090066));
#9085=CARTESIAN_POINT('Ctrl Pts',(0.756326010315781,-0.0254650580957305,
0.575023236426713));
#9086=CARTESIAN_POINT('Ctrl Pts',(0.761242881039763,-0.0766764524734844,
0.520015411161909));
#9087=CARTESIAN_POINT('Ctrl Pts',(0.766159751763744,-0.0588741009082628,
0.446944624564051));
#9088=CARTESIAN_POINT('Ctrl Pts',(0.771076622487726,0.0119392285648183,
0.421660536788018));
#9089=CARTESIAN_POINT('Ctrl Pts',(0.775993493211707,0.0719997728944423,
0.466891859565374));
#9090=CARTESIAN_POINT('Ctrl Pts',(0.780910363935688,0.0672430342101835,
0.54193545069237));
#9091=CARTESIAN_POINT('Ctrl Pts',(0.78582723465967,0.00194809412687087,
0.579222655257411));
#9092=CARTESIAN_POINT('Ctrl Pts',(0.790744105383651,-0.0651000903107648,
0.545189400976247));
#9093=CARTESIAN_POINT('Ctrl Pts',(0.795660976107632,-0.0735407155742845,
0.47047254901399));
#9094=CARTESIAN_POINT('Ctrl Pts',(0.800577846831614,-0.0157744697464139,
0.42233887492039));
#9095=CARTESIAN_POINT('Ctrl Pts',(0.805494717555595,0.0561930275880198,
0.444121203055545));
#9096=CARTESIAN_POINT('Ctrl Pts',(0.810411588279577,0.077571499670345,0.516209811460857));
#9097=CARTESIAN_POINT('Ctrl Pts',(0.815328459003558,0.0291144251348666,
0.573705108640808));
#9098=CARTESIAN_POINT('Ctrl Pts',(0.820245329727539,-0.0455535695243913,
0.564845715741803));
#9099=CARTESIAN_POINT('Ctrl Pts',(0.825162200451521,-0.0792109212309148,
0.497607461564615));
#9100=CARTESIAN_POINT('Ctrl Pts',(0.830079071175502,-0.0415568170635759,
0.432523152683618));
#9101=CARTESIAN_POINT('Ctrl Pts',(0.834995941899483,0.0335097657356428,
0.428186423179453));
#9102=CARTESIAN_POINT('Ctrl Pts',(0.839912812623465,0.0784084121895776,
0.488501519379075));
#9103=CARTESIAN_POINT('Ctrl Pts',(0.844829683347445,0.0527180823854316,
0.559168386111977));
#9104=CARTESIAN_POINT('Ctrl Pts',(0.849746554071427,-0.0204329130151115,
0.576567553343005));
#9105=CARTESIAN_POINT('Ctrl Pts',(0.854663424795409,-0.0751887087686996,
0.525035019924473));
#9106=CARTESIAN_POINT('Ctrl Pts',(0.859580295519389,-0.0622541406233391,
0.450964134339364));
#9107=CARTESIAN_POINT('Ctrl Pts',(0.864497166243372,0.00672614897237263,
0.421038914202632));
#9108=CARTESIAN_POINT('Ctrl Pts',(0.869414036967352,0.069651068317969,0.462200227107056));
#9109=CARTESIAN_POINT('Ctrl Pts',(0.874330907691335,0.0698710119488809,
0.537391654652053));
#9110=CARTESIAN_POINT('Ctrl Pts',(0.879247778415315,0.00718797056479189,
0.578920385377351));
#9111=CARTESIAN_POINT('Ctrl Pts',(0.884164649139297,-0.0619662065917304,
0.549399224582119));
#9112=CARTESIAN_POINT('Ctrl Pts',(0.889081519863278,-0.0753338815030356,
0.475405276046071));
#9113=CARTESIAN_POINT('Ctrl Pts',(0.89399839058726,-0.0208804974749298,
0.423553293243245));
#9114=CARTESIAN_POINT('Ctrl Pts',(0.898915261311241,0.052371034500764,0.44052421590232));
#9115=CARTESIAN_POINT('Ctrl Pts',(0.903832132035223,0.0784743385242587,
0.511039580693936));
#9116=CARTESIAN_POINT('Ctrl Pts',(0.908749002759204,0.0339293149675062,
0.571616309138086));
#9117=CARTESIAN_POINT('Ctrl Pts',(0.913665873483185,-0.0411613545096848,
0.567718808640205));
#9118=CARTESIAN_POINT('Ctrl Pts',(0.918582744207167,-0.0791955681856973,
0.502855893637056));
#9119=CARTESIAN_POINT('Ctrl Pts',(0.923499614931148,-0.0459321506957991,
0.435421894722895));
#9120=CARTESIAN_POINT('Ctrl Pts',(0.928416485655129,0.0286827415545049,
0.4261258198987));
#9121=CARTESIAN_POINT('Ctrl Pts',(0.933333356379112,0.0774753362314706,
0.48333667426525));
#9122=CARTESIAN_POINT('Ctrl Pts',(0.938250227103091,0.0565189781118006,
0.555549070756579));
#9123=CARTESIAN_POINT('Ctrl Pts',(0.943167097827074,-0.0153198895675088,
0.577752139085441));
#9124=CARTESIAN_POINT('Ctrl Pts',(0.948083968551054,-0.0733666744205973,
0.529957056483968));
#9125=CARTESIAN_POINT('Ctrl Pts',(0.953000839275037,-0.0653634237408308,
0.455192444994207));
#9126=CARTESIAN_POINT('Ctrl Pts',(0.957917709999017,0.0014847520323177,
0.420766865137565));
#9127=CARTESIAN_POINT('Ctrl Pts',(0.962834580723,0.0669962456501681,0.457672736711426));
#9128=CARTESIAN_POINT('Ctrl Pts',(0.967751451446979,0.072192828708026,0.532684700271651));
#9129=CARTESIAN_POINT('Ctrl Pts',(0.972668322170963,0.0123961578254851,
0.578271510908628));
#9130=CARTESIAN_POINT('Ctrl Pts',(0.977585192894943,-0.0585604391585731,
0.553392594189068));
#9131=CARTESIAN_POINT('Ctrl Pts',(0.982502063618925,-0.0767966543371732,
0.48044576692119));
#9132=CARTESIAN_POINT('Ctrl Pts',(0.987418934342905,-0.0258949156992903,
0.425103087581153));
#9133=CARTESIAN_POINT('Ctrl Pts',(0.992335805066887,0.0483193161869719,
0.437188075721226));
#9134=CARTESIAN_POINT('Ctrl Pts',(0.997252675790869,0.0790329726916829,
0.505820942888246));
#9135=CARTESIAN_POINT('Ctrl Pts',(1.00216954651485,0.0385953783638817,0.569213372401919));
#9136=CARTESIAN_POINT('Ctrl Pts',(1.00708641723883,-0.036588592744331,0.570294871981019));
#9137=CARTESIAN_POINT('Ctrl Pts',(1.01200328796281,-0.0788328419645671,
0.508091796877871));
#9138=CARTESIAN_POINT('Ctrl Pts',(1.01692015868679,-0.0501060126500648,
0.438603895436855));
#9139=CARTESIAN_POINT('Ctrl Pts',(1.02183702941078,0.023729906637487,0.424389249068209));
#9140=CARTESIAN_POINT('Ctrl Pts',(1.02675390013476,0.0762024318237535,0.478244919149158));
#9141=CARTESIAN_POINT('Ctrl Pts',(1.03167077085874,0.0600719657520123,0.551686102059522));
#9142=CARTESIAN_POINT('Ctrl Pts',(1.03658764158272,-0.0101396688470394,
0.578595681076547));
#9143=CARTESIAN_POINT('Ctrl Pts',(1.0415045123067,-0.0712228331332497,0.534747695216924));
#9144=CARTESIAN_POINT('Ctrl Pts',(1.04642138303068,-0.0681860048752668,
0.459617289768634));
#9145=CARTESIAN_POINT('Ctrl Pts',(1.05133825375466,-0.00376315683542974,
0.420842363341754));
#9146=CARTESIAN_POINT('Ctrl Pts',(1.05625512447865,0.0640475574822882,0.453330888917231));
#9147=CARTESIAN_POINT('Ctrl Pts',(1.06117199520263,0.0741979898194706,0.527834414026836));
#9148=CARTESIAN_POINT('Ctrl Pts',(1.06608886592661,0.0175499675325665,0.577279252610369));
#9149=CARTESIAN_POINT('Ctrl Pts',(1.07100573665059,-0.0548978004081671,
0.557151891650706));
#9150=CARTESIAN_POINT('Ctrl Pts',(1.07592260737457,-0.0779225927005424,
0.485571789234728));
#9151=CARTESIAN_POINT('Ctrl Pts',(1.08083947809855,-0.0307957181382162,
0.426981865806409));
#9152=CARTESIAN_POINT('Ctrl Pts',(1.08575634882253,0.0440555907411977,0.434126541012268));
#9153=CARTESIAN_POINT('Ctrl Pts',(1.09067321954652,0.0792450727635412,0.500578534866069));
#9154=CARTESIAN_POINT('Ctrl Pts',(1.0955900902705,0.0430919050307851,0.566503416422633));
#9155=CARTESIAN_POINT('Ctrl Pts',(1.10050696099448,-0.0318548629508017,
0.572569279497536));
#9156=CARTESIAN_POINT('Ctrl Pts',(1.10542383171846,-0.0781252698090837,
0.513279204236574));
#9157=CARTESIAN_POINT('Ctrl Pts',(1.11034070244244,-0.0540582484829607,
0.442080564931002));
#9158=CARTESIAN_POINT('Ctrl Pts',(1.11525757316642,0.0186691513605756,0.42293435706293));
#9159=CARTESIAN_POINT('Ctrl Pts',(1.1201744438904,0.0746052049581901,0.473351940298228));
#9160=CARTESIAN_POINT('Ctrl Pts',(1.12345235770639,0.0670793885743747,0.522672202490876));
#9161=CARTESIAN_POINT('Ctrl Pts',(1.12509131461438,0.0537693012839264,0.54039089921552));
#9162=CARTESIAN_POINT('Ctrl Pts',(1.12509131461438,0.0537693012839264,0.54039089921552));
#9163=CARTESIAN_POINT('Ctrl Pts',(1.12509131461438,0.0570119357464262,0.537057952758382));
#9164=CARTESIAN_POINT('Ctrl Pts',(1.12509131461438,0.0598620838753547,0.533383260207546));
#9165=CARTESIAN_POINT('Ctrl Pts',(1.12509131461438,0.0623194117698594,0.529448837362686));
#9166=CARTESIAN_POINT('Ctrl Pts',(1.12509131461438,0.0642287665022035,0.526391773266895));
#9167=CARTESIAN_POINT('Ctrl Pts',(1.12509131461438,0.0659020965383731,0.523172295414547));
#9168=CARTESIAN_POINT('Ctrl Pts',(1.12509131461438,0.0673232841260515,0.519851629786346));
#9169=CARTESIAN_POINT('Ctrl Pts',(1.12509131461438,0.0690519736217674,0.515812472788336));
#9170=CARTESIAN_POINT('Ctrl Pts',(1.12509131461438,0.0704127594494398,0.511618109985874));
#9171=CARTESIAN_POINT('Ctrl Pts',(1.12509131461438,0.0713979299797847,0.507326535449512));
#9172=CARTESIAN_POINT('Ctrl Pts',(1.12509131461438,0.0719291591901473,0.505012408420798));
#9173=CARTESIAN_POINT('Ctrl Pts',(1.12509131461438,0.0723498473354658,0.502673540508886));
#9174=CARTESIAN_POINT('Ctrl Pts',(1.12509131461438,0.0726580182506172,0.500327254146097));
#9175=CARTESIAN_POINT('Ctrl Pts',(1.12509131461438,0.0732728982534997,0.495645811172134));
#9176=CARTESIAN_POINT('Ctrl Pts',(1.12509131461438,0.0734431024000815,0.49092580116453));
#9177=CARTESIAN_POINT('Ctrl Pts',(1.12509131461438,0.0731573056853071,0.486234474656633));
#9178=CARTESIAN_POINT('Ctrl Pts',(1.12509131461438,0.07299363794602,0.483547883929334));
#9179=CARTESIAN_POINT('Ctrl Pts',(1.12509131461438,0.0726801524883009,0.48087053811904));
#9180=CARTESIAN_POINT('Ctrl Pts',(1.12509131461438,0.072212231533533,0.4782145262109));
#9181=CARTESIAN_POINT('Ctrl Pts',(1.12509131461438,0.0719869073909042,0.476935541801428));
#9182=CARTESIAN_POINT('Ctrl Pts',(1.12509131461438,0.0717260746259105,0.475663596637866));
#9183=CARTESIAN_POINT('Ctrl Pts',(1.12509131461438,0.071429932800265,0.474401788656652));
#9184=CARTESIAN_POINT('Ctrl Pts',(1.12509131461438,0.0703274896205856,0.469704473105491));
#9185=CARTESIAN_POINT('Ctrl Pts',(1.12509131461438,0.0687360320714117,0.465140130315044));
#9186=CARTESIAN_POINT('Ctrl Pts',(1.12509131461438,0.06671952549153,0.460751196665778));
#9187=CARTESIAN_POINT('Ctrl Pts',(1.12509131461438,0.0654204832009631,0.457923826560582));
#9188=CARTESIAN_POINT('Ctrl Pts',(1.12509131461438,0.0639446062221779,0.455169187423739));
#9189=CARTESIAN_POINT('Ctrl Pts',(1.12509131461438,0.0623049311762584,0.452499068593275));
#9190=CARTESIAN_POINT('Ctrl Pts',(1.12509131461438,0.0610423324040587,0.450442997321494));
#9191=CARTESIAN_POINT('Ctrl Pts',(1.12509131461438,0.0596821644319587,0.44843727550726));
#9192=CARTESIAN_POINT('Ctrl Pts',(1.12509131461438,0.0582394190428589,0.446499130408546));
#9193=CARTESIAN_POINT('Ctrl Pts',(1.12509131461438,0.0542434052598079,0.441130993669711));
#9194=CARTESIAN_POINT('Ctrl Pts',(1.12509131461438,0.049603720601678,0.436255838403669));
#9195=CARTESIAN_POINT('Ctrl Pts',(1.12509131461438,0.0444474483343344,0.431983792915238));
#9196=CARTESIAN_POINT('Ctrl Pts',(1.12509131461438,0.0428294362784314,0.430643246732791));
#9197=CARTESIAN_POINT('Ctrl Pts',(1.12509131461438,0.041160202091592,0.429362248166944));
#9198=CARTESIAN_POINT('Ctrl Pts',(1.12509131461438,0.0394428058843943,0.428144797976017));
#9199=CARTESIAN_POINT('Ctrl Pts',(0.778137020620381,0.0671514879064698,
0.499977632775025));
#9200=CARTESIAN_POINT('Ctrl Pts',(0.77906146839215,0.0671141118622492,0.512520769903016));
#9201=CARTESIAN_POINT('Ctrl Pts',(0.779985916163919,0.0637387337140294,
0.525082755791645));
#9202=CARTESIAN_POINT('Ctrl Pts',(0.780910363935688,0.0571533339770079,
0.535642719598711));
#9203=CARTESIAN_POINT('Ctrl Pts',(0.782549320843682,0.0454780541824127,
0.554364518880717));
#9204=CARTESIAN_POINT('Ctrl Pts',(0.784188277751676,0.0237130741546417,
0.566793587069064));
#9205=CARTESIAN_POINT('Ctrl Pts',(0.78582723465967,0.00165588673448363,
0.567335912116377));
#9206=CARTESIAN_POINT('Ctrl Pts',(0.787466191567663,-0.0204013006856744,
0.56787823716369));
#9207=CARTESIAN_POINT('Ctrl Pts',(0.789105148475657,-0.0427506954982196,
0.556533819069968));
#9208=CARTESIAN_POINT('Ctrl Pts',(0.790744105383651,-0.0553321637817455,
0.538408801362731));
#9209=CARTESIAN_POINT('Ctrl Pts',(0.792383062291645,-0.0679136320652714,
0.520283783655494));
#9210=CARTESIAN_POINT('Ctrl Pts',(0.794022019199638,-0.070727173819778,
0.495378166334742));
#9211=CARTESIAN_POINT('Ctrl Pts',(0.795660976107632,-0.0625062370590528,
0.474903078658766));
#9212=CARTESIAN_POINT('Ctrl Pts',(0.797299933015626,-0.0542853002983276,
0.45442799098279));
#9213=CARTESIAN_POINT('Ctrl Pts',(0.79893888992362,-0.0350298850223707,
0.43838343295159));
#9214=CARTESIAN_POINT('Ctrl Pts',(0.800577846831614,-0.01340759449532,0.433991541958516));
#9215=CARTESIAN_POINT('Ctrl Pts',(0.802216803739607,0.00821469603173073,
0.429599650965442));
#9216=CARTESIAN_POINT('Ctrl Pts',(0.803855760647601,0.0322038618098753,
0.436860427010494));
#9217=CARTESIAN_POINT('Ctrl Pts',(0.805494717555595,0.0477615233793351,
0.452505583100571));
#9218=CARTESIAN_POINT('Ctrl Pts',(0.806792151910524,0.0600773106365369,
0.464890632945682));
#9219=CARTESIAN_POINT('Ctrl Pts',(0.808089586265453,0.0671093659356138,
0.482529883666044));
#9220=CARTESIAN_POINT('Ctrl Pts',(0.809387020620381,0.0672663800865018,
0.500057414095132));
#9221=CARTESIAN_POINT('Ctrl Pts',(0.750091314614384,0.0395164788893214,
0.428149823269599));
#9222=CARTESIAN_POINT('Ctrl Pts',(0.750091314614384,0.0448306252276395,
0.431844258388634));
#9223=CARTESIAN_POINT('Ctrl Pts',(0.750091314614384,0.0496346415425605,
0.436190271137904));
#9224=CARTESIAN_POINT('Ctrl Pts',(0.750091314614384,0.0538682343593437,
0.441053946645749));
#9225=CARTESIAN_POINT('Ctrl Pts',(0.750091314614384,0.0561723521019266,
0.443700984638483));
#9226=CARTESIAN_POINT('Ctrl Pts',(0.750091314614384,0.058306879131998,0.446501930640369));
#9227=CARTESIAN_POINT('Ctrl Pts',(0.750091314614384,0.0602568623220531,
0.449437387144868));
#9228=CARTESIAN_POINT('Ctrl Pts',(0.750091314614384,0.061481093929788,0.451280315152795));
#9229=CARTESIAN_POINT('Ctrl Pts',(0.750091314614384,0.0626304889213231,
0.453173629640675));
#9230=CARTESIAN_POINT('Ctrl Pts',(0.750091314614384,0.0636979112409743,
0.455104851473217));
#9231=CARTESIAN_POINT('Ctrl Pts',(0.750091314614384,0.0667824857629979,
0.460685583252349));
#9232=CARTESIAN_POINT('Ctrl Pts',(0.750091314614384,0.0691980689726023,
0.466600028409326));
#9233=CARTESIAN_POINT('Ctrl Pts',(0.750091314614384,0.0708553837226534,
0.472724586234967));
#9234=CARTESIAN_POINT('Ctrl Pts',(0.750091314614384,0.071742634557548,0.476003395552262));
#9235=CARTESIAN_POINT('Ctrl Pts',(0.750091314614384,0.0724117661308935,
0.479348549044371));
#9236=CARTESIAN_POINT('Ctrl Pts',(0.750091314614384,0.0728405478148245,
0.482707012417319));
#9237=CARTESIAN_POINT('Ctrl Pts',(0.750091314614384,0.0733256859232659,
0.486506891537817));
#9238=CARTESIAN_POINT('Ctrl Pts',(0.750091314614384,0.0735061946149651,
0.490330303222339));
#9239=CARTESIAN_POINT('Ctrl Pts',(0.750091314614384,0.0733593197765857,
0.494148724846225));
#9240=CARTESIAN_POINT('Ctrl Pts',(0.750091314614384,0.0732213578144886,
0.497735431358776));
#9241=CARTESIAN_POINT('Ctrl Pts',(0.750091314614384,0.0727943160999428,
0.501317875581776));
#9242=CARTESIAN_POINT('Ctrl Pts',(0.750091314614384,0.0720905130077812,
0.504865612114151));
#9243=CARTESIAN_POINT('Ctrl Pts',(0.750091314614384,0.0716474499969323,
0.50709900785685));
#9244=CARTESIAN_POINT('Ctrl Pts',(0.750091314614384,0.0710949810828415,
0.509315442122518));
#9245=CARTESIAN_POINT('Ctrl Pts',(0.750091314614384,0.0704391457895761,
0.51149945975485));
#9246=CARTESIAN_POINT('Ctrl Pts',(0.750091314614384,0.0691745439464487,
0.515710749924243));
#9247=CARTESIAN_POINT('Ctrl Pts',(0.750091314614384,0.0675245186017699,
0.51981117213861));
#9248=CARTESIAN_POINT('Ctrl Pts',(0.750091314614384,0.0655127184277815,
0.523742270874578));
#9249=CARTESIAN_POINT('Ctrl Pts',(0.750091314614384,0.064342207796966,0.526029472615949));
#9250=CARTESIAN_POINT('Ctrl Pts',(0.750091314614384,0.0630509193176649,
0.528254928562386));
#9251=CARTESIAN_POINT('Ctrl Pts',(0.750091314614384,0.0616480094049831,
0.530400414798765));
#9252=CARTESIAN_POINT('Ctrl Pts',(0.750091314614384,0.0593102259163207,
0.533975613928246));
#9253=CARTESIAN_POINT('Ctrl Pts',(0.750091314614384,0.056659768634685,0.537335603796205));
#9254=CARTESIAN_POINT('Ctrl Pts',(0.750091314614384,0.0537159177486983,
0.540419497513754));
#9255=CARTESIAN_POINT('Origin',(0.937591314614384,-2.77616583908713E-16,
0.5));
#9256=CARTESIAN_POINT('Origin',(1.12509131461438,-2.77616583908713E-16,
0.5));
#9257=CARTESIAN_POINT('Origin',(1.42009131461438,4.27963766012138E-16,0.294000000000517));
#9258=CARTESIAN_POINT('',(1.33759131461438,4.17860429919172E-16,0.294000000000517));
#9259=CARTESIAN_POINT('Origin',(0.750091314614384,0.700000000000001,0.699999999994811));
#9260=CARTESIAN_POINT('',(0.750091314614384,0.750000000000001,0.699999999994811));
#9261=CARTESIAN_POINT('',(0.750091314614384,0.750000000000001,0.699999999994811));
#9262=CARTESIAN_POINT('Origin',(0.750091314614384,0.700000000000001,0.699999999994811));
#9263=CARTESIAN_POINT('Origin',(0.750091314614384,0.750000000000001,0.344000000000517));
#9264=CARTESIAN_POINT('',(0.750091314614384,0.750000000000001,0.344000000000517));
#9265=CARTESIAN_POINT('Origin',(0.750091314614384,-0.2,0.699999999994811));
#9266=CARTESIAN_POINT('Origin',(0.750091314614384,-0.2,0.699999999994811));
#9267=CARTESIAN_POINT('Origin',(0.750091314614384,0.250000000000001,0.521999999997664));
#9268=UNCERTAINTY_MEASURE_WITH_UNIT(LENGTH_MEASURE(0.000393700787401575),
#9273,'DISTANCE_ACCURACY_VALUE',
'Maximum model space distance between geometric entities at asserted c
onnectivities');
#9269=UNCERTAINTY_MEASURE_WITH_UNIT(LENGTH_MEASURE(0.000393700787401575),
#9273,'DISTANCE_ACCURACY_VALUE',
'Maximum model space distance between geometric entities at asserted c
onnectivities');
#9270=(
GEOMETRIC_REPRESENTATION_CONTEXT(3)
GLOBAL_UNCERTAINTY_ASSIGNED_CONTEXT((#9268))
GLOBAL_UNIT_ASSIGNED_CONTEXT((#9273,#9277,#9278))
REPRESENTATION_CONTEXT('','3D')
);
#9271=(
GEOMETRIC_REPRESENTATION_CONTEXT(3)
GLOBAL_UNCERTAINTY_ASSIGNED_CONTEXT((#9269))
GLOBAL_UNIT_ASSIGNED_CONTEXT((#9273,#9277,#9278))
REPRESENTATION_CONTEXT('','3D')
);
#9272=DIMENSIONAL_EXPONENTS(1.,0.,0.,0.,0.,0.,0.);
#9273=(
CONVERSION_BASED_UNIT('inch',#9276)
LENGTH_UNIT()
NAMED_UNIT(#9272)
);
#9274=(
LENGTH_UNIT()
NAMED_UNIT(*)
SI_UNIT(.MILLI.,.METRE.)
);
#9275=(
LENGTH_UNIT()
NAMED_UNIT(*)
SI_UNIT($,.METRE.)
);
#9276=LENGTH_MEASURE_WITH_UNIT(LENGTH_MEASURE(25.4),#9274);
#9277=(
NAMED_UNIT(*)
PLANE_ANGLE_UNIT()
SI_UNIT($,.RADIAN.)
);
#9278=(
NAMED_UNIT(*)
SI_UNIT($,.STERADIAN.)
SOLID_ANGLE_UNIT()
);
#9279=SHAPE_DEFINITION_REPRESENTATION(#9280,#9281);
#9280=PRODUCT_DEFINITION_SHAPE('',$,#9283);
#9281=SHAPE_REPRESENTATION('',(#2720),#9270);
#9282=PRODUCT_DEFINITION_CONTEXT('part definition',#9287,'design');
#9283=PRODUCT_DEFINITION('CableMount','CableMount v10',#9284,#9282);
#9284=PRODUCT_DEFINITION_FORMATION('',$,#9289);
#9285=PRODUCT_RELATED_PRODUCT_CATEGORY('CableMount v10',
'CableMount v10',(#9289));
#9286=APPLICATION_PROTOCOL_DEFINITION('international standard',
'automotive_design',2009,#9287);
#9287=APPLICATION_CONTEXT(
'Core Data for Automotive Mechanical Design Process');
#9288=PRODUCT_CONTEXT('part definition',#9287,'mechanical');
#9289=PRODUCT('CableMount','CableMount v10',$,(#9288));
#9290=PRESENTATION_STYLE_ASSIGNMENT((#9292));
#9291=PRESENTATION_STYLE_ASSIGNMENT((#9293));
#9292=SURFACE_STYLE_USAGE(.BOTH.,#9294);
#9293=SURFACE_STYLE_USAGE(.BOTH.,#9295);
#9294=SURFACE_SIDE_STYLE('',(#9296));
#9295=SURFACE_SIDE_STYLE('',(#9297));
#9296=SURFACE_STYLE_FILL_AREA(#9298);
#9297=SURFACE_STYLE_FILL_AREA(#9299);
#9298=FILL_AREA_STYLE('Steel - Satin',(#9300));
#9299=FILL_AREA_STYLE('Nylon 12 (with Formlabs Fuse 1 3D Printer)',(#9301));
#9300=FILL_AREA_STYLE_COLOUR('Steel - Satin',#9302);
#9301=FILL_AREA_STYLE_COLOUR(
'Nylon 12 (with Formlabs Fuse 1 3D Printer)',#9303);
#9302=COLOUR_RGB('Steel - Satin',0.627450980392157,0.627450980392157,0.627450980392157);
#9303=COLOUR_RGB('Nylon 12 (with Formlabs Fuse 1 3D Printer)',0.247058823529412,
0.247058823529412,0.247058823529412);
ENDSEC;
END-ISO-10303-21;
