ISO-10303-21;
HEADER;
/* Generated by software containing ST-Developer
 * from STEP Tools, Inc. (www.steptools.com) 
 */

FILE_DESCRIPTION(
/* description */ (''),
/* implementation_level */ '2;1');

FILE_NAME(
/* name */ 'ElasticMount.step',
/* time_stamp */ '2026-07-10T21:40:51-04:00',
/* author */ (''),
/* organization */ (''),
/* preprocessor_version */ 'ST-DEVELOPER v20.1',
/* originating_system */ 'Autodesk Translation Framework v15.8.0.0',
/* authorisation */ '');

FILE_SCHEMA (('AUTOMOTIVE_DESIGN { 1 0 10303 214 3 1 1 }'));
ENDSEC;

DATA;
#10=MECHANICAL_DESIGN_GEOMETRIC_PRESENTATION_REPRESENTATION('',(#13,#14,
#15),#7079);
#11=SHAPE_REPRESENTATION_RELATIONSHIP('SRR','None',#7089,#12);
#12=ADVANCED_BREP_SHAPE_REPRESENTATION('',(#16,#17,#18),#7078);
#13=STYLED_ITEM('',(#7099),#16);
#14=STYLED_ITEM('',(#7099),#17);
#15=STYLED_ITEM('',(#7099),#18);
#16=MANIFOLD_SOLID_BREP('ElasticMount1',#2849);
#17=MANIFOLD_SOLID_BREP('ElasticMount2',#2850);
#18=MANIFOLD_SOLID_BREP('WireMount',#2851);
#19=FACE_BOUND('',#383,.T.);
#20=FACE_BOUND('',#384,.T.);
#21=FACE_BOUND('',#389,.T.);
#22=FACE_BOUND('',#390,.T.);
#23=FACE_BOUND('',#406,.T.);
#24=FACE_BOUND('',#407,.T.);
#25=FACE_BOUND('',#408,.T.);
#26=FACE_BOUND('',#412,.T.);
#27=FACE_BOUND('',#413,.T.);
#28=FACE_BOUND('',#414,.T.);
#29=FACE_BOUND('',#451,.T.);
#30=FACE_BOUND('',#452,.T.);
#31=FACE_BOUND('',#453,.T.);
#32=FACE_BOUND('',#457,.T.);
#33=FACE_BOUND('',#478,.T.);
#34=FACE_BOUND('',#480,.T.);
#35=FACE_BOUND('',#481,.T.);
#36=(
BOUNDED_SURFACE()
B_SPLINE_SURFACE(2,2,((#6061,#6062,#6063),(#6064,#6065,#6066),(#6067,#6068,
#6069)),.UNSPECIFIED.,.F.,.F.,.F.)
B_SPLINE_SURFACE_WITH_KNOTS((3,3),(3,3),(-1.5707963267949,3.77606957076276E-15),
(-1.57079632679488,-1.39870617275608E-14),.UNSPECIFIED.)
GEOMETRIC_REPRESENTATION_ITEM()
RATIONAL_B_SPLINE_SURFACE(((1.,0.707106781186559,1.),(0.70710678118654,
0.500000000000003,0.70710678118654),(1.,0.707106781186559,1.)))
REPRESENTATION_ITEM('')
SURFACE()
);
#37=(
BOUNDED_SURFACE()
B_SPLINE_SURFACE(2,2,((#6081,#6082,#6083),(#6084,#6085,#6086),(#6087,#6088,
#6089)),.UNSPECIFIED.,.F.,.F.,.F.)
B_SPLINE_SURFACE_WITH_KNOTS((3,3),(3,3),(-1.57079632679491,1.53635827377944E-15),
(-3.14159265358979,-1.57079632679491),.UNSPECIFIED.)
GEOMETRIC_REPRESENTATION_ITEM()
RATIONAL_B_SPLINE_SURFACE(((1.,0.707106781186553,1.),(0.707106781186544,
0.500000000000001,0.707106781186544),(1.,0.707106781186553,1.)))
REPRESENTATION_ITEM('')
SURFACE()
);
#38=(
BOUNDED_SURFACE()
B_SPLINE_SURFACE(2,2,((#6107,#6108,#6109),(#6110,#6111,#6112),(#6113,#6114,
#6115)),.UNSPECIFIED.,.F.,.F.,.F.)
B_SPLINE_SURFACE_WITH_KNOTS((3,3),(3,3),(-3.09431318326289E-15,1.5707963267949),
(-3.14159265358979,-1.57079632679491),.UNSPECIFIED.)
GEOMETRIC_REPRESENTATION_ITEM()
RATIONAL_B_SPLINE_SURFACE(((1.,0.707106781186552,1.),(0.707106781186544,
0.500000000000001,0.707106781186544),(1.,0.707106781186552,1.)))
REPRESENTATION_ITEM('')
SURFACE()
);
#39=(
BOUNDED_SURFACE()
B_SPLINE_SURFACE(2,2,((#6127,#6128,#6129),(#6130,#6131,#6132),(#6133,#6134,
#6135)),.UNSPECIFIED.,.F.,.F.,.F.)
B_SPLINE_SURFACE_WITH_KNOTS((3,3),(3,3),(-1.53635827377941E-15,1.57079632679491),
(-1.57079632679488,-1.39870617275608E-14),.UNSPECIFIED.)
GEOMETRIC_REPRESENTATION_ITEM()
RATIONAL_B_SPLINE_SURFACE(((1.,0.707106781186559,1.),(0.707106781186541,
0.500000000000003,0.707106781186541),(1.,0.707106781186559,1.)))
REPRESENTATION_ITEM('')
SURFACE()
);
#40=(
BOUNDED_SURFACE()
B_SPLINE_SURFACE(2,2,((#6825,#6826,#6827,#6828,#6829,#6830,#6831,#6832,
#6833),(#6834,#6835,#6836,#6837,#6838,#6839,#6840,#6841,#6842),(#6843,#6844,
#6845,#6846,#6847,#6848,#6849,#6850,#6851)),.UNSPECIFIED.,.F.,.T.,.F.)
B_SPLINE_SURFACE_WITH_KNOTS((3,3),(3,2,2,2,3),(-3.14159265358979,-1.5707963267949),
(-3.14159265358979,-1.5707963267949,0.,1.5707963267949,3.14159265358979),
 .UNSPECIFIED.)
GEOMETRIC_REPRESENTATION_ITEM()
RATIONAL_B_SPLINE_SURFACE(((1.,0.707106781186548,1.,0.707106781186548,1.,
0.707106781186548,1.,0.707106781186548,1.),(0.707106781186536,0.499999999999992,
0.707106781186536,0.499999999999992,0.707106781186536,0.499999999999992,
0.707106781186536,0.499999999999992,0.707106781186536),(1.,0.707106781186548,
1.,0.707106781186548,1.,0.707106781186548,1.,0.707106781186548,1.)))
REPRESENTATION_ITEM('')
SURFACE()
);
#41=SPHERICAL_SURFACE('',#2947,0.0249999999999998);
#42=SPHERICAL_SURFACE('',#2951,0.0250000000000001);
#43=SPHERICAL_SURFACE('',#2955,0.025);
#44=SPHERICAL_SURFACE('',#2959,0.025);
#45=PLANE('',#2937);
#46=PLANE('',#3006);
#47=PLANE('',#3007);
#48=PLANE('',#3009);
#49=PLANE('',#3011);
#50=PLANE('',#3014);
#51=PLANE('',#3016);
#52=PLANE('',#3017);
#53=PLANE('',#3019);
#54=PLANE('',#3033);
#55=PLANE('',#3041);
#56=PLANE('',#3081);
#57=PLANE('',#3082);
#58=PLANE('',#3084);
#59=PLANE('',#3087);
#60=PLANE('',#3091);
#61=PLANE('',#3095);
#62=PLANE('',#3099);
#63=PLANE('',#3103);
#64=PLANE('',#3104);
#65=PLANE('',#3111);
#66=PLANE('',#3123);
#67=PLANE('',#3124);
#68=PLANE('',#3162);
#69=PLANE('',#3164);
#70=PLANE('',#3166);
#71=PLANE('',#3168);
#72=PLANE('',#3171);
#73=PLANE('',#3184);
#74=PLANE('',#3185);
#75=PLANE('',#3186);
#76=PLANE('',#3188);
#77=PLANE('',#3191);
#78=TOROIDAL_SURFACE('',#2896,0.05,0.025);
#79=TOROIDAL_SURFACE('',#2900,0.368750004531048,0.025);
#80=TOROIDAL_SURFACE('',#2904,0.05,0.025);
#81=TOROIDAL_SURFACE('',#2920,0.05,0.025);
#82=TOROIDAL_SURFACE('',#2923,0.368750004531048,0.025);
#83=TOROIDAL_SURFACE('',#2926,0.05,0.025);
#84=TOROIDAL_SURFACE('',#2942,0.443750003016661,0.025);
#85=TOROIDAL_SURFACE('',#2992,0.05,0.025);
#86=TOROIDAL_SURFACE('',#2996,0.443750003016661,0.025);
#87=TOROIDAL_SURFACE('',#3003,0.05,0.025);
#88=TOROIDAL_SURFACE('',#3027,0.4,0.025);
#89=TOROIDAL_SURFACE('',#3038,0.4,0.025);
#90=TOROIDAL_SURFACE('',#3046,0.05,0.025);
#91=TOROIDAL_SURFACE('',#3050,0.475,0.025);
#92=TOROIDAL_SURFACE('',#3054,0.0750000000000002,0.025);
#93=TOROIDAL_SURFACE('',#3059,0.0750000000000001,0.025);
#94=TOROIDAL_SURFACE('',#3063,0.05,0.025);
#95=TOROIDAL_SURFACE('',#3070,0.0750000000000002,0.025);
#96=TOROIDAL_SURFACE('',#3075,0.0750000000000001,0.025);
#97=TOROIDAL_SURFACE('',#3079,0.475,0.025);
#98=TOROIDAL_SURFACE('',#3138,0.125000000000001,0.025);
#99=TOROIDAL_SURFACE('',#3144,0.0750000000000005,0.025);
#100=TOROIDAL_SURFACE('',#3150,0.0749999999999991,0.025);
#101=TOROIDAL_SURFACE('',#3156,0.0749999999999998,0.025);
#102=TOROIDAL_SURFACE('',#3159,0.0750000000000002,0.025);
#103=TOROIDAL_SURFACE('',#3174,0.3,0.025);
#104=TOROIDAL_SURFACE('',#3178,0.312499999999999,0.025);
#105=TOROIDAL_SURFACE('',#3182,0.312499999999999,0.025);
#106=TOROIDAL_SURFACE('',#3183,0.3,0.025);
#107=ELLIPSE('',#2894,0.055901699437495,0.025);
#108=ELLIPSE('',#2895,0.0559016994374946,0.025);
#109=ELLIPSE('',#2908,0.0559016994374946,0.025);
#110=ELLIPSE('',#2909,0.055901699437495,0.025);
#111=ELLIPSE('',#2912,0.0559016994374947,0.025);
#112=ELLIPSE('',#2916,0.0559016994374947,0.025);
#113=ELLIPSE('',#2919,0.055901699437495,0.025);
#114=ELLIPSE('',#2929,0.055901699437495,0.025);
#115=ELLIPSE('',#2939,0.055901699437495,0.025);
#116=ELLIPSE('',#2940,0.0559016994374946,0.0249999999999996);
#117=ELLIPSE('',#3001,0.055901699437495,0.025);
#118=ELLIPSE('',#3002,0.055901699437495,0.0249999999999998);
#119=ELLIPSE('',#3134,0.0353553390593282,0.025);
#120=ELLIPSE('',#3136,0.0353553390593064,0.025);
#121=B_SPLINE_SURFACE_WITH_KNOTS('',3,3,((#4871,#4872,#4873,#4874,#4875),
(#4876,#4877,#4878,#4879,#4880),(#4881,#4882,#4883,#4884,#4885),(#4886,
#4887,#4888,#4889,#4890),(#4891,#4892,#4893,#4894,#4895)),.UNSPECIFIED.,
 .F.,.F.,.F.,(4,1,4),(4,1,4),(0.,0.571428571428571,1.),(-1.5707963267949,
-0.673198425769243,-2.70074378953083E-15),.UNSPECIFIED.);
#122=B_SPLINE_SURFACE_WITH_KNOTS('',3,3,((#4920,#4921,#4922,#4923,#4924,
#4925),(#4926,#4927,#4928,#4929,#4930,#4931),(#4932,#4933,#4934,#4935,#4936,
#4937),(#4938,#4939,#4940,#4941,#4942,#4943),(#4944,#4945,#4946,#4947,#4948,
#4949)),.UNSPECIFIED.,.F.,.F.,.F.,(4,1,4),(4,1,1,4),(0.,0.571428571428571,
1.),(9.48861869799386E-15,0.448798950512834,0.897597901025659,1.5707963267949),
 .UNSPECIFIED.);
#123=B_SPLINE_SURFACE_WITH_KNOTS('',3,3,((#4971,#4972,#4973,#4974,#4975,
#4976),(#4977,#4978,#4979,#4980,#4981,#4982),(#4983,#4984,#4985,#4986,#4987,
#4988),(#4989,#4990,#4991,#4992,#4993,#4994),(#4995,#4996,#4997,#4998,#4999,
#5000)),.UNSPECIFIED.,.F.,.F.,.F.,(4,1,4),(4,1,1,4),(0.,0.571428571428571,
1.),(-1.5707963267949,-0.897597901025648,-0.448798950512815,1.70595988462342E-14),
 .UNSPECIFIED.);
#124=B_SPLINE_SURFACE_WITH_KNOTS('',3,3,((#5016,#5017,#5018,#5019,#5020),
(#5021,#5022,#5023,#5024,#5025),(#5026,#5027,#5028,#5029,#5030),(#5031,
#5032,#5033,#5034,#5035),(#5036,#5037,#5038,#5039,#5040)),.UNSPECIFIED.,
 .F.,.F.,.F.,(4,1,4),(4,1,4),(0.,0.571428571428571,1.),(-1.03537038959878E-14,
0.673198425769236,1.5707963267949),.UNSPECIFIED.);
#125=B_SPLINE_SURFACE_WITH_KNOTS('',3,3,((#5081,#5082,#5083,#5084,#5085,
#5086,#5087,#5088,#5089,#5090,#5091,#5092,#5093,#5094,#5095,#5096,#5097,
#5098,#5099,#5100,#5101,#5102,#5103,#5104,#5105,#5106,#5107,#5108,#5109,
#5110,#5111,#5112,#5113,#5114,#5115,#5116,#5117,#5118,#5119,#5120,#5121,
#5122,#5123,#5124,#5125,#5126,#5127,#5128,#5129,#5130,#5131,#5132,#5133,
#5134,#5135,#5136,#5137,#5138,#5139,#5140,#5141,#5142,#5143,#5144,#5145,
#5146,#5147,#5148,#5149,#5150,#5151,#5152,#5153,#5154,#5155,#5156,#5157,
#5158,#5159,#5160,#5161),(#5162,#5163,#5164,#5165,#5166,#5167,#5168,#5169,
#5170,#5171,#5172,#5173,#5174,#5175,#5176,#5177,#5178,#5179,#5180,#5181,
#5182,#5183,#5184,#5185,#5186,#5187,#5188,#5189,#5190,#5191,#5192,#5193,
#5194,#5195,#5196,#5197,#5198,#5199,#5200,#5201,#5202,#5203,#5204,#5205,
#5206,#5207,#5208,#5209,#5210,#5211,#5212,#5213,#5214,#5215,#5216,#5217,
#5218,#5219,#5220,#5221,#5222,#5223,#5224,#5225,#5226,#5227,#5228,#5229,
#5230,#5231,#5232,#5233,#5234,#5235,#5236,#5237,#5238,#5239,#5240,#5241,
#5242),(#5243,#5244,#5245,#5246,#5247,#5248,#5249,#5250,#5251,#5252,#5253,
#5254,#5255,#5256,#5257,#5258,#5259,#5260,#5261,#5262,#5263,#5264,#5265,
#5266,#5267,#5268,#5269,#5270,#5271,#5272,#5273,#5274,#5275,#5276,#5277,
#5278,#5279,#5280,#5281,#5282,#5283,#5284,#5285,#5286,#5287,#5288,#5289,
#5290,#5291,#5292,#5293,#5294,#5295,#5296,#5297,#5298,#5299,#5300,#5301,
#5302,#5303,#5304,#5305,#5306,#5307,#5308,#5309,#5310,#5311,#5312,#5313,
#5314,#5315,#5316,#5317,#5318,#5319,#5320,#5321,#5322,#5323),(#5324,#5325,
#5326,#5327,#5328,#5329,#5330,#5331,#5332,#5333,#5334,#5335,#5336,#5337,
#5338,#5339,#5340,#5341,#5342,#5343,#5344,#5345,#5346,#5347,#5348,#5349,
#5350,#5351,#5352,#5353,#5354,#5355,#5356,#5357,#5358,#5359,#5360,#5361,
#5362,#5363,#5364,#5365,#5366,#5367,#5368,#5369,#5370,#5371,#5372,#5373,
#5374,#5375,#5376,#5377,#5378,#5379,#5380,#5381,#5382,#5383,#5384,#5385,
#5386,#5387,#5388,#5389,#5390,#5391,#5392,#5393,#5394,#5395,#5396,#5397,
#5398,#5399,#5400,#5401,#5402,#5403,#5404)),.UNSPECIFIED.,.F.,.F.,.F.,(4,
4),(4,1,1,1,1,1,1,1,1,1,1,1,1,1,1,1,1,1,1,1,1,1,1,1,1,1,1,1,1,1,1,1,1,1,
1,1,1,1,1,1,1,1,1,1,1,1,1,1,1,1,1,1,1,1,1,1,1,1,1,1,1,1,1,1,1,1,1,1,1,1,
1,1,1,1,1,1,1,1,4),(0.,0.0432608556703779),(11.9221090801831,12.9107045966702,
13.8993001131572,14.8878956296443,15.8764911461314,16.8650866626185,17.8536821791055,
18.8422776955926,19.8308732120797,20.8194687285668,21.8080642450539,22.7966597615409,
23.785255278028,24.7738507945151,25.7624463110022,26.7510418274893,27.7396373439763,
28.7282328604634,29.7168283769505,30.7054238934376,31.6940194099246,32.6826149264117,
33.6712104428988,34.6598059593859,35.648401475873,36.63699699236,37.6255925088471,
38.6141880253342,39.6027835418213,40.5913790583084,41.5799745747954,42.5685700912825,
43.5571656077696,44.5457611242567,45.5343566407437,46.5229521572308,47.5115476737179,
48.500143190205,49.4887387066921,50.4773342231791,51.4659297396662,52.4545252561533,
53.4431207726404,54.4317162891275,55.4203118056145,56.4089073221016,57.3975028385887,
58.3860983550758,59.3746938715628,60.3632893880499,61.351884904537,62.3404804210241,
63.3290759375112,64.3176714539982,65.3062669704853,66.2948624869724,67.2834580034595,
68.2720535199466,69.2606490364336,70.2492445529207,71.2378400694078,72.2264355858949,
73.2150311023819,74.203626618869,75.1922221353561,76.1808176518432,77.1694131683303,
78.1580086848173,79.1466042013044,80.1351997177915,81.1237952342786,82.1123907507657,
83.1009862672527,84.0895817837398,85.0781773002269,86.066772816714,87.055368333201,
88.0439638496881,89.0325593661752),.UNSPECIFIED.);
#126=B_SPLINE_SURFACE_WITH_KNOTS('',3,3,((#5507,#5508,#5509,#5510,#5511,
#5512,#5513,#5514,#5515,#5516,#5517,#5518,#5519,#5520,#5521,#5522,#5523,
#5524,#5525,#5526,#5527,#5528,#5529,#5530,#5531,#5532,#5533,#5534,#5535,
#5536,#5537,#5538,#5539,#5540,#5541,#5542,#5543,#5544,#5545,#5546,#5547,
#5548,#5549,#5550,#5551,#5552,#5553,#5554,#5555,#5556,#5557,#5558,#5559,
#5560,#5561,#5562,#5563,#5564,#5565,#5566,#5567,#5568,#5569,#5570,#5571,
#5572,#5573,#5574,#5575,#5576,#5577,#5578,#5579,#5580,#5581,#5582,#5583,
#5584,#5585,#5586,#5587),(#5588,#5589,#5590,#5591,#5592,#5593,#5594,#5595,
#5596,#5597,#5598,#5599,#5600,#5601,#5602,#5603,#5604,#5605,#5606,#5607,
#5608,#5609,#5610,#5611,#5612,#5613,#5614,#5615,#5616,#5617,#5618,#5619,
#5620,#5621,#5622,#5623,#5624,#5625,#5626,#5627,#5628,#5629,#5630,#5631,
#5632,#5633,#5634,#5635,#5636,#5637,#5638,#5639,#5640,#5641,#5642,#5643,
#5644,#5645,#5646,#5647,#5648,#5649,#5650,#5651,#5652,#5653,#5654,#5655,
#5656,#5657,#5658,#5659,#5660,#5661,#5662,#5663,#5664,#5665,#5666,#5667,
#5668),(#5669,#5670,#5671,#5672,#5673,#5674,#5675,#5676,#5677,#5678,#5679,
#5680,#5681,#5682,#5683,#5684,#5685,#5686,#5687,#5688,#5689,#5690,#5691,
#5692,#5693,#5694,#5695,#5696,#5697,#5698,#5699,#5700,#5701,#5702,#5703,
#5704,#5705,#5706,#5707,#5708,#5709,#5710,#5711,#5712,#5713,#5714,#5715,
#5716,#5717,#5718,#5719,#5720,#5721,#5722,#5723,#5724,#5725,#5726,#5727,
#5728,#5729,#5730,#5731,#5732,#5733,#5734,#5735,#5736,#5737,#5738,#5739,
#5740,#5741,#5742,#5743,#5744,#5745,#5746,#5747,#5748,#5749),(#5750,#5751,
#5752,#5753,#5754,#5755,#5756,#5757,#5758,#5759,#5760,#5761,#5762,#5763,
#5764,#5765,#5766,#5767,#5768,#5769,#5770,#5771,#5772,#5773,#5774,#5775,
#5776,#5777,#5778,#5779,#5780,#5781,#5782,#5783,#5784,#5785,#5786,#5787,
#5788,#5789,#5790,#5791,#5792,#5793,#5794,#5795,#5796,#5797,#5798,#5799,
#5800,#5801,#5802,#5803,#5804,#5805,#5806,#5807,#5808,#5809,#5810,#5811,
#5812,#5813,#5814,#5815,#5816,#5817,#5818,#5819,#5820,#5821,#5822,#5823,
#5824,#5825,#5826,#5827,#5828,#5829,#5830)),.UNSPECIFIED.,.F.,.F.,.F.,(4,
4),(4,1,1,1,1,1,1,1,1,1,1,1,1,1,1,1,1,1,1,1,1,1,1,1,1,1,1,1,1,1,1,1,1,1,
1,1,1,1,1,1,1,1,1,1,1,1,1,1,1,1,1,1,1,1,1,1,1,1,1,1,1,1,1,1,1,1,1,1,1,1,
1,1,1,1,1,1,1,1,4),(0.,0.0432608556703779),(14.6399982022878,15.6285937187748,
16.6171892352619,17.605784751749,18.5943802682361,19.5829757847232,20.5715713012102,
21.5601668176973,22.5487623341844,23.5373578506715,24.5259533671586,25.5145488836456,
26.5031444001327,27.4917399166198,28.4803354331069,29.4689309495939,30.457526466081,
31.4461219825681,32.4347174990552,33.4233130155423,34.4119085320293,35.4005040485164,
36.3890995650035,37.3776950814906,38.3662905979776,39.3548861144647,40.3434816309518,
41.3320771474389,42.320672663926,43.309268180413,44.2978636969001,45.2864592133872,
46.2750547298743,47.2636502463614,48.2522457628484,49.2408412793355,50.2294367958226,
51.2180323123097,52.2066278287967,53.1952233452838,54.1838188617709,55.172414378258,
56.1610098947451,57.1496054112321,58.1382009277192,59.1267964442063,60.1153919606934,
61.1039874771804,62.0925829936675,63.0811785101546,64.0697740266417,65.0583695431288,
66.0469650596158,67.0355605761029,68.02415609259,69.0127516090771,70.0013471255642,
70.9899426420512,71.9785381585383,72.9671336750254,73.9557291915125,74.9443247079995,
75.9329202244866,76.9215157409737,77.9101112574608,78.8987067739479,79.8873022904349,
80.875897806922,81.8644933234091,82.8530888398962,83.8416843563832,84.8302798728703,
85.8188753893574,86.8074709058445,87.7960664223316,88.7846619388186,89.7732574553057,
90.7618529717928,91.7504484882799),.UNSPECIFIED.);
#127=B_SPLINE_SURFACE_WITH_KNOTS('',3,3,((#5926,#5927,#5928,#5929,#5930,
#5931),(#5932,#5933,#5934,#5935,#5936,#5937),(#5938,#5939,#5940,#5941,#5942,
#5943),(#5944,#5945,#5946,#5947,#5948,#5949),(#5950,#5951,#5952,#5953,#5954,
#5955)),.UNSPECIFIED.,.F.,.F.,.F.,(4,1,4),(4,1,1,4),(0.,0.571428571428571,
1.),(-1.5707963267949,-0.919307002715223,-0.484980786662108,-0.0506545706089927),
 .UNSPECIFIED.);
#128=B_SPLINE_SURFACE_WITH_KNOTS('',3,3,((#5962,#5963,#5964,#5965),(#5966,
#5967,#5968,#5969),(#5970,#5971,#5972,#5973),(#5974,#5975,#5976,#5977),
(#5978,#5979,#5980,#5981)),.UNSPECIFIED.,.F.,.F.,.F.,(4,1,4),(4,4),(0.,
0.571428571428571,1.),(1.81334442741585E-16,0.00644235293788811),
 .UNSPECIFIED.);
#129=B_SPLINE_SURFACE_WITH_KNOTS('',3,3,((#5998,#5999,#6000,#6001),(#6002,
#6003,#6004,#6005),(#6006,#6007,#6008,#6009),(#6010,#6011,#6012,#6013),
(#6014,#6015,#6016,#6017)),.UNSPECIFIED.,.F.,.F.,.F.,(4,1,4),(4,4),(0.,
0.571428571428571,1.),(0.,0.0665300883511064),.UNSPECIFIED.);
#130=B_SPLINE_SURFACE_WITH_KNOTS('',3,3,((#6160,#6161,#6162,#6163),(#6164,
#6165,#6166,#6167),(#6168,#6169,#6170,#6171),(#6172,#6173,#6174,#6175),
(#6176,#6177,#6178,#6179)),.UNSPECIFIED.,.F.,.F.,.F.,(4,1,4),(4,4),(0.,
0.571428571428571,1.),(0.,0.0665295646089306),.UNSPECIFIED.);
#131=B_SPLINE_SURFACE_WITH_KNOTS('',3,3,((#6200,#6201,#6202,#6203),(#6204,
#6205,#6206,#6207),(#6208,#6209,#6210,#6211),(#6212,#6213,#6214,#6215),
(#6216,#6217,#6218,#6219)),.UNSPECIFIED.,.F.,.F.,.F.,(4,1,4),(4,4),(0.,
0.571428571428571,1.),(0.,0.00644235293788632),.UNSPECIFIED.);
#132=B_SPLINE_SURFACE_WITH_KNOTS('',3,3,((#6231,#6232,#6233,#6234,#6235,
#6236),(#6237,#6238,#6239,#6240,#6241,#6242),(#6243,#6244,#6245,#6246,#6247,
#6248),(#6249,#6250,#6251,#6252,#6253,#6254),(#6255,#6256,#6257,#6258,#6259,
#6260)),.UNSPECIFIED.,.F.,.F.,.F.,(4,1,4),(4,1,1,4),(0.,0.571428571428571,
1.),(-1.5707963267949,-0.919307002715224,-0.484980786662109,-0.0506545706089947),
 .UNSPECIFIED.);
#133=B_SPLINE_SURFACE_WITH_KNOTS('',3,3,((#6570,#6571,#6572,#6573,#6574,
#6575,#6576),(#6577,#6578,#6579,#6580,#6581,#6582,#6583),(#6584,#6585,#6586,
#6587,#6588,#6589,#6590),(#6591,#6592,#6593,#6594,#6595,#6596,#6597),(#6598,
#6599,#6600,#6601,#6602,#6603,#6604),(#6605,#6606,#6607,#6608,#6609,#6610,
#6611),(#6612,#6613,#6614,#6615,#6616,#6617,#6618)),.UNSPECIFIED.,.F.,.F.,
 .F.,(4,1,1,1,4),(4,1,1,1,4),(0.,0.285714285714286,0.571428571428571,0.857142857142857,
1.),(0.884148360025798,0.992459123626247,1.06466629935988,1.1007698872267,
1.13687347509351),.UNSPECIFIED.);
#134=B_SPLINE_SURFACE_WITH_KNOTS('',3,3,((#6667,#6668,#6669,#6670,#6671,
#6672,#6673),(#6674,#6675,#6676,#6677,#6678,#6679,#6680),(#6681,#6682,#6683,
#6684,#6685,#6686,#6687),(#6688,#6689,#6690,#6691,#6692,#6693,#6694),(#6695,
#6696,#6697,#6698,#6699,#6700,#6701),(#6702,#6703,#6704,#6705,#6706,#6707,
#6708),(#6709,#6710,#6711,#6712,#6713,#6714,#6715)),.UNSPECIFIED.,.F.,.F.,
 .F.,(4,1,1,1,4),(4,1,1,1,4),(0.,0.285714285714286,0.571428571428571,0.857142857142857,
1.),(2.27374695018701,2.30985053805382,2.34595412592064,2.41816130165427,
2.52647206525471),.UNSPECIFIED.);
#135=FACE_OUTER_BOUND('',#308,.T.);
#136=FACE_OUTER_BOUND('',#309,.T.);
#137=FACE_OUTER_BOUND('',#310,.T.);
#138=FACE_OUTER_BOUND('',#311,.T.);
#139=FACE_OUTER_BOUND('',#312,.T.);
#140=FACE_OUTER_BOUND('',#313,.T.);
#141=FACE_OUTER_BOUND('',#314,.T.);
#142=FACE_OUTER_BOUND('',#315,.T.);
#143=FACE_OUTER_BOUND('',#316,.T.);
#144=FACE_OUTER_BOUND('',#317,.T.);
#145=FACE_OUTER_BOUND('',#318,.T.);
#146=FACE_OUTER_BOUND('',#319,.T.);
#147=FACE_OUTER_BOUND('',#320,.T.);
#148=FACE_OUTER_BOUND('',#321,.T.);
#149=FACE_OUTER_BOUND('',#322,.T.);
#150=FACE_OUTER_BOUND('',#323,.T.);
#151=FACE_OUTER_BOUND('',#324,.T.);
#152=FACE_OUTER_BOUND('',#325,.T.);
#153=FACE_OUTER_BOUND('',#326,.T.);
#154=FACE_OUTER_BOUND('',#327,.T.);
#155=FACE_OUTER_BOUND('',#328,.T.);
#156=FACE_OUTER_BOUND('',#329,.T.);
#157=FACE_OUTER_BOUND('',#330,.T.);
#158=FACE_OUTER_BOUND('',#331,.T.);
#159=FACE_OUTER_BOUND('',#332,.T.);
#160=FACE_OUTER_BOUND('',#333,.T.);
#161=FACE_OUTER_BOUND('',#334,.T.);
#162=FACE_OUTER_BOUND('',#335,.T.);
#163=FACE_OUTER_BOUND('',#336,.T.);
#164=FACE_OUTER_BOUND('',#337,.T.);
#165=FACE_OUTER_BOUND('',#338,.T.);
#166=FACE_OUTER_BOUND('',#339,.T.);
#167=FACE_OUTER_BOUND('',#340,.T.);
#168=FACE_OUTER_BOUND('',#341,.T.);
#169=FACE_OUTER_BOUND('',#342,.T.);
#170=FACE_OUTER_BOUND('',#343,.T.);
#171=FACE_OUTER_BOUND('',#344,.T.);
#172=FACE_OUTER_BOUND('',#345,.T.);
#173=FACE_OUTER_BOUND('',#346,.T.);
#174=FACE_OUTER_BOUND('',#347,.T.);
#175=FACE_OUTER_BOUND('',#348,.T.);
#176=FACE_OUTER_BOUND('',#349,.T.);
#177=FACE_OUTER_BOUND('',#350,.T.);
#178=FACE_OUTER_BOUND('',#351,.T.);
#179=FACE_OUTER_BOUND('',#352,.T.);
#180=FACE_OUTER_BOUND('',#353,.T.);
#181=FACE_OUTER_BOUND('',#354,.T.);
#182=FACE_OUTER_BOUND('',#355,.T.);
#183=FACE_OUTER_BOUND('',#356,.T.);
#184=FACE_OUTER_BOUND('',#357,.T.);
#185=FACE_OUTER_BOUND('',#358,.T.);
#186=FACE_OUTER_BOUND('',#359,.T.);
#187=FACE_OUTER_BOUND('',#360,.T.);
#188=FACE_OUTER_BOUND('',#361,.T.);
#189=FACE_OUTER_BOUND('',#362,.T.);
#190=FACE_OUTER_BOUND('',#363,.T.);
#191=FACE_OUTER_BOUND('',#364,.T.);
#192=FACE_OUTER_BOUND('',#365,.T.);
#193=FACE_OUTER_BOUND('',#366,.T.);
#194=FACE_OUTER_BOUND('',#367,.T.);
#195=FACE_OUTER_BOUND('',#368,.T.);
#196=FACE_OUTER_BOUND('',#369,.T.);
#197=FACE_OUTER_BOUND('',#370,.T.);
#198=FACE_OUTER_BOUND('',#371,.T.);
#199=FACE_OUTER_BOUND('',#372,.T.);
#200=FACE_OUTER_BOUND('',#373,.T.);
#201=FACE_OUTER_BOUND('',#374,.T.);
#202=FACE_OUTER_BOUND('',#375,.T.);
#203=FACE_OUTER_BOUND('',#376,.T.);
#204=FACE_OUTER_BOUND('',#377,.T.);
#205=FACE_OUTER_BOUND('',#378,.T.);
#206=FACE_OUTER_BOUND('',#379,.T.);
#207=FACE_OUTER_BOUND('',#380,.T.);
#208=FACE_OUTER_BOUND('',#381,.T.);
#209=FACE_OUTER_BOUND('',#382,.T.);
#210=FACE_OUTER_BOUND('',#385,.T.);
#211=FACE_OUTER_BOUND('',#386,.T.);
#212=FACE_OUTER_BOUND('',#387,.T.);
#213=FACE_OUTER_BOUND('',#388,.T.);
#214=FACE_OUTER_BOUND('',#391,.T.);
#215=FACE_OUTER_BOUND('',#392,.T.);
#216=FACE_OUTER_BOUND('',#393,.T.);
#217=FACE_OUTER_BOUND('',#394,.T.);
#218=FACE_OUTER_BOUND('',#395,.T.);
#219=FACE_OUTER_BOUND('',#396,.T.);
#220=FACE_OUTER_BOUND('',#397,.T.);
#221=FACE_OUTER_BOUND('',#398,.T.);
#222=FACE_OUTER_BOUND('',#399,.T.);
#223=FACE_OUTER_BOUND('',#400,.T.);
#224=FACE_OUTER_BOUND('',#401,.T.);
#225=FACE_OUTER_BOUND('',#402,.T.);
#226=FACE_OUTER_BOUND('',#403,.T.);
#227=FACE_OUTER_BOUND('',#404,.T.);
#228=FACE_OUTER_BOUND('',#405,.T.);
#229=FACE_OUTER_BOUND('',#409,.T.);
#230=FACE_OUTER_BOUND('',#410,.T.);
#231=FACE_OUTER_BOUND('',#411,.T.);
#232=FACE_OUTER_BOUND('',#415,.T.);
#233=FACE_OUTER_BOUND('',#416,.T.);
#234=FACE_OUTER_BOUND('',#417,.T.);
#235=FACE_OUTER_BOUND('',#418,.T.);
#236=FACE_OUTER_BOUND('',#419,.T.);
#237=FACE_OUTER_BOUND('',#420,.T.);
#238=FACE_OUTER_BOUND('',#421,.T.);
#239=FACE_OUTER_BOUND('',#422,.T.);
#240=FACE_OUTER_BOUND('',#423,.T.);
#241=FACE_OUTER_BOUND('',#424,.T.);
#242=FACE_OUTER_BOUND('',#425,.T.);
#243=FACE_OUTER_BOUND('',#426,.T.);
#244=FACE_OUTER_BOUND('',#427,.T.);
#245=FACE_OUTER_BOUND('',#428,.T.);
#246=FACE_OUTER_BOUND('',#429,.T.);
#247=FACE_OUTER_BOUND('',#430,.T.);
#248=FACE_OUTER_BOUND('',#431,.T.);
#249=FACE_OUTER_BOUND('',#432,.T.);
#250=FACE_OUTER_BOUND('',#433,.T.);
#251=FACE_OUTER_BOUND('',#434,.T.);
#252=FACE_OUTER_BOUND('',#435,.T.);
#253=FACE_OUTER_BOUND('',#436,.T.);
#254=FACE_OUTER_BOUND('',#437,.T.);
#255=FACE_OUTER_BOUND('',#438,.T.);
#256=FACE_OUTER_BOUND('',#439,.T.);
#257=FACE_OUTER_BOUND('',#440,.T.);
#258=FACE_OUTER_BOUND('',#441,.T.);
#259=FACE_OUTER_BOUND('',#442,.T.);
#260=FACE_OUTER_BOUND('',#443,.T.);
#261=FACE_OUTER_BOUND('',#444,.T.);
#262=FACE_OUTER_BOUND('',#445,.T.);
#263=FACE_OUTER_BOUND('',#446,.T.);
#264=FACE_OUTER_BOUND('',#447,.T.);
#265=FACE_OUTER_BOUND('',#448,.T.);
#266=FACE_OUTER_BOUND('',#449,.T.);
#267=FACE_OUTER_BOUND('',#450,.T.);
#268=FACE_OUTER_BOUND('',#454,.T.);
#269=FACE_OUTER_BOUND('',#455,.T.);
#270=FACE_OUTER_BOUND('',#456,.T.);
#271=FACE_OUTER_BOUND('',#458,.T.);
#272=FACE_OUTER_BOUND('',#459,.T.);
#273=FACE_OUTER_BOUND('',#460,.T.);
#274=FACE_OUTER_BOUND('',#461,.T.);
#275=FACE_OUTER_BOUND('',#462,.T.);
#276=FACE_OUTER_BOUND('',#463,.T.);
#277=FACE_OUTER_BOUND('',#464,.T.);
#278=FACE_OUTER_BOUND('',#465,.T.);
#279=FACE_OUTER_BOUND('',#466,.T.);
#280=FACE_OUTER_BOUND('',#467,.T.);
#281=FACE_OUTER_BOUND('',#468,.T.);
#282=FACE_OUTER_BOUND('',#469,.T.);
#283=FACE_OUTER_BOUND('',#470,.T.);
#284=FACE_OUTER_BOUND('',#471,.T.);
#285=FACE_OUTER_BOUND('',#472,.T.);
#286=FACE_OUTER_BOUND('',#473,.T.);
#287=FACE_OUTER_BOUND('',#474,.T.);
#288=FACE_OUTER_BOUND('',#475,.T.);
#289=FACE_OUTER_BOUND('',#476,.T.);
#290=FACE_OUTER_BOUND('',#477,.T.);
#291=FACE_OUTER_BOUND('',#479,.T.);
#292=FACE_OUTER_BOUND('',#482,.T.);
#293=FACE_OUTER_BOUND('',#483,.T.);
#294=FACE_OUTER_BOUND('',#484,.T.);
#295=FACE_OUTER_BOUND('',#485,.T.);
#296=FACE_OUTER_BOUND('',#486,.T.);
#297=FACE_OUTER_BOUND('',#487,.T.);
#298=FACE_OUTER_BOUND('',#488,.T.);
#299=FACE_OUTER_BOUND('',#489,.T.);
#300=FACE_OUTER_BOUND('',#490,.T.);
#301=FACE_OUTER_BOUND('',#491,.T.);
#302=FACE_OUTER_BOUND('',#492,.T.);
#303=FACE_OUTER_BOUND('',#493,.T.);
#304=FACE_OUTER_BOUND('',#494,.T.);
#305=FACE_OUTER_BOUND('',#495,.T.);
#306=FACE_OUTER_BOUND('',#496,.T.);
#307=FACE_OUTER_BOUND('',#497,.T.);
#308=EDGE_LOOP('',(#1744,#1745,#1746,#1747));
#309=EDGE_LOOP('',(#1748,#1749,#1750,#1751));
#310=EDGE_LOOP('',(#1752,#1753,#1754,#1755));
#311=EDGE_LOOP('',(#1756,#1757,#1758,#1759));
#312=EDGE_LOOP('',(#1760,#1761,#1762,#1763));
#313=EDGE_LOOP('',(#1764,#1765,#1766,#1767));
#314=EDGE_LOOP('',(#1768,#1769,#1770,#1771));
#315=EDGE_LOOP('',(#1772,#1773,#1774,#1775));
#316=EDGE_LOOP('',(#1776,#1777,#1778,#1779));
#317=EDGE_LOOP('',(#1780,#1781,#1782,#1783));
#318=EDGE_LOOP('',(#1784,#1785,#1786,#1787));
#319=EDGE_LOOP('',(#1788,#1789,#1790,#1791));
#320=EDGE_LOOP('',(#1792,#1793,#1794,#1795));
#321=EDGE_LOOP('',(#1796,#1797,#1798,#1799));
#322=EDGE_LOOP('',(#1800,#1801,#1802,#1803));
#323=EDGE_LOOP('',(#1804,#1805,#1806,#1807));
#324=EDGE_LOOP('',(#1808,#1809,#1810,#1811));
#325=EDGE_LOOP('',(#1812,#1813,#1814,#1815));
#326=EDGE_LOOP('',(#1816,#1817,#1818,#1819));
#327=EDGE_LOOP('',(#1820,#1821,#1822,#1823));
#328=EDGE_LOOP('',(#1824,#1825,#1826,#1827));
#329=EDGE_LOOP('',(#1828,#1829,#1830,#1831));
#330=EDGE_LOOP('',(#1832,#1833,#1834,#1835));
#331=EDGE_LOOP('',(#1836,#1837,#1838,#1839));
#332=EDGE_LOOP('',(#1840,#1841,#1842));
#333=EDGE_LOOP('',(#1843,#1844,#1845,#1846));
#334=EDGE_LOOP('',(#1847,#1848,#1849,#1850));
#335=EDGE_LOOP('',(#1851,#1852,#1853,#1854));
#336=EDGE_LOOP('',(#1855,#1856,#1857));
#337=EDGE_LOOP('',(#1858,#1859,#1860,#1861,#1862,#1863));
#338=EDGE_LOOP('',(#1864,#1865,#1866,#1867));
#339=EDGE_LOOP('',(#1868,#1869,#1870,#1871,#1872,#1873));
#340=EDGE_LOOP('',(#1874,#1875,#1876));
#341=EDGE_LOOP('',(#1877,#1878,#1879,#1880));
#342=EDGE_LOOP('',(#1881,#1882,#1883,#1884));
#343=EDGE_LOOP('',(#1885,#1886,#1887,#1888));
#344=EDGE_LOOP('',(#1889,#1890,#1891));
#345=EDGE_LOOP('',(#1892,#1893,#1894,#1895,#1896));
#346=EDGE_LOOP('',(#1897,#1898,#1899,#1900));
#347=EDGE_LOOP('',(#1901,#1902,#1903,#1904));
#348=EDGE_LOOP('',(#1905,#1906,#1907,#1908,#1909,#1910,#1911,#1912,#1913,
#1914,#1915,#1916,#1917,#1918,#1919,#1920,#1921,#1922,#1923,#1924,#1925,
#1926,#1927,#1928,#1929,#1930,#1931,#1932));
#349=EDGE_LOOP('',(#1933,#1934,#1935,#1936,#1937,#1938,#1939,#1940,#1941,
#1942,#1943,#1944,#1945,#1946,#1947,#1948,#1949,#1950,#1951,#1952,#1953,
#1954,#1955,#1956,#1957,#1958,#1959,#1960));
#350=EDGE_LOOP('',(#1961,#1962,#1963,#1964));
#351=EDGE_LOOP('',(#1965,#1966,#1967,#1968));
#352=EDGE_LOOP('',(#1969,#1970,#1971));
#353=EDGE_LOOP('',(#1972,#1973,#1974,#1975));
#354=EDGE_LOOP('',(#1976,#1977,#1978,#1979));
#355=EDGE_LOOP('',(#1980,#1981,#1982,#1983));
#356=EDGE_LOOP('',(#1984,#1985,#1986));
#357=EDGE_LOOP('',(#1987,#1988,#1989));
#358=EDGE_LOOP('',(#1990,#1991,#1992));
#359=EDGE_LOOP('',(#1993,#1994,#1995));
#360=EDGE_LOOP('',(#1996,#1997,#1998,#1999));
#361=EDGE_LOOP('',(#2000,#2001,#2002,#2003));
#362=EDGE_LOOP('',(#2004,#2005,#2006,#2007));
#363=EDGE_LOOP('',(#2008,#2009,#2010,#2011));
#364=EDGE_LOOP('',(#2012,#2013,#2014,#2015));
#365=EDGE_LOOP('',(#2016,#2017,#2018,#2019));
#366=EDGE_LOOP('',(#2020,#2021,#2022,#2023));
#367=EDGE_LOOP('',(#2024,#2025,#2026,#2027));
#368=EDGE_LOOP('',(#2028,#2029,#2030,#2031));
#369=EDGE_LOOP('',(#2032,#2033,#2034,#2035));
#370=EDGE_LOOP('',(#2036,#2037,#2038,#2039));
#371=EDGE_LOOP('',(#2040,#2041,#2042,#2043));
#372=EDGE_LOOP('',(#2044,#2045,#2046,#2047));
#373=EDGE_LOOP('',(#2048,#2049,#2050,#2051));
#374=EDGE_LOOP('',(#2052,#2053,#2054,#2055));
#375=EDGE_LOOP('',(#2056,#2057,#2058,#2059));
#376=EDGE_LOOP('',(#2060,#2061,#2062,#2063));
#377=EDGE_LOOP('',(#2064,#2065,#2066,#2067));
#378=EDGE_LOOP('',(#2068,#2069,#2070,#2071));
#379=EDGE_LOOP('',(#2072,#2073,#2074));
#380=EDGE_LOOP('',(#2075,#2076,#2077,#2078));
#381=EDGE_LOOP('',(#2079,#2080,#2081,#2082));
#382=EDGE_LOOP('',(#2083,#2084,#2085,#2086,#2087,#2088,#2089,#2090,#2091,
#2092));
#383=EDGE_LOOP('',(#2093));
#384=EDGE_LOOP('',(#2094,#2095,#2096,#2097));
#385=EDGE_LOOP('',(#2098,#2099,#2100,#2101,#2102));
#386=EDGE_LOOP('',(#2103,#2104,#2105,#2106,#2107,#2108));
#387=EDGE_LOOP('',(#2109,#2110,#2111,#2112,#2113));
#388=EDGE_LOOP('',(#2114,#2115,#2116,#2117,#2118,#2119));
#389=EDGE_LOOP('',(#2120));
#390=EDGE_LOOP('',(#2121,#2122,#2123,#2124));
#391=EDGE_LOOP('',(#2125,#2126,#2127,#2128,#2129));
#392=EDGE_LOOP('',(#2130,#2131,#2132,#2133));
#393=EDGE_LOOP('',(#2134,#2135,#2136,#2137,#2138,#2139));
#394=EDGE_LOOP('',(#2140,#2141,#2142,#2143,#2144,#2145,#2146,#2147));
#395=EDGE_LOOP('',(#2148,#2149,#2150,#2151,#2152,#2153,#2154,#2155));
#396=EDGE_LOOP('',(#2156,#2157,#2158,#2159));
#397=EDGE_LOOP('',(#2160,#2161,#2162,#2163));
#398=EDGE_LOOP('',(#2164,#2165,#2166,#2167));
#399=EDGE_LOOP('',(#2168,#2169,#2170,#2171));
#400=EDGE_LOOP('',(#2172,#2173,#2174,#2175));
#401=EDGE_LOOP('',(#2176,#2177,#2178,#2179));
#402=EDGE_LOOP('',(#2180,#2181,#2182,#2183));
#403=EDGE_LOOP('',(#2184,#2185,#2186,#2187));
#404=EDGE_LOOP('',(#2188,#2189,#2190,#2191));
#405=EDGE_LOOP('',(#2192,#2193,#2194,#2195,#2196,#2197,#2198));
#406=EDGE_LOOP('',(#2199));
#407=EDGE_LOOP('',(#2200));
#408=EDGE_LOOP('',(#2201,#2202));
#409=EDGE_LOOP('',(#2203,#2204,#2205,#2206));
#410=EDGE_LOOP('',(#2207,#2208,#2209,#2210));
#411=EDGE_LOOP('',(#2211,#2212,#2213,#2214,#2215,#2216,#2217));
#412=EDGE_LOOP('',(#2218));
#413=EDGE_LOOP('',(#2219));
#414=EDGE_LOOP('',(#2220,#2221));
#415=EDGE_LOOP('',(#2222,#2223,#2224,#2225));
#416=EDGE_LOOP('',(#2226,#2227,#2228,#2229));
#417=EDGE_LOOP('',(#2230,#2231,#2232,#2233));
#418=EDGE_LOOP('',(#2234,#2235,#2236,#2237));
#419=EDGE_LOOP('',(#2238,#2239,#2240,#2241));
#420=EDGE_LOOP('',(#2242,#2243,#2244,#2245));
#421=EDGE_LOOP('',(#2246,#2247,#2248,#2249));
#422=EDGE_LOOP('',(#2250,#2251,#2252,#2253));
#423=EDGE_LOOP('',(#2254,#2255,#2256,#2257));
#424=EDGE_LOOP('',(#2258,#2259,#2260,#2261));
#425=EDGE_LOOP('',(#2262,#2263,#2264,#2265));
#426=EDGE_LOOP('',(#2266,#2267,#2268,#2269));
#427=EDGE_LOOP('',(#2270,#2271,#2272,#2273));
#428=EDGE_LOOP('',(#2274,#2275,#2276,#2277));
#429=EDGE_LOOP('',(#2278,#2279,#2280,#2281));
#430=EDGE_LOOP('',(#2282,#2283,#2284,#2285));
#431=EDGE_LOOP('',(#2286,#2287,#2288,#2289));
#432=EDGE_LOOP('',(#2290,#2291,#2292,#2293));
#433=EDGE_LOOP('',(#2294,#2295,#2296,#2297));
#434=EDGE_LOOP('',(#2298,#2299,#2300,#2301));
#435=EDGE_LOOP('',(#2302,#2303,#2304,#2305));
#436=EDGE_LOOP('',(#2306,#2307,#2308,#2309));
#437=EDGE_LOOP('',(#2310,#2311,#2312,#2313));
#438=EDGE_LOOP('',(#2314,#2315,#2316,#2317));
#439=EDGE_LOOP('',(#2318,#2319,#2320,#2321));
#440=EDGE_LOOP('',(#2322,#2323,#2324,#2325));
#441=EDGE_LOOP('',(#2326,#2327,#2328,#2329));
#442=EDGE_LOOP('',(#2330,#2331,#2332,#2333));
#443=EDGE_LOOP('',(#2334,#2335,#2336,#2337));
#444=EDGE_LOOP('',(#2338,#2339,#2340,#2341));
#445=EDGE_LOOP('',(#2342,#2343,#2344,#2345,#2346,#2347,#2348,#2349));
#446=EDGE_LOOP('',(#2350,#2351,#2352,#2353));
#447=EDGE_LOOP('',(#2354,#2355,#2356,#2357));
#448=EDGE_LOOP('',(#2358,#2359,#2360,#2361));
#449=EDGE_LOOP('',(#2362,#2363,#2364,#2365));
#450=EDGE_LOOP('',(#2366,#2367,#2368,#2369,#2370,#2371,#2372,#2373,#2374,
#2375,#2376,#2377,#2378,#2379,#2380));
#451=EDGE_LOOP('',(#2381,#2382,#2383,#2384,#2385,#2386,#2387,#2388));
#452=EDGE_LOOP('',(#2389));
#453=EDGE_LOOP('',(#2390,#2391,#2392));
#454=EDGE_LOOP('',(#2393,#2394,#2395,#2396,#2397,#2398,#2399,#2400));
#455=EDGE_LOOP('',(#2401,#2402,#2403));
#456=EDGE_LOOP('',(#2404,#2405,#2406,#2407,#2408,#2409,#2410,#2411));
#457=EDGE_LOOP('',(#2412,#2413));
#458=EDGE_LOOP('',(#2414,#2415,#2416,#2417));
#459=EDGE_LOOP('',(#2418,#2419,#2420,#2421));
#460=EDGE_LOOP('',(#2422,#2423,#2424,#2425));
#461=EDGE_LOOP('',(#2426,#2427,#2428,#2429));
#462=EDGE_LOOP('',(#2430,#2431,#2432,#2433,#2434));
#463=EDGE_LOOP('',(#2435,#2436,#2437,#2438));
#464=EDGE_LOOP('',(#2439,#2440,#2441,#2442));
#465=EDGE_LOOP('',(#2443,#2444,#2445,#2446));
#466=EDGE_LOOP('',(#2447,#2448,#2449,#2450));
#467=EDGE_LOOP('',(#2451,#2452,#2453,#2454));
#468=EDGE_LOOP('',(#2455,#2456,#2457,#2458));
#469=EDGE_LOOP('',(#2459,#2460,#2461,#2462));
#470=EDGE_LOOP('',(#2463,#2464,#2465,#2466));
#471=EDGE_LOOP('',(#2467,#2468,#2469,#2470));
#472=EDGE_LOOP('',(#2471,#2472,#2473,#2474));
#473=EDGE_LOOP('',(#2475,#2476,#2477,#2478));
#474=EDGE_LOOP('',(#2479,#2480,#2481,#2482));
#475=EDGE_LOOP('',(#2483,#2484,#2485,#2486));
#476=EDGE_LOOP('',(#2487,#2488,#2489,#2490));
#477=EDGE_LOOP('',(#2491,#2492,#2493,#2494,#2495,#2496,#2497,#2498));
#478=EDGE_LOOP('',(#2499,#2500));
#479=EDGE_LOOP('',(#2501,#2502,#2503,#2504,#2505,#2506,#2507,#2508,#2509,
#2510,#2511,#2512,#2513));
#480=EDGE_LOOP('',(#2514));
#481=EDGE_LOOP('',(#2515,#2516,#2517));
#482=EDGE_LOOP('',(#2518,#2519,#2520,#2521));
#483=EDGE_LOOP('',(#2522,#2523,#2524,#2525));
#484=EDGE_LOOP('',(#2526,#2527,#2528,#2529,#2530));
#485=EDGE_LOOP('',(#2531,#2532,#2533,#2534));
#486=EDGE_LOOP('',(#2535,#2536,#2537,#2538,#2539));
#487=EDGE_LOOP('',(#2540,#2541,#2542,#2543));
#488=EDGE_LOOP('',(#2544,#2545,#2546,#2547));
#489=EDGE_LOOP('',(#2548,#2549,#2550,#2551,#2552,#2553,#2554,#2555));
#490=EDGE_LOOP('',(#2556,#2557,#2558));
#491=EDGE_LOOP('',(#2559,#2560,#2561,#2562));
#492=EDGE_LOOP('',(#2563,#2564,#2565,#2566));
#493=EDGE_LOOP('',(#2567,#2568,#2569,#2570));
#494=EDGE_LOOP('',(#2571,#2572,#2573,#2574));
#495=EDGE_LOOP('',(#2575,#2576,#2577,#2578));
#496=EDGE_LOOP('',(#2579,#2580,#2581,#2582));
#497=EDGE_LOOP('',(#2583,#2584,#2585,#2586,#2587));
#498=CIRCLE('',#2866,0.06725);
#499=CIRCLE('',#2878,0.06725);
#500=CIRCLE('',#2880,0.082);
#501=CIRCLE('',#2892,0.0820000000000001);
#502=CIRCLE('',#2893,0.0250000000000005);
#503=CIRCLE('',#2897,0.0249999999999996);
#504=CIRCLE('',#2898,0.05);
#505=CIRCLE('',#2899,0.025);
#506=CIRCLE('',#2901,0.0249999999999996);
#507=CIRCLE('',#2902,0.368750004531048);
#508=CIRCLE('',#2903,0.343750004531048);
#509=CIRCLE('',#2905,0.0250000000000005);
#510=CIRCLE('',#2906,0.05);
#511=CIRCLE('',#2907,0.025);
#512=CIRCLE('',#2911,0.025);
#513=CIRCLE('',#2914,0.343750004531048);
#514=CIRCLE('',#2917,0.025);
#515=CIRCLE('',#2918,0.0250000000000005);
#516=CIRCLE('',#2921,0.0249999999999996);
#517=CIRCLE('',#2922,0.05);
#518=CIRCLE('',#2924,0.0249999999999996);
#519=CIRCLE('',#2925,0.368750004531048);
#520=CIRCLE('',#2927,0.0250000000000005);
#521=CIRCLE('',#2928,0.05);
#522=CIRCLE('',#2931,0.025);
#523=CIRCLE('',#2933,0.0825);
#524=CIRCLE('',#2934,0.0825);
#525=CIRCLE('',#2938,0.0249999999999997);
#526=CIRCLE('',#2941,0.0250000000000002);
#527=CIRCLE('',#2943,0.0250000000000002);
#528=CIRCLE('',#2944,0.443750003016661);
#529=CIRCLE('',#2945,0.468750003016661);
#530=CIRCLE('',#2946,0.0249999999999998);
#531=CIRCLE('',#2948,0.025);
#532=CIRCLE('',#2949,0.0249999999999998);
#533=CIRCLE('',#2950,0.025);
#534=CIRCLE('',#2952,0.0250000000000001);
#535=CIRCLE('',#2953,0.0250000000000001);
#536=CIRCLE('',#2954,0.0249999999999998);
#537=CIRCLE('',#2956,0.0249999999999998);
#538=CIRCLE('',#2957,0.025);
#539=CIRCLE('',#2958,0.0249999999999998);
#540=CIRCLE('',#2960,0.0250000000000005);
#541=CIRCLE('',#2961,0.025);
#542=CIRCLE('',#2962,0.025);
#543=CIRCLE('',#2965,0.0250000000000001);
#544=CIRCLE('',#2966,0.0249999999999998);
#545=CIRCLE('',#2967,0.025000000000001);
#546=CIRCLE('',#2968,0.050000000000001);
#547=CIRCLE('',#2970,0.0249999999999998);
#548=CIRCLE('',#2971,0.025);
#549=CIRCLE('',#2972,0.0250000000000003);
#550=CIRCLE('',#2973,0.0500000000000003);
#551=CIRCLE('',#2977,0.02499999999998);
#552=CIRCLE('',#2978,0.0249999999999998);
#553=CIRCLE('',#2979,0.0250000000000003);
#554=CIRCLE('',#2980,0.0500000000000002);
#555=CIRCLE('',#2982,0.0249999999999998);
#556=CIRCLE('',#2983,0.025);
#557=CIRCLE('',#2984,0.025000000000001);
#558=CIRCLE('',#2985,0.050000000000001);
#559=CIRCLE('',#2988,0.025);
#560=CIRCLE('',#2991,0.0249999999999998);
#561=CIRCLE('',#2993,0.05);
#562=CIRCLE('',#2994,0.0249999999999988);
#563=CIRCLE('',#2995,0.025);
#564=CIRCLE('',#2997,0.0250000000000002);
#565=CIRCLE('',#2998,0.443750003016661);
#566=CIRCLE('',#2999,0.468750003016661);
#567=CIRCLE('',#3000,0.0249999999999998);
#568=CIRCLE('',#3004,0.025);
#569=CIRCLE('',#3005,0.05);
#570=CIRCLE('',#3022,0.0825);
#571=CIRCLE('',#3023,0.0825);
#572=CIRCLE('',#3025,0.0825);
#573=CIRCLE('',#3026,0.0825);
#574=CIRCLE('',#3028,0.375);
#575=CIRCLE('',#3029,0.4);
#576=CIRCLE('',#3032,0.375);
#577=CIRCLE('',#3034,0.05);
#578=CIRCLE('',#3035,0.0750000000000001);
#579=CIRCLE('',#3036,0.0750000000000002);
#580=CIRCLE('',#3037,0.475);
#581=CIRCLE('',#3039,0.4);
#582=CIRCLE('',#3042,0.0750000000000002);
#583=CIRCLE('',#3043,0.0750000000000001);
#584=CIRCLE('',#3044,0.05);
#585=CIRCLE('',#3045,0.475);
#586=CIRCLE('',#3047,0.025);
#587=CIRCLE('',#3048,0.025);
#588=CIRCLE('',#3049,0.025);
#589=CIRCLE('',#3051,0.5);
#590=CIRCLE('',#3053,0.025);
#591=CIRCLE('',#3055,0.025);
#592=CIRCLE('',#3056,0.1);
#593=CIRCLE('',#3058,0.025);
#594=CIRCLE('',#3060,0.0249999999999999);
#595=CIRCLE('',#3061,0.1);
#596=CIRCLE('',#3064,0.025);
#597=CIRCLE('',#3065,0.025);
#598=CIRCLE('',#3066,0.025);
#599=CIRCLE('',#3069,0.025);
#600=CIRCLE('',#3071,0.025);
#601=CIRCLE('',#3072,0.1);
#602=CIRCLE('',#3074,0.025);
#603=CIRCLE('',#3076,0.025);
#604=CIRCLE('',#3077,0.1);
#605=CIRCLE('',#3080,0.5);
#606=CIRCLE('',#3089,0.0249999999999998);
#607=CIRCLE('',#3090,0.0249999999999998);
#608=CIRCLE('',#3093,0.025);
#609=CIRCLE('',#3094,0.025);
#610=CIRCLE('',#3097,0.0250000000000008);
#611=CIRCLE('',#3098,0.0250000000000008);
#612=CIRCLE('',#3101,0.0250000000000009);
#613=CIRCLE('',#3102,0.0250000000000009);
#614=CIRCLE('',#3106,0.0825);
#615=CIRCLE('',#3107,0.0825);
#616=CIRCLE('',#3108,0.025);
#617=CIRCLE('',#3110,0.025);
#618=CIRCLE('',#3112,0.0196850393708666);
#619=CIRCLE('',#3113,0.1);
#620=CIRCLE('',#3114,0.0999999999999998);
#621=CIRCLE('',#3115,0.0999999999999991);
#622=CIRCLE('',#3116,0.100000000000001);
#623=CIRCLE('',#3117,0.100000000000001);
#624=CIRCLE('',#3118,0.1);
#625=CIRCLE('',#3119,0.019685039369573);
#626=CIRCLE('',#3121,0.025);
#627=CIRCLE('',#3122,0.025);
#628=CIRCLE('',#3125,0.312499999999999);
#629=CIRCLE('',#3126,0.3);
#630=CIRCLE('',#3127,0.025);
#631=CIRCLE('',#3128,0.025);
#632=CIRCLE('',#3130,0.0249999999999907);
#633=CIRCLE('',#3131,0.0249999999999998);
#634=CIRCLE('',#3133,0.0250000000000001);
#635=CIRCLE('',#3139,0.025);
#636=CIRCLE('',#3140,0.125000000000001);
#637=CIRCLE('',#3141,0.100000000000001);
#638=CIRCLE('',#3143,0.025);
#639=CIRCLE('',#3145,0.0249999999999998);
#640=CIRCLE('',#3146,0.0750000000000005);
#641=CIRCLE('',#3147,0.100000000000001);
#642=CIRCLE('',#3149,0.0249999999999998);
#643=CIRCLE('',#3151,0.025);
#644=CIRCLE('',#3152,0.0749999999999991);
#645=CIRCLE('',#3153,0.0999999999999991);
#646=CIRCLE('',#3155,0.025);
#647=CIRCLE('',#3157,0.0749999999999998);
#648=CIRCLE('',#3158,0.0999999999999998);
#649=CIRCLE('',#3160,0.0750000000000002);
#650=CIRCLE('',#3161,0.1);
#651=CIRCLE('',#3169,0.312499999999999);
#652=CIRCLE('',#3170,0.3);
#653=CIRCLE('',#3172,0.1);
#654=CIRCLE('',#3173,0.019685039369573);
#655=CIRCLE('',#3175,0.275);
#656=CIRCLE('',#3177,0.275);
#657=CIRCLE('',#3179,0.337499999999999);
#658=CIRCLE('',#3181,0.337499999999999);
#659=B_SPLINE_CURVE_WITH_KNOTS('',3,(#4020,#4021,#4022,#4023),
 .UNSPECIFIED.,.F.,.F.,(4,4),(76.4661887518162,77.1104502859921),
 .UNSPECIFIED.);
#660=B_SPLINE_CURVE_WITH_KNOTS('',3,(#4026,#4027,#4028,#4029,#4030,#4031,
#4032,#4033,#4034,#4035,#4036,#4037,#4038),.UNSPECIFIED.,.F.,.F.,(4,3,3,
3,4),(-75.3982236861549,-75.133259253018,-74.1446637365309,-73.1560682200438,
-72.9008925667413),.UNSPECIFIED.);
#661=B_SPLINE_CURVE_WITH_KNOTS('',3,(#4043,#4044,#4045,#4046,#4047,#4048,
#4049,#4050,#4051,#4052,#4053,#4054,#4055,#4056,#4057,#4058,#4059,#4060,
#4061,#4062,#4063,#4064,#4065,#4066,#4067),.UNSPECIFIED.,.F.,.F.,(4,3,3,
3,3,3,3,3,4),(70.1830034446366,70.1902816705826,71.1788771870696,72.1674727035567,
73.1560682200438,74.1446637365309,75.133259253018,76.121854769505,76.4661887518162),
 .UNSPECIFIED.);
#662=B_SPLINE_CURVE_WITH_KNOTS('',3,(#4068,#4069,#4070,#4071,#4072,#4073,
#4074,#4075,#4076,#4077,#4078,#4079,#4080,#4081,#4082,#4083,#4084,#4085,
#4086,#4087,#4088,#4089),.UNSPECIFIED.,.F.,.F.,(4,3,3,3,3,3,3,4),(-72.9008925667413,
-72.1674727035567,-71.1788771870697,-70.1902816705826,-69.2016861540955,
-68.2130906376084,-67.2244951211213,-66.6177072595617),.UNSPECIFIED.);
#663=B_SPLINE_CURVE_WITH_KNOTS('',3,(#4094,#4095,#4096,#4097,#4098,#4099,
#4100,#4101,#4102,#4103,#4104,#4105,#4106,#4107,#4108,#4109,#4110,#4111,
#4112,#4113,#4114,#4115),.UNSPECIFIED.,.F.,.F.,(4,3,3,3,3,3,3,4),(63.899818137457,
64.2587085716601,65.2473040881472,66.2358996046342,67.2244951211213,68.2130906376084,
69.2016861540955,70.1830034446366),.UNSPECIFIED.);
#664=B_SPLINE_CURVE_WITH_KNOTS('',3,(#4116,#4117,#4118,#4119,#4120,#4121,
#4122,#4123,#4124,#4125,#4126,#4127,#4128,#4129,#4130,#4131,#4132,#4133,
#4134,#4135,#4136,#4137),.UNSPECIFIED.,.F.,.F.,(4,3,3,3,3,3,3,4),(-66.6177072595617,
-66.2358996046343,-65.2473040881472,-64.2587085716601,-63.270113055173,
-62.2815175386859,-61.2929220221989,-60.3345219523821),.UNSPECIFIED.);
#665=B_SPLINE_CURVE_WITH_KNOTS('',3,(#4142,#4143,#4144,#4145,#4146,#4147,
#4148,#4149,#4150,#4151,#4152,#4153,#4154,#4155,#4156,#4157,#4158,#4159,
#4160,#4161,#4162,#4163),.UNSPECIFIED.,.F.,.F.,(4,3,3,3,3,3,3,4),(57.6166328302774,
58.3271354727376,59.3157309892247,60.3043265057118,61.2929220221989,62.2815175386859,
63.270113055173,63.899818137457),.UNSPECIFIED.);
#666=B_SPLINE_CURVE_WITH_KNOTS('',3,(#4164,#4165,#4166,#4167,#4168,#4169,
#4170,#4171,#4172,#4173,#4174,#4175,#4176,#4177,#4178,#4179,#4180,#4181,
#4182,#4183,#4184,#4185,#4186,#4187,#4188),.UNSPECIFIED.,.F.,.F.,(4,3,3,
3,3,3,3,3,4),(-60.3345219523821,-60.3043265057118,-59.3157309892247,-58.3271354727376,
-57.3385399562506,-56.3499444397635,-55.3613489232764,-54.3727534067893,
-54.0513366452026),.UNSPECIFIED.);
#667=B_SPLINE_CURVE_WITH_KNOTS('',3,(#4193,#4194,#4195,#4196,#4197,#4198,
#4199,#4200,#4201,#4202,#4203,#4204,#4205,#4206,#4207,#4208,#4209,#4210,
#4211,#4212,#4213,#4214,#4215,#4216,#4217),.UNSPECIFIED.,.F.,.F.,(4,3,3,
3,3,3,3,3,4),(51.3334475230978,51.4069668573281,52.3955623738152,53.3841578903022,
54.3727534067893,55.3613489232764,56.3499444397635,57.3385399562506,57.6166328302774),
 .UNSPECIFIED.);
#668=B_SPLINE_CURVE_WITH_KNOTS('',3,(#4218,#4219,#4220,#4221,#4222,#4223,
#4224,#4225,#4226,#4227,#4228,#4229,#4230,#4231,#4232,#4233,#4234,#4235,
#4236,#4237,#4238,#4239),.UNSPECIFIED.,.F.,.F.,(4,3,3,3,3,3,3,4),(-54.0513366452026,
-53.3841578903022,-52.3955623738152,-51.4069668573281,-50.418371340841,
-49.4297758243539,-48.4411803078668,-47.768151338023),.UNSPECIFIED.);
#669=B_SPLINE_CURVE_WITH_KNOTS('',3,(#4244,#4245,#4246,#4247,#4248,#4249,
#4250,#4251,#4252,#4253,#4254,#4255,#4256,#4257,#4258,#4259,#4260,#4261,
#4262,#4263,#4264,#4265),.UNSPECIFIED.,.F.,.F.,(4,3,3,3,3,3,3,4),(45.0502622159182,
45.4753937584056,46.4639892748927,47.4525847913798,48.4411803078668,49.4297758243539,
50.418371340841,51.3334475230978),.UNSPECIFIED.);
#670=B_SPLINE_CURVE_WITH_KNOTS('',3,(#4266,#4267,#4268,#4269,#4270,#4271,
#4272,#4273,#4274,#4275,#4276,#4277,#4278,#4279,#4280,#4281,#4282,#4283,
#4284,#4285,#4286,#4287,#4288,#4289,#4290),.UNSPECIFIED.,.F.,.F.,(4,3,3,
3,3,3,3,3,4),(-47.768151338023,-47.4525847913798,-46.4639892748927,-45.4753937584056,
-44.4867982419185,-43.4982027254315,-42.5096072089444,-41.5210116924573,
-41.4849660308434),.UNSPECIFIED.);
#671=B_SPLINE_CURVE_WITH_KNOTS('',3,(#4295,#4296,#4297,#4298,#4299,#4300,
#4301,#4302,#4303,#4304,#4305,#4306,#4307,#4308,#4309,#4310,#4311,#4312,
#4313,#4314,#4315,#4316),.UNSPECIFIED.,.F.,.F.,(4,3,3,3,3,3,3,4),(38.7670769087386,
39.5438206594831,40.5324161759702,41.5210116924573,42.5096072089444,43.4982027254314,
44.4867982419185,45.0502622159182),.UNSPECIFIED.);
#672=B_SPLINE_CURVE_WITH_KNOTS('',3,(#4317,#4318,#4319,#4320,#4321,#4322,
#4323,#4324,#4325,#4326,#4327,#4328,#4329,#4330,#4331,#4332,#4333,#4334,
#4335,#4336,#4337,#4338),.UNSPECIFIED.,.F.,.F.,(4,3,3,3,3,3,3,4),(-41.4849660308434,
-40.5324161759702,-39.5438206594831,-38.5552251429961,-37.566629626509,
-36.5780341100219,-35.5894385935348,-35.2017807236638),.UNSPECIFIED.);
#673=B_SPLINE_CURVE_WITH_KNOTS('',3,(#4343,#4344,#4345,#4346,#4347,#4348,
#4349,#4350,#4351,#4352,#4353,#4354,#4355,#4356,#4357,#4358,#4359,#4360,
#4361,#4362,#4363,#4364,#4365,#4366,#4367),.UNSPECIFIED.,.F.,.F.,(4,3,3,
3,3,3,3,3,4),(32.483891601559,32.6236520440736,33.6122475605607,34.6008430770477,
35.5894385935348,36.5780341100219,37.566629626509,38.5552251429961,38.7670769087386),
 .UNSPECIFIED.);
#674=B_SPLINE_CURVE_WITH_KNOTS('',3,(#4368,#4369,#4370,#4371,#4372,#4373,
#4374,#4375,#4376,#4377,#4378,#4379,#4380,#4381,#4382,#4383,#4384,#4385,
#4386,#4387,#4388,#4389),.UNSPECIFIED.,.F.,.F.,(4,3,3,3,3,3,3,4),(-35.2017807236638,
-34.6008430770477,-33.6122475605607,-32.6236520440736,-31.6350565275865,
-30.6464610110994,-29.6578654946124,-28.9185954164842),.UNSPECIFIED.);
#675=B_SPLINE_CURVE_WITH_KNOTS('',3,(#4394,#4395,#4396,#4397,#4398,#4399,
#4400,#4401,#4402,#4403,#4404,#4405,#4406,#4407,#4408,#4409,#4410,#4411,
#4412,#4413,#4414,#4415),.UNSPECIFIED.,.F.,.F.,(4,3,3,3,3,3,3,4),(26.2007062943795,
26.6920789451511,27.6806744616382,28.6692699781253,29.6578654946124,30.6464610110994,
31.6350565275865,32.483891601559),.UNSPECIFIED.);
#676=B_SPLINE_CURVE_WITH_KNOTS('',3,(#4416,#4417,#4418,#4419,#4420,#4421,
#4422,#4423,#4424,#4425,#4426,#4427,#4428,#4429,#4430,#4431,#4432,#4433,
#4434,#4435,#4436,#4437,#4438,#4439,#4440),.UNSPECIFIED.,.F.,.F.,(4,3,3,
3,3,3,3,3,4),(-28.9185954164842,-28.6692699781253,-27.6806744616382,-26.6920789451511,
-25.703483428664,-24.714887912177,-23.7262923956899,-22.7376968792028,-22.6354101093046),
 .UNSPECIFIED.);
#677=B_SPLINE_CURVE_WITH_KNOTS('',3,(#4445,#4446,#4447,#4448,#4449,#4450,
#4451,#4452,#4453,#4454,#4455,#4456,#4457,#4458,#4459,#4460,#4461,#4462,
#4463,#4464,#4465,#4466),.UNSPECIFIED.,.F.,.F.,(4,3,3,3,3,3,3,4),(19.9175209871999,
20.7605058462287,21.7491013627157,22.7376968792028,23.7262923956899,24.714887912177,
25.703483428664,26.2007062943795),.UNSPECIFIED.);
#678=B_SPLINE_CURVE_WITH_KNOTS('',3,(#4467,#4468,#4469,#4470,#4471,#4472,
#4473,#4474,#4475,#4476,#4477,#4478,#4479,#4480,#4481,#4482,#4483,#4484,
#4485,#4486,#4487,#4488),.UNSPECIFIED.,.F.,.F.,(4,3,3,3,3,3,3,4),(-22.6354101093046,
-21.7491013627157,-20.7605058462287,-19.7719103297416,-18.7833148132545,
-17.7947192967674,-16.8061237802803,-16.352224802125),.UNSPECIFIED.);
#679=B_SPLINE_CURVE_WITH_KNOTS('',3,(#4493,#4494,#4495,#4496,#4497,#4498,
#4499,#4500,#4501,#4502,#4503,#4504,#4505,#4506,#4507,#4508,#4509,#4510,
#4511,#4512,#4513,#4514,#4515,#4516,#4517),.UNSPECIFIED.,.F.,.F.,(4,3,3,
3,3,3,3,3,4),(13.6343356800203,13.8403372308191,14.8289327473062,15.8175282637933,
16.8061237802803,17.7947192967674,18.7833148132545,19.7719103297416,19.9175209871999),
 .UNSPECIFIED.);
#680=B_SPLINE_CURVE_WITH_KNOTS('',3,(#4518,#4519,#4520,#4521,#4522,#4523,
#4524,#4525,#4526,#4527,#4528,#4529,#4530,#4531,#4532,#4533,#4534,#4535,
#4536,#4537,#4538,#4539),.UNSPECIFIED.,.F.,.F.,(4,3,3,3,3,3,3,4),(-16.352224802125,
-15.8175282637933,-14.8289327473062,-13.8403372308191,-12.851741714332,
-11.8631461978449,-10.8745506813579,-10.0690394949454),.UNSPECIFIED.);
#681=B_SPLINE_CURVE_WITH_KNOTS('',3,(#4545,#4546,#4547,#4548,#4549,#4550,
#4551,#4552,#4553,#4554,#4555,#4556,#4557),.UNSPECIFIED.,.F.,.F.,(4,3,3,
3,4),(-3.78585418776585,-2.96578654946123,-1.97719103297416,-0.988595516487077,
0.),.UNSPECIFIED.);
#682=B_SPLINE_CURVE_WITH_KNOTS('',3,(#4560,#4561,#4562,#4563,#4564,#4565,
#4566,#4567,#4568,#4569,#4570,#4571,#4572,#4573,#4574,#4575,#4576,#4577,
#4578,#4579,#4580,#4581),.UNSPECIFIED.,.F.,.F.,(4,3,3,3,3,3,3,4),(1.71222659983713,
1.97719103297416,2.96578654946124,3.95438206594832,4.9429775824354,5.93157309892247,
6.92016861540955,7.35115037284069),.UNSPECIFIED.);
#683=B_SPLINE_CURVE_WITH_KNOTS('',3,(#4587,#4588,#4589,#4590,#4591,#4592,
#4593,#4594),.UNSPECIFIED.,.F.,.F.,(4,1,1,1,1,4),(84.8230016469244,85.0781773002269,
86.066772816714,87.055368333201,88.0439638496881,89.0325593661752),
 .UNSPECIFIED.);
#684=B_SPLINE_CURVE_WITH_KNOTS('',3,(#4597,#4598,#4599,#4600,#4601,#4602,
#4603,#4604,#4605,#4606),.UNSPECIFIED.,.F.,.F.,(4,1,1,1,1,1,1,4),(84.8230016469244,
84.8302798728703,85.8188753893574,86.8074709058445,87.7960664223316,88.7846619388186,
89.7732574553057,90.0382218884428),.UNSPECIFIED.);
#685=B_SPLINE_CURVE_WITH_KNOTS('',3,(#4611,#4612,#4613,#4614,#4615,#4616,
#4617,#4618,#4619,#4620),.UNSPECIFIED.,.F.,.F.,(4,1,1,1,1,1,1,4),(78.5398163397448,
79.1466042013044,80.1351997177915,81.1237952342786,82.1123907507657,83.1009862672527,
84.0895817837398,84.8230016469244),.UNSPECIFIED.);
#686=B_SPLINE_CURVE_WITH_KNOTS('',3,(#4621,#4622,#4623,#4624,#4625,#4626,
#4627,#4628,#4629,#4630),.UNSPECIFIED.,.F.,.F.,(4,1,1,1,1,1,1,4),(78.5398163397448,
78.8987067739479,79.8873022904349,80.875897806922,81.8644933234091,82.8530888398962,
83.8416843563832,84.8230016469244),.UNSPECIFIED.);
#687=B_SPLINE_CURVE_WITH_KNOTS('',3,(#4635,#4636,#4637,#4638,#4639,#4640,
#4641,#4642,#4643,#4644),.UNSPECIFIED.,.F.,.F.,(4,1,1,1,1,1,1,4),(72.2566310325652,
73.2150311023819,74.203626618869,75.1922221353561,76.1808176518432,77.1694131683303,
78.1580086848173,78.5398163397448),.UNSPECIFIED.);
#688=B_SPLINE_CURVE_WITH_KNOTS('',3,(#4645,#4646,#4647,#4648,#4649,#4650,
#4651,#4652,#4653,#4654),.UNSPECIFIED.,.F.,.F.,(4,1,1,1,1,1,1,4),(72.2566310325652,
72.9671336750254,73.9557291915125,74.9443247079995,75.9329202244866,76.9215157409737,
77.9101112574608,78.5398163397448),.UNSPECIFIED.);
#689=B_SPLINE_CURVE_WITH_KNOTS('',3,(#4659,#4660,#4661,#4662,#4663,#4664,
#4665,#4666,#4667,#4668,#4669),.UNSPECIFIED.,.F.,.F.,(4,1,1,1,1,1,1,1,4),
(65.9734457253856,66.2948624869724,67.2834580034595,68.2720535199466,69.2606490364336,
70.2492445529207,71.2378400694078,72.2264355858949,72.2566310325652),
 .UNSPECIFIED.);
#690=B_SPLINE_CURVE_WITH_KNOTS('',3,(#4670,#4671,#4672,#4673,#4674,#4675,
#4676,#4677,#4678,#4679,#4680),.UNSPECIFIED.,.F.,.F.,(4,1,1,1,1,1,1,1,4),
(65.9734457253856,66.0469650596158,67.0355605761029,68.02415609259,69.0127516090771,
70.0013471255642,70.9899426420512,71.9785381585383,72.2566310325652),
 .UNSPECIFIED.);
#691=B_SPLINE_CURVE_WITH_KNOTS('',3,(#4685,#4686,#4687,#4688,#4689,#4690,
#4691,#4692,#4693,#4694),.UNSPECIFIED.,.F.,.F.,(4,1,1,1,1,1,1,4),(59.690260418206,
60.3632893880499,61.351884904537,62.3404804210241,63.3290759375112,64.3176714539982,
65.3062669704853,65.9734457253856),.UNSPECIFIED.);
#692=B_SPLINE_CURVE_WITH_KNOTS('',3,(#4695,#4696,#4697,#4698,#4699,#4700,
#4701,#4702,#4703,#4704),.UNSPECIFIED.,.F.,.F.,(4,1,1,1,1,1,1,4),(59.690260418206,
60.1153919606934,61.1039874771804,62.0925829936675,63.0811785101546,64.0697740266417,
65.0583695431288,65.9734457253856),.UNSPECIFIED.);
#693=B_SPLINE_CURVE_WITH_KNOTS('',3,(#4709,#4710,#4711,#4712,#4713,#4714,
#4715,#4716,#4717,#4718,#4719),.UNSPECIFIED.,.F.,.F.,(4,1,1,1,1,1,1,1,4),
(53.4070751110264,53.4431207726404,54.4317162891275,55.4203118056145,56.4089073221016,
57.3975028385887,58.3860983550758,59.3746938715628,59.690260418206),
 .UNSPECIFIED.);
#694=B_SPLINE_CURVE_WITH_KNOTS('',3,(#4720,#4721,#4722,#4723,#4724,#4725,
#4726,#4727,#4728,#4729),.UNSPECIFIED.,.F.,.F.,(4,1,1,1,1,1,1,4),(53.4070751110265,
54.1838188617709,55.172414378258,56.1610098947451,57.1496054112321,58.1382009277192,
59.1267964442063,59.690260418206),.UNSPECIFIED.);
#695=B_SPLINE_CURVE_WITH_KNOTS('',3,(#4734,#4735,#4736,#4737,#4738,#4739,
#4740,#4741,#4742,#4743),.UNSPECIFIED.,.F.,.F.,(4,1,1,1,1,1,1,4),(47.1238898038469,
47.5115476737179,48.500143190205,49.4887387066921,50.4773342231791,51.4659297396662,
52.4545252561533,53.4070751110264),.UNSPECIFIED.);
#696=B_SPLINE_CURVE_WITH_KNOTS('',3,(#4744,#4745,#4746,#4747,#4748,#4749,
#4750,#4751,#4752,#4753,#4754),.UNSPECIFIED.,.F.,.F.,(4,1,1,1,1,1,1,1,4),
(47.1238898038469,47.2636502463614,48.2522457628484,49.2408412793355,50.2294367958226,
51.2180323123097,52.2066278287967,53.1952233452838,53.4070751110265),
 .UNSPECIFIED.);
#697=B_SPLINE_CURVE_WITH_KNOTS('',3,(#4759,#4760,#4761,#4762,#4763,#4764,
#4765,#4766,#4767,#4768),.UNSPECIFIED.,.F.,.F.,(4,1,1,1,1,1,1,4),(40.8407044966673,
41.5799745747954,42.5685700912825,43.5571656077696,44.5457611242567,45.5343566407437,
46.5229521572308,47.1238898038469),.UNSPECIFIED.);
#698=B_SPLINE_CURVE_WITH_KNOTS('',3,(#4769,#4770,#4771,#4772,#4773,#4774,
#4775,#4776,#4777,#4778),.UNSPECIFIED.,.F.,.F.,(4,1,1,1,1,1,1,4),(40.8407044966673,
41.3320771474389,42.320672663926,43.309268180413,44.2978636969001,45.2864592133872,
46.2750547298743,47.1238898038469),.UNSPECIFIED.);
#699=B_SPLINE_CURVE_WITH_KNOTS('',3,(#4783,#4784,#4785,#4786,#4787,#4788,
#4789,#4790,#4791,#4792,#4793),.UNSPECIFIED.,.F.,.F.,(4,1,1,1,1,1,1,1,4),
(34.5575191894877,34.6598059593859,35.648401475873,36.63699699236,37.6255925088471,
38.6141880253342,39.6027835418213,40.5913790583084,40.8407044966673),
 .UNSPECIFIED.);
#700=B_SPLINE_CURVE_WITH_KNOTS('',3,(#4794,#4795,#4796,#4797,#4798,#4799,
#4800,#4801,#4802,#4803),.UNSPECIFIED.,.F.,.F.,(4,1,1,1,1,1,1,4),(34.5575191894877,
35.4005040485164,36.3890995650035,37.3776950814906,38.3662905979776,39.3548861144647,
40.3434816309518,40.8407044966673),.UNSPECIFIED.);
#701=B_SPLINE_CURVE_WITH_KNOTS('',3,(#4808,#4809,#4810,#4811,#4812,#4813,
#4814,#4815,#4816,#4817),.UNSPECIFIED.,.F.,.F.,(4,1,1,1,1,1,1,4),(28.2743338823081,
28.7282328604634,29.7168283769505,30.7054238934376,31.6940194099246,32.6826149264117,
33.6712104428988,34.5575191894877),.UNSPECIFIED.);
#702=B_SPLINE_CURVE_WITH_KNOTS('',3,(#4818,#4819,#4820,#4821,#4822,#4823,
#4824,#4825,#4826,#4827,#4828),.UNSPECIFIED.,.F.,.F.,(4,1,1,1,1,1,1,1,4),
(28.2743338823081,28.4803354331069,29.4689309495939,30.457526466081,31.4461219825681,
32.4347174990552,33.4233130155423,34.4119085320293,34.5575191894877),
 .UNSPECIFIED.);
#703=B_SPLINE_CURVE_WITH_KNOTS('',3,(#4833,#4834,#4835,#4836,#4837,#4838,
#4839,#4840,#4841,#4842),.UNSPECIFIED.,.F.,.F.,(4,1,1,1,1,1,1,4),(21.9911485751285,
22.7966597615409,23.785255278028,24.7738507945151,25.7624463110022,26.7510418274893,
27.7396373439763,28.2743338823081),.UNSPECIFIED.);
#704=B_SPLINE_CURVE_WITH_KNOTS('',3,(#4843,#4844,#4845,#4846,#4847,#4848,
#4849,#4850,#4851,#4852),.UNSPECIFIED.,.F.,.F.,(4,1,1,1,1,1,1,4),(21.9911485751285,
22.5487623341844,23.5373578506715,24.5259533671586,25.5145488836456,26.5031444001327,
27.4917399166198,28.2743338823081),.UNSPECIFIED.);
#705=B_SPLINE_CURVE_WITH_KNOTS('',3,(#4858,#4859,#4860,#4861,#4862),
 .UNSPECIFIED.,.F.,.F.,(4,1,4),(14.6399982022878,15.6285937187748,15.7079632679489),
 .UNSPECIFIED.);
#706=B_SPLINE_CURVE_WITH_KNOTS('',3,(#4865,#4866,#4867,#4868,#4869,#4870),
 .UNSPECIFIED.,.F.,.F.,(4,1,1,4),(13.6343356800202,13.8993001131572,14.8878956296443,
15.7079632679489),.UNSPECIFIED.);
#707=B_SPLINE_CURVE_WITH_KNOTS('',3,(#5046,#5047,#5048,#5049),
 .UNSPECIFIED.,.F.,.F.,(4,4),(0.,0.0665300883511064),.UNSPECIFIED.);
#708=B_SPLINE_CURVE_WITH_KNOTS('',3,(#5060,#5061,#5062,#5063,#5064,#5065,
#5066,#5067,#5068,#5069,#5070),.UNSPECIFIED.,.F.,.F.,(4,1,1,1,1,1,1,1,4),
(15.7079632679489,15.8764911461314,16.8650866626185,17.8536821791055,18.8422776955926,
19.8308732120797,20.8194687285668,21.8080642450539,21.9911485751285),
 .UNSPECIFIED.);
#709=B_SPLINE_CURVE_WITH_KNOTS('',3,(#5071,#5072,#5073,#5074,#5075,#5076,
#5077,#5078,#5079,#5080),.UNSPECIFIED.,.F.,.F.,(4,1,1,1,1,1,1,4),(15.7079632679489,
16.6171892352619,17.605784751749,18.5943802682361,19.5829757847232,20.5715713012102,
21.5601668176973,21.9911485751285),.UNSPECIFIED.);
#710=B_SPLINE_CURVE_WITH_KNOTS('',3,(#5405,#5406,#5407,#5408,#5409,#5410,
#5411,#5412,#5413,#5414,#5415,#5416,#5417,#5418,#5419,#5420,#5421,#5422,
#5423,#5424,#5425,#5426,#5427,#5428,#5429,#5430,#5431,#5432,#5433,#5434,
#5435,#5436,#5437,#5438,#5439,#5440,#5441,#5442,#5443,#5444),
 .UNSPECIFIED.,.F.,.F.,(4,3,3,3,3,3,3,3,3,3,3,3,3,4),(-0.326867331054381,
-0.293524818056768,-0.271028897408841,-0.248684574805708,-0.215275530289344,
-0.194783536033094,-0.16076687465865,-0.141320351393038,-0.130605552746842,
-0.0979541645601314,-0.0690768129234217,-0.0509760921411242,-0.00663338707698536,
0.),.UNSPECIFIED.);
#711=B_SPLINE_CURVE_WITH_KNOTS('',3,(#5445,#5446,#5447,#5448,#5449,#5450,
#5451,#5452,#5453,#5454,#5455,#5456,#5457,#5458,#5459,#5460,#5461,#5462,
#5463,#5464,#5465,#5466,#5467,#5468,#5469,#5470,#5471,#5472,#5473,#5474,
#5475,#5476,#5477,#5478,#5479,#5480,#5481),.UNSPECIFIED.,.F.,.F.,(4,3,3,
3,3,3,3,3,3,3,3,3,4),(0.,0.0433406620218852,0.0638296549297861,0.0790771124758106,
0.117638162268582,0.13778888900647,0.155412115964446,0.181198998277957,
0.21157185406067,0.231947293401655,0.264608349450229,0.28360935027528,0.326867331054444),
 .UNSPECIFIED.);
#712=B_SPLINE_CURVE_WITH_KNOTS('',3,(#5482,#5483,#5484,#5485,#5486,#5487,
#5488,#5489,#5490,#5491,#5492,#5493,#5494,#5495,#5496,#5497,#5498,#5499,
#5500,#5501,#5502,#5503,#5504,#5505,#5506),.UNSPECIFIED.,.F.,.F.,(4,3,3,
3,3,3,3,3,4),(-10.0690394949454,-9.88595516487078,-8.8973596483837,-7.90876413189663,
-6.92016861540955,-5.93157309892247,-4.94297758243539,-3.95438206594831,
-3.78585418776585),.UNSPECIFIED.);
#713=B_SPLINE_CURVE_WITH_KNOTS('',3,(#5831,#5832,#5833,#5834,#5835,#5836,
#5837,#5838,#5839,#5840,#5841,#5842,#5843,#5844,#5845,#5846,#5847,#5848,
#5849,#5850,#5851,#5852,#5853,#5854,#5855,#5856,#5857,#5858,#5859,#5860,
#5861,#5862,#5863,#5864,#5865,#5866,#5867),.UNSPECIFIED.,.F.,.F.,(4,3,3,
3,3,3,3,3,3,3,3,3,4),(-0.328226035497203,-0.292677540001547,-0.265034227239018,
-0.231424971631314,-0.213304193121282,-0.177142749874447,-0.156437791336576,
-0.146459610824372,-0.109337579856191,-0.0854187152611895,-0.0670051549496416,
-0.0160002962130464,0.),.UNSPECIFIED.);
#714=B_SPLINE_CURVE_WITH_KNOTS('',3,(#5868,#5869,#5870,#5871,#5872,#5873,
#5874,#5875,#5876,#5877,#5878,#5879,#5880,#5881,#5882,#5883,#5884,#5885,
#5886,#5887,#5888,#5889),.UNSPECIFIED.,.F.,.F.,(4,3,3,3,3,3,3,4),(7.35115037284069,
7.90876413189663,8.89735964838371,9.88595516487079,10.8745506813579,11.8631461978449,
12.851741714332,13.6343356800203),.UNSPECIFIED.);
#715=B_SPLINE_CURVE_WITH_KNOTS('',3,(#5890,#5891,#5892,#5893,#5894,#5895,
#5896,#5897,#5898,#5899,#5900,#5901,#5902,#5903,#5904,#5905,#5906,#5907,
#5908,#5909,#5910,#5911,#5912,#5913,#5914,#5915,#5916,#5917,#5918,#5919,
#5920,#5921,#5922,#5923),.UNSPECIFIED.,.F.,.F.,(4,3,3,3,3,3,3,3,3,3,3,4),
(0.,0.0493179457871037,0.0758275526841176,0.0921356861262015,0.14088340553401,
0.158491127496199,0.197271783148415,0.224967996038362,0.242400748158742,
0.275999120881849,0.295506046871796,0.328226035497135),.UNSPECIFIED.);
#716=B_SPLINE_CURVE_WITH_KNOTS('',3,(#5985,#5986,#5987,#5988),
 .UNSPECIFIED.,.F.,.F.,(4,4),(-0.00644235293788811,-1.81334442741585E-16),
 .UNSPECIFIED.);
#717=B_SPLINE_CURVE_WITH_KNOTS('',3,(#5989,#5990,#5991,#5992),
 .UNSPECIFIED.,.F.,.F.,(4,4),(1.81334442741585E-16,0.00644235293788811),
 .UNSPECIFIED.);
#718=B_SPLINE_CURVE_WITH_KNOTS('',3,(#6019,#6020,#6021,#6022),
 .UNSPECIFIED.,.F.,.F.,(4,4),(-0.0665300883511064,0.),.UNSPECIFIED.);
#719=B_SPLINE_CURVE_WITH_KNOTS('',3,(#6184,#6185,#6186,#6187),
 .UNSPECIFIED.,.F.,.F.,(4,4),(-0.0665295646089306,0.),.UNSPECIFIED.);
#720=B_SPLINE_CURVE_WITH_KNOTS('',3,(#6190,#6191,#6192,#6193),
 .UNSPECIFIED.,.F.,.F.,(4,4),(0.,0.0665295646089306),.UNSPECIFIED.);
#721=B_SPLINE_CURVE_WITH_KNOTS('',3,(#6223,#6224,#6225,#6226),
 .UNSPECIFIED.,.F.,.F.,(4,4),(-0.00644235293788632,0.),.UNSPECIFIED.);
#722=B_SPLINE_CURVE_WITH_KNOTS('',3,(#6227,#6228,#6229,#6230),
 .UNSPECIFIED.,.F.,.F.,(4,4),(0.,0.00644235293788632),.UNSPECIFIED.);
#723=B_SPLINE_CURVE_WITH_KNOTS('',3,(#6312,#6313,#6314,#6315,#6316,#6317,
#6318,#6319,#6320,#6321,#6322,#6323,#6324,#6325),.UNSPECIFIED.,.F.,.F.,
(4,2,2,2,2,2,4),(-0.119993600864838,-0.102013073938156,-0.0814287777621379,
-0.0539334877473513,-0.0274800566138788,0.,0.000488135392433159),
 .UNSPECIFIED.);
#724=B_SPLINE_CURVE_WITH_KNOTS('',3,(#6328,#6329,#6330,#6331,#6332,#6333,
#6334,#6335,#6336,#6337,#6338,#6339,#6340,#6341,#6342,#6343),
 .UNSPECIFIED.,.F.,.F.,(4,2,2,2,2,2,2,4),(-0.280573486154325,-0.279981063436178,
-0.249046219764183,-0.219097349633434,-0.184428107638213,-0.158769234264911,
-0.136836973869984,-0.134369969539455),.UNSPECIFIED.);
#725=B_SPLINE_CURVE_WITH_KNOTS('',3,(#6372,#6373,#6374,#6375,#6376,#6377,
#6378,#6379,#6380,#6381,#6382,#6383,#6384,#6385),.UNSPECIFIED.,.F.,.F.,
(4,2,2,2,2,2,4),(-0.231096712502962,-0.230694506181901,-0.22660496298311,
-0.189003514477039,-0.159030396205987,-0.136536005007477,-0.119978397786696),
 .UNSPECIFIED.);
#726=B_SPLINE_CURVE_WITH_KNOTS('',3,(#6386,#6387,#6388,#6389,#6390,#6391,
#6392,#6393,#6394,#6395,#6396,#6397,#6398,#6399),.UNSPECIFIED.,.F.,.F.,
(4,2,2,2,2,2,4),(-0.00048813539148974,0.,0.00496325063426632,0.0505980328132631,
0.086974735782948,0.114274924562497,0.134369969539528),.UNSPECIFIED.);
#727=B_SPLINE_CURVE_WITH_KNOTS('',3,(#6427,#6428,#6429,#6430,#6431,#6432,
#6433,#6434,#6435,#6436,#6437,#6438,#6439,#6440),.UNSPECIFIED.,.F.,.F.,
(4,2,2,2,2,2,4),(-0.20505794337989,-0.204681645852089,-0.190274541297487,
-0.17593745842717,-0.15037939696911,-0.126065207945763,-0.102340822926006),
 .UNSPECIFIED.);
#728=B_SPLINE_CURVE_WITH_KNOTS('',3,(#6473,#6474,#6475,#6476,#6477,#6478,
#6479,#6480,#6481,#6482,#6483,#6484,#6485,#6486),.UNSPECIFIED.,.F.,.F.,
(4,2,2,2,2,2,4),(-0.00037629752807805,0.,0.0144071045593884,0.0287441874353222,
0.054302248903392,0.0786164379362623,0.102340822965312),.UNSPECIFIED.);
#729=B_SPLINE_CURVE_WITH_KNOTS('',3,(#6623,#6624,#6625,#6626,#6627,#6628,
#6629,#6630,#6631,#6632,#6633,#6634,#6635,#6636,#6637,#6638,#6639,#6640,
#6641,#6642,#6643,#6644),.UNSPECIFIED.,.F.,.F.,(4,3,3,3,3,3,3,4),(-1.1368734750935,
-1.10054552463135,-1.06464646149004,-1.05956404965413,-1.00594049085336,
-0.992457656832126,-0.927720440692762,-0.884148360033964),.UNSPECIFIED.);
#730=B_SPLINE_CURVE_WITH_KNOTS('',3,(#6646,#6647,#6648,#6649,#6650,#6651,
#6652,#6653,#6654,#6655),.UNSPECIFIED.,.F.,.F.,(4,2,2,2,4),(-0.000408095107655648,
0.,0.0810903519511283,0.163304284326475,0.224252771752685),
 .UNSPECIFIED.);
#731=B_SPLINE_CURVE_WITH_KNOTS('',3,(#6656,#6657,#6658,#6659,#6660),
 .UNSPECIFIED.,.F.,.F.,(4,1,4),(1.06777948775557,1.1007698872267,1.13687347509351),
 .UNSPECIFIED.);
#732=B_SPLINE_CURVE_WITH_KNOTS('',3,(#6718,#6719,#6720,#6721,#6722,#6723,
#6724,#6725,#6726,#6727),.UNSPECIFIED.,.F.,.F.,(4,2,2,2,4),(0.,0.0425417511240826,
0.0999266805576719,0.156527604512188,0.156812503557801),.UNSPECIFIED.);
#733=B_SPLINE_CURVE_WITH_KNOTS('',3,(#6728,#6729,#6730,#6731,#6732,#6733,
#6734),.UNSPECIFIED.,.F.,.F.,(4,1,1,1,4),(-2.52647206525471,-2.41816130165427,
-2.34595412592064,-2.30985053805382,-2.27374695018701),.UNSPECIFIED.);
#734=B_SPLINE_CURVE_WITH_KNOTS('',3,(#6735,#6736,#6737,#6738,#6739),
 .UNSPECIFIED.,.F.,.F.,(4,1,4),(2.27374695018701,2.30985053805382,2.34284093754775),
 .UNSPECIFIED.);
#735=B_SPLINE_CURVE_WITH_KNOTS('',3,(#6781,#6782,#6783,#6784,#6785,#6786,
#6787,#6788,#6789,#6790,#6791,#6792),.UNSPECIFIED.,.F.,.F.,(4,2,2,2,2,4),
(-0.219180544069007,-0.205836673697009,-0.185366380291128,-0.166751809457712,
-0.147309546981184,-0.143728020027547),.UNSPECIFIED.);
#736=B_SPLINE_CURVE_WITH_KNOTS('',3,(#6796,#6797,#6798,#6799,#6800,#6801,
#6802,#6803,#6804,#6805),.UNSPECIFIED.,.F.,.F.,(4,2,2,2,4),(-0.0770870751834215,
-0.0648318760758783,-0.0452576823499488,-0.0237425910084049,0.),
 .UNSPECIFIED.);
#737=B_SPLINE_CURVE_WITH_KNOTS('',3,(#6810,#6811,#6812,#6813),
 .UNSPECIFIED.,.F.,.F.,(4,4),(0.48485301970074,0.540351107787855),
 .UNSPECIFIED.);
#738=B_SPLINE_CURVE_WITH_KNOTS('',3,(#6854,#6855,#6856,#6857,#6858,#6859,
#6860,#6861,#6862,#6863,#6864,#6865,#6866,#6867,#6868,#6869,#6870,#6871,
#6872,#6873),.UNSPECIFIED.,.F.,.F.,(4,2,2,2,2,2,2,2,2,4),(-0.161367867359025,
-0.161109820486039,-0.145998617660694,-0.129350028126743,-0.115145750032186,
-0.10787611526351,-0.100389490278216,-0.0985849602227216,-0.0974139332240874,
-0.0968476711275696),.UNSPECIFIED.);
#739=B_SPLINE_CURVE_WITH_KNOTS('',3,(#6878,#6879,#6880,#6881,#6882,#6883),
 .UNSPECIFIED.,.F.,.F.,(4,2,4),(-0.000462037738567134,0.,0.0163061376094095),
 .UNSPECIFIED.);
#740=B_SPLINE_CURVE_WITH_KNOTS('',3,(#6908,#6909,#6910,#6911),
 .UNSPECIFIED.,.F.,.F.,(4,4),(0.0933239648177391,0.109381029401999),
 .UNSPECIFIED.);
#741=B_SPLINE_CURVE_WITH_KNOTS('',3,(#6986,#6987,#6988,#6989,#6990,#6991,
#6992,#6993,#6994,#6995,#6996,#6997,#6998,#6999),.UNSPECIFIED.,.F.,.F.,
(4,2,2,2,2,2,4),(0.404416831210148,0.406334460997135,0.408933125724018,
0.420018403549533,0.450990473617832,0.48196254368613,0.657126382022629),
 .UNSPECIFIED.);
#742=B_SPLINE_CURVE_WITH_KNOTS('',3,(#7002,#7003,#7004,#7005,#7006,#7007,
#7008,#7009,#7010,#7011,#7012,#7013,#7014,#7015),.UNSPECIFIED.,.F.,.F.,
(4,2,2,2,2,2,4),(0.151987917935489,0.327151756271988,0.358123826340287,
0.389095896408585,0.4001811742341,0.402779838960984,0.40469746874797),
 .UNSPECIFIED.);
#743=B_SPLINE_CURVE_WITH_KNOTS('',3,(#7027,#7028,#7029,#7030),
 .UNSPECIFIED.,.F.,.F.,(4,4),(0.083566777280451,0.139064865367549),
 .UNSPECIFIED.);
#744=B_SPLINE_CURVE_WITH_KNOTS('',3,(#7032,#7033,#7034,#7035,#7036,#7037,
#7038,#7039,#7040,#7041,#7042,#7043,#7044,#7045),.UNSPECIFIED.,.F.,.F.,
(4,2,2,2,2,2,4),(0.151987917935491,0.327151756271991,0.358123826340289,
0.389095896408586,0.400181174234101,0.402779838960985,0.404697468747971),
 .UNSPECIFIED.);
#745=B_SPLINE_CURVE_WITH_KNOTS('',3,(#7046,#7047,#7048,#7049,#7050,#7051,
#7052,#7053,#7054,#7055,#7056,#7057,#7058,#7059),.UNSPECIFIED.,.F.,.F.,
(4,2,2,2,2,2,4),(0.404697468747971,0.406615098534957,0.40921376326184,0.420299041087355,
0.451271111155652,0.48224318122395,0.657407019560451),.UNSPECIFIED.);
#746=LINE('',#4018,#906);
#747=LINE('',#4042,#907);
#748=LINE('',#4093,#908);
#749=LINE('',#4141,#909);
#750=LINE('',#4192,#910);
#751=LINE('',#4243,#911);
#752=LINE('',#4294,#912);
#753=LINE('',#4342,#913);
#754=LINE('',#4393,#914);
#755=LINE('',#4444,#915);
#756=LINE('',#4492,#916);
#757=LINE('',#4543,#917);
#758=LINE('',#4585,#918);
#759=LINE('',#4610,#919);
#760=LINE('',#4634,#920);
#761=LINE('',#4658,#921);
#762=LINE('',#4684,#922);
#763=LINE('',#4708,#923);
#764=LINE('',#4733,#924);
#765=LINE('',#4758,#925);
#766=LINE('',#4782,#926);
#767=LINE('',#4807,#927);
#768=LINE('',#4832,#928);
#769=LINE('',#4856,#929);
#770=LINE('',#4955,#930);
#771=LINE('',#4960,#931);
#772=LINE('',#4963,#932);
#773=LINE('',#4967,#933);
#774=LINE('',#5044,#934);
#775=LINE('',#5052,#935);
#776=LINE('',#5057,#936);
#777=LINE('',#6053,#937);
#778=LINE('',#6054,#938);
#779=LINE('',#6059,#939);
#780=LINE('',#6060,#940);
#781=LINE('',#6079,#941);
#782=LINE('',#6080,#942);
#783=LINE('',#6096,#943);
#784=LINE('',#6097,#944);
#785=LINE('',#6099,#945);
#786=LINE('',#6100,#946);
#787=LINE('',#6105,#947);
#788=LINE('',#6106,#948);
#789=LINE('',#6125,#949);
#790=LINE('',#6126,#950);
#791=LINE('',#6142,#951);
#792=LINE('',#6143,#952);
#793=LINE('',#6147,#953);
#794=LINE('',#6148,#954);
#795=LINE('',#6150,#955);
#796=LINE('',#6151,#956);
#797=LINE('',#6156,#957);
#798=LINE('',#6157,#958);
#799=LINE('',#6268,#959);
#800=LINE('',#6270,#960);
#801=LINE('',#6271,#961);
#802=LINE('',#6272,#962);
#803=LINE('',#6273,#963);
#804=LINE('',#6275,#964);
#805=LINE('',#6277,#965);
#806=LINE('',#6281,#966);
#807=LINE('',#6283,#967);
#808=LINE('',#6286,#968);
#809=LINE('',#6289,#969);
#810=LINE('',#6291,#970);
#811=LINE('',#6293,#971);
#812=LINE('',#6299,#972);
#813=LINE('',#6305,#973);
#814=LINE('',#6345,#974);
#815=LINE('',#6346,#975);
#816=LINE('',#6349,#976);
#817=LINE('',#6352,#977);
#818=LINE('',#6358,#978);
#819=LINE('',#6362,#979);
#820=LINE('',#6366,#980);
#821=LINE('',#6401,#981);
#822=LINE('',#6402,#982);
#823=LINE('',#6406,#983);
#824=LINE('',#6410,#984);
#825=LINE('',#6414,#985);
#826=LINE('',#6444,#986);
#827=LINE('',#6452,#987);
#828=LINE('',#6458,#988);
#829=LINE('',#6466,#989);
#830=LINE('',#6467,#990);
#831=LINE('',#6471,#991);
#832=LINE('',#6494,#992);
#833=LINE('',#6500,#993);
#834=LINE('',#6504,#994);
#835=LINE('',#6507,#995);
#836=LINE('',#6508,#996);
#837=LINE('',#6510,#997);
#838=LINE('',#6513,#998);
#839=LINE('',#6520,#999);
#840=LINE('',#6523,#1000);
#841=LINE('',#6526,#1001);
#842=LINE('',#6528,#1002);
#843=LINE('',#6529,#1003);
#844=LINE('',#6535,#1004);
#845=LINE('',#6538,#1005);
#846=LINE('',#6540,#1006);
#847=LINE('',#6541,#1007);
#848=LINE('',#6547,#1008);
#849=LINE('',#6550,#1009);
#850=LINE('',#6552,#1010);
#851=LINE('',#6553,#1011);
#852=LINE('',#6559,#1012);
#853=LINE('',#6561,#1013);
#854=LINE('',#6562,#1014);
#855=LINE('',#6568,#1015);
#856=LINE('',#6665,#1016);
#857=LINE('',#6666,#1017);
#858=LINE('',#6742,#1018);
#859=LINE('',#6748,#1019);
#860=LINE('',#6752,#1020);
#861=LINE('',#6756,#1021);
#862=LINE('',#6760,#1022);
#863=LINE('',#6763,#1023);
#864=LINE('',#6769,#1024);
#865=LINE('',#6775,#1025);
#866=LINE('',#6779,#1026);
#867=LINE('',#6794,#1027);
#868=LINE('',#6806,#1028);
#869=LINE('',#6809,#1029);
#870=LINE('',#6816,#1030);
#871=LINE('',#6818,#1031);
#872=LINE('',#6819,#1032);
#873=LINE('',#6823,#1033);
#874=LINE('',#6889,#1034);
#875=LINE('',#6892,#1035);
#876=LINE('',#6896,#1036);
#877=LINE('',#6900,#1037);
#878=LINE('',#6904,#1038);
#879=LINE('',#6906,#1039);
#880=LINE('',#6912,#1040);
#881=LINE('',#6923,#1041);
#882=LINE('',#6924,#1042);
#883=LINE('',#6935,#1043);
#884=LINE('',#6936,#1044);
#885=LINE('',#6947,#1045);
#886=LINE('',#6948,#1046);
#887=LINE('',#6956,#1047);
#888=LINE('',#6957,#1048);
#889=LINE('',#6959,#1049);
#890=LINE('',#6961,#1050);
#891=LINE('',#6963,#1051);
#892=LINE('',#6965,#1052);
#893=LINE('',#6967,#1053);
#894=LINE('',#6970,#1054);
#895=LINE('',#6972,#1055);
#896=LINE('',#6975,#1056);
#897=LINE('',#6982,#1057);
#898=LINE('',#7018,#1058);
#899=LINE('',#7021,#1059);
#900=LINE('',#7064,#1060);
#901=LINE('',#7065,#1061);
#902=LINE('',#7067,#1062);
#903=LINE('',#7070,#1063);
#904=LINE('',#7071,#1064);
#905=LINE('',#7073,#1065);
#906=VECTOR('',#3198,0.0675);
#907=VECTOR('',#3203,0.0675);
#908=VECTOR('',#3206,0.0675);
#909=VECTOR('',#3209,0.0675);
#910=VECTOR('',#3212,0.0675);
#911=VECTOR('',#3215,0.0675);
#912=VECTOR('',#3218,0.0675);
#913=VECTOR('',#3221,0.0675);
#914=VECTOR('',#3224,0.0675);
#915=VECTOR('',#3227,0.0675);
#916=VECTOR('',#3230,0.0675);
#917=VECTOR('',#3233,0.0675);
#918=VECTOR('',#3238,0.0820000000000001);
#919=VECTOR('',#3243,0.0820000000000001);
#920=VECTOR('',#3246,0.0820000000000001);
#921=VECTOR('',#3249,0.0820000000000001);
#922=VECTOR('',#3252,0.0820000000000001);
#923=VECTOR('',#3255,0.0820000000000001);
#924=VECTOR('',#3258,0.0820000000000001);
#925=VECTOR('',#3261,0.0820000000000001);
#926=VECTOR('',#3264,0.0820000000000001);
#927=VECTOR('',#3267,0.0820000000000001);
#928=VECTOR('',#3270,0.0820000000000001);
#929=VECTOR('',#3273,0.0820000000000001);
#930=VECTOR('',#3312,0.393700787401575);
#931=VECTOR('',#3317,0.393700787401575);
#932=VECTOR('',#3320,0.393700787401575);
#933=VECTOR('',#3325,0.393700787401575);
#934=VECTOR('',#3356,0.393700787401575);
#935=VECTOR('',#3359,0.393700787401575);
#936=VECTOR('',#3364,0.0825);
#937=VECTOR('',#3425,0.393700787401575);
#938=VECTOR('',#3426,0.393700787401575);
#939=VECTOR('',#3431,0.393700787401575);
#940=VECTOR('',#3432,0.393700787401575);
#941=VECTOR('',#3443,0.393700787401575);
#942=VECTOR('',#3444,0.393700787401575);
#943=VECTOR('',#3453,0.393700787401575);
#944=VECTOR('',#3454,0.393700787401575);
#945=VECTOR('',#3457,0.393700787401575);
#946=VECTOR('',#3458,0.393700787401575);
#947=VECTOR('',#3463,0.393700787401575);
#948=VECTOR('',#3464,0.393700787401575);
#949=VECTOR('',#3475,0.393700787401575);
#950=VECTOR('',#3476,0.393700787401575);
#951=VECTOR('',#3485,0.393700787401575);
#952=VECTOR('',#3486,0.393700787401575);
#953=VECTOR('',#3491,0.393700787401575);
#954=VECTOR('',#3492,0.393700787401575);
#955=VECTOR('',#3495,0.393700787401575);
#956=VECTOR('',#3496,0.393700787401575);
#957=VECTOR('',#3501,0.393700787401575);
#958=VECTOR('',#3502,0.393700787401575);
#959=VECTOR('',#3533,0.393700787401575);
#960=VECTOR('',#3536,0.393700787401575);
#961=VECTOR('',#3537,0.393700787401575);
#962=VECTOR('',#3538,0.393700787401575);
#963=VECTOR('',#3539,0.393700787401575);
#964=VECTOR('',#3542,0.393700787401575);
#965=VECTOR('',#3545,0.393700787401575);
#966=VECTOR('',#3552,0.393700787401575);
#967=VECTOR('',#3555,0.393700787401575);
#968=VECTOR('',#3560,0.393700787401575);
#969=VECTOR('',#3565,0.393700787401575);
#970=VECTOR('',#3568,0.393700787401575);
#971=VECTOR('',#3571,0.393700787401575);
#972=VECTOR('',#3578,0.0825);
#973=VECTOR('',#3585,0.0825);
#974=VECTOR('',#3596,0.393700787401575);
#975=VECTOR('',#3597,0.393700787401575);
#976=VECTOR('',#3600,0.393700787401575);
#977=VECTOR('',#3603,0.393700787401575);
#978=VECTOR('',#3608,0.393700787401575);
#979=VECTOR('',#3611,0.393700787401575);
#980=VECTOR('',#3614,0.393700787401575);
#981=VECTOR('',#3623,0.393700787401575);
#982=VECTOR('',#3624,0.393700787401575);
#983=VECTOR('',#3627,0.393700787401575);
#984=VECTOR('',#3630,0.393700787401575);
#985=VECTOR('',#3633,0.393700787401575);
#986=VECTOR('',#3654,0.393700787401575);
#987=VECTOR('',#3665,0.393700787401575);
#988=VECTOR('',#3674,0.393700787401575);
#989=VECTOR('',#3685,0.393700787401575);
#990=VECTOR('',#3686,0.393700787401575);
#991=VECTOR('',#3689,0.393700787401575);
#992=VECTOR('',#3702,0.393700787401575);
#993=VECTOR('',#3711,0.393700787401575);
#994=VECTOR('',#3718,0.393700787401575);
#995=VECTOR('',#3723,0.393700787401575);
#996=VECTOR('',#3724,0.393700787401575);
#997=VECTOR('',#3727,0.393700787401575);
#998=VECTOR('',#3732,0.393700787401575);
#999=VECTOR('',#3739,0.393700787401575);
#1000=VECTOR('',#3742,0.393700787401575);
#1001=VECTOR('',#3745,0.393700787401575);
#1002=VECTOR('',#3746,0.393700787401575);
#1003=VECTOR('',#3747,0.393700787401575);
#1004=VECTOR('',#3754,0.393700787401575);
#1005=VECTOR('',#3757,0.393700787401575);
#1006=VECTOR('',#3758,0.393700787401575);
#1007=VECTOR('',#3759,0.393700787401575);
#1008=VECTOR('',#3766,0.393700787401575);
#1009=VECTOR('',#3769,0.393700787401575);
#1010=VECTOR('',#3770,0.393700787401575);
#1011=VECTOR('',#3771,0.393700787401575);
#1012=VECTOR('',#3778,0.393700787401575);
#1013=VECTOR('',#3781,0.393700787401575);
#1014=VECTOR('',#3782,0.393700787401575);
#1015=VECTOR('',#3789,0.0825);
#1016=VECTOR('',#3798,0.393700787401575);
#1017=VECTOR('',#3799,0.393700787401575);
#1018=VECTOR('',#3802,0.393700787401575);
#1019=VECTOR('',#3807,0.393700787401575);
#1020=VECTOR('',#3810,0.393700787401575);
#1021=VECTOR('',#3813,0.393700787401575);
#1022=VECTOR('',#3816,0.393700787401575);
#1023=VECTOR('',#3819,0.393700787401575);
#1024=VECTOR('',#3824,0.393700787401575);
#1025=VECTOR('',#3829,0.393700787401575);
#1026=VECTOR('',#3832,0.393700787401575);
#1027=VECTOR('',#3833,0.393700787401575);
#1028=VECTOR('',#3834,0.393700787401575);
#1029=VECTOR('',#3837,0.393700787401575);
#1030=VECTOR('',#3840,0.393700787401575);
#1031=VECTOR('',#3841,0.393700787401575);
#1032=VECTOR('',#3842,0.393700787401575);
#1033=VECTOR('',#3845,0.393700787401575);
#1034=VECTOR('',#3856,0.393700787401575);
#1035=VECTOR('',#3859,0.393700787401575);
#1036=VECTOR('',#3862,0.393700787401575);
#1037=VECTOR('',#3865,0.393700787401575);
#1038=VECTOR('',#3870,0.393700787401575);
#1039=VECTOR('',#3873,0.393700787401575);
#1040=VECTOR('',#3876,0.393700787401575);
#1041=VECTOR('',#3889,0.393700787401575);
#1042=VECTOR('',#3890,0.393700787401575);
#1043=VECTOR('',#3903,0.393700787401575);
#1044=VECTOR('',#3904,0.393700787401575);
#1045=VECTOR('',#3917,0.393700787401575);
#1046=VECTOR('',#3918,0.393700787401575);
#1047=VECTOR('',#3933,0.393700787401575);
#1048=VECTOR('',#3934,0.393700787401575);
#1049=VECTOR('',#3937,0.393700787401575);
#1050=VECTOR('',#3940,0.393700787401575);
#1051=VECTOR('',#3943,0.393700787401575);
#1052=VECTOR('',#3946,0.393700787401575);
#1053=VECTOR('',#3949,0.393700787401575);
#1054=VECTOR('',#3952,0.393700787401575);
#1055=VECTOR('',#3955,0.393700787401575);
#1056=VECTOR('',#3956,0.393700787401575);
#1057=VECTOR('',#3963,0.393700787401575);
#1058=VECTOR('',#3972,0.393700787401575);
#1059=VECTOR('',#3975,0.393700787401575);
#1060=VECTOR('',#3996,0.393700787401575);
#1061=VECTOR('',#3997,0.393700787401575);
#1062=VECTOR('',#4000,0.393700787401575);
#1063=VECTOR('',#4005,0.393700787401575);
#1064=VECTOR('',#4006,0.393700787401575);
#1065=VECTOR('',#4009,0.393700787401575);
#1066=VERTEX_POINT('',#4016);
#1067=VERTEX_POINT('',#4017);
#1068=VERTEX_POINT('',#4019);
#1069=VERTEX_POINT('',#4024);
#1070=VERTEX_POINT('',#4040);
#1071=VERTEX_POINT('',#4041);
#1072=VERTEX_POINT('',#4091);
#1073=VERTEX_POINT('',#4092);
#1074=VERTEX_POINT('',#4139);
#1075=VERTEX_POINT('',#4140);
#1076=VERTEX_POINT('',#4190);
#1077=VERTEX_POINT('',#4191);
#1078=VERTEX_POINT('',#4241);
#1079=VERTEX_POINT('',#4242);
#1080=VERTEX_POINT('',#4292);
#1081=VERTEX_POINT('',#4293);
#1082=VERTEX_POINT('',#4340);
#1083=VERTEX_POINT('',#4341);
#1084=VERTEX_POINT('',#4391);
#1085=VERTEX_POINT('',#4392);
#1086=VERTEX_POINT('',#4442);
#1087=VERTEX_POINT('',#4443);
#1088=VERTEX_POINT('',#4490);
#1089=VERTEX_POINT('',#4491);
#1090=VERTEX_POINT('',#4541);
#1091=VERTEX_POINT('',#4542);
#1092=VERTEX_POINT('',#4544);
#1093=VERTEX_POINT('',#4558);
#1094=VERTEX_POINT('',#4583);
#1095=VERTEX_POINT('',#4584);
#1096=VERTEX_POINT('',#4586);
#1097=VERTEX_POINT('',#4595);
#1098=VERTEX_POINT('',#4608);
#1099=VERTEX_POINT('',#4609);
#1100=VERTEX_POINT('',#4632);
#1101=VERTEX_POINT('',#4633);
#1102=VERTEX_POINT('',#4656);
#1103=VERTEX_POINT('',#4657);
#1104=VERTEX_POINT('',#4682);
#1105=VERTEX_POINT('',#4683);
#1106=VERTEX_POINT('',#4706);
#1107=VERTEX_POINT('',#4707);
#1108=VERTEX_POINT('',#4731);
#1109=VERTEX_POINT('',#4732);
#1110=VERTEX_POINT('',#4756);
#1111=VERTEX_POINT('',#4757);
#1112=VERTEX_POINT('',#4780);
#1113=VERTEX_POINT('',#4781);
#1114=VERTEX_POINT('',#4805);
#1115=VERTEX_POINT('',#4806);
#1116=VERTEX_POINT('',#4830);
#1117=VERTEX_POINT('',#4831);
#1118=VERTEX_POINT('',#4854);
#1119=VERTEX_POINT('',#4855);
#1120=VERTEX_POINT('',#4857);
#1121=VERTEX_POINT('',#4863);
#1122=VERTEX_POINT('',#4896);
#1123=VERTEX_POINT('',#4897);
#1124=VERTEX_POINT('',#4899);
#1125=VERTEX_POINT('',#4903);
#1126=VERTEX_POINT('',#4904);
#1127=VERTEX_POINT('',#4909);
#1128=VERTEX_POINT('',#4910);
#1129=VERTEX_POINT('',#4915);
#1130=VERTEX_POINT('',#4916);
#1131=VERTEX_POINT('',#4950);
#1132=VERTEX_POINT('',#4954);
#1133=VERTEX_POINT('',#4956);
#1134=VERTEX_POINT('',#4958);
#1135=VERTEX_POINT('',#4962);
#1136=VERTEX_POINT('',#4966);
#1137=VERTEX_POINT('',#4968);
#1138=VERTEX_POINT('',#5001);
#1139=VERTEX_POINT('',#5005);
#1140=VERTEX_POINT('',#5009);
#1141=VERTEX_POINT('',#5013);
#1142=VERTEX_POINT('',#5043);
#1143=VERTEX_POINT('',#5045);
#1144=VERTEX_POINT('',#5050);
#1145=VERTEX_POINT('',#5054);
#1146=VERTEX_POINT('',#5056);
#1147=VERTEX_POINT('',#5956);
#1148=VERTEX_POINT('',#5957);
#1149=VERTEX_POINT('',#5959);
#1150=VERTEX_POINT('',#5982);
#1151=VERTEX_POINT('',#5983);
#1152=VERTEX_POINT('',#5994);
#1153=VERTEX_POINT('',#6018);
#1154=VERTEX_POINT('',#6025);
#1155=VERTEX_POINT('',#6026);
#1156=VERTEX_POINT('',#6028);
#1157=VERTEX_POINT('',#6032);
#1158=VERTEX_POINT('',#6033);
#1159=VERTEX_POINT('',#6035);
#1160=VERTEX_POINT('',#6039);
#1161=VERTEX_POINT('',#6040);
#1162=VERTEX_POINT('',#6042);
#1163=VERTEX_POINT('',#6046);
#1164=VERTEX_POINT('',#6047);
#1165=VERTEX_POINT('',#6049);
#1166=VERTEX_POINT('',#6056);
#1167=VERTEX_POINT('',#6057);
#1168=VERTEX_POINT('',#6070);
#1169=VERTEX_POINT('',#6071);
#1170=VERTEX_POINT('',#6076);
#1171=VERTEX_POINT('',#6077);
#1172=VERTEX_POINT('',#6090);
#1173=VERTEX_POINT('',#6091);
#1174=VERTEX_POINT('',#6102);
#1175=VERTEX_POINT('',#6103);
#1176=VERTEX_POINT('',#6116);
#1177=VERTEX_POINT('',#6117);
#1178=VERTEX_POINT('',#6122);
#1179=VERTEX_POINT('',#6123);
#1180=VERTEX_POINT('',#6136);
#1181=VERTEX_POINT('',#6137);
#1182=VERTEX_POINT('',#6145);
#1183=VERTEX_POINT('',#6153);
#1184=VERTEX_POINT('',#6154);
#1185=VERTEX_POINT('',#6180);
#1186=VERTEX_POINT('',#6181);
#1187=VERTEX_POINT('',#6183);
#1188=VERTEX_POINT('',#6188);
#1189=VERTEX_POINT('',#6195);
#1190=VERTEX_POINT('',#6196);
#1191=VERTEX_POINT('',#6220);
#1192=VERTEX_POINT('',#6221);
#1193=VERTEX_POINT('',#6261);
#1194=VERTEX_POINT('',#6296);
#1195=VERTEX_POINT('',#6298);
#1196=VERTEX_POINT('',#6302);
#1197=VERTEX_POINT('',#6304);
#1198=VERTEX_POINT('',#6308);
#1199=VERTEX_POINT('',#6309);
#1200=VERTEX_POINT('',#6311);
#1201=VERTEX_POINT('',#6326);
#1202=VERTEX_POINT('',#6348);
#1203=VERTEX_POINT('',#6350);
#1204=VERTEX_POINT('',#6354);
#1205=VERTEX_POINT('',#6355);
#1206=VERTEX_POINT('',#6357);
#1207=VERTEX_POINT('',#6359);
#1208=VERTEX_POINT('',#6361);
#1209=VERTEX_POINT('',#6363);
#1210=VERTEX_POINT('',#6365);
#1211=VERTEX_POINT('',#6369);
#1212=VERTEX_POINT('',#6370);
#1213=VERTEX_POINT('',#6404);
#1214=VERTEX_POINT('',#6405);
#1215=VERTEX_POINT('',#6407);
#1216=VERTEX_POINT('',#6409);
#1217=VERTEX_POINT('',#6411);
#1218=VERTEX_POINT('',#6413);
#1219=VERTEX_POINT('',#6415);
#1220=VERTEX_POINT('',#6419);
#1221=VERTEX_POINT('',#6420);
#1222=VERTEX_POINT('',#6425);
#1223=VERTEX_POINT('',#6442);
#1224=VERTEX_POINT('',#6446);
#1225=VERTEX_POINT('',#6450);
#1226=VERTEX_POINT('',#6454);
#1227=VERTEX_POINT('',#6460);
#1228=VERTEX_POINT('',#6462);
#1229=VERTEX_POINT('',#6469);
#1230=VERTEX_POINT('',#6470);
#1231=VERTEX_POINT('',#6488);
#1232=VERTEX_POINT('',#6492);
#1233=VERTEX_POINT('',#6496);
#1234=VERTEX_POINT('',#6516);
#1235=VERTEX_POINT('',#6517);
#1236=VERTEX_POINT('',#6519);
#1237=VERTEX_POINT('',#6521);
#1238=VERTEX_POINT('',#6525);
#1239=VERTEX_POINT('',#6527);
#1240=VERTEX_POINT('',#6531);
#1241=VERTEX_POINT('',#6533);
#1242=VERTEX_POINT('',#6537);
#1243=VERTEX_POINT('',#6539);
#1244=VERTEX_POINT('',#6543);
#1245=VERTEX_POINT('',#6545);
#1246=VERTEX_POINT('',#6549);
#1247=VERTEX_POINT('',#6551);
#1248=VERTEX_POINT('',#6555);
#1249=VERTEX_POINT('',#6557);
#1250=VERTEX_POINT('',#6565);
#1251=VERTEX_POINT('',#6567);
#1252=VERTEX_POINT('',#6619);
#1253=VERTEX_POINT('',#6620);
#1254=VERTEX_POINT('',#6622);
#1255=VERTEX_POINT('',#6645);
#1256=VERTEX_POINT('',#6662);
#1257=VERTEX_POINT('',#6663);
#1258=VERTEX_POINT('',#6716);
#1259=VERTEX_POINT('',#6717);
#1260=VERTEX_POINT('',#6741);
#1261=VERTEX_POINT('',#6743);
#1262=VERTEX_POINT('',#6745);
#1263=VERTEX_POINT('',#6747);
#1264=VERTEX_POINT('',#6749);
#1265=VERTEX_POINT('',#6751);
#1266=VERTEX_POINT('',#6753);
#1267=VERTEX_POINT('',#6755);
#1268=VERTEX_POINT('',#6757);
#1269=VERTEX_POINT('',#6759);
#1270=VERTEX_POINT('',#6761);
#1271=VERTEX_POINT('',#6764);
#1272=VERTEX_POINT('',#6765);
#1273=VERTEX_POINT('',#6767);
#1274=VERTEX_POINT('',#6771);
#1275=VERTEX_POINT('',#6772);
#1276=VERTEX_POINT('',#6774);
#1277=VERTEX_POINT('',#6776);
#1278=VERTEX_POINT('',#6778);
#1279=VERTEX_POINT('',#6780);
#1280=VERTEX_POINT('',#6793);
#1281=VERTEX_POINT('',#6795);
#1282=VERTEX_POINT('',#6808);
#1283=VERTEX_POINT('',#6815);
#1284=VERTEX_POINT('',#6817);
#1285=VERTEX_POINT('',#6821);
#1286=VERTEX_POINT('',#6822);
#1287=VERTEX_POINT('',#6852);
#1288=VERTEX_POINT('',#6853);
#1289=VERTEX_POINT('',#6874);
#1290=VERTEX_POINT('',#6876);
#1291=VERTEX_POINT('',#6885);
#1292=VERTEX_POINT('',#6886);
#1293=VERTEX_POINT('',#6888);
#1294=VERTEX_POINT('',#6890);
#1295=VERTEX_POINT('',#6894);
#1296=VERTEX_POINT('',#6895);
#1297=VERTEX_POINT('',#6897);
#1298=VERTEX_POINT('',#6899);
#1299=VERTEX_POINT('',#6903);
#1300=VERTEX_POINT('',#6914);
#1301=VERTEX_POINT('',#6915);
#1302=VERTEX_POINT('',#6920);
#1303=VERTEX_POINT('',#6921);
#1304=VERTEX_POINT('',#6926);
#1305=VERTEX_POINT('',#6927);
#1306=VERTEX_POINT('',#6932);
#1307=VERTEX_POINT('',#6933);
#1308=VERTEX_POINT('',#6938);
#1309=VERTEX_POINT('',#6939);
#1310=VERTEX_POINT('',#6944);
#1311=VERTEX_POINT('',#6945);
#1312=VERTEX_POINT('',#6969);
#1313=VERTEX_POINT('',#6973);
#1314=VERTEX_POINT('',#6974);
#1315=VERTEX_POINT('',#6978);
#1316=VERTEX_POINT('',#6979);
#1317=VERTEX_POINT('',#6981);
#1318=VERTEX_POINT('',#6985);
#1319=VERTEX_POINT('',#7000);
#1320=VERTEX_POINT('',#7017);
#1321=VERTEX_POINT('',#7019);
#1322=EDGE_CURVE('',#1066,#1067,#746,.T.);
#1323=EDGE_CURVE('',#1067,#1068,#659,.T.);
#1324=EDGE_CURVE('',#1068,#1069,#498,.F.);
#1325=EDGE_CURVE('',#1069,#1066,#660,.T.);
#1326=EDGE_CURVE('',#1070,#1071,#747,.T.);
#1327=EDGE_CURVE('',#1071,#1067,#661,.T.);
#1328=EDGE_CURVE('',#1066,#1070,#662,.T.);
#1329=EDGE_CURVE('',#1072,#1073,#748,.T.);
#1330=EDGE_CURVE('',#1073,#1071,#663,.T.);
#1331=EDGE_CURVE('',#1070,#1072,#664,.T.);
#1332=EDGE_CURVE('',#1074,#1075,#749,.T.);
#1333=EDGE_CURVE('',#1075,#1073,#665,.T.);
#1334=EDGE_CURVE('',#1072,#1074,#666,.T.);
#1335=EDGE_CURVE('',#1076,#1077,#750,.T.);
#1336=EDGE_CURVE('',#1077,#1075,#667,.T.);
#1337=EDGE_CURVE('',#1074,#1076,#668,.T.);
#1338=EDGE_CURVE('',#1078,#1079,#751,.T.);
#1339=EDGE_CURVE('',#1079,#1077,#669,.T.);
#1340=EDGE_CURVE('',#1076,#1078,#670,.T.);
#1341=EDGE_CURVE('',#1080,#1081,#752,.T.);
#1342=EDGE_CURVE('',#1081,#1079,#671,.T.);
#1343=EDGE_CURVE('',#1078,#1080,#672,.T.);
#1344=EDGE_CURVE('',#1082,#1083,#753,.T.);
#1345=EDGE_CURVE('',#1083,#1081,#673,.T.);
#1346=EDGE_CURVE('',#1080,#1082,#674,.T.);
#1347=EDGE_CURVE('',#1084,#1085,#754,.T.);
#1348=EDGE_CURVE('',#1085,#1083,#675,.T.);
#1349=EDGE_CURVE('',#1082,#1084,#676,.T.);
#1350=EDGE_CURVE('',#1086,#1087,#755,.T.);
#1351=EDGE_CURVE('',#1087,#1085,#677,.T.);
#1352=EDGE_CURVE('',#1084,#1086,#678,.T.);
#1353=EDGE_CURVE('',#1088,#1089,#756,.T.);
#1354=EDGE_CURVE('',#1089,#1087,#679,.T.);
#1355=EDGE_CURVE('',#1086,#1088,#680,.T.);
#1356=EDGE_CURVE('',#1090,#1091,#757,.T.);
#1357=EDGE_CURVE('',#1090,#1092,#681,.T.);
#1358=EDGE_CURVE('',#1093,#1092,#499,.F.);
#1359=EDGE_CURVE('',#1093,#1091,#682,.T.);
#1360=EDGE_CURVE('',#1094,#1095,#758,.T.);
#1361=EDGE_CURVE('',#1095,#1096,#683,.T.);
#1362=EDGE_CURVE('',#1097,#1096,#500,.T.);
#1363=EDGE_CURVE('',#1094,#1097,#684,.T.);
#1364=EDGE_CURVE('',#1098,#1099,#759,.T.);
#1365=EDGE_CURVE('',#1099,#1095,#685,.T.);
#1366=EDGE_CURVE('',#1098,#1094,#686,.T.);
#1367=EDGE_CURVE('',#1100,#1101,#760,.T.);
#1368=EDGE_CURVE('',#1101,#1099,#687,.T.);
#1369=EDGE_CURVE('',#1100,#1098,#688,.T.);
#1370=EDGE_CURVE('',#1102,#1103,#761,.T.);
#1371=EDGE_CURVE('',#1103,#1101,#689,.T.);
#1372=EDGE_CURVE('',#1102,#1100,#690,.T.);
#1373=EDGE_CURVE('',#1104,#1105,#762,.T.);
#1374=EDGE_CURVE('',#1105,#1103,#691,.T.);
#1375=EDGE_CURVE('',#1104,#1102,#692,.T.);
#1376=EDGE_CURVE('',#1106,#1107,#763,.T.);
#1377=EDGE_CURVE('',#1107,#1105,#693,.T.);
#1378=EDGE_CURVE('',#1106,#1104,#694,.T.);
#1379=EDGE_CURVE('',#1108,#1109,#764,.T.);
#1380=EDGE_CURVE('',#1109,#1107,#695,.T.);
#1381=EDGE_CURVE('',#1108,#1106,#696,.T.);
#1382=EDGE_CURVE('',#1110,#1111,#765,.T.);
#1383=EDGE_CURVE('',#1111,#1109,#697,.T.);
#1384=EDGE_CURVE('',#1110,#1108,#698,.T.);
#1385=EDGE_CURVE('',#1112,#1113,#766,.T.);
#1386=EDGE_CURVE('',#1113,#1111,#699,.T.);
#1387=EDGE_CURVE('',#1112,#1110,#700,.T.);
#1388=EDGE_CURVE('',#1114,#1115,#767,.T.);
#1389=EDGE_CURVE('',#1115,#1113,#701,.T.);
#1390=EDGE_CURVE('',#1114,#1112,#702,.T.);
#1391=EDGE_CURVE('',#1116,#1117,#768,.T.);
#1392=EDGE_CURVE('',#1117,#1115,#703,.T.);
#1393=EDGE_CURVE('',#1116,#1114,#704,.T.);
#1394=EDGE_CURVE('',#1118,#1119,#769,.T.);
#1395=EDGE_CURVE('',#1120,#1118,#705,.T.);
#1396=EDGE_CURVE('',#1121,#1120,#501,.T.);
#1397=EDGE_CURVE('',#1121,#1119,#706,.T.);
#1398=EDGE_CURVE('',#1122,#1123,#502,.T.);
#1399=EDGE_CURVE('',#1123,#1124,#107,.T.);
#1400=EDGE_CURVE('',#1124,#1122,#108,.T.);
#1401=EDGE_CURVE('',#1125,#1126,#503,.T.);
#1402=EDGE_CURVE('',#1126,#1123,#504,.T.);
#1403=EDGE_CURVE('',#1122,#1125,#505,.T.);
#1404=EDGE_CURVE('',#1127,#1128,#506,.T.);
#1405=EDGE_CURVE('',#1128,#1126,#507,.T.);
#1406=EDGE_CURVE('',#1125,#1127,#508,.T.);
#1407=EDGE_CURVE('',#1129,#1130,#509,.T.);
#1408=EDGE_CURVE('',#1130,#1128,#510,.T.);
#1409=EDGE_CURVE('',#1127,#1129,#511,.T.);
#1410=EDGE_CURVE('',#1129,#1131,#109,.T.);
#1411=EDGE_CURVE('',#1131,#1130,#110,.T.);
#1412=EDGE_CURVE('',#1127,#1132,#770,.T.);
#1413=EDGE_CURVE('',#1133,#1132,#512,.T.);
#1414=EDGE_CURVE('',#1134,#1133,#111,.T.);
#1415=EDGE_CURVE('',#1134,#1131,#771,.T.);
#1416=EDGE_CURVE('',#1135,#1125,#772,.T.);
#1417=EDGE_CURVE('',#1132,#1135,#513,.T.);
#1418=EDGE_CURVE('',#1124,#1136,#773,.T.);
#1419=EDGE_CURVE('',#1137,#1136,#112,.T.);
#1420=EDGE_CURVE('',#1135,#1137,#514,.T.);
#1421=EDGE_CURVE('',#1133,#1138,#515,.T.);
#1422=EDGE_CURVE('',#1138,#1134,#113,.T.);
#1423=EDGE_CURVE('',#1132,#1139,#516,.T.);
#1424=EDGE_CURVE('',#1139,#1138,#517,.T.);
#1425=EDGE_CURVE('',#1135,#1140,#518,.T.);
#1426=EDGE_CURVE('',#1140,#1139,#519,.T.);
#1427=EDGE_CURVE('',#1137,#1141,#520,.T.);
#1428=EDGE_CURVE('',#1141,#1140,#521,.T.);
#1429=EDGE_CURVE('',#1136,#1141,#114,.T.);
#1430=EDGE_CURVE('',#1138,#1142,#774,.T.);
#1431=EDGE_CURVE('',#1143,#1142,#707,.T.);
#1432=EDGE_CURVE('',#1144,#1143,#522,.T.);
#1433=EDGE_CURVE('',#1144,#1134,#775,.T.);
#1434=EDGE_CURVE('',#1145,#1145,#523,.T.);
#1435=EDGE_CURVE('',#1145,#1146,#776,.T.);
#1436=EDGE_CURVE('',#1146,#1146,#524,.T.);
#1437=EDGE_CURVE('',#1119,#1117,#708,.T.);
#1438=EDGE_CURVE('',#1118,#1116,#709,.T.);
#1439=EDGE_CURVE('',#1096,#1069,#710,.T.);
#1440=EDGE_CURVE('',#1092,#1121,#711,.T.);
#1441=EDGE_CURVE('',#1088,#1090,#712,.T.);
#1442=EDGE_CURVE('',#1068,#1097,#713,.T.);
#1443=EDGE_CURVE('',#1091,#1089,#714,.T.);
#1444=EDGE_CURVE('',#1120,#1093,#715,.T.);
#1445=EDGE_CURVE('',#1147,#1148,#525,.T.);
#1446=EDGE_CURVE('',#1148,#1149,#115,.T.);
#1447=EDGE_CURVE('',#1149,#1147,#116,.T.);
#1448=EDGE_CURVE('',#1150,#1151,#526,.T.);
#1449=EDGE_CURVE('',#1151,#1148,#716,.T.);
#1450=EDGE_CURVE('',#1147,#1150,#717,.T.);
#1451=EDGE_CURVE('',#1152,#1142,#527,.T.);
#1452=EDGE_CURVE('',#1142,#1151,#528,.T.);
#1453=EDGE_CURVE('',#1150,#1152,#529,.T.);
#1454=EDGE_CURVE('',#1152,#1153,#718,.T.);
#1455=EDGE_CURVE('',#1153,#1143,#530,.T.);
#1456=EDGE_CURVE('',#1154,#1155,#531,.F.);
#1457=EDGE_CURVE('',#1156,#1154,#532,.F.);
#1458=EDGE_CURVE('',#1155,#1156,#533,.F.);
#1459=EDGE_CURVE('',#1157,#1158,#534,.F.);
#1460=EDGE_CURVE('',#1159,#1157,#535,.F.);
#1461=EDGE_CURVE('',#1158,#1159,#536,.F.);
#1462=EDGE_CURVE('',#1160,#1161,#537,.F.);
#1463=EDGE_CURVE('',#1162,#1160,#538,.F.);
#1464=EDGE_CURVE('',#1161,#1162,#539,.F.);
#1465=EDGE_CURVE('',#1163,#1164,#540,.F.);
#1466=EDGE_CURVE('',#1165,#1163,#541,.F.);
#1467=EDGE_CURVE('',#1164,#1165,#542,.F.);
#1468=EDGE_CURVE('',#1159,#1165,#777,.T.);
#1469=EDGE_CURVE('',#1163,#1158,#778,.T.);
#1470=EDGE_CURVE('',#1166,#1167,#543,.T.);
#1471=EDGE_CURVE('',#1167,#1159,#779,.T.);
#1472=EDGE_CURVE('',#1157,#1166,#780,.T.);
#1473=EDGE_CURVE('',#1168,#1169,#544,.T.);
#1474=EDGE_CURVE('',#1169,#1167,#545,.T.);
#1475=EDGE_CURVE('',#1166,#1168,#546,.T.);
#1476=EDGE_CURVE('',#1170,#1171,#547,.T.);
#1477=EDGE_CURVE('',#1171,#1169,#781,.T.);
#1478=EDGE_CURVE('',#1168,#1170,#782,.T.);
#1479=EDGE_CURVE('',#1172,#1173,#548,.T.);
#1480=EDGE_CURVE('',#1173,#1171,#549,.T.);
#1481=EDGE_CURVE('',#1170,#1172,#550,.T.);
#1482=EDGE_CURVE('',#1165,#1173,#783,.T.);
#1483=EDGE_CURVE('',#1172,#1164,#784,.T.);
#1484=EDGE_CURVE('',#1160,#1163,#785,.T.);
#1485=EDGE_CURVE('',#1164,#1162,#786,.T.);
#1486=EDGE_CURVE('',#1174,#1175,#551,.T.);
#1487=EDGE_CURVE('',#1175,#1161,#787,.T.);
#1488=EDGE_CURVE('',#1162,#1174,#788,.T.);
#1489=EDGE_CURVE('',#1176,#1177,#552,.T.);
#1490=EDGE_CURVE('',#1177,#1175,#553,.T.);
#1491=EDGE_CURVE('',#1174,#1176,#554,.T.);
#1492=EDGE_CURVE('',#1178,#1179,#555,.T.);
#1493=EDGE_CURVE('',#1179,#1177,#789,.T.);
#1494=EDGE_CURVE('',#1176,#1178,#790,.T.);
#1495=EDGE_CURVE('',#1180,#1181,#556,.T.);
#1496=EDGE_CURVE('',#1181,#1179,#557,.T.);
#1497=EDGE_CURVE('',#1178,#1180,#558,.T.);
#1498=EDGE_CURVE('',#1155,#1181,#791,.T.);
#1499=EDGE_CURVE('',#1180,#1154,#792,.T.);
#1500=EDGE_CURVE('',#1144,#1182,#559,.T.);
#1501=EDGE_CURVE('',#1182,#1160,#793,.T.);
#1502=EDGE_CURVE('',#1161,#1144,#794,.T.);
#1503=EDGE_CURVE('',#1154,#1157,#795,.T.);
#1504=EDGE_CURVE('',#1158,#1156,#796,.T.);
#1505=EDGE_CURVE('',#1183,#1184,#560,.T.);
#1506=EDGE_CURVE('',#1184,#1155,#797,.T.);
#1507=EDGE_CURVE('',#1156,#1183,#798,.T.);
#1508=EDGE_CURVE('',#1153,#1182,#561,.T.);
#1509=EDGE_CURVE('',#1185,#1186,#562,.T.);
#1510=EDGE_CURVE('',#1186,#1187,#719,.T.);
#1511=EDGE_CURVE('',#1187,#1188,#563,.T.);
#1512=EDGE_CURVE('',#1188,#1185,#720,.T.);
#1513=EDGE_CURVE('',#1189,#1190,#564,.T.);
#1514=EDGE_CURVE('',#1190,#1186,#565,.T.);
#1515=EDGE_CURVE('',#1185,#1189,#566,.T.);
#1516=EDGE_CURVE('',#1191,#1192,#567,.T.);
#1517=EDGE_CURVE('',#1192,#1190,#721,.T.);
#1518=EDGE_CURVE('',#1189,#1191,#722,.T.);
#1519=EDGE_CURVE('',#1191,#1193,#117,.T.);
#1520=EDGE_CURVE('',#1193,#1192,#118,.T.);
#1521=EDGE_CURVE('',#1187,#1184,#568,.T.);
#1522=EDGE_CURVE('',#1183,#1188,#569,.T.);
#1523=EDGE_CURVE('',#1172,#1174,#799,.T.);
#1524=EDGE_CURVE('',#1131,#1184,#800,.T.);
#1525=EDGE_CURVE('',#1136,#1149,#801,.T.);
#1526=EDGE_CURVE('',#1193,#1124,#802,.T.);
#1527=EDGE_CURVE('',#1149,#1193,#803,.T.);
#1528=EDGE_CURVE('',#1186,#1130,#804,.T.);
#1529=EDGE_CURVE('',#1123,#1190,#805,.T.);
#1530=EDGE_CURVE('',#1151,#1141,#806,.T.);
#1531=EDGE_CURVE('',#1191,#1147,#807,.T.);
#1532=EDGE_CURVE('',#1188,#1153,#808,.T.);
#1533=EDGE_CURVE('',#1166,#1180,#809,.T.);
#1534=EDGE_CURVE('',#1168,#1178,#810,.T.);
#1535=EDGE_CURVE('',#1170,#1176,#811,.T.);
#1536=EDGE_CURVE('',#1194,#1194,#570,.T.);
#1537=EDGE_CURVE('',#1194,#1195,#812,.T.);
#1538=EDGE_CURVE('',#1195,#1195,#571,.T.);
#1539=EDGE_CURVE('',#1196,#1196,#572,.T.);
#1540=EDGE_CURVE('',#1196,#1197,#813,.T.);
#1541=EDGE_CURVE('',#1197,#1197,#573,.T.);
#1542=EDGE_CURVE('',#1198,#1199,#574,.T.);
#1543=EDGE_CURVE('',#1199,#1200,#723,.T.);
#1544=EDGE_CURVE('',#1200,#1201,#575,.T.);
#1545=EDGE_CURVE('',#1201,#1198,#724,.T.);
#1546=EDGE_CURVE('',#1201,#1200,#814,.T.);
#1547=EDGE_CURVE('',#1199,#1198,#815,.T.);
#1548=EDGE_CURVE('',#1198,#1202,#816,.T.);
#1549=EDGE_CURVE('',#1203,#1202,#576,.T.);
#1550=EDGE_CURVE('',#1199,#1203,#817,.T.);
#1551=EDGE_CURVE('',#1204,#1205,#577,.T.);
#1552=EDGE_CURVE('',#1206,#1204,#818,.T.);
#1553=EDGE_CURVE('',#1207,#1206,#578,.T.);
#1554=EDGE_CURVE('',#1208,#1207,#819,.T.);
#1555=EDGE_CURVE('',#1209,#1208,#579,.T.);
#1556=EDGE_CURVE('',#1210,#1209,#820,.T.);
#1557=EDGE_CURVE('',#1205,#1210,#580,.T.);
#1558=EDGE_CURVE('',#1211,#1212,#581,.T.);
#1559=EDGE_CURVE('',#1212,#1203,#725,.T.);
#1560=EDGE_CURVE('',#1211,#1202,#726,.T.);
#1561=EDGE_CURVE('',#1202,#1203,#821,.T.);
#1562=EDGE_CURVE('',#1212,#1211,#822,.T.);
#1563=EDGE_CURVE('',#1213,#1214,#823,.T.);
#1564=EDGE_CURVE('',#1215,#1213,#582,.T.);
#1565=EDGE_CURVE('',#1216,#1215,#824,.T.);
#1566=EDGE_CURVE('',#1217,#1216,#583,.T.);
#1567=EDGE_CURVE('',#1218,#1217,#825,.T.);
#1568=EDGE_CURVE('',#1219,#1218,#584,.T.);
#1569=EDGE_CURVE('',#1214,#1219,#585,.T.);
#1570=EDGE_CURVE('',#1220,#1221,#586,.F.);
#1571=EDGE_CURVE('',#1204,#1220,#587,.T.);
#1572=EDGE_CURVE('',#1221,#1205,#588,.T.);
#1573=EDGE_CURVE('',#1222,#1221,#589,.T.);
#1574=EDGE_CURVE('',#1210,#1222,#727,.T.);
#1575=EDGE_CURVE('',#1209,#1223,#590,.T.);
#1576=EDGE_CURVE('',#1223,#1222,#826,.T.);
#1577=EDGE_CURVE('',#1208,#1224,#591,.T.);
#1578=EDGE_CURVE('',#1224,#1223,#592,.T.);
#1579=EDGE_CURVE('',#1207,#1225,#593,.T.);
#1580=EDGE_CURVE('',#1225,#1224,#827,.T.);
#1581=EDGE_CURVE('',#1206,#1226,#594,.T.);
#1582=EDGE_CURVE('',#1226,#1225,#595,.T.);
#1583=EDGE_CURVE('',#1220,#1226,#828,.T.);
#1584=EDGE_CURVE('',#1227,#1218,#596,.T.);
#1585=EDGE_CURVE('',#1228,#1227,#597,.F.);
#1586=EDGE_CURVE('',#1219,#1228,#598,.T.);
#1587=EDGE_CURVE('',#1227,#1220,#829,.T.);
#1588=EDGE_CURVE('',#1221,#1228,#830,.T.);
#1589=EDGE_CURVE('',#1229,#1230,#831,.T.);
#1590=EDGE_CURVE('',#1230,#1213,#599,.T.);
#1591=EDGE_CURVE('',#1214,#1229,#728,.T.);
#1592=EDGE_CURVE('',#1231,#1215,#600,.T.);
#1593=EDGE_CURVE('',#1230,#1231,#601,.T.);
#1594=EDGE_CURVE('',#1232,#1216,#602,.T.);
#1595=EDGE_CURVE('',#1231,#1232,#832,.T.);
#1596=EDGE_CURVE('',#1233,#1217,#603,.T.);
#1597=EDGE_CURVE('',#1232,#1233,#604,.T.);
#1598=EDGE_CURVE('',#1233,#1227,#833,.T.);
#1599=EDGE_CURVE('',#1228,#1229,#605,.T.);
#1600=EDGE_CURVE('',#1226,#1233,#834,.T.);
#1601=EDGE_CURVE('',#1224,#1231,#835,.T.);
#1602=EDGE_CURVE('',#1223,#1230,#836,.T.);
#1603=EDGE_CURVE('',#1222,#1229,#837,.T.);
#1604=EDGE_CURVE('',#1225,#1232,#838,.T.);
#1605=EDGE_CURVE('',#1234,#1235,#606,.T.);
#1606=EDGE_CURVE('',#1234,#1236,#839,.T.);
#1607=EDGE_CURVE('',#1237,#1236,#607,.T.);
#1608=EDGE_CURVE('',#1235,#1237,#840,.T.);
#1609=EDGE_CURVE('',#1235,#1238,#841,.T.);
#1610=EDGE_CURVE('',#1239,#1237,#842,.T.);
#1611=EDGE_CURVE('',#1238,#1239,#843,.T.);
#1612=EDGE_CURVE('',#1238,#1240,#608,.T.);
#1613=EDGE_CURVE('',#1241,#1239,#609,.T.);
#1614=EDGE_CURVE('',#1240,#1241,#844,.T.);
#1615=EDGE_CURVE('',#1240,#1242,#845,.T.);
#1616=EDGE_CURVE('',#1243,#1241,#846,.T.);
#1617=EDGE_CURVE('',#1242,#1243,#847,.T.);
#1618=EDGE_CURVE('',#1242,#1244,#610,.T.);
#1619=EDGE_CURVE('',#1245,#1243,#611,.T.);
#1620=EDGE_CURVE('',#1244,#1245,#848,.T.);
#1621=EDGE_CURVE('',#1244,#1246,#849,.T.);
#1622=EDGE_CURVE('',#1247,#1245,#850,.T.);
#1623=EDGE_CURVE('',#1246,#1247,#851,.T.);
#1624=EDGE_CURVE('',#1246,#1248,#612,.T.);
#1625=EDGE_CURVE('',#1249,#1247,#613,.T.);
#1626=EDGE_CURVE('',#1248,#1249,#852,.T.);
#1627=EDGE_CURVE('',#1248,#1234,#853,.T.);
#1628=EDGE_CURVE('',#1236,#1249,#854,.T.);
#1629=EDGE_CURVE('',#1250,#1250,#614,.T.);
#1630=EDGE_CURVE('',#1250,#1251,#855,.T.);
#1631=EDGE_CURVE('',#1251,#1251,#615,.T.);
#1632=EDGE_CURVE('',#1252,#1253,#616,.T.);
#1633=EDGE_CURVE('',#1253,#1254,#729,.T.);
#1634=EDGE_CURVE('',#1254,#1255,#730,.T.);
#1635=EDGE_CURVE('',#1255,#1252,#731,.T.);
#1636=EDGE_CURVE('',#1256,#1257,#617,.T.);
#1637=EDGE_CURVE('',#1257,#1253,#856,.T.);
#1638=EDGE_CURVE('',#1252,#1256,#857,.T.);
#1639=EDGE_CURVE('',#1258,#1259,#732,.T.);
#1640=EDGE_CURVE('',#1259,#1257,#733,.T.);
#1641=EDGE_CURVE('',#1256,#1258,#734,.T.);
#1642=EDGE_CURVE('',#1260,#1255,#858,.T.);
#1643=EDGE_CURVE('',#1261,#1260,#618,.T.);
#1644=EDGE_CURVE('',#1262,#1261,#619,.T.);
#1645=EDGE_CURVE('',#1262,#1263,#859,.T.);
#1646=EDGE_CURVE('',#1264,#1263,#620,.T.);
#1647=EDGE_CURVE('',#1264,#1265,#860,.T.);
#1648=EDGE_CURVE('',#1266,#1265,#621,.T.);
#1649=EDGE_CURVE('',#1266,#1267,#861,.T.);
#1650=EDGE_CURVE('',#1268,#1267,#622,.T.);
#1651=EDGE_CURVE('',#1268,#1269,#862,.T.);
#1652=EDGE_CURVE('',#1269,#1270,#623,.T.);
#1653=EDGE_CURVE('',#1258,#1270,#863,.T.);
#1654=EDGE_CURVE('',#1271,#1272,#624,.T.);
#1655=EDGE_CURVE('',#1271,#1273,#625,.T.);
#1656=EDGE_CURVE('',#1273,#1272,#864,.T.);
#1657=EDGE_CURVE('',#1274,#1275,#626,.T.);
#1658=EDGE_CURVE('',#1275,#1276,#865,.T.);
#1659=EDGE_CURVE('',#1276,#1277,#627,.T.);
#1660=EDGE_CURVE('',#1277,#1278,#866,.T.);
#1661=EDGE_CURVE('',#1278,#1279,#735,.F.);
#1662=EDGE_CURVE('',#1279,#1280,#867,.F.);
#1663=EDGE_CURVE('',#1281,#1280,#736,.T.);
#1664=EDGE_CURVE('',#1281,#1274,#868,.T.);
#1665=EDGE_CURVE('',#1282,#1277,#869,.T.);
#1666=EDGE_CURVE('',#1278,#1282,#737,.F.);
#1667=EDGE_CURVE('',#1276,#1283,#870,.T.);
#1668=EDGE_CURVE('',#1284,#1283,#871,.T.);
#1669=EDGE_CURVE('',#1260,#1284,#872,.T.);
#1670=EDGE_CURVE('',#1282,#1254,#628,.T.);
#1671=EDGE_CURVE('',#1285,#1286,#873,.T.);
#1672=EDGE_CURVE('',#1285,#1286,#629,.T.);
#1673=EDGE_CURVE('',#1287,#1288,#738,.T.);
#1674=EDGE_CURVE('',#1287,#1289,#630,.T.);
#1675=EDGE_CURVE('',#1290,#1289,#631,.T.);
#1676=EDGE_CURVE('',#1290,#1288,#739,.T.);
#1677=EDGE_CURVE('',#1291,#1292,#632,.T.);
#1678=EDGE_CURVE('',#1292,#1293,#874,.T.);
#1679=EDGE_CURVE('',#1294,#1293,#633,.T.);
#1680=EDGE_CURVE('',#1294,#1291,#875,.T.);
#1681=EDGE_CURVE('',#1295,#1296,#876,.T.);
#1682=EDGE_CURVE('',#1296,#1297,#634,.T.);
#1683=EDGE_CURVE('',#1297,#1298,#877,.T.);
#1684=EDGE_CURVE('',#1298,#1295,#119,.T.);
#1685=EDGE_CURVE('',#1298,#1299,#878,.T.);
#1686=EDGE_CURVE('',#1299,#1283,#120,.T.);
#1687=EDGE_CURVE('',#1283,#1295,#879,.T.);
#1688=EDGE_CURVE('',#1288,#1284,#740,.T.);
#1689=EDGE_CURVE('',#1299,#1287,#880,.T.);
#1690=EDGE_CURVE('',#1300,#1301,#635,.T.);
#1691=EDGE_CURVE('',#1301,#1297,#636,.T.);
#1692=EDGE_CURVE('',#1296,#1300,#637,.T.);
#1693=EDGE_CURVE('',#1302,#1303,#638,.T.);
#1694=EDGE_CURVE('',#1303,#1301,#881,.T.);
#1695=EDGE_CURVE('',#1300,#1302,#882,.T.);
#1696=EDGE_CURVE('',#1304,#1305,#639,.T.);
#1697=EDGE_CURVE('',#1305,#1303,#640,.T.);
#1698=EDGE_CURVE('',#1302,#1304,#641,.T.);
#1699=EDGE_CURVE('',#1306,#1307,#642,.T.);
#1700=EDGE_CURVE('',#1307,#1305,#883,.T.);
#1701=EDGE_CURVE('',#1304,#1306,#884,.T.);
#1702=EDGE_CURVE('',#1308,#1309,#643,.T.);
#1703=EDGE_CURVE('',#1309,#1307,#644,.T.);
#1704=EDGE_CURVE('',#1306,#1308,#645,.T.);
#1705=EDGE_CURVE('',#1310,#1311,#646,.T.);
#1706=EDGE_CURVE('',#1311,#1309,#885,.T.);
#1707=EDGE_CURVE('',#1308,#1310,#886,.T.);
#1708=EDGE_CURVE('',#1293,#1311,#647,.T.);
#1709=EDGE_CURVE('',#1310,#1294,#648,.T.);
#1710=EDGE_CURVE('',#1289,#1292,#649,.T.);
#1711=EDGE_CURVE('',#1291,#1290,#650,.T.);
#1712=EDGE_CURVE('',#1265,#1308,#887,.T.);
#1713=EDGE_CURVE('',#1264,#1310,#888,.T.);
#1714=EDGE_CURVE('',#1266,#1306,#889,.T.);
#1715=EDGE_CURVE('',#1267,#1304,#890,.T.);
#1716=EDGE_CURVE('',#1268,#1302,#891,.T.);
#1717=EDGE_CURVE('',#1269,#1300,#892,.T.);
#1718=EDGE_CURVE('',#1270,#1296,#893,.T.);
#1719=EDGE_CURVE('',#1274,#1312,#894,.T.);
#1720=EDGE_CURVE('',#1259,#1312,#651,.T.);
#1721=EDGE_CURVE('',#1275,#1295,#895,.T.);
#1722=EDGE_CURVE('',#1313,#1314,#896,.T.);
#1723=EDGE_CURVE('',#1313,#1314,#652,.T.);
#1724=EDGE_CURVE('',#1315,#1316,#653,.T.);
#1725=EDGE_CURVE('',#1316,#1317,#897,.T.);
#1726=EDGE_CURVE('',#1317,#1315,#654,.T.);
#1727=EDGE_CURVE('',#1286,#1318,#741,.F.);
#1728=EDGE_CURVE('',#1318,#1319,#655,.T.);
#1729=EDGE_CURVE('',#1319,#1285,#742,.F.);
#1730=EDGE_CURVE('',#1320,#1318,#898,.T.);
#1731=EDGE_CURVE('',#1321,#1320,#656,.T.);
#1732=EDGE_CURVE('',#1319,#1321,#899,.T.);
#1733=EDGE_CURVE('',#1253,#1279,#657,.T.);
#1734=EDGE_CURVE('',#1280,#1257,#658,.T.);
#1735=EDGE_CURVE('',#1312,#1281,#743,.F.);
#1736=EDGE_CURVE('',#1320,#1313,#744,.F.);
#1737=EDGE_CURVE('',#1314,#1321,#745,.F.);
#1738=EDGE_CURVE('',#1271,#1315,#900,.T.);
#1739=EDGE_CURVE('',#1273,#1317,#901,.T.);
#1740=EDGE_CURVE('',#1272,#1316,#902,.T.);
#1741=EDGE_CURVE('',#1262,#1291,#903,.T.);
#1742=EDGE_CURVE('',#1261,#1290,#904,.T.);
#1743=EDGE_CURVE('',#1263,#1294,#905,.T.);
#1744=ORIENTED_EDGE('',*,*,#1322,.T.);
#1745=ORIENTED_EDGE('',*,*,#1323,.T.);
#1746=ORIENTED_EDGE('',*,*,#1324,.T.);
#1747=ORIENTED_EDGE('',*,*,#1325,.T.);
#1748=ORIENTED_EDGE('',*,*,#1326,.T.);
#1749=ORIENTED_EDGE('',*,*,#1327,.T.);
#1750=ORIENTED_EDGE('',*,*,#1322,.F.);
#1751=ORIENTED_EDGE('',*,*,#1328,.T.);
#1752=ORIENTED_EDGE('',*,*,#1329,.T.);
#1753=ORIENTED_EDGE('',*,*,#1330,.T.);
#1754=ORIENTED_EDGE('',*,*,#1326,.F.);
#1755=ORIENTED_EDGE('',*,*,#1331,.T.);
#1756=ORIENTED_EDGE('',*,*,#1332,.T.);
#1757=ORIENTED_EDGE('',*,*,#1333,.T.);
#1758=ORIENTED_EDGE('',*,*,#1329,.F.);
#1759=ORIENTED_EDGE('',*,*,#1334,.T.);
#1760=ORIENTED_EDGE('',*,*,#1335,.T.);
#1761=ORIENTED_EDGE('',*,*,#1336,.T.);
#1762=ORIENTED_EDGE('',*,*,#1332,.F.);
#1763=ORIENTED_EDGE('',*,*,#1337,.T.);
#1764=ORIENTED_EDGE('',*,*,#1338,.T.);
#1765=ORIENTED_EDGE('',*,*,#1339,.T.);
#1766=ORIENTED_EDGE('',*,*,#1335,.F.);
#1767=ORIENTED_EDGE('',*,*,#1340,.T.);
#1768=ORIENTED_EDGE('',*,*,#1341,.T.);
#1769=ORIENTED_EDGE('',*,*,#1342,.T.);
#1770=ORIENTED_EDGE('',*,*,#1338,.F.);
#1771=ORIENTED_EDGE('',*,*,#1343,.T.);
#1772=ORIENTED_EDGE('',*,*,#1344,.T.);
#1773=ORIENTED_EDGE('',*,*,#1345,.T.);
#1774=ORIENTED_EDGE('',*,*,#1341,.F.);
#1775=ORIENTED_EDGE('',*,*,#1346,.T.);
#1776=ORIENTED_EDGE('',*,*,#1347,.T.);
#1777=ORIENTED_EDGE('',*,*,#1348,.T.);
#1778=ORIENTED_EDGE('',*,*,#1344,.F.);
#1779=ORIENTED_EDGE('',*,*,#1349,.T.);
#1780=ORIENTED_EDGE('',*,*,#1350,.T.);
#1781=ORIENTED_EDGE('',*,*,#1351,.T.);
#1782=ORIENTED_EDGE('',*,*,#1347,.F.);
#1783=ORIENTED_EDGE('',*,*,#1352,.T.);
#1784=ORIENTED_EDGE('',*,*,#1353,.T.);
#1785=ORIENTED_EDGE('',*,*,#1354,.T.);
#1786=ORIENTED_EDGE('',*,*,#1350,.F.);
#1787=ORIENTED_EDGE('',*,*,#1355,.T.);
#1788=ORIENTED_EDGE('',*,*,#1356,.F.);
#1789=ORIENTED_EDGE('',*,*,#1357,.T.);
#1790=ORIENTED_EDGE('',*,*,#1358,.F.);
#1791=ORIENTED_EDGE('',*,*,#1359,.T.);
#1792=ORIENTED_EDGE('',*,*,#1360,.T.);
#1793=ORIENTED_EDGE('',*,*,#1361,.T.);
#1794=ORIENTED_EDGE('',*,*,#1362,.F.);
#1795=ORIENTED_EDGE('',*,*,#1363,.F.);
#1796=ORIENTED_EDGE('',*,*,#1364,.T.);
#1797=ORIENTED_EDGE('',*,*,#1365,.T.);
#1798=ORIENTED_EDGE('',*,*,#1360,.F.);
#1799=ORIENTED_EDGE('',*,*,#1366,.F.);
#1800=ORIENTED_EDGE('',*,*,#1367,.T.);
#1801=ORIENTED_EDGE('',*,*,#1368,.T.);
#1802=ORIENTED_EDGE('',*,*,#1364,.F.);
#1803=ORIENTED_EDGE('',*,*,#1369,.F.);
#1804=ORIENTED_EDGE('',*,*,#1370,.T.);
#1805=ORIENTED_EDGE('',*,*,#1371,.T.);
#1806=ORIENTED_EDGE('',*,*,#1367,.F.);
#1807=ORIENTED_EDGE('',*,*,#1372,.F.);
#1808=ORIENTED_EDGE('',*,*,#1373,.T.);
#1809=ORIENTED_EDGE('',*,*,#1374,.T.);
#1810=ORIENTED_EDGE('',*,*,#1370,.F.);
#1811=ORIENTED_EDGE('',*,*,#1375,.F.);
#1812=ORIENTED_EDGE('',*,*,#1376,.T.);
#1813=ORIENTED_EDGE('',*,*,#1377,.T.);
#1814=ORIENTED_EDGE('',*,*,#1373,.F.);
#1815=ORIENTED_EDGE('',*,*,#1378,.F.);
#1816=ORIENTED_EDGE('',*,*,#1379,.T.);
#1817=ORIENTED_EDGE('',*,*,#1380,.T.);
#1818=ORIENTED_EDGE('',*,*,#1376,.F.);
#1819=ORIENTED_EDGE('',*,*,#1381,.F.);
#1820=ORIENTED_EDGE('',*,*,#1382,.T.);
#1821=ORIENTED_EDGE('',*,*,#1383,.T.);
#1822=ORIENTED_EDGE('',*,*,#1379,.F.);
#1823=ORIENTED_EDGE('',*,*,#1384,.F.);
#1824=ORIENTED_EDGE('',*,*,#1385,.T.);
#1825=ORIENTED_EDGE('',*,*,#1386,.T.);
#1826=ORIENTED_EDGE('',*,*,#1382,.F.);
#1827=ORIENTED_EDGE('',*,*,#1387,.F.);
#1828=ORIENTED_EDGE('',*,*,#1388,.T.);
#1829=ORIENTED_EDGE('',*,*,#1389,.T.);
#1830=ORIENTED_EDGE('',*,*,#1385,.F.);
#1831=ORIENTED_EDGE('',*,*,#1390,.F.);
#1832=ORIENTED_EDGE('',*,*,#1391,.T.);
#1833=ORIENTED_EDGE('',*,*,#1392,.T.);
#1834=ORIENTED_EDGE('',*,*,#1388,.F.);
#1835=ORIENTED_EDGE('',*,*,#1393,.F.);
#1836=ORIENTED_EDGE('',*,*,#1394,.F.);
#1837=ORIENTED_EDGE('',*,*,#1395,.F.);
#1838=ORIENTED_EDGE('',*,*,#1396,.F.);
#1839=ORIENTED_EDGE('',*,*,#1397,.T.);
#1840=ORIENTED_EDGE('',*,*,#1398,.T.);
#1841=ORIENTED_EDGE('',*,*,#1399,.T.);
#1842=ORIENTED_EDGE('',*,*,#1400,.T.);
#1843=ORIENTED_EDGE('',*,*,#1401,.T.);
#1844=ORIENTED_EDGE('',*,*,#1402,.T.);
#1845=ORIENTED_EDGE('',*,*,#1398,.F.);
#1846=ORIENTED_EDGE('',*,*,#1403,.T.);
#1847=ORIENTED_EDGE('',*,*,#1404,.T.);
#1848=ORIENTED_EDGE('',*,*,#1405,.T.);
#1849=ORIENTED_EDGE('',*,*,#1401,.F.);
#1850=ORIENTED_EDGE('',*,*,#1406,.T.);
#1851=ORIENTED_EDGE('',*,*,#1407,.T.);
#1852=ORIENTED_EDGE('',*,*,#1408,.T.);
#1853=ORIENTED_EDGE('',*,*,#1404,.F.);
#1854=ORIENTED_EDGE('',*,*,#1409,.T.);
#1855=ORIENTED_EDGE('',*,*,#1410,.T.);
#1856=ORIENTED_EDGE('',*,*,#1411,.T.);
#1857=ORIENTED_EDGE('',*,*,#1407,.F.);
#1858=ORIENTED_EDGE('',*,*,#1410,.F.);
#1859=ORIENTED_EDGE('',*,*,#1409,.F.);
#1860=ORIENTED_EDGE('',*,*,#1412,.T.);
#1861=ORIENTED_EDGE('',*,*,#1413,.F.);
#1862=ORIENTED_EDGE('',*,*,#1414,.F.);
#1863=ORIENTED_EDGE('',*,*,#1415,.T.);
#1864=ORIENTED_EDGE('',*,*,#1406,.F.);
#1865=ORIENTED_EDGE('',*,*,#1416,.F.);
#1866=ORIENTED_EDGE('',*,*,#1417,.F.);
#1867=ORIENTED_EDGE('',*,*,#1412,.F.);
#1868=ORIENTED_EDGE('',*,*,#1403,.F.);
#1869=ORIENTED_EDGE('',*,*,#1400,.F.);
#1870=ORIENTED_EDGE('',*,*,#1418,.T.);
#1871=ORIENTED_EDGE('',*,*,#1419,.F.);
#1872=ORIENTED_EDGE('',*,*,#1420,.F.);
#1873=ORIENTED_EDGE('',*,*,#1416,.T.);
#1874=ORIENTED_EDGE('',*,*,#1421,.T.);
#1875=ORIENTED_EDGE('',*,*,#1422,.T.);
#1876=ORIENTED_EDGE('',*,*,#1414,.T.);
#1877=ORIENTED_EDGE('',*,*,#1423,.T.);
#1878=ORIENTED_EDGE('',*,*,#1424,.T.);
#1879=ORIENTED_EDGE('',*,*,#1421,.F.);
#1880=ORIENTED_EDGE('',*,*,#1413,.T.);
#1881=ORIENTED_EDGE('',*,*,#1425,.T.);
#1882=ORIENTED_EDGE('',*,*,#1426,.T.);
#1883=ORIENTED_EDGE('',*,*,#1423,.F.);
#1884=ORIENTED_EDGE('',*,*,#1417,.T.);
#1885=ORIENTED_EDGE('',*,*,#1427,.T.);
#1886=ORIENTED_EDGE('',*,*,#1428,.T.);
#1887=ORIENTED_EDGE('',*,*,#1425,.F.);
#1888=ORIENTED_EDGE('',*,*,#1420,.T.);
#1889=ORIENTED_EDGE('',*,*,#1419,.T.);
#1890=ORIENTED_EDGE('',*,*,#1429,.T.);
#1891=ORIENTED_EDGE('',*,*,#1427,.F.);
#1892=ORIENTED_EDGE('',*,*,#1422,.F.);
#1893=ORIENTED_EDGE('',*,*,#1430,.T.);
#1894=ORIENTED_EDGE('',*,*,#1431,.F.);
#1895=ORIENTED_EDGE('',*,*,#1432,.F.);
#1896=ORIENTED_EDGE('',*,*,#1433,.T.);
#1897=ORIENTED_EDGE('',*,*,#1434,.F.);
#1898=ORIENTED_EDGE('',*,*,#1435,.T.);
#1899=ORIENTED_EDGE('',*,*,#1436,.F.);
#1900=ORIENTED_EDGE('',*,*,#1435,.F.);
#1901=ORIENTED_EDGE('',*,*,#1394,.T.);
#1902=ORIENTED_EDGE('',*,*,#1437,.T.);
#1903=ORIENTED_EDGE('',*,*,#1391,.F.);
#1904=ORIENTED_EDGE('',*,*,#1438,.F.);
#1905=ORIENTED_EDGE('',*,*,#1439,.F.);
#1906=ORIENTED_EDGE('',*,*,#1361,.F.);
#1907=ORIENTED_EDGE('',*,*,#1365,.F.);
#1908=ORIENTED_EDGE('',*,*,#1368,.F.);
#1909=ORIENTED_EDGE('',*,*,#1371,.F.);
#1910=ORIENTED_EDGE('',*,*,#1374,.F.);
#1911=ORIENTED_EDGE('',*,*,#1377,.F.);
#1912=ORIENTED_EDGE('',*,*,#1380,.F.);
#1913=ORIENTED_EDGE('',*,*,#1383,.F.);
#1914=ORIENTED_EDGE('',*,*,#1386,.F.);
#1915=ORIENTED_EDGE('',*,*,#1389,.F.);
#1916=ORIENTED_EDGE('',*,*,#1392,.F.);
#1917=ORIENTED_EDGE('',*,*,#1437,.F.);
#1918=ORIENTED_EDGE('',*,*,#1397,.F.);
#1919=ORIENTED_EDGE('',*,*,#1440,.F.);
#1920=ORIENTED_EDGE('',*,*,#1357,.F.);
#1921=ORIENTED_EDGE('',*,*,#1441,.F.);
#1922=ORIENTED_EDGE('',*,*,#1355,.F.);
#1923=ORIENTED_EDGE('',*,*,#1352,.F.);
#1924=ORIENTED_EDGE('',*,*,#1349,.F.);
#1925=ORIENTED_EDGE('',*,*,#1346,.F.);
#1926=ORIENTED_EDGE('',*,*,#1343,.F.);
#1927=ORIENTED_EDGE('',*,*,#1340,.F.);
#1928=ORIENTED_EDGE('',*,*,#1337,.F.);
#1929=ORIENTED_EDGE('',*,*,#1334,.F.);
#1930=ORIENTED_EDGE('',*,*,#1331,.F.);
#1931=ORIENTED_EDGE('',*,*,#1328,.F.);
#1932=ORIENTED_EDGE('',*,*,#1325,.F.);
#1933=ORIENTED_EDGE('',*,*,#1442,.F.);
#1934=ORIENTED_EDGE('',*,*,#1323,.F.);
#1935=ORIENTED_EDGE('',*,*,#1327,.F.);
#1936=ORIENTED_EDGE('',*,*,#1330,.F.);
#1937=ORIENTED_EDGE('',*,*,#1333,.F.);
#1938=ORIENTED_EDGE('',*,*,#1336,.F.);
#1939=ORIENTED_EDGE('',*,*,#1339,.F.);
#1940=ORIENTED_EDGE('',*,*,#1342,.F.);
#1941=ORIENTED_EDGE('',*,*,#1345,.F.);
#1942=ORIENTED_EDGE('',*,*,#1348,.F.);
#1943=ORIENTED_EDGE('',*,*,#1351,.F.);
#1944=ORIENTED_EDGE('',*,*,#1354,.F.);
#1945=ORIENTED_EDGE('',*,*,#1443,.F.);
#1946=ORIENTED_EDGE('',*,*,#1359,.F.);
#1947=ORIENTED_EDGE('',*,*,#1444,.F.);
#1948=ORIENTED_EDGE('',*,*,#1395,.T.);
#1949=ORIENTED_EDGE('',*,*,#1438,.T.);
#1950=ORIENTED_EDGE('',*,*,#1393,.T.);
#1951=ORIENTED_EDGE('',*,*,#1390,.T.);
#1952=ORIENTED_EDGE('',*,*,#1387,.T.);
#1953=ORIENTED_EDGE('',*,*,#1384,.T.);
#1954=ORIENTED_EDGE('',*,*,#1381,.T.);
#1955=ORIENTED_EDGE('',*,*,#1378,.T.);
#1956=ORIENTED_EDGE('',*,*,#1375,.T.);
#1957=ORIENTED_EDGE('',*,*,#1372,.T.);
#1958=ORIENTED_EDGE('',*,*,#1369,.T.);
#1959=ORIENTED_EDGE('',*,*,#1366,.T.);
#1960=ORIENTED_EDGE('',*,*,#1363,.T.);
#1961=ORIENTED_EDGE('',*,*,#1356,.T.);
#1962=ORIENTED_EDGE('',*,*,#1443,.T.);
#1963=ORIENTED_EDGE('',*,*,#1353,.F.);
#1964=ORIENTED_EDGE('',*,*,#1441,.T.);
#1965=ORIENTED_EDGE('',*,*,#1442,.T.);
#1966=ORIENTED_EDGE('',*,*,#1362,.T.);
#1967=ORIENTED_EDGE('',*,*,#1439,.T.);
#1968=ORIENTED_EDGE('',*,*,#1324,.F.);
#1969=ORIENTED_EDGE('',*,*,#1445,.T.);
#1970=ORIENTED_EDGE('',*,*,#1446,.T.);
#1971=ORIENTED_EDGE('',*,*,#1447,.T.);
#1972=ORIENTED_EDGE('',*,*,#1448,.T.);
#1973=ORIENTED_EDGE('',*,*,#1449,.T.);
#1974=ORIENTED_EDGE('',*,*,#1445,.F.);
#1975=ORIENTED_EDGE('',*,*,#1450,.T.);
#1976=ORIENTED_EDGE('',*,*,#1451,.T.);
#1977=ORIENTED_EDGE('',*,*,#1452,.T.);
#1978=ORIENTED_EDGE('',*,*,#1448,.F.);
#1979=ORIENTED_EDGE('',*,*,#1453,.T.);
#1980=ORIENTED_EDGE('',*,*,#1451,.F.);
#1981=ORIENTED_EDGE('',*,*,#1454,.T.);
#1982=ORIENTED_EDGE('',*,*,#1455,.T.);
#1983=ORIENTED_EDGE('',*,*,#1431,.T.);
#1984=ORIENTED_EDGE('',*,*,#1456,.F.);
#1985=ORIENTED_EDGE('',*,*,#1457,.F.);
#1986=ORIENTED_EDGE('',*,*,#1458,.F.);
#1987=ORIENTED_EDGE('',*,*,#1459,.F.);
#1988=ORIENTED_EDGE('',*,*,#1460,.F.);
#1989=ORIENTED_EDGE('',*,*,#1461,.F.);
#1990=ORIENTED_EDGE('',*,*,#1462,.F.);
#1991=ORIENTED_EDGE('',*,*,#1463,.F.);
#1992=ORIENTED_EDGE('',*,*,#1464,.F.);
#1993=ORIENTED_EDGE('',*,*,#1465,.F.);
#1994=ORIENTED_EDGE('',*,*,#1466,.F.);
#1995=ORIENTED_EDGE('',*,*,#1467,.F.);
#1996=ORIENTED_EDGE('',*,*,#1461,.T.);
#1997=ORIENTED_EDGE('',*,*,#1468,.T.);
#1998=ORIENTED_EDGE('',*,*,#1466,.T.);
#1999=ORIENTED_EDGE('',*,*,#1469,.T.);
#2000=ORIENTED_EDGE('',*,*,#1470,.T.);
#2001=ORIENTED_EDGE('',*,*,#1471,.T.);
#2002=ORIENTED_EDGE('',*,*,#1460,.T.);
#2003=ORIENTED_EDGE('',*,*,#1472,.T.);
#2004=ORIENTED_EDGE('',*,*,#1473,.T.);
#2005=ORIENTED_EDGE('',*,*,#1474,.T.);
#2006=ORIENTED_EDGE('',*,*,#1470,.F.);
#2007=ORIENTED_EDGE('',*,*,#1475,.T.);
#2008=ORIENTED_EDGE('',*,*,#1476,.T.);
#2009=ORIENTED_EDGE('',*,*,#1477,.T.);
#2010=ORIENTED_EDGE('',*,*,#1473,.F.);
#2011=ORIENTED_EDGE('',*,*,#1478,.T.);
#2012=ORIENTED_EDGE('',*,*,#1479,.T.);
#2013=ORIENTED_EDGE('',*,*,#1480,.T.);
#2014=ORIENTED_EDGE('',*,*,#1476,.F.);
#2015=ORIENTED_EDGE('',*,*,#1481,.T.);
#2016=ORIENTED_EDGE('',*,*,#1467,.T.);
#2017=ORIENTED_EDGE('',*,*,#1482,.T.);
#2018=ORIENTED_EDGE('',*,*,#1479,.F.);
#2019=ORIENTED_EDGE('',*,*,#1483,.T.);
#2020=ORIENTED_EDGE('',*,*,#1463,.T.);
#2021=ORIENTED_EDGE('',*,*,#1484,.T.);
#2022=ORIENTED_EDGE('',*,*,#1465,.T.);
#2023=ORIENTED_EDGE('',*,*,#1485,.T.);
#2024=ORIENTED_EDGE('',*,*,#1486,.T.);
#2025=ORIENTED_EDGE('',*,*,#1487,.T.);
#2026=ORIENTED_EDGE('',*,*,#1464,.T.);
#2027=ORIENTED_EDGE('',*,*,#1488,.T.);
#2028=ORIENTED_EDGE('',*,*,#1489,.T.);
#2029=ORIENTED_EDGE('',*,*,#1490,.T.);
#2030=ORIENTED_EDGE('',*,*,#1486,.F.);
#2031=ORIENTED_EDGE('',*,*,#1491,.T.);
#2032=ORIENTED_EDGE('',*,*,#1492,.T.);
#2033=ORIENTED_EDGE('',*,*,#1493,.T.);
#2034=ORIENTED_EDGE('',*,*,#1489,.F.);
#2035=ORIENTED_EDGE('',*,*,#1494,.T.);
#2036=ORIENTED_EDGE('',*,*,#1495,.T.);
#2037=ORIENTED_EDGE('',*,*,#1496,.T.);
#2038=ORIENTED_EDGE('',*,*,#1492,.F.);
#2039=ORIENTED_EDGE('',*,*,#1497,.T.);
#2040=ORIENTED_EDGE('',*,*,#1456,.T.);
#2041=ORIENTED_EDGE('',*,*,#1498,.T.);
#2042=ORIENTED_EDGE('',*,*,#1495,.F.);
#2043=ORIENTED_EDGE('',*,*,#1499,.T.);
#2044=ORIENTED_EDGE('',*,*,#1500,.T.);
#2045=ORIENTED_EDGE('',*,*,#1501,.T.);
#2046=ORIENTED_EDGE('',*,*,#1462,.T.);
#2047=ORIENTED_EDGE('',*,*,#1502,.T.);
#2048=ORIENTED_EDGE('',*,*,#1457,.T.);
#2049=ORIENTED_EDGE('',*,*,#1503,.T.);
#2050=ORIENTED_EDGE('',*,*,#1459,.T.);
#2051=ORIENTED_EDGE('',*,*,#1504,.T.);
#2052=ORIENTED_EDGE('',*,*,#1505,.T.);
#2053=ORIENTED_EDGE('',*,*,#1506,.T.);
#2054=ORIENTED_EDGE('',*,*,#1458,.T.);
#2055=ORIENTED_EDGE('',*,*,#1507,.T.);
#2056=ORIENTED_EDGE('',*,*,#1500,.F.);
#2057=ORIENTED_EDGE('',*,*,#1432,.T.);
#2058=ORIENTED_EDGE('',*,*,#1455,.F.);
#2059=ORIENTED_EDGE('',*,*,#1508,.T.);
#2060=ORIENTED_EDGE('',*,*,#1509,.T.);
#2061=ORIENTED_EDGE('',*,*,#1510,.T.);
#2062=ORIENTED_EDGE('',*,*,#1511,.T.);
#2063=ORIENTED_EDGE('',*,*,#1512,.T.);
#2064=ORIENTED_EDGE('',*,*,#1513,.T.);
#2065=ORIENTED_EDGE('',*,*,#1514,.T.);
#2066=ORIENTED_EDGE('',*,*,#1509,.F.);
#2067=ORIENTED_EDGE('',*,*,#1515,.T.);
#2068=ORIENTED_EDGE('',*,*,#1516,.T.);
#2069=ORIENTED_EDGE('',*,*,#1517,.T.);
#2070=ORIENTED_EDGE('',*,*,#1513,.F.);
#2071=ORIENTED_EDGE('',*,*,#1518,.T.);
#2072=ORIENTED_EDGE('',*,*,#1516,.F.);
#2073=ORIENTED_EDGE('',*,*,#1519,.T.);
#2074=ORIENTED_EDGE('',*,*,#1520,.T.);
#2075=ORIENTED_EDGE('',*,*,#1511,.F.);
#2076=ORIENTED_EDGE('',*,*,#1521,.T.);
#2077=ORIENTED_EDGE('',*,*,#1505,.F.);
#2078=ORIENTED_EDGE('',*,*,#1522,.T.);
#2079=ORIENTED_EDGE('',*,*,#1488,.F.);
#2080=ORIENTED_EDGE('',*,*,#1485,.F.);
#2081=ORIENTED_EDGE('',*,*,#1483,.F.);
#2082=ORIENTED_EDGE('',*,*,#1523,.T.);
#2083=ORIENTED_EDGE('',*,*,#1502,.F.);
#2084=ORIENTED_EDGE('',*,*,#1487,.F.);
#2085=ORIENTED_EDGE('',*,*,#1490,.F.);
#2086=ORIENTED_EDGE('',*,*,#1493,.F.);
#2087=ORIENTED_EDGE('',*,*,#1496,.F.);
#2088=ORIENTED_EDGE('',*,*,#1498,.F.);
#2089=ORIENTED_EDGE('',*,*,#1506,.F.);
#2090=ORIENTED_EDGE('',*,*,#1524,.F.);
#2091=ORIENTED_EDGE('',*,*,#1415,.F.);
#2092=ORIENTED_EDGE('',*,*,#1433,.F.);
#2093=ORIENTED_EDGE('',*,*,#1436,.T.);
#2094=ORIENTED_EDGE('',*,*,#1525,.F.);
#2095=ORIENTED_EDGE('',*,*,#1418,.F.);
#2096=ORIENTED_EDGE('',*,*,#1526,.F.);
#2097=ORIENTED_EDGE('',*,*,#1527,.F.);
#2098=ORIENTED_EDGE('',*,*,#1411,.F.);
#2099=ORIENTED_EDGE('',*,*,#1524,.T.);
#2100=ORIENTED_EDGE('',*,*,#1521,.F.);
#2101=ORIENTED_EDGE('',*,*,#1510,.F.);
#2102=ORIENTED_EDGE('',*,*,#1528,.T.);
#2103=ORIENTED_EDGE('',*,*,#1408,.F.);
#2104=ORIENTED_EDGE('',*,*,#1528,.F.);
#2105=ORIENTED_EDGE('',*,*,#1514,.F.);
#2106=ORIENTED_EDGE('',*,*,#1529,.F.);
#2107=ORIENTED_EDGE('',*,*,#1402,.F.);
#2108=ORIENTED_EDGE('',*,*,#1405,.F.);
#2109=ORIENTED_EDGE('',*,*,#1399,.F.);
#2110=ORIENTED_EDGE('',*,*,#1529,.T.);
#2111=ORIENTED_EDGE('',*,*,#1517,.F.);
#2112=ORIENTED_EDGE('',*,*,#1520,.F.);
#2113=ORIENTED_EDGE('',*,*,#1526,.T.);
#2114=ORIENTED_EDGE('',*,*,#1468,.F.);
#2115=ORIENTED_EDGE('',*,*,#1471,.F.);
#2116=ORIENTED_EDGE('',*,*,#1474,.F.);
#2117=ORIENTED_EDGE('',*,*,#1477,.F.);
#2118=ORIENTED_EDGE('',*,*,#1480,.F.);
#2119=ORIENTED_EDGE('',*,*,#1482,.F.);
#2120=ORIENTED_EDGE('',*,*,#1434,.T.);
#2121=ORIENTED_EDGE('',*,*,#1444,.T.);
#2122=ORIENTED_EDGE('',*,*,#1358,.T.);
#2123=ORIENTED_EDGE('',*,*,#1440,.T.);
#2124=ORIENTED_EDGE('',*,*,#1396,.T.);
#2125=ORIENTED_EDGE('',*,*,#1429,.F.);
#2126=ORIENTED_EDGE('',*,*,#1525,.T.);
#2127=ORIENTED_EDGE('',*,*,#1446,.F.);
#2128=ORIENTED_EDGE('',*,*,#1449,.F.);
#2129=ORIENTED_EDGE('',*,*,#1530,.T.);
#2130=ORIENTED_EDGE('',*,*,#1447,.F.);
#2131=ORIENTED_EDGE('',*,*,#1527,.T.);
#2132=ORIENTED_EDGE('',*,*,#1519,.F.);
#2133=ORIENTED_EDGE('',*,*,#1531,.T.);
#2134=ORIENTED_EDGE('',*,*,#1428,.F.);
#2135=ORIENTED_EDGE('',*,*,#1530,.F.);
#2136=ORIENTED_EDGE('',*,*,#1452,.F.);
#2137=ORIENTED_EDGE('',*,*,#1430,.F.);
#2138=ORIENTED_EDGE('',*,*,#1424,.F.);
#2139=ORIENTED_EDGE('',*,*,#1426,.F.);
#2140=ORIENTED_EDGE('',*,*,#1450,.F.);
#2141=ORIENTED_EDGE('',*,*,#1531,.F.);
#2142=ORIENTED_EDGE('',*,*,#1518,.F.);
#2143=ORIENTED_EDGE('',*,*,#1515,.F.);
#2144=ORIENTED_EDGE('',*,*,#1512,.F.);
#2145=ORIENTED_EDGE('',*,*,#1532,.T.);
#2146=ORIENTED_EDGE('',*,*,#1454,.F.);
#2147=ORIENTED_EDGE('',*,*,#1453,.F.);
#2148=ORIENTED_EDGE('',*,*,#1508,.F.);
#2149=ORIENTED_EDGE('',*,*,#1532,.F.);
#2150=ORIENTED_EDGE('',*,*,#1522,.F.);
#2151=ORIENTED_EDGE('',*,*,#1507,.F.);
#2152=ORIENTED_EDGE('',*,*,#1504,.F.);
#2153=ORIENTED_EDGE('',*,*,#1469,.F.);
#2154=ORIENTED_EDGE('',*,*,#1484,.F.);
#2155=ORIENTED_EDGE('',*,*,#1501,.F.);
#2156=ORIENTED_EDGE('',*,*,#1499,.F.);
#2157=ORIENTED_EDGE('',*,*,#1533,.F.);
#2158=ORIENTED_EDGE('',*,*,#1472,.F.);
#2159=ORIENTED_EDGE('',*,*,#1503,.F.);
#2160=ORIENTED_EDGE('',*,*,#1497,.F.);
#2161=ORIENTED_EDGE('',*,*,#1534,.F.);
#2162=ORIENTED_EDGE('',*,*,#1475,.F.);
#2163=ORIENTED_EDGE('',*,*,#1533,.T.);
#2164=ORIENTED_EDGE('',*,*,#1494,.F.);
#2165=ORIENTED_EDGE('',*,*,#1535,.F.);
#2166=ORIENTED_EDGE('',*,*,#1478,.F.);
#2167=ORIENTED_EDGE('',*,*,#1534,.T.);
#2168=ORIENTED_EDGE('',*,*,#1491,.F.);
#2169=ORIENTED_EDGE('',*,*,#1523,.F.);
#2170=ORIENTED_EDGE('',*,*,#1481,.F.);
#2171=ORIENTED_EDGE('',*,*,#1535,.T.);
#2172=ORIENTED_EDGE('',*,*,#1536,.F.);
#2173=ORIENTED_EDGE('',*,*,#1537,.T.);
#2174=ORIENTED_EDGE('',*,*,#1538,.F.);
#2175=ORIENTED_EDGE('',*,*,#1537,.F.);
#2176=ORIENTED_EDGE('',*,*,#1539,.F.);
#2177=ORIENTED_EDGE('',*,*,#1540,.T.);
#2178=ORIENTED_EDGE('',*,*,#1541,.F.);
#2179=ORIENTED_EDGE('',*,*,#1540,.F.);
#2180=ORIENTED_EDGE('',*,*,#1542,.T.);
#2181=ORIENTED_EDGE('',*,*,#1543,.T.);
#2182=ORIENTED_EDGE('',*,*,#1544,.T.);
#2183=ORIENTED_EDGE('',*,*,#1545,.T.);
#2184=ORIENTED_EDGE('',*,*,#1546,.T.);
#2185=ORIENTED_EDGE('',*,*,#1543,.F.);
#2186=ORIENTED_EDGE('',*,*,#1547,.T.);
#2187=ORIENTED_EDGE('',*,*,#1545,.F.);
#2188=ORIENTED_EDGE('',*,*,#1542,.F.);
#2189=ORIENTED_EDGE('',*,*,#1548,.T.);
#2190=ORIENTED_EDGE('',*,*,#1549,.F.);
#2191=ORIENTED_EDGE('',*,*,#1550,.F.);
#2192=ORIENTED_EDGE('',*,*,#1551,.F.);
#2193=ORIENTED_EDGE('',*,*,#1552,.F.);
#2194=ORIENTED_EDGE('',*,*,#1553,.F.);
#2195=ORIENTED_EDGE('',*,*,#1554,.F.);
#2196=ORIENTED_EDGE('',*,*,#1555,.F.);
#2197=ORIENTED_EDGE('',*,*,#1556,.F.);
#2198=ORIENTED_EDGE('',*,*,#1557,.F.);
#2199=ORIENTED_EDGE('',*,*,#1536,.T.);
#2200=ORIENTED_EDGE('',*,*,#1539,.T.);
#2201=ORIENTED_EDGE('',*,*,#1544,.F.);
#2202=ORIENTED_EDGE('',*,*,#1546,.F.);
#2203=ORIENTED_EDGE('',*,*,#1558,.T.);
#2204=ORIENTED_EDGE('',*,*,#1559,.T.);
#2205=ORIENTED_EDGE('',*,*,#1549,.T.);
#2206=ORIENTED_EDGE('',*,*,#1560,.F.);
#2207=ORIENTED_EDGE('',*,*,#1561,.T.);
#2208=ORIENTED_EDGE('',*,*,#1559,.F.);
#2209=ORIENTED_EDGE('',*,*,#1562,.T.);
#2210=ORIENTED_EDGE('',*,*,#1560,.T.);
#2211=ORIENTED_EDGE('',*,*,#1563,.F.);
#2212=ORIENTED_EDGE('',*,*,#1564,.F.);
#2213=ORIENTED_EDGE('',*,*,#1565,.F.);
#2214=ORIENTED_EDGE('',*,*,#1566,.F.);
#2215=ORIENTED_EDGE('',*,*,#1567,.F.);
#2216=ORIENTED_EDGE('',*,*,#1568,.F.);
#2217=ORIENTED_EDGE('',*,*,#1569,.F.);
#2218=ORIENTED_EDGE('',*,*,#1538,.T.);
#2219=ORIENTED_EDGE('',*,*,#1541,.T.);
#2220=ORIENTED_EDGE('',*,*,#1558,.F.);
#2221=ORIENTED_EDGE('',*,*,#1562,.F.);
#2222=ORIENTED_EDGE('',*,*,#1570,.F.);
#2223=ORIENTED_EDGE('',*,*,#1571,.F.);
#2224=ORIENTED_EDGE('',*,*,#1551,.T.);
#2225=ORIENTED_EDGE('',*,*,#1572,.F.);
#2226=ORIENTED_EDGE('',*,*,#1573,.T.);
#2227=ORIENTED_EDGE('',*,*,#1572,.T.);
#2228=ORIENTED_EDGE('',*,*,#1557,.T.);
#2229=ORIENTED_EDGE('',*,*,#1574,.T.);
#2230=ORIENTED_EDGE('',*,*,#1556,.T.);
#2231=ORIENTED_EDGE('',*,*,#1575,.T.);
#2232=ORIENTED_EDGE('',*,*,#1576,.T.);
#2233=ORIENTED_EDGE('',*,*,#1574,.F.);
#2234=ORIENTED_EDGE('',*,*,#1577,.T.);
#2235=ORIENTED_EDGE('',*,*,#1578,.T.);
#2236=ORIENTED_EDGE('',*,*,#1575,.F.);
#2237=ORIENTED_EDGE('',*,*,#1555,.T.);
#2238=ORIENTED_EDGE('',*,*,#1579,.T.);
#2239=ORIENTED_EDGE('',*,*,#1580,.T.);
#2240=ORIENTED_EDGE('',*,*,#1577,.F.);
#2241=ORIENTED_EDGE('',*,*,#1554,.T.);
#2242=ORIENTED_EDGE('',*,*,#1581,.T.);
#2243=ORIENTED_EDGE('',*,*,#1582,.T.);
#2244=ORIENTED_EDGE('',*,*,#1579,.F.);
#2245=ORIENTED_EDGE('',*,*,#1553,.T.);
#2246=ORIENTED_EDGE('',*,*,#1571,.T.);
#2247=ORIENTED_EDGE('',*,*,#1583,.T.);
#2248=ORIENTED_EDGE('',*,*,#1581,.F.);
#2249=ORIENTED_EDGE('',*,*,#1552,.T.);
#2250=ORIENTED_EDGE('',*,*,#1584,.F.);
#2251=ORIENTED_EDGE('',*,*,#1585,.F.);
#2252=ORIENTED_EDGE('',*,*,#1586,.F.);
#2253=ORIENTED_EDGE('',*,*,#1568,.T.);
#2254=ORIENTED_EDGE('',*,*,#1585,.T.);
#2255=ORIENTED_EDGE('',*,*,#1587,.T.);
#2256=ORIENTED_EDGE('',*,*,#1570,.T.);
#2257=ORIENTED_EDGE('',*,*,#1588,.T.);
#2258=ORIENTED_EDGE('',*,*,#1589,.T.);
#2259=ORIENTED_EDGE('',*,*,#1590,.T.);
#2260=ORIENTED_EDGE('',*,*,#1563,.T.);
#2261=ORIENTED_EDGE('',*,*,#1591,.T.);
#2262=ORIENTED_EDGE('',*,*,#1592,.T.);
#2263=ORIENTED_EDGE('',*,*,#1564,.T.);
#2264=ORIENTED_EDGE('',*,*,#1590,.F.);
#2265=ORIENTED_EDGE('',*,*,#1593,.T.);
#2266=ORIENTED_EDGE('',*,*,#1594,.T.);
#2267=ORIENTED_EDGE('',*,*,#1565,.T.);
#2268=ORIENTED_EDGE('',*,*,#1592,.F.);
#2269=ORIENTED_EDGE('',*,*,#1595,.T.);
#2270=ORIENTED_EDGE('',*,*,#1596,.T.);
#2271=ORIENTED_EDGE('',*,*,#1566,.T.);
#2272=ORIENTED_EDGE('',*,*,#1594,.F.);
#2273=ORIENTED_EDGE('',*,*,#1597,.T.);
#2274=ORIENTED_EDGE('',*,*,#1584,.T.);
#2275=ORIENTED_EDGE('',*,*,#1567,.T.);
#2276=ORIENTED_EDGE('',*,*,#1596,.F.);
#2277=ORIENTED_EDGE('',*,*,#1598,.T.);
#2278=ORIENTED_EDGE('',*,*,#1569,.T.);
#2279=ORIENTED_EDGE('',*,*,#1586,.T.);
#2280=ORIENTED_EDGE('',*,*,#1599,.T.);
#2281=ORIENTED_EDGE('',*,*,#1591,.F.);
#2282=ORIENTED_EDGE('',*,*,#1583,.F.);
#2283=ORIENTED_EDGE('',*,*,#1587,.F.);
#2284=ORIENTED_EDGE('',*,*,#1598,.F.);
#2285=ORIENTED_EDGE('',*,*,#1600,.F.);
#2286=ORIENTED_EDGE('',*,*,#1547,.F.);
#2287=ORIENTED_EDGE('',*,*,#1550,.T.);
#2288=ORIENTED_EDGE('',*,*,#1561,.F.);
#2289=ORIENTED_EDGE('',*,*,#1548,.F.);
#2290=ORIENTED_EDGE('',*,*,#1578,.F.);
#2291=ORIENTED_EDGE('',*,*,#1601,.T.);
#2292=ORIENTED_EDGE('',*,*,#1593,.F.);
#2293=ORIENTED_EDGE('',*,*,#1602,.F.);
#2294=ORIENTED_EDGE('',*,*,#1576,.F.);
#2295=ORIENTED_EDGE('',*,*,#1602,.T.);
#2296=ORIENTED_EDGE('',*,*,#1589,.F.);
#2297=ORIENTED_EDGE('',*,*,#1603,.F.);
#2298=ORIENTED_EDGE('',*,*,#1573,.F.);
#2299=ORIENTED_EDGE('',*,*,#1603,.T.);
#2300=ORIENTED_EDGE('',*,*,#1599,.F.);
#2301=ORIENTED_EDGE('',*,*,#1588,.F.);
#2302=ORIENTED_EDGE('',*,*,#1582,.F.);
#2303=ORIENTED_EDGE('',*,*,#1600,.T.);
#2304=ORIENTED_EDGE('',*,*,#1597,.F.);
#2305=ORIENTED_EDGE('',*,*,#1604,.F.);
#2306=ORIENTED_EDGE('',*,*,#1580,.F.);
#2307=ORIENTED_EDGE('',*,*,#1604,.T.);
#2308=ORIENTED_EDGE('',*,*,#1595,.F.);
#2309=ORIENTED_EDGE('',*,*,#1601,.F.);
#2310=ORIENTED_EDGE('',*,*,#1605,.F.);
#2311=ORIENTED_EDGE('',*,*,#1606,.T.);
#2312=ORIENTED_EDGE('',*,*,#1607,.F.);
#2313=ORIENTED_EDGE('',*,*,#1608,.F.);
#2314=ORIENTED_EDGE('',*,*,#1609,.F.);
#2315=ORIENTED_EDGE('',*,*,#1608,.T.);
#2316=ORIENTED_EDGE('',*,*,#1610,.F.);
#2317=ORIENTED_EDGE('',*,*,#1611,.F.);
#2318=ORIENTED_EDGE('',*,*,#1612,.F.);
#2319=ORIENTED_EDGE('',*,*,#1611,.T.);
#2320=ORIENTED_EDGE('',*,*,#1613,.F.);
#2321=ORIENTED_EDGE('',*,*,#1614,.F.);
#2322=ORIENTED_EDGE('',*,*,#1615,.F.);
#2323=ORIENTED_EDGE('',*,*,#1614,.T.);
#2324=ORIENTED_EDGE('',*,*,#1616,.F.);
#2325=ORIENTED_EDGE('',*,*,#1617,.F.);
#2326=ORIENTED_EDGE('',*,*,#1618,.F.);
#2327=ORIENTED_EDGE('',*,*,#1617,.T.);
#2328=ORIENTED_EDGE('',*,*,#1619,.F.);
#2329=ORIENTED_EDGE('',*,*,#1620,.F.);
#2330=ORIENTED_EDGE('',*,*,#1621,.F.);
#2331=ORIENTED_EDGE('',*,*,#1620,.T.);
#2332=ORIENTED_EDGE('',*,*,#1622,.F.);
#2333=ORIENTED_EDGE('',*,*,#1623,.F.);
#2334=ORIENTED_EDGE('',*,*,#1624,.F.);
#2335=ORIENTED_EDGE('',*,*,#1623,.T.);
#2336=ORIENTED_EDGE('',*,*,#1625,.F.);
#2337=ORIENTED_EDGE('',*,*,#1626,.F.);
#2338=ORIENTED_EDGE('',*,*,#1627,.F.);
#2339=ORIENTED_EDGE('',*,*,#1626,.T.);
#2340=ORIENTED_EDGE('',*,*,#1628,.F.);
#2341=ORIENTED_EDGE('',*,*,#1606,.F.);
#2342=ORIENTED_EDGE('',*,*,#1628,.T.);
#2343=ORIENTED_EDGE('',*,*,#1625,.T.);
#2344=ORIENTED_EDGE('',*,*,#1622,.T.);
#2345=ORIENTED_EDGE('',*,*,#1619,.T.);
#2346=ORIENTED_EDGE('',*,*,#1616,.T.);
#2347=ORIENTED_EDGE('',*,*,#1613,.T.);
#2348=ORIENTED_EDGE('',*,*,#1610,.T.);
#2349=ORIENTED_EDGE('',*,*,#1607,.T.);
#2350=ORIENTED_EDGE('',*,*,#1629,.F.);
#2351=ORIENTED_EDGE('',*,*,#1630,.T.);
#2352=ORIENTED_EDGE('',*,*,#1631,.F.);
#2353=ORIENTED_EDGE('',*,*,#1630,.F.);
#2354=ORIENTED_EDGE('',*,*,#1632,.T.);
#2355=ORIENTED_EDGE('',*,*,#1633,.T.);
#2356=ORIENTED_EDGE('',*,*,#1634,.T.);
#2357=ORIENTED_EDGE('',*,*,#1635,.T.);
#2358=ORIENTED_EDGE('',*,*,#1636,.T.);
#2359=ORIENTED_EDGE('',*,*,#1637,.T.);
#2360=ORIENTED_EDGE('',*,*,#1632,.F.);
#2361=ORIENTED_EDGE('',*,*,#1638,.T.);
#2362=ORIENTED_EDGE('',*,*,#1639,.T.);
#2363=ORIENTED_EDGE('',*,*,#1640,.T.);
#2364=ORIENTED_EDGE('',*,*,#1636,.F.);
#2365=ORIENTED_EDGE('',*,*,#1641,.T.);
#2366=ORIENTED_EDGE('',*,*,#1641,.F.);
#2367=ORIENTED_EDGE('',*,*,#1638,.F.);
#2368=ORIENTED_EDGE('',*,*,#1635,.F.);
#2369=ORIENTED_EDGE('',*,*,#1642,.F.);
#2370=ORIENTED_EDGE('',*,*,#1643,.F.);
#2371=ORIENTED_EDGE('',*,*,#1644,.F.);
#2372=ORIENTED_EDGE('',*,*,#1645,.T.);
#2373=ORIENTED_EDGE('',*,*,#1646,.F.);
#2374=ORIENTED_EDGE('',*,*,#1647,.T.);
#2375=ORIENTED_EDGE('',*,*,#1648,.F.);
#2376=ORIENTED_EDGE('',*,*,#1649,.T.);
#2377=ORIENTED_EDGE('',*,*,#1650,.F.);
#2378=ORIENTED_EDGE('',*,*,#1651,.T.);
#2379=ORIENTED_EDGE('',*,*,#1652,.T.);
#2380=ORIENTED_EDGE('',*,*,#1653,.F.);
#2381=ORIENTED_EDGE('',*,*,#1605,.T.);
#2382=ORIENTED_EDGE('',*,*,#1609,.T.);
#2383=ORIENTED_EDGE('',*,*,#1612,.T.);
#2384=ORIENTED_EDGE('',*,*,#1615,.T.);
#2385=ORIENTED_EDGE('',*,*,#1618,.T.);
#2386=ORIENTED_EDGE('',*,*,#1621,.T.);
#2387=ORIENTED_EDGE('',*,*,#1624,.T.);
#2388=ORIENTED_EDGE('',*,*,#1627,.T.);
#2389=ORIENTED_EDGE('',*,*,#1629,.T.);
#2390=ORIENTED_EDGE('',*,*,#1654,.F.);
#2391=ORIENTED_EDGE('',*,*,#1655,.T.);
#2392=ORIENTED_EDGE('',*,*,#1656,.T.);
#2393=ORIENTED_EDGE('',*,*,#1657,.T.);
#2394=ORIENTED_EDGE('',*,*,#1658,.T.);
#2395=ORIENTED_EDGE('',*,*,#1659,.T.);
#2396=ORIENTED_EDGE('',*,*,#1660,.T.);
#2397=ORIENTED_EDGE('',*,*,#1661,.T.);
#2398=ORIENTED_EDGE('',*,*,#1662,.T.);
#2399=ORIENTED_EDGE('',*,*,#1663,.F.);
#2400=ORIENTED_EDGE('',*,*,#1664,.T.);
#2401=ORIENTED_EDGE('',*,*,#1660,.F.);
#2402=ORIENTED_EDGE('',*,*,#1665,.F.);
#2403=ORIENTED_EDGE('',*,*,#1666,.F.);
#2404=ORIENTED_EDGE('',*,*,#1659,.F.);
#2405=ORIENTED_EDGE('',*,*,#1667,.T.);
#2406=ORIENTED_EDGE('',*,*,#1668,.F.);
#2407=ORIENTED_EDGE('',*,*,#1669,.F.);
#2408=ORIENTED_EDGE('',*,*,#1642,.T.);
#2409=ORIENTED_EDGE('',*,*,#1634,.F.);
#2410=ORIENTED_EDGE('',*,*,#1670,.F.);
#2411=ORIENTED_EDGE('',*,*,#1665,.T.);
#2412=ORIENTED_EDGE('',*,*,#1671,.T.);
#2413=ORIENTED_EDGE('',*,*,#1672,.F.);
#2414=ORIENTED_EDGE('',*,*,#1673,.F.);
#2415=ORIENTED_EDGE('',*,*,#1674,.T.);
#2416=ORIENTED_EDGE('',*,*,#1675,.F.);
#2417=ORIENTED_EDGE('',*,*,#1676,.T.);
#2418=ORIENTED_EDGE('',*,*,#1677,.T.);
#2419=ORIENTED_EDGE('',*,*,#1678,.T.);
#2420=ORIENTED_EDGE('',*,*,#1679,.F.);
#2421=ORIENTED_EDGE('',*,*,#1680,.T.);
#2422=ORIENTED_EDGE('',*,*,#1681,.T.);
#2423=ORIENTED_EDGE('',*,*,#1682,.T.);
#2424=ORIENTED_EDGE('',*,*,#1683,.T.);
#2425=ORIENTED_EDGE('',*,*,#1684,.T.);
#2426=ORIENTED_EDGE('',*,*,#1685,.T.);
#2427=ORIENTED_EDGE('',*,*,#1686,.T.);
#2428=ORIENTED_EDGE('',*,*,#1687,.T.);
#2429=ORIENTED_EDGE('',*,*,#1684,.F.);
#2430=ORIENTED_EDGE('',*,*,#1673,.T.);
#2431=ORIENTED_EDGE('',*,*,#1688,.T.);
#2432=ORIENTED_EDGE('',*,*,#1668,.T.);
#2433=ORIENTED_EDGE('',*,*,#1686,.F.);
#2434=ORIENTED_EDGE('',*,*,#1689,.T.);
#2435=ORIENTED_EDGE('',*,*,#1690,.T.);
#2436=ORIENTED_EDGE('',*,*,#1691,.T.);
#2437=ORIENTED_EDGE('',*,*,#1682,.F.);
#2438=ORIENTED_EDGE('',*,*,#1692,.T.);
#2439=ORIENTED_EDGE('',*,*,#1693,.T.);
#2440=ORIENTED_EDGE('',*,*,#1694,.T.);
#2441=ORIENTED_EDGE('',*,*,#1690,.F.);
#2442=ORIENTED_EDGE('',*,*,#1695,.T.);
#2443=ORIENTED_EDGE('',*,*,#1696,.T.);
#2444=ORIENTED_EDGE('',*,*,#1697,.T.);
#2445=ORIENTED_EDGE('',*,*,#1693,.F.);
#2446=ORIENTED_EDGE('',*,*,#1698,.T.);
#2447=ORIENTED_EDGE('',*,*,#1699,.T.);
#2448=ORIENTED_EDGE('',*,*,#1700,.T.);
#2449=ORIENTED_EDGE('',*,*,#1696,.F.);
#2450=ORIENTED_EDGE('',*,*,#1701,.T.);
#2451=ORIENTED_EDGE('',*,*,#1702,.T.);
#2452=ORIENTED_EDGE('',*,*,#1703,.T.);
#2453=ORIENTED_EDGE('',*,*,#1699,.F.);
#2454=ORIENTED_EDGE('',*,*,#1704,.T.);
#2455=ORIENTED_EDGE('',*,*,#1705,.T.);
#2456=ORIENTED_EDGE('',*,*,#1706,.T.);
#2457=ORIENTED_EDGE('',*,*,#1702,.F.);
#2458=ORIENTED_EDGE('',*,*,#1707,.T.);
#2459=ORIENTED_EDGE('',*,*,#1679,.T.);
#2460=ORIENTED_EDGE('',*,*,#1708,.T.);
#2461=ORIENTED_EDGE('',*,*,#1705,.F.);
#2462=ORIENTED_EDGE('',*,*,#1709,.T.);
#2463=ORIENTED_EDGE('',*,*,#1675,.T.);
#2464=ORIENTED_EDGE('',*,*,#1710,.T.);
#2465=ORIENTED_EDGE('',*,*,#1677,.F.);
#2466=ORIENTED_EDGE('',*,*,#1711,.T.);
#2467=ORIENTED_EDGE('',*,*,#1707,.F.);
#2468=ORIENTED_EDGE('',*,*,#1712,.F.);
#2469=ORIENTED_EDGE('',*,*,#1647,.F.);
#2470=ORIENTED_EDGE('',*,*,#1713,.T.);
#2471=ORIENTED_EDGE('',*,*,#1704,.F.);
#2472=ORIENTED_EDGE('',*,*,#1714,.F.);
#2473=ORIENTED_EDGE('',*,*,#1648,.T.);
#2474=ORIENTED_EDGE('',*,*,#1712,.T.);
#2475=ORIENTED_EDGE('',*,*,#1701,.F.);
#2476=ORIENTED_EDGE('',*,*,#1715,.F.);
#2477=ORIENTED_EDGE('',*,*,#1649,.F.);
#2478=ORIENTED_EDGE('',*,*,#1714,.T.);
#2479=ORIENTED_EDGE('',*,*,#1698,.F.);
#2480=ORIENTED_EDGE('',*,*,#1716,.F.);
#2481=ORIENTED_EDGE('',*,*,#1650,.T.);
#2482=ORIENTED_EDGE('',*,*,#1715,.T.);
#2483=ORIENTED_EDGE('',*,*,#1695,.F.);
#2484=ORIENTED_EDGE('',*,*,#1717,.F.);
#2485=ORIENTED_EDGE('',*,*,#1651,.F.);
#2486=ORIENTED_EDGE('',*,*,#1716,.T.);
#2487=ORIENTED_EDGE('',*,*,#1692,.F.);
#2488=ORIENTED_EDGE('',*,*,#1718,.F.);
#2489=ORIENTED_EDGE('',*,*,#1652,.F.);
#2490=ORIENTED_EDGE('',*,*,#1717,.T.);
#2491=ORIENTED_EDGE('',*,*,#1657,.F.);
#2492=ORIENTED_EDGE('',*,*,#1719,.T.);
#2493=ORIENTED_EDGE('',*,*,#1720,.F.);
#2494=ORIENTED_EDGE('',*,*,#1639,.F.);
#2495=ORIENTED_EDGE('',*,*,#1653,.T.);
#2496=ORIENTED_EDGE('',*,*,#1718,.T.);
#2497=ORIENTED_EDGE('',*,*,#1681,.F.);
#2498=ORIENTED_EDGE('',*,*,#1721,.F.);
#2499=ORIENTED_EDGE('',*,*,#1722,.T.);
#2500=ORIENTED_EDGE('',*,*,#1723,.F.);
#2501=ORIENTED_EDGE('',*,*,#1683,.F.);
#2502=ORIENTED_EDGE('',*,*,#1691,.F.);
#2503=ORIENTED_EDGE('',*,*,#1694,.F.);
#2504=ORIENTED_EDGE('',*,*,#1697,.F.);
#2505=ORIENTED_EDGE('',*,*,#1700,.F.);
#2506=ORIENTED_EDGE('',*,*,#1703,.F.);
#2507=ORIENTED_EDGE('',*,*,#1706,.F.);
#2508=ORIENTED_EDGE('',*,*,#1708,.F.);
#2509=ORIENTED_EDGE('',*,*,#1678,.F.);
#2510=ORIENTED_EDGE('',*,*,#1710,.F.);
#2511=ORIENTED_EDGE('',*,*,#1674,.F.);
#2512=ORIENTED_EDGE('',*,*,#1689,.F.);
#2513=ORIENTED_EDGE('',*,*,#1685,.F.);
#2514=ORIENTED_EDGE('',*,*,#1631,.T.);
#2515=ORIENTED_EDGE('',*,*,#1724,.T.);
#2516=ORIENTED_EDGE('',*,*,#1725,.T.);
#2517=ORIENTED_EDGE('',*,*,#1726,.T.);
#2518=ORIENTED_EDGE('',*,*,#1727,.T.);
#2519=ORIENTED_EDGE('',*,*,#1728,.T.);
#2520=ORIENTED_EDGE('',*,*,#1729,.T.);
#2521=ORIENTED_EDGE('',*,*,#1672,.T.);
#2522=ORIENTED_EDGE('',*,*,#1728,.F.);
#2523=ORIENTED_EDGE('',*,*,#1730,.F.);
#2524=ORIENTED_EDGE('',*,*,#1731,.F.);
#2525=ORIENTED_EDGE('',*,*,#1732,.F.);
#2526=ORIENTED_EDGE('',*,*,#1633,.F.);
#2527=ORIENTED_EDGE('',*,*,#1733,.T.);
#2528=ORIENTED_EDGE('',*,*,#1661,.F.);
#2529=ORIENTED_EDGE('',*,*,#1666,.T.);
#2530=ORIENTED_EDGE('',*,*,#1670,.T.);
#2531=ORIENTED_EDGE('',*,*,#1637,.F.);
#2532=ORIENTED_EDGE('',*,*,#1734,.F.);
#2533=ORIENTED_EDGE('',*,*,#1662,.F.);
#2534=ORIENTED_EDGE('',*,*,#1733,.F.);
#2535=ORIENTED_EDGE('',*,*,#1640,.F.);
#2536=ORIENTED_EDGE('',*,*,#1720,.T.);
#2537=ORIENTED_EDGE('',*,*,#1735,.T.);
#2538=ORIENTED_EDGE('',*,*,#1663,.T.);
#2539=ORIENTED_EDGE('',*,*,#1734,.T.);
#2540=ORIENTED_EDGE('',*,*,#1736,.T.);
#2541=ORIENTED_EDGE('',*,*,#1723,.T.);
#2542=ORIENTED_EDGE('',*,*,#1737,.T.);
#2543=ORIENTED_EDGE('',*,*,#1731,.T.);
#2544=ORIENTED_EDGE('',*,*,#1658,.F.);
#2545=ORIENTED_EDGE('',*,*,#1721,.T.);
#2546=ORIENTED_EDGE('',*,*,#1687,.F.);
#2547=ORIENTED_EDGE('',*,*,#1667,.F.);
#2548=ORIENTED_EDGE('',*,*,#1730,.T.);
#2549=ORIENTED_EDGE('',*,*,#1727,.F.);
#2550=ORIENTED_EDGE('',*,*,#1671,.F.);
#2551=ORIENTED_EDGE('',*,*,#1729,.F.);
#2552=ORIENTED_EDGE('',*,*,#1732,.T.);
#2553=ORIENTED_EDGE('',*,*,#1737,.F.);
#2554=ORIENTED_EDGE('',*,*,#1722,.F.);
#2555=ORIENTED_EDGE('',*,*,#1736,.F.);
#2556=ORIENTED_EDGE('',*,*,#1664,.F.);
#2557=ORIENTED_EDGE('',*,*,#1735,.F.);
#2558=ORIENTED_EDGE('',*,*,#1719,.F.);
#2559=ORIENTED_EDGE('',*,*,#1655,.F.);
#2560=ORIENTED_EDGE('',*,*,#1738,.T.);
#2561=ORIENTED_EDGE('',*,*,#1726,.F.);
#2562=ORIENTED_EDGE('',*,*,#1739,.F.);
#2563=ORIENTED_EDGE('',*,*,#1656,.F.);
#2564=ORIENTED_EDGE('',*,*,#1739,.T.);
#2565=ORIENTED_EDGE('',*,*,#1725,.F.);
#2566=ORIENTED_EDGE('',*,*,#1740,.F.);
#2567=ORIENTED_EDGE('',*,*,#1654,.T.);
#2568=ORIENTED_EDGE('',*,*,#1740,.T.);
#2569=ORIENTED_EDGE('',*,*,#1724,.F.);
#2570=ORIENTED_EDGE('',*,*,#1738,.F.);
#2571=ORIENTED_EDGE('',*,*,#1711,.F.);
#2572=ORIENTED_EDGE('',*,*,#1741,.F.);
#2573=ORIENTED_EDGE('',*,*,#1644,.T.);
#2574=ORIENTED_EDGE('',*,*,#1742,.T.);
#2575=ORIENTED_EDGE('',*,*,#1680,.F.);
#2576=ORIENTED_EDGE('',*,*,#1743,.F.);
#2577=ORIENTED_EDGE('',*,*,#1645,.F.);
#2578=ORIENTED_EDGE('',*,*,#1741,.T.);
#2579=ORIENTED_EDGE('',*,*,#1709,.F.);
#2580=ORIENTED_EDGE('',*,*,#1713,.F.);
#2581=ORIENTED_EDGE('',*,*,#1646,.T.);
#2582=ORIENTED_EDGE('',*,*,#1743,.T.);
#2583=ORIENTED_EDGE('',*,*,#1676,.F.);
#2584=ORIENTED_EDGE('',*,*,#1742,.F.);
#2585=ORIENTED_EDGE('',*,*,#1643,.T.);
#2586=ORIENTED_EDGE('',*,*,#1669,.T.);
#2587=ORIENTED_EDGE('',*,*,#1688,.F.);
#2588=CYLINDRICAL_SURFACE('',#2865,0.06725);
#2589=CYLINDRICAL_SURFACE('',#2867,0.06725);
#2590=CYLINDRICAL_SURFACE('',#2868,0.06725);
#2591=CYLINDRICAL_SURFACE('',#2869,0.06725);
#2592=CYLINDRICAL_SURFACE('',#2870,0.06725);
#2593=CYLINDRICAL_SURFACE('',#2871,0.06725);
#2594=CYLINDRICAL_SURFACE('',#2872,0.06725);
#2595=CYLINDRICAL_SURFACE('',#2873,0.06725);
#2596=CYLINDRICAL_SURFACE('',#2874,0.06725);
#2597=CYLINDRICAL_SURFACE('',#2875,0.06725);
#2598=CYLINDRICAL_SURFACE('',#2876,0.06725);
#2599=CYLINDRICAL_SURFACE('',#2877,0.06725);
#2600=CYLINDRICAL_SURFACE('',#2879,0.0820000000000001);
#2601=CYLINDRICAL_SURFACE('',#2881,0.0820000000000001);
#2602=CYLINDRICAL_SURFACE('',#2882,0.0820000000000001);
#2603=CYLINDRICAL_SURFACE('',#2883,0.0820000000000001);
#2604=CYLINDRICAL_SURFACE('',#2884,0.0820000000000001);
#2605=CYLINDRICAL_SURFACE('',#2885,0.0820000000000001);
#2606=CYLINDRICAL_SURFACE('',#2886,0.0820000000000001);
#2607=CYLINDRICAL_SURFACE('',#2887,0.0820000000000001);
#2608=CYLINDRICAL_SURFACE('',#2888,0.0820000000000001);
#2609=CYLINDRICAL_SURFACE('',#2889,0.0820000000000001);
#2610=CYLINDRICAL_SURFACE('',#2890,0.0820000000000001);
#2611=CYLINDRICAL_SURFACE('',#2891,0.0820000000000001);
#2612=CYLINDRICAL_SURFACE('',#2910,0.025);
#2613=CYLINDRICAL_SURFACE('',#2913,0.343750004531048);
#2614=CYLINDRICAL_SURFACE('',#2915,0.025);
#2615=CYLINDRICAL_SURFACE('',#2930,0.025);
#2616=CYLINDRICAL_SURFACE('',#2932,0.0825);
#2617=CYLINDRICAL_SURFACE('',#2935,0.0820000000000001);
#2618=CYLINDRICAL_SURFACE('',#2936,0.06725);
#2619=CYLINDRICAL_SURFACE('',#2963,0.025);
#2620=CYLINDRICAL_SURFACE('',#2964,0.025);
#2621=CYLINDRICAL_SURFACE('',#2969,0.025);
#2622=CYLINDRICAL_SURFACE('',#2974,0.025);
#2623=CYLINDRICAL_SURFACE('',#2975,0.025);
#2624=CYLINDRICAL_SURFACE('',#2976,0.025);
#2625=CYLINDRICAL_SURFACE('',#2981,0.025);
#2626=CYLINDRICAL_SURFACE('',#2986,0.025);
#2627=CYLINDRICAL_SURFACE('',#2987,0.025);
#2628=CYLINDRICAL_SURFACE('',#2989,0.025);
#2629=CYLINDRICAL_SURFACE('',#2990,0.025);
#2630=CYLINDRICAL_SURFACE('',#3008,0.025);
#2631=CYLINDRICAL_SURFACE('',#3010,0.025);
#2632=CYLINDRICAL_SURFACE('',#3012,0.025);
#2633=CYLINDRICAL_SURFACE('',#3013,0.025);
#2634=CYLINDRICAL_SURFACE('',#3015,0.468750003016661);
#2635=CYLINDRICAL_SURFACE('',#3018,0.050000000000001);
#2636=CYLINDRICAL_SURFACE('',#3020,0.0500000000000003);
#2637=CYLINDRICAL_SURFACE('',#3021,0.0825);
#2638=CYLINDRICAL_SURFACE('',#3024,0.0825);
#2639=CYLINDRICAL_SURFACE('',#3030,0.025);
#2640=CYLINDRICAL_SURFACE('',#3031,0.375);
#2641=CYLINDRICAL_SURFACE('',#3040,0.025);
#2642=CYLINDRICAL_SURFACE('',#3052,0.025);
#2643=CYLINDRICAL_SURFACE('',#3057,0.025);
#2644=CYLINDRICAL_SURFACE('',#3062,0.025);
#2645=CYLINDRICAL_SURFACE('',#3067,0.025);
#2646=CYLINDRICAL_SURFACE('',#3068,0.025);
#2647=CYLINDRICAL_SURFACE('',#3073,0.025);
#2648=CYLINDRICAL_SURFACE('',#3078,0.025);
#2649=CYLINDRICAL_SURFACE('',#3083,0.1);
#2650=CYLINDRICAL_SURFACE('',#3085,0.5);
#2651=CYLINDRICAL_SURFACE('',#3086,0.1);
#2652=CYLINDRICAL_SURFACE('',#3088,0.0249999999999998);
#2653=CYLINDRICAL_SURFACE('',#3092,0.025);
#2654=CYLINDRICAL_SURFACE('',#3096,0.0250000000000008);
#2655=CYLINDRICAL_SURFACE('',#3100,0.0250000000000009);
#2656=CYLINDRICAL_SURFACE('',#3105,0.0825);
#2657=CYLINDRICAL_SURFACE('',#3109,0.025);
#2658=CYLINDRICAL_SURFACE('',#3120,0.025);
#2659=CYLINDRICAL_SURFACE('',#3129,0.025);
#2660=CYLINDRICAL_SURFACE('',#3132,0.025);
#2661=CYLINDRICAL_SURFACE('',#3135,0.025);
#2662=CYLINDRICAL_SURFACE('',#3137,0.025);
#2663=CYLINDRICAL_SURFACE('',#3142,0.025);
#2664=CYLINDRICAL_SURFACE('',#3148,0.025);
#2665=CYLINDRICAL_SURFACE('',#3154,0.025);
#2666=CYLINDRICAL_SURFACE('',#3163,0.0999999999999991);
#2667=CYLINDRICAL_SURFACE('',#3165,0.100000000000001);
#2668=CYLINDRICAL_SURFACE('',#3167,0.100000000000001);
#2669=CYLINDRICAL_SURFACE('',#3176,0.275);
#2670=CYLINDRICAL_SURFACE('',#3180,0.337499999999999);
#2671=CYLINDRICAL_SURFACE('',#3187,0.019685039369573);
#2672=CYLINDRICAL_SURFACE('',#3189,0.1);
#2673=CYLINDRICAL_SURFACE('',#3190,0.1);
#2674=CYLINDRICAL_SURFACE('',#3192,0.0999999999999998);
#2675=CYLINDRICAL_SURFACE('',#3193,0.0196850393708666);
#2676=ADVANCED_FACE('',(#135),#2588,.F.);
#2677=ADVANCED_FACE('',(#136),#2589,.F.);
#2678=ADVANCED_FACE('',(#137),#2590,.F.);
#2679=ADVANCED_FACE('',(#138),#2591,.F.);
#2680=ADVANCED_FACE('',(#139),#2592,.F.);
#2681=ADVANCED_FACE('',(#140),#2593,.F.);
#2682=ADVANCED_FACE('',(#141),#2594,.F.);
#2683=ADVANCED_FACE('',(#142),#2595,.F.);
#2684=ADVANCED_FACE('',(#143),#2596,.F.);
#2685=ADVANCED_FACE('',(#144),#2597,.F.);
#2686=ADVANCED_FACE('',(#145),#2598,.F.);
#2687=ADVANCED_FACE('',(#146),#2599,.F.);
#2688=ADVANCED_FACE('',(#147),#2600,.F.);
#2689=ADVANCED_FACE('',(#148),#2601,.F.);
#2690=ADVANCED_FACE('',(#149),#2602,.F.);
#2691=ADVANCED_FACE('',(#150),#2603,.F.);
#2692=ADVANCED_FACE('',(#151),#2604,.F.);
#2693=ADVANCED_FACE('',(#152),#2605,.F.);
#2694=ADVANCED_FACE('',(#153),#2606,.F.);
#2695=ADVANCED_FACE('',(#154),#2607,.F.);
#2696=ADVANCED_FACE('',(#155),#2608,.F.);
#2697=ADVANCED_FACE('',(#156),#2609,.F.);
#2698=ADVANCED_FACE('',(#157),#2610,.F.);
#2699=ADVANCED_FACE('',(#158),#2611,.F.);
#2700=ADVANCED_FACE('',(#159),#121,.F.);
#2701=ADVANCED_FACE('',(#160),#78,.T.);
#2702=ADVANCED_FACE('',(#161),#79,.T.);
#2703=ADVANCED_FACE('',(#162),#80,.T.);
#2704=ADVANCED_FACE('',(#163),#122,.F.);
#2705=ADVANCED_FACE('',(#164),#2612,.F.);
#2706=ADVANCED_FACE('',(#165),#2613,.F.);
#2707=ADVANCED_FACE('',(#166),#2614,.F.);
#2708=ADVANCED_FACE('',(#167),#123,.F.);
#2709=ADVANCED_FACE('',(#168),#81,.T.);
#2710=ADVANCED_FACE('',(#169),#82,.T.);
#2711=ADVANCED_FACE('',(#170),#83,.T.);
#2712=ADVANCED_FACE('',(#171),#124,.F.);
#2713=ADVANCED_FACE('',(#172),#2615,.F.);
#2714=ADVANCED_FACE('',(#173),#2616,.F.);
#2715=ADVANCED_FACE('',(#174),#2617,.F.);
#2716=ADVANCED_FACE('',(#175),#125,.F.);
#2717=ADVANCED_FACE('',(#176),#126,.F.);
#2718=ADVANCED_FACE('',(#177),#2618,.F.);
#2719=ADVANCED_FACE('',(#178),#45,.F.);
#2720=ADVANCED_FACE('',(#179),#127,.F.);
#2721=ADVANCED_FACE('',(#180),#128,.F.);
#2722=ADVANCED_FACE('',(#181),#84,.T.);
#2723=ADVANCED_FACE('',(#182),#129,.F.);
#2724=ADVANCED_FACE('',(#183),#41,.T.);
#2725=ADVANCED_FACE('',(#184),#42,.T.);
#2726=ADVANCED_FACE('',(#185),#43,.T.);
#2727=ADVANCED_FACE('',(#186),#44,.T.);
#2728=ADVANCED_FACE('',(#187),#2619,.T.);
#2729=ADVANCED_FACE('',(#188),#2620,.T.);
#2730=ADVANCED_FACE('',(#189),#36,.F.);
#2731=ADVANCED_FACE('',(#190),#2621,.T.);
#2732=ADVANCED_FACE('',(#191),#37,.F.);
#2733=ADVANCED_FACE('',(#192),#2622,.T.);
#2734=ADVANCED_FACE('',(#193),#2623,.T.);
#2735=ADVANCED_FACE('',(#194),#2624,.T.);
#2736=ADVANCED_FACE('',(#195),#38,.F.);
#2737=ADVANCED_FACE('',(#196),#2625,.T.);
#2738=ADVANCED_FACE('',(#197),#39,.F.);
#2739=ADVANCED_FACE('',(#198),#2626,.T.);
#2740=ADVANCED_FACE('',(#199),#2627,.T.);
#2741=ADVANCED_FACE('',(#200),#2628,.T.);
#2742=ADVANCED_FACE('',(#201),#2629,.T.);
#2743=ADVANCED_FACE('',(#202),#85,.T.);
#2744=ADVANCED_FACE('',(#203),#130,.F.);
#2745=ADVANCED_FACE('',(#204),#86,.T.);
#2746=ADVANCED_FACE('',(#205),#131,.F.);
#2747=ADVANCED_FACE('',(#206),#132,.F.);
#2748=ADVANCED_FACE('',(#207),#87,.T.);
#2749=ADVANCED_FACE('',(#208),#46,.T.);
#2750=ADVANCED_FACE('',(#209,#19,#20),#47,.T.);
#2751=ADVANCED_FACE('',(#210),#2630,.F.);
#2752=ADVANCED_FACE('',(#211),#48,.T.);
#2753=ADVANCED_FACE('',(#212),#2631,.F.);
#2754=ADVANCED_FACE('',(#213,#21,#22),#49,.F.);
#2755=ADVANCED_FACE('',(#214),#2632,.F.);
#2756=ADVANCED_FACE('',(#215),#2633,.F.);
#2757=ADVANCED_FACE('',(#216),#50,.T.);
#2758=ADVANCED_FACE('',(#217),#2634,.T.);
#2759=ADVANCED_FACE('',(#218),#51,.T.);
#2760=ADVANCED_FACE('',(#219),#52,.T.);
#2761=ADVANCED_FACE('',(#220),#2635,.T.);
#2762=ADVANCED_FACE('',(#221),#53,.T.);
#2763=ADVANCED_FACE('',(#222),#2636,.T.);
#2764=ADVANCED_FACE('',(#223),#2637,.F.);
#2765=ADVANCED_FACE('',(#224),#2638,.F.);
#2766=ADVANCED_FACE('',(#225),#88,.T.);
#2767=ADVANCED_FACE('',(#226),#2639,.T.);
#2768=ADVANCED_FACE('',(#227),#2640,.F.);
#2769=ADVANCED_FACE('',(#228,#23,#24,#25),#54,.F.);
#2770=ADVANCED_FACE('',(#229),#89,.T.);
#2771=ADVANCED_FACE('',(#230),#2641,.T.);
#2772=ADVANCED_FACE('',(#231,#26,#27,#28),#55,.T.);
#2773=ADVANCED_FACE('',(#232),#90,.T.);
#2774=ADVANCED_FACE('',(#233),#91,.T.);
#2775=ADVANCED_FACE('',(#234),#2642,.T.);
#2776=ADVANCED_FACE('',(#235),#92,.T.);
#2777=ADVANCED_FACE('',(#236),#2643,.T.);
#2778=ADVANCED_FACE('',(#237),#93,.T.);
#2779=ADVANCED_FACE('',(#238),#2644,.T.);
#2780=ADVANCED_FACE('',(#239),#94,.T.);
#2781=ADVANCED_FACE('',(#240),#2645,.F.);
#2782=ADVANCED_FACE('',(#241),#2646,.T.);
#2783=ADVANCED_FACE('',(#242),#95,.T.);
#2784=ADVANCED_FACE('',(#243),#2647,.T.);
#2785=ADVANCED_FACE('',(#244),#96,.T.);
#2786=ADVANCED_FACE('',(#245),#2648,.T.);
#2787=ADVANCED_FACE('',(#246),#97,.T.);
#2788=ADVANCED_FACE('',(#247),#56,.T.);
#2789=ADVANCED_FACE('',(#248),#57,.T.);
#2790=ADVANCED_FACE('',(#249),#2649,.T.);
#2791=ADVANCED_FACE('',(#250),#58,.T.);
#2792=ADVANCED_FACE('',(#251),#2650,.T.);
#2793=ADVANCED_FACE('',(#252),#2651,.T.);
#2794=ADVANCED_FACE('',(#253),#59,.T.);
#2795=ADVANCED_FACE('',(#254),#2652,.T.);
#2796=ADVANCED_FACE('',(#255),#60,.T.);
#2797=ADVANCED_FACE('',(#256),#2653,.T.);
#2798=ADVANCED_FACE('',(#257),#61,.T.);
#2799=ADVANCED_FACE('',(#258),#2654,.T.);
#2800=ADVANCED_FACE('',(#259),#62,.T.);
#2801=ADVANCED_FACE('',(#260),#2655,.T.);
#2802=ADVANCED_FACE('',(#261),#63,.T.);
#2803=ADVANCED_FACE('',(#262),#64,.T.);
#2804=ADVANCED_FACE('',(#263),#2656,.F.);
#2805=ADVANCED_FACE('',(#264),#133,.T.);
#2806=ADVANCED_FACE('',(#265),#2657,.F.);
#2807=ADVANCED_FACE('',(#266),#134,.T.);
#2808=ADVANCED_FACE('',(#267,#29,#30,#31),#65,.F.);
#2809=ADVANCED_FACE('',(#268),#2658,.T.);
#2810=ADVANCED_FACE('',(#269),#66,.F.);
#2811=ADVANCED_FACE('',(#270,#32),#67,.T.);
#2812=ADVANCED_FACE('',(#271),#40,.T.);
#2813=ADVANCED_FACE('',(#272),#2659,.T.);
#2814=ADVANCED_FACE('',(#273),#2660,.T.);
#2815=ADVANCED_FACE('',(#274),#2661,.T.);
#2816=ADVANCED_FACE('',(#275),#2662,.T.);
#2817=ADVANCED_FACE('',(#276),#98,.T.);
#2818=ADVANCED_FACE('',(#277),#2663,.T.);
#2819=ADVANCED_FACE('',(#278),#99,.T.);
#2820=ADVANCED_FACE('',(#279),#2664,.T.);
#2821=ADVANCED_FACE('',(#280),#100,.T.);
#2822=ADVANCED_FACE('',(#281),#2665,.T.);
#2823=ADVANCED_FACE('',(#282),#101,.T.);
#2824=ADVANCED_FACE('',(#283),#102,.T.);
#2825=ADVANCED_FACE('',(#284),#68,.T.);
#2826=ADVANCED_FACE('',(#285),#2666,.T.);
#2827=ADVANCED_FACE('',(#286),#69,.T.);
#2828=ADVANCED_FACE('',(#287),#2667,.T.);
#2829=ADVANCED_FACE('',(#288),#70,.T.);
#2830=ADVANCED_FACE('',(#289),#2668,.F.);
#2831=ADVANCED_FACE('',(#290,#33),#71,.T.);
#2832=ADVANCED_FACE('',(#291,#34,#35),#72,.T.);
#2833=ADVANCED_FACE('',(#292),#103,.T.);
#2834=ADVANCED_FACE('',(#293),#2669,.F.);
#2835=ADVANCED_FACE('',(#294),#104,.T.);
#2836=ADVANCED_FACE('',(#295),#2670,.T.);
#2837=ADVANCED_FACE('',(#296),#105,.T.);
#2838=ADVANCED_FACE('',(#297),#106,.T.);
#2839=ADVANCED_FACE('',(#298),#73,.T.);
#2840=ADVANCED_FACE('',(#299),#74,.F.);
#2841=ADVANCED_FACE('',(#300),#75,.F.);
#2842=ADVANCED_FACE('',(#301),#2671,.F.);
#2843=ADVANCED_FACE('',(#302),#76,.T.);
#2844=ADVANCED_FACE('',(#303),#2672,.T.);
#2845=ADVANCED_FACE('',(#304),#2673,.T.);
#2846=ADVANCED_FACE('',(#305),#77,.T.);
#2847=ADVANCED_FACE('',(#306),#2674,.T.);
#2848=ADVANCED_FACE('',(#307),#2675,.T.);
#2849=CLOSED_SHELL('',(#2676,#2677,#2678,#2679,#2680,#2681,#2682,#2683,
#2684,#2685,#2686,#2687,#2688,#2689,#2690,#2691,#2692,#2693,#2694,#2695,
#2696,#2697,#2698,#2699,#2700,#2701,#2702,#2703,#2704,#2705,#2706,#2707,
#2708,#2709,#2710,#2711,#2712,#2713,#2714,#2715,#2716,#2717,#2718,#2719,
#2720,#2721,#2722,#2723,#2724,#2725,#2726,#2727,#2728,#2729,#2730,#2731,
#2732,#2733,#2734,#2735,#2736,#2737,#2738,#2739,#2740,#2741,#2742,#2743,
#2744,#2745,#2746,#2747,#2748,#2749,#2750,#2751,#2752,#2753,#2754,#2755,
#2756,#2757,#2758,#2759,#2760,#2761,#2762,#2763));
#2850=CLOSED_SHELL('',(#2764,#2765,#2766,#2767,#2768,#2769,#2770,#2771,
#2772,#2773,#2774,#2775,#2776,#2777,#2778,#2779,#2780,#2781,#2782,#2783,
#2784,#2785,#2786,#2787,#2788,#2789,#2790,#2791,#2792,#2793,#2794));
#2851=CLOSED_SHELL('',(#2795,#2796,#2797,#2798,#2799,#2800,#2801,#2802,
#2803,#2804,#2805,#2806,#2807,#2808,#2809,#2810,#2811,#2812,#2813,#2814,
#2815,#2816,#2817,#2818,#2819,#2820,#2821,#2822,#2823,#2824,#2825,#2826,
#2827,#2828,#2829,#2830,#2831,#2832,#2833,#2834,#2835,#2836,#2837,#2838,
#2839,#2840,#2841,#2842,#2843,#2844,#2845,#2846,#2847,#2848));
#2852=DERIVED_UNIT_ELEMENT(#2854,1.);
#2853=DERIVED_UNIT_ELEMENT(#7083,-3.);
#2854=(
MASS_UNIT()
NAMED_UNIT(*)
SI_UNIT(.KILO.,.GRAM.)
);
#2855=DERIVED_UNIT((#2852,#2853));
#2856=MEASURE_REPRESENTATION_ITEM('density measure',
POSITIVE_RATIO_MEASURE(7850.),#2855);
#2857=PROPERTY_DEFINITION_REPRESENTATION(#2862,#2859);
#2858=PROPERTY_DEFINITION_REPRESENTATION(#2863,#2860);
#2859=REPRESENTATION('material name',(#2861),#7078);
#2860=REPRESENTATION('density',(#2856),#7078);
#2861=DESCRIPTIVE_REPRESENTATION_ITEM('Steel','Steel');
#2862=PROPERTY_DEFINITION('material property','material name',#7091);
#2863=PROPERTY_DEFINITION('material property','density of part',#7091);
#2864=AXIS2_PLACEMENT_3D('',#4014,#3194,#3195);
#2865=AXIS2_PLACEMENT_3D('',#4015,#3196,#3197);
#2866=AXIS2_PLACEMENT_3D('',#4025,#3199,#3200);
#2867=AXIS2_PLACEMENT_3D('',#4039,#3201,#3202);
#2868=AXIS2_PLACEMENT_3D('',#4090,#3204,#3205);
#2869=AXIS2_PLACEMENT_3D('',#4138,#3207,#3208);
#2870=AXIS2_PLACEMENT_3D('',#4189,#3210,#3211);
#2871=AXIS2_PLACEMENT_3D('',#4240,#3213,#3214);
#2872=AXIS2_PLACEMENT_3D('',#4291,#3216,#3217);
#2873=AXIS2_PLACEMENT_3D('',#4339,#3219,#3220);
#2874=AXIS2_PLACEMENT_3D('',#4390,#3222,#3223);
#2875=AXIS2_PLACEMENT_3D('',#4441,#3225,#3226);
#2876=AXIS2_PLACEMENT_3D('',#4489,#3228,#3229);
#2877=AXIS2_PLACEMENT_3D('',#4540,#3231,#3232);
#2878=AXIS2_PLACEMENT_3D('',#4559,#3234,#3235);
#2879=AXIS2_PLACEMENT_3D('',#4582,#3236,#3237);
#2880=AXIS2_PLACEMENT_3D('',#4596,#3239,#3240);
#2881=AXIS2_PLACEMENT_3D('',#4607,#3241,#3242);
#2882=AXIS2_PLACEMENT_3D('',#4631,#3244,#3245);
#2883=AXIS2_PLACEMENT_3D('',#4655,#3247,#3248);
#2884=AXIS2_PLACEMENT_3D('',#4681,#3250,#3251);
#2885=AXIS2_PLACEMENT_3D('',#4705,#3253,#3254);
#2886=AXIS2_PLACEMENT_3D('',#4730,#3256,#3257);
#2887=AXIS2_PLACEMENT_3D('',#4755,#3259,#3260);
#2888=AXIS2_PLACEMENT_3D('',#4779,#3262,#3263);
#2889=AXIS2_PLACEMENT_3D('',#4804,#3265,#3266);
#2890=AXIS2_PLACEMENT_3D('',#4829,#3268,#3269);
#2891=AXIS2_PLACEMENT_3D('',#4853,#3271,#3272);
#2892=AXIS2_PLACEMENT_3D('',#4864,#3274,#3275);
#2893=AXIS2_PLACEMENT_3D('',#4898,#3276,#3277);
#2894=AXIS2_PLACEMENT_3D('',#4900,#3278,#3279);
#2895=AXIS2_PLACEMENT_3D('',#4901,#3280,#3281);
#2896=AXIS2_PLACEMENT_3D('',#4902,#3282,#3283);
#2897=AXIS2_PLACEMENT_3D('',#4905,#3284,#3285);
#2898=AXIS2_PLACEMENT_3D('',#4906,#3286,#3287);
#2899=AXIS2_PLACEMENT_3D('',#4907,#3288,#3289);
#2900=AXIS2_PLACEMENT_3D('',#4908,#3290,#3291);
#2901=AXIS2_PLACEMENT_3D('',#4911,#3292,#3293);
#2902=AXIS2_PLACEMENT_3D('',#4912,#3294,#3295);
#2903=AXIS2_PLACEMENT_3D('',#4913,#3296,#3297);
#2904=AXIS2_PLACEMENT_3D('',#4914,#3298,#3299);
#2905=AXIS2_PLACEMENT_3D('',#4917,#3300,#3301);
#2906=AXIS2_PLACEMENT_3D('',#4918,#3302,#3303);
#2907=AXIS2_PLACEMENT_3D('',#4919,#3304,#3305);
#2908=AXIS2_PLACEMENT_3D('',#4951,#3306,#3307);
#2909=AXIS2_PLACEMENT_3D('',#4952,#3308,#3309);
#2910=AXIS2_PLACEMENT_3D('',#4953,#3310,#3311);
#2911=AXIS2_PLACEMENT_3D('',#4957,#3313,#3314);
#2912=AXIS2_PLACEMENT_3D('',#4959,#3315,#3316);
#2913=AXIS2_PLACEMENT_3D('',#4961,#3318,#3319);
#2914=AXIS2_PLACEMENT_3D('',#4964,#3321,#3322);
#2915=AXIS2_PLACEMENT_3D('',#4965,#3323,#3324);
#2916=AXIS2_PLACEMENT_3D('',#4969,#3326,#3327);
#2917=AXIS2_PLACEMENT_3D('',#4970,#3328,#3329);
#2918=AXIS2_PLACEMENT_3D('',#5002,#3330,#3331);
#2919=AXIS2_PLACEMENT_3D('',#5003,#3332,#3333);
#2920=AXIS2_PLACEMENT_3D('',#5004,#3334,#3335);
#2921=AXIS2_PLACEMENT_3D('',#5006,#3336,#3337);
#2922=AXIS2_PLACEMENT_3D('',#5007,#3338,#3339);
#2923=AXIS2_PLACEMENT_3D('',#5008,#3340,#3341);
#2924=AXIS2_PLACEMENT_3D('',#5010,#3342,#3343);
#2925=AXIS2_PLACEMENT_3D('',#5011,#3344,#3345);
#2926=AXIS2_PLACEMENT_3D('',#5012,#3346,#3347);
#2927=AXIS2_PLACEMENT_3D('',#5014,#3348,#3349);
#2928=AXIS2_PLACEMENT_3D('',#5015,#3350,#3351);
#2929=AXIS2_PLACEMENT_3D('',#5041,#3352,#3353);
#2930=AXIS2_PLACEMENT_3D('',#5042,#3354,#3355);
#2931=AXIS2_PLACEMENT_3D('',#5051,#3357,#3358);
#2932=AXIS2_PLACEMENT_3D('',#5053,#3360,#3361);
#2933=AXIS2_PLACEMENT_3D('',#5055,#3362,#3363);
#2934=AXIS2_PLACEMENT_3D('',#5058,#3365,#3366);
#2935=AXIS2_PLACEMENT_3D('',#5059,#3367,#3368);
#2936=AXIS2_PLACEMENT_3D('',#5924,#3369,#3370);
#2937=AXIS2_PLACEMENT_3D('',#5925,#3371,#3372);
#2938=AXIS2_PLACEMENT_3D('',#5958,#3373,#3374);
#2939=AXIS2_PLACEMENT_3D('',#5960,#3375,#3376);
#2940=AXIS2_PLACEMENT_3D('',#5961,#3377,#3378);
#2941=AXIS2_PLACEMENT_3D('',#5984,#3379,#3380);
#2942=AXIS2_PLACEMENT_3D('',#5993,#3381,#3382);
#2943=AXIS2_PLACEMENT_3D('',#5995,#3383,#3384);
#2944=AXIS2_PLACEMENT_3D('',#5996,#3385,#3386);
#2945=AXIS2_PLACEMENT_3D('',#5997,#3387,#3388);
#2946=AXIS2_PLACEMENT_3D('',#6023,#3389,#3390);
#2947=AXIS2_PLACEMENT_3D('',#6024,#3391,#3392);
#2948=AXIS2_PLACEMENT_3D('',#6027,#3393,#3394);
#2949=AXIS2_PLACEMENT_3D('',#6029,#3395,#3396);
#2950=AXIS2_PLACEMENT_3D('',#6030,#3397,#3398);
#2951=AXIS2_PLACEMENT_3D('',#6031,#3399,#3400);
#2952=AXIS2_PLACEMENT_3D('',#6034,#3401,#3402);
#2953=AXIS2_PLACEMENT_3D('',#6036,#3403,#3404);
#2954=AXIS2_PLACEMENT_3D('',#6037,#3405,#3406);
#2955=AXIS2_PLACEMENT_3D('',#6038,#3407,#3408);
#2956=AXIS2_PLACEMENT_3D('',#6041,#3409,#3410);
#2957=AXIS2_PLACEMENT_3D('',#6043,#3411,#3412);
#2958=AXIS2_PLACEMENT_3D('',#6044,#3413,#3414);
#2959=AXIS2_PLACEMENT_3D('',#6045,#3415,#3416);
#2960=AXIS2_PLACEMENT_3D('',#6048,#3417,#3418);
#2961=AXIS2_PLACEMENT_3D('',#6050,#3419,#3420);
#2962=AXIS2_PLACEMENT_3D('',#6051,#3421,#3422);
#2963=AXIS2_PLACEMENT_3D('',#6052,#3423,#3424);
#2964=AXIS2_PLACEMENT_3D('',#6055,#3427,#3428);
#2965=AXIS2_PLACEMENT_3D('',#6058,#3429,#3430);
#2966=AXIS2_PLACEMENT_3D('',#6072,#3433,#3434);
#2967=AXIS2_PLACEMENT_3D('',#6073,#3435,#3436);
#2968=AXIS2_PLACEMENT_3D('',#6074,#3437,#3438);
#2969=AXIS2_PLACEMENT_3D('',#6075,#3439,#3440);
#2970=AXIS2_PLACEMENT_3D('',#6078,#3441,#3442);
#2971=AXIS2_PLACEMENT_3D('',#6092,#3445,#3446);
#2972=AXIS2_PLACEMENT_3D('',#6093,#3447,#3448);
#2973=AXIS2_PLACEMENT_3D('',#6094,#3449,#3450);
#2974=AXIS2_PLACEMENT_3D('',#6095,#3451,#3452);
#2975=AXIS2_PLACEMENT_3D('',#6098,#3455,#3456);
#2976=AXIS2_PLACEMENT_3D('',#6101,#3459,#3460);
#2977=AXIS2_PLACEMENT_3D('',#6104,#3461,#3462);
#2978=AXIS2_PLACEMENT_3D('',#6118,#3465,#3466);
#2979=AXIS2_PLACEMENT_3D('',#6119,#3467,#3468);
#2980=AXIS2_PLACEMENT_3D('',#6120,#3469,#3470);
#2981=AXIS2_PLACEMENT_3D('',#6121,#3471,#3472);
#2982=AXIS2_PLACEMENT_3D('',#6124,#3473,#3474);
#2983=AXIS2_PLACEMENT_3D('',#6138,#3477,#3478);
#2984=AXIS2_PLACEMENT_3D('',#6139,#3479,#3480);
#2985=AXIS2_PLACEMENT_3D('',#6140,#3481,#3482);
#2986=AXIS2_PLACEMENT_3D('',#6141,#3483,#3484);
#2987=AXIS2_PLACEMENT_3D('',#6144,#3487,#3488);
#2988=AXIS2_PLACEMENT_3D('',#6146,#3489,#3490);
#2989=AXIS2_PLACEMENT_3D('',#6149,#3493,#3494);
#2990=AXIS2_PLACEMENT_3D('',#6152,#3497,#3498);
#2991=AXIS2_PLACEMENT_3D('',#6155,#3499,#3500);
#2992=AXIS2_PLACEMENT_3D('',#6158,#3503,#3504);
#2993=AXIS2_PLACEMENT_3D('',#6159,#3505,#3506);
#2994=AXIS2_PLACEMENT_3D('',#6182,#3507,#3508);
#2995=AXIS2_PLACEMENT_3D('',#6189,#3509,#3510);
#2996=AXIS2_PLACEMENT_3D('',#6194,#3511,#3512);
#2997=AXIS2_PLACEMENT_3D('',#6197,#3513,#3514);
#2998=AXIS2_PLACEMENT_3D('',#6198,#3515,#3516);
#2999=AXIS2_PLACEMENT_3D('',#6199,#3517,#3518);
#3000=AXIS2_PLACEMENT_3D('',#6222,#3519,#3520);
#3001=AXIS2_PLACEMENT_3D('',#6262,#3521,#3522);
#3002=AXIS2_PLACEMENT_3D('',#6263,#3523,#3524);
#3003=AXIS2_PLACEMENT_3D('',#6264,#3525,#3526);
#3004=AXIS2_PLACEMENT_3D('',#6265,#3527,#3528);
#3005=AXIS2_PLACEMENT_3D('',#6266,#3529,#3530);
#3006=AXIS2_PLACEMENT_3D('',#6267,#3531,#3532);
#3007=AXIS2_PLACEMENT_3D('',#6269,#3534,#3535);
#3008=AXIS2_PLACEMENT_3D('',#6274,#3540,#3541);
#3009=AXIS2_PLACEMENT_3D('',#6276,#3543,#3544);
#3010=AXIS2_PLACEMENT_3D('',#6278,#3546,#3547);
#3011=AXIS2_PLACEMENT_3D('',#6279,#3548,#3549);
#3012=AXIS2_PLACEMENT_3D('',#6280,#3550,#3551);
#3013=AXIS2_PLACEMENT_3D('',#6282,#3553,#3554);
#3014=AXIS2_PLACEMENT_3D('',#6284,#3556,#3557);
#3015=AXIS2_PLACEMENT_3D('',#6285,#3558,#3559);
#3016=AXIS2_PLACEMENT_3D('',#6287,#3561,#3562);
#3017=AXIS2_PLACEMENT_3D('',#6288,#3563,#3564);
#3018=AXIS2_PLACEMENT_3D('',#6290,#3566,#3567);
#3019=AXIS2_PLACEMENT_3D('',#6292,#3569,#3570);
#3020=AXIS2_PLACEMENT_3D('',#6294,#3572,#3573);
#3021=AXIS2_PLACEMENT_3D('',#6295,#3574,#3575);
#3022=AXIS2_PLACEMENT_3D('',#6297,#3576,#3577);
#3023=AXIS2_PLACEMENT_3D('',#6300,#3579,#3580);
#3024=AXIS2_PLACEMENT_3D('',#6301,#3581,#3582);
#3025=AXIS2_PLACEMENT_3D('',#6303,#3583,#3584);
#3026=AXIS2_PLACEMENT_3D('',#6306,#3586,#3587);
#3027=AXIS2_PLACEMENT_3D('',#6307,#3588,#3589);
#3028=AXIS2_PLACEMENT_3D('',#6310,#3590,#3591);
#3029=AXIS2_PLACEMENT_3D('',#6327,#3592,#3593);
#3030=AXIS2_PLACEMENT_3D('',#6344,#3594,#3595);
#3031=AXIS2_PLACEMENT_3D('',#6347,#3598,#3599);
#3032=AXIS2_PLACEMENT_3D('',#6351,#3601,#3602);
#3033=AXIS2_PLACEMENT_3D('',#6353,#3604,#3605);
#3034=AXIS2_PLACEMENT_3D('',#6356,#3606,#3607);
#3035=AXIS2_PLACEMENT_3D('',#6360,#3609,#3610);
#3036=AXIS2_PLACEMENT_3D('',#6364,#3612,#3613);
#3037=AXIS2_PLACEMENT_3D('',#6367,#3615,#3616);
#3038=AXIS2_PLACEMENT_3D('',#6368,#3617,#3618);
#3039=AXIS2_PLACEMENT_3D('',#6371,#3619,#3620);
#3040=AXIS2_PLACEMENT_3D('',#6400,#3621,#3622);
#3041=AXIS2_PLACEMENT_3D('',#6403,#3625,#3626);
#3042=AXIS2_PLACEMENT_3D('',#6408,#3628,#3629);
#3043=AXIS2_PLACEMENT_3D('',#6412,#3631,#3632);
#3044=AXIS2_PLACEMENT_3D('',#6416,#3634,#3635);
#3045=AXIS2_PLACEMENT_3D('',#6417,#3636,#3637);
#3046=AXIS2_PLACEMENT_3D('',#6418,#3638,#3639);
#3047=AXIS2_PLACEMENT_3D('',#6421,#3640,#3641);
#3048=AXIS2_PLACEMENT_3D('',#6422,#3642,#3643);
#3049=AXIS2_PLACEMENT_3D('',#6423,#3644,#3645);
#3050=AXIS2_PLACEMENT_3D('',#6424,#3646,#3647);
#3051=AXIS2_PLACEMENT_3D('',#6426,#3648,#3649);
#3052=AXIS2_PLACEMENT_3D('',#6441,#3650,#3651);
#3053=AXIS2_PLACEMENT_3D('',#6443,#3652,#3653);
#3054=AXIS2_PLACEMENT_3D('',#6445,#3655,#3656);
#3055=AXIS2_PLACEMENT_3D('',#6447,#3657,#3658);
#3056=AXIS2_PLACEMENT_3D('',#6448,#3659,#3660);
#3057=AXIS2_PLACEMENT_3D('',#6449,#3661,#3662);
#3058=AXIS2_PLACEMENT_3D('',#6451,#3663,#3664);
#3059=AXIS2_PLACEMENT_3D('',#6453,#3666,#3667);
#3060=AXIS2_PLACEMENT_3D('',#6455,#3668,#3669);
#3061=AXIS2_PLACEMENT_3D('',#6456,#3670,#3671);
#3062=AXIS2_PLACEMENT_3D('',#6457,#3672,#3673);
#3063=AXIS2_PLACEMENT_3D('',#6459,#3675,#3676);
#3064=AXIS2_PLACEMENT_3D('',#6461,#3677,#3678);
#3065=AXIS2_PLACEMENT_3D('',#6463,#3679,#3680);
#3066=AXIS2_PLACEMENT_3D('',#6464,#3681,#3682);
#3067=AXIS2_PLACEMENT_3D('',#6465,#3683,#3684);
#3068=AXIS2_PLACEMENT_3D('',#6468,#3687,#3688);
#3069=AXIS2_PLACEMENT_3D('',#6472,#3690,#3691);
#3070=AXIS2_PLACEMENT_3D('',#6487,#3692,#3693);
#3071=AXIS2_PLACEMENT_3D('',#6489,#3694,#3695);
#3072=AXIS2_PLACEMENT_3D('',#6490,#3696,#3697);
#3073=AXIS2_PLACEMENT_3D('',#6491,#3698,#3699);
#3074=AXIS2_PLACEMENT_3D('',#6493,#3700,#3701);
#3075=AXIS2_PLACEMENT_3D('',#6495,#3703,#3704);
#3076=AXIS2_PLACEMENT_3D('',#6497,#3705,#3706);
#3077=AXIS2_PLACEMENT_3D('',#6498,#3707,#3708);
#3078=AXIS2_PLACEMENT_3D('',#6499,#3709,#3710);
#3079=AXIS2_PLACEMENT_3D('',#6501,#3712,#3713);
#3080=AXIS2_PLACEMENT_3D('',#6502,#3714,#3715);
#3081=AXIS2_PLACEMENT_3D('',#6503,#3716,#3717);
#3082=AXIS2_PLACEMENT_3D('',#6505,#3719,#3720);
#3083=AXIS2_PLACEMENT_3D('',#6506,#3721,#3722);
#3084=AXIS2_PLACEMENT_3D('',#6509,#3725,#3726);
#3085=AXIS2_PLACEMENT_3D('',#6511,#3728,#3729);
#3086=AXIS2_PLACEMENT_3D('',#6512,#3730,#3731);
#3087=AXIS2_PLACEMENT_3D('',#6514,#3733,#3734);
#3088=AXIS2_PLACEMENT_3D('',#6515,#3735,#3736);
#3089=AXIS2_PLACEMENT_3D('',#6518,#3737,#3738);
#3090=AXIS2_PLACEMENT_3D('',#6522,#3740,#3741);
#3091=AXIS2_PLACEMENT_3D('',#6524,#3743,#3744);
#3092=AXIS2_PLACEMENT_3D('',#6530,#3748,#3749);
#3093=AXIS2_PLACEMENT_3D('',#6532,#3750,#3751);
#3094=AXIS2_PLACEMENT_3D('',#6534,#3752,#3753);
#3095=AXIS2_PLACEMENT_3D('',#6536,#3755,#3756);
#3096=AXIS2_PLACEMENT_3D('',#6542,#3760,#3761);
#3097=AXIS2_PLACEMENT_3D('',#6544,#3762,#3763);
#3098=AXIS2_PLACEMENT_3D('',#6546,#3764,#3765);
#3099=AXIS2_PLACEMENT_3D('',#6548,#3767,#3768);
#3100=AXIS2_PLACEMENT_3D('',#6554,#3772,#3773);
#3101=AXIS2_PLACEMENT_3D('',#6556,#3774,#3775);
#3102=AXIS2_PLACEMENT_3D('',#6558,#3776,#3777);
#3103=AXIS2_PLACEMENT_3D('',#6560,#3779,#3780);
#3104=AXIS2_PLACEMENT_3D('',#6563,#3783,#3784);
#3105=AXIS2_PLACEMENT_3D('',#6564,#3785,#3786);
#3106=AXIS2_PLACEMENT_3D('',#6566,#3787,#3788);
#3107=AXIS2_PLACEMENT_3D('',#6569,#3790,#3791);
#3108=AXIS2_PLACEMENT_3D('',#6621,#3792,#3793);
#3109=AXIS2_PLACEMENT_3D('',#6661,#3794,#3795);
#3110=AXIS2_PLACEMENT_3D('',#6664,#3796,#3797);
#3111=AXIS2_PLACEMENT_3D('',#6740,#3800,#3801);
#3112=AXIS2_PLACEMENT_3D('',#6744,#3803,#3804);
#3113=AXIS2_PLACEMENT_3D('',#6746,#3805,#3806);
#3114=AXIS2_PLACEMENT_3D('',#6750,#3808,#3809);
#3115=AXIS2_PLACEMENT_3D('',#6754,#3811,#3812);
#3116=AXIS2_PLACEMENT_3D('',#6758,#3814,#3815);
#3117=AXIS2_PLACEMENT_3D('',#6762,#3817,#3818);
#3118=AXIS2_PLACEMENT_3D('',#6766,#3820,#3821);
#3119=AXIS2_PLACEMENT_3D('',#6768,#3822,#3823);
#3120=AXIS2_PLACEMENT_3D('',#6770,#3825,#3826);
#3121=AXIS2_PLACEMENT_3D('',#6773,#3827,#3828);
#3122=AXIS2_PLACEMENT_3D('',#6777,#3830,#3831);
#3123=AXIS2_PLACEMENT_3D('',#6807,#3835,#3836);
#3124=AXIS2_PLACEMENT_3D('',#6814,#3838,#3839);
#3125=AXIS2_PLACEMENT_3D('',#6820,#3843,#3844);
#3126=AXIS2_PLACEMENT_3D('',#6824,#3846,#3847);
#3127=AXIS2_PLACEMENT_3D('',#6875,#3848,#3849);
#3128=AXIS2_PLACEMENT_3D('',#6877,#3850,#3851);
#3129=AXIS2_PLACEMENT_3D('',#6884,#3852,#3853);
#3130=AXIS2_PLACEMENT_3D('',#6887,#3854,#3855);
#3131=AXIS2_PLACEMENT_3D('',#6891,#3857,#3858);
#3132=AXIS2_PLACEMENT_3D('',#6893,#3860,#3861);
#3133=AXIS2_PLACEMENT_3D('',#6898,#3863,#3864);
#3134=AXIS2_PLACEMENT_3D('',#6901,#3866,#3867);
#3135=AXIS2_PLACEMENT_3D('',#6902,#3868,#3869);
#3136=AXIS2_PLACEMENT_3D('',#6905,#3871,#3872);
#3137=AXIS2_PLACEMENT_3D('',#6907,#3874,#3875);
#3138=AXIS2_PLACEMENT_3D('',#6913,#3877,#3878);
#3139=AXIS2_PLACEMENT_3D('',#6916,#3879,#3880);
#3140=AXIS2_PLACEMENT_3D('',#6917,#3881,#3882);
#3141=AXIS2_PLACEMENT_3D('',#6918,#3883,#3884);
#3142=AXIS2_PLACEMENT_3D('',#6919,#3885,#3886);
#3143=AXIS2_PLACEMENT_3D('',#6922,#3887,#3888);
#3144=AXIS2_PLACEMENT_3D('',#6925,#3891,#3892);
#3145=AXIS2_PLACEMENT_3D('',#6928,#3893,#3894);
#3146=AXIS2_PLACEMENT_3D('',#6929,#3895,#3896);
#3147=AXIS2_PLACEMENT_3D('',#6930,#3897,#3898);
#3148=AXIS2_PLACEMENT_3D('',#6931,#3899,#3900);
#3149=AXIS2_PLACEMENT_3D('',#6934,#3901,#3902);
#3150=AXIS2_PLACEMENT_3D('',#6937,#3905,#3906);
#3151=AXIS2_PLACEMENT_3D('',#6940,#3907,#3908);
#3152=AXIS2_PLACEMENT_3D('',#6941,#3909,#3910);
#3153=AXIS2_PLACEMENT_3D('',#6942,#3911,#3912);
#3154=AXIS2_PLACEMENT_3D('',#6943,#3913,#3914);
#3155=AXIS2_PLACEMENT_3D('',#6946,#3915,#3916);
#3156=AXIS2_PLACEMENT_3D('',#6949,#3919,#3920);
#3157=AXIS2_PLACEMENT_3D('',#6950,#3921,#3922);
#3158=AXIS2_PLACEMENT_3D('',#6951,#3923,#3924);
#3159=AXIS2_PLACEMENT_3D('',#6952,#3925,#3926);
#3160=AXIS2_PLACEMENT_3D('',#6953,#3927,#3928);
#3161=AXIS2_PLACEMENT_3D('',#6954,#3929,#3930);
#3162=AXIS2_PLACEMENT_3D('',#6955,#3931,#3932);
#3163=AXIS2_PLACEMENT_3D('',#6958,#3935,#3936);
#3164=AXIS2_PLACEMENT_3D('',#6960,#3938,#3939);
#3165=AXIS2_PLACEMENT_3D('',#6962,#3941,#3942);
#3166=AXIS2_PLACEMENT_3D('',#6964,#3944,#3945);
#3167=AXIS2_PLACEMENT_3D('',#6966,#3947,#3948);
#3168=AXIS2_PLACEMENT_3D('',#6968,#3950,#3951);
#3169=AXIS2_PLACEMENT_3D('',#6971,#3953,#3954);
#3170=AXIS2_PLACEMENT_3D('',#6976,#3957,#3958);
#3171=AXIS2_PLACEMENT_3D('',#6977,#3959,#3960);
#3172=AXIS2_PLACEMENT_3D('',#6980,#3961,#3962);
#3173=AXIS2_PLACEMENT_3D('',#6983,#3964,#3965);
#3174=AXIS2_PLACEMENT_3D('',#6984,#3966,#3967);
#3175=AXIS2_PLACEMENT_3D('',#7001,#3968,#3969);
#3176=AXIS2_PLACEMENT_3D('',#7016,#3970,#3971);
#3177=AXIS2_PLACEMENT_3D('',#7020,#3973,#3974);
#3178=AXIS2_PLACEMENT_3D('',#7022,#3976,#3977);
#3179=AXIS2_PLACEMENT_3D('',#7023,#3978,#3979);
#3180=AXIS2_PLACEMENT_3D('',#7024,#3980,#3981);
#3181=AXIS2_PLACEMENT_3D('',#7025,#3982,#3983);
#3182=AXIS2_PLACEMENT_3D('',#7026,#3984,#3985);
#3183=AXIS2_PLACEMENT_3D('',#7031,#3986,#3987);
#3184=AXIS2_PLACEMENT_3D('',#7060,#3988,#3989);
#3185=AXIS2_PLACEMENT_3D('',#7061,#3990,#3991);
#3186=AXIS2_PLACEMENT_3D('',#7062,#3992,#3993);
#3187=AXIS2_PLACEMENT_3D('',#7063,#3994,#3995);
#3188=AXIS2_PLACEMENT_3D('',#7066,#3998,#3999);
#3189=AXIS2_PLACEMENT_3D('',#7068,#4001,#4002);
#3190=AXIS2_PLACEMENT_3D('',#7069,#4003,#4004);
#3191=AXIS2_PLACEMENT_3D('',#7072,#4007,#4008);
#3192=AXIS2_PLACEMENT_3D('',#7074,#4010,#4011);
#3193=AXIS2_PLACEMENT_3D('',#7075,#4012,#4013);
#3194=DIRECTION('axis',(0.,0.,1.));
#3195=DIRECTION('refdir',(1.,0.,0.));
#3196=DIRECTION('center_axis',(1.,0.,-7.13318293321663E-15));
#3197=DIRECTION('ref_axis',(6.76473625733008E-15,0.317233359638375,0.948347507790551));
#3198=DIRECTION('',(1.,0.,-7.13318293321663E-15));
#3199=DIRECTION('center_axis',(-1.,0.,7.13318293321663E-15));
#3200=DIRECTION('ref_axis',(0.,-1.,0.));
#3201=DIRECTION('center_axis',(1.,0.,-7.13318293321663E-15));
#3202=DIRECTION('ref_axis',(0.,-1.,0.));
#3203=DIRECTION('',(1.,0.,-7.13318293321663E-15));
#3204=DIRECTION('center_axis',(1.,0.,-7.13318293321663E-15));
#3205=DIRECTION('ref_axis',(0.,-1.,0.));
#3206=DIRECTION('',(1.,0.,-7.13318293321663E-15));
#3207=DIRECTION('center_axis',(1.,0.,-7.13318293321663E-15));
#3208=DIRECTION('ref_axis',(0.,-1.,0.));
#3209=DIRECTION('',(1.,0.,-7.13318293321663E-15));
#3210=DIRECTION('center_axis',(1.,0.,-7.13318293321663E-15));
#3211=DIRECTION('ref_axis',(0.,-1.,0.));
#3212=DIRECTION('',(1.,0.,-7.13318293321663E-15));
#3213=DIRECTION('center_axis',(1.,0.,-7.13318293321663E-15));
#3214=DIRECTION('ref_axis',(0.,-1.,0.));
#3215=DIRECTION('',(1.,0.,-7.13318293321663E-15));
#3216=DIRECTION('center_axis',(1.,0.,-7.13318293321663E-15));
#3217=DIRECTION('ref_axis',(0.,-1.,0.));
#3218=DIRECTION('',(1.,0.,-7.13318293321663E-15));
#3219=DIRECTION('center_axis',(1.,0.,-7.13318293321663E-15));
#3220=DIRECTION('ref_axis',(0.,-1.,0.));
#3221=DIRECTION('',(1.,0.,-7.13318293321663E-15));
#3222=DIRECTION('center_axis',(1.,0.,-7.13318293321663E-15));
#3223=DIRECTION('ref_axis',(0.,-1.,0.));
#3224=DIRECTION('',(1.,0.,-7.13318293321663E-15));
#3225=DIRECTION('center_axis',(1.,0.,-7.13318293321663E-15));
#3226=DIRECTION('ref_axis',(0.,-1.,0.));
#3227=DIRECTION('',(1.,0.,-7.13318293321663E-15));
#3228=DIRECTION('center_axis',(1.,0.,-7.13318293321663E-15));
#3229=DIRECTION('ref_axis',(0.,-1.,0.));
#3230=DIRECTION('',(1.,0.,-7.13318293321663E-15));
#3231=DIRECTION('center_axis',(1.,0.,-7.13318293321663E-15));
#3232=DIRECTION('ref_axis',(-2.26091117757096E-15,-0.94843995941124,-0.316956847838953));
#3233=DIRECTION('',(1.,0.,-7.13318293321663E-15));
#3234=DIRECTION('center_axis',(-1.,0.,7.13318293321663E-15));
#3235=DIRECTION('ref_axis',(0.,-1.,0.));
#3236=DIRECTION('center_axis',(1.,0.,-7.13318293321663E-15));
#3237=DIRECTION('ref_axis',(0.,-1.,-5.01060900301347E-14));
#3238=DIRECTION('',(1.,-1.22464679914735E-16,-7.13318293321663E-15));
#3239=DIRECTION('center_axis',(-1.,0.,7.22664855923987E-15));
#3240=DIRECTION('ref_axis',(0.,-1.,-5.01060900301347E-14));
#3241=DIRECTION('center_axis',(1.,0.,-7.13318293321663E-15));
#3242=DIRECTION('ref_axis',(0.,-1.,-5.01060900301347E-14));
#3243=DIRECTION('',(1.,-1.22464679914735E-16,-7.13318293321663E-15));
#3244=DIRECTION('center_axis',(1.,0.,-7.13318293321663E-15));
#3245=DIRECTION('ref_axis',(0.,-1.,-5.01060900301347E-14));
#3246=DIRECTION('',(1.,-1.22464679914735E-16,-7.13318293321663E-15));
#3247=DIRECTION('center_axis',(1.,0.,-7.13318293321663E-15));
#3248=DIRECTION('ref_axis',(0.,-1.,-5.01060900301347E-14));
#3249=DIRECTION('',(1.,-1.22464679914735E-16,-7.13318293321663E-15));
#3250=DIRECTION('center_axis',(1.,0.,-7.13318293321663E-15));
#3251=DIRECTION('ref_axis',(0.,-1.,-5.01060900301347E-14));
#3252=DIRECTION('',(1.,-1.22464679914735E-16,-7.13318293321663E-15));
#3253=DIRECTION('center_axis',(1.,0.,-7.13318293321663E-15));
#3254=DIRECTION('ref_axis',(0.,-1.,-5.01060900301347E-14));
#3255=DIRECTION('',(1.,-1.22464679914735E-16,-7.13318293321663E-15));
#3256=DIRECTION('center_axis',(1.,0.,-7.13318293321663E-15));
#3257=DIRECTION('ref_axis',(0.,-1.,-5.01060900301347E-14));
#3258=DIRECTION('',(1.,-1.22464679914735E-16,-7.13318293321663E-15));
#3259=DIRECTION('center_axis',(1.,0.,-7.13318293321663E-15));
#3260=DIRECTION('ref_axis',(0.,-1.,-5.01060900301347E-14));
#3261=DIRECTION('',(1.,-1.22464679914735E-16,-7.13318293321663E-15));
#3262=DIRECTION('center_axis',(1.,0.,-7.13318293321663E-15));
#3263=DIRECTION('ref_axis',(0.,-1.,-5.01060900301347E-14));
#3264=DIRECTION('',(1.,-1.22464679914735E-16,-7.13318293321663E-15));
#3265=DIRECTION('center_axis',(1.,0.,-7.13318293321663E-15));
#3266=DIRECTION('ref_axis',(0.,-1.,-5.01060900301347E-14));
#3267=DIRECTION('',(1.,-1.22464679914735E-16,-7.13318293321663E-15));
#3268=DIRECTION('center_axis',(1.,0.,-7.13318293321663E-15));
#3269=DIRECTION('ref_axis',(0.,-1.,-5.01060900301347E-14));
#3270=DIRECTION('',(1.,-1.22464679914735E-16,-7.13318293321663E-15));
#3271=DIRECTION('center_axis',(1.,0.,-7.13318293321663E-15));
#3272=DIRECTION('ref_axis',(-6.13874005459059E-15,0.509299776624422,-0.860589180463195));
#3273=DIRECTION('',(1.,-1.22464679914735E-16,-7.13318293321663E-15));
#3274=DIRECTION('center_axis',(1.,0.,-7.13318293321663E-15));
#3275=DIRECTION('ref_axis',(0.,-1.,-5.01060900301347E-14));
#3276=DIRECTION('center_axis',(-1.,6.99353086378038E-15,0.));
#3277=DIRECTION('ref_axis',(6.99353086378038E-15,1.,0.));
#3278=DIRECTION('center_axis',(-6.25520416566244E-15,-0.447213595499955,
-0.894427190999917));
#3279=DIRECTION('ref_axis',(3.1276020828312E-15,-0.894427190999917,0.447213595499955));
#3280=DIRECTION('center_axis',(3.12760208283119E-15,0.894427190999918,0.447213595499955));
#3281=DIRECTION('ref_axis',(6.25520416566243E-15,-0.447213595499955,0.894427190999918));
#3282=DIRECTION('center_axis',(0.,0.,-1.));
#3283=DIRECTION('ref_axis',(-1.,0.,0.));
#3284=DIRECTION('center_axis',(-0.996919515294471,-0.0784313714341191,0.));
#3285=DIRECTION('ref_axis',(-0.0784313714341191,0.996919515294471,0.));
#3286=DIRECTION('center_axis',(0.,0.,-1.));
#3287=DIRECTION('ref_axis',(0.0392459214793549,-0.999229582051711,0.));
#3288=DIRECTION('center_axis',(0.,0.,1.));
#3289=DIRECTION('ref_axis',(0.0392459214793549,-0.999229582051711,0.));
#3290=DIRECTION('center_axis',(0.,0.,-1.));
#3291=DIRECTION('ref_axis',(1.,0.,0.));
#3292=DIRECTION('center_axis',(0.996919515294472,-0.0784313714341121,0.));
#3293=DIRECTION('ref_axis',(-0.0784313714341122,-0.996919515294472,0.));
#3294=DIRECTION('center_axis',(0.,0.,-1.));
#3295=DIRECTION('ref_axis',(1.,0.,0.));
#3296=DIRECTION('center_axis',(0.,0.,1.));
#3297=DIRECTION('ref_axis',(1.,0.,0.));
#3298=DIRECTION('center_axis',(0.,0.,-1.));
#3299=DIRECTION('ref_axis',(-1.,0.,0.));
#3300=DIRECTION('center_axis',(1.,6.99353086378038E-15,0.));
#3301=DIRECTION('ref_axis',(6.99353086378038E-15,-1.,0.));
#3302=DIRECTION('center_axis',(0.,0.,-1.));
#3303=DIRECTION('ref_axis',(0.0392459214793549,0.999229582051711,0.));
#3304=DIRECTION('center_axis',(0.,0.,1.));
#3305=DIRECTION('ref_axis',(0.0392459214793549,0.999229582051711,0.));
#3306=DIRECTION('center_axis',(3.12760208283119E-15,-0.894427190999918,
0.447213595499955));
#3307=DIRECTION('ref_axis',(6.25520416566243E-15,0.447213595499955,0.894427190999918));
#3308=DIRECTION('center_axis',(-6.25520416566244E-15,0.447213595499955,
-0.894427190999917));
#3309=DIRECTION('ref_axis',(3.1276020828312E-15,0.894427190999917,0.447213595499955));
#3310=DIRECTION('center_axis',(7.13318293321663E-15,-5.61194069891725E-16,
1.));
#3311=DIRECTION('ref_axis',(-0.678810956218978,0.734313070642949,5.15130965382073E-15));
#3312=DIRECTION('',(0.,0.,1.));
#3313=DIRECTION('center_axis',(0.,0.,-1.));
#3314=DIRECTION('ref_axis',(0.0392459214793619,0.99922958205171,0.));
#3315=DIRECTION('center_axis',(-3.12760208283119E-15,-0.894427190999918,
-0.447213595499954));
#3316=DIRECTION('ref_axis',(-6.25520416566243E-15,0.447213595499954,-0.894427190999918));
#3317=DIRECTION('',(-7.13318293321663E-15,5.61194069891725E-16,-1.));
#3318=DIRECTION('center_axis',(0.,0.,-1.));
#3319=DIRECTION('ref_axis',(0.,1.,0.));
#3320=DIRECTION('',(0.,0.,-1.));
#3321=DIRECTION('center_axis',(0.,0.,-1.));
#3322=DIRECTION('ref_axis',(1.,0.,0.));
#3323=DIRECTION('center_axis',(-7.13318293321663E-15,-5.61194069891726E-16,
-1.));
#3324=DIRECTION('ref_axis',(-0.678810956218978,-0.734313070642949,5.15130965382073E-15));
#3325=DIRECTION('',(7.13318293321663E-15,5.61194069891726E-16,1.));
#3326=DIRECTION('center_axis',(-3.12760208283119E-15,0.894427190999918,
-0.447213595499954));
#3327=DIRECTION('ref_axis',(-6.25520416566243E-15,-0.447213595499954,-0.894427190999918));
#3328=DIRECTION('center_axis',(0.,0.,-1.));
#3329=DIRECTION('ref_axis',(0.0392459214793619,-0.99922958205171,0.));
#3330=DIRECTION('center_axis',(-1.,0.,0.));
#3331=DIRECTION('ref_axis',(0.,-1.,-1.74838271594509E-15));
#3332=DIRECTION('center_axis',(6.25520416566244E-15,0.447213595499956,0.894427190999917));
#3333=DIRECTION('ref_axis',(-3.1276020828312E-15,0.894427190999917,-0.447213595499956));
#3334=DIRECTION('center_axis',(0.,0.,1.));
#3335=DIRECTION('ref_axis',(1.,0.,0.));
#3336=DIRECTION('center_axis',(-0.996919515294473,0.0784313714340913,0.));
#3337=DIRECTION('ref_axis',(-0.0784313714340913,-0.996919515294473,0.));
#3338=DIRECTION('center_axis',(0.,0.,1.));
#3339=DIRECTION('ref_axis',(0.0392459214793619,0.99922958205171,0.));
#3340=DIRECTION('center_axis',(0.,0.,-1.));
#3341=DIRECTION('ref_axis',(1.,0.,0.));
#3342=DIRECTION('center_axis',(0.996919515294472,0.0784313714341121,0.));
#3343=DIRECTION('ref_axis',(-0.0784313714341122,0.996919515294472,0.));
#3344=DIRECTION('center_axis',(0.,0.,1.));
#3345=DIRECTION('ref_axis',(1.,0.,0.));
#3346=DIRECTION('center_axis',(0.,0.,1.));
#3347=DIRECTION('ref_axis',(1.,0.,0.));
#3348=DIRECTION('center_axis',(1.,0.,0.));
#3349=DIRECTION('ref_axis',(0.,1.,0.));
#3350=DIRECTION('center_axis',(0.,0.,1.));
#3351=DIRECTION('ref_axis',(0.0392459214793619,-0.99922958205171,0.));
#3352=DIRECTION('center_axis',(6.25520416566244E-15,-0.447213595499956,
0.894427190999917));
#3353=DIRECTION('ref_axis',(-3.1276020828312E-15,-0.894427190999917,-0.447213595499956));
#3354=DIRECTION('center_axis',(0.,1.,0.));
#3355=DIRECTION('ref_axis',(-0.707106781186546,0.,-0.707106781186549));
#3356=DIRECTION('',(0.,1.,0.));
#3357=DIRECTION('center_axis',(-2.05949900779372E-22,-1.,-2.90452238244704E-8));
#3358=DIRECTION('ref_axis',(-1.,8.74191357972565E-16,-2.90452168309393E-8));
#3359=DIRECTION('',(0.,-1.,0.));
#3360=DIRECTION('center_axis',(1.,0.,-7.13318293321663E-15));
#3361=DIRECTION('ref_axis',(0.,-1.,0.));
#3362=DIRECTION('center_axis',(1.,0.,-7.13318293321663E-15));
#3363=DIRECTION('ref_axis',(0.,-1.,0.));
#3364=DIRECTION('',(1.,0.,-7.13318293321663E-15));
#3365=DIRECTION('center_axis',(-1.,0.,7.13318293321663E-15));
#3366=DIRECTION('ref_axis',(0.,-1.,0.));
#3367=DIRECTION('center_axis',(1.,0.,-7.13318293321663E-15));
#3368=DIRECTION('ref_axis',(0.,-1.,-5.01060900301347E-14));
#3369=DIRECTION('center_axis',(1.,0.,-7.13318293321663E-15));
#3370=DIRECTION('ref_axis',(0.,-1.,0.));
#3371=DIRECTION('center_axis',(1.,0.,-7.13318293321663E-15));
#3372=DIRECTION('ref_axis',(0.,-1.,0.));
#3373=DIRECTION('center_axis',(-0.997439586163989,-0.0505681320250726,0.0505681320250832));
#3374=DIRECTION('ref_axis',(0.0506329110830557,-0.998717331538436,-5.41998641942995E-14));
#3375=DIRECTION('center_axis',(0.,0.447213595499956,0.894427190999917));
#3376=DIRECTION('ref_axis',(0.,0.894427190999917,-0.447213595499956));
#3377=DIRECTION('center_axis',(0.,-0.894427190999918,-0.447213595499955));
#3378=DIRECTION('ref_axis',(0.,0.447213595499955,-0.894427190999918));
#3379=DIRECTION('center_axis',(-0.99841175204681,-0.0563380277860259,0.));
#3380=DIRECTION('ref_axis',(0.0563380277860259,-0.99841175204681,0.));
#3381=DIRECTION('center_axis',(0.,0.,-1.));
#3382=DIRECTION('ref_axis',(1.,0.,0.));
#3383=DIRECTION('center_axis',(0.998411752046811,-0.0563380277860189,0.));
#3384=DIRECTION('ref_axis',(0.0563380277860189,0.998411752046811,0.));
#3385=DIRECTION('center_axis',(0.,0.,-1.));
#3386=DIRECTION('ref_axis',(1.,0.,0.));
#3387=DIRECTION('center_axis',(0.,0.,1.));
#3388=DIRECTION('ref_axis',(1.,0.,0.));
#3389=DIRECTION('center_axis',(0.866025403784401,-4.23960277312897E-14,
-0.500000000000065));
#3390=DIRECTION('ref_axis',(4.8954716046464E-14,1.,0.));
#3391=DIRECTION('center_axis',(-0.816496576975177,0.408248300345239,-0.408248288487584));
#3392=DIRECTION('ref_axis',(0.577350274779369,0.577350274779391,-0.577350258010118));
#3393=DIRECTION('center_axis',(0.,1.,0.));
#3394=DIRECTION('ref_axis',(-6.9935308637805E-15,0.,-1.));
#3395=DIRECTION('center_axis',(1.,4.06257350323528E-22,-1.3987061727561E-14));
#3396=DIRECTION('ref_axis',(0.,1.,2.90452246680955E-8));
#3397=DIRECTION('center_axis',(-6.99353086378052E-15,2.90452281648609E-8,
-1.));
#3398=DIRECTION('ref_axis',(1.,0.,-6.99353086378053E-15));
#3399=DIRECTION('center_axis',(0.408248282558755,-0.40824828255875,-0.816496588832837));
#3400=DIRECTION('ref_axis',(-0.577350274779385,0.577350274779385,-0.577350258010106));
#3401=DIRECTION('center_axis',(-1.,-2.03128675161764E-22,6.99353086378048E-15));
#3402=DIRECTION('ref_axis',(-6.99353086378048E-15,0.,-1.));
#3403=DIRECTION('center_axis',(0.,1.,0.));
#3404=DIRECTION('ref_axis',(-1.,0.,6.99353086378048E-15));
#3405=DIRECTION('center_axis',(-3.49676543189025E-15,2.90452246680955E-8,
-1.));
#3406=DIRECTION('ref_axis',(0.,1.,2.90452246680955E-8));
#3407=DIRECTION('center_axis',(0.408248280582503,-0.816496584880258,0.40824829244016));
#3408=DIRECTION('ref_axis',(0.577350263599862,0.577350263599893,0.577350280369123));
#3409=DIRECTION('center_axis',(6.99353086378052E-15,-2.90452246680955E-8,
1.));
#3410=DIRECTION('ref_axis',(0.,1.,2.90452246680955E-8));
#3411=DIRECTION('center_axis',(1.,2.03128675161759E-22,-6.99353086378051E-15));
#3412=DIRECTION('ref_axis',(6.99353086378051E-15,2.79741234551221E-14,1.));
#3413=DIRECTION('center_axis',(0.,1.,0.));
#3414=DIRECTION('ref_axis',(1.,0.,-6.99353086378057E-15));
#3415=DIRECTION('center_axis',(-0.40824828058247,-0.816496584880285,0.408248292440137));
#3416=DIRECTION('ref_axis',(-0.577350263599873,0.577350263599857,0.577350280369147));
#3417=DIRECTION('center_axis',(-1.,-1.0156433758088E-22,3.49676543189026E-15));
#3418=DIRECTION('ref_axis',(0.,1.,2.90452246680947E-8));
#3419=DIRECTION('center_axis',(6.9935308637805E-15,-2.90452246680955E-8,
1.));
#3420=DIRECTION('ref_axis',(-1.,0.,6.9935308637805E-15));
#3421=DIRECTION('center_axis',(2.79741234551219E-14,1.,-2.79741234551222E-14));
#3422=DIRECTION('ref_axis',(6.99353086378051E-15,2.79741234551221E-14,1.));
#3423=DIRECTION('center_axis',(-7.13318293321662E-15,2.90452238244704E-8,
-1.));
#3424=DIRECTION('ref_axis',(-0.707106781186562,0.707106781186533,2.05380802690703E-8));
#3425=DIRECTION('',(7.13318293321662E-15,-2.90452238244704E-8,1.));
#3426=DIRECTION('',(-7.13318293321662E-15,2.90452238244704E-8,-1.));
#3427=DIRECTION('center_axis',(-2.22705960054425E-30,-1.,-3.12211199599782E-16));
#3428=DIRECTION('ref_axis',(-0.707106781186552,0.,-0.707106781186543));
#3429=DIRECTION('center_axis',(0.,1.,0.));
#3430=DIRECTION('ref_axis',(-6.99353086378048E-15,0.,-1.));
#3431=DIRECTION('',(2.22705960054425E-30,1.,3.12211199599782E-16));
#3432=DIRECTION('',(-2.22705960054425E-30,-1.,-3.12211199599782E-16));
#3433=DIRECTION('center_axis',(-6.9935308637805E-15,1.74838271594514E-14,
-1.));
#3434=DIRECTION('ref_axis',(0.,-1.,-1.74838271594514E-14));
#3435=DIRECTION('center_axis',(1.,0.,-7.13318293321663E-15));
#3436=DIRECTION('ref_axis',(-5.04392202352164E-15,-0.707106781186545,-0.70710678118655));
#3437=DIRECTION('center_axis',(-1.,0.,7.13318293321663E-15));
#3438=DIRECTION('ref_axis',(-5.02660030834216E-15,-0.707106781186545,-0.70710678118655));
#3439=DIRECTION('center_axis',(7.13318293321663E-15,0.,1.));
#3440=DIRECTION('ref_axis',(-0.707106781186543,-0.707106781186552,4.94517309821655E-15));
#3441=DIRECTION('center_axis',(-6.9935308637805E-15,0.,-1.));
#3442=DIRECTION('ref_axis',(0.,-1.,0.));
#3443=DIRECTION('',(-7.13318293321663E-15,0.,-1.));
#3444=DIRECTION('',(7.13318293321663E-15,0.,1.));
#3445=DIRECTION('center_axis',(0.,-1.,0.));
#3446=DIRECTION('ref_axis',(6.99353086378051E-15,0.,1.));
#3447=DIRECTION('center_axis',(1.,0.,-7.13318293321663E-15));
#3448=DIRECTION('ref_axis',(5.04392202352167E-15,-0.707106781186541,0.707106781186554));
#3449=DIRECTION('center_axis',(-1.,0.,7.13318293321663E-15));
#3450=DIRECTION('ref_axis',(5.02660030834223E-15,-0.70710678118654,0.707106781186554));
#3451=DIRECTION('center_axis',(-9.97722728987934E-29,1.,-1.39870621338183E-14));
#3452=DIRECTION('ref_axis',(-0.707106781186541,0.,0.707106781186554));
#3453=DIRECTION('',(9.97722728987934E-29,-1.,1.39870621338183E-14));
#3454=DIRECTION('',(-9.97722728987934E-29,1.,-1.39870621338183E-14));
#3455=DIRECTION('center_axis',(1.,0.,-7.09066323688857E-15));
#3456=DIRECTION('ref_axis',(4.94517302639959E-15,0.707106770917536,0.707106791455559));
#3457=DIRECTION('',(-1.,0.,7.09066323688857E-15));
#3458=DIRECTION('',(1.,0.,-7.09066323688857E-15));
#3459=DIRECTION('center_axis',(9.97722728987934E-29,-1.,1.39870621338183E-14));
#3460=DIRECTION('ref_axis',(0.707106781186552,0.,0.707106781186543));
#3461=DIRECTION('center_axis',(-1.95637895770761E-28,1.,-2.79741234551445E-14));
#3462=DIRECTION('ref_axis',(6.99353086378611E-15,2.79741234551445E-14,1.));
#3463=DIRECTION('',(-9.97722728987934E-29,1.,-1.39870621338183E-14));
#3464=DIRECTION('',(9.97722728987934E-29,-1.,1.39870621338183E-14));
#3465=DIRECTION('center_axis',(6.99353086378057E-15,1.57354444435063E-14,
1.));
#3466=DIRECTION('ref_axis',(0.,-1.,1.57354444435063E-14));
#3467=DIRECTION('center_axis',(-1.,0.,7.13318293321663E-15));
#3468=DIRECTION('ref_axis',(5.04392202352168E-15,-0.707106781186541,0.707106781186555));
#3469=DIRECTION('center_axis',(1.,0.,-7.13318293321663E-15));
#3470=DIRECTION('ref_axis',(5.02660030834223E-15,-0.70710678118654,0.707106781186555));
#3471=DIRECTION('center_axis',(-7.13318293321663E-15,0.,-1.));
#3472=DIRECTION('ref_axis',(0.707106781186543,-0.707106781186552,-4.94517309821655E-15));
#3473=DIRECTION('center_axis',(6.99353086378053E-15,-4.89094739426511E-29,
1.));
#3474=DIRECTION('ref_axis',(-6.99353086378057E-15,-1.,0.));
#3475=DIRECTION('',(7.13318293321663E-15,0.,1.));
#3476=DIRECTION('',(-7.13318293321663E-15,0.,-1.));
#3477=DIRECTION('center_axis',(0.,-1.,0.));
#3478=DIRECTION('ref_axis',(0.,0.,-1.));
#3479=DIRECTION('center_axis',(-1.,0.,7.13318293321663E-15));
#3480=DIRECTION('ref_axis',(-5.04392202352164E-15,-0.707106781186545,-0.70710678118655));
#3481=DIRECTION('center_axis',(1.,0.,-7.13318293321663E-15));
#3482=DIRECTION('ref_axis',(-5.02660030834216E-15,-0.707106781186545,-0.70710678118655));
#3483=DIRECTION('center_axis',(2.22705960054425E-30,1.,3.12211199599782E-16));
#3484=DIRECTION('ref_axis',(0.707106781186545,0.,-0.70710678118655));
#3485=DIRECTION('',(-2.22705960054425E-30,-1.,-3.12211199599782E-16));
#3486=DIRECTION('',(2.22705960054425E-30,1.,3.12211199599782E-16));
#3487=DIRECTION('center_axis',(7.13318293321662E-15,-2.90452238244704E-8,
1.));
#3488=DIRECTION('ref_axis',(0.707106781186557,0.707106781186537,2.05380703787243E-8));
#3489=DIRECTION('center_axis',(6.99353086378052E-15,-2.90452246680955E-8,
1.));
#3490=DIRECTION('ref_axis',(1.,0.,-6.99353086378053E-15));
#3491=DIRECTION('',(7.13318293321662E-15,-2.90452238244704E-8,1.));
#3492=DIRECTION('',(-7.13318293321662E-15,2.90452238244704E-8,-1.));
#3493=DIRECTION('center_axis',(1.,0.,-7.09066323688857E-15));
#3494=DIRECTION('ref_axis',(-4.94517317003339E-15,0.70710679145559,-0.707106770917505));
#3495=DIRECTION('',(-1.,0.,7.09066323688857E-15));
#3496=DIRECTION('',(1.,0.,-7.09066323688857E-15));
#3497=DIRECTION('center_axis',(7.13318293321662E-15,-2.90452238244704E-8,
1.));
#3498=DIRECTION('ref_axis',(0.707106781186557,0.707106781186537,2.05380703787243E-8));
#3499=DIRECTION('center_axis',(-6.99353086378057E-15,2.90452246680955E-8,
-1.));
#3500=DIRECTION('ref_axis',(0.,1.,2.90452246680955E-8));
#3501=DIRECTION('',(-7.13318293321662E-15,2.90452238244704E-8,-1.));
#3502=DIRECTION('',(7.13318293321662E-15,-2.90452238244704E-8,1.));
#3503=DIRECTION('center_axis',(2.05949900779372E-22,1.,2.90452238244704E-8));
#3504=DIRECTION('ref_axis',(0.,-2.90452225234124E-8,1.));
#3505=DIRECTION('center_axis',(2.05949900779372E-22,1.,2.90452238244704E-8));
#3506=DIRECTION('ref_axis',(-1.,8.43625029834806E-16,-2.90452168309393E-8));
#3507=DIRECTION('center_axis',(-0.99841175204681,0.056338027786022,0.));
#3508=DIRECTION('ref_axis',(0.056338027786022,0.99841175204681,0.));
#3509=DIRECTION('center_axis',(0.866025403784978,7.57071923773535E-13,0.499999999999066));
#3510=DIRECTION('ref_axis',(0.499999999999066,0.,-0.866025403784978));
#3511=DIRECTION('center_axis',(0.,0.,-1.));
#3512=DIRECTION('ref_axis',(1.,0.,0.));
#3513=DIRECTION('center_axis',(0.998411752046811,0.0563380277860189,0.));
#3514=DIRECTION('ref_axis',(0.0563380277860189,-0.998411752046811,0.));
#3515=DIRECTION('center_axis',(0.,0.,1.));
#3516=DIRECTION('ref_axis',(1.,0.,0.));
#3517=DIRECTION('center_axis',(0.,0.,-1.));
#3518=DIRECTION('ref_axis',(1.,0.,0.));
#3519=DIRECTION('center_axis',(0.997439586163989,0.0505681320250838,0.0505681320250693));
#3520=DIRECTION('ref_axis',(0.0506329110830696,-0.998717331538436,0.));
#3521=DIRECTION('center_axis',(0.,-0.894427190999919,0.447213595499952));
#3522=DIRECTION('ref_axis',(0.,0.447213595499952,0.894427190999919));
#3523=DIRECTION('center_axis',(0.,0.447213595499955,-0.894427190999917));
#3524=DIRECTION('ref_axis',(0.,0.894427190999917,0.447213595499955));
#3525=DIRECTION('center_axis',(2.05949900779372E-22,1.,2.90452238244704E-8));
#3526=DIRECTION('ref_axis',(0.,-2.90452225234124E-8,1.));
#3527=DIRECTION('center_axis',(-2.05949900779372E-22,-1.,-2.90452238244704E-8));
#3528=DIRECTION('ref_axis',(-1.,8.74191357972565E-16,-2.90452168309393E-8));
#3529=DIRECTION('center_axis',(2.05949900779372E-22,1.,2.90452238244704E-8));
#3530=DIRECTION('ref_axis',(-1.,8.43625029834806E-16,-2.90452168309393E-8));
#3531=DIRECTION('center_axis',(7.09066323688857E-15,1.39870621338183E-14,
1.));
#3532=DIRECTION('ref_axis',(9.97722728987934E-29,-1.,1.39870621338183E-14));
#3533=DIRECTION('',(1.,0.,-7.09066323688857E-15));
#3534=DIRECTION('center_axis',(1.,0.,-7.13318293321663E-15));
#3535=DIRECTION('ref_axis',(0.,1.,0.));
#3536=DIRECTION('',(0.,1.,0.));
#3537=DIRECTION('',(0.,-1.,0.));
#3538=DIRECTION('',(0.,1.,0.));
#3539=DIRECTION('',(-7.13318293321663E-15,0.,-1.));
#3540=DIRECTION('center_axis',(0.,-1.,0.));
#3541=DIRECTION('ref_axis',(-0.707106781186547,0.,0.707106781186547));
#3542=DIRECTION('',(0.,-1.,0.));
#3543=DIRECTION('center_axis',(0.,0.,-1.));
#3544=DIRECTION('ref_axis',(-1.,0.,0.));
#3545=DIRECTION('',(0.,-1.,0.));
#3546=DIRECTION('center_axis',(0.,-1.,0.));
#3547=DIRECTION('ref_axis',(-0.707106781186547,0.,0.707106781186547));
#3548=DIRECTION('center_axis',(1.,0.,-7.13318293321663E-15));
#3549=DIRECTION('ref_axis',(0.,1.,0.));
#3550=DIRECTION('center_axis',(0.,1.,0.));
#3551=DIRECTION('ref_axis',(-0.707106781186546,0.,-0.707106781186549));
#3552=DIRECTION('',(0.,1.,0.));
#3553=DIRECTION('center_axis',(0.,0.,1.));
#3554=DIRECTION('ref_axis',(-0.724787179482021,0.688972818374206,0.));
#3555=DIRECTION('',(0.,0.,1.));
#3556=DIRECTION('center_axis',(0.,0.,1.));
#3557=DIRECTION('ref_axis',(1.,0.,0.));
#3558=DIRECTION('center_axis',(0.,0.,-1.));
#3559=DIRECTION('ref_axis',(0.,1.,0.));
#3560=DIRECTION('',(7.13318293321662E-15,-2.90452238244704E-8,1.));
#3561=DIRECTION('center_axis',(2.05949900779372E-22,1.,2.90452238244704E-8));
#3562=DIRECTION('ref_axis',(7.13318293321662E-15,-2.90452238244704E-8,1.));
#3563=DIRECTION('center_axis',(-7.09066323688857E-15,3.12211199599782E-16,
-1.));
#3564=DIRECTION('ref_axis',(2.22705960054425E-30,1.,3.12211199599782E-16));
#3565=DIRECTION('',(1.,0.,-7.09066323688857E-15));
#3566=DIRECTION('center_axis',(1.,0.,-7.09066323688857E-15));
#3567=DIRECTION('ref_axis',(-1.23971930479633E-28,-1.,-1.74838271594509E-14));
#3568=DIRECTION('',(1.,0.,-7.09066323688857E-15));
#3569=DIRECTION('center_axis',(0.,-1.,0.));
#3570=DIRECTION('ref_axis',(-7.13318293321663E-15,0.,-1.));
#3571=DIRECTION('',(1.,0.,-7.09066323688857E-15));
#3572=DIRECTION('center_axis',(1.,0.,-7.09066323688857E-15));
#3573=DIRECTION('ref_axis',(7.09066323688857E-15,0.,1.));
#3574=DIRECTION('center_axis',(1.,0.,-7.13318293321663E-15));
#3575=DIRECTION('ref_axis',(0.,-1.,0.));
#3576=DIRECTION('center_axis',(1.,0.,-7.13318293321663E-15));
#3577=DIRECTION('ref_axis',(0.,-1.,0.));
#3578=DIRECTION('',(1.,0.,-7.13318293321663E-15));
#3579=DIRECTION('center_axis',(-1.,0.,7.13318293321663E-15));
#3580=DIRECTION('ref_axis',(0.,-1.,0.));
#3581=DIRECTION('center_axis',(1.,0.,-7.13318293321663E-15));
#3582=DIRECTION('ref_axis',(0.,-1.,0.));
#3583=DIRECTION('center_axis',(1.,0.,-7.13318293321663E-15));
#3584=DIRECTION('ref_axis',(0.,-1.,0.));
#3585=DIRECTION('',(1.,0.,-7.13318293321663E-15));
#3586=DIRECTION('center_axis',(-1.,0.,7.13318293321663E-15));
#3587=DIRECTION('ref_axis',(0.,-1.,0.));
#3588=DIRECTION('center_axis',(-1.,0.,7.13318293321663E-15));
#3589=DIRECTION('ref_axis',(0.,-1.,6.53072367426563E-17));
#3590=DIRECTION('center_axis',(1.,0.,-7.13318293321663E-15));
#3591=DIRECTION('ref_axis',(0.,-1.,1.07248709767268E-16));
#3592=DIRECTION('center_axis',(-1.,0.,7.13318293321663E-15));
#3593=DIRECTION('ref_axis',(7.65024666121383E-31,-1.,1.07248709767268E-16));
#3594=DIRECTION('center_axis',(-7.13318293321663E-15,1.61488551349871E-16,
-1.));
#3595=DIRECTION('ref_axis',(-0.707106781186548,-0.707106781186548,4.94517309821662E-15));
#3596=DIRECTION('',(-7.13318293321663E-15,1.61488551349871E-16,-1.));
#3597=DIRECTION('',(7.13318293321663E-15,-1.61488551349871E-16,1.));
#3598=DIRECTION('center_axis',(1.,0.,-6.99353086378051E-15));
#3599=DIRECTION('ref_axis',(8.56460518706703E-31,-1.,1.22464679914735E-16));
#3600=DIRECTION('',(1.,0.,-6.99353086378051E-15));
#3601=DIRECTION('center_axis',(-1.,0.,7.13318293321663E-15));
#3602=DIRECTION('ref_axis',(0.,-1.,1.25868985692084E-16));
#3603=DIRECTION('',(1.,0.,-6.99353086378051E-15));
#3604=DIRECTION('center_axis',(1.,0.,-7.13318293321663E-15));
#3605=DIRECTION('ref_axis',(0.,1.,0.));
#3606=DIRECTION('center_axis',(-1.,0.,7.13318293321663E-15));
#3607=DIRECTION('ref_axis',(-6.80640298075944E-15,-0.299205296618276,-0.954188760400986));
#3608=DIRECTION('',(-3.46431495949021E-30,-1.,-4.85661869592347E-16));
#3609=DIRECTION('center_axis',(1.,0.,-7.13318293321663E-15));
#3610=DIRECTION('ref_axis',(5.04392202352162E-15,0.707106781186547,0.707106781186547));
#3611=DIRECTION('',(7.13318293321663E-15,0.,1.));
#3612=DIRECTION('center_axis',(1.,0.,-7.13318293321663E-15));
#3613=DIRECTION('ref_axis',(-5.04392202352163E-15,0.707106781186547,-0.707106781186548));
#3614=DIRECTION('',(1.7449034439873E-78,1.,2.44617789887587E-64));
#3615=DIRECTION('center_axis',(1.,0.,-7.13318293321663E-15));
#3616=DIRECTION('ref_axis',(-2.23232659418388E-30,-1.,-3.12949578762203E-16));
#3617=DIRECTION('center_axis',(-1.,0.,7.13318293321663E-15));
#3618=DIRECTION('ref_axis',(0.,-1.,-5.2343750249239E-14));
#3619=DIRECTION('center_axis',(1.,0.,-7.13318293321663E-15));
#3620=DIRECTION('ref_axis',(8.9784650056006E-31,-1.,1.25868985692084E-16));
#3621=DIRECTION('center_axis',(-7.13318293321663E-15,1.61488551349871E-16,
-1.));
#3622=DIRECTION('ref_axis',(0.707106781186548,-0.707106781186548,-4.94517309821662E-15));
#3623=DIRECTION('',(-7.13318293321663E-15,1.61488551349871E-16,-1.));
#3624=DIRECTION('',(7.13318293321663E-15,-1.61488551349871E-16,1.));
#3625=DIRECTION('center_axis',(1.,0.,-7.13318293321663E-15));
#3626=DIRECTION('ref_axis',(0.,1.,0.));
#3627=DIRECTION('',(-1.7449034439873E-78,-1.,-2.44617789887587E-64));
#3628=DIRECTION('center_axis',(-1.,0.,7.13318293321663E-15));
#3629=DIRECTION('ref_axis',(-5.04392202352163E-15,0.707106781186547,-0.707106781186548));
#3630=DIRECTION('',(-7.13318293321663E-15,0.,-1.));
#3631=DIRECTION('center_axis',(-1.,0.,7.13318293321663E-15));
#3632=DIRECTION('ref_axis',(5.04392202352162E-15,0.707106781186547,0.707106781186547));
#3633=DIRECTION('',(3.46431495949021E-30,1.,4.85661869592347E-16));
#3634=DIRECTION('center_axis',(1.,0.,-7.13318293321663E-15));
#3635=DIRECTION('ref_axis',(-6.80640298075944E-15,-0.299205296618276,-0.954188760400986));
#3636=DIRECTION('center_axis',(-1.,0.,7.13318293321663E-15));
#3637=DIRECTION('ref_axis',(-2.13271021835487E-30,-1.,-2.98984371818591E-16));
#3638=DIRECTION('center_axis',(1.,0.,-7.13318293321663E-15));
#3639=DIRECTION('ref_axis',(-6.66133814775094E-15,0.,-1.));
#3640=DIRECTION('center_axis',(1.,0.,-7.13318293321663E-15));
#3641=DIRECTION('ref_axis',(-6.80640298075944E-15,-0.299205296618276,-0.954188760400986));
#3642=DIRECTION('center_axis',(0.,1.,0.));
#3643=DIRECTION('ref_axis',(-1.,0.,6.99353086378053E-15));
#3644=DIRECTION('center_axis',(3.99328278000999E-15,-0.820952380951138,
0.570996662171206));
#3645=DIRECTION('ref_axis',(3.49676543189026E-15,0.570996662171206,0.820952380951138));
#3646=DIRECTION('center_axis',(1.,0.,-7.13318293321663E-15));
#3647=DIRECTION('ref_axis',(-1.11022302462516E-16,-0.999869876397055,-0.0161316544017803));
#3648=DIRECTION('center_axis',(-1.,0.,7.13318293321663E-15));
#3649=DIRECTION('ref_axis',(0.,-1.,-3.12949578762203E-16));
#3650=DIRECTION('center_axis',(1.7449034439873E-78,1.,2.44617789887587E-64));
#3651=DIRECTION('ref_axis',(-0.707106781186552,0.,-0.707106781186543));
#3652=DIRECTION('center_axis',(0.,-1.,0.));
#3653=DIRECTION('ref_axis',(-1.,0.,6.99353086378053E-15));
#3654=DIRECTION('',(-1.7449034439873E-78,-1.,-2.44617789887587E-64));
#3655=DIRECTION('center_axis',(1.,0.,-7.13318293321663E-15));
#3656=DIRECTION('ref_axis',(-7.21644966006351E-15,0.,-1.));
#3657=DIRECTION('center_axis',(-6.9935308637805E-15,-3.49676543189026E-15,
-1.));
#3658=DIRECTION('ref_axis',(-1.,0.,6.9935308637805E-15));
#3659=DIRECTION('center_axis',(-1.,0.,7.13318293321663E-15));
#3660=DIRECTION('ref_axis',(-5.02660030834223E-15,0.707106781186547,-0.707106781186548));
#3661=DIRECTION('center_axis',(7.13318293321663E-15,0.,1.));
#3662=DIRECTION('ref_axis',(-0.707106781186548,0.707106781186548,4.94517309821662E-15));
#3663=DIRECTION('center_axis',(-6.99353086378052E-15,-1.74838271594513E-15,
-1.));
#3664=DIRECTION('ref_axis',(-1.,0.,6.99353086378053E-15));
#3665=DIRECTION('',(-7.13318293321663E-15,0.,-1.));
#3666=DIRECTION('center_axis',(1.,0.,-7.13318293321663E-15));
#3667=DIRECTION('ref_axis',(-7.21644966006351E-15,0.,-1.));
#3668=DIRECTION('center_axis',(0.,1.,0.));
#3669=DIRECTION('ref_axis',(-1.,0.,6.99353086378055E-15));
#3670=DIRECTION('center_axis',(-1.,0.,7.13318293321663E-15));
#3671=DIRECTION('ref_axis',(5.02660030834224E-15,0.707106781186548,0.707106781186548));
#3672=DIRECTION('center_axis',(-3.46431495949021E-30,-1.,-4.85661869592347E-16));
#3673=DIRECTION('ref_axis',(-0.707106781186543,0.,0.707106781186552));
#3674=DIRECTION('',(3.46431495949021E-30,1.,4.85661869592347E-16));
#3675=DIRECTION('center_axis',(-1.,0.,7.13318293321663E-15));
#3676=DIRECTION('ref_axis',(7.40148683083438E-15,0.,1.));
#3677=DIRECTION('center_axis',(0.,1.,0.));
#3678=DIRECTION('ref_axis',(6.99353086378051E-15,0.,1.));
#3679=DIRECTION('center_axis',(-1.,0.,7.13318293321663E-15));
#3680=DIRECTION('ref_axis',(-6.80640298075944E-15,-0.299205296618276,-0.954188760400986));
#3681=DIRECTION('center_axis',(3.99328278000998E-15,-0.820952380951138,
0.570996662171206));
#3682=DIRECTION('ref_axis',(1.,0.,-6.9935308637805E-15));
#3683=DIRECTION('center_axis',(1.,0.,-6.99353086378051E-15));
#3684=DIRECTION('ref_axis',(-7.32929495086653E-15,-0.299205296618276,-0.954188760400986));
#3685=DIRECTION('',(-1.,0.,6.99353086378051E-15));
#3686=DIRECTION('',(1.,0.,-6.99353086378051E-15));
#3687=DIRECTION('center_axis',(1.7449034439873E-78,1.,2.44617789887587E-64));
#3688=DIRECTION('ref_axis',(0.707106781186545,0.,-0.70710678118655));
#3689=DIRECTION('',(1.7449034439873E-78,1.,2.44617789887587E-64));
#3690=DIRECTION('center_axis',(0.,-1.,0.));
#3691=DIRECTION('ref_axis',(-6.9935308637805E-15,0.,-1.));
#3692=DIRECTION('center_axis',(1.,0.,-7.13318293321663E-15));
#3693=DIRECTION('ref_axis',(-7.77156117237608E-15,0.,-1.));
#3694=DIRECTION('center_axis',(-6.99353086378052E-15,-3.49676543189026E-15,
-1.));
#3695=DIRECTION('ref_axis',(0.,1.,-3.49676543189026E-15));
#3696=DIRECTION('center_axis',(1.,0.,-7.13318293321663E-15));
#3697=DIRECTION('ref_axis',(-5.02660030834223E-15,0.707106781186547,-0.707106781186548));
#3698=DIRECTION('center_axis',(7.13318293321663E-15,0.,1.));
#3699=DIRECTION('ref_axis',(0.707106781186548,0.707106781186548,-4.94517309821662E-15));
#3700=DIRECTION('center_axis',(-6.9935308637805E-15,-1.74838271594513E-15,
-1.));
#3701=DIRECTION('ref_axis',(0.,1.,-1.74838271594513E-15));
#3702=DIRECTION('',(7.13318293321663E-15,0.,1.));
#3703=DIRECTION('center_axis',(1.,0.,-7.13318293321663E-15));
#3704=DIRECTION('ref_axis',(-7.77156117237609E-15,0.,-1.));
#3705=DIRECTION('center_axis',(0.,1.,0.));
#3706=DIRECTION('ref_axis',(6.99353086378051E-15,0.,1.));
#3707=DIRECTION('center_axis',(1.,0.,-7.13318293321663E-15));
#3708=DIRECTION('ref_axis',(5.02660030834224E-15,0.707106781186548,0.707106781186548));
#3709=DIRECTION('center_axis',(-3.46431495949021E-30,-1.,-4.85661869592347E-16));
#3710=DIRECTION('ref_axis',(0.707106781186555,0.,0.70710678118654));
#3711=DIRECTION('',(-3.46431495949021E-30,-1.,-4.85661869592347E-16));
#3712=DIRECTION('center_axis',(1.,0.,-7.13318293321663E-15));
#3713=DIRECTION('ref_axis',(0.,-0.999869876397055,-0.0161316544017803));
#3714=DIRECTION('center_axis',(1.,0.,-7.13318293321663E-15));
#3715=DIRECTION('ref_axis',(0.,-1.,-2.98984371818591E-16));
#3716=DIRECTION('center_axis',(6.99353086378051E-15,-4.85661869592347E-16,
1.));
#3717=DIRECTION('ref_axis',(-3.46431495949021E-30,-1.,-4.85661869592347E-16));
#3718=DIRECTION('',(1.,0.,-6.99353086378051E-15));
#3719=DIRECTION('center_axis',(-1.12937516801253E-30,-1.,-1.61488551349871E-16));
#3720=DIRECTION('ref_axis',(-7.13318293321663E-15,1.61488551349871E-16,
-1.));
#3721=DIRECTION('center_axis',(1.,0.,-6.99353086378051E-15));
#3722=DIRECTION('ref_axis',(-6.99353086378051E-15,1.74838271594513E-15,
-1.));
#3723=DIRECTION('',(1.,0.,-6.99353086378051E-15));
#3724=DIRECTION('',(1.,0.,-6.99353086378051E-15));
#3725=DIRECTION('center_axis',(-6.99353086378051E-15,2.44617789887587E-64,
-1.));
#3726=DIRECTION('ref_axis',(-1.75162309355888E-48,1.,1.24946479564023E-62));
#3727=DIRECTION('',(1.,0.,-6.99353086378051E-15));
#3728=DIRECTION('center_axis',(1.,0.,-6.99353086378051E-15));
#3729=DIRECTION('ref_axis',(-5.42213213278219E-17,-0.99996994451554,-0.0077530681402486));
#3730=DIRECTION('center_axis',(1.,0.,-6.99353086378051E-15));
#3731=DIRECTION('ref_axis',(9.17052636424698E-30,1.,1.31128703695885E-15));
#3732=DIRECTION('',(1.,0.,-6.99353086378051E-15));
#3733=DIRECTION('center_axis',(0.,1.,0.));
#3734=DIRECTION('ref_axis',(7.13318293321663E-15,0.,1.));
#3735=DIRECTION('center_axis',(0.,0.,1.));
#3736=DIRECTION('ref_axis',(-2.4827034566421E-13,-1.,0.));
#3737=DIRECTION('center_axis',(-7.13318293321663E-15,-5.57808895494782E-31,
-1.));
#3738=DIRECTION('ref_axis',(-2.4827034566421E-13,-1.,0.));
#3739=DIRECTION('',(0.,0.,1.));
#3740=DIRECTION('center_axis',(0.,0.,1.));
#3741=DIRECTION('ref_axis',(-2.4827034566421E-13,-1.,0.));
#3742=DIRECTION('',(0.,0.,1.));
#3743=DIRECTION('center_axis',(-2.43524735435214E-13,-1.,0.));
#3744=DIRECTION('ref_axis',(1.,-2.43524735435214E-13,0.));
#3745=DIRECTION('',(-1.,2.43524735435214E-13,7.13318293321663E-15));
#3746=DIRECTION('',(1.,-2.43524735435214E-13,0.));
#3747=DIRECTION('',(0.,0.,1.));
#3748=DIRECTION('center_axis',(0.,0.,1.));
#3749=DIRECTION('ref_axis',(-1.,2.51767111096098E-13,0.));
#3750=DIRECTION('center_axis',(-7.13318293321663E-15,-5.57808895494782E-31,
-1.));
#3751=DIRECTION('ref_axis',(-1.,2.51767111096098E-13,0.));
#3752=DIRECTION('center_axis',(0.,0.,1.));
#3753=DIRECTION('ref_axis',(-1.,2.51767111096098E-13,0.));
#3754=DIRECTION('',(0.,0.,1.));
#3755=DIRECTION('center_axis',(-1.,2.50354355419375E-13,0.));
#3756=DIRECTION('ref_axis',(-2.50354355419375E-13,-1.,0.));
#3757=DIRECTION('',(2.50354355419375E-13,1.,-1.78638122422943E-27));
#3758=DIRECTION('',(-2.50354355419375E-13,-1.,0.));
#3759=DIRECTION('',(0.,0.,1.));
#3760=DIRECTION('center_axis',(0.,0.,1.));
#3761=DIRECTION('ref_axis',(2.51330015417104E-13,1.,0.));
#3762=DIRECTION('center_axis',(-7.13318293321663E-15,-5.57808895494782E-31,
-1.));
#3763=DIRECTION('ref_axis',(2.51330015417104E-13,1.,0.));
#3764=DIRECTION('center_axis',(0.,0.,1.));
#3765=DIRECTION('ref_axis',(2.51330015417104E-13,1.,0.));
#3766=DIRECTION('',(0.,0.,1.));
#3767=DIRECTION('center_axis',(2.56013183406315E-13,1.,0.));
#3768=DIRECTION('ref_axis',(-1.,2.56013183406315E-13,0.));
#3769=DIRECTION('',(1.,-2.56013183406315E-13,-7.13318293321663E-15));
#3770=DIRECTION('',(-1.,2.56013183406315E-13,0.));
#3771=DIRECTION('',(0.,0.,1.));
#3772=DIRECTION('center_axis',(0.,0.,1.));
#3773=DIRECTION('ref_axis',(1.,2.79741234551211E-13,0.));
#3774=DIRECTION('center_axis',(-7.13318293321663E-15,-5.57808895494782E-31,
-1.));
#3775=DIRECTION('ref_axis',(1.,2.79741234551211E-13,0.));
#3776=DIRECTION('center_axis',(0.,0.,1.));
#3777=DIRECTION('ref_axis',(1.,2.79741234551211E-13,0.));
#3778=DIRECTION('',(0.,0.,1.));
#3779=DIRECTION('center_axis',(1.,2.44305263433329E-13,0.));
#3780=DIRECTION('ref_axis',(-2.44305263433329E-13,1.,0.));
#3781=DIRECTION('',(2.44305263433329E-13,-1.,-1.74211632672212E-27));
#3782=DIRECTION('',(-2.44305263433329E-13,1.,0.));
#3783=DIRECTION('center_axis',(0.,0.,1.));
#3784=DIRECTION('ref_axis',(-1.,0.,0.));
#3785=DIRECTION('center_axis',(-7.13318293321663E-15,-5.57808895494782E-31,
-1.));
#3786=DIRECTION('ref_axis',(1.,0.,-7.13318293321663E-15));
#3787=DIRECTION('center_axis',(-7.13318293321663E-15,-5.57808895494782E-31,
-1.));
#3788=DIRECTION('ref_axis',(1.,0.,-7.13318293321663E-15));
#3789=DIRECTION('',(-7.13318293321663E-15,-5.57808895494782E-31,-1.));
#3790=DIRECTION('center_axis',(7.13318293321663E-15,5.57808895494782E-31,
1.));
#3791=DIRECTION('ref_axis',(1.,0.,-7.13318293321663E-15));
#3792=DIRECTION('center_axis',(3.85223776408044E-14,1.,-2.69407436977173E-28));
#3793=DIRECTION('ref_axis',(-6.9935308637805E-15,0.,-1.));
#3794=DIRECTION('center_axis',(0.,-1.,0.));
#3795=DIRECTION('ref_axis',(-0.918560335378301,0.,-0.39528079926769));
#3796=DIRECTION('center_axis',(0.,1.,0.));
#3797=DIRECTION('ref_axis',(-6.9935308637805E-15,0.,-1.));
#3798=DIRECTION('',(0.,-1.,0.));
#3799=DIRECTION('',(-3.9789528933398E-45,1.,-5.57808895494782E-31));
#3800=DIRECTION('center_axis',(-7.13318293321663E-15,-5.57808895494782E-31,
-1.));
#3801=DIRECTION('ref_axis',(1.,0.,-7.13318293321663E-15));
#3802=DIRECTION('',(-1.,0.,7.13318293321663E-15));
#3803=DIRECTION('center_axis',(-7.13318293321663E-15,-5.57808895494782E-31,
-1.));
#3804=DIRECTION('ref_axis',(0.707106781186606,0.707106781186489,-5.04392202352205E-15));
#3805=DIRECTION('center_axis',(-7.13318293321663E-15,0.,-1.));
#3806=DIRECTION('ref_axis',(-1.36592399683213E-15,-1.,9.74338574227399E-30));
#3807=DIRECTION('',(1.,-2.53078031276842E-13,-7.13318293321663E-15));
#3808=DIRECTION('center_axis',(-7.13318293321663E-15,0.,-1.));
#3809=DIRECTION('ref_axis',(1.,0.,-7.13318293321663E-15));
#3810=DIRECTION('',(-2.18547839493141E-16,1.,1.55894171876384E-30));
#3811=DIRECTION('center_axis',(-7.13318293321663E-15,0.,-1.));
#3812=DIRECTION('ref_axis',(-6.55643518479429E-15,1.,4.67682515629156E-29));
#3813=DIRECTION('',(-1.,2.73184799366954E-15,7.13318293321663E-15));
#3814=DIRECTION('center_axis',(-7.13318293321663E-15,0.,-1.));
#3815=DIRECTION('ref_axis',(-1.,2.58760641959878E-13,7.13318293321663E-15));
#3816=DIRECTION('',(-2.52204206775107E-13,-1.,1.79901874345363E-27));
#3817=DIRECTION('center_axis',(-7.13318293321663E-15,-7.80104777817896E-45,
-1.));
#3818=DIRECTION('ref_axis',(1.,-2.55263876527987E-13,-7.13318293321663E-15));
#3819=DIRECTION('',(1.,-5.76266943175623E-14,-7.13318293321663E-15));
#3820=DIRECTION('center_axis',(-7.13318293321663E-15,0.,-1.));
#3821=DIRECTION('ref_axis',(-1.36592399683213E-15,-1.,9.74338574227399E-30));
#3822=DIRECTION('center_axis',(-7.13318293321663E-15,3.94430452610509E-31,
-1.));
#3823=DIRECTION('ref_axis',(-0.707106781186556,-0.707106781186539,5.04392202352168E-15));
#3824=DIRECTION('',(-4.93231652536028E-16,1.,3.51157194892016E-30));
#3825=DIRECTION('center_axis',(1.74838271594515E-14,1.,-1.25273146396603E-28));
#3826=DIRECTION('ref_axis',(-0.70710678118654,0.,0.707106781186555));
#3827=DIRECTION('center_axis',(-5.76266943175623E-14,-1.,4.13089416919705E-28));
#3828=DIRECTION('ref_axis',(-0.70710678118654,0.,0.707106781186555));
#3829=DIRECTION('',(-1.74838271594515E-14,-1.,1.25273146396603E-28));
#3830=DIRECTION('center_axis',(0.,1.,0.));
#3831=DIRECTION('ref_axis',(-0.70710678118654,0.,0.707106781186555));
#3832=DIRECTION('',(1.74838271594515E-14,1.,-1.25273146396603E-28));
#3833=DIRECTION('',(-1.74838271594515E-14,-1.,1.25273146396603E-28));
#3834=DIRECTION('',(1.74838271594515E-14,1.,-1.25273146396603E-28));
#3835=DIRECTION('center_axis',(-7.13318293321663E-15,-5.57808895494782E-31,
-1.));
#3836=DIRECTION('ref_axis',(1.,0.,-7.13318293321663E-15));
#3837=DIRECTION('',(-1.,0.,7.13318293321663E-15));
#3838=DIRECTION('center_axis',(0.,-1.,0.));
#3839=DIRECTION('ref_axis',(-1.,0.,7.13318293321663E-15));
#3840=DIRECTION('',(-7.16836913537502E-15,0.,-1.));
#3841=DIRECTION('',(-1.,0.,7.13318293321663E-15));
#3842=DIRECTION('',(-7.16836913537502E-15,0.,-1.));
#3843=DIRECTION('center_axis',(0.,1.,0.));
#3844=DIRECTION('ref_axis',(6.47549154053752E-15,0.,1.));
#3845=DIRECTION('',(-1.,0.,7.13318293321663E-15));
#3846=DIRECTION('center_axis',(0.,-1.,0.));
#3847=DIRECTION('ref_axis',(7.94719416338695E-15,0.,1.));
#3848=DIRECTION('center_axis',(-7.13318293321663E-15,-5.57808895494782E-31,
-1.));
#3849=DIRECTION('ref_axis',(-0.184258554971275,-0.982877807725812,1.31128703695885E-15));
#3850=DIRECTION('center_axis',(0.982877807725812,-0.184258554971275,-6.87378628365541E-15));
#3851=DIRECTION('ref_axis',(-0.184258554971275,-0.982877807725812,0.));
#3852=DIRECTION('center_axis',(-1.,0.,7.13318293321663E-15));
#3853=DIRECTION('ref_axis',(-4.94517309821664E-15,-0.707106781186545,-0.70710678118655));
#3854=DIRECTION('center_axis',(1.,-2.52859850293658E-13,-6.99353086378053E-15));
#3855=DIRECTION('ref_axis',(-2.52859850293658E-13,-1.,0.));
#3856=DIRECTION('',(1.,-2.53078031276842E-13,-7.13318293321663E-15));
#3857=DIRECTION('center_axis',(1.,-1.74838271594514E-15,-6.99353086378053E-15));
#3858=DIRECTION('ref_axis',(-1.74838271594514E-15,-1.,0.));
#3859=DIRECTION('',(-1.,2.53078031276842E-13,7.13318293321663E-15));
#3860=DIRECTION('center_axis',(1.,-5.76266943175623E-14,-7.13318293321663E-15));
#3861=DIRECTION('ref_axis',(3.4616211687516E-14,0.707106781186555,-0.70710678118654));
#3862=DIRECTION('',(1.,-5.76266943175623E-14,-7.13318293321663E-15));
#3863=DIRECTION('center_axis',(-1.,5.59482469102438E-14,6.99353086378053E-15));
#3864=DIRECTION('ref_axis',(5.59482469102438E-14,1.,-3.49676543189024E-15));
#3865=DIRECTION('',(-1.,5.76266943175623E-14,7.13318293321663E-15));
#3866=DIRECTION('center_axis',(0.707106781186572,0.707106781186523,-4.94517309821678E-15));
#3867=DIRECTION('ref_axis',(-0.707106781186523,0.707106781186572,5.14267094882647E-15));
#3868=DIRECTION('center_axis',(1.74838271594515E-14,1.,-1.25273146396603E-28));
#3869=DIRECTION('ref_axis',(-0.707106781186552,0.,-0.707106781186543));
#3870=DIRECTION('',(-1.74838271594515E-14,-1.,1.25273146396603E-28));
#3871=DIRECTION('center_axis',(-0.707106781186115,0.70710678118698,4.94517309821362E-15));
#3872=DIRECTION('ref_axis',(-0.70710678118698,-0.707106781186115,4.94517309821967E-15));
#3873=DIRECTION('',(1.74838271594515E-14,1.,-1.25273146396603E-28));
#3874=DIRECTION('center_axis',(-1.,0.,7.13318293321663E-15));
#3875=DIRECTION('ref_axis',(-4.94517309821664E-15,-0.707106781186545,-0.70710678118655));
#3876=DIRECTION('',(1.,0.,-7.13318293321663E-15));
#3877=DIRECTION('center_axis',(7.13318293321663E-15,5.57808895494782E-31,
1.));
#3878=DIRECTION('ref_axis',(1.,0.,-7.40148683083434E-15));
#3879=DIRECTION('center_axis',(-2.51767111096098E-13,-1.,1.76074106193542E-27));
#3880=DIRECTION('ref_axis',(-1.,2.51767111096098E-13,6.99353086378051E-15));
#3881=DIRECTION('center_axis',(-7.13318293321663E-15,-5.57808895494782E-31,
-1.));
#3882=DIRECTION('ref_axis',(0.707106781186436,-0.707106781186659,-5.04392202352083E-15));
#3883=DIRECTION('center_axis',(7.13318293321663E-15,5.57808895494782E-31,
1.));
#3884=DIRECTION('ref_axis',(0.707106781186436,-0.707106781186659,-5.0266003083422E-15));
#3885=DIRECTION('center_axis',(2.52204206775107E-13,1.,-1.79957655234912E-27));
#3886=DIRECTION('ref_axis',(-0.707106781186556,1.78026231535799E-13,-0.707106781186539));
#3887=DIRECTION('center_axis',(-2.51767111096098E-13,-1.,1.76074106193543E-27));
#3888=DIRECTION('ref_axis',(-1.,2.51767111096098E-13,6.99353086378051E-15));
#3889=DIRECTION('',(-2.52204206775107E-13,-1.,1.79957655234912E-27));
#3890=DIRECTION('',(2.52204206775107E-13,1.,-1.79957655234912E-27));
#3891=DIRECTION('center_axis',(-7.13318293321663E-15,-5.57808895494782E-31,
-1.));
#3892=DIRECTION('ref_axis',(-1.,0.,7.77156117237606E-15));
#3893=DIRECTION('center_axis',(-1.,-2.73184799366429E-15,6.99353086378053E-15));
#3894=DIRECTION('ref_axis',(-2.73184799366429E-15,1.,0.));
#3895=DIRECTION('center_axis',(7.13318293321663E-15,5.57808895494782E-31,
1.));
#3896=DIRECTION('ref_axis',(-0.707106781186458,0.707106781186638,5.04392202352098E-15));
#3897=DIRECTION('center_axis',(-7.13318293321663E-15,-5.57808895494782E-31,
-1.));
#3898=DIRECTION('ref_axis',(-0.707106781186458,0.707106781186638,5.02660030834222E-15));
#3899=DIRECTION('center_axis',(1.,-2.73184799366954E-15,-7.13318293321663E-15));
#3900=DIRECTION('ref_axis',(-3.09073318638536E-15,0.707106781186555,-0.70710678118654));
#3901=DIRECTION('center_axis',(-1.,3.49676543189029E-15,6.99353086378053E-15));
#3902=DIRECTION('ref_axis',(3.49676543189029E-15,1.,0.));
#3903=DIRECTION('',(-1.,2.73184799366954E-15,7.13318293321663E-15));
#3904=DIRECTION('',(1.,-2.73184799366954E-15,-7.13318293321663E-15));
#3905=DIRECTION('center_axis',(-7.13318293321663E-15,-5.57808895494782E-31,
-1.));
#3906=DIRECTION('ref_axis',(-1.,0.,7.77156117237616E-15));
#3907=DIRECTION('center_axis',(0.,1.,0.));
#3908=DIRECTION('ref_axis',(1.,0.,-6.99353086378051E-15));
#3909=DIRECTION('center_axis',(7.13318293321663E-15,5.57808895494782E-31,
1.));
#3910=DIRECTION('ref_axis',(0.707106781186545,0.70710678118655,-5.04392202352161E-15));
#3911=DIRECTION('center_axis',(-7.13318293321663E-15,-5.57808895494782E-31,
-1.));
#3912=DIRECTION('ref_axis',(0.707106781186545,0.70710678118655,-5.02660030834229E-15));
#3913=DIRECTION('center_axis',(2.18547839493141E-16,-1.,-1.00113282326906E-30));
#3914=DIRECTION('ref_axis',(0.707106781186543,0.,-0.707106781186552));
#3915=DIRECTION('center_axis',(0.,1.,0.));
#3916=DIRECTION('ref_axis',(1.,0.,-6.99353086378051E-15));
#3917=DIRECTION('',(-2.18547839493141E-16,1.,1.00113282326906E-30));
#3918=DIRECTION('',(2.18547839493141E-16,-1.,-1.00113282326906E-30));
#3919=DIRECTION('center_axis',(-7.13318293321663E-15,-5.57808895494782E-31,
-1.));
#3920=DIRECTION('ref_axis',(-1.,0.,7.77156117237611E-15));
#3921=DIRECTION('center_axis',(7.13318293321663E-15,5.57808895494782E-31,
1.));
#3922=DIRECTION('ref_axis',(0.707106781186547,-0.707106781186548,-5.04392202352162E-15));
#3923=DIRECTION('center_axis',(-7.13318293321663E-15,-5.57808895494782E-31,
-1.));
#3924=DIRECTION('ref_axis',(0.707106781186547,-0.707106781186548,-5.02660030834225E-15));
#3925=DIRECTION('center_axis',(-7.13318293321663E-15,-5.57808895494782E-31,
-1.));
#3926=DIRECTION('ref_axis',(-1.,0.,7.77156117237608E-15));
#3927=DIRECTION('center_axis',(7.13318293321663E-15,5.57808895494782E-31,
1.));
#3928=DIRECTION('ref_axis',(-0.0925261916275293,-0.995710250958031,6.60006250993024E-16));
#3929=DIRECTION('center_axis',(-7.13318293321663E-15,-5.57808895494782E-31,
-1.));
#3930=DIRECTION('ref_axis',(-0.0925261916275293,-0.995710250958031,6.55643518479423E-16));
#3931=DIRECTION('center_axis',(1.,2.18547839493141E-16,-7.16836913537502E-15));
#3932=DIRECTION('ref_axis',(2.18547839493141E-16,-1.,-1.55894171876384E-30));
#3933=DIRECTION('',(-7.16836913537502E-15,0.,-1.));
#3934=DIRECTION('',(-7.16836913537502E-15,0.,-1.));
#3935=DIRECTION('center_axis',(-7.16836913537502E-15,0.,-1.));
#3936=DIRECTION('ref_axis',(-6.55643518479429E-15,1.,4.69989476167662E-29));
#3937=DIRECTION('',(-7.16836913537502E-15,0.,-1.));
#3938=DIRECTION('center_axis',(2.73184799366954E-15,1.,-1.95828948403569E-29));
#3939=DIRECTION('ref_axis',(1.,-2.73184799366954E-15,-7.13318293321663E-15));
#3940=DIRECTION('',(-7.16836913537502E-15,0.,-1.));
#3941=DIRECTION('center_axis',(-7.16836913537502E-15,0.,-1.));
#3942=DIRECTION('ref_axis',(-1.,2.58760641959878E-13,7.16836913537502E-15));
#3943=DIRECTION('',(-7.16836913537502E-15,0.,-1.));
#3944=DIRECTION('center_axis',(-1.,2.52204206775107E-13,7.16836913537502E-15));
#3945=DIRECTION('ref_axis',(2.52204206775107E-13,1.,-1.79901874345363E-27));
#3946=DIRECTION('',(-7.16836913537502E-15,0.,-1.));
#3947=DIRECTION('center_axis',(-7.16836913537502E-15,0.,-1.));
#3948=DIRECTION('ref_axis',(1.,-2.55263876527987E-13,-7.16836913537502E-15));
#3949=DIRECTION('',(-7.16836913537502E-15,0.,-1.));
#3950=DIRECTION('center_axis',(5.76266943175623E-14,1.,-4.13089416919705E-28));
#3951=DIRECTION('ref_axis',(1.,-5.76266943175623E-14,-7.13318293321663E-15));
#3952=DIRECTION('',(1.,-5.76266943175623E-14,-7.13318293321663E-15));
#3953=DIRECTION('center_axis',(-5.76266943175623E-14,-1.,4.13089416919705E-28));
#3954=DIRECTION('ref_axis',(2.20684751701806E-15,2.85916089651034E-28,1.));
#3955=DIRECTION('',(-7.16836913537502E-15,0.,-1.));
#3956=DIRECTION('',(1.,-5.76266943175623E-14,-7.13318293321663E-15));
#3957=DIRECTION('center_axis',(5.76266943175623E-14,1.,-4.13089416919705E-28));
#3958=DIRECTION('ref_axis',(3.66206707049223E-15,2.02056597278038E-28,1.));
#3959=DIRECTION('center_axis',(-7.13318293321663E-15,-5.57808895494782E-31,
-1.));
#3960=DIRECTION('ref_axis',(1.,0.,-7.13318293321663E-15));
#3961=DIRECTION('center_axis',(-7.13318293321663E-15,0.,-1.));
#3962=DIRECTION('ref_axis',(-1.36592399683213E-15,-1.,9.74338574227399E-30));
#3963=DIRECTION('',(4.93231652536028E-16,-1.,-3.51157194892016E-30));
#3964=DIRECTION('center_axis',(7.13318293321663E-15,-3.94430452610509E-31,
1.));
#3965=DIRECTION('ref_axis',(-0.707106781186556,-0.707106781186539,5.04392202352168E-15));
#3966=DIRECTION('center_axis',(0.,1.,0.));
#3967=DIRECTION('ref_axis',(0.,0.,1.));
#3968=DIRECTION('center_axis',(0.,1.,0.));
#3969=DIRECTION('ref_axis',(7.94719416338694E-15,0.,1.));
#3970=DIRECTION('center_axis',(0.,-1.,0.));
#3971=DIRECTION('ref_axis',(7.2891243774731E-15,0.,1.));
#3972=DIRECTION('',(0.,-1.,0.));
#3973=DIRECTION('center_axis',(-5.76266943175623E-14,-1.,4.13089416919705E-28));
#3974=DIRECTION('ref_axis',(3.66206707049223E-15,0.,1.));
#3975=DIRECTION('',(0.,1.,0.));
#3976=DIRECTION('center_axis',(0.,-1.,0.));
#3977=DIRECTION('ref_axis',(-0.0736767604905206,0.,0.997282174193253));
#3978=DIRECTION('center_axis',(0.,-1.,0.));
#3979=DIRECTION('ref_axis',(6.47549154053752E-15,0.,1.));
#3980=DIRECTION('center_axis',(0.,-1.,0.));
#3981=DIRECTION('ref_axis',(-0.109555817050175,0.,0.993980645158883));
#3982=DIRECTION('center_axis',(5.76266943175623E-14,1.,-4.13089416919705E-28));
#3983=DIRECTION('ref_axis',(2.20684751701806E-15,0.,1.));
#3984=DIRECTION('center_axis',(5.76266943175623E-14,1.,-4.13089416919705E-28));
#3985=DIRECTION('ref_axis',(0.,0.,1.));
#3986=DIRECTION('center_axis',(5.76266943175623E-14,1.,-4.13089416919705E-28));
#3987=DIRECTION('ref_axis',(0.,0.,1.));
#3988=DIRECTION('center_axis',(-1.,1.74838271594515E-14,7.16836913537502E-15));
#3989=DIRECTION('ref_axis',(1.74838271594515E-14,1.,-1.24715337501109E-28));
#3990=DIRECTION('center_axis',(-7.13318293321663E-15,-5.57808895494782E-31,
-1.));
#3991=DIRECTION('ref_axis',(1.,0.,-7.13318293321663E-15));
#3992=DIRECTION('center_axis',(-7.13318293321663E-15,-5.57808895494782E-31,
-1.));
#3993=DIRECTION('ref_axis',(1.,0.,-7.13318293321663E-15));
#3994=DIRECTION('center_axis',(-7.16836913537502E-15,0.,-1.));
#3995=DIRECTION('ref_axis',(-0.707106781186556,-0.707106781186539,5.06880242567209E-15));
#3996=DIRECTION('',(-7.16836913537502E-15,0.,-1.));
#3997=DIRECTION('',(-7.16836913537502E-15,0.,-1.));
#3998=DIRECTION('center_axis',(1.,4.93231652536028E-16,-7.16836913537502E-15));
#3999=DIRECTION('ref_axis',(4.93231652536028E-16,-1.,-3.51157194892016E-30));
#4000=DIRECTION('',(-7.16836913537502E-15,0.,-1.));
#4001=DIRECTION('center_axis',(-7.16836913537502E-15,0.,-1.));
#4002=DIRECTION('ref_axis',(-1.36592399683213E-15,-1.,9.79144742015953E-30));
#4003=DIRECTION('center_axis',(-7.16836913537502E-15,0.,-1.));
#4004=DIRECTION('ref_axis',(-1.36592399683213E-15,-1.,9.79144742015953E-30));
#4005=DIRECTION('',(-7.16836913537502E-15,0.,-1.));
#4006=DIRECTION('',(-7.16836913537502E-15,0.,-1.));
#4007=DIRECTION('center_axis',(-2.53078031276842E-13,-1.,1.81415674824639E-27));
#4008=DIRECTION('ref_axis',(-1.,2.53078031276842E-13,7.13318293321663E-15));
#4009=DIRECTION('',(-7.16836913537502E-15,0.,-1.));
#4010=DIRECTION('center_axis',(-7.16836913537502E-15,0.,-1.));
#4011=DIRECTION('ref_axis',(1.,0.,-7.16836913537502E-15));
#4012=DIRECTION('center_axis',(-7.16836913537502E-15,0.,-1.));
#4013=DIRECTION('ref_axis',(0.707106781186606,0.707106781186489,-5.06880242567245E-15));
#4014=CARTESIAN_POINT('',(0.,0.,0.));
#4015=CARTESIAN_POINT('Origin',(0.621688085251888,4.5,-0.365994548708482));
#4016=CARTESIAN_POINT('',(0.796767379245891,4.56723385942358,-0.365933294659471));
#4017=CARTESIAN_POINT('',(0.805983791257885,4.56716378790009,-0.366085886624707));
#4018=CARTESIAN_POINT('',(0.621688085251888,4.56725,-0.365994548708482));
#4019=CARTESIAN_POINT('',(0.809188085251888,4.55376930128393,-0.325603649492969));
#4020=CARTESIAN_POINT('Ctrl Pts',(0.805983791257885,4.56716378790009,-0.366085886624707));
#4021=CARTESIAN_POINT('Ctrl Pts',(0.807051889255886,4.56705981543411,-0.351648784070864));
#4022=CARTESIAN_POINT('Ctrl Pts',(0.808119987253887,4.56244340218237,-0.337150813671886));
#4023=CARTESIAN_POINT('Ctrl Pts',(0.809188085251888,4.55376930128393,-0.325603649492968));
#4024=CARTESIAN_POINT('',(0.809188085251887,4.44628392489353,-0.325573299173681));
#4025=CARTESIAN_POINT('Origin',(0.809188085251888,4.5,-0.365994548708484));
#4026=CARTESIAN_POINT('Ctrl Pts',(0.809188085251887,4.44628392489353,-0.325573299173681));
#4027=CARTESIAN_POINT('Ctrl Pts',(0.808748810259415,4.44981005860047,-0.320786043596854));
#4028=CARTESIAN_POINT('Ctrl Pts',(0.808309535266943,4.45394879089689,-0.316474075853736));
#4029=CARTESIAN_POINT('Ctrl Pts',(0.807870260274472,4.45861341689936,-0.312838207396058));
#4030=CARTESIAN_POINT('Ctrl Pts',(0.806231303366478,4.4760173691866,-0.299272600822967));
#4031=CARTESIAN_POINT('Ctrl Pts',(0.804592346458485,4.50074214745137,-0.29511879202449));
#4032=CARTESIAN_POINT('Ctrl Pts',(0.802953389550491,4.52163961618152,-0.302211332373891));
#4033=CARTESIAN_POINT('Ctrl Pts',(0.801314432642497,4.54253708491167,-0.309303872723292));
#4034=CARTESIAN_POINT('Ctrl Pts',(0.799675475734503,4.55960724410721,-0.327642762220571));
#4035=CARTESIAN_POINT('Ctrl Pts',(0.798036518826509,4.56517531790363,-0.348990139927556));
#4036=CARTESIAN_POINT('Ctrl Pts',(0.797613472299637,4.56661254561197,-0.354500311642709));
#4037=CARTESIAN_POINT('Ctrl Pts',(0.797190425772764,4.56728343986546,-0.360210925719715));
#4038=CARTESIAN_POINT('Ctrl Pts',(0.796767379245891,4.56723385942358,-0.365933294659471));
#4039=CARTESIAN_POINT('Origin',(0.621688085251888,4.5,-0.365994548708482));
#4040=CARTESIAN_POINT('',(0.765517379245891,4.56716784620839,-0.366031565633524));
#4041=CARTESIAN_POINT('',(0.774733791257885,4.56735747531202,-0.365991310973926));
#4042=CARTESIAN_POINT('',(0.621688085251888,4.56725,-0.365994548708482));
#4043=CARTESIAN_POINT('Ctrl Pts',(0.774733791257885,4.56735747531202,-0.365991310973926));
#4044=CARTESIAN_POINT('Ctrl Pts',(0.774745857566596,4.56735758006852,-0.365828871087299));
#4045=CARTESIAN_POINT('Ctrl Pts',(0.774757923875306,4.56735704244483,-0.365666431963833));
#4046=CARTESIAN_POINT('Ctrl Pts',(0.774769990184017,4.567355860334,-0.365503997582808));
#4047=CARTESIAN_POINT('Ctrl Pts',(0.776408947092011,4.56719529518084,-0.343440667590365));
#4048=CARTESIAN_POINT('Ctrl Pts',(0.778047904000006,4.55514422066834,-0.321464833575546));
#4049=CARTESIAN_POINT('Ctrl Pts',(0.779686860908,4.53662710861492,-0.309466310118378));
#4050=CARTESIAN_POINT('Ctrl Pts',(0.781325817815993,4.51810999656151,-0.29746778666121));
#4051=CARTESIAN_POINT('Ctrl Pts',(0.782964774723987,4.49312684696718,-0.295446573761693));
#4052=CARTESIAN_POINT('Ctrl Pts',(0.784603731631981,4.47292380506998,-0.304317182149288));
#4053=CARTESIAN_POINT('Ctrl Pts',(0.786242688539974,4.45272076317278,-0.313187790536882));
#4054=CARTESIAN_POINT('Ctrl Pts',(0.787881645447968,4.4372978289727,-0.332950220211585));
#4055=CARTESIAN_POINT('Ctrl Pts',(0.789520602355961,4.43359678392517,-0.354699161552737));
#4056=CARTESIAN_POINT('Ctrl Pts',(0.791159559263955,4.42989573887764,-0.376448102893888));
#4057=CARTESIAN_POINT('Ctrl Pts',(0.792798516171949,4.43791658298265,-0.400183555901485));
#4058=CARTESIAN_POINT('Ctrl Pts',(0.794437473079943,4.45405012469907,-0.415240690552875));
#4059=CARTESIAN_POINT('Ctrl Pts',(0.796076429987936,4.47018366641549,-0.430297825204265));
#4060=CARTESIAN_POINT('Ctrl Pts',(0.79771538689593,4.49442990574333,-0.436676641499448));
#4061=CARTESIAN_POINT('Ctrl Pts',(0.799354343803924,4.51587221596743,-0.431466063288563));
#4062=CARTESIAN_POINT('Ctrl Pts',(0.800993300711918,4.53731452619153,-0.426255485077678));
#4063=CARTESIAN_POINT('Ctrl Pts',(0.802632257619912,4.55595290731189,-0.409455512360725));
#4064=CARTESIAN_POINT('Ctrl Pts',(0.804271214527906,4.5633941229076,-0.388722227645709));
#4065=CARTESIAN_POINT('Ctrl Pts',(0.804842073437899,4.56598594469576,-0.3815006953069));
#4066=CARTESIAN_POINT('Ctrl Pts',(0.805412932347892,4.56721935734102,-0.373801984438553));
#4067=CARTESIAN_POINT('Ctrl Pts',(0.805983791257885,4.56716378790009,-0.366085886624707));
#4068=CARTESIAN_POINT('Ctrl Pts',(0.796767379245891,4.56723385942358,-0.365933294659471));
#4069=CARTESIAN_POINT('Ctrl Pts',(0.79555146886477,4.56709135648325,-0.382380392925201));
#4070=CARTESIAN_POINT('Ctrl Pts',(0.794335558483649,4.56099709098542,-0.398924596824805));
#4071=CARTESIAN_POINT('Ctrl Pts',(0.793119648102528,4.55003989925221,-0.411085850533948));
#4072=CARTESIAN_POINT('Ctrl Pts',(0.791480691194534,4.53527041840708,-0.427478317516664));
#4073=CARTESIAN_POINT('Ctrl Pts',(0.78984173428654,4.51166546831953,-0.435907385565403));
#4074=CARTESIAN_POINT('Ctrl Pts',(0.788202777378546,4.48985271567952,-0.432582973327046));
#4075=CARTESIAN_POINT('Ctrl Pts',(0.786563820470552,4.46803996303951,-0.42925856108869));
#4076=CARTESIAN_POINT('Ctrl Pts',(0.784924863562559,4.44801940784704,-0.414180668563238));
#4077=CARTESIAN_POINT('Ctrl Pts',(0.783285906654565,4.43880193999606,-0.394134360436956));
#4078=CARTESIAN_POINT('Ctrl Pts',(0.781646949746571,4.42958447214508,-0.374088052310673));
#4079=CARTESIAN_POINT('Ctrl Pts',(0.780007992838578,4.43117009163559,-0.349073328583561));
#4080=CARTESIAN_POINT('Ctrl Pts',(0.778369035930584,4.44284559176163,-0.330351237181755));
#4081=CARTESIAN_POINT('Ctrl Pts',(0.77673007902259,4.45452109188767,-0.311629145779949));
#4082=CARTESIAN_POINT('Ctrl Pts',(0.775091122114597,4.47628647264925,-0.299199686703449));
#4083=CARTESIAN_POINT('Ctrl Pts',(0.773452165206603,4.49834407642662,-0.298657316427596));
#4084=CARTESIAN_POINT('Ctrl Pts',(0.771813208298609,4.520401680204,-0.298114946151742));
#4085=CARTESIAN_POINT('Ctrl Pts',(0.770174251390615,4.54275150699716,-0.309459664676535));
#4086=CARTESIAN_POINT('Ctrl Pts',(0.768535294482621,4.55533321486884,-0.327585044931882));
#4087=CARTESIAN_POINT('Ctrl Pts',(0.767529322737045,4.56305571359243,-0.338710182100395));
#4088=CARTESIAN_POINT('Ctrl Pts',(0.766523350991468,4.56709821557518,-0.352389834961215));
#4089=CARTESIAN_POINT('Ctrl Pts',(0.765517379245891,4.56716784620839,-0.366031565633524));
#4090=CARTESIAN_POINT('Origin',(0.621688085251888,4.5,-0.365994548708482));
#4091=CARTESIAN_POINT('',(0.734267379245891,4.56735487145382,-0.366006563142646));
#4092=CARTESIAN_POINT('',(0.743483791257885,4.56717735980175,-0.365951519722898));
#4093=CARTESIAN_POINT('',(0.621688085251888,4.56725,-0.365994548708482));
#4094=CARTESIAN_POINT('Ctrl Pts',(0.743483791257885,4.56717735980175,-0.365951519722898));
#4095=CARTESIAN_POINT('Ctrl Pts',(0.7440787827853,4.56722563432175,-0.357885868632649));
#4096=CARTESIAN_POINT('Ctrl Pts',(0.744673774312715,4.56587950892426,-0.349835788042427));
#4097=CARTESIAN_POINT('Ctrl Pts',(0.745268765840129,4.5630661142454,-0.3423361357206));
#4098=CARTESIAN_POINT('Ctrl Pts',(0.746907722748123,4.55531636919631,-0.32167767855934));
#4099=CARTESIAN_POINT('Ctrl Pts',(0.748546679656117,4.53643333899758,-0.3051957382408));
#4100=CARTESIAN_POINT('Ctrl Pts',(0.750185636564111,4.51491696246008,-0.300309404569262));
#4101=CARTESIAN_POINT('Ctrl Pts',(0.751824593472105,4.49340058592258,-0.295423070897724));
#4102=CARTESIAN_POINT('Ctrl Pts',(0.753463550380099,4.46925086304632,-0.302132343873189));
#4103=CARTESIAN_POINT('Ctrl Pts',(0.755102507288092,4.45333847002212,-0.317417201966246));
#4104=CARTESIAN_POINT('Ctrl Pts',(0.756741464196086,4.43742607699791,-0.332702060059303));
#4105=CARTESIAN_POINT('Ctrl Pts',(0.75838042110408,4.42975101382578,-0.356562503269954));
#4106=CARTESIAN_POINT('Ctrl Pts',(0.760019378012073,4.43376809731741,-0.378257939111678));
#4107=CARTESIAN_POINT('Ctrl Pts',(0.761658334920067,4.43778518080904,-0.399953374953401));
#4108=CARTESIAN_POINT('Ctrl Pts',(0.763297291828061,4.45349441096442,-0.419483803426198));
#4109=CARTESIAN_POINT('Ctrl Pts',(0.764936248736054,4.47382450870128,-0.428058142265329));
#4110=CARTESIAN_POINT('Ctrl Pts',(0.766575205644048,4.49415460643813,-0.436632481104459));
#4111=CARTESIAN_POINT('Ctrl Pts',(0.768214162552042,4.51910557175645,-0.434250730309923));
#4112=CARTESIAN_POINT('Ctrl Pts',(0.769853119460036,4.53744602651871,-0.421984441927621));
#4113=CARTESIAN_POINT('Ctrl Pts',(0.771480010059319,4.5556514554069,-0.409808460265182));
#4114=CARTESIAN_POINT('Ctrl Pts',(0.773106900658602,4.56734335107899,-0.387892948901123));
#4115=CARTESIAN_POINT('Ctrl Pts',(0.774733791257885,4.56735747531202,-0.365991310973926));
#4116=CARTESIAN_POINT('Ctrl Pts',(0.765517379245891,4.56716784620839,-0.366031565633524));
#4117=CARTESIAN_POINT('Ctrl Pts',(0.764884394083474,4.5672116597229,-0.374615318749085));
#4118=CARTESIAN_POINT('Ctrl Pts',(0.764251408921057,4.56568250484517,-0.383184057433359));
#4119=CARTESIAN_POINT('Ctrl Pts',(0.76361842375864,4.56250741819216,-0.39109193178176));
#4120=CARTESIAN_POINT('Ctrl Pts',(0.761979466850646,4.55428632469362,-0.411567396390395));
#4121=CARTESIAN_POINT('Ctrl Pts',(0.760340509942652,4.53503054874634,-0.427612283621765));
#4122=CARTESIAN_POINT('Ctrl Pts',(0.758701553034658,4.51340784963325,-0.432004263605118));
#4123=CARTESIAN_POINT('Ctrl Pts',(0.757062596126664,4.49178515052016,-0.436396243588472));
#4124=CARTESIAN_POINT('Ctrl Pts',(0.75542363921867,4.46779552824126,-0.42913531632381));
#4125=CARTESIAN_POINT('Ctrl Pts',(0.753784682310677,4.45223757166131,-0.413489860871015));
#4126=CARTESIAN_POINT('Ctrl Pts',(0.752145725402683,4.43667961508136,-0.39784440541822));
#4127=CARTESIAN_POINT('Ctrl Pts',(0.750506768494689,4.42955332420037,-0.37381442177729));
#4128=CARTESIAN_POINT('Ctrl Pts',(0.748867811586696,4.43406651034186,-0.352216697028799));
#4129=CARTESIAN_POINT('Ctrl Pts',(0.747228854678702,4.43857969648334,-0.330618972280308));
#4130=CARTESIAN_POINT('Ctrl Pts',(0.745589897770708,4.45473235964731,-0.311453506424255));
#4131=CARTESIAN_POINT('Ctrl Pts',(0.743950940862715,4.47525359282962,-0.303347367994467));
#4132=CARTESIAN_POINT('Ctrl Pts',(0.742311983954721,4.49577482601193,-0.29524122956468));
#4133=CARTESIAN_POINT('Ctrl Pts',(0.740673027046727,4.52066462921259,-0.298194418561155));
#4134=CARTESIAN_POINT('Ctrl Pts',(0.739034070138733,4.53871919549987,-0.310877600343113));
#4135=CARTESIAN_POINT('Ctrl Pts',(0.737445173174452,4.55622230703705,-0.32317338977631));
#4136=CARTESIAN_POINT('Ctrl Pts',(0.735856276210172,4.5673013528959,-0.344613867754434));
#4137=CARTESIAN_POINT('Ctrl Pts',(0.734267379245891,4.56735487145382,-0.366006563142646));
#4138=CARTESIAN_POINT('Origin',(0.621688085251888,4.5,-0.365994548708482));
#4139=CARTESIAN_POINT('',(0.703017379245891,4.56719586926141,-0.365943560925784));
#4140=CARTESIAN_POINT('',(0.712233791257885,4.56722099751789,-0.366051399551108));
#4141=CARTESIAN_POINT('',(0.621688085251888,4.56725,-0.365994548708482));
#4142=CARTESIAN_POINT('Ctrl Pts',(0.712233791257885,4.56722099751789,-0.366051399551108));
#4143=CARTESIAN_POINT('Ctrl Pts',(0.713411708004004,4.56708863444693,-0.350109891772957));
#4144=CARTESIAN_POINT('Ctrl Pts',(0.714589624750122,4.56140193776055,-0.334083438965543));
#4145=CARTESIAN_POINT('Ctrl Pts',(0.715767541496241,4.55105941007682,-0.322062877373611));
#4146=CARTESIAN_POINT('Ctrl Pts',(0.717406498404235,4.53666878590987,-0.305337431773166));
#4147=CARTESIAN_POINT('Ctrl Pts',(0.719045455312229,4.51326446203389,-0.296367400942728));
#4148=CARTESIAN_POINT('Ctrl Pts',(0.720684412220223,4.49138157876383,-0.299190522658572));
#4149=CARTESIAN_POINT('Ctrl Pts',(0.722323369128217,4.46949869549377,-0.302013644374415));
#4150=CARTESIAN_POINT('Ctrl Pts',(0.72396232603621,4.44913725282963,-0.316629918636538));
#4151=CARTESIAN_POINT('Ctrl Pts',(0.725601282944204,4.43946267929628,-0.336460027920365));
#4152=CARTESIAN_POINT('Ctrl Pts',(0.727240239852197,4.42978810576293,-0.356290137204192));
#4153=CARTESIAN_POINT('Ctrl Pts',(0.728879196760192,4.43080040136038,-0.381334081509722));
#4154=CARTESIAN_POINT('Ctrl Pts',(0.730518153668185,4.44204389476308,-0.400318665545737));
#4155=CARTESIAN_POINT('Ctrl Pts',(0.732157110576179,4.45328738816577,-0.419303249581752));
#4156=CARTESIAN_POINT('Ctrl Pts',(0.733796067484172,4.4747620793737,-0.432228473348252));
#4157=CARTESIAN_POINT('Ctrl Pts',(0.735435024392166,4.49680142639629,-0.43327622586068));
#4158=CARTESIAN_POINT('Ctrl Pts',(0.73707398130016,4.51884077341888,-0.434323978373108));
#4159=CARTESIAN_POINT('Ctrl Pts',(0.738712938208154,4.54144477625612,-0.423494259631463));
#4160=CARTESIAN_POINT('Ctrl Pts',(0.740351895116148,4.55443854772503,-0.405661913258651));
#4161=CARTESIAN_POINT('Ctrl Pts',(0.741395860496727,4.56271518240073,-0.394303254481894));
#4162=CARTESIAN_POINT('Ctrl Pts',(0.742439825877306,4.56709265787689,-0.380103419577061));
#4163=CARTESIAN_POINT('Ctrl Pts',(0.743483791257885,4.56717735980175,-0.365951519722898));
#4164=CARTESIAN_POINT('Ctrl Pts',(0.734267379245891,4.56735487145382,-0.366006563142646));
#4165=CARTESIAN_POINT('Ctrl Pts',(0.734217319302178,4.56735655761476,-0.366680563503323));
#4166=CARTESIAN_POINT('Ctrl Pts',(0.734167259358465,4.56734729945999,-0.367354516433366));
#4167=CARTESIAN_POINT('Ctrl Pts',(0.734117199414752,4.56732695308327,-0.368028134447147));
#4168=CARTESIAN_POINT('Ctrl Pts',(0.732478242506758,4.56666081500551,-0.390082312201781));
#4169=CARTESIAN_POINT('Ctrl Pts',(0.730839285598764,4.55410920947609,-0.411777493143609));
#4170=CARTESIAN_POINT('Ctrl Pts',(0.72920032869077,4.53532207268565,-0.423347885389346));
#4171=CARTESIAN_POINT('Ctrl Pts',(0.727561371782776,4.51653493589521,-0.434918277635082));
#4172=CARTESIAN_POINT('Ctrl Pts',(0.725922414874782,4.49151226784374,-0.436363881184728));
#4173=CARTESIAN_POINT('Ctrl Pts',(0.724283457966788,4.4715176844309,-0.427033976701695));
#4174=CARTESIAN_POINT('Ctrl Pts',(0.722644501058795,4.45152310101806,-0.417704072218663));
#4175=CARTESIAN_POINT('Ctrl Pts',(0.721005544150801,4.43655660224384,-0.397598659702952));
#4176=CARTESIAN_POINT('Ctrl Pts',(0.719366587242807,4.43335515553838,-0.375767919307249));
#4177=CARTESIAN_POINT('Ctrl Pts',(0.717727630334813,4.43015370883293,-0.353937178911546));
#4178=CARTESIAN_POINT('Ctrl Pts',(0.71608867342682,4.43871731419624,-0.330381110635851));
#4179=CARTESIAN_POINT('Ctrl Pts',(0.714449716518827,4.45519118026018,-0.315703160417654));
#4180=CARTESIAN_POINT('Ctrl Pts',(0.712810759610833,4.47166504632413,-0.301025210199458));
#4181=CARTESIAN_POINT('Ctrl Pts',(0.711171802702839,4.49604917308872,-0.295225378038761));
#4182=CARTESIAN_POINT('Ctrl Pts',(0.709532845794845,4.51736737519446,-0.300914380113557));
#4183=CARTESIAN_POINT('Ctrl Pts',(0.707893888886851,4.53868557730019,-0.306603382188353));
#4184=CARTESIAN_POINT('Ctrl Pts',(0.706254931978857,4.55693785474708,-0.323781218498641));
#4185=CARTESIAN_POINT('Ctrl Pts',(0.704615975070863,4.56390819130306,-0.344715517969507));
#4186=CARTESIAN_POINT('Ctrl Pts',(0.704083109795873,4.5661744194678,-0.351521774552505));
#4187=CARTESIAN_POINT('Ctrl Pts',(0.703550244520882,4.56724807843158,-0.358725111949268));
#4188=CARTESIAN_POINT('Ctrl Pts',(0.703017379245891,4.56719586926141,-0.365943560925784));
#4189=CARTESIAN_POINT('Origin',(0.621688085251888,4.5,-0.365994548708482));
#4190=CARTESIAN_POINT('',(0.671767379245891,4.56719905488121,-0.366046549667699));
#4191=CARTESIAN_POINT('',(0.680983791257885,4.56734242943939,-0.365966460001056));
#4192=CARTESIAN_POINT('',(0.621688085251888,4.56725,-0.365994548708482));
#4193=CARTESIAN_POINT('Ctrl Pts',(0.680983791257885,4.56734242943939,-0.365966460001056));
#4194=CARTESIAN_POINT('Ctrl Pts',(0.681105676314714,4.56735117788035,-0.364324605856711));
#4195=CARTESIAN_POINT('Ctrl Pts',(0.681227561371543,4.5672962366327,-0.362683346621032));
#4196=CARTESIAN_POINT('Ctrl Pts',(0.681349446428371,4.56717571024981,-0.361046917867027));
#4197=CARTESIAN_POINT('Ctrl Pts',(0.682988403336365,4.5655550230798,-0.339042282675517));
#4198=CARTESIAN_POINT('Ctrl Pts',(0.68462736024436,4.55207556825339,-0.317911070396735));
#4199=CARTESIAN_POINT('Ctrl Pts',(0.686266317152353,4.53280494033796,-0.307165210891056));
#4200=CARTESIAN_POINT('Ctrl Pts',(0.687905274060347,4.51353431242252,-0.296419351385377));
#4201=CARTESIAN_POINT('Ctrl Pts',(0.689544230968341,4.48847251141806,-0.2960588446528));
#4202=CARTESIAN_POINT('Ctrl Pts',(0.691183187876334,4.46890076861839,-0.306245967924039));
#4203=CARTESIAN_POINT('Ctrl Pts',(0.692822144784328,4.44932902581873,-0.316433091195277));
#4204=CARTESIAN_POINT('Ctrl Pts',(0.694461101692322,4.43524734122386,-0.33716784447033));
#4205=CARTESIAN_POINT('Ctrl Pts',(0.696100058600316,4.43299439499978,-0.359116758572753));
#4206=CARTESIAN_POINT('Ctrl Pts',(0.697739015508309,4.4307414487757,-0.381065672675175));
#4207=CARTESIAN_POINT('Ctrl Pts',(0.699377972416303,4.44031724092242,-0.404228747604967));
#4208=CARTESIAN_POINT('Ctrl Pts',(0.701016929324296,4.45741135791214,-0.41817943794258));
#4209=CARTESIAN_POINT('Ctrl Pts',(0.70265588623229,4.47450547490187,-0.432130128280194));
#4210=CARTESIAN_POINT('Ctrl Pts',(0.704294843140284,4.49911791673459,-0.436868434025629));
#4211=CARTESIAN_POINT('Ctrl Pts',(0.705933800048278,4.52016972508301,-0.430261470888995));
#4212=CARTESIAN_POINT('Ctrl Pts',(0.707572756956272,4.54122153343142,-0.423654507752361));
#4213=CARTESIAN_POINT('Ctrl Pts',(0.709211713864266,4.55871270829552,-0.405702275733659));
#4214=CARTESIAN_POINT('Ctrl Pts',(0.71085067077226,4.56476983349861,-0.384485729539082));
#4215=CARTESIAN_POINT('Ctrl Pts',(0.711311710934135,4.56647370867099,-0.378517494593875));
#4216=CARTESIAN_POINT('Ctrl Pts',(0.71177275109601,4.56727280482249,-0.372290953705329));
#4217=CARTESIAN_POINT('Ctrl Pts',(0.712233791257885,4.56722099751789,-0.366051399551108));
#4218=CARTESIAN_POINT('Ctrl Pts',(0.703017379245891,4.56719586926141,-0.365943560925784));
#4219=CARTESIAN_POINT('Ctrl Pts',(0.701911287612888,4.56708749641558,-0.38092720949684));
#4220=CARTESIAN_POINT('Ctrl Pts',(0.700805195979885,4.56212808305075,-0.395975969499217));
#4221=CARTESIAN_POINT('Ctrl Pts',(0.699699104346882,4.55291418877341,-0.407673592494962));
#4222=CARTESIAN_POINT('Ctrl Pts',(0.698060147438888,4.53926145402271,-0.425006604918112));
#4223=CARTESIAN_POINT('Ctrl Pts',(0.696421190530894,4.51626758885623,-0.434981867132972));
#4224=CARTESIAN_POINT('Ctrl Pts',(0.6947822336229,4.49428297117242,-0.433109149550788));
#4225=CARTESIAN_POINT('Ctrl Pts',(0.693143276714906,4.47229835348862,-0.431236431968605));
#4226=CARTESIAN_POINT('Ctrl Pts',(0.691504319806913,4.4513229832875,-0.417515734589379));
#4227=CARTESIAN_POINT('Ctrl Pts',(0.689865362898919,4.44079864022087,-0.398123244060694));
#4228=CARTESIAN_POINT('Ctrl Pts',(0.688226405990925,4.43027429715424,-0.37873075353201));
#4229=CARTESIAN_POINT('Ctrl Pts',(0.686587449082932,4.4302009812221,-0.353666469853866));
#4230=CARTESIAN_POINT('Ctrl Pts',(0.684948492174938,4.44061169460049,-0.334212741861117));
#4231=CARTESIAN_POINT('Ctrl Pts',(0.683309535266945,4.45102240797888,-0.314759013868368));
#4232=CARTESIAN_POINT('Ctrl Pts',(0.681670578358951,4.47191715066779,-0.300915841561014));
#4233=CARTESIAN_POINT('Ctrl Pts',(0.680031621450957,4.49389043640323,-0.298914542019423));
#4234=CARTESIAN_POINT('Ctrl Pts',(0.678392664542963,4.51586372213867,-0.296913242477832));
#4235=CARTESIAN_POINT('Ctrl Pts',(0.676753707634969,4.53891555092064,-0.306753815702004));
#4236=CARTESIAN_POINT('Ctrl Pts',(0.675114750726975,4.5526694533085,-0.3240066605392));
#4237=CARTESIAN_POINT('Ctrl Pts',(0.673998960233281,4.56203301464481,-0.335752277623237));
#4238=CARTESIAN_POINT('Ctrl Pts',(0.672883169739586,4.56708718054289,-0.350933328385938));
#4239=CARTESIAN_POINT('Ctrl Pts',(0.671767379245891,4.56719905488121,-0.366046549667699));
#4240=CARTESIAN_POINT('Origin',(0.621688085251888,4.5,-0.365994548708482));
#4241=CARTESIAN_POINT('',(0.640517379245891,4.56735372886958,-0.365980258414672));
#4242=CARTESIAN_POINT('',(0.649733791257885,4.56715427699832,-0.365970657683711));
#4243=CARTESIAN_POINT('',(0.621688085251888,4.56725,-0.365994548708482));
#4244=CARTESIAN_POINT('Ctrl Pts',(0.649733791257885,4.56715427699832,-0.365970657683711));
#4245=CARTESIAN_POINT('Ctrl Pts',(0.650438601533417,4.56718535516313,-0.356408061123536));
#4246=CARTESIAN_POINT('Ctrl Pts',(0.65114341180895,4.56527519568488,-0.346857309444536));
#4247=CARTESIAN_POINT('Ctrl Pts',(0.651848222084483,4.56136178835506,-0.338213511500003));
#4248=CARTESIAN_POINT('Ctrl Pts',(0.653487178992477,4.55226160040426,-0.318113332991985));
#4249=CARTESIAN_POINT('Ctrl Pts',(0.655126135900471,4.53232899715972,-0.302917440040163));
#4250=CARTESIAN_POINT('Ctrl Pts',(0.656765092808465,4.5105363708074,-0.299466058655562));
#4251=CARTESIAN_POINT('Ctrl Pts',(0.658404049716459,4.48874374445508,-0.296014677270961));
#4252=CARTESIAN_POINT('Ctrl Pts',(0.660043006624452,4.46509109499499,-0.304307807453581));
#4253=CARTESIAN_POINT('Ctrl Pts',(0.661681963532446,4.45022534318252,-0.320612408639837));
#4254=CARTESIAN_POINT('Ctrl Pts',(0.66332092044044,4.43535959137004,-0.336917009826094));
#4255=CARTESIAN_POINT('Ctrl Pts',(0.664959877348434,4.42928073720518,-0.361233082015987));
#4256=CARTESIAN_POINT('Ctrl Pts',(0.666598834256427,4.43472509480303,-0.382615073671186));
#4257=CARTESIAN_POINT('Ctrl Pts',(0.668237791164421,4.44016945240088,-0.403997065326385));
#4258=CARTESIAN_POINT('Ctrl Pts',(0.669876748072414,4.45713702176144,-0.42244497644689));
#4259=CARTESIAN_POINT('Ctrl Pts',(0.671515704980408,4.47799008066256,-0.42965472895708));
#4260=CARTESIAN_POINT('Ctrl Pts',(0.673154661888402,4.49884313956368,-0.436864481467269));
#4261=CARTESIAN_POINT('Ctrl Pts',(0.674793618796396,4.52358168800537,-0.432836075367142));
#4262=CARTESIAN_POINT('Ctrl Pts',(0.67643257570439,4.5410700024694,-0.41938284326496));
#4263=CARTESIAN_POINT('Ctrl Pts',(0.677949647555555,4.55725775546542,-0.406930093818122));
#4264=CARTESIAN_POINT('Ctrl Pts',(0.67946671940672,4.5672335398521,-0.386402194872164));
#4265=CARTESIAN_POINT('Ctrl Pts',(0.680983791257885,4.56734242943939,-0.365966460001056));
#4266=CARTESIAN_POINT('Ctrl Pts',(0.671767379245891,4.56719905488121,-0.366046549667699));
#4267=CARTESIAN_POINT('Ctrl Pts',(0.671244212831592,4.56725150997629,-0.373132763281425));
#4268=CARTESIAN_POINT('Ctrl Pts',(0.670721046417293,4.56621743247526,-0.380204064998285));
#4269=CARTESIAN_POINT('Ctrl Pts',(0.670197880002994,4.56403158386853,-0.38689934079112));
#4270=CARTESIAN_POINT('Ctrl Pts',(0.668558923095,4.55718383604697,-0.407874059755626));
#4271=CARTESIAN_POINT('Ctrl Pts',(0.666919966187006,4.53903236441013,-0.425158381234419));
#4272=CARTESIAN_POINT('Ctrl Pts',(0.665281009279012,4.51774780880264,-0.430972001316602));
#4273=CARTESIAN_POINT('Ctrl Pts',(0.663642052371018,4.49646325319514,-0.436785621398785));
#4274=CARTESIAN_POINT('Ctrl Pts',(0.662003095463024,4.47204561361701,-0.431128540084357));
#4275=CARTESIAN_POINT('Ctrl Pts',(0.660364138555031,4.45548616079506,-0.416547216135334));
#4276=CARTESIAN_POINT('Ctrl Pts',(0.658725181647037,4.43892670797311,-0.401965892186311));
#4277=CARTESIAN_POINT('Ctrl Pts',(0.657086224739044,4.43022544190734,-0.378460325602692));
#4278=CARTESIAN_POINT('Ctrl Pts',(0.65544726783105,4.43329912001768,-0.35661122976917));
#4279=CARTESIAN_POINT('Ctrl Pts',(0.653808310923056,4.43637279812801,-0.334762133935648));
#4280=CARTESIAN_POINT('Ctrl Pts',(0.652169354015063,4.45122142041445,-0.314569508852223));
#4281=CARTESIAN_POINT('Ctrl Pts',(0.650530397107069,4.47116108006658,-0.305122792024386));
#4282=CARTESIAN_POINT('Ctrl Pts',(0.648891440199075,4.49110073971872,-0.295676075196548));
#4283=CARTESIAN_POINT('Ctrl Pts',(0.647252483291081,4.51613143673656,-0.296975266624298));
#4284=CARTESIAN_POINT('Ctrl Pts',(0.645613526383087,4.53498594086538,-0.308435552830362));
#4285=CARTESIAN_POINT('Ctrl Pts',(0.643974569475094,4.5538404449942,-0.319895839036427));
#4286=CARTESIAN_POINT('Ctrl Pts',(0.6423356125671,4.56651875623399,-0.341517220020807));
#4287=CARTESIAN_POINT('Ctrl Pts',(0.640696655659106,4.5673139039847,-0.363567123102748));
#4288=CARTESIAN_POINT('Ctrl Pts',(0.640636896854701,4.56734289625331,-0.364371095335938));
#4289=CARTESIAN_POINT('Ctrl Pts',(0.640577138050296,4.56735609056948,-0.36517563726353));
#4290=CARTESIAN_POINT('Ctrl Pts',(0.640517379245891,4.56735372886958,-0.365980258414672));
#4291=CARTESIAN_POINT('Origin',(0.621688085251888,4.5,-0.365994548708482));
#4292=CARTESIAN_POINT('',(0.60926737924589,4.56716567628582,-0.36595916200781));
#4293=CARTESIAN_POINT('',(0.618483791257885,4.56726380062929,-0.366052369300723));
#4294=CARTESIAN_POINT('',(0.621688085251888,4.56725,-0.365994548708482));
#4295=CARTESIAN_POINT('Ctrl Pts',(0.618483791257885,4.56726380062929,-0.366052369300723));
#4296=CARTESIAN_POINT('Ctrl Pts',(0.619771526752122,4.56710781342977,-0.348652968204789));
#4297=CARTESIAN_POINT('Ctrl Pts',(0.621059262246358,4.56019130755754,-0.331143475061335));
#4298=CARTESIAN_POINT('Ctrl Pts',(0.622346997740595,4.5480394747651,-0.318779466766332));
#4299=CARTESIAN_POINT('Ctrl Pts',(0.623985954648589,4.53257330924502,-0.303043256266365));
#4300=CARTESIAN_POINT('Ctrl Pts',(0.625624911556583,4.5086265639521,-0.295642092534692));
#4301=CARTESIAN_POINT('Ctrl Pts',(0.627263868464577,4.48697854290949,-0.299907509481786));
#4302=CARTESIAN_POINT('Ctrl Pts',(0.628902825372571,4.46533052186688,-0.304172926428879));
#4303=CARTESIAN_POINT('Ctrl Pts',(0.630541782280564,4.44598122507458,-0.320104924054739));
#4304=CARTESIAN_POINT('Ctrl Pts',(0.632180739188558,4.4376404771959,-0.34053192876953));
#4305=CARTESIAN_POINT('Ctrl Pts',(0.633819696096552,4.42929972931722,-0.36095893348432));
#4306=CARTESIAN_POINT('Ctrl Pts',(0.635458653004545,4.43196753035216,-0.385880945288043));
#4307=CARTESIAN_POINT('Ctrl Pts',(0.637097609912539,4.44444300569011,-0.404079657107454));
#4308=CARTESIAN_POINT('Ctrl Pts',(0.638736566820532,4.45691848102806,-0.422278368926864));
#4309=CARTESIAN_POINT('Ctrl Pts',(0.640375523728526,4.47920163066903,-0.433753780761965));
#4310=CARTESIAN_POINT('Ctrl Pts',(0.64201448063652,4.50126199570785,-0.433340390936079));
#4311=CARTESIAN_POINT('Ctrl Pts',(0.643653437544514,4.52332236074666,-0.432927001110194));
#4312=CARTESIAN_POINT('Ctrl Pts',(0.645292394452507,4.54515994118331,-0.420624809623323));
#4313=CARTESIAN_POINT('Ctrl Pts',(0.646931351360501,4.55694484507311,-0.40197148184778));
#4314=CARTESIAN_POINT('Ctrl Pts',(0.647865497992962,4.56366181745283,-0.3913397542894));
#4315=CARTESIAN_POINT('Ctrl Pts',(0.648799644625423,4.56711308639142,-0.378644802321455));
#4316=CARTESIAN_POINT('Ctrl Pts',(0.649733791257885,4.56715427699832,-0.365970657683711));
#4317=CARTESIAN_POINT('Ctrl Pts',(0.640517379245891,4.56735372886958,-0.365980258414672));
#4318=CARTESIAN_POINT('Ctrl Pts',(0.638938181142302,4.56729131811621,-0.387243337698865));
#4319=CARTESIAN_POINT('Ctrl Pts',(0.637358983038713,4.55636545633894,-0.40856174227688));
#4320=CARTESIAN_POINT('Ctrl Pts',(0.635779784935124,4.53904097732461,-0.420884039089362));
#4321=CARTESIAN_POINT('Ctrl Pts',(0.63414082802713,4.52106091865218,-0.43367262681453));
#4322=CARTESIAN_POINT('Ctrl Pts',(0.632501871119136,4.49618881704568,-0.436771377085366));
#4323=CARTESIAN_POINT('Ctrl Pts',(0.630862914211142,4.47562051317706,-0.428785429312148));
#4324=CARTESIAN_POINT('Ctrl Pts',(0.629223957303149,4.45505220930844,-0.42079948153893));
#4325=CARTESIAN_POINT('Ctrl Pts',(0.627585000395155,4.4387877031777,-0.40172883572166));
#4326=CARTESIAN_POINT('Ctrl Pts',(0.625946043487161,4.43414824258803,-0.380157885550066));
#4327=CARTESIAN_POINT('Ctrl Pts',(0.624307086579168,4.42950878199836,-0.358586935378472));
#4328=CARTESIAN_POINT('Ctrl Pts',(0.622668129671174,4.43649436694976,-0.334515680852554));
#4329=CARTESIAN_POINT('Ctrl Pts',(0.62102917276318,4.45196053070785,-0.318779472145353));
#4330=CARTESIAN_POINT('Ctrl Pts',(0.619390215855186,4.46742669446593,-0.303043263438152));
#4331=CARTESIAN_POINT('Ctrl Pts',(0.617751258947193,4.4913734370307,-0.295642100549667));
#4332=CARTESIAN_POINT('Ctrl Pts',(0.616112302039199,4.51302145560703,-0.299907517010821));
#4333=CARTESIAN_POINT('Ctrl Pts',(0.614473345131206,4.53466947418337,-0.304172933471975));
#4334=CARTESIAN_POINT('Ctrl Pts',(0.612834388223211,4.55401876877128,-0.320104929282768));
#4335=CARTESIAN_POINT('Ctrl Pts',(0.611195431315217,4.56235951569973,-0.340531931670392));
#4336=CARTESIAN_POINT('Ctrl Pts',(0.610552747292108,4.56563017203338,-0.348541970256826));
#4337=CARTESIAN_POINT('Ctrl Pts',(0.609910063268999,4.56720808950833,-0.357243187419953));
#4338=CARTESIAN_POINT('Ctrl Pts',(0.60926737924589,4.56716567628582,-0.36595916200781));
#4339=CARTESIAN_POINT('Origin',(0.621688085251888,4.5,-0.365994548708482));
#4340=CARTESIAN_POINT('',(0.578017379245891,4.56723919500295,-0.366053061815297));
#4341=CARTESIAN_POINT('',(0.587233791257885,4.56730954639799,-0.365947252431056));
#4342=CARTESIAN_POINT('',(0.621688085251888,4.56725,-0.365994548708482));
#4343=CARTESIAN_POINT('Ctrl Pts',(0.587233791257885,4.56730954639799,-0.365947252431056));
#4344=CARTESIAN_POINT('Ctrl Pts',(0.587465495062832,4.56733461920805,-0.362822068494502));
#4345=CARTESIAN_POINT('Ctrl Pts',(0.587697198867778,4.56713542188235,-0.359700095278261));
#4346=CARTESIAN_POINT('Ctrl Pts',(0.587928902672725,4.56670088758129,-0.356611228700172));
#4347=CARTESIAN_POINT('Ctrl Pts',(0.589567859580719,4.56362720912079,-0.334762130377469));
#4348=CARTESIAN_POINT('Ctrl Pts',(0.591206816488714,4.54877858514271,-0.314569502993577));
#4349=CARTESIAN_POINT('Ctrl Pts',(0.592845773396707,4.52883892321893,-0.305122785089511));
#4350=CARTESIAN_POINT('Ctrl Pts',(0.594484730304701,4.50889926129514,-0.295676067185444));
#4351=CARTESIAN_POINT('Ctrl Pts',(0.596123687212695,4.48386856142565,-0.296975258761202));
#4352=CARTESIAN_POINT('Ctrl Pts',(0.597762644120689,4.46501405514881,-0.308435546272889));
#4353=CARTESIAN_POINT('Ctrl Pts',(0.599401601028682,4.44615954887198,-0.319895833784577));
#4354=CARTESIAN_POINT('Ctrl Pts',(0.601040557936676,4.43348123618779,-0.341517217232194));
#4355=CARTESIAN_POINT('Ctrl Pts',(0.60267951484467,4.43268608834649,-0.363567122826193));
#4356=CARTESIAN_POINT('Ctrl Pts',(0.604318471752663,4.43189094050519,-0.385617028420193));
#4357=CARTESIAN_POINT('Ctrl Pts',(0.605957428660657,4.44297895750677,-0.408095456160575));
#4358=CARTESIAN_POINT('Ctrl Pts',(0.60759638556865,4.4609590182276,-0.420884045342699));
#4359=CARTESIAN_POINT('Ctrl Pts',(0.609235342476644,4.47893907894842,-0.433672634524824));
#4360=CARTESIAN_POINT('Ctrl Pts',(0.610874299384638,4.5038111833885,-0.43677138514869));
#4361=CARTESIAN_POINT('Ctrl Pts',(0.612513256292632,4.52437948960039,-0.428785436465667));
#4362=CARTESIAN_POINT('Ctrl Pts',(0.614152213200626,4.54494779581228,-0.420799487782644));
#4363=CARTESIAN_POINT('Ctrl Pts',(0.61579117010862,4.56121230379597,-0.401728839792733));
#4364=CARTESIAN_POINT('Ctrl Pts',(0.617430127016613,4.5658517649142,-0.380157887163646));
#4365=CARTESIAN_POINT('Ctrl Pts',(0.617781348430371,4.56684598147051,-0.37553532482444));
#4366=CARTESIAN_POINT('Ctrl Pts',(0.618132569844128,4.56730634511532,-0.370797941880488));
#4367=CARTESIAN_POINT('Ctrl Pts',(0.618483791257885,4.56726380062929,-0.366052369300723));
#4368=CARTESIAN_POINT('Ctrl Pts',(0.60926737924589,4.56716567628582,-0.36595916200781));
#4369=CARTESIAN_POINT('Ctrl Pts',(0.608271106361006,4.56709992835679,-0.37947045034702));
#4370=CARTESIAN_POINT('Ctrl Pts',(0.607274833476121,4.56314045544609,-0.393017201418266));
#4371=CARTESIAN_POINT('Ctrl Pts',(0.606278560591236,4.5555569879805,-0.404079652768575));
#4372=CARTESIAN_POINT('Ctrl Pts',(0.604639603683242,4.54308151406383,-0.422278362514677));
#4373=CARTESIAN_POINT('Ctrl Pts',(0.603000646775248,4.52079836696148,-0.433753773042427));
#4374=CARTESIAN_POINT('Ctrl Pts',(0.601361689867254,4.49873800443592,-0.433340383263635));
#4375=CARTESIAN_POINT('Ctrl Pts',(0.59972273295926,4.47667764191036,-0.432926993484843));
#4376=CARTESIAN_POINT('Ctrl Pts',(0.598083776051267,4.45484006396157,-0.420624803399509));
#4377=CARTESIAN_POINT('Ctrl Pts',(0.596444819143273,4.44305516141438,-0.401971477749064));
#4378=CARTESIAN_POINT('Ctrl Pts',(0.594805862235279,4.43127025886719,-0.383318152098619));
#4379=CARTESIAN_POINT('Ctrl Pts',(0.593166905327286,4.42953803172159,-0.358313690883063));
#4380=CARTESIAN_POINT('Ctrl Pts',(0.591527948419292,4.43863821863564,-0.338213514664979));
#4381=CARTESIAN_POINT('Ctrl Pts',(0.589888991511298,4.4477384055497,-0.318113338446895));
#4382=CARTESIAN_POINT('Ctrl Pts',(0.588250034603305,4.46767100652341,-0.302917447226283));
#4383=CARTESIAN_POINT('Ctrl Pts',(0.586611077695311,4.48946363039298,-0.299466066234887));
#4384=CARTESIAN_POINT('Ctrl Pts',(0.584972120787317,4.51125625426255,-0.296014685243491));
#4385=CARTESIAN_POINT('Ctrl Pts',(0.583333163879323,4.53490890102798,-0.304307814481311));
#4386=CARTESIAN_POINT('Ctrl Pts',(0.581694206971329,4.54977465114686,-0.32061241381005));
#4387=CARTESIAN_POINT('Ctrl Pts',(0.580468597729516,4.56089123428783,-0.332804965989972));
#4388=CARTESIAN_POINT('Ctrl Pts',(0.579242988487704,4.5670941642174,-0.349477551032877));
#4389=CARTESIAN_POINT('Ctrl Pts',(0.578017379245891,4.56723919500295,-0.366053061815297));
#4390=CARTESIAN_POINT('Origin',(0.621688085251888,4.5,-0.365994548708482));
#4391=CARTESIAN_POINT('',(0.546767379245891,4.56732979382246,-0.365957152476627));
#4392=CARTESIAN_POINT('',(0.555983791257885,4.56714578903804,-0.365993509104114));
#4393=CARTESIAN_POINT('',(0.621688085251888,4.56725,-0.365994548708482));
#4394=CARTESIAN_POINT('Ctrl Pts',(0.555983791257885,4.56714578903804,-0.365993509104114));
#4395=CARTESIAN_POINT('Ctrl Pts',(0.556798420281535,4.56714734048903,-0.354937434442699));
#4396=CARTESIAN_POINT('Ctrl Pts',(0.557613049305186,4.56456286568767,-0.343882042643201));
#4397=CARTESIAN_POINT('Ctrl Pts',(0.558427678328837,4.55938831216539,-0.334212738240346));
#4398=CARTESIAN_POINT('Ctrl Pts',(0.560066635236831,4.54897759760095,-0.314759008031309));
#4399=CARTESIAN_POINT('Ctrl Pts',(0.561705592144826,4.52808285253158,-0.300915834146857));
#4400=CARTESIAN_POINT('Ctrl Pts',(0.563344549052819,4.50610956429281,-0.298914534377264));
#4401=CARTESIAN_POINT('Ctrl Pts',(0.564983505960813,4.48413627605404,-0.296913234607671));
#4402=CARTESIAN_POINT('Ctrl Pts',(0.566622462868806,4.46108444464587,-0.306753808952936));
#4403=CARTESIAN_POINT('Ctrl Pts',(0.5682614197768,4.44733054069108,-0.324006655755678));
#4404=CARTESIAN_POINT('Ctrl Pts',(0.569900376684794,4.4335766367363,-0.34125950255842));
#4405=CARTESIAN_POINT('Ctrl Pts',(0.571539333592788,4.42912066023491,-0.365924621818639));
#4406=CARTESIAN_POINT('Ctrl Pts',(0.573178290500781,4.4359684088366,-0.386899343172713));
#4407=CARTESIAN_POINT('Ctrl Pts',(0.574817247408775,4.44281615743829,-0.407874064526787));
#4408=CARTESIAN_POINT('Ctrl Pts',(0.576456204316768,4.46096763114306,-0.425158387974716));
#4409=CARTESIAN_POINT('Ctrl Pts',(0.578095161224762,4.48225218917542,-0.430972008719223));
#4410=CARTESIAN_POINT('Ctrl Pts',(0.579734118132756,4.50353674720778,-0.436785629463731));
#4411=CARTESIAN_POINT('Ctrl Pts',(0.58137307504075,4.52795438956772,-0.431128547504817));
#4412=CARTESIAN_POINT('Ctrl Pts',(0.583012031948744,4.54451384427622,-0.416547221894604));
#4413=CARTESIAN_POINT('Ctrl Pts',(0.584419285051791,4.55873224374093,-0.404027298026302));
#4414=CARTESIAN_POINT('Ctrl Pts',(0.585826538154838,4.56715726668141,-0.384928057659159));
#4415=CARTESIAN_POINT('Ctrl Pts',(0.587233791257885,4.56730954639799,-0.365947252431056));
#4416=CARTESIAN_POINT('Ctrl Pts',(0.578017379245891,4.56723919500295,-0.366053061815297));
#4417=CARTESIAN_POINT('Ctrl Pts',(0.57760403157971,4.56728810793106,-0.371643300909396));
#4418=CARTESIAN_POINT('Ctrl Pts',(0.577190683913529,4.56664797367208,-0.377222498428762));
#4419=CARTESIAN_POINT('Ctrl Pts',(0.576777336247348,4.56527489776046,-0.382615071777682));
#4420=CARTESIAN_POINT('Ctrl Pts',(0.575138379339354,4.55983054078286,-0.403997060996916));
#4421=CARTESIAN_POINT('Ctrl Pts',(0.573499422431359,4.54286297335534,-0.422444970015723));
#4422=CARTESIAN_POINT('Ctrl Pts',(0.571860465523366,4.52200991682993,-0.429654721704531));
#4423=CARTESIAN_POINT('Ctrl Pts',(0.570221508615372,4.50115686030451,-0.436864473393338));
#4424=CARTESIAN_POINT('Ctrl Pts',(0.568582551707378,4.47641831468119,-0.432836067752147));
#4425=CARTESIAN_POINT('Ctrl Pts',(0.566943594799385,4.45893000220953,-0.419382837182636));
#4426=CARTESIAN_POINT('Ctrl Pts',(0.565304637891391,4.44144168973787,-0.405929606613126));
#4427=CARTESIAN_POINT('Ctrl Pts',(0.563665680983397,4.43120361041787,-0.383051551115297));
#4428=CARTESIAN_POINT('Ctrl Pts',(0.562026724075404,4.43282429740325,-0.361046918430685));
#4429=CARTESIAN_POINT('Ctrl Pts',(0.56038776716741,4.43444498438862,-0.339042285746073));
#4430=CARTESIAN_POINT('Ctrl Pts',(0.558748810259416,4.44792443767937,-0.317911075874678));
#4431=CARTESIAN_POINT('Ctrl Pts',(0.557109853351423,4.46719506339938,-0.307165217593239));
#4432=CARTESIAN_POINT('Ctrl Pts',(0.555470896443429,4.48646568911939,-0.296419359311799));
#4433=CARTESIAN_POINT('Ctrl Pts',(0.553831939535435,4.51152748726867,-0.296058852620315));
#4434=CARTESIAN_POINT('Ctrl Pts',(0.552192982627441,4.5310992278386,-0.306245974730969));
#4435=CARTESIAN_POINT('Ctrl Pts',(0.550554025719447,4.55067096840854,-0.316433096841623));
#4436=CARTESIAN_POINT('Ctrl Pts',(0.548915068811454,4.56475265139913,-0.337167847754414));
#4437=CARTESIAN_POINT('Ctrl Pts',(0.54727611190346,4.56700559736654,-0.359116759356301));
#4438=CARTESIAN_POINT('Ctrl Pts',(0.547106534350937,4.56723870237452,-0.361387742011084));
#4439=CARTESIAN_POINT('Ctrl Pts',(0.546936956798414,4.56734517638374,-0.363671722704492));
#4440=CARTESIAN_POINT('Ctrl Pts',(0.546767379245891,4.56732979382246,-0.365957152476627));
#4441=CARTESIAN_POINT('Origin',(0.621688085251888,4.5,-0.365994548708482));
#4442=CARTESIAN_POINT('',(0.515517379245891,4.5671486877917,-0.365980328889229));
#4443=CARTESIAN_POINT('',(0.524733791257885,4.56730608733495,-0.36604313387462));
#4444=CARTESIAN_POINT('',(0.621688085251888,4.56725,-0.365994548708482));
#4445=CARTESIAN_POINT('Ctrl Pts',(0.524733791257885,4.56730608733495,-0.36604313387462));
#4446=CARTESIAN_POINT('Ctrl Pts',(0.52613134550024,4.56715201569003,-0.347190616048047));
#4447=CARTESIAN_POINT('Ctrl Pts',(0.527528899742594,4.55885624971373,-0.328219184751813));
#4448=CARTESIAN_POINT('Ctrl Pts',(0.528926453984949,4.54480882484474,-0.315703154688095));
#4449=CARTESIAN_POINT('Ctrl Pts',(0.530565410892943,4.52833495690401,-0.301025202797636));
#4450=CARTESIAN_POINT('Ctrl Pts',(0.532204367800937,4.50395082736139,-0.295225369976311));
#4451=CARTESIAN_POINT('Ctrl Pts',(0.533843324708931,4.48263262282694,-0.30091437269926));
#4452=CARTESIAN_POINT('Ctrl Pts',(0.535482281616925,4.46131441829249,-0.30660337542221));
#4453=CARTESIAN_POINT('Ctrl Pts',(0.537121238524918,4.44306213876621,-0.323781213689435));
#4454=CARTESIAN_POINT('Ctrl Pts',(0.538760195432912,4.43609180141614,-0.344715515545245));
#4455=CARTESIAN_POINT('Ctrl Pts',(0.540399152340906,4.42912146406605,-0.365649817401055));
#4456=CARTESIAN_POINT('Ctrl Pts',(0.5420381092489,4.43343306889217,-0.39034058284545));
#4457=CARTESIAN_POINT('Ctrl Pts',(0.543677066156893,4.44708580519828,-0.407673597243292));
#4458=CARTESIAN_POINT('Ctrl Pts',(0.545316023064887,4.46073854150438,-0.425006611641133));
#4459=CARTESIAN_POINT('Ctrl Pts',(0.54695497997288,4.48373240929046,-0.434981874992421));
#4460=CARTESIAN_POINT('Ctrl Pts',(0.548593936880874,4.50571702947889,-0.433109157196885));
#4461=CARTESIAN_POINT('Ctrl Pts',(0.550232893788868,4.52770164966731,-0.431236439401348));
#4462=CARTESIAN_POINT('Ctrl Pts',(0.551871850696862,4.54867702225807,-0.417515740458989));
#4463=CARTESIAN_POINT('Ctrl Pts',(0.553510807604856,4.5592013665237,-0.398123247720997));
#4464=CARTESIAN_POINT('Ctrl Pts',(0.554335135489199,4.56449467862987,-0.38836962184293));
#4465=CARTESIAN_POINT('Ctrl Pts',(0.555159463373542,4.5671442191157,-0.377181215864106));
#4466=CARTESIAN_POINT('Ctrl Pts',(0.555983791257885,4.56714578903804,-0.365993509104114));
#4467=CARTESIAN_POINT('Ctrl Pts',(0.546767379245891,4.56732979382246,-0.365957152476627));
#4468=CARTESIAN_POINT('Ctrl Pts',(0.54529799989042,4.56719650484846,-0.385760264831957));
#4469=CARTESIAN_POINT('Ctrl Pts',(0.543828620534949,4.5579140796686,-0.405672175741139));
#4470=CARTESIAN_POINT('Ctrl Pts',(0.542359241179478,4.54258863723589,-0.418179431997403));
#4471=CARTESIAN_POINT('Ctrl Pts',(0.540720284271484,4.52549452219363,-0.432130120745635));
#4472=CARTESIAN_POINT('Ctrl Pts',(0.53908132736349,4.5008820831649,-0.436868425951117));
#4473=CARTESIAN_POINT('Ctrl Pts',(0.537442370455497,4.47983027721484,-0.430261463567249));
#4474=CARTESIAN_POINT('Ctrl Pts',(0.535803413547503,4.45877847126478,-0.42365450118338));
#4475=CARTESIAN_POINT('Ctrl Pts',(0.534164456639509,4.4412872983934,-0.40570227121016));
#4476=CARTESIAN_POINT('Ctrl Pts',(0.532525499731515,4.43523017388037,-0.384485727432579));
#4477=CARTESIAN_POINT('Ctrl Pts',(0.530886542823521,4.42917304936733,-0.363269183654997));
#4478=CARTESIAN_POINT('Ctrl Pts',(0.529247585915528,4.43454997321264,-0.338788326073054));
#4479=CARTESIAN_POINT('Ctrl Pts',(0.527608629007534,4.44894059574015,-0.322062882378308));
#4480=CARTESIAN_POINT('Ctrl Pts',(0.525969672099541,4.46333121826767,-0.305337438683561));
#4481=CARTESIAN_POINT('Ctrl Pts',(0.524330715191547,4.4867355394774,-0.296367408876011));
#4482=CARTESIAN_POINT('Ctrl Pts',(0.522691758283553,4.50861842025437,-0.299190530269784));
#4483=CARTESIAN_POINT('Ctrl Pts',(0.52105280137556,4.53050130103134,-0.302013651663556));
#4484=CARTESIAN_POINT('Ctrl Pts',(0.519413844467565,4.55086274137554,-0.316629924258652));
#4485=CARTESIAN_POINT('Ctrl Pts',(0.517774887559571,4.56053731380683,-0.336460031284168));
#4486=CARTESIAN_POINT('Ctrl Pts',(0.517022384788345,4.56497925033943,-0.345564730997531));
#4487=CARTESIAN_POINT('Ctrl Pts',(0.516269882017118,4.56716834049093,-0.355768533658923));
#4488=CARTESIAN_POINT('Ctrl Pts',(0.515517379245891,4.5671486877917,-0.365980328889229));
#4489=CARTESIAN_POINT('Origin',(0.621688085251888,4.5,-0.365994548708482));
#4490=CARTESIAN_POINT('',(0.484267379245891,4.56728264614695,-0.366049647267517));
#4491=CARTESIAN_POINT('',(0.493483791257885,4.56726766106322,-0.365937133926581));
#4492=CARTESIAN_POINT('',(0.621688085251888,4.56725,-0.365994548708482));
#4493=CARTESIAN_POINT('Ctrl Pts',(0.493483791257885,4.56726766106322,-0.365937133926581));
#4494=CARTESIAN_POINT('Ctrl Pts',(0.49382531381095,4.56730899242322,-0.361323289682854));
#4495=CARTESIAN_POINT('Ctrl Pts',(0.494166836364015,4.5668739459509,-0.356717186539561));
#4496=CARTESIAN_POINT('Ctrl Pts',(0.494508358917079,4.56593349716788,-0.352216695465713));
#4497=CARTESIAN_POINT('Ctrl Pts',(0.496147315825073,4.5614203105109,-0.33061896826248));
#4498=CARTESIAN_POINT('Ctrl Pts',(0.497786272733067,4.54526764551009,-0.311453500210245));
#4499=CARTESIAN_POINT('Ctrl Pts',(0.499425229641061,4.52474640999063,-0.303347360853907));
#4500=CARTESIAN_POINT('Ctrl Pts',(0.501064186549055,4.50422517447118,-0.295241221497569));
#4501=CARTESIAN_POINT('Ctrl Pts',(0.502703143457049,4.47933536843306,-0.298194410837129));
#4502=CARTESIAN_POINT('Ctrl Pts',(0.504342100365042,4.46128080008848,-0.310877594065624));
#4503=CARTESIAN_POINT('Ctrl Pts',(0.505981057273036,4.44322623174389,-0.323560777294119));
#4504=CARTESIAN_POINT('Ctrl Pts',(0.50762001418103,4.43200690109284,-0.345973954411551));
#4505=CARTESIAN_POINT('Ctrl Pts',(0.509258971089024,4.43267303924672,-0.3680281346779));
#4506=CARTESIAN_POINT('Ctrl Pts',(0.510897927997017,4.4333391774006,-0.390082314944248));
#4507=CARTESIAN_POINT('Ctrl Pts',(0.512536884905011,4.44589078435943,-0.411777498359512));
#4508=CARTESIAN_POINT('Ctrl Pts',(0.514175841813004,4.46467792329008,-0.423347891923852));
#4509=CARTESIAN_POINT('Ctrl Pts',(0.515814798720998,4.48346506222074,-0.434918285488192));
#4510=CARTESIAN_POINT('Ctrl Pts',(0.517453755628992,4.50848773312323,-0.436363889201606));
#4511=CARTESIAN_POINT('Ctrl Pts',(0.519092712536986,4.52848231881405,-0.427033983655433));
#4512=CARTESIAN_POINT('Ctrl Pts',(0.52073166944498,4.54847690450487,-0.41770407810926));
#4513=CARTESIAN_POINT('Ctrl Pts',(0.522370626352974,4.563443404984,-0.397598663303498));
#4514=CARTESIAN_POINT('Ctrl Pts',(0.524009583260968,4.56664485205415,-0.375767920420821));
#4515=CARTESIAN_POINT('Ctrl Pts',(0.524250985926607,4.56711639456565,-0.372552460942262));
#4516=CARTESIAN_POINT('Ctrl Pts',(0.524492388592246,4.56733270047429,-0.369299571384819));
#4517=CARTESIAN_POINT('Ctrl Pts',(0.524733791257885,4.56730608733495,-0.36604313387462));
#4518=CARTESIAN_POINT('Ctrl Pts',(0.515517379245891,4.5671486877917,-0.365980328889229));
#4519=CARTESIAN_POINT('Ctrl Pts',(0.514630925109124,4.56712553675866,-0.378009903359716));
#4520=CARTESIAN_POINT('Ctrl Pts',(0.513744470972357,4.56403730800285,-0.390050569137149));
#4521=CARTESIAN_POINT('Ctrl Pts',(0.51285801683559,4.55795609863446,-0.400318661637167));
#4522=CARTESIAN_POINT('Ctrl Pts',(0.511219059927596,4.54671260651242,-0.419303243508716));
#4523=CARTESIAN_POINT('Ctrl Pts',(0.509580103019602,4.52523791774997,-0.432228465795878));
#4524=CARTESIAN_POINT('Ctrl Pts',(0.507941146111608,4.5031985732388,-0.433276218192025));
#4525=CARTESIAN_POINT('Ctrl Pts',(0.506302189203614,4.48115922872763,-0.434323970588172));
#4526=CARTESIAN_POINT('Ctrl Pts',(0.504663232295621,4.45855522846773,-0.423494253093304));
#4527=CARTESIAN_POINT('Ctrl Pts',(0.503024275387627,4.44556145847799,-0.405661908746224));
#4528=CARTESIAN_POINT('Ctrl Pts',(0.501385318479634,4.43256768848824,-0.387829564399143));
#4529=CARTESIAN_POINT('Ctrl Pts',(0.49974636157164,4.42918414876865,-0.36299459319985));
#4530=CARTESIAN_POINT('Ctrl Pts',(0.498107404663646,4.43693389293728,-0.342336138403092));
#4531=CARTESIAN_POINT('Ctrl Pts',(0.496468447755652,4.44468363710591,-0.321677683606335));
#4532=CARTESIAN_POINT('Ctrl Pts',(0.494829490847659,4.46356666516277,-0.305195745212113));
#4533=CARTESIAN_POINT('Ctrl Pts',(0.493190533939665,4.48508303924392,-0.300309412076785));
#4534=CARTESIAN_POINT('Ctrl Pts',(0.491551577031671,4.50659941332507,-0.295423078941457));
#4535=CARTESIAN_POINT('Ctrl Pts',(0.489912620123677,4.53074913343051,-0.302132351065022));
#4536=CARTESIAN_POINT('Ctrl Pts',(0.488273663215683,4.54666152465242,-0.317417207454676));
#4537=CARTESIAN_POINT('Ctrl Pts',(0.486938235225752,4.55962699831485,-0.329871363476265));
#4538=CARTESIAN_POINT('Ctrl Pts',(0.485602807235822,4.56712366890583,-0.348018891977816));
#4539=CARTESIAN_POINT('Ctrl Pts',(0.484267379245891,4.56728264614695,-0.366049647267517));
#4540=CARTESIAN_POINT('Origin',(0.621688085251888,4.5,-0.365994548708482));
#4541=CARTESIAN_POINT('',(0.453017379245891,4.56729192341388,-0.365942275582741));
#4542=CARTESIAN_POINT('',(0.462233791257885,4.56715276573662,-0.366016794372792));
#4543=CARTESIAN_POINT('',(0.621688085251888,4.56725,-0.365994548708482));
#4544=CARTESIAN_POINT('',(0.434188085251888,4.44623069871607,-0.325603649492959));
#4545=CARTESIAN_POINT('Ctrl Pts',(0.453017379245891,4.56729192341388,-0.365942275582741));
#4546=CARTESIAN_POINT('Ctrl Pts',(0.451657818638538,4.56713383147782,-0.384288362562993));
#4547=CARTESIAN_POINT('Ctrl Pts',(0.450298258031185,4.55933308643171,-0.402750364496355));
#4548=CARTESIAN_POINT('Ctrl Pts',(0.448938697423832,4.54594986670526,-0.415240679767048));
#4549=CARTESIAN_POINT('Ctrl Pts',(0.447299740515838,4.52981633039711,-0.430297815421912));
#4550=CARTESIAN_POINT('Ctrl Pts',(0.445660783607844,4.50557010771624,-0.436676645525134));
#4551=CARTESIAN_POINT('Ctrl Pts',(0.44402182669985,4.48412778890671,-0.431466060051041));
#4552=CARTESIAN_POINT('Ctrl Pts',(0.442382869791856,4.46268547009717,-0.426255474576949));
#4553=CARTESIAN_POINT('Ctrl Pts',(0.440743912883863,4.44404705515898,-0.409455473525541));
#4554=CARTESIAN_POINT('Ctrl Pts',(0.439104955975869,4.43660584049109,-0.388722191435705));
#4555=CARTESIAN_POINT('Ctrl Pts',(0.437465999067875,4.4291646258232,-0.367988909345868));
#4556=CARTESIAN_POINT('Ctrl Pts',(0.435827042159882,4.43292061142562,-0.343322346217603));
#4557=CARTESIAN_POINT('Ctrl Pts',(0.434188085251888,4.44623069871607,-0.325603649492959));
#4558=CARTESIAN_POINT('',(0.434188085251888,4.55371607453986,-0.325573285077431));
#4559=CARTESIAN_POINT('Origin',(0.434188085251888,4.5,-0.365994548708481));
#4560=CARTESIAN_POINT('Ctrl Pts',(0.434188085251888,4.55371607453986,-0.325573285077431));
#4561=CARTESIAN_POINT('Ctrl Pts',(0.43462736024436,4.5501899435493,-0.320786035083318));
#4562=CARTESIAN_POINT('Ctrl Pts',(0.435066635236832,4.54605121358008,-0.316474072185843));
#4563=CARTESIAN_POINT('Ctrl Pts',(0.435505910229304,4.54138658887485,-0.312838206448777));
#4564=CARTESIAN_POINT('Ctrl Pts',(0.437144867137298,4.52398264142766,-0.299272610026432));
#4565=CARTESIAN_POINT('Ctrl Pts',(0.438783824045291,4.49925785366501,-0.295118781796699));
#4566=CARTESIAN_POINT('Ctrl Pts',(0.440422780953285,4.47836038041739,-0.302211319007805));
#4567=CARTESIAN_POINT('Ctrl Pts',(0.442061737861279,4.45746290716978,-0.30930385621891));
#4568=CARTESIAN_POINT('Ctrl Pts',(0.443700694769272,4.44039274843721,-0.327642758870855));
#4569=CARTESIAN_POINT('Ctrl Pts',(0.445339651677266,4.4348246748541,-0.348990141391386));
#4570=CARTESIAN_POINT('Ctrl Pts',(0.44697860858526,4.429256601271,-0.370337523911917));
#4571=CARTESIAN_POINT('Ctrl Pts',(0.448617565493253,4.43519061283737,-0.394693386301034));
#4572=CARTESIAN_POINT('Ctrl Pts',(0.450256522401247,4.4499600950688,-0.411085853768798));
#4573=CARTESIAN_POINT('Ctrl Pts',(0.45189547930924,4.46472957730022,-0.427478321236562));
#4574=CARTESIAN_POINT('Ctrl Pts',(0.453534436217234,4.48833453019671,-0.435907393782973));
#4575=CARTESIAN_POINT('Ctrl Pts',(0.455173393125228,4.51014728540916,-0.432582981956413));
#4576=CARTESIAN_POINT('Ctrl Pts',(0.456812350033222,4.53196004062162,-0.429258570129853));
#4577=CARTESIAN_POINT('Ctrl Pts',(0.458451306941216,4.55198059815004,-0.414180673930323));
#4578=CARTESIAN_POINT('Ctrl Pts',(0.46009026384921,4.56119806703699,-0.394134363076657));
#4579=CARTESIAN_POINT('Ctrl Pts',(0.460804772985435,4.56521645562334,-0.385395102036485));
#4580=CARTESIAN_POINT('Ctrl Pts',(0.46151928212166,4.56718165751092,-0.375711566333722));
#4581=CARTESIAN_POINT('Ctrl Pts',(0.462233791257885,4.56715276573662,-0.366016794372792));
#4582=CARTESIAN_POINT('Origin',(0.366376462775344,4.5,-0.36599454870848));
#4583=CARTESIAN_POINT('',(0.783249707728432,4.5821310479641,-0.365990600838834));
#4584=CARTESIAN_POINT('',(0.788251462775344,4.58198031929716,-0.365919859756528));
#4585=CARTESIAN_POINT('',(0.366376462775344,4.582,-0.365994548708476));
#4586=CARTESIAN_POINT('',(0.809188085251887,4.46048352111067,-0.43784472543888));
#4587=CARTESIAN_POINT('Ctrl Pts',(0.788251462775343,4.58198031929716,-0.365919859756528));
#4588=CARTESIAN_POINT('Ctrl Pts',(0.788674509302216,4.58204077425974,-0.358942398744484));
#4589=CARTESIAN_POINT('Ctrl Pts',(0.790736512737083,4.57805349286602,-0.325002884226904));
#4590=CARTESIAN_POINT('Ctrl Pts',(0.794437473079944,4.53105260830815,-0.27450868447707));
#4591=CARTESIAN_POINT('Ctrl Pts',(0.799354343803925,4.44060955324299,-0.289703286178563));
#4592=CARTESIAN_POINT('Ctrl Pts',(0.804271214527906,4.40372555216952,-0.373754460446738));
#4593=CARTESIAN_POINT('Ctrl Pts',(0.807549128343893,4.43680660025251,-0.424822787486433));
#4594=CARTESIAN_POINT('Ctrl Pts',(0.809188085251887,4.46048352111067,-0.437844725438881));
#4595=CARTESIAN_POINT('',(0.809188085251887,4.53951647888932,-0.437844725438887));
#4596=CARTESIAN_POINT('Origin',(0.809188085251887,4.5,-0.365994548708483));
#4597=CARTESIAN_POINT('Ctrl Pts',(0.783249707728432,4.5821310479641,-0.365990600838834));
#4598=CARTESIAN_POINT('Ctrl Pts',(0.783261774037143,4.58213117569693,-0.365792532872986));
#4599=CARTESIAN_POINT('Ctrl Pts',(0.784912797253848,4.58204147853341,-0.338691181367047));
#4600=CARTESIAN_POINT('Ctrl Pts',(0.788202777378547,4.55254480274764,-0.284902280602668));
#4601=CARTESIAN_POINT('Ctrl Pts',(0.793119648102528,4.46115662727991,-0.277508698843842));
#4602=CARTESIAN_POINT('Ctrl Pts',(0.79803651882651,4.40473964864469,-0.349799519661348));
#4603=CARTESIAN_POINT('Ctrl Pts',(0.802953389550489,4.43407983674628,-0.43662363029137));
#4604=CARTESIAN_POINT('Ctrl Pts',(0.806670578358949,4.50113203758657,-0.454264043122602));
#4605=CARTESIAN_POINT('Ctrl Pts',(0.808748810259415,4.53312285072292,-0.441405159713098));
#4606=CARTESIAN_POINT('Ctrl Pts',(0.809188085251887,4.53944209477829,-0.437851792388611));
#4607=CARTESIAN_POINT('Origin',(0.366376462775344,4.5,-0.36599454870848));
#4608=CARTESIAN_POINT('',(0.751999707728432,4.58191142756496,-0.365942082138695));
#4609=CARTESIAN_POINT('',(0.757001462775343,4.58189982734703,-0.366039684587344));
#4610=CARTESIAN_POINT('',(0.366376462775344,4.582,-0.365994548708476));
#4611=CARTESIAN_POINT('Ctrl Pts',(0.757001462775343,4.58189982734703,-0.366039684587344));
#4612=CARTESIAN_POINT('Ctrl Pts',(0.75800743452092,4.5818149245675,-0.349405901462743));
#4613=CARTESIAN_POINT('Ctrl Pts',(0.760652363174491,4.56885507430262,-0.305550325507911));
#4614=CARTESIAN_POINT('Ctrl Pts',(0.764936248736056,4.49762456475373,-0.269393889545868));
#4615=CARTESIAN_POINT('Ctrl Pts',(0.769853119460037,4.41800696375226,-0.314860758435371));
#4616=CARTESIAN_POINT('Ctrl Pts',(0.774769990184017,4.41220677944498,-0.406364431846072));
#4617=CARTESIAN_POINT('Ctrl Pts',(0.779686860907999,4.48544182148732,-0.461519250600885));
#4618=CARTESIAN_POINT('Ctrl Pts',(0.784180685105107,4.5643592986838,-0.433338687496254));
#4619=CARTESIAN_POINT('Ctrl Pts',(0.787035552394222,4.58180656106508,-0.385974314147456));
#4620=CARTESIAN_POINT('Ctrl Pts',(0.788251462775343,4.58198031929716,-0.365919859756528));
#4621=CARTESIAN_POINT('Ctrl Pts',(0.751999707728433,4.58191142756496,-0.365942082138695));
#4622=CARTESIAN_POINT('Ctrl Pts',(0.752594699255847,4.58197029017671,-0.356107384898541));
#4623=CARTESIAN_POINT('Ctrl Pts',(0.754828647691256,4.5758076126252,-0.319253425353813));
#4624=CARTESIAN_POINT('Ctrl Pts',(0.758701553034659,4.52139963303355,-0.271763744775838));
#4625=CARTESIAN_POINT('Ctrl Pts',(0.76361842375864,4.43306012630399,-0.296306215437018));
#4626=CARTESIAN_POINT('Ctrl Pts',(0.76853529448262,4.40498480228401,-0.38358753930051));
#4627=CARTESIAN_POINT('Ctrl Pts',(0.773452165206602,4.46244904939515,-0.455029701446357));
#4628=CARTESIAN_POINT('Ctrl Pts',(0.778356969621872,4.55349551163052,-0.446338655588924));
#4629=CARTESIAN_POINT('Ctrl Pts',(0.781622817129149,4.58211382585097,-0.392695943738912));
#4630=CARTESIAN_POINT('Ctrl Pts',(0.783249707728432,4.5821310479641,-0.365990600838834));
#4631=CARTESIAN_POINT('Origin',(0.366376462775344,4.5,-0.36599454870848));
#4632=CARTESIAN_POINT('',(0.720749707728432,4.58196463637869,-0.366063868695025));
#4633=CARTESIAN_POINT('',(0.725751462775343,4.58212787299945,-0.366009198278764));
#4634=CARTESIAN_POINT('',(0.366376462775344,4.582,-0.365994548708476));
#4635=CARTESIAN_POINT('Ctrl Pts',(0.725751462775343,4.58212787299945,-0.366009198278764));
#4636=CARTESIAN_POINT('Ctrl Pts',(0.727340359739624,4.58206261617047,-0.339924424719902));
#4637=CARTESIAN_POINT('Ctrl Pts',(0.730568213611899,4.55461895466317,-0.286814686960627));
#4638=CARTESIAN_POINT('Ctrl Pts',(0.735435024392168,4.46449920997062,-0.276121929117361));
#4639=CARTESIAN_POINT('Ctrl Pts',(0.740351895116148,4.40541288821099,-0.34622906072463));
#4640=CARTESIAN_POINT('Ctrl Pts',(0.745268765840129,4.43148080727008,-0.434130562221562));
#4641=CARTESIAN_POINT('Ctrl Pts',(0.75018563656411,4.5192346672048,-0.460690980171106));
#4642=CARTESIAN_POINT('Ctrl Pts',(0.754096535542516,4.57526092955093,-0.414007062379379));
#4643=CARTESIAN_POINT('Ctrl Pts',(0.756368477612926,4.58195325051714,-0.376506119613009));
#4644=CARTESIAN_POINT('Ctrl Pts',(0.757001462775343,4.58189982734703,-0.366039684587344));
#4645=CARTESIAN_POINT('Ctrl Pts',(0.720749707728432,4.58196463637869,-0.366063868695025));
#4646=CARTESIAN_POINT('Ctrl Pts',(0.721927624474551,4.58180324200221,-0.346625896385607));
#4647=CARTESIAN_POINT('Ctrl Pts',(0.724744498128664,4.56522133785757,-0.299894178679071));
#4648=CARTESIAN_POINT('Ctrl Pts',(0.729200328690771,4.48763615359032,-0.27015858372874));
#4649=CARTESIAN_POINT('Ctrl Pts',(0.734117199414751,4.41315414771107,-0.323624806308403));
#4650=CARTESIAN_POINT('Ctrl Pts',(0.739034070138733,4.41685711748019,-0.415235368377704));
#4651=CARTESIAN_POINT('Ctrl Pts',(0.743950940862713,4.49541137825566,-0.462515740817242));
#4652=CARTESIAN_POINT('Ctrl Pts',(0.74827282005928,4.56809089069422,-0.427694533102105));
#4653=CARTESIAN_POINT('Ctrl Pts',(0.750955742347853,4.58180814789451,-0.38319793028801));
#4654=CARTESIAN_POINT('Ctrl Pts',(0.751999707728433,4.58191142756496,-0.365942082138695));
#4655=CARTESIAN_POINT('Origin',(0.366376462775344,4.5,-0.36599454870848));
#4656=CARTESIAN_POINT('',(0.689499707728433,4.58211270206736,-0.365960299280837));
#4657=CARTESIAN_POINT('',(0.694501462775344,4.58193399672023,-0.365932377731808));
#4658=CARTESIAN_POINT('',(0.366376462775344,4.582,-0.365994548708476));
#4659=CARTESIAN_POINT('Ctrl Pts',(0.694501462775344,4.58193399672023,-0.365932377731808));
#4660=CARTESIAN_POINT('Ctrl Pts',(0.695034328050334,4.58199765697234,-0.357130700169365));
#4661=CARTESIAN_POINT('Ctrl Pts',(0.697206150233319,4.57666191569568,-0.321332419733847));
#4662=CARTESIAN_POINT('Ctrl Pts',(0.701016929324298,4.52491495298098,-0.272631601019346));
#4663=CARTESIAN_POINT('Ctrl Pts',(0.705933800048279,4.43571799857074,-0.293847343941748));
#4664=CARTESIAN_POINT('Ctrl Pts',(0.71085067077226,4.40439239382169,-0.380015266556188));
#4665=CARTESIAN_POINT('Ctrl Pts',(0.715767541496241,4.4591397350627,-0.453560716056037));
#4666=CARTESIAN_POINT('Ctrl Pts',(0.720684412220222,4.55067246875282,-0.448272709019415));
#4667=CARTESIAN_POINT('Ctrl Pts',(0.724012385979923,4.58174904770944,-0.394557508845496));
#4668=CARTESIAN_POINT('Ctrl Pts',(0.72570140283163,4.58212992898751,-0.366831027714831));
#4669=CARTESIAN_POINT('Ctrl Pts',(0.725751462775343,4.58212787299945,-0.366009198278764));
#4670=CARTESIAN_POINT('Ctrl Pts',(0.689499707728433,4.58211270206736,-0.365960299280837));
#4671=CARTESIAN_POINT('Ctrl Pts',(0.689621592785261,4.58212336931136,-0.363958335863198));
#4672=CARTESIAN_POINT('Ctrl Pts',(0.691382434750084,4.58115555955244,-0.335046966483873));
#4673=CARTESIAN_POINT('Ctrl Pts',(0.6947822336229,4.54706143198533,-0.281598940850884));
#4674=CARTESIAN_POINT('Ctrl Pts',(0.699699104346882,4.45538555024409,-0.280280209903468));
#4675=CARTESIAN_POINT('Ctrl Pts',(0.704615975070863,4.40387485269259,-0.356127783221878));
#4676=CARTESIAN_POINT('Ctrl Pts',(0.709532845794843,4.43890302916981,-0.440858139098887));
#4677=CARTESIAN_POINT('Ctrl Pts',(0.714449716518826,4.52893515840178,-0.458190826286649));
#4678=CARTESIAN_POINT('Ctrl Pts',(0.718188670496688,4.57758967137896,-0.40825380876155));
#4679=CARTESIAN_POINT('Ctrl Pts',(0.720288667566557,4.58202780662371,-0.373671949596827));
#4680=CARTESIAN_POINT('Ctrl Pts',(0.720749707728432,4.58196463637869,-0.366063868695025));
#4681=CARTESIAN_POINT('Origin',(0.366376462775344,4.5,-0.36599454870848));
#4682=CARTESIAN_POINT('',(0.658249707728432,4.58188328199052,-0.365965417644818));
#4683=CARTESIAN_POINT('',(0.663251462775343,4.58193788104475,-0.366057955082546));
#4684=CARTESIAN_POINT('',(0.366376462775344,4.582,-0.365994548708476));
#4685=CARTESIAN_POINT('Ctrl Pts',(0.663251462775343,4.58193788104475,-0.366057955082546));
#4686=CARTESIAN_POINT('Ctrl Pts',(0.664367253269038,4.58180146921215,-0.347629938054972));
#4687=CARTESIAN_POINT('Ctrl Pts',(0.667122000670727,4.5665865313886,-0.301929272879284));
#4688=CARTESIAN_POINT('Ctrl Pts',(0.67151570498041,4.49123531978067,-0.269762665953159));
#4689=CARTESIAN_POINT('Ctrl Pts',(0.676432575704392,4.41480250637587,-0.320400887330247));
#4690=CARTESIAN_POINT('Ctrl Pts',(0.681349446428371,4.41507069551052,-0.412085850673344));
#4691=CARTESIAN_POINT('Ctrl Pts',(0.686266317152353,4.49179844375553,-0.462276059673935));
#4692=CARTESIAN_POINT('Ctrl Pts',(0.690650322601344,4.56679427000949,-0.429741162800926));
#4693=CARTESIAN_POINT('Ctrl Pts',(0.693395371142341,4.58180185436547,-0.384202402755252));
#4694=CARTESIAN_POINT('Ctrl Pts',(0.694501462775344,4.58193399672023,-0.365932377731808));
#4695=CARTESIAN_POINT('Ctrl Pts',(0.658249707728432,4.58188328199052,-0.365965417644818));
#4696=CARTESIAN_POINT('Ctrl Pts',(0.658954518003965,4.58192117655579,-0.354305448604903));
#4697=CARTESIAN_POINT('Ctrl Pts',(0.661298285187492,4.57417596234622,-0.315579562908646));
#4698=CARTESIAN_POINT('Ctrl Pts',(0.665281009279013,4.51511530559173,-0.270553862718123));
#4699=CARTESIAN_POINT('Ctrl Pts',(0.670197880002994,4.42859408972285,-0.300890071267188));
#4700=CARTESIAN_POINT('Ctrl Pts',(0.675114750726974,4.40635768638373,-0.389838082549175));
#4701=CARTESIAN_POINT('Ctrl Pts',(0.680031621450956,4.46842492895173,-0.457320404268794));
#4702=CARTESIAN_POINT('Ctrl Pts',(0.684826607118108,4.55667509990286,-0.442949814667112));
#4703=CARTESIAN_POINT('Ctrl Pts',(0.687982635877267,4.58197992963379,-0.390878221354159));
#4704=CARTESIAN_POINT('Ctrl Pts',(0.689499707728433,4.58211270206736,-0.365960299280837));
#4705=CARTESIAN_POINT('Origin',(0.366376462775344,4.5,-0.36599454870848));
#4706=CARTESIAN_POINT('',(0.626999707728433,4.58201682753312,-0.366065051140653));
#4707=CARTESIAN_POINT('',(0.632001462775343,4.58212647981123,-0.365977124112313));
#4708=CARTESIAN_POINT('',(0.366376462775344,4.582,-0.365994548708476));
#4709=CARTESIAN_POINT('Ctrl Pts',(0.632001462775343,4.58212647981123,-0.365977124112313));
#4710=CARTESIAN_POINT('Ctrl Pts',(0.632061221579748,4.58212935950479,-0.364996024716124));
#4711=CARTESIAN_POINT('Ctrl Pts',(0.633759937292147,4.58167203207102,-0.337109843242747));
#4712=CARTESIAN_POINT('Ctrl Pts',(0.63709760991254,4.55019025974515,-0.283421352666435));
#4713=CARTESIAN_POINT('Ctrl Pts',(0.642014480636521,4.45862815615572,-0.278668920083143));
#4714=CARTESIAN_POINT('Ctrl Pts',(0.646931351360503,4.40431200623062,-0.35253339250727));
#4715=CARTESIAN_POINT('Ctrl Pts',(0.651848222084483,4.43614117280576,-0.438516580307571));
#4716=CARTESIAN_POINT('Ctrl Pts',(0.656765092808464,4.5254607168388,-0.459210141695663));
#4717=CARTESIAN_POINT('Ctrl Pts',(0.660566173038751,4.57679091093051,-0.410332144693529));
#4718=CARTESIAN_POINT('Ctrl Pts',(0.662728296361044,4.58200184116068,-0.374698393987015));
#4719=CARTESIAN_POINT('Ctrl Pts',(0.663251462775343,4.58193788104475,-0.366057955082546));
#4720=CARTESIAN_POINT('Ctrl Pts',(0.626999707728433,4.58201682753312,-0.366065051140653));
#4721=CARTESIAN_POINT('Ctrl Pts',(0.628287443222669,4.58182662752775,-0.344849424525538));
#4722=CARTESIAN_POINT('Ctrl Pts',(0.6312141356249,4.56265942519442,-0.29632665825681));
#4723=CARTESIAN_POINT('Ctrl Pts',(0.635779784935124,4.48131963018666,-0.271187160868364));
#4724=CARTESIAN_POINT('Ctrl Pts',(0.640696655659106,4.41054004638137,-0.329466289730245));
#4725=CARTESIAN_POINT('Ctrl Pts',(0.645613526383086,4.42029884273222,-0.420630823614491));
#4726=CARTESIAN_POINT('Ctrl Pts',(0.650530397107067,4.50181043844491,-0.462607794788242));
#4727=CARTESIAN_POINT('Ctrl Pts',(0.654742457555516,4.57024147862791,-0.424057197920657));
#4728=CARTESIAN_POINT('Ctrl Pts',(0.657315561095971,4.58183305701259,-0.381419393262589));
#4729=CARTESIAN_POINT('Ctrl Pts',(0.658249707728432,4.58188328199052,-0.365965417644818));
#4730=CARTESIAN_POINT('Origin',(0.366376462775344,4.5,-0.36599454870848));
#4731=CARTESIAN_POINT('',(0.595749707728432,4.58207260676038,-0.365936878898085));
#4732=CARTESIAN_POINT('',(0.600751462775343,4.58189718149349,-0.365951400612495));
#4733=CARTESIAN_POINT('',(0.366376462775344,4.582,-0.365994548708476));
#4734=CARTESIAN_POINT('Ctrl Pts',(0.600751462775343,4.5818971814935,-0.365951400612495));
#4735=CARTESIAN_POINT('Ctrl Pts',(0.601394146798452,4.58194889724436,-0.355323743865963));
#4736=CARTESIAN_POINT('Ctrl Pts',(0.603675787729555,4.57511834771003,-0.317657582114615));
#4737=CARTESIAN_POINT('Ctrl Pts',(0.607596385568652,4.51868036768517,-0.271187171669395));
#4738=CARTESIAN_POINT('Ctrl Pts',(0.612513256292633,4.43108336142596,-0.298260570488238));
#4739=CARTESIAN_POINT('Ctrl Pts',(0.617430127016614,4.40553014361115,-0.386313040575611));
#4740=CARTESIAN_POINT('Ctrl Pts',(0.622346997740595,4.46502558611172,-0.456073321185997));
#4741=CARTESIAN_POINT('Ctrl Pts',(0.627204109660171,4.55490176967761,-0.444875881879395));
#4742=CARTESIAN_POINT('Ctrl Pts',(0.630422264671754,4.58205038045397,-0.391903852756236));
#4743=CARTESIAN_POINT('Ctrl Pts',(0.632001462775343,4.58212647981123,-0.365977124112313));
#4744=CARTESIAN_POINT('Ctrl Pts',(0.595749707728432,4.58207260676038,-0.365936878898085));
#4745=CARTESIAN_POINT('Ctrl Pts',(0.595981411533379,4.5821031788113,-0.362126245696638));
#4746=CARTESIAN_POINT('Ctrl Pts',(0.59785207224632,4.58014222697458,-0.331392705016889));
#4747=CARTESIAN_POINT('Ctrl Pts',(0.601361689867255,4.54137184855762,-0.278668910134484));
#4748=CARTESIAN_POINT('Ctrl Pts',(0.606278560591236,4.44980973453688,-0.283421343259191));
#4749=CARTESIAN_POINT('Ctrl Pts',(0.611195431315217,4.40343256100068,-0.362512203156793));
#4750=CARTESIAN_POINT('Ctrl Pts',(0.616112302039198,4.44399244475367,-0.444738124705255));
#4751=CARTESIAN_POINT('Ctrl Pts',(0.621029172763179,4.53497441787276,-0.456073331448319));
#4752=CARTESIAN_POINT('Ctrl Pts',(0.624658307992924,4.57888792365879,-0.404583362511816));
#4753=CARTESIAN_POINT('Ctrl Pts',(0.626648486314676,4.58206870333764,-0.371851474211892));
#4754=CARTESIAN_POINT('Ctrl Pts',(0.626999707728433,4.58201682753312,-0.366065051140653));
#4755=CARTESIAN_POINT('Origin',(0.366376462775344,4.5,-0.36599454870848));
#4756=CARTESIAN_POINT('',(0.564499707728432,4.58187293235866,-0.365993281086798));
#4757=CARTESIAN_POINT('',(0.569501462775344,4.58198682513371,-0.366065895545043));
#4758=CARTESIAN_POINT('',(0.366376462775344,4.582,-0.365994548708476));
#4759=CARTESIAN_POINT('Ctrl Pts',(0.569501462775344,4.58198682513371,-0.366065895545043));
#4760=CARTESIAN_POINT('Ctrl Pts',(0.570727072017156,4.58180998462197,-0.345854863810345));
#4761=CARTESIAN_POINT('Ctrl Pts',(0.573591638166963,4.56413230464737,-0.298339798174613));
#4762=CARTESIAN_POINT('Ctrl Pts',(0.578095161224764,4.48488469613031,-0.270553873591298));
#4763=CARTESIAN_POINT('Ctrl Pts',(0.583012031948744,4.41197138996627,-0.326140330695694));
#4764=CARTESIAN_POINT('Ctrl Pts',(0.587928902672726,4.41830786398585,-0.417606463915425));
#4765=CARTESIAN_POINT('Ctrl Pts',(0.592845773396706,4.49818956176134,-0.462607783781478));
#4766=CARTESIAN_POINT('Ctrl Pts',(0.59711996009758,4.56904677119975,-0.426117625393072));
#4767=CARTESIAN_POINT('Ctrl Pts',(0.599755189890458,4.58181701301497,-0.382426131375547));
#4768=CARTESIAN_POINT('Ctrl Pts',(0.600751462775343,4.5818971814935,-0.365951400612495));
#4769=CARTESIAN_POINT('Ctrl Pts',(0.564499707728432,4.58187293235866,-0.365993281086798));
#4770=CARTESIAN_POINT('Ctrl Pts',(0.565314336752083,4.58187482409071,-0.352512268116745));
#4771=CARTESIAN_POINT('Ctrl Pts',(0.567767922683728,4.57238331518441,-0.311911233944335));
#4772=CARTESIAN_POINT('Ctrl Pts',(0.571860465523367,4.50876468121787,-0.269762654989845));
#4773=CARTESIAN_POINT('Ctrl Pts',(0.576777336247348,4.42444125331584,-0.305759402780705));
#4774=CARTESIAN_POINT('Ctrl Pts',(0.581694206971329,4.4081413244037,-0.395984225650798));
#4775=CARTESIAN_POINT('Ctrl Pts',(0.58661107769531,4.47453928026055,-0.459210152315342));
#4776=CARTESIAN_POINT('Ctrl Pts',(0.591296244614344,4.55964971819849,-0.439491757071591));
#4777=CARTESIAN_POINT('Ctrl Pts',(0.594342454625385,4.58188692740335,-0.38908076036581));
#4778=CARTESIAN_POINT('Ctrl Pts',(0.595749707728432,4.58207260676038,-0.365936878898085));
#4779=CARTESIAN_POINT('Origin',(0.366376462775344,4.5,-0.36599454870848));
#4780=CARTESIAN_POINT('',(0.533249707728432,4.58206838901809,-0.366053790100646));
#4781=CARTESIAN_POINT('',(0.538251462775343,4.58209729506976,-0.36594895032912));
#4782=CARTESIAN_POINT('',(0.366376462775344,4.582,-0.365994548708476));
#4783=CARTESIAN_POINT('Ctrl Pts',(0.538251462775343,4.58209729506976,-0.36594895032912));
#4784=CARTESIAN_POINT('Ctrl Pts',(0.538421040327866,4.58211605150137,-0.363162255290978));
#4785=CARTESIAN_POINT('Ctrl Pts',(0.540229574788383,4.5807314538305,-0.333461163245609));
#4786=CARTESIAN_POINT('Ctrl Pts',(0.543677066156894,4.54461444467317,-0.280280219668611));
#4787=CARTESIAN_POINT('Ctrl Pts',(0.548593936880875,4.45293857337621,-0.281598950465711));
#4788=CARTESIAN_POINT('Ctrl Pts',(0.553510807604856,4.40363083345762,-0.358896759065908));
#4789=CARTESIAN_POINT('Ctrl Pts',(0.558427678328838,4.44108165149064,-0.442584515979899));
#4790=CARTESIAN_POINT('Ctrl Pts',(0.563344549052818,4.53157506745103,-0.457320393864408));
#4791=CARTESIAN_POINT('Ctrl Pts',(0.567035810534988,4.5781710445584,-0.406659133787423));
#4792=CARTESIAN_POINT('Ctrl Pts',(0.569088115109162,4.58204646617616,-0.37288224655941));
#4793=CARTESIAN_POINT('Ctrl Pts',(0.569501462775344,4.58198682513371,-0.366065895545043));
#4794=CARTESIAN_POINT('Ctrl Pts',(0.533249707728432,4.58206838901809,-0.366053790100646));
#4795=CARTESIAN_POINT('Ctrl Pts',(0.534647261970787,4.58188052470754,-0.343066333419919));
#4796=CARTESIAN_POINT('Ctrl Pts',(0.537683773121136,4.5599027223685,-0.292805710313109));
#4797=CARTESIAN_POINT('Ctrl Pts',(0.542359241179478,4.47508504418052,-0.272631590383028));
#4798=CARTESIAN_POINT('Ctrl Pts',(0.547276111903459,4.40831834137806,-0.335467995048268));
#4799=CARTESIAN_POINT('Ctrl Pts',(0.552192982627441,4.42409015977547,-0.425786631469403));
#4800=CARTESIAN_POINT('Ctrl Pts',(0.557109853351421,4.50820155717884,-0.462276070642884));
#4801=CARTESIAN_POINT('Ctrl Pts',(0.561212095051752,4.57221703001744,-0.420401389910961));
#4802=CARTESIAN_POINT('Ctrl Pts',(0.563675379844089,4.58187101810391,-0.379634797136156));
#4803=CARTESIAN_POINT('Ctrl Pts',(0.564499707728432,4.58187293235866,-0.365993281086798));
#4804=CARTESIAN_POINT('Origin',(0.366376462775344,4.5,-0.36599454870848));
#4805=CARTESIAN_POINT('',(0.501999707728432,4.58202153467932,-0.365924541093373));
#4806=CARTESIAN_POINT('',(0.507001462775344,4.58187646689843,-0.365977210044114));
#4807=CARTESIAN_POINT('',(0.366376462775344,4.582,-0.365994548708476));
#4808=CARTESIAN_POINT('Ctrl Pts',(0.507001462775344,4.58187646689843,-0.365977210044114));
#4809=CARTESIAN_POINT('Ctrl Pts',(0.50775396554657,4.58190043004098,-0.353525653034671));
#4810=CARTESIAN_POINT('Ctrl Pts',(0.510145425225791,4.57341761163334,-0.313985479239174));
#4811=CARTESIAN_POINT('Ctrl Pts',(0.514175841813006,4.51236384500141,-0.270158594649274));
#4812=CARTESIAN_POINT('Ctrl Pts',(0.519092712536987,4.42675101202603,-0.30297089699362));
#4813=CARTESIAN_POINT('Ctrl Pts',(0.524009583260968,4.40708226457705,-0.392521692014558));
#4814=CARTESIAN_POINT('Ctrl Pts',(0.528926453984949,4.47106484489464,-0.458190815782766));
#4815=CARTESIAN_POINT('Ctrl Pts',(0.533673747156407,4.55799185347703,-0.441455916133773));
#4816=CARTESIAN_POINT('Ctrl Pts',(0.536782083419872,4.58193477171114,-0.390095496249374));
#4817=CARTESIAN_POINT('Ctrl Pts',(0.538251462775343,4.58209729506976,-0.36594895032912));
#4818=CARTESIAN_POINT('Ctrl Pts',(0.501999707728432,4.58202153467932,-0.365924541093373));
#4819=CARTESIAN_POINT('Ctrl Pts',(0.502341230281497,4.58207193128184,-0.360298738446747));
#4820=CARTESIAN_POINT('Ctrl Pts',(0.504321709742556,4.57899577660174,-0.327729607002258));
#4821=CARTESIAN_POINT('Ctrl Pts',(0.507941146111609,4.53550079407824,-0.276121918862553));
#4822=CARTESIAN_POINT('Ctrl Pts',(0.512858016835589,4.44445406864515,-0.286924663509863));
#4823=CARTESIAN_POINT('Ctrl Pts',(0.517774887559572,4.40341384053867,-0.368911898764706));
#4824=CARTESIAN_POINT('Ctrl Pts',(0.522691758283551,4.44932752547356,-0.448272718395267));
#4825=CARTESIAN_POINT('Ctrl Pts',(0.527608629007533,4.5408602695927,-0.453560726030954));
#4826=CARTESIAN_POINT('Ctrl Pts',(0.53112794548916,4.58004642133827,-0.40091957343926));
#4827=CARTESIAN_POINT('Ctrl Pts',(0.533008305062793,4.58210083924003,-0.370024464834274));
#4828=CARTESIAN_POINT('Ctrl Pts',(0.533249707728432,4.58206838901809,-0.366053790100646));
#4829=CARTESIAN_POINT('Origin',(0.366376462775344,4.5,-0.36599454870848));
#4830=CARTESIAN_POINT('',(0.470749707728432,4.58188143926249,-0.366021673533364));
#4831=CARTESIAN_POINT('',(0.475751462775343,4.58203980645427,-0.366061732081581));
#4832=CARTESIAN_POINT('',(0.366376462775344,4.582,-0.365994548708476));
#4833=CARTESIAN_POINT('Ctrl Pts',(0.475751462775343,4.58203980645427,-0.366061732081581));
#4834=CARTESIAN_POINT('Ctrl Pts',(0.477086890765274,4.58184596059893,-0.344076275817559));
#4835=CARTESIAN_POINT('Ctrl Pts',(0.480061275663199,4.56148648045812,-0.294791164293935));
#4836=CARTESIAN_POINT('Ctrl Pts',(0.484674617469118,4.47860036942766,-0.271763755622558));
#4837=CARTESIAN_POINT('Ctrl Pts',(0.489591488193098,4.40952639318992,-0.332054563726327));
#4838=CARTESIAN_POINT('Ctrl Pts',(0.49450835891708,4.42190335632778,-0.422900703726718));
#4839=CARTESIAN_POINT('Ctrl Pts',(0.49942522964106,4.50458862121899,-0.462515729804597));
#4840=CARTESIAN_POINT('Ctrl Pts',(0.503589597593815,4.57112053292404,-0.422471389349173));
#4841=CARTESIAN_POINT('Ctrl Pts',(0.506115008638577,4.58184823812951,-0.380645241368722));
#4842=CARTESIAN_POINT('Ctrl Pts',(0.507001462775344,4.58187646689843,-0.365977210044114));
#4843=CARTESIAN_POINT('Ctrl Pts',(0.470749707728432,4.58188143926249,-0.366021673533364));
#4844=CARTESIAN_POINT('Ctrl Pts',(0.471674155500201,4.58183585967704,-0.35072722735735));
#4845=CARTESIAN_POINT('Ctrl Pts',(0.474237560179964,4.57042318468892,-0.308253604794075));
#4846=CARTESIAN_POINT('Ctrl Pts',(0.478439921767721,4.50237543562236,-0.269393877799899));
#4847=CARTESIAN_POINT('Ctrl Pts',(0.483356792491702,4.4206199258947,-0.310892779680469));
#4848=CARTESIAN_POINT('Ctrl Pts',(0.488273663215683,4.41032783737152,-0.401998905863193));
#4849=CARTESIAN_POINT('Ctrl Pts',(0.493190533939663,4.48076533057923,-0.460690991070572));
#4850=CARTESIAN_POINT('Ctrl Pts',(0.49776588211058,4.56242387541425,-0.435975439020022));
#4851=CARTESIAN_POINT('Ctrl Pts',(0.500702273373503,4.58183007943602,-0.387296803517275));
#4852=CARTESIAN_POINT('Ctrl Pts',(0.501999707728432,4.58202153467932,-0.365924541093373));
#4853=CARTESIAN_POINT('Origin',(0.366376462775344,4.5,-0.36599454870848));
#4854=CARTESIAN_POINT('',(0.439499707728432,4.5820921960486,-0.366046477362011));
#4855=CARTESIAN_POINT('',(0.444501462775343,4.58205111851209,-0.36593081047338));
#4856=CARTESIAN_POINT('',(0.366376462775344,4.582,-0.365994548708476));
#4857=CARTESIAN_POINT('',(0.434188085251887,4.53951647888932,-0.437844725438883));
#4858=CARTESIAN_POINT('Ctrl Pts',(0.434188085251887,4.53951647888932,-0.437844725438883));
#4859=CARTESIAN_POINT('Ctrl Pts',(0.435827042159881,4.56319339974748,-0.424822787486437));
#4860=CARTESIAN_POINT('Ctrl Pts',(0.437597582985396,4.58106185776092,-0.39723854991776));
#4861=CARTESIAN_POINT('Ctrl Pts',(0.439368123810911,4.58210477767667,-0.368205583958211));
#4862=CARTESIAN_POINT('Ctrl Pts',(0.439499707728432,4.5820921960486,-0.366046477362011));
#4863=CARTESIAN_POINT('',(0.434188085251887,4.46055789752523,-0.437851777004548));
#4864=CARTESIAN_POINT('Origin',(0.434188085251888,4.5,-0.365994548708481));
#4865=CARTESIAN_POINT('Ctrl Pts',(0.434188085251887,4.46055789752523,-0.437851777004548));
#4866=CARTESIAN_POINT('Ctrl Pts',(0.434627360244359,4.46687714739858,-0.441405149172511));
#4867=CARTESIAN_POINT('Ctrl Pts',(0.436705592144825,4.49886798426543,-0.454264052543799));
#4868=CARTESIAN_POINT('Ctrl Pts',(0.440143384652644,4.56088027562185,-0.437949516622864));
#4869=CARTESIAN_POINT('Ctrl Pts',(0.44314190216799,4.58185835213652,-0.388300760397255));
#4870=CARTESIAN_POINT('Ctrl Pts',(0.444501462775343,4.58205111851209,-0.36593081047338));
#4871=CARTESIAN_POINT('Ctrl Pts',(0.884188085251887,3.96348189209136,-0.45340316140555));
#4872=CARTESIAN_POINT('Ctrl Pts',(0.884188085251887,3.95600190958281,-0.438443196388456));
#4873=CARTESIAN_POINT('Ctrl Pts',(0.89046793893383,3.94305384264129,-0.412547062505419));
#4874=CARTESIAN_POINT('Ctrl Pts',(0.903578098370477,3.93848189209136,-0.40340316140555));
#4875=CARTESIAN_POINT('Ctrl Pts',(0.909188085251887,3.93848189209136,-0.40340316140555));
#4876=CARTESIAN_POINT('Ctrl Pts',(0.884188085251887,3.96348189209136,-0.45340316140555));
#4877=CARTESIAN_POINT('Ctrl Pts',(0.884188085251887,3.95457715100976,-0.439867954961512));
#4878=CARTESIAN_POINT('Ctrl Pts',(0.89387117940481,3.93972545896038,-0.416649899080524));
#4879=CARTESIAN_POINT('Ctrl Pts',(0.905281803751727,3.93848189209136,-0.410883143914098));
#4880=CARTESIAN_POINT('Ctrl Pts',(0.909188085251887,3.93848189209136,-0.410883143914098));
#4881=CARTESIAN_POINT('Ctrl Pts',(0.884188085251887,3.96348189209136,-0.45340316140555));
#4882=CARTESIAN_POINT('Ctrl Pts',(0.884188085251887,3.95208382350691,-0.442361282464362));
#4883=CARTESIAN_POINT('Ctrl Pts',(0.896548704932921,3.93295380937602,-0.423935465136798));
#4884=CARTESIAN_POINT('Ctrl Pts',(0.906745503718734,3.93219984167299,-0.423828575081704));
#4885=CARTESIAN_POINT('Ctrl Pts',(0.909188085251887,3.93219984167299,-0.423828575081704));
#4886=CARTESIAN_POINT('Ctrl Pts',(0.884188085251887,3.96348189209136,-0.45340316140555));
#4887=CARTESIAN_POINT('Ctrl Pts',(0.884188085251887,3.94959049600406,-0.444854609967211));
#4888=CARTESIAN_POINT('Ctrl Pts',(0.893014554419353,3.92572868063392,-0.430507216705845));
#4889=CARTESIAN_POINT('Ctrl Pts',(0.904838960846695,3.91909187897277,-0.428403161405551));
#4890=CARTESIAN_POINT('Ctrl Pts',(0.909188085251887,3.91909187897277,-0.428403161405551));
#4891=CARTESIAN_POINT('Ctrl Pts',(0.884188085251887,3.96348189209136,-0.45340316140555));
#4892=CARTESIAN_POINT('Ctrl Pts',(0.884188085251887,3.94852192707427,-0.445923178897003));
#4893=CARTESIAN_POINT('Ctrl Pts',(0.89046793893383,3.92262579319123,-0.432975111955485));
#4894=CARTESIAN_POINT('Ctrl Pts',(0.903578098370477,3.91348189209136,-0.428403161405551));
#4895=CARTESIAN_POINT('Ctrl Pts',(0.909188085251887,3.91348189209136,-0.428403161405551));
#4896=CARTESIAN_POINT('',(0.909188085251887,3.93848189209136,-0.40340316140555));
#4897=CARTESIAN_POINT('',(0.909188085251887,3.91348189209136,-0.42840316140555));
#4898=CARTESIAN_POINT('Origin',(0.909188085251887,3.91348189209136,-0.40340316140555));
#4899=CARTESIAN_POINT('',(0.884188085251887,3.96348189209136,-0.45340316140555));
#4900=CARTESIAN_POINT('Origin',(0.909188085251887,3.96348189209136,-0.45340316140555));
#4901=CARTESIAN_POINT('Origin',(0.909188085251887,3.96348189209136,-0.45340316140555));
#4902=CARTESIAN_POINT('Origin',(0.909188085251887,3.96348189209136,-0.40340316140555));
#4903=CARTESIAN_POINT('',(0.911148869537741,3.938558904209,-0.40340316140555));
#4904=CARTESIAN_POINT('',(0.913109653823593,3.91363591632664,-0.42840316140555));
#4905=CARTESIAN_POINT('Origin',(0.913109653823593,3.91363591632664,-0.40340316140555));
#4906=CARTESIAN_POINT('Origin',(0.909188085251887,3.96348189209136,-0.42840316140555));
#4907=CARTESIAN_POINT('Origin',(0.909188085251887,3.96348189209136,-0.40340316140555));
#4908=CARTESIAN_POINT('Origin',(0.884188085251888,4.28124999210856,-0.40340316140555));
#4909=CARTESIAN_POINT('',(0.911148869537741,4.62394108000813,-0.40340316140555));
#4910=CARTESIAN_POINT('',(0.913109653823593,4.64886406789049,-0.42840316140555));
#4911=CARTESIAN_POINT('Origin',(0.913109653823593,4.64886406789049,-0.40340316140555));
#4912=CARTESIAN_POINT('Origin',(0.884188085251888,4.28124999210856,-0.42840316140555));
#4913=CARTESIAN_POINT('Origin',(0.884188085251888,4.28124999210856,-0.40340316140555));
#4914=CARTESIAN_POINT('Origin',(0.909188085251887,4.59901809212577,-0.40340316140555));
#4915=CARTESIAN_POINT('',(0.909188085251887,4.62401809212577,-0.40340316140555));
#4916=CARTESIAN_POINT('',(0.909188085251887,4.64901809212577,-0.42840316140555));
#4917=CARTESIAN_POINT('Origin',(0.909188085251887,4.64901809212577,-0.40340316140555));
#4918=CARTESIAN_POINT('Origin',(0.909188085251887,4.59901809212577,-0.42840316140555));
#4919=CARTESIAN_POINT('Origin',(0.909188085251887,4.59901809212577,-0.40340316140555));
#4920=CARTESIAN_POINT('Ctrl Pts',(0.909188085251887,4.62401809212577,-0.40340316140555));
#4921=CARTESIAN_POINT('Ctrl Pts',(0.905448093997614,4.62401809212577,-0.40340316140555));
#4922=CARTESIAN_POINT('Ctrl Pts',(0.897981920224052,4.62230707647354,-0.40682519271));
#4923=CARTESIAN_POINT('Ctrl Pts',(0.887467367176573,4.61394349053917,-0.423552364578751));
#4924=CARTESIAN_POINT('Ctrl Pts',(0.884188085251887,4.60462807900718,-0.442183187642729));
#4925=CARTESIAN_POINT('Ctrl Pts',(0.884188085251887,4.59901809212577,-0.45340316140555));
#4926=CARTESIAN_POINT('Ctrl Pts',(0.909188085251887,4.62401809212577,-0.410883143914098));
#4927=CARTESIAN_POINT('Ctrl Pts',(0.906583897585113,4.62401809212577,-0.410883143914098));
#4928=CARTESIAN_POINT('Ctrl Pts',(0.901076588899552,4.62357490996672,-0.412979459927081));
#4929=CARTESIAN_POINT('Ctrl Pts',(0.888964678266117,4.61676923659141,-0.426374061573925));
#4930=CARTESIAN_POINT('Ctrl Pts',(0.884188085251887,4.60569664793697,-0.443251756572522));
#4931=CARTESIAN_POINT('Ctrl Pts',(0.884188085251887,4.59901809212577,-0.45340316140555));
#4932=CARTESIAN_POINT('Ctrl Pts',(0.909188085251887,4.63030033478555,-0.423828344419122));
#4933=CARTESIAN_POINT('Ctrl Pts',(0.907559697563118,4.63030033478555,-0.423828344419122));
#4934=CARTESIAN_POINT('Ctrl Pts',(0.903670621871287,4.63018134605195,-0.423714281269383));
#4935=CARTESIAN_POINT('Ctrl Pts',(0.89006165326854,4.62175699099211,-0.431384790043399));
#4936=CARTESIAN_POINT('Ctrl Pts',(0.884188085251887,4.60756664356411,-0.445121752199659));
#4937=CARTESIAN_POINT('Ctrl Pts',(0.884188085251887,4.59901809212577,-0.45340316140555));
#4938=CARTESIAN_POINT('Ctrl Pts',(0.909188085251887,4.64340810524436,-0.428403161405551));
#4939=CARTESIAN_POINT('Ctrl Pts',(0.906288668981759,4.64340810524436,-0.428403161405551));
#4940=CARTESIAN_POINT('Ctrl Pts',(0.900281350844142,4.64097387427765,-0.429170289222015));
#4941=CARTESIAN_POINT('Ctrl Pts',(0.888594847091417,4.62673116558683,-0.436382234167976));
#4942=CARTESIAN_POINT('Ctrl Pts',(0.884188085251887,4.60943663919124,-0.446991747826796));
#4943=CARTESIAN_POINT('Ctrl Pts',(0.884188085251887,4.59901809212577,-0.45340316140555));
#4944=CARTESIAN_POINT('Ctrl Pts',(0.909188085251887,4.64901809212577,-0.428403161405551));
#4945=CARTESIAN_POINT('Ctrl Pts',(0.905448093997613,4.64901809212577,-0.428403161405551));
#4946=CARTESIAN_POINT('Ctrl Pts',(0.897981920224052,4.64559606082132,-0.430114177057776));
#4947=CARTESIAN_POINT('Ctrl Pts',(0.887467367176573,4.62886888895257,-0.438477762992151));
#4948=CARTESIAN_POINT('Ctrl Pts',(0.884188085251887,4.61023806588859,-0.44779317452414));
#4949=CARTESIAN_POINT('Ctrl Pts',(0.884188085251887,4.59901809212577,-0.45340316140555));
#4950=CARTESIAN_POINT('',(0.884188085251887,4.59901809212577,-0.45340316140555));
#4951=CARTESIAN_POINT('Origin',(0.909188085251887,4.59901809212577,-0.45340316140555));
#4952=CARTESIAN_POINT('Origin',(0.909188085251887,4.59901809212577,-0.45340316140555));
#4953=CARTESIAN_POINT('Origin',(0.909188085251888,4.59901809212577,-0.36590316140555));
#4954=CARTESIAN_POINT('',(0.911148869537741,4.62394108000813,-0.328403161405551));
#4955=CARTESIAN_POINT('',(0.911148869537741,4.62394108000813,-0.36590316140555));
#4956=CARTESIAN_POINT('',(0.909188085251888,4.62401809212577,-0.328403161405551));
#4957=CARTESIAN_POINT('Origin',(0.909188085251888,4.59901809212577,-0.328403161405551));
#4958=CARTESIAN_POINT('',(0.884188085251889,4.59901809212577,-0.27840316140555));
#4959=CARTESIAN_POINT('Origin',(0.909188085251888,4.59901809212577,-0.27840316140555));
#4960=CARTESIAN_POINT('',(0.884188085251888,4.59901809212577,-0.36590316140555));
#4961=CARTESIAN_POINT('Origin',(0.884188085251888,4.28124999210856,-0.36590316140555));
#4962=CARTESIAN_POINT('',(0.911148869537741,3.938558904209,-0.32840316140555));
#4963=CARTESIAN_POINT('',(0.911148869537741,3.938558904209,-0.36590316140555));
#4964=CARTESIAN_POINT('Origin',(0.884188085251888,4.28124999210856,-0.32840316140555));
#4965=CARTESIAN_POINT('Origin',(0.909188085251888,3.96348189209136,-0.36590316140555));
#4966=CARTESIAN_POINT('',(0.884188085251889,3.96348189209136,-0.27840316140555));
#4967=CARTESIAN_POINT('',(0.884188085251888,3.96348189209136,-0.36590316140555));
#4968=CARTESIAN_POINT('',(0.909188085251888,3.93848189209136,-0.32840316140555));
#4969=CARTESIAN_POINT('Origin',(0.909188085251888,3.96348189209136,-0.27840316140555));
#4970=CARTESIAN_POINT('Origin',(0.909188085251888,3.96348189209136,-0.32840316140555));
#4971=CARTESIAN_POINT('Ctrl Pts',(0.884188085251889,4.59901809212577,-0.27840316140555));
#4972=CARTESIAN_POINT('Ctrl Pts',(0.884188085251889,4.60462807900718,-0.289623135168371));
#4973=CARTESIAN_POINT('Ctrl Pts',(0.887467327238081,4.61394350725452,-0.30825399166305));
#4974=CARTESIAN_POINT('Ctrl Pts',(0.897981901089679,4.62230708847141,-0.324981154096843));
#4975=CARTESIAN_POINT('Ctrl Pts',(0.905448093997615,4.62401809212577,-0.328403161405551));
#4976=CARTESIAN_POINT('Ctrl Pts',(0.909188085251888,4.62401809212577,-0.328403161405551));
#4977=CARTESIAN_POINT('Ctrl Pts',(0.884188085251889,4.59901809212577,-0.27840316140555));
#4978=CARTESIAN_POINT('Ctrl Pts',(0.884188085251889,4.60569664793697,-0.288554566238579));
#4979=CARTESIAN_POINT('Ctrl Pts',(0.888964582629253,4.6167690707572,-0.305432185883379));
#4980=CARTESIAN_POINT('Ctrl Pts',(0.901076548496709,4.62357478702578,-0.318826804030875));
#4981=CARTESIAN_POINT('Ctrl Pts',(0.906583897585115,4.62401809212577,-0.320923178897003));
#4982=CARTESIAN_POINT('Ctrl Pts',(0.909188085251888,4.62401809212577,-0.320923178897003));
#4983=CARTESIAN_POINT('Ctrl Pts',(0.884188085251889,4.59901809212577,-0.27840316140555));
#4984=CARTESIAN_POINT('Ctrl Pts',(0.884188085251889,4.60756664356411,-0.286684570611442));
#4985=CARTESIAN_POINT('Ctrl Pts',(0.890061639255222,4.62175690886974,-0.300421428505885));
#4986=CARTESIAN_POINT('Ctrl Pts',(0.903670748973841,4.63018124261248,-0.308091920558606));
#4987=CARTESIAN_POINT('Ctrl Pts',(0.907559697563119,4.63030030285216,-0.307977940076418));
#4988=CARTESIAN_POINT('Ctrl Pts',(0.909188085251888,4.63030030285216,-0.307977940076418));
#4989=CARTESIAN_POINT('Ctrl Pts',(0.884188085251889,4.59901809212577,-0.27840316140555));
#4990=CARTESIAN_POINT('Ctrl Pts',(0.884188085251889,4.60943663919124,-0.284814574984305));
#4991=CARTESIAN_POINT('Ctrl Pts',(0.888594789257882,4.6267311789811,-0.295424036369818));
#4992=CARTESIAN_POINT('Ctrl Pts',(0.90028136032837,4.64097387083633,-0.302635982468128));
#4993=CARTESIAN_POINT('Ctrl Pts',(0.90628866898176,4.64340810524436,-0.30340316140555));
#4994=CARTESIAN_POINT('Ctrl Pts',(0.909188085251889,4.64340810524436,-0.30340316140555));
#4995=CARTESIAN_POINT('Ctrl Pts',(0.884188085251889,4.59901809212577,-0.27840316140555));
#4996=CARTESIAN_POINT('Ctrl Pts',(0.884188085251889,4.61023806588859,-0.284013148286961));
#4997=CARTESIAN_POINT('Ctrl Pts',(0.887467327238082,4.62886892238327,-0.2933285765343));
#4998=CARTESIAN_POINT('Ctrl Pts',(0.897981901089679,4.64559608481706,-0.301692157751196));
#4999=CARTESIAN_POINT('Ctrl Pts',(0.905448093997615,4.64901809212577,-0.30340316140555));
#5000=CARTESIAN_POINT('Ctrl Pts',(0.909188085251889,4.64901809212577,-0.30340316140555));
#5001=CARTESIAN_POINT('',(0.909188085251888,4.64901809212577,-0.30340316140555));
#5002=CARTESIAN_POINT('Origin',(0.909188085251888,4.64901809212577,-0.32840316140555));
#5003=CARTESIAN_POINT('Origin',(0.909188085251888,4.59901809212577,-0.27840316140555));
#5004=CARTESIAN_POINT('Origin',(0.909188085251888,4.59901809212577,-0.328403161405551));
#5005=CARTESIAN_POINT('',(0.913109653823593,4.64886406789049,-0.30340316140555));
#5006=CARTESIAN_POINT('Origin',(0.913109653823593,4.64886406789049,-0.328403161405551));
#5007=CARTESIAN_POINT('Origin',(0.909188085251888,4.59901809212577,-0.30340316140555));
#5008=CARTESIAN_POINT('Origin',(0.884188085251888,4.28124999210856,-0.32840316140555));
#5009=CARTESIAN_POINT('',(0.913109653823593,3.91363591632664,-0.30340316140555));
#5010=CARTESIAN_POINT('Origin',(0.913109653823593,3.91363591632664,-0.32840316140555));
#5011=CARTESIAN_POINT('Origin',(0.884188085251888,4.28124999210856,-0.30340316140555));
#5012=CARTESIAN_POINT('Origin',(0.909188085251888,3.96348189209136,-0.32840316140555));
#5013=CARTESIAN_POINT('',(0.909188085251888,3.91348189209136,-0.30340316140555));
#5014=CARTESIAN_POINT('Origin',(0.909188085251888,3.91348189209136,-0.32840316140555));
#5015=CARTESIAN_POINT('Origin',(0.909188085251888,3.96348189209136,-0.30340316140555));
#5016=CARTESIAN_POINT('Ctrl Pts',(0.909188085251888,3.93848189209136,-0.328403161405551));
#5017=CARTESIAN_POINT('Ctrl Pts',(0.903578098370478,3.93848189209136,-0.328403161405551));
#5018=CARTESIAN_POINT('Ctrl Pts',(0.890467859016129,3.94305374675132,-0.319259452085626));
#5019=CARTESIAN_POINT('Ctrl Pts',(0.884188085251888,3.95600190958281,-0.293363126422645));
#5020=CARTESIAN_POINT('Ctrl Pts',(0.884188085251889,3.96348189209136,-0.27840316140555));
#5021=CARTESIAN_POINT('Ctrl Pts',(0.909188085251888,3.93848189209136,-0.320923178897003));
#5022=CARTESIAN_POINT('Ctrl Pts',(0.905281803751727,3.93848189209136,-0.320923178897003));
#5023=CARTESIAN_POINT('Ctrl Pts',(0.893871575417117,3.93972551689641,-0.315156550554625));
#5024=CARTESIAN_POINT('Ctrl Pts',(0.884188085251889,3.95457715100976,-0.291938367849588));
#5025=CARTESIAN_POINT('Ctrl Pts',(0.884188085251889,3.96348189209136,-0.27840316140555));
#5026=CARTESIAN_POINT('Ctrl Pts',(0.909188085251888,3.93219988178822,-0.307977699596775));
#5027=CARTESIAN_POINT('Ctrl Pts',(0.906745503718735,3.93219988178822,-0.307977699596775));
#5028=CARTESIAN_POINT('Ctrl Pts',(0.896549866277326,3.93295350433501,-0.30787112684578));
#5029=CARTESIAN_POINT('Ctrl Pts',(0.884188085251888,3.95208382350691,-0.289445040346739));
#5030=CARTESIAN_POINT('Ctrl Pts',(0.884188085251888,3.96348189209136,-0.27840316140555));
#5031=CARTESIAN_POINT('Ctrl Pts',(0.909188085251888,3.91909187897277,-0.30340316140555));
#5032=CARTESIAN_POINT('Ctrl Pts',(0.904838960846696,3.91909187897277,-0.30340316140555));
#5033=CARTESIAN_POINT('Ctrl Pts',(0.893014905834243,3.92572843293813,-0.301299201951262));
#5034=CARTESIAN_POINT('Ctrl Pts',(0.884188085251889,3.94959049600406,-0.28695171284389));
#5035=CARTESIAN_POINT('Ctrl Pts',(0.884188085251889,3.96348189209136,-0.27840316140555));
#5036=CARTESIAN_POINT('Ctrl Pts',(0.909188085251888,3.91348189209136,-0.30340316140555));
#5037=CARTESIAN_POINT('Ctrl Pts',(0.903578098370478,3.91348189209136,-0.30340316140555));
#5038=CARTESIAN_POINT('Ctrl Pts',(0.890467859016129,3.92262560141129,-0.298831306745588));
#5039=CARTESIAN_POINT('Ctrl Pts',(0.884188085251889,3.94852192707427,-0.285883143914097));
#5040=CARTESIAN_POINT('Ctrl Pts',(0.884188085251889,3.96348189209136,-0.27840316140555));
#5041=CARTESIAN_POINT('Origin',(0.909188085251888,3.96348189209136,-0.27840316140555));
#5042=CARTESIAN_POINT('Origin',(0.909188085251888,4.37499999739075,-0.27840316140555));
#5043=CARTESIAN_POINT('',(0.909188085251888,4.72429521009121,-0.30340316140555));
#5044=CARTESIAN_POINT('',(0.909188085251888,4.37499999739075,-0.30340316140555));
#5045=CARTESIAN_POINT('',(0.896688085251887,4.72499999512522,-0.300053796500161));
#5046=CARTESIAN_POINT('Ctrl Pts',(0.896688085251887,4.72499999512522,-0.300053796500161));
#5047=CARTESIAN_POINT('Ctrl Pts',(0.900468711671052,4.72499999512522,-0.302236542180972));
#5048=CARTESIAN_POINT('Ctrl Pts',(0.904829527372987,4.72478709643847,-0.30340316140555));
#5049=CARTESIAN_POINT('Ctrl Pts',(0.909188085251888,4.72429521009121,-0.30340316140555));
#5050=CARTESIAN_POINT('',(0.884188085251889,4.72499999409815,-0.27840316140555));
#5051=CARTESIAN_POINT('Origin',(0.909188085251888,4.72499999409815,-0.27840316140555));
#5052=CARTESIAN_POINT('',(0.884188085251889,4.37499999739075,-0.27840316140555));
#5053=CARTESIAN_POINT('Origin',(0.681688085251888,3.5,-0.365994548708483));
#5054=CARTESIAN_POINT('',(0.434188085251888,3.5825,-0.365994548708481));
#5055=CARTESIAN_POINT('Origin',(0.434188085251888,3.5,-0.365994548708481));
#5056=CARTESIAN_POINT('',(0.884188085251888,3.5825,-0.365994548708484));
#5057=CARTESIAN_POINT('',(0.681688085251888,3.5825,-0.365994548708483));
#5058=CARTESIAN_POINT('Origin',(0.884188085251888,3.5,-0.365994548708484));
#5059=CARTESIAN_POINT('Origin',(0.366376462775344,4.5,-0.36599454870848));
#5060=CARTESIAN_POINT('Ctrl Pts',(0.444501462775343,4.58205111851209,-0.36593081047338));
#5061=CARTESIAN_POINT('Ctrl Pts',(0.444780859075984,4.58209073293747,-0.3613336772375));
#5062=CARTESIAN_POINT('Ctrl Pts',(0.446699212284619,4.57966052628992,-0.32981044472521));
#5063=CARTESIAN_POINT('Ctrl Pts',(0.450256522401248,4.5388433644367,-0.277508701539494));
#5064=CARTESIAN_POINT('Ctrl Pts',(0.455173393125229,4.44745520509966,-0.284902294071429));
#5065=CARTESIAN_POINT('Ctrl Pts',(0.46009026384921,4.40337246639566,-0.365289715744069));
#5066=CARTESIAN_POINT('Ctrl Pts',(0.465007134573191,4.44628051153203,-0.446317266911721));
#5067=CARTESIAN_POINT('Ctrl Pts',(0.469924005297172,4.53755094611843,-0.455029690584435));
#5068=CARTESIAN_POINT('Ctrl Pts',(0.473505448031223,4.57940783020107,-0.402991312158479));
#5069=CARTESIAN_POINT('Ctrl Pts',(0.47544793385728,4.58208386560474,-0.371058798043397));
#5070=CARTESIAN_POINT('Ctrl Pts',(0.475751462775343,4.58203980645427,-0.366061732081581));
#5071=CARTESIAN_POINT('Ctrl Pts',(0.439499707728432,4.5820921960486,-0.366046477362011));
#5072=CARTESIAN_POINT('Ctrl Pts',(0.441007080718905,4.58194806592475,-0.341312611491652));
#5073=CARTESIAN_POINT('Ctrl Pts',(0.444153410617372,4.55697005863629,-0.289296685515526));
#5074=CARTESIAN_POINT('Ctrl Pts',(0.448938697423832,4.46894738147201,-0.274508648312879));
#5075=CARTESIAN_POINT('Ctrl Pts',(0.453855568147813,4.40650486774394,-0.341592217864973));
#5076=CARTESIAN_POINT('Ctrl Pts',(0.458772438871794,4.42821143793468,-0.430685781399886));
#5077=CARTESIAN_POINT('Ctrl Pts',(0.463689309595775,4.51455818012849,-0.461519266104972));
#5078=CARTESIAN_POINT('Ctrl Pts',(0.467681732547988,4.57402390808529,-0.416734395739149));
#5079=CARTESIAN_POINT('Ctrl Pts',(0.470035198592207,4.58191666789436,-0.377842808117695));
#5080=CARTESIAN_POINT('Ctrl Pts',(0.470749707728432,4.58188143926249,-0.366021673533364));
#5081=CARTESIAN_POINT('Ctrl Pts',(0.434188085251888,4.44623069871607,-0.325603649492959));
#5082=CARTESIAN_POINT('Ctrl Pts',(0.435827042159882,4.43292061142562,-0.343322346217603));
#5083=CARTESIAN_POINT('Ctrl Pts',(0.439104955975869,4.42540864022078,-0.392655472474134));
#5084=CARTESIAN_POINT('Ctrl Pts',(0.44402182669985,4.48132388503537,-0.443055475628356));
#5085=CARTESIAN_POINT('Ctrl Pts',(0.448938697423831,4.55406255307798,-0.423918985318691));
#5086=CARTESIAN_POINT('Ctrl Pts',(0.453855568147813,4.5781251028843,-0.352712661699169));
#5087=CARTESIAN_POINT('Ctrl Pts',(0.458772438871795,4.53185629583375,-0.293425363072939));
#5088=CARTESIAN_POINT('Ctrl Pts',(0.463689309595776,4.45690686027991,-0.299489010606753));
#5089=CARTESIAN_POINT('Ctrl Pts',(0.468606180319757,4.42075363859888,-0.365416499722423));
#5090=CARTESIAN_POINT('Ctrl Pts',(0.473523051043738,4.45594346829914,-0.431868973088578));
#5091=CARTESIAN_POINT('Ctrl Pts',(0.478439921767719,4.53079635520078,-0.439014222990895));
#5092=CARTESIAN_POINT('Ctrl Pts',(0.483356792491701,4.57792404055105,-0.380422945155816));
#5093=CARTESIAN_POINT('Ctrl Pts',(0.488273663215683,4.55489885353596,-0.308841623188586));
#5094=CARTESIAN_POINT('Ctrl Pts',(0.493190533939665,4.48244969321963,-0.288713806817891));
#5095=CARTESIAN_POINT('Ctrl Pts',(0.498107404663645,4.42580060904905,-0.338159622000556));
#5096=CARTESIAN_POINT('Ctrl Pts',(0.503024275387627,4.43595122820784,-0.412664535598437));
#5097=CARTESIAN_POINT('Ctrl Pts',(0.507941146111607,4.50376322898752,-0.44515368808304));
#5098=CARTESIAN_POINT('Ctrl Pts',(0.512858016835589,4.56818729527487,-0.406378021221555));
#5099=CARTESIAN_POINT('Ctrl Pts',(0.517774887559571,4.57122418171975,-0.331246196853747));
#5100=CARTESIAN_POINT('Ctrl Pts',(0.522691758283553,4.51013986068713,-0.28739737906846));
#5101=CARTESIAN_POINT('Ctrl Pts',(0.527608629007534,4.43992689705794,-0.314307468491111));
#5102=CARTESIAN_POINT('Ctrl Pts',(0.532525499731515,4.42379612552203,-0.38775004123694));
#5103=CARTESIAN_POINT('Ctrl Pts',(0.537442370455496,4.47626964413616,-0.4416067311566));
#5104=CARTESIAN_POINT('Ctrl Pts',(0.542359241179477,4.55010696122237,-0.427391815540153));
#5105=CARTESIAN_POINT('Ctrl Pts',(0.54727611190346,4.57883433438973,-0.357902598667206));
#5106=CARTESIAN_POINT('Ctrl Pts',(0.552192982627441,4.53658928541794,-0.295698345928831));
#5107=CARTESIAN_POINT('Ctrl Pts',(0.557109853351422,4.46140389097012,-0.296779866003282));
#5108=CARTESIAN_POINT('Ctrl Pts',(0.562026724075403,4.42096553109787,-0.360173495617468));
#5109=CARTESIAN_POINT('Ctrl Pts',(0.566943594799385,4.45167976905787,-0.428807662110955));
#5110=CARTESIAN_POINT('Ctrl Pts',(0.571860465523365,4.52589540592783,-0.440892879034531));
#5111=CARTESIAN_POINT('Ctrl Pts',(0.576777336247348,4.57679810821038,-0.385549151978109));
#5112=CARTESIAN_POINT('Ctrl Pts',(0.581694206971328,4.55856154779342,-0.31260094371913));
#5113=CARTESIAN_POINT('Ctrl Pts',(0.586611077695311,4.48760360749712,-0.28772155600567));
#5114=CARTESIAN_POINT('Ctrl Pts',(0.591527948419291,4.42780580457599,-0.333309229667506));
#5115=CARTESIAN_POINT('Ctrl Pts',(0.596444819143273,4.43300248601279,-0.408322613314176));
#5116=CARTESIAN_POINT('Ctrl Pts',(0.601361689867254,4.49851521985914,-0.445229183570177));
#5117=CARTESIAN_POINT('Ctrl Pts',(0.606278560591235,4.56536466116617,-0.410802951986928));
#5118=CARTESIAN_POINT('Ctrl Pts',(0.611195431315217,4.57336806335919,-0.33603692509356));
#5119=CARTESIAN_POINT('Ctrl Pts',(0.616112302039199,4.51532017959546,-0.288240937661182));
#5120=CARTESIAN_POINT('Ctrl Pts',(0.62102917276318,4.44347995190117,-0.310444426326636));
#5121=CARTESIAN_POINT('Ctrl Pts',(0.625946043487161,4.42252319704695,-0.38265818990439));
#5122=CARTESIAN_POINT('Ctrl Pts',(0.630862914211142,4.47131671543919,-0.439870127356202));
#5123=CARTESIAN_POINT('Ctrl Pts',(0.635779784935124,4.54593302025867,-0.430573876543696));
#5124=CARTESIAN_POINT('Ctrl Pts',(0.640696655659105,4.57919706747379,-0.363138601005186));
#5125=CARTESIAN_POINT('Ctrl Pts',(0.645613526383087,4.54116213375441,-0.298274458052047));
#5126=CARTESIAN_POINT('Ctrl Pts',(0.650530397107068,4.46607004270088,-0.294376883768798));
#5127=CARTESIAN_POINT('Ctrl Pts',(0.65544726783105,4.42152417584157,-0.354954759019073));
#5128=CARTESIAN_POINT('Ctrl Pts',(0.66036413855503,4.44762797403887,-0.42547145876993));
#5129=CARTESIAN_POINT('Ctrl Pts',(0.665281009279011,4.52088089277328,-0.442442702713213));
#5130=CARTESIAN_POINT('Ctrl Pts',(0.670197880002994,4.57533530768382,-0.390589738276833));
#5131=CARTESIAN_POINT('Ctrl Pts',(0.675114750726975,4.56196737970261,-0.316594388926175));
#5132=CARTESIAN_POINT('Ctrl Pts',(0.680031621450956,4.4928118933567,-0.287072669253659));
#5133=CARTESIAN_POINT('Ctrl Pts',(0.684948492174938,4.43012766528997,-0.328602186175722));
#5134=CARTESIAN_POINT('Ctrl Pts',(0.689865362898918,4.43034761308638,-0.403795037210153));
#5135=CARTESIAN_POINT('Ctrl Pts',(0.6947822336229,4.49327372368974,-0.444957129347832));
#5136=CARTESIAN_POINT('Ctrl Pts',(0.699699104346881,4.56225531918919,-0.415031342703253));
#5137=CARTESIAN_POINT('Ctrl Pts',(0.704615975070863,4.57519013219397,-0.34095905480893));
#5138=CARTESIAN_POINT('Ctrl Pts',(0.709532845794845,4.5204332998533,-0.289425545878063));
#5139=CARTESIAN_POINT('Ctrl Pts',(0.714449716518826,4.44728091955954,-0.306825042360155));
#5140=CARTESIAN_POINT('Ctrl Pts',(0.719366587242806,4.42159010346962,-0.377493247187241));
#5141=CARTESIAN_POINT('Ctrl Pts',(0.724283457966788,4.46648959979227,-0.437809484734374));
#5142=CARTESIAN_POINT('Ctrl Pts',(0.729200328690769,4.54155760394667,-0.433472674085437));
#5143=CARTESIAN_POINT('Ctrl Pts',(0.734117199414752,4.57921242053493,-0.368387131259954));
#5144=CARTESIAN_POINT('Ctrl Pts',(0.739034070138733,4.54555443241325,-0.30114760755763));
#5145=CARTESIAN_POINT('Ctrl Pts',(0.743950940862715,4.47088502281127,-0.292288040568203));
#5146=CARTESIAN_POINT('Ctrl Pts',(0.748867811586695,4.42242703331938,-0.34978443813636));
#5147=CARTESIAN_POINT('Ctrl Pts',(0.753784682310676,4.44380590596235,-0.421874389059149));
#5148=CARTESIAN_POINT('Ctrl Pts',(0.758701553034657,4.51577477279906,-0.443657170853135));
#5149=CARTESIAN_POINT('Ctrl Pts',(0.763618423758639,4.5735421006409,-0.395522509159026));
#5150=CARTESIAN_POINT('Ctrl Pts',(0.768535294482621,4.56510133379032,-0.320804383201327));
#5151=CARTESIAN_POINT('Ctrl Pts',(0.773452165206603,4.49805185341083,-0.286770227626948));
#5152=CARTESIAN_POINT('Ctrl Pts',(0.778369035930584,4.43275571112609,-0.324058604856449));
#5153=CARTESIAN_POINT('Ctrl Pts',(0.783285906654565,4.42799885265458,-0.399102776037786));
#5154=CARTESIAN_POINT('Ctrl Pts',(0.788202777378545,4.48806051823198,-0.444336453614142));
#5155=CARTESIAN_POINT('Ctrl Pts',(0.793119648102528,4.55887536849463,-0.419049249467926));
#5156=CARTESIAN_POINT('Ctrl Pts',(0.798036518826509,4.57667740330275,-0.345981651717849));
#5157=CARTESIAN_POINT('Ctrl Pts',(0.802953389550491,4.52546692571613,-0.290964983226013));
#5158=CARTESIAN_POINT('Ctrl Pts',(0.807870260274472,4.45129259092184,-0.303426409621444));
#5159=CARTESIAN_POINT('Ctrl Pts',(0.812787130998454,4.42104321199268,-0.372358622664552));
#5160=CARTESIAN_POINT('Ctrl Pts',(0.816065044814441,4.4481737056949,-0.414240878681863));
#5161=CARTESIAN_POINT('Ctrl Pts',(0.817704001722434,4.46759166822796,-0.424920455844084));
#5162=CARTESIAN_POINT('Ctrl Pts',(0.431349446428372,4.44229960977462,-0.322650659339655));
#5163=CARTESIAN_POINT('Ctrl Pts',(0.432988403336366,4.42801641820891,-0.341664775031776));
#5164=CARTESIAN_POINT('Ctrl Pts',(0.436266317152353,4.41995524464833,-0.394604660209169));
#5165=CARTESIAN_POINT('Ctrl Pts',(0.441183187876334,4.47995846894749,-0.44868942195831));
#5166=CARTESIAN_POINT('Ctrl Pts',(0.446100058600316,4.55801508174167,-0.428153857388087));
#5167=CARTESIAN_POINT('Ctrl Pts',(0.451016929324297,4.58383685142231,-0.351741619154498));
#5168=CARTESIAN_POINT('Ctrl Pts',(0.455933800048279,4.5341853187014,-0.288119809228457));
#5169=CARTESIAN_POINT('Ctrl Pts',(0.46085067077226,4.45375630855315,-0.294626771761645));
#5170=CARTESIAN_POINT('Ctrl Pts',(0.465767541496241,4.41495991453115,-0.365374238396305));
#5171=CARTESIAN_POINT('Ctrl Pts',(0.470684412220223,4.45272248271009,-0.436685071029626));
#5172=CARTESIAN_POINT('Ctrl Pts',(0.475601282944204,4.53304788550667,-0.444352712188742));
#5173=CARTESIAN_POINT('Ctrl Pts',(0.480518153668185,4.58362108936457,-0.381477809332263));
#5174=CARTESIAN_POINT('Ctrl Pts',(0.485435024392168,4.55891252436449,-0.304663156514889));
#5175=CARTESIAN_POINT('Ctrl Pts',(0.490351895116149,4.48116658528897,-0.283063789752779));
#5176=CARTESIAN_POINT('Ctrl Pts',(0.49526876584013,4.42037587042934,-0.336124602575813));
#5177=CARTESIAN_POINT('Ctrl Pts',(0.500185636564111,4.43126860424782,-0.416076591641197));
#5178=CARTESIAN_POINT('Ctrl Pts',(0.505102507288092,4.50403835973134,-0.45094103532356));
#5179=CARTESIAN_POINT('Ctrl Pts',(0.510019378012073,4.57317248786621,-0.409330468406525));
#5180=CARTESIAN_POINT('Ctrl Pts',(0.514936248736056,4.57643140194461,-0.328705734946152));
#5181=CARTESIAN_POINT('Ctrl Pts',(0.519853119460037,4.51088118879189,-0.281651117595397));
#5182=CARTESIAN_POINT('Ctrl Pts',(0.524769990184019,4.43553493538064,-0.310528611325281));
#5183=CARTESIAN_POINT('Ctrl Pts',(0.529686860907999,4.41822483854036,-0.389340591496146));
#5184=CARTESIAN_POINT('Ctrl Pts',(0.534603731631981,4.47453471105566,-0.447134759365322));
#5185=CARTESIAN_POINT('Ctrl Pts',(0.539520602355961,4.55377029543813,-0.431880587216818));
#5186=CARTESIAN_POINT('Ctrl Pts',(0.544437473079944,4.58459793504524,-0.357310993893432));
#5187=CARTESIAN_POINT('Ctrl Pts',(0.549354343803925,4.53926433850301,-0.290558970508758));
#5188=CARTESIAN_POINT('Ctrl Pts',(0.554271214527907,4.45858211843882,-0.291719560824092));
#5189=CARTESIAN_POINT('Ctrl Pts',(0.559188085251887,4.41518729855112,-0.359747916766948));
#5190=CARTESIAN_POINT('Ctrl Pts',(0.564104955975869,4.44814706320213,-0.433399946733937));
#5191=CARTESIAN_POINT('Ctrl Pts',(0.569021826699849,4.52778862643556,-0.446368717311157));
#5192=CARTESIAN_POINT('Ctrl Pts',(0.573938697423832,4.58241283978958,-0.386978794596334));
#5193=CARTESIAN_POINT('Ctrl Pts',(0.578855568147813,4.56284299924299,-0.30869732204085));
#5194=CARTESIAN_POINT('Ctrl Pts',(0.583772438871795,4.48669730370818,-0.281998995200879));
#5195=CARTESIAN_POINT('Ctrl Pts',(0.588689309595776,4.42252766637275,-0.330919596676902));
#5196=CARTESIAN_POINT('Ctrl Pts',(0.593606180319757,4.42810427867048,-0.411417230181259));
#5197=CARTESIAN_POINT('Ctrl Pts',(0.598523051043737,4.49840666715987,-0.451022050307278));
#5198=CARTESIAN_POINT('Ctrl Pts',(0.60343992176772,4.57014349017336,-0.414078907121287));
#5199=CARTESIAN_POINT('Ctrl Pts',(0.608356792491701,4.57873202338173,-0.333846714692965));
#5200=CARTESIAN_POINT('Ctrl Pts',(0.613273663215684,4.51644024229203,-0.282556348997253));
#5201=CARTESIAN_POINT('Ctrl Pts',(0.618190533939664,4.43934775507611,-0.30638314104717));
#5202=CARTESIAN_POINT('Ctrl Pts',(0.623107404663646,4.41685884590168,-0.383876473461463));
#5203=CARTESIAN_POINT('Ctrl Pts',(0.628024275387625,4.46921967233003,-0.445271191966133));
#5204=CARTESIAN_POINT('Ctrl Pts',(0.632941146111609,4.54929119646098,-0.435295289607237));
#5205=CARTESIAN_POINT('Ctrl Pts',(0.637858016835589,4.58498718764846,-0.362929801854635));
#5206=CARTESIAN_POINT('Ctrl Pts',(0.642774887559572,4.54417150908465,-0.293323422923509));
#5207=CARTESIAN_POINT('Ctrl Pts',(0.647691758283552,4.4635894138525,-0.28914089587358));
#5208=CARTESIAN_POINT('Ctrl Pts',(0.652608629007535,4.41578678597125,-0.354147636848471));
#5209=CARTESIAN_POINT('Ctrl Pts',(0.657525499731514,4.44379904029451,-0.429819832615811));
#5210=CARTESIAN_POINT('Ctrl Pts',(0.662442370455496,4.52240750079511,-0.448031849040696));
#5211=CARTESIAN_POINT('Ctrl Pts',(0.667359241179478,4.58084309349962,-0.392387899595957));
#5212=CARTESIAN_POINT('Ctrl Pts',(0.672276111903459,4.56649783249376,-0.312982729165139));
#5213=CARTESIAN_POINT('Ctrl Pts',(0.677192982627441,4.49228636883136,-0.281302668153493));
#5214=CARTESIAN_POINT('Ctrl Pts',(0.682109853351422,4.42501927898527,-0.325868419893897));
#5215=CARTESIAN_POINT('Ctrl Pts',(0.687026724075403,4.42525530722776,-0.406558641697884));
#5216=CARTESIAN_POINT('Ctrl Pts',(0.691943594799383,4.49278196371167,-0.450730106123199));
#5217=CARTESIAN_POINT('Ctrl Pts',(0.696860465523366,4.56680682331826,-0.418616436688001));
#5218=CARTESIAN_POINT('Ctrl Pts',(0.701777336247347,4.58068730418833,-0.339128702714663));
#5219=CARTESIAN_POINT('Ctrl Pts',(0.70669420697133,4.5219271842292,-0.283827564258491));
#5220=CARTESIAN_POINT('Ctrl Pts',(0.71161107769531,4.44342661256328,-0.302499142887352));
#5221=CARTESIAN_POINT('Ctrl Pts',(0.716527948419292,4.41585753358698,-0.378333920310224));
#5222=CARTESIAN_POINT('Ctrl Pts',(0.721444819143272,4.46403964488242,-0.443059895174928));
#5223=CARTESIAN_POINT('Ctrl Pts',(0.726361689867254,4.54459589221539,-0.43840601906343));
#5224=CARTESIAN_POINT('Ctrl Pts',(0.731278560591236,4.58500366317627,-0.368562053652193));
#5225=CARTESIAN_POINT('Ctrl Pts',(0.736195431315217,4.54888492995028,-0.296406629208311));
#5226=CARTESIAN_POINT('Ctrl Pts',(0.741112302039199,4.46875641853106,-0.286899336751256));
#5227=CARTESIAN_POINT('Ctrl Pts',(0.74602917276318,4.41675565161658,-0.34859931233245));
#5228=CARTESIAN_POINT('Ctrl Pts',(0.750946043487161,4.4396975397316,-0.425959780113286));
#5229=CARTESIAN_POINT('Ctrl Pts',(0.755862914211141,4.51692807093431,-0.449335107292459));
#5230=CARTESIAN_POINT('Ctrl Pts',(0.760779784935124,4.57891878457871,-0.397681306763217));
#5231=CARTESIAN_POINT('Ctrl Pts',(0.765696655659105,4.56986091085801,-0.317500517321622));
#5232=CARTESIAN_POINT('Ctrl Pts',(0.770613526383087,4.49790942385847,-0.280978114933255));
#5233=CARTESIAN_POINT('Ctrl Pts',(0.775530397107068,4.42783946200147,-0.320992656049423));
#5234=CARTESIAN_POINT('Ctrl Pts',(0.780447267831049,4.42273482825138,-0.401523327973881));
#5235=CARTESIAN_POINT('Ctrl Pts',(0.78536413855503,4.48718761931709,-0.450064052609724));
#5236=CARTESIAN_POINT('Ctrl Pts',(0.790281009279012,4.56317976346512,-0.422928093761367));
#5237=CARTESIAN_POINT('Ctrl Pts',(0.795197880002994,4.58228331011175,-0.344518503115064));
#5238=CARTESIAN_POINT('Ctrl Pts',(0.800114750726975,4.52732881991347,-0.285479550309699));
#5239=CARTESIAN_POINT('Ctrl Pts',(0.805031621450956,4.44773157836222,-0.298852035140484));
#5240=CARTESIAN_POINT('Ctrl Pts',(0.809948492174938,4.41527065871829,-0.372823901925281));
#5241=CARTESIAN_POINT('Ctrl Pts',(0.813226405990925,4.44438467054744,-0.41776818161672));
#5242=CARTESIAN_POINT('Ctrl Pts',(0.814865362898919,4.46522228585553,-0.429228545709017));
#5243=CARTESIAN_POINT('Ctrl Pts',(0.428510807604857,4.43836852083317,-0.319697669186352));
#5244=CARTESIAN_POINT('Ctrl Pts',(0.43014976451285,4.4231122249922,-0.34000720384595));
#5245=CARTESIAN_POINT('Ctrl Pts',(0.433427678328838,4.41450184907587,-0.396553847944205));
#5246=CARTESIAN_POINT('Ctrl Pts',(0.438344549052818,4.47859305285961,-0.454323368288263));
#5247=CARTESIAN_POINT('Ctrl Pts',(0.4432614197768,4.56196761040537,-0.432388729457483));
#5248=CARTESIAN_POINT('Ctrl Pts',(0.448178290500782,4.58954859996032,-0.350770576609827));
#5249=CARTESIAN_POINT('Ctrl Pts',(0.453095161224764,4.53651434156905,-0.282814255383976));
#5250=CARTESIAN_POINT('Ctrl Pts',(0.458012031948745,4.45060575682641,-0.289764532916537));
#5251=CARTESIAN_POINT('Ctrl Pts',(0.462928902672725,4.4091661904634,-0.365331977070187));
#5252=CARTESIAN_POINT('Ctrl Pts',(0.467845773396707,4.44950149712107,-0.441501168970673));
#5253=CARTESIAN_POINT('Ctrl Pts',(0.472762644120688,4.53529941581255,-0.449691201386588));
#5254=CARTESIAN_POINT('Ctrl Pts',(0.47767951484467,4.58931813817809,-0.38253267350871));
#5255=CARTESIAN_POINT('Ctrl Pts',(0.482596385568652,4.56292619519301,-0.300484689841192));
#5256=CARTESIAN_POINT('Ctrl Pts',(0.487513256292633,4.47988347735831,-0.277413772687668));
#5257=CARTESIAN_POINT('Ctrl Pts',(0.492430127016614,4.41495113180962,-0.33408958315107));
#5258=CARTESIAN_POINT('Ctrl Pts',(0.497346997740595,4.4265859802878,-0.419488647683957));
#5259=CARTESIAN_POINT('Ctrl Pts',(0.502263868464577,4.50431349047516,-0.456728382564078));
#5260=CARTESIAN_POINT('Ctrl Pts',(0.507180739188558,4.57815768045756,-0.412282915591496));
#5261=CARTESIAN_POINT('Ctrl Pts',(0.51209760991254,4.58163862216948,-0.326165273038557));
#5262=CARTESIAN_POINT('Ctrl Pts',(0.517014480636522,4.51162251689665,-0.275904856122335));
#5263=CARTESIAN_POINT('Ctrl Pts',(0.521931351360503,4.43114297370334,-0.306749754159451));
#5264=CARTESIAN_POINT('Ctrl Pts',(0.526848222084484,4.4126535515587,-0.390931141755352));
#5265=CARTESIAN_POINT('Ctrl Pts',(0.531765092808465,4.47279977797515,-0.452662787574045));
#5266=CARTESIAN_POINT('Ctrl Pts',(0.536681963532446,4.55743362965389,-0.436369358893483));
#5267=CARTESIAN_POINT('Ctrl Pts',(0.541598834256428,4.59036153570074,-0.356719389119659));
#5268=CARTESIAN_POINT('Ctrl Pts',(0.54651570498041,4.5419393915881,-0.285419595088684));
#5269=CARTESIAN_POINT('Ctrl Pts',(0.551432575704391,4.45576034590751,-0.286659255644902));
#5270=CARTESIAN_POINT('Ctrl Pts',(0.556349446428372,4.40940906600438,-0.359322337916428));
#5271=CARTESIAN_POINT('Ctrl Pts',(0.561266317152353,4.44461435734639,-0.437992231356918));
#5272=CARTESIAN_POINT('Ctrl Pts',(0.566183187876334,4.52968184694329,-0.451844555587782));
#5273=CARTESIAN_POINT('Ctrl Pts',(0.571100058600315,4.58802757136878,-0.388408437214559));
#5274=CARTESIAN_POINT('Ctrl Pts',(0.576016929324298,4.56712445069257,-0.304793700362571));
#5275=CARTESIAN_POINT('Ctrl Pts',(0.580933800048279,4.48579099991925,-0.276276434396089));
#5276=CARTESIAN_POINT('Ctrl Pts',(0.58585067077226,4.4172495281695,-0.328529963686298));
#5277=CARTESIAN_POINT('Ctrl Pts',(0.590767541496241,4.42320607132817,-0.414511847048342));
#5278=CARTESIAN_POINT('Ctrl Pts',(0.595684412220222,4.4982981144606,-0.456814917044378));
#5279=CARTESIAN_POINT('Ctrl Pts',(0.600601282944204,4.57492231918055,-0.417354862255647));
#5280=CARTESIAN_POINT('Ctrl Pts',(0.605518153668186,4.58409598340428,-0.33165650429237));
#5281=CARTESIAN_POINT('Ctrl Pts',(0.610435024392168,4.5175603049886,-0.276871760333324));
#5282=CARTESIAN_POINT('Ctrl Pts',(0.615351895116148,4.43521555825103,-0.302321855767704));
#5283=CARTESIAN_POINT('Ctrl Pts',(0.620268765840129,4.41119449475642,-0.385094757018537));
#5284=CARTESIAN_POINT('Ctrl Pts',(0.625185636564111,4.46712262922088,-0.450672256576066));
#5285=CARTESIAN_POINT('Ctrl Pts',(0.630102507288092,4.55264937266329,-0.440016702670778));
#5286=CARTESIAN_POINT('Ctrl Pts',(0.635019378012074,4.59077730782311,-0.362721002704085));
#5287=CARTESIAN_POINT('Ctrl Pts',(0.639936248736056,4.54718088441491,-0.288372387794972));
#5288=CARTESIAN_POINT('Ctrl Pts',(0.644853119460037,4.46110878500411,-0.283904907978361));
#5289=CARTESIAN_POINT('Ctrl Pts',(0.649769990184018,4.41004939610094,-0.353340514677871));
#5290=CARTESIAN_POINT('Ctrl Pts',(0.654686860907999,4.43997010655014,-0.43416820646169));
#5291=CARTESIAN_POINT('Ctrl Pts',(0.65960373163198,4.52393410881695,-0.45362099536818));
#5292=CARTESIAN_POINT('Ctrl Pts',(0.664520602355961,4.58635087931541,-0.39418606091508));
#5293=CARTESIAN_POINT('Ctrl Pts',(0.669437473079944,4.5710282852849,-0.309371069404103));
#5294=CARTESIAN_POINT('Ctrl Pts',(0.674354343803925,4.49176084430601,-0.275532667053326));
#5295=CARTESIAN_POINT('Ctrl Pts',(0.679271214527907,4.41991089268057,-0.323134653612072));
#5296=CARTESIAN_POINT('Ctrl Pts',(0.684188085251887,4.42016300136914,-0.409322246185614));
#5297=CARTESIAN_POINT('Ctrl Pts',(0.689104955975869,4.4922902037336,-0.456503082898567));
#5298=CARTESIAN_POINT('Ctrl Pts',(0.69402182669985,4.57135832744733,-0.422201530672749));
#5299=CARTESIAN_POINT('Ctrl Pts',(0.698938697423832,4.58618447618269,-0.337298350620396));
#5300=CARTESIAN_POINT('Ctrl Pts',(0.703855568147814,4.52342106860509,-0.278229582638918));
#5301=CARTESIAN_POINT('Ctrl Pts',(0.708772438871795,4.43957230556701,-0.298173243414551));
#5302=CARTESIAN_POINT('Ctrl Pts',(0.713689309595775,4.41012496370433,-0.379174593433206));
#5303=CARTESIAN_POINT('Ctrl Pts',(0.718606180319757,4.46158968997256,-0.448310305615483));
#5304=CARTESIAN_POINT('Ctrl Pts',(0.723523051043738,4.5476341804841,-0.443339364041422));
#5305=CARTESIAN_POINT('Ctrl Pts',(0.72843992176772,4.59079490581761,-0.368736976044432));
#5306=CARTESIAN_POINT('Ctrl Pts',(0.733356792491701,4.5522154274873,-0.291665650858992));
#5307=CARTESIAN_POINT('Ctrl Pts',(0.738273663215684,4.46662781425084,-0.281510632934308));
#5308=CARTESIAN_POINT('Ctrl Pts',(0.743190533939664,4.41108426991379,-0.347414186528541));
#5309=CARTESIAN_POINT('Ctrl Pts',(0.748107404663645,4.43558917350084,-0.430045171167424));
#5310=CARTESIAN_POINT('Ctrl Pts',(0.753024275387626,4.51808136906956,-0.455013043731783));
#5311=CARTESIAN_POINT('Ctrl Pts',(0.757941146111608,4.58429546851652,-0.399840104367407));
#5312=CARTESIAN_POINT('Ctrl Pts',(0.76285801683559,4.57462048792571,-0.314196651441917));
#5313=CARTESIAN_POINT('Ctrl Pts',(0.767774887559572,4.4977669943061,-0.275186002239562));
#5314=CARTESIAN_POINT('Ctrl Pts',(0.772691758283552,4.42292321287687,-0.317926707242397));
#5315=CARTESIAN_POINT('Ctrl Pts',(0.777608629007533,4.41747080384818,-0.403943879909977));
#5316=CARTESIAN_POINT('Ctrl Pts',(0.782525499731514,4.48631472040221,-0.455791651605304));
#5317=CARTESIAN_POINT('Ctrl Pts',(0.787442370455496,4.56748415843561,-0.426806938054808));
#5318=CARTESIAN_POINT('Ctrl Pts',(0.792359241179478,4.58788921692075,-0.343055354512279));
#5319=CARTESIAN_POINT('Ctrl Pts',(0.79727611190346,4.52919071411081,-0.279994117393384));
#5320=CARTESIAN_POINT('Ctrl Pts',(0.802192982627441,4.4441705658026,-0.294277660659523));
#5321=CARTESIAN_POINT('Ctrl Pts',(0.807109853351422,4.40949810544391,-0.37328918118601));
#5322=CARTESIAN_POINT('Ctrl Pts',(0.810387767167409,4.44059563539997,-0.421295484551576));
#5323=CARTESIAN_POINT('Ctrl Pts',(0.812026724075403,4.4628529034831,-0.433536635573949));
#5324=CARTESIAN_POINT('Ctrl Pts',(0.425672168781341,4.43443743189172,-0.316744679033049));
#5325=CARTESIAN_POINT('Ctrl Pts',(0.427311125689335,4.41820803177548,-0.338349632660124));
#5326=CARTESIAN_POINT('Ctrl Pts',(0.430589039505322,4.40904845350341,-0.39850303567924));
#5327=CARTESIAN_POINT('Ctrl Pts',(0.435505910229303,4.47722763677174,-0.459957314618216));
#5328=CARTESIAN_POINT('Ctrl Pts',(0.440422780953284,4.56592013906906,-0.436623601526878));
#5329=CARTESIAN_POINT('Ctrl Pts',(0.445339651677266,4.59526034849833,-0.349799534065156));
#5330=CARTESIAN_POINT('Ctrl Pts',(0.450256522401248,4.5388433644367,-0.277508701539494));
#5331=CARTESIAN_POINT('Ctrl Pts',(0.455173393125229,4.44745520509966,-0.284902294071429));
#5332=CARTESIAN_POINT('Ctrl Pts',(0.46009026384921,4.40337246639566,-0.365289715744069));
#5333=CARTESIAN_POINT('Ctrl Pts',(0.465007134573191,4.44628051153203,-0.446317266911721));
#5334=CARTESIAN_POINT('Ctrl Pts',(0.469924005297172,4.53755094611843,-0.455029690584435));
#5335=CARTESIAN_POINT('Ctrl Pts',(0.474840876021154,4.59501518699162,-0.383587537685157));
#5336=CARTESIAN_POINT('Ctrl Pts',(0.479757746745136,4.56693986602154,-0.296306223167494));
#5337=CARTESIAN_POINT('Ctrl Pts',(0.484674617469118,4.47860036942766,-0.271763755622558));
#5338=CARTESIAN_POINT('Ctrl Pts',(0.489591488193098,4.40952639318992,-0.332054563726327));
#5339=CARTESIAN_POINT('Ctrl Pts',(0.49450835891708,4.42190335632778,-0.422900703726718));
#5340=CARTESIAN_POINT('Ctrl Pts',(0.49942522964106,4.50458862121899,-0.462515729804597));
#5341=CARTESIAN_POINT('Ctrl Pts',(0.504342100365042,4.5831428730489,-0.415235362776467));
#5342=CARTESIAN_POINT('Ctrl Pts',(0.509258971089024,4.58684584239434,-0.323624811130961));
#5343=CARTESIAN_POINT('Ctrl Pts',(0.514175841813006,4.51236384500141,-0.270158594649274));
#5344=CARTESIAN_POINT('Ctrl Pts',(0.519092712536987,4.42675101202603,-0.30297089699362));
#5345=CARTESIAN_POINT('Ctrl Pts',(0.524009583260968,4.40708226457705,-0.392521692014558));
#5346=CARTESIAN_POINT('Ctrl Pts',(0.528926453984949,4.47106484489464,-0.458190815782766));
#5347=CARTESIAN_POINT('Ctrl Pts',(0.53384332470893,4.56109696386965,-0.440858130570148));
#5348=CARTESIAN_POINT('Ctrl Pts',(0.538760195432912,4.59612513635625,-0.356127784345885));
#5349=CARTESIAN_POINT('Ctrl Pts',(0.543677066156894,4.54461444467317,-0.280280219668611));
#5350=CARTESIAN_POINT('Ctrl Pts',(0.548593936880875,4.45293857337621,-0.281598950465711));
#5351=CARTESIAN_POINT('Ctrl Pts',(0.553510807604856,4.40363083345762,-0.358896759065908));
#5352=CARTESIAN_POINT('Ctrl Pts',(0.558427678328838,4.44108165149064,-0.442584515979899));
#5353=CARTESIAN_POINT('Ctrl Pts',(0.563344549052818,4.53157506745103,-0.457320393864408));
#5354=CARTESIAN_POINT('Ctrl Pts',(0.568261419776801,4.59364230294797,-0.389838079832784));
#5355=CARTESIAN_POINT('Ctrl Pts',(0.573178290500782,4.57140590214216,-0.300890078684291));
#5356=CARTESIAN_POINT('Ctrl Pts',(0.578095161224764,4.48488469613031,-0.270553873591298));
#5357=CARTESIAN_POINT('Ctrl Pts',(0.583012031948744,4.41197138996627,-0.326140330695694));
#5358=CARTESIAN_POINT('Ctrl Pts',(0.587928902672726,4.41830786398585,-0.417606463915425));
#5359=CARTESIAN_POINT('Ctrl Pts',(0.592845773396706,4.49818956176134,-0.462607783781478));
#5360=CARTESIAN_POINT('Ctrl Pts',(0.597762644120688,4.57970114818774,-0.420630817390006));
#5361=CARTESIAN_POINT('Ctrl Pts',(0.60267951484467,4.58945994342682,-0.329466293891774));
#5362=CARTESIAN_POINT('Ctrl Pts',(0.607596385568652,4.51868036768517,-0.271187171669395));
#5363=CARTESIAN_POINT('Ctrl Pts',(0.612513256292633,4.43108336142596,-0.298260570488238));
#5364=CARTESIAN_POINT('Ctrl Pts',(0.617430127016614,4.40553014361115,-0.386313040575611));
#5365=CARTESIAN_POINT('Ctrl Pts',(0.622346997740595,4.46502558611172,-0.456073321185997));
#5366=CARTESIAN_POINT('Ctrl Pts',(0.627263868464576,4.5560075488656,-0.444738115734319));
#5367=CARTESIAN_POINT('Ctrl Pts',(0.632180739188558,4.59656742799778,-0.362512203553534));
#5368=CARTESIAN_POINT('Ctrl Pts',(0.63709760991254,4.55019025974515,-0.283421352666435));
#5369=CARTESIAN_POINT('Ctrl Pts',(0.642014480636521,4.45862815615572,-0.278668920083143));
#5370=CARTESIAN_POINT('Ctrl Pts',(0.646931351360503,4.40431200623062,-0.35253339250727));
#5371=CARTESIAN_POINT('Ctrl Pts',(0.651848222084483,4.43614117280576,-0.438516580307571));
#5372=CARTESIAN_POINT('Ctrl Pts',(0.656765092808464,4.5254607168388,-0.459210141695663));
#5373=CARTESIAN_POINT('Ctrl Pts',(0.661681963532446,4.5918586651312,-0.395984222234204));
#5374=CARTESIAN_POINT('Ctrl Pts',(0.666598834256428,4.57555873807605,-0.305759409643067));
#5375=CARTESIAN_POINT('Ctrl Pts',(0.67151570498041,4.49123531978067,-0.269762665953159));
#5376=CARTESIAN_POINT('Ctrl Pts',(0.676432575704392,4.41480250637587,-0.320400887330247));
#5377=CARTESIAN_POINT('Ctrl Pts',(0.681349446428371,4.41507069551052,-0.412085850673344));
#5378=CARTESIAN_POINT('Ctrl Pts',(0.686266317152353,4.49179844375553,-0.462276059673935));
#5379=CARTESIAN_POINT('Ctrl Pts',(0.691183187876335,4.57590983157641,-0.425786624657496));
#5380=CARTESIAN_POINT('Ctrl Pts',(0.696100058600316,4.59168164817704,-0.335467998526128));
#5381=CARTESIAN_POINT('Ctrl Pts',(0.701016929324298,4.52491495298098,-0.272631601019346));
#5382=CARTESIAN_POINT('Ctrl Pts',(0.705933800048279,4.43571799857074,-0.293847343941748));
#5383=CARTESIAN_POINT('Ctrl Pts',(0.71085067077226,4.40439239382169,-0.380015266556188));
#5384=CARTESIAN_POINT('Ctrl Pts',(0.715767541496241,4.4591397350627,-0.453560716056037));
#5385=CARTESIAN_POINT('Ctrl Pts',(0.720684412220222,4.55067246875282,-0.448272709019415));
#5386=CARTESIAN_POINT('Ctrl Pts',(0.725601282944204,4.59658614845894,-0.368911898436671));
#5387=CARTESIAN_POINT('Ctrl Pts',(0.730518153668186,4.55554592502434,-0.286924672509673));
#5388=CARTESIAN_POINT('Ctrl Pts',(0.735435024392168,4.46449920997062,-0.276121929117361));
#5389=CARTESIAN_POINT('Ctrl Pts',(0.740351895116148,4.40541288821099,-0.34622906072463));
#5390=CARTESIAN_POINT('Ctrl Pts',(0.745268765840129,4.43148080727008,-0.434130562221562));
#5391=CARTESIAN_POINT('Ctrl Pts',(0.75018563656411,4.5192346672048,-0.460690980171106));
#5392=CARTESIAN_POINT('Ctrl Pts',(0.755102507288093,4.58967215245433,-0.401998901971598));
#5393=CARTESIAN_POINT('Ctrl Pts',(0.760019378012073,4.5793800649934,-0.310892785562212));
#5394=CARTESIAN_POINT('Ctrl Pts',(0.764936248736056,4.49762456475373,-0.269393889545868));
#5395=CARTESIAN_POINT('Ctrl Pts',(0.769853119460037,4.41800696375226,-0.314860758435371));
#5396=CARTESIAN_POINT('Ctrl Pts',(0.774769990184017,4.41220677944498,-0.406364431846072));
#5397=CARTESIAN_POINT('Ctrl Pts',(0.779686860907999,4.48544182148732,-0.461519250600885));
#5398=CARTESIAN_POINT('Ctrl Pts',(0.78460373163198,4.5717885534061,-0.430685782348249));
#5399=CARTESIAN_POINT('Ctrl Pts',(0.789520602355962,4.59349512372975,-0.341592205909494));
#5400=CARTESIAN_POINT('Ctrl Pts',(0.794437473079944,4.53105260830815,-0.27450868447707));
#5401=CARTESIAN_POINT('Ctrl Pts',(0.799354343803925,4.44060955324299,-0.289703286178563));
#5402=CARTESIAN_POINT('Ctrl Pts',(0.804271214527906,4.40372555216952,-0.373754460446738));
#5403=CARTESIAN_POINT('Ctrl Pts',(0.807549128343893,4.43680660025251,-0.424822787486433));
#5404=CARTESIAN_POINT('Ctrl Pts',(0.809188085251887,4.46048352111067,-0.437844725438881));
#5405=CARTESIAN_POINT('Ctrl Pts',(0.809188085251887,4.46048352111067,-0.437844725438881));
#5406=CARTESIAN_POINT('Ctrl Pts',(0.809188085251887,4.45687752505418,-0.435337809441074));
#5407=CARTESIAN_POINT('Ctrl Pts',(0.809188085251887,4.45350268715015,-0.43252671370872));
#5408=CARTESIAN_POINT('Ctrl Pts',(0.809188085251887,4.45037821831121,-0.429453298845602));
#5409=CARTESIAN_POINT('Ctrl Pts',(0.809188085251887,4.44827016475589,-0.427379690989955));
#5410=CARTESIAN_POINT('Ctrl Pts',(0.809188085251887,4.44627622855378,-0.425186509109331));
#5411=CARTESIAN_POINT('Ctrl Pts',(0.809188085251887,4.44440449616786,-0.422885499918825));
#5412=CARTESIAN_POINT('Ctrl Pts',(0.809188085251887,4.44254537722304,-0.420599997028319));
#5413=CARTESIAN_POINT('Ctrl Pts',(0.809188085251887,4.44081197576777,-0.418214172536074));
#5414=CARTESIAN_POINT('Ctrl Pts',(0.809188085251887,4.4392141171284,-0.415744886762827));
#5415=CARTESIAN_POINT('Ctrl Pts',(0.809188085251887,4.43682501223756,-0.41205283130036));
#5416=CARTESIAN_POINT('Ctrl Pts',(0.809188085251887,4.43473589197008,-0.408171084091683));
#5417=CARTESIAN_POINT('Ctrl Pts',(0.809188085251887,4.43297635098618,-0.404139623031981));
#5418=CARTESIAN_POINT('Ctrl Pts',(0.809188085251887,4.43189710719883,-0.401666859201837));
#5419=CARTESIAN_POINT('Ctrl Pts',(0.809188085251887,4.43094525571476,-0.399144486728104));
#5420=CARTESIAN_POINT('Ctrl Pts',(0.809188085251887,4.43012884959545,-0.396588841735945));
#5421=CARTESIAN_POINT('Ctrl Pts',(0.809188085251887,4.4287736173932,-0.392346477171303));
#5422=CARTESIAN_POINT('Ctrl Pts',(0.809188085251887,4.42778829613734,-0.388006495455404));
#5423=CARTESIAN_POINT('Ctrl Pts',(0.809188085251887,4.42720661808197,-0.383612445703351));
#5424=CARTESIAN_POINT('Ctrl Pts',(0.809188085251888,4.42687408645248,-0.381100471062661));
#5425=CARTESIAN_POINT('Ctrl Pts',(0.809188085251887,4.42667371735192,-0.378570833236431));
#5426=CARTESIAN_POINT('Ctrl Pts',(0.809188085251887,4.42661392127638,-0.376032177029052));
#5427=CARTESIAN_POINT('Ctrl Pts',(0.809188085251887,4.42658097436343,-0.374633408224858));
#5428=CARTESIAN_POINT('Ctrl Pts',(0.809188085251887,4.42659084032362,-0.373232798703771));
#5429=CARTESIAN_POINT('Ctrl Pts',(0.809188085251887,4.4266445507269,-0.371836025324494));
#5430=CARTESIAN_POINT('Ctrl Pts',(0.809188085251887,4.42680822335249,-0.367579614044954));
#5431=CARTESIAN_POINT('Ctrl Pts',(0.809188085251887,4.42737775122173,-0.363347218602852));
#5432=CARTESIAN_POINT('Ctrl Pts',(0.809188085251887,4.42832467489711,-0.359186338174937));
#5433=CARTESIAN_POINT('Ctrl Pts',(0.809188085251887,4.42916214764991,-0.355506396404984));
#5434=CARTESIAN_POINT('Ctrl Pts',(0.809188085251888,4.43029512776567,-0.351882262253602));
#5435=CARTESIAN_POINT('Ctrl Pts',(0.809188085251888,4.43171042269784,-0.348351410427605));
#5436=CARTESIAN_POINT('Ctrl Pts',(0.809188085251888,4.43259754900756,-0.346138223988971));
#5437=CARTESIAN_POINT('Ctrl Pts',(0.809188085251888,4.43359256635152,-0.343969956538272));
#5438=CARTESIAN_POINT('Ctrl Pts',(0.809188085251888,4.4346886790128,-0.34185928148774));
#5439=CARTESIAN_POINT('Ctrl Pts',(0.809188085251888,4.43737390912276,-0.336688601138726));
#5440=CARTESIAN_POINT('Ctrl Pts',(0.809188085251888,4.44066748965113,-0.331851887387726));
#5441=CARTESIAN_POINT('Ctrl Pts',(0.809188085251887,4.44451833121226,-0.327495350978484));
#5442=CARTESIAN_POINT('Ctrl Pts',(0.809188085251887,4.44509439265484,-0.326843640798068));
#5443=CARTESIAN_POINT('Ctrl Pts',(0.809188085251887,4.44568296780102,-0.326202761256874));
#5444=CARTESIAN_POINT('Ctrl Pts',(0.809188085251887,4.44628392489353,-0.325573299173686));
#5445=CARTESIAN_POINT('Ctrl Pts',(0.434188085251888,4.44623069871607,-0.325603649492959));
#5446=CARTESIAN_POINT('Ctrl Pts',(0.434188085251888,4.44226446340219,-0.329680350117239));
#5447=CARTESIAN_POINT('Ctrl Pts',(0.434188085251888,4.43889083134676,-0.334261633176528));
#5448=CARTESIAN_POINT('Ctrl Pts',(0.434188085251888,4.43610814416665,-0.339196592995748));
#5449=CARTESIAN_POINT('Ctrl Pts',(0.434188085251888,4.43479264838883,-0.341529560514465));
#5450=CARTESIAN_POINT('Ctrl Pts',(0.434188085251888,4.43360958948135,-0.343942257405909));
#5451=CARTESIAN_POINT('Ctrl Pts',(0.434188085251888,4.43256117173967,-0.346421666006517));
#5452=CARTESIAN_POINT('Ctrl Pts',(0.434188085251888,4.43178096233266,-0.348266787313697));
#5453=CARTESIAN_POINT('Ctrl Pts',(0.434188085251888,4.43107612577051,-0.350147759471406));
#5454=CARTESIAN_POINT('Ctrl Pts',(0.434188085251888,4.43045033610484,-0.352049608551631));
#5455=CARTESIAN_POINT('Ctrl Pts',(0.434188085251888,4.42886770461465,-0.356859413521379));
#5456=CARTESIAN_POINT('Ctrl Pts',(0.434188085251888,4.4277824342928,-0.361817129588292));
#5457=CARTESIAN_POINT('Ctrl Pts',(0.434188085251888,4.42720403591443,-0.366835210225131));
#5458=CARTESIAN_POINT('Ctrl Pts',(0.434188085251888,4.42690178408958,-0.369457492870574));
#5459=CARTESIAN_POINT('Ctrl Pts',(0.434188085251888,4.42673825966435,-0.372096526923767));
#5460=CARTESIAN_POINT('Ctrl Pts',(0.434188085251888,4.42671717028989,-0.374740892138824));
#5461=CARTESIAN_POINT('Ctrl Pts',(0.434188085251888,4.42669872614952,-0.377053575395905));
#5462=CARTESIAN_POINT('Ctrl Pts',(0.434188085251888,4.42678945094014,-0.379361910435552));
#5463=CARTESIAN_POINT('Ctrl Pts',(0.434188085251888,4.42698983813949,-0.381654494764973));
#5464=CARTESIAN_POINT('Ctrl Pts',(0.434188085251888,4.42728305124621,-0.385009079168699));
#5465=CARTESIAN_POINT('Ctrl Pts',(0.434188085251887,4.42781083774688,-0.388332269286741));
#5466=CARTESIAN_POINT('Ctrl Pts',(0.434188085251887,4.42857785873674,-0.391600328831122));
#5467=CARTESIAN_POINT('Ctrl Pts',(0.434188085251887,4.42948128776023,-0.395449584434184));
#5468=CARTESIAN_POINT('Ctrl Pts',(0.434188085251887,4.43071634155623,-0.399222539824412));
#5469=CARTESIAN_POINT('Ctrl Pts',(0.434188085251887,4.43225377792255,-0.402895048845534));
#5470=CARTESIAN_POINT('Ctrl Pts',(0.434188085251887,4.43328515744269,-0.405358728432479));
#5471=CARTESIAN_POINT('Ctrl Pts',(0.434188085251887,4.43444953261466,-0.407768909907206));
#5472=CARTESIAN_POINT('Ctrl Pts',(0.434188085251887,4.43573442533206,-0.410114221991826));
#5473=CARTESIAN_POINT('Ctrl Pts',(0.434188085251887,4.43779405959845,-0.413873668262665));
#5474=CARTESIAN_POINT('Ctrl Pts',(0.434188085251887,4.44016439986341,-0.417470236552433));
#5475=CARTESIAN_POINT('Ctrl Pts',(0.434188085251887,4.44281007213282,-0.420874002668581));
#5476=CARTESIAN_POINT('Ctrl Pts',(0.434188085251887,4.4443492269262,-0.422854188572093));
#5477=CARTESIAN_POINT('Ctrl Pts',(0.434188085251887,4.44598085454245,-0.424767460083462));
#5478=CARTESIAN_POINT('Ctrl Pts',(0.434188085251887,4.44769181921104,-0.426601186739839));
#5479=CARTESIAN_POINT('Ctrl Pts',(0.434188085251887,4.45158702859656,-0.430775878019848));
#5480=CARTESIAN_POINT('Ctrl Pts',(0.434188085251887,4.45589986535963,-0.434549833772009));
#5481=CARTESIAN_POINT('Ctrl Pts',(0.434188085251887,4.46055789752523,-0.437851777004548));
#5482=CARTESIAN_POINT('Ctrl Pts',(0.484267379245891,4.56728264614695,-0.366049647267517));
#5483=CARTESIAN_POINT('Ctrl Pts',(0.483963850327828,4.5673187800234,-0.370147850754494));
#5484=CARTESIAN_POINT('Ctrl Pts',(0.483660321409765,4.56697584447469,-0.374240021670719));
#5485=CARTESIAN_POINT('Ctrl Pts',(0.483356792491702,4.56623189515682,-0.378257937800457));
#5486=CARTESIAN_POINT('Ctrl Pts',(0.481717835583708,4.56221481210096,-0.399953371100842));
#5487=CARTESIAN_POINT('Ctrl Pts',(0.480078878675714,4.54650558365087,-0.419483797045868));
#5488=CARTESIAN_POINT('Ctrl Pts',(0.47843992176772,4.52617548827555,-0.428058135034662));
#5489=CARTESIAN_POINT('Ctrl Pts',(0.476800964859726,4.50584539290023,-0.436632473023455));
#5490=CARTESIAN_POINT('Ctrl Pts',(0.475162007951732,4.48089443059969,-0.434250723056016));
#5491=CARTESIAN_POINT('Ctrl Pts',(0.473523051043739,4.4625539778327,-0.421984435844604));
#5492=CARTESIAN_POINT('Ctrl Pts',(0.471884094135745,4.44421352506572,-0.409718148633192));
#5493=CARTESIAN_POINT('Ctrl Pts',(0.470245137227751,4.4324835818323,-0.387567324177808));
#5494=CARTESIAN_POINT('Ctrl Pts',(0.468606180319758,4.43264414716243,-0.365503997097504));
#5495=CARTESIAN_POINT('Ctrl Pts',(0.466967223411764,4.43280471249256,-0.3434406700172));
#5496=CARTESIAN_POINT('Ctrl Pts',(0.46532826650377,4.44485578638623,-0.321464840311977));
#5497=CARTESIAN_POINT('Ctrl Pts',(0.463689309595777,4.46337289592538,-0.309466317537063));
#5498=CARTESIAN_POINT('Ctrl Pts',(0.462050352687783,4.48189000546452,-0.297467794762149));
#5499=CARTESIAN_POINT('Ctrl Pts',(0.460411395779789,4.50687315064914,-0.295446578917545));
#5500=CARTESIAN_POINT('Ctrl Pts',(0.458772438871795,4.5270761910832,-0.304317187432947));
#5501=CARTESIAN_POINT('Ctrl Pts',(0.457133481963801,4.54727923151727,-0.31318779594835));
#5502=CARTESIAN_POINT('Ctrl Pts',(0.455494525055808,4.56270216720079,-0.332950228823759));
#5503=CARTESIAN_POINT('Ctrl Pts',(0.453855568147814,4.56640321007482,-0.354699165864718));
#5504=CARTESIAN_POINT('Ctrl Pts',(0.453576171847173,4.56703413434286,-0.35840675117247));
#5505=CARTESIAN_POINT('Ctrl Pts',(0.453296775546532,4.56732441207372,-0.362172065703316));
#5506=CARTESIAN_POINT('Ctrl Pts',(0.453017379245891,4.56729192341388,-0.365942275582741));
#5507=CARTESIAN_POINT('Ctrl Pts',(0.434188085251887,4.53951647888932,-0.437844725438883));
#5508=CARTESIAN_POINT('Ctrl Pts',(0.435827042159881,4.56319339974748,-0.424822787486437));
#5509=CARTESIAN_POINT('Ctrl Pts',(0.439104955975869,4.59627440220086,-0.373754350019848));
#5510=CARTESIAN_POINT('Ctrl Pts',(0.444021826699851,4.55939047128039,-0.289703321093762));
#5511=CARTESIAN_POINT('Ctrl Pts',(0.448938697423832,4.46894738147201,-0.274508648312879));
#5512=CARTESIAN_POINT('Ctrl Pts',(0.453855568147813,4.40650486774394,-0.341592217864973));
#5513=CARTESIAN_POINT('Ctrl Pts',(0.458772438871794,4.42821143793468,-0.430685781399886));
#5514=CARTESIAN_POINT('Ctrl Pts',(0.463689309595775,4.51455818012849,-0.461519266104972));
#5515=CARTESIAN_POINT('Ctrl Pts',(0.468606180319757,4.58779323071574,-0.406364433910407));
#5516=CARTESIAN_POINT('Ctrl Pts',(0.473523051043739,4.58199304544276,-0.314860753985959));
#5517=CARTESIAN_POINT('Ctrl Pts',(0.478439921767721,4.50237543562236,-0.269393877799899));
#5518=CARTESIAN_POINT('Ctrl Pts',(0.483356792491702,4.4206199258947,-0.310892779680469));
#5519=CARTESIAN_POINT('Ctrl Pts',(0.488273663215683,4.41032783737152,-0.401998905863193));
#5520=CARTESIAN_POINT('Ctrl Pts',(0.493190533939663,4.48076533057923,-0.460690991070572));
#5521=CARTESIAN_POINT('Ctrl Pts',(0.498107404663645,4.56851920055013,-0.434130569925608));
#5522=CARTESIAN_POINT('Ctrl Pts',(0.503024275387627,4.59458712255703,-0.346229058503444));
#5523=CARTESIAN_POINT('Ctrl Pts',(0.507941146111609,4.53550079407824,-0.276121918862553));
#5524=CARTESIAN_POINT('Ctrl Pts',(0.512858016835589,4.44445406864515,-0.286924663509863));
#5525=CARTESIAN_POINT('Ctrl Pts',(0.517774887559572,4.40341384053867,-0.368911898764706));
#5526=CARTESIAN_POINT('Ctrl Pts',(0.522691758283551,4.44932752547356,-0.448272718395267));
#5527=CARTESIAN_POINT('Ctrl Pts',(0.527608629007533,4.5408602695927,-0.453560726030954));
#5528=CARTESIAN_POINT('Ctrl Pts',(0.532525499731515,4.59560761707031,-0.380015268154116));
#5529=CARTESIAN_POINT('Ctrl Pts',(0.537442370455497,4.56428200875276,-0.293847335722003));
#5530=CARTESIAN_POINT('Ctrl Pts',(0.542359241179478,4.47508504418052,-0.272631590383028));
#5531=CARTESIAN_POINT('Ctrl Pts',(0.547276111903459,4.40831834137806,-0.335467995048268));
#5532=CARTESIAN_POINT('Ctrl Pts',(0.552192982627441,4.42409015977547,-0.425786631469403));
#5533=CARTESIAN_POINT('Ctrl Pts',(0.557109853351421,4.50820155717884,-0.462276070642884));
#5534=CARTESIAN_POINT('Ctrl Pts',(0.562026724075403,4.58492931416512,-0.412085855924364));
#5535=CARTESIAN_POINT('Ctrl Pts',(0.566943594799385,4.58519750333035,-0.320400882135945));
#5536=CARTESIAN_POINT('Ctrl Pts',(0.571860465523367,4.50876468121787,-0.269762654989845));
#5537=CARTESIAN_POINT('Ctrl Pts',(0.576777336247348,4.42444125331584,-0.305759402780705));
#5538=CARTESIAN_POINT('Ctrl Pts',(0.581694206971329,4.4081413244037,-0.395984225650798));
#5539=CARTESIAN_POINT('Ctrl Pts',(0.58661107769531,4.47453928026055,-0.459210152315342));
#5540=CARTESIAN_POINT('Ctrl Pts',(0.591527948419291,4.56385883446942,-0.438516588569726));
#5541=CARTESIAN_POINT('Ctrl Pts',(0.596444819143273,4.59568800467074,-0.352533390973704));
#5542=CARTESIAN_POINT('Ctrl Pts',(0.601361689867255,4.54137184855762,-0.278668910134484));
#5543=CARTESIAN_POINT('Ctrl Pts',(0.606278560591236,4.44980973453688,-0.283421343259191));
#5544=CARTESIAN_POINT('Ctrl Pts',(0.611195431315217,4.40343256100068,-0.362512203156793));
#5545=CARTESIAN_POINT('Ctrl Pts',(0.616112302039198,4.44399244475367,-0.444738124705255));
#5546=CARTESIAN_POINT('Ctrl Pts',(0.621029172763179,4.53497441787276,-0.456073331448319));
#5547=CARTESIAN_POINT('Ctrl Pts',(0.625946043487161,4.59446986715143,-0.386313042890427));
#5548=CARTESIAN_POINT('Ctrl Pts',(0.630862914211142,4.56891664642544,-0.298260562771583));
#5549=CARTESIAN_POINT('Ctrl Pts',(0.635779784935124,4.48131963018666,-0.271187160868364));
#5550=CARTESIAN_POINT('Ctrl Pts',(0.640696655659106,4.41054004638137,-0.329466289730245));
#5551=CARTESIAN_POINT('Ctrl Pts',(0.645613526383086,4.42029884273222,-0.420630823614491));
#5552=CARTESIAN_POINT('Ctrl Pts',(0.650530397107067,4.50181043844491,-0.462607794788242));
#5553=CARTESIAN_POINT('Ctrl Pts',(0.655447267831049,4.58169214532101,-0.417606469795376));
#5554=CARTESIAN_POINT('Ctrl Pts',(0.660364138555031,4.58802862006249,-0.326140326155272));
#5555=CARTESIAN_POINT('Ctrl Pts',(0.665281009279013,4.51511530559173,-0.270553862718123));
#5556=CARTESIAN_POINT('Ctrl Pts',(0.670197880002994,4.42859408972285,-0.300890071267188));
#5557=CARTESIAN_POINT('Ctrl Pts',(0.675114750726974,4.40635768638373,-0.389838082549175));
#5558=CARTESIAN_POINT('Ctrl Pts',(0.680031621450956,4.46842492895173,-0.457320404268794));
#5559=CARTESIAN_POINT('Ctrl Pts',(0.684948492174937,4.55891835522169,-0.442584524705505));
#5560=CARTESIAN_POINT('Ctrl Pts',(0.689865362898919,4.59636917752133,-0.358896758257286));
#5561=CARTESIAN_POINT('Ctrl Pts',(0.6947822336229,4.54706143198533,-0.281598940850884));
#5562=CARTESIAN_POINT('Ctrl Pts',(0.699699104346882,4.45538555024409,-0.280280209903468));
#5563=CARTESIAN_POINT('Ctrl Pts',(0.704615975070863,4.40387485269259,-0.356127783221878));
#5564=CARTESIAN_POINT('Ctrl Pts',(0.709532845794843,4.43890302916981,-0.440858139098887));
#5565=CARTESIAN_POINT('Ctrl Pts',(0.714449716518826,4.52893515840178,-0.458190826286649));
#5566=CARTESIAN_POINT('Ctrl Pts',(0.719366587242807,4.59291774600876,-0.39252169503608));
#5567=CARTESIAN_POINT('Ctrl Pts',(0.724283457966788,4.5732489963188,-0.3029708898148));
#5568=CARTESIAN_POINT('Ctrl Pts',(0.729200328690771,4.48763615359032,-0.27015858372874));
#5569=CARTESIAN_POINT('Ctrl Pts',(0.734117199414751,4.41315414771107,-0.323624806308403));
#5570=CARTESIAN_POINT('Ctrl Pts',(0.739034070138733,4.41685711748019,-0.415235368377704));
#5571=CARTESIAN_POINT('Ctrl Pts',(0.743950940862713,4.49541137825566,-0.462515740817242));
#5572=CARTESIAN_POINT('Ctrl Pts',(0.748867811586695,4.57809665257482,-0.422900710178662));
#5573=CARTESIAN_POINT('Ctrl Pts',(0.753784682310677,4.59047361710623,-0.332054559918753));
#5574=CARTESIAN_POINT('Ctrl Pts',(0.758701553034659,4.52139963303355,-0.271763744775838));
#5575=CARTESIAN_POINT('Ctrl Pts',(0.76361842375864,4.43306012630399,-0.296306215437018));
#5576=CARTESIAN_POINT('Ctrl Pts',(0.76853529448262,4.40498480228401,-0.38358753930051));
#5577=CARTESIAN_POINT('Ctrl Pts',(0.773452165206602,4.46244904939515,-0.455029701446357));
#5578=CARTESIAN_POINT('Ctrl Pts',(0.778369035930583,4.55371949502055,-0.446317274748128));
#5579=CARTESIAN_POINT('Ctrl Pts',(0.783285906654564,4.5966275437153,-0.365289718039776));
#5580=CARTESIAN_POINT('Ctrl Pts',(0.788202777378547,4.55254480274764,-0.284902280602668));
#5581=CARTESIAN_POINT('Ctrl Pts',(0.793119648102528,4.46115662727991,-0.277508698843842));
#5582=CARTESIAN_POINT('Ctrl Pts',(0.79803651882651,4.40473964864469,-0.349799519661348));
#5583=CARTESIAN_POINT('Ctrl Pts',(0.802953389550489,4.43407983674628,-0.43662363029137));
#5584=CARTESIAN_POINT('Ctrl Pts',(0.807870260274471,4.52277239993808,-0.459957292873006));
#5585=CARTESIAN_POINT('Ctrl Pts',(0.812787130998453,4.59095145950104,-0.398503117581251));
#5586=CARTESIAN_POINT('Ctrl Pts',(0.816065044814441,4.58179196822452,-0.338349632660137));
#5587=CARTESIAN_POINT('Ctrl Pts',(0.817704001722435,4.56556256810829,-0.31674467903306));
#5588=CARTESIAN_POINT('Ctrl Pts',(0.431349446428372,4.53714709651689,-0.43353663557395));
#5589=CARTESIAN_POINT('Ctrl Pts',(0.432988403336365,4.55940436460002,-0.42129548455158));
#5590=CARTESIAN_POINT('Ctrl Pts',(0.436266317152353,4.59050185166239,-0.373289077380244));
#5591=CARTESIAN_POINT('Ctrl Pts',(0.441183187876335,4.55582945725036,-0.29427769348123));
#5592=CARTESIAN_POINT('Ctrl Pts',(0.446100058600317,4.47080927628212,-0.279994083397574));
#5593=CARTESIAN_POINT('Ctrl Pts',(0.451016929324297,4.41211077506417,-0.343055365750915));
#5594=CARTESIAN_POINT('Ctrl Pts',(0.455933800048278,4.43251583342437,-0.426806937163308));
#5595=CARTESIAN_POINT('Ctrl Pts',(0.46085067077226,4.51368528111673,-0.455791666179777));
#5596=CARTESIAN_POINT('Ctrl Pts',(0.465767541496242,4.58252920570332,-0.403943881850535));
#5597=CARTESIAN_POINT('Ctrl Pts',(0.470684412220223,4.57707679576682,-0.317926703059768));
#5598=CARTESIAN_POINT('Ctrl Pts',(0.475601282944205,4.50223300604744,-0.275185991197872));
#5599=CARTESIAN_POINT('Ctrl Pts',(0.480518153668186,4.42537950350873,-0.314196645912839));
#5600=CARTESIAN_POINT('Ctrl Pts',(0.485435024392167,4.41570452191937,-0.399840108025665));
#5601=CARTESIAN_POINT('Ctrl Pts',(0.490351895116148,4.48191862884735,-0.455013053977723));
#5602=CARTESIAN_POINT('Ctrl Pts',(0.49526876584013,4.56441083385048,-0.43004517840954));
#5603=CARTESIAN_POINT('Ctrl Pts',(0.500185636564111,4.58891574020858,-0.347414184440535));
#5604=CARTESIAN_POINT('Ctrl Pts',(0.505102507288094,4.53337218955525,-0.281510623294372));
#5605=CARTESIAN_POINT('Ctrl Pts',(0.510019378012074,4.44778456656175,-0.291665642398804));
#5606=CARTESIAN_POINT('Ctrl Pts',(0.514936248736055,4.40920508383971,-0.368736976352798));
#5607=CARTESIAN_POINT('Ctrl Pts',(0.519853119460036,4.45236581408845,-0.443339372855104));
#5608=CARTESIAN_POINT('Ctrl Pts',(0.524769990184018,4.53841031440372,-0.44831031499231));
#5609=CARTESIAN_POINT('Ctrl Pts',(0.529686860907999,4.58987504653458,-0.379174594935323));
#5610=CARTESIAN_POINT('Ctrl Pts',(0.534603731631981,4.56042770131738,-0.298173235687656));
#5611=CARTESIAN_POINT('Ctrl Pts',(0.539520602355963,4.4765789287266,-0.278229572640347));
#5612=CARTESIAN_POINT('Ctrl Pts',(0.544437473079944,4.41381551399869,-0.337298347351065));
#5613=CARTESIAN_POINT('Ctrl Pts',(0.549354343803925,4.42864166442308,-0.422201537076217));
#5614=CARTESIAN_POINT('Ctrl Pts',(0.554271214527905,4.50770979714474,-0.456503093209826));
#5615=CARTESIAN_POINT('Ctrl Pts',(0.559188085251888,4.57983700772636,-0.409322251121786));
#5616=CARTESIAN_POINT('Ctrl Pts',(0.564104955975869,4.58008911644367,-0.323134648729217));
#5617=CARTESIAN_POINT('Ctrl Pts',(0.569021826699852,4.50823915663265,-0.275532656747365));
#5618=CARTESIAN_POINT('Ctrl Pts',(0.573938697423831,4.42897170662313,-0.309371062953204));
#5619=CARTESIAN_POINT('Ctrl Pts',(0.578855568147814,4.41364911084697,-0.394186064126818));
#5620=CARTESIAN_POINT('Ctrl Pts',(0.583772438871793,4.47606588845632,-0.45362100535111));
#5621=CARTESIAN_POINT('Ctrl Pts',(0.588689309595776,4.56002990028882,-0.434168214228452));
#5622=CARTESIAN_POINT('Ctrl Pts',(0.593606180319757,4.58995061414678,-0.353340513236256));
#5623=CARTESIAN_POINT('Ctrl Pts',(0.598523051043739,4.53889121942663,-0.283904898626218));
#5624=CARTESIAN_POINT('Ctrl Pts',(0.60343992176772,4.45281911020997,-0.28837237895178));
#5625=CARTESIAN_POINT('Ctrl Pts',(0.608356792491702,4.40922268183499,-0.362721002331133));
#5626=CARTESIAN_POINT('Ctrl Pts',(0.613273663215682,4.44735062133856,-0.440016711103822));
#5627=CARTESIAN_POINT('Ctrl Pts',(0.618190533939664,4.5328773745247,-0.450672266223065));
#5628=CARTESIAN_POINT('Ctrl Pts',(0.623107404663645,4.58880551536084,-0.385094759194558));
#5629=CARTESIAN_POINT('Ctrl Pts',(0.628024275387628,4.56478444912961,-0.302321848513734));
#5630=CARTESIAN_POINT('Ctrl Pts',(0.632941146111608,4.48243969301083,-0.276871750179915));
#5631=CARTESIAN_POINT('Ctrl Pts',(0.637858016835591,4.41590400701501,-0.331656500380363));
#5632=CARTESIAN_POINT('Ctrl Pts',(0.64277488755957,4.42507767228384,-0.417354868106915));
#5633=CARTESIAN_POINT('Ctrl Pts',(0.647691758283552,4.50170188573327,-0.456814927391184));
#5634=CARTESIAN_POINT('Ctrl Pts',(0.652608629007533,4.57679393742066,-0.414511852575735));
#5635=CARTESIAN_POINT('Ctrl Pts',(0.657525499731515,4.58275048125793,-0.328529959418117));
#5636=CARTESIAN_POINT('Ctrl Pts',(0.662442370455497,4.51420900169954,-0.276276424174862));
#5637=CARTESIAN_POINT('Ctrl Pts',(0.667359241179478,4.43287554166021,-0.304793693390192));
#5638=CARTESIAN_POINT('Ctrl Pts',(0.672276111903459,4.41197241860259,-0.388408439768077));
#5639=CARTESIAN_POINT('Ctrl Pts',(0.67719298262744,4.47031814967516,-0.451844565368328));
#5640=CARTESIAN_POINT('Ctrl Pts',(0.682109853351421,4.55538564896347,-0.437992239559341));
#5641=CARTESIAN_POINT('Ctrl Pts',(0.687026724075403,4.59059094431629,-0.359322337156291));
#5642=CARTESIAN_POINT('Ctrl Pts',(0.691943594799385,4.54423965913255,-0.286659246606573));
#5643=CARTESIAN_POINT('Ctrl Pts',(0.696860465523366,4.45806060363392,-0.285419585909053));
#5644=CARTESIAN_POINT('Ctrl Pts',(0.701777336247348,4.40963845400472,-0.356719388063046));
#5645=CARTESIAN_POINT('Ctrl Pts',(0.706694206971328,4.44256636380292,-0.436369366910845));
#5646=CARTESIAN_POINT('Ctrl Pts',(0.71161107769531,4.52720022512363,-0.45266279744812));
#5647=CARTESIAN_POINT('Ctrl Pts',(0.716527948419291,4.58734645839238,-0.390931144595707));
#5648=CARTESIAN_POINT('Ctrl Pts',(0.721444819143273,4.56885703414115,-0.306749747411068));
#5649=CARTESIAN_POINT('Ctrl Pts',(0.726361689867255,4.48837748177952,-0.275904845856591));
#5650=CARTESIAN_POINT('Ctrl Pts',(0.731278560591235,4.41836136852921,-0.326165268505155));
#5651=CARTESIAN_POINT('Ctrl Pts',(0.736195431315217,4.4218423106394,-0.412282920856887));
#5652=CARTESIAN_POINT('Ctrl Pts',(0.741112302039197,4.49568650903098,-0.456728392916412));
#5653=CARTESIAN_POINT('Ctrl Pts',(0.746029172763179,4.573414028081,-0.419488653749048));
#5654=CARTESIAN_POINT('Ctrl Pts',(0.750946043487161,4.58504887786917,-0.334089579571795));
#5655=CARTESIAN_POINT('Ctrl Pts',(0.755862914211142,4.52011652495531,-0.277413762491312));
#5656=CARTESIAN_POINT('Ctrl Pts',(0.760779784935125,4.43707379759268,-0.30048468257423));
#5657=CARTESIAN_POINT('Ctrl Pts',(0.765696655659104,4.41068185174055,-0.382532675027208));
#5658=CARTESIAN_POINT('Ctrl Pts',(0.770613526383087,4.46470057997004,-0.449691211597237));
#5659=CARTESIAN_POINT('Ctrl Pts',(0.775530397107067,4.55049850903862,-0.441501176337215));
#5660=CARTESIAN_POINT('Ctrl Pts',(0.780447267831049,4.59083381904132,-0.365331979228245));
#5661=CARTESIAN_POINT('Ctrl Pts',(0.785364138555032,4.54939425055036,-0.289764520255354));
#5662=CARTESIAN_POINT('Ctrl Pts',(0.790281009279012,4.46348565064423,-0.282814252849953));
#5663=CARTESIAN_POINT('Ctrl Pts',(0.795197880002994,4.410451397354,-0.350770563069662));
#5664=CARTESIAN_POINT('Ctrl Pts',(0.800114750726974,4.43803236686008,-0.432388756497275));
#5665=CARTESIAN_POINT('Ctrl Pts',(0.805031621450956,4.5214069816491,-0.454323347846881));
#5666=CARTESIAN_POINT('Ctrl Pts',(0.809948492174937,4.58549806914478,-0.396553924935425));
#5667=CARTESIAN_POINT('Ctrl Pts',(0.813226405990925,4.5768877750078,-0.340007203845963));
#5668=CARTESIAN_POINT('Ctrl Pts',(0.814865362898919,4.56163147916683,-0.319697669186363));
#5669=CARTESIAN_POINT('Ctrl Pts',(0.428510807604856,4.53477771414446,-0.429228545709018));
#5670=CARTESIAN_POINT('Ctrl Pts',(0.43014976451285,4.55561532945256,-0.417768181616723));
#5671=CARTESIAN_POINT('Ctrl Pts',(0.433427678328838,4.58472930112392,-0.37282380474064));
#5672=CARTESIAN_POINT('Ctrl Pts',(0.438344549052819,4.55226844322034,-0.298852065868698));
#5673=CARTESIAN_POINT('Ctrl Pts',(0.443261419776801,4.47267117109224,-0.28547951848227));
#5674=CARTESIAN_POINT('Ctrl Pts',(0.448178290500782,4.4177166823844,-0.344518513636857));
#5675=CARTESIAN_POINT('Ctrl Pts',(0.453095161224763,4.43682022891405,-0.42292809292673));
#5676=CARTESIAN_POINT('Ctrl Pts',(0.458012031948744,4.51281238210496,-0.450064066254581));
#5677=CARTESIAN_POINT('Ctrl Pts',(0.462928902672725,4.57726518069089,-0.401523329790663));
#5678=CARTESIAN_POINT('Ctrl Pts',(0.467845773396708,4.57216054609088,-0.320992652133578));
#5679=CARTESIAN_POINT('Ctrl Pts',(0.472762644120689,4.50209057647252,-0.280978104595846));
#5680=CARTESIAN_POINT('Ctrl Pts',(0.477679514844671,4.43013908112277,-0.31750051214521));
#5681=CARTESIAN_POINT('Ctrl Pts',(0.482596385568651,4.42108120646721,-0.397681310188136));
#5682=CARTESIAN_POINT('Ctrl Pts',(0.487513256292632,4.48307192711546,-0.449335116884875));
#5683=CARTESIAN_POINT('Ctrl Pts',(0.492430127016614,4.56030246715083,-0.425959786893473));
#5684=CARTESIAN_POINT('Ctrl Pts',(0.497346997740595,4.58324435786014,-0.348599310377625));
#5685=CARTESIAN_POINT('Ctrl Pts',(0.502263868464578,4.53124358503227,-0.28689932772619));
#5686=CARTESIAN_POINT('Ctrl Pts',(0.507180739188558,4.45111506447835,-0.296406621287746));
#5687=CARTESIAN_POINT('Ctrl Pts',(0.51209760991254,4.41499632714075,-0.36856205394089));
#5688=CARTESIAN_POINT('Ctrl Pts',(0.51701448063652,4.45540410270335,-0.438406027314941));
#5689=CARTESIAN_POINT('Ctrl Pts',(0.521931351360502,4.53596035921472,-0.443059903953666));
#5690=CARTESIAN_POINT('Ctrl Pts',(0.526848222084484,4.58414247599886,-0.37833392171653));
#5691=CARTESIAN_POINT('Ctrl Pts',(0.531765092808465,4.556573393882,-0.302499135653309));
#5692=CARTESIAN_POINT('Ctrl Pts',(0.536681963532447,4.47807281327269,-0.283827554897665));
#5693=CARTESIAN_POINT('Ctrl Pts',(0.541598834256428,4.41931268661931,-0.339128699653862));
#5694=CARTESIAN_POINT('Ctrl Pts',(0.546515704980409,4.43319316907068,-0.418616442683032));
#5695=CARTESIAN_POINT('Ctrl Pts',(0.551432575704389,4.50721803711065,-0.450730115776767));
#5696=CARTESIAN_POINT('Ctrl Pts',(0.556349446428372,4.5747447012876,-0.406558646319208));
#5697=CARTESIAN_POINT('Ctrl Pts',(0.561266317152353,4.57498072955699,-0.325868415322488));
#5698=CARTESIAN_POINT('Ctrl Pts',(0.566183187876336,4.50771363204744,-0.281302658504885));
#5699=CARTESIAN_POINT('Ctrl Pts',(0.571100058600316,4.43350215993041,-0.312982723125702));
#5700=CARTESIAN_POINT('Ctrl Pts',(0.576016929324297,4.41915689729025,-0.392387902602838));
#5701=CARTESIAN_POINT('Ctrl Pts',(0.580933800048278,4.47759249665208,-0.448031858386877));
#5702=CARTESIAN_POINT('Ctrl Pts',(0.58585067077226,4.55620096610824,-0.429819839887178));
#5703=CARTESIAN_POINT('Ctrl Pts',(0.590767541496242,4.58421322362282,-0.354147635498809));
#5704=CARTESIAN_POINT('Ctrl Pts',(0.595684412220224,4.53641059029563,-0.289140887117952));
#5705=CARTESIAN_POINT('Ctrl Pts',(0.600601282944205,4.45582848588307,-0.29332341464437));
#5706=CARTESIAN_POINT('Ctrl Pts',(0.605518153668186,4.4150128026693,-0.362929801505472));
#5707=CARTESIAN_POINT('Ctrl Pts',(0.610435024392167,4.45070879792346,-0.43529529750239));
#5708=CARTESIAN_POINT('Ctrl Pts',(0.615351895116148,4.53078033117664,-0.445271200997811));
#5709=CARTESIAN_POINT('Ctrl Pts',(0.620268765840129,4.58314116357025,-0.383876475498689));
#5710=CARTESIAN_POINT('Ctrl Pts',(0.625185636564112,4.56065225183378,-0.306383134255886));
#5711=CARTESIAN_POINT('Ctrl Pts',(0.630102507288093,4.483559755835,-0.282556339491467));
#5712=CARTESIAN_POINT('Ctrl Pts',(0.635019378012075,4.42126796764864,-0.333846711030481));
#5713=CARTESIAN_POINT('Ctrl Pts',(0.639936248736054,4.42985650183547,-0.414078912599339));
#5714=CARTESIAN_POINT('Ctrl Pts',(0.644853119460036,4.50159333302163,-0.451022059994125));
#5715=CARTESIAN_POINT('Ctrl Pts',(0.649769990184017,4.57189572952032,-0.411417235356094));
#5716=CARTESIAN_POINT('Ctrl Pts',(0.654686860908,4.57747234245337,-0.330919592680961));
#5717=CARTESIAN_POINT('Ctrl Pts',(0.659603731631982,4.51330269780736,-0.281998985631601));
#5718=CARTESIAN_POINT('Ctrl Pts',(0.664520602355962,4.43715699359755,-0.308697315513196));
#5719=CARTESIAN_POINT('Ctrl Pts',(0.669437473079944,4.41758715082145,-0.386978796986978));
#5720=CARTESIAN_POINT('Ctrl Pts',(0.674354343803924,4.47221137039858,-0.446368726467863));
#5721=CARTESIAN_POINT('Ctrl Pts',(0.679271214527906,4.55185294270526,-0.433399954413179));
#5722=CARTESIAN_POINT('Ctrl Pts',(0.684188085251888,4.58481271111125,-0.359747916055295));
#5723=CARTESIAN_POINT('Ctrl Pts',(0.689104955975869,4.54141788627977,-0.291719552362263));
#5724=CARTESIAN_POINT('Ctrl Pts',(0.69402182669985,4.46073565702376,-0.290558961914638));
#5725=CARTESIAN_POINT('Ctrl Pts',(0.698938697423832,4.41540205531685,-0.357310992904215));
#5726=CARTESIAN_POINT('Ctrl Pts',(0.703855568147811,4.44622969843603,-0.431880594722803));
#5727=CARTESIAN_POINT('Ctrl Pts',(0.708772438871795,4.52546529184547,-0.447134768609593));
#5728=CARTESIAN_POINT('Ctrl Pts',(0.713689309595775,4.58177517077601,-0.389340594155332));
#5729=CARTESIAN_POINT('Ctrl Pts',(0.718606180319757,4.5644650719635,-0.310528605007335));
#5730=CARTESIAN_POINT('Ctrl Pts',(0.723523051043739,4.48911880996872,-0.281651107984441));
#5731=CARTESIAN_POINT('Ctrl Pts',(0.72843992176772,4.42356858934734,-0.328705730701908));
#5732=CARTESIAN_POINT('Ctrl Pts',(0.733356792491701,4.42682750379861,-0.40933047333607));
#5733=CARTESIAN_POINT('Ctrl Pts',(0.738273663215682,4.49596163980631,-0.450941045015582));
#5734=CARTESIAN_POINT('Ctrl Pts',(0.743190533939663,4.56873140358719,-0.416076597319434));
#5735=CARTESIAN_POINT('Ctrl Pts',(0.748107404663646,4.57962413863211,-0.336124599224838));
#5736=CARTESIAN_POINT('Ctrl Pts',(0.753024275387627,4.51883341687708,-0.283063780206785));
#5737=CARTESIAN_POINT('Ctrl Pts',(0.757941146111609,4.44108746888137,-0.304663149711441));
#5738=CARTESIAN_POINT('Ctrl Pts',(0.762858016835589,4.4163789011971,-0.381477810753905));
#5739=CARTESIAN_POINT('Ctrl Pts',(0.767774887559571,4.46695211054492,-0.444352721748117));
#5740=CARTESIAN_POINT('Ctrl Pts',(0.772691758283552,4.5472775230567,-0.436685077926301));
#5741=CARTESIAN_POINT('Ctrl Pts',(0.777608629007533,4.58504009436733,-0.365374240416715));
#5742=CARTESIAN_POINT('Ctrl Pts',(0.782525499731516,4.5462436983531,-0.29462675990804));
#5743=CARTESIAN_POINT('Ctrl Pts',(0.787442370455497,4.46581467400854,-0.288119806856065));
#5744=CARTESIAN_POINT('Ctrl Pts',(0.792359241179477,4.41616314606332,-0.351741606477975));
#5745=CARTESIAN_POINT('Ctrl Pts',(0.797276111903459,4.44198489697386,-0.428153882703179));
#5746=CARTESIAN_POINT('Ctrl Pts',(0.802192982627439,4.52004156336014,-0.448689402820756));
#5747=CARTESIAN_POINT('Ctrl Pts',(0.807109853351422,4.58004467878851,-0.394604732289599));
#5748=CARTESIAN_POINT('Ctrl Pts',(0.810387767167409,4.57198358179109,-0.341664775031788));
#5749=CARTESIAN_POINT('Ctrl Pts',(0.812026724075403,4.55770039022538,-0.322650659339665));
#5750=CARTESIAN_POINT('Ctrl Pts',(0.42567216878134,4.53240833177203,-0.424920455844085));
#5751=CARTESIAN_POINT('Ctrl Pts',(0.427311125689334,4.5518262943051,-0.414240878681866));
#5752=CARTESIAN_POINT('Ctrl Pts',(0.430589039505322,4.57895675058546,-0.372358532101035));
#5753=CARTESIAN_POINT('Ctrl Pts',(0.435505910229304,4.54870742919032,-0.303426438256165));
#5754=CARTESIAN_POINT('Ctrl Pts',(0.440422780953285,4.47453306590235,-0.290964953566966));
#5755=CARTESIAN_POINT('Ctrl Pts',(0.445339651677266,4.42332258970464,-0.345981661522799));
#5756=CARTESIAN_POINT('Ctrl Pts',(0.450256522401247,4.44112462440374,-0.419049248690152));
#5757=CARTESIAN_POINT('Ctrl Pts',(0.455173393125229,4.51193948309319,-0.444336466329384));
#5758=CARTESIAN_POINT('Ctrl Pts',(0.46009026384921,4.57200115567846,-0.399102777730792));
#5759=CARTESIAN_POINT('Ctrl Pts',(0.465007134573192,4.56724429641495,-0.324058601207388));
#5760=CARTESIAN_POINT('Ctrl Pts',(0.469924005297173,4.50194814689761,-0.28677021799382));
#5761=CARTESIAN_POINT('Ctrl Pts',(0.474840876021155,4.43489865873681,-0.320804378377581));
#5762=CARTESIAN_POINT('Ctrl Pts',(0.479757746745135,4.42645789101506,-0.395522512350607));
#5763=CARTESIAN_POINT('Ctrl Pts',(0.484674617469117,4.48422522538357,-0.443657179792026));
#5764=CARTESIAN_POINT('Ctrl Pts',(0.489591488193098,4.55619410045118,-0.421874395377405));
#5765=CARTESIAN_POINT('Ctrl Pts',(0.49450835891708,4.5775729755117,-0.349784436314716));
#5766=CARTESIAN_POINT('Ctrl Pts',(0.499425229641062,4.52911498050929,-0.292288032158009));
#5767=CARTESIAN_POINT('Ctrl Pts',(0.504342100365043,4.45444556239495,-0.301147600176687));
#5768=CARTESIAN_POINT('Ctrl Pts',(0.509258971089024,4.42078757044178,-0.368387131528982));
#5769=CARTESIAN_POINT('Ctrl Pts',(0.514175841813005,4.45844239131825,-0.433472681774778));
#5770=CARTESIAN_POINT('Ctrl Pts',(0.519092712536986,4.53351040402573,-0.437809492915022));
#5771=CARTESIAN_POINT('Ctrl Pts',(0.524009583260968,4.57840990546314,-0.377493248497737));
#5772=CARTESIAN_POINT('Ctrl Pts',(0.528926453984949,4.55271908644663,-0.306825035618961));
#5773=CARTESIAN_POINT('Ctrl Pts',(0.533843324708932,4.47956669781877,-0.289425537154984));
#5774=CARTESIAN_POINT('Ctrl Pts',(0.538760195432912,4.42480985923993,-0.34095905195666));
#5775=CARTESIAN_POINT('Ctrl Pts',(0.543677066156894,4.43774467371829,-0.415031348289847));
#5776=CARTESIAN_POINT('Ctrl Pts',(0.548593936880874,4.50672627707655,-0.444957138343709));
#5777=CARTESIAN_POINT('Ctrl Pts',(0.553510807604856,4.56965239484883,-0.403795041516629));
#5778=CARTESIAN_POINT('Ctrl Pts',(0.558427678328837,4.56987234267032,-0.32860218191576));
#5779=CARTESIAN_POINT('Ctrl Pts',(0.56334454905282,4.50718810746222,-0.287072660262405));
#5780=CARTESIAN_POINT('Ctrl Pts',(0.5682614197768,4.43803261323769,-0.316594383298201));
#5781=CARTESIAN_POINT('Ctrl Pts',(0.573178290500782,4.42466468373352,-0.390589741078858));
#5782=CARTESIAN_POINT('Ctrl Pts',(0.578095161224762,4.47911910484784,-0.442442711422645));
#5783=CARTESIAN_POINT('Ctrl Pts',(0.583012031948744,4.55237203192766,-0.425471465545905));
#5784=CARTESIAN_POINT('Ctrl Pts',(0.587928902672726,4.57847583309887,-0.354954757761362));
#5785=CARTESIAN_POINT('Ctrl Pts',(0.592845773396708,4.53392996116463,-0.294376875609685));
#5786=CARTESIAN_POINT('Ctrl Pts',(0.597762644120689,4.45883786155616,-0.298274450336959));
#5787=CARTESIAN_POINT('Ctrl Pts',(0.602679514844671,4.42080292350361,-0.36313860067981));
#5788=CARTESIAN_POINT('Ctrl Pts',(0.60759638556865,4.45406697450835,-0.430573883900958));
#5789=CARTESIAN_POINT('Ctrl Pts',(0.612513256292633,4.52868328782858,-0.439870135772557));
#5790=CARTESIAN_POINT('Ctrl Pts',(0.617430127016614,4.57747681177967,-0.382658191802821));
#5791=CARTESIAN_POINT('Ctrl Pts',(0.622346997740596,4.55652005453794,-0.310444419998037));
#5792=CARTESIAN_POINT('Ctrl Pts',(0.627263868464577,4.48467981865918,-0.288240928803019));
#5793=CARTESIAN_POINT('Ctrl Pts',(0.632180739188559,4.42663192828228,-0.336036921680598));
#5794=CARTESIAN_POINT('Ctrl Pts',(0.637097609912539,4.43463533138709,-0.410802957091764));
#5795=CARTESIAN_POINT('Ctrl Pts',(0.64201448063652,4.50148478031,-0.445229192597066));
#5796=CARTESIAN_POINT('Ctrl Pts',(0.646931351360502,4.56699752161997,-0.408322618136453));
#5797=CARTESIAN_POINT('Ctrl Pts',(0.651848222084484,4.57219420364881,-0.333309225943806));
#5798=CARTESIAN_POINT('Ctrl Pts',(0.656765092808466,4.51239639391517,-0.28772154708834));
#5799=CARTESIAN_POINT('Ctrl Pts',(0.661681963532446,4.4414384455349,-0.312600937636201));
#5800=CARTESIAN_POINT('Ctrl Pts',(0.666598834256428,4.42320188304032,-0.385549154205879));
#5801=CARTESIAN_POINT('Ctrl Pts',(0.671515704980408,4.474104591122,-0.440892887567397));
#5802=CARTESIAN_POINT('Ctrl Pts',(0.676432575704391,4.54832023644706,-0.428807669267016));
#5803=CARTESIAN_POINT('Ctrl Pts',(0.681349446428371,4.57903447790621,-0.3601734949543));
#5804=CARTESIAN_POINT('Ctrl Pts',(0.686266317152354,4.53859611342698,-0.296779858117952));
#5805=CARTESIAN_POINT('Ctrl Pts',(0.691183187876335,4.4634107104136,-0.295698337920223));
#5806=CARTESIAN_POINT('Ctrl Pts',(0.696100058600316,4.42116565662899,-0.357902597745383));
#5807=CARTESIAN_POINT('Ctrl Pts',(0.701016929324296,4.44989303306914,-0.42739182253476));
#5808=CARTESIAN_POINT('Ctrl Pts',(0.705933800048279,4.52373035856732,-0.441606739771064));
#5809=CARTESIAN_POINT('Ctrl Pts',(0.71085067077226,4.57620388315962,-0.387750043714958));
#5810=CARTESIAN_POINT('Ctrl Pts',(0.715767541496241,4.56007310978585,-0.314307462603603));
#5811=CARTESIAN_POINT('Ctrl Pts',(0.720684412220224,4.48986013815791,-0.287397370112291));
#5812=CARTESIAN_POINT('Ctrl Pts',(0.725601282944204,4.42877581016548,-0.331246192898661));
#5813=CARTESIAN_POINT('Ctrl Pts',(0.730518153668186,4.43181269695784,-0.406378025815252));
#5814=CARTESIAN_POINT('Ctrl Pts',(0.735435024392166,4.49623677058163,-0.445153697114753));
#5815=CARTESIAN_POINT('Ctrl Pts',(0.740351895116148,4.56404877909337,-0.412664540889819));
#5816=CARTESIAN_POINT('Ctrl Pts',(0.74526876584013,4.57419939939505,-0.338159618877881));
#5817=CARTESIAN_POINT('Ctrl Pts',(0.750185636564112,4.51755030879886,-0.288713797922259));
#5818=CARTESIAN_POINT('Ctrl Pts',(0.755102507288093,4.44510114017005,-0.308841616848653));
#5819=CARTESIAN_POINT('Ctrl Pts',(0.760019378012073,4.42207595065365,-0.380422946480603));
#5820=CARTESIAN_POINT('Ctrl Pts',(0.764936248736055,4.46920364111981,-0.439014231898996));
#5821=CARTESIAN_POINT('Ctrl Pts',(0.769853119460036,4.54405653707478,-0.431868979515387));
#5822=CARTESIAN_POINT('Ctrl Pts',(0.774769990184017,4.57924636969335,-0.365416501605184));
#5823=CARTESIAN_POINT('Ctrl Pts',(0.779686860908,4.54309314615583,-0.299488999560726));
#5824=CARTESIAN_POINT('Ctrl Pts',(0.784603731631981,4.46814369737285,-0.293425360862176));
#5825=CARTESIAN_POINT('Ctrl Pts',(0.789520602355962,4.42187489477263,-0.35271264988629));
#5826=CARTESIAN_POINT('Ctrl Pts',(0.794437473079943,4.44593742708766,-0.423919008909083));
#5827=CARTESIAN_POINT('Ctrl Pts',(0.799354343803925,4.51867614507116,-0.443055457794632));
#5828=CARTESIAN_POINT('Ctrl Pts',(0.804271214527906,4.57459128843226,-0.392655539643772));
#5829=CARTESIAN_POINT('Ctrl Pts',(0.807549128343894,4.56707938857438,-0.343322346217614));
#5830=CARTESIAN_POINT('Ctrl Pts',(0.809188085251888,4.55376930128393,-0.325603649492968));
#5831=CARTESIAN_POINT('Ctrl Pts',(0.809188085251888,4.55376930128393,-0.325603649492969));
#5832=CARTESIAN_POINT('Ctrl Pts',(0.809188085251888,4.55701076836751,-0.328935396058019));
#5833=CARTESIAN_POINT('Ctrl Pts',(0.809188085251888,4.55985973118867,-0.33260892238327));
#5834=CARTESIAN_POINT('Ctrl Pts',(0.809188085251888,4.5623159800835,-0.336542187261481));
#5835=CARTESIAN_POINT('Ctrl Pts',(0.809188085251888,4.56422601468484,-0.339600782841694));
#5836=CARTESIAN_POINT('Ctrl Pts',(0.809188085251888,4.56589971428647,-0.342822056644002));
#5837=CARTESIAN_POINT('Ctrl Pts',(0.809188085251888,4.56732100191666,-0.34614466266768));
#5838=CARTESIAN_POINT('Ctrl Pts',(0.809188085251888,4.5690490299452,-0.350184349086337));
#5839=CARTESIAN_POINT('Ctrl Pts',(0.809188085251888,4.57040909050242,-0.354379312779229));
#5840=CARTESIAN_POINT('Ctrl Pts',(0.809188085251888,4.57139356466137,-0.358671479195351));
#5841=CARTESIAN_POINT('Ctrl Pts',(0.809188085251888,4.57192435410792,-0.360985645205529));
#5842=CARTESIAN_POINT('Ctrl Pts',(0.809188085251887,4.57234463881318,-0.363324545918642));
#5843=CARTESIAN_POINT('Ctrl Pts',(0.809188085251887,4.57265245756046,-0.365670847379158));
#5844=CARTESIAN_POINT('Ctrl Pts',(0.809188085251887,4.57326673415756,-0.370353077066886));
#5845=CARTESIAN_POINT('Ctrl Pts',(0.809188085251887,4.573436393945,-0.375073818118913));
#5846=CARTESIAN_POINT('Ctrl Pts',(0.809188085251887,4.57315021993249,-0.379765717532496));
#5847=CARTESIAN_POINT('Ctrl Pts',(0.809188085251887,4.57298636527042,-0.38245215850663));
#5848=CARTESIAN_POINT('Ctrl Pts',(0.809188085251887,4.57267280080691,-0.385129306093069));
#5849=CARTESIAN_POINT('Ctrl Pts',(0.809188085251887,4.5722049320355,-0.38778505824773));
#5850=CARTESIAN_POINT('Ctrl Pts',(0.809188085251887,4.57197945565752,-0.389064924340986));
#5851=CARTESIAN_POINT('Ctrl Pts',(0.809188085251887,4.57171844385622,-0.390337732708308));
#5852=CARTESIAN_POINT('Ctrl Pts',(0.809188085251887,4.57142210002691,-0.391600369626616));
#5853=CARTESIAN_POINT('Ctrl Pts',(0.809188085251887,4.57031960596045,-0.396297783822091));
#5854=CARTESIAN_POINT('Ctrl Pts',(0.809188085251887,4.56872839387162,-0.400861967453256));
#5855=CARTESIAN_POINT('Ctrl Pts',(0.809188085251887,4.56671233000703,-0.405250570625308));
#5856=CARTESIAN_POINT('Ctrl Pts',(0.809188085251887,4.56541331814442,-0.408078282425976));
#5857=CARTESIAN_POINT('Ctrl Pts',(0.809188085251887,4.56393748453817,-0.410833163330287));
#5858=CARTESIAN_POINT('Ctrl Pts',(0.809188085251887,4.56229784908281,-0.413503438071111));
#5859=CARTESIAN_POINT('Ctrl Pts',(0.809188085251887,4.56103560161173,-0.415559106925846));
#5860=CARTESIAN_POINT('Ctrl Pts',(0.809188085251887,4.5596758349033,-0.417564396687993));
#5861=CARTESIAN_POINT('Ctrl Pts',(0.809188085251887,4.55823352314113,-0.419502098326056));
#5862=CARTESIAN_POINT('Ctrl Pts',(0.809188085251887,4.55423837465064,-0.424869457850823));
#5863=CARTESIAN_POINT('Ctrl Pts',(0.809188085251887,4.54959969745662,-0.429743660193462));
#5864=CARTESIAN_POINT('Ctrl Pts',(0.809188085251887,4.54444435554236,-0.434014763814843));
#5865=CARTESIAN_POINT('Ctrl Pts',(0.809188085251887,4.54282711750365,-0.435354615052382));
#5866=CARTESIAN_POINT('Ctrl Pts',(0.809188085251887,4.54115868034227,-0.436634955097198));
#5867=CARTESIAN_POINT('Ctrl Pts',(0.809188085251887,4.53944209477829,-0.43785179238861));
#5868=CARTESIAN_POINT('Ctrl Pts',(0.462233791257885,4.56715276573662,-0.366016794372792));
#5869=CARTESIAN_POINT('Ctrl Pts',(0.463158239029654,4.56711538491806,-0.353473483332097));
#5870=CARTESIAN_POINT('Ctrl Pts',(0.464082686801423,4.56373993947453,-0.34091136306663));
#5871=CARTESIAN_POINT('Ctrl Pts',(0.465007134573192,4.55715441470597,-0.330351233425694));
#5872=CARTESIAN_POINT('Ctrl Pts',(0.466646091481185,4.5454789132425,-0.311629140136199));
#5873=CARTESIAN_POINT('Ctrl Pts',(0.468285048389179,4.52371353007005,-0.29919967906501));
#5874=CARTESIAN_POINT('Ctrl Pts',(0.469924005297173,4.50165592379036,-0.298657308593375));
#5875=CARTESIAN_POINT('Ctrl Pts',(0.471562962205167,4.47959831751067,-0.298114938121741));
#5876=CARTESIAN_POINT('Ctrl Pts',(0.473201919113161,4.45724848812374,-0.309459658249661));
#5877=CARTESIAN_POINT('Ctrl Pts',(0.474840876021154,4.44466677880998,-0.327585040642459));
#5878=CARTESIAN_POINT('Ctrl Pts',(0.476479832929148,4.43208506949623,-0.345710423035257));
#5879=CARTESIAN_POINT('Ctrl Pts',(0.478118789837141,4.42927148025564,-0.370616467692932));
#5880=CARTESIAN_POINT('Ctrl Pts',(0.479757746745135,4.43749257469677,-0.391091934595339));
#5881=CARTESIAN_POINT('Ctrl Pts',(0.481396703653128,4.4457136691379,-0.411567401497746));
#5882=CARTESIAN_POINT('Ctrl Pts',(0.483035660561122,4.46496944726073,-0.427612290644886));
#5883=CARTESIAN_POINT('Ctrl Pts',(0.484674617469116,4.48659214883342,-0.432004271149352));
#5884=CARTESIAN_POINT('Ctrl Pts',(0.48631357437711,4.50821485040611,-0.436396251653818));
#5885=CARTESIAN_POINT('Ctrl Pts',(0.487952531285104,4.53220447542864,-0.429135323515611));
#5886=CARTESIAN_POINT('Ctrl Pts',(0.489591488193098,4.54776243378333,-0.413489866269393));
#5887=CARTESIAN_POINT('Ctrl Pts',(0.490888922548027,4.56007845598225,-0.401104578022455));
#5888=CARTESIAN_POINT('Ctrl Pts',(0.492186356902956,4.56711064441551,-0.383464995487647));
#5889=CARTESIAN_POINT('Ctrl Pts',(0.493483791257885,4.56726766106322,-0.365937133926581));
#5890=CARTESIAN_POINT('Ctrl Pts',(0.434188085251887,4.53951647888932,-0.437844725438883));
#5891=CARTESIAN_POINT('Ctrl Pts',(0.434188085251887,4.54483062522764,-0.434150290319849));
#5892=CARTESIAN_POINT('Ctrl Pts',(0.434188085251887,4.54963438751615,-0.42980367403848));
#5893=CARTESIAN_POINT('Ctrl Pts',(0.434188085251887,4.55386759922731,-0.424939083852655));
#5894=CARTESIAN_POINT('Ctrl Pts',(0.434188085251887,4.55614305447152,-0.422324247174381));
#5895=CARTESIAN_POINT('Ctrl Pts',(0.434188085251887,4.55825303711062,-0.419559189671157));
#5896=CARTESIAN_POINT('Ctrl Pts',(0.434188085251887,4.56018318543096,-0.416662646047062));
#5897=CARTESIAN_POINT('Ctrl Pts',(0.434188085251887,4.56137057068694,-0.414880755424312));
#5898=CARTESIAN_POINT('Ctrl Pts',(0.434188085251887,4.5624882710842,-0.413051026686262));
#5899=CARTESIAN_POINT('Ctrl Pts',(0.434188085251887,4.56352921280536,-0.411185679403226));
#5900=CARTESIAN_POINT('Ctrl Pts',(0.434188085251887,4.56664076049554,-0.40560984656653));
#5901=CARTESIAN_POINT('Ctrl Pts',(0.434188085251887,4.56908303055537,-0.399697295529851));
#5902=CARTESIAN_POINT('Ctrl Pts',(0.434188085251887,4.57076748551434,-0.393572352316527));
#5903=CARTESIAN_POINT('Ctrl Pts',(0.434188085251887,4.57137591222508,-0.391360017084346));
#5904=CARTESIAN_POINT('Ctrl Pts',(0.434188085251888,4.57188541772239,-0.389117355010761));
#5905=CARTESIAN_POINT('Ctrl Pts',(0.434188085251888,4.57228861403177,-0.386859179851424));
#5906=CARTESIAN_POINT('Ctrl Pts',(0.434188085251888,4.57317664584351,-0.381885594202769));
#5907=CARTESIAN_POINT('Ctrl Pts',(0.434188085251888,4.57354847757757,-0.376856328137827));
#5908=CARTESIAN_POINT('Ctrl Pts',(0.434188085251888,4.57335542908295,-0.371835972813661));
#5909=CARTESIAN_POINT('Ctrl Pts',(0.434188085251888,4.57321755848445,-0.368250555612666));
#5910=CARTESIAN_POINT('Ctrl Pts',(0.434188085251888,4.5727909045786,-0.364669602059022));
#5911=CARTESIAN_POINT('Ctrl Pts',(0.434188085251888,4.57208774974469,-0.361123472779997));
#5912=CARTESIAN_POINT('Ctrl Pts',(0.434188085251888,4.57164516490573,-0.358891442250995));
#5913=CARTESIAN_POINT('Ctrl Pts',(0.434188085251888,4.57109330769467,-0.356676395219903));
#5914=CARTESIAN_POINT('Ctrl Pts',(0.434188085251888,4.57043820628755,-0.354493773922183));
#5915=CARTESIAN_POINT('Ctrl Pts',(0.434188085251888,4.56917562071897,-0.350287179153452));
#5916=CARTESIAN_POINT('Ctrl Pts',(0.434188085251888,4.56752843048189,-0.34619137475275));
#5917=CARTESIAN_POINT('Ctrl Pts',(0.434188085251888,4.5655201786314,-0.342264532079562));
#5918=CARTESIAN_POINT('Ctrl Pts',(0.434188085251888,4.56435420489394,-0.339984641025571));
#5919=CARTESIAN_POINT('Ctrl Pts',(0.434188085251888,4.56306815249153,-0.337766020584221));
#5920=CARTESIAN_POINT('Ctrl Pts',(0.434188085251888,4.56167115441377,-0.335626839571874));
#5921=CARTESIAN_POINT('Ctrl Pts',(0.434188085251888,4.55932789637108,-0.332038679221667));
#5922=CARTESIAN_POINT('Ctrl Pts',(0.434188085251888,4.55666972050062,-0.328667028244128));
#5923=CARTESIAN_POINT('Ctrl Pts',(0.434188085251888,4.55371607453986,-0.325573285077432));
#5924=CARTESIAN_POINT('Origin',(0.621688085251888,4.5,-0.365994548708482));
#5925=CARTESIAN_POINT('Origin',(0.809188085251888,4.5,-0.365994548708483));
#5926=CARTESIAN_POINT('Ctrl Pts',(0.884188085251888,3.78813330664867,-0.27840316140555));
#5927=CARTESIAN_POINT('Ctrl Pts',(0.884188085251888,3.79356238434933,-0.289261316806878));
#5928=CARTESIAN_POINT('Ctrl Pts',(0.887251536039661,3.80258153139793,-0.307299610904078));
#5929=CARTESIAN_POINT('Ctrl Pts',(0.897170908231329,3.81095325688466,-0.324043061877542));
#5930=CARTESIAN_POINT('Ctrl Pts',(0.904307519812197,3.81291797993148,-0.327972507971165));
#5931=CARTESIAN_POINT('Ctrl Pts',(0.907922262474811,3.81310123993713,-0.328339027982472));
#5932=CARTESIAN_POINT('Ctrl Pts',(0.884188085251888,3.78813330664867,-0.27840316140555));
#5933=CARTESIAN_POINT('Ctrl Pts',(0.884188085251888,3.79459649438755,-0.288227206768657));
#5934=CARTESIAN_POINT('Ctrl Pts',(0.888625255437618,3.80531802696045,-0.304562526436078));
#5935=CARTESIAN_POINT('Ctrl Pts',(0.900226831729721,3.81239683214934,-0.318130155712981));
#5936=CARTESIAN_POINT('Ctrl Pts',(0.905768493157931,3.81304988972292,-0.32064011837857));
#5937=CARTESIAN_POINT('Ctrl Pts',(0.908299409502711,3.81312036051442,-0.320880807712019));
#5938=CARTESIAN_POINT('Ctrl Pts',(0.884188085251888,3.78813330664867,-0.278403161405551));
#5939=CARTESIAN_POINT('Ctrl Pts',(0.884188085251888,3.79640618695444,-0.286417514201769));
#5940=CARTESIAN_POINT('Ctrl Pts',(0.889635334154107,3.81013284143049,-0.299706777307467));
#5941=CARTESIAN_POINT('Ctrl Pts',(0.902776625001617,3.81895884651029,-0.30780520579857));
#5942=CARTESIAN_POINT('Ctrl Pts',(0.90703420116551,3.81934911327496,-0.307938587535922));
#5943=CARTESIAN_POINT('Ctrl Pts',(0.908635207063715,3.81940566479073,-0.307972008225011));
#5944=CARTESIAN_POINT('Ctrl Pts',(0.884188085251888,3.78813330664867,-0.27840316140555));
#5945=CARTESIAN_POINT('Ctrl Pts',(0.884188085251888,3.79821587952133,-0.284607821634881));
#5946=CARTESIAN_POINT('Ctrl Pts',(0.888288002502203,3.81495684585288,-0.294881464571981));
#5947=CARTESIAN_POINT('Ctrl Pts',(0.899445286591163,3.82933054255595,-0.302297131204616));
#5948=CARTESIAN_POINT('Ctrl Pts',(0.905392600639948,3.83220152704771,-0.303284757785318));
#5949=CARTESIAN_POINT('Ctrl Pts',(0.908205122745737,3.83247550802275,-0.303385435126979));
#5950=CARTESIAN_POINT('Ctrl Pts',(0.884188085251888,3.78813330664867,-0.27840316140555));
#5951=CARTESIAN_POINT('Ctrl Pts',(0.884188085251888,3.79899146205,-0.283832239106215));
#5952=CARTESIAN_POINT('Ctrl Pts',(0.887251536039661,3.8170297561472,-0.292851386154814));
#5953=CARTESIAN_POINT('Ctrl Pts',(0.89717090823133,3.83377320712066,-0.301223111641546));
#5954=CARTESIAN_POINT('Ctrl Pts',(0.904307519812197,3.83770265321428,-0.303187834688357));
#5955=CARTESIAN_POINT('Ctrl Pts',(0.907922262474812,3.83806917322559,-0.303371094694011));
#5956=CARTESIAN_POINT('',(0.907922262474811,3.81310123993713,-0.328339027982474));
#5957=CARTESIAN_POINT('',(0.907922262474812,3.83806917322559,-0.303371094694011));
#5958=CARTESIAN_POINT('Origin',(0.906656439697735,3.83806917322559,-0.328339027982472));
#5959=CARTESIAN_POINT('',(0.884188085251889,3.78813330664867,-0.27840316140555));
#5960=CARTESIAN_POINT('Origin',(0.909188085251888,3.78813330664867,-0.27840316140555));
#5961=CARTESIAN_POINT('Origin',(0.909188085251888,3.78813330664867,-0.27840316140555));
#5962=CARTESIAN_POINT('Ctrl Pts',(0.907922262474811,3.81310123993713,-0.328339027982472));
#5963=CARTESIAN_POINT('Ctrl Pts',(0.908813060113433,3.81314640154213,-0.32838178096855));
#5964=CARTESIAN_POINT('Ctrl Pts',(0.909704870081827,3.81319416571642,-0.32840316140555));
#5965=CARTESIAN_POINT('Ctrl Pts',(0.910596535946539,3.81324448032475,-0.32840316140555));
#5966=CARTESIAN_POINT('Ctrl Pts',(0.908299409502711,3.81312036051442,-0.320880807712019));
#5967=CARTESIAN_POINT('Ctrl Pts',(0.909064309813394,3.81315971375633,-0.320913481060992));
#5968=CARTESIAN_POINT('Ctrl Pts',(0.909831130797003,3.81320147724206,-0.320927806156999));
#5969=CARTESIAN_POINT('Ctrl Pts',(0.910596535946539,3.81324448032475,-0.320923178897003));
#5970=CARTESIAN_POINT('Ctrl Pts',(0.90863520695437,3.81940566577108,-0.307972009401449));
#5971=CARTESIAN_POINT('Ctrl Pts',(0.909171112585259,3.8194412579757,-0.307987827264395));
#5972=CARTESIAN_POINT('Ctrl Pts',(0.909706981214204,3.81947812091579,-0.307989642826988));
#5973=CARTESIAN_POINT('Ctrl Pts',(0.910242622215865,3.81951647176289,-0.307977649753475));
#5974=CARTESIAN_POINT('Ctrl Pts',(0.908205122745737,3.83247550802275,-0.303385435126979));
#5975=CARTESIAN_POINT('Ctrl Pts',(0.908637642601286,3.83251613091185,-0.303402535092099));
#5976=CARTESIAN_POINT('Ctrl Pts',(0.909071589380556,3.83255882724273,-0.303408547519381));
#5977=CARTESIAN_POINT('Ctrl Pts',(0.909504140848692,3.83260369729469,-0.30340316140555));
#5978=CARTESIAN_POINT('Ctrl Pts',(0.907922262474812,3.83806917322559,-0.303371094694012));
#5979=CARTESIAN_POINT('Ctrl Pts',(0.908343906690579,3.83811192621167,-0.303392471187051));
#5980=CARTESIAN_POINT('Ctrl Pts',(0.908766030075771,3.83815714296335,-0.30340316140555));
#5981=CARTESIAN_POINT('Ctrl Pts',(0.909188085251888,3.83820477412592,-0.30340316140555));
#5982=CARTESIAN_POINT('',(0.910596535946539,3.81324448032475,-0.32840316140555));
#5983=CARTESIAN_POINT('',(0.909188085251888,3.83820477412592,-0.30340316140555));
#5984=CARTESIAN_POINT('Origin',(0.909188085251888,3.83820477412592,-0.32840316140555));
#5985=CARTESIAN_POINT('Ctrl Pts',(0.909188085251888,3.83820477412592,-0.30340316140555));
#5986=CARTESIAN_POINT('Ctrl Pts',(0.908766030075771,3.83815714296335,-0.30340316140555));
#5987=CARTESIAN_POINT('Ctrl Pts',(0.908343906690579,3.83811192621167,-0.303392471187051));
#5988=CARTESIAN_POINT('Ctrl Pts',(0.907922262474812,3.83806917322559,-0.303371094694012));
#5989=CARTESIAN_POINT('Ctrl Pts',(0.907922262474811,3.81310123993713,-0.328339027982472));
#5990=CARTESIAN_POINT('Ctrl Pts',(0.908813060113433,3.81314640154213,-0.32838178096855));
#5991=CARTESIAN_POINT('Ctrl Pts',(0.909704870081827,3.81319416571642,-0.32840316140555));
#5992=CARTESIAN_POINT('Ctrl Pts',(0.910596535946539,3.81324448032475,-0.32840316140555));
#5993=CARTESIAN_POINT('Origin',(0.884188085251888,4.28124999210856,-0.32840316140555));
#5994=CARTESIAN_POINT('',(0.910596535946539,4.74925550389238,-0.32840316140555));
#5995=CARTESIAN_POINT('Origin',(0.909188085251888,4.72429521009121,-0.32840316140555));
#5996=CARTESIAN_POINT('Origin',(0.884188085251888,4.28124999210856,-0.30340316140555));
#5997=CARTESIAN_POINT('Origin',(0.884188085251888,4.28124999210856,-0.32840316140555));
#5998=CARTESIAN_POINT('Ctrl Pts',(0.896688085251887,4.72499999512522,-0.300053796500161));
#5999=CARTESIAN_POINT('Ctrl Pts',(0.900468711671052,4.72499999512522,-0.302236542180972));
#6000=CARTESIAN_POINT('Ctrl Pts',(0.904829527372987,4.72478709643847,-0.30340316140555));
#6001=CARTESIAN_POINT('Ctrl Pts',(0.909188085251888,4.72429521009121,-0.30340316140555));
#6002=CARTESIAN_POINT('Ctrl Pts',(0.896688085251887,4.73247997763377,-0.300053796500161));
#6003=CARTESIAN_POINT('Ctrl Pts',(0.900551798709819,4.73243852821583,-0.302286442932167));
#6004=CARTESIAN_POINT('Ctrl Pts',(0.90511459699555,4.73221581643441,-0.303478876245075));
#6005=CARTESIAN_POINT('Ctrl Pts',(0.909609492714294,4.73176331253284,-0.30340316140555));
#6006=CARTESIAN_POINT('Ctrl Pts',(0.893546963715908,4.74542517764424,-0.305494378593224));
#6007=CARTESIAN_POINT('Ctrl Pts',(0.898577776185119,4.7453177477793,-0.308315003629006));
#6008=CARTESIAN_POINT('Ctrl Pts',(0.904473591540052,4.7450788142809,-0.309802154504324));
#6009=CARTESIAN_POINT('Ctrl Pts',(0.910338799752179,4.74468795235589,-0.309685404477508));
#6010=CARTESIAN_POINT('Ctrl Pts',(0.88699307869259,4.74999999512522,-0.316846040440572));
#6011=CARTESIAN_POINT('Ctrl Pts',(0.894118946667357,4.74995174815327,-0.320748849489354));
#6012=CARTESIAN_POINT('Ctrl Pts',(0.902360839699394,4.74971959068916,-0.322827949522899));
#6013=CARTESIAN_POINT('Ctrl Pts',(0.910596535946539,4.74925550389238,-0.32279317452414));
#6014=CARTESIAN_POINT('Ctrl Pts',(0.884188085251885,4.74999999512522,-0.321704431594771));
#6015=CARTESIAN_POINT('Ctrl Pts',(0.892175324162719,4.74999999512522,-0.326069922956393));
#6016=CARTESIAN_POINT('Ctrl Pts',(0.901388315078959,4.74977510214634,-0.32840316140555));
#6017=CARTESIAN_POINT('Ctrl Pts',(0.910596535946539,4.74925550389238,-0.32840316140555));
#6018=CARTESIAN_POINT('',(0.884188085251886,4.74999999512522,-0.321704431594771));
#6019=CARTESIAN_POINT('Ctrl Pts',(0.910596535946539,4.74925550389238,-0.32840316140555));
#6020=CARTESIAN_POINT('Ctrl Pts',(0.901388315078959,4.74977510214634,-0.32840316140555));
#6021=CARTESIAN_POINT('Ctrl Pts',(0.892175324162719,4.74999999512522,-0.326069922956393));
#6022=CARTESIAN_POINT('Ctrl Pts',(0.884188085251885,4.74999999512522,-0.321704431594771));
#6023=CARTESIAN_POINT('Origin',(0.884188085251885,4.72499999512522,-0.321704431594771));
#6024=CARTESIAN_POINT('Origin',(0.859188085251887,4.72500000044454,-0.496903234095447));
#6025=CARTESIAN_POINT('',(0.859188085251887,4.72500000044454,-0.521903234095447));
#6026=CARTESIAN_POINT('',(0.884188085251887,4.72500000044454,-0.496903234095447));
#6027=CARTESIAN_POINT('Origin',(0.859188085251887,4.72500000044454,-0.496903234095447));
#6028=CARTESIAN_POINT('',(0.859188085251887,4.75000000044454,-0.496903233369316));
#6029=CARTESIAN_POINT('Origin',(0.859188085251887,4.72500000044454,-0.496903234095447));
#6030=CARTESIAN_POINT('Origin',(0.859188085251887,4.72500000044454,-0.496903234095447));
#6031=CARTESIAN_POINT('Origin',(0.459188085251887,4.72500000044454,-0.496903234095444));
#6032=CARTESIAN_POINT('',(0.459188085251887,4.72500000044454,-0.521903234095444));
#6033=CARTESIAN_POINT('',(0.459188085251887,4.75000000044454,-0.496903233369313));
#6034=CARTESIAN_POINT('Origin',(0.459188085251887,4.72500000044454,-0.496903234095444));
#6035=CARTESIAN_POINT('',(0.434188085251887,4.72500000044454,-0.496903234095444));
#6036=CARTESIAN_POINT('Origin',(0.459188085251887,4.72500000044454,-0.496903234095444));
#6037=CARTESIAN_POINT('Origin',(0.459188085251887,4.72500000044454,-0.496903234095444));
#6038=CARTESIAN_POINT('Origin',(0.859188085251889,4.72499999283469,-0.234903234097047));
#6039=CARTESIAN_POINT('',(0.859188085251889,4.74999999283469,-0.234903233370916));
#6040=CARTESIAN_POINT('',(0.884188085251889,4.72499999283469,-0.234903234097047));
#6041=CARTESIAN_POINT('Origin',(0.859188085251889,4.72499999283469,-0.234903234097047));
#6042=CARTESIAN_POINT('',(0.859188085251889,4.72499999283469,-0.209903234097047));
#6043=CARTESIAN_POINT('Origin',(0.859188085251889,4.72499999283469,-0.234903234097047));
#6044=CARTESIAN_POINT('Origin',(0.859188085251889,4.72499999283469,-0.234903234097047));
#6045=CARTESIAN_POINT('Origin',(0.459188085251889,4.72499999283469,-0.234903234097044));
#6046=CARTESIAN_POINT('',(0.459188085251889,4.74999999283469,-0.234903233370913));
#6047=CARTESIAN_POINT('',(0.459188085251889,4.72499999283469,-0.209903234097044));
#6048=CARTESIAN_POINT('Origin',(0.459188085251889,4.72499999283469,-0.234903234097044));
#6049=CARTESIAN_POINT('',(0.434188085251889,4.72499999283469,-0.234903234097044));
#6050=CARTESIAN_POINT('Origin',(0.459188085251889,4.72499999283469,-0.234903234097044));
#6051=CARTESIAN_POINT('Origin',(0.459188085251889,4.72499999283469,-0.234903234097044));
#6052=CARTESIAN_POINT('Origin',(0.459188085251887,4.72499999890514,-0.443903223930016));
#6053=CARTESIAN_POINT('',(0.434188085251887,4.72499999890514,-0.443903223930016));
#6054=CARTESIAN_POINT('',(0.459188085251887,4.74999999890514,-0.443903223203885));
#6055=CARTESIAN_POINT('Origin',(0.459188085251887,3.65000000117067,-0.496903234095444));
#6056=CARTESIAN_POINT('',(0.459188085251887,3.30000000117067,-0.521903234095445));
#6057=CARTESIAN_POINT('',(0.434188085251887,3.30000000117067,-0.496903234095444));
#6058=CARTESIAN_POINT('Origin',(0.459188085251887,3.30000000117067,-0.496903234095445));
#6059=CARTESIAN_POINT('',(0.434188085251887,3.65000000117067,-0.496903234095444));
#6060=CARTESIAN_POINT('',(0.459188085251887,3.65000000117067,-0.521903234095444));
#6061=CARTESIAN_POINT('Ctrl Pts',(0.434188085251887,3.27500000117067,-0.471903234095444));
#6062=CARTESIAN_POINT('Ctrl Pts',(0.434188085251887,3.27500000117067,-0.496903234095444));
#6063=CARTESIAN_POINT('Ctrl Pts',(0.434188085251887,3.30000000117067,-0.496903234095445));
#6064=CARTESIAN_POINT('Ctrl Pts',(0.434188085251887,3.25000000117067,-0.471903234095444));
#6065=CARTESIAN_POINT('Ctrl Pts',(0.434188085251887,3.25000000117067,-0.521903234095444));
#6066=CARTESIAN_POINT('Ctrl Pts',(0.434188085251887,3.30000000117067,-0.521903234095445));
#6067=CARTESIAN_POINT('Ctrl Pts',(0.459188085251887,3.25000000117067,-0.471903234095444));
#6068=CARTESIAN_POINT('Ctrl Pts',(0.459188085251887,3.25000000117067,-0.521903234095444));
#6069=CARTESIAN_POINT('Ctrl Pts',(0.459188085251887,3.30000000117067,-0.521903234095445));
#6070=CARTESIAN_POINT('',(0.459188085251887,3.25000000117067,-0.471903234095445));
#6071=CARTESIAN_POINT('',(0.434188085251887,3.27500000117067,-0.471903234095444));
#6072=CARTESIAN_POINT('Origin',(0.459188085251887,3.27500000117067,-0.471903234095444));
#6073=CARTESIAN_POINT('Origin',(0.434188085251887,3.30000000117067,-0.471903234095444));
#6074=CARTESIAN_POINT('Origin',(0.459188085251887,3.30000000117067,-0.471903234095444));
#6075=CARTESIAN_POINT('Origin',(0.459188085251888,3.27500000117067,-0.312903234096644));
#6076=CARTESIAN_POINT('',(0.459188085251888,3.25000000117067,-0.259903234097043));
#6077=CARTESIAN_POINT('',(0.434188085251888,3.27500000117067,-0.259903234097043));
#6078=CARTESIAN_POINT('Origin',(0.459188085251888,3.27500000117067,-0.259903234097043));
#6079=CARTESIAN_POINT('',(0.434188085251888,3.27500000117067,-0.312903234096644));
#6080=CARTESIAN_POINT('',(0.459188085251888,3.25000000117067,-0.312903234096644));
#6081=CARTESIAN_POINT('Ctrl Pts',(0.434188085251889,3.30000000117067,-0.234903234097044));
#6082=CARTESIAN_POINT('Ctrl Pts',(0.434188085251889,3.27500000117067,-0.234903234097044));
#6083=CARTESIAN_POINT('Ctrl Pts',(0.434188085251888,3.27500000117067,-0.259903234097044));
#6084=CARTESIAN_POINT('Ctrl Pts',(0.434188085251889,3.30000000117067,-0.209903234097044));
#6085=CARTESIAN_POINT('Ctrl Pts',(0.434188085251889,3.25000000117067,-0.209903234097044));
#6086=CARTESIAN_POINT('Ctrl Pts',(0.434188085251888,3.25000000117067,-0.259903234097044));
#6087=CARTESIAN_POINT('Ctrl Pts',(0.459188085251889,3.30000000117067,-0.209903234097044));
#6088=CARTESIAN_POINT('Ctrl Pts',(0.459188085251889,3.25000000117067,-0.209903234097044));
#6089=CARTESIAN_POINT('Ctrl Pts',(0.459188085251888,3.25000000117067,-0.259903234097044));
#6090=CARTESIAN_POINT('',(0.459188085251889,3.30000000117067,-0.209903234097044));
#6091=CARTESIAN_POINT('',(0.434188085251889,3.30000000117067,-0.234903234097044));
#6092=CARTESIAN_POINT('Origin',(0.459188085251889,3.30000000117067,-0.234903234097044));
#6093=CARTESIAN_POINT('Origin',(0.434188085251888,3.30000000117067,-0.259903234097044));
#6094=CARTESIAN_POINT('Origin',(0.459188085251888,3.30000000117067,-0.259903234097044));
#6095=CARTESIAN_POINT('Origin',(0.459188085251889,4.37499999663962,-0.234903234097039));
#6096=CARTESIAN_POINT('',(0.434188085251889,4.37499999663962,-0.234903234097039));
#6097=CARTESIAN_POINT('',(0.459188085251889,4.37499999663962,-0.209903234097039));
#6098=CARTESIAN_POINT('Origin',(0.434188085251889,4.72499999283469,-0.234903234097044));
#6099=CARTESIAN_POINT('',(0.434188085251889,4.74999999283469,-0.234903233370913));
#6100=CARTESIAN_POINT('',(0.434188085251889,4.72499999283469,-0.209903234097044));
#6101=CARTESIAN_POINT('Origin',(0.859188085251889,4.37499999663962,-0.234903234097042));
#6102=CARTESIAN_POINT('',(0.859188085251889,3.30000000117067,-0.209903234097047));
#6103=CARTESIAN_POINT('',(0.884188085251889,3.30000000117067,-0.234903234097027));
#6104=CARTESIAN_POINT('Origin',(0.859188085251889,3.30000000117067,-0.234903234097027));
#6105=CARTESIAN_POINT('',(0.884188085251889,4.37499999663962,-0.234903234097042));
#6106=CARTESIAN_POINT('',(0.859188085251889,4.37499999663962,-0.209903234097042));
#6107=CARTESIAN_POINT('Ctrl Pts',(0.859188085251889,3.30000000117067,-0.209903234097047));
#6108=CARTESIAN_POINT('Ctrl Pts',(0.859188085251889,3.25000000117067,-0.209903234097047));
#6109=CARTESIAN_POINT('Ctrl Pts',(0.859188085251889,3.25000000117067,-0.259903234097047));
#6110=CARTESIAN_POINT('Ctrl Pts',(0.884188085251889,3.30000000117067,-0.209903234097047));
#6111=CARTESIAN_POINT('Ctrl Pts',(0.884188085251889,3.25000000117067,-0.209903234097047));
#6112=CARTESIAN_POINT('Ctrl Pts',(0.884188085251889,3.25000000117067,-0.259903234097047));
#6113=CARTESIAN_POINT('Ctrl Pts',(0.884188085251889,3.30000000117067,-0.234903234097047));
#6114=CARTESIAN_POINT('Ctrl Pts',(0.884188085251889,3.27500000117067,-0.234903234097047));
#6115=CARTESIAN_POINT('Ctrl Pts',(0.884188085251889,3.27500000117067,-0.259903234097047));
#6116=CARTESIAN_POINT('',(0.859188085251889,3.25000000117067,-0.259903234097046));
#6117=CARTESIAN_POINT('',(0.884188085251889,3.27500000117067,-0.259903234097047));
#6118=CARTESIAN_POINT('Origin',(0.859188085251889,3.27500000117067,-0.259903234097047));
#6119=CARTESIAN_POINT('Origin',(0.884188085251889,3.30000000117067,-0.259903234097047));
#6120=CARTESIAN_POINT('Origin',(0.859188085251889,3.30000000117067,-0.259903234097047));
#6121=CARTESIAN_POINT('Origin',(0.859188085251888,3.27500000117067,-0.312903234096647));
#6122=CARTESIAN_POINT('',(0.859188085251887,3.25000000117067,-0.471903234095447));
#6123=CARTESIAN_POINT('',(0.884188085251887,3.27500000117067,-0.471903234095448));
#6124=CARTESIAN_POINT('Origin',(0.859188085251887,3.27500000117067,-0.471903234095447));
#6125=CARTESIAN_POINT('',(0.884188085251888,3.27500000117067,-0.312903234096647));
#6126=CARTESIAN_POINT('',(0.859188085251888,3.25000000117067,-0.312903234096647));
#6127=CARTESIAN_POINT('Ctrl Pts',(0.859188085251887,3.25000000117067,-0.471903234095446));
#6128=CARTESIAN_POINT('Ctrl Pts',(0.859188085251887,3.25000000117067,-0.521903234095447));
#6129=CARTESIAN_POINT('Ctrl Pts',(0.859188085251887,3.30000000117067,-0.521903234095447));
#6130=CARTESIAN_POINT('Ctrl Pts',(0.884188085251887,3.25000000117067,-0.471903234095447));
#6131=CARTESIAN_POINT('Ctrl Pts',(0.884188085251887,3.25000000117067,-0.521903234095447));
#6132=CARTESIAN_POINT('Ctrl Pts',(0.884188085251887,3.30000000117067,-0.521903234095448));
#6133=CARTESIAN_POINT('Ctrl Pts',(0.884188085251887,3.27500000117067,-0.471903234095447));
#6134=CARTESIAN_POINT('Ctrl Pts',(0.884188085251887,3.27500000117067,-0.496903234095447));
#6135=CARTESIAN_POINT('Ctrl Pts',(0.884188085251887,3.30000000117067,-0.496903234095447));
#6136=CARTESIAN_POINT('',(0.859188085251887,3.30000000117067,-0.521903234095447));
#6137=CARTESIAN_POINT('',(0.884188085251887,3.30000000117067,-0.496903234095448));
#6138=CARTESIAN_POINT('Origin',(0.859188085251887,3.30000000117067,-0.496903234095448));
#6139=CARTESIAN_POINT('Origin',(0.884188085251887,3.30000000117067,-0.471903234095447));
#6140=CARTESIAN_POINT('Origin',(0.859188085251887,3.30000000117067,-0.471903234095446));
#6141=CARTESIAN_POINT('Origin',(0.859188085251887,3.65000000117067,-0.496903234095447));
#6142=CARTESIAN_POINT('',(0.884188085251887,3.65000000117067,-0.496903234095447));
#6143=CARTESIAN_POINT('',(0.859188085251887,3.65000000117067,-0.521903234095447));
#6144=CARTESIAN_POINT('Origin',(0.859188085251887,4.72499999890514,-0.443903223930019));
#6145=CARTESIAN_POINT('',(0.859188085251889,4.74999999409815,-0.27840316067942));
#6146=CARTESIAN_POINT('Origin',(0.859188085251889,4.72499999409815,-0.27840316140555));
#6147=CARTESIAN_POINT('',(0.859188085251887,4.74999999890514,-0.443903223203888));
#6148=CARTESIAN_POINT('',(0.884188085251887,4.72499999890514,-0.443903223930019));
#6149=CARTESIAN_POINT('Origin',(0.434188085251887,4.72500000044454,-0.496903234095444));
#6150=CARTESIAN_POINT('',(0.434188085251887,4.72500000044454,-0.521903234095444));
#6151=CARTESIAN_POINT('',(0.434188085251887,4.75000000044454,-0.496903233369313));
#6152=CARTESIAN_POINT('Origin',(0.859188085251887,4.72499999890514,-0.443903223930019));
#6153=CARTESIAN_POINT('',(0.859188085251887,4.74999999918107,-0.453403160679419));
#6154=CARTESIAN_POINT('',(0.884188085251887,4.72499999918107,-0.45340316140555));
#6155=CARTESIAN_POINT('Origin',(0.859188085251887,4.72499999918107,-0.45340316140555));
#6156=CARTESIAN_POINT('',(0.884188085251887,4.72499999890514,-0.443903223930019));
#6157=CARTESIAN_POINT('',(0.859188085251887,4.74999999890514,-0.443903223203888));
#6158=CARTESIAN_POINT('Origin',(0.909188085251888,4.72499999409815,-0.27840316140555));
#6159=CARTESIAN_POINT('Origin',(0.909188085251888,4.74999999409815,-0.27840316067942));
#6160=CARTESIAN_POINT('Ctrl Pts',(0.884188085251936,4.74999999512522,-0.410101891216301));
#6161=CARTESIAN_POINT('Ctrl Pts',(0.892175261285151,4.74999999512522,-0.405736434220973));
#6162=CARTESIAN_POINT('Ctrl Pts',(0.90138838756847,4.74977509805592,-0.40340316140555));
#6163=CARTESIAN_POINT('Ctrl Pts',(0.910596535946537,4.74925550389237,-0.40340316140555));
#6164=CARTESIAN_POINT('Ctrl Pts',(0.887928076506203,4.74999999512522,-0.41657974608857));
#6165=CARTESIAN_POINT('Ctrl Pts',(0.894759836457044,4.74993432035913,-0.412834293580561));
#6166=CARTESIAN_POINT('Ctrl Pts',(0.902692269937052,4.74969959262764,-0.410835358641259));
#6167=CARTESIAN_POINT('Ctrl Pts',(0.910596535946537,4.74925550389237,-0.410883143914097));
#6168=CARTESIAN_POINT('Ctrl Pts',(0.89440066391757,4.74371773106104,-0.427790596341518));
#6169=CARTESIAN_POINT('Ctrl Pts',(0.89913929589782,4.74361646252834,-0.425114647435948));
#6170=CARTESIAN_POINT('Ctrl Pts',(0.904711092020221,4.74337926316309,-0.423704467410051));
#6171=CARTESIAN_POINT('Ctrl Pts',(0.91024260557913,4.74298321762123,-0.423828318736857));
#6172=CARTESIAN_POINT('Ctrl Pts',(0.896688085251911,4.73060998200663,-0.431752526310925));
#6173=CARTESIAN_POINT('Ctrl Pts',(0.90053688071571,4.73057981830393,-0.429529789039479));
#6174=CARTESIAN_POINT('Ctrl Pts',(0.905037223074466,4.73035965567134,-0.428347539521506));
#6175=CARTESIAN_POINT('Ctrl Pts',(0.909504140848691,4.72989628692243,-0.428403161405549));
#6176=CARTESIAN_POINT('Ctrl Pts',(0.89668808525191,4.72499999512522,-0.431752526310926));
#6177=CARTESIAN_POINT('Ctrl Pts',(0.900468681908994,4.72499999512522,-0.429569797813266));
#6178=CARTESIAN_POINT('Ctrl Pts',(0.904829561684683,4.72478709256621,-0.428403161405549));
#6179=CARTESIAN_POINT('Ctrl Pts',(0.909188085251887,4.72429521009121,-0.428403161405549));
#6180=CARTESIAN_POINT('',(0.910596535946537,4.74925550389237,-0.40340316140555));
#6181=CARTESIAN_POINT('',(0.909188085251887,4.72429521009121,-0.42840316140555));
#6182=CARTESIAN_POINT('Origin',(0.909188085251887,4.72429521009121,-0.40340316140555));
#6183=CARTESIAN_POINT('',(0.89668808525191,4.72499999512522,-0.431752526310926));
#6184=CARTESIAN_POINT('Ctrl Pts',(0.909188085251887,4.72429521009121,-0.428403161405549));
#6185=CARTESIAN_POINT('Ctrl Pts',(0.904829561684683,4.72478709256621,-0.428403161405549));
#6186=CARTESIAN_POINT('Ctrl Pts',(0.900468681908994,4.72499999512522,-0.429569797813266));
#6187=CARTESIAN_POINT('Ctrl Pts',(0.89668808525191,4.72499999512522,-0.431752526310926));
#6188=CARTESIAN_POINT('',(0.884188085251912,4.74999999512522,-0.410101891216301));
#6189=CARTESIAN_POINT('Origin',(0.884188085251934,4.72499999512522,-0.410101891216301));
#6190=CARTESIAN_POINT('Ctrl Pts',(0.884188085251936,4.74999999512522,-0.410101891216301));
#6191=CARTESIAN_POINT('Ctrl Pts',(0.892175261285151,4.74999999512522,-0.405736434220973));
#6192=CARTESIAN_POINT('Ctrl Pts',(0.90138838756847,4.74977509805592,-0.40340316140555));
#6193=CARTESIAN_POINT('Ctrl Pts',(0.910596535946537,4.74925550389237,-0.40340316140555));
#6194=CARTESIAN_POINT('Origin',(0.884188085251888,4.28124999210856,-0.40340316140555));
#6195=CARTESIAN_POINT('',(0.910596535946538,3.81324448032475,-0.40340316140555));
#6196=CARTESIAN_POINT('',(0.909188085251887,3.83820477412592,-0.42840316140555));
#6197=CARTESIAN_POINT('Origin',(0.909188085251887,3.83820477412592,-0.40340316140555));
#6198=CARTESIAN_POINT('Origin',(0.884188085251888,4.28124999210856,-0.42840316140555));
#6199=CARTESIAN_POINT('Origin',(0.884188085251888,4.28124999210856,-0.40340316140555));
#6200=CARTESIAN_POINT('Ctrl Pts',(0.910596535946538,3.81324448032475,-0.40340316140555));
#6201=CARTESIAN_POINT('Ctrl Pts',(0.909704870081826,3.81319416571642,-0.40340316140555));
#6202=CARTESIAN_POINT('Ctrl Pts',(0.908813060113432,3.81314640154213,-0.40342454184255));
#6203=CARTESIAN_POINT('Ctrl Pts',(0.907922262474811,3.81310123993713,-0.403467294828628));
#6204=CARTESIAN_POINT('Ctrl Pts',(0.910596535946538,3.81324448032475,-0.410883143914098));
#6205=CARTESIAN_POINT('Ctrl Pts',(0.909831130797002,3.81320147724206,-0.410878516654102));
#6206=CARTESIAN_POINT('Ctrl Pts',(0.909064309813393,3.81315971375633,-0.410892841750109));
#6207=CARTESIAN_POINT('Ctrl Pts',(0.908299409502711,3.81312036051442,-0.410925515099082));
#6208=CARTESIAN_POINT('Ctrl Pts',(0.91024261988065,3.81951651314711,-0.423828623323415));
#6209=CARTESIAN_POINT('Ctrl Pts',(0.909706978878989,3.81947816230001,-0.423816630249902));
#6210=CARTESIAN_POINT('Ctrl Pts',(0.909171108002673,3.81944129906172,-0.423818446242769));
#6211=CARTESIAN_POINT('Ctrl Pts',(0.908635202371785,3.8194057068571,-0.423834264105715));
#6212=CARTESIAN_POINT('Ctrl Pts',(0.909504140848691,3.83260369729469,-0.428403161405551));
#6213=CARTESIAN_POINT('Ctrl Pts',(0.909071589380555,3.83255882724273,-0.42839777529172));
#6214=CARTESIAN_POINT('Ctrl Pts',(0.908637642601285,3.83251613091185,-0.428403787719001));
#6215=CARTESIAN_POINT('Ctrl Pts',(0.908205122745736,3.83247550802275,-0.428420887684121));
#6216=CARTESIAN_POINT('Ctrl Pts',(0.909188085251887,3.83820477412592,-0.428403161405551));
#6217=CARTESIAN_POINT('Ctrl Pts',(0.90876603007577,3.83815714296335,-0.428403161405551));
#6218=CARTESIAN_POINT('Ctrl Pts',(0.908343906690578,3.83811192621167,-0.42841385162405));
#6219=CARTESIAN_POINT('Ctrl Pts',(0.907922262474811,3.83806917322559,-0.428435228117089));
#6220=CARTESIAN_POINT('',(0.907922262474811,3.81310123993713,-0.403467294828628));
#6221=CARTESIAN_POINT('',(0.907922262474811,3.83806917322559,-0.428435228117089));
#6222=CARTESIAN_POINT('Origin',(0.906656439697734,3.83806917322559,-0.403467294828628));
#6223=CARTESIAN_POINT('Ctrl Pts',(0.907922262474811,3.83806917322559,-0.428435228117089));
#6224=CARTESIAN_POINT('Ctrl Pts',(0.908343906690578,3.83811192621167,-0.42841385162405));
#6225=CARTESIAN_POINT('Ctrl Pts',(0.90876603007577,3.83815714296335,-0.428403161405551));
#6226=CARTESIAN_POINT('Ctrl Pts',(0.909188085251887,3.83820477412592,-0.428403161405551));
#6227=CARTESIAN_POINT('Ctrl Pts',(0.910596535946538,3.81324448032475,-0.40340316140555));
#6228=CARTESIAN_POINT('Ctrl Pts',(0.909704870081826,3.81319416571642,-0.40340316140555));
#6229=CARTESIAN_POINT('Ctrl Pts',(0.908813060113432,3.81314640154213,-0.40342454184255));
#6230=CARTESIAN_POINT('Ctrl Pts',(0.907922262474811,3.81310123993713,-0.403467294828628));
#6231=CARTESIAN_POINT('Ctrl Pts',(0.884188085251887,3.78813330664867,-0.45340316140555));
#6232=CARTESIAN_POINT('Ctrl Pts',(0.884188085251887,3.79899146205,-0.447974083704886));
#6233=CARTESIAN_POINT('Ctrl Pts',(0.887251579411944,3.81702972107587,-0.438954954191951));
#6234=CARTESIAN_POINT('Ctrl Pts',(0.897170929070909,3.83377318175868,-0.430583223850543));
#6235=CARTESIAN_POINT('Ctrl Pts',(0.904307519812196,3.83770265321428,-0.428618488122743));
#6236=CARTESIAN_POINT('Ctrl Pts',(0.907922262474811,3.83806917322559,-0.428435228117089));
#6237=CARTESIAN_POINT('Ctrl Pts',(0.884188085251887,3.78813330664867,-0.45340316140555));
#6238=CARTESIAN_POINT('Ctrl Pts',(0.884188085251887,3.79795735201177,-0.446939973666664));
#6239=CARTESIAN_POINT('Ctrl Pts',(0.888625332710798,3.81429274551993,-0.436218260800744));
#6240=CARTESIAN_POINT('Ctrl Pts',(0.900226856736129,3.827860356701,-0.429139503540455));
#6241=CARTESIAN_POINT('Ctrl Pts',(0.90576849315793,3.83037026362169,-0.428486578331302));
#6242=CARTESIAN_POINT('Ctrl Pts',(0.908299409502711,3.83061095295514,-0.428416107539799));
#6243=CARTESIAN_POINT('Ctrl Pts',(0.884188085251887,3.78813330664867,-0.45340316140555));
#6244=CARTESIAN_POINT('Ctrl Pts',(0.884188085251887,3.79614765944489,-0.445130281099777));
#6245=CARTESIAN_POINT('Ctrl Pts',(0.88963532501592,3.80943699365522,-0.431403581750774));
#6246=CARTESIAN_POINT('Ctrl Pts',(0.902776463429323,3.8175354407779,-0.422577552900466));
#6247=CARTESIAN_POINT('Ctrl Pts',(0.907034196523265,3.81766878272487,-0.422187313158351));
#6248=CARTESIAN_POINT('Ctrl Pts',(0.908635202421469,3.81770220341396,-0.422130761642574));
#6249=CARTESIAN_POINT('Ctrl Pts',(0.884188085251887,3.78813330664867,-0.45340316140555));
#6250=CARTESIAN_POINT('Ctrl Pts',(0.884188085251887,3.794337966878,-0.443320588532889));
#6251=CARTESIAN_POINT('Ctrl Pts',(0.888288054532185,3.80461165692922,-0.42657965140449));
#6252=CARTESIAN_POINT('Ctrl Pts',(0.899445267082674,3.81202732121724,-0.412205936743321));
#6253=CARTESIAN_POINT('Ctrl Pts',(0.905392600639948,3.81301490302844,-0.409334941006512));
#6254=CARTESIAN_POINT('Ctrl Pts',(0.908205122745736,3.8131155803701,-0.409060960031468));
#6255=CARTESIAN_POINT('Ctrl Pts',(0.884188085251887,3.78813330664867,-0.45340316140555));
#6256=CARTESIAN_POINT('Ctrl Pts',(0.884188085251887,3.79356238434933,-0.442545006004222));
#6257=CARTESIAN_POINT('Ctrl Pts',(0.887251579411944,3.80258151386227,-0.424506746978353));
#6258=CARTESIAN_POINT('Ctrl Pts',(0.89717092907091,3.81095324420368,-0.407763286295536));
#6259=CARTESIAN_POINT('Ctrl Pts',(0.904307519812196,3.81291797993148,-0.403833814839936));
#6260=CARTESIAN_POINT('Ctrl Pts',(0.907922262474811,3.81310123993713,-0.403467294828628));
#6261=CARTESIAN_POINT('',(0.884188085251887,3.78813330664867,-0.45340316140555));
#6262=CARTESIAN_POINT('Origin',(0.909188085251888,3.78813330664867,-0.45340316140555));
#6263=CARTESIAN_POINT('Origin',(0.909188085251887,3.78813330664867,-0.45340316140555));
#6264=CARTESIAN_POINT('Origin',(0.909188085251887,4.72499999918107,-0.45340316140555));
#6265=CARTESIAN_POINT('Origin',(0.909188085251887,4.72499999918107,-0.45340316140555));
#6266=CARTESIAN_POINT('Origin',(0.909188085251887,4.74999999918107,-0.45340316067942));
#6267=CARTESIAN_POINT('Origin',(0.434188085251889,4.74999999210856,-0.209903234097044));
#6268=CARTESIAN_POINT('',(0.434188085251889,3.30000000117067,-0.209903234097044));
#6269=CARTESIAN_POINT('Origin',(0.884188085251888,4.00000000117067,-0.365903234096247));
#6270=CARTESIAN_POINT('',(0.884188085251887,4.31250000041953,-0.45340316140555));
#6271=CARTESIAN_POINT('',(0.884188085251889,4.37499999739075,-0.27840316140555));
#6272=CARTESIAN_POINT('',(0.884188085251887,4.31250000041953,-0.45340316140555));
#6273=CARTESIAN_POINT('',(0.884188085251888,3.78813330664867,-0.397153197750895));
#6274=CARTESIAN_POINT('Origin',(0.909188085251887,4.31250000041953,-0.45340316140555));
#6275=CARTESIAN_POINT('',(0.909188085251887,4.31250000041953,-0.42840316140555));
#6276=CARTESIAN_POINT('Origin',(0.884188085251888,4.62499999966839,-0.42840316140555));
#6277=CARTESIAN_POINT('',(0.909188085251887,4.31250000041953,-0.42840316140555));
#6278=CARTESIAN_POINT('Origin',(0.909188085251887,4.31250000041953,-0.45340316140555));
#6279=CARTESIAN_POINT('Origin',(0.434188085251888,4.00000000117067,-0.365903234096244));
#6280=CARTESIAN_POINT('Origin',(0.909188085251888,4.37499999739075,-0.27840316140555));
#6281=CARTESIAN_POINT('',(0.909188085251888,4.37499999739075,-0.30340316140555));
#6282=CARTESIAN_POINT('Origin',(0.909188085251888,3.78813330664867,-0.397153197750895));
#6283=CARTESIAN_POINT('',(0.907922262474811,3.81310123993713,-0.397153197750895));
#6284=CARTESIAN_POINT('Origin',(0.884188085251888,4.74999999361083,-0.30340316140555));
#6285=CARTESIAN_POINT('Origin',(0.884188085251888,4.28124999210856,-0.397153197750895));
#6286=CARTESIAN_POINT('',(0.884188085251887,4.74999999971841,-0.471903232643186));
#6287=CARTESIAN_POINT('Origin',(0.434188085251887,4.75000000117067,-0.521903234095444));
#6288=CARTESIAN_POINT('Origin',(0.434188085251887,3.30000000117067,-0.521903234095444));
#6289=CARTESIAN_POINT('',(0.434188085251887,3.30000000117067,-0.521903234095444));
#6290=CARTESIAN_POINT('Origin',(0.434188085251887,3.30000000117067,-0.471903234095444));
#6291=CARTESIAN_POINT('',(0.434188085251887,3.25000000117067,-0.471903234095444));
#6292=CARTESIAN_POINT('Origin',(0.434188085251888,3.25000000117067,-0.259903234097043));
#6293=CARTESIAN_POINT('',(0.434188085251888,3.25000000117067,-0.259903234097043));
#6294=CARTESIAN_POINT('Origin',(0.434188085251888,3.30000000117067,-0.259903234097044));
#6295=CARTESIAN_POINT('Origin',(0.496688085251888,0.5,-0.365994548708481));
#6296=CARTESIAN_POINT('',(0.434188085251888,0.5825,-0.365994548708481));
#6297=CARTESIAN_POINT('Origin',(0.434188085251888,0.5,-0.365994548708481));
#6298=CARTESIAN_POINT('',(0.559188085251888,0.5825,-0.365994548708482));
#6299=CARTESIAN_POINT('',(0.496688085251888,0.5825,-0.365994548708481));
#6300=CARTESIAN_POINT('Origin',(0.559188085251888,0.5,-0.365994548708482));
#6301=CARTESIAN_POINT('Origin',(0.502938085251891,0.5,0.134005451291519));
#6302=CARTESIAN_POINT('',(0.434188085251891,0.5825,0.134005451291519));
#6303=CARTESIAN_POINT('Origin',(0.434188085251891,0.5,0.134005451291519));
#6304=CARTESIAN_POINT('',(0.559188085251891,0.5825,0.134005451291519));
#6305=CARTESIAN_POINT('',(0.502938085251891,0.5825,0.134005451291519));
#6306=CARTESIAN_POINT('Origin',(0.559188085251891,0.5,0.134005451291519));
#6307=CARTESIAN_POINT('Origin',(0.459188085251889,-0.25,-0.115903234096098));
#6308=CARTESIAN_POINT('',(0.459188085251892,-0.25,0.259096765903902));
#6309=CARTESIAN_POINT('',(0.459188085251887,-0.25,-0.490903234096098));
#6310=CARTESIAN_POINT('Origin',(0.459188085251889,-0.25,-0.115903234096098));
#6311=CARTESIAN_POINT('',(0.434188085251887,-0.225,-0.51512121966288));
#6312=CARTESIAN_POINT('Ctrl Pts',(0.459188085251887,-0.25,-0.490903234096098));
#6313=CARTESIAN_POINT('Ctrl Pts',(0.456849501531625,-0.25,-0.490903234096098));
#6314=CARTESIAN_POINT('Ctrl Pts',(0.45456452389215,-0.249672331114771,-0.491231259781596));
#6315=CARTESIAN_POINT('Ctrl Pts',(0.44990275137925,-0.248355261026457,-0.492545034704213));
#6316=CARTESIAN_POINT('Ctrl Pts',(0.447645515075694,-0.247301762629708,
-0.493593960187541));
#6317=CARTESIAN_POINT('Ctrl Pts',(0.442998094123952,-0.244309969316588,
-0.496554504187083));
#6318=CARTESIAN_POINT('Ctrl Pts',(0.440827458179995,-0.242202650429456,
-0.498627579068393));
#6319=CARTESIAN_POINT('Ctrl Pts',(0.43750466583215,-0.237738723788651,-0.502976229808795));
#6320=CARTESIAN_POINT('Ctrl Pts',(0.436293192002381,-0.235364452535537,
-0.505270797956538));
#6321=CARTESIAN_POINT('Ctrl Pts',(0.434632351676799,-0.230397779265954,
-0.51002572153806));
#6322=CARTESIAN_POINT('Ctrl Pts',(0.434203201737016,-0.227768159323516,
-0.512520151088594));
#6323=CARTESIAN_POINT('Ctrl Pts',(0.434188216055831,-0.225093378820674,
-0.515033498306575));
#6324=CARTESIAN_POINT('Ctrl Pts',(0.434188085251887,-0.2250466911744,-0.515077360941497));
#6325=CARTESIAN_POINT('Ctrl Pts',(0.434188085251887,-0.225,-0.51512121966288));
#6326=CARTESIAN_POINT('',(0.434188085251892,-0.225,0.283314751470685));
#6327=CARTESIAN_POINT('Origin',(0.43418808525189,-0.25,-0.115903234096097));
#6328=CARTESIAN_POINT('Ctrl Pts',(0.434188085251892,-0.225,0.283314751470685));
#6329=CARTESIAN_POINT('Ctrl Pts',(0.434188085251892,-0.225046691174486,
0.283270892749221));
#6330=CARTESIAN_POINT('Ctrl Pts',(0.434188216055836,-0.225093378820606,
0.283227030114465));
#6331=CARTESIAN_POINT('Ctrl Pts',(0.434202135022883,-0.227577762494126,
0.280892588545022));
#6332=CARTESIAN_POINT('Ctrl Pts',(0.434572342812154,-0.230015878468262,
0.278581463524267));
#6333=CARTESIAN_POINT('Ctrl Pts',(0.43600550745552,-0.234658138469113,0.274143125514616));
#6334=CARTESIAN_POINT('Ctrl Pts',(0.437053631786807,-0.236891247015257,
0.271989377371861));
#6335=CARTESIAN_POINT('Ctrl Pts',(0.440090200902633,-0.241393938396195,
0.267613464767635));
#6336=CARTESIAN_POINT('Ctrl Pts',(0.442226853227121,-0.243650544516678,
0.265397769057336));
#6337=CARTESIAN_POINT('Ctrl Pts',(0.44685769088079,-0.246879834468796,0.262206493978224));
#6338=CARTESIAN_POINT('Ctrl Pts',(0.449114808598624,-0.24803199736449,0.261060468775951));
#6339=CARTESIAN_POINT('Ctrl Pts',(0.453773387435228,-0.249510290312429,
0.259586770445683));
#6340=CARTESIAN_POINT('Ctrl Pts',(0.45604887926449,-0.249913154306116,0.259183608908391));
#6341=CARTESIAN_POINT('Ctrl Pts',(0.458661283488631,-0.249995846045782,
0.259100919928264));
#6342=CARTESIAN_POINT('Ctrl Pts',(0.458924959419508,-0.25,0.259096765903902));
#6343=CARTESIAN_POINT('Ctrl Pts',(0.459188085251892,-0.25,0.259096765903902));
#6344=CARTESIAN_POINT('Origin',(0.459188085251891,-0.225,0.0715967659039023));
#6345=CARTESIAN_POINT('',(0.434188085251891,-0.225,0.0715967659039025));
#6346=CARTESIAN_POINT('',(0.459188085251891,-0.25,0.0715967659039023));
#6347=CARTESIAN_POINT('Origin',(0.43418808525189,-0.25,-0.115903234096097));
#6348=CARTESIAN_POINT('',(0.534188085251892,-0.25,0.259096765903902));
#6349=CARTESIAN_POINT('',(0.434188085251892,-0.25,0.259096765903903));
#6350=CARTESIAN_POINT('',(0.534188085251887,-0.25,-0.490903234096098));
#6351=CARTESIAN_POINT('Origin',(0.53418808525189,-0.25,-0.115903234096098));
#6352=CARTESIAN_POINT('',(0.434188085251887,-0.25,-0.490903234096097));
#6353=CARTESIAN_POINT('Origin',(0.43418808525189,-3.75449479030514E-9,-0.115903234096097));
#6354=CARTESIAN_POINT('',(0.434188085251892,0.0497732476398828,0.26509676590325));
#6355=CARTESIAN_POINT('',(0.434188085251892,0.0212234145313227,0.274049146855693));
#6356=CARTESIAN_POINT('Origin',(0.434188085251893,0.0497732476398828,0.31509676590325));
#6357=CARTESIAN_POINT('',(0.434188085251892,0.64999999249101,0.26509676590325));
#6358=CARTESIAN_POINT('',(0.434188085251892,0.324999994368258,0.26509676590325));
#6359=CARTESIAN_POINT('',(0.434188085251892,0.72499999249101,0.19009676590325));
#6360=CARTESIAN_POINT('Origin',(0.434188085251892,0.64999999249101,0.19009676590325));
#6361=CARTESIAN_POINT('',(0.434188085251887,0.72499999249101,-0.421903234095445));
#6362=CARTESIAN_POINT('',(0.434188085251888,0.72499999249101,-0.268903234095771));
#6363=CARTESIAN_POINT('',(0.434188085251887,0.64999999249101,-0.496903234095445));
#6364=CARTESIAN_POINT('Origin',(0.434188085251887,0.64999999249101,-0.421903234095445));
#6365=CARTESIAN_POINT('',(0.434188085251887,0.0336617704247393,-0.496903234095445));
#6366=CARTESIAN_POINT('',(0.434188085251887,0.0209143565667814,-0.496903234095445));
#6367=CARTESIAN_POINT('Origin',(0.43418808525189,-0.25,-0.115903234096097));
#6368=CARTESIAN_POINT('Origin',(0.53418808525189,-0.25,-0.115903234096098));
#6369=CARTESIAN_POINT('',(0.559188085251892,-0.225,0.283314751470685));
#6370=CARTESIAN_POINT('',(0.559188085251887,-0.225,-0.515121219662881));
#6371=CARTESIAN_POINT('Origin',(0.55918808525189,-0.25,-0.115903234096098));
#6372=CARTESIAN_POINT('Ctrl Pts',(0.559188085251887,-0.224999999999958,
-0.515121219662881));
#6373=CARTESIAN_POINT('Ctrl Pts',(0.559188085251887,-0.225046691174466,
-0.515077360941397));
#6374=CARTESIAN_POINT('Ctrl Pts',(0.559187954447943,-0.225093378820566,
-0.515033498306677));
#6375=CARTESIAN_POINT('Ctrl Pts',(0.559185033532174,-0.225614730399602,
-0.514543612299448));
#6376=CARTESIAN_POINT('Ctrl Pts',(0.559168856805851,-0.226089068092892,
-0.514097154396121));
#6377=CARTESIAN_POINT('Ctrl Pts',(0.558866614774461,-0.23091548628989,-0.509546763681548));
#6378=CARTESIAN_POINT('Ctrl Pts',(0.557462059611175,-0.235102011725965,
-0.505532335323501));
#6379=CARTESIAN_POINT('Ctrl Pts',(0.55319393866163,-0.241603549172044,-0.499217964404651));
#6380=CARTESIAN_POINT('Ctrl Pts',(0.550734157142891,-0.244054223621692,
-0.496807150544179));
#6381=CARTESIAN_POINT('Ctrl Pts',(0.545691177087399,-0.247346033497745,
-0.493550456208571));
#6382=CARTESIAN_POINT('Ctrl Pts',(0.543210953148368,-0.248487310123122,
-0.492413556925982));
#6383=CARTESIAN_POINT('Ctrl Pts',(0.538438182450611,-0.249724620234373,
-0.491178877944686));
#6384=CARTESIAN_POINT('Ctrl Pts',(0.536331383247333,-0.25,-0.490903234096098));
#6385=CARTESIAN_POINT('Ctrl Pts',(0.534188085251887,-0.25,-0.490903234096098));
#6386=CARTESIAN_POINT('Ctrl Pts',(0.559188085251892,-0.225,0.283314751470685));
#6387=CARTESIAN_POINT('Ctrl Pts',(0.559188085251892,-0.22504669117431,0.283270892749386));
#6388=CARTESIAN_POINT('Ctrl Pts',(0.559187954447948,-0.225093378820746,
0.283227030114291));
#6389=CARTESIAN_POINT('Ctrl Pts',(0.559185033532181,-0.22561473039945,0.28273714410743));
#6390=CARTESIAN_POINT('Ctrl Pts',(0.559168856805866,-0.226089068092739,
0.282290686204073));
#6391=CARTESIAN_POINT('Ctrl Pts',(0.558866614774465,-0.230915486289924,
0.277740295489312));
#6392=CARTESIAN_POINT('Ctrl Pts',(0.557462059611162,-0.235102011725993,
0.273725867131277));
#6393=CARTESIAN_POINT('Ctrl Pts',(0.553193938661641,-0.241603549172037,
0.267411496212461));
#6394=CARTESIAN_POINT('Ctrl Pts',(0.550734157142903,-0.244054223621687,
0.265000682351987));
#6395=CARTESIAN_POINT('Ctrl Pts',(0.545691177087407,-0.247346033497744,
0.261743988016375));
#6396=CARTESIAN_POINT('Ctrl Pts',(0.543210953148376,-0.248487310123121,
0.260607088733786));
#6397=CARTESIAN_POINT('Ctrl Pts',(0.53843818245062,-0.249724620234373,0.25937240975249));
#6398=CARTESIAN_POINT('Ctrl Pts',(0.53633138324734,-0.25,0.259096765903902));
#6399=CARTESIAN_POINT('Ctrl Pts',(0.534188085251892,-0.25,0.259096765903902));
#6400=CARTESIAN_POINT('Origin',(0.534188085251891,-0.225,0.0715967659039018));
#6401=CARTESIAN_POINT('',(0.534188085251891,-0.25,0.0715967659039018));
#6402=CARTESIAN_POINT('',(0.559188085251891,-0.225,0.0715967659039016));
#6403=CARTESIAN_POINT('Origin',(0.55918808525189,-3.75449479030514E-9,-0.115903234096098));
#6404=CARTESIAN_POINT('',(0.559188085251887,0.64999999249101,-0.496903234095446));
#6405=CARTESIAN_POINT('',(0.559188085251887,0.0336617704247394,-0.496903234095446));
#6406=CARTESIAN_POINT('',(0.559188085251887,0.0209143565667814,-0.496903234095446));
#6407=CARTESIAN_POINT('',(0.559188085251887,0.72499999249101,-0.421903234095446));
#6408=CARTESIAN_POINT('Origin',(0.559188085251887,0.64999999249101,-0.421903234095445));
#6409=CARTESIAN_POINT('',(0.559188085251892,0.72499999249101,0.190096765903249));
#6410=CARTESIAN_POINT('',(0.559188085251888,0.72499999249101,-0.268903234095772));
#6411=CARTESIAN_POINT('',(0.559188085251892,0.64999999249101,0.265096765903249));
#6412=CARTESIAN_POINT('Origin',(0.559188085251892,0.64999999249101,0.190096765903249));
#6413=CARTESIAN_POINT('',(0.559188085251892,0.0497732476398828,0.265096765903249));
#6414=CARTESIAN_POINT('',(0.559188085251892,0.324999994368258,0.265096765903249));
#6415=CARTESIAN_POINT('',(0.559188085251892,0.0212234145313227,0.274049146855692));
#6416=CARTESIAN_POINT('Origin',(0.559188085251893,0.0497732476398828,0.315096765903249));
#6417=CARTESIAN_POINT('Origin',(0.55918808525189,-0.25,-0.115903234096098));
#6418=CARTESIAN_POINT('Origin',(0.459188085251892,0.0497732476398828,0.31509676590325));
#6419=CARTESIAN_POINT('',(0.459188085251892,0.0497732476398828,0.29009676590325));
#6420=CARTESIAN_POINT('',(0.459188085251892,0.0354983310856028,0.294572956379471));
#6421=CARTESIAN_POINT('Origin',(0.459188085251892,0.0497732476398828,0.31509676590325));
#6422=CARTESIAN_POINT('Origin',(0.459188085251892,0.0497732476398828,0.26509676590325));
#6423=CARTESIAN_POINT('Origin',(0.459188085251892,0.0212234145313227,0.274049146855693));
#6424=CARTESIAN_POINT('Origin',(0.459188085251889,-0.25,-0.115903234096098));
#6425=CARTESIAN_POINT('',(0.459188085251887,0.0418287168880575,-0.521903234095445));
#6426=CARTESIAN_POINT('Origin',(0.459188085251889,-0.25,-0.115903234096098));
#6427=CARTESIAN_POINT('Ctrl Pts',(0.434188085251887,0.0336617704247393,
-0.496903234095445));
#6428=CARTESIAN_POINT('Ctrl Pts',(0.434188085251887,0.0336773042536638,
-0.496950110195595));
#6429=CARTESIAN_POINT('Ctrl Pts',(0.434188217094013,0.033692836914239,-0.496996986620628));
#6430=CARTESIAN_POINT('Ctrl Pts',(0.43419857653322,0.0343030072237042,-0.498838586863315));
#6431=CARTESIAN_POINT('Ctrl Pts',(0.43440192275429,0.034894545504725,-0.500629657764064));
#6432=CARTESIAN_POINT('Ctrl Pts',(0.435189512917258,0.036048294817395,-0.504133530915648));
#6433=CARTESIAN_POINT('Ctrl Pts',(0.435770399699854,0.0366084253342213,
-0.505839953225235));
#6434=CARTESIAN_POINT('Ctrl Pts',(0.437892565720775,0.0380972770699807,
-0.510387975115607));
#6435=CARTESIAN_POINT('Ctrl Pts',(0.439813743478979,0.0389601027600701,
-0.513038453572258));
#6436=CARTESIAN_POINT('Ctrl Pts',(0.444502885456571,0.0403668536988552,
-0.517373656218275));
#6437=CARTESIAN_POINT('Ctrl Pts',(0.447182772265082,0.0409114197698423,
-0.519059177289222));
#6438=CARTESIAN_POINT('Ctrl Pts',(0.453010200383321,0.0416422616661836,
-0.521323864497488));
#6439=CARTESIAN_POINT('Ctrl Pts',(0.456080249268052,0.0418287168880577,
-0.521903234095445));
#6440=CARTESIAN_POINT('Ctrl Pts',(0.459188085251887,0.0418287168880577,
-0.521903234095445));
#6441=CARTESIAN_POINT('Origin',(0.459188085251887,0.0209143565667814,-0.496903234095445));
#6442=CARTESIAN_POINT('',(0.459188085251887,0.64999999249101,-0.521903234095445));
#6443=CARTESIAN_POINT('Origin',(0.459188085251887,0.64999999249101,-0.496903234095445));
#6444=CARTESIAN_POINT('',(0.459188085251887,0.0209143565667814,-0.521903234095445));
#6445=CARTESIAN_POINT('Origin',(0.459188085251887,0.64999999249101,-0.421903234095445));
#6446=CARTESIAN_POINT('',(0.459188085251887,0.74999999249101,-0.421903234095445));
#6447=CARTESIAN_POINT('Origin',(0.459188085251887,0.72499999249101,-0.421903234095445));
#6448=CARTESIAN_POINT('Origin',(0.459188085251887,0.64999999249101,-0.421903234095445));
#6449=CARTESIAN_POINT('Origin',(0.459188085251888,0.72499999249101,-0.268903234095771));
#6450=CARTESIAN_POINT('',(0.459188085251892,0.74999999249101,0.19009676590325));
#6451=CARTESIAN_POINT('Origin',(0.459188085251892,0.72499999249101,0.19009676590325));
#6452=CARTESIAN_POINT('',(0.459188085251888,0.74999999249101,-0.268903234095771));
#6453=CARTESIAN_POINT('Origin',(0.459188085251892,0.64999999249101,0.19009676590325));
#6454=CARTESIAN_POINT('',(0.459188085251892,0.64999999249101,0.29009676590325));
#6455=CARTESIAN_POINT('Origin',(0.459188085251892,0.64999999249101,0.26509676590325));
#6456=CARTESIAN_POINT('Origin',(0.459188085251892,0.64999999249101,0.19009676590325));
#6457=CARTESIAN_POINT('Origin',(0.459188085251892,0.324999994368258,0.26509676590325));
#6458=CARTESIAN_POINT('',(0.459188085251892,0.324999994368258,0.29009676590325));
#6459=CARTESIAN_POINT('Origin',(0.534188085251892,0.0497732476398828,0.315096765903249));
#6460=CARTESIAN_POINT('',(0.534188085251892,0.0497732476398828,0.290096765903249));
#6461=CARTESIAN_POINT('Origin',(0.534188085251892,0.0497732476398828,0.265096765903249));
#6462=CARTESIAN_POINT('',(0.534188085251892,0.0354983310856028,0.294572956379471));
#6463=CARTESIAN_POINT('Origin',(0.534188085251892,0.0497732476398828,0.315096765903249));
#6464=CARTESIAN_POINT('Origin',(0.534188085251892,0.0212234145313227,0.274049146855692));
#6465=CARTESIAN_POINT('Origin',(0.434188085251892,0.0497732476398828,0.31509676590325));
#6466=CARTESIAN_POINT('',(0.434188085251892,0.0497732476398828,0.29009676590325));
#6467=CARTESIAN_POINT('',(0.434188085251892,0.0354983310856028,0.294572956379472));
#6468=CARTESIAN_POINT('Origin',(0.534188085251887,0.0209143565667814,-0.496903234095445));
#6469=CARTESIAN_POINT('',(0.534188085251887,0.0418287168880575,-0.521903234095445));
#6470=CARTESIAN_POINT('',(0.534188085251887,0.64999999249101,-0.521903234095445));
#6471=CARTESIAN_POINT('',(0.534188085251887,0.0209143565667814,-0.521903234095445));
#6472=CARTESIAN_POINT('Origin',(0.534188085251887,0.64999999249101,-0.496903234095445));
#6473=CARTESIAN_POINT('Ctrl Pts',(0.559188085251887,0.0336617704247393,
-0.496903234095446));
#6474=CARTESIAN_POINT('Ctrl Pts',(0.559188085251887,0.0336773042536753,
-0.496950110195631));
#6475=CARTESIAN_POINT('Ctrl Pts',(0.559187953409761,0.0336928369142567,
-0.496996986620576));
#6476=CARTESIAN_POINT('Ctrl Pts',(0.559177593970551,0.0343030072236198,
-0.498838586863994));
#6477=CARTESIAN_POINT('Ctrl Pts',(0.55897424774946,0.0348945455047606,-0.500629657764169));
#6478=CARTESIAN_POINT('Ctrl Pts',(0.558186657586515,0.0360482948173953,
-0.504133530915648));
#6479=CARTESIAN_POINT('Ctrl Pts',(0.55760577080392,0.0366084253342218,-0.505839953225235));
#6480=CARTESIAN_POINT('Ctrl Pts',(0.555483604782999,0.038097277069981,-0.510387975115607));
#6481=CARTESIAN_POINT('Ctrl Pts',(0.553562427024794,0.0389601027600704,
-0.513038453572258));
#6482=CARTESIAN_POINT('Ctrl Pts',(0.548873285047202,0.0403668536988554,
-0.517373656218276));
#6483=CARTESIAN_POINT('Ctrl Pts',(0.546193398238692,0.0409114197698425,
-0.519059177289223));
#6484=CARTESIAN_POINT('Ctrl Pts',(0.540365970120452,0.0416422616661837,
-0.521323864497488));
#6485=CARTESIAN_POINT('Ctrl Pts',(0.537295921235722,0.0418287168880577,
-0.521903234095445));
#6486=CARTESIAN_POINT('Ctrl Pts',(0.534188085251887,0.0418287168880577,
-0.521903234095445));
#6487=CARTESIAN_POINT('Origin',(0.534188085251887,0.64999999249101,-0.421903234095445));
#6488=CARTESIAN_POINT('',(0.534188085251887,0.74999999249101,-0.421903234095445));
#6489=CARTESIAN_POINT('Origin',(0.534188085251887,0.72499999249101,-0.421903234095445));
#6490=CARTESIAN_POINT('Origin',(0.534188085251887,0.64999999249101,-0.421903234095445));
#6491=CARTESIAN_POINT('Origin',(0.534188085251888,0.72499999249101,-0.268903234095772));
#6492=CARTESIAN_POINT('',(0.534188085251892,0.74999999249101,0.19009676590325));
#6493=CARTESIAN_POINT('Origin',(0.534188085251892,0.72499999249101,0.19009676590325));
#6494=CARTESIAN_POINT('',(0.534188085251888,0.74999999249101,-0.268903234095772));
#6495=CARTESIAN_POINT('Origin',(0.534188085251892,0.64999999249101,0.190096765903249));
#6496=CARTESIAN_POINT('',(0.534188085251892,0.64999999249101,0.29009676590325));
#6497=CARTESIAN_POINT('Origin',(0.534188085251892,0.64999999249101,0.26509676590325));
#6498=CARTESIAN_POINT('Origin',(0.534188085251892,0.64999999249101,0.190096765903249));
#6499=CARTESIAN_POINT('Origin',(0.534188085251892,0.324999994368258,0.265096765903249));
#6500=CARTESIAN_POINT('',(0.534188085251892,0.324999994368258,0.290096765903249));
#6501=CARTESIAN_POINT('Origin',(0.53418808525189,-0.25,-0.115903234096098));
#6502=CARTESIAN_POINT('Origin',(0.53418808525189,-0.25,-0.115903234096098));
#6503=CARTESIAN_POINT('Origin',(0.434188085251892,0.64999999249101,0.29009676590325));
#6504=CARTESIAN_POINT('',(0.434188085251892,0.64999999249101,0.29009676590325));
#6505=CARTESIAN_POINT('Origin',(0.434188085251892,-0.25,0.259096765903903));
#6506=CARTESIAN_POINT('Origin',(0.434188085251887,0.64999999249101,-0.421903234095445));
#6507=CARTESIAN_POINT('',(0.434188085251887,0.74999999249101,-0.421903234095445));
#6508=CARTESIAN_POINT('',(0.434188085251887,0.64999999249101,-0.521903234095445));
#6509=CARTESIAN_POINT('Origin',(0.434188085251887,0.0418287168880576,-0.521903234095445));
#6510=CARTESIAN_POINT('',(0.434188085251887,0.0418287168880575,-0.521903234095445));
#6511=CARTESIAN_POINT('Origin',(0.43418808525189,-0.25,-0.115903234096097));
#6512=CARTESIAN_POINT('Origin',(0.434188085251892,0.64999999249101,0.19009676590325));
#6513=CARTESIAN_POINT('',(0.434188085251892,0.74999999249101,0.19009676590325));
#6514=CARTESIAN_POINT('Origin',(0.434188085251887,0.74999999249101,-0.421903234095445));
#6515=CARTESIAN_POINT('Origin',(0.190188085249679,2.94399999999946,-0.615903234098093));
#6516=CARTESIAN_POINT('',(0.215188085249678,2.94399999999945,-0.615903234098093));
#6517=CARTESIAN_POINT('',(0.190188085249672,2.91899999999946,-0.615903234098093));
#6518=CARTESIAN_POINT('Origin',(0.190188085249679,2.94399999999946,-0.615903234098093));
#6519=CARTESIAN_POINT('',(0.215188085249678,2.94399999999945,-0.540903234098093));
#6520=CARTESIAN_POINT('',(0.215188085249678,2.94399999999945,-0.615903234098093));
#6521=CARTESIAN_POINT('',(0.190188085249672,2.91899999999946,-0.540903234098093));
#6522=CARTESIAN_POINT('Origin',(0.190188085249679,2.94399999999946,-0.540903234098093));
#6523=CARTESIAN_POINT('',(0.190188085249672,2.91899999999946,-0.615903234098093));
#6524=CARTESIAN_POINT('Origin',(0.078188085249672,2.91899999999948,-0.615903234098093));
#6525=CARTESIAN_POINT('',(0.078188085249672,2.91899999999948,-0.615903234098093));
#6526=CARTESIAN_POINT('',(0.00618808524973008,2.9189999999995,-0.615903234098094));
#6527=CARTESIAN_POINT('',(0.078188085249672,2.91899999999948,-0.540903234098093));
#6528=CARTESIAN_POINT('',(0.190188085249672,2.91899999999946,-0.540903234098093));
#6529=CARTESIAN_POINT('',(0.078188085249672,2.91899999999948,-0.615903234098093));
#6530=CARTESIAN_POINT('Origin',(0.0781880852496783,2.94399999999948,-0.615903234098093));
#6531=CARTESIAN_POINT('',(0.0531880852496783,2.94399999999949,-0.615903234098093));
#6532=CARTESIAN_POINT('Origin',(0.0781880852496783,2.94399999999948,-0.615903234098093));
#6533=CARTESIAN_POINT('',(0.0531880852496783,2.94399999999949,-0.540903234098093));
#6534=CARTESIAN_POINT('Origin',(0.0781880852496783,2.94399999999948,-0.540903234098093));
#6535=CARTESIAN_POINT('',(0.0531880852496783,2.94399999999949,-0.615903234098093));
#6536=CARTESIAN_POINT('Origin',(0.0531880852497063,3.05599999999949,-0.615903234098093));
#6537=CARTESIAN_POINT('',(0.0531880852497055,3.05599999999949,-0.615903234098093));
#6538=CARTESIAN_POINT('',(0.0531880852496116,2.67748909287277,-0.615903234098094));
#6539=CARTESIAN_POINT('',(0.0531880852497055,3.05599999999949,-0.540903234098093));
#6540=CARTESIAN_POINT('',(0.0531880852496783,2.94399999999949,-0.540903234098093));
#6541=CARTESIAN_POINT('',(0.0531880852497055,3.05599999999949,-0.615903234098093));
#6542=CARTESIAN_POINT('Origin',(0.0781880852497063,3.05599999999948,-0.615903234098093));
#6543=CARTESIAN_POINT('',(0.0781880852497126,3.08099999999948,-0.615903234098093));
#6544=CARTESIAN_POINT('Origin',(0.0781880852497063,3.05599999999948,-0.615903234098093));
#6545=CARTESIAN_POINT('',(0.0781880852497126,3.08099999999948,-0.540903234098093));
#6546=CARTESIAN_POINT('Origin',(0.0781880852497063,3.05599999999948,-0.540903234098093));
#6547=CARTESIAN_POINT('',(0.0781880852497126,3.08099999999948,-0.615903234098093));
#6548=CARTESIAN_POINT('Origin',(0.190188085249685,3.08099999999946,-0.615903234098093));
#6549=CARTESIAN_POINT('',(0.190188085249685,3.08099999999946,-0.615903234098093));
#6550=CARTESIAN_POINT('',(0.0621880852497611,3.08099999999949,-0.615903234098094));
#6551=CARTESIAN_POINT('',(0.190188085249685,3.08099999999946,-0.540903234098093));
#6552=CARTESIAN_POINT('',(0.0781880852497126,3.08099999999948,-0.540903234098093));
#6553=CARTESIAN_POINT('',(0.190188085249685,3.08099999999946,-0.615903234098093));
#6554=CARTESIAN_POINT('Origin',(0.190188085249678,3.05599999999946,-0.615903234098093));
#6555=CARTESIAN_POINT('',(0.215188085249679,3.05599999999946,-0.615903234098093));
#6556=CARTESIAN_POINT('Origin',(0.190188085249678,3.05599999999946,-0.615903234098093));
#6557=CARTESIAN_POINT('',(0.215188085249679,3.05599999999946,-0.540903234098093));
#6558=CARTESIAN_POINT('Origin',(0.190188085249678,3.05599999999946,-0.540903234098093));
#6559=CARTESIAN_POINT('',(0.215188085249679,3.05599999999946,-0.615903234098093));
#6560=CARTESIAN_POINT('Origin',(0.215188085249706,2.94399999999945,-0.615903234098093));
#6561=CARTESIAN_POINT('',(0.215188085249785,2.6214890928728,-0.615903234098095));
#6562=CARTESIAN_POINT('',(0.215188085249679,3.05599999999946,-0.540903234098093));
#6563=CARTESIAN_POINT('Origin',(0.134188085249685,2.99999999999947,-0.540903234098093));
#6564=CARTESIAN_POINT('Origin',(0.13418808524975,2.5,-0.684653234098095));
#6565=CARTESIAN_POINT('',(0.05168808524975,2.5,-0.615903234098094));
#6566=CARTESIAN_POINT('Origin',(0.13418808524975,2.5,-0.615903234098095));
#6567=CARTESIAN_POINT('',(0.0516880852497491,2.5,-0.740903234098094));
#6568=CARTESIAN_POINT('',(0.0516880852497495,2.5,-0.684653234098095));
#6569=CARTESIAN_POINT('Origin',(0.134188085249749,2.5,-0.740903234098095));
#6570=CARTESIAN_POINT('Ctrl Pts',(-0.554404003584439,2.24999999999958,-0.59090323409809));
#6571=CARTESIAN_POINT('Ctrl Pts',(-0.542781071064621,2.24999999999958,-0.587484994817156));
#6572=CARTESIAN_POINT('Ctrl Pts',(-0.524192906442266,2.25175822458135,-0.581809017683013));
#6573=CARTESIAN_POINT('Ctrl Pts',(-0.506454482686554,2.25975086507701,-0.576349627039303));
#6574=CARTESIAN_POINT('Ctrl Pts',(-0.49918781813349,2.26790428049011,-0.574123727984913));
#6575=CARTESIAN_POINT('Ctrl Pts',(-0.497852960098092,2.27263099817105,-0.573715579611575));
#6576=CARTESIAN_POINT('Ctrl Pts',(-0.497852960098093,2.27499999999959,-0.573715579611576));
#6577=CARTESIAN_POINT('Ctrl Pts',(-0.554404003584439,2.24999999999958,-0.594643225352363));
#6578=CARTESIAN_POINT('Ctrl Pts',(-0.542781419741194,2.25051251943595,-0.591549899601313));
#6579=CARTESIAN_POINT('Ctrl Pts',(-0.52440905115525,2.25342456473409,-0.586240989573175));
#6580=CARTESIAN_POINT('Ctrl Pts',(-0.508467890693403,2.26215704314371,-0.580630466529361));
#6581=CARTESIAN_POINT('Ctrl Pts',(-0.502653825051795,2.2693879102505,-0.578199888500245));
#6582=CARTESIAN_POINT('Ctrl Pts',(-0.501665092817643,2.27312983552946,-0.577742145489891));
#6583=CARTESIAN_POINT('Ctrl Pts',(-0.501665092817644,2.27499999999959,-0.577742145489891));
#6584=CARTESIAN_POINT('Ctrl Pts',(-0.554404003584439,2.24829320138047,-0.602121120732831));
#6585=CARTESIAN_POINT('Ctrl Pts',(-0.542604474052297,2.24952468516411,-0.599911886520051));
#6586=CARTESIAN_POINT('Ctrl Pts',(-0.524155892771571,2.25424180873218,-0.595919075865398));
#6587=CARTESIAN_POINT('Ctrl Pts',(-0.510565157470788,2.264830155164,-0.591109516153638));
#6588=CARTESIAN_POINT('Ctrl Pts',(-0.506942358891126,2.27125428809717,-0.588856331385536));
#6589=CARTESIAN_POINT('Ctrl Pts',(-0.506499249128374,2.27375882655516,-0.588416630665002));
#6590=CARTESIAN_POINT('Ctrl Pts',(-0.506499249128374,2.27499999999958,-0.588416630665002));
#6591=CARTESIAN_POINT('Ctrl Pts',(-0.554404003584439,2.2411192976253,-0.611118522855891));
#6592=CARTESIAN_POINT('Ctrl Pts',(-0.541862729603907,2.24239883666539,-0.610292447418226));
#6593=CARTESIAN_POINT('Ctrl Pts',(-0.521866655801356,2.24779246288724,-0.608751929420622));
#6594=CARTESIAN_POINT('Ctrl Pts',(-0.50679290259392,2.26100833802839,-0.606709081997605));
#6595=CARTESIAN_POINT('Ctrl Pts',(-0.502799323997991,2.26962138156822,-0.605701715595274));
#6596=CARTESIAN_POINT('Ctrl Pts',(-0.502322008385191,2.27321528826839,-0.605501485231756));
#6597=CARTESIAN_POINT('Ctrl Pts',(-0.502322008385191,2.27499999999958,-0.605501485231756));
#6598=CARTESIAN_POINT('Ctrl Pts',(-0.55440400358444,2.23248113582868,-0.615276672474261));
#6599=CARTESIAN_POINT('Ctrl Pts',(-0.540968954721509,2.23313256501119,-0.61516858573329));
#6600=CARTESIAN_POINT('Ctrl Pts',(-0.518889236443587,2.2376635530652,-0.614962048865235));
#6601=CARTESIAN_POINT('Ctrl Pts',(-0.499072777881392,2.25251066116083,-0.614693335215049));
#6602=CARTESIAN_POINT('Ctrl Pts',(-0.491975000990524,2.26512855364086,-0.614561075096853));
#6603=CARTESIAN_POINT('Ctrl Pts',(-0.490797648013263,2.27171003348478,-0.614534389254475));
#6604=CARTESIAN_POINT('Ctrl Pts',(-0.490797648013263,2.27499999999959,-0.614534389254475));
#6605=CARTESIAN_POINT('Ctrl Pts',(-0.554404003584439,2.22686999562672,-0.61590323409809));
#6606=CARTESIAN_POINT('Ctrl Pts',(-0.540388617208965,2.22703274803945,-0.615902411669134));
#6607=CARTESIAN_POINT('Ctrl Pts',(-0.51692632024604,2.23080259058455,-0.615906848708125));
#6608=CARTESIAN_POINT('Ctrl Pts',(-0.49365411264919,2.24650247654463,-0.615904741190037));
#6609=CARTESIAN_POINT('Ctrl Pts',(-0.484191222486773,2.26188743427553,-0.615903077989477));
#6610=CARTESIAN_POINT('Ctrl Pts',(-0.482470932161072,2.27062362746698,-0.61590323409809));
#6611=CARTESIAN_POINT('Ctrl Pts',(-0.482470932161072,2.27499999999959,-0.61590323409809));
#6612=CARTESIAN_POINT('Ctrl Pts',(-0.554404003584439,2.22499999999958,-0.61590323409809));
#6613=CARTESIAN_POINT('Ctrl Pts',(-0.540195193204775,2.22499999999958,-0.61590323409809));
#6614=CARTESIAN_POINT('Ctrl Pts',(-0.516271570806797,2.22851644916312,-0.61590323409809));
#6615=CARTESIAN_POINT('Ctrl Pts',(-0.491848774146122,2.24450173015444,-0.61590323409809));
#6616=CARTESIAN_POINT('Ctrl Pts',(-0.481599301681137,2.26080856098065,-0.61590323409809));
#6617=CARTESIAN_POINT('Ctrl Pts',(-0.479698496920896,2.27026199634253,-0.61590323409809));
#6618=CARTESIAN_POINT('Ctrl Pts',(-0.479698496920896,2.27499999999959,-0.61590323409809));
#6619=CARTESIAN_POINT('',(-0.479698496920896,2.27499999999958,-0.61590323409809));
#6620=CARTESIAN_POINT('',(-0.497852960098093,2.27499999999958,-0.573715579611576));
#6621=CARTESIAN_POINT('Origin',(-0.479698496920896,2.27499999999958,-0.59090323409809));
#6622=CARTESIAN_POINT('',(-0.554404003581947,2.24999999999958,-0.590903234096853));
#6623=CARTESIAN_POINT('Ctrl Pts',(-0.497852960098093,2.27499999999958,-0.573715579611576));
#6624=CARTESIAN_POINT('Ctrl Pts',(-0.497852960098093,2.27261627621598,-0.573715579611576));
#6625=CARTESIAN_POINT('Ctrl Pts',(-0.498529214736585,2.27023720076183,-0.573922341611099));
#6626=CARTESIAN_POINT('Ctrl Pts',(-0.499786273863997,2.2680253400537,-0.574307500150165));
#6627=CARTESIAN_POINT('Ctrl Pts',(-0.501028492167349,2.26583959254493,-0.57468811151242));
#6628=CARTESIAN_POINT('Ctrl Pts',(-0.50283084604208,2.26381986022971,-0.575239799648362));
#6629=CARTESIAN_POINT('Ctrl Pts',(-0.50501827733634,2.26202510503532,-0.575911925234474));
#6630=CARTESIAN_POINT('Ctrl Pts',(-0.505327963041965,2.2617710124701,-0.576007081451243));
#6631=CARTESIAN_POINT('Ctrl Pts',(-0.505645401275194,2.2615214522623,-0.576104663706039));
#6632=CARTESIAN_POINT('Ctrl Pts',(-0.505970350035525,2.26127635569714,-0.576204600125148));
#6633=CARTESIAN_POINT('Ctrl Pts',(-0.509398822485112,2.25869038854255,-0.577259010239769));
#6634=CARTESIAN_POINT('Ctrl Pts',(-0.513629819501278,2.25662140374312,-0.578557748886607));
#6635=CARTESIAN_POINT('Ctrl Pts',(-0.518267966295465,2.25500890446861,-0.579982092224041));
#6636=CARTESIAN_POINT('Ctrl Pts',(-0.519434158260166,2.25460346587849,-0.580340221845374));
#6637=CARTESIAN_POINT('Ctrl Pts',(-0.520628781541861,2.25422578104723,-0.580706993559074));
#6638=CARTESIAN_POINT('Ctrl Pts',(-0.521845658633556,2.2538751096501,-0.581080395517924));
#6639=CARTESIAN_POINT('Ctrl Pts',(-0.527688438806925,2.25219137683888,-0.582873268090479));
#6640=CARTESIAN_POINT('Ctrl Pts',(-0.534046254475525,2.25113302746806,-0.584819454912014));
#6641=CARTESIAN_POINT('Ctrl Pts',(-0.540677146693345,2.25055749698313,-0.586815386764804));
#6642=CARTESIAN_POINT('Ctrl Pts',(-0.545140140127179,2.25017012999075,-0.588158770198098));
#6643=CARTESIAN_POINT('Ctrl Pts',(-0.5497282415762,2.24999999999965,-0.589528118709809));
#6644=CARTESIAN_POINT('Ctrl Pts',(-0.55440400358181,2.24999999999958,-0.590903234097317));
#6645=CARTESIAN_POINT('',(-0.48900231164669,2.25000000000765,-0.61590323409809));
#6646=CARTESIAN_POINT('Ctrl Pts',(-0.554404003584439,2.24999999999958,-0.59090323409809));
#6647=CARTESIAN_POINT('Ctrl Pts',(-0.554355565672203,2.24999999999958,-0.590926081223293));
#6648=CARTESIAN_POINT('Ctrl Pts',(-0.554307129993908,2.24999999999958,-0.590948935664167));
#6649=CARTESIAN_POINT('Ctrl Pts',(-0.54463514484044,2.24999999999958,-0.595514335769027));
#6650=CARTESIAN_POINT('Ctrl Pts',(-0.535844333188758,2.24999999999958,-0.599992169750281));
#6651=CARTESIAN_POINT('Ctrl Pts',(-0.520295985807271,2.24999999999958,-0.607475356697377));
#6652=CARTESIAN_POINT('Ctrl Pts',(-0.512684799862027,2.25000000000129,-0.610902602134232));
#6653=CARTESIAN_POINT('Ctrl Pts',(-0.500137258320207,2.25000000000129,-0.614774720476304));
#6654=CARTESIAN_POINT('Ctrl Pts',(-0.49458521863141,2.24999999999958,-0.61590323409809));
#6655=CARTESIAN_POINT('Ctrl Pts',(-0.489002311659741,2.24999999999958,-0.61590323409809));
#6656=CARTESIAN_POINT('Ctrl Pts',(-0.489007617084954,2.24999247531835,-0.61590323409809));
#6657=CARTESIAN_POINT('Ctrl Pts',(-0.486288128197276,2.25336062573579,-0.61590323409809));
#6658=CARTESIAN_POINT('Ctrl Pts',(-0.481517349115316,2.261216142706,-0.61590323409809));
#6659=CARTESIAN_POINT('Ctrl Pts',(-0.479698496920896,2.27026199634253,-0.61590323409809));
#6660=CARTESIAN_POINT('Ctrl Pts',(-0.479698496920896,2.27499999999959,-0.61590323409809));
#6661=CARTESIAN_POINT('Origin',(-0.479698496920896,2.74999999999959,-0.59090323409809));
#6662=CARTESIAN_POINT('',(-0.479698496920896,2.7249999999996,-0.61590323409809));
#6663=CARTESIAN_POINT('',(-0.497852960098093,2.7249999999996,-0.573715579611576));
#6664=CARTESIAN_POINT('Origin',(-0.479698496920896,2.7249999999996,-0.59090323409809));
#6665=CARTESIAN_POINT('',(-0.497852960098093,2.74999999999959,-0.573715579611576));
#6666=CARTESIAN_POINT('',(-0.479698496920896,2.74999999999959,-0.61590323409809));
#6667=CARTESIAN_POINT('Ctrl Pts',(-0.497852960098093,2.7249999999996,-0.573715579611575));
#6668=CARTESIAN_POINT('Ctrl Pts',(-0.497852960098092,2.72736900182813,-0.573715579611575));
#6669=CARTESIAN_POINT('Ctrl Pts',(-0.499187815559404,2.73209572118013,-0.574123727468017));
#6670=CARTESIAN_POINT('Ctrl Pts',(-0.506454477859421,2.74024913509795,-0.576349625877337));
#6671=CARTESIAN_POINT('Ctrl Pts',(-0.52419288313721,2.74824178746018,-0.581809011944111));
#6672=CARTESIAN_POINT('Ctrl Pts',(-0.54278107106462,2.7499999999996,-0.587484994817156));
#6673=CARTESIAN_POINT('Ctrl Pts',(-0.554404003584438,2.7499999999996,-0.59090323409809));
#6674=CARTESIAN_POINT('Ctrl Pts',(-0.501665092817643,2.7249999999996,-0.577742145489891));
#6675=CARTESIAN_POINT('Ctrl Pts',(-0.501665092817643,2.72687016446972,-0.577742145489891));
#6676=CARTESIAN_POINT('Ctrl Pts',(-0.502653815392753,2.73061208120639,-0.578199890782192));
#6677=CARTESIAN_POINT('Ctrl Pts',(-0.508467880548576,2.73784294554848,-0.580630468564801));
#6678=CARTESIAN_POINT('Ctrl Pts',(-0.524409003918706,2.74657541029524,-0.586240995767752));
#6679=CARTESIAN_POINT('Ctrl Pts',(-0.542781419741193,2.74948748056323,-0.591549899601313));
#6680=CARTESIAN_POINT('Ctrl Pts',(-0.554404003584438,2.7499999999996,-0.594643225352363));
#6681=CARTESIAN_POINT('Ctrl Pts',(-0.506499154434233,2.7249999999996,-0.588416829788714));
#6682=CARTESIAN_POINT('Ctrl Pts',(-0.506499154434233,2.72624117344401,-0.588416829788714));
#6683=CARTESIAN_POINT('Ctrl Pts',(-0.506942254322828,2.72874571069594,-0.588856517789431));
#6684=CARTESIAN_POINT('Ctrl Pts',(-0.51056506640608,2.73516984361567,-0.591109683568508));
#6685=CARTESIAN_POINT('Ctrl Pts',(-0.524155771172395,2.74575818049172,-0.595919200229633));
#6686=CARTESIAN_POINT('Ctrl Pts',(-0.542604474052296,2.75047534927947,-0.599911899252655));
#6687=CARTESIAN_POINT('Ctrl Pts',(-0.554404003584438,2.75170683306311,-0.602121133465435));
#6688=CARTESIAN_POINT('Ctrl Pts',(-0.502321931327121,2.7249999999996,-0.605501610332894));
#6689=CARTESIAN_POINT('Ctrl Pts',(-0.502321931327121,2.72678471173076,-0.605501610332894));
#6690=CARTESIAN_POINT('Ctrl Pts',(-0.502799229118185,2.73037860872578,-0.605701834653374));
#6691=CARTESIAN_POINT('Ctrl Pts',(-0.506792819336888,2.73899164956065,-0.606709189731101));
#6692=CARTESIAN_POINT('Ctrl Pts',(-0.521866517242271,2.75220750206487,-0.608752017286056));
#6693=CARTESIAN_POINT('Ctrl Pts',(-0.541862729603906,2.75760118796143,-0.61029245375972));
#6694=CARTESIAN_POINT('Ctrl Pts',(-0.554404003584437,2.75888072700152,-0.611118529197385));
#6695=CARTESIAN_POINT('Ctrl Pts',(-0.490797608216319,2.7249999999996,-0.614534473417595));
#6696=CARTESIAN_POINT('Ctrl Pts',(-0.490797608216319,2.72828996651438,-0.614534473417595));
#6697=CARTESIAN_POINT('Ctrl Pts',(-0.491974951012444,2.73487144751432,-0.614561152787859));
#6698=CARTESIAN_POINT('Ctrl Pts',(-0.499072732782773,2.74748933761867,-0.614693405002901));
#6699=CARTESIAN_POINT('Ctrl Pts',(-0.51888915150839,2.7623364534329,-0.61496209808051));
#6700=CARTESIAN_POINT('Ctrl Pts',(-0.540968954721507,2.7668674498489,-0.615168590772422));
#6701=CARTESIAN_POINT('Ctrl Pts',(-0.554404003584437,2.76751887903141,-0.615276677513392));
#6702=CARTESIAN_POINT('Ctrl Pts',(-0.482470932161072,2.7249999999996,-0.61590323409809));
#6703=CARTESIAN_POINT('Ctrl Pts',(-0.482470932161072,2.72937637253219,-0.61590323409809));
#6704=CARTESIAN_POINT('Ctrl Pts',(-0.484191216136687,2.73811256839721,-0.615903079336761));
#6705=CARTESIAN_POINT('Ctrl Pts',(-0.493654104126807,2.75349752291887,-0.615904743043102));
#6706=CARTESIAN_POINT('Ctrl Pts',(-0.516926276840592,2.76919742766206,-0.615906855331916));
#6707=CARTESIAN_POINT('Ctrl Pts',(-0.540388617208962,2.77296725195973,-0.615902411669134));
#6708=CARTESIAN_POINT('Ctrl Pts',(-0.554404003584437,2.77313000437246,-0.61590323409809));
#6709=CARTESIAN_POINT('Ctrl Pts',(-0.479698496920896,2.7249999999996,-0.61590323409809));
#6710=CARTESIAN_POINT('Ctrl Pts',(-0.479698496920896,2.72973800365664,-0.61590323409809));
#6711=CARTESIAN_POINT('Ctrl Pts',(-0.481599297079148,2.73919144236065,-0.61590323409809));
#6712=CARTESIAN_POINT('Ctrl Pts',(-0.491848766163488,2.75549827019629,-0.61590323409809));
#6713=CARTESIAN_POINT('Ctrl Pts',(-0.516271531389221,2.77148357492076,-0.61590323409809));
#6714=CARTESIAN_POINT('Ctrl Pts',(-0.540195193204773,2.7749999999996,-0.61590323409809));
#6715=CARTESIAN_POINT('Ctrl Pts',(-0.554404003584437,2.7749999999996,-0.61590323409809));
#6716=CARTESIAN_POINT('',(-0.489002311654785,2.74999999999653,-0.61590323409809));
#6717=CARTESIAN_POINT('',(-0.554404003584436,2.7499999999996,-0.590903234098089));
#6718=CARTESIAN_POINT('Ctrl Pts',(-0.489002311659731,2.74999999999959,-0.61590323409809));
#6719=CARTESIAN_POINT('Ctrl Pts',(-0.494585218631395,2.74999999999959,-0.61590323409809));
#6720=CARTESIAN_POINT('Ctrl Pts',(-0.500137258320185,2.74999999999788,-0.614774720476307));
#6721=CARTESIAN_POINT('Ctrl Pts',(-0.512684799861994,2.74999999999788,-0.610902602134236));
#6722=CARTESIAN_POINT('Ctrl Pts',(-0.520295985807256,2.74999999999959,-0.607475356697372));
#6723=CARTESIAN_POINT('Ctrl Pts',(-0.535844367052067,2.74999999999959,-0.599992153452351));
#6724=CARTESIAN_POINT('Ctrl Pts',(-0.544634327338006,2.74999999999959,-0.595514721929877));
#6725=CARTESIAN_POINT('Ctrl Pts',(-0.554307142500161,2.74999999999959,-0.590948929755189));
#6726=CARTESIAN_POINT('Ctrl Pts',(-0.554355553160393,2.7499999999996,-0.590926087124846));
#6727=CARTESIAN_POINT('Ctrl Pts',(-0.554404003584438,2.7499999999996,-0.59090323409809));
#6728=CARTESIAN_POINT('Ctrl Pts',(-0.554404003584438,2.7499999999996,-0.59090323409809));
#6729=CARTESIAN_POINT('Ctrl Pts',(-0.54278107106462,2.7499999999996,-0.587484994817156));
#6730=CARTESIAN_POINT('Ctrl Pts',(-0.52419288313721,2.74824178746018,-0.581809011944111));
#6731=CARTESIAN_POINT('Ctrl Pts',(-0.506454477859421,2.74024913509795,-0.576349625877337));
#6732=CARTESIAN_POINT('Ctrl Pts',(-0.499187815559404,2.73209572118013,-0.574123727468017));
#6733=CARTESIAN_POINT('Ctrl Pts',(-0.497852960098092,2.72736900182813,-0.573715579611575));
#6734=CARTESIAN_POINT('Ctrl Pts',(-0.497852960098093,2.7249999999996,-0.573715579611575));
#6735=CARTESIAN_POINT('Ctrl Pts',(-0.479698496920896,2.7249999999996,-0.61590323409809));
#6736=CARTESIAN_POINT('Ctrl Pts',(-0.479698496920896,2.72973800365664,-0.61590323409809));
#6737=CARTESIAN_POINT('Ctrl Pts',(-0.48151734471234,2.73878386049419,-0.61590323409809));
#6738=CARTESIAN_POINT('Ctrl Pts',(-0.48628812205928,2.74663937623536,-0.61590323409809));
#6739=CARTESIAN_POINT('Ctrl Pts',(-0.489007609054713,2.75000752717576,-0.61590323409809));
#6740=CARTESIAN_POINT('Origin',(-0.0658119147503629,2.29897818574607,-0.615903234098093));
#6741=CARTESIAN_POINT('',(-0.0341631638232536,2.24999999999958,-0.615903234098093));
#6742=CARTESIAN_POINT('',(-0.0158119147504761,2.24999999999958,-0.615903234098094));
#6743=CARTESIAN_POINT('',(-0.0342377702476035,2.251712219227,-0.615903234098093));
#6744=CARTESIAN_POINT('Origin',(-0.0538482031941202,2.24999999999958,-0.615903234098093));
#6745=CARTESIAN_POINT('',(-0.0158119147504761,2.24999999999958,-0.615903234098094));
#6746=CARTESIAN_POINT('Origin',(-0.015811914750476,2.34999999999958,-0.615903234098094));
#6747=CARTESIAN_POINT('',(0.240188085249232,2.24999999999949,-0.615903234098095));
#6748=CARTESIAN_POINT('',(-0.0538482031941202,2.24999999999958,-0.615903234098093));
#6749=CARTESIAN_POINT('',(0.340188085249232,2.34999999999949,-0.615903234098096));
#6750=CARTESIAN_POINT('Origin',(0.240188085249232,2.34999999999949,-0.615903234098095));
#6751=CARTESIAN_POINT('',(0.340188085249231,3.14999999999949,-0.615903234098096));
#6752=CARTESIAN_POINT('',(0.340188085249232,2.34999999999949,-0.615903234098096));
#6753=CARTESIAN_POINT('',(0.240188085249232,3.24999999999949,-0.615903234098095));
#6754=CARTESIAN_POINT('Origin',(0.240188085249232,3.14999999999949,-0.615903234098095));
#6755=CARTESIAN_POINT('',(-0.0158119147502737,3.24999999999949,-0.615903234098094));
#6756=CARTESIAN_POINT('',(0.240188085249232,3.24999999999949,-0.615903234098095));
#6757=CARTESIAN_POINT('',(-0.115811914750274,3.14999999999952,-0.615903234098093));
#6758=CARTESIAN_POINT('Origin',(-0.0158119147502734,3.14999999999949,-0.615903234098094));
#6759=CARTESIAN_POINT('',(-0.11581191475035,2.84999999999955,-0.615903234098093));
#6760=CARTESIAN_POINT('',(-0.115811914750274,3.14999999999952,-0.615903234098093));
#6761=CARTESIAN_POINT('',(-0.215811914750356,2.74999999999957,-0.615903234098092));
#6762=CARTESIAN_POINT('Origin',(-0.21581191475035,2.84999999999957,-0.615903234098092));
#6763=CARTESIAN_POINT('',(-0.840811914750238,2.74999999999961,-0.615903234098088));
#6764=CARTESIAN_POINT('',(-0.115744494293165,2.34632854988497,-0.615903234098093));
#6765=CARTESIAN_POINT('',(-0.115811914750476,2.34999999999961,-0.615903234098093));
#6766=CARTESIAN_POINT('Origin',(-0.015811914750476,2.34999999999958,-0.615903234098094));
#6767=CARTESIAN_POINT('',(-0.115811914750248,2.34795637149257,-0.615903234098093));
#6768=CARTESIAN_POINT('Origin',(-0.0961268753806741,2.34795637149257,-0.615903234098093));
#6769=CARTESIAN_POINT('',(-0.115811914750248,2.34795637149257,-0.615903234098093));
#6770=CARTESIAN_POINT('Origin',(-0.915811914750249,2.27448909287285,-0.640903234098087));
#6771=CARTESIAN_POINT('',(-0.91581191475024,2.74999999999961,-0.615903234098087));
#6772=CARTESIAN_POINT('',(-0.940811914750241,2.74999999999961,-0.640903234098087));
#6773=CARTESIAN_POINT('Origin',(-0.915811914750241,2.74999999999961,-0.640903234098087));
#6774=CARTESIAN_POINT('',(-0.940811914750249,2.24999999999961,-0.640903234098087));
#6775=CARTESIAN_POINT('',(-0.940811914750249,2.27448909287285,-0.640903234098087));
#6776=CARTESIAN_POINT('',(-0.915811914750249,2.24999999999958,-0.615903234098087));
#6777=CARTESIAN_POINT('Origin',(-0.915811914750249,2.2499999999996,-0.640903234098087));
#6778=CARTESIAN_POINT('',(-0.915811914750216,2.25288789892361,-0.615903234098087));
#6779=CARTESIAN_POINT('',(-0.915811914750249,2.27448909287285,-0.615903234098087));
#6780=CARTESIAN_POINT('',(-0.931605033557685,2.27500000000564,-0.621523414740461));
#6781=CARTESIAN_POINT('Ctrl Pts',(-0.931605033557685,2.27500000000567,-0.621523414740461));
#6782=CARTESIAN_POINT('Ctrl Pts',(-0.93160503355804,2.27319798106949,-0.62152341474075));
#6783=CARTESIAN_POINT('Ctrl Pts',(-0.931448693971357,2.2713984919848,-0.621392845285548));
#6784=CARTESIAN_POINT('Ctrl Pts',(-0.93063729400364,2.26695322851001,-0.620763859785129));
#6785=CARTESIAN_POINT('Ctrl Pts',(-0.929770326780487,2.26440601398878,-0.620107052650596));
#6786=CARTESIAN_POINT('Ctrl Pts',(-0.927262384007448,2.2600516461,-0.618636580001561));
#6787=CARTESIAN_POINT('Ctrl Pts',(-0.925734335669287,2.25826649816309,-0.617870162768368));
#6788=CARTESIAN_POINT('Ctrl Pts',(-0.9218735346803,2.25524386762342,-0.616559957945824));
#6789=CARTESIAN_POINT('Ctrl Pts',(-0.919624370588871,2.25412282156543,-0.616074082735521));
#6790=CARTESIAN_POINT('Ctrl Pts',(-0.916722757828341,2.25315520479571,-0.615915743131787));
#6791=CARTESIAN_POINT('Ctrl Pts',(-0.916268387461092,2.25301631099123,-0.615903234098087));
#6792=CARTESIAN_POINT('Ctrl Pts',(-0.915811914750214,2.25288789892362,-0.615903234098087));
#6793=CARTESIAN_POINT('',(-0.931605033557659,2.72499999999962,-0.621523414740461));
#6794=CARTESIAN_POINT('',(-0.931605033557685,2.27448909287285,-0.621523414740461));
#6795=CARTESIAN_POINT('',(-0.915811914750208,2.7471121010756,-0.615903234098087));
#6796=CARTESIAN_POINT('Ctrl Pts',(-0.915811914750206,2.74711210107559,-0.615903234098087));
#6797=CARTESIAN_POINT('Ctrl Pts',(-0.91735151637478,2.7466789899099,-0.615903234098085));
#6798=CARTESIAN_POINT('Ctrl Pts',(-0.918849395316375,2.74613218529965,-0.616046098005171));
#6799=CARTESIAN_POINT('Ctrl Pts',(-0.922555704751147,2.74431642308382,-0.61671878584973));
#6800=CARTESIAN_POINT('Ctrl Pts',(-0.924525443831674,2.74287171158521,-0.617401744053037));
#6801=CARTESIAN_POINT('Ctrl Pts',(-0.927967661167596,2.73904023885465,-0.618967897110399));
#6802=CARTESIAN_POINT('Ctrl Pts',(-0.929273291261843,2.73668670873945,-0.619808815733266));
#6803=CARTESIAN_POINT('Ctrl Pts',(-0.931146754724483,2.73121304637416,-0.621122346983176));
#6804=CARTESIAN_POINT('Ctrl Pts',(-0.93160503355768,2.72811582559127,-0.621523414740465));
#6805=CARTESIAN_POINT('Ctrl Pts',(-0.93160503355768,2.72499999999962,-0.621523414740464));
#6806=CARTESIAN_POINT('',(-0.915811914750249,2.27448909287285,-0.615903234098087));
#6807=CARTESIAN_POINT('Origin',(-0.0658119147503629,2.29897818574607,-0.615903234098093));
#6808=CARTESIAN_POINT('',(-0.892801813018912,2.24999999999958,-0.615903234098087));
#6809=CARTESIAN_POINT('',(-0.0158119147504761,2.24999999999958,-0.615903234098094));
#6810=CARTESIAN_POINT('Ctrl Pts',(-0.892801813018913,2.24999999999958,-0.615903234098087));
#6811=CARTESIAN_POINT('Ctrl Pts',(-0.900085026678639,2.24999999999958,-0.615903234098087));
#6812=CARTESIAN_POINT('Ctrl Pts',(-0.908748220534445,2.25090078434344,-0.615903234098087));
#6813=CARTESIAN_POINT('Ctrl Pts',(-0.915811914750214,2.25288789892362,-0.615903234098087));
#6814=CARTESIAN_POINT('Origin',(-0.0341631638232536,2.24999999999958,-0.615903234098093));
#6815=CARTESIAN_POINT('',(-0.94081191475025,2.24999999999961,-0.715903234098087));
#6816=CARTESIAN_POINT('',(-0.940811914750249,2.24999999999961,-0.615903234098087));
#6817=CARTESIAN_POINT('',(-0.0341631638232543,2.24999999999958,-0.715903234098094));
#6818=CARTESIAN_POINT('',(-0.0499875392868089,2.24999999999958,-0.715903234098093));
#6819=CARTESIAN_POINT('',(-0.0341631638232536,2.24999999999958,-0.615903234098093));
#6820=CARTESIAN_POINT('Origin',(-0.742938212990248,2.24999999999958,-0.341682244043628));
#6821=CARTESIAN_POINT('',(-0.621271255218013,2.24999999999958,-0.615903234098089));
#6822=CARTESIAN_POINT('',(-0.864605170762487,2.24999999999958,-0.615903234098087));
#6823=CARTESIAN_POINT('',(-0.0158119147504761,2.24999999999958,-0.615903234098094));
#6824=CARTESIAN_POINT('Origin',(-0.742938212990248,2.24999999999958,-0.341682244043628));
#6825=CARTESIAN_POINT('Ctrl Pts',(-0.0342377702476042,2.251712219227,-0.715903234098094));
#6826=CARTESIAN_POINT('Ctrl Pts',(-0.0342377702476042,2.251712219227,-0.715903234098094));
#6827=CARTESIAN_POINT('Ctrl Pts',(-0.0342377702476042,2.251712219227,-0.715903234098094));
#6828=CARTESIAN_POINT('Ctrl Pts',(-0.0342377702476042,2.251712219227,-0.715903234098094));
#6829=CARTESIAN_POINT('Ctrl Pts',(-0.0342377702476042,2.251712219227,-0.715903234098094));
#6830=CARTESIAN_POINT('Ctrl Pts',(-0.0342377702476042,2.251712219227,-0.715903234098094));
#6831=CARTESIAN_POINT('Ctrl Pts',(-0.0342377702476042,2.251712219227,-0.715903234098094));
#6832=CARTESIAN_POINT('Ctrl Pts',(-0.0342377702476042,2.251712219227,-0.715903234098094));
#6833=CARTESIAN_POINT('Ctrl Pts',(-0.0342377702476042,2.251712219227,-0.715903234098094));
#6834=CARTESIAN_POINT('Ctrl Pts',(-0.0342377702476044,2.251712219227,-0.740903234098093));
#6835=CARTESIAN_POINT('Ctrl Pts',(-0.0342377702476044,2.251712219227,-0.740903234098093));
#6836=CARTESIAN_POINT('Ctrl Pts',(-0.0342377702476044,2.251712219227,-0.740903234098093));
#6837=CARTESIAN_POINT('Ctrl Pts',(-0.0342377702476044,2.251712219227,-0.740903234098093));
#6838=CARTESIAN_POINT('Ctrl Pts',(-0.0342377702476044,2.251712219227,-0.740903234098093));
#6839=CARTESIAN_POINT('Ctrl Pts',(-0.0342377702476044,2.251712219227,-0.740903234098093));
#6840=CARTESIAN_POINT('Ctrl Pts',(-0.0342377702476044,2.251712219227,-0.740903234098093));
#6841=CARTESIAN_POINT('Ctrl Pts',(-0.0342377702476044,2.251712219227,-0.740903234098093));
#6842=CARTESIAN_POINT('Ctrl Pts',(-0.0342377702476044,2.251712219227,-0.740903234098093));
#6843=CARTESIAN_POINT('Ctrl Pts',(-0.0296313063733225,2.27628416442015,
-0.740903234098093));
#6844=CARTESIAN_POINT('Ctrl Pts',(-0.00505936118017721,2.27167770054587,
-0.740903234098094));
#6845=CARTESIAN_POINT('Ctrl Pts',(-0.00966582505445908,2.24710575535272,
-0.740903234098094));
#6846=CARTESIAN_POINT('Ctrl Pts',(-0.014272288928741,2.22253381015958,-0.740903234098094));
#6847=CARTESIAN_POINT('Ctrl Pts',(-0.0388442341218862,2.22714027403386,
-0.740903234098093));
#6848=CARTESIAN_POINT('Ctrl Pts',(-0.0634161793150315,2.23174673790814,
-0.740903234098093));
#6849=CARTESIAN_POINT('Ctrl Pts',(-0.0588097154407496,2.25631868310128,
-0.740903234098093));
#6850=CARTESIAN_POINT('Ctrl Pts',(-0.0542032515664677,2.28089062829443,
-0.740903234098093));
#6851=CARTESIAN_POINT('Ctrl Pts',(-0.0296313063733225,2.27628416442015,
-0.740903234098093));
#6852=CARTESIAN_POINT('',(-0.043330584261329,2.27499999999958,-0.740903234098093));
#6853=CARTESIAN_POINT('',(-0.0341818286891593,2.25085702351079,-0.722392972843025));
#6854=CARTESIAN_POINT('Ctrl Pts',(-0.043330584261329,2.27499999999958,-0.740903234098093));
#6855=CARTESIAN_POINT('Ctrl Pts',(-0.0433205510380169,2.2749467181347,-0.740903234098093));
#6856=CARTESIAN_POINT('Ctrl Pts',(-0.04331050180295,2.27489343942688,-0.740903063760668));
#6857=CARTESIAN_POINT('Ctrl Pts',(-0.0427110162197341,2.27172040077563,
-0.7408827768017));
#6858=CARTESIAN_POINT('Ctrl Pts',(-0.0420725727480614,2.2686422649263,-0.740279211805962));
#6859=CARTESIAN_POINT('Ctrl Pts',(-0.0406217095034023,2.26258832458683,
-0.737871713344681));
#6860=CARTESIAN_POINT('Ctrl Pts',(-0.0398154003648321,2.25971876402976,
-0.735977337187596));
#6861=CARTESIAN_POINT('Ctrl Pts',(-0.0381994690294578,2.25527773632279,
-0.731536309480627));
#6862=CARTESIAN_POINT('Ctrl Pts',(-0.0374864822036019,2.2537905276762,-0.729339113885807));
#6863=CARTESIAN_POINT('Ctrl Pts',(-0.0364117317759885,2.25219756459994,
-0.726220893231116));
#6864=CARTESIAN_POINT('Ctrl Pts',(-0.0360728592624854,2.25180899463706,
-0.725276944503349));
#6865=CARTESIAN_POINT('Ctrl Pts',(-0.0354168204865983,2.25122971103345,
-0.723694530217738));
#6866=CARTESIAN_POINT('Ctrl Pts',(-0.0350785702577349,2.25102867903663,
-0.723010376690734));
#6867=CARTESIAN_POINT('Ctrl Pts',(-0.0346559052320629,2.2509051973936,-0.722570195283564));
#6868=CARTESIAN_POINT('Ctrl Pts',(-0.0345678899925706,2.25088536868389,
-0.722497701324824));
#6869=CARTESIAN_POINT('Ctrl Pts',(-0.0344133540353118,2.25086403234434,
-0.722419068158832));
#6870=CARTESIAN_POINT('Ctrl Pts',(-0.0343485807124199,2.2508583256765,-0.722397816719607));
#6871=CARTESIAN_POINT('Ctrl Pts',(-0.0342469791777948,2.2508558141183,-0.72238847103127));
#6872=CARTESIAN_POINT('Ctrl Pts',(-0.0342142332303432,2.2508559647493,-0.722389032311654));
#6873=CARTESIAN_POINT('Ctrl Pts',(-0.0341818284619457,2.2508570234809,-0.722392970981695));
#6874=CARTESIAN_POINT('',(-0.0296313063733225,2.27628416442015,-0.740903234098093));
#6875=CARTESIAN_POINT('Origin',(-0.0342377702476044,2.251712219227,-0.740903234098093));
#6876=CARTESIAN_POINT('',(-0.0342377702476042,2.251712219227,-0.715903234098094));
#6877=CARTESIAN_POINT('Origin',(-0.0296313063733223,2.27628416442015,-0.715903234098094));
#6878=CARTESIAN_POINT('Ctrl Pts',(-0.0342377702476042,2.251712219227,-0.715903234098094));
#6879=CARTESIAN_POINT('Ctrl Pts',(-0.0342377702512981,2.25171221922668,
-0.715963868570682));
#6880=CARTESIAN_POINT('Ctrl Pts',(-0.0342377510566247,2.25171199947102,
-0.716024503043214));
#6881=CARTESIAN_POINT('Ctrl Pts',(-0.0342363589110815,2.25169604872572,
-0.718224992738256));
#6882=CARTESIAN_POINT('Ctrl Pts',(-0.0342058235184008,2.2514076400976,-0.720343121443474));
#6883=CARTESIAN_POINT('Ctrl Pts',(-0.0341818286780705,2.2508570230022,-0.722392972706282));
#6884=CARTESIAN_POINT('Origin',(-0.0499875392868089,2.27499999999958,-0.715903234098093));
#6885=CARTESIAN_POINT('',(-0.0158119147504768,2.24999999999958,-0.715903234098094));
#6886=CARTESIAN_POINT('',(-0.0158119147504707,2.27499999999957,-0.740903234098094));
#6887=CARTESIAN_POINT('Origin',(-0.0158119147504705,2.27499999999957,-0.715903234098094));
#6888=CARTESIAN_POINT('',(0.240188085249231,2.27499999999949,-0.740903234098095));
#6889=CARTESIAN_POINT('',(0.0871880852494337,2.27499999999955,-0.740903234098094));
#6890=CARTESIAN_POINT('',(0.240188085249231,2.24999999999949,-0.715903234098096));
#6891=CARTESIAN_POINT('Origin',(0.240188085249231,2.27499999999949,-0.715903234098096));
#6892=CARTESIAN_POINT('',(0.0871880852494276,2.24999999999955,-0.715903234098094));
#6893=CARTESIAN_POINT('Origin',(-0.503311914750291,2.72499999999959,-0.71590323409809));
#6894=CARTESIAN_POINT('',(-0.940811914750241,2.74999999999961,-0.715903234098087));
#6895=CARTESIAN_POINT('',(-0.215811914750357,2.74999999999957,-0.715903234098092));
#6896=CARTESIAN_POINT('',(-0.503311914750289,2.74999999999959,-0.71590323409809));
#6897=CARTESIAN_POINT('',(-0.215811914750358,2.72499999999957,-0.740903234098092));
#6898=CARTESIAN_POINT('Origin',(-0.215811914750358,2.72499999999957,-0.715903234098092));
#6899=CARTESIAN_POINT('',(-0.915811914750242,2.72499999999961,-0.740903234098087));
#6900=CARTESIAN_POINT('',(-0.503311914750291,2.72499999999959,-0.74090323409809));
#6901=CARTESIAN_POINT('Origin',(-0.915811914750242,2.72499999999961,-0.715903234098087));
#6902=CARTESIAN_POINT('Origin',(-0.91581191475025,2.27448909287285,-0.715903234098087));
#6903=CARTESIAN_POINT('',(-0.91581191475025,2.27499999999958,-0.740903234098087));
#6904=CARTESIAN_POINT('',(-0.91581191475025,2.27448909287285,-0.740903234098087));
#6905=CARTESIAN_POINT('Origin',(-0.91581191475025,2.27499999999958,-0.715903234098087));
#6906=CARTESIAN_POINT('',(-0.94081191475025,2.27448909287285,-0.715903234098087));
#6907=CARTESIAN_POINT('Origin',(-0.0499875392868089,2.27499999999958,-0.715903234098093));
#6908=CARTESIAN_POINT('Ctrl Pts',(-0.0341818287193497,2.25085702394944,
-0.722392972724758));
#6909=CARTESIAN_POINT('Ctrl Pts',(-0.0341565177268168,2.25027620534156,
-0.720232224727606));
#6910=CARTESIAN_POINT('Ctrl Pts',(-0.0341631638232543,2.24999999999958,
-0.718010460421487));
#6911=CARTESIAN_POINT('Ctrl Pts',(-0.0341631638232543,2.24999999999958,
-0.715903234098094));
#6912=CARTESIAN_POINT('',(-0.0499875392868091,2.27499999999958,-0.740903234098093));
#6913=CARTESIAN_POINT('Origin',(-0.215811914750351,2.84999999999957,-0.715903234098092));
#6914=CARTESIAN_POINT('',(-0.11581191475035,2.84999999999955,-0.715903234098093));
#6915=CARTESIAN_POINT('',(-0.0908119147503505,2.84999999999954,-0.740903234098093));
#6916=CARTESIAN_POINT('Origin',(-0.0908119147503503,2.84999999999954,-0.715903234098093));
#6917=CARTESIAN_POINT('Origin',(-0.215811914750351,2.84999999999957,-0.740903234098092));
#6918=CARTESIAN_POINT('Origin',(-0.215811914750351,2.84999999999957,-0.715903234098092));
#6919=CARTESIAN_POINT('Origin',(-0.0908119147504198,2.57448909287281,-0.715903234098093));
#6920=CARTESIAN_POINT('',(-0.115811914750275,3.14999999999952,-0.715903234098093));
#6921=CARTESIAN_POINT('',(-0.0908119147502748,3.14999999999951,-0.740903234098093));
#6922=CARTESIAN_POINT('Origin',(-0.0908119147502746,3.14999999999951,-0.715903234098093));
#6923=CARTESIAN_POINT('',(-0.0908119147504199,2.57448909287281,-0.740903234098093));
#6924=CARTESIAN_POINT('',(-0.11581191475042,2.57448909287282,-0.715903234098093));
#6925=CARTESIAN_POINT('Origin',(-0.0158119147502741,3.14999999999949,-0.715903234098094));
#6926=CARTESIAN_POINT('',(-0.0158119147502744,3.24999999999949,-0.715903234098094));
#6927=CARTESIAN_POINT('',(-0.0158119147502745,3.22499999999949,-0.740903234098094));
#6928=CARTESIAN_POINT('Origin',(-0.0158119147502743,3.22499999999949,-0.715903234098094));
#6929=CARTESIAN_POINT('Origin',(-0.0158119147502743,3.14999999999949,-0.740903234098094));
#6930=CARTESIAN_POINT('Origin',(-0.0158119147502741,3.14999999999949,-0.715903234098094));
#6931=CARTESIAN_POINT('Origin',(-0.0408119147503177,3.22499999999949,-0.715903234098094));
#6932=CARTESIAN_POINT('',(0.240188085249231,3.24999999999949,-0.715903234098096));
#6933=CARTESIAN_POINT('',(0.240188085249231,3.22499999999949,-0.740903234098095));
#6934=CARTESIAN_POINT('Origin',(0.240188085249231,3.22499999999949,-0.715903234098096));
#6935=CARTESIAN_POINT('',(-0.0408119147503179,3.22499999999949,-0.740903234098093));
#6936=CARTESIAN_POINT('',(-0.0408119147503177,3.24999999999949,-0.715903234098094));
#6937=CARTESIAN_POINT('Origin',(0.240188085249231,3.14999999999949,-0.715903234098096));
#6938=CARTESIAN_POINT('',(0.340188085249231,3.14999999999949,-0.715903234098096));
#6939=CARTESIAN_POINT('',(0.31518808524923,3.14999999999949,-0.740903234098096));
#6940=CARTESIAN_POINT('Origin',(0.315188085249231,3.14999999999949,-0.715903234098096));
#6941=CARTESIAN_POINT('Origin',(0.240188085249231,3.14999999999949,-0.740903234098095));
#6942=CARTESIAN_POINT('Origin',(0.240188085249231,3.14999999999949,-0.715903234098096));
#6943=CARTESIAN_POINT('Origin',(0.315188085249231,2.72448909287278,-0.715903234098096));
#6944=CARTESIAN_POINT('',(0.340188085249231,2.34999999999949,-0.715903234098096));
#6945=CARTESIAN_POINT('',(0.315188085249231,2.34999999999949,-0.740903234098096));
#6946=CARTESIAN_POINT('Origin',(0.315188085249231,2.34999999999949,-0.715903234098096));
#6947=CARTESIAN_POINT('',(0.315188085249231,2.72448909287278,-0.740903234098096));
#6948=CARTESIAN_POINT('',(0.340188085249231,2.72448909287278,-0.715903234098096));
#6949=CARTESIAN_POINT('Origin',(0.240188085249231,2.34999999999949,-0.715903234098096));
#6950=CARTESIAN_POINT('Origin',(0.240188085249231,2.34999999999949,-0.740903234098095));
#6951=CARTESIAN_POINT('Origin',(0.240188085249231,2.34999999999949,-0.715903234098096));
#6952=CARTESIAN_POINT('Origin',(-0.0158119147504767,2.34999999999958,-0.715903234098094));
#6953=CARTESIAN_POINT('Origin',(-0.0158119147504769,2.34999999999958,-0.740903234098094));
#6954=CARTESIAN_POINT('Origin',(-0.0158119147504767,2.34999999999958,-0.715903234098094));
#6955=CARTESIAN_POINT('Origin',(0.340188085249232,3.14999999999949,-0.615903234098096));
#6956=CARTESIAN_POINT('',(0.340188085249231,3.14999999999949,-0.615903234098096));
#6957=CARTESIAN_POINT('',(0.340188085249232,2.34999999999949,-0.615903234098096));
#6958=CARTESIAN_POINT('Origin',(0.240188085249232,3.14999999999949,-0.615903234098095));
#6959=CARTESIAN_POINT('',(0.240188085249232,3.24999999999949,-0.615903234098095));
#6960=CARTESIAN_POINT('Origin',(-0.0158119147502736,3.24999999999949,-0.615903234098094));
#6961=CARTESIAN_POINT('',(-0.0158119147502737,3.24999999999949,-0.615903234098094));
#6962=CARTESIAN_POINT('Origin',(-0.0158119147502734,3.14999999999949,-0.615903234098094));
#6963=CARTESIAN_POINT('',(-0.115811914750274,3.14999999999952,-0.615903234098093));
#6964=CARTESIAN_POINT('Origin',(-0.11581191475035,2.84999999999955,-0.615903234098093));
#6965=CARTESIAN_POINT('',(-0.11581191475035,2.84999999999955,-0.615903234098093));
#6966=CARTESIAN_POINT('Origin',(-0.21581191475035,2.84999999999957,-0.615903234098092));
#6967=CARTESIAN_POINT('',(-0.215811914750356,2.74999999999957,-0.615903234098092));
#6968=CARTESIAN_POINT('Origin',(-0.940811914750241,2.74999999999961,-0.615903234098087));
#6969=CARTESIAN_POINT('',(-0.892801813018911,2.74999999999961,-0.615903234098087));
#6970=CARTESIAN_POINT('',(-0.840811914750238,2.74999999999961,-0.615903234098088));
#6971=CARTESIAN_POINT('Origin',(-0.742938212990246,2.7499999999996,-0.341682244043628));
#6972=CARTESIAN_POINT('',(-0.940811914750241,2.74999999999961,-0.615903234098087));
#6973=CARTESIAN_POINT('',(-0.864605170762485,2.74999999999961,-0.615903234098088));
#6974=CARTESIAN_POINT('',(-0.621271255218011,2.74999999999959,-0.615903234098089));
#6975=CARTESIAN_POINT('',(-0.840811914750238,2.74999999999961,-0.615903234098088));
#6976=CARTESIAN_POINT('Origin',(-0.742938212990246,2.7499999999996,-0.341682244043628));
#6977=CARTESIAN_POINT('Origin',(-0.0658119147503638,2.29897818574607,-0.740903234098093));
#6978=CARTESIAN_POINT('',(-0.115744494293166,2.34632854988497,-0.740903234098093));
#6979=CARTESIAN_POINT('',(-0.115811914750477,2.34999999999961,-0.740903234098093));
#6980=CARTESIAN_POINT('Origin',(-0.0158119147504769,2.34999999999958,-0.740903234098094));
#6981=CARTESIAN_POINT('',(-0.115811914750249,2.34795637149257,-0.740903234098093));
#6982=CARTESIAN_POINT('',(-0.115811914750249,2.34795637149257,-0.740903234098093));
#6983=CARTESIAN_POINT('Origin',(-0.096126875380675,2.34795637149257,-0.740903234098093));
#6984=CARTESIAN_POINT('Origin',(-0.742938212990248,2.27499999999958,-0.341682244043628));
#6985=CARTESIAN_POINT('',(-0.763622714762139,2.27499999999958,-0.615903234098088));
#6986=CARTESIAN_POINT('Ctrl Pts',(-0.763622714762139,2.27499999999958,-0.615903234098088));
#6987=CARTESIAN_POINT('Ctrl Pts',(-0.763622714762139,2.27474834254722,-0.615903234098088));
#6988=CARTESIAN_POINT('Ctrl Pts',(-0.763687848966244,2.27445346145755,-0.615903234098088));
#6989=CARTESIAN_POINT('Ctrl Pts',(-0.763913360193678,2.27390535050965,-0.615903234098088));
#6990=CARTESIAN_POINT('Ctrl Pts',(-0.76414523258571,2.27356813933522,-0.615903234098088));
#6991=CARTESIAN_POINT('Ctrl Pts',(-0.765323332103898,2.27221279658396,-0.615903234098088));
#6992=CARTESIAN_POINT('Ctrl Pts',(-0.766842895144719,2.27135346999015,-0.615903234098088));
#6993=CARTESIAN_POINT('Ctrl Pts',(-0.771736561602545,2.268800998746,-0.615903234098088));
#6994=CARTESIAN_POINT('Ctrl Pts',(-0.775919539108592,2.26729773696215,-0.615903234098088));
#6995=CARTESIAN_POINT('Ctrl Pts',(-0.784350572647645,2.26441419587329,-0.615903234098088));
#6996=CARTESIAN_POINT('Ctrl Pts',(-0.788621065767847,2.26309994076674,-0.615903234098088));
#6997=CARTESIAN_POINT('Ctrl Pts',(-0.81459443037998,2.25553735653156,-0.615903234098088));
#6998=CARTESIAN_POINT('Ctrl Pts',(-0.841617790403367,2.24999999999958,-0.615903234098088));
#6999=CARTESIAN_POINT('Ctrl Pts',(-0.864605170762488,2.24999999999958,-0.615903234098088));
#7000=CARTESIAN_POINT('',(-0.72225371121836,2.27499999999958,-0.615903234098089));
#7001=CARTESIAN_POINT('Origin',(-0.742938212990248,2.27499999999958,-0.341682244043628));
#7002=CARTESIAN_POINT('Ctrl Pts',(-0.621271255218012,2.24999999999958,-0.615903234098089));
#7003=CARTESIAN_POINT('Ctrl Pts',(-0.644258635577132,2.24999999999958,-0.615903234098089));
#7004=CARTESIAN_POINT('Ctrl Pts',(-0.671281995600519,2.25553735653156,-0.615903234098089));
#7005=CARTESIAN_POINT('Ctrl Pts',(-0.697255360212653,2.26309994076674,-0.615903234098089));
#7006=CARTESIAN_POINT('Ctrl Pts',(-0.701525853332854,2.26441419587329,-0.615903234098089));
#7007=CARTESIAN_POINT('Ctrl Pts',(-0.709956886871907,2.26729773696215,-0.615903234098089));
#7008=CARTESIAN_POINT('Ctrl Pts',(-0.714139864377954,2.268800998746,-0.615903234098089));
#7009=CARTESIAN_POINT('Ctrl Pts',(-0.719033530835781,2.27135346999015,-0.615903234098089));
#7010=CARTESIAN_POINT('Ctrl Pts',(-0.720553093876601,2.27221279658396,-0.615903234098089));
#7011=CARTESIAN_POINT('Ctrl Pts',(-0.721731193394789,2.27356813933522,-0.615903234098089));
#7012=CARTESIAN_POINT('Ctrl Pts',(-0.721963065786821,2.27390535050965,-0.615903234098089));
#7013=CARTESIAN_POINT('Ctrl Pts',(-0.722188577014256,2.27445346145755,-0.615903234098089));
#7014=CARTESIAN_POINT('Ctrl Pts',(-0.72225371121836,2.27474834254722,-0.615903234098089));
#7015=CARTESIAN_POINT('Ctrl Pts',(-0.72225371121836,2.27499999999958,-0.615903234098089));
#7016=CARTESIAN_POINT('Origin',(-0.742938212990248,2.74999999999959,-0.341682244043628));
#7017=CARTESIAN_POINT('',(-0.763622714762139,2.72499999999961,-0.615903234098088));
#7018=CARTESIAN_POINT('',(-0.763622714762139,2.74999999999959,-0.615903234098088));
#7019=CARTESIAN_POINT('',(-0.72225371121836,2.72499999999961,-0.615903234098089));
#7020=CARTESIAN_POINT('Origin',(-0.742938212990248,2.72499999999961,-0.341682244043628));
#7021=CARTESIAN_POINT('',(-0.72225371121836,2.74999999999959,-0.615903234098089));
#7022=CARTESIAN_POINT('Origin',(-0.742938212990248,2.27499999999958,-0.341682244043628));
#7023=CARTESIAN_POINT('Origin',(-0.742938212990248,2.27499999999958,-0.341682244043628));
#7024=CARTESIAN_POINT('Origin',(-0.742938212990248,2.74999999999959,-0.341682244043628));
#7025=CARTESIAN_POINT('Origin',(-0.742938212990248,2.72499999999961,-0.341682244043628));
#7026=CARTESIAN_POINT('Origin',(-0.742938212990248,2.72499999999961,-0.341682244043628));
#7027=CARTESIAN_POINT('Ctrl Pts',(-0.915811914750205,2.74711210107559,-0.615903234098087));
#7028=CARTESIAN_POINT('Ctrl Pts',(-0.908748220534438,2.74909921565577,-0.615903234098087));
#7029=CARTESIAN_POINT('Ctrl Pts',(-0.900085026678635,2.74999999999962,-0.615903234098087));
#7030=CARTESIAN_POINT('Ctrl Pts',(-0.892801813018911,2.74999999999962,-0.615903234098087));
#7031=CARTESIAN_POINT('Origin',(-0.742938212990248,2.72499999999961,-0.341682244043628));
#7032=CARTESIAN_POINT('Ctrl Pts',(-0.864605170762485,2.74999999999962,-0.615903234098088));
#7033=CARTESIAN_POINT('Ctrl Pts',(-0.841617790403364,2.74999999999962,-0.615903234098088));
#7034=CARTESIAN_POINT('Ctrl Pts',(-0.814594430379978,2.74446264346764,-0.615903234098088));
#7035=CARTESIAN_POINT('Ctrl Pts',(-0.788621065767845,2.73690005923246,-0.615903234098088));
#7036=CARTESIAN_POINT('Ctrl Pts',(-0.784350572647643,2.73558580412591,-0.615903234098088));
#7037=CARTESIAN_POINT('Ctrl Pts',(-0.77591953910859,2.73270226303705,-0.615903234098088));
#7038=CARTESIAN_POINT('Ctrl Pts',(-0.771736561602544,2.73119900125319,-0.615903234098088));
#7039=CARTESIAN_POINT('Ctrl Pts',(-0.766842895144718,2.72864653000904,-0.615903234098088));
#7040=CARTESIAN_POINT('Ctrl Pts',(-0.765323332103898,2.72778720341523,-0.615903234098088));
#7041=CARTESIAN_POINT('Ctrl Pts',(-0.76414523258571,2.72643186066398,-0.615903234098088));
#7042=CARTESIAN_POINT('Ctrl Pts',(-0.763913360193678,2.72609464948955,-0.615903234098088));
#7043=CARTESIAN_POINT('Ctrl Pts',(-0.763687848966244,2.72554653854165,-0.615903234098088));
#7044=CARTESIAN_POINT('Ctrl Pts',(-0.763622714762139,2.72525165745197,-0.615903234098088));
#7045=CARTESIAN_POINT('Ctrl Pts',(-0.763622714762139,2.72499999999961,-0.615903234098088));
#7046=CARTESIAN_POINT('Ctrl Pts',(-0.72225371121836,2.72499999999961,-0.615903234098089));
#7047=CARTESIAN_POINT('Ctrl Pts',(-0.72225371121836,2.72525165745197,-0.615903234098089));
#7048=CARTESIAN_POINT('Ctrl Pts',(-0.722188577014256,2.72554653854165,-0.615903234098089));
#7049=CARTESIAN_POINT('Ctrl Pts',(-0.721963065786821,2.72609464948955,-0.615903234098089));
#7050=CARTESIAN_POINT('Ctrl Pts',(-0.72173119339479,2.72643186066398,-0.615903234098089));
#7051=CARTESIAN_POINT('Ctrl Pts',(-0.720553093876602,2.72778720341523,-0.615903234098089));
#7052=CARTESIAN_POINT('Ctrl Pts',(-0.719033530835782,2.72864653000904,-0.615903234098089));
#7053=CARTESIAN_POINT('Ctrl Pts',(-0.714139864377955,2.73119900125319,-0.615903234098089));
#7054=CARTESIAN_POINT('Ctrl Pts',(-0.709956886871908,2.73270226303705,-0.615903234098089));
#7055=CARTESIAN_POINT('Ctrl Pts',(-0.701525853332855,2.7355858041259,-0.615903234098089));
#7056=CARTESIAN_POINT('Ctrl Pts',(-0.697255360212654,2.73690005923246,-0.615903234098089));
#7057=CARTESIAN_POINT('Ctrl Pts',(-0.67128199560052,2.74446264346763,-0.615903234098089));
#7058=CARTESIAN_POINT('Ctrl Pts',(-0.644258635577132,2.74999999999961,-0.615903234098089));
#7059=CARTESIAN_POINT('Ctrl Pts',(-0.621271255218012,2.74999999999961,-0.615903234098089));
#7060=CARTESIAN_POINT('Origin',(-0.940811914750249,2.24999999999961,-0.615903234098087));
#7061=CARTESIAN_POINT('Origin',(-0.0658119147503629,2.29897818574607,-0.615903234098093));
#7062=CARTESIAN_POINT('Origin',(-0.0658119147503629,2.29897818574607,-0.615903234098093));
#7063=CARTESIAN_POINT('Origin',(-0.0961268753806741,2.34795637149257,-0.615903234098093));
#7064=CARTESIAN_POINT('',(-0.115744494293165,2.34632854988497,-0.615903234098093));
#7065=CARTESIAN_POINT('',(-0.115811914750248,2.34795637149257,-0.615903234098093));
#7066=CARTESIAN_POINT('Origin',(-0.115811914750248,2.34999999999961,-0.615903234098093));
#7067=CARTESIAN_POINT('',(-0.115811914750476,2.34999999999961,-0.615903234098093));
#7068=CARTESIAN_POINT('Origin',(-0.015811914750476,2.34999999999958,-0.615903234098094));
#7069=CARTESIAN_POINT('Origin',(-0.015811914750476,2.34999999999958,-0.615903234098094));
#7070=CARTESIAN_POINT('',(-0.0158119147504761,2.24999999999958,-0.615903234098094));
#7071=CARTESIAN_POINT('',(-0.0342377702476035,2.251712219227,-0.615903234098093));
#7072=CARTESIAN_POINT('Origin',(0.240188085249232,2.24999999999951,-0.615903234098095));
#7073=CARTESIAN_POINT('',(0.240188085249232,2.24999999999949,-0.615903234098095));
#7074=CARTESIAN_POINT('Origin',(0.240188085249232,2.34999999999949,-0.615903234098095));
#7075=CARTESIAN_POINT('Origin',(-0.0538482031941202,2.24999999999958,-0.615903234098093));
#7076=UNCERTAINTY_MEASURE_WITH_UNIT(LENGTH_MEASURE(0.000393700787401575),
#7081,'DISTANCE_ACCURACY_VALUE',
'Maximum model space distance between geometric entities at asserted c
onnectivities');
#7077=UNCERTAINTY_MEASURE_WITH_UNIT(LENGTH_MEASURE(0.000393700787401575),
#7081,'DISTANCE_ACCURACY_VALUE',
'Maximum model space distance between geometric entities at asserted c
onnectivities');
#7078=(
GEOMETRIC_REPRESENTATION_CONTEXT(3)
GLOBAL_UNCERTAINTY_ASSIGNED_CONTEXT((#7076))
GLOBAL_UNIT_ASSIGNED_CONTEXT((#7081,#7085,#7086))
REPRESENTATION_CONTEXT('','3D')
);
#7079=(
GEOMETRIC_REPRESENTATION_CONTEXT(3)
GLOBAL_UNCERTAINTY_ASSIGNED_CONTEXT((#7077))
GLOBAL_UNIT_ASSIGNED_CONTEXT((#7081,#7085,#7086))
REPRESENTATION_CONTEXT('','3D')
);
#7080=DIMENSIONAL_EXPONENTS(1.,0.,0.,0.,0.,0.,0.);
#7081=(
CONVERSION_BASED_UNIT('inch',#7084)
LENGTH_UNIT()
NAMED_UNIT(#7080)
);
#7082=(
LENGTH_UNIT()
NAMED_UNIT(*)
SI_UNIT(.MILLI.,.METRE.)
);
#7083=(
LENGTH_UNIT()
NAMED_UNIT(*)
SI_UNIT($,.METRE.)
);
#7084=LENGTH_MEASURE_WITH_UNIT(LENGTH_MEASURE(25.4),#7082);
#7085=(
NAMED_UNIT(*)
PLANE_ANGLE_UNIT()
SI_UNIT($,.RADIAN.)
);
#7086=(
NAMED_UNIT(*)
SI_UNIT($,.STERADIAN.)
SOLID_ANGLE_UNIT()
);
#7087=SHAPE_DEFINITION_REPRESENTATION(#7088,#7089);
#7088=PRODUCT_DEFINITION_SHAPE('',$,#7091);
#7089=SHAPE_REPRESENTATION('',(#2864),#7078);
#7090=PRODUCT_DEFINITION_CONTEXT('part definition',#7095,'design');
#7091=PRODUCT_DEFINITION('ElasticMount','ElasticMount v9',#7092,#7090);
#7092=PRODUCT_DEFINITION_FORMATION('',$,#7097);
#7093=PRODUCT_RELATED_PRODUCT_CATEGORY('ElasticMount v9',
'ElasticMount v9',(#7097));
#7094=APPLICATION_PROTOCOL_DEFINITION('international standard',
'automotive_design',2009,#7095);
#7095=APPLICATION_CONTEXT(
'Core Data for Automotive Mechanical Design Process');
#7096=PRODUCT_CONTEXT('part definition',#7095,'mechanical');
#7097=PRODUCT('ElasticMount','ElasticMount v9',$,(#7096));
#7098=PRESENTATION_STYLE_ASSIGNMENT((#7100));
#7099=PRESENTATION_STYLE_ASSIGNMENT((#7101));
#7100=SURFACE_STYLE_USAGE(.BOTH.,#7102);
#7101=SURFACE_STYLE_USAGE(.BOTH.,#7103);
#7102=SURFACE_SIDE_STYLE('',(#7104));
#7103=SURFACE_SIDE_STYLE('',(#7105));
#7104=SURFACE_STYLE_FILL_AREA(#7106);
#7105=SURFACE_STYLE_FILL_AREA(#7107);
#7106=FILL_AREA_STYLE('Steel - Satin',(#7108));
#7107=FILL_AREA_STYLE('Nylon 12 (with Formlabs Fuse 1 3D Printer)',(#7109));
#7108=FILL_AREA_STYLE_COLOUR('Steel - Satin',#7110);
#7109=FILL_AREA_STYLE_COLOUR(
'Nylon 12 (with Formlabs Fuse 1 3D Printer)',#7111);
#7110=COLOUR_RGB('Steel - Satin',0.627450980392157,0.627450980392157,0.627450980392157);
#7111=COLOUR_RGB('Nylon 12 (with Formlabs Fuse 1 3D Printer)',0.247058823529412,
0.247058823529412,0.247058823529412);
ENDSEC;
END-ISO-10303-21;
