ISO-10303-21;
HEADER;
/* Generated by software containing ST-Developer
 * from STEP Tools, Inc. (www.steptools.com) 
 */

FILE_DESCRIPTION(
/* description */ (''),
/* implementation_level */ '2;1');

FILE_NAME(
/* name */ 'HX711mount.step',
/* time_stamp */ '2026-07-10T21:31:29-04:00',
/* author */ (''),
/* organization */ (''),
/* preprocessor_version */ 'ST-DEVELOPER v20.1',
/* originating_system */ 'Autodesk Translation Framework v15.8.0.0',
/* authorisation */ '');

FILE_SCHEMA (('AUTOMOTIVE_DESIGN { 1 0 10303 214 3 1 1 }'));
ENDSEC;

DATA;
#10=MECHANICAL_DESIGN_GEOMETRIC_PRESENTATION_REPRESENTATION('',(#21,#22),
#6768);
#11=SHAPE_REPRESENTATION_RELATIONSHIP('SRR','None',#6778,#12);
#12=ADVANCED_BREP_SHAPE_REPRESENTATION('',(#23,#24),#6767);
#13=(
BOUNDED_SURFACE()
B_SPLINE_SURFACE(2,2,((#6587,#6588,#6589),(#6590,#6591,#6592),(#6593,#6594,
#6595)),.UNSPECIFIED.,.F.,.F.,.F.)
B_SPLINE_SURFACE_WITH_KNOTS((3,3),(3,3),(-1.57079632679492,0.),(-3.14159265358992,
-1.57079632679577),.UNSPECIFIED.)
GEOMETRIC_REPRESENTATION_ITEM()
RATIONAL_B_SPLINE_SURFACE(((1.,0.707106781186812,1.),(0.707106781186543,
0.500000000000184,0.707106781186543),(1.,0.707106781186812,1.)))
REPRESENTATION_ITEM('')
SURFACE()
);
#14=(
BOUNDED_SURFACE()
B_SPLINE_SURFACE(2,2,((#6610,#6611,#6612),(#6613,#6614,#6615),(#6616,#6617,
#6618)),.UNSPECIFIED.,.F.,.F.,.F.)
B_SPLINE_SURFACE_WITH_KNOTS((3,3),(3,3),(-1.5707963267949,0.),(-1.57079632679578,
-2.32185224677517E-12),.UNSPECIFIED.)
GEOMETRIC_REPRESENTATION_ITEM()
RATIONAL_B_SPLINE_SURFACE(((1.,0.707106781187057,1.),(0.707106781186558,
0.500000000000367,0.707106781186558),(1.,0.707106781187057,1.)))
REPRESENTATION_ITEM('')
SURFACE()
);
#15=(
BOUNDED_SURFACE()
B_SPLINE_SURFACE(2,2,((#6630,#6631,#6632),(#6633,#6634,#6635),(#6636,#6637,
#6638)),.UNSPECIFIED.,.F.,.F.,.F.)
B_SPLINE_SURFACE_WITH_KNOTS((3,3),(3,3),(-1.57079632679491,0.),(-2.32729476938144E-12,
1.57079632679257),.UNSPECIFIED.)
GEOMETRIC_REPRESENTATION_ITEM()
RATIONAL_B_SPLINE_SURFACE(((1.,0.707106781186548,1.),(0.707106781186541,
0.499999999999996,0.707106781186541),(1.,0.707106781186548,1.)))
REPRESENTATION_ITEM('')
SURFACE()
);
#16=(
BOUNDED_SURFACE()
B_SPLINE_SURFACE(2,2,((#6650,#6651,#6652),(#6653,#6654,#6655),(#6656,#6657,
#6658)),.UNSPECIFIED.,.F.,.F.,.F.)
B_SPLINE_SURFACE_WITH_KNOTS((3,3),(3,3),(-1.57079632679504,0.),(1.57079632679257,
3.14159265358989),.UNSPECIFIED.)
GEOMETRIC_REPRESENTATION_ITEM()
RATIONAL_B_SPLINE_SURFACE(((1.,0.707106781185688,1.),(0.707106781186507,
0.499999999999364,0.707106781186507),(1.,0.707106781185688,1.)))
REPRESENTATION_ITEM('')
SURFACE()
);
#17=(
BOUNDED_SURFACE()
B_SPLINE_SURFACE(2,2,((#6695,#6696,#6697),(#6698,#6699,#6700),(#6701,#6702,
#6703)),.UNSPECIFIED.,.F.,.F.,.F.)
B_SPLINE_SURFACE_WITH_KNOTS((3,3),(3,3),(0.,1.57079632679491),(-2.32729476938144E-12,
1.57079632679257),.UNSPECIFIED.)
GEOMETRIC_REPRESENTATION_ITEM()
RATIONAL_B_SPLINE_SURFACE(((1.,0.707106781186548,1.),(0.707106781186541,
0.499999999999996,0.707106781186541),(1.,0.707106781186548,1.)))
REPRESENTATION_ITEM('')
SURFACE()
);
#18=(
BOUNDED_SURFACE()
B_SPLINE_SURFACE(2,2,((#6712,#6713,#6714),(#6715,#6716,#6717),(#6718,#6719,
#6720)),.UNSPECIFIED.,.F.,.F.,.F.)
B_SPLINE_SURFACE_WITH_KNOTS((3,3),(3,3),(0.,1.57079632679504),(1.57079632679257,
3.14159265358989),.UNSPECIFIED.)
GEOMETRIC_REPRESENTATION_ITEM()
RATIONAL_B_SPLINE_SURFACE(((1.,0.707106781185688,1.),(0.707106781186507,
0.499999999999364,0.707106781186507),(1.,0.707106781185688,1.)))
REPRESENTATION_ITEM('')
SURFACE()
);
#19=(
BOUNDED_SURFACE()
B_SPLINE_SURFACE(2,2,((#6728,#6729,#6730),(#6731,#6732,#6733),(#6734,#6735,
#6736)),.UNSPECIFIED.,.F.,.F.,.F.)
B_SPLINE_SURFACE_WITH_KNOTS((3,3),(3,3),(0.,1.57079632679492),(-3.14159265358992,
-1.57079632679577),.UNSPECIFIED.)
GEOMETRIC_REPRESENTATION_ITEM()
RATIONAL_B_SPLINE_SURFACE(((1.,0.707106781186812,1.),(0.707106781186543,
0.500000000000184,0.707106781186543),(1.,0.707106781186812,1.)))
REPRESENTATION_ITEM('')
SURFACE()
);
#20=(
BOUNDED_SURFACE()
B_SPLINE_SURFACE(2,2,((#6746,#6747,#6748),(#6749,#6750,#6751),(#6752,#6753,
#6754)),.UNSPECIFIED.,.F.,.F.,.F.)
B_SPLINE_SURFACE_WITH_KNOTS((3,3),(3,3),(0.,1.5707963267949),(-1.57079632679578,
-2.33583930850272E-12),.UNSPECIFIED.)
GEOMETRIC_REPRESENTATION_ITEM()
RATIONAL_B_SPLINE_SURFACE(((1.,0.707106781187062,1.),(0.707106781186549,
0.500000000000365,0.707106781186549),(1.,0.707106781187062,1.)))
REPRESENTATION_ITEM('')
SURFACE()
);
#21=STYLED_ITEM('',(#6788),#23);
#22=STYLED_ITEM('',(#6788),#24);
#23=MANIFOLD_SOLID_BREP('HX711mount',#2207);
#24=MANIFOLD_SOLID_BREP('HX711cover',#2208);
#25=FACE_BOUND('',#274,.T.);
#26=FACE_BOUND('',#284,.T.);
#27=FACE_BOUND('',#285,.T.);
#28=PLANE('',#2280);
#29=PLANE('',#2283);
#30=PLANE('',#2287);
#31=PLANE('',#2288);
#32=PLANE('',#2292);
#33=PLANE('',#2293);
#34=PLANE('',#2300);
#35=PLANE('',#2301);
#36=PLANE('',#2302);
#37=PLANE('',#2303);
#38=PLANE('',#2304);
#39=PLANE('',#2309);
#40=PLANE('',#2314);
#41=PLANE('',#2321);
#42=PLANE('',#2322);
#43=PLANE('',#2324);
#44=PLANE('',#2328);
#45=PLANE('',#2331);
#46=PLANE('',#2334);
#47=PLANE('',#2337);
#48=PLANE('',#2342);
#49=PLANE('',#2345);
#50=PLANE('',#2348);
#51=PLANE('',#2351);
#52=PLANE('',#2354);
#53=PLANE('',#2375);
#54=PLANE('',#2378);
#55=PLANE('',#2381);
#56=PLANE('',#2401);
#57=PLANE('',#2402);
#58=PLANE('',#2404);
#59=B_SPLINE_SURFACE_WITH_KNOTS('',3,3,((#4656,#4657,#4658,#4659,#4660,
#4661,#4662,#4663,#4664,#4665,#4666,#4667,#4668,#4669,#4670,#4671,#4672,
#4673,#4674,#4675,#4676,#4677,#4678,#4679,#4680,#4681,#4682,#4683,#4684,
#4685,#4686,#4687,#4688,#4689,#4690,#4691,#4692,#4693,#4694,#4695,#4696,
#4697,#4698,#4699,#4700,#4701,#4702,#4703,#4704,#4705,#4706,#4707,#4708,
#4709,#4710,#4711,#4712,#4713,#4714,#4715,#4716,#4717,#4718,#4719,#4720,
#4721,#4722,#4723,#4724,#4725,#4726,#4727,#4728,#4729,#4730,#4731,#4732,
#4733,#4734,#4735,#4736),(#4737,#4738,#4739,#4740,#4741,#4742,#4743,#4744,
#4745,#4746,#4747,#4748,#4749,#4750,#4751,#4752,#4753,#4754,#4755,#4756,
#4757,#4758,#4759,#4760,#4761,#4762,#4763,#4764,#4765,#4766,#4767,#4768,
#4769,#4770,#4771,#4772,#4773,#4774,#4775,#4776,#4777,#4778,#4779,#4780,
#4781,#4782,#4783,#4784,#4785,#4786,#4787,#4788,#4789,#4790,#4791,#4792,
#4793,#4794,#4795,#4796,#4797,#4798,#4799,#4800,#4801,#4802,#4803,#4804,
#4805,#4806,#4807,#4808,#4809,#4810,#4811,#4812,#4813,#4814,#4815,#4816,
#4817),(#4818,#4819,#4820,#4821,#4822,#4823,#4824,#4825,#4826,#4827,#4828,
#4829,#4830,#4831,#4832,#4833,#4834,#4835,#4836,#4837,#4838,#4839,#4840,
#4841,#4842,#4843,#4844,#4845,#4846,#4847,#4848,#4849,#4850,#4851,#4852,
#4853,#4854,#4855,#4856,#4857,#4858,#4859,#4860,#4861,#4862,#4863,#4864,
#4865,#4866,#4867,#4868,#4869,#4870,#4871,#4872,#4873,#4874,#4875,#4876,
#4877,#4878,#4879,#4880,#4881,#4882,#4883,#4884,#4885,#4886,#4887,#4888,
#4889,#4890,#4891,#4892,#4893,#4894,#4895,#4896,#4897,#4898),(#4899,#4900,
#4901,#4902,#4903,#4904,#4905,#4906,#4907,#4908,#4909,#4910,#4911,#4912,
#4913,#4914,#4915,#4916,#4917,#4918,#4919,#4920,#4921,#4922,#4923,#4924,
#4925,#4926,#4927,#4928,#4929,#4930,#4931,#4932,#4933,#4934,#4935,#4936,
#4937,#4938,#4939,#4940,#4941,#4942,#4943,#4944,#4945,#4946,#4947,#4948,
#4949,#4950,#4951,#4952,#4953,#4954,#4955,#4956,#4957,#4958,#4959,#4960,
#4961,#4962,#4963,#4964,#4965,#4966,#4967,#4968,#4969,#4970,#4971,#4972,
#4973,#4974,#4975,#4976,#4977,#4978,#4979)),.UNSPECIFIED.,.F.,.F.,.F.,(4,
4),(4,1,1,1,1,1,1,1,1,1,1,1,1,1,1,1,1,1,1,1,1,1,1,1,1,1,1,1,1,1,1,1,1,1,
1,1,1,1,1,1,1,1,1,1,1,1,1,1,1,1,1,1,1,1,1,1,1,1,1,1,1,1,1,1,1,1,1,1,1,1,
1,1,1,1,1,1,1,1,4),(0.,0.0432608556703786),(11.9221090801831,12.9107045966702,
13.8993001131573,14.8878956296443,15.8764911461314,16.8650866626185,17.8536821791056,
18.8422776955927,19.8308732120797,20.8194687285668,21.8080642450539,22.796659761541,
23.785255278028,24.7738507945151,25.7624463110022,26.7510418274893,27.7396373439764,
28.7282328604634,29.7168283769505,30.7054238934376,31.6940194099247,32.6826149264118,
33.6712104428988,34.6598059593859,35.648401475873,36.6369969923601,37.6255925088472,
38.6141880253342,39.6027835418213,40.5913790583084,41.5799745747955,42.5685700912825,
43.5571656077696,44.5457611242567,45.5343566407438,46.5229521572309,47.5115476737179,
48.500143190205,49.4887387066921,50.4773342231792,51.4659297396663,52.4545252561533,
53.4431207726404,54.4317162891275,55.4203118056146,56.4089073221017,57.3975028385887,
58.3860983550758,59.3746938715629,60.36328938805,61.3518849045371,62.3404804210241,
63.3290759375112,64.3176714539983,65.3062669704854,66.2948624869724,67.2834580034595,
68.2720535199466,69.2606490364337,70.2492445529208,71.2378400694078,72.2264355858949,
73.215031102382,74.2036266188691,75.1922221353562,76.1808176518432,77.1694131683303,
78.1580086848174,79.1466042013045,80.1351997177916,81.1237952342786,82.1123907507657,
83.1009862672528,84.0895817837399,85.078177300227,86.066772816714,87.0553683332011,
88.0439638496882,89.0325593661753),.UNSPECIFIED.);
#60=B_SPLINE_SURFACE_WITH_KNOTS('',3,3,((#5082,#5083,#5084,#5085,#5086,
#5087,#5088,#5089,#5090,#5091,#5092,#5093,#5094,#5095,#5096,#5097,#5098,
#5099,#5100,#5101,#5102,#5103,#5104,#5105,#5106,#5107,#5108,#5109,#5110,
#5111,#5112,#5113,#5114,#5115,#5116,#5117,#5118,#5119,#5120,#5121,#5122,
#5123,#5124,#5125,#5126,#5127,#5128,#5129,#5130,#5131,#5132,#5133,#5134,
#5135,#5136,#5137,#5138,#5139,#5140,#5141,#5142,#5143,#5144,#5145,#5146,
#5147,#5148,#5149,#5150,#5151,#5152,#5153,#5154,#5155,#5156,#5157,#5158,
#5159,#5160,#5161,#5162),(#5163,#5164,#5165,#5166,#5167,#5168,#5169,#5170,
#5171,#5172,#5173,#5174,#5175,#5176,#5177,#5178,#5179,#5180,#5181,#5182,
#5183,#5184,#5185,#5186,#5187,#5188,#5189,#5190,#5191,#5192,#5193,#5194,
#5195,#5196,#5197,#5198,#5199,#5200,#5201,#5202,#5203,#5204,#5205,#5206,
#5207,#5208,#5209,#5210,#5211,#5212,#5213,#5214,#5215,#5216,#5217,#5218,
#5219,#5220,#5221,#5222,#5223,#5224,#5225,#5226,#5227,#5228,#5229,#5230,
#5231,#5232,#5233,#5234,#5235,#5236,#5237,#5238,#5239,#5240,#5241,#5242,
#5243),(#5244,#5245,#5246,#5247,#5248,#5249,#5250,#5251,#5252,#5253,#5254,
#5255,#5256,#5257,#5258,#5259,#5260,#5261,#5262,#5263,#5264,#5265,#5266,
#5267,#5268,#5269,#5270,#5271,#5272,#5273,#5274,#5275,#5276,#5277,#5278,
#5279,#5280,#5281,#5282,#5283,#5284,#5285,#5286,#5287,#5288,#5289,#5290,
#5291,#5292,#5293,#5294,#5295,#5296,#5297,#5298,#5299,#5300,#5301,#5302,
#5303,#5304,#5305,#5306,#5307,#5308,#5309,#5310,#5311,#5312,#5313,#5314,
#5315,#5316,#5317,#5318,#5319,#5320,#5321,#5322,#5323,#5324),(#5325,#5326,
#5327,#5328,#5329,#5330,#5331,#5332,#5333,#5334,#5335,#5336,#5337,#5338,
#5339,#5340,#5341,#5342,#5343,#5344,#5345,#5346,#5347,#5348,#5349,#5350,
#5351,#5352,#5353,#5354,#5355,#5356,#5357,#5358,#5359,#5360,#5361,#5362,
#5363,#5364,#5365,#5366,#5367,#5368,#5369,#5370,#5371,#5372,#5373,#5374,
#5375,#5376,#5377,#5378,#5379,#5380,#5381,#5382,#5383,#5384,#5385,#5386,
#5387,#5388,#5389,#5390,#5391,#5392,#5393,#5394,#5395,#5396,#5397,#5398,
#5399,#5400,#5401,#5402,#5403,#5404,#5405)),.UNSPECIFIED.,.F.,.F.,.F.,(4,
4),(4,1,1,1,1,1,1,1,1,1,1,1,1,1,1,1,1,1,1,1,1,1,1,1,1,1,1,1,1,1,1,1,1,1,
1,1,1,1,1,1,1,1,1,1,1,1,1,1,1,1,1,1,1,1,1,1,1,1,1,1,1,1,1,1,1,1,1,1,1,1,
1,1,1,1,1,1,1,1,4),(0.,0.0432608556703786),(14.6399982022878,15.6285937187749,
16.6171892352619,17.605784751749,18.5943802682361,19.5829757847232,20.5715713012103,
21.5601668176973,22.5487623341844,23.5373578506715,24.5259533671586,25.5145488836456,
26.5031444001327,27.4917399166198,28.4803354331069,29.468930949594,30.457526466081,
31.4461219825681,32.4347174990552,33.4233130155423,34.4119085320294,35.4005040485164,
36.3890995650035,37.3776950814906,38.3662905979777,39.3548861144647,40.3434816309518,
41.3320771474389,42.320672663926,43.3092681804131,44.2978636969001,45.2864592133872,
46.2750547298743,47.2636502463614,48.2522457628485,49.2408412793355,50.2294367958226,
51.2180323123097,52.2066278287968,53.1952233452838,54.1838188617709,55.172414378258,
56.1610098947451,57.1496054112322,58.1382009277192,59.1267964442063,60.1153919606934,
61.1039874771805,62.0925829936676,63.0811785101546,64.0697740266417,65.0583695431288,
66.0469650596159,67.035560576103,68.02415609259,69.0127516090771,70.0013471255642,
70.9899426420513,71.9785381585384,72.9671336750254,73.9557291915125,74.9443247079996,
75.9329202244867,76.9215157409737,77.9101112574608,78.8987067739479,79.887302290435,
80.8758978069221,81.8644933234091,82.8530888398962,83.8416843563833,84.8302798728704,
85.8188753893575,86.8074709058445,87.7960664223316,88.7846619388187,89.7732574553058,
90.7618529717928,91.7504484882799),.UNSPECIFIED.);
#61=B_SPLINE_SURFACE_WITH_KNOTS('',3,3,((#5523,#5524,#5525,#5526,#5527,
#5528,#5529,#5530,#5531,#5532,#5533,#5534,#5535,#5536,#5537,#5538,#5539,
#5540,#5541,#5542,#5543,#5544,#5545,#5546,#5547,#5548,#5549,#5550,#5551,
#5552,#5553,#5554,#5555,#5556,#5557,#5558,#5559,#5560,#5561,#5562,#5563,
#5564,#5565,#5566,#5567,#5568,#5569,#5570,#5571,#5572,#5573,#5574,#5575,
#5576,#5577,#5578,#5579,#5580,#5581,#5582,#5583,#5584,#5585,#5586,#5587,
#5588,#5589,#5590,#5591,#5592,#5593,#5594,#5595,#5596,#5597,#5598,#5599,
#5600,#5601,#5602,#5603),(#5604,#5605,#5606,#5607,#5608,#5609,#5610,#5611,
#5612,#5613,#5614,#5615,#5616,#5617,#5618,#5619,#5620,#5621,#5622,#5623,
#5624,#5625,#5626,#5627,#5628,#5629,#5630,#5631,#5632,#5633,#5634,#5635,
#5636,#5637,#5638,#5639,#5640,#5641,#5642,#5643,#5644,#5645,#5646,#5647,
#5648,#5649,#5650,#5651,#5652,#5653,#5654,#5655,#5656,#5657,#5658,#5659,
#5660,#5661,#5662,#5663,#5664,#5665,#5666,#5667,#5668,#5669,#5670,#5671,
#5672,#5673,#5674,#5675,#5676,#5677,#5678,#5679,#5680,#5681,#5682,#5683,
#5684),(#5685,#5686,#5687,#5688,#5689,#5690,#5691,#5692,#5693,#5694,#5695,
#5696,#5697,#5698,#5699,#5700,#5701,#5702,#5703,#5704,#5705,#5706,#5707,
#5708,#5709,#5710,#5711,#5712,#5713,#5714,#5715,#5716,#5717,#5718,#5719,
#5720,#5721,#5722,#5723,#5724,#5725,#5726,#5727,#5728,#5729,#5730,#5731,
#5732,#5733,#5734,#5735,#5736,#5737,#5738,#5739,#5740,#5741,#5742,#5743,
#5744,#5745,#5746,#5747,#5748,#5749,#5750,#5751,#5752,#5753,#5754,#5755,
#5756,#5757,#5758,#5759,#5760,#5761,#5762,#5763,#5764,#5765),(#5766,#5767,
#5768,#5769,#5770,#5771,#5772,#5773,#5774,#5775,#5776,#5777,#5778,#5779,
#5780,#5781,#5782,#5783,#5784,#5785,#5786,#5787,#5788,#5789,#5790,#5791,
#5792,#5793,#5794,#5795,#5796,#5797,#5798,#5799,#5800,#5801,#5802,#5803,
#5804,#5805,#5806,#5807,#5808,#5809,#5810,#5811,#5812,#5813,#5814,#5815,
#5816,#5817,#5818,#5819,#5820,#5821,#5822,#5823,#5824,#5825,#5826,#5827,
#5828,#5829,#5830,#5831,#5832,#5833,#5834,#5835,#5836,#5837,#5838,#5839,
#5840,#5841,#5842,#5843,#5844,#5845,#5846)),.UNSPECIFIED.,.F.,.F.,.F.,(4,
4),(4,1,1,1,1,1,1,1,1,1,1,1,1,1,1,1,1,1,1,1,1,1,1,1,1,1,1,1,1,1,1,1,1,1,
1,1,1,1,1,1,1,1,1,1,1,1,1,1,1,1,1,1,1,1,1,1,1,1,1,1,1,1,1,1,1,1,1,1,1,1,
1,1,1,1,1,1,1,1,4),(0.,0.0432608556703787),(11.9221090801831,12.9107045966702,
13.8993001131573,14.8878956296444,15.8764911461314,16.8650866626185,17.8536821791056,
18.8422776955927,19.8308732120798,20.8194687285668,21.8080642450539,22.796659761541,
23.7852552780281,24.7738507945151,25.7624463110022,26.7510418274893,27.7396373439764,
28.7282328604635,29.7168283769505,30.7054238934376,31.6940194099247,32.6826149264118,
33.6712104428989,34.6598059593859,35.648401475873,36.6369969923601,37.6255925088472,
38.6141880253343,39.6027835418213,40.5913790583084,41.5799745747955,42.5685700912826,
43.5571656077696,44.5457611242567,45.5343566407438,46.5229521572309,47.511547673718,
48.500143190205,49.4887387066921,50.4773342231792,51.4659297396663,52.4545252561533,
53.4431207726404,54.4317162891275,55.4203118056146,56.4089073221017,57.3975028385887,
58.3860983550758,59.3746938715629,60.36328938805,61.3518849045371,62.3404804210241,
63.3290759375112,64.3176714539983,65.3062669704854,66.2948624869725,67.2834580034595,
68.2720535199466,69.2606490364337,70.2492445529208,71.2378400694079,72.2264355858949,
73.215031102382,74.2036266188691,75.1922221353562,76.1808176518432,77.1694131683303,
78.1580086848174,79.1466042013045,80.1351997177916,81.1237952342786,82.1123907507657,
83.1009862672528,84.0895817837399,85.078177300227,86.066772816714,87.0553683332011,
88.0439638496882,89.0325593661753),.UNSPECIFIED.);
#62=B_SPLINE_SURFACE_WITH_KNOTS('',3,3,((#5949,#5950,#5951,#5952,#5953,
#5954,#5955,#5956,#5957,#5958,#5959,#5960,#5961,#5962,#5963,#5964,#5965,
#5966,#5967,#5968,#5969,#5970,#5971,#5972,#5973,#5974,#5975,#5976,#5977,
#5978,#5979,#5980,#5981,#5982,#5983,#5984,#5985,#5986,#5987,#5988,#5989,
#5990,#5991,#5992,#5993,#5994,#5995,#5996,#5997,#5998,#5999,#6000,#6001,
#6002,#6003,#6004,#6005,#6006,#6007,#6008,#6009,#6010,#6011,#6012,#6013,
#6014,#6015,#6016,#6017,#6018,#6019,#6020,#6021,#6022,#6023,#6024,#6025,
#6026,#6027,#6028,#6029),(#6030,#6031,#6032,#6033,#6034,#6035,#6036,#6037,
#6038,#6039,#6040,#6041,#6042,#6043,#6044,#6045,#6046,#6047,#6048,#6049,
#6050,#6051,#6052,#6053,#6054,#6055,#6056,#6057,#6058,#6059,#6060,#6061,
#6062,#6063,#6064,#6065,#6066,#6067,#6068,#6069,#6070,#6071,#6072,#6073,
#6074,#6075,#6076,#6077,#6078,#6079,#6080,#6081,#6082,#6083,#6084,#6085,
#6086,#6087,#6088,#6089,#6090,#6091,#6092,#6093,#6094,#6095,#6096,#6097,
#6098,#6099,#6100,#6101,#6102,#6103,#6104,#6105,#6106,#6107,#6108,#6109,
#6110),(#6111,#6112,#6113,#6114,#6115,#6116,#6117,#6118,#6119,#6120,#6121,
#6122,#6123,#6124,#6125,#6126,#6127,#6128,#6129,#6130,#6131,#6132,#6133,
#6134,#6135,#6136,#6137,#6138,#6139,#6140,#6141,#6142,#6143,#6144,#6145,
#6146,#6147,#6148,#6149,#6150,#6151,#6152,#6153,#6154,#6155,#6156,#6157,
#6158,#6159,#6160,#6161,#6162,#6163,#6164,#6165,#6166,#6167,#6168,#6169,
#6170,#6171,#6172,#6173,#6174,#6175,#6176,#6177,#6178,#6179,#6180,#6181,
#6182,#6183,#6184,#6185,#6186,#6187,#6188,#6189,#6190,#6191),(#6192,#6193,
#6194,#6195,#6196,#6197,#6198,#6199,#6200,#6201,#6202,#6203,#6204,#6205,
#6206,#6207,#6208,#6209,#6210,#6211,#6212,#6213,#6214,#6215,#6216,#6217,
#6218,#6219,#6220,#6221,#6222,#6223,#6224,#6225,#6226,#6227,#6228,#6229,
#6230,#6231,#6232,#6233,#6234,#6235,#6236,#6237,#6238,#6239,#6240,#6241,
#6242,#6243,#6244,#6245,#6246,#6247,#6248,#6249,#6250,#6251,#6252,#6253,
#6254,#6255,#6256,#6257,#6258,#6259,#6260,#6261,#6262,#6263,#6264,#6265,
#6266,#6267,#6268,#6269,#6270,#6271,#6272)),.UNSPECIFIED.,.F.,.F.,.F.,(4,
4),(4,1,1,1,1,1,1,1,1,1,1,1,1,1,1,1,1,1,1,1,1,1,1,1,1,1,1,1,1,1,1,1,1,1,
1,1,1,1,1,1,1,1,1,1,1,1,1,1,1,1,1,1,1,1,1,1,1,1,1,1,1,1,1,1,1,1,1,1,1,1,
1,1,1,1,1,1,1,1,4),(0.,0.0432608556703787),(14.6399982022878,15.6285937187749,
16.617189235262,17.605784751749,18.5943802682361,19.5829757847232,20.5715713012103,
21.5601668176974,22.5487623341844,23.5373578506715,24.5259533671586,25.5145488836457,
26.5031444001328,27.4917399166198,28.4803354331069,29.468930949594,30.4575264660811,
31.4461219825681,32.4347174990552,33.4233130155423,34.4119085320294,35.4005040485165,
36.3890995650035,37.3776950814906,38.3662905979777,39.3548861144648,40.3434816309519,
41.3320771474389,42.320672663926,43.3092681804131,44.2978636969002,45.2864592133873,
46.2750547298743,47.2636502463614,48.2522457628485,49.2408412793356,50.2294367958227,
51.2180323123097,52.2066278287968,53.1952233452839,54.183818861771,55.172414378258,
56.1610098947451,57.1496054112322,58.1382009277193,59.1267964442063,60.1153919606934,
61.1039874771805,62.0925829936676,63.0811785101547,64.0697740266418,65.0583695431288,
66.0469650596159,67.035560576103,68.0241560925901,69.0127516090771,70.0013471255642,
70.9899426420513,71.9785381585384,72.9671336750255,73.9557291915125,74.9443247079996,
75.9329202244867,76.9215157409738,77.9101112574609,78.8987067739479,79.887302290435,
80.8758978069221,81.8644933234092,82.8530888398962,83.8416843563833,84.8302798728704,
85.8188753893575,86.8074709058446,87.7960664223316,88.7846619388187,89.7732574553058,
90.7618529717929,91.75044848828),.UNSPECIFIED.);
#63=FACE_OUTER_BOUND('',#186,.T.);
#64=FACE_OUTER_BOUND('',#187,.T.);
#65=FACE_OUTER_BOUND('',#188,.T.);
#66=FACE_OUTER_BOUND('',#189,.T.);
#67=FACE_OUTER_BOUND('',#190,.T.);
#68=FACE_OUTER_BOUND('',#191,.T.);
#69=FACE_OUTER_BOUND('',#192,.T.);
#70=FACE_OUTER_BOUND('',#193,.T.);
#71=FACE_OUTER_BOUND('',#194,.T.);
#72=FACE_OUTER_BOUND('',#195,.T.);
#73=FACE_OUTER_BOUND('',#196,.T.);
#74=FACE_OUTER_BOUND('',#197,.T.);
#75=FACE_OUTER_BOUND('',#198,.T.);
#76=FACE_OUTER_BOUND('',#199,.T.);
#77=FACE_OUTER_BOUND('',#200,.T.);
#78=FACE_OUTER_BOUND('',#201,.T.);
#79=FACE_OUTER_BOUND('',#202,.T.);
#80=FACE_OUTER_BOUND('',#203,.T.);
#81=FACE_OUTER_BOUND('',#204,.T.);
#82=FACE_OUTER_BOUND('',#205,.T.);
#83=FACE_OUTER_BOUND('',#206,.T.);
#84=FACE_OUTER_BOUND('',#207,.T.);
#85=FACE_OUTER_BOUND('',#208,.T.);
#86=FACE_OUTER_BOUND('',#209,.T.);
#87=FACE_OUTER_BOUND('',#210,.T.);
#88=FACE_OUTER_BOUND('',#211,.T.);
#89=FACE_OUTER_BOUND('',#212,.T.);
#90=FACE_OUTER_BOUND('',#213,.T.);
#91=FACE_OUTER_BOUND('',#214,.T.);
#92=FACE_OUTER_BOUND('',#215,.T.);
#93=FACE_OUTER_BOUND('',#216,.T.);
#94=FACE_OUTER_BOUND('',#217,.T.);
#95=FACE_OUTER_BOUND('',#218,.T.);
#96=FACE_OUTER_BOUND('',#219,.T.);
#97=FACE_OUTER_BOUND('',#220,.T.);
#98=FACE_OUTER_BOUND('',#221,.T.);
#99=FACE_OUTER_BOUND('',#222,.T.);
#100=FACE_OUTER_BOUND('',#223,.T.);
#101=FACE_OUTER_BOUND('',#224,.T.);
#102=FACE_OUTER_BOUND('',#225,.T.);
#103=FACE_OUTER_BOUND('',#226,.T.);
#104=FACE_OUTER_BOUND('',#227,.T.);
#105=FACE_OUTER_BOUND('',#228,.T.);
#106=FACE_OUTER_BOUND('',#229,.T.);
#107=FACE_OUTER_BOUND('',#230,.T.);
#108=FACE_OUTER_BOUND('',#231,.T.);
#109=FACE_OUTER_BOUND('',#232,.T.);
#110=FACE_OUTER_BOUND('',#233,.T.);
#111=FACE_OUTER_BOUND('',#234,.T.);
#112=FACE_OUTER_BOUND('',#235,.T.);
#113=FACE_OUTER_BOUND('',#236,.T.);
#114=FACE_OUTER_BOUND('',#237,.T.);
#115=FACE_OUTER_BOUND('',#238,.T.);
#116=FACE_OUTER_BOUND('',#239,.T.);
#117=FACE_OUTER_BOUND('',#240,.T.);
#118=FACE_OUTER_BOUND('',#241,.T.);
#119=FACE_OUTER_BOUND('',#242,.T.);
#120=FACE_OUTER_BOUND('',#243,.T.);
#121=FACE_OUTER_BOUND('',#244,.T.);
#122=FACE_OUTER_BOUND('',#245,.T.);
#123=FACE_OUTER_BOUND('',#246,.T.);
#124=FACE_OUTER_BOUND('',#247,.T.);
#125=FACE_OUTER_BOUND('',#248,.T.);
#126=FACE_OUTER_BOUND('',#249,.T.);
#127=FACE_OUTER_BOUND('',#250,.T.);
#128=FACE_OUTER_BOUND('',#251,.T.);
#129=FACE_OUTER_BOUND('',#252,.T.);
#130=FACE_OUTER_BOUND('',#253,.T.);
#131=FACE_OUTER_BOUND('',#254,.T.);
#132=FACE_OUTER_BOUND('',#255,.T.);
#133=FACE_OUTER_BOUND('',#256,.T.);
#134=FACE_OUTER_BOUND('',#257,.T.);
#135=FACE_OUTER_BOUND('',#258,.T.);
#136=FACE_OUTER_BOUND('',#259,.T.);
#137=FACE_OUTER_BOUND('',#260,.T.);
#138=FACE_OUTER_BOUND('',#261,.T.);
#139=FACE_OUTER_BOUND('',#262,.T.);
#140=FACE_OUTER_BOUND('',#263,.T.);
#141=FACE_OUTER_BOUND('',#264,.T.);
#142=FACE_OUTER_BOUND('',#265,.T.);
#143=FACE_OUTER_BOUND('',#266,.T.);
#144=FACE_OUTER_BOUND('',#267,.T.);
#145=FACE_OUTER_BOUND('',#268,.T.);
#146=FACE_OUTER_BOUND('',#269,.T.);
#147=FACE_OUTER_BOUND('',#270,.T.);
#148=FACE_OUTER_BOUND('',#271,.T.);
#149=FACE_OUTER_BOUND('',#272,.T.);
#150=FACE_OUTER_BOUND('',#273,.T.);
#151=FACE_OUTER_BOUND('',#275,.T.);
#152=FACE_OUTER_BOUND('',#276,.T.);
#153=FACE_OUTER_BOUND('',#277,.T.);
#154=FACE_OUTER_BOUND('',#278,.T.);
#155=FACE_OUTER_BOUND('',#279,.T.);
#156=FACE_OUTER_BOUND('',#280,.T.);
#157=FACE_OUTER_BOUND('',#281,.T.);
#158=FACE_OUTER_BOUND('',#282,.T.);
#159=FACE_OUTER_BOUND('',#283,.T.);
#160=FACE_OUTER_BOUND('',#286,.T.);
#161=FACE_OUTER_BOUND('',#287,.T.);
#162=FACE_OUTER_BOUND('',#288,.T.);
#163=FACE_OUTER_BOUND('',#289,.T.);
#164=FACE_OUTER_BOUND('',#290,.T.);
#165=FACE_OUTER_BOUND('',#291,.T.);
#166=FACE_OUTER_BOUND('',#292,.T.);
#167=FACE_OUTER_BOUND('',#293,.T.);
#168=FACE_OUTER_BOUND('',#294,.T.);
#169=FACE_OUTER_BOUND('',#295,.T.);
#170=FACE_OUTER_BOUND('',#296,.T.);
#171=FACE_OUTER_BOUND('',#297,.T.);
#172=FACE_OUTER_BOUND('',#298,.T.);
#173=FACE_OUTER_BOUND('',#299,.T.);
#174=FACE_OUTER_BOUND('',#300,.T.);
#175=FACE_OUTER_BOUND('',#301,.T.);
#176=FACE_OUTER_BOUND('',#302,.T.);
#177=FACE_OUTER_BOUND('',#303,.T.);
#178=FACE_OUTER_BOUND('',#304,.T.);
#179=FACE_OUTER_BOUND('',#305,.T.);
#180=FACE_OUTER_BOUND('',#306,.T.);
#181=FACE_OUTER_BOUND('',#307,.T.);
#182=FACE_OUTER_BOUND('',#308,.T.);
#183=FACE_OUTER_BOUND('',#309,.T.);
#184=FACE_OUTER_BOUND('',#310,.T.);
#185=FACE_OUTER_BOUND('',#311,.T.);
#186=EDGE_LOOP('',(#1340,#1341,#1342,#1343));
#187=EDGE_LOOP('',(#1344,#1345,#1346,#1347));
#188=EDGE_LOOP('',(#1348,#1349,#1350,#1351));
#189=EDGE_LOOP('',(#1352,#1353,#1354,#1355));
#190=EDGE_LOOP('',(#1356,#1357,#1358,#1359));
#191=EDGE_LOOP('',(#1360,#1361,#1362,#1363));
#192=EDGE_LOOP('',(#1364,#1365,#1366,#1367));
#193=EDGE_LOOP('',(#1368,#1369,#1370,#1371));
#194=EDGE_LOOP('',(#1372,#1373,#1374,#1375));
#195=EDGE_LOOP('',(#1376,#1377,#1378,#1379));
#196=EDGE_LOOP('',(#1380,#1381,#1382,#1383));
#197=EDGE_LOOP('',(#1384,#1385,#1386,#1387));
#198=EDGE_LOOP('',(#1388,#1389,#1390,#1391));
#199=EDGE_LOOP('',(#1392,#1393,#1394,#1395));
#200=EDGE_LOOP('',(#1396,#1397,#1398,#1399));
#201=EDGE_LOOP('',(#1400,#1401,#1402,#1403));
#202=EDGE_LOOP('',(#1404,#1405,#1406,#1407));
#203=EDGE_LOOP('',(#1408,#1409,#1410,#1411));
#204=EDGE_LOOP('',(#1412,#1413,#1414,#1415));
#205=EDGE_LOOP('',(#1416,#1417,#1418,#1419));
#206=EDGE_LOOP('',(#1420,#1421,#1422,#1423));
#207=EDGE_LOOP('',(#1424,#1425,#1426,#1427));
#208=EDGE_LOOP('',(#1428,#1429,#1430,#1431));
#209=EDGE_LOOP('',(#1432,#1433,#1434,#1435));
#210=EDGE_LOOP('',(#1436,#1437,#1438,#1439));
#211=EDGE_LOOP('',(#1440,#1441,#1442,#1443));
#212=EDGE_LOOP('',(#1444,#1445,#1446,#1447));
#213=EDGE_LOOP('',(#1448,#1449,#1450,#1451));
#214=EDGE_LOOP('',(#1452,#1453,#1454,#1455));
#215=EDGE_LOOP('',(#1456,#1457,#1458,#1459));
#216=EDGE_LOOP('',(#1460,#1461,#1462,#1463));
#217=EDGE_LOOP('',(#1464,#1465,#1466,#1467));
#218=EDGE_LOOP('',(#1468,#1469,#1470,#1471));
#219=EDGE_LOOP('',(#1472,#1473,#1474,#1475));
#220=EDGE_LOOP('',(#1476,#1477,#1478,#1479));
#221=EDGE_LOOP('',(#1480,#1481,#1482,#1483));
#222=EDGE_LOOP('',(#1484,#1485,#1486,#1487));
#223=EDGE_LOOP('',(#1488,#1489,#1490,#1491));
#224=EDGE_LOOP('',(#1492,#1493,#1494,#1495));
#225=EDGE_LOOP('',(#1496,#1497,#1498,#1499));
#226=EDGE_LOOP('',(#1500,#1501,#1502,#1503));
#227=EDGE_LOOP('',(#1504,#1505,#1506,#1507));
#228=EDGE_LOOP('',(#1508,#1509,#1510,#1511));
#229=EDGE_LOOP('',(#1512,#1513,#1514,#1515));
#230=EDGE_LOOP('',(#1516,#1517,#1518,#1519));
#231=EDGE_LOOP('',(#1520,#1521,#1522,#1523));
#232=EDGE_LOOP('',(#1524,#1525,#1526,#1527));
#233=EDGE_LOOP('',(#1528,#1529,#1530,#1531));
#234=EDGE_LOOP('',(#1532,#1533,#1534,#1535));
#235=EDGE_LOOP('',(#1536,#1537,#1538,#1539,#1540,#1541,#1542,#1543,#1544,
#1545,#1546,#1547,#1548,#1549,#1550,#1551,#1552,#1553,#1554,#1555,#1556,
#1557,#1558,#1559,#1560,#1561,#1562,#1563));
#236=EDGE_LOOP('',(#1564,#1565,#1566,#1567,#1568,#1569,#1570,#1571,#1572,
#1573,#1574,#1575,#1576,#1577,#1578,#1579,#1580,#1581,#1582,#1583,#1584,
#1585,#1586,#1587,#1588,#1589,#1590,#1591));
#237=EDGE_LOOP('',(#1592,#1593,#1594,#1595));
#238=EDGE_LOOP('',(#1596,#1597,#1598,#1599));
#239=EDGE_LOOP('',(#1600,#1601,#1602,#1603));
#240=EDGE_LOOP('',(#1604,#1605,#1606,#1607,#1608,#1609,#1610,#1611,#1612,
#1613,#1614,#1615,#1616,#1617,#1618,#1619,#1620,#1621,#1622,#1623,#1624,
#1625,#1626,#1627,#1628,#1629,#1630,#1631));
#241=EDGE_LOOP('',(#1632,#1633,#1634,#1635,#1636,#1637,#1638,#1639,#1640,
#1641,#1642,#1643,#1644,#1645,#1646,#1647,#1648,#1649,#1650,#1651,#1652,
#1653,#1654,#1655,#1656,#1657,#1658,#1659));
#242=EDGE_LOOP('',(#1660,#1661,#1662,#1663));
#243=EDGE_LOOP('',(#1664,#1665,#1666,#1667));
#244=EDGE_LOOP('',(#1668,#1669,#1670,#1671));
#245=EDGE_LOOP('',(#1672,#1673,#1674,#1675));
#246=EDGE_LOOP('',(#1676,#1677,#1678,#1679));
#247=EDGE_LOOP('',(#1680,#1681,#1682,#1683));
#248=EDGE_LOOP('',(#1684,#1685,#1686,#1687,#1688,#1689));
#249=EDGE_LOOP('',(#1690,#1691,#1692,#1693));
#250=EDGE_LOOP('',(#1694,#1695,#1696,#1697));
#251=EDGE_LOOP('',(#1698,#1699,#1700,#1701));
#252=EDGE_LOOP('',(#1702,#1703,#1704,#1705));
#253=EDGE_LOOP('',(#1706,#1707,#1708,#1709,#1710,#1711));
#254=EDGE_LOOP('',(#1712,#1713,#1714,#1715,#1716,#1717,#1718,#1719));
#255=EDGE_LOOP('',(#1720,#1721,#1722,#1723,#1724,#1725,#1726,#1727));
#256=EDGE_LOOP('',(#1728,#1729,#1730,#1731,#1732,#1733,#1734,#1735,#1736,
#1737,#1738,#1739,#1740,#1741));
#257=EDGE_LOOP('',(#1742,#1743,#1744,#1745,#1746,#1747,#1748,#1749,#1750,
#1751,#1752,#1753,#1754,#1755));
#258=EDGE_LOOP('',(#1756,#1757,#1758,#1759,#1760,#1761,#1762,#1763));
#259=EDGE_LOOP('',(#1764,#1765,#1766,#1767));
#260=EDGE_LOOP('',(#1768,#1769,#1770,#1771));
#261=EDGE_LOOP('',(#1772,#1773,#1774,#1775));
#262=EDGE_LOOP('',(#1776,#1777,#1778,#1779));
#263=EDGE_LOOP('',(#1780,#1781,#1782,#1783));
#264=EDGE_LOOP('',(#1784,#1785,#1786,#1787,#1788,#1789,#1790,#1791));
#265=EDGE_LOOP('',(#1792,#1793,#1794,#1795));
#266=EDGE_LOOP('',(#1796,#1797,#1798,#1799));
#267=EDGE_LOOP('',(#1800,#1801,#1802,#1803));
#268=EDGE_LOOP('',(#1804,#1805,#1806,#1807));
#269=EDGE_LOOP('',(#1808,#1809,#1810,#1811,#1812,#1813,#1814,#1815));
#270=EDGE_LOOP('',(#1816,#1817,#1818,#1819));
#271=EDGE_LOOP('',(#1820,#1821,#1822,#1823));
#272=EDGE_LOOP('',(#1824,#1825,#1826,#1827));
#273=EDGE_LOOP('',(#1828,#1829,#1830,#1831,#1832,#1833,#1834,#1835));
#274=EDGE_LOOP('',(#1836,#1837,#1838,#1839,#1840,#1841,#1842,#1843));
#275=EDGE_LOOP('',(#1844,#1845,#1846,#1847));
#276=EDGE_LOOP('',(#1848,#1849,#1850,#1851));
#277=EDGE_LOOP('',(#1852,#1853,#1854,#1855));
#278=EDGE_LOOP('',(#1856,#1857,#1858,#1859));
#279=EDGE_LOOP('',(#1860,#1861,#1862,#1863));
#280=EDGE_LOOP('',(#1864,#1865,#1866,#1867));
#281=EDGE_LOOP('',(#1868,#1869,#1870,#1871));
#282=EDGE_LOOP('',(#1872,#1873,#1874,#1875));
#283=EDGE_LOOP('',(#1876,#1877,#1878,#1879,#1880,#1881,#1882,#1883));
#284=EDGE_LOOP('',(#1884,#1885,#1886,#1887));
#285=EDGE_LOOP('',(#1888,#1889,#1890,#1891));
#286=EDGE_LOOP('',(#1892,#1893,#1894,#1895));
#287=EDGE_LOOP('',(#1896,#1897,#1898,#1899));
#288=EDGE_LOOP('',(#1900,#1901,#1902,#1903));
#289=EDGE_LOOP('',(#1904,#1905,#1906,#1907));
#290=EDGE_LOOP('',(#1908,#1909,#1910,#1911));
#291=EDGE_LOOP('',(#1912,#1913,#1914,#1915));
#292=EDGE_LOOP('',(#1916,#1917,#1918,#1919));
#293=EDGE_LOOP('',(#1920,#1921,#1922,#1923));
#294=EDGE_LOOP('',(#1924,#1925,#1926,#1927));
#295=EDGE_LOOP('',(#1928,#1929,#1930,#1931));
#296=EDGE_LOOP('',(#1932,#1933,#1934,#1935));
#297=EDGE_LOOP('',(#1936,#1937,#1938,#1939));
#298=EDGE_LOOP('',(#1940,#1941,#1942,#1943,#1944,#1945,#1946,#1947));
#299=EDGE_LOOP('',(#1948,#1949,#1950,#1951));
#300=EDGE_LOOP('',(#1952,#1953,#1954,#1955));
#301=EDGE_LOOP('',(#1956,#1957,#1958,#1959));
#302=EDGE_LOOP('',(#1960,#1961,#1962,#1963));
#303=EDGE_LOOP('',(#1964,#1965,#1966,#1967));
#304=EDGE_LOOP('',(#1968,#1969,#1970,#1971));
#305=EDGE_LOOP('',(#1972,#1973,#1974,#1975));
#306=EDGE_LOOP('',(#1976,#1977,#1978,#1979));
#307=EDGE_LOOP('',(#1980,#1981,#1982,#1983));
#308=EDGE_LOOP('',(#1984,#1985,#1986,#1987));
#309=EDGE_LOOP('',(#1988,#1989,#1990,#1991,#1992,#1993,#1994,#1995));
#310=EDGE_LOOP('',(#1996,#1997,#1998,#1999));
#311=EDGE_LOOP('',(#2000,#2001,#2002,#2003));
#312=CIRCLE('',#2223,0.06725);
#313=CIRCLE('',#2235,0.06725);
#314=CIRCLE('',#2237,0.082);
#315=CIRCLE('',#2249,0.0820000000000001);
#316=CIRCLE('',#2251,0.06725);
#317=CIRCLE('',#2263,0.06725);
#318=CIRCLE('',#2265,0.0819999999999999);
#319=CIRCLE('',#2277,0.082);
#320=CIRCLE('',#2285,0.0499999999999996);
#321=CIRCLE('',#2286,0.0499999999999996);
#322=CIRCLE('',#2290,0.0500000000000003);
#323=CIRCLE('',#2291,0.0500000000000003);
#324=CIRCLE('',#2295,0.0499999999999996);
#325=CIRCLE('',#2296,0.0499999999999996);
#326=CIRCLE('',#2298,0.0500000000000001);
#327=CIRCLE('',#2299,0.0500000000000001);
#328=CIRCLE('',#2305,0.1125);
#329=CIRCLE('',#2306,0.112500000000001);
#330=CIRCLE('',#2307,0.050000000000001);
#331=CIRCLE('',#2308,0.0500000000000003);
#332=CIRCLE('',#2310,0.0499999999999996);
#333=CIRCLE('',#2311,0.0499999999999866);
#334=CIRCLE('',#2312,0.112500000003827);
#335=CIRCLE('',#2313,0.1125);
#336=CIRCLE('',#2315,0.0499999999999996);
#337=CIRCLE('',#2316,0.0500000000000003);
#338=CIRCLE('',#2317,0.050000000000001);
#339=CIRCLE('',#2318,0.0499999999999866);
#340=CIRCLE('',#2327,0.112500000000001);
#341=CIRCLE('',#2330,0.1125);
#342=CIRCLE('',#2333,0.1125);
#343=CIRCLE('',#2336,0.112500000003827);
#344=CIRCLE('',#2338,0.0499999999999996);
#345=CIRCLE('',#2339,0.050000000000001);
#346=CIRCLE('',#2340,0.050000000000001);
#347=CIRCLE('',#2341,0.050000000000001);
#348=CIRCLE('',#2344,0.050000000000001);
#349=CIRCLE('',#2347,0.050000000000001);
#350=CIRCLE('',#2350,0.0499999999999996);
#351=CIRCLE('',#2353,0.050000000000001);
#352=CIRCLE('',#2355,0.025);
#353=CIRCLE('',#2356,0.0249999999999996);
#354=CIRCLE('',#2357,0.025);
#355=CIRCLE('',#2358,0.0499999999999996);
#356=CIRCLE('',#2360,0.025);
#357=CIRCLE('',#2361,0.025);
#358=CIRCLE('',#2362,0.0499999999999996);
#359=CIRCLE('',#2363,0.0249999999999996);
#360=CIRCLE('',#2365,0.025);
#361=CIRCLE('',#2366,0.025);
#362=CIRCLE('',#2367,0.0500000000000001);
#363=CIRCLE('',#2368,0.0250000000000001);
#364=CIRCLE('',#2370,0.025);
#365=CIRCLE('',#2371,0.025);
#366=CIRCLE('',#2372,0.0500000000000003);
#367=CIRCLE('',#2373,0.0250000000000003);
#368=CIRCLE('',#2377,0.0500000000000003);
#369=CIRCLE('',#2380,0.0499999999999996);
#370=CIRCLE('',#2383,0.025);
#371=CIRCLE('',#2384,0.025);
#372=CIRCLE('',#2385,0.0250000000000005);
#373=CIRCLE('',#2386,0.0250000000000001);
#374=CIRCLE('',#2387,0.0500000000000001);
#375=CIRCLE('',#2389,0.0249999999999998);
#376=CIRCLE('',#2390,0.025);
#377=CIRCLE('',#2391,0.0250000000000003);
#378=CIRCLE('',#2393,0.025);
#379=CIRCLE('',#2394,0.0250000000000005);
#380=CIRCLE('',#2395,0.0249999999999996);
#381=CIRCLE('',#2397,0.0249999999999998);
#382=CIRCLE('',#2398,0.0249999999999996);
#383=CIRCLE('',#2399,0.0499999999999996);
#384=B_SPLINE_CURVE_WITH_KNOTS('',3,(#2927,#2928,#2929,#2930),
 .UNSPECIFIED.,.F.,.F.,(4,4),(76.4661887518161,77.1104502859921),
 .UNSPECIFIED.);
#385=B_SPLINE_CURVE_WITH_KNOTS('',3,(#2933,#2934,#2935,#2936,#2937,#2938,
#2939,#2940,#2941,#2942,#2943,#2944,#2945),.UNSPECIFIED.,.F.,.F.,(4,3,3,
3,4),(-75.3982236861551,-75.133259253018,-74.1446637365309,-73.1560682200438,
-72.9008925667413),.UNSPECIFIED.);
#386=B_SPLINE_CURVE_WITH_KNOTS('',3,(#2950,#2951,#2952,#2953,#2954,#2955,
#2956,#2957,#2958,#2959,#2960,#2961,#2962,#2963,#2964,#2965,#2966,#2967,
#2968,#2969,#2970,#2971,#2972,#2973,#2974),.UNSPECIFIED.,.F.,.F.,(4,3,3,
3,3,3,3,3,4),(70.1830034446365,70.1902816705826,71.1788771870697,72.1674727035568,
73.1560682200438,74.1446637365309,75.133259253018,76.1218547695051,76.4661887518161),
 .UNSPECIFIED.);
#387=B_SPLINE_CURVE_WITH_KNOTS('',3,(#2975,#2976,#2977,#2978,#2979,#2980,
#2981,#2982,#2983,#2984,#2985,#2986,#2987,#2988,#2989,#2990,#2991,#2992,
#2993,#2994,#2995,#2996),.UNSPECIFIED.,.F.,.F.,(4,3,3,3,3,3,3,4),(-72.9008925667413,
-72.1674727035567,-71.1788771870697,-70.1902816705826,-69.2016861540955,
-68.2130906376084,-67.2244951211213,-66.6177072595617),.UNSPECIFIED.);
#388=B_SPLINE_CURVE_WITH_KNOTS('',3,(#3001,#3002,#3003,#3004,#3005,#3006,
#3007,#3008,#3009,#3010,#3011,#3012,#3013,#3014,#3015,#3016,#3017,#3018,
#3019,#3020,#3021,#3022),.UNSPECIFIED.,.F.,.F.,(4,3,3,3,3,3,3,4),(63.8998181374569,
64.2587085716601,65.2473040881472,66.2358996046343,67.2244951211214,68.2130906376084,
69.2016861540955,70.1830034446365),.UNSPECIFIED.);
#389=B_SPLINE_CURVE_WITH_KNOTS('',3,(#3023,#3024,#3025,#3026,#3027,#3028,
#3029,#3030,#3031,#3032,#3033,#3034,#3035,#3036,#3037,#3038,#3039,#3040,
#3041,#3042,#3043,#3044),.UNSPECIFIED.,.F.,.F.,(4,3,3,3,3,3,3,4),(-66.6177072595617,
-66.2358996046343,-65.2473040881472,-64.2587085716601,-63.270113055173,
-62.281517538686,-61.2929220221989,-60.3345219523821),.UNSPECIFIED.);
#390=B_SPLINE_CURVE_WITH_KNOTS('',3,(#3049,#3050,#3051,#3052,#3053,#3054,
#3055,#3056,#3057,#3058,#3059,#3060,#3061,#3062,#3063,#3064,#3065,#3066,
#3067,#3068,#3069,#3070),.UNSPECIFIED.,.F.,.F.,(4,3,3,3,3,3,3,4),(57.6166328302774,
58.3271354727377,59.3157309892247,60.3043265057118,61.2929220221989,62.281517538686,
63.270113055173,63.8998181374569),.UNSPECIFIED.);
#391=B_SPLINE_CURVE_WITH_KNOTS('',3,(#3071,#3072,#3073,#3074,#3075,#3076,
#3077,#3078,#3079,#3080,#3081,#3082,#3083,#3084,#3085,#3086,#3087,#3088,
#3089,#3090,#3091,#3092,#3093,#3094,#3095),.UNSPECIFIED.,.F.,.F.,(4,3,3,
3,3,3,3,3,4),(-60.3345219523821,-60.3043265057118,-59.3157309892247,-58.3271354727377,
-57.3385399562506,-56.3499444397635,-55.3613489232764,-54.3727534067893,
-54.0513366452025),.UNSPECIFIED.);
#392=B_SPLINE_CURVE_WITH_KNOTS('',3,(#3100,#3101,#3102,#3103,#3104,#3105,
#3106,#3107,#3108,#3109,#3110,#3111,#3112,#3113,#3114,#3115,#3116,#3117,
#3118,#3119,#3120,#3121,#3122,#3123,#3124),.UNSPECIFIED.,.F.,.F.,(4,3,3,
3,3,3,3,3,4),(51.3334475230978,51.4069668573281,52.3955623738152,53.3841578903023,
54.3727534067893,55.3613489232764,56.3499444397635,57.3385399562506,57.6166328302774),
 .UNSPECIFIED.);
#393=B_SPLINE_CURVE_WITH_KNOTS('',3,(#3125,#3126,#3127,#3128,#3129,#3130,
#3131,#3132,#3133,#3134,#3135,#3136,#3137,#3138,#3139,#3140,#3141,#3142,
#3143,#3144,#3145,#3146),.UNSPECIFIED.,.F.,.F.,(4,3,3,3,3,3,3,4),(-54.0513366452025,
-53.3841578903023,-52.3955623738152,-51.4069668573281,-50.418371340841,
-49.4297758243539,-48.4411803078669,-47.7681513380229),.UNSPECIFIED.);
#394=B_SPLINE_CURVE_WITH_KNOTS('',3,(#3151,#3152,#3153,#3154,#3155,#3156,
#3157,#3158,#3159,#3160,#3161,#3162,#3163,#3164,#3165,#3166,#3167,#3168,
#3169,#3170,#3171,#3172),.UNSPECIFIED.,.F.,.F.,(4,3,3,3,3,3,3,4),(45.0502622159182,
45.4753937584056,46.4639892748927,47.4525847913798,48.4411803078669,49.4297758243539,
50.418371340841,51.3334475230978),.UNSPECIFIED.);
#395=B_SPLINE_CURVE_WITH_KNOTS('',3,(#3173,#3174,#3175,#3176,#3177,#3178,
#3179,#3180,#3181,#3182,#3183,#3184,#3185,#3186,#3187,#3188,#3189,#3190,
#3191,#3192,#3193,#3194,#3195,#3196,#3197),.UNSPECIFIED.,.F.,.F.,(4,3,3,
3,3,3,3,3,4),(-47.7681513380229,-47.4525847913798,-46.4639892748927,-45.4753937584056,
-44.4867982419185,-43.4982027254315,-42.5096072089444,-41.5210116924573,
-41.4849660308433),.UNSPECIFIED.);
#396=B_SPLINE_CURVE_WITH_KNOTS('',3,(#3202,#3203,#3204,#3205,#3206,#3207,
#3208,#3209,#3210,#3211,#3212,#3213,#3214,#3215,#3216,#3217,#3218,#3219,
#3220,#3221,#3222,#3223),.UNSPECIFIED.,.F.,.F.,(4,3,3,3,3,3,3,4),(38.7670769087386,
39.5438206594832,40.5324161759702,41.5210116924573,42.5096072089444,43.4982027254315,
44.4867982419185,45.0502622159182),.UNSPECIFIED.);
#397=B_SPLINE_CURVE_WITH_KNOTS('',3,(#3224,#3225,#3226,#3227,#3228,#3229,
#3230,#3231,#3232,#3233,#3234,#3235,#3236,#3237,#3238,#3239,#3240,#3241,
#3242,#3243,#3244,#3245),.UNSPECIFIED.,.F.,.F.,(4,3,3,3,3,3,3,4),(-41.4849660308433,
-40.5324161759702,-39.5438206594832,-38.5552251429961,-37.566629626509,
-36.5780341100219,-35.5894385935348,-35.2017807236637),.UNSPECIFIED.);
#398=B_SPLINE_CURVE_WITH_KNOTS('',3,(#3250,#3251,#3252,#3253,#3254,#3255,
#3256,#3257,#3258,#3259,#3260,#3261,#3262,#3263,#3264,#3265,#3266,#3267,
#3268,#3269,#3270,#3271,#3272,#3273,#3274),.UNSPECIFIED.,.F.,.F.,(4,3,3,
3,3,3,3,3,4),(32.483891601559,32.6236520440736,33.6122475605607,34.6008430770478,
35.5894385935348,36.5780341100219,37.566629626509,38.5552251429961,38.7670769087386),
 .UNSPECIFIED.);
#399=B_SPLINE_CURVE_WITH_KNOTS('',3,(#3275,#3276,#3277,#3278,#3279,#3280,
#3281,#3282,#3283,#3284,#3285,#3286,#3287,#3288,#3289,#3290,#3291,#3292,
#3293,#3294,#3295,#3296),.UNSPECIFIED.,.F.,.F.,(4,3,3,3,3,3,3,4),(-35.2017807236637,
-34.6008430770478,-33.6122475605607,-32.6236520440736,-31.6350565275865,
-30.6464610110994,-29.6578654946124,-28.9185954164841),.UNSPECIFIED.);
#400=B_SPLINE_CURVE_WITH_KNOTS('',3,(#3301,#3302,#3303,#3304,#3305,#3306,
#3307,#3308,#3309,#3310,#3311,#3312,#3313,#3314,#3315,#3316,#3317,#3318,
#3319,#3320,#3321,#3322),.UNSPECIFIED.,.F.,.F.,(4,3,3,3,3,3,3,4),(26.2007062943794,
26.6920789451511,27.6806744616382,28.6692699781253,29.6578654946124,30.6464610110995,
31.6350565275865,32.483891601559),.UNSPECIFIED.);
#401=B_SPLINE_CURVE_WITH_KNOTS('',3,(#3323,#3324,#3325,#3326,#3327,#3328,
#3329,#3330,#3331,#3332,#3333,#3334,#3335,#3336,#3337,#3338,#3339,#3340,
#3341,#3342,#3343,#3344,#3345,#3346,#3347),.UNSPECIFIED.,.F.,.F.,(4,3,3,
3,3,3,3,3,4),(-28.9185954164841,-28.6692699781253,-27.6806744616382,-26.6920789451511,
-25.7034834286641,-24.714887912177,-23.7262923956899,-22.7376968792028,
-22.6354101093045),.UNSPECIFIED.);
#402=B_SPLINE_CURVE_WITH_KNOTS('',3,(#3352,#3353,#3354,#3355,#3356,#3357,
#3358,#3359,#3360,#3361,#3362,#3363,#3364,#3365,#3366,#3367,#3368,#3369,
#3370,#3371,#3372,#3373),.UNSPECIFIED.,.F.,.F.,(4,3,3,3,3,3,3,4),(19.9175209871998,
20.7605058462287,21.7491013627157,22.7376968792028,23.7262923956899,24.714887912177,
25.703483428664,26.2007062943794),.UNSPECIFIED.);
#403=B_SPLINE_CURVE_WITH_KNOTS('',3,(#3374,#3375,#3376,#3377,#3378,#3379,
#3380,#3381,#3382,#3383,#3384,#3385,#3386,#3387,#3388,#3389,#3390,#3391,
#3392,#3393,#3394,#3395),.UNSPECIFIED.,.F.,.F.,(4,3,3,3,3,3,3,4),(-22.6354101093045,
-21.7491013627157,-20.7605058462287,-19.7719103297416,-18.7833148132545,
-17.7947192967674,-16.8061237802803,-16.3522248021249),.UNSPECIFIED.);
#404=B_SPLINE_CURVE_WITH_KNOTS('',3,(#3400,#3401,#3402,#3403,#3404,#3405,
#3406,#3407,#3408,#3409,#3410,#3411,#3412,#3413,#3414,#3415,#3416,#3417,
#3418,#3419,#3420,#3421,#3422,#3423,#3424),.UNSPECIFIED.,.F.,.F.,(4,3,3,
3,3,3,3,3,4),(13.6343356800202,13.8403372308191,14.8289327473062,15.8175282637933,
16.8061237802803,17.7947192967674,18.7833148132545,19.7719103297416,19.9175209871998),
 .UNSPECIFIED.);
#405=B_SPLINE_CURVE_WITH_KNOTS('',3,(#3425,#3426,#3427,#3428,#3429,#3430,
#3431,#3432,#3433,#3434,#3435,#3436,#3437,#3438,#3439,#3440,#3441,#3442,
#3443,#3444,#3445,#3446),.UNSPECIFIED.,.F.,.F.,(4,3,3,3,3,3,3,4),(-16.3522248021249,
-15.8175282637933,-14.8289327473062,-13.8403372308191,-12.851741714332,
-11.8631461978449,-10.8745506813579,-10.0690394949454),.UNSPECIFIED.);
#406=B_SPLINE_CURVE_WITH_KNOTS('',3,(#3452,#3453,#3454,#3455,#3456,#3457,
#3458,#3459,#3460,#3461,#3462,#3463,#3464),.UNSPECIFIED.,.F.,.F.,(4,3,3,
3,4),(-3.78585418776577,-2.96578654946123,-1.97719103297416,-0.988595516487075,
0.),.UNSPECIFIED.);
#407=B_SPLINE_CURVE_WITH_KNOTS('',3,(#3467,#3468,#3469,#3470,#3471,#3472,
#3473,#3474,#3475,#3476,#3477,#3478,#3479,#3480,#3481,#3482,#3483,#3484,
#3485,#3486,#3487,#3488),.UNSPECIFIED.,.F.,.F.,(4,3,3,3,3,3,3,4),(1.71222659983708,
1.97719103297416,2.96578654946124,3.95438206594832,4.9429775824354,5.93157309892248,
6.92016861540956,7.35115037284064),.UNSPECIFIED.);
#408=B_SPLINE_CURVE_WITH_KNOTS('',3,(#3494,#3495,#3496,#3497,#3498,#3499,
#3500,#3501),.UNSPECIFIED.,.F.,.F.,(4,1,1,1,1,4),(84.8230016469244,85.078177300227,
86.066772816714,87.0553683332011,88.0439638496882,89.0325593661753),
 .UNSPECIFIED.);
#409=B_SPLINE_CURVE_WITH_KNOTS('',3,(#3504,#3505,#3506,#3507,#3508,#3509,
#3510,#3511,#3512,#3513),.UNSPECIFIED.,.F.,.F.,(4,1,1,1,1,1,1,4),(84.8230016469244,
84.8302798728704,85.8188753893575,86.8074709058446,87.7960664223316,88.7846619388187,
89.7732574553058,90.0382218884428),.UNSPECIFIED.);
#410=B_SPLINE_CURVE_WITH_KNOTS('',3,(#3518,#3519,#3520,#3521,#3522,#3523,
#3524,#3525,#3526,#3527),.UNSPECIFIED.,.F.,.F.,(4,1,1,1,1,1,1,4),(78.5398163397448,
79.1466042013045,80.1351997177916,81.1237952342786,82.1123907507657,83.1009862672528,
84.0895817837399,84.8230016469244),.UNSPECIFIED.);
#411=B_SPLINE_CURVE_WITH_KNOTS('',3,(#3528,#3529,#3530,#3531,#3532,#3533,
#3534,#3535,#3536,#3537),.UNSPECIFIED.,.F.,.F.,(4,1,1,1,1,1,1,4),(78.5398163397448,
78.8987067739479,79.887302290435,80.8758978069221,81.8644933234092,82.8530888398962,
83.8416843563833,84.8230016469244),.UNSPECIFIED.);
#412=B_SPLINE_CURVE_WITH_KNOTS('',3,(#3542,#3543,#3544,#3545,#3546,#3547,
#3548,#3549,#3550,#3551),.UNSPECIFIED.,.F.,.F.,(4,1,1,1,1,1,1,4),(72.2566310325652,
73.215031102382,74.2036266188691,75.1922221353562,76.1808176518432,77.1694131683303,
78.1580086848174,78.5398163397448),.UNSPECIFIED.);
#413=B_SPLINE_CURVE_WITH_KNOTS('',3,(#3552,#3553,#3554,#3555,#3556,#3557,
#3558,#3559,#3560,#3561),.UNSPECIFIED.,.F.,.F.,(4,1,1,1,1,1,1,4),(72.2566310325652,
72.9671336750255,73.9557291915125,74.9443247079996,75.9329202244867,76.9215157409738,
77.9101112574609,78.5398163397448),.UNSPECIFIED.);
#414=B_SPLINE_CURVE_WITH_KNOTS('',3,(#3566,#3567,#3568,#3569,#3570,#3571,
#3572,#3573,#3574,#3575,#3576),.UNSPECIFIED.,.F.,.F.,(4,1,1,1,1,1,1,1,4),
(65.9734457253856,66.2948624869725,67.2834580034595,68.2720535199466,69.2606490364337,
70.2492445529208,71.2378400694079,72.2264355858949,72.2566310325652),
 .UNSPECIFIED.);
#415=B_SPLINE_CURVE_WITH_KNOTS('',3,(#3577,#3578,#3579,#3580,#3581,#3582,
#3583,#3584,#3585,#3586,#3587),.UNSPECIFIED.,.F.,.F.,(4,1,1,1,1,1,1,1,4),
(65.9734457253856,66.0469650596159,67.035560576103,68.0241560925901,69.0127516090771,
70.0013471255642,70.9899426420513,71.9785381585384,72.2566310325652),
 .UNSPECIFIED.);
#416=B_SPLINE_CURVE_WITH_KNOTS('',3,(#3592,#3593,#3594,#3595,#3596,#3597,
#3598,#3599,#3600,#3601),.UNSPECIFIED.,.F.,.F.,(4,1,1,1,1,1,1,4),(59.690260418206,
60.36328938805,61.3518849045371,62.3404804210241,63.3290759375112,64.3176714539983,
65.3062669704854,65.9734457253856),.UNSPECIFIED.);
#417=B_SPLINE_CURVE_WITH_KNOTS('',3,(#3602,#3603,#3604,#3605,#3606,#3607,
#3608,#3609,#3610,#3611),.UNSPECIFIED.,.F.,.F.,(4,1,1,1,1,1,1,4),(59.6902604182061,
60.1153919606934,61.1039874771805,62.0925829936676,63.0811785101547,64.0697740266418,
65.0583695431288,65.9734457253856),.UNSPECIFIED.);
#418=B_SPLINE_CURVE_WITH_KNOTS('',3,(#3616,#3617,#3618,#3619,#3620,#3621,
#3622,#3623,#3624,#3625,#3626),.UNSPECIFIED.,.F.,.F.,(4,1,1,1,1,1,1,1,4),
(53.4070751110264,53.4431207726404,54.4317162891275,55.4203118056146,56.4089073221017,
57.3975028385887,58.3860983550758,59.3746938715629,59.690260418206),
 .UNSPECIFIED.);
#419=B_SPLINE_CURVE_WITH_KNOTS('',3,(#3627,#3628,#3629,#3630,#3631,#3632,
#3633,#3634,#3635,#3636),.UNSPECIFIED.,.F.,.F.,(4,1,1,1,1,1,1,4),(53.4070751110265,
54.183818861771,55.172414378258,56.1610098947451,57.1496054112322,58.1382009277193,
59.1267964442063,59.6902604182061),.UNSPECIFIED.);
#420=B_SPLINE_CURVE_WITH_KNOTS('',3,(#3641,#3642,#3643,#3644,#3645,#3646,
#3647,#3648,#3649,#3650),.UNSPECIFIED.,.F.,.F.,(4,1,1,1,1,1,1,4),(47.1238898038468,
47.511547673718,48.500143190205,49.4887387066921,50.4773342231792,51.4659297396663,
52.4545252561533,53.4070751110264),.UNSPECIFIED.);
#421=B_SPLINE_CURVE_WITH_KNOTS('',3,(#3651,#3652,#3653,#3654,#3655,#3656,
#3657,#3658,#3659,#3660,#3661),.UNSPECIFIED.,.F.,.F.,(4,1,1,1,1,1,1,1,4),
(47.1238898038469,47.2636502463614,48.2522457628485,49.2408412793356,50.2294367958227,
51.2180323123097,52.2066278287968,53.1952233452839,53.4070751110265),
 .UNSPECIFIED.);
#422=B_SPLINE_CURVE_WITH_KNOTS('',3,(#3666,#3667,#3668,#3669,#3670,#3671,
#3672,#3673,#3674,#3675),.UNSPECIFIED.,.F.,.F.,(4,1,1,1,1,1,1,4),(40.8407044966672,
41.5799745747955,42.5685700912826,43.5571656077696,44.5457611242567,45.5343566407438,
46.5229521572309,47.1238898038468),.UNSPECIFIED.);
#423=B_SPLINE_CURVE_WITH_KNOTS('',3,(#3676,#3677,#3678,#3679,#3680,#3681,
#3682,#3683,#3684,#3685),.UNSPECIFIED.,.F.,.F.,(4,1,1,1,1,1,1,4),(40.8407044966673,
41.3320771474389,42.320672663926,43.3092681804131,44.2978636969002,45.2864592133873,
46.2750547298743,47.1238898038469),.UNSPECIFIED.);
#424=B_SPLINE_CURVE_WITH_KNOTS('',3,(#3690,#3691,#3692,#3693,#3694,#3695,
#3696,#3697,#3698,#3699,#3700),.UNSPECIFIED.,.F.,.F.,(4,1,1,1,1,1,1,1,4),
(34.5575191894876,34.6598059593859,35.648401475873,36.6369969923601,37.6255925088472,
38.6141880253343,39.6027835418213,40.5913790583084,40.8407044966672),
 .UNSPECIFIED.);
#425=B_SPLINE_CURVE_WITH_KNOTS('',3,(#3701,#3702,#3703,#3704,#3705,#3706,
#3707,#3708,#3709,#3710),.UNSPECIFIED.,.F.,.F.,(4,1,1,1,1,1,1,4),(34.5575191894877,
35.4005040485165,36.3890995650035,37.3776950814906,38.3662905979777,39.3548861144648,
40.3434816309519,40.8407044966673),.UNSPECIFIED.);
#426=B_SPLINE_CURVE_WITH_KNOTS('',3,(#3715,#3716,#3717,#3718,#3719,#3720,
#3721,#3722,#3723,#3724),.UNSPECIFIED.,.F.,.F.,(4,1,1,1,1,1,1,4),(28.2743338823081,
28.7282328604635,29.7168283769505,30.7054238934376,31.6940194099247,32.6826149264118,
33.6712104428989,34.5575191894876),.UNSPECIFIED.);
#427=B_SPLINE_CURVE_WITH_KNOTS('',3,(#3725,#3726,#3727,#3728,#3729,#3730,
#3731,#3732,#3733,#3734,#3735),.UNSPECIFIED.,.F.,.F.,(4,1,1,1,1,1,1,1,4),
(28.2743338823081,28.4803354331069,29.468930949594,30.4575264660811,31.4461219825681,
32.4347174990552,33.4233130155423,34.4119085320294,34.5575191894877),
 .UNSPECIFIED.);
#428=B_SPLINE_CURVE_WITH_KNOTS('',3,(#3740,#3741,#3742,#3743,#3744,#3745,
#3746,#3747,#3748,#3749),.UNSPECIFIED.,.F.,.F.,(4,1,1,1,1,1,1,4),(21.9911485751285,
22.796659761541,23.7852552780281,24.7738507945151,25.7624463110022,26.7510418274893,
27.7396373439764,28.2743338823081),.UNSPECIFIED.);
#429=B_SPLINE_CURVE_WITH_KNOTS('',3,(#3750,#3751,#3752,#3753,#3754,#3755,
#3756,#3757,#3758,#3759),.UNSPECIFIED.,.F.,.F.,(4,1,1,1,1,1,1,4),(21.9911485751285,
22.5487623341844,23.5373578506715,24.5259533671586,25.5145488836457,26.5031444001328,
27.4917399166198,28.2743338823081),.UNSPECIFIED.);
#430=B_SPLINE_CURVE_WITH_KNOTS('',3,(#3765,#3766,#3767,#3768,#3769),
 .UNSPECIFIED.,.F.,.F.,(4,1,4),(14.6399982022878,15.6285937187749,15.7079632679489),
 .UNSPECIFIED.);
#431=B_SPLINE_CURVE_WITH_KNOTS('',3,(#3772,#3773,#3774,#3775,#3776,#3777),
 .UNSPECIFIED.,.F.,.F.,(4,1,1,4),(13.6343356800202,13.8993001131573,14.8878956296444,
15.7079632679489),.UNSPECIFIED.);
#432=B_SPLINE_CURVE_WITH_KNOTS('',3,(#3783,#3784,#3785,#3786),
 .UNSPECIFIED.,.F.,.F.,(4,4),(76.4661887518161,77.1104502859922),
 .UNSPECIFIED.);
#433=B_SPLINE_CURVE_WITH_KNOTS('',3,(#3789,#3790,#3791,#3792,#3793,#3794,
#3795,#3796,#3797,#3798,#3799,#3800,#3801),.UNSPECIFIED.,.F.,.F.,(4,3,3,
3,4),(-75.398223686155,-75.133259253018,-74.1446637365309,-73.1560682200439,
-72.9008925667413),.UNSPECIFIED.);
#434=B_SPLINE_CURVE_WITH_KNOTS('',3,(#3806,#3807,#3808,#3809,#3810,#3811,
#3812,#3813,#3814,#3815,#3816,#3817,#3818,#3819,#3820,#3821,#3822,#3823,
#3824,#3825,#3826,#3827,#3828,#3829,#3830),.UNSPECIFIED.,.F.,.F.,(4,3,3,
3,3,3,3,3,4),(70.1830034446366,70.1902816705826,71.1788771870697,72.1674727035568,
73.1560682200438,74.1446637365309,75.133259253018,76.1218547695051,76.4661887518161),
 .UNSPECIFIED.);
#435=B_SPLINE_CURVE_WITH_KNOTS('',3,(#3831,#3832,#3833,#3834,#3835,#3836,
#3837,#3838,#3839,#3840,#3841,#3842,#3843,#3844,#3845,#3846,#3847,#3848,
#3849,#3850,#3851,#3852),.UNSPECIFIED.,.F.,.F.,(4,3,3,3,3,3,3,4),(-72.9008925667413,
-72.1674727035568,-71.1788771870697,-70.1902816705826,-69.2016861540955,
-68.2130906376085,-67.2244951211214,-66.6177072595617),.UNSPECIFIED.);
#436=B_SPLINE_CURVE_WITH_KNOTS('',3,(#3857,#3858,#3859,#3860,#3861,#3862,
#3863,#3864,#3865,#3866,#3867,#3868,#3869,#3870,#3871,#3872,#3873,#3874,
#3875,#3876,#3877,#3878),.UNSPECIFIED.,.F.,.F.,(4,3,3,3,3,3,3,4),(63.899818137457,
64.2587085716601,65.2473040881472,66.2358996046343,67.2244951211214,68.2130906376084,
69.2016861540955,70.1830034446366),.UNSPECIFIED.);
#437=B_SPLINE_CURVE_WITH_KNOTS('',3,(#3879,#3880,#3881,#3882,#3883,#3884,
#3885,#3886,#3887,#3888,#3889,#3890,#3891,#3892,#3893,#3894,#3895,#3896,
#3897,#3898,#3899,#3900),.UNSPECIFIED.,.F.,.F.,(4,3,3,3,3,3,3,4),(-66.6177072595617,
-66.2358996046343,-65.2473040881472,-64.2587085716602,-63.2701130551731,
-62.281517538686,-61.2929220221989,-60.3345219523821),.UNSPECIFIED.);
#438=B_SPLINE_CURVE_WITH_KNOTS('',3,(#3905,#3906,#3907,#3908,#3909,#3910,
#3911,#3912,#3913,#3914,#3915,#3916,#3917,#3918,#3919,#3920,#3921,#3922,
#3923,#3924,#3925,#3926),.UNSPECIFIED.,.F.,.F.,(4,3,3,3,3,3,3,4),(57.6166328302774,
58.3271354727377,59.3157309892247,60.3043265057118,61.2929220221989,62.281517538686,
63.2701130551731,63.899818137457),.UNSPECIFIED.);
#439=B_SPLINE_CURVE_WITH_KNOTS('',3,(#3927,#3928,#3929,#3930,#3931,#3932,
#3933,#3934,#3935,#3936,#3937,#3938,#3939,#3940,#3941,#3942,#3943,#3944,
#3945,#3946,#3947,#3948,#3949,#3950,#3951),.UNSPECIFIED.,.F.,.F.,(4,3,3,
3,3,3,3,3,4),(-60.3345219523821,-60.3043265057118,-59.3157309892247,-58.3271354727377,
-57.3385399562506,-56.3499444397635,-55.3613489232764,-54.3727534067894,
-54.0513366452025),.UNSPECIFIED.);
#440=B_SPLINE_CURVE_WITH_KNOTS('',3,(#3956,#3957,#3958,#3959,#3960,#3961,
#3962,#3963,#3964,#3965,#3966,#3967,#3968,#3969,#3970,#3971,#3972,#3973,
#3974,#3975,#3976,#3977,#3978,#3979,#3980),.UNSPECIFIED.,.F.,.F.,(4,3,3,
3,3,3,3,3,4),(51.3334475230978,51.4069668573281,52.3955623738152,53.3841578903023,
54.3727534067893,55.3613489232764,56.3499444397635,57.3385399562506,57.6166328302774),
 .UNSPECIFIED.);
#441=B_SPLINE_CURVE_WITH_KNOTS('',3,(#3981,#3982,#3983,#3984,#3985,#3986,
#3987,#3988,#3989,#3990,#3991,#3992,#3993,#3994,#3995,#3996,#3997,#3998,
#3999,#4000,#4001,#4002),.UNSPECIFIED.,.F.,.F.,(4,3,3,3,3,3,3,4),(-54.0513366452025,
-53.3841578903023,-52.3955623738152,-51.4069668573281,-50.418371340841,
-49.429775824354,-48.4411803078669,-47.7681513380229),.UNSPECIFIED.);
#442=B_SPLINE_CURVE_WITH_KNOTS('',3,(#4007,#4008,#4009,#4010,#4011,#4012,
#4013,#4014,#4015,#4016,#4017,#4018,#4019,#4020,#4021,#4022,#4023,#4024,
#4025,#4026,#4027,#4028),.UNSPECIFIED.,.F.,.F.,(4,3,3,3,3,3,3,4),(45.0502622159182,
45.4753937584056,46.4639892748927,47.4525847913798,48.4411803078669,49.4297758243539,
50.418371340841,51.3334475230978),.UNSPECIFIED.);
#443=B_SPLINE_CURVE_WITH_KNOTS('',3,(#4029,#4030,#4031,#4032,#4033,#4034,
#4035,#4036,#4037,#4038,#4039,#4040,#4041,#4042,#4043,#4044,#4045,#4046,
#4047,#4048,#4049,#4050,#4051,#4052,#4053),.UNSPECIFIED.,.F.,.F.,(4,3,3,
3,3,3,3,3,4),(-47.7681513380229,-47.4525847913798,-46.4639892748927,-45.4753937584056,
-44.4867982419186,-43.4982027254315,-42.5096072089444,-41.5210116924573,
-41.4849660308433),.UNSPECIFIED.);
#444=B_SPLINE_CURVE_WITH_KNOTS('',3,(#4058,#4059,#4060,#4061,#4062,#4063,
#4064,#4065,#4066,#4067,#4068,#4069,#4070,#4071,#4072,#4073,#4074,#4075,
#4076,#4077,#4078,#4079),.UNSPECIFIED.,.F.,.F.,(4,3,3,3,3,3,3,4),(38.7670769087386,
39.5438206594831,40.5324161759702,41.5210116924573,42.5096072089444,43.4982027254315,
44.4867982419185,45.0502622159182),.UNSPECIFIED.);
#445=B_SPLINE_CURVE_WITH_KNOTS('',3,(#4080,#4081,#4082,#4083,#4084,#4085,
#4086,#4087,#4088,#4089,#4090,#4091,#4092,#4093,#4094,#4095,#4096,#4097,
#4098,#4099,#4100,#4101),.UNSPECIFIED.,.F.,.F.,(4,3,3,3,3,3,3,4),(-41.4849660308433,
-40.5324161759702,-39.5438206594832,-38.5552251429961,-37.566629626509,
-36.5780341100219,-35.5894385935349,-35.2017807236637),.UNSPECIFIED.);
#446=B_SPLINE_CURVE_WITH_KNOTS('',3,(#4106,#4107,#4108,#4109,#4110,#4111,
#4112,#4113,#4114,#4115,#4116,#4117,#4118,#4119,#4120,#4121,#4122,#4123,
#4124,#4125,#4126,#4127,#4128,#4129,#4130),.UNSPECIFIED.,.F.,.F.,(4,3,3,
3,3,3,3,3,4),(32.483891601559,32.6236520440736,33.6122475605607,34.6008430770478,
35.5894385935348,36.5780341100219,37.566629626509,38.5552251429961,38.7670769087386),
 .UNSPECIFIED.);
#447=B_SPLINE_CURVE_WITH_KNOTS('',3,(#4131,#4132,#4133,#4134,#4135,#4136,
#4137,#4138,#4139,#4140,#4141,#4142,#4143,#4144,#4145,#4146,#4147,#4148,
#4149,#4150,#4151,#4152),.UNSPECIFIED.,.F.,.F.,(4,3,3,3,3,3,3,4),(-35.2017807236637,
-34.6008430770478,-33.6122475605607,-32.6236520440736,-31.6350565275865,
-30.6464610110995,-29.6578654946124,-28.9185954164841),.UNSPECIFIED.);
#448=B_SPLINE_CURVE_WITH_KNOTS('',3,(#4157,#4158,#4159,#4160,#4161,#4162,
#4163,#4164,#4165,#4166,#4167,#4168,#4169,#4170,#4171,#4172,#4173,#4174,
#4175,#4176,#4177,#4178),.UNSPECIFIED.,.F.,.F.,(4,3,3,3,3,3,3,4),(26.2007062943794,
26.6920789451511,27.6806744616382,28.6692699781253,29.6578654946124,30.6464610110994,
31.6350565275865,32.483891601559),.UNSPECIFIED.);
#449=B_SPLINE_CURVE_WITH_KNOTS('',3,(#4179,#4180,#4181,#4182,#4183,#4184,
#4185,#4186,#4187,#4188,#4189,#4190,#4191,#4192,#4193,#4194,#4195,#4196,
#4197,#4198,#4199,#4200,#4201,#4202,#4203),.UNSPECIFIED.,.F.,.F.,(4,3,3,
3,3,3,3,3,4),(-28.9185954164841,-28.6692699781253,-27.6806744616382,-26.6920789451511,
-25.7034834286641,-24.714887912177,-23.7262923956899,-22.7376968792028,
-22.6354101093046),.UNSPECIFIED.);
#450=B_SPLINE_CURVE_WITH_KNOTS('',3,(#4208,#4209,#4210,#4211,#4212,#4213,
#4214,#4215,#4216,#4217,#4218,#4219,#4220,#4221,#4222,#4223,#4224,#4225,
#4226,#4227,#4228,#4229),.UNSPECIFIED.,.F.,.F.,(4,3,3,3,3,3,3,4),(19.9175209871998,
20.7605058462287,21.7491013627157,22.7376968792028,23.7262923956899,24.714887912177,
25.7034834286641,26.2007062943794),.UNSPECIFIED.);
#451=B_SPLINE_CURVE_WITH_KNOTS('',3,(#4230,#4231,#4232,#4233,#4234,#4235,
#4236,#4237,#4238,#4239,#4240,#4241,#4242,#4243,#4244,#4245,#4246,#4247,
#4248,#4249,#4250,#4251),.UNSPECIFIED.,.F.,.F.,(4,3,3,3,3,3,3,4),(-22.6354101093046,
-21.7491013627157,-20.7605058462287,-19.7719103297416,-18.7833148132545,
-17.7947192967674,-16.8061237802803,-16.352224802125),.UNSPECIFIED.);
#452=B_SPLINE_CURVE_WITH_KNOTS('',3,(#4256,#4257,#4258,#4259,#4260,#4261,
#4262,#4263,#4264,#4265,#4266,#4267,#4268,#4269,#4270,#4271,#4272,#4273,
#4274,#4275,#4276,#4277,#4278,#4279,#4280),.UNSPECIFIED.,.F.,.F.,(4,3,3,
3,3,3,3,3,4),(13.6343356800202,13.8403372308191,14.8289327473062,15.8175282637933,
16.8061237802803,17.7947192967674,18.7833148132545,19.7719103297416,19.9175209871998),
 .UNSPECIFIED.);
#453=B_SPLINE_CURVE_WITH_KNOTS('',3,(#4281,#4282,#4283,#4284,#4285,#4286,
#4287,#4288,#4289,#4290,#4291,#4292,#4293,#4294,#4295,#4296,#4297,#4298,
#4299,#4300,#4301,#4302),.UNSPECIFIED.,.F.,.F.,(4,3,3,3,3,3,3,4),(-16.352224802125,
-15.8175282637933,-14.8289327473062,-13.8403372308191,-12.851741714332,
-11.8631461978449,-10.8745506813579,-10.0690394949454),.UNSPECIFIED.);
#454=B_SPLINE_CURVE_WITH_KNOTS('',3,(#4308,#4309,#4310,#4311,#4312,#4313,
#4314,#4315,#4316,#4317,#4318,#4319,#4320),.UNSPECIFIED.,.F.,.F.,(4,3,3,
3,4),(-3.78585418776581,-2.96578654946124,-1.97719103297416,-0.988595516487081,
0.),.UNSPECIFIED.);
#455=B_SPLINE_CURVE_WITH_KNOTS('',3,(#4323,#4324,#4325,#4326,#4327,#4328,
#4329,#4330,#4331,#4332,#4333,#4334,#4335,#4336,#4337,#4338,#4339,#4340,
#4341,#4342,#4343,#4344),.UNSPECIFIED.,.F.,.F.,(4,3,3,3,3,3,3,4),(1.71222659983707,
1.97719103297416,2.96578654946124,3.95438206594832,4.9429775824354,5.93157309892247,
6.92016861540955,7.35115037284066),.UNSPECIFIED.);
#456=B_SPLINE_CURVE_WITH_KNOTS('',3,(#4350,#4351,#4352,#4353,#4354,#4355,
#4356,#4357),.UNSPECIFIED.,.F.,.F.,(4,1,1,1,1,4),(84.8230016469244,85.078177300227,
86.066772816714,87.0553683332011,88.0439638496882,89.0325593661753),
 .UNSPECIFIED.);
#457=B_SPLINE_CURVE_WITH_KNOTS('',3,(#4360,#4361,#4362,#4363,#4364,#4365,
#4366,#4367,#4368,#4369),.UNSPECIFIED.,.F.,.F.,(4,1,1,1,1,1,1,4),(84.8230016469244,
84.8302798728704,85.8188753893575,86.8074709058445,87.7960664223316,88.7846619388187,
89.7732574553058,90.0382218884428),.UNSPECIFIED.);
#458=B_SPLINE_CURVE_WITH_KNOTS('',3,(#4374,#4375,#4376,#4377,#4378,#4379,
#4380,#4381,#4382,#4383),.UNSPECIFIED.,.F.,.F.,(4,1,1,1,1,1,1,4),(78.5398163397448,
79.1466042013045,80.1351997177916,81.1237952342786,82.1123907507657,83.1009862672528,
84.0895817837399,84.8230016469244),.UNSPECIFIED.);
#459=B_SPLINE_CURVE_WITH_KNOTS('',3,(#4384,#4385,#4386,#4387,#4388,#4389,
#4390,#4391,#4392,#4393),.UNSPECIFIED.,.F.,.F.,(4,1,1,1,1,1,1,4),(78.5398163397448,
78.8987067739479,79.887302290435,80.8758978069221,81.8644933234091,82.8530888398962,
83.8416843563833,84.8230016469244),.UNSPECIFIED.);
#460=B_SPLINE_CURVE_WITH_KNOTS('',3,(#4398,#4399,#4400,#4401,#4402,#4403,
#4404,#4405,#4406,#4407),.UNSPECIFIED.,.F.,.F.,(4,1,1,1,1,1,1,4),(72.2566310325652,
73.215031102382,74.2036266188691,75.1922221353562,76.1808176518432,77.1694131683303,
78.1580086848174,78.5398163397448),.UNSPECIFIED.);
#461=B_SPLINE_CURVE_WITH_KNOTS('',3,(#4408,#4409,#4410,#4411,#4412,#4413,
#4414,#4415,#4416,#4417),.UNSPECIFIED.,.F.,.F.,(4,1,1,1,1,1,1,4),(72.2566310325652,
72.9671336750254,73.9557291915125,74.9443247079996,75.9329202244867,76.9215157409737,
77.9101112574608,78.5398163397448),.UNSPECIFIED.);
#462=B_SPLINE_CURVE_WITH_KNOTS('',3,(#4422,#4423,#4424,#4425,#4426,#4427,
#4428,#4429,#4430,#4431,#4432),.UNSPECIFIED.,.F.,.F.,(4,1,1,1,1,1,1,1,4),
(65.9734457253856,66.2948624869724,67.2834580034595,68.2720535199466,69.2606490364337,
70.2492445529208,71.2378400694078,72.2264355858949,72.2566310325652),
 .UNSPECIFIED.);
#463=B_SPLINE_CURVE_WITH_KNOTS('',3,(#4433,#4434,#4435,#4436,#4437,#4438,
#4439,#4440,#4441,#4442,#4443),.UNSPECIFIED.,.F.,.F.,(4,1,1,1,1,1,1,1,4),
(65.9734457253856,66.0469650596159,67.035560576103,68.02415609259,69.0127516090771,
70.0013471255642,70.9899426420513,71.9785381585384,72.2566310325652),
 .UNSPECIFIED.);
#464=B_SPLINE_CURVE_WITH_KNOTS('',3,(#4448,#4449,#4450,#4451,#4452,#4453,
#4454,#4455,#4456,#4457),.UNSPECIFIED.,.F.,.F.,(4,1,1,1,1,1,1,4),(59.690260418206,
60.36328938805,61.3518849045371,62.3404804210241,63.3290759375112,64.3176714539983,
65.3062669704854,65.9734457253856),.UNSPECIFIED.);
#465=B_SPLINE_CURVE_WITH_KNOTS('',3,(#4458,#4459,#4460,#4461,#4462,#4463,
#4464,#4465,#4466,#4467),.UNSPECIFIED.,.F.,.F.,(4,1,1,1,1,1,1,4),(59.690260418206,
60.1153919606934,61.1039874771805,62.0925829936676,63.0811785101546,64.0697740266417,
65.0583695431288,65.9734457253856),.UNSPECIFIED.);
#466=B_SPLINE_CURVE_WITH_KNOTS('',3,(#4472,#4473,#4474,#4475,#4476,#4477,
#4478,#4479,#4480,#4481,#4482),.UNSPECIFIED.,.F.,.F.,(4,1,1,1,1,1,1,1,4),
(53.4070751110264,53.4431207726404,54.4317162891275,55.4203118056146,56.4089073221017,
57.3975028385887,58.3860983550758,59.3746938715629,59.690260418206),
 .UNSPECIFIED.);
#467=B_SPLINE_CURVE_WITH_KNOTS('',3,(#4483,#4484,#4485,#4486,#4487,#4488,
#4489,#4490,#4491,#4492),.UNSPECIFIED.,.F.,.F.,(4,1,1,1,1,1,1,4),(53.4070751110264,
54.1838188617709,55.172414378258,56.1610098947451,57.1496054112322,58.1382009277192,
59.1267964442063,59.690260418206),.UNSPECIFIED.);
#468=B_SPLINE_CURVE_WITH_KNOTS('',3,(#4497,#4498,#4499,#4500,#4501,#4502,
#4503,#4504,#4505,#4506),.UNSPECIFIED.,.F.,.F.,(4,1,1,1,1,1,1,4),(47.1238898038468,
47.5115476737179,48.500143190205,49.4887387066921,50.4773342231792,51.4659297396663,
52.4545252561533,53.4070751110264),.UNSPECIFIED.);
#469=B_SPLINE_CURVE_WITH_KNOTS('',3,(#4507,#4508,#4509,#4510,#4511,#4512,
#4513,#4514,#4515,#4516,#4517),.UNSPECIFIED.,.F.,.F.,(4,1,1,1,1,1,1,1,4),
(47.1238898038468,47.2636502463614,48.2522457628485,49.2408412793355,50.2294367958226,
51.2180323123097,52.2066278287968,53.1952233452838,53.4070751110264),
 .UNSPECIFIED.);
#470=B_SPLINE_CURVE_WITH_KNOTS('',3,(#4522,#4523,#4524,#4525,#4526,#4527,
#4528,#4529,#4530,#4531),.UNSPECIFIED.,.F.,.F.,(4,1,1,1,1,1,1,4),(40.8407044966673,
41.5799745747955,42.5685700912825,43.5571656077696,44.5457611242567,45.5343566407438,
46.5229521572309,47.1238898038468),.UNSPECIFIED.);
#471=B_SPLINE_CURVE_WITH_KNOTS('',3,(#4532,#4533,#4534,#4535,#4536,#4537,
#4538,#4539,#4540,#4541),.UNSPECIFIED.,.F.,.F.,(4,1,1,1,1,1,1,4),(40.8407044966673,
41.3320771474389,42.320672663926,43.3092681804131,44.2978636969001,45.2864592133872,
46.2750547298743,47.1238898038468),.UNSPECIFIED.);
#472=B_SPLINE_CURVE_WITH_KNOTS('',3,(#4546,#4547,#4548,#4549,#4550,#4551,
#4552,#4553,#4554,#4555,#4556),.UNSPECIFIED.,.F.,.F.,(4,1,1,1,1,1,1,1,4),
(34.5575191894877,34.6598059593859,35.648401475873,36.6369969923601,37.6255925088472,
38.6141880253342,39.6027835418213,40.5913790583084,40.8407044966673),
 .UNSPECIFIED.);
#473=B_SPLINE_CURVE_WITH_KNOTS('',3,(#4557,#4558,#4559,#4560,#4561,#4562,
#4563,#4564,#4565,#4566),.UNSPECIFIED.,.F.,.F.,(4,1,1,1,1,1,1,4),(34.5575191894877,
35.4005040485164,36.3890995650035,37.3776950814906,38.3662905979777,39.3548861144647,
40.3434816309518,40.8407044966673),.UNSPECIFIED.);
#474=B_SPLINE_CURVE_WITH_KNOTS('',3,(#4571,#4572,#4573,#4574,#4575,#4576,
#4577,#4578,#4579,#4580),.UNSPECIFIED.,.F.,.F.,(4,1,1,1,1,1,1,4),(28.2743338823081,
28.7282328604634,29.7168283769505,30.7054238934376,31.6940194099247,32.6826149264118,
33.6712104428988,34.5575191894877),.UNSPECIFIED.);
#475=B_SPLINE_CURVE_WITH_KNOTS('',3,(#4581,#4582,#4583,#4584,#4585,#4586,
#4587,#4588,#4589,#4590,#4591),.UNSPECIFIED.,.F.,.F.,(4,1,1,1,1,1,1,1,4),
(28.2743338823081,28.4803354331069,29.468930949594,30.457526466081,31.4461219825681,
32.4347174990552,33.4233130155423,34.4119085320294,34.5575191894877),
 .UNSPECIFIED.);
#476=B_SPLINE_CURVE_WITH_KNOTS('',3,(#4596,#4597,#4598,#4599,#4600,#4601,
#4602,#4603,#4604,#4605),.UNSPECIFIED.,.F.,.F.,(4,1,1,1,1,1,1,4),(21.9911485751285,
22.796659761541,23.785255278028,24.7738507945151,25.7624463110022,26.7510418274893,
27.7396373439764,28.2743338823081),.UNSPECIFIED.);
#477=B_SPLINE_CURVE_WITH_KNOTS('',3,(#4606,#4607,#4608,#4609,#4610,#4611,
#4612,#4613,#4614,#4615),.UNSPECIFIED.,.F.,.F.,(4,1,1,1,1,1,1,4),(21.9911485751285,
22.5487623341844,23.5373578506715,24.5259533671586,25.5145488836456,26.5031444001327,
27.4917399166198,28.2743338823081),.UNSPECIFIED.);
#478=B_SPLINE_CURVE_WITH_KNOTS('',3,(#4621,#4622,#4623,#4624,#4625),
 .UNSPECIFIED.,.F.,.F.,(4,1,4),(14.6399982022878,15.6285937187749,15.7079632679489),
 .UNSPECIFIED.);
#479=B_SPLINE_CURVE_WITH_KNOTS('',3,(#4628,#4629,#4630,#4631,#4632,#4633),
 .UNSPECIFIED.,.F.,.F.,(4,1,1,4),(13.6343356800202,13.8993001131573,14.8878956296443,
15.7079632679489),.UNSPECIFIED.);
#480=B_SPLINE_CURVE_WITH_KNOTS('',3,(#4635,#4636,#4637,#4638,#4639,#4640,
#4641,#4642,#4643,#4644,#4645),.UNSPECIFIED.,.F.,.F.,(4,1,1,1,1,1,1,1,4),
(15.7079632679489,15.8764911461314,16.8650866626185,17.8536821791056,18.8422776955927,
19.8308732120797,20.8194687285668,21.8080642450539,21.9911485751285),
 .UNSPECIFIED.);
#481=B_SPLINE_CURVE_WITH_KNOTS('',3,(#4646,#4647,#4648,#4649,#4650,#4651,
#4652,#4653,#4654,#4655),.UNSPECIFIED.,.F.,.F.,(4,1,1,1,1,1,1,4),(15.7079632679489,
16.6171892352619,17.605784751749,18.5943802682361,19.5829757847232,20.5715713012103,
21.5601668176973,21.9911485751285),.UNSPECIFIED.);
#482=B_SPLINE_CURVE_WITH_KNOTS('',3,(#4980,#4981,#4982,#4983,#4984,#4985,
#4986,#4987,#4988,#4989,#4990,#4991,#4992,#4993,#4994,#4995,#4996,#4997,
#4998,#4999,#5000,#5001,#5002,#5003,#5004,#5005,#5006,#5007,#5008,#5009,
#5010,#5011,#5012,#5013,#5014,#5015,#5016,#5017,#5018,#5019),
 .UNSPECIFIED.,.F.,.F.,(4,3,3,3,3,3,3,3,3,3,3,3,3,4),(-0.326867331054354,
-0.293524823850998,-0.271028336632381,-0.248684350909791,-0.215274023879694,
-0.194783057671595,-0.160766253203217,-0.141319079266954,-0.130605552746838,
-0.0979541645601288,-0.0690768414643558,-0.0509763760943467,-0.00663421654721874,
0.),.UNSPECIFIED.);
#483=B_SPLINE_CURVE_WITH_KNOTS('',3,(#5020,#5021,#5022,#5023,#5024,#5025,
#5026,#5027,#5028,#5029,#5030,#5031,#5032,#5033,#5034,#5035,#5036,#5037,
#5038,#5039,#5040,#5041,#5042,#5043,#5044,#5045,#5046,#5047,#5048,#5049,
#5050,#5051,#5052,#5053,#5054,#5055,#5056),.UNSPECIFIED.,.F.,.F.,(4,3,3,
3,3,3,3,3,3,3,3,3,4),(0.,0.0433425281113757,0.0638349439356971,0.0790830072155579,
0.117650417251747,0.13801484415707,0.155438473451383,0.181198998277946,
0.211569723815994,0.231946898482744,0.264605825140364,0.283605611299761,
0.326867331054419),.UNSPECIFIED.);
#484=B_SPLINE_CURVE_WITH_KNOTS('',3,(#5057,#5058,#5059,#5060,#5061,#5062,
#5063,#5064,#5065,#5066,#5067,#5068,#5069,#5070,#5071,#5072,#5073,#5074,
#5075,#5076,#5077,#5078,#5079,#5080,#5081),.UNSPECIFIED.,.F.,.F.,(4,3,3,
3,3,3,3,3,4),(-10.0690394949454,-9.8859551648708,-8.89735964838372,-7.90876413189664,
-6.92016861540956,-5.93157309892248,-4.9429775824354,-3.95438206594833,
-3.78585418776581),.UNSPECIFIED.);
#485=B_SPLINE_CURVE_WITH_KNOTS('',3,(#5406,#5407,#5408,#5409,#5410,#5411,
#5412,#5413,#5414,#5415,#5416,#5417,#5418,#5419,#5420,#5421,#5422,#5423,
#5424,#5425,#5426,#5427,#5428,#5429,#5430,#5431,#5432,#5433,#5434,#5435,
#5436,#5437,#5438,#5439,#5440,#5441,#5442),.UNSPECIFIED.,.F.,.F.,(4,3,3,
3,3,3,3,3,3,3,3,3,4),(-0.328226035497087,-0.292675011917315,-0.265034075603362,
-0.231424683434317,-0.213303385571523,-0.177142098917918,-0.156436429231307,
-0.146459610824347,-0.109337534031249,-0.0854194703695501,-0.0670057300449134,
-0.0160010936075072,0.),.UNSPECIFIED.);
#486=B_SPLINE_CURVE_WITH_KNOTS('',3,(#5443,#5444,#5445,#5446,#5447,#5448,
#5449,#5450,#5451,#5452,#5453,#5454,#5455,#5456,#5457,#5458,#5459,#5460,
#5461,#5462,#5463,#5464),.UNSPECIFIED.,.F.,.F.,(4,3,3,3,3,3,3,4),(7.35115037284066,
7.90876413189663,8.89735964838371,9.88595516487079,10.8745506813579,11.8631461978449,
12.851741714332,13.6343356800202),.UNSPECIFIED.);
#487=B_SPLINE_CURVE_WITH_KNOTS('',3,(#5465,#5466,#5467,#5468,#5469,#5470,
#5471,#5472,#5473,#5474,#5475,#5476,#5477,#5478,#5479,#5480,#5481,#5482,
#5483,#5484,#5485,#5486,#5487,#5488,#5489,#5490,#5491,#5492,#5493,#5494,
#5495,#5496,#5497,#5498),.UNSPECIFIED.,.F.,.F.,(4,3,3,3,3,3,3,3,3,3,3,4),
(0.,0.0493179457870958,0.0758913753512447,0.0922453103032082,0.140986441668374,
0.158709486190414,0.197271783148383,0.224969916797446,0.242404427371919,
0.276009380809866,0.295528057142443,0.328226035497062),.UNSPECIFIED.);
#488=B_SPLINE_CURVE_WITH_KNOTS('',3,(#5502,#5503,#5504,#5505,#5506,#5507,
#5508,#5509,#5510,#5511,#5512),.UNSPECIFIED.,.F.,.F.,(4,1,1,1,1,1,1,1,4),
(15.7079632679489,15.8764911461314,16.8650866626185,17.8536821791056,18.8422776955927,
19.8308732120798,20.8194687285668,21.8080642450539,21.9911485751285),
 .UNSPECIFIED.);
#489=B_SPLINE_CURVE_WITH_KNOTS('',3,(#5513,#5514,#5515,#5516,#5517,#5518,
#5519,#5520,#5521,#5522),.UNSPECIFIED.,.F.,.F.,(4,1,1,1,1,1,1,4),(15.7079632679489,
16.617189235262,17.605784751749,18.5943802682361,19.5829757847232,20.5715713012103,
21.5601668176974,21.9911485751285),.UNSPECIFIED.);
#490=B_SPLINE_CURVE_WITH_KNOTS('',3,(#5847,#5848,#5849,#5850,#5851,#5852,
#5853,#5854,#5855,#5856,#5857,#5858,#5859,#5860,#5861,#5862,#5863,#5864,
#5865,#5866,#5867,#5868,#5869,#5870,#5871,#5872,#5873,#5874,#5875,#5876,
#5877,#5878,#5879,#5880,#5881,#5882,#5883,#5884,#5885,#5886),
 .UNSPECIFIED.,.F.,.F.,(4,3,3,3,3,3,3,3,3,3,3,3,3,4),(-0.326867331054347,
-0.293524820504169,-0.271028637119405,-0.248684471107923,-0.215274833106326,
-0.194783314539182,-0.160766586592493,-0.14131976013686,-0.13060555274683,
-0.0979541645601228,-0.0690768298521692,-0.0509762229922796,-0.00663376656392162,
0.),.UNSPECIFIED.);
#491=B_SPLINE_CURVE_WITH_KNOTS('',3,(#5887,#5888,#5889,#5890,#5891,#5892,
#5893,#5894,#5895,#5896,#5897,#5898,#5899,#5900,#5901,#5902,#5903,#5904,
#5905,#5906,#5907,#5908,#5909,#5910,#5911,#5912,#5913,#5914,#5915,#5916,
#5917,#5918,#5919,#5920,#5921,#5922,#5923),.UNSPECIFIED.,.F.,.F.,(4,3,3,
3,3,3,3,3,3,3,3,3,4),(0.,0.0433415234970227,0.0638320970741915,0.0790798319093217,
0.117643814964118,0.137891816935096,0.155423686163244,0.181198998277916,
0.211570880243741,0.231947113540342,0.264607193713149,0.283607637982621,
0.326867331054353),.UNSPECIFIED.);
#492=B_SPLINE_CURVE_WITH_KNOTS('',3,(#5924,#5925,#5926,#5927,#5928,#5929,
#5930,#5931,#5932,#5933,#5934,#5935,#5936,#5937,#5938,#5939,#5940,#5941,
#5942,#5943,#5944,#5945,#5946,#5947,#5948),.UNSPECIFIED.,.F.,.F.,(4,3,3,
3,3,3,3,3,4),(-10.0690394949454,-9.88595516487079,-8.89735964838371,-7.90876413189662,
-6.92016861540955,-5.93157309892247,-4.94297758243539,-3.95438206594831,
-3.78585418776577),.UNSPECIFIED.);
#493=B_SPLINE_CURVE_WITH_KNOTS('',3,(#6273,#6274,#6275,#6276,#6277,#6278,
#6279,#6280,#6281,#6282,#6283,#6284,#6285,#6286,#6287,#6288,#6289,#6290,
#6291,#6292,#6293,#6294,#6295,#6296,#6297,#6298,#6299,#6300,#6301,#6302,
#6303,#6304,#6305,#6306,#6307,#6308,#6309),.UNSPECIFIED.,.F.,.F.,(4,3,3,
3,3,3,3,3,3,3,3,3,4),(-0.328226035497184,-0.292676371597611,-0.265034157250008,
-0.231424837382903,-0.213303817374556,-0.177142446233431,-0.156437154004036,
-0.14645961082439,-0.109337557633717,-0.0854190560022953,-0.0670054156167338,
-0.0160006596201385,0.),.UNSPECIFIED.);
#494=B_SPLINE_CURVE_WITH_KNOTS('',3,(#6310,#6311,#6312,#6313,#6314,#6315,
#6316,#6317,#6318,#6319,#6320,#6321,#6322,#6323,#6324,#6325,#6326,#6327,
#6328,#6329,#6330,#6331),.UNSPECIFIED.,.F.,.F.,(4,3,3,3,3,3,3,4),(7.35115037284064,
7.90876413189663,8.89735964838372,9.8859551648708,10.8745506813579,11.863146197845,
12.851741714332,13.6343356800202),.UNSPECIFIED.);
#495=B_SPLINE_CURVE_WITH_KNOTS('',3,(#6332,#6333,#6334,#6335,#6336,#6337,
#6338,#6339,#6340,#6341,#6342,#6343,#6344,#6345,#6346,#6347,#6348,#6349,
#6350,#6351,#6352,#6353,#6354,#6355,#6356,#6357,#6358,#6359,#6360,#6361,
#6362,#6363,#6364,#6365),.UNSPECIFIED.,.F.,.F.,(4,3,3,3,3,3,3,3,3,3,3,4),
(0.,0.0493179457871086,0.0758569479687687,0.0921856690406264,0.140930385694335,
0.15858448403046,0.197271783148434,0.224968881742609,0.242402445452868,
0.276003858196675,0.295516196947319,0.328226035497166),.UNSPECIFIED.);
#496=LINE('',#2925,#644);
#497=LINE('',#2949,#645);
#498=LINE('',#3000,#646);
#499=LINE('',#3048,#647);
#500=LINE('',#3099,#648);
#501=LINE('',#3150,#649);
#502=LINE('',#3201,#650);
#503=LINE('',#3249,#651);
#504=LINE('',#3300,#652);
#505=LINE('',#3351,#653);
#506=LINE('',#3399,#654);
#507=LINE('',#3450,#655);
#508=LINE('',#3492,#656);
#509=LINE('',#3517,#657);
#510=LINE('',#3541,#658);
#511=LINE('',#3565,#659);
#512=LINE('',#3591,#660);
#513=LINE('',#3615,#661);
#514=LINE('',#3640,#662);
#515=LINE('',#3665,#663);
#516=LINE('',#3689,#664);
#517=LINE('',#3714,#665);
#518=LINE('',#3739,#666);
#519=LINE('',#3763,#667);
#520=LINE('',#3781,#668);
#521=LINE('',#3805,#669);
#522=LINE('',#3856,#670);
#523=LINE('',#3904,#671);
#524=LINE('',#3955,#672);
#525=LINE('',#4006,#673);
#526=LINE('',#4057,#674);
#527=LINE('',#4105,#675);
#528=LINE('',#4156,#676);
#529=LINE('',#4207,#677);
#530=LINE('',#4255,#678);
#531=LINE('',#4306,#679);
#532=LINE('',#4348,#680);
#533=LINE('',#4373,#681);
#534=LINE('',#4397,#682);
#535=LINE('',#4421,#683);
#536=LINE('',#4447,#684);
#537=LINE('',#4471,#685);
#538=LINE('',#4496,#686);
#539=LINE('',#4521,#687);
#540=LINE('',#4545,#688);
#541=LINE('',#4570,#689);
#542=LINE('',#4595,#690);
#543=LINE('',#4619,#691);
#544=LINE('',#6373,#692);
#545=LINE('',#6376,#693);
#546=LINE('',#6379,#694);
#547=LINE('',#6381,#695);
#548=LINE('',#6382,#696);
#549=LINE('',#6386,#697);
#550=LINE('',#6388,#698);
#551=LINE('',#6390,#699);
#552=LINE('',#6391,#700);
#553=LINE('',#6396,#701);
#554=LINE('',#6399,#702);
#555=LINE('',#6400,#703);
#556=LINE('',#6404,#704);
#557=LINE('',#6406,#705);
#558=LINE('',#6408,#706);
#559=LINE('',#6409,#707);
#560=LINE('',#6414,#708);
#561=LINE('',#6421,#709);
#562=LINE('',#6424,#710);
#563=LINE('',#6427,#711);
#564=LINE('',#6429,#712);
#565=LINE('',#6430,#713);
#566=LINE('',#6432,#714);
#567=LINE('',#6433,#715);
#568=LINE('',#6436,#716);
#569=LINE('',#6438,#717);
#570=LINE('',#6440,#718);
#571=LINE('',#6442,#719);
#572=LINE('',#6443,#720);
#573=LINE('',#6446,#721);
#574=LINE('',#6448,#722);
#575=LINE('',#6450,#723);
#576=LINE('',#6452,#724);
#577=LINE('',#6453,#725);
#578=LINE('',#6456,#726);
#579=LINE('',#6460,#727);
#580=LINE('',#6463,#728);
#581=LINE('',#6467,#729);
#582=LINE('',#6473,#730);
#583=LINE('',#6476,#731);
#584=LINE('',#6480,#732);
#585=LINE('',#6483,#733);
#586=LINE('',#6487,#734);
#587=LINE('',#6492,#735);
#588=LINE('',#6496,#736);
#589=LINE('',#6499,#737);
#590=LINE('',#6501,#738);
#591=LINE('',#6503,#739);
#592=LINE('',#6505,#740);
#593=LINE('',#6507,#741);
#594=LINE('',#6509,#742);
#595=LINE('',#6514,#743);
#596=LINE('',#6517,#744);
#597=LINE('',#6518,#745);
#598=LINE('',#6522,#746);
#599=LINE('',#6525,#747);
#600=LINE('',#6526,#748);
#601=LINE('',#6530,#749);
#602=LINE('',#6533,#750);
#603=LINE('',#6534,#751);
#604=LINE('',#6542,#752);
#605=LINE('',#6546,#753);
#606=LINE('',#6550,#754);
#607=LINE('',#6553,#755);
#608=LINE('',#6557,#756);
#609=LINE('',#6558,#757);
#610=LINE('',#6559,#758);
#611=LINE('',#6563,#759);
#612=LINE('',#6566,#760);
#613=LINE('',#6567,#761);
#614=LINE('',#6571,#762);
#615=LINE('',#6574,#763);
#616=LINE('',#6575,#764);
#617=LINE('',#6579,#765);
#618=LINE('',#6582,#766);
#619=LINE('',#6583,#767);
#620=LINE('',#6608,#768);
#621=LINE('',#6609,#769);
#622=LINE('',#6628,#770);
#623=LINE('',#6629,#771);
#624=LINE('',#6648,#772);
#625=LINE('',#6649,#773);
#626=LINE('',#6665,#774);
#627=LINE('',#6666,#775);
#628=LINE('',#6669,#776);
#629=LINE('',#6671,#777);
#630=LINE('',#6672,#778);
#631=LINE('',#6675,#779);
#632=LINE('',#6679,#780);
#633=LINE('',#6680,#781);
#634=LINE('',#6683,#782);
#635=LINE('',#6691,#783);
#636=LINE('',#6694,#784);
#637=LINE('',#6711,#785);
#638=LINE('',#6727,#786);
#639=LINE('',#6744,#787);
#640=LINE('',#6745,#788);
#641=LINE('',#6758,#789);
#642=LINE('',#6760,#790);
#643=LINE('',#6763,#791);
#644=VECTOR('',#2409,0.0675);
#645=VECTOR('',#2414,0.0675);
#646=VECTOR('',#2417,0.0675);
#647=VECTOR('',#2420,0.0675);
#648=VECTOR('',#2423,0.0675);
#649=VECTOR('',#2426,0.0675);
#650=VECTOR('',#2429,0.0675);
#651=VECTOR('',#2432,0.0675);
#652=VECTOR('',#2435,0.0675);
#653=VECTOR('',#2438,0.0675);
#654=VECTOR('',#2441,0.0675);
#655=VECTOR('',#2444,0.0675);
#656=VECTOR('',#2449,0.0820000000000001);
#657=VECTOR('',#2454,0.0820000000000001);
#658=VECTOR('',#2457,0.0820000000000001);
#659=VECTOR('',#2460,0.0820000000000001);
#660=VECTOR('',#2463,0.0820000000000001);
#661=VECTOR('',#2466,0.0820000000000001);
#662=VECTOR('',#2469,0.0820000000000001);
#663=VECTOR('',#2472,0.0820000000000001);
#664=VECTOR('',#2475,0.0820000000000001);
#665=VECTOR('',#2478,0.0820000000000001);
#666=VECTOR('',#2481,0.0820000000000001);
#667=VECTOR('',#2484,0.0820000000000001);
#668=VECTOR('',#2489,0.0675);
#669=VECTOR('',#2494,0.0675);
#670=VECTOR('',#2497,0.0675);
#671=VECTOR('',#2500,0.0675);
#672=VECTOR('',#2503,0.0675);
#673=VECTOR('',#2506,0.0675);
#674=VECTOR('',#2509,0.0675);
#675=VECTOR('',#2512,0.0675);
#676=VECTOR('',#2515,0.0675);
#677=VECTOR('',#2518,0.0675);
#678=VECTOR('',#2521,0.0675);
#679=VECTOR('',#2524,0.0675);
#680=VECTOR('',#2529,0.082);
#681=VECTOR('',#2534,0.082);
#682=VECTOR('',#2537,0.082);
#683=VECTOR('',#2540,0.082);
#684=VECTOR('',#2543,0.082);
#685=VECTOR('',#2546,0.082);
#686=VECTOR('',#2549,0.082);
#687=VECTOR('',#2552,0.082);
#688=VECTOR('',#2555,0.082);
#689=VECTOR('',#2558,0.082);
#690=VECTOR('',#2561,0.082);
#691=VECTOR('',#2564,0.082);
#692=VECTOR('',#2583,0.393700787401575);
#693=VECTOR('',#2586,0.393700787401575);
#694=VECTOR('',#2589,0.393700787401575);
#695=VECTOR('',#2590,0.393700787401575);
#696=VECTOR('',#2591,0.393700787401575);
#697=VECTOR('',#2594,0.393700787401575);
#698=VECTOR('',#2595,0.393700787401575);
#699=VECTOR('',#2596,0.393700787401575);
#700=VECTOR('',#2597,0.393700787401575);
#701=VECTOR('',#2602,0.393700787401575);
#702=VECTOR('',#2607,0.393700787401575);
#703=VECTOR('',#2608,0.393700787401575);
#704=VECTOR('',#2611,0.393700787401575);
#705=VECTOR('',#2612,0.393700787401575);
#706=VECTOR('',#2613,0.393700787401575);
#707=VECTOR('',#2614,0.393700787401575);
#708=VECTOR('',#2619,0.393700787401575);
#709=VECTOR('',#2626,0.393700787401575);
#710=VECTOR('',#2629,0.393700787401575);
#711=VECTOR('',#2632,0.393700787401575);
#712=VECTOR('',#2633,0.393700787401575);
#713=VECTOR('',#2634,0.393700787401575);
#714=VECTOR('',#2637,0.393700787401575);
#715=VECTOR('',#2638,0.393700787401575);
#716=VECTOR('',#2641,0.393700787401575);
#717=VECTOR('',#2642,0.393700787401575);
#718=VECTOR('',#2643,0.393700787401575);
#719=VECTOR('',#2644,0.393700787401575);
#720=VECTOR('',#2645,0.393700787401575);
#721=VECTOR('',#2648,0.393700787401575);
#722=VECTOR('',#2649,0.393700787401575);
#723=VECTOR('',#2650,0.393700787401575);
#724=VECTOR('',#2651,0.393700787401575);
#725=VECTOR('',#2652,0.393700787401575);
#726=VECTOR('',#2655,0.393700787401575);
#727=VECTOR('',#2658,0.393700787401575);
#728=VECTOR('',#2661,0.393700787401575);
#729=VECTOR('',#2664,0.393700787401575);
#730=VECTOR('',#2671,0.393700787401575);
#731=VECTOR('',#2674,0.393700787401575);
#732=VECTOR('',#2677,0.393700787401575);
#733=VECTOR('',#2680,0.393700787401575);
#734=VECTOR('',#2683,0.393700787401575);
#735=VECTOR('',#2688,0.393700787401575);
#736=VECTOR('',#2691,0.393700787401575);
#737=VECTOR('',#2696,0.393700787401575);
#738=VECTOR('',#2699,0.393700787401575);
#739=VECTOR('',#2702,0.393700787401575);
#740=VECTOR('',#2705,0.393700787401575);
#741=VECTOR('',#2708,0.393700787401575);
#742=VECTOR('',#2711,0.393700787401575);
#743=VECTOR('',#2718,0.393700787401575);
#744=VECTOR('',#2721,0.393700787401575);
#745=VECTOR('',#2722,0.393700787401575);
#746=VECTOR('',#2727,0.393700787401575);
#747=VECTOR('',#2730,0.393700787401575);
#748=VECTOR('',#2731,0.393700787401575);
#749=VECTOR('',#2736,0.393700787401575);
#750=VECTOR('',#2739,0.393700787401575);
#751=VECTOR('',#2740,0.393700787401575);
#752=VECTOR('',#2749,0.393700787401575);
#753=VECTOR('',#2752,0.393700787401575);
#754=VECTOR('',#2755,0.393700787401575);
#755=VECTOR('',#2758,0.393700787401575);
#756=VECTOR('',#2761,0.393700787401575);
#757=VECTOR('',#2762,0.393700787401575);
#758=VECTOR('',#2763,0.393700787401575);
#759=VECTOR('',#2768,0.393700787401575);
#760=VECTOR('',#2771,0.393700787401575);
#761=VECTOR('',#2772,0.393700787401575);
#762=VECTOR('',#2777,0.393700787401575);
#763=VECTOR('',#2780,0.393700787401575);
#764=VECTOR('',#2781,0.393700787401575);
#765=VECTOR('',#2786,0.393700787401575);
#766=VECTOR('',#2789,0.393700787401575);
#767=VECTOR('',#2790,0.393700787401575);
#768=VECTOR('',#2809,0.393700787401575);
#769=VECTOR('',#2810,0.393700787401575);
#770=VECTOR('',#2821,0.393700787401575);
#771=VECTOR('',#2822,0.393700787401575);
#772=VECTOR('',#2833,0.393700787401575);
#773=VECTOR('',#2834,0.393700787401575);
#774=VECTOR('',#2843,0.393700787401575);
#775=VECTOR('',#2844,0.393700787401575);
#776=VECTOR('',#2847,0.393700787401575);
#777=VECTOR('',#2848,0.393700787401575);
#778=VECTOR('',#2849,0.393700787401575);
#779=VECTOR('',#2852,0.393700787401575);
#780=VECTOR('',#2857,0.393700787401575);
#781=VECTOR('',#2858,0.393700787401575);
#782=VECTOR('',#2861,0.393700787401575);
#783=VECTOR('',#2870,0.393700787401575);
#784=VECTOR('',#2873,0.393700787401575);
#785=VECTOR('',#2884,0.393700787401575);
#786=VECTOR('',#2893,0.393700787401575);
#787=VECTOR('',#2902,0.393700787401575);
#788=VECTOR('',#2903,0.393700787401575);
#789=VECTOR('',#2910,0.393700787401575);
#790=VECTOR('',#2913,0.393700787401575);
#791=VECTOR('',#2918,0.393700787401575);
#792=VERTEX_POINT('',#2923);
#793=VERTEX_POINT('',#2924);
#794=VERTEX_POINT('',#2926);
#795=VERTEX_POINT('',#2931);
#796=VERTEX_POINT('',#2947);
#797=VERTEX_POINT('',#2948);
#798=VERTEX_POINT('',#2998);
#799=VERTEX_POINT('',#2999);
#800=VERTEX_POINT('',#3046);
#801=VERTEX_POINT('',#3047);
#802=VERTEX_POINT('',#3097);
#803=VERTEX_POINT('',#3098);
#804=VERTEX_POINT('',#3148);
#805=VERTEX_POINT('',#3149);
#806=VERTEX_POINT('',#3199);
#807=VERTEX_POINT('',#3200);
#808=VERTEX_POINT('',#3247);
#809=VERTEX_POINT('',#3248);
#810=VERTEX_POINT('',#3298);
#811=VERTEX_POINT('',#3299);
#812=VERTEX_POINT('',#3349);
#813=VERTEX_POINT('',#3350);
#814=VERTEX_POINT('',#3397);
#815=VERTEX_POINT('',#3398);
#816=VERTEX_POINT('',#3448);
#817=VERTEX_POINT('',#3449);
#818=VERTEX_POINT('',#3451);
#819=VERTEX_POINT('',#3465);
#820=VERTEX_POINT('',#3490);
#821=VERTEX_POINT('',#3491);
#822=VERTEX_POINT('',#3493);
#823=VERTEX_POINT('',#3502);
#824=VERTEX_POINT('',#3515);
#825=VERTEX_POINT('',#3516);
#826=VERTEX_POINT('',#3539);
#827=VERTEX_POINT('',#3540);
#828=VERTEX_POINT('',#3563);
#829=VERTEX_POINT('',#3564);
#830=VERTEX_POINT('',#3589);
#831=VERTEX_POINT('',#3590);
#832=VERTEX_POINT('',#3613);
#833=VERTEX_POINT('',#3614);
#834=VERTEX_POINT('',#3638);
#835=VERTEX_POINT('',#3639);
#836=VERTEX_POINT('',#3663);
#837=VERTEX_POINT('',#3664);
#838=VERTEX_POINT('',#3687);
#839=VERTEX_POINT('',#3688);
#840=VERTEX_POINT('',#3712);
#841=VERTEX_POINT('',#3713);
#842=VERTEX_POINT('',#3737);
#843=VERTEX_POINT('',#3738);
#844=VERTEX_POINT('',#3761);
#845=VERTEX_POINT('',#3762);
#846=VERTEX_POINT('',#3764);
#847=VERTEX_POINT('',#3770);
#848=VERTEX_POINT('',#3779);
#849=VERTEX_POINT('',#3780);
#850=VERTEX_POINT('',#3782);
#851=VERTEX_POINT('',#3787);
#852=VERTEX_POINT('',#3803);
#853=VERTEX_POINT('',#3804);
#854=VERTEX_POINT('',#3854);
#855=VERTEX_POINT('',#3855);
#856=VERTEX_POINT('',#3902);
#857=VERTEX_POINT('',#3903);
#858=VERTEX_POINT('',#3953);
#859=VERTEX_POINT('',#3954);
#860=VERTEX_POINT('',#4004);
#861=VERTEX_POINT('',#4005);
#862=VERTEX_POINT('',#4055);
#863=VERTEX_POINT('',#4056);
#864=VERTEX_POINT('',#4103);
#865=VERTEX_POINT('',#4104);
#866=VERTEX_POINT('',#4154);
#867=VERTEX_POINT('',#4155);
#868=VERTEX_POINT('',#4205);
#869=VERTEX_POINT('',#4206);
#870=VERTEX_POINT('',#4253);
#871=VERTEX_POINT('',#4254);
#872=VERTEX_POINT('',#4304);
#873=VERTEX_POINT('',#4305);
#874=VERTEX_POINT('',#4307);
#875=VERTEX_POINT('',#4321);
#876=VERTEX_POINT('',#4346);
#877=VERTEX_POINT('',#4347);
#878=VERTEX_POINT('',#4349);
#879=VERTEX_POINT('',#4358);
#880=VERTEX_POINT('',#4371);
#881=VERTEX_POINT('',#4372);
#882=VERTEX_POINT('',#4395);
#883=VERTEX_POINT('',#4396);
#884=VERTEX_POINT('',#4419);
#885=VERTEX_POINT('',#4420);
#886=VERTEX_POINT('',#4445);
#887=VERTEX_POINT('',#4446);
#888=VERTEX_POINT('',#4469);
#889=VERTEX_POINT('',#4470);
#890=VERTEX_POINT('',#4494);
#891=VERTEX_POINT('',#4495);
#892=VERTEX_POINT('',#4519);
#893=VERTEX_POINT('',#4520);
#894=VERTEX_POINT('',#4543);
#895=VERTEX_POINT('',#4544);
#896=VERTEX_POINT('',#4568);
#897=VERTEX_POINT('',#4569);
#898=VERTEX_POINT('',#4593);
#899=VERTEX_POINT('',#4594);
#900=VERTEX_POINT('',#4617);
#901=VERTEX_POINT('',#4618);
#902=VERTEX_POINT('',#4620);
#903=VERTEX_POINT('',#4626);
#904=VERTEX_POINT('',#6369);
#905=VERTEX_POINT('',#6370);
#906=VERTEX_POINT('',#6372);
#907=VERTEX_POINT('',#6374);
#908=VERTEX_POINT('',#6378);
#909=VERTEX_POINT('',#6380);
#910=VERTEX_POINT('',#6384);
#911=VERTEX_POINT('',#6385);
#912=VERTEX_POINT('',#6387);
#913=VERTEX_POINT('',#6389);
#914=VERTEX_POINT('',#6393);
#915=VERTEX_POINT('',#6395);
#916=VERTEX_POINT('',#6402);
#917=VERTEX_POINT('',#6403);
#918=VERTEX_POINT('',#6405);
#919=VERTEX_POINT('',#6407);
#920=VERTEX_POINT('',#6411);
#921=VERTEX_POINT('',#6413);
#922=VERTEX_POINT('',#6417);
#923=VERTEX_POINT('',#6418);
#924=VERTEX_POINT('',#6420);
#925=VERTEX_POINT('',#6422);
#926=VERTEX_POINT('',#6426);
#927=VERTEX_POINT('',#6428);
#928=VERTEX_POINT('',#6435);
#929=VERTEX_POINT('',#6437);
#930=VERTEX_POINT('',#6439);
#931=VERTEX_POINT('',#6441);
#932=VERTEX_POINT('',#6445);
#933=VERTEX_POINT('',#6447);
#934=VERTEX_POINT('',#6449);
#935=VERTEX_POINT('',#6451);
#936=VERTEX_POINT('',#6455);
#937=VERTEX_POINT('',#6457);
#938=VERTEX_POINT('',#6459);
#939=VERTEX_POINT('',#6462);
#940=VERTEX_POINT('',#6464);
#941=VERTEX_POINT('',#6466);
#942=VERTEX_POINT('',#6470);
#943=VERTEX_POINT('',#6472);
#944=VERTEX_POINT('',#6474);
#945=VERTEX_POINT('',#6477);
#946=VERTEX_POINT('',#6479);
#947=VERTEX_POINT('',#6481);
#948=VERTEX_POINT('',#6485);
#949=VERTEX_POINT('',#6486);
#950=VERTEX_POINT('',#6489);
#951=VERTEX_POINT('',#6491);
#952=VERTEX_POINT('',#6493);
#953=VERTEX_POINT('',#6495);
#954=VERTEX_POINT('',#6512);
#955=VERTEX_POINT('',#6516);
#956=VERTEX_POINT('',#6520);
#957=VERTEX_POINT('',#6524);
#958=VERTEX_POINT('',#6528);
#959=VERTEX_POINT('',#6532);
#960=VERTEX_POINT('',#6538);
#961=VERTEX_POINT('',#6539);
#962=VERTEX_POINT('',#6541);
#963=VERTEX_POINT('',#6543);
#964=VERTEX_POINT('',#6545);
#965=VERTEX_POINT('',#6547);
#966=VERTEX_POINT('',#6549);
#967=VERTEX_POINT('',#6551);
#968=VERTEX_POINT('',#6555);
#969=VERTEX_POINT('',#6556);
#970=VERTEX_POINT('',#6561);
#971=VERTEX_POINT('',#6565);
#972=VERTEX_POINT('',#6569);
#973=VERTEX_POINT('',#6573);
#974=VERTEX_POINT('',#6577);
#975=VERTEX_POINT('',#6581);
#976=VERTEX_POINT('',#6596);
#977=VERTEX_POINT('',#6597);
#978=VERTEX_POINT('',#6599);
#979=VERTEX_POINT('',#6601);
#980=VERTEX_POINT('',#6605);
#981=VERTEX_POINT('',#6606);
#982=VERTEX_POINT('',#6619);
#983=VERTEX_POINT('',#6620);
#984=VERTEX_POINT('',#6625);
#985=VERTEX_POINT('',#6626);
#986=VERTEX_POINT('',#6639);
#987=VERTEX_POINT('',#6640);
#988=VERTEX_POINT('',#6645);
#989=VERTEX_POINT('',#6646);
#990=VERTEX_POINT('',#6659);
#991=VERTEX_POINT('',#6660);
#992=VERTEX_POINT('',#6668);
#993=VERTEX_POINT('',#6670);
#994=VERTEX_POINT('',#6674);
#995=VERTEX_POINT('',#6678);
#996=VERTEX_POINT('',#6682);
#997=VERTEX_POINT('',#6687);
#998=VERTEX_POINT('',#6688);
#999=VERTEX_POINT('',#6690);
#1000=VERTEX_POINT('',#6692);
#1001=VERTEX_POINT('',#6704);
#1002=VERTEX_POINT('',#6709);
#1003=VERTEX_POINT('',#6721);
#1004=VERTEX_POINT('',#6725);
#1005=VERTEX_POINT('',#6737);
#1006=VERTEX_POINT('',#6741);
#1007=VERTEX_POINT('',#6742);
#1008=EDGE_CURVE('',#792,#793,#496,.T.);
#1009=EDGE_CURVE('',#793,#794,#384,.T.);
#1010=EDGE_CURVE('',#794,#795,#312,.F.);
#1011=EDGE_CURVE('',#795,#792,#385,.T.);
#1012=EDGE_CURVE('',#796,#797,#497,.T.);
#1013=EDGE_CURVE('',#797,#793,#386,.T.);
#1014=EDGE_CURVE('',#792,#796,#387,.T.);
#1015=EDGE_CURVE('',#798,#799,#498,.T.);
#1016=EDGE_CURVE('',#799,#797,#388,.T.);
#1017=EDGE_CURVE('',#796,#798,#389,.T.);
#1018=EDGE_CURVE('',#800,#801,#499,.T.);
#1019=EDGE_CURVE('',#801,#799,#390,.T.);
#1020=EDGE_CURVE('',#798,#800,#391,.T.);
#1021=EDGE_CURVE('',#802,#803,#500,.T.);
#1022=EDGE_CURVE('',#803,#801,#392,.T.);
#1023=EDGE_CURVE('',#800,#802,#393,.T.);
#1024=EDGE_CURVE('',#804,#805,#501,.T.);
#1025=EDGE_CURVE('',#805,#803,#394,.T.);
#1026=EDGE_CURVE('',#802,#804,#395,.T.);
#1027=EDGE_CURVE('',#806,#807,#502,.T.);
#1028=EDGE_CURVE('',#807,#805,#396,.T.);
#1029=EDGE_CURVE('',#804,#806,#397,.T.);
#1030=EDGE_CURVE('',#808,#809,#503,.T.);
#1031=EDGE_CURVE('',#809,#807,#398,.T.);
#1032=EDGE_CURVE('',#806,#808,#399,.T.);
#1033=EDGE_CURVE('',#810,#811,#504,.T.);
#1034=EDGE_CURVE('',#811,#809,#400,.T.);
#1035=EDGE_CURVE('',#808,#810,#401,.T.);
#1036=EDGE_CURVE('',#812,#813,#505,.T.);
#1037=EDGE_CURVE('',#813,#811,#402,.T.);
#1038=EDGE_CURVE('',#810,#812,#403,.T.);
#1039=EDGE_CURVE('',#814,#815,#506,.T.);
#1040=EDGE_CURVE('',#815,#813,#404,.T.);
#1041=EDGE_CURVE('',#812,#814,#405,.T.);
#1042=EDGE_CURVE('',#816,#817,#507,.T.);
#1043=EDGE_CURVE('',#816,#818,#406,.T.);
#1044=EDGE_CURVE('',#819,#818,#313,.F.);
#1045=EDGE_CURVE('',#819,#817,#407,.T.);
#1046=EDGE_CURVE('',#820,#821,#508,.T.);
#1047=EDGE_CURVE('',#821,#822,#408,.T.);
#1048=EDGE_CURVE('',#823,#822,#314,.T.);
#1049=EDGE_CURVE('',#820,#823,#409,.T.);
#1050=EDGE_CURVE('',#824,#825,#509,.T.);
#1051=EDGE_CURVE('',#825,#821,#410,.T.);
#1052=EDGE_CURVE('',#824,#820,#411,.T.);
#1053=EDGE_CURVE('',#826,#827,#510,.T.);
#1054=EDGE_CURVE('',#827,#825,#412,.T.);
#1055=EDGE_CURVE('',#826,#824,#413,.T.);
#1056=EDGE_CURVE('',#828,#829,#511,.T.);
#1057=EDGE_CURVE('',#829,#827,#414,.T.);
#1058=EDGE_CURVE('',#828,#826,#415,.T.);
#1059=EDGE_CURVE('',#830,#831,#512,.T.);
#1060=EDGE_CURVE('',#831,#829,#416,.T.);
#1061=EDGE_CURVE('',#830,#828,#417,.T.);
#1062=EDGE_CURVE('',#832,#833,#513,.T.);
#1063=EDGE_CURVE('',#833,#831,#418,.T.);
#1064=EDGE_CURVE('',#832,#830,#419,.T.);
#1065=EDGE_CURVE('',#834,#835,#514,.T.);
#1066=EDGE_CURVE('',#835,#833,#420,.T.);
#1067=EDGE_CURVE('',#834,#832,#421,.T.);
#1068=EDGE_CURVE('',#836,#837,#515,.T.);
#1069=EDGE_CURVE('',#837,#835,#422,.T.);
#1070=EDGE_CURVE('',#836,#834,#423,.T.);
#1071=EDGE_CURVE('',#838,#839,#516,.T.);
#1072=EDGE_CURVE('',#839,#837,#424,.T.);
#1073=EDGE_CURVE('',#838,#836,#425,.T.);
#1074=EDGE_CURVE('',#840,#841,#517,.T.);
#1075=EDGE_CURVE('',#841,#839,#426,.T.);
#1076=EDGE_CURVE('',#840,#838,#427,.T.);
#1077=EDGE_CURVE('',#842,#843,#518,.T.);
#1078=EDGE_CURVE('',#843,#841,#428,.T.);
#1079=EDGE_CURVE('',#842,#840,#429,.T.);
#1080=EDGE_CURVE('',#844,#845,#519,.T.);
#1081=EDGE_CURVE('',#846,#844,#430,.T.);
#1082=EDGE_CURVE('',#847,#846,#315,.T.);
#1083=EDGE_CURVE('',#847,#845,#431,.T.);
#1084=EDGE_CURVE('',#848,#849,#520,.T.);
#1085=EDGE_CURVE('',#849,#850,#432,.T.);
#1086=EDGE_CURVE('',#850,#851,#316,.F.);
#1087=EDGE_CURVE('',#851,#848,#433,.T.);
#1088=EDGE_CURVE('',#852,#853,#521,.T.);
#1089=EDGE_CURVE('',#853,#849,#434,.T.);
#1090=EDGE_CURVE('',#848,#852,#435,.T.);
#1091=EDGE_CURVE('',#854,#855,#522,.T.);
#1092=EDGE_CURVE('',#855,#853,#436,.T.);
#1093=EDGE_CURVE('',#852,#854,#437,.T.);
#1094=EDGE_CURVE('',#856,#857,#523,.T.);
#1095=EDGE_CURVE('',#857,#855,#438,.T.);
#1096=EDGE_CURVE('',#854,#856,#439,.T.);
#1097=EDGE_CURVE('',#858,#859,#524,.T.);
#1098=EDGE_CURVE('',#859,#857,#440,.T.);
#1099=EDGE_CURVE('',#856,#858,#441,.T.);
#1100=EDGE_CURVE('',#860,#861,#525,.T.);
#1101=EDGE_CURVE('',#861,#859,#442,.T.);
#1102=EDGE_CURVE('',#858,#860,#443,.T.);
#1103=EDGE_CURVE('',#862,#863,#526,.T.);
#1104=EDGE_CURVE('',#863,#861,#444,.T.);
#1105=EDGE_CURVE('',#860,#862,#445,.T.);
#1106=EDGE_CURVE('',#864,#865,#527,.T.);
#1107=EDGE_CURVE('',#865,#863,#446,.T.);
#1108=EDGE_CURVE('',#862,#864,#447,.T.);
#1109=EDGE_CURVE('',#866,#867,#528,.T.);
#1110=EDGE_CURVE('',#867,#865,#448,.T.);
#1111=EDGE_CURVE('',#864,#866,#449,.T.);
#1112=EDGE_CURVE('',#868,#869,#529,.T.);
#1113=EDGE_CURVE('',#869,#867,#450,.T.);
#1114=EDGE_CURVE('',#866,#868,#451,.T.);
#1115=EDGE_CURVE('',#870,#871,#530,.T.);
#1116=EDGE_CURVE('',#871,#869,#452,.T.);
#1117=EDGE_CURVE('',#868,#870,#453,.T.);
#1118=EDGE_CURVE('',#872,#873,#531,.T.);
#1119=EDGE_CURVE('',#872,#874,#454,.T.);
#1120=EDGE_CURVE('',#875,#874,#317,.F.);
#1121=EDGE_CURVE('',#875,#873,#455,.T.);
#1122=EDGE_CURVE('',#876,#877,#532,.T.);
#1123=EDGE_CURVE('',#877,#878,#456,.T.);
#1124=EDGE_CURVE('',#879,#878,#318,.T.);
#1125=EDGE_CURVE('',#876,#879,#457,.T.);
#1126=EDGE_CURVE('',#880,#881,#533,.T.);
#1127=EDGE_CURVE('',#881,#877,#458,.T.);
#1128=EDGE_CURVE('',#880,#876,#459,.T.);
#1129=EDGE_CURVE('',#882,#883,#534,.T.);
#1130=EDGE_CURVE('',#883,#881,#460,.T.);
#1131=EDGE_CURVE('',#882,#880,#461,.T.);
#1132=EDGE_CURVE('',#884,#885,#535,.T.);
#1133=EDGE_CURVE('',#885,#883,#462,.T.);
#1134=EDGE_CURVE('',#884,#882,#463,.T.);
#1135=EDGE_CURVE('',#886,#887,#536,.T.);
#1136=EDGE_CURVE('',#887,#885,#464,.T.);
#1137=EDGE_CURVE('',#886,#884,#465,.T.);
#1138=EDGE_CURVE('',#888,#889,#537,.T.);
#1139=EDGE_CURVE('',#889,#887,#466,.T.);
#1140=EDGE_CURVE('',#888,#886,#467,.T.);
#1141=EDGE_CURVE('',#890,#891,#538,.T.);
#1142=EDGE_CURVE('',#891,#889,#468,.T.);
#1143=EDGE_CURVE('',#890,#888,#469,.T.);
#1144=EDGE_CURVE('',#892,#893,#539,.T.);
#1145=EDGE_CURVE('',#893,#891,#470,.T.);
#1146=EDGE_CURVE('',#892,#890,#471,.T.);
#1147=EDGE_CURVE('',#894,#895,#540,.T.);
#1148=EDGE_CURVE('',#895,#893,#472,.T.);
#1149=EDGE_CURVE('',#894,#892,#473,.T.);
#1150=EDGE_CURVE('',#896,#897,#541,.T.);
#1151=EDGE_CURVE('',#897,#895,#474,.T.);
#1152=EDGE_CURVE('',#896,#894,#475,.T.);
#1153=EDGE_CURVE('',#898,#899,#542,.T.);
#1154=EDGE_CURVE('',#899,#897,#476,.T.);
#1155=EDGE_CURVE('',#898,#896,#477,.T.);
#1156=EDGE_CURVE('',#900,#901,#543,.T.);
#1157=EDGE_CURVE('',#902,#900,#478,.T.);
#1158=EDGE_CURVE('',#903,#902,#319,.T.);
#1159=EDGE_CURVE('',#903,#901,#479,.T.);
#1160=EDGE_CURVE('',#901,#899,#480,.T.);
#1161=EDGE_CURVE('',#900,#898,#481,.T.);
#1162=EDGE_CURVE('',#878,#851,#482,.T.);
#1163=EDGE_CURVE('',#874,#903,#483,.T.);
#1164=EDGE_CURVE('',#870,#872,#484,.T.);
#1165=EDGE_CURVE('',#850,#879,#485,.T.);
#1166=EDGE_CURVE('',#873,#871,#486,.T.);
#1167=EDGE_CURVE('',#902,#875,#487,.T.);
#1168=EDGE_CURVE('',#845,#843,#488,.T.);
#1169=EDGE_CURVE('',#844,#842,#489,.T.);
#1170=EDGE_CURVE('',#822,#795,#490,.T.);
#1171=EDGE_CURVE('',#818,#847,#491,.T.);
#1172=EDGE_CURVE('',#814,#816,#492,.T.);
#1173=EDGE_CURVE('',#794,#823,#493,.T.);
#1174=EDGE_CURVE('',#817,#815,#494,.T.);
#1175=EDGE_CURVE('',#846,#819,#495,.T.);
#1176=EDGE_CURVE('',#904,#905,#320,.T.);
#1177=EDGE_CURVE('',#904,#906,#544,.T.);
#1178=EDGE_CURVE('',#906,#907,#321,.T.);
#1179=EDGE_CURVE('',#905,#907,#545,.T.);
#1180=EDGE_CURVE('',#908,#904,#546,.T.);
#1181=EDGE_CURVE('',#909,#908,#547,.T.);
#1182=EDGE_CURVE('',#909,#906,#548,.T.);
#1183=EDGE_CURVE('',#910,#911,#549,.T.);
#1184=EDGE_CURVE('',#910,#912,#550,.T.);
#1185=EDGE_CURVE('',#912,#913,#551,.T.);
#1186=EDGE_CURVE('',#911,#913,#552,.T.);
#1187=EDGE_CURVE('',#914,#910,#322,.T.);
#1188=EDGE_CURVE('',#914,#915,#553,.T.);
#1189=EDGE_CURVE('',#915,#912,#323,.T.);
#1190=EDGE_CURVE('',#907,#915,#554,.T.);
#1191=EDGE_CURVE('',#913,#909,#555,.T.);
#1192=EDGE_CURVE('',#916,#917,#556,.T.);
#1193=EDGE_CURVE('',#916,#918,#557,.T.);
#1194=EDGE_CURVE('',#918,#919,#558,.T.);
#1195=EDGE_CURVE('',#917,#919,#559,.T.);
#1196=EDGE_CURVE('',#920,#916,#324,.T.);
#1197=EDGE_CURVE('',#920,#921,#560,.T.);
#1198=EDGE_CURVE('',#921,#918,#325,.T.);
#1199=EDGE_CURVE('',#922,#923,#326,.T.);
#1200=EDGE_CURVE('',#922,#924,#561,.T.);
#1201=EDGE_CURVE('',#924,#925,#327,.T.);
#1202=EDGE_CURVE('',#923,#925,#562,.T.);
#1203=EDGE_CURVE('',#926,#922,#563,.T.);
#1204=EDGE_CURVE('',#927,#926,#564,.T.);
#1205=EDGE_CURVE('',#927,#924,#565,.T.);
#1206=EDGE_CURVE('',#919,#927,#566,.T.);
#1207=EDGE_CURVE('',#925,#921,#567,.T.);
#1208=EDGE_CURVE('',#928,#908,#568,.T.);
#1209=EDGE_CURVE('',#929,#928,#569,.T.);
#1210=EDGE_CURVE('',#929,#930,#570,.T.);
#1211=EDGE_CURVE('',#930,#931,#571,.T.);
#1212=EDGE_CURVE('',#911,#931,#572,.T.);
#1213=EDGE_CURVE('',#932,#920,#573,.T.);
#1214=EDGE_CURVE('',#933,#932,#574,.T.);
#1215=EDGE_CURVE('',#934,#933,#575,.T.);
#1216=EDGE_CURVE('',#934,#935,#576,.T.);
#1217=EDGE_CURVE('',#923,#935,#577,.T.);
#1218=EDGE_CURVE('',#905,#936,#578,.T.);
#1219=EDGE_CURVE('',#936,#937,#328,.T.);
#1220=EDGE_CURVE('',#937,#938,#579,.T.);
#1221=EDGE_CURVE('',#938,#932,#329,.T.);
#1222=EDGE_CURVE('',#917,#939,#580,.T.);
#1223=EDGE_CURVE('',#939,#940,#330,.T.);
#1224=EDGE_CURVE('',#940,#941,#581,.T.);
#1225=EDGE_CURVE('',#941,#928,#331,.T.);
#1226=EDGE_CURVE('',#931,#942,#332,.T.);
#1227=EDGE_CURVE('',#942,#943,#582,.T.);
#1228=EDGE_CURVE('',#943,#944,#333,.T.);
#1229=EDGE_CURVE('',#944,#926,#583,.T.);
#1230=EDGE_CURVE('',#935,#945,#334,.T.);
#1231=EDGE_CURVE('',#945,#946,#584,.T.);
#1232=EDGE_CURVE('',#946,#947,#335,.T.);
#1233=EDGE_CURVE('',#947,#914,#585,.T.);
#1234=EDGE_CURVE('',#948,#949,#586,.T.);
#1235=EDGE_CURVE('',#930,#948,#336,.T.);
#1236=EDGE_CURVE('',#950,#929,#337,.T.);
#1237=EDGE_CURVE('',#951,#950,#587,.T.);
#1238=EDGE_CURVE('',#952,#951,#338,.T.);
#1239=EDGE_CURVE('',#953,#952,#588,.T.);
#1240=EDGE_CURVE('',#949,#953,#339,.T.);
#1241=EDGE_CURVE('',#950,#941,#589,.T.);
#1242=EDGE_CURVE('',#948,#942,#590,.T.);
#1243=EDGE_CURVE('',#949,#943,#591,.T.);
#1244=EDGE_CURVE('',#951,#940,#592,.T.);
#1245=EDGE_CURVE('',#952,#939,#593,.T.);
#1246=EDGE_CURVE('',#953,#944,#594,.T.);
#1247=EDGE_CURVE('',#954,#933,#340,.T.);
#1248=EDGE_CURVE('',#954,#938,#595,.T.);
#1249=EDGE_CURVE('',#954,#955,#596,.T.);
#1250=EDGE_CURVE('',#955,#937,#597,.T.);
#1251=EDGE_CURVE('',#956,#955,#341,.T.);
#1252=EDGE_CURVE('',#956,#936,#598,.T.);
#1253=EDGE_CURVE('',#957,#947,#599,.T.);
#1254=EDGE_CURVE('',#956,#957,#600,.T.);
#1255=EDGE_CURVE('',#958,#957,#342,.T.);
#1256=EDGE_CURVE('',#958,#946,#601,.T.);
#1257=EDGE_CURVE('',#958,#959,#602,.T.);
#1258=EDGE_CURVE('',#959,#945,#603,.T.);
#1259=EDGE_CURVE('',#934,#959,#343,.T.);
#1260=EDGE_CURVE('',#960,#961,#344,.T.);
#1261=EDGE_CURVE('',#961,#962,#604,.T.);
#1262=EDGE_CURVE('',#962,#963,#345,.T.);
#1263=EDGE_CURVE('',#963,#964,#605,.T.);
#1264=EDGE_CURVE('',#964,#965,#346,.T.);
#1265=EDGE_CURVE('',#965,#966,#606,.T.);
#1266=EDGE_CURVE('',#966,#967,#347,.T.);
#1267=EDGE_CURVE('',#967,#960,#607,.T.);
#1268=EDGE_CURVE('',#968,#969,#608,.T.);
#1269=EDGE_CURVE('',#968,#966,#609,.T.);
#1270=EDGE_CURVE('',#969,#965,#610,.T.);
#1271=EDGE_CURVE('',#970,#969,#348,.T.);
#1272=EDGE_CURVE('',#970,#964,#611,.T.);
#1273=EDGE_CURVE('',#970,#971,#612,.T.);
#1274=EDGE_CURVE('',#971,#963,#613,.T.);
#1275=EDGE_CURVE('',#972,#971,#349,.T.);
#1276=EDGE_CURVE('',#972,#962,#614,.T.);
#1277=EDGE_CURVE('',#972,#973,#615,.T.);
#1278=EDGE_CURVE('',#973,#961,#616,.T.);
#1279=EDGE_CURVE('',#974,#973,#350,.T.);
#1280=EDGE_CURVE('',#974,#960,#617,.T.);
#1281=EDGE_CURVE('',#974,#975,#618,.T.);
#1282=EDGE_CURVE('',#975,#967,#619,.T.);
#1283=EDGE_CURVE('',#968,#975,#351,.T.);
#1284=EDGE_CURVE('',#976,#977,#352,.T.);
#1285=EDGE_CURVE('',#977,#978,#353,.T.);
#1286=EDGE_CURVE('',#978,#979,#354,.T.);
#1287=EDGE_CURVE('',#979,#976,#355,.T.);
#1288=EDGE_CURVE('',#980,#981,#356,.T.);
#1289=EDGE_CURVE('',#981,#979,#620,.T.);
#1290=EDGE_CURVE('',#978,#980,#621,.T.);
#1291=EDGE_CURVE('',#982,#983,#357,.T.);
#1292=EDGE_CURVE('',#983,#981,#358,.T.);
#1293=EDGE_CURVE('',#980,#982,#359,.T.);
#1294=EDGE_CURVE('',#984,#985,#360,.T.);
#1295=EDGE_CURVE('',#985,#983,#622,.T.);
#1296=EDGE_CURVE('',#982,#984,#623,.T.);
#1297=EDGE_CURVE('',#986,#987,#361,.T.);
#1298=EDGE_CURVE('',#987,#985,#362,.T.);
#1299=EDGE_CURVE('',#984,#986,#363,.T.);
#1300=EDGE_CURVE('',#988,#989,#364,.T.);
#1301=EDGE_CURVE('',#989,#987,#624,.T.);
#1302=EDGE_CURVE('',#986,#988,#625,.T.);
#1303=EDGE_CURVE('',#990,#991,#365,.T.);
#1304=EDGE_CURVE('',#991,#989,#366,.T.);
#1305=EDGE_CURVE('',#988,#990,#367,.T.);
#1306=EDGE_CURVE('',#990,#977,#626,.T.);
#1307=EDGE_CURVE('',#976,#991,#627,.T.);
#1308=EDGE_CURVE('',#989,#992,#628,.T.);
#1309=EDGE_CURVE('',#993,#992,#629,.T.);
#1310=EDGE_CURVE('',#987,#993,#630,.T.);
#1311=EDGE_CURVE('',#991,#994,#631,.T.);
#1312=EDGE_CURVE('',#992,#994,#368,.T.);
#1313=EDGE_CURVE('',#976,#995,#632,.T.);
#1314=EDGE_CURVE('',#994,#995,#633,.T.);
#1315=EDGE_CURVE('',#979,#996,#634,.T.);
#1316=EDGE_CURVE('',#995,#996,#369,.T.);
#1317=EDGE_CURVE('',#997,#998,#370,.T.);
#1318=EDGE_CURVE('',#998,#999,#635,.T.);
#1319=EDGE_CURVE('',#999,#1000,#371,.T.);
#1320=EDGE_CURVE('',#1000,#997,#636,.T.);
#1321=EDGE_CURVE('',#993,#1001,#372,.T.);
#1322=EDGE_CURVE('',#1001,#1000,#373,.T.);
#1323=EDGE_CURVE('',#999,#993,#374,.T.);
#1324=EDGE_CURVE('',#992,#1002,#375,.T.);
#1325=EDGE_CURVE('',#1002,#1001,#637,.T.);
#1326=EDGE_CURVE('',#994,#1003,#376,.T.);
#1327=EDGE_CURVE('',#1003,#1002,#377,.T.);
#1328=EDGE_CURVE('',#995,#1004,#378,.T.);
#1329=EDGE_CURVE('',#1004,#1003,#638,.T.);
#1330=EDGE_CURVE('',#996,#1005,#379,.T.);
#1331=EDGE_CURVE('',#1005,#1004,#380,.T.);
#1332=EDGE_CURVE('',#1006,#1007,#381,.T.);
#1333=EDGE_CURVE('',#1007,#1005,#639,.T.);
#1334=EDGE_CURVE('',#996,#1006,#640,.T.);
#1335=EDGE_CURVE('',#997,#1007,#382,.T.);
#1336=EDGE_CURVE('',#1006,#998,#383,.T.);
#1337=EDGE_CURVE('',#985,#999,#641,.T.);
#1338=EDGE_CURVE('',#983,#998,#642,.T.);
#1339=EDGE_CURVE('',#981,#1006,#643,.T.);
#1340=ORIENTED_EDGE('',*,*,#1008,.T.);
#1341=ORIENTED_EDGE('',*,*,#1009,.T.);
#1342=ORIENTED_EDGE('',*,*,#1010,.T.);
#1343=ORIENTED_EDGE('',*,*,#1011,.T.);
#1344=ORIENTED_EDGE('',*,*,#1012,.T.);
#1345=ORIENTED_EDGE('',*,*,#1013,.T.);
#1346=ORIENTED_EDGE('',*,*,#1008,.F.);
#1347=ORIENTED_EDGE('',*,*,#1014,.T.);
#1348=ORIENTED_EDGE('',*,*,#1015,.T.);
#1349=ORIENTED_EDGE('',*,*,#1016,.T.);
#1350=ORIENTED_EDGE('',*,*,#1012,.F.);
#1351=ORIENTED_EDGE('',*,*,#1017,.T.);
#1352=ORIENTED_EDGE('',*,*,#1018,.T.);
#1353=ORIENTED_EDGE('',*,*,#1019,.T.);
#1354=ORIENTED_EDGE('',*,*,#1015,.F.);
#1355=ORIENTED_EDGE('',*,*,#1020,.T.);
#1356=ORIENTED_EDGE('',*,*,#1021,.T.);
#1357=ORIENTED_EDGE('',*,*,#1022,.T.);
#1358=ORIENTED_EDGE('',*,*,#1018,.F.);
#1359=ORIENTED_EDGE('',*,*,#1023,.T.);
#1360=ORIENTED_EDGE('',*,*,#1024,.T.);
#1361=ORIENTED_EDGE('',*,*,#1025,.T.);
#1362=ORIENTED_EDGE('',*,*,#1021,.F.);
#1363=ORIENTED_EDGE('',*,*,#1026,.T.);
#1364=ORIENTED_EDGE('',*,*,#1027,.T.);
#1365=ORIENTED_EDGE('',*,*,#1028,.T.);
#1366=ORIENTED_EDGE('',*,*,#1024,.F.);
#1367=ORIENTED_EDGE('',*,*,#1029,.T.);
#1368=ORIENTED_EDGE('',*,*,#1030,.T.);
#1369=ORIENTED_EDGE('',*,*,#1031,.T.);
#1370=ORIENTED_EDGE('',*,*,#1027,.F.);
#1371=ORIENTED_EDGE('',*,*,#1032,.T.);
#1372=ORIENTED_EDGE('',*,*,#1033,.T.);
#1373=ORIENTED_EDGE('',*,*,#1034,.T.);
#1374=ORIENTED_EDGE('',*,*,#1030,.F.);
#1375=ORIENTED_EDGE('',*,*,#1035,.T.);
#1376=ORIENTED_EDGE('',*,*,#1036,.T.);
#1377=ORIENTED_EDGE('',*,*,#1037,.T.);
#1378=ORIENTED_EDGE('',*,*,#1033,.F.);
#1379=ORIENTED_EDGE('',*,*,#1038,.T.);
#1380=ORIENTED_EDGE('',*,*,#1039,.T.);
#1381=ORIENTED_EDGE('',*,*,#1040,.T.);
#1382=ORIENTED_EDGE('',*,*,#1036,.F.);
#1383=ORIENTED_EDGE('',*,*,#1041,.T.);
#1384=ORIENTED_EDGE('',*,*,#1042,.F.);
#1385=ORIENTED_EDGE('',*,*,#1043,.T.);
#1386=ORIENTED_EDGE('',*,*,#1044,.F.);
#1387=ORIENTED_EDGE('',*,*,#1045,.T.);
#1388=ORIENTED_EDGE('',*,*,#1046,.T.);
#1389=ORIENTED_EDGE('',*,*,#1047,.T.);
#1390=ORIENTED_EDGE('',*,*,#1048,.F.);
#1391=ORIENTED_EDGE('',*,*,#1049,.F.);
#1392=ORIENTED_EDGE('',*,*,#1050,.T.);
#1393=ORIENTED_EDGE('',*,*,#1051,.T.);
#1394=ORIENTED_EDGE('',*,*,#1046,.F.);
#1395=ORIENTED_EDGE('',*,*,#1052,.F.);
#1396=ORIENTED_EDGE('',*,*,#1053,.T.);
#1397=ORIENTED_EDGE('',*,*,#1054,.T.);
#1398=ORIENTED_EDGE('',*,*,#1050,.F.);
#1399=ORIENTED_EDGE('',*,*,#1055,.F.);
#1400=ORIENTED_EDGE('',*,*,#1056,.T.);
#1401=ORIENTED_EDGE('',*,*,#1057,.T.);
#1402=ORIENTED_EDGE('',*,*,#1053,.F.);
#1403=ORIENTED_EDGE('',*,*,#1058,.F.);
#1404=ORIENTED_EDGE('',*,*,#1059,.T.);
#1405=ORIENTED_EDGE('',*,*,#1060,.T.);
#1406=ORIENTED_EDGE('',*,*,#1056,.F.);
#1407=ORIENTED_EDGE('',*,*,#1061,.F.);
#1408=ORIENTED_EDGE('',*,*,#1062,.T.);
#1409=ORIENTED_EDGE('',*,*,#1063,.T.);
#1410=ORIENTED_EDGE('',*,*,#1059,.F.);
#1411=ORIENTED_EDGE('',*,*,#1064,.F.);
#1412=ORIENTED_EDGE('',*,*,#1065,.T.);
#1413=ORIENTED_EDGE('',*,*,#1066,.T.);
#1414=ORIENTED_EDGE('',*,*,#1062,.F.);
#1415=ORIENTED_EDGE('',*,*,#1067,.F.);
#1416=ORIENTED_EDGE('',*,*,#1068,.T.);
#1417=ORIENTED_EDGE('',*,*,#1069,.T.);
#1418=ORIENTED_EDGE('',*,*,#1065,.F.);
#1419=ORIENTED_EDGE('',*,*,#1070,.F.);
#1420=ORIENTED_EDGE('',*,*,#1071,.T.);
#1421=ORIENTED_EDGE('',*,*,#1072,.T.);
#1422=ORIENTED_EDGE('',*,*,#1068,.F.);
#1423=ORIENTED_EDGE('',*,*,#1073,.F.);
#1424=ORIENTED_EDGE('',*,*,#1074,.T.);
#1425=ORIENTED_EDGE('',*,*,#1075,.T.);
#1426=ORIENTED_EDGE('',*,*,#1071,.F.);
#1427=ORIENTED_EDGE('',*,*,#1076,.F.);
#1428=ORIENTED_EDGE('',*,*,#1077,.T.);
#1429=ORIENTED_EDGE('',*,*,#1078,.T.);
#1430=ORIENTED_EDGE('',*,*,#1074,.F.);
#1431=ORIENTED_EDGE('',*,*,#1079,.F.);
#1432=ORIENTED_EDGE('',*,*,#1080,.F.);
#1433=ORIENTED_EDGE('',*,*,#1081,.F.);
#1434=ORIENTED_EDGE('',*,*,#1082,.F.);
#1435=ORIENTED_EDGE('',*,*,#1083,.T.);
#1436=ORIENTED_EDGE('',*,*,#1084,.T.);
#1437=ORIENTED_EDGE('',*,*,#1085,.T.);
#1438=ORIENTED_EDGE('',*,*,#1086,.T.);
#1439=ORIENTED_EDGE('',*,*,#1087,.T.);
#1440=ORIENTED_EDGE('',*,*,#1088,.T.);
#1441=ORIENTED_EDGE('',*,*,#1089,.T.);
#1442=ORIENTED_EDGE('',*,*,#1084,.F.);
#1443=ORIENTED_EDGE('',*,*,#1090,.T.);
#1444=ORIENTED_EDGE('',*,*,#1091,.T.);
#1445=ORIENTED_EDGE('',*,*,#1092,.T.);
#1446=ORIENTED_EDGE('',*,*,#1088,.F.);
#1447=ORIENTED_EDGE('',*,*,#1093,.T.);
#1448=ORIENTED_EDGE('',*,*,#1094,.T.);
#1449=ORIENTED_EDGE('',*,*,#1095,.T.);
#1450=ORIENTED_EDGE('',*,*,#1091,.F.);
#1451=ORIENTED_EDGE('',*,*,#1096,.T.);
#1452=ORIENTED_EDGE('',*,*,#1097,.T.);
#1453=ORIENTED_EDGE('',*,*,#1098,.T.);
#1454=ORIENTED_EDGE('',*,*,#1094,.F.);
#1455=ORIENTED_EDGE('',*,*,#1099,.T.);
#1456=ORIENTED_EDGE('',*,*,#1100,.T.);
#1457=ORIENTED_EDGE('',*,*,#1101,.T.);
#1458=ORIENTED_EDGE('',*,*,#1097,.F.);
#1459=ORIENTED_EDGE('',*,*,#1102,.T.);
#1460=ORIENTED_EDGE('',*,*,#1103,.T.);
#1461=ORIENTED_EDGE('',*,*,#1104,.T.);
#1462=ORIENTED_EDGE('',*,*,#1100,.F.);
#1463=ORIENTED_EDGE('',*,*,#1105,.T.);
#1464=ORIENTED_EDGE('',*,*,#1106,.T.);
#1465=ORIENTED_EDGE('',*,*,#1107,.T.);
#1466=ORIENTED_EDGE('',*,*,#1103,.F.);
#1467=ORIENTED_EDGE('',*,*,#1108,.T.);
#1468=ORIENTED_EDGE('',*,*,#1109,.T.);
#1469=ORIENTED_EDGE('',*,*,#1110,.T.);
#1470=ORIENTED_EDGE('',*,*,#1106,.F.);
#1471=ORIENTED_EDGE('',*,*,#1111,.T.);
#1472=ORIENTED_EDGE('',*,*,#1112,.T.);
#1473=ORIENTED_EDGE('',*,*,#1113,.T.);
#1474=ORIENTED_EDGE('',*,*,#1109,.F.);
#1475=ORIENTED_EDGE('',*,*,#1114,.T.);
#1476=ORIENTED_EDGE('',*,*,#1115,.T.);
#1477=ORIENTED_EDGE('',*,*,#1116,.T.);
#1478=ORIENTED_EDGE('',*,*,#1112,.F.);
#1479=ORIENTED_EDGE('',*,*,#1117,.T.);
#1480=ORIENTED_EDGE('',*,*,#1118,.F.);
#1481=ORIENTED_EDGE('',*,*,#1119,.T.);
#1482=ORIENTED_EDGE('',*,*,#1120,.F.);
#1483=ORIENTED_EDGE('',*,*,#1121,.T.);
#1484=ORIENTED_EDGE('',*,*,#1122,.T.);
#1485=ORIENTED_EDGE('',*,*,#1123,.T.);
#1486=ORIENTED_EDGE('',*,*,#1124,.F.);
#1487=ORIENTED_EDGE('',*,*,#1125,.F.);
#1488=ORIENTED_EDGE('',*,*,#1126,.T.);
#1489=ORIENTED_EDGE('',*,*,#1127,.T.);
#1490=ORIENTED_EDGE('',*,*,#1122,.F.);
#1491=ORIENTED_EDGE('',*,*,#1128,.F.);
#1492=ORIENTED_EDGE('',*,*,#1129,.T.);
#1493=ORIENTED_EDGE('',*,*,#1130,.T.);
#1494=ORIENTED_EDGE('',*,*,#1126,.F.);
#1495=ORIENTED_EDGE('',*,*,#1131,.F.);
#1496=ORIENTED_EDGE('',*,*,#1132,.T.);
#1497=ORIENTED_EDGE('',*,*,#1133,.T.);
#1498=ORIENTED_EDGE('',*,*,#1129,.F.);
#1499=ORIENTED_EDGE('',*,*,#1134,.F.);
#1500=ORIENTED_EDGE('',*,*,#1135,.T.);
#1501=ORIENTED_EDGE('',*,*,#1136,.T.);
#1502=ORIENTED_EDGE('',*,*,#1132,.F.);
#1503=ORIENTED_EDGE('',*,*,#1137,.F.);
#1504=ORIENTED_EDGE('',*,*,#1138,.T.);
#1505=ORIENTED_EDGE('',*,*,#1139,.T.);
#1506=ORIENTED_EDGE('',*,*,#1135,.F.);
#1507=ORIENTED_EDGE('',*,*,#1140,.F.);
#1508=ORIENTED_EDGE('',*,*,#1141,.T.);
#1509=ORIENTED_EDGE('',*,*,#1142,.T.);
#1510=ORIENTED_EDGE('',*,*,#1138,.F.);
#1511=ORIENTED_EDGE('',*,*,#1143,.F.);
#1512=ORIENTED_EDGE('',*,*,#1144,.T.);
#1513=ORIENTED_EDGE('',*,*,#1145,.T.);
#1514=ORIENTED_EDGE('',*,*,#1141,.F.);
#1515=ORIENTED_EDGE('',*,*,#1146,.F.);
#1516=ORIENTED_EDGE('',*,*,#1147,.T.);
#1517=ORIENTED_EDGE('',*,*,#1148,.T.);
#1518=ORIENTED_EDGE('',*,*,#1144,.F.);
#1519=ORIENTED_EDGE('',*,*,#1149,.F.);
#1520=ORIENTED_EDGE('',*,*,#1150,.T.);
#1521=ORIENTED_EDGE('',*,*,#1151,.T.);
#1522=ORIENTED_EDGE('',*,*,#1147,.F.);
#1523=ORIENTED_EDGE('',*,*,#1152,.F.);
#1524=ORIENTED_EDGE('',*,*,#1153,.T.);
#1525=ORIENTED_EDGE('',*,*,#1154,.T.);
#1526=ORIENTED_EDGE('',*,*,#1150,.F.);
#1527=ORIENTED_EDGE('',*,*,#1155,.F.);
#1528=ORIENTED_EDGE('',*,*,#1156,.F.);
#1529=ORIENTED_EDGE('',*,*,#1157,.F.);
#1530=ORIENTED_EDGE('',*,*,#1158,.F.);
#1531=ORIENTED_EDGE('',*,*,#1159,.T.);
#1532=ORIENTED_EDGE('',*,*,#1156,.T.);
#1533=ORIENTED_EDGE('',*,*,#1160,.T.);
#1534=ORIENTED_EDGE('',*,*,#1153,.F.);
#1535=ORIENTED_EDGE('',*,*,#1161,.F.);
#1536=ORIENTED_EDGE('',*,*,#1162,.F.);
#1537=ORIENTED_EDGE('',*,*,#1123,.F.);
#1538=ORIENTED_EDGE('',*,*,#1127,.F.);
#1539=ORIENTED_EDGE('',*,*,#1130,.F.);
#1540=ORIENTED_EDGE('',*,*,#1133,.F.);
#1541=ORIENTED_EDGE('',*,*,#1136,.F.);
#1542=ORIENTED_EDGE('',*,*,#1139,.F.);
#1543=ORIENTED_EDGE('',*,*,#1142,.F.);
#1544=ORIENTED_EDGE('',*,*,#1145,.F.);
#1545=ORIENTED_EDGE('',*,*,#1148,.F.);
#1546=ORIENTED_EDGE('',*,*,#1151,.F.);
#1547=ORIENTED_EDGE('',*,*,#1154,.F.);
#1548=ORIENTED_EDGE('',*,*,#1160,.F.);
#1549=ORIENTED_EDGE('',*,*,#1159,.F.);
#1550=ORIENTED_EDGE('',*,*,#1163,.F.);
#1551=ORIENTED_EDGE('',*,*,#1119,.F.);
#1552=ORIENTED_EDGE('',*,*,#1164,.F.);
#1553=ORIENTED_EDGE('',*,*,#1117,.F.);
#1554=ORIENTED_EDGE('',*,*,#1114,.F.);
#1555=ORIENTED_EDGE('',*,*,#1111,.F.);
#1556=ORIENTED_EDGE('',*,*,#1108,.F.);
#1557=ORIENTED_EDGE('',*,*,#1105,.F.);
#1558=ORIENTED_EDGE('',*,*,#1102,.F.);
#1559=ORIENTED_EDGE('',*,*,#1099,.F.);
#1560=ORIENTED_EDGE('',*,*,#1096,.F.);
#1561=ORIENTED_EDGE('',*,*,#1093,.F.);
#1562=ORIENTED_EDGE('',*,*,#1090,.F.);
#1563=ORIENTED_EDGE('',*,*,#1087,.F.);
#1564=ORIENTED_EDGE('',*,*,#1165,.F.);
#1565=ORIENTED_EDGE('',*,*,#1085,.F.);
#1566=ORIENTED_EDGE('',*,*,#1089,.F.);
#1567=ORIENTED_EDGE('',*,*,#1092,.F.);
#1568=ORIENTED_EDGE('',*,*,#1095,.F.);
#1569=ORIENTED_EDGE('',*,*,#1098,.F.);
#1570=ORIENTED_EDGE('',*,*,#1101,.F.);
#1571=ORIENTED_EDGE('',*,*,#1104,.F.);
#1572=ORIENTED_EDGE('',*,*,#1107,.F.);
#1573=ORIENTED_EDGE('',*,*,#1110,.F.);
#1574=ORIENTED_EDGE('',*,*,#1113,.F.);
#1575=ORIENTED_EDGE('',*,*,#1116,.F.);
#1576=ORIENTED_EDGE('',*,*,#1166,.F.);
#1577=ORIENTED_EDGE('',*,*,#1121,.F.);
#1578=ORIENTED_EDGE('',*,*,#1167,.F.);
#1579=ORIENTED_EDGE('',*,*,#1157,.T.);
#1580=ORIENTED_EDGE('',*,*,#1161,.T.);
#1581=ORIENTED_EDGE('',*,*,#1155,.T.);
#1582=ORIENTED_EDGE('',*,*,#1152,.T.);
#1583=ORIENTED_EDGE('',*,*,#1149,.T.);
#1584=ORIENTED_EDGE('',*,*,#1146,.T.);
#1585=ORIENTED_EDGE('',*,*,#1143,.T.);
#1586=ORIENTED_EDGE('',*,*,#1140,.T.);
#1587=ORIENTED_EDGE('',*,*,#1137,.T.);
#1588=ORIENTED_EDGE('',*,*,#1134,.T.);
#1589=ORIENTED_EDGE('',*,*,#1131,.T.);
#1590=ORIENTED_EDGE('',*,*,#1128,.T.);
#1591=ORIENTED_EDGE('',*,*,#1125,.T.);
#1592=ORIENTED_EDGE('',*,*,#1118,.T.);
#1593=ORIENTED_EDGE('',*,*,#1166,.T.);
#1594=ORIENTED_EDGE('',*,*,#1115,.F.);
#1595=ORIENTED_EDGE('',*,*,#1164,.T.);
#1596=ORIENTED_EDGE('',*,*,#1165,.T.);
#1597=ORIENTED_EDGE('',*,*,#1124,.T.);
#1598=ORIENTED_EDGE('',*,*,#1162,.T.);
#1599=ORIENTED_EDGE('',*,*,#1086,.F.);
#1600=ORIENTED_EDGE('',*,*,#1080,.T.);
#1601=ORIENTED_EDGE('',*,*,#1168,.T.);
#1602=ORIENTED_EDGE('',*,*,#1077,.F.);
#1603=ORIENTED_EDGE('',*,*,#1169,.F.);
#1604=ORIENTED_EDGE('',*,*,#1170,.F.);
#1605=ORIENTED_EDGE('',*,*,#1047,.F.);
#1606=ORIENTED_EDGE('',*,*,#1051,.F.);
#1607=ORIENTED_EDGE('',*,*,#1054,.F.);
#1608=ORIENTED_EDGE('',*,*,#1057,.F.);
#1609=ORIENTED_EDGE('',*,*,#1060,.F.);
#1610=ORIENTED_EDGE('',*,*,#1063,.F.);
#1611=ORIENTED_EDGE('',*,*,#1066,.F.);
#1612=ORIENTED_EDGE('',*,*,#1069,.F.);
#1613=ORIENTED_EDGE('',*,*,#1072,.F.);
#1614=ORIENTED_EDGE('',*,*,#1075,.F.);
#1615=ORIENTED_EDGE('',*,*,#1078,.F.);
#1616=ORIENTED_EDGE('',*,*,#1168,.F.);
#1617=ORIENTED_EDGE('',*,*,#1083,.F.);
#1618=ORIENTED_EDGE('',*,*,#1171,.F.);
#1619=ORIENTED_EDGE('',*,*,#1043,.F.);
#1620=ORIENTED_EDGE('',*,*,#1172,.F.);
#1621=ORIENTED_EDGE('',*,*,#1041,.F.);
#1622=ORIENTED_EDGE('',*,*,#1038,.F.);
#1623=ORIENTED_EDGE('',*,*,#1035,.F.);
#1624=ORIENTED_EDGE('',*,*,#1032,.F.);
#1625=ORIENTED_EDGE('',*,*,#1029,.F.);
#1626=ORIENTED_EDGE('',*,*,#1026,.F.);
#1627=ORIENTED_EDGE('',*,*,#1023,.F.);
#1628=ORIENTED_EDGE('',*,*,#1020,.F.);
#1629=ORIENTED_EDGE('',*,*,#1017,.F.);
#1630=ORIENTED_EDGE('',*,*,#1014,.F.);
#1631=ORIENTED_EDGE('',*,*,#1011,.F.);
#1632=ORIENTED_EDGE('',*,*,#1173,.F.);
#1633=ORIENTED_EDGE('',*,*,#1009,.F.);
#1634=ORIENTED_EDGE('',*,*,#1013,.F.);
#1635=ORIENTED_EDGE('',*,*,#1016,.F.);
#1636=ORIENTED_EDGE('',*,*,#1019,.F.);
#1637=ORIENTED_EDGE('',*,*,#1022,.F.);
#1638=ORIENTED_EDGE('',*,*,#1025,.F.);
#1639=ORIENTED_EDGE('',*,*,#1028,.F.);
#1640=ORIENTED_EDGE('',*,*,#1031,.F.);
#1641=ORIENTED_EDGE('',*,*,#1034,.F.);
#1642=ORIENTED_EDGE('',*,*,#1037,.F.);
#1643=ORIENTED_EDGE('',*,*,#1040,.F.);
#1644=ORIENTED_EDGE('',*,*,#1174,.F.);
#1645=ORIENTED_EDGE('',*,*,#1045,.F.);
#1646=ORIENTED_EDGE('',*,*,#1175,.F.);
#1647=ORIENTED_EDGE('',*,*,#1081,.T.);
#1648=ORIENTED_EDGE('',*,*,#1169,.T.);
#1649=ORIENTED_EDGE('',*,*,#1079,.T.);
#1650=ORIENTED_EDGE('',*,*,#1076,.T.);
#1651=ORIENTED_EDGE('',*,*,#1073,.T.);
#1652=ORIENTED_EDGE('',*,*,#1070,.T.);
#1653=ORIENTED_EDGE('',*,*,#1067,.T.);
#1654=ORIENTED_EDGE('',*,*,#1064,.T.);
#1655=ORIENTED_EDGE('',*,*,#1061,.T.);
#1656=ORIENTED_EDGE('',*,*,#1058,.T.);
#1657=ORIENTED_EDGE('',*,*,#1055,.T.);
#1658=ORIENTED_EDGE('',*,*,#1052,.T.);
#1659=ORIENTED_EDGE('',*,*,#1049,.T.);
#1660=ORIENTED_EDGE('',*,*,#1042,.T.);
#1661=ORIENTED_EDGE('',*,*,#1174,.T.);
#1662=ORIENTED_EDGE('',*,*,#1039,.F.);
#1663=ORIENTED_EDGE('',*,*,#1172,.T.);
#1664=ORIENTED_EDGE('',*,*,#1173,.T.);
#1665=ORIENTED_EDGE('',*,*,#1048,.T.);
#1666=ORIENTED_EDGE('',*,*,#1170,.T.);
#1667=ORIENTED_EDGE('',*,*,#1010,.F.);
#1668=ORIENTED_EDGE('',*,*,#1176,.F.);
#1669=ORIENTED_EDGE('',*,*,#1177,.T.);
#1670=ORIENTED_EDGE('',*,*,#1178,.T.);
#1671=ORIENTED_EDGE('',*,*,#1179,.F.);
#1672=ORIENTED_EDGE('',*,*,#1180,.F.);
#1673=ORIENTED_EDGE('',*,*,#1181,.F.);
#1674=ORIENTED_EDGE('',*,*,#1182,.T.);
#1675=ORIENTED_EDGE('',*,*,#1177,.F.);
#1676=ORIENTED_EDGE('',*,*,#1183,.F.);
#1677=ORIENTED_EDGE('',*,*,#1184,.T.);
#1678=ORIENTED_EDGE('',*,*,#1185,.T.);
#1679=ORIENTED_EDGE('',*,*,#1186,.F.);
#1680=ORIENTED_EDGE('',*,*,#1187,.F.);
#1681=ORIENTED_EDGE('',*,*,#1188,.T.);
#1682=ORIENTED_EDGE('',*,*,#1189,.T.);
#1683=ORIENTED_EDGE('',*,*,#1184,.F.);
#1684=ORIENTED_EDGE('',*,*,#1190,.F.);
#1685=ORIENTED_EDGE('',*,*,#1178,.F.);
#1686=ORIENTED_EDGE('',*,*,#1182,.F.);
#1687=ORIENTED_EDGE('',*,*,#1191,.F.);
#1688=ORIENTED_EDGE('',*,*,#1185,.F.);
#1689=ORIENTED_EDGE('',*,*,#1189,.F.);
#1690=ORIENTED_EDGE('',*,*,#1192,.F.);
#1691=ORIENTED_EDGE('',*,*,#1193,.T.);
#1692=ORIENTED_EDGE('',*,*,#1194,.T.);
#1693=ORIENTED_EDGE('',*,*,#1195,.F.);
#1694=ORIENTED_EDGE('',*,*,#1196,.F.);
#1695=ORIENTED_EDGE('',*,*,#1197,.T.);
#1696=ORIENTED_EDGE('',*,*,#1198,.T.);
#1697=ORIENTED_EDGE('',*,*,#1193,.F.);
#1698=ORIENTED_EDGE('',*,*,#1199,.F.);
#1699=ORIENTED_EDGE('',*,*,#1200,.T.);
#1700=ORIENTED_EDGE('',*,*,#1201,.T.);
#1701=ORIENTED_EDGE('',*,*,#1202,.F.);
#1702=ORIENTED_EDGE('',*,*,#1203,.F.);
#1703=ORIENTED_EDGE('',*,*,#1204,.F.);
#1704=ORIENTED_EDGE('',*,*,#1205,.T.);
#1705=ORIENTED_EDGE('',*,*,#1200,.F.);
#1706=ORIENTED_EDGE('',*,*,#1206,.F.);
#1707=ORIENTED_EDGE('',*,*,#1194,.F.);
#1708=ORIENTED_EDGE('',*,*,#1198,.F.);
#1709=ORIENTED_EDGE('',*,*,#1207,.F.);
#1710=ORIENTED_EDGE('',*,*,#1201,.F.);
#1711=ORIENTED_EDGE('',*,*,#1205,.F.);
#1712=ORIENTED_EDGE('',*,*,#1186,.T.);
#1713=ORIENTED_EDGE('',*,*,#1191,.T.);
#1714=ORIENTED_EDGE('',*,*,#1181,.T.);
#1715=ORIENTED_EDGE('',*,*,#1208,.F.);
#1716=ORIENTED_EDGE('',*,*,#1209,.F.);
#1717=ORIENTED_EDGE('',*,*,#1210,.T.);
#1718=ORIENTED_EDGE('',*,*,#1211,.T.);
#1719=ORIENTED_EDGE('',*,*,#1212,.F.);
#1720=ORIENTED_EDGE('',*,*,#1202,.T.);
#1721=ORIENTED_EDGE('',*,*,#1207,.T.);
#1722=ORIENTED_EDGE('',*,*,#1197,.F.);
#1723=ORIENTED_EDGE('',*,*,#1213,.F.);
#1724=ORIENTED_EDGE('',*,*,#1214,.F.);
#1725=ORIENTED_EDGE('',*,*,#1215,.F.);
#1726=ORIENTED_EDGE('',*,*,#1216,.T.);
#1727=ORIENTED_EDGE('',*,*,#1217,.F.);
#1728=ORIENTED_EDGE('',*,*,#1180,.T.);
#1729=ORIENTED_EDGE('',*,*,#1176,.T.);
#1730=ORIENTED_EDGE('',*,*,#1218,.T.);
#1731=ORIENTED_EDGE('',*,*,#1219,.T.);
#1732=ORIENTED_EDGE('',*,*,#1220,.T.);
#1733=ORIENTED_EDGE('',*,*,#1221,.T.);
#1734=ORIENTED_EDGE('',*,*,#1213,.T.);
#1735=ORIENTED_EDGE('',*,*,#1196,.T.);
#1736=ORIENTED_EDGE('',*,*,#1192,.T.);
#1737=ORIENTED_EDGE('',*,*,#1222,.T.);
#1738=ORIENTED_EDGE('',*,*,#1223,.T.);
#1739=ORIENTED_EDGE('',*,*,#1224,.T.);
#1740=ORIENTED_EDGE('',*,*,#1225,.T.);
#1741=ORIENTED_EDGE('',*,*,#1208,.T.);
#1742=ORIENTED_EDGE('',*,*,#1183,.T.);
#1743=ORIENTED_EDGE('',*,*,#1212,.T.);
#1744=ORIENTED_EDGE('',*,*,#1226,.T.);
#1745=ORIENTED_EDGE('',*,*,#1227,.T.);
#1746=ORIENTED_EDGE('',*,*,#1228,.T.);
#1747=ORIENTED_EDGE('',*,*,#1229,.T.);
#1748=ORIENTED_EDGE('',*,*,#1203,.T.);
#1749=ORIENTED_EDGE('',*,*,#1199,.T.);
#1750=ORIENTED_EDGE('',*,*,#1217,.T.);
#1751=ORIENTED_EDGE('',*,*,#1230,.T.);
#1752=ORIENTED_EDGE('',*,*,#1231,.T.);
#1753=ORIENTED_EDGE('',*,*,#1232,.T.);
#1754=ORIENTED_EDGE('',*,*,#1233,.T.);
#1755=ORIENTED_EDGE('',*,*,#1187,.T.);
#1756=ORIENTED_EDGE('',*,*,#1234,.F.);
#1757=ORIENTED_EDGE('',*,*,#1235,.F.);
#1758=ORIENTED_EDGE('',*,*,#1210,.F.);
#1759=ORIENTED_EDGE('',*,*,#1236,.F.);
#1760=ORIENTED_EDGE('',*,*,#1237,.F.);
#1761=ORIENTED_EDGE('',*,*,#1238,.F.);
#1762=ORIENTED_EDGE('',*,*,#1239,.F.);
#1763=ORIENTED_EDGE('',*,*,#1240,.F.);
#1764=ORIENTED_EDGE('',*,*,#1236,.T.);
#1765=ORIENTED_EDGE('',*,*,#1209,.T.);
#1766=ORIENTED_EDGE('',*,*,#1225,.F.);
#1767=ORIENTED_EDGE('',*,*,#1241,.F.);
#1768=ORIENTED_EDGE('',*,*,#1235,.T.);
#1769=ORIENTED_EDGE('',*,*,#1242,.T.);
#1770=ORIENTED_EDGE('',*,*,#1226,.F.);
#1771=ORIENTED_EDGE('',*,*,#1211,.F.);
#1772=ORIENTED_EDGE('',*,*,#1234,.T.);
#1773=ORIENTED_EDGE('',*,*,#1243,.T.);
#1774=ORIENTED_EDGE('',*,*,#1227,.F.);
#1775=ORIENTED_EDGE('',*,*,#1242,.F.);
#1776=ORIENTED_EDGE('',*,*,#1237,.T.);
#1777=ORIENTED_EDGE('',*,*,#1241,.T.);
#1778=ORIENTED_EDGE('',*,*,#1224,.F.);
#1779=ORIENTED_EDGE('',*,*,#1244,.F.);
#1780=ORIENTED_EDGE('',*,*,#1238,.T.);
#1781=ORIENTED_EDGE('',*,*,#1244,.T.);
#1782=ORIENTED_EDGE('',*,*,#1223,.F.);
#1783=ORIENTED_EDGE('',*,*,#1245,.F.);
#1784=ORIENTED_EDGE('',*,*,#1204,.T.);
#1785=ORIENTED_EDGE('',*,*,#1229,.F.);
#1786=ORIENTED_EDGE('',*,*,#1246,.F.);
#1787=ORIENTED_EDGE('',*,*,#1239,.T.);
#1788=ORIENTED_EDGE('',*,*,#1245,.T.);
#1789=ORIENTED_EDGE('',*,*,#1222,.F.);
#1790=ORIENTED_EDGE('',*,*,#1195,.T.);
#1791=ORIENTED_EDGE('',*,*,#1206,.T.);
#1792=ORIENTED_EDGE('',*,*,#1240,.T.);
#1793=ORIENTED_EDGE('',*,*,#1246,.T.);
#1794=ORIENTED_EDGE('',*,*,#1228,.F.);
#1795=ORIENTED_EDGE('',*,*,#1243,.F.);
#1796=ORIENTED_EDGE('',*,*,#1247,.T.);
#1797=ORIENTED_EDGE('',*,*,#1214,.T.);
#1798=ORIENTED_EDGE('',*,*,#1221,.F.);
#1799=ORIENTED_EDGE('',*,*,#1248,.F.);
#1800=ORIENTED_EDGE('',*,*,#1249,.F.);
#1801=ORIENTED_EDGE('',*,*,#1248,.T.);
#1802=ORIENTED_EDGE('',*,*,#1220,.F.);
#1803=ORIENTED_EDGE('',*,*,#1250,.F.);
#1804=ORIENTED_EDGE('',*,*,#1251,.T.);
#1805=ORIENTED_EDGE('',*,*,#1250,.T.);
#1806=ORIENTED_EDGE('',*,*,#1219,.F.);
#1807=ORIENTED_EDGE('',*,*,#1252,.F.);
#1808=ORIENTED_EDGE('',*,*,#1188,.F.);
#1809=ORIENTED_EDGE('',*,*,#1233,.F.);
#1810=ORIENTED_EDGE('',*,*,#1253,.F.);
#1811=ORIENTED_EDGE('',*,*,#1254,.F.);
#1812=ORIENTED_EDGE('',*,*,#1252,.T.);
#1813=ORIENTED_EDGE('',*,*,#1218,.F.);
#1814=ORIENTED_EDGE('',*,*,#1179,.T.);
#1815=ORIENTED_EDGE('',*,*,#1190,.T.);
#1816=ORIENTED_EDGE('',*,*,#1255,.T.);
#1817=ORIENTED_EDGE('',*,*,#1253,.T.);
#1818=ORIENTED_EDGE('',*,*,#1232,.F.);
#1819=ORIENTED_EDGE('',*,*,#1256,.F.);
#1820=ORIENTED_EDGE('',*,*,#1257,.F.);
#1821=ORIENTED_EDGE('',*,*,#1256,.T.);
#1822=ORIENTED_EDGE('',*,*,#1231,.F.);
#1823=ORIENTED_EDGE('',*,*,#1258,.F.);
#1824=ORIENTED_EDGE('',*,*,#1259,.T.);
#1825=ORIENTED_EDGE('',*,*,#1258,.T.);
#1826=ORIENTED_EDGE('',*,*,#1230,.F.);
#1827=ORIENTED_EDGE('',*,*,#1216,.F.);
#1828=ORIENTED_EDGE('',*,*,#1259,.F.);
#1829=ORIENTED_EDGE('',*,*,#1215,.T.);
#1830=ORIENTED_EDGE('',*,*,#1247,.F.);
#1831=ORIENTED_EDGE('',*,*,#1249,.T.);
#1832=ORIENTED_EDGE('',*,*,#1251,.F.);
#1833=ORIENTED_EDGE('',*,*,#1254,.T.);
#1834=ORIENTED_EDGE('',*,*,#1255,.F.);
#1835=ORIENTED_EDGE('',*,*,#1257,.T.);
#1836=ORIENTED_EDGE('',*,*,#1260,.T.);
#1837=ORIENTED_EDGE('',*,*,#1261,.T.);
#1838=ORIENTED_EDGE('',*,*,#1262,.T.);
#1839=ORIENTED_EDGE('',*,*,#1263,.T.);
#1840=ORIENTED_EDGE('',*,*,#1264,.T.);
#1841=ORIENTED_EDGE('',*,*,#1265,.T.);
#1842=ORIENTED_EDGE('',*,*,#1266,.T.);
#1843=ORIENTED_EDGE('',*,*,#1267,.T.);
#1844=ORIENTED_EDGE('',*,*,#1268,.F.);
#1845=ORIENTED_EDGE('',*,*,#1269,.T.);
#1846=ORIENTED_EDGE('',*,*,#1265,.F.);
#1847=ORIENTED_EDGE('',*,*,#1270,.F.);
#1848=ORIENTED_EDGE('',*,*,#1271,.T.);
#1849=ORIENTED_EDGE('',*,*,#1270,.T.);
#1850=ORIENTED_EDGE('',*,*,#1264,.F.);
#1851=ORIENTED_EDGE('',*,*,#1272,.F.);
#1852=ORIENTED_EDGE('',*,*,#1273,.F.);
#1853=ORIENTED_EDGE('',*,*,#1272,.T.);
#1854=ORIENTED_EDGE('',*,*,#1263,.F.);
#1855=ORIENTED_EDGE('',*,*,#1274,.F.);
#1856=ORIENTED_EDGE('',*,*,#1275,.T.);
#1857=ORIENTED_EDGE('',*,*,#1274,.T.);
#1858=ORIENTED_EDGE('',*,*,#1262,.F.);
#1859=ORIENTED_EDGE('',*,*,#1276,.F.);
#1860=ORIENTED_EDGE('',*,*,#1277,.F.);
#1861=ORIENTED_EDGE('',*,*,#1276,.T.);
#1862=ORIENTED_EDGE('',*,*,#1261,.F.);
#1863=ORIENTED_EDGE('',*,*,#1278,.F.);
#1864=ORIENTED_EDGE('',*,*,#1279,.T.);
#1865=ORIENTED_EDGE('',*,*,#1278,.T.);
#1866=ORIENTED_EDGE('',*,*,#1260,.F.);
#1867=ORIENTED_EDGE('',*,*,#1280,.F.);
#1868=ORIENTED_EDGE('',*,*,#1281,.F.);
#1869=ORIENTED_EDGE('',*,*,#1280,.T.);
#1870=ORIENTED_EDGE('',*,*,#1267,.F.);
#1871=ORIENTED_EDGE('',*,*,#1282,.F.);
#1872=ORIENTED_EDGE('',*,*,#1283,.T.);
#1873=ORIENTED_EDGE('',*,*,#1282,.T.);
#1874=ORIENTED_EDGE('',*,*,#1266,.F.);
#1875=ORIENTED_EDGE('',*,*,#1269,.F.);
#1876=ORIENTED_EDGE('',*,*,#1283,.F.);
#1877=ORIENTED_EDGE('',*,*,#1268,.T.);
#1878=ORIENTED_EDGE('',*,*,#1271,.F.);
#1879=ORIENTED_EDGE('',*,*,#1273,.T.);
#1880=ORIENTED_EDGE('',*,*,#1275,.F.);
#1881=ORIENTED_EDGE('',*,*,#1277,.T.);
#1882=ORIENTED_EDGE('',*,*,#1279,.F.);
#1883=ORIENTED_EDGE('',*,*,#1281,.T.);
#1884=ORIENTED_EDGE('',*,*,#1167,.T.);
#1885=ORIENTED_EDGE('',*,*,#1120,.T.);
#1886=ORIENTED_EDGE('',*,*,#1163,.T.);
#1887=ORIENTED_EDGE('',*,*,#1158,.T.);
#1888=ORIENTED_EDGE('',*,*,#1175,.T.);
#1889=ORIENTED_EDGE('',*,*,#1044,.T.);
#1890=ORIENTED_EDGE('',*,*,#1171,.T.);
#1891=ORIENTED_EDGE('',*,*,#1082,.T.);
#1892=ORIENTED_EDGE('',*,*,#1284,.T.);
#1893=ORIENTED_EDGE('',*,*,#1285,.T.);
#1894=ORIENTED_EDGE('',*,*,#1286,.T.);
#1895=ORIENTED_EDGE('',*,*,#1287,.T.);
#1896=ORIENTED_EDGE('',*,*,#1288,.T.);
#1897=ORIENTED_EDGE('',*,*,#1289,.T.);
#1898=ORIENTED_EDGE('',*,*,#1286,.F.);
#1899=ORIENTED_EDGE('',*,*,#1290,.T.);
#1900=ORIENTED_EDGE('',*,*,#1291,.T.);
#1901=ORIENTED_EDGE('',*,*,#1292,.T.);
#1902=ORIENTED_EDGE('',*,*,#1288,.F.);
#1903=ORIENTED_EDGE('',*,*,#1293,.T.);
#1904=ORIENTED_EDGE('',*,*,#1294,.T.);
#1905=ORIENTED_EDGE('',*,*,#1295,.T.);
#1906=ORIENTED_EDGE('',*,*,#1291,.F.);
#1907=ORIENTED_EDGE('',*,*,#1296,.T.);
#1908=ORIENTED_EDGE('',*,*,#1297,.T.);
#1909=ORIENTED_EDGE('',*,*,#1298,.T.);
#1910=ORIENTED_EDGE('',*,*,#1294,.F.);
#1911=ORIENTED_EDGE('',*,*,#1299,.T.);
#1912=ORIENTED_EDGE('',*,*,#1300,.T.);
#1913=ORIENTED_EDGE('',*,*,#1301,.T.);
#1914=ORIENTED_EDGE('',*,*,#1297,.F.);
#1915=ORIENTED_EDGE('',*,*,#1302,.T.);
#1916=ORIENTED_EDGE('',*,*,#1303,.T.);
#1917=ORIENTED_EDGE('',*,*,#1304,.T.);
#1918=ORIENTED_EDGE('',*,*,#1300,.F.);
#1919=ORIENTED_EDGE('',*,*,#1305,.T.);
#1920=ORIENTED_EDGE('',*,*,#1303,.F.);
#1921=ORIENTED_EDGE('',*,*,#1306,.T.);
#1922=ORIENTED_EDGE('',*,*,#1284,.F.);
#1923=ORIENTED_EDGE('',*,*,#1307,.T.);
#1924=ORIENTED_EDGE('',*,*,#1301,.F.);
#1925=ORIENTED_EDGE('',*,*,#1308,.T.);
#1926=ORIENTED_EDGE('',*,*,#1309,.F.);
#1927=ORIENTED_EDGE('',*,*,#1310,.F.);
#1928=ORIENTED_EDGE('',*,*,#1304,.F.);
#1929=ORIENTED_EDGE('',*,*,#1311,.T.);
#1930=ORIENTED_EDGE('',*,*,#1312,.F.);
#1931=ORIENTED_EDGE('',*,*,#1308,.F.);
#1932=ORIENTED_EDGE('',*,*,#1307,.F.);
#1933=ORIENTED_EDGE('',*,*,#1313,.T.);
#1934=ORIENTED_EDGE('',*,*,#1314,.F.);
#1935=ORIENTED_EDGE('',*,*,#1311,.F.);
#1936=ORIENTED_EDGE('',*,*,#1287,.F.);
#1937=ORIENTED_EDGE('',*,*,#1315,.T.);
#1938=ORIENTED_EDGE('',*,*,#1316,.F.);
#1939=ORIENTED_EDGE('',*,*,#1313,.F.);
#1940=ORIENTED_EDGE('',*,*,#1285,.F.);
#1941=ORIENTED_EDGE('',*,*,#1306,.F.);
#1942=ORIENTED_EDGE('',*,*,#1305,.F.);
#1943=ORIENTED_EDGE('',*,*,#1302,.F.);
#1944=ORIENTED_EDGE('',*,*,#1299,.F.);
#1945=ORIENTED_EDGE('',*,*,#1296,.F.);
#1946=ORIENTED_EDGE('',*,*,#1293,.F.);
#1947=ORIENTED_EDGE('',*,*,#1290,.F.);
#1948=ORIENTED_EDGE('',*,*,#1317,.T.);
#1949=ORIENTED_EDGE('',*,*,#1318,.T.);
#1950=ORIENTED_EDGE('',*,*,#1319,.T.);
#1951=ORIENTED_EDGE('',*,*,#1320,.T.);
#1952=ORIENTED_EDGE('',*,*,#1321,.T.);
#1953=ORIENTED_EDGE('',*,*,#1322,.T.);
#1954=ORIENTED_EDGE('',*,*,#1319,.F.);
#1955=ORIENTED_EDGE('',*,*,#1323,.T.);
#1956=ORIENTED_EDGE('',*,*,#1324,.T.);
#1957=ORIENTED_EDGE('',*,*,#1325,.T.);
#1958=ORIENTED_EDGE('',*,*,#1321,.F.);
#1959=ORIENTED_EDGE('',*,*,#1309,.T.);
#1960=ORIENTED_EDGE('',*,*,#1326,.T.);
#1961=ORIENTED_EDGE('',*,*,#1327,.T.);
#1962=ORIENTED_EDGE('',*,*,#1324,.F.);
#1963=ORIENTED_EDGE('',*,*,#1312,.T.);
#1964=ORIENTED_EDGE('',*,*,#1328,.T.);
#1965=ORIENTED_EDGE('',*,*,#1329,.T.);
#1966=ORIENTED_EDGE('',*,*,#1326,.F.);
#1967=ORIENTED_EDGE('',*,*,#1314,.T.);
#1968=ORIENTED_EDGE('',*,*,#1330,.T.);
#1969=ORIENTED_EDGE('',*,*,#1331,.T.);
#1970=ORIENTED_EDGE('',*,*,#1328,.F.);
#1971=ORIENTED_EDGE('',*,*,#1316,.T.);
#1972=ORIENTED_EDGE('',*,*,#1332,.T.);
#1973=ORIENTED_EDGE('',*,*,#1333,.T.);
#1974=ORIENTED_EDGE('',*,*,#1330,.F.);
#1975=ORIENTED_EDGE('',*,*,#1334,.T.);
#1976=ORIENTED_EDGE('',*,*,#1317,.F.);
#1977=ORIENTED_EDGE('',*,*,#1335,.T.);
#1978=ORIENTED_EDGE('',*,*,#1332,.F.);
#1979=ORIENTED_EDGE('',*,*,#1336,.T.);
#1980=ORIENTED_EDGE('',*,*,#1298,.F.);
#1981=ORIENTED_EDGE('',*,*,#1310,.T.);
#1982=ORIENTED_EDGE('',*,*,#1323,.F.);
#1983=ORIENTED_EDGE('',*,*,#1337,.F.);
#1984=ORIENTED_EDGE('',*,*,#1295,.F.);
#1985=ORIENTED_EDGE('',*,*,#1337,.T.);
#1986=ORIENTED_EDGE('',*,*,#1318,.F.);
#1987=ORIENTED_EDGE('',*,*,#1338,.F.);
#1988=ORIENTED_EDGE('',*,*,#1320,.F.);
#1989=ORIENTED_EDGE('',*,*,#1322,.F.);
#1990=ORIENTED_EDGE('',*,*,#1325,.F.);
#1991=ORIENTED_EDGE('',*,*,#1327,.F.);
#1992=ORIENTED_EDGE('',*,*,#1329,.F.);
#1993=ORIENTED_EDGE('',*,*,#1331,.F.);
#1994=ORIENTED_EDGE('',*,*,#1333,.F.);
#1995=ORIENTED_EDGE('',*,*,#1335,.F.);
#1996=ORIENTED_EDGE('',*,*,#1292,.F.);
#1997=ORIENTED_EDGE('',*,*,#1338,.T.);
#1998=ORIENTED_EDGE('',*,*,#1336,.F.);
#1999=ORIENTED_EDGE('',*,*,#1339,.F.);
#2000=ORIENTED_EDGE('',*,*,#1289,.F.);
#2001=ORIENTED_EDGE('',*,*,#1339,.T.);
#2002=ORIENTED_EDGE('',*,*,#1334,.F.);
#2003=ORIENTED_EDGE('',*,*,#1315,.F.);
#2004=CYLINDRICAL_SURFACE('',#2222,0.06725);
#2005=CYLINDRICAL_SURFACE('',#2224,0.06725);
#2006=CYLINDRICAL_SURFACE('',#2225,0.06725);
#2007=CYLINDRICAL_SURFACE('',#2226,0.06725);
#2008=CYLINDRICAL_SURFACE('',#2227,0.06725);
#2009=CYLINDRICAL_SURFACE('',#2228,0.06725);
#2010=CYLINDRICAL_SURFACE('',#2229,0.06725);
#2011=CYLINDRICAL_SURFACE('',#2230,0.06725);
#2012=CYLINDRICAL_SURFACE('',#2231,0.06725);
#2013=CYLINDRICAL_SURFACE('',#2232,0.06725);
#2014=CYLINDRICAL_SURFACE('',#2233,0.06725);
#2015=CYLINDRICAL_SURFACE('',#2234,0.06725);
#2016=CYLINDRICAL_SURFACE('',#2236,0.0820000000000001);
#2017=CYLINDRICAL_SURFACE('',#2238,0.0820000000000001);
#2018=CYLINDRICAL_SURFACE('',#2239,0.0820000000000001);
#2019=CYLINDRICAL_SURFACE('',#2240,0.0820000000000001);
#2020=CYLINDRICAL_SURFACE('',#2241,0.0820000000000001);
#2021=CYLINDRICAL_SURFACE('',#2242,0.0820000000000001);
#2022=CYLINDRICAL_SURFACE('',#2243,0.0820000000000001);
#2023=CYLINDRICAL_SURFACE('',#2244,0.0820000000000001);
#2024=CYLINDRICAL_SURFACE('',#2245,0.0820000000000001);
#2025=CYLINDRICAL_SURFACE('',#2246,0.0820000000000001);
#2026=CYLINDRICAL_SURFACE('',#2247,0.0820000000000001);
#2027=CYLINDRICAL_SURFACE('',#2248,0.0820000000000001);
#2028=CYLINDRICAL_SURFACE('',#2250,0.06725);
#2029=CYLINDRICAL_SURFACE('',#2252,0.06725);
#2030=CYLINDRICAL_SURFACE('',#2253,0.06725);
#2031=CYLINDRICAL_SURFACE('',#2254,0.06725);
#2032=CYLINDRICAL_SURFACE('',#2255,0.06725);
#2033=CYLINDRICAL_SURFACE('',#2256,0.06725);
#2034=CYLINDRICAL_SURFACE('',#2257,0.06725);
#2035=CYLINDRICAL_SURFACE('',#2258,0.06725);
#2036=CYLINDRICAL_SURFACE('',#2259,0.06725);
#2037=CYLINDRICAL_SURFACE('',#2260,0.06725);
#2038=CYLINDRICAL_SURFACE('',#2261,0.06725);
#2039=CYLINDRICAL_SURFACE('',#2262,0.06725);
#2040=CYLINDRICAL_SURFACE('',#2264,0.082);
#2041=CYLINDRICAL_SURFACE('',#2266,0.082);
#2042=CYLINDRICAL_SURFACE('',#2267,0.082);
#2043=CYLINDRICAL_SURFACE('',#2268,0.082);
#2044=CYLINDRICAL_SURFACE('',#2269,0.082);
#2045=CYLINDRICAL_SURFACE('',#2270,0.082);
#2046=CYLINDRICAL_SURFACE('',#2271,0.082);
#2047=CYLINDRICAL_SURFACE('',#2272,0.082);
#2048=CYLINDRICAL_SURFACE('',#2273,0.082);
#2049=CYLINDRICAL_SURFACE('',#2274,0.082);
#2050=CYLINDRICAL_SURFACE('',#2275,0.082);
#2051=CYLINDRICAL_SURFACE('',#2276,0.082);
#2052=CYLINDRICAL_SURFACE('',#2278,0.082);
#2053=CYLINDRICAL_SURFACE('',#2279,0.06725);
#2054=CYLINDRICAL_SURFACE('',#2281,0.0820000000000001);
#2055=CYLINDRICAL_SURFACE('',#2282,0.06725);
#2056=CYLINDRICAL_SURFACE('',#2284,0.0499999999999996);
#2057=CYLINDRICAL_SURFACE('',#2289,0.0500000000000003);
#2058=CYLINDRICAL_SURFACE('',#2294,0.0499999999999996);
#2059=CYLINDRICAL_SURFACE('',#2297,0.0500000000000001);
#2060=CYLINDRICAL_SURFACE('',#2319,0.0500000000000003);
#2061=CYLINDRICAL_SURFACE('',#2320,0.0499999999999996);
#2062=CYLINDRICAL_SURFACE('',#2323,0.050000000000001);
#2063=CYLINDRICAL_SURFACE('',#2325,0.0499999999999866);
#2064=CYLINDRICAL_SURFACE('',#2326,0.112500000000001);
#2065=CYLINDRICAL_SURFACE('',#2329,0.1125);
#2066=CYLINDRICAL_SURFACE('',#2332,0.1125);
#2067=CYLINDRICAL_SURFACE('',#2335,0.112500000003827);
#2068=CYLINDRICAL_SURFACE('',#2343,0.050000000000001);
#2069=CYLINDRICAL_SURFACE('',#2346,0.050000000000001);
#2070=CYLINDRICAL_SURFACE('',#2349,0.0499999999999996);
#2071=CYLINDRICAL_SURFACE('',#2352,0.050000000000001);
#2072=CYLINDRICAL_SURFACE('',#2359,0.025);
#2073=CYLINDRICAL_SURFACE('',#2364,0.025);
#2074=CYLINDRICAL_SURFACE('',#2369,0.025);
#2075=CYLINDRICAL_SURFACE('',#2374,0.025);
#2076=CYLINDRICAL_SURFACE('',#2376,0.0500000000000003);
#2077=CYLINDRICAL_SURFACE('',#2379,0.0499999999999996);
#2078=CYLINDRICAL_SURFACE('',#2382,0.025);
#2079=CYLINDRICAL_SURFACE('',#2388,0.025);
#2080=CYLINDRICAL_SURFACE('',#2392,0.025);
#2081=CYLINDRICAL_SURFACE('',#2396,0.025);
#2082=CYLINDRICAL_SURFACE('',#2400,0.0500000000000001);
#2083=CYLINDRICAL_SURFACE('',#2403,0.0499999999999996);
#2084=ADVANCED_FACE('',(#63),#2004,.F.);
#2085=ADVANCED_FACE('',(#64),#2005,.F.);
#2086=ADVANCED_FACE('',(#65),#2006,.F.);
#2087=ADVANCED_FACE('',(#66),#2007,.F.);
#2088=ADVANCED_FACE('',(#67),#2008,.F.);
#2089=ADVANCED_FACE('',(#68),#2009,.F.);
#2090=ADVANCED_FACE('',(#69),#2010,.F.);
#2091=ADVANCED_FACE('',(#70),#2011,.F.);
#2092=ADVANCED_FACE('',(#71),#2012,.F.);
#2093=ADVANCED_FACE('',(#72),#2013,.F.);
#2094=ADVANCED_FACE('',(#73),#2014,.F.);
#2095=ADVANCED_FACE('',(#74),#2015,.F.);
#2096=ADVANCED_FACE('',(#75),#2016,.F.);
#2097=ADVANCED_FACE('',(#76),#2017,.F.);
#2098=ADVANCED_FACE('',(#77),#2018,.F.);
#2099=ADVANCED_FACE('',(#78),#2019,.F.);
#2100=ADVANCED_FACE('',(#79),#2020,.F.);
#2101=ADVANCED_FACE('',(#80),#2021,.F.);
#2102=ADVANCED_FACE('',(#81),#2022,.F.);
#2103=ADVANCED_FACE('',(#82),#2023,.F.);
#2104=ADVANCED_FACE('',(#83),#2024,.F.);
#2105=ADVANCED_FACE('',(#84),#2025,.F.);
#2106=ADVANCED_FACE('',(#85),#2026,.F.);
#2107=ADVANCED_FACE('',(#86),#2027,.F.);
#2108=ADVANCED_FACE('',(#87),#2028,.F.);
#2109=ADVANCED_FACE('',(#88),#2029,.F.);
#2110=ADVANCED_FACE('',(#89),#2030,.F.);
#2111=ADVANCED_FACE('',(#90),#2031,.F.);
#2112=ADVANCED_FACE('',(#91),#2032,.F.);
#2113=ADVANCED_FACE('',(#92),#2033,.F.);
#2114=ADVANCED_FACE('',(#93),#2034,.F.);
#2115=ADVANCED_FACE('',(#94),#2035,.F.);
#2116=ADVANCED_FACE('',(#95),#2036,.F.);
#2117=ADVANCED_FACE('',(#96),#2037,.F.);
#2118=ADVANCED_FACE('',(#97),#2038,.F.);
#2119=ADVANCED_FACE('',(#98),#2039,.F.);
#2120=ADVANCED_FACE('',(#99),#2040,.F.);
#2121=ADVANCED_FACE('',(#100),#2041,.F.);
#2122=ADVANCED_FACE('',(#101),#2042,.F.);
#2123=ADVANCED_FACE('',(#102),#2043,.F.);
#2124=ADVANCED_FACE('',(#103),#2044,.F.);
#2125=ADVANCED_FACE('',(#104),#2045,.F.);
#2126=ADVANCED_FACE('',(#105),#2046,.F.);
#2127=ADVANCED_FACE('',(#106),#2047,.F.);
#2128=ADVANCED_FACE('',(#107),#2048,.F.);
#2129=ADVANCED_FACE('',(#108),#2049,.F.);
#2130=ADVANCED_FACE('',(#109),#2050,.F.);
#2131=ADVANCED_FACE('',(#110),#2051,.F.);
#2132=ADVANCED_FACE('',(#111),#2052,.F.);
#2133=ADVANCED_FACE('',(#112),#59,.F.);
#2134=ADVANCED_FACE('',(#113),#60,.F.);
#2135=ADVANCED_FACE('',(#114),#2053,.F.);
#2136=ADVANCED_FACE('',(#115),#28,.F.);
#2137=ADVANCED_FACE('',(#116),#2054,.F.);
#2138=ADVANCED_FACE('',(#117),#61,.F.);
#2139=ADVANCED_FACE('',(#118),#62,.F.);
#2140=ADVANCED_FACE('',(#119),#2055,.F.);
#2141=ADVANCED_FACE('',(#120),#29,.F.);
#2142=ADVANCED_FACE('',(#121),#2056,.F.);
#2143=ADVANCED_FACE('',(#122),#30,.F.);
#2144=ADVANCED_FACE('',(#123),#31,.F.);
#2145=ADVANCED_FACE('',(#124),#2057,.F.);
#2146=ADVANCED_FACE('',(#125),#32,.T.);
#2147=ADVANCED_FACE('',(#126),#33,.F.);
#2148=ADVANCED_FACE('',(#127),#2058,.F.);
#2149=ADVANCED_FACE('',(#128),#2059,.F.);
#2150=ADVANCED_FACE('',(#129),#34,.F.);
#2151=ADVANCED_FACE('',(#130),#35,.T.);
#2152=ADVANCED_FACE('',(#131),#36,.T.);
#2153=ADVANCED_FACE('',(#132),#37,.T.);
#2154=ADVANCED_FACE('',(#133),#38,.T.);
#2155=ADVANCED_FACE('',(#134),#39,.T.);
#2156=ADVANCED_FACE('',(#135),#40,.T.);
#2157=ADVANCED_FACE('',(#136),#2060,.F.);
#2158=ADVANCED_FACE('',(#137),#2061,.F.);
#2159=ADVANCED_FACE('',(#138),#41,.T.);
#2160=ADVANCED_FACE('',(#139),#42,.T.);
#2161=ADVANCED_FACE('',(#140),#2062,.F.);
#2162=ADVANCED_FACE('',(#141),#43,.T.);
#2163=ADVANCED_FACE('',(#142),#2063,.F.);
#2164=ADVANCED_FACE('',(#143),#2064,.T.);
#2165=ADVANCED_FACE('',(#144),#44,.T.);
#2166=ADVANCED_FACE('',(#145),#2065,.T.);
#2167=ADVANCED_FACE('',(#146),#45,.T.);
#2168=ADVANCED_FACE('',(#147),#2066,.T.);
#2169=ADVANCED_FACE('',(#148),#46,.T.);
#2170=ADVANCED_FACE('',(#149),#2067,.T.);
#2171=ADVANCED_FACE('',(#150,#25),#47,.F.);
#2172=ADVANCED_FACE('',(#151),#48,.T.);
#2173=ADVANCED_FACE('',(#152),#2068,.T.);
#2174=ADVANCED_FACE('',(#153),#49,.T.);
#2175=ADVANCED_FACE('',(#154),#2069,.T.);
#2176=ADVANCED_FACE('',(#155),#50,.T.);
#2177=ADVANCED_FACE('',(#156),#2070,.T.);
#2178=ADVANCED_FACE('',(#157),#51,.T.);
#2179=ADVANCED_FACE('',(#158),#2071,.T.);
#2180=ADVANCED_FACE('',(#159,#26,#27),#52,.F.);
#2181=ADVANCED_FACE('',(#160),#13,.F.);
#2182=ADVANCED_FACE('',(#161),#2072,.T.);
#2183=ADVANCED_FACE('',(#162),#14,.F.);
#2184=ADVANCED_FACE('',(#163),#2073,.T.);
#2185=ADVANCED_FACE('',(#164),#15,.F.);
#2186=ADVANCED_FACE('',(#165),#2074,.T.);
#2187=ADVANCED_FACE('',(#166),#16,.F.);
#2188=ADVANCED_FACE('',(#167),#2075,.T.);
#2189=ADVANCED_FACE('',(#168),#53,.T.);
#2190=ADVANCED_FACE('',(#169),#2076,.T.);
#2191=ADVANCED_FACE('',(#170),#54,.T.);
#2192=ADVANCED_FACE('',(#171),#2077,.T.);
#2193=ADVANCED_FACE('',(#172),#55,.F.);
#2194=ADVANCED_FACE('',(#173),#2078,.T.);
#2195=ADVANCED_FACE('',(#174),#17,.F.);
#2196=ADVANCED_FACE('',(#175),#2079,.T.);
#2197=ADVANCED_FACE('',(#176),#18,.F.);
#2198=ADVANCED_FACE('',(#177),#2080,.T.);
#2199=ADVANCED_FACE('',(#178),#19,.F.);
#2200=ADVANCED_FACE('',(#179),#2081,.T.);
#2201=ADVANCED_FACE('',(#180),#20,.F.);
#2202=ADVANCED_FACE('',(#181),#2082,.T.);
#2203=ADVANCED_FACE('',(#182),#56,.T.);
#2204=ADVANCED_FACE('',(#183),#57,.T.);
#2205=ADVANCED_FACE('',(#184),#2083,.T.);
#2206=ADVANCED_FACE('',(#185),#58,.T.);
#2207=CLOSED_SHELL('',(#2084,#2085,#2086,#2087,#2088,#2089,#2090,#2091,
#2092,#2093,#2094,#2095,#2096,#2097,#2098,#2099,#2100,#2101,#2102,#2103,
#2104,#2105,#2106,#2107,#2108,#2109,#2110,#2111,#2112,#2113,#2114,#2115,
#2116,#2117,#2118,#2119,#2120,#2121,#2122,#2123,#2124,#2125,#2126,#2127,
#2128,#2129,#2130,#2131,#2132,#2133,#2134,#2135,#2136,#2137,#2138,#2139,
#2140,#2141,#2142,#2143,#2144,#2145,#2146,#2147,#2148,#2149,#2150,#2151,
#2152,#2153,#2154,#2155,#2156,#2157,#2158,#2159,#2160,#2161,#2162,#2163,
#2164,#2165,#2166,#2167,#2168,#2169,#2170,#2171,#2172,#2173,#2174,#2175,
#2176,#2177,#2178,#2179,#2180));
#2208=CLOSED_SHELL('',(#2181,#2182,#2183,#2184,#2185,#2186,#2187,#2188,
#2189,#2190,#2191,#2192,#2193,#2194,#2195,#2196,#2197,#2198,#2199,#2200,
#2201,#2202,#2203,#2204,#2205,#2206));
#2209=DERIVED_UNIT_ELEMENT(#2211,1.);
#2210=DERIVED_UNIT_ELEMENT(#6772,-3.);
#2211=(
MASS_UNIT()
NAMED_UNIT(*)
SI_UNIT(.KILO.,.GRAM.)
);
#2212=DERIVED_UNIT((#2209,#2210));
#2213=MEASURE_REPRESENTATION_ITEM('density measure',
POSITIVE_RATIO_MEASURE(7850.),#2212);
#2214=PROPERTY_DEFINITION_REPRESENTATION(#2219,#2216);
#2215=PROPERTY_DEFINITION_REPRESENTATION(#2220,#2217);
#2216=REPRESENTATION('material name',(#2218),#6767);
#2217=REPRESENTATION('density',(#2213),#6767);
#2218=DESCRIPTIVE_REPRESENTATION_ITEM('Steel','Steel');
#2219=PROPERTY_DEFINITION('material property','material name',#6780);
#2220=PROPERTY_DEFINITION('material property','density of part',#6780);
#2221=AXIS2_PLACEMENT_3D('',#2921,#2405,#2406);
#2222=AXIS2_PLACEMENT_3D('',#2922,#2407,#2408);
#2223=AXIS2_PLACEMENT_3D('',#2932,#2410,#2411);
#2224=AXIS2_PLACEMENT_3D('',#2946,#2412,#2413);
#2225=AXIS2_PLACEMENT_3D('',#2997,#2415,#2416);
#2226=AXIS2_PLACEMENT_3D('',#3045,#2418,#2419);
#2227=AXIS2_PLACEMENT_3D('',#3096,#2421,#2422);
#2228=AXIS2_PLACEMENT_3D('',#3147,#2424,#2425);
#2229=AXIS2_PLACEMENT_3D('',#3198,#2427,#2428);
#2230=AXIS2_PLACEMENT_3D('',#3246,#2430,#2431);
#2231=AXIS2_PLACEMENT_3D('',#3297,#2433,#2434);
#2232=AXIS2_PLACEMENT_3D('',#3348,#2436,#2437);
#2233=AXIS2_PLACEMENT_3D('',#3396,#2439,#2440);
#2234=AXIS2_PLACEMENT_3D('',#3447,#2442,#2443);
#2235=AXIS2_PLACEMENT_3D('',#3466,#2445,#2446);
#2236=AXIS2_PLACEMENT_3D('',#3489,#2447,#2448);
#2237=AXIS2_PLACEMENT_3D('',#3503,#2450,#2451);
#2238=AXIS2_PLACEMENT_3D('',#3514,#2452,#2453);
#2239=AXIS2_PLACEMENT_3D('',#3538,#2455,#2456);
#2240=AXIS2_PLACEMENT_3D('',#3562,#2458,#2459);
#2241=AXIS2_PLACEMENT_3D('',#3588,#2461,#2462);
#2242=AXIS2_PLACEMENT_3D('',#3612,#2464,#2465);
#2243=AXIS2_PLACEMENT_3D('',#3637,#2467,#2468);
#2244=AXIS2_PLACEMENT_3D('',#3662,#2470,#2471);
#2245=AXIS2_PLACEMENT_3D('',#3686,#2473,#2474);
#2246=AXIS2_PLACEMENT_3D('',#3711,#2476,#2477);
#2247=AXIS2_PLACEMENT_3D('',#3736,#2479,#2480);
#2248=AXIS2_PLACEMENT_3D('',#3760,#2482,#2483);
#2249=AXIS2_PLACEMENT_3D('',#3771,#2485,#2486);
#2250=AXIS2_PLACEMENT_3D('',#3778,#2487,#2488);
#2251=AXIS2_PLACEMENT_3D('',#3788,#2490,#2491);
#2252=AXIS2_PLACEMENT_3D('',#3802,#2492,#2493);
#2253=AXIS2_PLACEMENT_3D('',#3853,#2495,#2496);
#2254=AXIS2_PLACEMENT_3D('',#3901,#2498,#2499);
#2255=AXIS2_PLACEMENT_3D('',#3952,#2501,#2502);
#2256=AXIS2_PLACEMENT_3D('',#4003,#2504,#2505);
#2257=AXIS2_PLACEMENT_3D('',#4054,#2507,#2508);
#2258=AXIS2_PLACEMENT_3D('',#4102,#2510,#2511);
#2259=AXIS2_PLACEMENT_3D('',#4153,#2513,#2514);
#2260=AXIS2_PLACEMENT_3D('',#4204,#2516,#2517);
#2261=AXIS2_PLACEMENT_3D('',#4252,#2519,#2520);
#2262=AXIS2_PLACEMENT_3D('',#4303,#2522,#2523);
#2263=AXIS2_PLACEMENT_3D('',#4322,#2525,#2526);
#2264=AXIS2_PLACEMENT_3D('',#4345,#2527,#2528);
#2265=AXIS2_PLACEMENT_3D('',#4359,#2530,#2531);
#2266=AXIS2_PLACEMENT_3D('',#4370,#2532,#2533);
#2267=AXIS2_PLACEMENT_3D('',#4394,#2535,#2536);
#2268=AXIS2_PLACEMENT_3D('',#4418,#2538,#2539);
#2269=AXIS2_PLACEMENT_3D('',#4444,#2541,#2542);
#2270=AXIS2_PLACEMENT_3D('',#4468,#2544,#2545);
#2271=AXIS2_PLACEMENT_3D('',#4493,#2547,#2548);
#2272=AXIS2_PLACEMENT_3D('',#4518,#2550,#2551);
#2273=AXIS2_PLACEMENT_3D('',#4542,#2553,#2554);
#2274=AXIS2_PLACEMENT_3D('',#4567,#2556,#2557);
#2275=AXIS2_PLACEMENT_3D('',#4592,#2559,#2560);
#2276=AXIS2_PLACEMENT_3D('',#4616,#2562,#2563);
#2277=AXIS2_PLACEMENT_3D('',#4627,#2565,#2566);
#2278=AXIS2_PLACEMENT_3D('',#4634,#2567,#2568);
#2279=AXIS2_PLACEMENT_3D('',#5499,#2569,#2570);
#2280=AXIS2_PLACEMENT_3D('',#5500,#2571,#2572);
#2281=AXIS2_PLACEMENT_3D('',#5501,#2573,#2574);
#2282=AXIS2_PLACEMENT_3D('',#6366,#2575,#2576);
#2283=AXIS2_PLACEMENT_3D('',#6367,#2577,#2578);
#2284=AXIS2_PLACEMENT_3D('',#6368,#2579,#2580);
#2285=AXIS2_PLACEMENT_3D('',#6371,#2581,#2582);
#2286=AXIS2_PLACEMENT_3D('',#6375,#2584,#2585);
#2287=AXIS2_PLACEMENT_3D('',#6377,#2587,#2588);
#2288=AXIS2_PLACEMENT_3D('',#6383,#2592,#2593);
#2289=AXIS2_PLACEMENT_3D('',#6392,#2598,#2599);
#2290=AXIS2_PLACEMENT_3D('',#6394,#2600,#2601);
#2291=AXIS2_PLACEMENT_3D('',#6397,#2603,#2604);
#2292=AXIS2_PLACEMENT_3D('',#6398,#2605,#2606);
#2293=AXIS2_PLACEMENT_3D('',#6401,#2609,#2610);
#2294=AXIS2_PLACEMENT_3D('',#6410,#2615,#2616);
#2295=AXIS2_PLACEMENT_3D('',#6412,#2617,#2618);
#2296=AXIS2_PLACEMENT_3D('',#6415,#2620,#2621);
#2297=AXIS2_PLACEMENT_3D('',#6416,#2622,#2623);
#2298=AXIS2_PLACEMENT_3D('',#6419,#2624,#2625);
#2299=AXIS2_PLACEMENT_3D('',#6423,#2627,#2628);
#2300=AXIS2_PLACEMENT_3D('',#6425,#2630,#2631);
#2301=AXIS2_PLACEMENT_3D('',#6431,#2635,#2636);
#2302=AXIS2_PLACEMENT_3D('',#6434,#2639,#2640);
#2303=AXIS2_PLACEMENT_3D('',#6444,#2646,#2647);
#2304=AXIS2_PLACEMENT_3D('',#6454,#2653,#2654);
#2305=AXIS2_PLACEMENT_3D('',#6458,#2656,#2657);
#2306=AXIS2_PLACEMENT_3D('',#6461,#2659,#2660);
#2307=AXIS2_PLACEMENT_3D('',#6465,#2662,#2663);
#2308=AXIS2_PLACEMENT_3D('',#6468,#2665,#2666);
#2309=AXIS2_PLACEMENT_3D('',#6469,#2667,#2668);
#2310=AXIS2_PLACEMENT_3D('',#6471,#2669,#2670);
#2311=AXIS2_PLACEMENT_3D('',#6475,#2672,#2673);
#2312=AXIS2_PLACEMENT_3D('',#6478,#2675,#2676);
#2313=AXIS2_PLACEMENT_3D('',#6482,#2678,#2679);
#2314=AXIS2_PLACEMENT_3D('',#6484,#2681,#2682);
#2315=AXIS2_PLACEMENT_3D('',#6488,#2684,#2685);
#2316=AXIS2_PLACEMENT_3D('',#6490,#2686,#2687);
#2317=AXIS2_PLACEMENT_3D('',#6494,#2689,#2690);
#2318=AXIS2_PLACEMENT_3D('',#6497,#2692,#2693);
#2319=AXIS2_PLACEMENT_3D('',#6498,#2694,#2695);
#2320=AXIS2_PLACEMENT_3D('',#6500,#2697,#2698);
#2321=AXIS2_PLACEMENT_3D('',#6502,#2700,#2701);
#2322=AXIS2_PLACEMENT_3D('',#6504,#2703,#2704);
#2323=AXIS2_PLACEMENT_3D('',#6506,#2706,#2707);
#2324=AXIS2_PLACEMENT_3D('',#6508,#2709,#2710);
#2325=AXIS2_PLACEMENT_3D('',#6510,#2712,#2713);
#2326=AXIS2_PLACEMENT_3D('',#6511,#2714,#2715);
#2327=AXIS2_PLACEMENT_3D('',#6513,#2716,#2717);
#2328=AXIS2_PLACEMENT_3D('',#6515,#2719,#2720);
#2329=AXIS2_PLACEMENT_3D('',#6519,#2723,#2724);
#2330=AXIS2_PLACEMENT_3D('',#6521,#2725,#2726);
#2331=AXIS2_PLACEMENT_3D('',#6523,#2728,#2729);
#2332=AXIS2_PLACEMENT_3D('',#6527,#2732,#2733);
#2333=AXIS2_PLACEMENT_3D('',#6529,#2734,#2735);
#2334=AXIS2_PLACEMENT_3D('',#6531,#2737,#2738);
#2335=AXIS2_PLACEMENT_3D('',#6535,#2741,#2742);
#2336=AXIS2_PLACEMENT_3D('',#6536,#2743,#2744);
#2337=AXIS2_PLACEMENT_3D('',#6537,#2745,#2746);
#2338=AXIS2_PLACEMENT_3D('',#6540,#2747,#2748);
#2339=AXIS2_PLACEMENT_3D('',#6544,#2750,#2751);
#2340=AXIS2_PLACEMENT_3D('',#6548,#2753,#2754);
#2341=AXIS2_PLACEMENT_3D('',#6552,#2756,#2757);
#2342=AXIS2_PLACEMENT_3D('',#6554,#2759,#2760);
#2343=AXIS2_PLACEMENT_3D('',#6560,#2764,#2765);
#2344=AXIS2_PLACEMENT_3D('',#6562,#2766,#2767);
#2345=AXIS2_PLACEMENT_3D('',#6564,#2769,#2770);
#2346=AXIS2_PLACEMENT_3D('',#6568,#2773,#2774);
#2347=AXIS2_PLACEMENT_3D('',#6570,#2775,#2776);
#2348=AXIS2_PLACEMENT_3D('',#6572,#2778,#2779);
#2349=AXIS2_PLACEMENT_3D('',#6576,#2782,#2783);
#2350=AXIS2_PLACEMENT_3D('',#6578,#2784,#2785);
#2351=AXIS2_PLACEMENT_3D('',#6580,#2787,#2788);
#2352=AXIS2_PLACEMENT_3D('',#6584,#2791,#2792);
#2353=AXIS2_PLACEMENT_3D('',#6585,#2793,#2794);
#2354=AXIS2_PLACEMENT_3D('',#6586,#2795,#2796);
#2355=AXIS2_PLACEMENT_3D('',#6598,#2797,#2798);
#2356=AXIS2_PLACEMENT_3D('',#6600,#2799,#2800);
#2357=AXIS2_PLACEMENT_3D('',#6602,#2801,#2802);
#2358=AXIS2_PLACEMENT_3D('',#6603,#2803,#2804);
#2359=AXIS2_PLACEMENT_3D('',#6604,#2805,#2806);
#2360=AXIS2_PLACEMENT_3D('',#6607,#2807,#2808);
#2361=AXIS2_PLACEMENT_3D('',#6621,#2811,#2812);
#2362=AXIS2_PLACEMENT_3D('',#6622,#2813,#2814);
#2363=AXIS2_PLACEMENT_3D('',#6623,#2815,#2816);
#2364=AXIS2_PLACEMENT_3D('',#6624,#2817,#2818);
#2365=AXIS2_PLACEMENT_3D('',#6627,#2819,#2820);
#2366=AXIS2_PLACEMENT_3D('',#6641,#2823,#2824);
#2367=AXIS2_PLACEMENT_3D('',#6642,#2825,#2826);
#2368=AXIS2_PLACEMENT_3D('',#6643,#2827,#2828);
#2369=AXIS2_PLACEMENT_3D('',#6644,#2829,#2830);
#2370=AXIS2_PLACEMENT_3D('',#6647,#2831,#2832);
#2371=AXIS2_PLACEMENT_3D('',#6661,#2835,#2836);
#2372=AXIS2_PLACEMENT_3D('',#6662,#2837,#2838);
#2373=AXIS2_PLACEMENT_3D('',#6663,#2839,#2840);
#2374=AXIS2_PLACEMENT_3D('',#6664,#2841,#2842);
#2375=AXIS2_PLACEMENT_3D('',#6667,#2845,#2846);
#2376=AXIS2_PLACEMENT_3D('',#6673,#2850,#2851);
#2377=AXIS2_PLACEMENT_3D('',#6676,#2853,#2854);
#2378=AXIS2_PLACEMENT_3D('',#6677,#2855,#2856);
#2379=AXIS2_PLACEMENT_3D('',#6681,#2859,#2860);
#2380=AXIS2_PLACEMENT_3D('',#6684,#2862,#2863);
#2381=AXIS2_PLACEMENT_3D('',#6685,#2864,#2865);
#2382=AXIS2_PLACEMENT_3D('',#6686,#2866,#2867);
#2383=AXIS2_PLACEMENT_3D('',#6689,#2868,#2869);
#2384=AXIS2_PLACEMENT_3D('',#6693,#2871,#2872);
#2385=AXIS2_PLACEMENT_3D('',#6705,#2874,#2875);
#2386=AXIS2_PLACEMENT_3D('',#6706,#2876,#2877);
#2387=AXIS2_PLACEMENT_3D('',#6707,#2878,#2879);
#2388=AXIS2_PLACEMENT_3D('',#6708,#2880,#2881);
#2389=AXIS2_PLACEMENT_3D('',#6710,#2882,#2883);
#2390=AXIS2_PLACEMENT_3D('',#6722,#2885,#2886);
#2391=AXIS2_PLACEMENT_3D('',#6723,#2887,#2888);
#2392=AXIS2_PLACEMENT_3D('',#6724,#2889,#2890);
#2393=AXIS2_PLACEMENT_3D('',#6726,#2891,#2892);
#2394=AXIS2_PLACEMENT_3D('',#6738,#2894,#2895);
#2395=AXIS2_PLACEMENT_3D('',#6739,#2896,#2897);
#2396=AXIS2_PLACEMENT_3D('',#6740,#2898,#2899);
#2397=AXIS2_PLACEMENT_3D('',#6743,#2900,#2901);
#2398=AXIS2_PLACEMENT_3D('',#6755,#2904,#2905);
#2399=AXIS2_PLACEMENT_3D('',#6756,#2906,#2907);
#2400=AXIS2_PLACEMENT_3D('',#6757,#2908,#2909);
#2401=AXIS2_PLACEMENT_3D('',#6759,#2911,#2912);
#2402=AXIS2_PLACEMENT_3D('',#6761,#2914,#2915);
#2403=AXIS2_PLACEMENT_3D('',#6762,#2916,#2917);
#2404=AXIS2_PLACEMENT_3D('',#6764,#2919,#2920);
#2405=DIRECTION('axis',(0.,0.,1.));
#2406=DIRECTION('refdir',(1.,0.,0.));
#2407=DIRECTION('center_axis',(0.,0.,1.));
#2408=DIRECTION('ref_axis',(0.317230222434414,0.948348557216286,0.));
#2409=DIRECTION('',(0.,0.,1.));
#2410=DIRECTION('center_axis',(0.,0.,-1.));
#2411=DIRECTION('ref_axis',(-1.,0.,0.));
#2412=DIRECTION('center_axis',(0.,0.,1.));
#2413=DIRECTION('ref_axis',(-1.,0.,0.));
#2414=DIRECTION('',(0.,0.,1.));
#2415=DIRECTION('center_axis',(0.,0.,1.));
#2416=DIRECTION('ref_axis',(-1.,0.,0.));
#2417=DIRECTION('',(0.,0.,1.));
#2418=DIRECTION('center_axis',(0.,0.,1.));
#2419=DIRECTION('ref_axis',(-1.,0.,0.));
#2420=DIRECTION('',(0.,0.,1.));
#2421=DIRECTION('center_axis',(0.,0.,1.));
#2422=DIRECTION('ref_axis',(-1.,0.,0.));
#2423=DIRECTION('',(0.,0.,1.));
#2424=DIRECTION('center_axis',(0.,0.,1.));
#2425=DIRECTION('ref_axis',(-1.,0.,0.));
#2426=DIRECTION('',(0.,0.,1.));
#2427=DIRECTION('center_axis',(0.,0.,1.));
#2428=DIRECTION('ref_axis',(-1.,0.,0.));
#2429=DIRECTION('',(0.,0.,1.));
#2430=DIRECTION('center_axis',(0.,0.,1.));
#2431=DIRECTION('ref_axis',(-1.,0.,0.));
#2432=DIRECTION('',(0.,0.,1.));
#2433=DIRECTION('center_axis',(0.,0.,1.));
#2434=DIRECTION('ref_axis',(-1.,0.,0.));
#2435=DIRECTION('',(0.,0.,1.));
#2436=DIRECTION('center_axis',(0.,0.,1.));
#2437=DIRECTION('ref_axis',(-1.,0.,0.));
#2438=DIRECTION('',(0.,0.,1.));
#2439=DIRECTION('center_axis',(0.,0.,1.));
#2440=DIRECTION('ref_axis',(-1.,0.,0.));
#2441=DIRECTION('',(0.,0.,1.));
#2442=DIRECTION('center_axis',(0.,0.,1.));
#2443=DIRECTION('ref_axis',(-0.948440023145527,-0.316956657124776,0.));
#2444=DIRECTION('',(0.,0.,1.));
#2445=DIRECTION('center_axis',(0.,0.,-1.));
#2446=DIRECTION('ref_axis',(-1.,0.,0.));
#2447=DIRECTION('center_axis',(0.,0.,1.));
#2448=DIRECTION('ref_axis',(-1.,-6.82295694027366E-14,0.));
#2449=DIRECTION('',(-1.22464679914735E-16,-8.37070997545298E-30,1.));
#2450=DIRECTION('center_axis',(0.,0.,-1.));
#2451=DIRECTION('ref_axis',(-1.,-6.82295694027366E-14,0.));
#2452=DIRECTION('center_axis',(0.,0.,1.));
#2453=DIRECTION('ref_axis',(-1.,-6.82295694027366E-14,0.));
#2454=DIRECTION('',(-1.22464679914735E-16,-8.37070997545298E-30,1.));
#2455=DIRECTION('center_axis',(0.,0.,1.));
#2456=DIRECTION('ref_axis',(-1.,-6.82295694027366E-14,0.));
#2457=DIRECTION('',(-1.22464679914735E-16,-8.37070997545298E-30,1.));
#2458=DIRECTION('center_axis',(0.,0.,1.));
#2459=DIRECTION('ref_axis',(-1.,-6.82295694027366E-14,0.));
#2460=DIRECTION('',(-1.22464679914735E-16,-8.37070997545298E-30,1.));
#2461=DIRECTION('center_axis',(0.,0.,1.));
#2462=DIRECTION('ref_axis',(-1.,-6.82295694027366E-14,0.));
#2463=DIRECTION('',(-1.22464679914735E-16,-8.37070997545298E-30,1.));
#2464=DIRECTION('center_axis',(0.,0.,1.));
#2465=DIRECTION('ref_axis',(-1.,-6.82295694027366E-14,0.));
#2466=DIRECTION('',(-1.22464679914735E-16,-8.37070997545298E-30,1.));
#2467=DIRECTION('center_axis',(0.,0.,1.));
#2468=DIRECTION('ref_axis',(-1.,-6.82295694027366E-14,0.));
#2469=DIRECTION('',(-1.22464679914735E-16,-8.37070997545298E-30,1.));
#2470=DIRECTION('center_axis',(0.,0.,1.));
#2471=DIRECTION('ref_axis',(-1.,-6.82295694027366E-14,0.));
#2472=DIRECTION('',(-1.22464679914735E-16,-8.37070997545298E-30,1.));
#2473=DIRECTION('center_axis',(0.,0.,1.));
#2474=DIRECTION('ref_axis',(-1.,-6.82295694027366E-14,0.));
#2475=DIRECTION('',(-1.22464679914735E-16,-8.37070997545298E-30,1.));
#2476=DIRECTION('center_axis',(0.,0.,1.));
#2477=DIRECTION('ref_axis',(-1.,-6.82295694027366E-14,0.));
#2478=DIRECTION('',(-1.22464679914735E-16,-8.37070997545298E-30,1.));
#2479=DIRECTION('center_axis',(0.,0.,1.));
#2480=DIRECTION('ref_axis',(-1.,-6.82295694027366E-14,0.));
#2481=DIRECTION('',(-1.22464679914735E-16,-8.37070997545298E-30,1.));
#2482=DIRECTION('center_axis',(0.,0.,1.));
#2483=DIRECTION('ref_axis',(0.509299603575466,-0.860589282874167,0.));
#2484=DIRECTION('',(-1.22464679914735E-16,-8.37070997545298E-30,1.));
#2485=DIRECTION('center_axis',(0.,0.,1.));
#2486=DIRECTION('ref_axis',(-1.,-6.82295694027366E-14,0.));
#2487=DIRECTION('center_axis',(0.,0.,1.));
#2488=DIRECTION('ref_axis',(0.317226593373983,0.948349771158478,0.));
#2489=DIRECTION('',(0.,0.,1.));
#2490=DIRECTION('center_axis',(0.,0.,-1.));
#2491=DIRECTION('ref_axis',(-1.,0.,0.));
#2492=DIRECTION('center_axis',(0.,0.,1.));
#2493=DIRECTION('ref_axis',(-1.,0.,0.));
#2494=DIRECTION('',(0.,0.,1.));
#2495=DIRECTION('center_axis',(0.,0.,1.));
#2496=DIRECTION('ref_axis',(-1.,0.,0.));
#2497=DIRECTION('',(0.,0.,1.));
#2498=DIRECTION('center_axis',(0.,0.,1.));
#2499=DIRECTION('ref_axis',(-1.,0.,0.));
#2500=DIRECTION('',(0.,0.,1.));
#2501=DIRECTION('center_axis',(0.,0.,1.));
#2502=DIRECTION('ref_axis',(-1.,0.,0.));
#2503=DIRECTION('',(0.,0.,1.));
#2504=DIRECTION('center_axis',(0.,0.,1.));
#2505=DIRECTION('ref_axis',(-1.,0.,0.));
#2506=DIRECTION('',(0.,0.,1.));
#2507=DIRECTION('center_axis',(0.,0.,1.));
#2508=DIRECTION('ref_axis',(-1.,0.,0.));
#2509=DIRECTION('',(0.,0.,1.));
#2510=DIRECTION('center_axis',(0.,0.,1.));
#2511=DIRECTION('ref_axis',(-1.,0.,0.));
#2512=DIRECTION('',(0.,0.,1.));
#2513=DIRECTION('center_axis',(0.,0.,1.));
#2514=DIRECTION('ref_axis',(-1.,0.,0.));
#2515=DIRECTION('',(0.,0.,1.));
#2516=DIRECTION('center_axis',(0.,0.,1.));
#2517=DIRECTION('ref_axis',(-1.,0.,0.));
#2518=DIRECTION('',(0.,0.,1.));
#2519=DIRECTION('center_axis',(0.,0.,1.));
#2520=DIRECTION('ref_axis',(-1.,0.,0.));
#2521=DIRECTION('',(0.,0.,1.));
#2522=DIRECTION('center_axis',(0.,0.,1.));
#2523=DIRECTION('ref_axis',(-0.948440101247317,-0.316956423418076,0.));
#2524=DIRECTION('',(0.,0.,1.));
#2525=DIRECTION('center_axis',(0.,0.,-1.));
#2526=DIRECTION('ref_axis',(-1.,0.,0.));
#2527=DIRECTION('center_axis',(0.,0.,1.));
#2528=DIRECTION('ref_axis',(-1.,-5.97008732273946E-14,0.));
#2529=DIRECTION('',(-1.22464679914735E-16,-7.32624592824969E-30,1.));
#2530=DIRECTION('center_axis',(0.,0.,-1.));
#2531=DIRECTION('ref_axis',(-1.,-5.97008732273946E-14,0.));
#2532=DIRECTION('center_axis',(0.,0.,1.));
#2533=DIRECTION('ref_axis',(-1.,-5.97008732273946E-14,0.));
#2534=DIRECTION('',(-1.22464679914735E-16,-7.32624592824969E-30,1.));
#2535=DIRECTION('center_axis',(0.,0.,1.));
#2536=DIRECTION('ref_axis',(-1.,-5.97008732273946E-14,0.));
#2537=DIRECTION('',(-1.22464679914735E-16,-7.32624592824969E-30,1.));
#2538=DIRECTION('center_axis',(0.,0.,1.));
#2539=DIRECTION('ref_axis',(-1.,-5.97008732273946E-14,0.));
#2540=DIRECTION('',(-1.22464679914735E-16,-7.32624592824969E-30,1.));
#2541=DIRECTION('center_axis',(0.,0.,1.));
#2542=DIRECTION('ref_axis',(-1.,-5.97008732273946E-14,0.));
#2543=DIRECTION('',(-1.22464679914735E-16,-7.32624592824969E-30,1.));
#2544=DIRECTION('center_axis',(0.,0.,1.));
#2545=DIRECTION('ref_axis',(-1.,-5.97008732273946E-14,0.));
#2546=DIRECTION('',(-1.22464679914735E-16,-7.32624592824969E-30,1.));
#2547=DIRECTION('center_axis',(0.,0.,1.));
#2548=DIRECTION('ref_axis',(-1.,-5.97008732273946E-14,0.));
#2549=DIRECTION('',(-1.22464679914735E-16,-7.32624592824969E-30,1.));
#2550=DIRECTION('center_axis',(0.,0.,1.));
#2551=DIRECTION('ref_axis',(-1.,-5.97008732273946E-14,0.));
#2552=DIRECTION('',(-1.22464679914735E-16,-7.32624592824969E-30,1.));
#2553=DIRECTION('center_axis',(0.,0.,1.));
#2554=DIRECTION('ref_axis',(-1.,-5.97008732273946E-14,0.));
#2555=DIRECTION('',(-1.22464679914735E-16,-7.32624592824969E-30,1.));
#2556=DIRECTION('center_axis',(0.,0.,1.));
#2557=DIRECTION('ref_axis',(-1.,-5.97008732273946E-14,0.));
#2558=DIRECTION('',(-1.22464679914735E-16,-7.32624592824969E-30,1.));
#2559=DIRECTION('center_axis',(0.,0.,1.));
#2560=DIRECTION('ref_axis',(-1.,-5.97008732273946E-14,0.));
#2561=DIRECTION('',(-1.22464679914735E-16,-7.32624592824969E-30,1.));
#2562=DIRECTION('center_axis',(0.,0.,1.));
#2563=DIRECTION('ref_axis',(0.509299391516191,-0.860589408371517,0.));
#2564=DIRECTION('',(-1.22464679914735E-16,-7.32624592824969E-30,1.));
#2565=DIRECTION('center_axis',(0.,0.,1.));
#2566=DIRECTION('ref_axis',(-1.,-5.97008732273946E-14,0.));
#2567=DIRECTION('center_axis',(0.,0.,1.));
#2568=DIRECTION('ref_axis',(-1.,-5.97008732273946E-14,0.));
#2569=DIRECTION('center_axis',(0.,0.,1.));
#2570=DIRECTION('ref_axis',(-1.,0.,0.));
#2571=DIRECTION('center_axis',(0.,0.,1.));
#2572=DIRECTION('ref_axis',(-1.,0.,0.));
#2573=DIRECTION('center_axis',(0.,0.,1.));
#2574=DIRECTION('ref_axis',(-1.,-6.82295694027366E-14,0.));
#2575=DIRECTION('center_axis',(0.,0.,1.));
#2576=DIRECTION('ref_axis',(-1.,0.,0.));
#2577=DIRECTION('center_axis',(0.,0.,1.));
#2578=DIRECTION('ref_axis',(-1.,0.,0.));
#2579=DIRECTION('center_axis',(0.,0.,-1.));
#2580=DIRECTION('ref_axis',(-1.,8.81184888836352E-13,0.));
#2581=DIRECTION('center_axis',(0.,0.,-1.));
#2582=DIRECTION('ref_axis',(-1.,8.81184888836352E-13,0.));
#2583=DIRECTION('',(0.,0.,-1.));
#2584=DIRECTION('center_axis',(0.,0.,-1.));
#2585=DIRECTION('ref_axis',(-1.,8.81184888836352E-13,0.));
#2586=DIRECTION('',(0.,0.,-1.));
#2587=DIRECTION('center_axis',(-8.83665916131574E-13,-1.,0.));
#2588=DIRECTION('ref_axis',(-1.,8.83665916131574E-13,0.));
#2589=DIRECTION('',(-1.,8.83665916131574E-13,0.));
#2590=DIRECTION('',(0.,0.,1.));
#2591=DIRECTION('',(-1.,8.83665916131574E-13,0.));
#2592=DIRECTION('center_axis',(2.33002140763007E-12,1.,0.));
#2593=DIRECTION('ref_axis',(1.,-2.33002140763007E-12,0.));
#2594=DIRECTION('',(1.,-2.33002140763007E-12,0.));
#2595=DIRECTION('',(0.,0.,-1.));
#2596=DIRECTION('',(1.,-2.33002140763007E-12,0.));
#2597=DIRECTION('',(0.,0.,-1.));
#2598=DIRECTION('center_axis',(0.,0.,-1.));
#2599=DIRECTION('ref_axis',(2.32971996899687E-12,1.,0.));
#2600=DIRECTION('center_axis',(0.,0.,-1.));
#2601=DIRECTION('ref_axis',(2.32971996899687E-12,1.,0.));
#2602=DIRECTION('',(0.,0.,-1.));
#2603=DIRECTION('center_axis',(0.,0.,-1.));
#2604=DIRECTION('ref_axis',(2.32971996899687E-12,1.,0.));
#2605=DIRECTION('center_axis',(0.,0.,1.));
#2606=DIRECTION('ref_axis',(-1.,0.,0.));
#2607=DIRECTION('',(5.08219598738463E-13,1.,0.));
#2608=DIRECTION('',(-5.08133960730717E-13,-1.,0.));
#2609=DIRECTION('center_axis',(-8.83665916131574E-13,-1.,0.));
#2610=DIRECTION('ref_axis',(-1.,8.83665916131574E-13,0.));
#2611=DIRECTION('',(-1.,8.83665916131574E-13,0.));
#2612=DIRECTION('',(0.,0.,-1.));
#2613=DIRECTION('',(-1.,8.83665916131574E-13,0.));
#2614=DIRECTION('',(0.,0.,-1.));
#2615=DIRECTION('center_axis',(0.,0.,-1.));
#2616=DIRECTION('ref_axis',(-8.81184888836352E-13,-1.,0.));
#2617=DIRECTION('center_axis',(0.,0.,-1.));
#2618=DIRECTION('ref_axis',(-8.81184888836352E-13,-1.,0.));
#2619=DIRECTION('',(0.,0.,-1.));
#2620=DIRECTION('center_axis',(0.,0.,-1.));
#2621=DIRECTION('ref_axis',(-8.81184888836352E-13,-1.,0.));
#2622=DIRECTION('center_axis',(0.,0.,-1.));
#2623=DIRECTION('ref_axis',(1.,-2.32185224677513E-12,0.));
#2624=DIRECTION('center_axis',(0.,0.,-1.));
#2625=DIRECTION('ref_axis',(1.,-2.32185224677513E-12,0.));
#2626=DIRECTION('',(0.,0.,-1.));
#2627=DIRECTION('center_axis',(0.,0.,-1.));
#2628=DIRECTION('ref_axis',(1.,-2.32185224677513E-12,0.));
#2629=DIRECTION('',(0.,0.,-1.));
#2630=DIRECTION('center_axis',(2.33002140763007E-12,1.,0.));
#2631=DIRECTION('ref_axis',(1.,-2.33002140763007E-12,0.));
#2632=DIRECTION('',(1.,-2.33002140763007E-12,0.));
#2633=DIRECTION('',(0.,0.,1.));
#2634=DIRECTION('',(1.,-2.33002140763007E-12,0.));
#2635=DIRECTION('center_axis',(0.,0.,1.));
#2636=DIRECTION('ref_axis',(-1.,0.,0.));
#2637=DIRECTION('',(2.27441807429196E-12,1.,0.));
#2638=DIRECTION('',(-2.32962340798775E-12,-1.,0.));
#2639=DIRECTION('center_axis',(1.,-5.08133960730717E-13,0.));
#2640=DIRECTION('ref_axis',(5.08133960730717E-13,1.,0.));
#2641=DIRECTION('',(5.08133960730717E-13,1.,0.));
#2642=DIRECTION('',(0.,0.,1.));
#2643=DIRECTION('',(5.08133960730717E-13,1.,0.));
#2644=DIRECTION('',(0.,0.,1.));
#2645=DIRECTION('',(5.08133960730717E-13,1.,0.));
#2646=DIRECTION('center_axis',(1.,-2.32962340798775E-12,0.));
#2647=DIRECTION('ref_axis',(2.32962340798775E-12,1.,0.));
#2648=DIRECTION('',(2.32962340798775E-12,1.,0.));
#2649=DIRECTION('',(0.,0.,1.));
#2650=DIRECTION('',(-2.32962340798775E-12,-1.,0.));
#2651=DIRECTION('',(0.,0.,1.));
#2652=DIRECTION('',(2.32962340798775E-12,1.,0.));
#2653=DIRECTION('center_axis',(0.,0.,1.));
#2654=DIRECTION('ref_axis',(-1.,0.,0.));
#2655=DIRECTION('',(-5.08219598738463E-13,-1.,0.));
#2656=DIRECTION('center_axis',(0.,0.,1.));
#2657=DIRECTION('ref_axis',(-1.,5.09750694071112E-13,0.));
#2658=DIRECTION('',(1.,0.,0.));
#2659=DIRECTION('center_axis',(0.,0.,1.));
#2660=DIRECTION('ref_axis',(0.,-1.,0.));
#2661=DIRECTION('',(-2.27441807429196E-12,-1.,0.));
#2662=DIRECTION('center_axis',(0.,0.,-1.));
#2663=DIRECTION('ref_axis',(0.,-1.,0.));
#2664=DIRECTION('',(-1.,0.,0.));
#2665=DIRECTION('center_axis',(0.,0.,-1.));
#2666=DIRECTION('ref_axis',(-1.,5.17521283919755E-13,0.));
#2667=DIRECTION('center_axis',(0.,0.,1.));
#2668=DIRECTION('ref_axis',(-1.,0.,0.));
#2669=DIRECTION('center_axis',(0.,0.,-1.));
#2670=DIRECTION('ref_axis',(2.33015706467589E-12,1.,0.));
#2671=DIRECTION('',(1.,-2.32770294988258E-12,0.));
#2672=DIRECTION('center_axis',(0.,0.,-1.));
#2673=DIRECTION('ref_axis',(1.,-6.69980256750352E-12,0.));
#2674=DIRECTION('',(-2.27441807429196E-12,-1.,0.));
#2675=DIRECTION('center_axis',(0.,0.,1.));
#2676=DIRECTION('ref_axis',(0.999999999952079,-9.78984048144606E-6,0.));
#2677=DIRECTION('',(-1.,2.32770374201749E-12,0.));
#2678=DIRECTION('center_axis',(0.,0.,1.));
#2679=DIRECTION('ref_axis',(1.67259047285011E-7,0.999999999999986,0.));
#2680=DIRECTION('',(-5.08219598738463E-13,-1.,0.));
#2681=DIRECTION('center_axis',(0.,0.,1.));
#2682=DIRECTION('ref_axis',(-1.,0.,0.));
#2683=DIRECTION('',(1.,-2.32770294988258E-12,0.));
#2684=DIRECTION('center_axis',(0.,0.,-1.));
#2685=DIRECTION('ref_axis',(2.33015706467589E-12,1.,0.));
#2686=DIRECTION('center_axis',(0.,0.,-1.));
#2687=DIRECTION('ref_axis',(-1.,5.17521283919755E-13,0.));
#2688=DIRECTION('',(-1.,0.,0.));
#2689=DIRECTION('center_axis',(0.,0.,-1.));
#2690=DIRECTION('ref_axis',(0.,-1.,0.));
#2691=DIRECTION('',(-2.27441807429196E-12,-1.,0.));
#2692=DIRECTION('center_axis',(0.,0.,-1.));
#2693=DIRECTION('ref_axis',(1.,-6.69980256750352E-12,0.));
#2694=DIRECTION('center_axis',(0.,0.,1.));
#2695=DIRECTION('ref_axis',(-1.,5.17521283919755E-13,0.));
#2696=DIRECTION('',(0.,0.,1.));
#2697=DIRECTION('center_axis',(0.,0.,1.));
#2698=DIRECTION('ref_axis',(2.33015706467589E-12,1.,0.));
#2699=DIRECTION('',(0.,0.,1.));
#2700=DIRECTION('center_axis',(-2.32770294988258E-12,-1.,0.));
#2701=DIRECTION('ref_axis',(1.,-2.32770294988258E-12,0.));
#2702=DIRECTION('',(0.,0.,1.));
#2703=DIRECTION('center_axis',(0.,1.,0.));
#2704=DIRECTION('ref_axis',(-1.,0.,0.));
#2705=DIRECTION('',(0.,0.,1.));
#2706=DIRECTION('center_axis',(0.,0.,1.));
#2707=DIRECTION('ref_axis',(0.,-1.,0.));
#2708=DIRECTION('',(0.,0.,1.));
#2709=DIRECTION('center_axis',(-1.,2.27441807429196E-12,0.));
#2710=DIRECTION('ref_axis',(-2.27441807429196E-12,-1.,0.));
#2711=DIRECTION('',(0.,0.,1.));
#2712=DIRECTION('center_axis',(0.,0.,1.));
#2713=DIRECTION('ref_axis',(1.,-6.69980256750352E-12,0.));
#2714=DIRECTION('center_axis',(0.,0.,1.));
#2715=DIRECTION('ref_axis',(0.,-1.,0.));
#2716=DIRECTION('center_axis',(0.,0.,1.));
#2717=DIRECTION('ref_axis',(0.,-1.,0.));
#2718=DIRECTION('',(0.,0.,1.));
#2719=DIRECTION('center_axis',(0.,-1.,0.));
#2720=DIRECTION('ref_axis',(1.,0.,0.));
#2721=DIRECTION('',(-1.,0.,0.));
#2722=DIRECTION('',(0.,0.,1.));
#2723=DIRECTION('center_axis',(0.,0.,1.));
#2724=DIRECTION('ref_axis',(-1.,5.09750694071112E-13,0.));
#2725=DIRECTION('center_axis',(0.,0.,1.));
#2726=DIRECTION('ref_axis',(-1.,5.09750694071112E-13,0.));
#2727=DIRECTION('',(0.,0.,1.));
#2728=DIRECTION('center_axis',(-1.,5.08219598738463E-13,0.));
#2729=DIRECTION('ref_axis',(-5.08219598738463E-13,-1.,0.));
#2730=DIRECTION('',(0.,0.,1.));
#2731=DIRECTION('',(5.08219598738463E-13,1.,0.));
#2732=DIRECTION('center_axis',(0.,0.,1.));
#2733=DIRECTION('ref_axis',(1.67259047285011E-7,0.999999999999986,0.));
#2734=DIRECTION('center_axis',(0.,0.,1.));
#2735=DIRECTION('ref_axis',(1.67259047285011E-7,0.999999999999986,0.));
#2736=DIRECTION('',(0.,0.,1.));
#2737=DIRECTION('center_axis',(2.32770374201749E-12,1.,0.));
#2738=DIRECTION('ref_axis',(-1.,2.32770374201749E-12,0.));
#2739=DIRECTION('',(1.,-2.32770374201749E-12,0.));
#2740=DIRECTION('',(0.,0.,1.));
#2741=DIRECTION('center_axis',(0.,0.,1.));
#2742=DIRECTION('ref_axis',(0.999999999952079,-9.78984048144606E-6,0.));
#2743=DIRECTION('center_axis',(0.,0.,1.));
#2744=DIRECTION('ref_axis',(0.999999999952079,-9.78984048144606E-6,0.));
#2745=DIRECTION('center_axis',(0.,0.,1.));
#2746=DIRECTION('ref_axis',(-1.,0.,0.));
#2747=DIRECTION('center_axis',(0.,0.,1.));
#2748=DIRECTION('ref_axis',(2.34152155232953E-12,1.,0.));
#2749=DIRECTION('',(5.82794238644936E-16,-1.,0.));
#2750=DIRECTION('center_axis',(0.,0.,1.));
#2751=DIRECTION('ref_axis',(-1.,-1.39870617275608E-14,0.));
#2752=DIRECTION('',(1.,9.85004347013153E-16,0.));
#2753=DIRECTION('center_axis',(0.,0.,1.));
#2754=DIRECTION('ref_axis',(2.44773580232313E-14,-1.,0.));
#2755=DIRECTION('',(1.1655884772963E-15,1.,0.));
#2756=DIRECTION('center_axis',(0.,0.,1.));
#2757=DIRECTION('ref_axis',(1.,1.39870617275608E-14,0.));
#2758=DIRECTION('',(-1.,2.32953528068611E-12,0.));
#2759=DIRECTION('center_axis',(1.,-1.1655884772963E-15,0.));
#2760=DIRECTION('ref_axis',(1.1655884772963E-15,1.,0.));
#2761=DIRECTION('',(-1.1655884772963E-15,-1.,0.));
#2762=DIRECTION('',(0.,0.,1.));
#2763=DIRECTION('',(0.,0.,1.));
#2764=DIRECTION('center_axis',(0.,0.,1.));
#2765=DIRECTION('ref_axis',(2.44773580232313E-14,-1.,0.));
#2766=DIRECTION('center_axis',(0.,0.,1.));
#2767=DIRECTION('ref_axis',(2.44773580232313E-14,-1.,0.));
#2768=DIRECTION('',(0.,0.,1.));
#2769=DIRECTION('center_axis',(9.85004347013153E-16,-1.,0.));
#2770=DIRECTION('ref_axis',(1.,9.85004347013153E-16,0.));
#2771=DIRECTION('',(-1.,-9.85004347013153E-16,0.));
#2772=DIRECTION('',(0.,0.,1.));
#2773=DIRECTION('center_axis',(0.,0.,1.));
#2774=DIRECTION('ref_axis',(-1.,-1.39870617275608E-14,0.));
#2775=DIRECTION('center_axis',(0.,0.,1.));
#2776=DIRECTION('ref_axis',(-1.,-1.39870617275608E-14,0.));
#2777=DIRECTION('',(0.,0.,1.));
#2778=DIRECTION('center_axis',(-1.,-5.82794238644936E-16,0.));
#2779=DIRECTION('ref_axis',(5.82794238644936E-16,-1.,0.));
#2780=DIRECTION('',(-5.82794238644936E-16,1.,0.));
#2781=DIRECTION('',(0.,0.,1.));
#2782=DIRECTION('center_axis',(0.,0.,1.));
#2783=DIRECTION('ref_axis',(2.34152155232953E-12,1.,0.));
#2784=DIRECTION('center_axis',(0.,0.,1.));
#2785=DIRECTION('ref_axis',(2.34152155232953E-12,1.,0.));
#2786=DIRECTION('',(0.,0.,1.));
#2787=DIRECTION('center_axis',(2.32953528068611E-12,1.,0.));
#2788=DIRECTION('ref_axis',(-1.,2.32953528068611E-12,0.));
#2789=DIRECTION('',(1.,-2.32953528068611E-12,0.));
#2790=DIRECTION('',(0.,0.,1.));
#2791=DIRECTION('center_axis',(0.,0.,1.));
#2792=DIRECTION('ref_axis',(1.,1.39870617275608E-14,0.));
#2793=DIRECTION('center_axis',(0.,0.,1.));
#2794=DIRECTION('ref_axis',(1.,1.39870617275608E-14,0.));
#2795=DIRECTION('center_axis',(0.,0.,1.));
#2796=DIRECTION('ref_axis',(-1.,0.,0.));
#2797=DIRECTION('center_axis',(-8.95171950563906E-13,-1.,0.));
#2798=DIRECTION('ref_axis',(-1.,8.95171950563906E-13,0.));
#2799=DIRECTION('center_axis',(0.,0.,1.));
#2800=DIRECTION('ref_axis',(-0.707106781187172,-0.707106781185923,0.));
#2801=DIRECTION('center_axis',(-1.,8.75939740688493E-13,0.));
#2802=DIRECTION('ref_axis',(0.,0.,-1.));
#2803=DIRECTION('center_axis',(0.,0.,-1.));
#2804=DIRECTION('ref_axis',(-0.707106781187172,-0.707106781185923,0.));
#2805=DIRECTION('center_axis',(-1.,8.83665916131574E-13,0.));
#2806=DIRECTION('ref_axis',(-6.24637176968498E-13,-0.707106781186535,-0.70710678118656));
#2807=DIRECTION('center_axis',(-1.,8.81184888836353E-13,0.));
#2808=DIRECTION('ref_axis',(0.,0.,-1.));
#2809=DIRECTION('',(-1.,8.83665916131574E-13,0.));
#2810=DIRECTION('',(1.,-8.83665916131574E-13,0.));
#2811=DIRECTION('center_axis',(-2.34982637023026E-12,-1.,0.));
#2812=DIRECTION('ref_axis',(0.,0.,-1.));
#2813=DIRECTION('center_axis',(0.,0.,-1.));
#2814=DIRECTION('ref_axis',(0.707106781185405,-0.70710678118769,0.));
#2815=DIRECTION('center_axis',(0.,0.,1.));
#2816=DIRECTION('ref_axis',(0.707106781185405,-0.70710678118769,0.));
#2817=DIRECTION('center_axis',(-2.32977824842053E-12,-1.,0.));
#2818=DIRECTION('ref_axis',(0.707106781186548,-1.66157816100079E-12,-0.707106781186548));
#2819=DIRECTION('center_axis',(-2.32185224677513E-12,-1.,0.));
#2820=DIRECTION('ref_axis',(0.,0.,-1.));
#2821=DIRECTION('',(-2.32977824842053E-12,-1.,0.));
#2822=DIRECTION('',(2.32977824842053E-12,1.,0.));
#2823=DIRECTION('center_axis',(1.,-2.33234254307076E-12,0.));
#2824=DIRECTION('ref_axis',(0.,0.,-1.));
#2825=DIRECTION('center_axis',(0.,0.,-1.));
#2826=DIRECTION('ref_axis',(0.707106781188191,0.707106781184904,0.));
#2827=DIRECTION('center_axis',(0.,0.,1.));
#2828=DIRECTION('ref_axis',(0.707106781188191,0.707106781184904,0.));
#2829=DIRECTION('center_axis',(1.,-2.33002140763007E-12,0.));
#2830=DIRECTION('ref_axis',(1.64674264170612E-12,0.707106781186555,-0.70710678118654));
#2831=DIRECTION('center_axis',(1.,-2.32797158628096E-12,0.));
#2832=DIRECTION('ref_axis',(0.,0.,-1.));
#2833=DIRECTION('',(1.,-2.33002140763007E-12,0.));
#2834=DIRECTION('',(-1.,2.33002140763007E-12,0.));
#2835=DIRECTION('center_axis',(8.67197827108782E-13,1.,0.));
#2836=DIRECTION('ref_axis',(0.,0.,-1.));
#2837=DIRECTION('center_axis',(0.,0.,-1.));
#2838=DIRECTION('ref_axis',(-0.70710678118541,0.707106781187685,0.));
#2839=DIRECTION('center_axis',(0.,0.,1.));
#2840=DIRECTION('ref_axis',(-0.70710678118541,0.707106781187685,0.));
#2841=DIRECTION('center_axis',(8.84798213112585E-13,1.,0.));
#2842=DIRECTION('ref_axis',(-0.707106781186549,6.32982156571727E-13,-0.707106781186546));
#2843=DIRECTION('',(-8.84798213112585E-13,-1.,0.));
#2844=DIRECTION('',(8.84798213112585E-13,1.,0.));
#2845=DIRECTION('center_axis',(2.33002140763007E-12,1.,0.));
#2846=DIRECTION('ref_axis',(-1.,2.33002140763007E-12,0.));
#2847=DIRECTION('',(0.,0.,1.));
#2848=DIRECTION('',(-1.,2.33002140763007E-12,0.));
#2849=DIRECTION('',(0.,0.,1.));
#2850=DIRECTION('center_axis',(0.,0.,1.));
#2851=DIRECTION('ref_axis',(2.32971996899687E-12,1.,0.));
#2852=DIRECTION('',(0.,0.,1.));
#2853=DIRECTION('center_axis',(0.,0.,1.));
#2854=DIRECTION('ref_axis',(-0.70710678118541,0.707106781187685,0.));
#2855=DIRECTION('center_axis',(-1.,8.84798213112585E-13,0.));
#2856=DIRECTION('ref_axis',(-8.84798213112585E-13,-1.,0.));
#2857=DIRECTION('',(0.,0.,1.));
#2858=DIRECTION('',(-8.84798213112585E-13,-1.,0.));
#2859=DIRECTION('center_axis',(0.,0.,1.));
#2860=DIRECTION('ref_axis',(-1.,8.81184888836352E-13,0.));
#2861=DIRECTION('',(0.,0.,1.));
#2862=DIRECTION('center_axis',(0.,0.,1.));
#2863=DIRECTION('ref_axis',(-0.707106781187172,-0.707106781185923,0.));
#2864=DIRECTION('center_axis',(0.,0.,1.));
#2865=DIRECTION('ref_axis',(-1.,0.,0.));
#2866=DIRECTION('center_axis',(2.32977824842053E-12,1.,0.));
#2867=DIRECTION('ref_axis',(0.707106781186548,-1.66157816100079E-12,0.707106781186548));
#2868=DIRECTION('center_axis',(2.32185224677518E-12,1.,0.));
#2869=DIRECTION('ref_axis',(0.,0.,1.));
#2870=DIRECTION('',(2.32977824842053E-12,1.,0.));
#2871=DIRECTION('center_axis',(-2.32185224677513E-12,-1.,0.));
#2872=DIRECTION('ref_axis',(1.,-2.32185224677513E-12,0.));
#2873=DIRECTION('',(-2.32977824842053E-12,-1.,0.));
#2874=DIRECTION('center_axis',(1.,-2.33234254307076E-12,0.));
#2875=DIRECTION('ref_axis',(2.33234254307076E-12,1.,0.));
#2876=DIRECTION('center_axis',(0.,0.,-1.));
#2877=DIRECTION('ref_axis',(0.707106781188191,0.707106781184904,0.));
#2878=DIRECTION('center_axis',(0.,0.,1.));
#2879=DIRECTION('ref_axis',(0.707106781188191,0.707106781184904,0.));
#2880=DIRECTION('center_axis',(-1.,2.33002140763007E-12,0.));
#2881=DIRECTION('ref_axis',(1.64674264170612E-12,0.707106781186555,0.70710678118654));
#2882=DIRECTION('center_axis',(1.,-2.32797158628096E-12,0.));
#2883=DIRECTION('ref_axis',(2.32797158628096E-12,1.,0.));
#2884=DIRECTION('',(1.,-2.33002140763007E-12,0.));
#2885=DIRECTION('center_axis',(8.67197827108782E-13,1.,0.));
#2886=DIRECTION('ref_axis',(-1.,8.67197827108782E-13,0.));
#2887=DIRECTION('center_axis',(0.,0.,-1.));
#2888=DIRECTION('ref_axis',(-0.70710678118541,0.707106781187685,0.));
#2889=DIRECTION('center_axis',(-8.84798213112585E-13,-1.,0.));
#2890=DIRECTION('ref_axis',(-0.707106781186549,6.32982156571727E-13,0.707106781186546));
#2891=DIRECTION('center_axis',(8.95171950563904E-13,1.,0.));
#2892=DIRECTION('ref_axis',(-1.,8.95171950563904E-13,0.));
#2893=DIRECTION('',(8.84798213112585E-13,1.,0.));
#2894=DIRECTION('center_axis',(-1.,8.75939740688493E-13,0.));
#2895=DIRECTION('ref_axis',(-8.75939740688492E-13,-1.,0.));
#2896=DIRECTION('center_axis',(0.,0.,-1.));
#2897=DIRECTION('ref_axis',(-0.707106781187172,-0.707106781185923,0.));
#2898=DIRECTION('center_axis',(1.,-8.83665916131574E-13,0.));
#2899=DIRECTION('ref_axis',(-6.24637176968498E-13,-0.707106781186535,0.70710678118656));
#2900=DIRECTION('center_axis',(-1.,8.81184888836353E-13,0.));
#2901=DIRECTION('ref_axis',(-8.81184888836352E-13,-1.,0.));
#2902=DIRECTION('',(-1.,8.83665916131574E-13,0.));
#2903=DIRECTION('',(1.,-8.83665916131574E-13,0.));
#2904=DIRECTION('center_axis',(0.,0.,-1.));
#2905=DIRECTION('ref_axis',(0.707106781185405,-0.70710678118769,0.));
#2906=DIRECTION('center_axis',(0.,0.,1.));
#2907=DIRECTION('ref_axis',(0.707106781185405,-0.70710678118769,0.));
#2908=DIRECTION('center_axis',(0.,0.,1.));
#2909=DIRECTION('ref_axis',(1.,-2.32185224677513E-12,0.));
#2910=DIRECTION('',(0.,0.,1.));
#2911=DIRECTION('center_axis',(1.,-2.32977824842053E-12,0.));
#2912=DIRECTION('ref_axis',(2.32977824842053E-12,1.,0.));
#2913=DIRECTION('',(0.,0.,1.));
#2914=DIRECTION('center_axis',(0.,0.,1.));
#2915=DIRECTION('ref_axis',(-1.,0.,0.));
#2916=DIRECTION('center_axis',(0.,0.,1.));
#2917=DIRECTION('ref_axis',(-8.81184888836352E-13,-1.,0.));
#2918=DIRECTION('',(0.,0.,1.));
#2919=DIRECTION('center_axis',(-8.83665916131574E-13,-1.,0.));
#2920=DIRECTION('ref_axis',(1.,-8.83665916131574E-13,0.));
#2921=CARTESIAN_POINT('',(0.,0.,0.));
#2922=CARTESIAN_POINT('Origin',(0.5,4.5,-0.0494999999994828));
#2923=CARTESIAN_POINT('',(0.567233741011998,4.50006131875884,0.12557929399452));
#2924=CARTESIAN_POINT('',(0.567164250770228,4.49990910582352,0.134795706006515));
#2925=CARTESIAN_POINT('',(0.56725,4.5,-0.0494999999994828));
#2926=CARTESIAN_POINT('',(0.553769301283927,4.54039089921552,0.138000000000517));
#2927=CARTESIAN_POINT('Ctrl Pts',(0.567164250770228,4.49990910582352,0.134795706006515));
#2928=CARTESIAN_POINT('Ctrl Pts',(0.56706008580871,4.51434601884594,0.135863804004516));
#2929=CARTESIAN_POINT('Ctrl Pts',(0.562443402182374,4.5288437350366,0.136931902002517));
#2930=CARTESIAN_POINT('Ctrl Pts',(0.553769301283927,4.54039089921552,0.138000000000517));
#2931=CARTESIAN_POINT('',(0.446283917566916,4.54042101841376,0.138000000000517));
#2932=CARTESIAN_POINT('Origin',(0.5,4.5,0.138000000000517));
#2933=CARTESIAN_POINT('Ctrl Pts',(0.446283917566916,4.54042101841376,0.138000000000517));
#2934=CARTESIAN_POINT('Ctrl Pts',(0.449810097613955,4.54520836923525,0.137560725008045));
#2935=CARTESIAN_POINT('Ctrl Pts',(0.453948869559301,4.54952041946755,0.137121450015573));
#2936=CARTESIAN_POINT('Ctrl Pts',(0.458613517573117,4.55315633393957,0.136682175023101));
#2937=CARTESIAN_POINT('Ctrl Pts',(0.476017551985778,4.56672211219448,0.135043218115108));
#2938=CARTESIAN_POINT('Ctrl Pts',(0.500742166847977,4.57087558491836,0.133404261207114));
#2939=CARTESIAN_POINT('Ctrl Pts',(0.52163955860804,4.56378298969366,0.13176530429912));
#2940=CARTESIAN_POINT('Ctrl Pts',(0.542536950368102,4.55669039446895,0.130126347391126));
#2941=CARTESIAN_POINT('Ctrl Pts',(0.559607119026028,4.53835173129565,0.128487390483132));
#2942=CARTESIAN_POINT('Ctrl Pts',(0.565175196900117,4.51700443536549,0.126848433575139));
#2943=CARTESIAN_POINT('Ctrl Pts',(0.566612425660985,4.51149428475852,0.126425387048266));
#2944=CARTESIAN_POINT('Ctrl Pts',(0.567283320608238,4.50578368215915,0.126002340521393));
#2945=CARTESIAN_POINT('Ctrl Pts',(0.567233741011998,4.50006131875884,0.12557929399452));
#2946=CARTESIAN_POINT('Origin',(0.5,4.5,-0.0494999999994828));
#2947=CARTESIAN_POINT('',(0.567167717954286,4.49996298375905,0.0943292939945197));
#2948=CARTESIAN_POINT('',(0.567357343580063,4.50000324777425,0.103545706006515));
#2949=CARTESIAN_POINT('',(0.56725,4.5,-0.0494999999994828));
#2950=CARTESIAN_POINT('Ctrl Pts',(0.567357343580063,4.50000324777425,0.103545706006515));
#2951=CARTESIAN_POINT('Ctrl Pts',(0.567357448311119,4.50016568728451,0.103557772315226));
#2952=CARTESIAN_POINT('Ctrl Pts',(0.567356910662728,4.50032812603024,0.103569838623937));
#2953=CARTESIAN_POINT('Ctrl Pts',(0.567355728527935,4.50049056003215,0.103581904932648));
#2954=CARTESIAN_POINT('Ctrl Pts',(0.567195160119511,4.52255383852863,0.105220861840642));
#2955=CARTESIAN_POINT('Ctrl Pts',(0.555144095912901,4.54452959555192,0.106859818748635));
#2956=CARTESIAN_POINT('Ctrl Pts',(0.53662702838421,4.55652810737,0.108498775656629));
#2957=CARTESIAN_POINT('Ctrl Pts',(0.518109960855519,4.56852661918808,0.110137732564623));
#2958=CARTESIAN_POINT('Ctrl Pts',(0.493126890004747,4.57054788580094,0.111776689472617));
#2959=CARTESIAN_POINT('Ctrl Pts',(0.472923873366708,4.56167727459207,0.113415646380611));
#2960=CARTESIAN_POINT('Ctrl Pts',(0.452720856728668,4.5528066633832,0.115054603288604));
#2961=CARTESIAN_POINT('Ctrl Pts',(0.43729789430336,4.53304417435259,0.116693560196598));
#2962=CARTESIAN_POINT('Ctrl Pts',(0.433596888430135,4.51129530952951,0.118332517104592));
#2963=CARTESIAN_POINT('Ctrl Pts',(0.42989588255691,4.48954644470643,0.119971474012586));
#2964=CARTESIAN_POINT('Ctrl Pts',(0.437916833235767,4.46581120409087,0.121610430920579));
#2965=CARTESIAN_POINT('Ctrl Pts',(0.454050277656137,4.45075405023422,0.123249387828573));
#2966=CARTESIAN_POINT('Ctrl Pts',(0.470183722076507,4.43569689637758,0.124888344736567));
#2967=CARTESIAN_POINT('Ctrl Pts',(0.49442966023839,4.42931782927984,0.126527301644561));
#2968=CARTESIAN_POINT('Ctrl Pts',(0.515872123197256,4.43452853639574,0.128166258552555));
#2969=CARTESIAN_POINT('Ctrl Pts',(0.53731458615612,4.43973924351165,0.129805215460549));
#2970=CARTESIAN_POINT('Ctrl Pts',(0.555953573911967,4.45653972484121,0.131444172368542));
#2971=CARTESIAN_POINT('Ctrl Pts',(0.563394774516531,4.47727296458602,0.133083129276536));
#2972=CARTESIAN_POINT('Ctrl Pts',(0.565986591083179,4.48449448126142,0.133653988186529));
#2973=CARTESIAN_POINT('Ctrl Pts',(0.567219923092902,4.49219310930722,0.134224847096522));
#2974=CARTESIAN_POINT('Ctrl Pts',(0.567164250770228,4.49990910582352,0.134795706006515));
#2975=CARTESIAN_POINT('Ctrl Pts',(0.567233741011998,4.50006131875884,0.12557929399452));
#2976=CARTESIAN_POINT('Ctrl Pts',(0.56709124050217,4.48361423641447,0.124363383613399));
#2977=CARTESIAN_POINT('Ctrl Pts',(0.560996978689433,4.4670699993815,0.123147473232278));
#2978=CARTESIAN_POINT('Ctrl Pts',(0.550039804019905,4.45490875115277,0.121931562851157));
#2979=CARTESIAN_POINT('Ctrl Pts',(0.535270346175353,4.43851629155725,0.120292605943164));
#2980=CARTESIAN_POINT('Ctrl Pts',(0.511665443395998,4.43008730105322,0.11865364903517));
#2981=CARTESIAN_POINT('Ctrl Pts',(0.489852733938785,4.43341172064465,0.117014692127176));
#2982=CARTESIAN_POINT('Ctrl Pts',(0.468040024481573,4.43673614023607,0.115375735219182));
#2983=CARTESIAN_POINT('Ctrl Pts',(0.448019508346503,4.45181396992294,0.113736778311188));
#2984=CARTESIAN_POINT('Ctrl Pts',(0.438802057816953,4.47186023208738,0.112097821403194));
#2985=CARTESIAN_POINT('Ctrl Pts',(0.429584607287404,4.49190649425181,0.110458864495201));
#2986=CARTESIAN_POINT('Ctrl Pts',(0.431170222363376,4.5169211888938,0.108819907587207));
#2987=CARTESIAN_POINT('Ctrl Pts',(0.442845700094871,4.53564324883402,0.107180950679213));
#2988=CARTESIAN_POINT('Ctrl Pts',(0.454521177826366,4.55436530877424,0.105541993771219));
#2989=CARTESIAN_POINT('Ctrl Pts',(0.476286518213384,4.56679473401269,0.103903036863226));
#2990=CARTESIAN_POINT('Ctrl Pts',(0.498344080071179,4.56733710091623,0.102264079955232));
#2991=CARTESIAN_POINT('Ctrl Pts',(0.520401641928974,4.56787946781976,0.100625123047238));
#2992=CARTESIAN_POINT('Ctrl Pts',(0.542751425257546,4.55653477638839,0.0989861661392442));
#2993=CARTESIAN_POINT('Ctrl Pts',(0.555333108970515,4.53840943199194,0.0973472092312504));
#2994=CARTESIAN_POINT('Ctrl Pts',(0.563055592865789,4.52728431683318,0.0963412374856735));
#2995=CARTESIAN_POINT('Ctrl Pts',(0.567098087293423,4.51360468928439,0.0953352657400966));
#2996=CARTESIAN_POINT('Ctrl Pts',(0.567167717954286,4.49996298375905,0.0943292939945197));
#2997=CARTESIAN_POINT('Origin',(0.5,4.5,-0.0494999999994828));
#2998=CARTESIAN_POINT('',(0.567354742914043,4.49998798557391,0.0630792939945195));
#2999=CARTESIAN_POINT('',(0.567177225124955,4.50004302914382,0.0722957060065148));
#3000=CARTESIAN_POINT('',(0.56725,4.5,-0.0494999999994828));
#3001=CARTESIAN_POINT('Ctrl Pts',(0.567177225124955,4.50004302914382,0.0722957060065148));
#3002=CARTESIAN_POINT('Ctrl Pts',(0.567225499556789,4.50810866411009,0.0728906975339297));
#3003=CARTESIAN_POINT('Ctrl Pts',(0.565879376859655,4.51615872856905,0.0734856890613447));
#3004=CARTESIAN_POINT('Ctrl Pts',(0.563065987806509,4.52365836577696,0.0740806805887596));
#3005=CARTESIAN_POINT('Ctrl Pts',(0.555316258253953,4.54431678130559,0.0757196374967535));
#3006=CARTESIAN_POINT('Ctrl Pts',(0.536433265748681,4.56079868771081,0.0773585944047472));
#3007=CARTESIAN_POINT('Ctrl Pts',(0.514916932457481,4.5656850119585,0.078997551312741));
#3008=CARTESIAN_POINT('Ctrl Pts',(0.493400599166281,4.57057133620618,0.0806365082207347));
#3009=CARTESIAN_POINT('Ctrl Pts',(0.469250925089152,4.56386207829633,0.0822754651287286));
#3010=CARTESIAN_POINT('Ctrl Pts',(0.453338563781636,4.54857725016227,0.0839144220367223));
#3011=CARTESIAN_POINT('Ctrl Pts',(0.437426202474119,4.53329242202821,0.0855533789447161));
#3012=CARTESIAN_POINT('Ctrl Pts',(0.429751153936215,4.50943202366994,0.0871923358527099));
#3013=CARTESIAN_POINT('Ctrl Pts',(0.433768229776823,4.48773663261303,0.0888312927607036));
#3014=CARTESIAN_POINT('Ctrl Pts',(0.437785305617431,4.46604124155612,0.0904702496686974));
#3015=CARTESIAN_POINT('Ctrl Pts',(0.453494505836552,4.44651085780056,0.0921092065766912));
#3016=CARTESIAN_POINT('Ctrl Pts',(0.473824561962971,4.43793653384801,0.0937481634846851));
#3017=CARTESIAN_POINT('Ctrl Pts',(0.494154618089391,4.42936220989545,0.0953871203926789));
#3018=CARTESIAN_POINT('Ctrl Pts',(0.51910553012311,4.43174394574589,0.0970260773006727));
#3019=CARTESIAN_POINT('Ctrl Pts',(0.537445949834852,4.44401021365594,0.0986650342086665));
#3020=CARTESIAN_POINT('Ctrl Pts',(0.555651343930575,4.45618617499685,0.100291924807949));
#3021=CARTESIAN_POINT('Ctrl Pts',(0.567343222776793,4.47810166059233,0.101918815407232));
#3022=CARTESIAN_POINT('Ctrl Pts',(0.567357343580063,4.50000324777425,0.103545706006515));
#3023=CARTESIAN_POINT('Ctrl Pts',(0.567167717954286,4.49996298375905,0.0943292939945197));
#3024=CARTESIAN_POINT('Ctrl Pts',(0.567211531486196,4.49137924646665,0.0936963088321028));
#3025=CARTESIAN_POINT('Ctrl Pts',(0.565682379628084,4.4828105235402,0.093063323669686));
#3026=CARTESIAN_POINT('Ctrl Pts',(0.562507299074041,4.47490266402045,0.0924303385072691));
#3027=CARTESIAN_POINT('Ctrl Pts',(0.554286221367233,4.45442723780691,0.0907913815992753));
#3028=CARTESIAN_POINT('Ctrl Pts',(0.535030481856251,4.43838238274134,0.0891524246912815));
#3029=CARTESIAN_POINT('Ctrl Pts',(0.513407823944355,4.43399041150404,0.0875134677832877));
#3030=CARTESIAN_POINT('Ctrl Pts',(0.49178516603246,4.42959844026675,0.0858745108752939));
#3031=CARTESIAN_POINT('Ctrl Pts',(0.467795589719653,4.43685935285774,0.0842355539673002));
#3032=CARTESIAN_POINT('Ctrl Pts',(0.452237662870769,4.45250477825833,0.0825965970593064));
#3033=CARTESIAN_POINT('Ctrl Pts',(0.436679736021886,4.46815020365893,0.0809576401513126));
#3034=CARTESIAN_POINT('Ctrl Pts',(0.429553458636927,4.49218014186915,0.0793186832433187));
#3035=CARTESIAN_POINT('Ctrl Pts',(0.434066636142226,4.51377782550136,0.0776797263353249));
#3036=CARTESIAN_POINT('Ctrl Pts',(0.438579813647526,4.53537550913357,0.0760407694273311));
#3037=CARTESIAN_POINT('Ctrl Pts',(0.454732446043083,4.55454093818778,0.0744018125193374));
#3038=CARTESIAN_POINT('Ctrl Pts',(0.475253640074422,4.56264706109351,0.0727628556113436));
#3039=CARTESIAN_POINT('Ctrl Pts',(0.495774834105762,4.57075318399924,0.0711238987033498));
#3040=CARTESIAN_POINT('Ctrl Pts',(0.520664589772883,4.56780000075649,0.069484941795356));
#3041=CARTESIAN_POINT('Ctrl Pts',(0.538719121596344,4.55511684320813,0.0678459848873622));
#3042=CARTESIAN_POINT('Ctrl Pts',(0.556222199722374,4.54282107726834,0.0662570879230813));
#3043=CARTESIAN_POINT('Ctrl Pts',(0.567301224453584,4.52138064015184,0.0646681909588004));
#3044=CARTESIAN_POINT('Ctrl Pts',(0.567354742914043,4.49998798557391,0.0630792939945195));
#3045=CARTESIAN_POINT('Origin',(0.5,4.5,-0.0494999999994828));
#3046=CARTESIAN_POINT('',(0.567195741020604,4.50005098768504,0.0318292939945196));
#3047=CARTESIAN_POINT('',(0.567220862704774,4.49994314927204,0.0410457060065147));
#3048=CARTESIAN_POINT('',(0.56725,4.5,-0.0494999999994828));
#3049=CARTESIAN_POINT('Ctrl Pts',(0.567220862704774,4.49994314927204,0.0410457060065147));
#3050=CARTESIAN_POINT('Ctrl Pts',(0.567088499899652,4.51588462508243,0.0422236227526336));
#3051=CARTESIAN_POINT('Ctrl Pts',(0.561401814618497,4.53191104575236,0.0434015394987525));
#3052=CARTESIAN_POINT('Ctrl Pts',(0.551059307676533,4.54393158323369,0.0445794562448713));
#3053=CARTESIAN_POINT('Ctrl Pts',(0.536668712369728,4.56065699528655,0.0462184131528651));
#3054=CARTESIAN_POINT('Ctrl Pts',(0.513264435429434,4.56962700810945,0.0478573700608589));
#3055=CARTESIAN_POINT('Ctrl Pts',(0.491381596047187,4.56680389206371,0.0494963269688527));
#3056=CARTESIAN_POINT('Ctrl Pts',(0.46949875666494,4.56398077601797,0.0511352838768465));
#3057=CARTESIAN_POINT('Ctrl Pts',(0.449137354840741,4.5493645311036,0.0527742407848403));
#3058=CARTESIAN_POINT('Ctrl Pts',(0.439462800707492,4.5295344615737,0.0544131976928341));
#3059=CARTESIAN_POINT('Ctrl Pts',(0.429788246574244,4.50970439204381,0.0560521546008279));
#3060=CARTESIAN_POINT('Ctrl Pts',(0.430800540131946,4.4846604978984,0.0576911115088216));
#3061=CARTESIAN_POINT('Ctrl Pts',(0.4420440109907,4.46567595196646,0.0593300684168154));
#3062=CARTESIAN_POINT('Ctrl Pts',(0.453287481849455,4.44669140603453,0.0609690253248092));
#3063=CARTESIAN_POINT('Ctrl Pts',(0.474762130009261,4.43376620831608,0.062607982232803));
#3064=CARTESIAN_POINT('Ctrl Pts',(0.496801432820778,4.43271845784796,0.0642469391407968));
#3065=CARTESIAN_POINT('Ctrl Pts',(0.518840735632295,4.43167070737984,0.0658858960487906));
#3066=CARTESIAN_POINT('Ctrl Pts',(0.541444693095521,4.44250040416205,0.0675248529567844));
#3067=CARTESIAN_POINT('Ctrl Pts',(0.554438438527214,4.46033271487918,0.0691638098647782));
#3068=CARTESIAN_POINT('Ctrl Pts',(0.562715056618013,4.47169135094435,0.0702077752453571));
#3069=CARTESIAN_POINT('Ctrl Pts',(0.567092523354795,4.48589115758062,0.0712517406259359));
#3070=CARTESIAN_POINT('Ctrl Pts',(0.567177225124955,4.50004302914382,0.0722957060065148));
#3071=CARTESIAN_POINT('Ctrl Pts',(0.567354742914043,4.49998798557391,0.0630792939945195));
#3072=CARTESIAN_POINT('Ctrl Pts',(0.567356429071911,4.49931398649901,0.0630292340508066));
#3073=CARTESIAN_POINT('Ctrl Pts',(0.567347170934953,4.49864003485469,0.0629791741070937));
#3074=CARTESIAN_POINT('Ctrl Pts',(0.567326824597187,4.49796641812604,0.0629291141633809));
#3075=CARTESIAN_POINT('Ctrl Pts',(0.566660687794766,4.47591228244629,0.061290157255387));
#3076=CARTESIAN_POINT('Ctrl Pts',(0.554109106210124,4.45421714294077,0.0596512003473933));
#3077=CARTESIAN_POINT('Ctrl Pts',(0.53532200527206,4.44264677278439,0.0580122434393994));
#3078=CARTESIAN_POINT('Ctrl Pts',(0.516534904333997,4.431076402628,0.0563732865314056));
#3079=CARTESIAN_POINT('Ctrl Pts',(0.491512284042513,4.42963080182074,0.0547343296234118));
#3080=CARTESIAN_POINT('Ctrl Pts',(0.471517738789813,4.438960688494,0.0530953727154181));
#3081=CARTESIAN_POINT('Ctrl Pts',(0.451523193537114,4.44829057516726,0.0514564158074243));
#3082=CARTESIAN_POINT('Ctrl Pts',(0.436556723323199,4.46839594932103,0.0498174588994305));
#3083=CARTESIAN_POINT('Ctrl Pts',(0.433355282726949,4.49022664805561,0.0481785019914367));
#3084=CARTESIAN_POINT('Ctrl Pts',(0.430153842130699,4.51205734679018,0.046539545083443));
#3085=CARTESIAN_POINT('Ctrl Pts',(0.438717431152113,4.53561337010556,0.0449005881754491));
#3086=CARTESIAN_POINT('Ctrl Pts',(0.455191265776613,4.55029129231034,0.0432616312674553));
#3087=CARTESIAN_POINT('Ctrl Pts',(0.471665100401113,4.56496921451513,0.0416226743594615));
#3088=CARTESIAN_POINT('Ctrl Pts',(0.496049180628698,4.57076903560932,0.0399837174514678));
#3089=CARTESIAN_POINT('Ctrl Pts',(0.517367342049226,4.56508004439233,0.038344760543474));
#3090=CARTESIAN_POINT('Ctrl Pts',(0.538685503469753,4.55939105317535,0.0367058036354802));
#3091=CARTESIAN_POINT('Ctrl Pts',(0.556937746083223,4.54221324964719,0.0350668467274864));
#3092=CARTESIAN_POINT('Ctrl Pts',(0.563908069336661,4.5212789901284,0.0334278898194926));
#3093=CARTESIAN_POINT('Ctrl Pts',(0.566174293176412,4.51447274653481,0.0328950245445016));
#3094=CARTESIAN_POINT('Ctrl Pts',(0.567247950091154,4.50726942288536,0.0323621592695106));
#3095=CARTESIAN_POINT('Ctrl Pts',(0.567195741020604,4.50005098768504,0.0318292939945196));
#3096=CARTESIAN_POINT('Origin',(0.5,4.5,-0.0494999999994828));
#3097=CARTESIAN_POINT('',(0.567198926634211,4.49994799914002,0.000579293994519549));
#3098=CARTESIAN_POINT('',(0.567342294382614,4.50002808865104,0.00979570600651478));
#3099=CARTESIAN_POINT('',(0.56725,4.5,-0.0494999999994828));
#3100=CARTESIAN_POINT('Ctrl Pts',(0.567342294382614,4.50002808865104,0.00979570600651478));
#3101=CARTESIAN_POINT('Ctrl Pts',(0.567351042806037,4.50166993950262,0.00991759106334376));
#3102=CARTESIAN_POINT('Ctrl Pts',(0.567296101668565,4.50331119544672,0.0100394761201727));
#3103=CARTESIAN_POINT('Ctrl Pts',(0.567175575527402,4.50494762091883,0.0101613611770017));
#3104=CARTESIAN_POINT('Ctrl Pts',(0.565554891607718,4.52695221197959,0.0118003180849955));
#3105=CARTESIAN_POINT('Ctrl Pts',(0.552075463814673,4.54808338187942,0.0134392749929893));
#3106=CARTESIAN_POINT('Ctrl Pts',(0.53280487454691,4.55882921983395,0.0150782319009831));
#3107=CARTESIAN_POINT('Ctrl Pts',(0.513534285279148,4.56957505778847,0.0167171888089769));
#3108=CARTESIAN_POINT('Ctrl Pts',(0.488472534536668,4.56993556379771,0.0183561457169707));
#3109=CARTESIAN_POINT('Ctrl Pts',(0.46890083098859,4.55974846095713,0.0199951026249645));
#3110=CARTESIAN_POINT('Ctrl Pts',(0.449329127440513,4.54956135811656,0.0216340595329583));
#3111=CARTESIAN_POINT('Ctrl Pts',(0.435247471086837,4.52882664642619,0.023273016440952));
#3112=CARTESIAN_POINT('Ctrl Pts',(0.432994529381067,4.5068777763425,0.0249119733489458));
#3113=CARTESIAN_POINT('Ctrl Pts',(0.430741587675297,4.48492890625881,0.0265509302569396));
#3114=CARTESIAN_POINT('Ctrl Pts',(0.440317360617433,4.46176587778181,0.0281898871649334));
#3115=CARTESIAN_POINT('Ctrl Pts',(0.457411443324581,4.44781521542322,0.0298288440729272));
#3116=CARTESIAN_POINT('Ctrl Pts',(0.474505526031729,4.43386455306464,0.031467800980921));
#3117=CARTESIAN_POINT('Ctrl Pts',(0.499117918503889,4.42912625682448,0.0331067578889148));
#3118=CARTESIAN_POINT('Ctrl Pts',(0.52016968463229,4.43573320670953,0.0347457147969086));
#3119=CARTESIAN_POINT('Ctrl Pts',(0.541221450760691,4.44234015659459,0.0363846717049024));
#3120=CARTESIAN_POINT('Ctrl Pts',(0.558712590545332,4.46029235260486,0.0380236286128962));
#3121=CARTESIAN_POINT('Ctrl Pts',(0.564769703600993,4.48150885625142,0.03966258552089));
#3122=CARTESIAN_POINT('Ctrl Pts',(0.566473575356289,4.48747707922783,0.0401236256827649));
#3123=CARTESIAN_POINT('Ctrl Pts',(0.567272669905326,4.4937036076301,0.0405846658446398));
#3124=CARTESIAN_POINT('Ctrl Pts',(0.567220862704774,4.49994314927204,0.0410457060065147));
#3125=CARTESIAN_POINT('Ctrl Pts',(0.567195741020604,4.50005098768504,0.0318292939945196));
#3126=CARTESIAN_POINT('Ctrl Pts',(0.567087368381568,4.48506736770985,0.0307232023615168));
#3127=CARTESIAN_POINT('Ctrl Pts',(0.562127964481489,4.4700186364278,0.029617110728514));
#3128=CARTESIAN_POINT('Ctrl Pts',(0.552914087788512,4.45832103575665,0.0285110190955113));
#3129=CARTESIAN_POINT('Ctrl Pts',(0.539261379093517,4.44098805641308,0.0268720621875175));
#3130=CARTESIAN_POINT('Ctrl Pts',(0.516267557810121,4.43101281323535,0.0252331052795237));
#3131=CARTESIAN_POINT('Ctrl Pts',(0.494282982083206,4.43288552724344,0.0235941483715299));
#3132=CARTESIAN_POINT('Ctrl Pts',(0.472298406356291,4.43475824125153,0.0219551914635361));
#3133=CARTESIAN_POINT('Ctrl Pts',(0.451323076185858,4.44847891244545,0.0203162345555423));
#3134=CARTESIAN_POINT('Ctrl Pts',(0.440798753204547,4.4678713659643,0.0186772776475485));
#3135=CARTESIAN_POINT('Ctrl Pts',(0.430274430223236,4.48726381948314,0.0170383207395547));
#3136=CARTESIAN_POINT('Ctrl Pts',(0.430201114431047,4.51232805532691,0.0153993638315609));
#3137=CARTESIAN_POINT('Ctrl Pts',(0.440611807940965,4.53178174619289,0.0137604069235671));
#3138=CARTESIAN_POINT('Ctrl Pts',(0.451022501450882,4.55123543705887,0.0121214500155733));
#3139=CARTESIAN_POINT('Ctrl Pts',(0.471917204262906,4.56507858294707,0.0104824931075795));
#3140=CARTESIAN_POINT('Ctrl Pts',(0.493890448063109,4.56707987866926,0.00884353619958575));
#3141=CARTESIAN_POINT('Ctrl Pts',(0.515863691863312,4.56908117439146,0.00720457929159196));
#3142=CARTESIAN_POINT('Ctrl Pts',(0.538915476651696,4.55924061994765,0.00556562238359814));
#3143=CARTESIAN_POINT('Ctrl Pts',(0.552669352790718,4.54198780803689,0.00392666547560435));
#3144=CARTESIAN_POINT('Ctrl Pts',(0.56203289625701,4.53024221336894,0.0028108749819094));
#3145=CARTESIAN_POINT('Ctrl Pts',(0.567087052509397,4.51506119157874,0.00169508448821449));
#3146=CARTESIAN_POINT('Ctrl Pts',(0.567198926634211,4.49994799914002,0.000579293994519549));
#3147=CARTESIAN_POINT('Origin',(0.5,4.5,-0.0494999999994828));
#3148=CARTESIAN_POINT('',(0.567353600327383,4.50001429026654,-0.0306707060054804));
#3149=CARTESIAN_POINT('',(0.567154142318898,4.50002389097685,-0.0214542939934853));
#3150=CARTESIAN_POINT('',(0.56725,4.5,-0.0494999999994828));
#3151=CARTESIAN_POINT('Ctrl Pts',(0.567154142318898,4.50002389097685,-0.0214542939934853));
#3152=CARTESIAN_POINT('Ctrl Pts',(0.567185220421377,4.50958646835903,-0.0207494837179524));
#3153=CARTESIAN_POINT('Ctrl Pts',(0.565275064773999,4.51913720088378,-0.0200446734424195));
#3154=CARTESIAN_POINT('Ctrl Pts',(0.561361665292604,4.52778098149298,-0.0193398631668865));
#3155=CARTESIAN_POINT('Ctrl Pts',(0.552261495592435,4.54788111968963,-0.0177009062588927));
#3156=CARTESIAN_POINT('Ctrl Pts',(0.532328932323174,4.56307698216575,-0.016061949350899));
#3157=CARTESIAN_POINT('Ctrl Pts',(0.510536349676462,4.56652835662853,-0.0144229924429051));
#3158=CARTESIAN_POINT('Ctrl Pts',(0.488743767029751,4.5699797310913,-0.0127840355349114));
#3159=CARTESIAN_POINT('Ctrl Pts',(0.465091165005589,4.56168661754073,-0.0111450786269176));
#3160=CARTESIAN_POINT('Ctrl Pts',(0.450225443006717,4.54538204905373,-0.00950612171892375));
#3161=CARTESIAN_POINT('Ctrl Pts',(0.435359721007845,4.52907748056672,-0.00786716481092997));
#3162=CARTESIAN_POINT('Ctrl Pts',(0.429280879034264,4.50476145714327,-0.00622820790293617));
#3163=CARTESIAN_POINT('Ctrl Pts',(0.434725225713332,4.48337950837014,-0.00458925099494239));
#3164=CARTESIAN_POINT('Ctrl Pts',(0.4401695723924,4.461997559597,-0.00295029408694859));
#3165=CARTESIAN_POINT('Ctrl Pts',(0.457137107724118,4.44354968547418,-0.0013113371789548));
#3166=CARTESIAN_POINT('Ctrl Pts',(0.47799012480396,4.43633994742332,0.000327619729038998));
#3167=CARTESIAN_POINT('Ctrl Pts',(0.498843141883801,4.42913020937247,0.0019665766370328));
#3168=CARTESIAN_POINT('Ctrl Pts',(0.523581640711767,4.43315860739358,0.00360553354502659));
#3169=CARTESIAN_POINT('Ctrl Pts',(0.541069920102588,4.44661181251498,0.00524449045302039));
#3170=CARTESIAN_POINT('Ctrl Pts',(0.557257640633689,4.45906453698753,0.00676156230418519));
#3171=CARTESIAN_POINT('Ctrl Pts',(0.567233405013706,4.47959239476425,0.00827863415534999));
#3172=CARTESIAN_POINT('Ctrl Pts',(0.567342294382614,4.50002808865104,0.00979570600651478));
#3173=CARTESIAN_POINT('Ctrl Pts',(0.567198926634211,4.49994799914002,0.000579293994519549));
#3174=CARTESIAN_POINT('Ctrl Pts',(0.567251381629178,4.49286179905009,5.61275802206928E-5));
#3175=CARTESIAN_POINT('Ctrl Pts',(0.566217306101645,4.48579051082856,-0.000467038834078166));
#3176=CARTESIAN_POINT('Ctrl Pts',(0.564031461666531,4.47909524781342,-0.000990205248377022));
#3177=CARTESIAN_POINT('Ctrl Pts',(0.557183726913659,4.45812056887842,-0.00262916215637079));
#3178=CARTESIAN_POINT('Ctrl Pts',(0.539032289918252,4.44083628038613,-0.00426811906436456));
#3179=CARTESIAN_POINT('Ctrl Pts',(0.517747774931579,4.43502267139904,-0.00590707597235833));
#3180=CARTESIAN_POINT('Ctrl Pts',(0.496463259944906,4.42920906241194,-0.00754603288035214));
#3181=CARTESIAN_POINT('Ctrl Pts',(0.472045666966966,4.43486613293003,-0.00918498978834591));
#3182=CARTESIAN_POINT('Ctrl Pts',(0.455486245748141,4.44944742905111,-0.0108239466963397));
#3183=CARTESIAN_POINT('Ctrl Pts',(0.438926824529316,4.4640287251722,-0.0124629036043335));
#3184=CARTESIAN_POINT('Ctrl Pts',(0.430225575069604,4.48753424689628,-0.0141018605123273));
#3185=CARTESIAN_POINT('Ctrl Pts',(0.433299247313932,4.50938330103157,-0.0157408174203211));
#3186=CARTESIAN_POINT('Ctrl Pts',(0.436372919558259,4.53123235516687,-0.0173797743283149));
#3187=CARTESIAN_POINT('Ctrl Pts',(0.451221513506626,4.55142494171339,-0.0190187312363087));
#3188=CARTESIAN_POINT('Ctrl Pts',(0.471161135104633,4.56087164051251,-0.0206576881443025));
#3189=CARTESIAN_POINT('Ctrl Pts',(0.491100756702639,4.57031833931163,-0.0222966450522963));
#3190=CARTESIAN_POINT('Ctrl Pts',(0.516131405950287,4.56901915036334,-0.0239356019602901));
#3191=CARTESIAN_POINT('Ctrl Pts',(0.534985874095955,4.55755888602883,-0.0255745588682839));
#3192=CARTESIAN_POINT('Ctrl Pts',(0.553840342241623,4.54609862169431,-0.0272135157762777));
#3193=CARTESIAN_POINT('Ctrl Pts',(0.566518629285312,4.52447728197357,-0.0288524726842714));
#3194=CARTESIAN_POINT('Ctrl Pts',(0.567313775518514,4.50242742097308,-0.0304914295922652));
#3195=CARTESIAN_POINT('Ctrl Pts',(0.567342767731788,4.50162345027424,-0.0305511883966703));
#3196=CARTESIAN_POINT('Ctrl Pts',(0.567355962022776,4.50081890988209,-0.0306109472010754));
#3197=CARTESIAN_POINT('Ctrl Pts',(0.567353600327383,4.50001429026654,-0.0306707060054804));
#3198=CARTESIAN_POINT('Origin',(0.5,4.5,-0.0494999999994828));
#3199=CARTESIAN_POINT('',(0.56716554810252,4.50003538663314,-0.0619207060054805));
#3200=CARTESIAN_POINT('',(0.567263665730215,4.49994217952372,-0.0527042939934853));
#3201=CARTESIAN_POINT('',(0.56725,4.5,-0.0494999999994828));
#3202=CARTESIAN_POINT('Ctrl Pts',(0.567263665730215,4.49994217952372,-0.0527042939934853));
#3203=CARTESIAN_POINT('Ctrl Pts',(0.56710767884353,4.51734154572476,-0.0514165584992484));
#3204=CARTESIAN_POINT('Ctrl Pts',(0.560191186842505,4.53485100375253,-0.0501288230050116));
#3205=CARTESIAN_POINT('Ctrl Pts',(0.548039378420842,4.54721498725124,-0.0488410875107748));
#3206=CARTESIAN_POINT('Ctrl Pts',(0.532573243918505,4.56295116619187,-0.047202130602781));
#3207=CARTESIAN_POINT('Ctrl Pts',(0.508626546651327,4.57035231508034,-0.0455631736947871));
#3208=CARTESIAN_POINT('Ctrl Pts',(0.486978569024315,4.56608690668764,-0.0439242167867934));
#3209=CARTESIAN_POINT('Ctrl Pts',(0.465330591397302,4.56182149829493,-0.0422852598787995));
#3210=CARTESIAN_POINT('Ctrl Pts',(0.445981333410455,4.54588953262105,-0.0406463029708058));
#3211=CARTESIAN_POINT('Ctrl Pts',(0.437640602259334,4.52546256887309,-0.039007346062812));
#3212=CARTESIAN_POINT('Ctrl Pts',(0.429299871108212,4.50503560512512,-0.0373683891548182));
#3213=CARTESIAN_POINT('Ctrl Pts',(0.431967666792816,4.48011364330305,-0.0357294322468244));
#3214=CARTESIAN_POINT('Ctrl Pts',(0.444443117110922,4.46191496798157,-0.0340904753388306));
#3215=CARTESIAN_POINT('Ctrl Pts',(0.456918567429029,4.44371629266009,-0.0324515184308368));
#3216=CARTESIAN_POINT('Ctrl Pts',(0.479201672380637,4.43224090383919,-0.030812561522843));
#3217=CARTESIAN_POINT('Ctrl Pts',(0.501261993176888,4.43265429283602,-0.0291736046148492));
#3218=CARTESIAN_POINT('Ctrl Pts',(0.523322313973139,4.43306768183284,-0.0275346477068555));
#3219=CARTESIAN_POINT('Ctrl Pts',(0.545159850614031,4.44536984864739,-0.0258956907988617));
#3220=CARTESIAN_POINT('Ctrl Pts',(0.556944730868939,4.46402313901326,-0.0242567338908679));
#3221=CARTESIAN_POINT('Ctrl Pts',(0.563661689777611,4.47465484524947,-0.023322587258407));
#3222=CARTESIAN_POINT('Ctrl Pts',(0.567112951794607,4.4873497717574,-0.0223884406259462));
#3223=CARTESIAN_POINT('Ctrl Pts',(0.567154142318898,4.50002389097685,-0.0214542939934853));
#3224=CARTESIAN_POINT('Ctrl Pts',(0.567353600327383,4.50001429026654,-0.0306707060054804));
#3225=CARTESIAN_POINT('Ctrl Pts',(0.567291189693128,4.47875125156218,-0.0322499041090692));
#3226=CARTESIAN_POINT('Ctrl Pts',(0.556365348767472,4.45743288766958,-0.0338291022126579));
#3227=CARTESIAN_POINT('Ctrl Pts',(0.5390409028163,4.44511061437376,-0.0354083003162466));
#3228=CARTESIAN_POINT('Ctrl Pts',(0.521060878458171,4.43232205105516,-0.0370472572242404));
#3229=CARTESIAN_POINT('Ctrl Pts',(0.496188824319196,4.42922330669818,-0.0386862141322342));
#3230=CARTESIAN_POINT('Ctrl Pts',(0.475620559704451,4.43720923923049,-0.0403251710402279));
#3231=CARTESIAN_POINT('Ctrl Pts',(0.455052295089706,4.44519517176281,-0.0419641279482217));
#3232=CARTESIAN_POINT('Ctrl Pts',(0.43878781999919,4.46426578118443,-0.0436030848562155));
#3233=CARTESIAN_POINT('Ctrl Pts',(0.434148368263765,4.48583669018863,-0.0452420417642093));
#3234=CARTESIAN_POINT('Ctrl Pts',(0.429508916528339,4.50740759919284,-0.0468809986722031));
#3235=CARTESIAN_POINT('Ctrl Pts',(0.436494488148005,4.53147880777962,-0.0485199555801969));
#3236=CARTESIAN_POINT('Ctrl Pts',(0.451960622389465,4.54721498645483,-0.0501589124881907));
#3237=CARTESIAN_POINT('Ctrl Pts',(0.467426756630925,4.56295116513004,-0.0517978693961845));
#3238=CARTESIAN_POINT('Ctrl Pts',(0.49137345349418,4.57035231389367,-0.0534368263041783));
#3239=CARTESIAN_POINT('Ctrl Pts',(0.513021430756043,4.56608690557291,-0.0550757832121721));
#3240=CARTESIAN_POINT('Ctrl Pts',(0.534669408017907,4.56182149725215,-0.0567147401201659));
#3241=CARTESIAN_POINT('Ctrl Pts',(0.554018665678378,4.54588953184701,-0.0583536970281597));
#3242=CARTESIAN_POINT('Ctrl Pts',(0.562359396688813,4.5254625684436,-0.0599926539361535));
#3243=CARTESIAN_POINT('Ctrl Pts',(0.565630046780533,4.51745254514404,-0.0606353379592625));
#3244=CARTESIAN_POINT('Ctrl Pts',(0.567207961244083,4.50875134458687,-0.0612780219823715));
#3245=CARTESIAN_POINT('Ctrl Pts',(0.56716554810252,4.50003538663314,-0.0619207060054805));
#3246=CARTESIAN_POINT('Origin',(0.5,4.5,-0.0494999999994828));
#3247=CARTESIAN_POINT('',(0.567239066679338,4.49994148700486,-0.0931707060054805));
#3248=CARTESIAN_POINT('',(0.567309411407174,4.50004729618257,-0.0839542939934854));
#3249=CARTESIAN_POINT('',(0.56725,4.5,-0.0494999999994828));
#3250=CARTESIAN_POINT('Ctrl Pts',(0.567309411407174,4.50004729618257,-0.0839542939934854));
#3251=CARTESIAN_POINT('Ctrl Pts',(0.567334484166943,4.5031724738515,-0.0837225901885384));
#3252=CARTESIAN_POINT('Ctrl Pts',(0.567135287240741,4.50629444080655,-0.0834908863835914));
#3253=CARTESIAN_POINT('Ctrl Pts',(0.566700753811149,4.50938330118985,-0.0832591825786444));
#3254=CARTESIAN_POINT('Ctrl Pts',(0.563627081514976,4.53123235569369,-0.0816202256706506));
#3255=CARTESIAN_POINT('Ctrl Pts',(0.548778487316148,4.55142494258081,-0.0799812687626567));
#3256=CARTESIAN_POINT('Ctrl Pts',(0.528838865381808,4.56087164153927,-0.0783423118546629));
#3257=CARTESIAN_POINT('Ctrl Pts',(0.508899243447467,4.57031834049773,-0.0767033549466691));
#3258=CARTESIAN_POINT('Ctrl Pts',(0.483868593777613,4.56901915152753,-0.0750643980386754));
#3259=CARTESIAN_POINT('Ctrl Pts',(0.465014125313916,4.5575588869997,-0.0734254411306816));
#3260=CARTESIAN_POINT('Ctrl Pts',(0.446159656850218,4.54609862247188,-0.0717864842226878));
#3261=CARTESIAN_POINT('Ctrl Pts',(0.433481369592677,4.52447728238644,-0.070147527314694));
#3262=CARTESIAN_POINT('Ctrl Pts',(0.432686223346064,4.50242742101403,-0.0685085704067002));
#3263=CARTESIAN_POINT('Ctrl Pts',(0.431891077099451,4.48037755964161,-0.0668696134987064));
#3264=CARTESIAN_POINT('Ctrl Pts',(0.442979071863765,4.45789917698223,-0.0652306565907126));
#3265=CARTESIAN_POINT('Ctrl Pts',(0.460959096525175,4.44511061344791,-0.0635916996827188));
#3266=CARTESIAN_POINT('Ctrl Pts',(0.478939121186585,4.43232204991359,-0.061952742774725));
#3267=CARTESIAN_POINT('Ctrl Pts',(0.503811175745091,4.42922330550434,-0.0603137858667313));
#3268=CARTESIAN_POINT('Ctrl Pts',(0.524379440706773,4.43720923817136,-0.0586748289587375));
#3269=CARTESIAN_POINT('Ctrl Pts',(0.544947705668456,4.44519517083839,-0.0570358720507437));
#3270=CARTESIAN_POINT('Ctrl Pts',(0.561212181033314,4.46426578058168,-0.0553969151427498));
#3271=CARTESIAN_POINT('Ctrl Pts',(0.565851632846995,4.48583668994974,-0.053757958234756));
#3272=CARTESIAN_POINT('Ctrl Pts',(0.566845847409386,4.49045924301829,-0.0534067368209991));
#3273=CARTESIAN_POINT('Ctrl Pts',(0.56730621013092,4.49519661646131,-0.0530555154072422));
#3274=CARTESIAN_POINT('Ctrl Pts',(0.567263665730215,4.49994217952372,-0.0527042939934853));
#3275=CARTESIAN_POINT('Ctrl Pts',(0.56716554810252,4.50003538663314,-0.0619207060054805));
#3276=CARTESIAN_POINT('Ctrl Pts',(0.567099800298961,4.48652412407974,-0.0629169788903653));
#3277=CARTESIAN_POINT('Ctrl Pts',(0.563140334944776,4.47297739886199,-0.06391325177525));
#3278=CARTESIAN_POINT('Ctrl Pts',(0.555556881951968,4.46191496862398,-0.0649095246601348));
#3279=CARTESIAN_POINT('Ctrl Pts',(0.543081431844293,4.44371629360946,-0.0665484815681286));
#3280=CARTESIAN_POINT('Ctrl Pts',(0.520798327268547,4.43224090498213,-0.0681874384761224));
#3281=CARTESIAN_POINT('Ctrl Pts',(0.498738006844401,4.43265429397198,-0.0698263953841162));
#3282=CARTESIAN_POINT('Ctrl Pts',(0.476677686420255,4.43306768296183,-0.07146535229211));
#3283=CARTESIAN_POINT('Ctrl Pts',(0.454840150147709,4.44536984956886,-0.0731043092001037));
#3284=CARTESIAN_POINT('Ctrl Pts',(0.443055270091583,4.4640231396201,-0.0747432661080975));
#3285=CARTESIAN_POINT('Ctrl Pts',(0.431270390035456,4.48267642967134,-0.0763822230160913));
#3286=CARTESIAN_POINT('Ctrl Pts',(0.42953816619575,4.50768084316677,-0.0780211799240851));
#3287=CARTESIAN_POINT('Ctrl Pts',(0.438638335742419,4.52778098102438,-0.0796601368320789));
#3288=CARTESIAN_POINT('Ctrl Pts',(0.447738505289089,4.547881118882,-0.0812990937400727));
#3289=CARTESIAN_POINT('Ctrl Pts',(0.467671068222135,4.56307698110179,-0.0829380506480665));
#3290=CARTESIAN_POINT('Ctrl Pts',(0.489463650501258,4.56652835550635,-0.0845770075560603));
#3291=CARTESIAN_POINT('Ctrl Pts',(0.511256232780381,4.56997972991091,-0.0862159644640541));
#3292=CARTESIAN_POINT('Ctrl Pts',(0.534908834405581,4.56168661650023,-0.0878549213720479));
#3293=CARTESIAN_POINT('Ctrl Pts',(0.549774556153705,4.54538204828824,-0.0894938782800417));
#3294=CARTESIAN_POINT('Ctrl Pts',(0.560891118079071,4.53318951937737,-0.0907194875218547));
#3295=CARTESIAN_POINT('Ctrl Pts',(0.567094036170578,4.51651696615351,-0.0919450967636676));
#3296=CARTESIAN_POINT('Ctrl Pts',(0.567239066679338,4.49994148700486,-0.0931707060054805));
#3297=CARTESIAN_POINT('Origin',(0.5,4.5,-0.0494999999994828));
#3298=CARTESIAN_POINT('',(0.567329665325925,4.50003739616069,-0.12442070600548));
#3299=CARTESIAN_POINT('',(0.567145654375656,4.50000103960231,-0.115204293993485));
#3300=CARTESIAN_POINT('',(0.56725,4.5,-0.0494999999994828));
#3301=CARTESIAN_POINT('Ctrl Pts',(0.567145654375656,4.50000103960231,-0.115204293993485));
#3302=CARTESIAN_POINT('Ctrl Pts',(0.567147205823519,4.5110570920905,-0.114389664969834));
#3303=CARTESIAN_POINT('Ctrl Pts',(0.564562736205377,4.52211246171814,-0.113575035946183));
#3304=CARTESIAN_POINT('Ctrl Pts',(0.55938819306077,4.53178174672897,-0.112760406922533));
#3305=CARTESIAN_POINT('Ctrl Pts',(0.548977499375249,4.55123543792309,-0.111121450014539));
#3306=CARTESIAN_POINT('Ctrl Pts',(0.528082796210781,4.56507858404479,-0.109482493106545));
#3307=CARTESIAN_POINT('Ctrl Pts',(0.506109552039942,4.56707987980074,-0.107843536198551));
#3308=CARTESIAN_POINT('Ctrl Pts',(0.484136307869103,4.56908117555669,-0.106204579290557));
#3309=CARTESIAN_POINT('Ctrl Pts',(0.461084522691892,4.55924062094689,-0.104565622382564));
#3310=CARTESIAN_POINT('Ctrl Pts',(0.447330646320875,4.54198780874512,-0.10292666547457));
#3311=CARTESIAN_POINT('Ctrl Pts',(0.433576769949858,4.52473499654335,-0.101287708566576));
#3312=CARTESIAN_POINT('Ctrl Pts',(0.429120802385035,4.5000699267496,-0.0996487516585822));
#3313=CARTESIAN_POINT('Ctrl Pts',(0.435968537253413,4.47909524746081,-0.0980097947505884));
#3314=CARTESIAN_POINT('Ctrl Pts',(0.442816272121791,4.45812056817202,-0.0963708378425946));
#3315=CARTESIAN_POINT('Ctrl Pts',(0.460967709423369,4.44083627938819,-0.0947318809346008));
#3316=CARTESIAN_POINT('Ctrl Pts',(0.482252224769062,4.43502267030303,-0.093092924026607));
#3317=CARTESIAN_POINT('Ctrl Pts',(0.503536740114753,4.42920906121787,-0.0914539671186133));
#3318=CARTESIAN_POINT('Ctrl Pts',(0.527954333504559,4.43486613183138,-0.0898150102106195));
#3319=CARTESIAN_POINT('Ctrl Pts',(0.544513755002701,4.44944742819841,-0.0881760533026257));
#3320=CARTESIAN_POINT('Ctrl Pts',(0.558732125952091,4.46196732695773,-0.086768800199579));
#3321=CARTESIAN_POINT('Ctrl Pts',(0.567157131995986,4.4810665290209,-0.0853615470965322));
#3322=CARTESIAN_POINT('Ctrl Pts',(0.567309411407174,4.50004729618257,-0.0839542939934854));
#3323=CARTESIAN_POINT('Ctrl Pts',(0.567239066679338,4.49994148700486,-0.0931707060054805));
#3324=CARTESIAN_POINT('Ctrl Pts',(0.567287979514094,4.49435125857954,-0.0935840536716614));
#3325=CARTESIAN_POINT('Ctrl Pts',(0.56664784647679,4.48877207170787,-0.0939974013378422));
#3326=CARTESIAN_POINT('Ctrl Pts',(0.56527477318564,4.48337950865048,-0.0944107490040231));
#3327=CARTESIAN_POINT('Ctrl Pts',(0.559830426598405,4.46199756023801,-0.0960497059120168));
#3328=CARTESIAN_POINT('Ctrl Pts',(0.54286289155289,4.44354968642636,-0.0976886628200106));
#3329=CARTESIAN_POINT('Ctrl Pts',(0.522009874824789,4.43633994849712,-0.0993276197280044));
#3330=CARTESIAN_POINT('Ctrl Pts',(0.501156858096688,4.42913021056787,-0.100966576635998));
#3331=CARTESIAN_POINT('Ctrl Pts',(0.476418359686001,4.43315860852104,-0.102605533543992));
#3332=CARTESIAN_POINT('Ctrl Pts',(0.458930080590165,4.44661181341551,-0.104244490451986));
#3333=CARTESIAN_POINT('Ctrl Pts',(0.441441801494328,4.46006501830999,-0.10588344735998));
#3334=CARTESIAN_POINT('Ctrl Pts',(0.431203741713342,4.48294303014578,-0.107522404267973));
#3335=CARTESIAN_POINT('Ctrl Pts',(0.432824425605689,4.50494762083537,-0.109161361175967));
#3336=CARTESIAN_POINT('Ctrl Pts',(0.434445109498035,4.52695221152497,-0.110800318083961));
#3337=CARTESIAN_POINT('Ctrl Pts',(0.447924537063713,4.54808338106837,-0.112439274991955));
#3338=CARTESIAN_POINT('Ctrl Pts',(0.467195126006427,4.55882921884164,-0.114078231899948));
#3339=CARTESIAN_POINT('Ctrl Pts',(0.486465714949141,4.56957505661491,-0.115717188807942));
#3340=CARTESIAN_POINT('Ctrl Pts',(0.51152746526889,4.56993556261806,-0.117356145715936));
#3341=CARTESIAN_POINT('Ctrl Pts',(0.53109916848684,4.55974845994932,-0.11899510262393));
#3342=CARTESIAN_POINT('Ctrl Pts',(0.55067087170479,4.54956135728058,-0.120634059531924));
#3343=CARTESIAN_POINT('Ctrl Pts',(0.564752527820941,4.52882664593996,-0.122273016439917));
#3344=CARTESIAN_POINT('Ctrl Pts',(0.567005469488711,4.50687777622649,-0.123911973347911));
#3345=CARTESIAN_POINT('Ctrl Pts',(0.567238574051823,4.50460679790576,-0.124081550900434));
#3346=CARTESIAN_POINT('Ctrl Pts',(0.567345047857849,4.50232282157121,-0.124251128452957));
#3347=CARTESIAN_POINT('Ctrl Pts',(0.567329665325925,4.50003739616069,-0.12442070600548));
#3348=CARTESIAN_POINT('Origin',(0.5,4.5,-0.0494999999994828));
#3349=CARTESIAN_POINT('',(0.567148559644211,4.50001421977145,-0.15567070600548));
#3350=CARTESIAN_POINT('',(0.567305952352023,4.4999514149342,-0.146454293993485));
#3351=CARTESIAN_POINT('',(0.56725,4.5,-0.0494999999994828));
#3352=CARTESIAN_POINT('Ctrl Pts',(0.567305952352023,4.4999514149342,-0.146454293993485));
#3353=CARTESIAN_POINT('Ctrl Pts',(0.567151881016174,4.51880389495195,-0.145056739751131));
#3354=CARTESIAN_POINT('Ctrl Pts',(0.558856131676073,4.53777528819706,-0.143659185508776));
#3355=CARTESIAN_POINT('Ctrl Pts',(0.544808734979204,4.55029129315865,-0.142261631266421));
#3356=CARTESIAN_POINT('Ctrl Pts',(0.528334900076833,4.56496921561102,-0.140622674358427));
#3357=CARTESIAN_POINT('Ctrl Pts',(0.503950819437941,4.57076903680302,-0.138983717450433));
#3358=CARTESIAN_POINT('Ctrl Pts',(0.482632657657826,4.56508004549007,-0.137344760542439));
#3359=CARTESIAN_POINT('Ctrl Pts',(0.46131449587771,4.55939105417712,-0.135705803634446));
#3360=CARTESIAN_POINT('Ctrl Pts',(0.443062252956373,4.54221325035922,-0.134066846726452));
#3361=CARTESIAN_POINT('Ctrl Pts',(0.436091929585363,4.52127899048733,-0.132427889818458));
#3362=CARTESIAN_POINT('Ctrl Pts',(0.429121606214354,4.50034473061544,-0.130788932910464));
#3363=CARTESIAN_POINT('Ctrl Pts',(0.433433202393672,4.47565401468956,-0.129149976002471));
#3364=CARTESIAN_POINT('Ctrl Pts',(0.447085911318955,4.45832103505362,-0.127511019094477));
#3365=CARTESIAN_POINT('Ctrl Pts',(0.460738620244239,4.44098805541769,-0.125872062186483));
#3366=CARTESIAN_POINT('Ctrl Pts',(0.483732441915487,4.4310128120717,-0.124233105278489));
#3367=CARTESIAN_POINT('Ctrl Pts',(0.505717018013229,4.43288552611138,-0.122594148370495));
#3368=CARTESIAN_POINT('Ctrl Pts',(0.527701594110971,4.43475824015107,-0.120955191462502));
#3369=CARTESIAN_POINT('Ctrl Pts',(0.548676924635206,4.44847891157642,-0.119316234554508));
#3370=CARTESIAN_POINT('Ctrl Pts',(0.559201247794036,4.46787136542236,-0.117677277646514));
#3371=CARTESIAN_POINT('Ctrl Pts',(0.56449454928436,4.47762497173933,-0.116852949762171));
#3372=CARTESIAN_POINT('Ctrl Pts',(0.567144084456468,4.48881335527954,-0.116028621877828));
#3373=CARTESIAN_POINT('Ctrl Pts',(0.567145654375656,4.50000103960231,-0.115204293993485));
#3374=CARTESIAN_POINT('Ctrl Pts',(0.567329665325925,4.50003739616069,-0.12442070600548));
#3375=CARTESIAN_POINT('Ctrl Pts',(0.567196376606351,4.48023432159848,-0.125890085360951));
#3376=CARTESIAN_POINT('Ctrl Pts',(0.557913969141751,4.46032244868954,-0.127359464716422));
#3377=CARTESIAN_POINT('Ctrl Pts',(0.542588555957055,4.44781521630345,-0.128828844071893));
#3378=CARTESIAN_POINT('Ctrl Pts',(0.525494473538243,4.43386455418019,-0.130467800979887));
#3379=CARTESIAN_POINT('Ctrl Pts',(0.500882081481232,4.42912625801997,-0.13210675788788));
#3380=CARTESIAN_POINT('Ctrl Pts',(0.479830315707925,4.43573320779357,-0.133745714795874));
#3381=CARTESIAN_POINT('Ctrl Pts',(0.458778549934618,4.44234015756717,-0.135384671703868));
#3382=CARTESIAN_POINT('Ctrl Pts',(0.441287410445015,4.46029235327459,-0.137023628611862));
#3383=CARTESIAN_POINT('Ctrl Pts',(0.435230297491519,4.4815088565633,-0.138662585519855));
#3384=CARTESIAN_POINT('Ctrl Pts',(0.429173184538023,4.502725359852,-0.140301542427849));
#3385=CARTESIAN_POINT('Ctrl Pts',(0.434550098120633,4.527206170722,-0.141940499335843));
#3386=CARTESIAN_POINT('Ctrl Pts',(0.448940693184709,4.54393158249271,-0.143579456243837));
#3387=CARTESIAN_POINT('Ctrl Pts',(0.463331288248785,4.56065699426342,-0.145218413151831));
#3388=CARTESIAN_POINT('Ctrl Pts',(0.486735564794325,4.56962700693485,-0.146857370059824));
#3389=CARTESIAN_POINT('Ctrl Pts',(0.50861840380745,4.5668038909368,-0.148496326967818));
#3390=CARTESIAN_POINT('Ctrl Pts',(0.530501242820575,4.56398077493876,-0.150135283875812));
#3391=CARTESIAN_POINT('Ctrl Pts',(0.550862644301284,4.54936453027123,-0.151774240783806));
#3392=CARTESIAN_POINT('Ctrl Pts',(0.56053719827137,4.52953446107569,-0.1534131976918));
#3393=CARTESIAN_POINT('Ctrl Pts',(0.564979126327785,4.52042977873139,-0.154165700463027));
#3394=CARTESIAN_POINT('Ctrl Pts',(0.567168212303997,4.51022599552654,-0.154918203234253));
#3395=CARTESIAN_POINT('Ctrl Pts',(0.567148559644211,4.50001421977145,-0.15567070600548));
#3396=CARTESIAN_POINT('Origin',(0.5,4.5,-0.0494999999994828));
#3397=CARTESIAN_POINT('',(0.56728251820528,4.49994489974426,-0.186920706005481));
#3398=CARTESIAN_POINT('',(0.56726752616526,4.50005741468586,-0.177704293993485));
#3399=CARTESIAN_POINT('',(0.56725,4.5,-0.0494999999994828));
#3400=CARTESIAN_POINT('Ctrl Pts',(0.56726752616526,4.50005741468586,-0.177704293993485));
#3401=CARTESIAN_POINT('Ctrl Pts',(0.567308857452651,4.50467124971951,-0.17736277144042));
#3402=CARTESIAN_POINT('Ctrl Pts',(0.566873811861545,4.50927734366236,-0.177021248887355));
#3403=CARTESIAN_POINT('Ctrl Pts',(0.565933364969624,4.51377782573268,-0.17667972633429));
#3404=CARTESIAN_POINT('Ctrl Pts',(0.561420187387989,4.53537550972824,-0.175040769426297));
#3405=CARTESIAN_POINT('Ctrl Pts',(0.545267554720509,4.55454093910782,-0.173401812518303));
#3406=CARTESIAN_POINT('Ctrl Pts',(0.524746360343145,4.56264706215078,-0.171762855610309));
#3407=CARTESIAN_POINT('Ctrl Pts',(0.504225165965781,4.57075318519374,-0.170123898702315));
#3408=CARTESIAN_POINT('Ctrl Pts',(0.479335409878534,4.56780000190009,-0.168484941794321));
#3409=CARTESIAN_POINT('Ctrl Pts',(0.461280877750469,4.55511684413753,-0.166845984886328));
#3410=CARTESIAN_POINT('Ctrl Pts',(0.443226345622405,4.54243368637496,-0.165207027978334));
#3411=CARTESIAN_POINT('Ctrl Pts',(0.432007037453523,4.5200205541435,-0.16356807107034));
#3412=CARTESIAN_POINT('Ctrl Pts',(0.432673174267218,4.49796641809189,-0.161929114162346));
#3413=CARTESIAN_POINT('Ctrl Pts',(0.433339311080912,4.47591228204027,-0.160290157254352));
#3414=CARTESIAN_POINT('Ctrl Pts',(0.445890892877183,4.45421714216852,-0.158651200346359));
#3415=CARTESIAN_POINT('Ctrl Pts',(0.464677994132119,4.4426467718169,-0.157012243438365));
#3416=CARTESIAN_POINT('Ctrl Pts',(0.483465095387056,4.43107640146528,-0.155373286530371));
#3417=CARTESIAN_POINT('Ctrl Pts',(0.508487716100659,4.42963080063379,-0.153734329622377));
#3418=CARTESIAN_POINT('Ctrl Pts',(0.528482261690629,4.43896068746446,-0.152095372714383));
#3419=CARTESIAN_POINT('Ctrl Pts',(0.548476807280599,4.44829057429513,-0.15045641580639));
#3420=CARTESIAN_POINT('Ctrl Pts',(0.563443277746937,4.46839594878795,-0.148817458898396));
#3421=CARTESIAN_POINT('Ctrl Pts',(0.566644718397181,4.49022664789073,-0.147178501990402));
#3422=CARTESIAN_POINT('Ctrl Pts',(0.56711625996309,4.49344210092093,-0.146937099324763));
#3423=CARTESIAN_POINT('Ctrl Pts',(0.567332565437973,4.4966949839548,-0.146695696659124));
#3424=CARTESIAN_POINT('Ctrl Pts',(0.567305952352023,4.4999514149342,-0.146454293993485));
#3425=CARTESIAN_POINT('Ctrl Pts',(0.567148559644211,4.50001421977145,-0.15567070600548));
#3426=CARTESIAN_POINT('Ctrl Pts',(0.567125408657621,4.48798466824291,-0.156557160142247));
#3427=CARTESIAN_POINT('Ctrl Pts',(0.564037185797047,4.47594402543333,-0.157443614279014));
#3428=CARTESIAN_POINT('Ctrl Pts',(0.557955988031765,4.46567595254513,-0.158330068415781));
#3429=CARTESIAN_POINT('Ctrl Pts',(0.546712517362615,4.44669140693369,-0.159969025323775));
#3430=CARTESIAN_POINT('Ctrl Pts',(0.525237869564853,4.43376620943437,-0.161607982231768));
#3431=CARTESIAN_POINT('Ctrl Pts',(0.503198567125183,4.43271845898342,-0.163246939139762));
#3432=CARTESIAN_POINT('Ctrl Pts',(0.481159264685514,4.43167070853247,-0.164885896047756));
#3433=CARTESIAN_POINT('Ctrl Pts',(0.458555307603936,4.44250040512988,-0.16652485295575));
#3434=CARTESIAN_POINT('Ctrl Pts',(0.445561562391216,4.46033271554717,-0.168163809863744));
#3435=CARTESIAN_POINT('Ctrl Pts',(0.432567817178497,4.47816502596445,-0.169802766771737));
#3436=CARTESIAN_POINT('Ctrl Pts',(0.429184283834636,4.5029999502016,-0.171441723679731));
#3437=CARTESIAN_POINT('Ctrl Pts',(0.436934013256883,4.52365836537999,-0.173080680587725));
#3438=CARTESIAN_POINT('Ctrl Pts',(0.444683742679131,4.54431678055839,-0.174719637495719));
#3439=CARTESIAN_POINT('Ctrl Pts',(0.463566734867487,4.56079868667802,-0.176358594403713));
#3440=CARTESIAN_POINT('Ctrl Pts',(0.48508306779491,4.56568501084659,-0.177997551311706));
#3441=CARTESIAN_POINT('Ctrl Pts',(0.506599400722333,4.57057133501516,-0.1796365082197));
#3442=CARTESIAN_POINT('Ctrl Pts',(0.530749074388824,4.56386207723266,-0.181275465127694));
#3443=CARTESIAN_POINT('Ctrl Pts',(0.546661435429684,4.54857724935032,-0.182914422035688));
#3444=CARTESIAN_POINT('Ctrl Pts',(0.559626884500498,4.53612311655659,-0.184249850025619));
#3445=CARTESIAN_POINT('Ctrl Pts',(0.567123541293559,4.51797562068794,-0.18558527801555));
#3446=CARTESIAN_POINT('Ctrl Pts',(0.56728251820528,4.49994489974426,-0.186920706005481));
#3447=CARTESIAN_POINT('Origin',(0.5,4.5,-0.0494999999994828));
#3448=CARTESIAN_POINT('',(0.567291800617436,4.500052245968,-0.218170706005481));
#3449=CARTESIAN_POINT('',(0.567152630812697,4.49997774566806,-0.208954293993485));
#3450=CARTESIAN_POINT('',(0.56725,4.5,-0.0494999999994828));
#3451=CARTESIAN_POINT('',(0.446230698716071,4.54039089921552,-0.236999999999483));
#3452=CARTESIAN_POINT('Ctrl Pts',(0.567291800617436,4.500052245968,-0.218170706005481));
#3453=CARTESIAN_POINT('Ctrl Pts',(0.567133665749045,4.48170624762893,-0.219530266612833));
#3454=CARTESIAN_POINT('Ctrl Pts',(0.559332863850158,4.46324438238563,-0.220889827220186));
#3455=CARTESIAN_POINT('Ctrl Pts',(0.545949721041869,4.45075405187037,-0.222249387827539));
#3456=CARTESIAN_POINT('Ctrl Pts',(0.52981627745893,4.43569689783811,-0.223888344735532));
#3457=CARTESIAN_POINT('Ctrl Pts',(0.505570341904823,4.42931782855974,-0.225527301643526));
#3458=CARTESIAN_POINT('Ctrl Pts',(0.484127877646873,4.43452853676926,-0.22716625855152));
#3459=CARTESIAN_POINT('Ctrl Pts',(0.462685413388922,4.43973924497879,-0.228805215459514));
#3460=CARTESIAN_POINT('Ctrl Pts',(0.444046420427126,4.45653973067622,-0.230444172367508));
#3461=CARTESIAN_POINT('Ctrl Pts',(0.436605219936302,4.47727297005424,-0.232083129275502));
#3462=CARTESIAN_POINT('Ctrl Pts',(0.429164019445477,4.49800620943226,-0.233722086183495));
#3463=CARTESIAN_POINT('Ctrl Pts',(0.432920611425624,4.52267220249087,-0.235361043091489));
#3464=CARTESIAN_POINT('Ctrl Pts',(0.446230698716072,4.54039089921552,-0.236999999999483));
#3465=CARTESIAN_POINT('',(0.553716082386628,4.54042102041402,-0.236999999999483));
#3466=CARTESIAN_POINT('Origin',(0.5,4.5,-0.236999999999483));
#3467=CARTESIAN_POINT('Ctrl Pts',(0.553716082386628,4.54042102041402,-0.236999999999483));
#3468=CARTESIAN_POINT('Ctrl Pts',(0.550189902756198,4.54520837037917,-0.236560725007011));
#3469=CARTESIAN_POINT('Ctrl Pts',(0.546051131166865,4.54952041987133,-0.236121450014539));
#3470=CARTESIAN_POINT('Ctrl Pts',(0.541386483349932,4.55315633393301,-0.235682175022067));
#3471=CARTESIAN_POINT('Ctrl Pts',(0.523982449671852,4.56672211065689,-0.234043218114073));
#3472=CARTESIAN_POINT('Ctrl Pts',(0.499257833329018,4.57087558644074,-0.232404261206079));
#3473=CARTESIAN_POINT('Ctrl Pts',(0.478360440877778,4.56378299172042,-0.230765304298085));
#3474=CARTESIAN_POINT('Ctrl Pts',(0.457463048426538,4.55669039700009,-0.229126347390092));
#3475=CARTESIAN_POINT('Ctrl Pts',(0.440392879866891,4.5383517317756,-0.227487390482098));
#3476=CARTESIAN_POINT('Ctrl Pts',(0.434824802033156,4.51700443511294,-0.225848433574104));
#3477=CARTESIAN_POINT('Ctrl Pts',(0.429256724199421,4.49565713845027,-0.22420947666611));
#3478=CARTESIAN_POINT('Ctrl Pts',(0.435190737091597,4.47130121034944,-0.222570519758116));
#3479=CARTESIAN_POINT('Ctrl Pts',(0.449960195137529,4.45490875069491,-0.220931562850123));
#3480=CARTESIAN_POINT('Ctrl Pts',(0.464729653183461,4.43851629104038,-0.219292605942129));
#3481=CARTESIAN_POINT('Ctrl Pts',(0.48833455638315,4.43008729983216,-0.217653649034135));
#3482=CARTESIAN_POINT('Ctrl Pts',(0.5101472662228,4.43341171935471,-0.216014692126141));
#3483=CARTESIAN_POINT('Ctrl Pts',(0.531959976062449,4.43673613887727,-0.214375735218148));
#3484=CARTESIAN_POINT('Ctrl Pts',(0.551980492542059,4.45181396913059,-0.212736778310154));
#3485=CARTESIAN_POINT('Ctrl Pts',(0.561197943224413,4.47186023170359,-0.21109782140216));
#3486=CARTESIAN_POINT('Ctrl Pts',(0.565216323874399,4.48059947169563,-0.210383312265935));
#3487=CARTESIAN_POINT('Ctrl Pts',(0.567181522167279,4.49028298970769,-0.20966880312971));
#3488=CARTESIAN_POINT('Ctrl Pts',(0.567152630812697,4.49997774566806,-0.208954293993485));
#3489=CARTESIAN_POINT('Origin',(0.5,4.5,-0.304811622476027));
#3490=CARTESIAN_POINT('',(0.582130887339258,4.50000396011136,0.112061622477062));
#3491=CARTESIAN_POINT('',(0.581980174914258,4.50007476785464,0.117063377523973));
#3492=CARTESIAN_POINT('',(0.582,4.50000000000001,-0.304811622476027));
#3493=CARTESIAN_POINT('',(0.460483521110679,4.4281498232696,0.138000000000517));
#3494=CARTESIAN_POINT('Ctrl Pts',(0.581980174914258,4.50007476785464,0.117063377523973));
#3495=CARTESIAN_POINT('Ctrl Pts',(0.582040628845733,4.50705222211227,0.117486424050846));
#3496=CARTESIAN_POINT('Ctrl Pts',(0.578053343328793,4.54099166841555,0.119548427485712));
#3497=CARTESIAN_POINT('Ctrl Pts',(0.53105243271724,4.59148524500616,0.123249387828573));
#3498=CARTESIAN_POINT('Ctrl Pts',(0.44060997537745,4.57629187266302,0.128166258552554));
#3499=CARTESIAN_POINT('Ctrl Pts',(0.403724775750263,4.49223821301489,0.133083129276536));
#3500=CARTESIAN_POINT('Ctrl Pts',(0.436806600252519,4.44117176122205,0.136361043092523));
#3501=CARTESIAN_POINT('Ctrl Pts',(0.460483521110679,4.4281498232696,0.138000000000517));
#3502=CARTESIAN_POINT('',(0.539516478889323,4.4281498232696,0.138000000000517));
#3503=CARTESIAN_POINT('Origin',(0.5,4.5,0.138000000000517));
#3504=CARTESIAN_POINT('Ctrl Pts',(0.582130887339258,4.50000396011136,0.112061622477062));
#3505=CARTESIAN_POINT('Ctrl Pts',(0.582131015041067,4.5002020276183,0.112073688785773));
#3506=CARTESIAN_POINT('Ctrl Pts',(0.582041313756451,4.5273033161019,0.113724712002478));
#3507=CARTESIAN_POINT('Ctrl Pts',(0.552544663195774,4.58109202841884,0.117014692127176));
#3508=CARTESIAN_POINT('Ctrl Pts',(0.461156775771391,4.58848580666071,0.121931562851157));
#3509=CARTESIAN_POINT('Ctrl Pts',(0.404739693888482,4.51619476871974,0.126848433575139));
#3510=CARTESIAN_POINT('Ctrl Pts',(0.434080271836419,4.42937143501823,0.13176530429912));
#3511=CARTESIAN_POINT('Ctrl Pts',(0.501131639811871,4.41173032860054,0.13548249310758));
#3512=CARTESIAN_POINT('Ctrl Pts',(0.533122877192385,4.42458956866471,0.137560725008045));
#3513=CARTESIAN_POINT('Ctrl Pts',(0.539442225428351,4.42814302272397,0.138000000000517));
#3514=CARTESIAN_POINT('Origin',(0.5,4.5,-0.304811622476027));
#3515=CARTESIAN_POINT('',(0.581911263349387,4.50005246676273,0.080811622477062));
#3516=CARTESIAN_POINT('',(0.581899670962847,4.49995486495527,0.0858133775239728));
#3517=CARTESIAN_POINT('',(0.582,4.50000000000001,-0.304811622476027));
#3518=CARTESIAN_POINT('Ctrl Pts',(0.581899670962846,4.49995486495527,0.0858133775239728));
#3519=CARTESIAN_POINT('Ctrl Pts',(0.5818147681496,4.5165886174174,0.0868193492695497));
#3520=CARTESIAN_POINT('Ctrl Pts',(0.568854942105636,4.56044411222445,0.0894642779231203));
#3521=CARTESIAN_POINT('Ctrl Pts',(0.497624571081531,4.59660046183782,0.0937481634846848));
#3522=CARTESIAN_POINT('Ctrl Pts',(0.418007117769911,4.55113371672766,0.0986650342086662));
#3523=CARTESIAN_POINT('Ctrl Pts',(0.412206949610966,4.45963014971011,0.103581904932647));
#3524=CARTESIAN_POINT('Ctrl Pts',(0.485441848781631,4.40447556081836,0.108498775656629));
#3525=CARTESIAN_POINT('Ctrl Pts',(0.564359167814524,4.43265586467087,0.112992599853737));
#3526=CARTESIAN_POINT('Ctrl Pts',(0.581806419645769,4.48002033287712,0.115847467142852));
#3527=CARTESIAN_POINT('Ctrl Pts',(0.581980174914258,4.50007476785464,0.117063377523973));
#3528=CARTESIAN_POINT('Ctrl Pts',(0.581911263349387,4.50005246676273,0.080811622477062));
#3529=CARTESIAN_POINT('Ctrl Pts',(0.581970125853631,4.50988714434242,0.0814066140044768));
#3530=CARTESIAN_POINT('Ctrl Pts',(0.575807460664576,4.54674103003686,0.0836405624398854));
#3531=CARTESIAN_POINT('Ctrl Pts',(0.521399589679698,4.59423061289985,0.0875134677832879));
#3532=CARTESIAN_POINT('Ctrl Pts',(0.433060261457041,4.56968819734856,0.0924303385072691));
#3533=CARTESIAN_POINT('Ctrl Pts',(0.404984990968944,4.48240703755476,0.0973472092312505));
#3534=CARTESIAN_POINT('Ctrl Pts',(0.462449128573459,4.41096503898425,0.102264079955232));
#3535=CARTESIAN_POINT('Ctrl Pts',(0.553495396372467,4.41965603031043,0.107168884370502));
#3536=CARTESIAN_POINT('Ctrl Pts',(0.582113669408135,4.47329867908656,0.110434731877779));
#3537=CARTESIAN_POINT('Ctrl Pts',(0.582130887339258,4.50000396011136,0.112061622477062));
#3538=CARTESIAN_POINT('Origin',(0.5,4.5,-0.304811622476027));
#3539=CARTESIAN_POINT('',(0.581964471996898,4.49993068015327,0.0495616224770619));
#3540=CARTESIAN_POINT('',(0.582127716266937,4.49998535043957,0.0545633775239726));
#3541=CARTESIAN_POINT('',(0.582,4.50000000000001,-0.304811622476027));
#3542=CARTESIAN_POINT('Ctrl Pts',(0.582127716266937,4.49998535043956,0.0545633775239726));
#3543=CARTESIAN_POINT('Ctrl Pts',(0.582062459556786,4.52607007423719,0.0561522744882535));
#3544=CARTESIAN_POINT('Ctrl Pts',(0.554618850384294,4.57917971077903,0.0593801283605282));
#3545=CARTESIAN_POINT('Ctrl Pts',(0.464499277798788,4.58987244778948,0.0642469391407967));
#3546=CARTESIAN_POINT('Ctrl Pts',(0.405413068589761,4.51976545080309,0.0691638098647779));
#3547=CARTESIAN_POINT('Ctrl Pts',(0.431480938280463,4.43186411549138,0.0740806805887595));
#3548=CARTESIAN_POINT('Ctrl Pts',(0.519234630071554,4.40530375121803,0.0789975513127406));
#3549=CARTESIAN_POINT('Ctrl Pts',(0.575260786403278,4.45198757542073,0.0829084502911452));
#3550=CARTESIAN_POINT('Ctrl Pts',(0.581953094154172,4.48948844922328,0.0851803923615559));
#3551=CARTESIAN_POINT('Ctrl Pts',(0.581899670962846,4.49995486495527,0.0858133775239728));
#3552=CARTESIAN_POINT('Ctrl Pts',(0.581964471996898,4.49993068015327,0.0495616224770619));
#3553=CARTESIAN_POINT('Ctrl Pts',(0.581803077944555,4.51936861348341,0.0507395392231807));
#3554=CARTESIAN_POINT('Ctrl Pts',(0.565221207056575,4.56610023747991,0.0535564128772932));
#3555=CARTESIAN_POINT('Ctrl Pts',(0.48763617838081,4.59583577273534,0.0580122434393995));
#3556=CARTESIAN_POINT('Ctrl Pts',(0.413154321893774,4.54236965750954,0.0629291141633809));
#3557=CARTESIAN_POINT('Ctrl Pts',(0.416857284201505,4.45075927892557,0.0678459848873622));
#3558=CARTESIAN_POINT('Ctrl Pts',(0.495411387507265,4.4034790017696,0.0727628556113437));
#3559=CARTESIAN_POINT('Ctrl Pts',(0.568090754052994,4.43830013887774,0.0770847348079102));
#3560=CARTESIAN_POINT('Ctrl Pts',(0.581807983867557,4.48279665310946,0.079767657096483));
#3561=CARTESIAN_POINT('Ctrl Pts',(0.581911263349387,4.50005246676273,0.080811622477062));
#3562=CARTESIAN_POINT('Origin',(0.5,4.5,-0.304811622476027));
#3563=CARTESIAN_POINT('',(0.582112537388466,4.5000342493589,0.0183116224770619));
#3564=CARTESIAN_POINT('',(0.581933840352261,4.5000621708576,0.0233133775239726));
#3565=CARTESIAN_POINT('',(0.582,4.50000000000001,-0.304811622476027));
#3566=CARTESIAN_POINT('Ctrl Pts',(0.581933840352261,4.5000621708576,0.0233133775239726));
#3567=CARTESIAN_POINT('Ctrl Pts',(0.581997500482894,4.5088638316223,0.0238462427989636));
#3568=CARTESIAN_POINT('Ctrl Pts',(0.576661769389315,4.54466204373807,0.0260180649819484));
#3569=CARTESIAN_POINT('Ctrl Pts',(0.52491490543071,4.59336276951209,0.029828844072927));
#3570=CARTESIAN_POINT('Ctrl Pts',(0.43571812125248,4.57214706707088,0.0347457147969084));
#3571=CARTESIAN_POINT('Ctrl Pts',(0.404392576281953,4.48597930892095,0.0396625855208897));
#3572=CARTESIAN_POINT('Ctrl Pts',(0.459139813049581,4.41243399974879,0.0445794562448711));
#3573=CARTESIAN_POINT('Ctrl Pts',(0.550672372034045,4.41772199675378,0.0494963269688525));
#3574=CARTESIAN_POINT('Ctrl Pts',(0.581748891705677,4.47143709433533,0.052824300728553));
#3575=CARTESIAN_POINT('Ctrl Pts',(0.582129772251253,4.49916352257128,0.0545133175802597));
#3576=CARTESIAN_POINT('Ctrl Pts',(0.582127716266937,4.49998535043956,0.0545633775239726));
#3577=CARTESIAN_POINT('Ctrl Pts',(0.582112537388466,4.5000342493589,0.018311622477062));
#3578=CARTESIAN_POINT('Ctrl Pts',(0.582123204611078,4.50203620876156,0.0184335075338908));
#3579=CARTESIAN_POINT('Ctrl Pts',(0.581155396793121,4.53094752015852,0.0201943494987135));
#3580=CARTESIAN_POINT('Ctrl Pts',(0.547061337602579,4.58439543860072,0.0235941483715299));
#3581=CARTESIAN_POINT('Ctrl Pts',(0.455385639719307,4.58571416690214,0.0285110190955113));
#3582=CARTESIAN_POINT('Ctrl Pts',(0.403875045473894,4.50986674570017,0.0334278898194927));
#3583=CARTESIAN_POINT('Ctrl Pts',(0.438903151700886,4.42513655974712,0.038344760543474));
#3584=CARTESIAN_POINT('Ctrl Pts',(0.528935100372284,4.40780390732957,0.0432616312674555));
#3585=CARTESIAN_POINT('Ctrl Pts',(0.577589515770302,4.45774082469144,0.047000585245318));
#3586=CARTESIAN_POINT('Ctrl Pts',(0.582027642115044,4.49232261450807,0.0491005823151869));
#3587=CARTESIAN_POINT('Ctrl Pts',(0.581964471996898,4.49993068015327,0.0495616224770619));
#3588=CARTESIAN_POINT('Origin',(0.5,4.5,-0.304811622476027));
#3589=CARTESIAN_POINT('',(0.581883117771741,4.50002913100524,-0.0129383775229381));
#3590=CARTESIAN_POINT('',(0.581937724669223,4.49993659374694,-0.00793662247602743));
#3591=CARTESIAN_POINT('',(0.582,4.50000000000001,-0.304811622476027));
#3592=CARTESIAN_POINT('Ctrl Pts',(0.581937724669223,4.49993659374694,-0.00793662247602743));
#3593=CARTESIAN_POINT('Ctrl Pts',(0.58180131309696,4.5183645756053,-0.00682083198233249));
#3594=CARTESIAN_POINT('Ctrl Pts',(0.566586404310578,4.56406515356288,-0.00406608458064376));
#3595=CARTESIAN_POINT('Ctrl Pts',(0.491235336507721,4.59623169910025,0.00032761972903878));
#3596=CARTESIAN_POINT('Ctrl Pts',(0.414802668972288,4.54559357436424,0.00524449045302015));
#3597=CARTESIAN_POINT('Ctrl Pts',(0.415070857595017,4.45390878599893,0.0101613611770015));
#3598=CARTESIAN_POINT('Ctrl Pts',(0.49179845940805,4.40371867278401,0.0150782319009829));
#3599=CARTESIAN_POINT('Ctrl Pts',(0.566794142534783,4.43625350756633,0.0194622373499733));
#3600=CARTESIAN_POINT('Ctrl Pts',(0.581801698249644,4.48179218070197,0.0222072858909698));
#3601=CARTESIAN_POINT('Ctrl Pts',(0.581933840352261,4.5000621708576,0.0233133775239726));
#3602=CARTESIAN_POINT('Ctrl Pts',(0.581883117771741,4.50002913100524,-0.0129383775229381));
#3603=CARTESIAN_POINT('Ctrl Pts',(0.581921012261009,4.51168907666083,-0.0122335672474053));
#3604=CARTESIAN_POINT('Ctrl Pts',(0.574175813584649,4.55041488469144,-0.0098898000638787));
#3605=CARTESIAN_POINT('Ctrl Pts',(0.515115275277634,4.59544049458191,-0.00590707597235832));
#3606=CARTESIAN_POINT('Ctrl Pts',(0.428594232929025,4.56510434687277,-0.000990205248376939));
#3607=CARTESIAN_POINT('Ctrl Pts',(0.406357874185517,4.47615651397808,0.00392666547560444));
#3608=CARTESIAN_POINT('Ctrl Pts',(0.46842499227626,4.40867432759571,0.00884353619958581));
#3609=CARTESIAN_POINT('Ctrl Pts',(0.556674986239672,4.42304488837701,0.0136385218667383));
#3610=CARTESIAN_POINT('Ctrl Pts',(0.581979765221175,4.47511637725901,0.016794550625897));
#3611=CARTESIAN_POINT('Ctrl Pts',(0.582112537388466,4.5000342493589,0.018311622477062));
#3612=CARTESIAN_POINT('Origin',(0.5,4.5,-0.304811622476027));
#3613=CARTESIAN_POINT('',(0.582016663046507,4.49992949770922,-0.0441883775229381));
#3614=CARTESIAN_POINT('',(0.582126323075769,4.50001742456292,-0.0391866224760274));
#3615=CARTESIAN_POINT('',(0.582,4.50000000000001,-0.304811622476027));
#3616=CARTESIAN_POINT('Ctrl Pts',(0.582126323075769,4.50001742456292,-0.0391866224760274));
#3617=CARTESIAN_POINT('Ctrl Pts',(0.582129202763831,4.50099852208671,-0.0391268636716223));
#3618=CARTESIAN_POINT('Ctrl Pts',(0.581671876202855,4.52888465034031,-0.0374281479592235));
#3619=CARTESIAN_POINT('Ctrl Pts',(0.55019016395882,4.58257303845404,-0.0340904753388308));
#3620=CARTESIAN_POINT('Ctrl Pts',(0.458628235112407,4.58732546196748,-0.0291736046148494));
#3621=CARTESIAN_POINT('Ctrl Pts',(0.40431218884775,4.51346113051107,-0.0242567338908681));
#3622=CARTESIAN_POINT('Ctrl Pts',(0.43614129467807,4.42747810680663,-0.0193398631668867));
#3623=CARTESIAN_POINT('Ctrl Pts',(0.525460668247929,4.40678458491145,-0.0144229924429053));
#3624=CARTESIAN_POINT('Ctrl Pts',(0.576790764377792,4.45566248863169,-0.0106219122126189));
#3625=CARTESIAN_POINT('Ctrl Pts',(0.582001684663087,4.49129617133245,-0.00845978889032628));
#3626=CARTESIAN_POINT('Ctrl Pts',(0.581937724669223,4.49993659374694,-0.00793662247602743));
#3627=CARTESIAN_POINT('Ctrl Pts',(0.582016663046507,4.49992949770922,-0.0441883775229381));
#3628=CARTESIAN_POINT('Ctrl Pts',(0.581826463422592,4.52114508177592,-0.0429006420287014));
#3629=CARTESIAN_POINT('Ctrl Pts',(0.562659299529518,4.56966775073114,-0.0399739496264709));
#3630=CARTESIAN_POINT('Ctrl Pts',(0.481319667650561,4.59480719770175,-0.0354083003162465));
#3631=CARTESIAN_POINT('Ctrl Pts',(0.410540225795329,4.53652818571998,-0.0304914295922651));
#3632=CARTESIAN_POINT('Ctrl Pts',(0.420299002574699,4.44536383466827,-0.0255745588682838));
#3633=CARTESIAN_POINT('Ctrl Pts',(0.501810434814039,4.4033869476803,-0.0206576881443024));
#3634=CARTESIAN_POINT('Ctrl Pts',(0.57024133775703,4.44193746723379,-0.0164456276958538));
#3635=CARTESIAN_POINT('Ctrl Pts',(0.58183289289454,4.48457518638077,-0.0138725241553991));
#3636=CARTESIAN_POINT('Ctrl Pts',(0.581883117771741,4.50002913100524,-0.0129383775229381));
#3637=CARTESIAN_POINT('Origin',(0.5,4.5,-0.304811622476027));
#3638=CARTESIAN_POINT('',(0.582072442161906,4.50005766969474,-0.0754383775229382));
#3639=CARTESIAN_POINT('',(0.581897025195637,4.50004314801364,-0.0704366224760274));
#3640=CARTESIAN_POINT('',(0.582,4.50000000000001,-0.304811622476027));
#3641=CARTESIAN_POINT('Ctrl Pts',(0.581897025195637,4.50004314801364,-0.0704366224760274));
#3642=CARTESIAN_POINT('Ctrl Pts',(0.581948740847803,4.51067078447767,-0.0697939384529185));
#3643=CARTESIAN_POINT('Ctrl Pts',(0.575118204349334,4.54833687434449,-0.0675122975218157));
#3644=CARTESIAN_POINT('Ctrl Pts',(0.518680332034344,4.59480719610258,-0.063591699682719));
#3645=CARTESIAN_POINT('Ctrl Pts',(0.431083492950914,4.56773384895235,-0.0586748289587377));
#3646=CARTESIAN_POINT('Ctrl Pts',(0.405530323903512,4.47968154690998,-0.0537579582347563));
#3647=CARTESIAN_POINT('Ctrl Pts',(0.465025652859155,4.40992139943461,-0.0488410875107749));
#3648=CARTESIAN_POINT('Ctrl Pts',(0.554901664899542,4.42111881737131,-0.0439839755911986));
#3649=CARTESIAN_POINT('Ctrl Pts',(0.58205022386374,4.47409074539923,-0.0407658205796161));
#3650=CARTESIAN_POINT('Ctrl Pts',(0.582126323075769,4.50001742456292,-0.0391866224760274));
#3651=CARTESIAN_POINT('Ctrl Pts',(0.582072442161906,4.50005766969474,-0.0754383775229382));
#3652=CARTESIAN_POINT('Ctrl Pts',(0.582103014151513,4.50386829525387,-0.0752066737179913));
#3653=CARTESIAN_POINT('Ctrl Pts',(0.580142066247522,4.53460177429681,-0.0733360130050506));
#3654=CARTESIAN_POINT('Ctrl Pts',(0.541371765585432,4.58732546344046,-0.0698263953841161));
#3655=CARTESIAN_POINT('Ctrl Pts',(0.44980983519459,4.58257303984684,-0.0649095246601347));
#3656=CARTESIAN_POINT('Ctrl Pts',(0.403432754668867,4.50348233856776,-0.0599926539361534));
#3657=CARTESIAN_POINT('Ctrl Pts',(0.443992557078103,4.42125658192525,-0.055075783212172));
#3658=CARTESIAN_POINT('Ctrl Pts',(0.534974347730781,4.40992139791521,-0.0501589124881908));
#3659=CARTESIAN_POINT('Ctrl Pts',(0.578887765447266,4.46141126358741,-0.046529777258446));
#3660=CARTESIAN_POINT('Ctrl Pts',(0.582068538746995,4.49414308624279,-0.0445395989366952));
#3661=CARTESIAN_POINT('Ctrl Pts',(0.582016663046507,4.49992949770922,-0.0441883775229381));
#3662=CARTESIAN_POINT('Origin',(0.5,4.5,-0.304811622476027));
#3663=CARTESIAN_POINT('',(0.58187276816065,4.50000126761918,-0.106688377522938));
#3664=CARTESIAN_POINT('',(0.581986668664768,4.49992865329961,-0.101686622476027));
#3665=CARTESIAN_POINT('',(0.582,4.50000000000001,-0.304811622476027));
#3666=CARTESIAN_POINT('Ctrl Pts',(0.581986668664769,4.49992865329961,-0.101686622476027));
#3667=CARTESIAN_POINT('Ctrl Pts',(0.581809828490519,4.52013964646227,-0.100461013234215));
#3668=CARTESIAN_POINT('Ctrl Pts',(0.564132182253142,4.56765462141717,-0.0975964470844078));
#3669=CARTESIAN_POINT('Ctrl Pts',(0.484884724977322,4.59544049297205,-0.0930929240266073));
#3670=CARTESIAN_POINT('Ctrl Pts',(0.411971557965733,4.53985414195242,-0.0881760533026259));
#3671=CARTESIAN_POINT('Ctrl Pts',(0.418308019892392,4.44838818329255,-0.0832591825786445));
#3672=CARTESIAN_POINT('Ctrl Pts',(0.498189565216502,4.40338694930993,-0.0783423118546632));
#3673=CARTESIAN_POINT('Ctrl Pts',(0.569046639426447,4.43987703805817,-0.0740681251537907));
#3674=CARTESIAN_POINT('Ctrl Pts',(0.581816856870108,4.48356844869203,-0.0714328953609122));
#3675=CARTESIAN_POINT('Ctrl Pts',(0.581897025195637,4.50004314801364,-0.0704366224760274));
#3676=CARTESIAN_POINT('Ctrl Pts',(0.58187276816065,4.50000126761918,-0.106688377522938));
#3677=CARTESIAN_POINT('Ctrl Pts',(0.581874659888899,4.51348225355274,-0.105873748499287));
#3678=CARTESIAN_POINT('Ctrl Pts',(0.572383170018001,4.55408320629876,-0.103420162567643));
#3679=CARTESIAN_POINT('Ctrl Pts',(0.508764663640116,4.59623170072345,-0.0993276197280044));
#3680=CARTESIAN_POINT('Ctrl Pts',(0.424441404850615,4.56023502512479,-0.094410749004023));
#3681=CARTESIAN_POINT('Ctrl Pts',(0.408141508628364,4.47001038320267,-0.0894938782800417));
#3682=CARTESIAN_POINT('Ctrl Pts',(0.474539331322612,4.40678458333913,-0.0845770075560602));
#3683=CARTESIAN_POINT('Ctrl Pts',(0.559649598569627,4.42650293903722,-0.0798918406370259));
#3684=CARTESIAN_POINT('Ctrl Pts',(0.581886763177262,4.47691383464259,-0.0768456306259852));
#3685=CARTESIAN_POINT('Ctrl Pts',(0.582072442161906,4.50005766969474,-0.0754383775229382));
#3686=CARTESIAN_POINT('Origin',(0.5,4.5,-0.304811622476027));
#3687=CARTESIAN_POINT('',(0.582068224429232,4.49994075873018,-0.137938377522938));
#3688=CARTESIAN_POINT('',(0.582097138389976,4.50004559829258,-0.132936622476027));
#3689=CARTESIAN_POINT('',(0.582,4.50000000000001,-0.304811622476027));
#3690=CARTESIAN_POINT('Ctrl Pts',(0.582097138389976,4.50004559829258,-0.132936622476027));
#3691=CARTESIAN_POINT('Ctrl Pts',(0.582115894785779,4.50283228801248,-0.132767044923504));
#3692=CARTESIAN_POINT('Ctrl Pts',(0.580731299757312,4.5325333233749,-0.130958510462987));
#3693=CARTESIAN_POINT('Ctrl Pts',(0.544614359528154,4.58571416545634,-0.127511019094477));
#3694=CARTESIAN_POINT('Ctrl Pts',(0.452938663191229,4.58439543717717,-0.122594148370495));
#3695=CARTESIAN_POINT('Ctrl Pts',(0.403631017374769,4.50709777609648,-0.117677277646514));
#3696=CARTESIAN_POINT('Ctrl Pts',(0.441081763934212,4.42341017889791,-0.112760406922533));
#3697=CARTESIAN_POINT('Ctrl Pts',(0.531575007191148,4.40867432913615,-0.107843536198551));
#3698=CARTESIAN_POINT('Ctrl Pts',(0.578170895371745,4.45933549252798,-0.104152274716383));
#3699=CARTESIAN_POINT('Ctrl Pts',(0.582046309593393,4.49311231529401,-0.102099970142208));
#3700=CARTESIAN_POINT('Ctrl Pts',(0.581986668664769,4.49992865329961,-0.101686622476027));
#3701=CARTESIAN_POINT('Ctrl Pts',(0.582068224429231,4.49994075873018,-0.137938377522938));
#3702=CARTESIAN_POINT('Ctrl Pts',(0.581880360495556,4.52292816930945,-0.136540823280584));
#3703=CARTESIAN_POINT('Ctrl Pts',(0.559902602230466,4.5731886916082,-0.133504312130235));
#3704=CARTESIAN_POINT('Ctrl Pts',(0.475085094149025,4.59336277108687,-0.128828844071892));
#3705=CARTESIAN_POINT('Ctrl Pts',(0.408318525247181,4.530526492437,-0.123911973347911));
#3706=CARTESIAN_POINT('Ctrl Pts',(0.42409031201465,4.44020803715423,-0.11899510262393));
#3707=CARTESIAN_POINT('Ctrl Pts',(0.508201540730294,4.40371867115997,-0.114078231899948));
#3708=CARTESIAN_POINT('Ctrl Pts',(0.572216885184595,4.44559326791178,-0.109975990199618));
#3709=CARTESIAN_POINT('Ctrl Pts',(0.581870853909746,4.48635977892822,-0.107512705407281));
#3710=CARTESIAN_POINT('Ctrl Pts',(0.58187276816065,4.50000126761918,-0.106688377522938));
#3711=CARTESIAN_POINT('Origin',(0.5,4.5,-0.304811622476027));
#3712=CARTESIAN_POINT('',(0.582021370194071,4.50007000749801,-0.169188377522938));
#3713=CARTESIAN_POINT('',(0.581876310644243,4.50001733860608,-0.164186622476027));
#3714=CARTESIAN_POINT('',(0.582,4.50000000000001,-0.304811622476027));
#3715=CARTESIAN_POINT('Ctrl Pts',(0.581876310644243,4.50001733860608,-0.164186622476027));
#3716=CARTESIAN_POINT('Ctrl Pts',(0.581900273738703,4.5124688718688,-0.1634341197048));
#3717=CARTESIAN_POINT('Ctrl Pts',(0.573417471510454,4.55200897026934,-0.16104266002558));
#3718=CARTESIAN_POINT('Ctrl Pts',(0.51236382141069,4.59583577111844,-0.157012243438365));
#3719=CARTESIAN_POINT('Ctrl Pts',(0.426751151816596,4.56302353145789,-0.152095372714384));
#3720=CARTESIAN_POINT('Ctrl Pts',(0.407082441908457,4.47347290730892,-0.147178501990402));
#3721=CARTESIAN_POINT('Ctrl Pts',(0.471064900115779,4.40780390888475,-0.142261631266421));
#3722=CARTESIAN_POINT('Ctrl Pts',(0.557991742801896,4.42453877658739,-0.137514338094963));
#3723=CARTESIAN_POINT('Ctrl Pts',(0.581934615341573,4.47589909845465,-0.134406001831498));
#3724=CARTESIAN_POINT('Ctrl Pts',(0.582097138389976,4.50004559829258,-0.132936622476027));
#3725=CARTESIAN_POINT('Ctrl Pts',(0.582021370194071,4.50007000749801,-0.169188377522938));
#3726=CARTESIAN_POINT('Ctrl Pts',(0.582071766708064,4.50569579891449,-0.168846854969873));
#3727=CARTESIAN_POINT('Ctrl Pts',(0.578995618258871,4.53826486530389,-0.166866375508815));
#3728=CARTESIAN_POINT('Ctrl Pts',(0.535500722800718,4.58987244930805,-0.163246939139762));
#3729=CARTESIAN_POINT('Ctrl Pts',(0.444454180087517,4.57906972677661,-0.158330068415781));
#3730=CARTESIAN_POINT('Ctrl Pts',(0.403414034220678,4.4970826557143,-0.153413197691799));
#3731=CARTESIAN_POINT('Ctrl Pts',(0.449327627111125,4.41772199536557,-0.148496326967818));
#3732=CARTESIAN_POINT('Ctrl Pts',(0.540860187639695,4.41243399827195,-0.143579456243837));
#3733=CARTESIAN_POINT('Ctrl Pts',(0.580046260804012,4.46507504531399,-0.14006013976221));
#3734=CARTESIAN_POINT('Ctrl Pts',(0.582100674586078,4.49597009195976,-0.138179780188577));
#3735=CARTESIAN_POINT('Ctrl Pts',(0.582068224429231,4.49994075873018,-0.137938377522938));
#3736=CARTESIAN_POINT('Origin',(0.5,4.5,-0.304811622476027));
#3737=CARTESIAN_POINT('',(0.581881274745593,4.49997286460641,-0.200438377522938));
#3738=CARTESIAN_POINT('',(0.582039650451048,4.49993281455806,-0.195436622476028));
#3739=CARTESIAN_POINT('',(0.582,4.50000000000001,-0.304811622476027));
#3740=CARTESIAN_POINT('Ctrl Pts',(0.582039650451048,4.49993281455806,-0.195436622476028));
#3741=CARTESIAN_POINT('Ctrl Pts',(0.581845804997351,4.52191822894292,-0.194101194486097));
#3742=CARTESIAN_POINT('Ctrl Pts',(0.561486362328961,4.57120325184201,-0.191126809588172));
#3743=CARTESIAN_POINT('Ctrl Pts',(0.47860041068519,4.59423061129231,-0.186513467782253));
#3744=CARTESIAN_POINT('Ctrl Pts',(0.40952656565418,4.53393992124874,-0.181596597058272));
#3745=CARTESIAN_POINT('Ctrl Pts',(0.42190350546964,4.44309395303552,-0.17667972633429));
#3746=CARTESIAN_POINT('Ctrl Pts',(0.504588612414892,4.40347900340036,-0.171762855610309));
#3747=CARTESIAN_POINT('Ctrl Pts',(0.571120397205009,4.4435232670592,-0.167598487657555));
#3748=CARTESIAN_POINT('Ctrl Pts',(0.581848081931969,4.4853493352553,-0.165073076612794));
#3749=CARTESIAN_POINT('Ctrl Pts',(0.581876310644243,4.50001733860608,-0.164186622476027));
#3750=CARTESIAN_POINT('Ctrl Pts',(0.581881274745593,4.49997286460641,-0.200438377522938));
#3751=CARTESIAN_POINT('Ctrl Pts',(0.581835695822294,4.51526728553998,-0.199513929751169));
#3752=CARTESIAN_POINT('Ctrl Pts',(0.57042304539128,4.5577408476743,-0.196950525071407));
#3753=CARTESIAN_POINT('Ctrl Pts',(0.502375428974619,4.59660046358665,-0.19274816348365));
#3754=CARTESIAN_POINT('Ctrl Pts',(0.420620086322441,4.55510166579437,-0.187831292759669));
#3755=CARTESIAN_POINT('Ctrl Pts',(0.41032801645658,4.46399571118213,-0.182914422035687));
#3756=CARTESIAN_POINT('Ctrl Pts',(0.480765369600154,4.40530374960263,-0.177997551311706));
#3757=CARTESIAN_POINT('Ctrl Pts',(0.56242375001464,4.43001924917446,-0.17342220314079));
#3758=CARTESIAN_POINT('Ctrl Pts',(0.581829915287108,4.47869778773709,-0.170485811877867));
#3759=CARTESIAN_POINT('Ctrl Pts',(0.582021370194071,4.50007000749801,-0.169188377522938));
#3760=CARTESIAN_POINT('Origin',(0.5,4.5,-0.304811622476027));
#3761=CARTESIAN_POINT('',(0.582092588675235,4.49994703266304,-0.231688377522938));
#3762=CARTESIAN_POINT('',(0.582050968782598,4.50006370512083,-0.226686622476027));
#3763=CARTESIAN_POINT('',(0.582,4.50000000000001,-0.304811622476027));
#3764=CARTESIAN_POINT('',(0.539516478889323,4.4281498232696,-0.236999999999483));
#3765=CARTESIAN_POINT('Ctrl Pts',(0.539516478889323,4.4281498232696,-0.236999999999483));
#3766=CARTESIAN_POINT('Ctrl Pts',(0.563193399747482,4.44117176122205,-0.235361043091489));
#3767=CARTESIAN_POINT('Ctrl Pts',(0.581062298023111,4.46875493531186,-0.233590502265974));
#3768=CARTESIAN_POINT('Ctrl Pts',(0.582105175728597,4.49778791954949,-0.231819961440459));
#3769=CARTESIAN_POINT('Ctrl Pts',(0.582092588675235,4.49994703266304,-0.231688377522938));
#3770=CARTESIAN_POINT('',(0.460557773517257,4.42814302492398,-0.236999999999483));
#3771=CARTESIAN_POINT('Origin',(0.5,4.5,-0.236999999999483));
#3772=CARTESIAN_POINT('Ctrl Pts',(0.460557773517257,4.42814302492398,-0.236999999999483));
#3773=CARTESIAN_POINT('Ctrl Pts',(0.46687712264558,4.42458957012175,-0.236560725007011));
#3774=CARTESIAN_POINT('Ctrl Pts',(0.498868363653654,4.41173032700985,-0.234482493106545));
#3775=CARTESIAN_POINT('Ctrl Pts',(0.560879920652854,4.42804547464666,-0.231044700598727));
#3776=CARTESIAN_POINT('Ctrl Pts',(0.581858150058315,4.47769386327989,-0.22804618308338));
#3777=CARTESIAN_POINT('Ctrl Pts',(0.582050968782598,4.50006370512083,-0.226686622476027));
#3778=CARTESIAN_POINT('Origin',(5.80482582794578E-17,4.5,-0.0494999999994828));
#3779=CARTESIAN_POINT('',(0.067233608128713,4.50006139719685,0.12557929399452));
#3780=CARTESIAN_POINT('',(0.0671647880358913,4.49990961913816,0.134795706006515));
#3781=CARTESIAN_POINT('',(0.0672500000000001,4.5,-0.0494999999994828));
#3782=CARTESIAN_POINT('',(0.053769301283928,4.54039089921552,0.138000000000517));
#3783=CARTESIAN_POINT('Ctrl Pts',(0.0671647880358913,4.49990961913816,0.134795706006515));
#3784=CARTESIAN_POINT('Ctrl Pts',(0.0670604003067534,4.51434631367174,0.135863804004516));
#3785=CARTESIAN_POINT('Ctrl Pts',(0.0624434021823742,4.5288437350366,0.136931902002516));
#3786=CARTESIAN_POINT('Ctrl Pts',(0.053769301283928,4.54039089921552,0.138000000000517));
#3787=CARTESIAN_POINT('',(-0.0537160855588331,4.540420768671,0.138000000000517));
#3788=CARTESIAN_POINT('Origin',(5.80482582794578E-17,4.5,0.138000000000517));
#3789=CARTESIAN_POINT('Ctrl Pts',(-0.0537160855588331,4.540420768671,0.138000000000517));
#3790=CARTESIAN_POINT('Ctrl Pts',(-0.0501898510464064,4.54520823145996,
0.137560725008045));
#3791=CARTESIAN_POINT('Ctrl Pts',(-0.0460510326260856,4.54952037823289,
0.137121450015573));
#3792=CARTESIAN_POINT('Ctrl Pts',(-0.0413863590304824,4.55315634583554,
0.136682175023102));
#3793=CARTESIAN_POINT('Ctrl Pts',(-0.0239822291708942,4.56672232232349,
0.135043218115108));
#3794=CARTESIAN_POINT('Ctrl Pts',(0.000742190289743231,4.57087538898148,
0.133404261207114));
#3795=CARTESIAN_POINT('Ctrl Pts',(0.0216394918126923,4.56378272615855,0.13176530429912));
#3796=CARTESIAN_POINT('Ctrl Pts',(0.0425367933356414,4.55669006333562,0.130126347391126));
#3797=CARTESIAN_POINT('Ctrl Pts',(0.0596069769209021,4.53835167103178,0.128487390483133));
#3798=CARTESIAN_POINT('Ctrl Pts',(0.0651750606481169,4.51700447049785,0.126848433575139));
#3799=CARTESIAN_POINT('Ctrl Pts',(0.0666122909197899,4.51149434451449,0.126425387048266));
#3800=CARTESIAN_POINT('Ctrl Pts',(0.0672831867732742,4.50578375484773,0.126002340521393));
#3801=CARTESIAN_POINT('Ctrl Pts',(0.067233608128713,4.50006139719685,0.12557929399452));
#3802=CARTESIAN_POINT('Origin',(5.80482582794578E-17,4.5,-0.0494999999994828));
#3803=CARTESIAN_POINT('',(0.0671675726972241,4.49996298459553,0.0943292939945197));
#3804=CARTESIAN_POINT('',(0.0673571955399596,4.50000326010493,0.103545706006515));
#3805=CARTESIAN_POINT('',(0.0672500000000001,4.5,-0.0494999999994828));
#3806=CARTESIAN_POINT('Ctrl Pts',(0.0673571955399596,4.50000326010493,0.103545706006515));
#3807=CARTESIAN_POINT('Ctrl Pts',(0.0673573002396364,4.50016569918656,0.103557772315226));
#3808=CARTESIAN_POINT('Ctrl Pts',(0.067356762560629,4.50032813750197,0.103569838623937));
#3809=CARTESIAN_POINT('Ctrl Pts',(0.0673555803959814,4.50049057107187,0.103581904932648));
#3810=CARTESIAN_POINT('Ctrl Pts',(0.0671950079324276,4.52255379088939,0.105220861840641));
#3811=CARTESIAN_POINT('Ctrl Pts',(0.0551439537134857,4.54452945803917,0.106859818748635));
#3812=CARTESIAN_POINT('Ctrl Pts',(0.03662693709851,4.55652795774485,0.108498775656629));
#3813=CARTESIAN_POINT('Ctrl Pts',(0.0181099204835351,4.56852645745053,0.110137732564623));
#3814=CARTESIAN_POINT('Ctrl Pts',(-0.00687305852747325,4.57054778971212,
0.111776689472617));
#3815=CARTESIAN_POINT('Ctrl Pts',(-0.0270760480466052,4.56167717377879,
0.11341564638061));
#3816=CARTESIAN_POINT('Ctrl Pts',(-0.0472790375657374,4.55280655784547,
0.115054603288604));
#3817=CARTESIAN_POINT('Ctrl Pts',(-0.0627020375929934,4.53304399371723,
0.116693560196598));
#3818=CARTESIAN_POINT('Ctrl Pts',(-0.0664029968229047,4.51129521736646,
0.118332517104592));
#3819=CARTESIAN_POINT('Ctrl Pts',(-0.0701039560528161,4.48954644101568,
0.119971474012586));
#3820=CARTESIAN_POINT('Ctrl Pts',(-0.0620828744853834,4.46581145244238,
0.121610430920579));
#3821=CARTESIAN_POINT('Ctrl Pts',(-0.0459495452552966,4.45075427287438,
0.123249387828573));
#3822=CARTESIAN_POINT('Ctrl Pts',(-0.0298162160252099,4.43569709330638,
0.124888344736567));
#3823=CARTESIAN_POINT('Ctrl Pts',(-0.00557063913246907,4.42931772274368,
0.126527301644561));
#3824=CARTESIAN_POINT('Ctrl Pts',(0.0158720001350949,4.4345285778573,0.128166258552555));
#3825=CARTESIAN_POINT('Ctrl Pts',(0.0373146394026588,4.43973943297091,0.129805215460548));
#3826=CARTESIAN_POINT('Ctrl Pts',(0.0559543410450461,4.45654051376084,0.131444172368542));
#3827=CARTESIAN_POINT('Ctrl Pts',(0.0633955283379753,4.47727370614083,0.133083129276536));
#3828=CARTESIAN_POINT('Ctrl Pts',(0.0659873402680979,4.48449520631877,0.133653988186529));
#3829=CARTESIAN_POINT('Ctrl Pts',(0.0672205794196255,4.49219373939607,0.134224847096522));
#3830=CARTESIAN_POINT('Ctrl Pts',(0.0671647880358913,4.49990961913816,0.134795706006515));
#3831=CARTESIAN_POINT('Ctrl Pts',(0.067233608128713,4.50006139719685,0.12557929399452));
#3832=CARTESIAN_POINT('Ctrl Pts',(0.0670911103541786,4.48361433137737,0.124363383613399));
#3833=CARTESIAN_POINT('Ctrl Pts',(0.0609968516521808,4.46707005152988,0.123147473232278));
#3834=CARTESIAN_POINT('Ctrl Pts',(0.0500396959025095,4.45490880817798,0.121931562851157));
#3835=CARTESIAN_POINT('Ctrl Pts',(0.0352702635605189,4.43851635515606,0.120292605943164));
#3836=CARTESIAN_POINT('Ctrl Pts',(0.0116654150073695,4.43008745787624,0.11865364903517));
#3837=CARTESIAN_POINT('Ctrl Pts',(-0.0101472453180576,4.43341188690553,
0.117014692127176));
#3838=CARTESIAN_POINT('Ctrl Pts',(-0.0319599056434842,4.43673631593482,
0.115375735219182));
#3839=CARTESIAN_POINT('Ctrl Pts',(-0.0519803777411886,4.45181407127323,
0.113736778311188));
#3840=CARTESIAN_POINT('Ctrl Pts',(-0.0611978087371711,4.47186028071294,
0.112097821403195));
#3841=CARTESIAN_POINT('Ctrl Pts',(-0.0704152397331539,4.49190649015266,
0.110458864495201));
#3842=CARTESIAN_POINT('Ctrl Pts',(-0.0688296296274144,4.51692115369368,
0.108819907587207));
#3843=CARTESIAN_POINT('Ctrl Pts',(-0.0571541772329604,4.53564317839641,
0.107180950679213));
#3844=CARTESIAN_POINT('Ctrl Pts',(-0.0454787248385065,4.55436520309914,
0.105541993771219));
#3845=CARTESIAN_POINT('Ctrl Pts',(-0.0237134301553379,4.56679458896358,
0.103903036863226));
#3846=CARTESIAN_POINT('Ctrl Pts',(-0.00165591577887626,4.5673369518189,
0.102264079955232));
#3847=CARTESIAN_POINT('Ctrl Pts',(0.0204015985975854,4.56787931467422,0.100625123047238));
#3848=CARTESIAN_POINT('Ctrl Pts',(0.0427513326673403,4.55653465452042,0.0989861661392443));
#3849=CARTESIAN_POINT('Ctrl Pts',(0.0553329890163544,4.53840935086739,0.0973472092312505));
#3850=CARTESIAN_POINT('Ctrl Pts',(0.063055456115968,4.52728426071644,0.0963412374856736));
#3851=CARTESIAN_POINT('Ctrl Pts',(0.0670979419965109,4.51360466174158,0.0953352657400966));
#3852=CARTESIAN_POINT('Ctrl Pts',(0.0671675726972241,4.49996298459553,0.0943292939945197));
#3853=CARTESIAN_POINT('Origin',(5.80482582794578E-17,4.5,-0.0494999999994828));
#3854=CARTESIAN_POINT('',(0.0673545973342156,4.4999879855808,0.0630792939945197));
#3855=CARTESIAN_POINT('',(0.0671770733218073,4.5000430293528,0.0722957060065148));
#3856=CARTESIAN_POINT('',(0.0672500000000001,4.5,-0.0494999999994828));
#3857=CARTESIAN_POINT('Ctrl Pts',(0.0671770733218073,4.5000430293528,0.0722957060065148));
#3858=CARTESIAN_POINT('Ctrl Pts',(0.0672253476561135,4.50810864615053,0.0728906975339297));
#3859=CARTESIAN_POINT('Ctrl Pts',(0.0658792280033001,4.51615869242799,0.0734856890613446));
#3860=CARTESIAN_POINT('Ctrl Pts',(0.0630658452887825,4.52365831259028,0.0740806805887595));
#3861=CARTESIAN_POINT('Ctrl Pts',(0.0553161331965398,4.54431668116525,0.0757196374967533));
#3862=CARTESIAN_POINT('Ctrl Pts',(0.0364331831479903,4.56079854923565,0.0773585944047471));
#3863=CARTESIAN_POINT('Ctrl Pts',(0.0149168986208062,4.56568486290311,0.0789975513127409));
#3864=CARTESIAN_POINT('Ctrl Pts',(-0.00659938590637791,4.57057117657057,
0.0806365082207346));
#3865=CARTESIAN_POINT('Ctrl Pts',(-0.0307490049121962,4.5638619358351,0.0822754651287284));
#3866=CARTESIAN_POINT('Ctrl Pts',(-0.0466613304969621,4.54857714139647,
0.0839144220367222));
#3867=CARTESIAN_POINT('Ctrl Pts',(-0.0625736560817275,4.53329234695783,
0.085553378944716));
#3868=CARTESIAN_POINT('Ctrl Pts',(-0.0702486882454408,4.50943199881603,
0.0871923358527098));
#3869=CARTESIAN_POINT('Ctrl Pts',(-0.0662316209729901,4.48773665837377,
0.0888312927607036));
#3870=CARTESIAN_POINT('Ctrl Pts',(-0.0622145537005392,4.46604131793151,
0.0904702496686974));
#3871=CARTESIAN_POINT('Ctrl Pts',(-0.0465053869919238,4.44651098518879,
0.0921092065766912));
#3872=CARTESIAN_POINT('Ctrl Pts',(-0.0261753778777528,4.43793667779039,
0.093748163484685));
#3873=CARTESIAN_POINT('Ctrl Pts',(-0.00584536876358233,4.42936237039199,
0.0953871203926787));
#3874=CARTESIAN_POINT('Ctrl Pts',(0.0191054827561431,4.4317440883379,0.0970260773006725));
#3875=CARTESIAN_POINT('Ctrl Pts',(0.0374458631619225,4.44401033355349,0.0986650342086663));
#3876=CARTESIAN_POINT('Ctrl Pts',(0.0556512182410614,4.45618627236702,0.100291924807949));
#3877=CARTESIAN_POINT('Ctrl Pts',(0.067343078967601,4.47810173071545,0.101918815407232));
#3878=CARTESIAN_POINT('Ctrl Pts',(0.0673571955399596,4.50000326010493,0.103545706006515));
#3879=CARTESIAN_POINT('Ctrl Pts',(0.0671675726972241,4.49996298459553,0.0943292939945197));
#3880=CARTESIAN_POINT('Ctrl Pts',(0.0672113862542091,4.49137926516016,0.0936963088321029));
#3881=CARTESIAN_POINT('Ctrl Pts',(0.0656822378209763,4.48281056001368,0.093063323669686));
#3882=CARTESIAN_POINT('Ctrl Pts',(0.0625071641759144,4.47490271725993,0.0924303385072691));
#3883=CARTESIAN_POINT('Ctrl Pts',(0.0542861043581863,4.45442733445774,0.0907913815992753));
#3884=CARTESIAN_POINT('Ctrl Pts',(0.0350304060944556,4.43838251600563,0.0891524246912816));
#3885=CARTESIAN_POINT('Ctrl Pts',(0.0134077948425057,4.43399055471511,0.0875134677832878));
#3886=CARTESIAN_POINT('Ctrl Pts',(-0.0082148164094438,4.4295985934246,0.085874510875294));
#3887=CARTESIAN_POINT('Ctrl Pts',(-0.0322043406496124,4.43685948929567,
0.0842355539673001));
#3888=CARTESIAN_POINT('Ctrl Pts',(-0.047762233823595,4.45250488063718,0.0825965970593064));
#3889=CARTESIAN_POINT('Ctrl Pts',(-0.0633201269975776,4.4681502719787,0.0809576401513126));
#3890=CARTESIAN_POINT('Ctrl Pts',(-0.0704463891053742,4.49218015879065,
0.0793186832433188));
#3891=CARTESIAN_POINT('Ctrl Pts',(-0.0659332213827415,4.51377779586838,
0.077679726335325));
#3892=CARTESIAN_POINT('Ctrl Pts',(-0.0614200536601088,4.53537543294611,
0.0760407694273312));
#3893=CARTESIAN_POINT('Ctrl Pts',(-0.0452674561070468,4.55454082028961,
0.0744018125193374));
#3894=CARTESIAN_POINT('Ctrl Pts',(-0.0247463064159329,4.56264692560637,
0.0727628556113436));
#3895=CARTESIAN_POINT('Ctrl Pts',(-0.00422515672481911,4.57075303092313,
0.0711238987033498));
#3896=CARTESIAN_POINT('Ctrl Pts',(0.0206645451043465,4.56779985421314,0.069484941795356));
#3897=CARTESIAN_POINT('Ctrl Pts',(0.038719037894514,4.55511672411477,0.0678459848873622));
#3898=CARTESIAN_POINT('Ctrl Pts',(0.056222078179473,4.54282098478654,0.0662570879230814));
#3899=CARTESIAN_POINT('Ctrl Pts',(0.0673010789837066,4.52138059394057,0.0646681909588006));
#3900=CARTESIAN_POINT('Ctrl Pts',(0.0673545973342156,4.4999879855808,0.0630792939945197));
#3901=CARTESIAN_POINT('Origin',(5.80482582794578E-17,4.5,-0.0494999999994828));
#3902=CARTESIAN_POINT('',(0.0671955957789126,4.50005098757438,0.0318292939945197));
#3903=CARTESIAN_POINT('',(0.0672207107387604,4.49994314940136,0.0410457060065147));
#3904=CARTESIAN_POINT('',(0.0672500000000001,4.5,-0.0494999999994828));
#3905=CARTESIAN_POINT('Ctrl Pts',(0.0672207107387604,4.49994314940136,0.0410457060065147));
#3906=CARTESIAN_POINT('Ctrl Pts',(0.0670883482334062,4.5158845891771,0.0422236227526335));
#3907=CARTESIAN_POINT('Ctrl Pts',(0.061401675808754,4.53191097362119,0.0434015394987523));
#3908=CARTESIAN_POINT('Ctrl Pts',(0.0510591922475205,4.54393148392373,0.0445794562448711));
#3909=CARTESIAN_POINT('Ctrl Pts',(0.0366686294727333,4.56065685815996,0.0462184131528649));
#3910=CARTESIAN_POINT('Ctrl Pts',(0.0132644054393865,4.56962685068137,0.0478573700608588));
#3911=CARTESIAN_POINT('Ctrl Pts',(-0.00861838447070565,4.56680374102836,
0.0494963269688526));
#3912=CARTESIAN_POINT('Ctrl Pts',(-0.0305011743807978,4.56398063137534,
0.0511352838768463));
#3913=CARTESIAN_POINT('Ctrl Pts',(-0.0508625301676352,4.54936441954791,
0.0527742407848401));
#3914=CARTESIAN_POINT('Ctrl Pts',(-0.0605370624329751,4.52953439482785,
0.0544131976928339));
#3915=CARTESIAN_POINT('Ctrl Pts',(-0.070211594698315,4.50970437010779,0.0560521546008277));
#3916=CARTESIAN_POINT('Ctrl Pts',(-0.0691993034421573,4.4846605324951,0.0576911115088215));
#3917=CARTESIAN_POINT('Ctrl Pts',(-0.0579558579946315,4.46567602951943,
0.0593300684168153));
#3918=CARTESIAN_POINT('Ctrl Pts',(-0.0467124125471056,4.44669152654376,
0.0609690253248091));
#3919=CARTESIAN_POINT('Ctrl Pts',(-0.0252378129082117,4.4337663582051,0.0626079822328029));
#3920=CARTESIAN_POINT('Ctrl Pts',(-0.00319855993506234,4.43271861003406,
0.0642469391407967));
#3921=CARTESIAN_POINT('Ctrl Pts',(0.018840693038087,4.43167086186303,0.0658858960487905));
#3922=CARTESIAN_POINT('Ctrl Pts',(0.0414445993454916,4.44250053385963,0.0675248529567843));
#3923=CARTESIAN_POINT('Ctrl Pts',(0.0544383154312261,4.4603328043977,0.0691638098647781));
#3924=CARTESIAN_POINT('Ctrl Pts',(0.0627149148295487,4.47169141487005,0.070207775245357));
#3925=CARTESIAN_POINT('Ctrl Pts',(0.0670923717227694,4.48589118966791,0.0712517406259359));
#3926=CARTESIAN_POINT('Ctrl Pts',(0.0671770733218073,4.5000430293528,0.0722957060065148));
#3927=CARTESIAN_POINT('Ctrl Pts',(0.0673545973342156,4.4999879855808,0.0630792939945197));
#3928=CARTESIAN_POINT('Ctrl Pts',(0.0673562834886198,4.49931398796205,0.0630292340508068));
#3929=CARTESIAN_POINT('Ctrl Pts',(0.0673470253718386,4.49864003777384,0.0629791741070938));
#3930=CARTESIAN_POINT('Ctrl Pts',(0.0673266790782012,4.49796642250062,0.0629291141633809));
#3931=CARTESIAN_POINT('Ctrl Pts',(0.0666605437205515,4.4759123344716,0.061290157255387));
#3932=CARTESIAN_POINT('Ctrl Pts',(0.0541089892540825,4.45421724190033,0.0596512003473933));
#3933=CARTESIAN_POINT('Ctrl Pts',(0.0353219289211423,4.44264689676278,0.0580122434393995));
#3934=CARTESIAN_POINT('Ctrl Pts',(0.016534868588202,4.43107655162523,0.0563732865314057));
#3935=CARTESIAN_POINT('Ctrl Pts',(-0.00848769761120945,4.4296309539214,
0.0547343296234119));
#3936=CARTESIAN_POINT('Ctrl Pts',(-0.02848219964475,4.43896082042325,0.0530953727154181));
#3937=CARTESIAN_POINT('Ctrl Pts',(-0.0484767016782902,4.4482906869251,0.0514564158074243));
#3938=CARTESIAN_POINT('Ctrl Pts',(-0.0634431395459595,4.46839601763262,
0.0498174588994305));
#3939=CARTESIAN_POINT('Ctrl Pts',(-0.0666445732231713,4.49022666918336,
0.0481785019914368));
#3940=CARTESIAN_POINT('Ctrl Pts',(-0.0698460069003832,4.51205732073411,
0.046539545083443));
#3941=CARTESIAN_POINT('Ctrl Pts',(-0.0612824363871372,4.53561329312806,
0.0449005881754492));
#3942=CARTESIAN_POINT('Ctrl Pts',(-0.0448086373699773,4.55029118360552,
0.0432616312674554));
#3943=CARTESIAN_POINT('Ctrl Pts',(-0.0283348383528174,4.56496907408298,
0.0416226743594616));
#3944=CARTESIAN_POINT('Ctrl Pts',(-0.00395081083174367,4.57076888264396,
0.0399837174514678));
#3945=CARTESIAN_POINT('Ctrl Pts',(0.0173673045099072,4.56507990372429,0.038344760543474));
#3946=CARTESIAN_POINT('Ctrl Pts',(0.0386854198515581,4.55939092480462,0.0367058036354802));
#3947=CARTESIAN_POINT('Ctrl Pts',(0.0569376230137861,4.54221315840431,0.0350668467274865));
#3948=CARTESIAN_POINT('Ctrl Pts',(0.0639079312011719,4.52127894413402,0.0334278898194927));
#3949=CARTESIAN_POINT('Ctrl Pts',(0.0661741501425776,4.51447271525183,0.0328950245445017));
#3950=CARTESIAN_POINT('Ctrl Pts',(0.0672478047366359,4.50726940717217,0.0323621592695107));
#3951=CARTESIAN_POINT('Ctrl Pts',(0.0671955957789126,4.50005098757438,0.0318292939945197));
#3952=CARTESIAN_POINT('Origin',(5.80482582794578E-17,4.5,-0.0494999999994828));
#3953=CARTESIAN_POINT('',(0.0671987813854818,4.49994799925242,0.00057929399451971));
#3954=CARTESIAN_POINT('',(0.0673421421419177,4.50002808858747,0.00979570600651469));
#3955=CARTESIAN_POINT('',(0.0672500000000001,4.5,-0.0494999999994828));
#3956=CARTESIAN_POINT('Ctrl Pts',(0.0673421421419177,4.50002808858747,0.00979570600651469));
#3957=CARTESIAN_POINT('Ctrl Pts',(0.0673508905455635,4.50166993572731,0.00991759106334365));
#3958=CARTESIAN_POINT('Ctrl Pts',(0.0672959495322969,4.50331118796103,0.0100394761201726));
#3959=CARTESIAN_POINT('Ctrl Pts',(0.067175423663608,4.50494760973368,0.0101613611770015));
#3960=CARTESIAN_POINT('Ctrl Pts',(0.065554743407809,4.52695215104873,0.0118003180849953));
#3961=CARTESIAN_POINT('Ctrl Pts',(0.0520753460877198,4.54808327317756,0.0134392749929891));
#3962=CARTESIAN_POINT('Ctrl Pts',(0.0328048003849584,4.55882908683887,0.0150782319009829));
#3963=CARTESIAN_POINT('Ctrl Pts',(0.0135342546821971,4.56957490050019,0.0167171888089767));
#3964=CARTESIAN_POINT('Ctrl Pts',(-0.0115274394032363,4.56993540569398,
0.0183561457169705));
#3965=CARTESIAN_POINT('Ctrl Pts',(-0.0310990987055524,4.55974832588359,
0.0199951026249643));
#3966=CARTESIAN_POINT('Ctrl Pts',(-0.0506707580078682,4.54956124607321,
0.0216340595329581));
#3967=CARTESIAN_POINT('Ctrl Pts',(-0.0647523825270668,4.52882658125865,
0.0232730164409519));
#3968=CARTESIAN_POINT('Ctrl Pts',(-0.0670053191396579,4.50687776079435,
0.0249119733489456));
#3969=CARTESIAN_POINT('Ctrl Pts',(-0.069258255752249,4.48492894033006,0.0265509302569395));
#3970=CARTESIAN_POINT('Ctrl Pts',(-0.0596825044582318,4.46176596421603,
0.0281898871649333));
#3971=CARTESIAN_POINT('Ctrl Pts',(-0.0425884603955769,4.44781533339648,
0.0298288440729271));
#3972=CARTESIAN_POINT('Ctrl Pts',(-0.0254944163329222,4.43386470257693,
0.0314678009809209));
#3973=CARTESIAN_POINT('Ctrl Pts',(-0.000882079501629955,4.42912641705186,
0.0331067578889147));
#3974=CARTESIAN_POINT('Ctrl Pts',(0.0201696390348663,4.43573335199909,0.0347457147969085));
#3975=CARTESIAN_POINT('Ctrl Pts',(0.0412213575713625,4.44234028694632,0.0363846717049023));
#3976=CARTESIAN_POINT('Ctrl Pts',(0.0587124578130628,4.46029244236585,0.0380236286128961));
#3977=CARTESIAN_POINT('Ctrl Pts',(0.064769557175799,4.48150889805114,0.0396625855208899));
#3978=CARTESIAN_POINT('Ctrl Pts',(0.0664734250792614,4.487477107536,0.0401236256827648));
#3979=CARTESIAN_POINT('Ctrl Pts',(0.0672725178219823,4.49370362186349,0.0405846658446398));
#3980=CARTESIAN_POINT('Ctrl Pts',(0.0672207107387604,4.49994314940136,0.0410457060065147));
#3981=CARTESIAN_POINT('Ctrl Pts',(0.0671955957789126,4.50005098757438,0.0318292939945197));
#3982=CARTESIAN_POINT('Ctrl Pts',(0.0670872233740745,4.48506739998602,0.0307232023615169));
#3983=CARTESIAN_POINT('Ctrl Pts',(0.0621278301934831,4.47001870123181,0.0296171107285141));
#3984=CARTESIAN_POINT('Ctrl Pts',(0.052913973416017,4.45832112584485,0.0285110190955112));
#3985=CARTESIAN_POINT('Ctrl Pts',(0.0392612942309328,4.44098818396626,0.0268720621875174));
#3986=CARTESIAN_POINT('Ctrl Pts',(0.0162675226482208,4.43101296234935,0.0252331052795236));
#3987=CARTESIAN_POINT('Ctrl Pts',(-0.00571700555957292,4.43288567230952,
0.0235941483715299));
#3988=CARTESIAN_POINT('Ctrl Pts',(-0.0277015337673667,4.43475838226969,
0.0219551914635361));
#3989=CARTESIAN_POINT('Ctrl Pts',(-0.0486768186002424,4.44847902380695,
0.0203162345555423));
#3990=CARTESIAN_POINT('Ctrl Pts',(-0.0592011188335202,4.46787143540956,
0.0186772776475485));
#3991=CARTESIAN_POINT('Ctrl Pts',(-0.069725419066798,4.48726384701217,0.0170383207395547));
#3992=CARTESIAN_POINT('Ctrl Pts',(-0.0697987347004781,4.51232802868014,
0.0153993638315609));
#3993=CARTESIAN_POINT('Ctrl Pts',(-0.059388063692994,4.53178167749745,0.0137604069235671));
#3994=CARTESIAN_POINT('Ctrl Pts',(-0.04897739268551,4.55123532631476,0.0121214500155733));
#3995=CARTESIAN_POINT('Ctrl Pts',(-0.0280827350368623,4.56507844228141,
0.0104824931075796));
#3996=CARTESIAN_POINT('Ctrl Pts',(-0.00610953873125799,4.56707973367787,
0.00884353619958579));
#3997=CARTESIAN_POINT('Ctrl Pts',(0.0158636575743465,4.56908102507432,0.007204579291592));
#3998=CARTESIAN_POINT('Ctrl Pts',(0.0389153925369074,4.55924049190059,0.0055656223835982));
#3999=CARTESIAN_POINT('Ctrl Pts',(0.0526692389472874,4.54198771728133,0.00392666547560441));
#4000=CARTESIAN_POINT('Ctrl Pts',(0.0620327621745251,4.53024214800117,0.00281087498190951));
#4001=CARTESIAN_POINT('Ctrl Pts',(0.067086907502483,4.51506115902436,0.00169508448821461));
#4002=CARTESIAN_POINT('Ctrl Pts',(0.0671987813854818,4.49994799925242,0.00057929399451971));
#4003=CARTESIAN_POINT('Origin',(5.80482582794578E-17,4.5,-0.0494999999994828));
#4004=CARTESIAN_POINT('',(0.0673534547443309,4.50001429023565,-0.0306707060054803));
#4005=CARTESIAN_POINT('',(0.0671539905035621,4.50002389092284,-0.0214542939934853));
#4006=CARTESIAN_POINT('',(0.0672500000000001,4.5,-0.0494999999994828));
#4007=CARTESIAN_POINT('Ctrl Pts',(0.0671539905035621,4.50002389092284,-0.0214542939934853));
#4008=CARTESIAN_POINT('Ctrl Pts',(0.0671850685357837,4.5095864466869,-0.0207494837179524));
#4009=CARTESIAN_POINT('Ctrl Pts',(0.0652749172066934,4.51913715762032,-0.0200446734424195));
#4010=CARTESIAN_POINT('Ctrl Pts',(0.0613615265723188,4.52778091868853,-0.0193398631668866));
#4011=CARTESIAN_POINT('Ctrl Pts',(0.0522613774448999,4.54788101144482,-0.0177009062588928));
#4012=CARTESIAN_POINT('Ctrl Pts',(0.0323288592371749,4.56307683956765,-0.0160619493508991));
#4013=CARTESIAN_POINT('Ctrl Pts',(0.0105363258569439,4.56652820622791,-0.0144229924429053));
#4014=CARTESIAN_POINT('Ctrl Pts',(-0.0112562075232871,4.56997957288816,
-0.0127840355349115));
#4015=CARTESIAN_POINT('Ctrl Pts',(-0.0349087560760241,4.56168647808582,
-0.0111450786269177));
#4016=CARTESIAN_POINT('Ctrl Pts',(-0.0497744444679658,4.54538194645855,
-0.00950612171892396));
#4017=CARTESIAN_POINT('Ctrl Pts',(-0.0646401328599077,4.52907741483128,
-0.00786716481093016));
#4018=CARTESIAN_POINT('Ctrl Pts',(-0.0707189610910539,4.50476144637906,
-0.00622820790293635));
#4019=CARTESIAN_POINT('Ctrl Pts',(-0.0652746267200188,4.48337954594408,
-0.00458925099494255));
#4020=CARTESIAN_POINT('Ctrl Pts',(-0.0598302923489837,4.4619976455091,-0.00295029408694875));
#4021=CARTESIAN_POINT('Ctrl Pts',(-0.0428627953757673,4.44354981309135,
-0.00131133717895493));
#4022=CARTESIAN_POINT('Ctrl Pts',(-0.0220098254383297,4.43634009133956,
0.000327619729038874));
#4023=CARTESIAN_POINT('Ctrl Pts',(-0.00115685550089204,4.42913036958777,
0.00196657663703268));
#4024=CARTESIAN_POINT('Ctrl Pts',(0.0235815874007666,4.43315875850194,0.00360553354502646));
#4025=CARTESIAN_POINT('Ctrl Pts',(0.0410698272558416,4.44661193320966,0.00524449045302025));
#4026=CARTESIAN_POINT('Ctrl Pts',(0.0572575111913689,4.45906462953031,0.00676156230418506));
#4027=CARTESIAN_POINT('Ctrl Pts',(0.0672332530191728,4.47959244089961,0.00827863415534988));
#4028=CARTESIAN_POINT('Ctrl Pts',(0.0673421421419177,4.50002808858747,0.00979570600651469));
#4029=CARTESIAN_POINT('Ctrl Pts',(0.0671987813854818,4.49994799925242,0.00057929399451971));
#4030=CARTESIAN_POINT('Ctrl Pts',(0.0672512362670684,4.49286181447912,5.61275802208052E-5));
#4031=CARTESIAN_POINT('Ctrl Pts',(0.0662171629746615,4.485790541542,-0.000467038834078136));
#4032=CARTESIAN_POINT('Ctrl Pts',(0.0640313232641925,4.4790952929985,-0.000990205248377039));
#4033=CARTESIAN_POINT('Ctrl Pts',(0.0571836033125186,4.45812065939973,-0.00262916215637083));
#4034=CARTESIAN_POINT('Ctrl Pts',(0.0390322055509726,4.44083640826697,-0.00426811906436458));
#4035=CARTESIAN_POINT('Ctrl Pts',(0.0177477365702246,4.43502281184584,-0.00590707597235838));
#4036=CARTESIAN_POINT('Ctrl Pts',(-0.00353673241052326,4.4292092154247,
-0.00754603288035216));
#4037=CARTESIAN_POINT('Ctrl Pts',(-0.0279542726104727,4.43486627371519,
-0.00918498978834595));
#4038=CARTESIAN_POINT('Ctrl Pts',(-0.0445136580365404,4.44944753831918,
-0.0108239466963397));
#4039=CARTESIAN_POINT('Ctrl Pts',(-0.0610730434626082,4.46402880292317,
-0.0124629036043335));
#4040=CARTESIAN_POINT('Ctrl Pts',(-0.0697742741147942,4.48753427384068,
-0.0141018605123273));
#4041=CARTESIAN_POINT('Ctrl Pts',(-0.0667006085141283,4.50938328074982,
-0.0157408174203211));
#4042=CARTESIAN_POINT('Ctrl Pts',(-0.0636269429134625,4.53123228765895,
-0.0173797743283149));
#4043=CARTESIAN_POINT('Ctrl Pts',(-0.0487783810599449,4.55142483055972,
-0.0190187312363087));
#4044=CARTESIAN_POINT('Ctrl Pts',(-0.0288388025609105,4.56087150894005,
-0.0206576881443025));
#4045=CARTESIAN_POINT('Ctrl Pts',(-0.00889922406187616,4.57031818732037,
-0.0222966450522963));
#4046=CARTESIAN_POINT('Ctrl Pts',(0.0161313710826749,4.56901900118025,-0.0239356019602901));
#4047=CARTESIAN_POINT('Ctrl Pts',(0.0349857984749011,4.55755876161679,-0.0255745588682839));
#4048=CARTESIAN_POINT('Ctrl Pts',(0.0538402258671271,4.54609852205334,-0.0272135157762776));
#4049=CARTESIAN_POINT('Ctrl Pts',(0.0665184855070283,4.52447722906656,-0.0288524726842714));
#4050=CARTESIAN_POINT('Ctrl Pts',(0.0673136300215418,4.50242741572627,-0.0304914295922652));
#4051=CARTESIAN_POINT('Ctrl Pts',(0.0673426221721498,4.5016234467652,-0.0305511883966703));
#4052=CARTESIAN_POINT('Ctrl Pts',(0.0673558164346188,4.50081890811204,-0.0306109472010753));
#4053=CARTESIAN_POINT('Ctrl Pts',(0.0673534547443309,4.50001429023565,-0.0306707060054803));
#4054=CARTESIAN_POINT('Origin',(5.80482582794578E-17,4.5,-0.0494999999994828));
#4055=CARTESIAN_POINT('',(0.0671654029259371,4.50003538655665,-0.0619207060054804));
#4056=CARTESIAN_POINT('',(0.0672635136672801,4.49994217965443,-0.0527042939934853));
#4057=CARTESIAN_POINT('',(0.0672500000000001,4.5,-0.0494999999994828));
#4058=CARTESIAN_POINT('Ctrl Pts',(0.0672635136672801,4.49994217965443,-0.0527042939934853));
#4059=CARTESIAN_POINT('Ctrl Pts',(0.0671075271332346,4.51734150652074,-0.0514165584992485));
#4060=CARTESIAN_POINT('Ctrl Pts',(0.0601910507683204,4.53485092496488,-0.0501288230050117));
#4061=CARTESIAN_POINT('Ctrl Pts',(0.0480392698182459,4.54721488051234,-0.0488410875107749));
#4062=CARTESIAN_POINT('Ctrl Pts',(0.0325731702801916,4.5629510238782,-0.0472021306027811));
#4063=CARTESIAN_POINT('Ctrl Pts',(0.00862652714929988,4.5703521560349,-0.0455631736947873));
#4064=CARTESIAN_POINT('Ctrl Pts',(-0.0130214015381409,4.566086757285,-0.0439242167867935));
#4065=CARTESIAN_POINT('Ctrl Pts',(-0.0346693302255814,4.5618213585351,-0.0422852598787997));
#4066=CARTESIAN_POINT('Ctrl Pts',(-0.0540185444695712,4.54588942887861,
-0.0406463029708059));
#4067=CARTESIAN_POINT('Ctrl Pts',(-0.0623592567648067,4.52546251130987,
-0.0390073460628121));
#4068=CARTESIAN_POINT('Ctrl Pts',(-0.0706999690600422,4.50503559374113,
-0.0373683891548183));
#4069=CARTESIAN_POINT('Ctrl Pts',(-0.0680321794065235,4.48011368826013,
-0.0357294322468245));
#4070=CARTESIAN_POINT('Ctrl Pts',(-0.0555567572916618,4.46191505408039,
-0.0340904753388307));
#4071=CARTESIAN_POINT('Ctrl Pts',(-0.0430813351768003,4.44371641990064,
-0.032451518430837));
#4072=CARTESIAN_POINT('Ctrl Pts',(-0.0207982806005961,4.43224105702215,
-0.0308125615228432));
#4073=CARTESIAN_POINT('Ctrl Pts',(0.0012619903238985,4.43265444508442,-0.0291736046148494));
#4074=CARTESIAN_POINT('Ctrl Pts',(0.0233222612483933,4.4330678331467,-0.0275346477068556));
#4075=CARTESIAN_POINT('Ctrl Pts',(0.0451597485211783,4.44536997214974,-0.0258956907988618));
#4076=CARTESIAN_POINT('Ctrl Pts',(0.0569446021340145,4.46402322034613,-0.024256733890868));
#4077=CARTESIAN_POINT('Ctrl Pts',(0.0636615458576608,4.47465490254725,-0.0233225872584071));
#4078=CARTESIAN_POINT('Ctrl Pts',(0.0671128000723907,4.48734980035576,-0.0223884406259462));
#4079=CARTESIAN_POINT('Ctrl Pts',(0.0671539905035621,4.50002389092284,-0.0214542939934853));
#4080=CARTESIAN_POINT('Ctrl Pts',(0.0673534547443309,4.50001429023565,-0.0306707060054803));
#4081=CARTESIAN_POINT('Ctrl Pts',(0.0672910442449745,4.47875129749079,-0.0322499041090691));
#4082=CARTESIAN_POINT('Ctrl Pts',(0.0563652269352388,4.45743297967728,-0.0338291022126578));
#4083=CARTESIAN_POINT('Ctrl Pts',(0.0390408184304051,4.44511073301574,-0.0354083003162466));
#4084=CARTESIAN_POINT('Ctrl Pts',(0.0210608329356292,4.43232219733928,-0.0370472572242404));
#4085=CARTESIAN_POINT('Ctrl Pts',(-0.0038111674430481,4.42922345968015,
-0.0386862141322342));
#4086=CARTESIAN_POINT('Ctrl Pts',(-0.024379387600025,4.43720937495109,-0.040325171040228));
#4087=CARTESIAN_POINT('Ctrl Pts',(-0.0449476077570022,4.44519529022202,
-0.0419641279482218));
#4088=CARTESIAN_POINT('Ctrl Pts',(-0.0612120476922788,4.46426585842302,
-0.0436030848562156));
#4089=CARTESIAN_POINT('Ctrl Pts',(-0.0658514893996494,4.48583672080226,
-0.0452420417642094));
#4090=CARTESIAN_POINT('Ctrl Pts',(-0.07049093110702,4.50740758318151,-0.0468809986722032));
#4091=CARTESIAN_POINT('Ctrl Pts',(-0.0635053745864847,4.531478739739,-0.048519955580197));
#4092=CARTESIAN_POINT('Ctrl Pts',(-0.0480392737746704,4.54721488440087,
-0.0501589124881908));
#4093=CARTESIAN_POINT('Ctrl Pts',(-0.032573172962856,4.56295102906274,-0.0517978693961845));
#4094=CARTESIAN_POINT('Ctrl Pts',(-0.00862652785976265,4.57035216182898,
-0.0534368263041783));
#4095=CARTESIAN_POINT('Ctrl Pts',(0.0130214026105615,4.56608676272779,-0.0550757832121721));
#4096=CARTESIAN_POINT('Ctrl Pts',(0.0346693330808858,4.5618213636266,-0.0567147401201659));
#4097=CARTESIAN_POINT('Ctrl Pts',(0.0540185489184408,4.54588943265798,-0.0583536970281597));
#4098=CARTESIAN_POINT('Ctrl Pts',(0.0623592619006015,4.52546251340692,-0.0599926539361535));
#4099=CARTESIAN_POINT('Ctrl Pts',(0.0656299049228966,4.51745250742081,-0.0606353379592625));
#4100=CARTESIAN_POINT('Ctrl Pts',(0.0672078159758252,4.50875132567106,-0.0612780219823714));
#4101=CARTESIAN_POINT('Ctrl Pts',(0.0671654029259371,4.50003538655665,-0.0619207060054804));
#4102=CARTESIAN_POINT('Origin',(5.80482582794578E-17,4.5,-0.0494999999994828));
#4103=CARTESIAN_POINT('',(0.0672389213438458,4.49994148713135,-0.0931707060054804));
#4104=CARTESIAN_POINT('',(0.0673092592408215,4.50004729607565,-0.0839542939934853));
#4105=CARTESIAN_POINT('',(0.0672500000000001,4.5,-0.0494999999994828));
#4106=CARTESIAN_POINT('Ctrl Pts',(0.0673092592408215,4.50004729607565,-0.0839542939934853));
#4107=CARTESIAN_POINT('Ctrl Pts',(0.0673343319439088,4.50317246667949,-0.0837225901885384));
#4108=CARTESIAN_POINT('Ctrl Pts',(0.0671351354680314,4.50629442657671,-0.0834908863835914));
#4109=CARTESIAN_POINT('Ctrl Pts',(0.0667006030207893,4.50938327997702,-0.0832591825786445));
#4110=CARTESIAN_POINT('Ctrl Pts',(0.0636269376732653,4.53123228508672,-0.0816202256706507));
#4111=CARTESIAN_POINT('Ctrl Pts',(0.0487783770426486,4.55142482632447,-0.0799812687626569));
#4112=CARTESIAN_POINT('Ctrl Pts',(0.0288388001858016,4.56087150392678,-0.0783423118546631));
#4113=CARTESIAN_POINT('Ctrl Pts',(0.00889922332895433,4.57031818152909,
-0.0767033549466693));
#4114=CARTESIAN_POINT('Ctrl Pts',(-0.0161313697541233,4.56901899549597,
-0.0750643980386755));
#4115=CARTESIAN_POINT('Ctrl Pts',(-0.0349857955935339,4.55755875687636,
-0.0734254411306817));
#4116=CARTESIAN_POINT('Ctrl Pts',(-0.0538402214329442,4.54609851825675,
-0.0717864842226879));
#4117=CARTESIAN_POINT('Ctrl Pts',(-0.0665184800286877,4.52447722705066,
-0.0701475273146941));
#4118=CARTESIAN_POINT('Ctrl Pts',(-0.067313624477715,4.50242741552636,-0.0685085704067004));
#4119=CARTESIAN_POINT('Ctrl Pts',(-0.0681087689267423,4.48037760400205,
-0.0668696134987066));
#4120=CARTESIAN_POINT('Ctrl Pts',(-0.0570207992290533,4.45789927215954,
-0.0652306565907128));
#4121=CARTESIAN_POINT('Ctrl Pts',(-0.0390408152150761,4.44511073753632,
-0.063591699682719));
#4122=CARTESIAN_POINT('Ctrl Pts',(-0.0210608312010991,4.4323222029131,-0.0619527427747252));
#4123=CARTESIAN_POINT('Ctrl Pts',(0.00381116712916605,4.42922346550918,
-0.0603137858667314));
#4124=CARTESIAN_POINT('Ctrl Pts',(0.0243793855921824,4.43720938012241,-0.0586748289587376));
#4125=CARTESIAN_POINT('Ctrl Pts',(0.0449476040551988,4.44519529473564,-0.0570358720507438));
#4126=CARTESIAN_POINT('Ctrl Pts',(0.0612120426509664,4.46426586136601,-0.05539691514275));
#4127=CARTESIAN_POINT('Ctrl Pts',(0.0658514839762417,4.48583672196872,-0.0537579582347563));
#4128=CARTESIAN_POINT('Ctrl Pts',(0.0668456962910123,4.49045926458707,-0.0534067368209993));
#4129=CARTESIAN_POINT('Ctrl Pts',(0.0673060579718052,4.49519662732031,-0.0530555154072423));
#4130=CARTESIAN_POINT('Ctrl Pts',(0.0672635136672801,4.49994217965443,-0.0527042939934853));
#4131=CARTESIAN_POINT('Ctrl Pts',(0.0671654029259371,4.50003538655665,-0.0619207060054804));
#4132=CARTESIAN_POINT('Ctrl Pts',(0.0670996552644901,4.4865241532075,-0.0629169788903652));
#4133=CARTESIAN_POINT('Ctrl Pts',(0.0631401984685866,4.47297745727064,-0.06391325177525));
#4134=CARTESIAN_POINT('Ctrl Pts',(0.0555567618672138,4.46191505094378,-0.0649095246601349));
#4135=CARTESIAN_POINT('Ctrl Pts',(0.0430813387248991,4.44371641526523,-0.0665484815681286));
#4136=CARTESIAN_POINT('Ctrl Pts',(0.0207982823135034,4.43224105144164,-0.0681874384761224));
#4137=CARTESIAN_POINT('Ctrl Pts',(-0.00126199042783446,4.43265443953797,
-0.0698263953841162));
#4138=CARTESIAN_POINT('Ctrl Pts',(-0.023322263169173,4.43306782763429,-0.07146535229211));
#4139=CARTESIAN_POINT('Ctrl Pts',(-0.0451597522404536,4.44536996765051,
-0.0731043092001038));
#4140=CARTESIAN_POINT('Ctrl Pts',(-0.0569446068238683,4.46402321738315,
-0.0747432661080976));
#4141=CARTESIAN_POINT('Ctrl Pts',(-0.0687294614072828,4.48267646711578,
-0.0763822230160914));
#4142=CARTESIAN_POINT('Ctrl Pts',(-0.0704616815028318,4.50768082656483,
-0.0780211799240852));
#4143=CARTESIAN_POINT('Ctrl Pts',(-0.0613615316259407,4.52778092097652,
-0.079660136832079));
#4144=CARTESIAN_POINT('Ctrl Pts',(-0.0522613817490497,4.54788101538821,
-0.0812990937400728));
#4145=CARTESIAN_POINT('Ctrl Pts',(-0.0323288618997188,4.56307684476255,
-0.0829380506480666));
#4146=CARTESIAN_POINT('Ctrl Pts',(-0.0105363267246945,4.56652821170705,
-0.0845770075560604));
#4147=CARTESIAN_POINT('Ctrl Pts',(0.0112562084503298,4.56997957865155,-0.0862159644640542));
#4148=CARTESIAN_POINT('Ctrl Pts',(0.0349087589510474,4.56168648316621,-0.087854921372048));
#4149=CARTESIAN_POINT('Ctrl Pts',(0.0497744485672994,4.54538195019612,-0.0894938782800417));
#4150=CARTESIAN_POINT('Ctrl Pts',(0.0608909864645057,4.53318944763909,-0.0907194875218546));
#4151=CARTESIAN_POINT('Ctrl Pts',(0.0670938911485665,4.51651693045253,-0.0919450967636675));
#4152=CARTESIAN_POINT('Ctrl Pts',(0.0672389213438458,4.49994148713135,-0.0931707060054804));
#4153=CARTESIAN_POINT('Origin',(5.80482582794578E-17,4.5,-0.0494999999994828));
#4154=CARTESIAN_POINT('',(0.0673295197945851,4.50003739608012,-0.12442070600548));
#4155=CARTESIAN_POINT('',(0.0671455025795241,4.50000103960001,-0.115204293993485));
#4156=CARTESIAN_POINT('',(0.0672500000000001,4.5,-0.0494999999994828));
#4157=CARTESIAN_POINT('Ctrl Pts',(0.0671455025795241,4.50000103960001,-0.115204293993485));
#4158=CARTESIAN_POINT('Ctrl Pts',(0.0671470540238712,4.51105706709376,-0.114389664969834));
#4159=CARTESIAN_POINT('Ctrl Pts',(0.0645625902484266,4.52211241172849,-0.113575035946184));
#4160=CARTESIAN_POINT('Ctrl Pts',(0.0593880588019027,4.53178167487997,-0.112760406922533));
#4161=CARTESIAN_POINT('Ctrl Pts',(0.0489773886518225,4.55123532209511,-0.111121450014539));
#4162=CARTESIAN_POINT('Ctrl Pts',(0.0280827327240213,4.56507843692166,-0.109482493106545));
#4163=CARTESIAN_POINT('Ctrl Pts',(0.00610953822808932,4.5670797281533,-0.107843536198551));
#4164=CARTESIAN_POINT('Ctrl Pts',(-0.0158636562678433,4.56908101938494,
-0.106204579290558));
#4165=CARTESIAN_POINT('Ctrl Pts',(-0.0389153893319067,4.55924048702165,
-0.104565622382564));
#4166=CARTESIAN_POINT('Ctrl Pts',(-0.0526692346095456,4.5419877138233,-0.10292666547457));
#4167=CARTESIAN_POINT('Ctrl Pts',(-0.0664230798871843,4.52473494062494,
-0.101287708566576));
#4168=CARTESIAN_POINT('Ctrl Pts',(-0.0708790373783988,4.50006992659151,
-0.0996487516585823));
#4169=CARTESIAN_POINT('Ctrl Pts',(-0.0640313179906909,4.47909529472017,
-0.0980097947505885));
#4170=CARTESIAN_POINT('Ctrl Pts',(-0.0571835986029831,4.45812066284883,
-0.0963708378425948));
#4171=CARTESIAN_POINT('Ctrl Pts',(-0.0390322023363532,4.44083641313958,
-0.094731880934601));
#4172=CARTESIAN_POINT('Ctrl Pts',(-0.0177477351085553,4.43502281719724,
-0.0930929240266072));
#4173=CARTESIAN_POINT('Ctrl Pts',(0.00353673211924294,4.4292092212549,-0.0914539671186134));
#4174=CARTESIAN_POINT('Ctrl Pts',(0.0279542703082093,4.43486627907948,-0.0898150102106196));
#4175=CARTESIAN_POINT('Ctrl Pts',(0.0445136543704769,4.44944754248259,-0.0881760533026258));
#4176=CARTESIAN_POINT('Ctrl Pts',(0.0587319931764038,4.46196741293817,-0.086768800199579));
#4177=CARTESIAN_POINT('Ctrl Pts',(0.0671569801738916,4.48106657182379,-0.0853615470965322));
#4178=CARTESIAN_POINT('Ctrl Pts',(0.0673092592408215,4.50004729607565,-0.0839542939934853));
#4179=CARTESIAN_POINT('Ctrl Pts',(0.0672389213438458,4.49994148713135,-0.0931707060054804));
#4180=CARTESIAN_POINT('Ctrl Pts',(0.0672878340728783,4.49435127078915,-0.0935840536716613));
#4181=CARTESIAN_POINT('Ctrl Pts',(0.0666477024192055,4.48877209597676,-0.0939974013378422));
#4182=CARTESIAN_POINT('Ctrl Pts',(0.065274632095917,4.48337954457525,-0.094410749004023));
#4183=CARTESIAN_POINT('Ctrl Pts',(0.0598302972764959,4.46199764237929,-0.0960497059120168));
#4184=CARTESIAN_POINT('Ctrl Pts',(0.0428627989058673,4.44354980844221,-0.0976886628200106));
#4185=CARTESIAN_POINT('Ctrl Pts',(0.0220098272510174,4.43634008609664,-0.0993276197280044));
#4186=CARTESIAN_POINT('Ctrl Pts',(0.00115685559616731,4.42913036375108,
-0.100966576635998));
#4187=CARTESIAN_POINT('Ctrl Pts',(-0.023581589342904,4.43315875299702,-0.102605533543992));
#4188=CARTESIAN_POINT('Ctrl Pts',(-0.0410698306382781,4.44661192881272,
-0.104244490451986));
#4189=CARTESIAN_POINT('Ctrl Pts',(-0.058558071933652,4.46006510462842,-0.10588344735998));
#4190=CARTESIAN_POINT('Ctrl Pts',(-0.0687961095853287,4.48294306701387,
-0.107522404267973));
#4191=CARTESIAN_POINT('Ctrl Pts',(-0.0671754291960527,4.50494761014116,
-0.109161361175967));
#4192=CARTESIAN_POINT('Ctrl Pts',(-0.0655547488067766,4.52695215326846,
-0.110800318083961));
#4193=CARTESIAN_POINT('Ctrl Pts',(-0.0520753503765473,4.54808327713761,
-0.112439274991955));
#4194=CARTESIAN_POINT('Ctrl Pts',(-0.0328048030866991,4.55882909168393,
-0.114078231899949));
#4195=CARTESIAN_POINT('Ctrl Pts',(-0.0135342557968511,4.56957490623025,
-0.115717188807942));
#4196=CARTESIAN_POINT('Ctrl Pts',(0.0115274403526155,4.56993541145375,-0.117356145715936));
#4197=CARTESIAN_POINT('Ctrl Pts',(0.0310991012668181,4.55974833080436,-0.11899510262393));
#4198=CARTESIAN_POINT('Ctrl Pts',(0.0506707621810207,4.54956125015498,-0.120634059531924));
#4199=CARTESIAN_POINT('Ctrl Pts',(0.0647523878599591,4.52882658363272,-0.122273016439918));
#4200=CARTESIAN_POINT('Ctrl Pts',(0.0670053246580952,4.50687776136077,-0.123911973347911));
#4201=CARTESIAN_POINT('Ctrl Pts',(0.0672384287173621,4.50460678794867,-0.124081550900434));
#4202=CARTESIAN_POINT('Ctrl Pts',(0.0673449022932537,4.50232281655082,-0.124251128452957));
#4203=CARTESIAN_POINT('Ctrl Pts',(0.0673295197945851,4.50003739608012,-0.12442070600548));
#4204=CARTESIAN_POINT('Origin',(5.80482582794578E-17,4.5,-0.0494999999994828));
#4205=CARTESIAN_POINT('',(0.0671484145088921,4.50001421971462,-0.15567070600548));
#4206=CARTESIAN_POINT('',(0.0673058001946786,4.49995141504779,-0.146454293993485));
#4207=CARTESIAN_POINT('',(0.0672500000000001,4.5,-0.0494999999994828));
#4208=CARTESIAN_POINT('Ctrl Pts',(0.0673058001946786,4.49995141504779,-0.146454293993485));
#4209=CARTESIAN_POINT('Ctrl Pts',(0.0671517292072407,4.51880385244617,-0.14505673975113));
#4210=CARTESIAN_POINT('Ctrl Pts',(0.0588559986199054,4.53777520279814,-0.143659185508776));
#4211=CARTESIAN_POINT('Ctrl Pts',(0.0448086336796011,4.55029117946357,-0.142261631266421));
#4212=CARTESIAN_POINT('Ctrl Pts',(0.0283348360191761,4.56496906873213,-0.140622674358427));
#4213=CARTESIAN_POINT('Ctrl Pts',(0.00395081050636469,4.57076887681556,
-0.138983717450433));
#4214=CARTESIAN_POINT('Ctrl Pts',(-0.0173673030795565,4.56507989836446,
-0.13734476054244));
#4215=CARTESIAN_POINT('Ctrl Pts',(-0.0386854166654776,4.55939091991336,
-0.135705803634446));
#4216=CARTESIAN_POINT('Ctrl Pts',(-0.0569376183245084,4.54221315492771,
-0.134066846726452));
#4217=CARTESIAN_POINT('Ctrl Pts',(-0.0639079259378376,4.52127894238151,
-0.132427889818458));
#4218=CARTESIAN_POINT('Ctrl Pts',(-0.0708782335511666,4.5003447298353,-0.130788932910464));
#4219=CARTESIAN_POINT('Ctrl Pts',(-0.0665666471187942,4.47565406972853,
-0.129149976002471));
#4220=CARTESIAN_POINT('Ctrl Pts',(-0.0529139690581174,4.45832112927746,
-0.127511019094477));
#4221=CARTESIAN_POINT('Ctrl Pts',(-0.0392612909974405,4.44098818882638,
-0.125872062186483));
#4222=CARTESIAN_POINT('Ctrl Pts',(-0.0162675213084591,4.43101296803099,
-0.124233105278489));
#4223=CARTESIAN_POINT('Ctrl Pts',(0.00571700508872811,4.43288567783693,
-0.122594148370495));
#4224=CARTESIAN_POINT('Ctrl Pts',(0.0277015314859153,4.43475838764286,-0.120955191462502));
#4225=CARTESIAN_POINT('Ctrl Pts',(0.0486768145913084,4.44847902805012,-0.119316234554508));
#4226=CARTESIAN_POINT('Ctrl Pts',(0.0592011139578253,4.46787143805561,-0.117677277646514));
#4227=CARTESIAN_POINT('Ctrl Pts',(0.0644944034815943,4.47762502232263,-0.116852949762171));
#4228=CARTESIAN_POINT('Ctrl Pts',(0.0671439326638948,4.48881338056925,-0.116028621877828));
#4229=CARTESIAN_POINT('Ctrl Pts',(0.0671455025795241,4.50000103960001,-0.115204293993485));
#4230=CARTESIAN_POINT('Ctrl Pts',(0.0673295197945851,4.50003739608012,-0.12442070600548));
#4231=CARTESIAN_POINT('Ctrl Pts',(0.0671962313631684,4.48023436432121,-0.125890085360951));
#4232=CARTESIAN_POINT('Ctrl Pts',(0.0579138439623736,4.46032253445005,-0.127359464716422));
#4233=CARTESIAN_POINT('Ctrl Pts',(0.0425884639030799,4.44781532909868,-0.128828844071893));
#4234=CARTESIAN_POINT('Ctrl Pts',(0.0254944184325946,4.43386469713016,-0.130467800979887));
#4235=CARTESIAN_POINT('Ctrl Pts',(0.00088207957428996,4.42912641121472,
-0.13210675788788));
#4236=CARTESIAN_POINT('Ctrl Pts',(-0.0201696406959947,4.43573334670614,
-0.133745714795874));
#4237=CARTESIAN_POINT('Ctrl Pts',(-0.0412213609662793,4.44234028219757,
-0.135384671703868));
#4238=CARTESIAN_POINT('Ctrl Pts',(-0.0587124626485441,4.46029243909585,
-0.137023628611862));
#4239=CARTESIAN_POINT('Ctrl Pts',(-0.0647695625101158,4.48150889652838,
-0.138662585519855));
#4240=CARTESIAN_POINT('Ctrl Pts',(-0.0708266623716877,4.50272535396091,
-0.140301542427849));
#4241=CARTESIAN_POINT('Ctrl Pts',(-0.0654497604125664,4.52720611192769,
-0.141940499335843));
#4242=CARTESIAN_POINT('Ctrl Pts',(-0.0510591964526302,4.54393148754161,
-0.143579456243837));
#4243=CARTESIAN_POINT('Ctrl Pts',(-0.0366686324926942,4.56065686315552,
-0.145218413151831));
#4244=CARTESIAN_POINT('Ctrl Pts',(-0.0132644065319436,4.56962685641658,
-0.146857370059824));
#4245=CARTESIAN_POINT('Ctrl Pts',(0.00861838518044024,4.56680374653065,
-0.148496326967818));
#4246=CARTESIAN_POINT('Ctrl Pts',(0.0305011768928242,4.56398063664472,-0.150135283875812));
#4247=CARTESIAN_POINT('Ctrl Pts',(0.0508625343568414,4.54936442361181,-0.151774240783806));
#4248=CARTESIAN_POINT('Ctrl Pts',(0.0605370674188236,4.52953439725936,-0.1534131976918));
#4249=CARTESIAN_POINT('Ctrl Pts',(0.0649789858755936,4.52042973458584,-0.154165700463026));
#4250=CARTESIAN_POINT('Ctrl Pts',(0.0671680671235682,4.51022597341457,-0.154918203234253));
#4251=CARTESIAN_POINT('Ctrl Pts',(0.0671484145088921,4.50001421971462,-0.15567070600548));
#4252=CARTESIAN_POINT('Origin',(5.80482582794578E-17,4.5,-0.0494999999994828));
#4253=CARTESIAN_POINT('',(0.0672823733729806,4.49994489762817,-0.18692070600548));
#4254=CARTESIAN_POINT('',(0.0672673741047165,4.5000574145814,-0.177704293993485));
#4255=CARTESIAN_POINT('',(0.0672500000000001,4.5,-0.0494999999994828));
#4256=CARTESIAN_POINT('Ctrl Pts',(0.0672673741047165,4.5000574145814,-0.177704293993485));
#4257=CARTESIAN_POINT('Ctrl Pts',(0.0673087053110693,4.50467123923885,-0.17736277144042));
#4258=CARTESIAN_POINT('Ctrl Pts',(0.0668736607139624,4.50927732281554,-0.177021248887356));
#4259=CARTESIAN_POINT('Ctrl Pts',(0.0659332159541197,4.51377779473965,-0.176679726334291));
#4260=CARTESIAN_POINT('Ctrl Pts',(0.061420048604268,4.53537543004381,-0.175040769426297));
#4261=CARTESIAN_POINT('Ctrl Pts',(0.0452674523786903,4.55454081579734,-0.173401812518303));
#4262=CARTESIAN_POINT('Ctrl Pts',(0.0247463043770366,4.56264692044375,-0.171762855610309));
#4263=CARTESIAN_POINT('Ctrl Pts',(0.0042251563753829,4.57075302509016,-0.170123898702315));
#4264=CARTESIAN_POINT('Ctrl Pts',(-0.0206645434023467,4.56779984862946,
-0.168484941794322));
#4265=CARTESIAN_POINT('Ctrl Pts',(-0.0387190347052272,4.5551167195771,-0.166845984886328));
#4266=CARTESIAN_POINT('Ctrl Pts',(-0.0567735260081076,4.54243359052473,
-0.165207027978334));
#4267=CARTESIAN_POINT('Ctrl Pts',(-0.067992808836139,4.52002050888069,-0.16356807107034));
#4268=CARTESIAN_POINT('Ctrl Pts',(-0.0673266735335474,4.49796642266724,
-0.161929114162346));
#4269=CARTESIAN_POINT('Ctrl Pts',(-0.0666605382309559,4.4759123364538,-0.160290157254353));
#4270=CARTESIAN_POINT('Ctrl Pts',(-0.0541089847977411,4.45421724567096,
-0.158651200346359));
#4271=CARTESIAN_POINT('Ctrl Pts',(-0.035321926011961,4.44264690148672,-0.157012243438365));
#4272=CARTESIAN_POINT('Ctrl Pts',(-0.0165348672261809,4.43107655730248,
-0.155373286530371));
#4273=CARTESIAN_POINT('Ctrl Pts',(0.00848769691216449,4.42963095971684,
-0.153734329622378));
#4274=CARTESIAN_POINT('Ctrl Pts',(0.0284821972989361,4.43896082545009,-0.152095372714384));
#4275=CARTESIAN_POINT('Ctrl Pts',(0.0484766976857076,4.44829069118334,-0.15045641580639));
#4276=CARTESIAN_POINT('Ctrl Pts',(0.0634431343209053,4.46839602023548,-0.148817458898396));
#4277=CARTESIAN_POINT('Ctrl Pts',(0.0666445677344849,4.4902266699884,-0.147178501990402));
#4278=CARTESIAN_POINT('Ctrl Pts',(0.0671161082345032,4.49344211574984,-0.146937099324763));
#4279=CARTESIAN_POINT('Ctrl Pts',(0.0673324132204474,4.49669499143013,-0.146695696659124));
#4280=CARTESIAN_POINT('Ctrl Pts',(0.0673058001946786,4.49995141504779,-0.146454293993485));
#4281=CARTESIAN_POINT('Ctrl Pts',(0.0671484145088921,4.50001421971462,-0.15567070600548));
#4282=CARTESIAN_POINT('Ctrl Pts',(0.0671252635754417,4.48798469416723,-0.156557160142247));
#4283=CARTESIAN_POINT('Ctrl Pts',(0.0640370473919907,4.47594407736872,-0.157443614279014));
#4284=CARTESIAN_POINT('Ctrl Pts',(0.0579558627675108,4.46567602669426,-0.158330068415781));
#4285=CARTESIAN_POINT('Ctrl Pts',(0.0467124163942685,4.44669152215359,-0.159969025323775));
#4286=CARTESIAN_POINT('Ctrl Pts',(0.0252378149878364,4.43376635274425,-0.161607982231769));
#4287=CARTESIAN_POINT('Ctrl Pts',(0.00319856019901585,4.43271860448969,
-0.163246939139762));
#4288=CARTESIAN_POINT('Ctrl Pts',(-0.0188406945898047,4.43167085623512,
-0.164885896047756));
#4289=CARTESIAN_POINT('Ctrl Pts',(-0.0414446027610137,4.44250052913533,
-0.16652485295575));
#4290=CARTESIAN_POINT('Ctrl Pts',(-0.0544383199157447,4.46033280113687,
-0.168163809863744));
#4291=CARTESIAN_POINT('Ctrl Pts',(-0.0674320370704758,4.4781650731384,-0.169802766771737));
#4292=CARTESIAN_POINT('Ctrl Pts',(-0.0708155632087289,4.50299994424126,
-0.171441723679731));
#4293=CARTESIAN_POINT('Ctrl Pts',(-0.0630658504805659,4.52365831452725,
-0.173080680587725));
#4294=CARTESIAN_POINT('Ctrl Pts',(-0.0553161377524028,4.54431668481324,
-0.174719637495719));
#4295=CARTESIAN_POINT('Ctrl Pts',(-0.0364331861578235,4.56079855428237,
-0.176358594403713));
#4296=CARTESIAN_POINT('Ctrl Pts',(-0.0149168998538352,4.56568486833441,
-0.177997551311706));
#4297=CARTESIAN_POINT('Ctrl Pts',(0.00659938645015311,4.57057118238644,
-0.1796365082197));
#4298=CARTESIAN_POINT('Ctrl Pts',(0.0307490074635504,4.5638619410214,-0.181275465127694));
#4299=CARTESIAN_POINT('Ctrl Pts',(0.0466613343491017,4.54857714535675,-0.182914422035688));
#4300=CARTESIAN_POINT('Ctrl Pts',(0.0596267555900457,4.53612303881412,-0.184249850025619));
#4301=CARTESIAN_POINT('Ctrl Pts',(0.0671233968340067,4.51797557968642,-0.18558527801555));
#4302=CARTESIAN_POINT('Ctrl Pts',(0.0672823733729806,4.49994489762817,-0.18692070600548));
#4303=CARTESIAN_POINT('Origin',(5.80482582794578E-17,4.5,-0.0494999999994828));
#4304=CARTESIAN_POINT('',(0.0672916626230187,4.50005221269793,-0.21817070600548));
#4305=CARTESIAN_POINT('',(0.0671524787759298,4.49997773505232,-0.208954293993485));
#4306=CARTESIAN_POINT('',(0.0672500000000001,4.5,-0.0494999999994828));
#4307=CARTESIAN_POINT('',(-0.0537693012839274,4.54039089921552,-0.236999999999483));
#4308=CARTESIAN_POINT('Ctrl Pts',(0.0672916626230187,4.50005221269793,-0.21817070600548));
#4309=CARTESIAN_POINT('Ctrl Pts',(0.0671334756543813,4.48170631852148,-0.219530266612833));
#4310=CARTESIAN_POINT('Ctrl Pts',(0.0593326033221946,4.46324461549536,-0.220889827220186));
#4311=CARTESIAN_POINT('Ctrl Pts',(0.0459495518034249,4.45075426463954,-0.222249387827539));
#4312=CARTESIAN_POINT('Ctrl Pts',(0.0298162182704444,4.43569708608662,-0.223888344735532));
#4313=CARTESIAN_POINT('Ctrl Pts',(0.00557062778868191,4.429317726987,-0.225527301643526));
#4314=CARTESIAN_POINT('Ctrl Pts',(-0.0158720049774607,4.43452857665834,
-0.22716625855152));
#4315=CARTESIAN_POINT('Ctrl Pts',(-0.0373146377436033,4.43973942632968,
-0.228805215459514));
#4316=CARTESIAN_POINT('Ctrl Pts',(-0.055954312794126,4.45654048477199,-0.230444172367508));
#4317=CARTESIAN_POINT('Ctrl Pts',(-0.0633955005018189,4.47727367881229,
-0.232083129275501));
#4318=CARTESIAN_POINT('Ctrl Pts',(-0.0708366882095118,4.49800687285259,
-0.233722086183495));
#4319=CARTESIAN_POINT('Ctrl Pts',(-0.0670793885743751,4.52267220249088,
-0.235361043091489));
#4320=CARTESIAN_POINT('Ctrl Pts',(-0.0537693012839269,4.54039089921552,
-0.236999999999483));
#4321=CARTESIAN_POINT('',(0.053716085564064,4.54042075942047,-0.236999999999483));
#4322=CARTESIAN_POINT('Origin',(5.80482582794578E-17,4.5,-0.236999999999483));
#4323=CARTESIAN_POINT('Ctrl Pts',(0.053716085564064,4.54042075942047,-0.236999999999483));
#4324=CARTESIAN_POINT('Ctrl Pts',(0.0501898489330499,4.54520822656537,-0.236560725007011));
#4325=CARTESIAN_POINT('Ctrl Pts',(0.0460510287077063,4.54952037708475,-0.236121450014539));
#4326=CARTESIAN_POINT('Ctrl Pts',(0.0413863541233765,4.55315634673348,-0.235682175022067));
#4327=CARTESIAN_POINT('Ctrl Pts',(0.0239822205748039,4.56672233085545,-0.234043218114073));
#4328=CARTESIAN_POINT('Ctrl Pts',(-0.000742191211373692,4.57087538147704,
-0.232404261206079));
#4329=CARTESIAN_POINT('Ctrl Pts',(-0.0216394892292645,4.5637827159597,-0.230765304298086));
#4330=CARTESIAN_POINT('Ctrl Pts',(-0.0425367872471552,4.55669005044236,
-0.229126347390092));
#4331=CARTESIAN_POINT('Ctrl Pts',(-0.0596069714967591,4.53835166878609,
-0.227487390482098));
#4332=CARTESIAN_POINT('Ctrl Pts',(-0.0651750554748146,4.51700447194926,
-0.225848433574104));
#4333=CARTESIAN_POINT('Ctrl Pts',(-0.0707431394528702,4.49565727511242,
-0.224209476666111));
#4334=CARTESIAN_POINT('Ctrl Pts',(-0.0648091231593773,4.47130126309502,
-0.222570519758117));
#4335=CARTESIAN_POINT('Ctrl Pts',(-0.0500396917767058,4.45490881028346,
-0.220931562850123));
#4336=CARTESIAN_POINT('Ctrl Pts',(-0.0352702603940344,4.43851635747189,
-0.219292605942129));
#4337=CARTESIAN_POINT('Ctrl Pts',(-0.0116654139221845,4.43008746386617,
-0.217653649034135));
#4338=CARTESIAN_POINT('Ctrl Pts',(0.0101472445260376,4.43341189328002,-0.216014692126141));
#4339=CARTESIAN_POINT('Ctrl Pts',(0.0319599029742597,4.43673632269388,-0.214375735218148));
#4340=CARTESIAN_POINT('Ctrl Pts',(0.051980373398854,4.4518140751273,-0.212736778310154));
#4341=CARTESIAN_POINT('Ctrl Pts',(0.0611978036525275,4.47186028254295,-0.21109782140216));
#4342=CARTESIAN_POINT('Ctrl Pts',(0.065216175396558,4.48059949848894,-0.210383312265935));
#4343=CARTESIAN_POINT('Ctrl Pts',(0.067181369653909,4.4902829967621,-0.20966880312971));
#4344=CARTESIAN_POINT('Ctrl Pts',(0.0671524787759298,4.49997773505232,-0.208954293993485));
#4345=CARTESIAN_POINT('Origin',(5.80482582794578E-17,4.5,-0.304811622476027));
#4346=CARTESIAN_POINT('',(0.0821307068293929,4.50000397514654,0.112061622477062));
#4347=CARTESIAN_POINT('',(0.0819800128855682,4.50007486349653,0.117063377523973));
#4348=CARTESIAN_POINT('',(0.082,4.5,-0.304811622476027));
#4349=CARTESIAN_POINT('',(-0.0395164788893217,4.4281498232696,0.138000000000517));
#4350=CARTESIAN_POINT('Ctrl Pts',(0.0819800128855682,4.50007486349653,0.117063377523973));
#4351=CARTESIAN_POINT('Ctrl Pts',(0.0820404656566315,4.50705231074369,0.117486424050846));
#4352=CARTESIAN_POINT('Ctrl Pts',(0.0780531747537511,4.54099168018548,0.119548427485713));
#4353=CARTESIAN_POINT('Ctrl Pts',(0.0310522230413569,4.5914845109656,0.123249387828573));
#4354=CARTESIAN_POINT('Ctrl Pts',(-0.0593895195209758,4.57629262400849,
0.128166258552555));
#4355=CARTESIAN_POINT('Ctrl Pts',(-0.0962761322139208,4.49223602870433,
0.133083129276536));
#4356=CARTESIAN_POINT('Ctrl Pts',(-0.0631933997474812,4.44117176122205,
0.136361043092523));
#4357=CARTESIAN_POINT('Ctrl Pts',(-0.0395164788893217,4.4281498232696,0.138000000000517));
#4358=CARTESIAN_POINT('',(0.0395164788893221,4.4281498232696,0.138000000000517));
#4359=CARTESIAN_POINT('Origin',(5.80482582794578E-17,4.5,0.138000000000517));
#4360=CARTESIAN_POINT('Ctrl Pts',(0.0821307068293929,4.50000397514654,0.112061622477062));
#4361=CARTESIAN_POINT('Ctrl Pts',(0.0821308344929394,4.50020204213083,0.112073688785773));
#4362=CARTESIAN_POINT('Ctrl Pts',(0.0820411281003845,4.5273032588207,0.113724712002478));
#4363=CARTESIAN_POINT('Ctrl Pts',(0.0525445019859128,4.58109175115976,0.117014692127176));
#4364=CARTESIAN_POINT('Ctrl Pts',(-0.0388430494893008,4.58848576954414,
0.121931562851157));
#4365=CARTESIAN_POINT('Ctrl Pts',(-0.0952602689198574,4.51619445689661,
0.126848433575139));
#4366=CARTESIAN_POINT('Ctrl Pts',(-0.0659192121824819,4.42937204516378,
0.13176530429912));
#4367=CARTESIAN_POINT('Ctrl Pts',(0.00113115671468988,4.41173009952344,
0.13548249310758));
#4368=CARTESIAN_POINT('Ctrl Pts',(0.0331228894634854,4.42458975549731,0.137560725008045));
#4369=CARTESIAN_POINT('Ctrl Pts',(0.0394423598000361,4.42814331122763,0.138000000000517));
#4370=CARTESIAN_POINT('Origin',(5.80482582794578E-17,4.5,-0.304811622476027));
#4371=CARTESIAN_POINT('',(0.0819110782511255,4.50005246701755,0.080811622477062));
#4372=CARTESIAN_POINT('',(0.0818994938464292,4.49995486597521,0.0858133775239729));
#4373=CARTESIAN_POINT('',(0.082,4.5,-0.304811622476027));
#4374=CARTESIAN_POINT('Ctrl Pts',(0.0818994938464293,4.49995486597521,0.0858133775239729));
#4375=CARTESIAN_POINT('Ctrl Pts',(0.0818145909845929,4.5165885838336,0.0868193492695498));
#4376=CARTESIAN_POINT('Ctrl Pts',(0.0688547923417308,4.56044398703554,0.0894642779231204));
#4377=CARTESIAN_POINT('Ctrl Pts',(-0.00237542169097266,4.59660023696502,
0.0937481634846851));
#4378=CARTESIAN_POINT('Ctrl Pts',(-0.0819927078182505,4.55113363588468,
0.0986650342086661));
#4379=CARTESIAN_POINT('Ctrl Pts',(-0.0877928577961226,4.45963018263427,
0.103581904932648));
#4380=CARTESIAN_POINT('Ctrl Pts',(-0.0145581197138121,4.40447586570864,
0.108498775656629));
#4381=CARTESIAN_POINT('Ctrl Pts',(0.0643590180267946,4.43265585788845,0.112992599853737));
#4382=CARTESIAN_POINT('Ctrl Pts',(0.0818062609523075,4.48002044866831,0.115847467142852));
#4383=CARTESIAN_POINT('Ctrl Pts',(0.0819800128855682,4.50007486349653,0.117063377523973));
#4384=CARTESIAN_POINT('Ctrl Pts',(0.0819110782511255,4.50005246701755,0.080811622477062));
#4385=CARTESIAN_POINT('Ctrl Pts',(0.0819699406364498,4.50988712244377,0.0814066140044768));
#4386=CARTESIAN_POINT('Ctrl Pts',(0.0758072893845589,4.54674092490174,0.0836405624398854));
#4387=CARTESIAN_POINT('Ctrl Pts',(0.0213995407309165,4.59423039730996,0.0875134677832877));
#4388=CARTESIAN_POINT('Ctrl Pts',(-0.0669395860412963,4.56968804458247,
0.0924303385072691));
#4389=CARTESIAN_POINT('Ctrl Pts',(-0.0950147966327231,4.48240706848009,
0.0973472092312505));
#4390=CARTESIAN_POINT('Ctrl Pts',(-0.0375507816093881,4.41096525651417,
0.102264079955232));
#4391=CARTESIAN_POINT('Ctrl Pts',(0.0534952653731144,4.41965618250647,0.107168884370502));
#4392=CARTESIAN_POINT('Ctrl Pts',(0.0821134940571507,4.47329876458984,0.110434731877779));
#4393=CARTESIAN_POINT('Ctrl Pts',(0.0821307068293929,4.50000397514654,0.112061622477062));
#4394=CARTESIAN_POINT('Origin',(5.80482582794578E-17,4.5,-0.304811622476027));
#4395=CARTESIAN_POINT('',(0.0819642867000497,4.49993068031096,0.049561622477062));
#4396=CARTESIAN_POINT('',(0.0821275387569616,4.49998535044797,0.0545633775239728));
#4397=CARTESIAN_POINT('',(0.082,4.5,-0.304811622476027));
#4398=CARTESIAN_POINT('Ctrl Pts',(0.0821275387569616,4.49998535044797,0.0545633775239728));
#4399=CARTESIAN_POINT('Ctrl Pts',(0.0820622821808763,4.52607001789036,0.0561522744882536));
#4400=CARTESIAN_POINT('Ctrl Pts',(0.0546187322773726,4.57917953981649,0.0593801283605283));
#4401=CARTESIAN_POINT('Ctrl Pts',(-0.0355006453743753,4.58987225317348,
0.0642469391407967));
#4402=CARTESIAN_POINT('Ctrl Pts',(-0.0945867271298141,4.5197654087645,0.0691638098647781));
#4403=CARTESIAN_POINT('Ctrl Pts',(-0.0685189133228557,4.43186426146726,
0.0740806805887595));
#4404=CARTESIAN_POINT('Ctrl Pts',(0.019234587986906,4.40530395835522,0.0789975513127408));
#4405=CARTESIAN_POINT('Ctrl Pts',(0.0752606243063615,4.45198767602805,0.0829084502911453));
#4406=CARTESIAN_POINT('Ctrl Pts',(0.0819529170683293,4.48948847201686,0.085180392361556));
#4407=CARTESIAN_POINT('Ctrl Pts',(0.0818994938464293,4.49995486597521,0.0858133775239729));
#4408=CARTESIAN_POINT('Ctrl Pts',(0.0819642867000497,4.49993068031096,0.049561622477062));
#4409=CARTESIAN_POINT('Ctrl Pts',(0.0818028930132224,4.51936856970293,0.0507395392231807));
#4410=CARTESIAN_POINT('Ctrl Pts',(0.0652210596136654,4.56610008806806,0.0535564128772932));
#4411=CARTESIAN_POINT('Ctrl Pts',(-0.0123637936759069,4.5958355560242,0.0580122434393994));
#4412=CARTESIAN_POINT('Ctrl Pts',(-0.0868454817586134,4.54236956183017,
0.0629291141633808));
#4413=CARTESIAN_POINT('Ctrl Pts',(-0.0831425278699175,4.4507593900425,0.0678459848873622));
#4414=CARTESIAN_POINT('Ctrl Pts',(-0.00458860205329454,4.40347922035759,
0.0727628556113437));
#4415=CARTESIAN_POINT('Ctrl Pts',(0.0680906000091687,4.4383002777716,0.0770847348079101));
#4416=CARTESIAN_POINT('Ctrl Pts',(0.0818077989779503,4.48279669223448,0.079767657096483));
#4417=CARTESIAN_POINT('Ctrl Pts',(0.0819110782511255,4.50005246701755,0.080811622477062));
#4418=CARTESIAN_POINT('Origin',(5.80482582794578E-17,4.5,-0.304811622476027));
#4419=CARTESIAN_POINT('',(0.0821123517566876,4.50003424928138,0.0183116224770619));
#4420=CARTESIAN_POINT('',(0.0819336632545849,4.50006217072267,0.0233133775239729));
#4421=CARTESIAN_POINT('',(0.082,4.5,-0.304811622476027));
#4422=CARTESIAN_POINT('Ctrl Pts',(0.0819336632545849,4.50006217072267,0.0233133775239728));
#4423=CARTESIAN_POINT('Ctrl Pts',(0.0819973232476451,4.50886381246272,0.0238462427989638));
#4424=CARTESIAN_POINT('Ctrl Pts',(0.0766616036871195,4.54466194720158,0.0260180649819486));
#4425=CARTESIAN_POINT('Ctrl Pts',(0.024914851576581,4.59336256771456,0.0298288440729271));
#4426=CARTESIAN_POINT('Ctrl Pts',(-0.0642817398016218,4.57214691111977,
0.0347457147969085));
#4427=CARTESIAN_POINT('Ctrl Pts',(-0.0956072170694064,4.48597933924005,
0.0396625855208898));
#4428=CARTESIAN_POINT('Ctrl Pts',(-0.0408600986241025,4.41243418899391,
0.0445794562448712));
#4429=CARTESIAN_POINT('Ctrl Pts',(0.0506722624919599,4.41772217464658,0.0494963269688525));
#4430=CARTESIAN_POINT('Ctrl Pts',(0.0817487150215799,4.47143715602343,0.0528243007285531));
#4431=CARTESIAN_POINT('Ctrl Pts',(0.0821295947370529,4.49916352435522,0.0545133175802599));
#4432=CARTESIAN_POINT('Ctrl Pts',(0.0821275387569616,4.49998535044797,0.0545633775239728));
#4433=CARTESIAN_POINT('Ctrl Pts',(0.0821123517566876,4.50003424928138,0.0183116224770619));
#4434=CARTESIAN_POINT('Ctrl Pts',(0.082123018955185,4.50203620415822,0.0184335075338908));
#4435=CARTESIAN_POINT('Ctrl Pts',(0.0811552133251562,4.53094745019545,0.0201943494987134));
#4436=CARTESIAN_POINT('Ctrl Pts',(0.0470612312110885,4.58439524780854,0.0235941483715299));
#4437=CARTESIAN_POINT('Ctrl Pts',(-0.0446142594211288,4.58571397312709,
0.0285110190955112));
#4438=CARTESIAN_POINT('Ctrl Pts',(-0.0961247372162646,4.50986672339651,
0.0334278898194926));
#4439=CARTESIAN_POINT('Ctrl Pts',(-0.0610967101779268,4.42513672898684,
0.038344760543474));
#4440=CARTESIAN_POINT('Ctrl Pts',(0.028935034959588,4.40780411576501,0.0432616312674554));
#4441=CARTESIAN_POINT('Ctrl Pts',(0.0775893403625645,4.4577409202172,0.047000585245318));
#4442=CARTESIAN_POINT('Ctrl Pts',(0.0820274566751312,4.49232263186329,0.0491005823151869));
#4443=CARTESIAN_POINT('Ctrl Pts',(0.0819642867000497,4.49993068031096,0.049561622477062));
#4444=CARTESIAN_POINT('Origin',(5.80482582794578E-17,4.5,-0.304811622476027));
#4445=CARTESIAN_POINT('',(0.0818829326586184,4.50002913093938,-0.0129383775229381));
#4446=CARTESIAN_POINT('',(0.0819375475629666,4.49993659388399,-0.00793662247602723));
#4447=CARTESIAN_POINT('',(0.082,4.5,-0.304811622476027));
#4448=CARTESIAN_POINT('Ctrl Pts',(0.0819375475629666,4.49993659388399,-0.00793662247602723));
#4449=CARTESIAN_POINT('Ctrl Pts',(0.0818011362855555,4.51836453591074,-0.00682083198233234));
#4450=CARTESIAN_POINT('Ctrl Pts',(0.0665862603858091,4.5640650150877,-0.00406608458064366));
#4451=CARTESIAN_POINT('Ctrl Pts',(-0.00876464454771026,4.596231491098,0.000327619729038807));
#4452=CARTESIAN_POINT('Ctrl Pts',(-0.0851971468758508,4.5455934758148,0.00524449045302016));
#4453=CARTESIAN_POINT('Ctrl Pts',(-0.0849289588329468,4.45390888562415,
0.0101613611770015));
#4454=CARTESIAN_POINT('Ctrl Pts',(-0.00820152286436096,4.40371888089309,
0.0150782319009829));
#4455=CARTESIAN_POINT('Ctrl Pts',(0.0667939981607038,4.43625364535353,0.0194622373499733));
#4456=CARTESIAN_POINT('Ctrl Pts',(0.0818015214375334,4.48179222005731,0.02220728589097));
#4457=CARTESIAN_POINT('Ctrl Pts',(0.0819336632545849,4.50006217072267,0.0233133775239728));
#4458=CARTESIAN_POINT('Ctrl Pts',(0.0818829326586184,4.50002913093938,-0.0129383775229381));
#4459=CARTESIAN_POINT('Ctrl Pts',(0.0819208270622187,4.51168905023533,-0.0122335672474053));
#4460=CARTESIAN_POINT('Ctrl Pts',(0.074175645895426,4.55041477071854,-0.00988980006387873));
#4461=CARTESIAN_POINT('Ctrl Pts',(0.0151152411065416,4.59544027881964,-0.0059070759723584));
#4462=CARTESIAN_POINT('Ctrl Pts',(-0.0714056056439921,4.56510419969139,
-0.000990205248376998));
#4463=CARTESIAN_POINT('Ctrl Pts',(-0.0936419141177751,4.47615656788107,
0.00392666547560435));
#4464=CARTESIAN_POINT('Ctrl Pts',(-0.0315749363421442,4.40867453405553,
0.00884353619958577));
#4465=CARTESIAN_POINT('Ctrl Pts',(0.0566748581145693,4.42304506234953,0.0136385218667383));
#4466=CARTESIAN_POINT('Ctrl Pts',(0.0819795798895507,4.47511643351328,0.016794550625897));
#4467=CARTESIAN_POINT('Ctrl Pts',(0.0821123517566876,4.50003424928138,0.0183116224770619));
#4468=CARTESIAN_POINT('Origin',(5.80482582794578E-17,4.5,-0.304811622476027));
#4469=CARTESIAN_POINT('',(0.0820164776314789,4.49992949786861,-0.0441883775229381));
#4470=CARTESIAN_POINT('',(0.0821261455618607,4.50001742452525,-0.0391866224760273));
#4471=CARTESIAN_POINT('',(0.082,4.5,-0.304811622476027));
#4472=CARTESIAN_POINT('Ctrl Pts',(0.0821261455618607,4.50001742452525,-0.0391866224760273));
#4473=CARTESIAN_POINT('Ctrl Pts',(0.0821290252436987,4.50099851992843,-0.0391268636716222));
#4474=CARTESIAN_POINT('Ctrl Pts',(0.0816716996712221,4.52888458790689,-0.0374281479592234));
#4475=CARTESIAN_POINT('Ctrl Pts',(0.0501900554740895,4.58257285997457,-0.0340904753388308));
#4476=CARTESIAN_POINT('Ctrl Pts',(-0.0413716754635989,4.58732527321577,
-0.0291736046148494));
#4477=CARTESIAN_POINT('Ctrl Pts',(-0.0956876043255369,4.51346110141519,
-0.0242567338908681));
#4478=CARTESIAN_POINT('Ctrl Pts',(-0.0638585672930059,4.42747826356081,
-0.0193398631668867));
#4479=CARTESIAN_POINT('Ctrl Pts',(0.0254606132153597,4.40678478639414,-0.0144229924429053));
#4480=CARTESIAN_POINT('Ctrl Pts',(0.0767905983965504,4.45566258446608,-0.0106219122126188));
#4481=CARTESIAN_POINT('Ctrl Pts',(0.0820015074185814,4.49129619014555,-0.00845978889032614));
#4482=CARTESIAN_POINT('Ctrl Pts',(0.0819375475629666,4.49993659388399,-0.00793662247602723));
#4483=CARTESIAN_POINT('Ctrl Pts',(0.0820164776314789,4.49992949786861,-0.0441883775229381));
#4484=CARTESIAN_POINT('Ctrl Pts',(0.0818262784375484,4.52114503397324,-0.0429006420287014));
#4485=CARTESIAN_POINT('Ctrl Pts',(0.0626591578756724,4.56966759323329,-0.0399739496264709));
#4486=CARTESIAN_POINT('Ctrl Pts',(-0.0186802901188186,4.59480698337117,
-0.0354083003162466));
#4487=CARTESIAN_POINT('Ctrl Pts',(-0.0894595719630032,4.53652810314073,
-0.0304914295922652));
#4488=CARTESIAN_POINT('Ctrl Pts',(-0.0797008172452996,4.44536395818423,
-0.0255745588682839));
#4489=CARTESIAN_POINT('Ctrl Pts',(0.00181043072118733,4.40338716609337,
-0.0206576881443025));
#4490=CARTESIAN_POINT('Ctrl Pts',(0.0702411789624718,4.44193759849573,-0.0164456276958539));
#4491=CARTESIAN_POINT('Ctrl Pts',(0.0818327078949604,4.48457522125164,-0.0138725241553991));
#4492=CARTESIAN_POINT('Ctrl Pts',(0.0818829326586184,4.50002913093938,-0.0129383775229381));
#4493=CARTESIAN_POINT('Origin',(5.80482582794578E-17,4.5,-0.304811622476027));
#4494=CARTESIAN_POINT('',(0.0820722566207785,4.50005766956437,-0.0754383775229381));
#4495=CARTESIAN_POINT('',(0.0818968481773508,4.50004314792038,-0.0704366224760273));
#4496=CARTESIAN_POINT('',(0.082,4.5,-0.304811622476027));
#4497=CARTESIAN_POINT('Ctrl Pts',(0.0818968481773508,4.50004314792038,-0.0704366224760273));
#4498=CARTESIAN_POINT('Ctrl Pts',(0.0819485637177347,4.51067076141305,-0.0697939384529183));
#4499=CARTESIAN_POINT('Ctrl Pts',(0.0751180419832921,4.54833676986559,-0.0675122975218156));
#4500=CARTESIAN_POINT('Ctrl Pts',(0.0186802916572959,4.5948069911793,-0.063591699682719));
#4501=CARTESIAN_POINT('Ctrl Pts',(-0.0689163580878494,4.5677337025474,-0.0586748289587377));
#4502=CARTESIAN_POINT('Ctrl Pts',(-0.0944694719027438,4.47968159082779,
-0.0537579582347563));
#4503=CARTESIAN_POINT('Ctrl Pts',(-0.034974271544707,4.40992159413717,-0.0488410875107749));
#4504=CARTESIAN_POINT('Ctrl Pts',(0.0549015462310226,4.42111898787093,-0.0439839755911985));
#4505=CARTESIAN_POINT('Ctrl Pts',(0.0820500465143182,4.47409080140141,-0.040765820579616));
#4506=CARTESIAN_POINT('Ctrl Pts',(0.0821261455618607,4.50001742452525,-0.0391866224760273));
#4507=CARTESIAN_POINT('Ctrl Pts',(0.0820722566207785,4.50005766956437,-0.0754383775229381));
#4508=CARTESIAN_POINT('Ctrl Pts',(0.0821028285412713,4.50386828650882,-0.0752066737179913));
#4509=CARTESIAN_POINT('Ctrl Pts',(0.0801418850703939,4.5346016960726,-0.0733360130050506));
#4510=CARTESIAN_POINT('Ctrl Pts',(0.0413716720563062,4.58732526602382,-0.0698263953841163));
#4511=CARTESIAN_POINT('Ctrl Pts',(-0.0501900513405266,4.58257285317402,
-0.0649095246601348));
#4512=CARTESIAN_POINT('Ctrl Pts',(-0.0965670270216114,4.50348233069524,
-0.0599926539361535));
#4513=CARTESIAN_POINT('Ctrl Pts',(-0.0560073163059014,4.42125675994046,
-0.0550757832121721));
#4514=CARTESIAN_POINT('Ctrl Pts',(0.0349742686642879,4.40992160155585,-0.0501589124881907));
#4515=CARTESIAN_POINT('Ctrl Pts',(0.0788875871057347,4.46141135082495,-0.0465297772584461));
#4516=CARTESIAN_POINT('Ctrl Pts',(0.0820683532146919,4.49414309948351,-0.0445395989366952));
#4517=CARTESIAN_POINT('Ctrl Pts',(0.0820164776314789,4.49992949786861,-0.0441883775229381));
#4518=CARTESIAN_POINT('Origin',(5.80482582794578E-17,4.5,-0.304811622476027));
#4519=CARTESIAN_POINT('',(0.0818725830709437,4.50000126761637,-0.106688377522938));
#4520=CARTESIAN_POINT('',(0.081986491452719,4.49992865345383,-0.101686622476027));
#4521=CARTESIAN_POINT('',(0.082,4.5,-0.304811622476027));
#4522=CARTESIAN_POINT('Ctrl Pts',(0.081986491452719,4.49992865345383,-0.101686622476027));
#4523=CARTESIAN_POINT('Ctrl Pts',(0.081809651660705,4.52013960293096,-0.100461013234214));
#4524=CARTESIAN_POINT('Ctrl Pts',(0.0641320436331026,4.56765447518346,-0.0975964470844078));
#4525=CARTESIAN_POINT('Ctrl Pts',(-0.0151152423514024,4.59544028667992,
-0.0930929240266072));
#4526=CARTESIAN_POINT('Ctrl Pts',(-0.0880282517630815,4.53985405580873,
-0.088176053302626));
#4527=CARTESIAN_POINT('Ctrl Pts',(-0.0816918035325228,4.44838829485016,
-0.0832591825786445));
#4528=CARTESIAN_POINT('Ctrl Pts',(-0.0018104308702934,4.40338715813652,
-0.0783423118546632));
#4529=CARTESIAN_POINT('Ctrl Pts',(0.0690464901839342,4.43987716801238,-0.0740681251537907));
#4530=CARTESIAN_POINT('Ctrl Pts',(0.0818166800251032,4.4835684842084,-0.0714328953609121));
#4531=CARTESIAN_POINT('Ctrl Pts',(0.0818968481773508,4.50004314792038,-0.0704366224760273));
#4532=CARTESIAN_POINT('Ctrl Pts',(0.0818725830709437,4.50000126761637,-0.106688377522938));
#4533=CARTESIAN_POINT('Ctrl Pts',(0.0818744747949053,4.51348222307343,-0.105873748499287));
#4534=CARTESIAN_POINT('Ctrl Pts',(0.0723830063813701,4.55408308403278,-0.103420162567643));
#4535=CARTESIAN_POINT('Ctrl Pts',(0.00876464382587348,4.59623148317256,
-0.0993276197280043));
#4536=CARTESIAN_POINT('Ctrl Pts',(-0.0755584243341187,4.56023488895147,
-0.0944107490040231));
#4537=CARTESIAN_POINT('Ctrl Pts',(-0.0918582837071866,4.4700104510002,-0.0894938782800417));
#4538=CARTESIAN_POINT('Ctrl Pts',(-0.0254606111184726,4.40678479407118,
-0.0845770075560603));
#4539=CARTESIAN_POINT('Ctrl Pts',(0.05964946371981,4.42650310519198,-0.0798918406370258));
#4540=CARTESIAN_POINT('Ctrl Pts',(0.0818865780558988,4.47691388683348,-0.076845630625985));
#4541=CARTESIAN_POINT('Ctrl Pts',(0.0820722566207785,4.50005766956437,-0.0754383775229381));
#4542=CARTESIAN_POINT('Origin',(5.80482582794578E-17,4.5,-0.304811622476027));
#4543=CARTESIAN_POINT('',(0.0820680388990875,4.49994075886869,-0.137938377522938));
#4544=CARTESIAN_POINT('',(0.0820969609391222,4.50004559819435,-0.132936622476027));
#4545=CARTESIAN_POINT('',(0.082,4.5,-0.304811622476027));
#4546=CARTESIAN_POINT('Ctrl Pts',(0.0820969609391222,4.50004559819435,-0.132936622476027));
#4547=CARTESIAN_POINT('Ctrl Pts',(0.0821157172943762,4.50283228189096,-0.132767044923504));
#4548=CARTESIAN_POINT('Ctrl Pts',(0.080731125258602,4.53253325305606,-0.130958510462987));
#4549=CARTESIAN_POINT('Ctrl Pts',(0.0446142630954759,4.58571398018638,-0.127511019094477));
#4550=CARTESIAN_POINT('Ctrl Pts',(-0.0470612350869608,4.58439525475916,
-0.122594148370495));
#4551=CARTESIAN_POINT('Ctrl Pts',(-0.0963687743261627,4.50709776075456,
-0.117677277646514));
#4552=CARTESIAN_POINT('Ctrl Pts',(-0.0589181087155685,4.42341034444495,
-0.112760406922533));
#4553=CARTESIAN_POINT('Ctrl Pts',(0.0315749389425959,4.40867452653414,-0.107843536198551));
#4554=CARTESIAN_POINT('Ctrl Pts',(0.07817072640739,4.45933558042326,-0.104152274716383));
#4555=CARTESIAN_POINT('Ctrl Pts',(0.0820461322524316,4.49311233018157,-0.102099970142208));
#4556=CARTESIAN_POINT('Ctrl Pts',(0.081986491452719,4.49992865345383,-0.101686622476027));
#4557=CARTESIAN_POINT('Ctrl Pts',(0.0820680388990875,4.49994075886869,-0.137938377522938));
#4558=CARTESIAN_POINT('Ctrl Pts',(0.0818801753902401,4.52292811748084,-0.136540823280583));
#4559=CARTESIAN_POINT('Ctrl Pts',(0.059902466806466,4.57318852614367,-0.133504312130235));
#4560=CARTESIAN_POINT('Ctrl Pts',(-0.0249148495245893,4.59336256002554,
-0.128828844071893));
#4561=CARTESIAN_POINT('Ctrl Pts',(-0.0916812674892222,4.53052642342379,
-0.123911973347911));
#4562=CARTESIAN_POINT('Ctrl Pts',(-0.0759095163760085,4.44020817232691,
-0.11899510262393));
#4563=CARTESIAN_POINT('Ctrl Pts',(0.00820152218888952,4.4037188888226,-0.114078231899948));
#4564=CARTESIAN_POINT('Ctrl Pts',(0.0722167219239678,4.44559339090919,-0.109975990199618));
#4565=CARTESIAN_POINT('Ctrl Pts',(0.0818706688243779,4.48635980976474,-0.107512705407281));
#4566=CARTESIAN_POINT('Ctrl Pts',(0.0818725830709437,4.50000126761637,-0.106688377522938));
#4567=CARTESIAN_POINT('Origin',(5.80482582794578E-17,4.5,-0.304811622476027));
#4568=CARTESIAN_POINT('',(0.0820211847819591,4.50007000737064,-0.169188377522938));
#4569=CARTESIAN_POINT('',(0.0818761336762699,4.50001733853679,-0.164186622476027));
#4570=CARTESIAN_POINT('',(0.082,4.5,-0.304811622476027));
#4571=CARTESIAN_POINT('Ctrl Pts',(0.0818761336762699,4.50001733853679,-0.164186622476027));
#4572=CARTESIAN_POINT('Ctrl Pts',(0.0819000967157262,4.51246884490699,-0.1634341197048));
#4573=CARTESIAN_POINT('Ctrl Pts',(0.0734173128095978,4.55200885792647,-0.16104266002558));
#4574=CARTESIAN_POINT('Ctrl Pts',(0.0123637946938616,4.59583556391919,-0.157012243438365));
#4575=CARTESIAN_POINT('Ctrl Pts',(-0.0732486898614495,4.56302339526166,
-0.152095372714384));
#4576=CARTESIAN_POINT('Ctrl Pts',(-0.0929173572509492,4.47347296463225,
-0.147178501990402));
#4577=CARTESIAN_POINT('Ctrl Pts',(-0.0289350373425904,4.40780410817162,
-0.142261631266421));
#4578=CARTESIAN_POINT('Ctrl Pts',(0.057991617454615,4.4245389396914,-0.137514338094963));
#4579=CARTESIAN_POINT('Ctrl Pts',(0.0819344382420788,4.4758991505478,-0.134406001831498));
#4580=CARTESIAN_POINT('Ctrl Pts',(0.0820969609391222,4.50004559819435,-0.132936622476027));
#4581=CARTESIAN_POINT('Ctrl Pts',(0.0820211847819591,4.50007000737064,-0.169188377522938));
#4582=CARTESIAN_POINT('Ctrl Pts',(0.0820715811971399,4.5056957861351,-0.168846854969873));
#4583=CARTESIAN_POINT('Ctrl Pts',(0.0789954397763765,4.53826477922679,-0.166866375508815));
#4584=CARTESIAN_POINT('Ctrl Pts',(0.0355006424469178,4.58987224575718,-0.163246939139762));
#4585=CARTESIAN_POINT('Ctrl Pts',(-0.0555456942864867,4.57906954822065,
-0.158330068415781));
#4586=CARTESIAN_POINT('Ctrl Pts',(-0.0965857474566836,4.49708266220676,
-0.1534131976918));
#4587=CARTESIAN_POINT('Ctrl Pts',(-0.0506722583180841,4.41772218142492,
-0.148496326967818));
#4588=CARTESIAN_POINT('Ctrl Pts',(0.0408600952586141,4.41243419620458,-0.143579456243837));
#4589=CARTESIAN_POINT('Ctrl Pts',(0.0800460798442981,4.46507512427122,-0.14006013976221));
#4590=CARTESIAN_POINT('Ctrl Pts',(0.082100488982553,4.49597010107467,-0.138179780188577));
#4591=CARTESIAN_POINT('Ctrl Pts',(0.0820680388990875,4.49994075886869,-0.137938377522938));
#4592=CARTESIAN_POINT('Origin',(5.80482582794578E-17,4.5,-0.304811622476027));
#4593=CARTESIAN_POINT('',(0.0818810893624719,4.49997285166231,-0.200438377522938));
#4594=CARTESIAN_POINT('',(0.0820394738525562,4.49993281197785,-0.195436622476027));
#4595=CARTESIAN_POINT('',(0.082,4.5,-0.304811622476027));
#4596=CARTESIAN_POINT('Ctrl Pts',(0.0820394738525562,4.49993281197785,-0.195436622476027));
#4597=CARTESIAN_POINT('Ctrl Pts',(0.0818456288533613,4.5219181789485,-0.194101194486096));
#4598=CARTESIAN_POINT('Ctrl Pts',(0.0614862284132613,4.5712031020664,-0.191126809588172));
#4599=CARTESIAN_POINT('Ctrl Pts',(-0.0213995425157772,4.5942304051691,-0.186513467782254));
#4600=CARTESIAN_POINT('Ctrl Pts',(-0.0904732390550561,4.53393984919284,
-0.181596597058272));
#4601=CARTESIAN_POINT('Ctrl Pts',(-0.0780963255976545,4.44309407534445,
-0.176679726334291));
#4602=CARTESIAN_POINT('Ctrl Pts',(0.00458860243383114,4.4034792123935,-0.171762855610309));
#4603=CARTESIAN_POINT('Ctrl Pts',(0.0711202434964251,4.44352338902524,-0.167598487657555));
#4604=CARTESIAN_POINT('Ctrl Pts',(0.0818479050287914,4.48534936686561,-0.165073076612794));
#4605=CARTESIAN_POINT('Ctrl Pts',(0.0818761336762699,4.50001733853679,-0.164186622476027));
#4606=CARTESIAN_POINT('Ctrl Pts',(0.0818810893624718,4.49997285166231,-0.200438377522938));
#4607=CARTESIAN_POINT('Ctrl Pts',(0.0818355111910596,4.5152672447195,-0.199513929751169));
#4608=CARTESIAN_POINT('Ctrl Pts',(0.0704228883829809,4.55774074126415,-0.196950525071407));
#4609=CARTESIAN_POINT('Ctrl Pts',(0.00237542141437526,4.59660022836499,
-0.19274816348365));
#4610=CARTESIAN_POINT('Ctrl Pts',(-0.0793797327756915,4.55510155027839,
-0.187831292759669));
#4611=CARTESIAN_POINT('Ctrl Pts',(-0.0896717817189493,4.46399578774009,
-0.182914422035688));
#4612=CARTESIAN_POINT('Ctrl Pts',(-0.0192345863827417,4.40530396625321,
-0.177997551311706));
#4613=CARTESIAN_POINT('Ctrl Pts',(0.0624236086434063,4.43001940629285,-0.17342220314079));
#4614=CARTESIAN_POINT('Ctrl Pts',(0.0818297302503795,4.47869783567437,-0.170485811877867));
#4615=CARTESIAN_POINT('Ctrl Pts',(0.0820211847819591,4.50007000737064,-0.169188377522938));
#4616=CARTESIAN_POINT('Origin',(5.80482582794578E-17,4.5,-0.304811622476027));
#4617=CARTESIAN_POINT('',(0.082093043729359,4.49994583622125,-0.231688377522938));
#4618=CARTESIAN_POINT('',(0.0820508005217477,4.50006366455361,-0.226686622476027));
#4619=CARTESIAN_POINT('',(0.082,4.5,-0.304811622476027));
#4620=CARTESIAN_POINT('',(0.0395164788893217,4.4281498232696,-0.236999999999483));
#4621=CARTESIAN_POINT('Ctrl Pts',(0.039516478889321,4.4281498232696,-0.236999999999483));
#4622=CARTESIAN_POINT('Ctrl Pts',(0.0631933997474805,4.44117176122205,-0.235361043091489));
#4623=CARTESIAN_POINT('Ctrl Pts',(0.0810628112398094,4.4687537007332,-0.233590502265974));
#4624=CARTESIAN_POINT('Ctrl Pts',(0.0821056372983476,4.49778671486211,-0.231819961440459));
#4625=CARTESIAN_POINT('Ctrl Pts',(0.082093043729359,4.49994583622125,-0.231688377522938));
#4626=CARTESIAN_POINT('',(-0.0394423551567994,4.42814330094821,-0.236999999999483));
#4627=CARTESIAN_POINT('Origin',(5.80482582794578E-17,4.5,-0.236999999999483));
#4628=CARTESIAN_POINT('Ctrl Pts',(-0.0394423551567994,4.42814330094821,
-0.236999999999483));
#4629=CARTESIAN_POINT('Ctrl Pts',(-0.0331228893587769,4.42458974899749,
-0.236560725007011));
#4630=CARTESIAN_POINT('Ctrl Pts',(-0.00113117498749812,4.41173010844364,
-0.234482493106545));
#4631=CARTESIAN_POINT('Ctrl Pts',(0.0608794994525111,4.4280459973291,-0.231044700598727));
#4632=CARTESIAN_POINT('Ctrl Pts',(0.0818579182700261,4.47769394972136,-0.22804618308338));
#4633=CARTESIAN_POINT('Ctrl Pts',(0.0820508005217477,4.50006366455361,-0.226686622476027));
#4634=CARTESIAN_POINT('Origin',(5.80482582794578E-17,4.5,-0.304811622476027));
#4635=CARTESIAN_POINT('Ctrl Pts',(0.0820508005217477,4.50006366455361,-0.226686622476027));
#4636=CARTESIAN_POINT('Ctrl Pts',(0.0820904387602336,4.50466074947702,-0.226407226175386));
#4637=CARTESIAN_POINT('Ctrl Pts',(0.0796603842112245,4.5361836877876,-0.224488872966751));
#4638=CARTESIAN_POINT('Ctrl Pts',(0.0388430560031825,4.58848577066519,-0.220931562850123));
#4639=CARTESIAN_POINT('Ctrl Pts',(-0.0525445079378214,4.58109176140205,
-0.216014692126141));
#4640=CARTESIAN_POINT('Ctrl Pts',(-0.0966271758818978,4.50070492215303,
-0.21109782140216));
#4641=CARTESIAN_POINT('Ctrl Pts',(-0.053719252555816,4.41967755756328,-0.206180950678179));
#4642=CARTESIAN_POINT('Ctrl Pts',(0.0375507848930567,4.41096524856089,-0.201264079954197));
#4643=CARTESIAN_POINT('Ctrl Pts',(0.0794075077068502,4.46300338363579,-0.197682637220147));
#4644=CARTESIAN_POINT('Ctrl Pts',(0.0820835328084274,4.49493576631149,-0.19574015139409));
#4645=CARTESIAN_POINT('Ctrl Pts',(0.0820394738525562,4.49993281197785,-0.195436622476027));
#4646=CARTESIAN_POINT('Ctrl Pts',(0.082093043729359,4.49994583622125,-0.231688377522938));
#4647=CARTESIAN_POINT('Ctrl Pts',(0.0819487768150989,4.52467987120999,-0.230181004532465));
#4648=CARTESIAN_POINT('Ctrl Pts',(0.0569691238436041,4.57669921342038,-0.227034674633999));
#4649=CARTESIAN_POINT('Ctrl Pts',(-0.031052214807423,4.59148448226153,-0.222249387827539));
#4650=CARTESIAN_POINT('Ctrl Pts',(-0.093494821876606,4.52440281850774,-0.217332517103558));
#4651=CARTESIAN_POINT('Ctrl Pts',(-0.0717882343940895,4.43530870763367,
-0.212415646379576));
#4652=CARTESIAN_POINT('Ctrl Pts',(0.0145581184992206,4.4044758774923,-0.207498775655595));
#4653=CARTESIAN_POINT('Ctrl Pts',(0.074023587737307,4.44926032083924,-0.203506352703382));
#4654=CARTESIAN_POINT('Ctrl Pts',(0.081916316901421,4.48815175813372,-0.201152886659163));
#4655=CARTESIAN_POINT('Ctrl Pts',(0.0818810893624718,4.49997285166231,-0.200438377522938));
#4656=CARTESIAN_POINT('Ctrl Pts',(-0.0537693012839269,4.54039089921552,
-0.236999999999483));
#4657=CARTESIAN_POINT('Ctrl Pts',(-0.067079388574375,4.52267220249088,-0.235361043091489));
#4658=CARTESIAN_POINT('Ctrl Pts',(-0.0745939878446486,4.4733415432143,-0.232083129275501));
#4659=CARTESIAN_POINT('Ctrl Pts',(-0.0186749626930808,4.42293836788737,
-0.22716625855152));
#4660=CARTESIAN_POINT('Ctrl Pts',(0.0540618087522071,4.44207644518625,-0.222249387827539));
#4661=CARTESIAN_POINT('Ctrl Pts',(0.0781250385048024,4.51328143920487,-0.217332517103557));
#4662=CARTESIAN_POINT('Ctrl Pts',(0.0318560428806588,4.5725691228931,-0.212415646379576));
#4663=CARTESIAN_POINT('Ctrl Pts',(-0.0430929043758353,4.56650513358888,
-0.207498775655595));
#4664=CARTESIAN_POINT('Ctrl Pts',(-0.079246068025093,4.5005781221316,-0.202581904931613));
#4665=CARTESIAN_POINT('Ctrl Pts',(-0.0440563382241295,4.43412580178208,
-0.197665034207632));
#4666=CARTESIAN_POINT('Ctrl Pts',(0.030796222976318,4.42698064592341,-0.19274816348365));
#4667=CARTESIAN_POINT('Ctrl Pts',(0.077923726750064,4.48557164976361,-0.187831292759669));
#4668=CARTESIAN_POINT('Ctrl Pts',(0.0548986284769473,4.55715269965635,-0.182914422035688));
#4669=CARTESIAN_POINT('Ctrl Pts',(-0.0175502345632442,4.57728042375149,
-0.177997551311707));
#4670=CARTESIAN_POINT('Ctrl Pts',(-0.074199089346982,4.52783481534412,-0.173080680587725));
#4671=CARTESIAN_POINT('Ctrl Pts',(-0.0640485109322227,4.45333020203554,
-0.168163809863744));
#4672=CARTESIAN_POINT('Ctrl Pts',(0.00376321358140431,4.42084118333491,
-0.163246939139762));
#4673=CARTESIAN_POINT('Ctrl Pts',(0.0681870178007005,4.45961669156293,-0.158330068415781));
#4674=CARTESIAN_POINT('Ctrl Pts',(0.0712238918208584,4.5347482105789,-0.153413197691799));
#4675=CARTESIAN_POINT('Ctrl Pts',(0.0101398194288072,4.57859684967763,-0.148496326967818));
#4676=CARTESIAN_POINT('Ctrl Pts',(-0.060072858453445,4.55168686989447,-0.143579456243837));
#4677=CARTESIAN_POINT('Ctrl Pts',(-0.0762035643308089,4.47824459599413,
-0.138662585519855));
#4678=CARTESIAN_POINT('Ctrl Pts',(-0.0237302592840146,4.42438812529929,
-0.133745714795874));
#4679=CARTESIAN_POINT('Ctrl Pts',(0.0501067572908989,4.43860298304559,-0.128828844071893));
#4680=CARTESIAN_POINT('Ctrl Pts',(0.0788340135388973,4.50809191711045,-0.123911973347911));
#4681=CARTESIAN_POINT('Ctrl Pts',(0.0365891365020823,4.57029591667724,-0.11899510262393));
#4682=CARTESIAN_POINT('Ctrl Pts',(-0.0385959519463185,4.56921440100675,
-0.114078231899949));
#4683=CARTESIAN_POINT('Ctrl Pts',(-0.0790341472370054,4.50582102939932,
-0.109161361175967));
#4684=CARTESIAN_POINT('Ctrl Pts',(-0.0483200342819752,4.43718714224297,
-0.104244490451986));
#4685=CARTESIAN_POINT('Ctrl Pts',(0.0258953005352388,4.42510197450513,-0.0993276197280044));
#4686=CARTESIAN_POINT('Ctrl Pts',(0.0767977956471244,4.48044547631638,-0.094410749004023));
#4687=CARTESIAN_POINT('Ctrl Pts',(0.0585613094517651,4.55339338768087,-0.0894938782800418));
#4688=CARTESIAN_POINT('Ctrl Pts',(-0.012396342050388,4.57827267413689,-0.0845770075560603));
#4689=CARTESIAN_POINT('Ctrl Pts',(-0.072193901598381,4.53268518601386,-0.0796601368320789));
#4690=CARTESIAN_POINT('Ctrl Pts',(-0.0669972413117336,4.45767210766674,
-0.0747432661080976));
#4691=CARTESIAN_POINT('Ctrl Pts',(-0.00148477409789299,4.42076568761806,
-0.0698263953841162));
#4692=CARTESIAN_POINT('Ctrl Pts',(0.065364395136295,4.45519177908881,-0.0649095246601348));
#4693=CARTESIAN_POINT('Ctrl Pts',(0.0733677647559957,4.52995750168937,-0.0599926539361535));
#4694=CARTESIAN_POINT('Ctrl Pts',(0.015320117243331,4.57775329459522,-0.055075783212172));
#4695=CARTESIAN_POINT('Ctrl Pts',(-0.0565198180659496,4.55554989629649,
-0.0501589124881907));
#4696=CARTESIAN_POINT('Ctrl Pts',(-0.0774764876275551,4.48333642662401,
-0.0452420417642093));
#4697=CARTESIAN_POINT('Ctrl Pts',(-0.0286831678217261,4.42612472202102,
-0.040325171040228));
#4698=CARTESIAN_POINT('Ctrl Pts',(0.0459328333143067,4.43542093499841,-0.0354083003162465));
#4699=CARTESIAN_POINT('Ctrl Pts',(0.0791967451469295,4.50285593607978,-0.0304914295922652));
#4700=CARTESIAN_POINT('Ctrl Pts',(0.0411619662272258,4.56771981504012,-0.0255745588682838));
#4701=CARTESIAN_POINT('Ctrl Pts',(-0.0339298192064272,4.57161737346049,
-0.0206576881443025));
#4702=CARTESIAN_POINT('Ctrl Pts',(-0.0784755047669799,4.51103974475819,
-0.0157408174203211));
#4703=CARTESIAN_POINT('Ctrl Pts',(-0.0523718128104224,4.44052333200567,
-0.0108239466963397));
#4704=CARTESIAN_POINT('Ctrl Pts',(0.0208808077894262,4.42355215713422,-0.00590707597235834));
#4705=CARTESIAN_POINT('Ctrl Pts',(0.0753350010740653,4.47540491053249,-0.000990205248376972));
#4706=CARTESIAN_POINT('Ctrl Pts',(0.0619671274994686,4.54939995872685,0.00392666547560441));
#4707=CARTESIAN_POINT('Ctrl Pts',(-0.00718807738821364,4.57892155824806,
0.00884353619958578));
#4708=CARTESIAN_POINT('Ctrl Pts',(-0.0698720503341582,4.53739221034811,
0.0137604069235671));
#4709=CARTESIAN_POINT('Ctrl Pts',(-0.0696521034331179,4.4621996653442,0.0186772776475485));
#4710=CARTESIAN_POINT('Ctrl Pts',(-0.00672624893449108,4.42103774073244,
0.0235941483715299));
#4711=CARTESIAN_POINT('Ctrl Pts',(0.0622550658136447,4.45096340558317,0.0285110190955112));
#4712=CARTESIAN_POINT('Ctrl Pts',(0.0751898261760141,4.52503539200401,0.0334278898194927));
#4713=CARTESIAN_POINT('Ctrl Pts',(0.0204332166893301,4.57656869120493,0.038344760543474));
#4714=CARTESIAN_POINT('Ctrl Pts',(-0.0527188658738911,4.55916926552201,
0.0432616312674555));
#4715=CARTESIAN_POINT('Ctrl Pts',(-0.078409577413629,4.48850134834015,0.0481785019914367));
#4716=CARTESIAN_POINT('Ctrl Pts',(-0.0335102638106206,4.42818535621757,
0.0530953727154182));
#4717=CARTESIAN_POINT('Ctrl Pts',(0.0415574347876135,4.43252214932905,0.0580122434393995));
#4718=CARTESIAN_POINT('Ctrl Pts',(0.0792120981870204,4.49760742704288,0.0629291141633809));
#4719=CARTESIAN_POINT('Ctrl Pts',(0.045554246933512,4.56484667750315,0.0678459848873623));
#4720=CARTESIAN_POINT('Ctrl Pts',(-0.0291148585539847,4.57370620763312,
0.0727628556113436));
#4721=CARTESIAN_POINT('Ctrl Pts',(-0.0775726512131707,4.5162100456026,0.0776797263353251));
#4722=CARTESIAN_POINT('Ctrl Pts',(-0.0561938648897809,4.44412038516675,
0.0825965970593063));
#4723=CARTESIAN_POINT('Ctrl Pts',(0.0157747078307248,4.42233769755352,0.0875134677832879));
#4724=CARTESIAN_POINT('Ctrl Pts',(0.0735418026219162,4.47047215290986,0.0924303385072691));
#4725=CARTESIAN_POINT('Ctrl Pts',(0.0651010667370944,4.54518999436662,0.0973472092312506));
#4726=CARTESIAN_POINT('Ctrl Pts',(-0.00194813547216972,4.57922397482802,
0.102264079955232));
#4727=CARTESIAN_POINT('Ctrl Pts',(-0.0672440195216749,4.54193581723469,
0.107180950679213));
#4728=CARTESIAN_POINT('Ctrl Pts',(-0.0720008498388932,4.46689182661164,
0.112097821403195));
#4729=CARTESIAN_POINT('Ctrl Pts',(-0.0119394335457787,4.42165856059641,
0.117014692127176));
#4730=CARTESIAN_POINT('Ctrl Pts',(0.058875112113668,4.44694525243589,0.121931562851157));
#4731=CARTESIAN_POINT('Ctrl Pts',(0.0766771605061634,4.52001327872793,0.126848433575139));
#4732=CARTESIAN_POINT('Ctrl Pts',(0.0254666097503811,4.57502845563947,0.13176530429912));
#4733=CARTESIAN_POINT('Ctrl Pts',(-0.0487066486315321,4.5625692556655,0.136682175023102));
#4734=CARTESIAN_POINT('Ctrl Pts',(-0.0789581694071484,4.49363259671178,
0.141599045747083));
#4735=CARTESIAN_POINT('Ctrl Pts',(-0.0518262943050988,4.45175367002662,
0.14487695956307));
#4736=CARTESIAN_POINT('Ctrl Pts',(-0.0324083317720351,4.4410740928644,0.146515916471064));
#4737=CARTESIAN_POINT('Ctrl Pts',(-0.0577003902253787,4.54334388936882,
-0.239838638822999));
#4738=CARTESIAN_POINT('Ctrl Pts',(-0.0719835817910889,4.5243297736767,-0.238199681915005));
#4739=CARTESIAN_POINT('Ctrl Pts',(-0.0800475755557196,4.47139253584087,
-0.234921768099017));
#4740=CARTESIAN_POINT('Ctrl Pts',(-0.020040294538052,4.41730437000058,-0.230004897375036));
#4741=CARTESIAN_POINT('Ctrl Pts',(0.0580142829980313,4.43784163758523,-0.225088026651055));
#4742=CARTESIAN_POINT('Ctrl Pts',(0.0838367823360086,4.51425244901043,-0.220171155927073));
#4743=CARTESIAN_POINT('Ctrl Pts',(0.0341850472548333,4.57787467215047,-0.215254285203092));
#4744=CARTESIAN_POINT('Ctrl Pts',(-0.0462434388964973,4.57136734285994,
-0.21033741447911));
#4745=CARTESIAN_POINT('Ctrl Pts',(-0.0850397706440279,4.50062038880541,
-0.205420543755129));
#4746=CARTESIAN_POINT('Ctrl Pts',(-0.047277309668025,4.42930972037581,-0.200503673031147));
#4747=CARTESIAN_POINT('Ctrl Pts',(0.0330477436152309,4.42164218013591,-0.195586802307166));
#4748=CARTESIAN_POINT('Ctrl Pts',(0.0836207526215061,4.48451678896565,-0.190669931583185));
#4749=CARTESIAN_POINT('Ctrl Pts',(0.0589122828513462,4.56133114981711,-0.185753060859203));
#4750=CARTESIAN_POINT('Ctrl Pts',(-0.0188333372140885,4.58293041755735,
-0.180836190135222));
#4751=CARTESIAN_POINT('Ctrl Pts',(-0.07962380591634,4.52986982662703,-0.175919319411241));
#4752=CARTESIAN_POINT('Ctrl Pts',(-0.0687311158207,4.44991815980518,-0.171002448687259));
#4753=CARTESIAN_POINT('Ctrl Pts',(0.00403834319887991,4.41505385968777,
-0.166085577963278));
#4754=CARTESIAN_POINT('Ctrl Pts',(0.0731721901058323,4.4566642563736,-0.161168707239297));
#4755=CARTESIAN_POINT('Ctrl Pts',(0.0764310908511319,4.53728866215778,-0.156251836515315));
#4756=CARTESIAN_POINT('Ctrl Pts',(0.0108811445171587,4.58434308775816,-0.151334965791334));
#4757=CARTESIAN_POINT('Ctrl Pts',(-0.0644648022561132,4.55546571168353,
-0.146418095067352));
#4758=CARTESIAN_POINT('Ctrl Pts',(-0.0817748286375224,4.47665405220684,
-0.141501224343371));
#4759=CARTESIAN_POINT('Ctrl Pts',(-0.0254651853035398,4.41886011959006,
-0.13658435361939));
#4760=CARTESIAN_POINT('Ctrl Pts',(0.0537700765971728,4.43411422963753,-0.131667482895408));
#4761=CARTESIAN_POINT('Ctrl Pts',(0.0845975907369084,4.50868351947664,-0.126750612171427));
#4762=CARTESIAN_POINT('Ctrl Pts',(0.0392641786998801,4.57543527118029,-0.121833741447446));
#4763=CARTESIAN_POINT('Ctrl Pts',(-0.0414177129931992,4.57427468559089,
-0.116916870723464));
#4764=CARTESIAN_POINT('Ctrl Pts',(-0.0848123562667245,4.50624660651773,
-0.111999999999483));
#4765=CARTESIAN_POINT('Ctrl Pts',(-0.0518527257598396,4.4325948763103,-0.107083129275501));
#4766=CARTESIAN_POINT('Ctrl Pts',(0.0277885133376912,4.4196261585148,-0.10216625855152));
#4767=CARTESIAN_POINT('Ctrl Pts',(0.0824125043747332,4.47901583951671,-0.0972493878275385));
#4768=CARTESIAN_POINT('Ctrl Pts',(0.0628427434761197,4.55729699347166,-0.0923325171035575));
#4769=CARTESIAN_POINT('Ctrl Pts',(-0.0133026421507261,4.58399521165123,
-0.0874156463795759));
#4770=CARTESIAN_POINT('Ctrl Pts',(-0.0774720183199478,4.53507480927882,
-0.0824987756555946));
#4771=CARTESIAN_POINT('Ctrl Pts',(-0.0718954287186634,4.45457750339455,
-0.0775819049316132));
#4772=CARTESIAN_POINT('Ctrl Pts',(-0.00159332635535977,4.41497284445754,
-0.0726650342076319));
#4773=CARTESIAN_POINT('Ctrl Pts',(0.0701432046939671,4.45191583728738,-0.0677481634836504));
#4774=CARTESIAN_POINT('Ctrl Pts',(0.0787317029475741,4.53214770317595,-0.0628312927596692));
#4775=CARTESIAN_POINT('Ctrl Pts',(0.0164401753813193,4.58343786012325,-0.0579144220356877));
#4776=CARTESIAN_POINT('Ctrl Pts',(-0.0606519980732496,4.5596111650468,-0.0529975513117064));
#4777=CARTESIAN_POINT('Ctrl Pts',(-0.0831408157192847,4.48211814802527,
-0.048080680587725));
#4778=CARTESIAN_POINT('Ctrl Pts',(-0.030780202396053,4.42072367939308,-0.0431638098637436));
#4779=CARTESIAN_POINT('Ctrl Pts',(0.0492909958490577,4.4306995411507,-0.0382469391397622));
#4780=CARTESIAN_POINT('Ctrl Pts',(0.0849868417561846,4.50306473438054,-0.0333300684157809));
#4781=CARTESIAN_POINT('Ctrl Pts',(0.0441713293095137,4.57267083001827,-0.0284131976917995));
#4782=CARTESIAN_POINT('Ctrl Pts',(-0.0364104379588178,4.57685334004559,
-0.0234963269678181));
#4783=CARTESIAN_POINT('Ctrl Pts',(-0.0842128712864988,4.51184686364385,
-0.0185794562438367));
#4784=CARTESIAN_POINT('Ctrl Pts',(-0.0562007309712836,4.43617497585739,
-0.0136625855198554));
#4785=CARTESIAN_POINT('Ctrl Pts',(0.0224074095980707,4.41796303355419,-0.008745714795874));
#4786=CARTESIAN_POINT('Ctrl Pts',(0.0808427644735323,4.47360675653177,-0.00382884407189263));
#4787=CARTESIAN_POINT('Ctrl Pts',(0.06649756185197,4.55301160378866,0.00108802665208875));
#4788=CARTESIAN_POINT('Ctrl Pts',(-0.00771359977471251,4.58469153586471,
0.00600489737607013));
#4789=CARTESIAN_POINT('Ctrl Pts',(-0.0749804158480556,4.54012596550367,
0.0109217681000515));
#4790=CARTESIAN_POINT('Ctrl Pts',(-0.0747443885663942,4.45943607210418,
0.0158386388240329));
#4791=CARTESIAN_POINT('Ctrl Pts',(-0.00721800691111435,4.41526478745266,
0.0207555095480142));
#4792=CARTESIAN_POINT('Ctrl Pts',(0.0668065514183598,4.44737832618962,0.0256723802719956));
#4793=CARTESIAN_POINT('Ctrl Pts',(0.0806869757973088,4.52686573664866,0.030589250995977));
#4794=CARTESIAN_POINT('Ctrl Pts',(0.0219270949850804,4.58216665004147,0.0355061217199584));
#4795=CARTESIAN_POINT('Ctrl Pts',(-0.0565731571831347,4.56349514738793,
0.0404229924439398));
#4796=CARTESIAN_POINT('Ctrl Pts',(-0.0841421239655548,4.48766067864012,
0.0453398631679212));
#4797=CARTESIAN_POINT('Ctrl Pts',(-0.0359602087484479,4.42293496714302,
0.0502567338919025));
#4798=CARTESIAN_POINT('Ctrl Pts',(0.0445957106890623,4.4275888244349,0.0551736046158839));
#4799=CARTESIAN_POINT('Ctrl Pts',(0.0850033172614121,4.49743250535208,0.0600904753398652));
#4800=CARTESIAN_POINT('Ctrl Pts',(0.0488847309100638,4.56958763657711,0.0650073460638467));
#4801=CARTESIAN_POINT('Ctrl Pts',(-0.0312434541607816,4.57909488947991,
0.0699242167878279));
#4802=CARTESIAN_POINT('Ctrl Pts',(-0.0832440098520518,4.51739516665657,
0.0748410875118095));
#4803=CARTESIAN_POINT('Ctrl Pts',(-0.0603022143674725,4.44003501060025,
0.0797579582357907));
#4804=CARTESIAN_POINT('Ctrl Pts',(0.0169280012161185,4.41665978448742,0.0846748289597721));
#4805=CARTESIAN_POINT('Ctrl Pts',(0.0789184647714739,4.46831336359348,0.0895916996837535));
#4806=CARTESIAN_POINT('Ctrl Pts',(0.0698606242804507,4.54849384773419,0.0945085704077348));
#4807=CARTESIAN_POINT('Ctrl Pts',(-0.0020905642117707,4.58501606220702,
0.0994254411317163));
#4808=CARTESIAN_POINT('Ctrl Pts',(-0.0721602489538668,4.54500175678469,
0.104342311855698));
#4809=CARTESIAN_POINT('Ctrl Pts',(-0.077264852491303,4.46447127861918,0.109259182579679));
#4810=CARTESIAN_POINT('Ctrl Pts',(-0.0128123289351232,4.41593099563382,
0.11417605330366));
#4811=CARTESIAN_POINT('Ctrl Pts',(0.06317948834007,4.44306640472054,0.119092924027642));
#4812=CARTESIAN_POINT('Ctrl Pts',(0.0822830495642349,4.52147645523964,0.124009794751623));
#4813=CARTESIAN_POINT('Ctrl Pts',(0.0273284808473729,4.58051380741484,0.128926665475604));
#4814=CARTESIAN_POINT('Ctrl Pts',(-0.0522676055946799,4.56714371177983,
0.133843536199586));
#4815=CARTESIAN_POINT('Ctrl Pts',(-0.0847308236760726,4.49316707404263,
0.138760406923567));
#4816=CARTESIAN_POINT('Ctrl Pts',(-0.0556153294525596,4.44822636709176,
0.142038320739555));
#4817=CARTESIAN_POINT('Ctrl Pts',(-0.034777714144464,4.43676600299946,0.143677277647549));
#4818=CARTESIAN_POINT('Ctrl Pts',(-0.0616314791668306,4.54629687952213,
-0.242677277646514));
#4819=CARTESIAN_POINT('Ctrl Pts',(-0.0768877750078029,4.52598734486253,
-0.24103832073852));
#4820=CARTESIAN_POINT('Ctrl Pts',(-0.0855011632667906,4.46944352846744,
-0.237760406922533));
#4821=CARTESIAN_POINT('Ctrl Pts',(-0.0214056263830232,4.41167037211378,
-0.232843536198551));
#4822=CARTESIAN_POINT('Ctrl Pts',(0.0619667572438556,4.43360682998423,-0.22792666547457));
#4823=CARTESIAN_POINT('Ctrl Pts',(0.0895485261672147,4.51522345881599,-0.223009794750588));
#4824=CARTESIAN_POINT('Ctrl Pts',(0.036514051629008,4.58318022140783,-0.218092924026607));
#4825=CARTESIAN_POINT('Ctrl Pts',(-0.0493939734171593,4.576229552131,-0.213176053302626));
#4826=CARTESIAN_POINT('Ctrl Pts',(-0.0908334732629629,4.50066265547922,
-0.208259182578645));
#4827=CARTESIAN_POINT('Ctrl Pts',(-0.0504982811119205,4.42449363896955,
-0.203342311854663));
#4828=CARTESIAN_POINT('Ctrl Pts',(0.0352992642541438,4.4163037143484,-0.198425441130682));
#4829=CARTESIAN_POINT('Ctrl Pts',(0.0893177784929482,4.48346192816771,-0.1935085704067));
#4830=CARTESIAN_POINT('Ctrl Pts',(0.0629259372257451,4.56550959997785,-0.188591699682719));
#4831=CARTESIAN_POINT('Ctrl Pts',(-0.0201164398649329,4.58858041136323,
-0.183674828958738));
#4832=CARTESIAN_POINT('Ctrl Pts',(-0.0850485224856981,4.53190483790993,
-0.178757958234756));
#4833=CARTESIAN_POINT('Ctrl Pts',(-0.0734137207091773,4.44650611757482,
-0.173841087510775));
#4834=CARTESIAN_POINT('Ctrl Pts',(0.00431347281635555,4.40926653604064,
-0.168924216786794));
#4835=CARTESIAN_POINT('Ctrl Pts',(0.078157362410964,4.45371182118427,-0.164007346062812));
#4836=CARTESIAN_POINT('Ctrl Pts',(0.0816382898814053,4.53982911373667,-0.159090475338831));
#4837=CARTESIAN_POINT('Ctrl Pts',(0.0116224696055101,4.59008932583867,-0.154173604614849));
#4838=CARTESIAN_POINT('Ctrl Pts',(-0.0688567460587813,4.5592445534726,-0.149256733890868));
#4839=CARTESIAN_POINT('Ctrl Pts',(-0.0873460929442358,4.47506350841954,
-0.144339863166887));
#4840=CARTESIAN_POINT('Ctrl Pts',(-0.0272001113230651,4.41333211388084,
-0.139422992442905));
#4841=CARTESIAN_POINT('Ctrl Pts',(0.0574333959034466,4.42962547622946,-0.134506121718924));
#4842=CARTESIAN_POINT('Ctrl Pts',(0.0903611679349196,4.50927512184284,-0.129589250994943));
#4843=CARTESIAN_POINT('Ctrl Pts',(0.041939220897678,4.58057462568334,-0.124672380270961));
#4844=CARTESIAN_POINT('Ctrl Pts',(-0.0442394740400799,4.57933497017502,
-0.11975550954698));
#4845=CARTESIAN_POINT('Ctrl Pts',(-0.0905905652964436,4.50667218363614,
-0.114838638822999));
#4846=CARTESIAN_POINT('Ctrl Pts',(-0.055385417237704,4.42800261037763,-0.109921768099017));
#4847=CARTESIAN_POINT('Ctrl Pts',(0.0296817261401435,4.41415034252447,-0.105004897375036));
#4848=CARTESIAN_POINT('Ctrl Pts',(0.0880272131023421,4.47758620271704,-0.100088026651054));
#4849=CARTESIAN_POINT('Ctrl Pts',(0.0671241775004743,4.56120059926246,-0.0951711559270732));
#4850=CARTESIAN_POINT('Ctrl Pts',(-0.0142089422510642,4.58971774916558,
-0.0902542852030915));
#4851=CARTESIAN_POINT('Ctrl Pts',(-0.0827501350415147,4.53746443254377,
-0.0853374144791103));
#4852=CARTESIAN_POINT('Ctrl Pts',(-0.0767936161255931,4.45148289912235,
-0.0804205437551289));
#4853=CARTESIAN_POINT('Ctrl Pts',(-0.0017018786128266,4.40918000129703,
-0.0755036730311475));
#4854=CARTESIAN_POINT('Ctrl Pts',(0.0749220142516392,4.44863989548594,-0.0705868023071661));
#4855=CARTESIAN_POINT('Ctrl Pts',(0.0840956411391524,4.53433790466253,-0.0656699315831848));
#4856=CARTESIAN_POINT('Ctrl Pts',(0.0175602335193076,4.58912242565127,-0.0607530608592034));
#4857=CARTESIAN_POINT('Ctrl Pts',(-0.0647841780805495,4.5636724337971,-0.055836190135222));
#4858=CARTESIAN_POINT('Ctrl Pts',(-0.0888051438110143,4.48089986942653,
-0.0509193194112407));
#4859=CARTESIAN_POINT('Ctrl Pts',(-0.03287723697038,4.41532263676512,-0.0460024486872593));
#4860=CARTESIAN_POINT('Ctrl Pts',(0.0526491583838087,4.425978147303,-0.0410855779632779));
#4861=CARTESIAN_POINT('Ctrl Pts',(0.0907769383654396,4.50327353268129,-0.0361687072392965));
#4862=CARTESIAN_POINT('Ctrl Pts',(0.0471806923918016,4.57762184499642,-0.0312518365153151));
#4863=CARTESIAN_POINT('Ctrl Pts',(-0.0388910567112083,4.58208930663067,
-0.0263349657913338));
#4864=CARTESIAN_POINT('Ctrl Pts',(-0.0899502378060179,4.51265398252952,
-0.0214180950673524));
#4865=CARTESIAN_POINT('Ctrl Pts',(-0.0600296491321447,4.4318266197091,-0.016501224343371));
#4866=CARTESIAN_POINT('Ctrl Pts',(0.0239340114067152,4.41237390997417,-0.0115843536193897));
#4867=CARTESIAN_POINT('Ctrl Pts',(0.0863505278729992,4.47180860253104,-0.00666748289540829));
#4868=CARTESIAN_POINT('Ctrl Pts',(0.0710279962044714,4.55662324885049,-0.0017506121714269));
#4869=CARTESIAN_POINT('Ctrl Pts',(-0.00823912216121135,4.59046151348135,
0.00316625855255447));
#4870=CARTESIAN_POINT('Ctrl Pts',(-0.0800887813619532,4.54285972065924,
0.00808312927653581));
#4871=CARTESIAN_POINT('Ctrl Pts',(-0.0798366736996705,4.45667247886417,
0.0130000000005172));
#4872=CARTESIAN_POINT('Ctrl Pts',(-0.00770976488773768,4.40949183417287,
0.0179168707244986));
#4873=CARTESIAN_POINT('Ctrl Pts',(0.0713580370230748,4.44379324679607,0.0228337414484799));
#4874=CARTESIAN_POINT('Ctrl Pts',(0.0861841254186035,4.52869608129332,0.0277506121724614));
#4875=CARTESIAN_POINT('Ctrl Pts',(0.0234209732808307,4.58776460887801,0.0326674828964427));
#4876=CARTESIAN_POINT('Ctrl Pts',(-0.0604274484923783,4.56782102925385,
0.0375843536204242));
#4877=CARTESIAN_POINT('Ctrl Pts',(-0.0898746705174806,4.48682000894008,
0.0425012243444055));
#4878=CARTESIAN_POINT('Ctrl Pts',(-0.0384101536862752,4.41768457806847,
0.0474180950683868));
#4879=CARTESIAN_POINT('Ctrl Pts',(0.0476339865905111,4.42265549954074,0.0523349657923682));
#4880=CARTESIAN_POINT('Ctrl Pts',(0.0907945363358039,4.49725758366129,0.0572518365163496));
#4881=CARTESIAN_POINT('Ctrl Pts',(0.0522152148866155,4.57432859565107,0.062168707240331));
#4882=CARTESIAN_POINT('Ctrl Pts',(-0.0333720497675785,4.58448357132669,
0.0670855779643123));
#4883=CARTESIAN_POINT('Ctrl Pts',(-0.088915368490933,4.51858028771053,0.0720024486882938));
#4884=CARTESIAN_POINT('Ctrl Pts',(-0.0644105638451641,4.43594963603376,
0.0769193194122751));
#4885=CARTESIAN_POINT('Ctrl Pts',(0.0180812946015122,4.41098187142132,0.0818361901362564));
#4886=CARTESIAN_POINT('Ctrl Pts',(0.0842951269210316,4.4661545742771,0.086753060860238));
#4887=CARTESIAN_POINT('Ctrl Pts',(0.0746201818238071,4.55179770110176,0.0916699315842191));
#4888=CARTESIAN_POINT('Ctrl Pts',(-0.0022329929513717,4.59080814958602,
0.0965868023082008));
#4889=CARTESIAN_POINT('Ctrl Pts',(-0.0770764783860586,4.54806769633468,
0.101503673032182));
#4890=CARTESIAN_POINT('Ctrl Pts',(-0.0825288551437129,4.46205073062672,
0.106420543756163));
#4891=CARTESIAN_POINT('Ctrl Pts',(-0.0136852243244676,4.41020343067123,
0.111337414480145));
#4892=CARTESIAN_POINT('Ctrl Pts',(0.067483864566472,4.4391875570052,0.116254285204126));
#4893=CARTESIAN_POINT('Ctrl Pts',(0.0878889386223062,4.52293963175134,0.121171155928107));
#4894=CARTESIAN_POINT('Ctrl Pts',(0.0291903519443649,4.58599915919022,0.126088026652089));
#4895=CARTESIAN_POINT('Ctrl Pts',(-0.0558285625578279,4.57171816789416,
0.13100489737607));
#4896=CARTESIAN_POINT('Ctrl Pts',(-0.0905034779449967,4.49270155137348,
0.135921768100051));
#4897=CARTESIAN_POINT('Ctrl Pts',(-0.0594043646000204,4.4446990641569,0.139199681916039));
#4898=CARTESIAN_POINT('Ctrl Pts',(-0.0371470965168929,4.43245791313453,
0.140838638824033));
#4899=CARTESIAN_POINT('Ctrl Pts',(-0.0655625681082825,4.54924986967543,
-0.24551591647003));
#4900=CARTESIAN_POINT('Ctrl Pts',(-0.0817919682245168,4.52764491604835,
-0.243876959562036));
#4901=CARTESIAN_POINT('Ctrl Pts',(-0.0909547509778615,4.46749452109401,
-0.240599045746048));
#4902=CARTESIAN_POINT('Ctrl Pts',(-0.0227709582279944,4.40603637422698,
-0.235682175022067));
#4903=CARTESIAN_POINT('Ctrl Pts',(0.0659192314896799,4.42937202238323,-0.230765304298086));
#4904=CARTESIAN_POINT('Ctrl Pts',(0.0952602699984209,4.51619446862155,-0.225848433574104));
#4905=CARTESIAN_POINT('Ctrl Pts',(0.0388430560031825,4.58848577066519,-0.220931562850123));
#4906=CARTESIAN_POINT('Ctrl Pts',(-0.0525445079378214,4.58109176140205,
-0.216014692126141));
#4907=CARTESIAN_POINT('Ctrl Pts',(-0.0966271758818978,4.50070492215303,
-0.21109782140216));
#4908=CARTESIAN_POINT('Ctrl Pts',(-0.053719252555816,4.41967755756328,-0.206180950678179));
#4909=CARTESIAN_POINT('Ctrl Pts',(0.0375507848930567,4.41096524856089,-0.201264079954197));
#4910=CARTESIAN_POINT('Ctrl Pts',(0.0950148043643903,4.48240706736976,-0.196347209230216));
#4911=CARTESIAN_POINT('Ctrl Pts',(0.066939591600144,4.5696880501386,-0.191430338506235));
#4912=CARTESIAN_POINT('Ctrl Pts',(-0.0213995425157772,4.5942304051691,-0.186513467782254));
#4913=CARTESIAN_POINT('Ctrl Pts',(-0.0904732390550561,4.53393984919284,
-0.181596597058272));
#4914=CARTESIAN_POINT('Ctrl Pts',(-0.0780963255976545,4.44309407534445,
-0.176679726334291));
#4915=CARTESIAN_POINT('Ctrl Pts',(0.00458860243383114,4.4034792123935,-0.171762855610309));
#4916=CARTESIAN_POINT('Ctrl Pts',(0.0831425347160958,4.45075938599495,-0.166845984886328));
#4917=CARTESIAN_POINT('Ctrl Pts',(0.0868454889116787,4.54236956531554,-0.161929114162347));
#4918=CARTESIAN_POINT('Ctrl Pts',(0.0123637946938616,4.59583556391919,-0.157012243438365));
#4919=CARTESIAN_POINT('Ctrl Pts',(-0.0732486898614495,4.56302339526166,
-0.152095372714384));
#4920=CARTESIAN_POINT('Ctrl Pts',(-0.0929173572509492,4.47347296463225,
-0.147178501990402));
#4921=CARTESIAN_POINT('Ctrl Pts',(-0.0289350373425904,4.40780410817162,
-0.142261631266421));
#4922=CARTESIAN_POINT('Ctrl Pts',(0.0610967152097206,4.42513672282139,-0.13734476054244));
#4923=CARTESIAN_POINT('Ctrl Pts',(0.0961247451329305,4.50986672420903,-0.132427889818458));
#4924=CARTESIAN_POINT('Ctrl Pts',(0.0446142630954759,4.58571398018638,-0.127511019094477));
#4925=CARTESIAN_POINT('Ctrl Pts',(-0.0470612350869608,4.58439525475916,
-0.122594148370495));
#4926=CARTESIAN_POINT('Ctrl Pts',(-0.0963687743261627,4.50709776075456,
-0.117677277646514));
#4927=CARTESIAN_POINT('Ctrl Pts',(-0.0589181087155685,4.42341034444495,
-0.112760406922533));
#4928=CARTESIAN_POINT('Ctrl Pts',(0.0315749389425959,4.40867452653414,-0.107843536198551));
#4929=CARTESIAN_POINT('Ctrl Pts',(0.0936419218299509,4.47615656591736,-0.10292666547457));
#4930=CARTESIAN_POINT('Ctrl Pts',(0.0714056115248288,4.56510420505325,-0.0980097947505887));
#4931=CARTESIAN_POINT('Ctrl Pts',(-0.0151152423514024,4.59544028667992,
-0.0930929240266072));
#4932=CARTESIAN_POINT('Ctrl Pts',(-0.0880282517630815,4.53985405580873,
-0.088176053302626));
#4933=CARTESIAN_POINT('Ctrl Pts',(-0.0816918035325228,4.44838829485016,
-0.0832591825786445));
#4934=CARTESIAN_POINT('Ctrl Pts',(-0.0018104308702934,4.40338715813652,
-0.0783423118546632));
#4935=CARTESIAN_POINT('Ctrl Pts',(0.0797008238093113,4.4453639536845,-0.0734254411306818));
#4936=CARTESIAN_POINT('Ctrl Pts',(0.0894595793307308,4.53652810614912,-0.0685085704067004));
#4937=CARTESIAN_POINT('Ctrl Pts',(0.0186802916572959,4.5948069911793,-0.063591699682719));
#4938=CARTESIAN_POINT('Ctrl Pts',(-0.0689163580878494,4.5677337025474,-0.0586748289587377));
#4939=CARTESIAN_POINT('Ctrl Pts',(-0.0944694719027438,4.47968159082779,
-0.0537579582347563));
#4940=CARTESIAN_POINT('Ctrl Pts',(-0.034974271544707,4.40992159413717,-0.0488410875107749));
#4941=CARTESIAN_POINT('Ctrl Pts',(0.0560073209185597,4.4212567534553,-0.0439242167867935));
#4942=CARTESIAN_POINT('Ctrl Pts',(0.0965670349746947,4.50348233098204,-0.0390073460628122));
#4943=CARTESIAN_POINT('Ctrl Pts',(0.0501900554740895,4.58257285997457,-0.0340904753388308));
#4944=CARTESIAN_POINT('Ctrl Pts',(-0.0413716754635989,4.58732527321577,
-0.0291736046148494));
#4945=CARTESIAN_POINT('Ctrl Pts',(-0.0956876043255369,4.51346110141519,
-0.0242567338908681));
#4946=CARTESIAN_POINT('Ctrl Pts',(-0.0638585672930059,4.42747826356081,
-0.0193398631668867));
#4947=CARTESIAN_POINT('Ctrl Pts',(0.0254606132153597,4.40678478639414,-0.0144229924429053));
#4948=CARTESIAN_POINT('Ctrl Pts',(0.0918582912724661,4.47001044853031,-0.00950612171892395));
#4949=CARTESIAN_POINT('Ctrl Pts',(0.0755584305569729,4.5602348939123,-0.00458925099494256));
#4950=CARTESIAN_POINT('Ctrl Pts',(-0.00876464454771026,4.596231491098,0.000327619729038807));
#4951=CARTESIAN_POINT('Ctrl Pts',(-0.0851971468758508,4.5455934758148,0.00524449045302016));
#4952=CARTESIAN_POINT('Ctrl Pts',(-0.0849289588329468,4.45390888562415,
0.0101613611770015));
#4953=CARTESIAN_POINT('Ctrl Pts',(-0.00820152286436096,4.40371888089309,
0.0150782319009829));
#4954=CARTESIAN_POINT('Ctrl Pts',(0.0759095226277898,4.44020816740253,0.0199951026249643));
#4955=CARTESIAN_POINT('Ctrl Pts',(0.0916812750398983,4.53052642593797,0.0249119733489457));
#4956=CARTESIAN_POINT('Ctrl Pts',(0.024914851576581,4.59336256771456,0.0298288440729271));
#4957=CARTESIAN_POINT('Ctrl Pts',(-0.0642817398016218,4.57214691111977,
0.0347457147969085));
#4958=CARTESIAN_POINT('Ctrl Pts',(-0.0956072170694064,4.48597933924005,
0.0396625855208898));
#4959=CARTESIAN_POINT('Ctrl Pts',(-0.0408600986241025,4.41243418899391,
0.0445794562448712));
#4960=CARTESIAN_POINT('Ctrl Pts',(0.0506722624919599,4.41772217464658,0.0494963269688525));
#4961=CARTESIAN_POINT('Ctrl Pts',(0.0965857554101957,4.4970826619705,0.0544131976928339));
#4962=CARTESIAN_POINT('Ctrl Pts',(0.0555456988631672,4.57906955472503,0.0593300684168153));
#4963=CARTESIAN_POINT('Ctrl Pts',(-0.0355006453743753,4.58987225317348,
0.0642469391407967));
#4964=CARTESIAN_POINT('Ctrl Pts',(-0.0945867271298141,4.5197654087645,0.0691638098647781));
#4965=CARTESIAN_POINT('Ctrl Pts',(-0.0685189133228557,4.43186426146726,
0.0740806805887595));
#4966=CARTESIAN_POINT('Ctrl Pts',(0.019234587986906,4.40530395835522,0.0789975513127408));
#4967=CARTESIAN_POINT('Ctrl Pts',(0.0896717890705892,4.46399578496072,0.0839144220367222));
#4968=CARTESIAN_POINT('Ctrl Pts',(0.0793797393671634,4.55510155446933,0.0888312927607035));
#4969=CARTESIAN_POINT('Ctrl Pts',(-0.00237542169097266,4.59660023696502,
0.0937481634846851));
#4970=CARTESIAN_POINT('Ctrl Pts',(-0.0819927078182505,4.55113363588468,
0.0986650342086661));
#4971=CARTESIAN_POINT('Ctrl Pts',(-0.0877928577961226,4.45963018263427,
0.103581904932648));
#4972=CARTESIAN_POINT('Ctrl Pts',(-0.0145581197138121,4.40447586570864,
0.108498775656629));
#4973=CARTESIAN_POINT('Ctrl Pts',(0.071788240792874,4.43530870928986,0.11341564638061));
#4974=CARTESIAN_POINT('Ctrl Pts',(0.0934948276803777,4.52440280826305,0.118332517104592));
#4975=CARTESIAN_POINT('Ctrl Pts',(0.0310522230413569,4.5914845109656,0.123249387828573));
#4976=CARTESIAN_POINT('Ctrl Pts',(-0.0593895195209758,4.57629262400849,
0.128166258552555));
#4977=CARTESIAN_POINT('Ctrl Pts',(-0.0962761322139208,4.49223602870433,
0.133083129276536));
#4978=CARTESIAN_POINT('Ctrl Pts',(-0.0631933997474812,4.44117176122205,
0.136361043092523));
#4979=CARTESIAN_POINT('Ctrl Pts',(-0.0395164788893217,4.4281498232696,0.138000000000517));
#4980=CARTESIAN_POINT('Ctrl Pts',(-0.0395164788893227,4.4281498232696,0.138000000000517));
#4981=CARTESIAN_POINT('Ctrl Pts',(-0.0431224743191687,4.43065673883175,
0.138000000000517));
#4982=CARTESIAN_POINT('Ctrl Pts',(-0.0464973336462981,4.43346778107474,
0.138000000000517));
#4983=CARTESIAN_POINT('Ctrl Pts',(-0.049621838614762,4.43654110652043,0.138000000000517));
#4984=CARTESIAN_POINT('Ctrl Pts',(-0.0517299700056875,4.43861470663052,
0.138000000000517));
#4985=CARTESIAN_POINT('Ctrl Pts',(-0.0537239849711072,4.44080787044235,
0.138000000000517));
#4986=CARTESIAN_POINT('Ctrl Pts',(-0.0555957941897043,4.44310885551841,
0.138000000000517));
#4987=CARTESIAN_POINT('Ctrl Pts',(-0.0574549145958953,4.44539424244072,
0.138000000000517));
#4988=CARTESIAN_POINT('Ctrl Pts',(-0.0591883248234552,4.44777993607033,
0.138000000000517));
#4989=CARTESIAN_POINT('Ctrl Pts',(-0.0607861984610931,4.45024908329863,
0.138000000000517));
#4990=CARTESIAN_POINT('Ctrl Pts',(-0.0631754535138423,4.45394112899751,
0.138000000000517));
#4991=CARTESIAN_POINT('Ctrl Pts',(-0.0652647052513544,4.45782286857027,
0.138000000000517));
#4992=CARTESIAN_POINT('Ctrl Pts',(-0.0670243476021495,4.46185433742655,
0.138000000000517));
#4993=CARTESIAN_POINT('Ctrl Pts',(-0.0681035579886866,4.46432688706753,
0.138000000000517));
#4994=CARTESIAN_POINT('Ctrl Pts',(-0.0690553859692325,4.46684903955724,
0.138000000000517));
#4995=CARTESIAN_POINT('Ctrl Pts',(-0.0698717792472841,4.46940446893862,
0.138000000000517));
#4996=CARTESIAN_POINT('Ctrl Pts',(-0.0712270638261931,4.47364670626001,
0.138000000000517));
#4997=CARTESIAN_POINT('Ctrl Pts',(-0.0722124251271419,4.47798657964348,
0.138000000000517));
#4998=CARTESIAN_POINT('Ctrl Pts',(-0.0727941216474109,4.48238055933852,
0.138000000000517));
#4999=CARTESIAN_POINT('Ctrl Pts',(-0.0731266735606367,4.48489256741033,
0.138000000000517));
#5000=CARTESIAN_POINT('Ctrl Pts',(-0.0733270481518426,4.48742225223647,
0.138000000000517));
#5001=CARTESIAN_POINT('Ctrl Pts',(-0.073386832252769,4.48996097216504,0.138000000000517));
#5002=CARTESIAN_POINT('Ctrl Pts',(-0.0734197675549808,4.4913595632082,0.138000000000517));
#5003=CARTESIAN_POINT('Ctrl Pts',(-0.0734098977071547,4.49275999853202,
0.138000000000517));
#5004=CARTESIAN_POINT('Ctrl Pts',(-0.0733561912953773,4.49415660459648,
0.138000000000517));
#5005=CARTESIAN_POINT('Ctrl Pts',(-0.0731925114000818,4.49841301136126,
0.138000000000517));
#5006=CARTESIAN_POINT('Ctrl Pts',(-0.072622952604592,4.50264545560657,0.138000000000517));
#5007=CARTESIAN_POINT('Ctrl Pts',(-0.0716759818935662,4.50680642171305,
0.138000000000517));
#5008=CARTESIAN_POINT('Ctrl Pts',(-0.0708384683695422,4.5104864356212,0.138000000000517));
#5009=CARTESIAN_POINT('Ctrl Pts',(-0.0697054354329546,4.51411067093498,
0.138000000000517));
#5010=CARTESIAN_POINT('Ctrl Pts',(-0.0682900807226886,4.5176416419309,0.138000000000517));
#5011=CARTESIAN_POINT('Ctrl Pts',(-0.0674029285848507,4.51985487402385,
0.138000000000517));
#5012=CARTESIAN_POINT('Ctrl Pts',(-0.0664078856025088,4.52202319521141,
0.138000000000517));
#5013=CARTESIAN_POINT('Ctrl Pts',(-0.0653117487175889,4.5241339293322,0.138000000000517));
#5014=CARTESIAN_POINT('Ctrl Pts',(-0.0626264544092368,4.52930476374072,
0.138000000000517));
#5015=CARTESIAN_POINT('Ctrl Pts',(-0.0593328156229227,4.53414166273354,
0.138000000000517));
#5016=CARTESIAN_POINT('Ctrl Pts',(-0.0554819402919119,4.53849837786008,
0.138000000000517));
#5017=CARTESIAN_POINT('Ctrl Pts',(-0.0549057946755687,4.53915020429071,
0.138000000000517));
#5018=CARTESIAN_POINT('Ctrl Pts',(-0.0543171324714243,4.53979119695882,
0.138000000000517));
#5019=CARTESIAN_POINT('Ctrl Pts',(-0.0537160855588343,4.540420768671,0.138000000000517));
#5020=CARTESIAN_POINT('Ctrl Pts',(-0.0537693012839269,4.54039089921552,
-0.236999999999483));
#5021=CARTESIAN_POINT('Ctrl Pts',(-0.0577357073693147,4.53631402306351,
-0.236999999999483));
#5022=CARTESIAN_POINT('Ctrl Pts',(-0.0611095438918181,4.53173260069004,
-0.236999999999483));
#5023=CARTESIAN_POINT('Ctrl Pts',(-0.0638924273643505,4.52679751837436,
-0.236999999999483));
#5024=CARTESIAN_POINT('Ctrl Pts',(-0.0652081790704629,4.52446420365214,
-0.236999999999483));
#5025=CARTESIAN_POINT('Ctrl Pts',(-0.0663914593120313,4.52205114355926,
-0.236999999999483));
#5026=CARTESIAN_POINT('Ctrl Pts',(-0.0674400583898751,4.51957135840857,
-0.236999999999483));
#5027=CARTESIAN_POINT('Ctrl Pts',(-0.0682203033952097,4.51772619182487,
-0.236999999999483));
#5028=CARTESIAN_POINT('Ctrl Pts',(-0.0689251696352969,4.51584518338045,
-0.236999999999483));
#5029=CARTESIAN_POINT('Ctrl Pts',(-0.069550984592263,4.51394329889657,-0.236999999999483));
#5030=CARTESIAN_POINT('Ctrl Pts',(-0.0711338782102329,4.50913280215445,
-0.236999999999483));
#5031=CARTESIAN_POINT('Ctrl Pts',(-0.072219255265569,4.50417436940483,-0.236999999999483));
#5032=CARTESIAN_POINT('Ctrl Pts',(-0.0727975700511357,4.49915556386771,
-0.236999999999483));
#5033=CARTESIAN_POINT('Ctrl Pts',(-0.0731029327697598,4.49650552596222,
-0.236999999999483));
#5034=CARTESIAN_POINT('Ctrl Pts',(-0.0732666067485915,4.49383838322307,
-0.236999999999483));
#5035=CARTESIAN_POINT('Ctrl Pts',(-0.0732847503674201,4.49116591790954,
-0.236999999999483));
#5036=CARTESIAN_POINT('Ctrl Pts',(-0.0733002738923391,4.48887937946968,
-0.236999999999483));
#5037=CARTESIAN_POINT('Ctrl Pts',(-0.073209070093778,4.48659766554298,-0.236999999999483));
#5038=CARTESIAN_POINT('Ctrl Pts',(-0.073010666451165,4.48433113095655,-0.236999999999483));
#5039=CARTESIAN_POINT('Ctrl Pts',(-0.0727173302079013,4.48098010003768,
-0.236999999999483));
#5040=CARTESIAN_POINT('Ctrl Pts',(-0.072189877393494,4.47766040713484,-0.236999999999483));
#5041=CARTESIAN_POINT('Ctrl Pts',(-0.0714236520741296,4.47439570877133,
-0.236999999999483));
#5042=CARTESIAN_POINT('Ctrl Pts',(-0.0705203001808202,4.47054674767172,
-0.236999999999483));
#5043=CARTESIAN_POINT('Ctrl Pts',(-0.069285333657252,4.46677404392208,-0.236999999999483));
#5044=CARTESIAN_POINT('Ctrl Pts',(-0.0677479982042307,4.46310174668535,
-0.236999999999483));
#5045=CARTESIAN_POINT('Ctrl Pts',(-0.0667165262030645,4.46063782654859,
-0.236999999999483));
#5046=CARTESIAN_POINT('Ctrl Pts',(-0.0655520210987484,4.45822739817417,
-0.236999999999483));
#5047=CARTESIAN_POINT('Ctrl Pts',(-0.0642669694056303,4.45588184367347,
-0.236999999999483));
#5048=CARTESIAN_POINT('Ctrl Pts',(-0.0622073900143188,4.45212257411513,
-0.236999999999483));
#5049=CARTESIAN_POINT('Ctrl Pts',(-0.059837121304808,4.44852613997942,-0.236999999999483));
#5050=CARTESIAN_POINT('Ctrl Pts',(-0.0571915420006761,4.44512246924344,
-0.236999999999483));
#5051=CARTESIAN_POINT('Ctrl Pts',(-0.0556524393359379,4.44314233631322,
-0.236999999999483));
#5052=CARTESIAN_POINT('Ctrl Pts',(-0.0540208687326239,4.4412291021309,-0.236999999999483));
#5053=CARTESIAN_POINT('Ctrl Pts',(-0.0523099685769212,4.4393954004827,-0.236999999999483));
#5054=CARTESIAN_POINT('Ctrl Pts',(-0.0484143203605011,4.4352201383954,-0.236999999999483));
#5055=CARTESIAN_POINT('Ctrl Pts',(-0.0441009570625466,4.43144566641925,
-0.236999999999483));
#5056=CARTESIAN_POINT('Ctrl Pts',(-0.0394423551567972,4.42814330094821,
-0.236999999999483));
#5057=CARTESIAN_POINT('Ctrl Pts',(0.0672823733729806,4.49994489762817,-0.18692070600548));
#5058=CARTESIAN_POINT('Ctrl Pts',(0.0673185070898384,4.49584671078595,-0.187224234923543));
#5059=CARTESIAN_POINT('Ctrl Pts',(0.0669755728613497,4.49175455671376,-0.187527763841606));
#5060=CARTESIAN_POINT('Ctrl Pts',(0.0662316264089203,4.48773665743903,-0.187831292759669));
#5061=CARTESIAN_POINT('Ctrl Pts',(0.0622145588254821,4.46604131515021,-0.189470249667663));
#5062=CARTESIAN_POINT('Ctrl Pts',(0.0465053909009,4.44651098053681,-0.191109206575657));
#5063=CARTESIAN_POINT('Ctrl Pts',(0.0261753800718678,4.43793667253989,-0.192748163483651));
#5064=CARTESIAN_POINT('Ctrl Pts',(0.00584536924283545,4.42936236454297,
-0.194387120391644));
#5065=CARTESIAN_POINT('Ctrl Pts',(-0.0191054844906471,4.43174408316252,
-0.196026077299638));
#5066=CARTESIAN_POINT('Ctrl Pts',(-0.0374458663242156,4.44401032919722,
-0.197665034207632));
#5067=CARTESIAN_POINT('Ctrl Pts',(-0.0557862481577841,4.45627657523192,
-0.199303991115626));
#5068=CARTESIAN_POINT('Ctrl Pts',(-0.0675161580914386,4.47842734868176,
-0.20094294802362));
#5069=CARTESIAN_POINT('Ctrl Pts',(-0.0673555857833895,4.50049057064956,
-0.202581904931613));
#5070=CARTESIAN_POINT('Ctrl Pts',(-0.0671950134753405,4.52255379261736,
-0.204220861839607));
#5071=CARTESIAN_POINT('Ctrl Pts',(-0.0551439589255879,4.54452946310312,
-0.205859818747601));
#5072=CARTESIAN_POINT('Ctrl Pts',(-0.036626940441296,4.55652796323004,-0.207498775655595));
#5073=CARTESIAN_POINT('Ctrl Pts',(-0.018109921957004,4.56852646335695,-0.209137732563588));
#5074=CARTESIAN_POINT('Ctrl Pts',(0.00687306046182744,4.57054779312503,
-0.210776689471582));
#5075=CARTESIAN_POINT('Ctrl Pts',(0.0270760509419338,4.56167717739436,-0.212415646379576));
#5076=CARTESIAN_POINT('Ctrl Pts',(0.04727904142204,4.55280656166369,-0.21405460328757));
#5077=CARTESIAN_POINT('Ctrl Pts',(0.0627020399634212,4.53304400043428,-0.215693560195564));
#5078=CARTESIAN_POINT('Ctrl Pts',(0.0664030009420126,4.51129522081647,-0.217332517103557));
#5079=CARTESIAN_POINT('Ctrl Pts',(0.067033911249167,4.50758766234496,-0.217611913404198));
#5080=CARTESIAN_POINT('Ctrl Pts',(0.0673241708125087,4.50382238295524,-0.217891309704839));
#5081=CARTESIAN_POINT('Ctrl Pts',(0.0672916626230187,4.50005221269793,-0.21817070600548));
#5082=CARTESIAN_POINT('Ctrl Pts',(0.039516478889321,4.4281498232696,-0.236999999999483));
#5083=CARTESIAN_POINT('Ctrl Pts',(0.0631933997474805,4.44117176122205,-0.235361043091489));
#5084=CARTESIAN_POINT('Ctrl Pts',(0.0962761674364087,4.4922359441499,-0.232083129275501));
#5085=CARTESIAN_POINT('Ctrl Pts',(0.0593894996817914,4.57629265396545,-0.22716625855152));
#5086=CARTESIAN_POINT('Ctrl Pts',(-0.031052214807423,4.59148448226153,-0.222249387827539));
#5087=CARTESIAN_POINT('Ctrl Pts',(-0.093494821876606,4.52440281850774,-0.217332517103558));
#5088=CARTESIAN_POINT('Ctrl Pts',(-0.0717882343940895,4.43530870763367,
-0.212415646379576));
#5089=CARTESIAN_POINT('Ctrl Pts',(0.0145581184992206,4.4044758774923,-0.207498775655595));
#5090=CARTESIAN_POINT('Ctrl Pts',(0.0877928504613047,4.45963018379152,-0.202581904931613));
#5091=CARTESIAN_POINT('Ctrl Pts',(0.0819927011729358,4.55113363286028,-0.197665034207632));
#5092=CARTESIAN_POINT('Ctrl Pts',(0.00237542141437526,4.59660022836499,
-0.19274816348365));
#5093=CARTESIAN_POINT('Ctrl Pts',(-0.0793797327756915,4.55510155027839,
-0.187831292759669));
#5094=CARTESIAN_POINT('Ctrl Pts',(-0.0896717817189493,4.46399578774009,
-0.182914422035688));
#5095=CARTESIAN_POINT('Ctrl Pts',(-0.0192345863827417,4.40530396625321,
-0.177997551311706));
#5096=CARTESIAN_POINT('Ctrl Pts',(0.0685189076681385,4.43186426702631,-0.173080680587725));
#5097=CARTESIAN_POINT('Ctrl Pts',(0.0945867193464287,4.51976540716437,-0.168163809863744));
#5098=CARTESIAN_POINT('Ctrl Pts',(0.0355006424469178,4.58987224575718,-0.163246939139762));
#5099=CARTESIAN_POINT('Ctrl Pts',(-0.0555456942864867,4.57906954822065,
-0.158330068415781));
#5100=CARTESIAN_POINT('Ctrl Pts',(-0.0965857474566836,4.49708266220676,
-0.1534131976918));
#5101=CARTESIAN_POINT('Ctrl Pts',(-0.0506722583180841,4.41772218142492,
-0.148496326967818));
#5102=CARTESIAN_POINT('Ctrl Pts',(0.0408600952586141,4.41243419620458,-0.143579456243837));
#5103=CARTESIAN_POINT('Ctrl Pts',(0.0956072091955455,4.48597934039532,-0.138662585519855));
#5104=CARTESIAN_POINT('Ctrl Pts',(0.0642817345074046,4.57214690517759,-0.133745714795874));
#5105=CARTESIAN_POINT('Ctrl Pts',(-0.0249148495245893,4.59336256002554,
-0.128828844071893));
#5106=CARTESIAN_POINT('Ctrl Pts',(-0.0916812674892222,4.53052642342379,
-0.123911973347911));
#5107=CARTESIAN_POINT('Ctrl Pts',(-0.0759095163760085,4.44020817232691,
-0.11899510262393));
#5108=CARTESIAN_POINT('Ctrl Pts',(0.00820152218888952,4.4037188888226,-0.114078231899948));
#5109=CARTESIAN_POINT('Ctrl Pts',(0.084928951838357,4.45390888942014,-0.109161361175967));
#5110=CARTESIAN_POINT('Ctrl Pts',(0.0851971398591696,4.54559347205979,-0.104244490451986));
#5111=CARTESIAN_POINT('Ctrl Pts',(0.00876464382587348,4.59623148317256,
-0.0993276197280043));
#5112=CARTESIAN_POINT('Ctrl Pts',(-0.0755584243341187,4.56023488895147,
-0.0944107490040231));
#5113=CARTESIAN_POINT('Ctrl Pts',(-0.0918582837071866,4.4700104510002,-0.0894938782800417));
#5114=CARTESIAN_POINT('Ctrl Pts',(-0.0254606111184726,4.40678479407118,
-0.0845770075560603));
#5115=CARTESIAN_POINT('Ctrl Pts',(0.0638585620337302,4.42747826953357,-0.0796601368320789));
#5116=CARTESIAN_POINT('Ctrl Pts',(0.0956875964448822,4.51346110030655,-0.0747432661080975));
#5117=CARTESIAN_POINT('Ctrl Pts',(0.0413716720563062,4.58732526602382,-0.0698263953841163));
#5118=CARTESIAN_POINT('Ctrl Pts',(-0.0501900513405266,4.58257285317402,
-0.0649095246601348));
#5119=CARTESIAN_POINT('Ctrl Pts',(-0.0965670270216114,4.50348233069524,
-0.0599926539361535));
#5120=CARTESIAN_POINT('Ctrl Pts',(-0.0560073163059014,4.42125675994046,
-0.0550757832121721));
#5121=CARTESIAN_POINT('Ctrl Pts',(0.0349742686642879,4.40992160155585,-0.0501589124881907));
#5122=CARTESIAN_POINT('Ctrl Pts',(0.0944694641224115,4.47968159250118,-0.0452420417642094));
#5123=CARTESIAN_POINT('Ctrl Pts',(0.0689163524120269,4.56773369696897,-0.040325171040228));
#5124=CARTESIAN_POINT('Ctrl Pts',(-0.0186802901188186,4.59480698337117,
-0.0354083003162466));
#5125=CARTESIAN_POINT('Ctrl Pts',(-0.0894595719630032,4.53652810314073,
-0.0304914295922652));
#5126=CARTESIAN_POINT('Ctrl Pts',(-0.0797008172452996,4.44536395818423,
-0.0255745588682839));
#5127=CARTESIAN_POINT('Ctrl Pts',(0.00181043072118733,4.40338716609337,
-0.0206576881443025));
#5128=CARTESIAN_POINT('Ctrl Pts',(0.0816917968045348,4.4483882991008,-0.0157408174203211));
#5129=CARTESIAN_POINT('Ctrl Pts',(0.088028244513238,4.53985405252642,-0.0108239466963397));
#5130=CARTESIAN_POINT('Ctrl Pts',(0.0151152411065416,4.59544027881964,-0.0059070759723584));
#5131=CARTESIAN_POINT('Ctrl Pts',(-0.0714056056439921,4.56510419969139,
-0.000990205248376998));
#5132=CARTESIAN_POINT('Ctrl Pts',(-0.0936419141177751,4.47615656788107,
0.00392666547560435));
#5133=CARTESIAN_POINT('Ctrl Pts',(-0.0315749363421442,4.40867453405553,
0.00884353619958577));
#5134=CARTESIAN_POINT('Ctrl Pts',(0.05891810386318,4.42341035075274,0.0137604069235671));
#5135=CARTESIAN_POINT('Ctrl Pts',(0.0963687663894071,4.50709776016998,0.0186772776475485));
#5136=CARTESIAN_POINT('Ctrl Pts',(0.0470612312110885,4.58439524780854,0.0235941483715299));
#5137=CARTESIAN_POINT('Ctrl Pts',(-0.0446142594211288,4.58571397312709,
0.0285110190955112));
#5138=CARTESIAN_POINT('Ctrl Pts',(-0.0961247372162646,4.50986672339651,
0.0334278898194926));
#5139=CARTESIAN_POINT('Ctrl Pts',(-0.0610967101779268,4.42513672898684,
0.038344760543474));
#5140=CARTESIAN_POINT('Ctrl Pts',(0.028935034959588,4.40780411576501,0.0432616312674554));
#5141=CARTESIAN_POINT('Ctrl Pts',(0.0929173495983723,4.47347296681638,0.0481785019914367));
#5142=CARTESIAN_POINT('Ctrl Pts',(0.0732486838289745,4.56302339007229,0.0530953727154181));
#5143=CARTESIAN_POINT('Ctrl Pts',(-0.0123637936759069,4.5958355560242,0.0580122434393994));
#5144=CARTESIAN_POINT('Ctrl Pts',(-0.0868454817586134,4.54236956183017,
0.0629291141633808));
#5145=CARTESIAN_POINT('Ctrl Pts',(-0.0831425278699175,4.4507593900425,0.0678459848873622));
#5146=CARTESIAN_POINT('Ctrl Pts',(-0.00458860205329454,4.40347922035759,
0.0727628556113437));
#5147=CARTESIAN_POINT('Ctrl Pts',(0.0780963191604087,4.44309408000314,0.0776797263353249));
#5148=CARTESIAN_POINT('Ctrl Pts',(0.09047323161483,4.53393984645024,0.0825965970593064));
#5149=CARTESIAN_POINT('Ctrl Pts',(0.0213995407309165,4.59423039730996,0.0875134677832877));
#5150=CARTESIAN_POINT('Ctrl Pts',(-0.0669395860412963,4.56968804458247,
0.0924303385072691));
#5151=CARTESIAN_POINT('Ctrl Pts',(-0.0950147966327231,4.48240706848009,
0.0973472092312505));
#5152=CARTESIAN_POINT('Ctrl Pts',(-0.0375507816093881,4.41096525651417,
0.102264079955232));
#5153=CARTESIAN_POINT('Ctrl Pts',(0.0537192477415799,4.41967756305239,0.107180950679213));
#5154=CARTESIAN_POINT('Ctrl Pts',(0.0966271687198842,4.50070492411373,0.112097821403195));
#5155=CARTESIAN_POINT('Ctrl Pts',(0.0525445019859128,4.58109175115976,0.117014692127176));
#5156=CARTESIAN_POINT('Ctrl Pts',(-0.0388430494893008,4.58848576954414,
0.121931562851157));
#5157=CARTESIAN_POINT('Ctrl Pts',(-0.0952602689198574,4.51619445689661,
0.126848433575139));
#5158=CARTESIAN_POINT('Ctrl Pts',(-0.0659192121824819,4.42937204516378,
0.13176530429912));
#5159=CARTESIAN_POINT('Ctrl Pts',(0.0227709278266507,4.4060363550757,0.136682175023101));
#5160=CARTESIAN_POINT('Ctrl Pts',(0.0909548178493609,4.46749458369015,0.141599045747083));
#5161=CARTESIAN_POINT('Ctrl Pts',(0.0817919682245176,4.52764491604835,0.14487695956307));
#5162=CARTESIAN_POINT('Ctrl Pts',(0.0655625681082839,4.54924986967543,0.146515916471064));
#5163=CARTESIAN_POINT('Ctrl Pts',(0.0371470965168922,4.43245791313453,-0.239838638822998));
#5164=CARTESIAN_POINT('Ctrl Pts',(0.0594043646000198,4.4446990641569,-0.238199681915005));
#5165=CARTESIAN_POINT('Ctrl Pts',(0.0905035110555671,4.49270147188888,-0.234921768099017));
#5166=CARTESIAN_POINT('Ctrl Pts',(0.055828543908188,4.57171819605492,-0.230004897375036));
#5167=CARTESIAN_POINT('Ctrl Pts',(-0.0291903442041323,4.58599913220723,
-0.225088026651054));
#5168=CARTESIAN_POINT('Ctrl Pts',(-0.087888933166525,4.52293964138177,-0.220171155927073));
#5169=CARTESIAN_POINT('Ctrl Pts',(-0.0674838585513545,4.43918755544832,
-0.215254285203091));
#5170=CARTESIAN_POINT('Ctrl Pts',(0.0136852231827023,4.41020344174834,-0.21033741447911));
#5171=CARTESIAN_POINT('Ctrl Pts',(0.0825288482486859,4.4620507317146,-0.205420543755129));
#5172=CARTESIAN_POINT('Ctrl Pts',(0.0770764721391927,4.54806769349162,-0.200503673031147));
#5173=CARTESIAN_POINT('Ctrl Pts',(0.00223299269135881,4.59080814150164,
-0.195586802307166));
#5174=CARTESIAN_POINT('Ctrl Pts',(-0.0746201756275555,4.5517976971621,-0.190669931583185));
#5175=CARTESIAN_POINT('Ctrl Pts',(-0.0842951200101912,4.46615457688982,
-0.185753060859203));
#5176=CARTESIAN_POINT('Ctrl Pts',(-0.0180812930935326,4.41098187884575,
-0.180836190135222));
#5177=CARTESIAN_POINT('Ctrl Pts',(0.0644105585295001,4.43594964125949,-0.175919319411241));
#5178=CARTESIAN_POINT('Ctrl Pts',(0.0889153611742342,4.51858028620635,-0.171002448687259));
#5179=CARTESIAN_POINT('Ctrl Pts',(0.0333720470156494,4.58448356435507,-0.166085577963278));
#5180=CARTESIAN_POINT('Ctrl Pts',(-0.0522152105843498,4.57432858953669,
-0.161168707239297));
#5181=CARTESIAN_POINT('Ctrl Pts',(-0.0907945288591792,4.49725758388339,
-0.156251836515315));
#5182=CARTESIAN_POINT('Ctrl Pts',(-0.0476339826668981,4.42265550591265,
-0.151334965791334));
#5183=CARTESIAN_POINT('Ctrl Pts',(0.0384101505225794,4.41768458484678,-0.146418095067352));
#5184=CARTESIAN_POINT('Ctrl Pts',(0.0898746631157312,4.48682001002609,-0.141501224343371));
#5185=CARTESIAN_POINT('Ctrl Pts',(0.0604274435155988,4.56782102366796,-0.13658435361939));
#5186=CARTESIAN_POINT('Ctrl Pts',(-0.0234209713518751,4.58776460165003,
-0.131667482895408));
#5187=CARTESIAN_POINT('Ctrl Pts',(-0.0861841183206611,4.52869607892988,
-0.126750612171427));
#5188=CARTESIAN_POINT('Ctrl Pts',(-0.0713580311461463,4.4437932514252,-0.121833741447446));
#5189=CARTESIAN_POINT('Ctrl Pts',(0.00770976425276721,4.40949184162694,
-0.116916870723464));
#5190=CARTESIAN_POINT('Ctrl Pts',(0.0798366671244716,4.45667248243255,-0.111999999999483));
#5191=CARTESIAN_POINT('Ctrl Pts',(0.0800887747659878,4.54285971712938,-0.107083129275501));
#5192=CARTESIAN_POINT('Ctrl Pts',(0.00823912148265539,4.59046150603111,
-0.10216625855152));
#5193=CARTESIAN_POINT('Ctrl Pts',(-0.0710279903547355,4.5566232441871,-0.0972493878275387));
#5194=CARTESIAN_POINT('Ctrl Pts',(-0.0863505207613288,4.47180860485283,
-0.0923325171035574));
#5195=CARTESIAN_POINT('Ctrl Pts',(-0.0239340094355561,4.41237391719089,
-0.0874156463795759));
#5196=CARTESIAN_POINT('Ctrl Pts',(0.0600296441882118,4.43182662532373,-0.0824987756555946));
#5197=CARTESIAN_POINT('Ctrl Pts',(0.0899502303978821,4.51265398148736,-0.0775819049316132));
#5198=CARTESIAN_POINT('Ctrl Pts',(0.0388910535082147,4.58208929986995,-0.0726650342076318));
#5199=CARTESIAN_POINT('Ctrl Pts',(-0.0471806885060845,4.57762183860363,
-0.0677481634836506));
#5200=CARTESIAN_POINT('Ctrl Pts',(-0.090776930889218,4.50327353241168,-0.0628312927596691));
#5201=CARTESIAN_POINT('Ctrl Pts',(-0.0526491540477224,4.42597815339931,
-0.0579144220356878));
#5202=CARTESIAN_POINT('Ctrl Pts',(0.032877234262669,4.41532264373899,-0.0529975513117064));
#5203=CARTESIAN_POINT('Ctrl Pts',(0.0888051364971857,4.48089987099958,-0.048080680587725));
#5204=CARTESIAN_POINT('Ctrl Pts',(0.0647841727450456,4.56367242855315,-0.0431638098637437));
#5205=CARTESIAN_POINT('Ctrl Pts',(-0.0175602320730764,4.58912241831131,
-0.0382469391397623));
#5206=CARTESIAN_POINT('Ctrl Pts',(-0.084095634213189,4.53433790183453,-0.0333300684157809));
#5207=CARTESIAN_POINT('Ctrl Pts',(-0.0749220080812014,4.44863989971587,
-0.0284131976917995));
#5208=CARTESIAN_POINT('Ctrl Pts',(0.00170187847266087,4.4091800087768,-0.0234963269678182));
#5209=CARTESIAN_POINT('Ctrl Pts',(0.0767936098010109,4.45148290311813,-0.0185794562438368));
#5210=CARTESIAN_POINT('Ctrl Pts',(0.082750128226367,4.53746442945827,-0.0136625855198554));
#5211=CARTESIAN_POINT('Ctrl Pts',(0.0142089410808445,4.58971774177659,-0.00874571479587406));
#5212=CARTESIAN_POINT('Ctrl Pts',(-0.0671241719722487,4.56120059422209,
-0.00382884407189266));
#5213=CARTESIAN_POINT('Ctrl Pts',(-0.0880272058525833,4.47758620456299,
0.00108802665208869));
#5214=CARTESIAN_POINT('Ctrl Pts',(-0.0296817236956132,4.41415034959489,
0.00600489737607011));
#5215=CARTESIAN_POINT('Ctrl Pts',(0.0553854126762618,4.4280026163072,0.0109217681000515));
#5216=CARTESIAN_POINT('Ctrl Pts',(0.0905905578355706,4.50667218308662,0.0158386388240328));
#5217=CARTESIAN_POINT('Ctrl Pts',(0.0442394703966026,4.57933496364116,0.0207555095480142));
#5218=CARTESIAN_POINT('Ctrl Pts',(-0.0419392174436425,4.58057461904732,
0.0256723802719956));
#5219=CARTESIAN_POINT('Ctrl Pts',(-0.0903611604929316,4.50927512107903,
0.030589250995977));
#5220=CARTESIAN_POINT('Ctrl Pts',(-0.0574333911733559,4.42962548202523,
0.0355061217199583));
#5221=CARTESIAN_POINT('Ctrl Pts',(0.0272001090829461,4.41333212101893,0.0404229924439397));
#5222=CARTESIAN_POINT('Ctrl Pts',(0.0873460857505024,4.47506351047271,0.0453398631679211));
#5223=CARTESIAN_POINT('Ctrl Pts',(0.0688567403880097,4.55924454859438,0.0502567338919025));
#5224=CARTESIAN_POINT('Ctrl Pts',(-0.0116224686485914,4.59008931841706,
0.0551736046158837));
#5225=CARTESIAN_POINT('Ctrl Pts',(-0.0816382831572331,4.53982911046027,
0.0600904753398652));
#5226=CARTESIAN_POINT('Ctrl Pts',(-0.0781573559752782,4.45371182498914,
0.0650073460638466));
#5227=CARTESIAN_POINT('Ctrl Pts',(-0.00431347245863559,4.4092665435272,
0.0699242167878279));
#5228=CARTESIAN_POINT('Ctrl Pts',(0.0734137146579045,4.44650612195417,0.0748410875118093));
#5229=CARTESIAN_POINT('Ctrl Pts',(0.085048515491583,4.53190483533178,0.0797579582357906));
#5230=CARTESIAN_POINT('Ctrl Pts',(0.0201164381870912,4.58858040397532,0.0846748289597722));
#5231=CARTESIAN_POINT('Ctrl Pts',(-0.0629259320002023,4.56550959475486,
0.0895916996837534));
#5232=CARTESIAN_POINT('Ctrl Pts',(-0.0893177712248668,4.48346192921147,
0.0945085704077348));
#5233=CARTESIAN_POINT('Ctrl Pts',(-0.0352992611673617,4.4163037218248,0.0994254411317162));
#5234=CARTESIAN_POINT('Ctrl Pts',(0.0504982765863428,4.42449364412953,0.104342311855697));
#5235=CARTESIAN_POINT('Ctrl Pts',(0.090833466530379,4.50066265732236,0.109259182579679));
#5236=CARTESIAN_POINT('Ctrl Pts',(0.0493939678221233,4.57622954250283,0.11417605330366));
#5237=CARTESIAN_POINT('Ctrl Pts',(-0.0365140455056944,4.58318022035399,
0.119092924027642));
#5238=CARTESIAN_POINT('Ctrl Pts',(-0.0895485251533212,4.51522344779407,
0.124009794751623));
#5239=CARTESIAN_POINT('Ctrl Pts',(-0.0619667390943046,4.43360685139888,
0.128926665475604));
#5240=CARTESIAN_POINT('Ctrl Pts',(0.0214055978045243,4.4116703541108,0.133843536199586));
#5241=CARTESIAN_POINT('Ctrl Pts',(0.0855012261287184,4.46944358731036,0.138760406923567));
#5242=CARTESIAN_POINT('Ctrl Pts',(0.0768877750078037,4.52598734486252,0.142038320739555));
#5243=CARTESIAN_POINT('Ctrl Pts',(0.0616314791668319,4.54629687952212,0.143677277647549));
#5244=CARTESIAN_POINT('Ctrl Pts',(0.0347777141444634,4.43676600299946,-0.242677277646514));
#5245=CARTESIAN_POINT('Ctrl Pts',(0.0556153294525591,4.44822636709176,-0.24103832073852));
#5246=CARTESIAN_POINT('Ctrl Pts',(0.0847308546747256,4.49316699962786,-0.237760406922533));
#5247=CARTESIAN_POINT('Ctrl Pts',(0.0522675881345847,4.56714373814439,-0.232843536198551));
#5248=CARTESIAN_POINT('Ctrl Pts',(-0.0273284736008418,4.58051378215293,
-0.22792666547457));
#5249=CARTESIAN_POINT('Ctrl Pts',(-0.0822830444564439,4.5214764642558,-0.223009794750589));
#5250=CARTESIAN_POINT('Ctrl Pts',(-0.0631794827086194,4.44306640326296,
-0.218092924026607));
#5251=CARTESIAN_POINT('Ctrl Pts',(0.0128123278661841,4.4159310060044,-0.213176053302626));
#5252=CARTESIAN_POINT('Ctrl Pts',(0.0772648460360669,4.46447127963766,-0.208259182578645));
#5253=CARTESIAN_POINT('Ctrl Pts',(0.0721602431054496,4.54500175412297,-0.203342311854663));
#5254=CARTESIAN_POINT('Ctrl Pts',(0.00209056396834238,4.58501605463829,
-0.198425441130682));
#5255=CARTESIAN_POINT('Ctrl Pts',(-0.0698606184794195,4.54849384404582,
-0.1935085704067));
#5256=CARTESIAN_POINT('Ctrl Pts',(-0.078918458301433,4.46831336603955,-0.188591699682719));
#5257=CARTESIAN_POINT('Ctrl Pts',(-0.0169279998043235,4.41665979143829,
-0.183674828958738));
#5258=CARTESIAN_POINT('Ctrl Pts',(0.0603022093908618,4.44003501549267,-0.178757958234756));
#5259=CARTESIAN_POINT('Ctrl Pts',(0.0832440030020399,4.51739516524832,-0.173841087510775));
#5260=CARTESIAN_POINT('Ctrl Pts',(0.031243451584381,4.57909488295297,-0.168924216786794));
#5261=CARTESIAN_POINT('Ctrl Pts',(-0.048884726882213,4.56958763085273,-0.164007346062812));
#5262=CARTESIAN_POINT('Ctrl Pts',(-0.0850033102616747,4.49743250556001,
-0.159090475338831));
#5263=CARTESIAN_POINT('Ctrl Pts',(-0.0445957070157122,4.42758883040039,
-0.154173604614849));
#5264=CARTESIAN_POINT('Ctrl Pts',(0.0359602057865446,4.42293497348899,-0.149256733890868));
#5265=CARTESIAN_POINT('Ctrl Pts',(0.0841421170359171,4.48766067965686,-0.144339863166887));
#5266=CARTESIAN_POINT('Ctrl Pts',(0.0565731525237931,4.56349514215832,-0.139422992442905));
#5267=CARTESIAN_POINT('Ctrl Pts',(-0.0219270931791609,4.58216664327451,
-0.134506121718924));
#5268=CARTESIAN_POINT('Ctrl Pts',(-0.0806869691521001,4.52686573443598,
-0.129589250994943));
#5269=CARTESIAN_POINT('Ctrl Pts',(-0.0668065459162839,4.44737833052348,
-0.124672380270961));
#5270=CARTESIAN_POINT('Ctrl Pts',(0.00721800631664469,4.41526479443128,
-0.11975550954698));
#5271=CARTESIAN_POINT('Ctrl Pts',(0.0747443824105865,4.45943607544496,-0.114838638822998));
#5272=CARTESIAN_POINT('Ctrl Pts',(0.0749804096728058,4.54012596219896,-0.109921768099017));
#5273=CARTESIAN_POINT('Ctrl Pts',(0.00771359913943734,4.58469152888967,
-0.105004897375036));
#5274=CARTESIAN_POINT('Ctrl Pts',(-0.0664975563753523,4.55301159942273,
-0.100088026651054));
#5275=CARTESIAN_POINT('Ctrl Pts',(-0.0808427578154712,4.47360675870546,
-0.095171155927073));
#5276=CARTESIAN_POINT('Ctrl Pts',(-0.0224074077526395,4.41796304031061,
-0.0902542852030917));
#5277=CARTESIAN_POINT('Ctrl Pts',(0.0562007263426935,4.43617498111389,-0.0853374144791102));
#5278=CARTESIAN_POINT('Ctrl Pts',(0.0842128643508821,4.51184686266816,-0.0804205437551289));
#5279=CARTESIAN_POINT('Ctrl Pts',(0.0364104349601232,4.57685333371609,-0.0755036730311476));
#5280=CARTESIAN_POINT('Ctrl Pts',(-0.0441713256716423,4.57267082403323,
-0.0705868023071661));
#5281=CARTESIAN_POINT('Ctrl Pts',(-0.0849868347568246,4.50306473412813,
-0.0656699315831848));
#5282=CARTESIAN_POINT('Ctrl Pts',(-0.0492909917895433,4.43069954685816,
-0.0607530608592034));
#5283=CARTESIAN_POINT('Ctrl Pts',(0.0307801998610502,4.42072368592212,-0.055836190135222));
#5284=CARTESIAN_POINT('Ctrl Pts',(0.0831408088719597,4.48211814949799,-0.0509193194112407));
#5285=CARTESIAN_POINT('Ctrl Pts',(0.0606519930780644,4.55961116013733,-0.0460024486872593));
#5286=CARTESIAN_POINT('Ctrl Pts',(-0.0164401740273343,4.58343785325146,
-0.0410855779632779));
#5287=CARTESIAN_POINT('Ctrl Pts',(-0.0787316964633748,4.53214770052832,
-0.0361687072392966));
#5288=CARTESIAN_POINT('Ctrl Pts',(-0.0701431989171031,4.45191584124751,
-0.0312518365153152));
#5289=CARTESIAN_POINT('Ctrl Pts',(0.00159332622413443,4.41497285146022,
-0.0263349657913338));
#5290=CARTESIAN_POINT('Ctrl Pts',(0.071895422797487,4.45457750713546,-0.0214180950673524));
#5291=CARTESIAN_POINT('Ctrl Pts',(0.077472011939496,4.53507480639012,-0.0165012243433711));
#5292=CARTESIAN_POINT('Ctrl Pts',(0.0133026410551474,4.58399520473354,-0.0115843536193897));
#5293=CARTESIAN_POINT('Ctrl Pts',(-0.0628427383005053,4.55729698875279,
-0.00666748289540832));
#5294=CARTESIAN_POINT('Ctrl Pts',(-0.0824124975873915,4.47901584124493,
-0.00175061217142696));
#5295=CARTESIAN_POINT('Ctrl Pts',(-0.0277885110490822,4.41962616513424,
0.00316625855255445));
#5296=CARTESIAN_POINT('Ctrl Pts',(0.0518527214893435,4.43259488186166,0.00808312927653582));
#5297=CARTESIAN_POINT('Ctrl Pts',(0.0848123492817342,4.50624660600326,0.0130000000005171));
#5298=CARTESIAN_POINT('Ctrl Pts',(0.0414177095821166,4.57427467947378,0.0179168707244985));
#5299=CARTESIAN_POINT('Ctrl Pts',(-0.0392641754661561,4.57543526496754,
0.0228337414484799));
#5300=CARTESIAN_POINT('Ctrl Pts',(-0.0845975837695987,4.50868351876156,
0.0277506121724613));
#5301=CARTESIAN_POINT('Ctrl Pts',(-0.0537700721687851,4.43411423506361,
0.0326674828964426));
#5302=CARTESIAN_POINT('Ctrl Pts',(0.0254651832063041,4.41886012627286,0.0375843536204241));
#5303=CARTESIAN_POINT('Ctrl Pts',(0.0817748219026326,4.47665405412905,0.0425012243444054));
#5304=CARTESIAN_POINT('Ctrl Pts',(0.0644647969470446,4.55546570711646,0.0474180950683867));
#5305=CARTESIAN_POINT('Ctrl Pts',(-0.0108811436212759,4.58434308080992,
0.0523349657923682));
#5306=CARTESIAN_POINT('Ctrl Pts',(-0.0764310845558528,4.53728865909037,
0.0572518365163494));
#5307=CARTESIAN_POINT('Ctrl Pts',(-0.0731721840806388,4.45666425993578,
0.062168707240331));
#5308=CARTESIAN_POINT('Ctrl Pts',(-0.00403834286397661,4.41505386669682,
0.0670855779643122));
#5309=CARTESIAN_POINT('Ctrl Pts',(0.0687311101554003,4.4499181639052,0.0720024486882937));
#5310=CARTESIAN_POINT('Ctrl Pts',(0.0796237993683362,4.52986982421332,0.076919319412275));
#5311=CARTESIAN_POINT('Ctrl Pts',(0.0188333356432658,4.58293041064068,0.0818361901362564));
#5312=CARTESIAN_POINT('Ctrl Pts',(-0.0589122779591082,4.56133114492725,
0.0867530608602378));
#5313=CARTESIAN_POINT('Ctrl Pts',(-0.0836207458170104,4.48451678994285,
0.0916699315842191));
#5314=CARTESIAN_POINT('Ctrl Pts',(-0.0330477407253354,4.42164218713544,
0.0965868023082005));
#5315=CARTESIAN_POINT('Ctrl Pts',(0.0472773054311058,4.42930972520668,0.101503673032182));
#5316=CARTESIAN_POINT('Ctrl Pts',(0.0850397643408738,4.50062039053098,0.106420543756163));
#5317=CARTESIAN_POINT('Ctrl Pts',(0.0462434336583339,4.57136733384589,0.111337414480145));
#5318=CARTESIAN_POINT('Ctrl Pts',(-0.0341850415220879,4.57787467116385,
0.116254285204126));
#5319=CARTESIAN_POINT('Ctrl Pts',(-0.0838367813867851,4.51425243869153,
0.121171155928107));
#5320=CARTESIAN_POINT('Ctrl Pts',(-0.0580142660061273,4.43784165763398,
0.126088026652089));
#5321=CARTESIAN_POINT('Ctrl Pts',(0.020040267782398,4.41730435314589,0.13100489737607));
#5322=CARTESIAN_POINT('Ctrl Pts',(0.0800476344080758,4.47139259093056,0.135921768100051));
#5323=CARTESIAN_POINT('Ctrl Pts',(0.0719835817910897,4.5243297736767,0.139199681916039));
#5324=CARTESIAN_POINT('Ctrl Pts',(0.05770039022538,4.54334388936882,0.140838638824033));
#5325=CARTESIAN_POINT('Ctrl Pts',(0.0324083317720346,4.4410740928644,-0.24551591647003));
#5326=CARTESIAN_POINT('Ctrl Pts',(0.0518262943050984,4.45175367002662,-0.243876959562036));
#5327=CARTESIAN_POINT('Ctrl Pts',(0.078958198293884,4.49363252736684,-0.240599045746048));
#5328=CARTESIAN_POINT('Ctrl Pts',(0.0487066323609813,4.56256928023386,-0.235682175022067));
#5329=CARTESIAN_POINT('Ctrl Pts',(-0.0254666029975512,4.57502843209863,
-0.230765304298086));
#5330=CARTESIAN_POINT('Ctrl Pts',(-0.0766771557463629,4.52001328712983,
-0.225848433574104));
#5331=CARTESIAN_POINT('Ctrl Pts',(-0.0588751068658843,4.44694525107761,
-0.220931562850123));
#5332=CARTESIAN_POINT('Ctrl Pts',(0.0119394325496657,4.42165857026045,-0.216014692126142));
#5333=CARTESIAN_POINT('Ctrl Pts',(0.0720008438234481,4.46689182756073,-0.21109782140216));
#5334=CARTESIAN_POINT('Ctrl Pts',(0.0672440140717065,4.54193581475431,-0.206180950678179));
#5335=CARTESIAN_POINT('Ctrl Pts',(0.001948135245326,4.57922396777494,-0.201264079954197));
#5336=CARTESIAN_POINT('Ctrl Pts',(-0.0651010613312836,4.54518999092953,
-0.196347209230216));
#5337=CARTESIAN_POINT('Ctrl Pts',(-0.0735417965926748,4.47047215518928,
-0.191430338506235));
#5338=CARTESIAN_POINT('Ctrl Pts',(-0.0157747065151143,4.42233770403084,
-0.186513467782253));
#5339=CARTESIAN_POINT('Ctrl Pts',(0.0561938602522234,4.44412038972584,-0.181596597058272));
#5340=CARTESIAN_POINT('Ctrl Pts',(0.0775726448298455,4.5162100442903,-0.176679726334291));
#5341=CARTESIAN_POINT('Ctrl Pts',(0.0291148561531125,4.57370620155086,-0.171762855610309));
#5342=CARTESIAN_POINT('Ctrl Pts',(-0.0455542431800761,4.56484667216877,
-0.166845984886328));
#5343=CARTESIAN_POINT('Ctrl Pts',(-0.0792120916641704,4.49760742723664,
-0.161929114162347));
#5344=CARTESIAN_POINT('Ctrl Pts',(-0.0415574313645262,4.43252215488812,
-0.157012243438365));
#5345=CARTESIAN_POINT('Ctrl Pts',(0.0335102610505098,4.4281853621312,-0.152095372714384));
#5346=CARTESIAN_POINT('Ctrl Pts',(0.0784095709561028,4.48850134928762,-0.147178501990402));
#5347=CARTESIAN_POINT('Ctrl Pts',(0.0527188615319873,4.5591692606487,-0.142261631266421));
#5348=CARTESIAN_POINT('Ctrl Pts',(-0.0204332150064467,4.576568684899,-0.13734476054244));
#5349=CARTESIAN_POINT('Ctrl Pts',(-0.075189819983539,4.52503538994207,-0.132427889818458));
#5350=CARTESIAN_POINT('Ctrl Pts',(-0.0622550606864216,4.45096340962176,
-0.127511019094477));
#5351=CARTESIAN_POINT('Ctrl Pts',(0.00672624838052228,4.42103774723561,
-0.122594148370496));
#5352=CARTESIAN_POINT('Ctrl Pts',(0.0696520976967012,4.46219966845737,-0.117677277646514));
#5353=CARTESIAN_POINT('Ctrl Pts',(0.0698720445796238,4.53739220726855,-0.112760406922533));
#5354=CARTESIAN_POINT('Ctrl Pts',(0.00718807679621938,4.57892155174822,
-0.107843536198551));
#5355=CARTESIAN_POINT('Ctrl Pts',(-0.0619671223959693,4.54939995465837,
-0.10292666547457));
#5356=CARTESIAN_POINT('Ctrl Pts',(-0.0753349948696133,4.47540491255809,
-0.0980097947505887));
#5357=CARTESIAN_POINT('Ctrl Pts',(-0.0208808060697229,4.42355216343033,
-0.0930929240266073));
#5358=CARTESIAN_POINT('Ctrl Pts',(0.0523718084971751,4.44052333690405,-0.0881760533026259));
#5359=CARTESIAN_POINT('Ctrl Pts',(0.078475498303882,4.51103974384897,-0.0832591825786446));
#5360=CARTESIAN_POINT('Ctrl Pts',(0.0339298164120316,4.57161736756221,-0.0783423118546632));
#5361=CARTESIAN_POINT('Ctrl Pts',(-0.0411619628372002,4.56771980946284,
-0.0734254411306818));
#5362=CARTESIAN_POINT('Ctrl Pts',(-0.0791967386244312,4.50285593584457,
-0.0685085704067004));
#5363=CARTESIAN_POINT('Ctrl Pts',(-0.0459328295313643,4.43542094031702,
-0.0635916996827191));
#5364=CARTESIAN_POINT('Ctrl Pts',(0.0286831654594313,4.42612472810526,-0.0586748289587377));
#5365=CARTESIAN_POINT('Ctrl Pts',(0.0774764812467339,4.48333642799639,-0.0537579582347564));
#5366=CARTESIAN_POINT('Ctrl Pts',(0.056519813411083,4.55554989172151,-0.048841087510775));
#5367=CARTESIAN_POINT('Ctrl Pts',(-0.0153201159815921,4.57775328819159,
-0.0439242167867936));
#5368=CARTESIAN_POINT('Ctrl Pts',(-0.0733677587135606,4.52995749922213,
-0.0390073460628122));
#5369=CARTESIAN_POINT('Ctrl Pts',(-0.0653643897530049,4.45519178277914,
-0.0340904753388309));
#5370=CARTESIAN_POINT('Ctrl Pts',(0.00148477397560797,4.42076569414365,
-0.0291736046148495));
#5371=CARTESIAN_POINT('Ctrl Pts',(0.066997235793963,4.45767211115279,-0.0242567338908681));
#5372=CARTESIAN_POINT('Ctrl Pts',(0.072193895652625,4.53268518332198,-0.0193398631668867));
#5373=CARTESIAN_POINT('Ctrl Pts',(0.0123963410294503,4.57827266769049,-0.0144229924429054));
#5374=CARTESIAN_POINT('Ctrl Pts',(-0.0585613046287618,4.55339338328349,
-0.00950612171892398));
#5375=CARTESIAN_POINT('Ctrl Pts',(-0.0767977893221997,4.48044547792685,
-0.00458925099494262));
#5376=CARTESIAN_POINT('Ctrl Pts',(-0.0258952984025512,4.4251019806736,0.000327619729038793));
#5377=CARTESIAN_POINT('Ctrl Pts',(0.0483200303024252,4.43718714741612,0.00524449045302016));
#5378=CARTESIAN_POINT('Ctrl Pts',(0.0790341407278978,4.5058210289199,0.0101613611770015));
#5379=CARTESIAN_POINT('Ctrl Pts',(0.0385959487676305,4.56921439530639,0.0150782319009829));
#5380=CARTESIAN_POINT('Ctrl Pts',(-0.0365891334886697,4.57029591088777,
0.0199951026249642));
#5381=CARTESIAN_POINT('Ctrl Pts',(-0.0788340070462658,4.50809191644409,
0.0249119733489456));
#5382=CARTESIAN_POINT('Ctrl Pts',(-0.0501067531642143,4.43860298810201,
0.029828844072927));
#5383=CARTESIAN_POINT('Ctrl Pts',(0.0237302573296622,4.42438813152679,0.0347457147969084));
#5384=CARTESIAN_POINT('Ctrl Pts',(0.0762035580547626,4.47824459778538,0.0396625855208898));
#5385=CARTESIAN_POINT('Ctrl Pts',(0.0600728535060797,4.55168686563855,0.0445794562448711));
#5386=CARTESIAN_POINT('Ctrl Pts',(-0.0101398185939603,4.57859684320278,
0.0494963269688525));
#5387=CARTESIAN_POINT('Ctrl Pts',(-0.0712238859544725,4.53474820772047,
0.0544131976928338));
#5388=CARTESIAN_POINT('Ctrl Pts',(-0.0681870121859995,4.45961669488242,
0.0593300684168153));
#5389=CARTESIAN_POINT('Ctrl Pts',(-0.00376321326931766,4.42084118986643,
0.0642469391407966));
#5390=CARTESIAN_POINT('Ctrl Pts',(0.0640485056528961,4.45333020585623,0.069163809864778));
#5391=CARTESIAN_POINT('Ctrl Pts',(0.0741990832450893,4.52783481309486,0.0740806805887594));
#5392=CARTESIAN_POINT('Ctrl Pts',(0.0175502330994405,4.57728041730604,0.0789975513127408));
#5393=CARTESIAN_POINT('Ctrl Pts',(-0.0548986239180143,4.55715269509964,
0.0839144220367221));
#5394=CARTESIAN_POINT('Ctrl Pts',(-0.077923720409154,4.48557165067422,0.0888312927607036));
#5395=CARTESIAN_POINT('Ctrl Pts',(-0.0307962202833091,4.42698065244607,
0.0937481634846848));
#5396=CARTESIAN_POINT('Ctrl Pts',(0.0440563342758689,4.43412580628382,0.0986650342086662));
#5397=CARTESIAN_POINT('Ctrl Pts',(0.0792460621513685,4.50057812373961,0.103581904932648));
#5398=CARTESIAN_POINT('Ctrl Pts',(0.0430928994945443,4.56650512518895,0.108498775656629));
#5399=CARTESIAN_POINT('Ctrl Pts',(-0.0318560375384815,4.5725691219737,0.11341564638061));
#5400=CARTESIAN_POINT('Ctrl Pts',(-0.0781250376202488,4.51328142958899,
0.118332517104592));
#5401=CARTESIAN_POINT('Ctrl Pts',(-0.0540617929179501,4.44207646386908,
0.123249387828573));
#5402=CARTESIAN_POINT('Ctrl Pts',(0.0186749377602716,4.42293835218099,0.128166258552554));
#5403=CARTESIAN_POINT('Ctrl Pts',(0.0745940426874332,4.47334159455077,0.133083129276536));
#5404=CARTESIAN_POINT('Ctrl Pts',(0.0670793885743757,4.52267220249087,0.136361043092523));
#5405=CARTESIAN_POINT('Ctrl Pts',(0.053769301283928,4.54039089921552,0.138000000000517));
#5406=CARTESIAN_POINT('Ctrl Pts',(0.053769301283928,4.54039089921552,0.138000000000517));
#5407=CARTESIAN_POINT('Ctrl Pts',(0.0570109988892615,4.53705891570835,0.138000000000517));
#5408=CARTESIAN_POINT('Ctrl Pts',(0.059860195880344,4.53338515975406,0.138000000000517));
#5409=CARTESIAN_POINT('Ctrl Pts',(0.0623166582847938,4.52945166758633,0.138000000000517));
#5410=CARTESIAN_POINT('Ctrl Pts',(0.064226558873919,4.52639337571308,0.138000000000517));
#5411=CARTESIAN_POINT('Ctrl Pts',(0.0659001860005622,4.52317245832559,0.138000000000517));
#5412=CARTESIAN_POINT('Ctrl Pts',(0.0673214547194176,4.51985023770612,0.138000000000517));
#5413=CARTESIAN_POINT('Ctrl Pts',(0.0690496153434661,4.51581065618097,0.138000000000517));
#5414=CARTESIAN_POINT('Ctrl Pts',(0.0704098211532953,4.51161581198972,0.138000000000517));
#5415=CARTESIAN_POINT('Ctrl Pts',(0.0713944350698733,4.50732376391767,0.138000000000517));
#5416=CARTESIAN_POINT('Ctrl Pts',(0.0719253129260517,4.50500960479323,0.138000000000517));
#5417=CARTESIAN_POINT('Ctrl Pts',(0.0723456787696845,4.50267070992362,0.138000000000517));
#5418=CARTESIAN_POINT('Ctrl Pts',(0.0726535684570612,4.50032441099966,0.138000000000517));
#5419=CARTESIAN_POINT('Ctrl Pts',(0.073267966351032,4.49564234084074,0.138000000000517));
#5420=CARTESIAN_POINT('Ctrl Pts',(0.073437736435531,4.4909217491775,0.138000000000517));
#5421=CARTESIAN_POINT('Ctrl Pts',(0.0731516405666445,4.48622996884311,0.138000000000517));
#5422=CARTESIAN_POINT('Ctrl Pts',(0.0729878243115258,4.48354349214839,0.138000000000517));
#5423=CARTESIAN_POINT('Ctrl Pts',(0.0726742761599486,4.4808662996403,0.138000000000517));
#5424=CARTESIAN_POINT('Ctrl Pts',(0.0722063969952713,4.47821049093316,0.138000000000517));
#5425=CARTESIAN_POINT('Ctrl Pts',(0.0719809541318896,4.47693081625489,0.138000000000517));
#5426=CARTESIAN_POINT('Ctrl Pts',(0.0717199820759821,4.47565819568263,0.138000000000517));
#5427=CARTESIAN_POINT('Ctrl Pts',(0.0714236834353447,4.47439573956065,0.138000000000517));
#5428=CARTESIAN_POINT('Ctrl Pts',(0.0703212056270127,4.46969835095472,0.138000000000517));
#5429=CARTESIAN_POINT('Ctrl Pts',(0.0687299520110496,4.46513414298008,0.138000000000517));
#5430=CARTESIAN_POINT('Ctrl Pts',(0.0667138077466531,4.46074548197587,0.138000000000517));
#5431=CARTESIAN_POINT('Ctrl Pts',(0.0654147891832314,4.4579178310911,0.138000000000517));
#5432=CARTESIAN_POINT('Ctrl Pts',(0.0639389449340199,4.45516299209166,0.138000000000517));
#5433=CARTESIAN_POINT('Ctrl Pts',(0.0622992981777578,4.45249274300819,0.138000000000517));
#5434=CARTESIAN_POINT('Ctrl Pts',(0.061036987397881,4.45043700497184,0.138000000000517));
#5435=CARTESIAN_POINT('Ctrl Pts',(0.059677148099924,4.44843164001056,0.138000000000517));
#5436=CARTESIAN_POINT('Ctrl Pts',(0.0582347576870726,4.44649386043562,0.138000000000517));
#5437=CARTESIAN_POINT('Ctrl Pts',(0.0542394478091626,4.44112636089599,0.138000000000517));
#5438=CARTESIAN_POINT('Ctrl Pts',(0.0496005805657782,4.4362519827418,0.138000000000517));
#5439=CARTESIAN_POINT('Ctrl Pts',(0.0444450614369057,4.43198070278384,0.138000000000517));
#5440=CARTESIAN_POINT('Ctrl Pts',(0.0428276801567231,4.43064072361322,0.138000000000517));
#5441=CARTESIAN_POINT('Ctrl Pts',(0.0411590954529343,4.42936026200515,0.138000000000517));
#5442=CARTESIAN_POINT('Ctrl Pts',(0.0394423598000351,4.42814331122763,0.138000000000517));
#5443=CARTESIAN_POINT('Ctrl Pts',(0.0671524787759298,4.49997773505232,-0.208954293993485));
#5444=CARTESIAN_POINT('Ctrl Pts',(0.0671150991170588,4.5125210025291,-0.208029846221717));
#5445=CARTESIAN_POINT('Ctrl Pts',(0.0637396691064467,4.52508308552294,-0.207105398449948));
#5446=CARTESIAN_POINT('Ctrl Pts',(0.0571541725592669,4.53564317572549,-0.206180950678179));
#5447=CARTESIAN_POINT('Ctrl Pts',(0.0454787211295799,4.55436519909452,-0.204541993770185));
#5448=CARTESIAN_POINT('Ctrl Pts',(0.0237134281874529,4.56679458343473,-0.202903036862191));
#5449=CARTESIAN_POINT('Ctrl Pts',(0.00165591562028772,4.5673369461306,-0.201264079954197));
#5450=CARTESIAN_POINT('Ctrl Pts',(-0.0204015969468773,4.56787930882647,
-0.199625123046204));
#5451=CARTESIAN_POINT('Ctrl Pts',(-0.0427513291390805,4.556534649878,-0.19798616613821));
#5452=CARTESIAN_POINT('Ctrl Pts',(-0.055332984445414,4.53840934778039,-0.196347209230216));
#5453=CARTESIAN_POINT('Ctrl Pts',(-0.0679146397517475,4.52028404568278,
-0.194708252322222));
#5454=CARTESIAN_POINT('Ctrl Pts',(-0.0707282181722112,4.49537810043603,
-0.193069295414228));
#5455=CARTESIAN_POINT('Ctrl Pts',(-0.062507159036183,4.47490271928625,-0.191430338506235));
#5456=CARTESIAN_POINT('Ctrl Pts',(-0.0542860999001548,4.45442733813646,
-0.189791381598241));
#5457=CARTESIAN_POINT('Ctrl Pts',(-0.0350304032076346,4.43838252108365,
-0.188152424690247));
#5458=CARTESIAN_POINT('Ctrl Pts',(-0.0134077937334848,4.43399056017308,
-0.186513467782253));
#5459=CARTESIAN_POINT('Ctrl Pts',(0.00821481574066493,4.42959859926251,
-0.18487451087426));
#5460=CARTESIAN_POINT('Ctrl Pts',(0.0322043379964443,4.43685949449418,-0.183235553966266));
#5461=CARTESIAN_POINT('Ctrl Pts',(0.0477622298872709,4.45250488453742,-0.181596597058272));
#5462=CARTESIAN_POINT('Ctrl Pts',(0.0600781994719355,4.464890119585,-0.180299162703343));
#5463=CARTESIAN_POINT('Ctrl Pts',(0.0671103580407068,4.48252962742806,-0.179001728348414));
#5464=CARTESIAN_POINT('Ctrl Pts',(0.0672673741047165,4.5000574145814,-0.177704293993485));
#5465=CARTESIAN_POINT('Ctrl Pts',(0.039516478889321,4.4281498232696,-0.236999999999483));
#5466=CARTESIAN_POINT('Ctrl Pts',(0.044830625227638,4.43184425838863,-0.236999999999483));
#5467=CARTESIAN_POINT('Ctrl Pts',(0.0496344374188337,4.43619075440117,-0.236999999999483));
#5468=CARTESIAN_POINT('Ctrl Pts',(0.0538677241996973,4.44105516158624,-0.236999999999483));
#5469=CARTESIAN_POINT('Ctrl Pts',(0.056148698119044,4.44367619495738,-0.236999999999483));
#5470=CARTESIAN_POINT('Ctrl Pts',(0.058263410648964,4.44644815489652,-0.236999999999483));
#5471=CARTESIAN_POINT('Ctrl Pts',(0.0601973874891635,4.44935218037619,-0.236999999999483));
#5472=CARTESIAN_POINT('Ctrl Pts',(0.0613876038805734,4.45113938829674,-0.236999999999483));
#5473=CARTESIAN_POINT('Ctrl Pts',(0.0625076744291312,4.45297459263268,-0.236999999999483));
#5474=CARTESIAN_POINT('Ctrl Pts',(0.0635505564480609,4.45484560504082,-0.236999999999483));
#5475=CARTESIAN_POINT('Ctrl Pts',(0.0666587533213105,4.4604219548208,-0.236999999999483));
#5476=CARTESIAN_POINT('Ctrl Pts',(0.0690977129777018,4.46633463899232,-0.236999999999483));
#5477=CARTESIAN_POINT('Ctrl Pts',(0.0707787966736356,4.47245944495628,-0.236999999999483));
#5478=CARTESIAN_POINT('Ctrl Pts',(0.0713900652337577,4.47468652105706,-0.236999999999483));
#5479=CARTESIAN_POINT('Ctrl Pts',(0.0719010901444739,4.476944401279,-0.236999999999483));
#5480=CARTESIAN_POINT('Ctrl Pts',(0.0723042806760394,4.47921759207947,-0.236999999999483));
#5481=CARTESIAN_POINT('Ctrl Pts',(0.0731815539340021,4.48416366432913,-0.236999999999483));
#5482=CARTESIAN_POINT('Ctrl Pts',(0.0735481771900638,4.48916448276657,-0.236999999999483));
#5483=CARTESIAN_POINT('Ctrl Pts',(0.0733562067448118,4.49415656486994,-0.236999999999483));
#5484=CARTESIAN_POINT('Ctrl Pts',(0.0732183201698743,4.49774222672604,-0.236999999999483));
#5485=CARTESIAN_POINT('Ctrl Pts',(0.0727915926401088,4.50132346406008,-0.236999999999483));
#5486=CARTESIAN_POINT('Ctrl Pts',(0.0720883134347939,4.50486990001989,-0.236999999999483));
#5487=CARTESIAN_POINT('Ctrl Pts',(0.0716456363614134,4.50710219393638,-0.236999999999483));
#5488=CARTESIAN_POINT('Ctrl Pts',(0.071093660755961,4.50931750869801,-0.236999999999483));
#5489=CARTESIAN_POINT('Ctrl Pts',(0.0704384169820656,4.51150039961876,-0.236999999999483));
#5490=CARTESIAN_POINT('Ctrl Pts',(0.0691754370768826,4.51570791364323,-0.236999999999483));
#5491=CARTESIAN_POINT('Ctrl Pts',(0.0675276907311759,4.51980462213487,-0.236999999999483));
#5492=CARTESIAN_POINT('Ctrl Pts',(0.0655187415242201,4.52373229847386,-0.236999999999483));
#5493=CARTESIAN_POINT('Ctrl Pts',(0.0643518888633003,4.52601360034626,-0.236999999999483));
#5494=CARTESIAN_POINT('Ctrl Pts',(0.0630648224252912,4.5282335399272,-0.236999999999483));
#5495=CARTESIAN_POINT('Ctrl Pts',(0.0616666795688473,4.53037393812732,-0.236999999999483));
#5496=CARTESIAN_POINT('Ctrl Pts',(0.0593244897564999,4.53395956518651,-0.236999999999483));
#5497=CARTESIAN_POINT('Ctrl Pts',(0.0566678201677073,4.53732893824758,-0.236999999999483));
#5498=CARTESIAN_POINT('Ctrl Pts',(0.0537160855640613,4.54042075942047,-0.236999999999483));
#5499=CARTESIAN_POINT('Origin',(5.80482582794578E-17,4.5,-0.0494999999994828));
#5500=CARTESIAN_POINT('Origin',(5.80482582794578E-17,4.5,0.138000000000517));
#5501=CARTESIAN_POINT('Origin',(0.5,4.5,-0.304811622476027));
#5502=CARTESIAN_POINT('Ctrl Pts',(0.582050968782598,4.50006370512083,-0.226686622476027));
#5503=CARTESIAN_POINT('Ctrl Pts',(0.582090593965887,4.50466081614514,-0.226407226175386));
#5504=CARTESIAN_POINT('Ctrl Pts',(0.579660456261038,4.53618391313993,-0.224488872966752));
#5505=CARTESIAN_POINT('Ctrl Pts',(0.538843222954803,4.58848580633677,-0.220931562850123));
#5506=CARTESIAN_POINT('Ctrl Pts',(0.447455337991108,4.5810920263789,-0.216014692126142));
#5507=CARTESIAN_POINT('Ctrl Pts',(0.403372635019282,4.50070487298326,-0.21109782140216));
#5508=CARTESIAN_POINT('Ctrl Pts',(0.446280621692874,4.41967741216148,-0.206180950678179));
#5509=CARTESIAN_POINT('Ctrl Pts',(0.537550870758719,4.41096504060151,-0.201264079954197));
#5510=CARTESIAN_POINT('Ctrl Pts',(0.579407678951807,4.46300330560703,-0.197682637220147));
#5511=CARTESIAN_POINT('Ctrl Pts',(0.582083709510223,4.49493575811494,-0.19574015139409));
#5512=CARTESIAN_POINT('Ctrl Pts',(0.582039650451048,4.49993281455806,-0.195436622476028));
#5513=CARTESIAN_POINT('Ctrl Pts',(0.582092588675235,4.49994703266304,-0.231688377522938));
#5514=CARTESIAN_POINT('Ctrl Pts',(0.581948396401403,4.52468097319357,-0.230181004532466));
#5515=CARTESIAN_POINT('Ctrl Pts',(0.556969632586041,4.57669846813294,-0.227034674633999));
#5516=CARTESIAN_POINT('Ctrl Pts',(0.468947565693192,4.59148525059355,-0.222249387827539));
#5517=CARTESIAN_POINT('Ctrl Pts',(0.406505016017756,4.5244025495493,-0.217332517103557));
#5518=CARTESIAN_POINT('Ctrl Pts',(0.428211591058281,4.43530874564142,-0.212415646379576));
#5519=CARTESIAN_POINT('Ctrl Pts',(0.514558151461603,4.40447555847082,-0.207498775655594));
#5520=CARTESIAN_POINT('Ctrl Pts',(0.574023757493834,4.44926023296104,-0.203506352703382));
#5521=CARTESIAN_POINT('Ctrl Pts',(0.581916502865678,4.48815174953206,-0.201152886659163));
#5522=CARTESIAN_POINT('Ctrl Pts',(0.581881274745593,4.49997286460641,-0.200438377522938));
#5523=CARTESIAN_POINT('Ctrl Pts',(0.446230698716072,4.54039089921552,-0.236999999999483));
#5524=CARTESIAN_POINT('Ctrl Pts',(0.432920611425624,4.52267220249087,-0.235361043091489));
#5525=CARTESIAN_POINT('Ctrl Pts',(0.42540742746533,4.47334021637365,-0.232083129275502));
#5526=CARTESIAN_POINT('Ctrl Pts',(0.481324406350718,4.42293875928136,-0.22716625855152));
#5527=CARTESIAN_POINT('Ctrl Pts',(0.554062213013036,4.44207596711648,-0.222249387827539));
#5528=CARTESIAN_POINT('Ctrl Pts',(0.578125067848353,4.51328168347492,-0.217332517103558));
#5529=CARTESIAN_POINT('Ctrl Pts',(0.531856179801348,4.57256915214815,-0.212415646379576));
#5530=CARTESIAN_POINT('Ctrl Pts',(0.456906969267097,4.56650535090221,-0.207498775655595));
#5531=CARTESIAN_POINT('Ctrl Pts',(0.420753776890814,4.50057808180639,-0.202581904931613));
#5532=CARTESIAN_POINT('Ctrl Pts',(0.455943558644461,4.43412568253487,-0.197665034207632));
#5533=CARTESIAN_POINT('Ctrl Pts',(0.530796293396633,4.42698047537136,-0.19274816348365));
#5534=CARTESIAN_POINT('Ctrl Pts',(0.577923893301006,4.48557162550361,-0.187831292759669));
#5535=CARTESIAN_POINT('Ctrl Pts',(0.554898748055314,4.55715281945016,-0.182914422035688));
#5536=CARTESIAN_POINT('Ctrl Pts',(0.482449727055842,4.57728059279766,-0.177997551311706));
#5537=CARTESIAN_POINT('Ctrl Pts',(0.425800750490775,4.52783487443875,-0.173080680587725));
#5538=CARTESIAN_POINT('Ctrl Pts',(0.435951350522358,4.4533301017273,-0.168163809863744));
#5539=CARTESIAN_POINT('Ctrl Pts',(0.503763221767091,4.42084101193505,-0.163246939139762));
#5540=CARTESIAN_POINT('Ctrl Pts',(0.568187165160377,4.459616604433,-0.158330068415781));
#5541=CARTESIAN_POINT('Ctrl Pts',(0.571224045781994,4.53474828560371,-0.153413197691799));
#5542=CARTESIAN_POINT('Ctrl Pts',(0.510139841339865,4.57859701960628,-0.148496326967818));
#5543=CARTESIAN_POINT('Ctrl Pts',(0.439927011703244,4.55168698159199,-0.143579456243837));
#5544=CARTESIAN_POINT('Ctrl Pts',(0.423796270955412,4.47824454898201,-0.138662585519855));
#5545=CARTESIAN_POINT('Ctrl Pts',(0.476269689424222,4.42438796185975,-0.133745714795874));
#5546=CARTESIAN_POINT('Ctrl Pts',(0.550106865595254,4.4386028503404,-0.128828844071893));
#5547=CARTESIAN_POINT('Ctrl Pts',(0.578834183937093,4.50809193459933,-0.123911973347911));
#5548=CARTESIAN_POINT('Ctrl Pts',(0.536589215588639,4.57029606862121,-0.11899510262393));
#5549=CARTESIAN_POINT('Ctrl Pts',(0.461403964629392,4.56921455061176,-0.114078231899948));
#5550=CARTESIAN_POINT('Ctrl Pts',(0.420965681932356,4.50582104198157,-0.109161361175967));
#5551=CARTESIAN_POINT('Ctrl Pts',(0.451679861275314,4.4371870064742,-0.104244490451986));
#5552=CARTESIAN_POINT('Ctrl Pts',(0.525895356507375,4.42510181261471,-0.0993276197280044));
#5553=CARTESIAN_POINT('Ctrl Pts',(0.57679796164392,4.48044543404966,-0.094410749004023));
#5554=CARTESIAN_POINT('Ctrl Pts',(0.558561436030781,4.55339350308955,-0.0894938782800417));
#5555=CARTESIAN_POINT('Ctrl Pts',(0.487603631155181,4.57827284332159,-0.0845770075560602));
#5556=CARTESIAN_POINT('Ctrl Pts',(0.427805942356043,4.5326852566622,-0.0796601368320789));
#5557=CARTESIAN_POINT('Ctrl Pts',(0.433002613875163,4.4576720161759,-0.0747432661080975));
#5558=CARTESIAN_POINT('Ctrl Pts',(0.498515222692802,4.42076551635479,-0.0698263953841163));
#5559=CARTESIAN_POINT('Ctrl Pts',(0.565364536420039,4.4551916822368,-0.0649095246601348));
#5560=CARTESIAN_POINT('Ctrl Pts',(0.57336792333885,4.52995756644187,-0.0599926539361535));
#5561=CARTESIAN_POINT('Ctrl Pts',(0.515320150357435,4.5777534626573,-0.055075783212172));
#5562=CARTESIAN_POINT('Ctrl Pts',(0.44348005976767,4.55555001636641,-0.0501589124881907));
#5563=CARTESIAN_POINT('Ctrl Pts',(0.422523344908674,4.48333639060605,-0.0452420417642093));
#5564=CARTESIAN_POINT('Ctrl Pts',(0.471316770180222,4.42612456234119,-0.0403251710402279));
#5565=CARTESIAN_POINT('Ctrl Pts',(0.545932932597145,4.43542079541214,-0.0354083003162466));
#5566=CARTESIAN_POINT('Ctrl Pts',(0.579196916329001,4.50285594225283,-0.0304914295922652));
#5567=CARTESIAN_POINT('Ctrl Pts',(0.541162055197934,4.56771996141505,-0.0255745588682839));
#5568=CARTESIAN_POINT('Ctrl Pts',(0.466070107454992,4.57161752825991,-0.0206576881443024));
#5569=CARTESIAN_POINT('Ctrl Pts',(0.421524325609893,4.51103976862035,-0.0157408174203211));
#5570=CARTESIAN_POINT('Ctrl Pts',(0.447628073989027,4.44052320344812,-0.0108239466963397));
#5571=CARTESIAN_POINT('Ctrl Pts',(0.520880852922845,4.42355199189385,-0.00590707597235836));
#5572=CARTESIAN_POINT('Ctrl Pts',(0.575335163909066,4.47540485737071,-0.000990205248376996));
#5573=CARTESIAN_POINT('Ctrl Pts',(0.561967261440078,4.54940006550384,0.00392666547560435));
#5574=CARTESIAN_POINT('Ctrl Pts',(0.49281190707493,4.57892172883526,0.00884353619958575));
#5575=CARTESIAN_POINT('Ctrl Pts',(0.430127798638858,4.53739229117068,0.0137604069235671));
#5576=CARTESIAN_POINT('Ctrl Pts',(0.430347746015426,4.46219958363937,0.0186772776475485));
#5577=CARTESIAN_POINT('Ctrl Pts',(0.493273736526724,4.42103757005762,0.0235941483715299));
#5578=CARTESIAN_POINT('Ctrl Pts',(0.562255200376914,4.45096329959082,0.0285110190955113));
#5579=CARTESIAN_POINT('Ctrl Pts',(0.575189988696692,4.52503544611902,0.0334278898194926));
#5580=CARTESIAN_POINT('Ctrl Pts',(0.520433260856283,4.57656885670351,0.038344760543474));
#5581=CARTESIAN_POINT('Ctrl Pts',(0.447281020173528,4.55916939342094,0.0432616312674553));
#5582=CARTESIAN_POINT('Ctrl Pts',(0.421590253109285,4.4885013234748,0.0481785019914368));
#5583=CARTESIAN_POINT('Ctrl Pts',(0.466489663751029,4.42818520101348,0.053095372715418));
#5584=CARTESIAN_POINT('Ctrl Pts',(0.541557524625482,4.43252200343526,0.0580122434393995));
#5585=CARTESIAN_POINT('Ctrl Pts',(0.579212269379408,4.4976074219518,0.0629291141633808));
#5586=CARTESIAN_POINT('Ctrl Pts',(0.545554345440004,4.56484681751375,0.0678459848873622));
#5587=CARTESIAN_POINT('Ctrl Pts',(0.47088507843864,4.57370636724199,0.0727628556113436));
#5588=CARTESIAN_POINT('Ctrl Pts',(0.422427181251968,4.51621008007936,0.0776797263353249));
#5589=CARTESIAN_POINT('Ctrl Pts',(0.443806013406844,4.44412026544872,0.0825965970593063));
#5590=CARTESIAN_POINT('Ctrl Pts',(0.515774742345268,4.42233752767577,0.0875134677832877));
#5591=CARTESIAN_POINT('Ctrl Pts',(0.573541960878216,4.47047209287248,0.0924303385072691));
#5592=CARTESIAN_POINT('Ctrl Pts',(0.565101208586116,4.54519008495701,0.0973472092312505));
#5593=CARTESIAN_POINT('Ctrl Pts',(0.498051858600402,4.57922415925114,0.102264079955232));
#5594=CARTESIAN_POINT('Ctrl Pts',(0.432755837439347,4.5419358835358,0.107180950679213));
#5595=CARTESIAN_POINT('Ctrl Pts',(0.427998992211433,4.46689179960982,0.112097821403194));
#5596=CARTESIAN_POINT('Ctrl Pts',(0.488060540616643,4.4216583105492,0.117014692127176));
#5597=CARTESIAN_POINT('Ctrl Pts',(0.558875248954708,4.44694528206127,0.121931562851157));
#5598=CARTESIAN_POINT('Ctrl Pts',(0.576677287683954,4.52001306812235,0.126848433575139));
#5599=CARTESIAN_POINT('Ctrl Pts',(0.525466781710176,4.57502905764225,0.13176530429912));
#5600=CARTESIAN_POINT('Ctrl Pts',(0.451292937123579,4.56256863947059,0.136682175023101));
#5601=CARTESIAN_POINT('Ctrl Pts',(0.421042575234209,4.49363438811282,0.141599045747083));
#5602=CARTESIAN_POINT('Ctrl Pts',(0.448173705694902,4.45175367002662,0.14487695956307));
#5603=CARTESIAN_POINT('Ctrl Pts',(0.467591668227965,4.4410740928644,0.146515916471064));
#5604=CARTESIAN_POINT('Ctrl Pts',(0.44229960977462,4.54334388936882,-0.239838638822998));
#5605=CARTESIAN_POINT('Ctrl Pts',(0.42801641820891,4.5243297736767,-0.238199681915005));
#5606=CARTESIAN_POINT('Ctrl Pts',(0.419953943227976,4.47139111199452,-0.234921768099017));
#5607=CARTESIAN_POINT('Ctrl Pts',(0.479959028376359,4.4173047900095,-0.230004897375036));
#5608=CARTESIAN_POINT('Ctrl Pts',(0.558014716814484,4.43784112456366,-0.225088026651055));
#5609=CARTESIAN_POINT('Ctrl Pts',(0.583836813824875,4.51425271113914,-0.220171155927073));
#5610=CARTESIAN_POINT('Ctrl Pts',(0.534185194185832,4.57787470354435,-0.215254285203092));
#5611=CARTESIAN_POINT('Ctrl Pts',(0.453756425508434,4.5713675760611,-0.21033741447911));
#5612=CARTESIAN_POINT('Ctrl Pts',(0.414960062933637,4.50062034553201,-0.205420543755129));
#5613=CARTESIAN_POINT('Ctrl Pts',(0.452722579660599,4.4293095924104,-0.200503673031148));
#5614=CARTESIAN_POINT('Ctrl Pts',(0.533047819183995,4.42164199711475,-0.195586802307166));
#5615=CARTESIAN_POINT('Ctrl Pts',(0.583620931349036,4.484516762932,-0.190669931583185));
#5616=CARTESIAN_POINT('Ctrl Pts',(0.558912411172122,4.56133127836908,-0.185753060859203));
#5617=CARTESIAN_POINT('Ctrl Pts',(0.481166621598958,4.58293059896254,-0.180836190135222));
#5618=CARTESIAN_POINT('Ctrl Pts',(0.420376022211911,4.52986989004208,-0.175919319411241));
#5619=CARTESIAN_POINT('Ctrl Pts',(0.431268735504785,4.44991805216337,-0.171002448687259));
#5620=CARTESIAN_POINT('Ctrl Pts',(0.504038351983025,4.41505367575682,-0.166085577963278));
#5621=CARTESIAN_POINT('Ctrl Pts',(0.573172348239016,4.45666416287358,-0.161168707239297));
#5622=CARTESIAN_POINT('Ctrl Pts',(0.57643125606841,4.53728874266768,-0.156251836515315));
#5623=CARTESIAN_POINT('Ctrl Pts',(0.51088116803014,4.58434327011033,-0.151334965791334));
#5624=CARTESIAN_POINT('Ctrl Pts',(0.435535058407694,4.55546583154729,-0.146418095067352));
#5625=CARTESIAN_POINT('Ctrl Pts',(0.418224994606428,4.47665400175765,-0.141501224343371));
#5626=CARTESIAN_POINT('Ctrl Pts',(0.474534759654741,4.41885994420142,-0.13658435361939));
#5627=CARTESIAN_POINT('Ctrl Pts',(0.55377019281969,4.43411408723022,-0.131667482895408));
#5628=CARTESIAN_POINT('Ctrl Pts',(0.584597773592964,4.50868353824415,-0.126750612171427));
#5629=CARTESIAN_POINT('Ctrl Pts',(0.539264263568477,4.57543543423291,-0.121833741447445));
#5630=CARTESIAN_POINT('Ctrl Pts',(0.458582197483338,4.57427484613357,-0.116916870723464));
#5631=CARTESIAN_POINT('Ctrl Pts',(0.415187460413161,4.50624662001987,-0.111999999999483));
#5632=CARTESIAN_POINT('Ctrl Pts',(0.448147162161613,4.43259473061544,-0.107083129275502));
#5633=CARTESIAN_POINT('Ctrl Pts',(0.527788573401966,4.41962598478852,-0.10216625855152));
#5634=CARTESIAN_POINT('Ctrl Pts',(0.582412682507602,4.47901579415987,-0.0972493878275387));
#5635=CARTESIAN_POINT('Ctrl Pts',(0.562842879309364,4.5572971173179,-0.0923325171035573));
#5636=CARTESIAN_POINT('Ctrl Pts',(0.486697329095895,4.58399539320508,-0.0874156463795759));
#5637=CARTESIAN_POINT('Ctrl Pts',(0.42252781422594,4.53507488509227,-0.0824987756555946));
#5638=CARTESIAN_POINT('Ctrl Pts',(0.428104415880906,4.45457740521479,-0.0775819049316132));
#5639=CARTESIAN_POINT('Ctrl Pts',(0.498406670200702,4.41497266067317,-0.0726650342076319));
#5640=CARTESIAN_POINT('Ctrl Pts',(0.570143356307005,4.45191573335448,-0.0677481634836505));
#5641=CARTESIAN_POINT('Ctrl Pts',(0.578731873124466,4.53214777266253,-0.0628312927596692));
#5642=CARTESIAN_POINT('Ctrl Pts',(0.516440210916405,4.58343804047239,-0.0579144220356877));
#5643=CARTESIAN_POINT('Ctrl Pts',(0.439347870828751,4.55961129389506,-0.0529975513117064));
#5644=CARTESIAN_POINT('Ctrl Pts',(0.41685900457362,4.48211810937403,-0.048080680587725));
#5645=CARTESIAN_POINT('Ctrl Pts',(0.4692197310732,4.420723508039,-0.0431638098637436));
#5646=CARTESIAN_POINT('Ctrl Pts',(0.549291102390493,4.43069939135925,-0.0382469391397623));
#5647=CARTESIAN_POINT('Ctrl Pts',(0.584987025453426,4.50306474100489,-0.0333300684157809));
#5648=CARTESIAN_POINT('Ctrl Pts',(0.544171424784896,4.57267098709472,-0.0284131976917995));
#5649=CARTESIAN_POINT('Ctrl Pts',(0.463589483340798,4.57685350616244,-0.0234963269678181));
#5650=CARTESIAN_POINT('Ctrl Pts',(0.415786946689178,4.51184688925059,-0.0185794562438368));
#5651=CARTESIAN_POINT('Ctrl Pts',(0.443799147552042,4.43617483790096,-0.0136625855198554));
#5652=CARTESIAN_POINT('Ctrl Pts',(0.522407458031206,4.41796285623305,-0.00874571479587401));
#5653=CARTESIAN_POINT('Ctrl Pts',(0.580842939213446,4.47360669948332,-0.00382884407189265));
#5654=CARTESIAN_POINT('Ctrl Pts',(0.566497705585016,4.55301171837215,0.00108802665208869));
#5655=CARTESIAN_POINT('Ctrl Pts',(0.492286383552526,4.58469171892359,0.0060048973760701));
#5656=CARTESIAN_POINT('Ctrl Pts',(0.425019422083335,4.5401260522352,0.0109217681000515));
#5657=CARTESIAN_POINT('Ctrl Pts',(0.425255449875289,4.45943598442589,0.0158386388240328));
#5658=CARTESIAN_POINT('Ctrl Pts',(0.492781977487166,4.41526460429974,0.0207555095480142));
#5659=CARTESIAN_POINT('Ctrl Pts',(0.566806695819588,4.44737821244814,0.0256723802719956));
#5660=CARTESIAN_POINT('Ctrl Pts',(0.580687150199921,4.52686579472004,0.0305892509959769));
#5661=CARTESIAN_POINT('Ctrl Pts',(0.521927142381091,4.5821668276397,0.0355061217199583));
#5662=CARTESIAN_POINT('Ctrl Pts',(0.443426720533179,4.56349528463759,0.0404229924439397));
#5663=CARTESIAN_POINT('Ctrl Pts',(0.41585769416684,4.48766065195685,0.0453398631679211));
#5664=CARTESIAN_POINT('Ctrl Pts',(0.464039713517213,4.42293480059192,0.0502567338919024));
#5665=CARTESIAN_POINT('Ctrl Pts',(0.544595807095003,4.42758866787477,0.0551736046158838));
#5666=CARTESIAN_POINT('Ctrl Pts',(0.585003500969724,4.4974324998888,0.0600904753398652));
#5667=CARTESIAN_POINT('Ctrl Pts',(0.548884836618394,4.56958778682392,0.0650073460638466));
#5668=CARTESIAN_POINT('Ctrl Pts',(0.468756478225356,4.57909506075782,0.0699242167878279));
#5669=CARTESIAN_POINT('Ctrl Pts',(0.416755810364567,4.51739520365394,0.0748410875118093));
#5670=CARTESIAN_POINT('Ctrl Pts',(0.439697655031384,4.4400348821296,0.0797579582357907));
#5671=CARTESIAN_POINT('Ctrl Pts',(0.51692803825403,4.41665960218986,0.0846748289597721));
#5672=CARTESIAN_POINT('Ctrl Pts',(0.578918634597936,4.46831329916675,0.0895916996837533));
#5673=CARTESIAN_POINT('Ctrl Pts',(0.569860776500095,4.54849394494767,0.0945085704077349));
#5674=CARTESIAN_POINT('Ctrl Pts',(0.497909429427445,4.58501626011336,0.099425441131716));
#5675=CARTESIAN_POINT('Ctrl Pts',(0.427839597549535,4.54500182793309,0.104342311855698));
#5676=CARTESIAN_POINT('Ctrl Pts',(0.422734978011277,4.46447124964325,0.109259182579679));
#5677=CARTESIAN_POINT('Ctrl Pts',(0.487187643338306,4.41593072730558,0.11417605330366));
#5678=CARTESIAN_POINT('Ctrl Pts',(0.563179635185597,4.44306643651185,0.119092924027641));
#5679=CARTESIAN_POINT('Ctrl Pts',(0.582283186040031,4.52147622923662,0.124009794751623));
#5680=CARTESIAN_POINT('Ctrl Pts',(0.527328665379197,4.58051445343022,0.128926665475604));
#5681=CARTESIAN_POINT('Ctrl Pts',(0.447731949874869,4.56714305053474,0.133843536199586));
#5682=CARTESIAN_POINT('Ctrl Pts',(0.415269975406227,4.49316899641351,0.138760406923567));
#5683=CARTESIAN_POINT('Ctrl Pts',(0.444384670547441,4.44822636709176,0.142038320739555));
#5684=CARTESIAN_POINT('Ctrl Pts',(0.465222285855537,4.43676600299946,0.143677277647549));
#5685=CARTESIAN_POINT('Ctrl Pts',(0.438368520833168,4.54629687952212,-0.242677277646514));
#5686=CARTESIAN_POINT('Ctrl Pts',(0.423112224992196,4.52598734486252,-0.24103832073852));
#5687=CARTESIAN_POINT('Ctrl Pts',(0.41450045899062,4.4694420076154,-0.237760406922533));
#5688=CARTESIAN_POINT('Ctrl Pts',(0.478593650402,4.41167082073762,-0.232843536198551));
#5689=CARTESIAN_POINT('Ctrl Pts',(0.561967220615932,4.43360628201084,-0.22792666547457));
#5690=CARTESIAN_POINT('Ctrl Pts',(0.589548559801397,4.51522373880335,-0.223009794750589));
#5691=CARTESIAN_POINT('Ctrl Pts',(0.536514208570318,4.58318025494057,-0.218092924026607));
#5692=CARTESIAN_POINT('Ctrl Pts',(0.450605881749771,4.57622980122,-0.213176053302626));
#5693=CARTESIAN_POINT('Ctrl Pts',(0.409166348976459,4.50066260925764,-0.208259182578644));
#5694=CARTESIAN_POINT('Ctrl Pts',(0.449501600676736,4.42449350228594,-0.203342311854663));
#5695=CARTESIAN_POINT('Ctrl Pts',(0.535299344971357,4.41630351885813,-0.198425441130682));
#5696=CARTESIAN_POINT('Ctrl Pts',(0.589317969397064,4.4834619003604,-0.193508570406701));
#5697=CARTESIAN_POINT('Ctrl Pts',(0.56292607428893,4.56550973728798,-0.188591699682719));
#5698=CARTESIAN_POINT('Ctrl Pts',(0.479883516142074,4.58858060512743,-0.183674828958738));
#5699=CARTESIAN_POINT('Ctrl Pts',(0.414951293933046,4.53190490564541,-0.178757958234756));
#5700=CARTESIAN_POINT('Ctrl Pts',(0.426586120487212,4.44650600259944,-0.173841087510775));
#5701=CARTESIAN_POINT('Ctrl Pts',(0.504313482198959,4.40926633957859,-0.168924216786794));
#5702=CARTESIAN_POINT('Ctrl Pts',(0.578157531317656,4.45371172131416,-0.164007346062812));
#5703=CARTESIAN_POINT('Ctrl Pts',(0.581638466354826,4.53982919973164,-0.159090475338831));
#5704=CARTESIAN_POINT('Ctrl Pts',(0.511622494720416,4.59008952061439,-0.15417360461485));
#5705=CARTESIAN_POINT('Ctrl Pts',(0.431143105112144,4.55924468150259,-0.149256733890868));
#5706=CARTESIAN_POINT('Ctrl Pts',(0.412653718257442,4.47506345453328,-0.144339863166887));
#5707=CARTESIAN_POINT('Ctrl Pts',(0.472799829885261,4.41333192654309,-0.139422992442905));
#5708=CARTESIAN_POINT('Ctrl Pts',(0.557433520044126,4.42962532412004,-0.134506121718924));
#5709=CARTESIAN_POINT('Ctrl Pts',(0.590361363248837,4.50927514188895,-0.129589250994943));
#5710=CARTESIAN_POINT('Ctrl Pts',(0.541939311548315,4.58057479984463,-0.124672380270961));
#5711=CARTESIAN_POINT('Ctrl Pts',(0.455760430337284,4.57933514165537,-0.11975550954698));
#5712=CARTESIAN_POINT('Ctrl Pts',(0.409409238893965,4.50667219805818,-0.114838638822998));
#5713=CARTESIAN_POINT('Ctrl Pts',(0.444614463047913,4.42800245475668,-0.109921768099017));
#5714=CARTESIAN_POINT('Ctrl Pts',(0.529681790296557,4.41415015696233,-0.105004897375036));
#5715=CARTESIAN_POINT('Ctrl Pts',(0.588027403371285,4.47758615427006,-0.100088026651054));
#5716=CARTESIAN_POINT('Ctrl Pts',(0.567124322587946,4.56120073154626,-0.095171155927073));
#5717=CARTESIAN_POINT('Ctrl Pts',(0.485791027036609,4.58971794308856,-0.0902542852030916));
#5718=CARTESIAN_POINT('Ctrl Pts',(0.417249686095836,4.53746451352235,-0.0853374144791102));
#5719=CARTESIAN_POINT('Ctrl Pts',(0.423206217886648,4.45148279425367,-0.0804205437551289));
#5720=CARTESIAN_POINT('Ctrl Pts',(0.498298117708602,4.40917980499154,-0.0755036730311475));
#5721=CARTESIAN_POINT('Ctrl Pts',(0.574922176193972,4.44863978447217,-0.0705868023071662));
#5722=CARTESIAN_POINT('Ctrl Pts',(0.584095822910083,4.53433797888318,-0.0656699315831848));
#5723=CARTESIAN_POINT('Ctrl Pts',(0.517560271475374,4.58912261828748,-0.0607530608592034));
#5724=CARTESIAN_POINT('Ctrl Pts',(0.435215681889833,4.5636725714237,-0.055836190135222));
#5725=CARTESIAN_POINT('Ctrl Pts',(0.411194664238567,4.480899828142,-0.0509193194112406));
#5726=CARTESIAN_POINT('Ctrl Pts',(0.467122691966177,4.41532245373681,-0.0460024486872593));
#5727=CARTESIAN_POINT('Ctrl Pts',(0.552649272183841,4.42597798730636,-0.0410855779632779));
#5728=CARTESIAN_POINT('Ctrl Pts',(0.590777134577851,4.50327353975696,-0.0361687072392965));
#5729=CARTESIAN_POINT('Ctrl Pts',(0.547180794371858,4.57762201277438,-0.0312518365153152));
#5730=CARTESIAN_POINT('Ctrl Pts',(0.461108859226602,4.58208948406496,-0.0263349657913338));
#5731=CARTESIAN_POINT('Ctrl Pts',(0.410049567768465,4.51265400988083,-0.0214180950673524));
#5732=CARTESIAN_POINT('Ctrl Pts',(0.439970221115055,4.43182647235379,-0.016501224343371));
#5733=CARTESIAN_POINT('Ctrl Pts',(0.523934063139569,4.41237372057226,-0.0115843536193897));
#5734=CARTESIAN_POINT('Ctrl Pts',(0.586350714517825,4.47180854159592,-0.00666748289540832));
#5735=CARTESIAN_POINT('Ctrl Pts',(0.571028149729955,4.55662337124046,-0.00175061217142697));
#5736=CARTESIAN_POINT('Ctrl Pts',(0.491760860030123,4.59046170901192,0.00316625855255444));
#5737=CARTESIAN_POINT('Ctrl Pts',(0.419911045527812,4.54285981329973,0.0080831292765358));
#5738=CARTESIAN_POINT('Ctrl Pts',(0.420163153735152,4.45667238521241,0.0130000000005172));
#5739=CARTESIAN_POINT('Ctrl Pts',(0.492290218447608,4.40949163854188,0.0179168707244986));
#5740=CARTESIAN_POINT('Ctrl Pts',(0.571358191262262,4.44379312530546,0.0228337414484799));
#5741=CARTESIAN_POINT('Ctrl Pts',(0.586184311703149,4.52869614332106,0.0277506121724613));
#5742=CARTESIAN_POINT('Ctrl Pts',(0.5234210239059,4.58776479857589,0.0326674828964426));
#5743=CARTESIAN_POINT('Ctrl Pts',(0.43957242089283,4.56782117585424,0.037584353620424));
#5744=CARTESIAN_POINT('Ctrl Pts',(0.410125135224397,4.4868199804389,0.0425012243444054));
#5745=CARTESIAN_POINT('Ctrl Pts',(0.461589763283396,4.41768440017035,0.0474180950683867));
#5746=CARTESIAN_POINT('Ctrl Pts',(0.547634089564524,4.42265533231428,0.0523349657923682));
#5747=CARTESIAN_POINT('Ctrl Pts',(0.590794732560041,4.4972575778258,0.0572518365163495));
#5748=CARTESIAN_POINT('Ctrl Pts',(0.552215327796784,4.5743287561341,0.062168707240331));
#5749=CARTESIAN_POINT('Ctrl Pts',(0.466627878012072,4.58448375427365,0.0670855779643122));
#5750=CARTESIAN_POINT('Ctrl Pts',(0.411084439477164,4.51858032722852,0.0720024486882937));
#5751=CARTESIAN_POINT('Ctrl Pts',(0.435589296655923,4.43594949881049,0.076919319412275));
#5752=CARTESIAN_POINT('Ctrl Pts',(0.518081334162792,4.41098167670394,0.0818361901362564));
#5753=CARTESIAN_POINT('Ctrl Pts',(0.584295308317657,4.46615450546102,0.0867530608602378));
#5754=CARTESIAN_POINT('Ctrl Pts',(0.574620344414074,4.55179780493833,0.091669931584219));
#5755=CARTESIAN_POINT('Ctrl Pts',(0.497767000254489,4.59080836097559,0.0965868023082006));
#5756=CARTESIAN_POINT('Ctrl Pts',(0.422923357659723,4.54806777233038,0.101503673032182));
#5757=CARTESIAN_POINT('Ctrl Pts',(0.417470963811122,4.46205069967667,0.106420543756163));
#5758=CARTESIAN_POINT('Ctrl Pts',(0.486314746059968,4.41020314406197,0.111337414480145));
#5759=CARTESIAN_POINT('Ctrl Pts',(0.567484021416487,4.43918759096243,0.116254285204126));
#5760=CARTESIAN_POINT('Ctrl Pts',(0.587889084396106,4.5229393903509,0.121171155928107));
#5761=CARTESIAN_POINT('Ctrl Pts',(0.529190549048219,4.58599984921819,0.126088026652089));
#5762=CARTESIAN_POINT('Ctrl Pts',(0.44417096262616,4.57171746159888,0.13100489737607));
#5763=CARTESIAN_POINT('Ctrl Pts',(0.409497375578244,4.4927036047142,0.135921768100051));
#5764=CARTESIAN_POINT('Ctrl Pts',(0.44059563539998,4.4446990641569,0.139199681916039));
#5765=CARTESIAN_POINT('Ctrl Pts',(0.462852903483108,4.43245791313453,0.140838638824033));
#5766=CARTESIAN_POINT('Ctrl Pts',(0.434437431891716,4.54924986967543,-0.24551591647003));
#5767=CARTESIAN_POINT('Ctrl Pts',(0.418208031775482,4.52764491604835,-0.243876959562036));
#5768=CARTESIAN_POINT('Ctrl Pts',(0.409046974753265,4.46749290323628,-0.240599045746048));
#5769=CARTESIAN_POINT('Ctrl Pts',(0.477228272427641,4.40603685146575,-0.235682175022067));
#5770=CARTESIAN_POINT('Ctrl Pts',(0.565919724417381,4.42937143945802,-0.230765304298086));
#5771=CARTESIAN_POINT('Ctrl Pts',(0.595260305777919,4.51619476646756,-0.225848433574104));
#5772=CARTESIAN_POINT('Ctrl Pts',(0.538843222954803,4.58848580633677,-0.220931562850123));
#5773=CARTESIAN_POINT('Ctrl Pts',(0.447455337991108,4.5810920263789,-0.216014692126142));
#5774=CARTESIAN_POINT('Ctrl Pts',(0.403372635019282,4.50070487298326,-0.21109782140216));
#5775=CARTESIAN_POINT('Ctrl Pts',(0.446280621692874,4.41967741216148,-0.206180950678179));
#5776=CARTESIAN_POINT('Ctrl Pts',(0.537550870758719,4.41096504060151,-0.201264079954197));
#5777=CARTESIAN_POINT('Ctrl Pts',(0.595015007445094,4.48240703778879,-0.196347209230216));
#5778=CARTESIAN_POINT('Ctrl Pts',(0.566939737405737,4.56968819620689,-0.191430338506235));
#5779=CARTESIAN_POINT('Ctrl Pts',(0.47860041068519,4.59423061129231,-0.186513467782253));
#5780=CARTESIAN_POINT('Ctrl Pts',(0.40952656565418,4.53393992124874,-0.181596597058272));
#5781=CARTESIAN_POINT('Ctrl Pts',(0.42190350546964,4.44309395303552,-0.17667972633429));
#5782=CARTESIAN_POINT('Ctrl Pts',(0.504588612414892,4.40347900340036,-0.171762855610309));
#5783=CARTESIAN_POINT('Ctrl Pts',(0.583142714396296,4.45075927975474,-0.166845984886328));
#5784=CARTESIAN_POINT('Ctrl Pts',(0.586845676641242,4.5423696567956,-0.161929114162347));
#5785=CARTESIAN_POINT('Ctrl Pts',(0.51236382141069,4.59583577111844,-0.157012243438365));
#5786=CARTESIAN_POINT('Ctrl Pts',(0.426751151816596,4.56302353145789,-0.152095372714384));
#5787=CARTESIAN_POINT('Ctrl Pts',(0.407082441908457,4.47347290730892,-0.147178501990402));
#5788=CARTESIAN_POINT('Ctrl Pts',(0.471064900115779,4.40780390888475,-0.142261631266421));
#5789=CARTESIAN_POINT('Ctrl Pts',(0.561096847268562,4.42513656100986,-0.13734476054244));
#5790=CARTESIAN_POINT('Ctrl Pts',(0.596124952904708,4.50986674553376,-0.132427889818458));
#5791=CARTESIAN_POINT('Ctrl Pts',(0.544614359528154,4.58571416545634,-0.127511019094477));
#5792=CARTESIAN_POINT('Ctrl Pts',(0.452938663191229,4.58439543717717,-0.122594148370495));
#5793=CARTESIAN_POINT('Ctrl Pts',(0.403631017374769,4.50709777609648,-0.117677277646514));
#5794=CARTESIAN_POINT('Ctrl Pts',(0.441081763934212,4.42341017889791,-0.112760406922533));
#5795=CARTESIAN_POINT('Ctrl Pts',(0.531575007191148,4.40867432913615,-0.107843536198551));
#5796=CARTESIAN_POINT('Ctrl Pts',(0.593642124234966,4.47615651438026,-0.10292666547457));
#5797=CARTESIAN_POINT('Ctrl Pts',(0.571405765866529,4.56510434577461,-0.0980097947505887));
#5798=CARTESIAN_POINT('Ctrl Pts',(0.484884724977322,4.59544049297205,-0.0930929240266073));
#5799=CARTESIAN_POINT('Ctrl Pts',(0.411971557965733,4.53985414195242,-0.0881760533026259));
#5800=CARTESIAN_POINT('Ctrl Pts',(0.418308019892392,4.44838818329255,-0.0832591825786445));
#5801=CARTESIAN_POINT('Ctrl Pts',(0.498189565216502,4.40338694930993,-0.0783423118546632));
#5802=CARTESIAN_POINT('Ctrl Pts',(0.579700996080939,4.44536383558986,-0.0734254411306817));
#5803=CARTESIAN_POINT('Ctrl Pts',(0.589459772695699,4.53652818510384,-0.0685085704067005));
#5804=CARTESIAN_POINT('Ctrl Pts',(0.518680332034344,4.59480719610258,-0.063591699682719));
#5805=CARTESIAN_POINT('Ctrl Pts',(0.431083492950914,4.56773384895235,-0.0586748289587377));
#5806=CARTESIAN_POINT('Ctrl Pts',(0.405530323903512,4.47968154690998,-0.0537579582347563));
#5807=CARTESIAN_POINT('Ctrl Pts',(0.465025652859155,4.40992139943461,-0.0488410875107749));
#5808=CARTESIAN_POINT('Ctrl Pts',(0.556007441977188,4.42125658325347,-0.0439242167867936));
#5809=CARTESIAN_POINT('Ctrl Pts',(0.596567243702276,4.50348233850902,-0.0390073460628122));
#5810=CARTESIAN_POINT('Ctrl Pts',(0.55019016395882,4.58257303845404,-0.0340904753388308));
#5811=CARTESIAN_POINT('Ctrl Pts',(0.458628235112407,4.58732546196748,-0.0291736046148494));
#5812=CARTESIAN_POINT('Ctrl Pts',(0.40431218884775,4.51346113051107,-0.0242567338908681));
#5813=CARTESIAN_POINT('Ctrl Pts',(0.43614129467807,4.42747810680663,-0.0193398631668867));
#5814=CARTESIAN_POINT('Ctrl Pts',(0.525460668247929,4.40678458491145,-0.0144229924429053));
#5815=CARTESIAN_POINT('Ctrl Pts',(0.591858489822206,4.47001038370853,-0.00950612171892398));
#5816=CARTESIAN_POINT('Ctrl Pts',(0.575558593874891,4.56023502410877,-0.00458925099494262));
#5817=CARTESIAN_POINT('Ctrl Pts',(0.491235336507721,4.59623169910025,0.00032761972903878));
#5818=CARTESIAN_POINT('Ctrl Pts',(0.414802668972288,4.54559357436424,0.00524449045302015));
#5819=CARTESIAN_POINT('Ctrl Pts',(0.415070857595017,4.45390878599893,0.0101613611770015));
#5820=CARTESIAN_POINT('Ctrl Pts',(0.49179845940805,4.40371867278401,0.0150782319009829));
#5821=CARTESIAN_POINT('Ctrl Pts',(0.575909686704936,4.44020803816278,0.0199951026249643));
#5822=CARTESIAN_POINT('Ctrl Pts',(0.591681473206376,4.53052649192208,0.0249119733489456));
#5823=CARTESIAN_POINT('Ctrl Pts',(0.52491490543071,4.59336276951209,0.029828844072927));
#5824=CARTESIAN_POINT('Ctrl Pts',(0.43571812125248,4.57214706707088,0.0347457147969084));
#5825=CARTESIAN_POINT('Ctrl Pts',(0.404392576281953,4.48597930892095,0.0396625855208897));
#5826=CARTESIAN_POINT('Ctrl Pts',(0.459139813049581,4.41243399974879,0.0445794562448711));
#5827=CARTESIAN_POINT('Ctrl Pts',(0.550672372034045,4.41772199675378,0.0494963269688525));
#5828=CARTESIAN_POINT('Ctrl Pts',(0.596585964150357,4.49708265576279,0.0544131976928339));
#5829=CARTESIAN_POINT('Ctrl Pts',(0.555545818975173,4.57906972544427,0.0593300684168152));
#5830=CARTESIAN_POINT('Ctrl Pts',(0.464499277798788,4.58987244778948,0.0642469391407967));
#5831=CARTESIAN_POINT('Ctrl Pts',(0.405413068589761,4.51976545080309,0.0691638098647779));
#5832=CARTESIAN_POINT('Ctrl Pts',(0.431480938280463,4.43186411549138,0.0740806805887595));
#5833=CARTESIAN_POINT('Ctrl Pts',(0.519234630071554,4.40530375121803,0.0789975513127406));
#5834=CARTESIAN_POINT('Ctrl Pts',(0.589671982037378,4.46399571175529,0.0839144220367221));
#5835=CARTESIAN_POINT('Ctrl Pts',(0.579379912328053,4.55510166492899,0.0888312927607035));
#5836=CARTESIAN_POINT('Ctrl Pts',(0.497624571081531,4.59660046183782,0.0937481634846848));
#5837=CARTESIAN_POINT('Ctrl Pts',(0.418007117769911,4.55113371672766,0.0986650342086662));
#5838=CARTESIAN_POINT('Ctrl Pts',(0.412206949610966,4.45963014971011,0.103581904932647));
#5839=CARTESIAN_POINT('Ctrl Pts',(0.485441848781631,4.40447556081836,0.108498775656629));
#5840=CARTESIAN_POINT('Ctrl Pts',(0.571788407647376,4.435308745413,0.11341564638061));
#5841=CARTESIAN_POINT('Ctrl Pts',(0.593494982752183,4.52440255146517,0.118332517104592));
#5842=CARTESIAN_POINT('Ctrl Pts',(0.53105243271724,4.59148524500616,0.123249387828573));
#5843=CARTESIAN_POINT('Ctrl Pts',(0.44060997537745,4.57629187266302,0.128166258552554));
#5844=CARTESIAN_POINT('Ctrl Pts',(0.403724775750263,4.49223821301489,0.133083129276536));
#5845=CARTESIAN_POINT('Ctrl Pts',(0.436806600252519,4.44117176122205,0.136361043092523));
#5846=CARTESIAN_POINT('Ctrl Pts',(0.460483521110679,4.4281498232696,0.138000000000517));
#5847=CARTESIAN_POINT('Ctrl Pts',(0.460483521110679,4.4281498232696,0.138000000000517));
#5848=CARTESIAN_POINT('Ctrl Pts',(0.456877525318873,4.43065673908339,0.138000000000517));
#5849=CARTESIAN_POINT('Ctrl Pts',(0.453502677518764,4.43346781012862,0.138000000000517));
#5850=CARTESIAN_POINT('Ctrl Pts',(0.45037819200455,4.43654118369825,0.138000000000517));
#5851=CARTESIAN_POINT('Ctrl Pts',(0.448270102423082,4.43861478806372,0.138000000000517));
#5852=CARTESIAN_POINT('Ctrl Pts',(0.446276129781592,4.44080796169033,0.138000000000517));
#5853=CARTESIAN_POINT('Ctrl Pts',(0.444404361861149,4.44310895983302,0.138000000000517));
#5854=CARTESIAN_POINT('Ctrl Pts',(0.442545242363675,4.44539440904068,0.138000000000518));
#5855=CARTESIAN_POINT('Ctrl Pts',(0.440811836970604,4.44778017294846,0.138000000000518));
#5856=CARTESIAN_POINT('Ctrl Pts',(0.439213971503003,4.45024939456743,0.138000000000517));
#5857=CARTESIAN_POINT('Ctrl Pts',(0.436824797218299,4.45394144556602,0.138000000000517));
#5858=CARTESIAN_POINT('Ctrl Pts',(0.434735616205687,4.45782318927349,0.138000000000517));
#5859=CARTESIAN_POINT('Ctrl Pts',(0.432976028387607,4.46185465392128,0.138000000000517));
#5860=CARTESIAN_POINT('Ctrl Pts',(0.431896800098962,4.46432731862597,0.138000000000517));
#5861=CARTESIAN_POINT('Ctrl Pts',(0.430944959526805,4.46684958927308,0.138000000000517));
#5862=CARTESIAN_POINT('Ctrl Pts',(0.430128559374327,4.46940513443637,0.138000000000517));
#5863=CARTESIAN_POINT('Ctrl Pts',(0.428773302964632,4.47364744006589,0.138000000000517));
#5864=CARTESIAN_POINT('Ctrl Pts',(0.427787963183654,4.47798737152738,0.138000000000517));
#5865=CARTESIAN_POINT('Ctrl Pts',(0.427206276546213,4.48238138863202,0.138000000000517));
#5866=CARTESIAN_POINT('Ctrl Pts',(0.426873735476784,4.48489337885668,0.138000000000517));
#5867=CARTESIAN_POINT('Ctrl Pts',(0.426673363793182,4.48742303851474,0.138000000000517));
#5868=CARTESIAN_POINT('Ctrl Pts',(0.426613573226673,4.48996172425078,0.138000000000517));
#5869=CARTESIAN_POINT('Ctrl Pts',(0.426580631680606,4.49136041033132,0.138000000000517));
#5870=CARTESIAN_POINT('Ctrl Pts',(0.426590499407088,4.49276093876253,0.138000000000517));
#5871=CARTESIAN_POINT('Ctrl Pts',(0.426644207902458,4.49415763422624,0.138000000000517));
#5872=CARTESIAN_POINT('Ctrl Pts',(0.426807883745887,4.49841404294637,0.138000000000517));
#5873=CARTESIAN_POINT('Ctrl Pts',(0.427377425715138,4.50264646037891,0.138000000000517));
#5874=CARTESIAN_POINT('Ctrl Pts',(0.428324370908133,4.50680737980158,0.138000000000517));
#5875=CARTESIAN_POINT('Ctrl Pts',(0.429161862200443,4.51048735390173,0.138000000000517));
#5876=CARTESIAN_POINT('Ctrl Pts',(0.430294866326551,4.51411153378156,0.138000000000517));
#5877=CARTESIAN_POINT('Ctrl Pts',(0.431710188407635,4.51764243969581,0.138000000000517));
#5878=CARTESIAN_POINT('Ctrl Pts',(0.432597326671221,4.51985564740558,0.138000000000517));
#5879=CARTESIAN_POINT('Ctrl Pts',(0.433592355932971,4.52202393985624,0.138000000000517));
#5880=CARTESIAN_POINT('Ctrl Pts',(0.434688479905744,4.52413464235672,0.138000000000517));
#5881=CARTESIAN_POINT('Ctrl Pts',(0.437373739570185,4.52930539350255,0.138000000000517));
#5882=CARTESIAN_POINT('Ctrl Pts',(0.440667347018717,4.53414219249469,0.138000000000517));
#5883=CARTESIAN_POINT('Ctrl Pts',(0.444518204347007,4.53849881127525,0.138000000000517));
#5884=CARTESIAN_POINT('Ctrl Pts',(0.445094304334343,4.53915057471657,0.138000000000517));
#5885=CARTESIAN_POINT('Ctrl Pts',(0.445682919345384,4.53979150609285,0.138000000000517));
#5886=CARTESIAN_POINT('Ctrl Pts',(0.446283917566916,4.54042101841376,0.138000000000517));
#5887=CARTESIAN_POINT('Ctrl Pts',(0.446230698716072,4.54039089921552,-0.236999999999483));
#5888=CARTESIAN_POINT('Ctrl Pts',(0.442264384565988,4.53631411755934,-0.236999999999483));
#5889=CARTESIAN_POINT('Ctrl Pts',(0.43889065813582,4.53173277022544,-0.236999999999483));
#5890=CARTESIAN_POINT('Ctrl Pts',(0.436107880335291,4.52679775394836,-0.236999999999483));
#5891=CARTESIAN_POINT('Ctrl Pts',(0.434792266377361,4.52446462613071,-0.236999999999483));
#5892=CARTESIAN_POINT('Ctrl Pts',(0.433609105261846,4.52205176156284,-0.236999999999483));
#5893=CARTESIAN_POINT('Ctrl Pts',(0.432560603774767,4.51957217913397,-0.236999999999483));
#5894=CARTESIAN_POINT('Ctrl Pts',(0.43178037804858,4.51772703725765,-0.236999999999483));
#5895=CARTESIAN_POINT('Ctrl Pts',(0.431075527872267,4.51584604869866,-0.236999999999483));
#5896=CARTESIAN_POINT('Ctrl Pts',(0.430449726587521,4.51394418363909,-0.236999999999483));
#5897=CARTESIAN_POINT('Ctrl Pts',(0.428866974106476,4.50913405985856,-0.236999999999483));
#5898=CARTESIAN_POINT('Ctrl Pts',(0.427781654415054,4.50417601354837,-0.236999999999483));
#5899=CARTESIAN_POINT('Ctrl Pts',(0.427203294384177,4.49915759893351,-0.236999999999483));
#5900=CARTESIAN_POINT('Ctrl Pts',(0.426899626709899,4.49652268259542,-0.236999999999483));
#5901=CARTESIAN_POINT('Ctrl Pts',(0.426736030564729,4.49387085445435,-0.236999999999483));
#5902=CARTESIAN_POINT('Ctrl Pts',(0.426716274181061,4.4912136985988,-0.236999999999483));
#5903=CARTESIAN_POINT('Ctrl Pts',(0.426699167982859,4.48891298225923,-0.236999999999483));
#5904=CARTESIAN_POINT('Ctrl Pts',(0.426790109958295,4.4866168313368,-0.236999999999483));
#5905=CARTESIAN_POINT('Ctrl Pts',(0.426989583669956,4.4843361699908,-0.236999999999483));
#5906=CARTESIAN_POINT('Ctrl Pts',(0.427282849442694,4.48098314714674,-0.236999999999483));
#5907=CARTESIAN_POINT('Ctrl Pts',(0.42781048842287,4.47766149353413,-0.236999999999483));
#5908=CARTESIAN_POINT('Ctrl Pts',(0.428577159597381,4.47439491025901,-0.236999999999483));
#5909=CARTESIAN_POINT('Ctrl Pts',(0.429480552980758,4.47054578978193,-0.236999999999483));
#5910=CARTESIAN_POINT('Ctrl Pts',(0.430715566606184,4.46677294982084,-0.236999999999483));
#5911=CARTESIAN_POINT('Ctrl Pts',(0.432252956655157,4.46310053792006,-0.236999999999483));
#5912=CARTESIAN_POINT('Ctrl Pts',(0.433284378360964,4.46063674849351,-0.236999999999483));
#5913=CARTESIAN_POINT('Ctrl Pts',(0.43444881288725,4.45822645424007,-0.236999999999483));
#5914=CARTESIAN_POINT('Ctrl Pts',(0.435733778277954,4.45588103139472,-0.236999999999483));
#5915=CARTESIAN_POINT('Ctrl Pts',(0.437793387238491,4.45212166640055,-0.236999999999483));
#5916=CARTESIAN_POINT('Ctrl Pts',(0.44016369461549,4.44852515981466,-0.236999999999483));
#5917=CARTESIAN_POINT('Ctrl Pts',(0.442809324240371,4.44512143756903,-0.236999999999483));
#5918=CARTESIAN_POINT('Ctrl Pts',(0.444348455129801,4.44314127602335,-0.236999999999483));
#5919=CARTESIAN_POINT('Ctrl Pts',(0.445980056622843,4.44122802168022,-0.236999999999483));
#5920=CARTESIAN_POINT('Ctrl Pts',(0.447690991749382,4.43939430652543,-0.236999999999483));
#5921=CARTESIAN_POINT('Ctrl Pts',(0.45158640216137,4.43521935389525,-0.236999999999483));
#5922=CARTESIAN_POINT('Ctrl Pts',(0.455899480208567,4.431445161678,-0.236999999999483));
#5923=CARTESIAN_POINT('Ctrl Pts',(0.460557773517259,4.42814302492398,-0.236999999999483));
#5924=CARTESIAN_POINT('Ctrl Pts',(0.56728251820528,4.49994489974426,-0.186920706005481));
#5925=CARTESIAN_POINT('Ctrl Pts',(0.56731865200686,4.49584670406378,-0.187224234923543));
#5926=CARTESIAN_POINT('Ctrl Pts',(0.566975717079074,4.49175454104255,-0.187527763841606));
#5927=CARTESIAN_POINT('Ctrl Pts',(0.566231769109329,4.487736632806,-0.187831292759669));
#5928=CARTESIAN_POINT('Ctrl Pts',(0.562214693332882,4.4660412421262,-0.189470249667663));
#5929=CARTESIAN_POINT('Ctrl Pts',(0.546505493364757,4.44651085874878,-0.191109206575657));
#5930=CARTESIAN_POINT('Ctrl Pts',(0.526175437588666,4.43793653492066,-0.192748163483651));
#5931=CARTESIAN_POINT('Ctrl Pts',(0.505845381812575,4.42936221109253,-0.194387120391644));
#5932=CARTESIAN_POINT('Ctrl Pts',(0.480894470228518,4.4317439468137,-0.196026077299638));
#5933=CARTESIAN_POINT('Ctrl Pts',(0.462554050810882,4.44401021455287,-0.197665034207632));
#5934=CARTESIAN_POINT('Ctrl Pts',(0.444213631393245,4.45627648229204,-0.199303991115626));
#5935=CARTESIAN_POINT('Ctrl Pts',(0.43248370414203,4.47842728204922,-0.200942948023619));
#5936=CARTESIAN_POINT('Ctrl Pts',(0.432644272579136,4.50049056011044,-0.202581904931613));
#5937=CARTESIAN_POINT('Ctrl Pts',(0.432804841016242,4.52255383817166,-0.204220861839607));
#5938=CARTESIAN_POINT('Ctrl Pts',(0.444855905141669,4.54452959453693,-0.205859818747601));
#5939=CARTESIAN_POINT('Ctrl Pts',(0.463372972293425,4.55652810626056,-0.207498775655595));
#5940=CARTESIAN_POINT('Ctrl Pts',(0.48189003944518,4.56852661798419,-0.209137732563588));
#5941=CARTESIAN_POINT('Ctrl Pts',(0.506873109623264,4.57054788506617,-0.210776689471582));
#5942=CARTESIAN_POINT('Ctrl Pts',(0.527076126053474,4.56167727382829,-0.212415646379576));
#5943=CARTESIAN_POINT('Ctrl Pts',(0.547279142483683,4.5528066625904,-0.21405460328757));
#5944=CARTESIAN_POINT('Ctrl Pts',(0.562702105166018,4.53304417303266,-0.215693560195564));
#5945=CARTESIAN_POINT('Ctrl Pts',(0.5664031107013,4.51129530886072,-0.217332517103557));
#5946=CARTESIAN_POINT('Ctrl Pts',(0.567034028604123,4.50758773597509,-0.217611913404199));
#5947=CARTESIAN_POINT('Ctrl Pts',(0.567324298100072,4.50382243763123,-0.21789130970484));
#5948=CARTESIAN_POINT('Ctrl Pts',(0.567291800617436,4.500052245968,-0.218170706005481));
#5949=CARTESIAN_POINT('Ctrl Pts',(0.539516478889323,4.4281498232696,-0.236999999999483));
#5950=CARTESIAN_POINT('Ctrl Pts',(0.563193399747482,4.44117176122205,-0.235361043091489));
#5951=CARTESIAN_POINT('Ctrl Pts',(0.596275217285989,4.49223822980319,-0.232083129275501));
#5952=CARTESIAN_POINT('Ctrl Pts',(0.559390028449132,4.5762918670571,-0.22716625855152));
#5953=CARTESIAN_POINT('Ctrl Pts',(0.468947565693192,4.59148525059355,-0.222249387827539));
#5954=CARTESIAN_POINT('Ctrl Pts',(0.406505016017756,4.5244025495493,-0.217332517103557));
#5955=CARTESIAN_POINT('Ctrl Pts',(0.428211591058281,4.43530874564142,-0.212415646379576));
#5956=CARTESIAN_POINT('Ctrl Pts',(0.514558151461603,4.40447555847082,-0.207498775655594));
#5957=CARTESIAN_POINT('Ctrl Pts',(0.587793051892593,4.45963014943467,-0.202581904931613));
#5958=CARTESIAN_POINT('Ctrl Pts',(0.581992883591233,4.55113371736917,-0.197665034207632));
#5959=CARTESIAN_POINT('Ctrl Pts',(0.502375428974619,4.59660046358665,-0.19274816348365));
#5960=CARTESIAN_POINT('Ctrl Pts',(0.420620086322441,4.55510166579437,-0.187831292759669));
#5961=CARTESIAN_POINT('Ctrl Pts',(0.41032801645658,4.46399571118213,-0.182914422035687));
#5962=CARTESIAN_POINT('Ctrl Pts',(0.480765369600154,4.40530374960263,-0.177997551311706));
#5963=CARTESIAN_POINT('Ctrl Pts',(0.568519062877511,4.43186411435165,-0.173080680587725));
#5964=CARTESIAN_POINT('Ctrl Pts',(0.594586933004438,4.51976545113146,-0.168163809863744));
#5965=CARTESIAN_POINT('Ctrl Pts',(0.535500722800718,4.58987244930805,-0.163246939139762));
#5966=CARTESIAN_POINT('Ctrl Pts',(0.444454180087517,4.57906972677661,-0.158330068415781));
#5967=CARTESIAN_POINT('Ctrl Pts',(0.403414034220678,4.4970826557143,-0.153413197691799));
#5968=CARTESIAN_POINT('Ctrl Pts',(0.449327627111125,4.41772199536557,-0.148496326967818));
#5969=CARTESIAN_POINT('Ctrl Pts',(0.540860187639695,4.41243399827195,-0.143579456243837));
#5970=CARTESIAN_POINT('Ctrl Pts',(0.595607425330683,4.48597930868436,-0.138662585519855));
#5971=CARTESIAN_POINT('Ctrl Pts',(0.564281879831815,4.57214706828788,-0.133745714795874));
#5972=CARTESIAN_POINT('Ctrl Pts',(0.475085094149025,4.59336277108687,-0.128828844071892));
#5973=CARTESIAN_POINT('Ctrl Pts',(0.408318525247181,4.530526492437,-0.123911973347911));
#5974=CARTESIAN_POINT('Ctrl Pts',(0.42409031201465,4.44020803715423,-0.11899510262393));
#5975=CARTESIAN_POINT('Ctrl Pts',(0.508201540730294,4.40371867115997,-0.114078231899948));
#5976=CARTESIAN_POINT('Ctrl Pts',(0.584929143837535,4.45390878522149,-0.109161361175967));
#5977=CARTESIAN_POINT('Ctrl Pts',(0.585197332464784,4.5455935751333,-0.104244490451986));
#5978=CARTESIAN_POINT('Ctrl Pts',(0.508764663640116,4.59623170072345,-0.0993276197280044));
#5979=CARTESIAN_POINT('Ctrl Pts',(0.424441404850615,4.56023502512479,-0.094410749004023));
#5980=CARTESIAN_POINT('Ctrl Pts',(0.408141508628364,4.47001038320267,-0.0894938782800417));
#5981=CARTESIAN_POINT('Ctrl Pts',(0.474539331322612,4.40678458333913,-0.0845770075560602));
#5982=CARTESIAN_POINT('Ctrl Pts',(0.563858706399076,4.42747810558336,-0.079660136832079));
#5983=CARTESIAN_POINT('Ctrl Pts',(0.595687812766272,4.51346113073812,-0.0747432661080975));
#5984=CARTESIAN_POINT('Ctrl Pts',(0.541371765585432,4.58732546344046,-0.0698263953841161));
#5985=CARTESIAN_POINT('Ctrl Pts',(0.44980983519459,4.58257303984684,-0.0649095246601347));
#5986=CARTESIAN_POINT('Ctrl Pts',(0.403432754668867,4.50348233856776,-0.0599926539361534));
#5987=CARTESIAN_POINT('Ctrl Pts',(0.443992557078103,4.42125658192525,-0.055075783212172));
#5988=CARTESIAN_POINT('Ctrl Pts',(0.534974347730781,4.40992139791521,-0.0501589124881908));
#5989=CARTESIAN_POINT('Ctrl Pts',(0.594469677689964,4.47968154656726,-0.0452420417642093));
#5990=CARTESIAN_POINT('Ctrl Pts',(0.56891650821154,4.56773385009486,-0.0403251710402279));
#5991=CARTESIAN_POINT('Ctrl Pts',(0.481319667650561,4.59480719770175,-0.0354083003162465));
#5992=CARTESIAN_POINT('Ctrl Pts',(0.410540225795329,4.53652818571998,-0.0304914295922651));
#5993=CARTESIAN_POINT('Ctrl Pts',(0.420299002574699,4.44536383466827,-0.0255745588682838));
#5994=CARTESIAN_POINT('Ctrl Pts',(0.501810434814039,4.4033869476803,-0.0206576881443024));
#5995=CARTESIAN_POINT('Ctrl Pts',(0.581691981485557,4.44838818242199,-0.015740817420321));
#5996=CARTESIAN_POINT('Ctrl Pts',(0.588028443519094,4.53985414262467,-0.0108239466963397));
#5997=CARTESIAN_POINT('Ctrl Pts',(0.515115275277634,4.59544049458191,-0.00590707597235832));
#5998=CARTESIAN_POINT('Ctrl Pts',(0.428594232929025,4.56510434687277,-0.000990205248376939));
#5999=CARTESIAN_POINT('Ctrl Pts',(0.406357874185517,4.47615651397808,0.00392666547560444));
#6000=CARTESIAN_POINT('Ctrl Pts',(0.46842499227626,4.40867432759571,0.00884353619958581));
#6001=CARTESIAN_POINT('Ctrl Pts',(0.558918237059599,4.42341017760603,0.0137604069235672));
#6002=CARTESIAN_POINT('Ctrl Pts',(0.596368984250744,4.50709777621621,0.0186772776475485));
#6003=CARTESIAN_POINT('Ctrl Pts',(0.547061337602579,4.58439543860072,0.0235941483715299));
#6004=CARTESIAN_POINT('Ctrl Pts',(0.455385639719307,4.58571416690214,0.0285110190955113));
#6005=CARTESIAN_POINT('Ctrl Pts',(0.403875045473894,4.50986674570017,0.0334278898194927));
#6006=CARTESIAN_POINT('Ctrl Pts',(0.438903151700886,4.42513655974712,0.038344760543474));
#6007=CARTESIAN_POINT('Ctrl Pts',(0.528935100372284,4.40780390732957,0.0432616312674555));
#6008=CARTESIAN_POINT('Ctrl Pts',(0.592917559658851,4.47347290686157,0.0481785019914367));
#6009=CARTESIAN_POINT('Ctrl Pts',(0.57324884941891,4.56302353252075,0.0530953727154182));
#6010=CARTESIAN_POINT('Ctrl Pts',(0.48763617838081,4.59583577273534,0.0580122434393995));
#6011=CARTESIAN_POINT('Ctrl Pts',(0.413154321893774,4.54236965750954,0.0629291141633809));
#6012=CARTESIAN_POINT('Ctrl Pts',(0.416857284201505,4.45075927892557,0.0678459848873622));
#6013=CARTESIAN_POINT('Ctrl Pts',(0.495411387507265,4.4034790017696,0.0727628556113437));
#6014=CARTESIAN_POINT('Ctrl Pts',(0.578096495848585,4.44309395208075,0.077679726335325));
#6015=CARTESIAN_POINT('Ctrl Pts',(0.590473435869982,4.5339399218116,0.0825965970593064));
#6016=CARTESIAN_POINT('Ctrl Pts',(0.521399589679698,4.59423061289985,0.0875134677832879));
#6017=CARTESIAN_POINT('Ctrl Pts',(0.433060261457041,4.56968819734856,0.0924303385072691));
#6018=CARTESIAN_POINT('Ctrl Pts',(0.404984990968944,4.48240703755476,0.0973472092312505));
#6019=CARTESIAN_POINT('Ctrl Pts',(0.462449128573459,4.41096503898425,0.102264079955232));
#6020=CARTESIAN_POINT('Ctrl Pts',(0.553719379284163,4.41967741101707,0.107180950679213));
#6021=CARTESIAN_POINT('Ctrl Pts',(0.596627366464565,4.50070487261618,0.112097821403195));
#6022=CARTESIAN_POINT('Ctrl Pts',(0.552544663195774,4.58109202841884,0.117014692127176));
#6023=CARTESIAN_POINT('Ctrl Pts',(0.461156775771391,4.58848580666071,0.121931562851157));
#6024=CARTESIAN_POINT('Ctrl Pts',(0.404739693888482,4.51619476871974,0.126848433575139));
#6025=CARTESIAN_POINT('Ctrl Pts',(0.434080271836419,4.42937143501823,0.13176530429912));
#6026=CARTESIAN_POINT('Ctrl Pts',(0.522771733365388,4.40603685500271,0.136682175023102));
#6027=CARTESIAN_POINT('Ctrl Pts',(0.590953011996441,4.46749289079558,0.141599045747083));
#6028=CARTESIAN_POINT('Ctrl Pts',(0.581791968224517,4.52764491604835,0.14487695956307));
#6029=CARTESIAN_POINT('Ctrl Pts',(0.565562568108283,4.54924986967543,0.146515916471064));
#6030=CARTESIAN_POINT('Ctrl Pts',(0.537147096516894,4.43245791313453,-0.239838638822998));
#6031=CARTESIAN_POINT('Ctrl Pts',(0.559404364600021,4.4446990641569,-0.238199681915005));
#6032=CARTESIAN_POINT('Ctrl Pts',(0.590502617875548,4.49270362049589,-0.234921768099017));
#6033=CARTESIAN_POINT('Ctrl Pts',(0.555829040970983,4.57171745632908,-0.230004897375036));
#6034=CARTESIAN_POINT('Ctrl Pts',(0.470809449457522,4.58599985447057,-0.225088026651054));
#6035=CARTESIAN_POINT('Ctrl Pts',(0.412110914447587,4.5229393885499,-0.220171155927073));
#6036=CARTESIAN_POINT('Ctrl Pts',(0.432515977366778,4.43918759117714,-0.215254285203092));
#6037=CARTESIAN_POINT('Ctrl Pts',(0.513685254168682,4.4102031418552,-0.21033741447911));
#6038=CARTESIAN_POINT('Ctrl Pts',(0.582529037602285,4.46205069941775,-0.205420543755129));
#6039=CARTESIAN_POINT('Ctrl Pts',(0.577076643619807,4.54806777293343,-0.200503673031148));
#6040=CARTESIAN_POINT('Ctrl Pts',(0.502232999798295,4.59080836261955,-0.195586802307166));
#6041=CARTESIAN_POINT('Ctrl Pts',(0.425379654317335,4.55179780575183,-0.190669931583185));
#6042=CARTESIAN_POINT('Ctrl Pts',(0.415704690266602,4.46615450492223,-0.185753060859203));
#6043=CARTESIAN_POINT('Ctrl Pts',(0.481918665528599,4.41098167518539,-0.180836190135222));
#6044=CARTESIAN_POINT('Ctrl Pts',(0.56441070443262,4.4359494977391,-0.175919319411241));
#6045=CARTESIAN_POINT('Ctrl Pts',(0.588915562021449,4.5185803275372,-0.171002448687259));
#6046=CARTESIAN_POINT('Ctrl Pts',(0.533372122551489,4.58448375570117,-0.166085577963278));
#6047=CARTESIAN_POINT('Ctrl Pts',(0.447784671322107,4.57432875738655,-0.161168707239296));
#6048=CARTESIAN_POINT('Ctrl Pts',(0.409205265908666,4.49725757778021,-0.156251836515315));
#6049=CARTESIAN_POINT('Ctrl Pts',(0.452365909631901,4.42265533100931,-0.151334965791334));
#6050=CARTESIAN_POINT('Ctrl Pts',(0.53841023736455,4.41768439878207,-0.146418095067352));
#6051=CARTESIAN_POINT('Ctrl Pts',(0.589874866291547,4.4868199802165,-0.141501224343371));
#6052=CARTESIAN_POINT('Ctrl Pts',(0.560427580126452,4.56782117699826,-0.13658435361939));
#6053=CARTESIAN_POINT('Ctrl Pts',(0.476578975699032,4.58776480005625,-0.131667482895408));
#6054=CARTESIAN_POINT('Ctrl Pts',(0.413815686843133,4.52869614380511,-0.126750612171427));
#6055=CARTESIAN_POINT('Ctrl Pts',(0.428641807534096,4.44379312435738,-0.121833741447445));
#6056=CARTESIAN_POINT('Ctrl Pts',(0.507709781682442,4.40949163701522,-0.116916870723464));
#6057=CARTESIAN_POINT('Ctrl Pts',(0.579836847611503,4.45667238448158,-0.111999999999483));
#6058=CARTESIAN_POINT('Ctrl Pts',(0.580088955823095,4.54285981402267,-0.107083129275501));
#6059=CARTESIAN_POINT('Ctrl Pts',(0.508239140108848,4.59046171053779,-0.10216625855152));
#6060=CARTESIAN_POINT('Ctrl Pts',(0.428971849071971,4.55662337219556,-0.0972493878275386));
#6061=CARTESIAN_POINT('Ctrl Pts',(0.413649284025646,4.4718085411204,-0.0923325171035574));
#6062=CARTESIAN_POINT('Ctrl Pts',(0.476065936456725,4.41237371909421,-0.0874156463795758));
#6063=CARTESIAN_POINT('Ctrl Pts',(0.560029779897504,4.43182647120387,-0.0824987756555946));
#6064=CARTESIAN_POINT('Ctrl Pts',(0.589950433748783,4.51265401009428,-0.0775819049316132));
#6065=CARTESIAN_POINT('Ctrl Pts',(0.538891141429395,4.58208948544961,-0.0726650342076318));
#6066=CARTESIAN_POINT('Ctrl Pts',(0.452819204832313,4.57762201408368,-0.0677481634836504));
#6067=CARTESIAN_POINT('Ctrl Pts',(0.409222863890957,4.50327353981217,-0.062831292759669));
#6068=CARTESIAN_POINT('Ctrl Pts',(0.447350726928095,4.42597798605778,-0.0579144220356877));
#6069=CARTESIAN_POINT('Ctrl Pts',(0.532877308588387,4.4153224523085,-0.0529975513117063));
#6070=CARTESIAN_POINT('Ctrl Pts',(0.588805337259366,4.48089982781983,-0.0480806805877249));
#6071=CARTESIAN_POINT('Ctrl Pts',(0.564784319202921,4.56367257249771,-0.0431638098637436));
#6072=CARTESIAN_POINT('Ctrl Pts',(0.482439728228423,4.58912261979077,-0.0382469391397622));
#6073=CARTESIAN_POINT('Ctrl Pts',(0.415904175671422,4.53433797946237,-0.0333300684157808));
#6074=CARTESIAN_POINT('Ctrl Pts',(0.425077822542273,4.44863978360585,-0.0284131976917994));
#6075=CARTESIAN_POINT('Ctrl Pts',(0.501701882320108,4.40917980345962,-0.0234963269678181));
#6076=CARTESIAN_POINT('Ctrl Pts',(0.57679378340868,4.45148279343531,-0.0185794562438367));
#6077=CARTESIAN_POINT('Ctrl Pts',(0.582750315299961,4.53746451415428,-0.0136625855198553));
#6078=CARTESIAN_POINT('Ctrl Pts',(0.51420897320306,4.5897179446019,-0.00874571479587398));
#6079=CARTESIAN_POINT('Ctrl Pts',(0.432875676279826,4.56120073257856,-0.00382884407189259));
#6080=CARTESIAN_POINT('Ctrl Pts',(0.411972595143905,4.477586153892,0.00108802665208879));
#6081=CARTESIAN_POINT('Ctrl Pts',(0.470318209202786,4.41415015551425,0.00600489737607015));
#6082=CARTESIAN_POINT('Ctrl Pts',(0.55538553788631,4.42800245354225,0.0109217681000515));
#6083=CARTESIAN_POINT('Ctrl Pts',(0.590590762634084,4.50667219817073,0.0158386388240329));
#6084=CARTESIAN_POINT('Ctrl Pts',(0.544239570408929,4.57933514299356,0.0207555095480142));
#6085=CARTESIAN_POINT('Ctrl Pts',(0.458060687744268,4.58057480120374,0.0256723802719956));
#6086=CARTESIAN_POINT('Ctrl Pts',(0.409638635226982,4.50927514204538,0.030589250995977));
#6087=CARTESIAN_POINT('Ctrl Pts',(0.442566478987114,4.42962532293301,0.0355061217199584));
#6088=CARTESIAN_POINT('Ctrl Pts',(0.527200170573539,4.41333192508115,0.0404229924439398));
#6089=CARTESIAN_POINT('Ctrl Pts',(0.587346283215892,4.47506345411276,0.0453398631679211));
#6090=CARTESIAN_POINT('Ctrl Pts',(0.568856896049281,4.55924468250172,0.0502567338919025));
#6091=CARTESIAN_POINT('Ctrl Pts',(0.488377505083587,4.59008952213434,0.0551736046158838));
#6092=CARTESIAN_POINT('Ctrl Pts',(0.41836153226803,4.53982920040277,0.0600904753398652));
#6093=CARTESIAN_POINT('Ctrl Pts',(0.42184246736422,4.4537117205347,0.0650073460638465));
#6094=CARTESIAN_POINT('Ctrl Pts',(0.495686517727866,4.40926633804561,0.069924216787828));
#6095=CARTESIAN_POINT('Ctrl Pts',(0.573413880751973,4.44650600170192,0.0748410875118093));
#6096=CARTESIAN_POINT('Ctrl Pts',(0.585048707499729,4.53190490617453,0.0797579582357908));
#6097=CARTESIAN_POINT('Ctrl Pts',(0.520116484200936,4.58858060663858,0.0846748289597721));
#6098=CARTESIAN_POINT('Ctrl Pts',(0.437073924642035,4.5655097383612,0.0895916996837534));
#6099=CARTESIAN_POINT('Ctrl Pts',(0.410682029112067,4.4834619001404,0.0945085704077348));
#6100=CARTESIAN_POINT('Ctrl Pts',(0.464700654400864,4.41630351733784,0.0994254411317162));
#6101=CARTESIAN_POINT('Ctrl Pts',(0.550498400241718,4.42449350121016,0.104342311855698));
#6102=CARTESIAN_POINT('Ctrl Pts',(0.590833652418417,4.50066260891256,0.109259182579679));
#6103=CARTESIAN_POINT('Ctrl Pts',(0.549394119365946,4.57622980313763,0.114176053303661));
#6104=CARTESIAN_POINT('Ctrl Pts',(0.463485790232252,4.58318025524507,0.119092924027642));
#6105=CARTESIAN_POINT('Ctrl Pts',(0.410451439885006,4.51522374092048,0.124009794751623));
#6106=CARTESIAN_POINT('Ctrl Pts',(0.438032775862487,4.43360627783726,0.128926665475604));
#6107=CARTESIAN_POINT('Ctrl Pts',(0.521406355043683,4.4116708240625,0.133843536199586));
#6108=CARTESIAN_POINT('Ctrl Pts',(0.585499528553565,4.46944199592065,0.138760406923567));
#6109=CARTESIAN_POINT('Ctrl Pts',(0.576887775007803,4.52598734486253,0.142038320739555));
#6110=CARTESIAN_POINT('Ctrl Pts',(0.561631479166831,4.54629687952213,0.143677277647549));
#6111=CARTESIAN_POINT('Ctrl Pts',(0.534777714144465,4.43676600299946,-0.242677277646514));
#6112=CARTESIAN_POINT('Ctrl Pts',(0.555615329452561,4.44822636709176,-0.24103832073852));
#6113=CARTESIAN_POINT('Ctrl Pts',(0.584730018465108,4.49316901118858,-0.237760406922533));
#6114=CARTESIAN_POINT('Ctrl Pts',(0.552268053492834,4.56714304560106,-0.232843536198551));
#6115=CARTESIAN_POINT('Ctrl Pts',(0.472671333221854,4.58051445834758,-0.22792666547457));
#6116=CARTESIAN_POINT('Ctrl Pts',(0.417716812877416,4.5214762275505,-0.223009794750588));
#6117=CARTESIAN_POINT('Ctrl Pts',(0.436820363675275,4.44306643671288,-0.218092924026607));
#6118=CARTESIAN_POINT('Ctrl Pts',(0.51281235687576,4.41593072523957,-0.213176053302626));
#6119=CARTESIAN_POINT('Ctrl Pts',(0.577265023311977,4.46447124940084,-0.208259182578644));
#6120=CARTESIAN_POINT('Ctrl Pts',(0.572160403648382,4.54500182849766,-0.203342311854663));
#6121=CARTESIAN_POINT('Ctrl Pts',(0.502090570621971,4.58501626165247,-0.198425441130682));
#6122=CARTESIAN_POINT('Ctrl Pts',(0.430139222312229,4.54849394570927,-0.1935085704067));
#6123=CARTESIAN_POINT('Ctrl Pts',(0.421081364076624,4.46831329866232,-0.188591699682719));
#6124=CARTESIAN_POINT('Ctrl Pts',(0.483071961457046,4.41665960076817,-0.183674828958737));
#6125=CARTESIAN_POINT('Ctrl Pts',(0.560302345987728,4.44003488112655,-0.178757958234756));
#6126=CARTESIAN_POINT('Ctrl Pts',(0.58324419103846,4.51739520394293,-0.173841087510775));
#6127=CARTESIAN_POINT('Ctrl Pts',(0.531243522302258,4.57909506209428,-0.168924216786794));
#6128=CARTESIAN_POINT('Ctrl Pts',(0.451115162556697,4.5695877879965,-0.164007346062812));
#6129=CARTESIAN_POINT('Ctrl Pts',(0.414996497596654,4.49743249984612,-0.159090475338831));
#6130=CARTESIAN_POINT('Ctrl Pts',(0.455404192152677,4.42758866665304,-0.154173604614849));
#6131=CARTESIAN_POINT('Ctrl Pts',(0.535960287089406,4.42293479929218,-0.149256733890868));
#6132=CARTESIAN_POINT('Ctrl Pts',(0.58414230725241,4.48766065174863,-0.144339863166887));
#6133=CARTESIAN_POINT('Ctrl Pts',(0.556573280421089,4.56349528570864,-0.139422992442905));
#6134=CARTESIAN_POINT('Ctrl Pts',(0.47807285724904,4.58216682902564,-0.134506121718924));
#6135=CARTESIAN_POINT('Ctrl Pts',(0.419312848439085,4.52686579517321,-0.129589250994943));
#6136=CARTESIAN_POINT('Ctrl Pts',(0.433193303053544,4.44737821156053,-0.124672380270961));
#6137=CARTESIAN_POINT('Ctrl Pts',(0.507218022634588,4.41526460287046,-0.11975550954698));
#6138=CARTESIAN_POINT('Ctrl Pts',(0.574744551385473,4.45943598374168,-0.114838638822999));
#6139=CARTESIAN_POINT('Ctrl Pts',(0.574980579181406,4.54012605291203,-0.109921768099017));
#6140=CARTESIAN_POINT('Ctrl Pts',(0.507713616577581,4.58469172035214,-0.105004897375036));
#6141=CARTESIAN_POINT('Ctrl Pts',(0.433502293293326,4.55301171926633,-0.100088026651054));
#6142=CARTESIAN_POINT('Ctrl Pts',(0.419157059422929,4.47360669903812,-0.095171155927073));
#6143=CARTESIAN_POINT('Ctrl Pts',(0.477592541590836,4.41796285484928,-0.0902542852030915));
#6144=CARTESIAN_POINT('Ctrl Pts',(0.556200853395934,4.43617483682438,-0.0853374144791103));
#6145=CARTESIAN_POINT('Ctrl Pts',(0.584213054731292,4.51184688945042,-0.0804205437551288));
#6146=CARTESIAN_POINT('Ctrl Pts',(0.536410517273359,4.57685350745877,-0.0755036730311475));
#6147=CARTESIAN_POINT('Ctrl Pts',(0.455828574470035,4.5726709883205,-0.070586802307166));
#6148=CARTESIAN_POINT('Ctrl Pts',(0.415012973113047,4.50306474105659,-0.0656699315831848));
#6149=CARTESIAN_POINT('Ctrl Pts',(0.450708896778087,4.43069939019031,-0.0607530608592032));
#6150=CARTESIAN_POINT('Ctrl Pts',(0.530780269445993,4.4207235067018,-0.0558361901352221));
#6151=CARTESIAN_POINT('Ctrl Pts',(0.583140996828769,4.4821181090724,-0.0509193194112405));
#6152=CARTESIAN_POINT('Ctrl Pts',(0.560652130194302,4.55961129490056,-0.0460024486872593));
#6153=CARTESIAN_POINT('Ctrl Pts',(0.483559788806286,4.58343804187979,-0.0410855779632778));
#6154=CARTESIAN_POINT('Ctrl Pts',(0.421268125547516,4.53214777320478,-0.0361687072392965));
#6155=CARTESIAN_POINT('Ctrl Pts',(0.429856642509846,4.45191573254342,-0.0312518365153151));
#6156=CARTESIAN_POINT('Ctrl Pts',(0.501593329826178,4.41497265923896,-0.0263349657913337));
#6157=CARTESIAN_POINT('Ctrl Pts',(0.571895585331801,4.45457740444863,-0.0214180950673524));
#6158=CARTESIAN_POINT('Ctrl Pts',(0.577472187080829,4.5350748856839,-0.016501224343371));
#6159=CARTESIAN_POINT('Ctrl Pts',(0.513302671128486,4.58399539462188,-0.0115843536193897));
#6160=CARTESIAN_POINT('Ctrl Pts',(0.437157119630626,4.55729711828437,-0.00666748289540825));
#6161=CARTESIAN_POINT('Ctrl Pts',(0.417587316102295,4.47901579380591,-0.00175061217142688));
#6162=CARTESIAN_POINT('Ctrl Pts',(0.47221142612931,4.4196259834328,0.0031662585525545));
#6163=CARTESIAN_POINT('Ctrl Pts',(0.551852838713022,4.43259472947847,0.00808312927653587));
#6164=CARTESIAN_POINT('Ctrl Pts',(0.584812541017423,4.50624662012524,0.0130000000005172));
#6165=CARTESIAN_POINT('Ctrl Pts',(0.541417803215278,4.57427484738641,0.0179168707244986));
#6166=CARTESIAN_POINT('Ctrl Pts',(0.460735735769228,4.57543543550533,0.0228337414484799));
#6167=CARTESIAN_POINT('Ctrl Pts',(0.415402224980073,4.5086835383906,0.0277506121724613));
#6168=CARTESIAN_POINT('Ctrl Pts',(0.446229806273341,4.43411408611891,0.0326674828964427));
#6169=CARTESIAN_POINT('Ctrl Pts',(0.525465240774794,4.41885994283274,0.0375843536204241));
#6170=CARTESIAN_POINT('Ctrl Pts',(0.581775006772932,4.47665400136395,0.0425012243444055));
#6171=CARTESIAN_POINT('Ctrl Pts',(0.564464942679651,4.55546583248269,0.0474180950683869));
#6172=CARTESIAN_POINT('Ctrl Pts',(0.489118831786363,4.58434327153334,0.0523349657923682));
#6173=CARTESIAN_POINT('Ctrl Pts',(0.423568742642285,4.53728874329599,0.0572518365163496));
#6174=CARTESIAN_POINT('Ctrl Pts',(0.426827650526935,4.45666416214385,0.0621687072403309));
#6175=CARTESIAN_POINT('Ctrl Pts',(0.495961647948466,4.41505367432162,0.0670855779643124));
#6176=CARTESIAN_POINT('Ctrl Pts',(0.568731265655361,4.44991805132309,0.0720024486882937));
#6177=CARTESIAN_POINT('Ctrl Pts',(0.579623979129475,4.52986989053744,0.0769193194122752));
#6178=CARTESIAN_POINT('Ctrl Pts',(0.518833378722174,4.58293060037731,0.0818361901362565));
#6179=CARTESIAN_POINT('Ctrl Pts',(0.441087587827029,4.56133127937383,0.0867530608602378));
#6180=CARTESIAN_POINT('Ctrl Pts',(0.416379067255189,4.48451676272604,0.0916699315842193));
#6181=CARTESIAN_POINT('Ctrl Pts',(0.466952180228268,4.42164199569142,0.0965868023082004));
#6182=CARTESIAN_POINT('Ctrl Pts',(0.547277421199274,4.42930959140324,0.101503673032182));
#6183=CARTESIAN_POINT('Ctrl Pts',(0.585039938372269,4.50062034520895,0.106420543756163));
#6184=CARTESIAN_POINT('Ctrl Pts',(0.546243575536118,4.57136757785642,0.111337414480145));
#6185=CARTESIAN_POINT('Ctrl Pts',(0.465814804693114,4.57787470382944,0.116254285204126));
#6186=CARTESIAN_POINT('Ctrl Pts',(0.41616318588153,4.51425271312123,0.121171155928107));
#6187=CARTESIAN_POINT('Ctrl Pts',(0.441985279888555,4.43784112065629,0.126088026652089));
#6188=CARTESIAN_POINT('Ctrl Pts',(0.520040976721979,4.4173047931223,0.13100489737607));
#6189=CARTESIAN_POINT('Ctrl Pts',(0.580046045110688,4.47139110104571,0.135921768100052));
#6190=CARTESIAN_POINT('Ctrl Pts',(0.571983581791089,4.5243297736767,0.139199681916039));
#6191=CARTESIAN_POINT('Ctrl Pts',(0.557700390225379,4.54334388936882,0.140838638824033));
#6192=CARTESIAN_POINT('Ctrl Pts',(0.532408331772036,4.4410740928644,-0.24551591647003));
#6193=CARTESIAN_POINT('Ctrl Pts',(0.5518262943051,4.45175367002662,-0.243876959562036));
#6194=CARTESIAN_POINT('Ctrl Pts',(0.578957419054667,4.49363440188128,-0.240599045746048));
#6195=CARTESIAN_POINT('Ctrl Pts',(0.548707066014685,4.56256863487305,-0.235682175022067));
#6196=CARTESIAN_POINT('Ctrl Pts',(0.474533216986184,4.57502906222459,-0.230765304298086));
#6197=CARTESIAN_POINT('Ctrl Pts',(0.423322711307246,4.52001306655111,-0.225848433574104));
#6198=CARTESIAN_POINT('Ctrl Pts',(0.441124749983773,4.4469452822486,-0.220931562850123));
#6199=CARTESIAN_POINT('Ctrl Pts',(0.511939459582839,4.42165830862394,-0.216014692126142));
#6200=CARTESIAN_POINT('Ctrl Pts',(0.57200100902167,4.46689179938392,-0.21109782140216));
#6201=CARTESIAN_POINT('Ctrl Pts',(0.567244163676956,4.54193588406191,-0.206180950678179));
#6202=CARTESIAN_POINT('Ctrl Pts',(0.501948141445648,4.57922416068539,-0.201264079954198));
#6203=CARTESIAN_POINT('Ctrl Pts',(0.434898790307124,4.54519008566673,-0.196347209230216));
#6204=CARTESIAN_POINT('Ctrl Pts',(0.426458037886646,4.47047209240242,-0.191430338506235));
#6205=CARTESIAN_POINT('Ctrl Pts',(0.484225257385491,4.42233752635093,-0.186513467782253));
#6206=CARTESIAN_POINT('Ctrl Pts',(0.556193987542837,4.44412026451401,-0.181596597058272));
#6207=CARTESIAN_POINT('Ctrl Pts',(0.577572820055469,4.51621008034867,-0.176679726334291));
#6208=CARTESIAN_POINT('Ctrl Pts',(0.529114922053028,4.5737063684874,-0.171762855610309));
#6209=CARTESIAN_POINT('Ctrl Pts',(0.454445653791287,4.56484681860643,-0.166845984886328));
#6210=CARTESIAN_POINT('Ctrl Pts',(0.420787729284641,4.49760742191203,-0.161929114162346));
#6211=CARTESIAN_POINT('Ctrl Pts',(0.458442474673454,4.43252200229676,-0.157012243438365));
#6212=CARTESIAN_POINT('Ctrl Pts',(0.533510336814261,4.4281851998023,-0.152095372714384));
#6213=CARTESIAN_POINT('Ctrl Pts',(0.578409748213274,4.48850132328077,-0.147178501990402));
#6214=CARTESIAN_POINT('Ctrl Pts',(0.552718980715725,4.55916939441902,-0.142261631266421));
#6215=CARTESIAN_POINT('Ctrl Pts',(0.479566738799048,4.57656885799502,-0.137344760542439));
#6216=CARTESIAN_POINT('Ctrl Pts',(0.424810010035036,4.52503544654132,-0.132427889818458));
#6217=CARTESIAN_POINT('Ctrl Pts',(0.437744798572991,4.45096329876368,-0.127511019094477));
#6218=CARTESIAN_POINT('Ctrl Pts',(0.506726263586735,4.42103756872571,-0.122594148370495));
#6219=CARTESIAN_POINT('Ctrl Pts',(0.569652255159442,4.46219958300177,-0.117677277646514));
#6220=CARTESIAN_POINT('Ctrl Pts',(0.569872202539716,4.5373922918014,-0.112760406922533));
#6221=CARTESIAN_POINT('Ctrl Pts',(0.507188093046314,4.57892173016648,-0.107843536198551));
#6222=CARTESIAN_POINT('Ctrl Pts',(0.438032737514681,4.5494000663371,-0.10292666547457));
#6223=CARTESIAN_POINT('Ctrl Pts',(0.424664834820212,4.47540485695585,-0.0980097947505886));
#6224=CARTESIAN_POINT('Ctrl Pts',(0.479119146724948,4.42355199060436,-0.0930929240266072));
#6225=CARTESIAN_POINT('Ctrl Pts',(0.552371926894364,4.44052320244489,-0.0881760533026259));
#6226=CARTESIAN_POINT('Ctrl Pts',(0.578475675713803,4.51103976880657,-0.0832591825786445));
#6227=CARTESIAN_POINT('Ctrl Pts',(0.533929893117321,4.57161752946793,-0.0783423118546631));
#6228=CARTESIAN_POINT('Ctrl Pts',(0.458837944107759,4.56771996255732,-0.0734254411306817));
#6229=CARTESIAN_POINT('Ctrl Pts',(0.420803082335137,4.502855942301,-0.0685085704067004));
#6230=CARTESIAN_POINT('Ctrl Pts',(0.454067066628079,4.43542079432284,-0.063591699682719));
#6231=CARTESIAN_POINT('Ctrl Pts',(0.528683230303597,4.42612456109509,-0.0586748289587377));
#6232=CARTESIAN_POINT('Ctrl Pts',(0.577476656398172,4.48333639032498,-0.0537579582347562));
#6233=CARTESIAN_POINT('Ctrl Pts',(0.556519941185683,4.55555001730341,-0.0488410875107749));
#6234=CARTESIAN_POINT('Ctrl Pts',(0.484679849384149,4.57775346396881,-0.0439242167867935));
#6235=CARTESIAN_POINT('Ctrl Pts',(0.426632075423608,4.52995756694718,-0.0390073460628122));
#6236=CARTESIAN_POINT('Ctrl Pts',(0.43463546247742,4.45519168148099,-0.0340904753388307));
#6237=CARTESIAN_POINT('Ctrl Pts',(0.501484777332246,4.42076551501829,-0.0291736046148494));
#6238=CARTESIAN_POINT('Ctrl Pts',(0.566997387254924,4.45767201546194,-0.024256733890868));
#6239=CARTESIAN_POINT('Ctrl Pts',(0.572194058861696,4.53268525721352,-0.0193398631668867));
#6240=CARTESIAN_POINT('Ctrl Pts',(0.512396369053913,4.57827284464187,-0.0144229924429053));
#6241=CARTESIAN_POINT('Ctrl Pts',(0.441438562981426,4.55339350399017,-0.00950612171892389));
#6242=CARTESIAN_POINT('Ctrl Pts',(0.423202037060683,4.48044543371982,-0.00458925099494254));
#6243=CARTESIAN_POINT('Ctrl Pts',(0.474104643055836,4.42510181135136,0.000327619729038847));
#6244=CARTESIAN_POINT('Ctrl Pts',(0.548320139539732,4.4371870054147,0.00524449045302021));
#6245=CARTESIAN_POINT('Ctrl Pts',(0.579034319400763,4.50582104207976,0.0101613611770016));
#6246=CARTESIAN_POINT('Ctrl Pts',(0.538596036021627,4.56921455177924,0.0150782319009829));
#6247=CARTESIAN_POINT('Ctrl Pts',(0.463410783794189,4.57029606980694,0.0199951026249643));
#6248=CARTESIAN_POINT('Ctrl Pts',(0.421165814733162,4.50809193473581,0.0249119733489457));
#6249=CARTESIAN_POINT('Ctrl Pts',(0.449893133559569,4.4386028493048,0.0298288440729271));
#6250=CARTESIAN_POINT('Ctrl Pts',(0.523730310976049,4.42438796058431,0.0347457147969085));
#6251=CARTESIAN_POINT('Ctrl Pts',(0.576203730329972,4.47824454861514,0.0396625855208898));
#6252=CARTESIAN_POINT('Ctrl Pts',(0.560072989310022,4.55168698246366,0.0445794562448712));
#6253=CARTESIAN_POINT('Ctrl Pts',(0.489860158489139,4.57859702093234,0.0494963269688525));
#6254=CARTESIAN_POINT('Ctrl Pts',(0.428775953016542,4.53474828618923,0.0544131976928339));
#6255=CARTESIAN_POINT('Ctrl Pts',(0.431812833689648,4.45961660375298,0.0593300684168153));
#6256=CARTESIAN_POINT('Ctrl Pts',(0.496236778169068,4.42084101059763,0.0642469391407967));
#6257=CARTESIAN_POINT('Ctrl Pts',(0.564048650558748,4.45333010094427,0.069163809864778));
#6258=CARTESIAN_POINT('Ctrl Pts',(0.574199250759223,4.52783487490037,0.0740806805887595));
#6259=CARTESIAN_POINT('Ctrl Pts',(0.517550273243411,4.57728059411604,0.0789975513127407));
#6260=CARTESIAN_POINT('Ctrl Pts',(0.445101251012024,4.55715282038647,0.0839144220367222));
#6261=CARTESIAN_POINT('Ctrl Pts',(0.422076105398311,4.48557162531168,0.0888312927607035));
#6262=CARTESIAN_POINT('Ctrl Pts',(0.469203706055672,4.42698047404501,0.0937481634846849));
#6263=CARTESIAN_POINT('Ctrl Pts',(0.544056442156829,4.43412568159633,0.0986650342086664));
#6264=CARTESIAN_POINT('Ctrl Pts',(0.579246224326122,4.50057808150533,0.103581904932648));
#6265=CARTESIAN_POINT('Ctrl Pts',(0.54309303170629,4.56650535257521,0.108498775656629));
#6266=CARTESIAN_POINT('Ctrl Pts',(0.468143819153976,4.57256915241381,0.11341564638061));
#6267=CARTESIAN_POINT('Ctrl Pts',(0.421874931878053,4.51328168532198,0.118332517104592));
#6268=CARTESIAN_POINT('Ctrl Pts',(0.445937783914625,4.44207596347532,0.123249387828573));
#6269=CARTESIAN_POINT('Ctrl Pts',(0.518675598400273,4.4229387621821,0.128166258552555));
#6270=CARTESIAN_POINT('Ctrl Pts',(0.574592561667813,4.47334020617077,0.133083129276536));
#6271=CARTESIAN_POINT('Ctrl Pts',(0.567079388574375,4.52267220249088,0.136361043092523));
#6272=CARTESIAN_POINT('Ctrl Pts',(0.553769301283927,4.54039089921552,0.138000000000517));
#6273=CARTESIAN_POINT('Ctrl Pts',(0.553769301283927,4.54039089921552,0.138000000000517));
#6274=CARTESIAN_POINT('Ctrl Pts',(0.55701087490768,4.537059043143,0.138000000000517));
#6275=CARTESIAN_POINT('Ctrl Pts',(0.559859945960062,4.5333854107355,0.138000000000517));
#6276=CARTESIAN_POINT('Ctrl Pts',(0.562316293557847,4.52945204090358,0.138000000000517));
#6277=CARTESIAN_POINT('Ctrl Pts',(0.564226266237252,4.52639358577136,0.138000000000517));
#6278=CARTESIAN_POINT('Ctrl Pts',(0.565899932373353,4.5231724768089,0.138000000000517));
#6279=CARTESIAN_POINT('Ctrl Pts',(0.567321211314854,4.51985004905358,0.138000000000517));
#6280=CARTESIAN_POINT('Ctrl Pts',(0.569049300749534,4.51581041113746,0.138000000000517));
#6281=CARTESIAN_POINT('Ctrl Pts',(0.570409428565235,4.51161550273105,0.138000000000517));
#6282=CARTESIAN_POINT('Ctrl Pts',(0.571393967456244,4.50732339110662,0.138000000000517));
#6283=CARTESIAN_POINT('Ctrl Pts',(0.571924797863212,4.50500922822169,0.138000000000517));
#6284=CARTESIAN_POINT('Ctrl Pts',(0.572345120161272,4.50267033016364,0.138000000000517));
#6285=CARTESIAN_POINT('Ctrl Pts',(0.572652971782682,4.50032402984192,0.138000000000517));
#6286=CARTESIAN_POINT('Ctrl Pts',(0.573267304570411,4.49564187416288,0.138000000000517));
#6287=CARTESIAN_POINT('Ctrl Pts',(0.573437015508636,4.49092120248824,0.138000000000517));
#6288=CARTESIAN_POINT('Ctrl Pts',(0.57315087784266,4.48622935850232,0.138000000000517));
#6289=CARTESIAN_POINT('Ctrl Pts',(0.572987041024395,4.4835429006121,0.138000000000517));
#6290=CARTESIAN_POINT('Ctrl Pts',(0.572673484141408,4.48086573188088,0.138000000000517));
#6291=CARTESIAN_POINT('Ctrl Pts',(0.572205610555674,4.47820995323945,0.138000000000517));
#6292=CARTESIAN_POINT('Ctrl Pts',(0.571980149893127,4.47693017675637,0.138000000000517));
#6293=CARTESIAN_POINT('Ctrl Pts',(0.571719156749114,4.47565745632793,0.138000000000517));
#6294=CARTESIAN_POINT('Ctrl Pts',(0.571422834152979,4.47439490409831,0.138000000000517));
#6295=CARTESIAN_POINT('Ctrl Pts',(0.570320348002106,4.46969750212468,0.138000000000517));
#6296=CARTESIAN_POINT('Ctrl Pts',(0.568729117171425,4.4651333076993,0.138000000000517));
#6297=CARTESIAN_POINT('Ctrl Pts',(0.566713016606823,4.46074467827793,0.138000000000517));
#6298=CARTESIAN_POINT('Ctrl Pts',(0.56541400158748,4.45791699416693,0.138000000000517));
#6299=CARTESIAN_POINT('Ctrl Pts',(0.563938162909135,4.45516213221481,0.138000000000517));
#6300=CARTESIAN_POINT('Ctrl Pts',(0.562298521983692,4.45249186896589,0.138000000000517));
#6301=CARTESIAN_POINT('Ctrl Pts',(0.561036245657699,4.45043616882389,0.138000000000517));
#6302=CARTESIAN_POINT('Ctrl Pts',(0.559676445845847,4.44843084498243,0.138000000000517));
#6303=CARTESIAN_POINT('Ctrl Pts',(0.558234098202764,4.44649310796771,0.138000000000517));
#6304=CARTESIAN_POINT('Ctrl Pts',(0.554238875744992,4.44112568460372,0.138000000000517));
#6305=CARTESIAN_POINT('Ctrl Pts',(0.549600111304776,4.4362514018121,0.138000000000517));
#6306=CARTESIAN_POINT('Ctrl Pts',(0.544444687929408,4.43198021733429,0.138000000000517));
#6307=CARTESIAN_POINT('Ctrl Pts',(0.542827384346337,4.43064030760099,0.138000000000517));
#6308=CARTESIAN_POINT('Ctrl Pts',(0.541158879671192,4.42935991195,0.138000000000517));
#6309=CARTESIAN_POINT('Ctrl Pts',(0.539442225428351,4.42814302272397,0.138000000000517));
#6310=CARTESIAN_POINT('Ctrl Pts',(0.567152630812697,4.49997774566806,-0.208954293993485));
#6311=CARTESIAN_POINT('Ctrl Pts',(0.567115250537188,4.51252103600687,-0.208029846221716));
#6312=CARTESIAN_POINT('Ctrl Pts',(0.563739812356737,4.5250831383997,-0.207105398449948));
#6313=CARTESIAN_POINT('Ctrl Pts',(0.557154300862524,4.53564324938616,-0.206180950678179));
#6314=CARTESIAN_POINT('Ctrl Pts',(0.545478822933187,4.55436530960307,-0.204541993770185));
#6315=CARTESIAN_POINT('Ctrl Pts',(0.523713482189417,4.56679473514423,-0.202903036862191));
#6316=CARTESIAN_POINT('Ctrl Pts',(0.501655919961112,4.56733710207837,-0.201264079954197));
#6317=CARTESIAN_POINT('Ctrl Pts',(0.479598357732806,4.5678794690125,-0.199625123046203));
#6318=CARTESIAN_POINT('Ctrl Pts',(0.457248574019965,4.55653477733961,-0.19798616613821));
#6319=CARTESIAN_POINT('Ctrl Pts',(0.444666890093464,4.53840943262578,-0.196347209230216));
#6320=CARTESIAN_POINT('Ctrl Pts',(0.432085206166964,4.52028408791196,-0.194708252322222));
#6321=CARTESIAN_POINT('Ctrl Pts',(0.429271622026805,4.49537809015719,-0.193069295414228));
#6322=CARTESIAN_POINT('Ctrl Pts',(0.4374926998732,4.47490266360456,-0.191430338506235));
#6323=CARTESIAN_POINT('Ctrl Pts',(0.445713777719594,4.45442723705192,-0.189791381598241));
#6324=CARTESIAN_POINT('Ctrl Pts',(0.464969517552543,4.43838238170143,-0.188152424690247));
#6325=CARTESIAN_POINT('Ctrl Pts',(0.486592175828575,4.43399041038669,-0.186513467782253));
#6326=CARTESIAN_POINT('Ctrl Pts',(0.508214834104607,4.42959843907196,-0.184874510874259));
#6327=CARTESIAN_POINT('Ctrl Pts',(0.532204410823722,4.43685935179298,-0.183235553966265));
#6328=CARTESIAN_POINT('Ctrl Pts',(0.547762337935385,4.45250477745927,-0.181596597058272));
#6329=CARTESIAN_POINT('Ctrl Pts',(0.560078335401638,4.46489004070684,-0.180299162703343));
#6330=CARTESIAN_POINT('Ctrl Pts',(0.56711050979339,4.48252958811365,-0.179001728348414));
#6331=CARTESIAN_POINT('Ctrl Pts',(0.56726752616526,4.50005741468586,-0.177704293993485));
#6332=CARTESIAN_POINT('Ctrl Pts',(0.539516478889323,4.4281498232696,-0.236999999999483));
#6333=CARTESIAN_POINT('Ctrl Pts',(0.544830625227641,4.43184425838863,-0.236999999999483));
#6334=CARTESIAN_POINT('Ctrl Pts',(0.549634410558331,4.43619081901297,-0.236999999999483));
#6335=CARTESIAN_POINT('Ctrl Pts',(0.553867656945505,4.44105532446436,-0.236999999999483));
#6336=CARTESIAN_POINT('Ctrl Pts',(0.556145653997322,4.44367301501749,-0.236999999999483));
#6337=CARTESIAN_POINT('Ctrl Pts',(0.558257815387181,4.44644125119695,-0.236999999999483));
#6338=CARTESIAN_POINT('Ctrl Pts',(0.56018972762197,4.44934124019308,-0.236999999999483));
#6339=CARTESIAN_POINT('Ctrl Pts',(0.561378380300064,4.45112552398435,-0.236999999999483));
#6340=CARTESIAN_POINT('Ctrl Pts',(0.562497140486816,4.4529577160475,-0.236999999999483));
#6341=CARTESIAN_POINT('Ctrl Pts',(0.563538948946765,4.45482561167883,-0.236999999999483));
#6342=CARTESIAN_POINT('Ctrl Pts',(0.566648969502827,4.46040167871356,-0.236999999999483));
#6343=CARTESIAN_POINT('Ctrl Pts',(0.569089730901619,4.46631428874863,-0.236999999999483));
#6344=CARTESIAN_POINT('Ctrl Pts',(0.57077264935392,4.47243916783971,-0.236999999999483));
#6345=CARTESIAN_POINT('Ctrl Pts',(0.571382159673975,4.47465744348462,-0.236999999999483));
#6346=CARTESIAN_POINT('Ctrl Pts',(0.571892216774595,4.47690623993495,-0.236999999999483));
#6347=CARTESIAN_POINT('Ctrl Pts',(0.572295348888187,4.47917045682552,-0.236999999999483));
#6348=CARTESIAN_POINT('Ctrl Pts',(0.573178775068649,4.48413227557411,-0.236999999999483));
#6349=CARTESIAN_POINT('Ctrl Pts',(0.573548376763566,4.48914937552061,-0.236999999999483));
#6350=CARTESIAN_POINT('Ctrl Pts',(0.57335578902877,4.49415764216505,-0.236999999999483));
#6351=CARTESIAN_POINT('Ctrl Pts',(0.573217911182544,4.49774317173675,-0.236999999999483));
#6352=CARTESIAN_POINT('Ctrl Pts',(0.572791223454341,4.50132425570313,-0.236999999999483));
#6353=CARTESIAN_POINT('Ctrl Pts',(0.572088011398426,4.50487052597211,-0.236999999999483));
#6354=CARTESIAN_POINT('Ctrl Pts',(0.571645384090843,4.50710267777884,-0.236999999999483));
#6355=CARTESIAN_POINT('Ctrl Pts',(0.57109347233962,4.50931784809606,-0.236999999999483));
#6356=CARTESIAN_POINT('Ctrl Pts',(0.570438305328175,4.51150059356196,-0.236999999999483));
#6357=CARTESIAN_POINT('Ctrl Pts',(0.569175537856558,4.51570761242128,-0.236999999999483));
#6358=CARTESIAN_POINT('Ctrl Pts',(0.567528090992449,4.51980383392691,-0.236999999999483));
#6359=CARTESIAN_POINT('Ctrl Pts',(0.565519517251543,4.52373106124384,-0.236999999999483));
#6360=CARTESIAN_POINT('Ctrl Pts',(0.564353138577615,4.5260116019563,-0.236999999999483));
#6361=CARTESIAN_POINT('Ctrl Pts',(0.563066619010407,4.52823082984265,-0.236999999999483));
#6362=CARTESIAN_POINT('Ctrl Pts',(0.561669093542316,4.53037057137725,-0.236999999999483));
#6363=CARTESIAN_POINT('Ctrl Pts',(0.559326328125276,4.53395756323043,-0.236999999999483));
#6364=CARTESIAN_POINT('Ctrl Pts',(0.556668846902035,4.53732816358543,-0.236999999999483));
#6365=CARTESIAN_POINT('Ctrl Pts',(0.553716082386626,4.54042102041403,-0.236999999999483));
#6366=CARTESIAN_POINT('Origin',(0.5,4.5,-0.0494999999994828));
#6367=CARTESIAN_POINT('Origin',(0.5,4.5,0.138000000000517));
#6368=CARTESIAN_POINT('Origin',(-0.195479551532095,3.6467005944505,0.575500000000517));
#6369=CARTESIAN_POINT('',(-0.195479551532138,3.5967005944505,0.575500000000517));
#6370=CARTESIAN_POINT('',(-0.245479551532094,3.64670059445054,0.575500000000517));
#6371=CARTESIAN_POINT('Origin',(-0.195479551532095,3.6467005944505,0.575500000000517));
#6372=CARTESIAN_POINT('',(-0.195479551532138,3.5967005944505,0.513000000000517));
#6373=CARTESIAN_POINT('',(-0.195479551532138,3.5967005944505,0.575500000000517));
#6374=CARTESIAN_POINT('',(-0.245479551532094,3.64670059445054,0.513000000000517));
#6375=CARTESIAN_POINT('Origin',(-0.195479551532095,3.6467005944505,0.513000000000517));
#6376=CARTESIAN_POINT('',(-0.245479551532194,3.64670059445053,0.575500000000517));
#6377=CARTESIAN_POINT('Origin',(-0.182979551532219,3.59670059445049,0.575500000000517));
#6378=CARTESIAN_POINT('',(-0.182979551532219,3.59670059445049,0.575500000000517));
#6379=CARTESIAN_POINT('',(0.0335558815404978,3.5967005944503,0.575500000000517));
#6380=CARTESIAN_POINT('',(-0.182979551532219,3.59670059445049,0.513000000000517));
#6381=CARTESIAN_POINT('',(-0.182979551532219,3.59670059445049,0.419250000000517));
#6382=CARTESIAN_POINT('',(0.695662180751711,3.59670059444971,0.513000000000517));
#6383=CARTESIAN_POINT('Origin',(-0.195479551531314,4.44670059445186,0.575500000000517));
#6384=CARTESIAN_POINT('',(-0.195479551531314,4.44670059445186,0.575500000000517));
#6385=CARTESIAN_POINT('',(-0.182979551531787,4.44670059445183,0.575500000000517));
#6386=CARTESIAN_POINT('',(0.0273058815416332,4.44670059445134,0.575500000000517));
#6387=CARTESIAN_POINT('',(-0.195479551531314,4.44670059445186,0.513000000000517));
#6388=CARTESIAN_POINT('',(-0.195479551531314,4.44670059445186,0.575500000000517));
#6389=CARTESIAN_POINT('',(-0.182979551531787,4.44670059445183,0.513000000000517));
#6390=CARTESIAN_POINT('',(-0.195479551531314,4.44670059445186,0.513000000000517));
#6391=CARTESIAN_POINT('',(-0.182979551531787,4.44670059445183,0.419250000000517));
#6392=CARTESIAN_POINT('Origin',(-0.195479551531431,4.39670059445186,0.575500000000517));
#6393=CARTESIAN_POINT('',(-0.245479551531431,4.3967005944519,0.575500000000517));
#6394=CARTESIAN_POINT('Origin',(-0.195479551531431,4.39670059445186,0.575500000000517));
#6395=CARTESIAN_POINT('',(-0.245479551531431,4.3967005944519,0.513000000000517));
#6396=CARTESIAN_POINT('',(-0.245479551531813,4.39670059445188,0.575500000000517));
#6397=CARTESIAN_POINT('Origin',(-0.195479551531431,4.39670059445186,0.513000000000517));
#6398=CARTESIAN_POINT('Origin',(-0.214229551531941,4.02170059445117,0.513000000000517));
#6399=CARTESIAN_POINT('',(-0.245479551531841,4.34118889406777,0.513000000000517));
#6400=CARTESIAN_POINT('',(-0.182979551532165,3.70221268081475,0.513000000000517));
#6401=CARTESIAN_POINT('Origin',(0.695662180751711,3.59670059444971,0.575500000000517));
#6402=CARTESIAN_POINT('',(0.695662180751711,3.59670059444971,0.575500000000517));
#6403=CARTESIAN_POINT('',(0.683162180751627,3.59670059444972,0.575500000000517));
#6404=CARTESIAN_POINT('',(0.472876747682463,3.59670059444991,0.575500000000517));
#6405=CARTESIAN_POINT('',(0.695662180751711,3.59670059444971,0.513000000000517));
#6406=CARTESIAN_POINT('',(0.695662180751711,3.59670059444971,0.575500000000517));
#6407=CARTESIAN_POINT('',(0.683162180751627,3.59670059444972,0.513000000000517));
#6408=CARTESIAN_POINT('',(0.695662180751711,3.59670059444971,0.513000000000517));
#6409=CARTESIAN_POINT('',(0.683162180751627,3.59670059444972,0.419250000000517));
#6410=CARTESIAN_POINT('Origin',(0.695662180751755,3.64670059444971,0.575500000000517));
#6411=CARTESIAN_POINT('',(0.745662180751755,3.6467005944496,0.575500000000517));
#6412=CARTESIAN_POINT('Origin',(0.695662180751755,3.64670059444971,0.575500000000517));
#6413=CARTESIAN_POINT('',(0.745662180751755,3.6467005944496,0.513000000000517));
#6414=CARTESIAN_POINT('',(0.745662180751755,3.6467005944496,0.575500000000517));
#6415=CARTESIAN_POINT('Origin',(0.695662180751755,3.64670059444971,0.513000000000517));
#6416=CARTESIAN_POINT('Origin',(0.695662180753502,4.39670059444978,0.575500000000517));
#6417=CARTESIAN_POINT('',(0.695662180753619,4.44670059444978,0.575500000000517));
#6418=CARTESIAN_POINT('',(0.745662180753502,4.39670059444967,0.575500000000517));
#6419=CARTESIAN_POINT('Origin',(0.695662180753502,4.39670059444978,0.575500000000517));
#6420=CARTESIAN_POINT('',(0.695662180753619,4.44670059444978,0.513000000000517));
#6421=CARTESIAN_POINT('',(0.695662180753619,4.44670059444978,0.575500000000517));
#6422=CARTESIAN_POINT('',(0.745662180753502,4.39670059444967,0.513000000000517));
#6423=CARTESIAN_POINT('Origin',(0.695662180753502,4.39670059444978,0.513000000000517));
#6424=CARTESIAN_POINT('',(0.745662180753502,4.39670059444967,0.575500000000517));
#6425=CARTESIAN_POINT('Origin',(0.68316218075356,4.44670059444981,0.575500000000517));
#6426=CARTESIAN_POINT('',(0.68316218075356,4.44670059444981,0.575500000000517));
#6427=CARTESIAN_POINT('',(0.46662674768407,4.44670059445032,0.575500000000517));
#6428=CARTESIAN_POINT('',(0.68316218075356,4.44670059444981,0.513000000000517));
#6429=CARTESIAN_POINT('',(0.68316218075356,4.44670059444981,0.419250000000517));
#6430=CARTESIAN_POINT('',(-0.195479551531314,4.44670059445186,0.513000000000517));
#6431=CARTESIAN_POINT('Origin',(0.714412180752565,4.02170059444976,0.513000000000517));
#6432=CARTESIAN_POINT('',(0.68316218075332,4.34118905876683,0.513000000000517));
#6433=CARTESIAN_POINT('',(0.745662180751884,3.70221268081387,0.513000000000517));
#6434=CARTESIAN_POINT('Origin',(-0.182979551532328,3.38272476717834,0.263000000000517));
#6435=CARTESIAN_POINT('',(-0.182979551532328,3.38272476717834,0.575500000000517));
#6436=CARTESIAN_POINT('',(-0.182979551532328,3.38272476717834,0.575500000000517));
#6437=CARTESIAN_POINT('',(-0.182979551532328,3.38272476717834,0.325500000000517));
#6438=CARTESIAN_POINT('',(-0.182979551532328,3.38272476717834,0.263000000000517));
#6439=CARTESIAN_POINT('',(-0.182979551531678,4.66067752308575,0.325500000000517));
#6440=CARTESIAN_POINT('',(-0.182979551532165,3.70221295615529,0.325500000000517));
#6441=CARTESIAN_POINT('',(-0.182979551531678,4.66067752308575,0.575500000000517));
#6442=CARTESIAN_POINT('',(-0.182979551531678,4.66067752308575,0.263000000000517));
#6443=CARTESIAN_POINT('',(-0.182979551532328,3.38272476717834,0.575500000000517));
#6444=CARTESIAN_POINT('Origin',(0.74566218075114,3.38272476717805,0.263000000000517));
#6445=CARTESIAN_POINT('',(0.74566218075114,3.38272476717805,0.575500000000517));
#6446=CARTESIAN_POINT('',(0.745662180754117,4.66067642172591,0.575500000000517));
#6447=CARTESIAN_POINT('',(0.74566218075114,3.38272476717805,0.263000000000517));
#6448=CARTESIAN_POINT('',(0.74566218075114,3.38272476717805,0.263000000000517));
#6449=CARTESIAN_POINT('',(0.745662180754117,4.66067642172591,0.263000000000517));
#6450=CARTESIAN_POINT('',(0.745662180754117,4.66067642172591,0.263000000000517));
#6451=CARTESIAN_POINT('',(0.745662180754117,4.66067642172591,0.575500000000517));
#6452=CARTESIAN_POINT('',(0.745662180754117,4.66067642172591,0.263000000000517));
#6453=CARTESIAN_POINT('',(0.745662180754117,4.66067642172591,0.575500000000517));
#6454=CARTESIAN_POINT('Origin',(0.25009131461359,4.02170114513255,0.575500000000517));
#6455=CARTESIAN_POINT('',(-0.245479551532328,3.38272476717837,0.575500000000517));
#6456=CARTESIAN_POINT('',(-0.245479551532328,3.38272476717837,0.575500000000517));
#6457=CARTESIAN_POINT('',(-0.132979551532328,3.27022476717831,0.575500000000517));
#6458=CARTESIAN_POINT('Origin',(-0.132979551532328,3.38272476717831,0.575500000000517));
#6459=CARTESIAN_POINT('',(0.633162180751139,3.27022476717831,0.575500000000517));
#6460=CARTESIAN_POINT('',(0.633162180751139,3.27022476717831,0.575500000000517));
#6461=CARTESIAN_POINT('Origin',(0.633162180751139,3.38272476717831,0.575500000000517));
#6462=CARTESIAN_POINT('',(0.68316218075114,3.38272476717819,0.575500000000517));
#6463=CARTESIAN_POINT('',(0.683162180754047,4.66067752308382,0.575500000000517));
#6464=CARTESIAN_POINT('',(0.633162180751139,3.33272476717831,0.575500000000517));
#6465=CARTESIAN_POINT('Origin',(0.633162180751139,3.38272476717831,0.575500000000517));
#6466=CARTESIAN_POINT('',(-0.132979551532328,3.33272476717831,0.575500000000517));
#6467=CARTESIAN_POINT('',(0.633162180751139,3.33272476717831,0.575500000000517));
#6468=CARTESIAN_POINT('Origin',(-0.132979551532328,3.38272476717831,0.575500000000517));
#6469=CARTESIAN_POINT('Origin',(0.25009131461359,4.02170114513255,0.575500000000517));
#6470=CARTESIAN_POINT('',(-0.132979551531562,4.71067752308572,0.575500000000517));
#6471=CARTESIAN_POINT('Origin',(-0.132979551531679,4.66067752308572,0.575500000000517));
#6472=CARTESIAN_POINT('',(0.633162180754161,4.71067752308414,0.575500000000517));
#6473=CARTESIAN_POINT('',(0.250091314612501,4.71067752308483,0.575500000000517));
#6474=CARTESIAN_POINT('',(0.683162180754047,4.66067752308382,0.575500000000517));
#6475=CARTESIAN_POINT('Origin',(0.63316218075406,4.66067752308416,0.575500000000517));
#6476=CARTESIAN_POINT('',(0.683162180754047,4.66067752308382,0.575500000000517));
#6477=CARTESIAN_POINT('',(0.633162050392439,4.77317752308394,0.575500000000517));
#6478=CARTESIAN_POINT('Origin',(0.633162180755682,4.66067752308296,0.575500000000517));
#6479=CARTESIAN_POINT('',(-0.132979532715036,4.77317752308572,0.575500000000517));
#6480=CARTESIAN_POINT('',(0.250091314612647,4.77317752308483,0.575500000000517));
#6481=CARTESIAN_POINT('',(-0.245479551531678,4.66067719368435,0.575500000000517));
#6482=CARTESIAN_POINT('Origin',(-0.132979551531679,4.66067752308572,0.575500000000517));
#6483=CARTESIAN_POINT('',(-0.245479551532328,3.38272476717837,0.575500000000517));
#6484=CARTESIAN_POINT('Origin',(0.25009131461086,4.02170114513202,0.325500000000517));
#6485=CARTESIAN_POINT('',(-0.132979551531562,4.71067752308572,0.325500000000517));
#6486=CARTESIAN_POINT('',(0.633162180754161,4.71067752308414,0.325500000000517));
#6487=CARTESIAN_POINT('',(0.0585558815404504,4.71067752308528,0.325500000000517));
#6488=CARTESIAN_POINT('Origin',(-0.132979551531679,4.66067752308572,0.325500000000517));
#6489=CARTESIAN_POINT('',(-0.132979551532328,3.33272476717831,0.325500000000517));
#6490=CARTESIAN_POINT('Origin',(-0.132979551532328,3.38272476717831,0.325500000000517));
#6491=CARTESIAN_POINT('',(0.633162180751139,3.33272476717831,0.325500000000517));
#6492=CARTESIAN_POINT('',(0.441626747680999,3.33272476717831,0.325500000000517));
#6493=CARTESIAN_POINT('',(0.68316218075114,3.38272476717819,0.325500000000517));
#6494=CARTESIAN_POINT('Origin',(0.633162180751139,3.38272476717831,0.325500000000517));
#6495=CARTESIAN_POINT('',(0.683162180754047,4.66067752308382,0.325500000000517));
#6496=CARTESIAN_POINT('',(0.68316218075332,4.34118933410743,0.325500000000517));
#6497=CARTESIAN_POINT('Origin',(0.63316218075406,4.66067752308416,0.325500000000517));
#6498=CARTESIAN_POINT('Origin',(-0.132979551532328,3.38272476717831,0.263000000000517));
#6499=CARTESIAN_POINT('',(-0.132979551532328,3.33272476717831,0.263000000000517));
#6500=CARTESIAN_POINT('Origin',(-0.132979551531679,4.66067752308572,0.263000000000517));
#6501=CARTESIAN_POINT('',(-0.132979551531562,4.71067752308572,0.263000000000517));
#6502=CARTESIAN_POINT('Origin',(-0.132979551531562,4.71067752308572,0.263000000000517));
#6503=CARTESIAN_POINT('',(0.633162180754161,4.71067752308414,0.263000000000517));
#6504=CARTESIAN_POINT('Origin',(0.633162180751139,3.33272476717831,0.263000000000517));
#6505=CARTESIAN_POINT('',(0.633162180751139,3.33272476717831,0.263000000000517));
#6506=CARTESIAN_POINT('Origin',(0.633162180751139,3.38272476717831,0.263000000000517));
#6507=CARTESIAN_POINT('',(0.68316218075114,3.38272476717819,0.263000000000517));
#6508=CARTESIAN_POINT('Origin',(0.683162180754047,4.66067752308382,0.263000000000517));
#6509=CARTESIAN_POINT('',(0.683162180754047,4.66067752308382,0.263000000000517));
#6510=CARTESIAN_POINT('Origin',(0.63316218075406,4.66067752308416,0.263000000000517));
#6511=CARTESIAN_POINT('Origin',(0.633162180751139,3.38272476717831,0.263000000000517));
#6512=CARTESIAN_POINT('',(0.633162180751139,3.27022476717831,0.263000000000517));
#6513=CARTESIAN_POINT('Origin',(0.633162180751139,3.38272476717831,0.263000000000517));
#6514=CARTESIAN_POINT('',(0.633162180751139,3.27022476717831,0.263000000000517));
#6515=CARTESIAN_POINT('Origin',(-0.132979551532328,3.27022476717831,0.263000000000517));
#6516=CARTESIAN_POINT('',(-0.132979551532328,3.27022476717831,0.263000000000517));
#6517=CARTESIAN_POINT('',(0.633162180751139,3.27022476717831,0.263000000000517));
#6518=CARTESIAN_POINT('',(-0.132979551532328,3.27022476717831,0.263000000000517));
#6519=CARTESIAN_POINT('Origin',(-0.132979551532328,3.38272476717831,0.263000000000517));
#6520=CARTESIAN_POINT('',(-0.245479551532328,3.38272476717837,0.263000000000517));
#6521=CARTESIAN_POINT('Origin',(-0.132979551532328,3.38272476717831,0.263000000000517));
#6522=CARTESIAN_POINT('',(-0.245479551532328,3.38272476717837,0.263000000000517));
#6523=CARTESIAN_POINT('Origin',(-0.245479551531678,4.66067719368435,0.263000000000517));
#6524=CARTESIAN_POINT('',(-0.245479551531678,4.66067719368435,0.263000000000517));
#6525=CARTESIAN_POINT('',(-0.245479551531678,4.66067719368435,0.263000000000517));
#6526=CARTESIAN_POINT('',(-0.245479551532328,3.38272476717837,0.263000000000517));
#6527=CARTESIAN_POINT('Origin',(-0.132979551531679,4.66067752308572,0.263000000000517));
#6528=CARTESIAN_POINT('',(-0.132979532715036,4.77317752308572,0.263000000000517));
#6529=CARTESIAN_POINT('Origin',(-0.132979551531679,4.66067752308572,0.263000000000517));
#6530=CARTESIAN_POINT('',(-0.132979532715036,4.77317752308572,0.263000000000517));
#6531=CARTESIAN_POINT('Origin',(0.633162050392439,4.77317752308394,0.263000000000517));
#6532=CARTESIAN_POINT('',(0.633162050392439,4.77317752308394,0.263000000000517));
#6533=CARTESIAN_POINT('',(0.250091314612647,4.77317752308483,0.263000000000517));
#6534=CARTESIAN_POINT('',(0.633162050392439,4.77317752308394,0.263000000000517));
#6535=CARTESIAN_POINT('Origin',(0.633162180755682,4.66067752308296,0.263000000000517));
#6536=CARTESIAN_POINT('Origin',(0.633162180755682,4.66067752308296,0.263000000000517));
#6537=CARTESIAN_POINT('Origin',(0.25009131461359,4.02170114513255,0.263000000000517));
#6538=CARTESIAN_POINT('',(-0.104908685386845,4.71067752308566,0.263000000000517));
#6539=CARTESIAN_POINT('',(-0.154908685386962,4.66067752308566,0.263000000000517));
#6540=CARTESIAN_POINT('Origin',(-0.104908685386962,4.66067752308566,0.263000000000517));
#6541=CARTESIAN_POINT('',(-0.154908685386962,4.36067752308389,0.263000000000517));
#6542=CARTESIAN_POINT('',(-0.154908685386962,4.36067752308389,0.263000000000517));
#6543=CARTESIAN_POINT('',(-0.104908685386962,4.31067752308389,0.263000000000517));
#6544=CARTESIAN_POINT('Origin',(-0.104908685386961,4.36067752308389,0.263000000000517));
#6545=CARTESIAN_POINT('',(0.605091314611731,4.31067752308389,0.263000000000517));
#6546=CARTESIAN_POINT('',(0.605091314611731,4.31067752308389,0.263000000000517));
#6547=CARTESIAN_POINT('',(0.655091314611731,4.36067752308389,0.263000000000517));
#6548=CARTESIAN_POINT('Origin',(0.60509131461173,4.36067752308389,0.263000000000517));
#6549=CARTESIAN_POINT('',(0.655091314611732,4.660677523084,0.263000000000517));
#6550=CARTESIAN_POINT('',(0.655091314611732,4.660677523084,0.263000000000517));
#6551=CARTESIAN_POINT('',(0.605091314611848,4.710677523084,0.263000000000517));
#6552=CARTESIAN_POINT('Origin',(0.605091314611731,4.660677523084,0.263000000000517));
#6553=CARTESIAN_POINT('',(-0.104908685386845,4.71067752308566,0.263000000000517));
#6554=CARTESIAN_POINT('Origin',(0.655091314611732,4.36067752308389,-0.236999999999483));
#6555=CARTESIAN_POINT('',(0.655091314611732,4.660677523084,-0.236999999999483));
#6556=CARTESIAN_POINT('',(0.655091314611731,4.36067752308389,-0.236999999999483));
#6557=CARTESIAN_POINT('',(0.655091314611732,4.660677523084,-0.236999999999483));
#6558=CARTESIAN_POINT('',(0.655091314611732,4.660677523084,-0.236999999999483));
#6559=CARTESIAN_POINT('',(0.655091314611731,4.36067752308389,-0.236999999999483));
#6560=CARTESIAN_POINT('Origin',(0.60509131461173,4.36067752308389,-0.236999999999483));
#6561=CARTESIAN_POINT('',(0.605091314611731,4.31067752308389,-0.236999999999483));
#6562=CARTESIAN_POINT('Origin',(0.60509131461173,4.36067752308389,-0.236999999999483));
#6563=CARTESIAN_POINT('',(0.605091314611731,4.31067752308389,-0.236999999999483));
#6564=CARTESIAN_POINT('Origin',(-0.104908685386962,4.31067752308389,-0.236999999999483));
#6565=CARTESIAN_POINT('',(-0.104908685386962,4.31067752308389,-0.236999999999483));
#6566=CARTESIAN_POINT('',(0.605091314611731,4.31067752308389,-0.236999999999483));
#6567=CARTESIAN_POINT('',(-0.104908685386962,4.31067752308389,-0.236999999999483));
#6568=CARTESIAN_POINT('Origin',(-0.104908685386961,4.36067752308389,-0.236999999999483));
#6569=CARTESIAN_POINT('',(-0.154908685386962,4.36067752308389,-0.236999999999483));
#6570=CARTESIAN_POINT('Origin',(-0.104908685386961,4.36067752308389,-0.236999999999483));
#6571=CARTESIAN_POINT('',(-0.154908685386962,4.36067752308389,-0.236999999999483));
#6572=CARTESIAN_POINT('Origin',(-0.154908685386962,4.66067752308566,-0.236999999999483));
#6573=CARTESIAN_POINT('',(-0.154908685386962,4.66067752308566,-0.236999999999483));
#6574=CARTESIAN_POINT('',(-0.154908685386962,4.36067752308389,-0.236999999999483));
#6575=CARTESIAN_POINT('',(-0.154908685386962,4.66067752308566,-0.236999999999483));
#6576=CARTESIAN_POINT('Origin',(-0.104908685386962,4.66067752308566,-0.236999999999483));
#6577=CARTESIAN_POINT('',(-0.104908685386845,4.71067752308566,-0.236999999999483));
#6578=CARTESIAN_POINT('Origin',(-0.104908685386962,4.66067752308566,-0.236999999999483));
#6579=CARTESIAN_POINT('',(-0.104908685386845,4.71067752308566,-0.236999999999483));
#6580=CARTESIAN_POINT('Origin',(0.605091314611848,4.710677523084,-0.236999999999483));
#6581=CARTESIAN_POINT('',(0.605091314611848,4.710677523084,-0.236999999999483));
#6582=CARTESIAN_POINT('',(-0.104908685386845,4.71067752308566,-0.236999999999483));
#6583=CARTESIAN_POINT('',(0.605091314611848,4.710677523084,-0.236999999999483));
#6584=CARTESIAN_POINT('Origin',(0.605091314611731,4.660677523084,-0.236999999999483));
#6585=CARTESIAN_POINT('Origin',(0.605091314611731,4.660677523084,-0.236999999999483));
#6586=CARTESIAN_POINT('Origin',(0.250091314612385,4.51067752308477,-0.236999999999483));
#6587=CARTESIAN_POINT('Ctrl Pts',(-0.220479551532094,3.6467005944505,0.513000000000517));
#6588=CARTESIAN_POINT('Ctrl Pts',(-0.220479551532084,3.62170059445051,0.513000000000517));
#6589=CARTESIAN_POINT('Ctrl Pts',(-0.195479551532095,3.6217005944505,0.513000000000517));
#6590=CARTESIAN_POINT('Ctrl Pts',(-0.245479551532094,3.6467005944505,0.513000000000517));
#6591=CARTESIAN_POINT('Ctrl Pts',(-0.245479551532075,3.59670059445052,0.513000000000517));
#6592=CARTESIAN_POINT('Ctrl Pts',(-0.195479551532095,3.5967005944505,0.513000000000517));
#6593=CARTESIAN_POINT('Ctrl Pts',(-0.245479551532094,3.6467005944505,0.538000000000517));
#6594=CARTESIAN_POINT('Ctrl Pts',(-0.245479551532075,3.59670059445052,0.538000000000517));
#6595=CARTESIAN_POINT('Ctrl Pts',(-0.195479551532095,3.5967005944505,0.538000000000517));
#6596=CARTESIAN_POINT('',(-0.245479551532094,3.64670059445054,0.538000000000517));
#6597=CARTESIAN_POINT('',(-0.220479551532094,3.64670059445052,0.513000000000517));
#6598=CARTESIAN_POINT('Origin',(-0.220479551532094,3.64670059445052,0.538000000000517));
#6599=CARTESIAN_POINT('',(-0.195479551532116,3.6217005944505,0.513000000000517));
#6600=CARTESIAN_POINT('Origin',(-0.195479551532095,3.6467005944505,0.513000000000517));
#6601=CARTESIAN_POINT('',(-0.195479551532138,3.5967005944505,0.538000000000517));
#6602=CARTESIAN_POINT('Origin',(-0.195479551532116,3.6217005944505,0.538000000000517));
#6603=CARTESIAN_POINT('Origin',(-0.195479551532095,3.6467005944505,0.538000000000517));
#6604=CARTESIAN_POINT('Origin',(0.0273058815391172,3.6217005944503,0.538000000000517));
#6605=CARTESIAN_POINT('',(0.695662180751733,3.62170059444971,0.513000000000517));
#6606=CARTESIAN_POINT('',(0.695662180751711,3.59670059444971,0.538000000000517));
#6607=CARTESIAN_POINT('Origin',(0.695662180751733,3.62170059444971,0.538000000000517));
#6608=CARTESIAN_POINT('',(0.0273058815390951,3.5967005944503,0.538000000000517));
#6609=CARTESIAN_POINT('',(0.0273058815391172,3.6217005944503,0.513000000000517));
#6610=CARTESIAN_POINT('Ctrl Pts',(0.695662180751755,3.62170059444971,0.513000000000517));
#6611=CARTESIAN_POINT('Ctrl Pts',(0.720662180751736,3.62170059444973,0.513000000000517));
#6612=CARTESIAN_POINT('Ctrl Pts',(0.720662180751754,3.64670059444971,0.513000000000517));
#6613=CARTESIAN_POINT('Ctrl Pts',(0.695662180751755,3.59670059444971,0.513000000000517));
#6614=CARTESIAN_POINT('Ctrl Pts',(0.745662180751718,3.59670059444975,0.513000000000517));
#6615=CARTESIAN_POINT('Ctrl Pts',(0.745662180751754,3.64670059444971,0.513000000000517));
#6616=CARTESIAN_POINT('Ctrl Pts',(0.695662180751755,3.59670059444971,0.538000000000517));
#6617=CARTESIAN_POINT('Ctrl Pts',(0.745662180751718,3.59670059444975,0.538000000000517));
#6618=CARTESIAN_POINT('Ctrl Pts',(0.745662180751754,3.64670059444971,0.538000000000517));
#6619=CARTESIAN_POINT('',(0.720662180751755,3.64670059444965,0.513000000000517));
#6620=CARTESIAN_POINT('',(0.745662180751755,3.6467005944496,0.538000000000517));
#6621=CARTESIAN_POINT('Origin',(0.720662180751755,3.64670059444965,0.538000000000517));
#6622=CARTESIAN_POINT('Origin',(0.695662180751755,3.64670059444971,0.538000000000517));
#6623=CARTESIAN_POINT('Origin',(0.695662180751755,3.64670059444971,0.513000000000517));
#6624=CARTESIAN_POINT('Origin',(0.720662180752192,3.83420059444967,0.538000000000517));
#6625=CARTESIAN_POINT('',(0.720662180753502,4.39670059444973,0.513000000000517));
#6626=CARTESIAN_POINT('',(0.745662180753502,4.39670059444967,0.538000000000517));
#6627=CARTESIAN_POINT('Origin',(0.720662180753502,4.39670059444973,0.538000000000517));
#6628=CARTESIAN_POINT('',(0.745662180752192,3.83420059444961,0.538000000000517));
#6629=CARTESIAN_POINT('',(0.720662180752192,3.83420059444967,0.513000000000517));
#6630=CARTESIAN_POINT('Ctrl Pts',(0.720662180753502,4.39670059444978,0.513000000000517));
#6631=CARTESIAN_POINT('Ctrl Pts',(0.720662180753502,4.42170059444978,0.513000000000517));
#6632=CARTESIAN_POINT('Ctrl Pts',(0.695662180753502,4.42170059444978,0.513000000000517));
#6633=CARTESIAN_POINT('Ctrl Pts',(0.745662180753502,4.39670059444978,0.513000000000517));
#6634=CARTESIAN_POINT('Ctrl Pts',(0.745662180753502,4.44670059444978,0.513000000000517));
#6635=CARTESIAN_POINT('Ctrl Pts',(0.695662180753502,4.44670059444978,0.513000000000517));
#6636=CARTESIAN_POINT('Ctrl Pts',(0.745662180753502,4.39670059444978,0.538000000000517));
#6637=CARTESIAN_POINT('Ctrl Pts',(0.745662180753502,4.44670059444978,0.538000000000517));
#6638=CARTESIAN_POINT('Ctrl Pts',(0.695662180753502,4.44670059444978,0.538000000000517));
#6639=CARTESIAN_POINT('',(0.69566218075356,4.42170059444978,0.513000000000517));
#6640=CARTESIAN_POINT('',(0.695662180753619,4.44670059444978,0.538000000000517));
#6641=CARTESIAN_POINT('Origin',(0.69566218075356,4.42170059444978,0.538000000000517));
#6642=CARTESIAN_POINT('Origin',(0.695662180753502,4.39670059444978,0.538000000000517));
#6643=CARTESIAN_POINT('Origin',(0.695662180753502,4.39670059444978,0.513000000000517));
#6644=CARTESIAN_POINT('Origin',(0.472876747682598,4.4217005944503,0.538000000000517));
#6645=CARTESIAN_POINT('',(-0.195479551531372,4.42170059445186,0.513000000000517));
#6646=CARTESIAN_POINT('',(-0.195479551531314,4.44670059445186,0.538000000000517));
#6647=CARTESIAN_POINT('Origin',(-0.195479551531372,4.42170059445186,0.538000000000517));
#6648=CARTESIAN_POINT('',(0.472876747682657,4.4467005944503,0.538000000000517));
#6649=CARTESIAN_POINT('',(0.472876747682598,4.4217005944503,0.513000000000517));
#6650=CARTESIAN_POINT('Ctrl Pts',(-0.195479551531431,4.42170059445186,0.513000000000517));
#6651=CARTESIAN_POINT('Ctrl Pts',(-0.220479551531458,4.42170059445189,0.513000000000517));
#6652=CARTESIAN_POINT('Ctrl Pts',(-0.220479551531427,4.39670059445186,0.513000000000517));
#6653=CARTESIAN_POINT('Ctrl Pts',(-0.195479551531431,4.44670059445186,0.513000000000514));
#6654=CARTESIAN_POINT('Ctrl Pts',(-0.245479551531492,4.44670059445192,0.513000000000514));
#6655=CARTESIAN_POINT('Ctrl Pts',(-0.245479551531431,4.39670059445186,0.513000000000514));
#6656=CARTESIAN_POINT('Ctrl Pts',(-0.195479551531431,4.44670059445186,0.538000000000517));
#6657=CARTESIAN_POINT('Ctrl Pts',(-0.245479551531492,4.44670059445192,0.538000000000517));
#6658=CARTESIAN_POINT('Ctrl Pts',(-0.245479551531431,4.39670059445186,0.538000000000517));
#6659=CARTESIAN_POINT('',(-0.220479551531431,4.39670059445188,0.513000000000517));
#6660=CARTESIAN_POINT('',(-0.245479551531431,4.3967005944519,0.538000000000517));
#6661=CARTESIAN_POINT('Origin',(-0.220479551531431,4.39670059445188,0.538000000000517));
#6662=CARTESIAN_POINT('Origin',(-0.195479551531431,4.39670059445186,0.538000000000517));
#6663=CARTESIAN_POINT('Origin',(-0.195479551531431,4.39670059445186,0.513000000000517));
#6664=CARTESIAN_POINT('Origin',(-0.220479551531596,4.20920059445154,0.538000000000517));
#6665=CARTESIAN_POINT('',(-0.220479551531596,4.20920059445154,0.513000000000517));
#6666=CARTESIAN_POINT('',(-0.245479551531596,4.20920059445156,0.538000000000517));
#6667=CARTESIAN_POINT('Origin',(0.695662180753619,4.44670059444978,0.513000000000517));
#6668=CARTESIAN_POINT('',(-0.195479551531314,4.44670059445186,0.550500000000517));
#6669=CARTESIAN_POINT('',(-0.195479551531314,4.44670059445186,0.513000000000517));
#6670=CARTESIAN_POINT('',(0.695662180753619,4.44670059444978,0.550500000000517));
#6671=CARTESIAN_POINT('',(0.472876747682657,4.4467005944503,0.550500000000517));
#6672=CARTESIAN_POINT('',(0.695662180753619,4.44670059444978,0.513000000000517));
#6673=CARTESIAN_POINT('Origin',(-0.195479551531431,4.39670059445186,0.513000000000517));
#6674=CARTESIAN_POINT('',(-0.245479551531431,4.3967005944519,0.550500000000517));
#6675=CARTESIAN_POINT('',(-0.245479551531431,4.3967005944519,0.513000000000517));
#6676=CARTESIAN_POINT('Origin',(-0.195479551531431,4.39670059445186,0.550500000000517));
#6677=CARTESIAN_POINT('Origin',(-0.245479551531431,4.3967005944519,0.513000000000517));
#6678=CARTESIAN_POINT('',(-0.245479551532094,3.64670059445054,0.550500000000517));
#6679=CARTESIAN_POINT('',(-0.245479551532094,3.64670059445054,0.513000000000517));
#6680=CARTESIAN_POINT('',(-0.245479551531596,4.20920059445156,0.550500000000517));
#6681=CARTESIAN_POINT('Origin',(-0.195479551532095,3.6467005944505,0.513000000000517));
#6682=CARTESIAN_POINT('',(-0.195479551532138,3.5967005944505,0.550500000000517));
#6683=CARTESIAN_POINT('',(-0.195479551532138,3.5967005944505,0.513000000000517));
#6684=CARTESIAN_POINT('Origin',(-0.195479551532095,3.6467005944505,0.550500000000517));
#6685=CARTESIAN_POINT('Origin',(0.250091314610704,4.02170059445079,0.513000000000517));
#6686=CARTESIAN_POINT('Origin',(0.720662180752192,3.83420059444967,0.550500000000517));
#6687=CARTESIAN_POINT('',(0.720662180751755,3.64670059444965,0.575500000000517));
#6688=CARTESIAN_POINT('',(0.745662180751755,3.6467005944496,0.550500000000517));
#6689=CARTESIAN_POINT('Origin',(0.720662180751755,3.64670059444965,0.550500000000517));
#6690=CARTESIAN_POINT('',(0.745662180753502,4.39670059444967,0.550500000000517));
#6691=CARTESIAN_POINT('',(0.745662180752192,3.83420059444961,0.550500000000517));
#6692=CARTESIAN_POINT('',(0.720662180753502,4.39670059444973,0.575500000000517));
#6693=CARTESIAN_POINT('Origin',(0.720662180753502,4.39670059444973,0.550500000000517));
#6694=CARTESIAN_POINT('',(0.720662180752192,3.83420059444967,0.575500000000517));
#6695=CARTESIAN_POINT('Ctrl Pts',(0.745662180753502,4.39670059444978,0.550500000000517));
#6696=CARTESIAN_POINT('Ctrl Pts',(0.745662180753502,4.44670059444978,0.550500000000517));
#6697=CARTESIAN_POINT('Ctrl Pts',(0.695662180753502,4.44670059444978,0.550500000000517));
#6698=CARTESIAN_POINT('Ctrl Pts',(0.745662180753502,4.39670059444978,0.575500000000518));
#6699=CARTESIAN_POINT('Ctrl Pts',(0.745662180753502,4.44670059444978,0.575500000000518));
#6700=CARTESIAN_POINT('Ctrl Pts',(0.695662180753502,4.44670059444978,0.575500000000518));
#6701=CARTESIAN_POINT('Ctrl Pts',(0.720662180753502,4.39670059444978,0.575500000000517));
#6702=CARTESIAN_POINT('Ctrl Pts',(0.720662180753502,4.42170059444978,0.575500000000517));
#6703=CARTESIAN_POINT('Ctrl Pts',(0.695662180753502,4.42170059444978,0.575500000000517));
#6704=CARTESIAN_POINT('',(0.69566218075356,4.42170059444978,0.575500000000517));
#6705=CARTESIAN_POINT('Origin',(0.69566218075356,4.42170059444978,0.550500000000517));
#6706=CARTESIAN_POINT('Origin',(0.695662180753502,4.39670059444978,0.575500000000517));
#6707=CARTESIAN_POINT('Origin',(0.695662180753502,4.39670059444978,0.550500000000517));
#6708=CARTESIAN_POINT('Origin',(0.472876747682598,4.4217005944503,0.550500000000517));
#6709=CARTESIAN_POINT('',(-0.195479551531372,4.42170059445186,0.575500000000517));
#6710=CARTESIAN_POINT('Origin',(-0.195479551531372,4.42170059445186,0.550500000000517));
#6711=CARTESIAN_POINT('',(0.472876747682598,4.4217005944503,0.575500000000517));
#6712=CARTESIAN_POINT('Ctrl Pts',(-0.195479551531431,4.44670059445186,0.550500000000517));
#6713=CARTESIAN_POINT('Ctrl Pts',(-0.245479551531492,4.44670059445192,0.550500000000517));
#6714=CARTESIAN_POINT('Ctrl Pts',(-0.245479551531431,4.39670059445186,0.550500000000517));
#6715=CARTESIAN_POINT('Ctrl Pts',(-0.195479551531431,4.44670059445186,0.575500000000521));
#6716=CARTESIAN_POINT('Ctrl Pts',(-0.245479551531492,4.44670059445192,0.575500000000521));
#6717=CARTESIAN_POINT('Ctrl Pts',(-0.245479551531431,4.39670059445186,0.575500000000521));
#6718=CARTESIAN_POINT('Ctrl Pts',(-0.195479551531431,4.42170059445186,0.575500000000517));
#6719=CARTESIAN_POINT('Ctrl Pts',(-0.220479551531458,4.42170059445189,0.575500000000517));
#6720=CARTESIAN_POINT('Ctrl Pts',(-0.220479551531427,4.39670059445186,0.575500000000517));
#6721=CARTESIAN_POINT('',(-0.220479551531431,4.39670059445188,0.575500000000517));
#6722=CARTESIAN_POINT('Origin',(-0.220479551531431,4.39670059445188,0.550500000000517));
#6723=CARTESIAN_POINT('Origin',(-0.195479551531431,4.39670059445186,0.575500000000517));
#6724=CARTESIAN_POINT('Origin',(-0.220479551531596,4.20920059445154,0.550500000000517));
#6725=CARTESIAN_POINT('',(-0.220479551532094,3.64670059445052,0.575500000000517));
#6726=CARTESIAN_POINT('Origin',(-0.220479551532094,3.64670059445052,0.550500000000517));
#6727=CARTESIAN_POINT('',(-0.220479551531596,4.20920059445154,0.575500000000517));
#6728=CARTESIAN_POINT('Ctrl Pts',(-0.245479551532094,3.6467005944505,0.550500000000517));
#6729=CARTESIAN_POINT('Ctrl Pts',(-0.245479551532075,3.59670059445052,0.550500000000517));
#6730=CARTESIAN_POINT('Ctrl Pts',(-0.195479551532095,3.5967005944505,0.550500000000517));
#6731=CARTESIAN_POINT('Ctrl Pts',(-0.245479551532094,3.6467005944505,0.575500000000518));
#6732=CARTESIAN_POINT('Ctrl Pts',(-0.245479551532075,3.59670059445052,0.575500000000518));
#6733=CARTESIAN_POINT('Ctrl Pts',(-0.195479551532095,3.5967005944505,0.575500000000518));
#6734=CARTESIAN_POINT('Ctrl Pts',(-0.220479551532094,3.6467005944505,0.575500000000517));
#6735=CARTESIAN_POINT('Ctrl Pts',(-0.220479551532084,3.62170059445051,0.575500000000517));
#6736=CARTESIAN_POINT('Ctrl Pts',(-0.195479551532095,3.6217005944505,0.575500000000517));
#6737=CARTESIAN_POINT('',(-0.195479551532116,3.6217005944505,0.575500000000517));
#6738=CARTESIAN_POINT('Origin',(-0.195479551532116,3.6217005944505,0.550500000000517));
#6739=CARTESIAN_POINT('Origin',(-0.195479551532095,3.6467005944505,0.575500000000517));
#6740=CARTESIAN_POINT('Origin',(0.0273058815391172,3.6217005944503,0.550500000000517));
#6741=CARTESIAN_POINT('',(0.695662180751711,3.59670059444971,0.550500000000517));
#6742=CARTESIAN_POINT('',(0.695662180751733,3.62170059444971,0.575500000000517));
#6743=CARTESIAN_POINT('Origin',(0.695662180751733,3.62170059444971,0.550500000000517));
#6744=CARTESIAN_POINT('',(0.0273058815391172,3.6217005944503,0.575500000000517));
#6745=CARTESIAN_POINT('',(0.0273058815390951,3.5967005944503,0.550500000000517));
#6746=CARTESIAN_POINT('Ctrl Pts',(0.695662180751755,3.59670059444971,0.550500000000517));
#6747=CARTESIAN_POINT('Ctrl Pts',(0.745662180751718,3.59670059444975,0.550500000000517));
#6748=CARTESIAN_POINT('Ctrl Pts',(0.745662180751754,3.64670059444971,0.550500000000517));
#6749=CARTESIAN_POINT('Ctrl Pts',(0.695662180751755,3.59670059444971,0.575500000000517));
#6750=CARTESIAN_POINT('Ctrl Pts',(0.745662180751718,3.59670059444975,0.575500000000517));
#6751=CARTESIAN_POINT('Ctrl Pts',(0.745662180751754,3.64670059444971,0.575500000000517));
#6752=CARTESIAN_POINT('Ctrl Pts',(0.695662180751755,3.62170059444971,0.575500000000517));
#6753=CARTESIAN_POINT('Ctrl Pts',(0.720662180751736,3.62170059444973,0.575500000000517));
#6754=CARTESIAN_POINT('Ctrl Pts',(0.720662180751754,3.64670059444971,0.575500000000517));
#6755=CARTESIAN_POINT('Origin',(0.695662180751755,3.64670059444971,0.575500000000517));
#6756=CARTESIAN_POINT('Origin',(0.695662180751755,3.64670059444971,0.550500000000517));
#6757=CARTESIAN_POINT('Origin',(0.695662180753502,4.39670059444978,0.513000000000517));
#6758=CARTESIAN_POINT('',(0.745662180753502,4.39670059444967,0.513000000000517));
#6759=CARTESIAN_POINT('Origin',(0.745662180751755,3.6467005944496,0.513000000000517));
#6760=CARTESIAN_POINT('',(0.745662180751755,3.6467005944496,0.513000000000517));
#6761=CARTESIAN_POINT('Origin',(0.250091314610704,4.02170059445079,0.575500000000517));
#6762=CARTESIAN_POINT('Origin',(0.695662180751755,3.64670059444971,0.513000000000517));
#6763=CARTESIAN_POINT('',(0.695662180751711,3.59670059444971,0.513000000000517));
#6764=CARTESIAN_POINT('Origin',(-0.195479551532138,3.5967005944505,0.513000000000517));
#6765=UNCERTAINTY_MEASURE_WITH_UNIT(LENGTH_MEASURE(0.000393700787401575),
#6770,'DISTANCE_ACCURACY_VALUE',
'Maximum model space distance between geometric entities at asserted c
onnectivities');
#6766=UNCERTAINTY_MEASURE_WITH_UNIT(LENGTH_MEASURE(0.000393700787401575),
#6770,'DISTANCE_ACCURACY_VALUE',
'Maximum model space distance between geometric entities at asserted c
onnectivities');
#6767=(
GEOMETRIC_REPRESENTATION_CONTEXT(3)
GLOBAL_UNCERTAINTY_ASSIGNED_CONTEXT((#6765))
GLOBAL_UNIT_ASSIGNED_CONTEXT((#6770,#6774,#6775))
REPRESENTATION_CONTEXT('','3D')
);
#6768=(
GEOMETRIC_REPRESENTATION_CONTEXT(3)
GLOBAL_UNCERTAINTY_ASSIGNED_CONTEXT((#6766))
GLOBAL_UNIT_ASSIGNED_CONTEXT((#6770,#6774,#6775))
REPRESENTATION_CONTEXT('','3D')
);
#6769=DIMENSIONAL_EXPONENTS(1.,0.,0.,0.,0.,0.,0.);
#6770=(
CONVERSION_BASED_UNIT('inch',#6773)
LENGTH_UNIT()
NAMED_UNIT(#6769)
);
#6771=(
LENGTH_UNIT()
NAMED_UNIT(*)
SI_UNIT(.MILLI.,.METRE.)
);
#6772=(
LENGTH_UNIT()
NAMED_UNIT(*)
SI_UNIT($,.METRE.)
);
#6773=LENGTH_MEASURE_WITH_UNIT(LENGTH_MEASURE(25.4),#6771);
#6774=(
NAMED_UNIT(*)
PLANE_ANGLE_UNIT()
SI_UNIT($,.RADIAN.)
);
#6775=(
NAMED_UNIT(*)
SI_UNIT($,.STERADIAN.)
SOLID_ANGLE_UNIT()
);
#6776=SHAPE_DEFINITION_REPRESENTATION(#6777,#6778);
#6777=PRODUCT_DEFINITION_SHAPE('',$,#6780);
#6778=SHAPE_REPRESENTATION('',(#2221),#6767);
#6779=PRODUCT_DEFINITION_CONTEXT('part definition',#6784,'design');
#6780=PRODUCT_DEFINITION('HX711mount','HX711mount v6',#6781,#6779);
#6781=PRODUCT_DEFINITION_FORMATION('',$,#6786);
#6782=PRODUCT_RELATED_PRODUCT_CATEGORY('HX711mount v6','HX711mount v6',
(#6786));
#6783=APPLICATION_PROTOCOL_DEFINITION('international standard',
'automotive_design',2009,#6784);
#6784=APPLICATION_CONTEXT(
'Core Data for Automotive Mechanical Design Process');
#6785=PRODUCT_CONTEXT('part definition',#6784,'mechanical');
#6786=PRODUCT('HX711mount','HX711mount v6',$,(#6785));
#6787=PRESENTATION_STYLE_ASSIGNMENT((#6789));
#6788=PRESENTATION_STYLE_ASSIGNMENT((#6790));
#6789=SURFACE_STYLE_USAGE(.BOTH.,#6791);
#6790=SURFACE_STYLE_USAGE(.BOTH.,#6792);
#6791=SURFACE_SIDE_STYLE('',(#6793));
#6792=SURFACE_SIDE_STYLE('',(#6794));
#6793=SURFACE_STYLE_FILL_AREA(#6795);
#6794=SURFACE_STYLE_FILL_AREA(#6796);
#6795=FILL_AREA_STYLE('Steel - Satin',(#6797));
#6796=FILL_AREA_STYLE('Nylon 12 (with Formlabs Fuse 1 3D Printer)',(#6798));
#6797=FILL_AREA_STYLE_COLOUR('Steel - Satin',#6799);
#6798=FILL_AREA_STYLE_COLOUR(
'Nylon 12 (with Formlabs Fuse 1 3D Printer)',#6800);
#6799=COLOUR_RGB('Steel - Satin',0.627450980392157,0.627450980392157,0.627450980392157);
#6800=COLOUR_RGB('Nylon 12 (with Formlabs Fuse 1 3D Printer)',0.247058823529412,
0.247058823529412,0.247058823529412);
ENDSEC;
END-ISO-10303-21;
