ISO-10303-21;
HEADER;
/* Generated by software containing ST-Developer
 * from STEP Tools, Inc. (www.steptools.com) 
 */

FILE_DESCRIPTION(
/* description */ (''),
/* implementation_level */ '2;1');

FILE_NAME(
/* name */ 'StandoffHolder.step',
/* time_stamp */ '2026-07-10T21:25:42-04:00',
/* author */ (''),
/* organization */ (''),
/* preprocessor_version */ 'ST-DEVELOPER v20.1',
/* originating_system */ 'Autodesk Translation Framework v15.8.0.0',
/* authorisation */ '');

FILE_SCHEMA (('AUTOMOTIVE_DESIGN { 1 0 10303 214 3 1 1 }'));
ENDSEC;

DATA;
#10=MECHANICAL_DESIGN_GEOMETRIC_PRESENTATION_REPRESENTATION('',(#13),#4748);
#11=SHAPE_REPRESENTATION_RELATIONSHIP('SRR','None',#4758,#12);
#12=ADVANCED_BREP_SHAPE_REPRESENTATION('',(#14),#4747);
#13=STYLED_ITEM('',(#4768),#14);
#14=MANIFOLD_SOLID_BREP('StandoffHolder',#1240);
#15=FACE_BOUND('',#165,.T.);
#16=FACE_BOUND('',#166,.T.);
#17=FACE_BOUND('',#168,.T.);
#18=FACE_BOUND('',#170,.T.);
#19=PLANE('',#1306);
#20=PLANE('',#1309);
#21=PLANE('',#1316);
#22=PLANE('',#1320);
#23=PLANE('',#1324);
#24=PLANE('',#1328);
#25=PLANE('',#1332);
#26=PLANE('',#1336);
#27=PLANE('',#1337);
#28=PLANE('',#1338);
#29=B_SPLINE_SURFACE_WITH_KNOTS('',3,3,((#3097,#3098,#3099,#3100,#3101,
#3102,#3103,#3104,#3105,#3106,#3107,#3108,#3109,#3110,#3111,#3112,#3113,
#3114,#3115,#3116,#3117,#3118,#3119,#3120,#3121,#3122,#3123,#3124,#3125,
#3126,#3127,#3128,#3129,#3130,#3131,#3132,#3133,#3134,#3135,#3136,#3137,
#3138,#3139,#3140,#3141,#3142,#3143,#3144,#3145,#3146,#3147,#3148,#3149,
#3150,#3151,#3152,#3153,#3154,#3155,#3156,#3157,#3158,#3159,#3160,#3161,
#3162,#3163,#3164,#3165,#3166,#3167,#3168),(#3169,#3170,#3171,#3172,#3173,
#3174,#3175,#3176,#3177,#3178,#3179,#3180,#3181,#3182,#3183,#3184,#3185,
#3186,#3187,#3188,#3189,#3190,#3191,#3192,#3193,#3194,#3195,#3196,#3197,
#3198,#3199,#3200,#3201,#3202,#3203,#3204,#3205,#3206,#3207,#3208,#3209,
#3210,#3211,#3212,#3213,#3214,#3215,#3216,#3217,#3218,#3219,#3220,#3221,
#3222,#3223,#3224,#3225,#3226,#3227,#3228,#3229,#3230,#3231,#3232,#3233,
#3234,#3235,#3236,#3237,#3238,#3239,#3240),(#3241,#3242,#3243,#3244,#3245,
#3246,#3247,#3248,#3249,#3250,#3251,#3252,#3253,#3254,#3255,#3256,#3257,
#3258,#3259,#3260,#3261,#3262,#3263,#3264,#3265,#3266,#3267,#3268,#3269,
#3270,#3271,#3272,#3273,#3274,#3275,#3276,#3277,#3278,#3279,#3280,#3281,
#3282,#3283,#3284,#3285,#3286,#3287,#3288,#3289,#3290,#3291,#3292,#3293,
#3294,#3295,#3296,#3297,#3298,#3299,#3300,#3301,#3302,#3303,#3304,#3305,
#3306,#3307,#3308,#3309,#3310,#3311,#3312),(#3313,#3314,#3315,#3316,#3317,
#3318,#3319,#3320,#3321,#3322,#3323,#3324,#3325,#3326,#3327,#3328,#3329,
#3330,#3331,#3332,#3333,#3334,#3335,#3336,#3337,#3338,#3339,#3340,#3341,
#3342,#3343,#3344,#3345,#3346,#3347,#3348,#3349,#3350,#3351,#3352,#3353,
#3354,#3355,#3356,#3357,#3358,#3359,#3360,#3361,#3362,#3363,#3364,#3365,
#3366,#3367,#3368,#3369,#3370,#3371,#3372,#3373,#3374,#3375,#3376,#3377,
#3378,#3379,#3380,#3381,#3382,#3383,#3384)),.UNSPECIFIED.,.F.,.F.,.F.,(4,
4),(4,1,1,1,1,1,1,1,1,1,1,1,1,1,1,1,1,1,1,1,1,1,1,1,1,1,1,1,1,1,1,1,1,1,
1,1,1,1,1,1,1,1,1,1,1,1,1,1,1,1,1,1,1,1,1,1,1,1,1,1,1,1,1,1,1,1,1,1,1,4),
(0.,0.0432608556703786),(11.9221090801831,12.90852449241,13.8949399046369,
14.8813553168637,15.8677707290906,16.8541861413174,17.8406015535443,18.8270169657712,
19.813432377998,20.7998477902249,21.7862632024518,22.7726786146786,23.7590940269055,
24.7455094391323,25.7319248513592,26.7183402635861,27.7047556758129,28.6911710880398,
29.6775865002667,30.6640019124935,31.6504173247204,32.6368327369472,33.6232481491741,
34.609663561401,35.5960789736278,36.5824943858547,37.5689097980816,38.5553252103084,
39.5417406225353,40.5281560347621,41.514571446989,42.5009868592159,43.4874022714427,
44.4738176836696,45.4602330958965,46.4466485081233,47.4330639203502,48.4194793325771,
49.4058947448039,50.3923101570308,51.3787255692576,52.3651409814845,53.3515563937114,
54.3379718059382,55.3243872181651,56.310802630392,57.2972180426188,58.2836334548457,
59.2700488670725,60.2564642792994,61.2428796915263,62.2292951037531,63.21571051598,
64.2021259282069,65.1885413404337,66.1749567526606,67.1613721648875,68.1477875771143,
69.1342029893412,70.120618401568,71.1070338137949,72.0934492260218,73.0798646382486,
74.0662800504755,75.0526954627023,76.0391108749292,77.0255262871561,78.0119416993829,
78.9983571116098,79.9847725238367),.UNSPECIFIED.);
#30=B_SPLINE_SURFACE_WITH_KNOTS('',3,3,((#3487,#3488,#3489,#3490,#3491,
#3492,#3493,#3494,#3495,#3496,#3497,#3498,#3499,#3500,#3501,#3502,#3503,
#3504,#3505,#3506,#3507,#3508,#3509,#3510,#3511,#3512,#3513,#3514,#3515,
#3516,#3517,#3518,#3519,#3520,#3521,#3522,#3523,#3524,#3525,#3526,#3527,
#3528,#3529,#3530,#3531,#3532,#3533,#3534,#3535,#3536,#3537,#3538,#3539,
#3540,#3541,#3542,#3543,#3544,#3545,#3546,#3547,#3548,#3549,#3550,#3551,
#3552,#3553,#3554,#3555,#3556,#3557,#3558),(#3559,#3560,#3561,#3562,#3563,
#3564,#3565,#3566,#3567,#3568,#3569,#3570,#3571,#3572,#3573,#3574,#3575,
#3576,#3577,#3578,#3579,#3580,#3581,#3582,#3583,#3584,#3585,#3586,#3587,
#3588,#3589,#3590,#3591,#3592,#3593,#3594,#3595,#3596,#3597,#3598,#3599,
#3600,#3601,#3602,#3603,#3604,#3605,#3606,#3607,#3608,#3609,#3610,#3611,
#3612,#3613,#3614,#3615,#3616,#3617,#3618,#3619,#3620,#3621,#3622,#3623,
#3624,#3625,#3626,#3627,#3628,#3629,#3630),(#3631,#3632,#3633,#3634,#3635,
#3636,#3637,#3638,#3639,#3640,#3641,#3642,#3643,#3644,#3645,#3646,#3647,
#3648,#3649,#3650,#3651,#3652,#3653,#3654,#3655,#3656,#3657,#3658,#3659,
#3660,#3661,#3662,#3663,#3664,#3665,#3666,#3667,#3668,#3669,#3670,#3671,
#3672,#3673,#3674,#3675,#3676,#3677,#3678,#3679,#3680,#3681,#3682,#3683,
#3684,#3685,#3686,#3687,#3688,#3689,#3690,#3691,#3692,#3693,#3694,#3695,
#3696,#3697,#3698,#3699,#3700,#3701,#3702),(#3703,#3704,#3705,#3706,#3707,
#3708,#3709,#3710,#3711,#3712,#3713,#3714,#3715,#3716,#3717,#3718,#3719,
#3720,#3721,#3722,#3723,#3724,#3725,#3726,#3727,#3728,#3729,#3730,#3731,
#3732,#3733,#3734,#3735,#3736,#3737,#3738,#3739,#3740,#3741,#3742,#3743,
#3744,#3745,#3746,#3747,#3748,#3749,#3750,#3751,#3752,#3753,#3754,#3755,
#3756,#3757,#3758,#3759,#3760,#3761,#3762,#3763,#3764,#3765,#3766,#3767,
#3768,#3769,#3770,#3771,#3772,#3773,#3774)),.UNSPECIFIED.,.F.,.F.,.F.,(4,
4),(4,1,1,1,1,1,1,1,1,1,1,1,1,1,1,1,1,1,1,1,1,1,1,1,1,1,1,1,1,1,1,1,1,1,
1,1,1,1,1,1,1,1,1,1,1,1,1,1,1,1,1,1,1,1,1,1,1,1,1,1,1,1,1,1,1,1,1,1,1,4),
(0.,0.0432608556703786),(14.6399982022878,15.6264136145147,16.6128290267415,
17.5992444389684,18.5856598511953,19.5720752634221,20.558490675649,21.5449060878759,
22.5313215001027,23.5177369123296,24.5041523245564,25.4905677367833,26.4769831490102,
27.463398561237,28.4498139734639,29.4362293856908,30.4226447979176,31.4090602101445,
32.3954756223713,33.3818910345982,34.3683064468251,35.3547218590519,36.3411372712788,
37.3275526835057,38.3139680957325,39.3003835079594,40.2867989201862,41.2732143324131,
42.25962974464,43.2460451568668,44.2324605690937,45.2188759813206,46.2052913935474,
47.1917068057743,48.1781222180011,49.164537630228,50.1509530424549,51.1373684546817,
52.1237838669086,53.1101992791355,54.0966146913623,55.0830301035892,56.069445515816,
57.0558609280429,58.0422763402698,59.0286917524966,60.0151071647235,61.0015225769504,
61.9879379891772,62.9743534014041,63.9607688136309,64.9471842258578,65.9335996380847,
66.9200150503115,67.9064304625384,68.8928458747653,69.8792612869921,70.865676699219,
71.8520921114459,72.8385075236727,73.8249229358996,74.8113383481264,75.7977537603533,
76.7841691725802,77.770584584807,78.7569999970339,79.7434154092608,80.7298308214876,
81.7162462337145,82.7026616459413),.UNSPECIFIED.);
#31=B_SPLINE_SURFACE_WITH_KNOTS('',3,3,((#3892,#3893,#3894,#3895,#3896,
#3897,#3898,#3899,#3900,#3901,#3902,#3903,#3904,#3905,#3906,#3907,#3908,
#3909,#3910,#3911,#3912,#3913,#3914,#3915,#3916,#3917,#3918,#3919,#3920,
#3921,#3922,#3923,#3924,#3925,#3926,#3927,#3928,#3929,#3930,#3931,#3932,
#3933,#3934,#3935,#3936,#3937,#3938,#3939,#3940,#3941,#3942,#3943,#3944,
#3945,#3946,#3947,#3948,#3949,#3950,#3951,#3952,#3953,#3954,#3955,#3956,
#3957,#3958,#3959,#3960,#3961,#3962,#3963),(#3964,#3965,#3966,#3967,#3968,
#3969,#3970,#3971,#3972,#3973,#3974,#3975,#3976,#3977,#3978,#3979,#3980,
#3981,#3982,#3983,#3984,#3985,#3986,#3987,#3988,#3989,#3990,#3991,#3992,
#3993,#3994,#3995,#3996,#3997,#3998,#3999,#4000,#4001,#4002,#4003,#4004,
#4005,#4006,#4007,#4008,#4009,#4010,#4011,#4012,#4013,#4014,#4015,#4016,
#4017,#4018,#4019,#4020,#4021,#4022,#4023,#4024,#4025,#4026,#4027,#4028,
#4029,#4030,#4031,#4032,#4033,#4034,#4035),(#4036,#4037,#4038,#4039,#4040,
#4041,#4042,#4043,#4044,#4045,#4046,#4047,#4048,#4049,#4050,#4051,#4052,
#4053,#4054,#4055,#4056,#4057,#4058,#4059,#4060,#4061,#4062,#4063,#4064,
#4065,#4066,#4067,#4068,#4069,#4070,#4071,#4072,#4073,#4074,#4075,#4076,
#4077,#4078,#4079,#4080,#4081,#4082,#4083,#4084,#4085,#4086,#4087,#4088,
#4089,#4090,#4091,#4092,#4093,#4094,#4095,#4096,#4097,#4098,#4099,#4100,
#4101,#4102,#4103,#4104,#4105,#4106,#4107),(#4108,#4109,#4110,#4111,#4112,
#4113,#4114,#4115,#4116,#4117,#4118,#4119,#4120,#4121,#4122,#4123,#4124,
#4125,#4126,#4127,#4128,#4129,#4130,#4131,#4132,#4133,#4134,#4135,#4136,
#4137,#4138,#4139,#4140,#4141,#4142,#4143,#4144,#4145,#4146,#4147,#4148,
#4149,#4150,#4151,#4152,#4153,#4154,#4155,#4156,#4157,#4158,#4159,#4160,
#4161,#4162,#4163,#4164,#4165,#4166,#4167,#4168,#4169,#4170,#4171,#4172,
#4173,#4174,#4175,#4176,#4177,#4178,#4179)),.UNSPECIFIED.,.F.,.F.,.F.,(4,
4),(4,1,1,1,1,1,1,1,1,1,1,1,1,1,1,1,1,1,1,1,1,1,1,1,1,1,1,1,1,1,1,1,1,1,
1,1,1,1,1,1,1,1,1,1,1,1,1,1,1,1,1,1,1,1,1,1,1,1,1,1,1,1,1,1,1,1,1,1,1,4),
(0.,0.0432608556703787),(11.9221090801831,12.90852449241,13.8949399046369,
14.8813553168637,15.8677707290906,16.8541861413174,17.8406015535443,18.8270169657712,
19.813432377998,20.7998477902249,21.7862632024518,22.7726786146786,23.7590940269055,
24.7455094391323,25.7319248513592,26.7183402635861,27.7047556758129,28.6911710880398,
29.6775865002667,30.6640019124935,31.6504173247204,32.6368327369472,33.6232481491741,
34.609663561401,35.5960789736278,36.5824943858547,37.5689097980816,38.5553252103084,
39.5417406225353,40.5281560347621,41.514571446989,42.5009868592159,43.4874022714427,
44.4738176836696,45.4602330958965,46.4466485081233,47.4330639203502,48.419479332577,
49.4058947448039,50.3923101570308,51.3787255692576,52.3651409814845,53.3515563937114,
54.3379718059382,55.3243872181651,56.310802630392,57.2972180426188,58.2836334548457,
59.2700488670725,60.2564642792994,61.2428796915263,62.2292951037531,63.21571051598,
64.2021259282069,65.1885413404337,66.1749567526606,67.1613721648875,68.1477875771143,
69.1342029893412,70.120618401568,71.1070338137949,72.0934492260218,73.0798646382486,
74.0662800504755,75.0526954627023,76.0391108749292,77.0255262871561,78.0119416993829,
78.9983571116098,79.9847725238367),.UNSPECIFIED.);
#32=B_SPLINE_SURFACE_WITH_KNOTS('',3,3,((#4282,#4283,#4284,#4285,#4286,
#4287,#4288,#4289,#4290,#4291,#4292,#4293,#4294,#4295,#4296,#4297,#4298,
#4299,#4300,#4301,#4302,#4303,#4304,#4305,#4306,#4307,#4308,#4309,#4310,
#4311,#4312,#4313,#4314,#4315,#4316,#4317,#4318,#4319,#4320,#4321,#4322,
#4323,#4324,#4325,#4326,#4327,#4328,#4329,#4330,#4331,#4332,#4333,#4334,
#4335,#4336,#4337,#4338,#4339,#4340,#4341,#4342,#4343,#4344,#4345,#4346,
#4347,#4348,#4349,#4350,#4351,#4352,#4353),(#4354,#4355,#4356,#4357,#4358,
#4359,#4360,#4361,#4362,#4363,#4364,#4365,#4366,#4367,#4368,#4369,#4370,
#4371,#4372,#4373,#4374,#4375,#4376,#4377,#4378,#4379,#4380,#4381,#4382,
#4383,#4384,#4385,#4386,#4387,#4388,#4389,#4390,#4391,#4392,#4393,#4394,
#4395,#4396,#4397,#4398,#4399,#4400,#4401,#4402,#4403,#4404,#4405,#4406,
#4407,#4408,#4409,#4410,#4411,#4412,#4413,#4414,#4415,#4416,#4417,#4418,
#4419,#4420,#4421,#4422,#4423,#4424,#4425),(#4426,#4427,#4428,#4429,#4430,
#4431,#4432,#4433,#4434,#4435,#4436,#4437,#4438,#4439,#4440,#4441,#4442,
#4443,#4444,#4445,#4446,#4447,#4448,#4449,#4450,#4451,#4452,#4453,#4454,
#4455,#4456,#4457,#4458,#4459,#4460,#4461,#4462,#4463,#4464,#4465,#4466,
#4467,#4468,#4469,#4470,#4471,#4472,#4473,#4474,#4475,#4476,#4477,#4478,
#4479,#4480,#4481,#4482,#4483,#4484,#4485,#4486,#4487,#4488,#4489,#4490,
#4491,#4492,#4493,#4494,#4495,#4496,#4497),(#4498,#4499,#4500,#4501,#4502,
#4503,#4504,#4505,#4506,#4507,#4508,#4509,#4510,#4511,#4512,#4513,#4514,
#4515,#4516,#4517,#4518,#4519,#4520,#4521,#4522,#4523,#4524,#4525,#4526,
#4527,#4528,#4529,#4530,#4531,#4532,#4533,#4534,#4535,#4536,#4537,#4538,
#4539,#4540,#4541,#4542,#4543,#4544,#4545,#4546,#4547,#4548,#4549,#4550,
#4551,#4552,#4553,#4554,#4555,#4556,#4557,#4558,#4559,#4560,#4561,#4562,
#4563,#4564,#4565,#4566,#4567,#4568,#4569)),.UNSPECIFIED.,.F.,.F.,.F.,(4,
4),(4,1,1,1,1,1,1,1,1,1,1,1,1,1,1,1,1,1,1,1,1,1,1,1,1,1,1,1,1,1,1,1,1,1,
1,1,1,1,1,1,1,1,1,1,1,1,1,1,1,1,1,1,1,1,1,1,1,1,1,1,1,1,1,1,1,1,1,1,1,4),
(0.,0.0432608556703787),(14.6399982022878,15.6264136145147,16.6128290267415,
17.5992444389684,18.5856598511953,19.5720752634221,20.558490675649,21.5449060878759,
22.5313215001027,23.5177369123296,24.5041523245564,25.4905677367833,26.4769831490102,
27.463398561237,28.4498139734639,29.4362293856908,30.4226447979176,31.4090602101445,
32.3954756223713,33.3818910345982,34.3683064468251,35.3547218590519,36.3411372712788,
37.3275526835057,38.3139680957325,39.3003835079594,40.2867989201862,41.2732143324131,
42.25962974464,43.2460451568668,44.2324605690937,45.2188759813206,46.2052913935474,
47.1917068057743,48.1781222180011,49.164537630228,50.1509530424549,51.1373684546817,
52.1237838669086,53.1101992791355,54.0966146913623,55.0830301035892,56.069445515816,
57.0558609280429,58.0422763402698,59.0286917524966,60.0151071647235,61.0015225769504,
61.9879379891772,62.9743534014041,63.9607688136309,64.9471842258578,65.9335996380847,
66.9200150503115,67.9064304625384,68.8928458747653,69.8792612869921,70.865676699219,
71.8520921114459,72.8385075236727,73.8249229358996,74.8113383481264,75.7977537603533,
76.7841691725802,77.770584584807,78.7569999970339,79.7434154092608,80.7298308214876,
81.7162462337145,82.7026616459413),.UNSPECIFIED.);
#33=FACE_OUTER_BOUND('',#100,.T.);
#34=FACE_OUTER_BOUND('',#101,.T.);
#35=FACE_OUTER_BOUND('',#102,.T.);
#36=FACE_OUTER_BOUND('',#103,.T.);
#37=FACE_OUTER_BOUND('',#104,.T.);
#38=FACE_OUTER_BOUND('',#105,.T.);
#39=FACE_OUTER_BOUND('',#106,.T.);
#40=FACE_OUTER_BOUND('',#107,.T.);
#41=FACE_OUTER_BOUND('',#108,.T.);
#42=FACE_OUTER_BOUND('',#109,.T.);
#43=FACE_OUTER_BOUND('',#110,.T.);
#44=FACE_OUTER_BOUND('',#111,.T.);
#45=FACE_OUTER_BOUND('',#112,.T.);
#46=FACE_OUTER_BOUND('',#113,.T.);
#47=FACE_OUTER_BOUND('',#114,.T.);
#48=FACE_OUTER_BOUND('',#115,.T.);
#49=FACE_OUTER_BOUND('',#116,.T.);
#50=FACE_OUTER_BOUND('',#117,.T.);
#51=FACE_OUTER_BOUND('',#118,.T.);
#52=FACE_OUTER_BOUND('',#119,.T.);
#53=FACE_OUTER_BOUND('',#120,.T.);
#54=FACE_OUTER_BOUND('',#121,.T.);
#55=FACE_OUTER_BOUND('',#122,.T.);
#56=FACE_OUTER_BOUND('',#123,.T.);
#57=FACE_OUTER_BOUND('',#124,.T.);
#58=FACE_OUTER_BOUND('',#125,.T.);
#59=FACE_OUTER_BOUND('',#126,.T.);
#60=FACE_OUTER_BOUND('',#127,.T.);
#61=FACE_OUTER_BOUND('',#128,.T.);
#62=FACE_OUTER_BOUND('',#129,.T.);
#63=FACE_OUTER_BOUND('',#130,.T.);
#64=FACE_OUTER_BOUND('',#131,.T.);
#65=FACE_OUTER_BOUND('',#132,.T.);
#66=FACE_OUTER_BOUND('',#133,.T.);
#67=FACE_OUTER_BOUND('',#134,.T.);
#68=FACE_OUTER_BOUND('',#135,.T.);
#69=FACE_OUTER_BOUND('',#136,.T.);
#70=FACE_OUTER_BOUND('',#137,.T.);
#71=FACE_OUTER_BOUND('',#138,.T.);
#72=FACE_OUTER_BOUND('',#139,.T.);
#73=FACE_OUTER_BOUND('',#140,.T.);
#74=FACE_OUTER_BOUND('',#141,.T.);
#75=FACE_OUTER_BOUND('',#142,.T.);
#76=FACE_OUTER_BOUND('',#143,.T.);
#77=FACE_OUTER_BOUND('',#144,.T.);
#78=FACE_OUTER_BOUND('',#145,.T.);
#79=FACE_OUTER_BOUND('',#146,.T.);
#80=FACE_OUTER_BOUND('',#147,.T.);
#81=FACE_OUTER_BOUND('',#148,.T.);
#82=FACE_OUTER_BOUND('',#149,.T.);
#83=FACE_OUTER_BOUND('',#150,.T.);
#84=FACE_OUTER_BOUND('',#151,.T.);
#85=FACE_OUTER_BOUND('',#152,.T.);
#86=FACE_OUTER_BOUND('',#153,.T.);
#87=FACE_OUTER_BOUND('',#154,.T.);
#88=FACE_OUTER_BOUND('',#155,.T.);
#89=FACE_OUTER_BOUND('',#156,.T.);
#90=FACE_OUTER_BOUND('',#157,.T.);
#91=FACE_OUTER_BOUND('',#158,.T.);
#92=FACE_OUTER_BOUND('',#159,.T.);
#93=FACE_OUTER_BOUND('',#160,.T.);
#94=FACE_OUTER_BOUND('',#161,.T.);
#95=FACE_OUTER_BOUND('',#162,.T.);
#96=FACE_OUTER_BOUND('',#163,.T.);
#97=FACE_OUTER_BOUND('',#164,.T.);
#98=FACE_OUTER_BOUND('',#167,.T.);
#99=FACE_OUTER_BOUND('',#169,.T.);
#100=EDGE_LOOP('',(#742,#743,#744,#745));
#101=EDGE_LOOP('',(#746,#747,#748,#749));
#102=EDGE_LOOP('',(#750,#751,#752,#753));
#103=EDGE_LOOP('',(#754,#755,#756,#757));
#104=EDGE_LOOP('',(#758,#759,#760,#761));
#105=EDGE_LOOP('',(#762,#763,#764,#765));
#106=EDGE_LOOP('',(#766,#767,#768,#769));
#107=EDGE_LOOP('',(#770,#771,#772,#773));
#108=EDGE_LOOP('',(#774,#775,#776,#777));
#109=EDGE_LOOP('',(#778,#779,#780,#781));
#110=EDGE_LOOP('',(#782,#783,#784,#785));
#111=EDGE_LOOP('',(#786,#787,#788,#789));
#112=EDGE_LOOP('',(#790,#791,#792,#793));
#113=EDGE_LOOP('',(#794,#795,#796,#797));
#114=EDGE_LOOP('',(#798,#799,#800,#801));
#115=EDGE_LOOP('',(#802,#803,#804,#805));
#116=EDGE_LOOP('',(#806,#807,#808,#809));
#117=EDGE_LOOP('',(#810,#811,#812,#813));
#118=EDGE_LOOP('',(#814,#815,#816,#817));
#119=EDGE_LOOP('',(#818,#819,#820,#821));
#120=EDGE_LOOP('',(#822,#823,#824,#825));
#121=EDGE_LOOP('',(#826,#827,#828,#829));
#122=EDGE_LOOP('',(#830,#831,#832,#833));
#123=EDGE_LOOP('',(#834,#835,#836,#837));
#124=EDGE_LOOP('',(#838,#839,#840,#841));
#125=EDGE_LOOP('',(#842,#843,#844,#845));
#126=EDGE_LOOP('',(#846,#847,#848,#849));
#127=EDGE_LOOP('',(#850,#851,#852,#853));
#128=EDGE_LOOP('',(#854,#855,#856,#857));
#129=EDGE_LOOP('',(#858,#859,#860,#861));
#130=EDGE_LOOP('',(#862,#863,#864,#865));
#131=EDGE_LOOP('',(#866,#867,#868,#869));
#132=EDGE_LOOP('',(#870,#871,#872,#873));
#133=EDGE_LOOP('',(#874,#875,#876,#877));
#134=EDGE_LOOP('',(#878,#879,#880,#881));
#135=EDGE_LOOP('',(#882,#883,#884,#885));
#136=EDGE_LOOP('',(#886,#887,#888,#889));
#137=EDGE_LOOP('',(#890,#891,#892,#893));
#138=EDGE_LOOP('',(#894,#895,#896,#897));
#139=EDGE_LOOP('',(#898,#899,#900,#901));
#140=EDGE_LOOP('',(#902,#903,#904,#905));
#141=EDGE_LOOP('',(#906,#907,#908,#909));
#142=EDGE_LOOP('',(#910,#911,#912,#913));
#143=EDGE_LOOP('',(#914,#915,#916,#917,#918,#919,#920,#921,#922,#923,#924,
#925,#926,#927,#928,#929,#930,#931,#932,#933,#934,#935,#936,#937,#938));
#144=EDGE_LOOP('',(#939,#940,#941,#942,#943,#944,#945,#946,#947,#948,#949,
#950,#951,#952,#953,#954,#955,#956,#957,#958,#959,#960,#961,#962,#963));
#145=EDGE_LOOP('',(#964,#965,#966,#967));
#146=EDGE_LOOP('',(#968,#969,#970,#971));
#147=EDGE_LOOP('',(#972,#973,#974,#975));
#148=EDGE_LOOP('',(#976,#977,#978,#979,#980,#981,#982,#983,#984,#985,#986,
#987,#988,#989,#990,#991,#992,#993,#994,#995,#996,#997,#998,#999,#1000));
#149=EDGE_LOOP('',(#1001,#1002,#1003,#1004,#1005,#1006,#1007,#1008,#1009,
#1010,#1011,#1012,#1013,#1014,#1015,#1016,#1017,#1018,#1019,#1020,#1021,
#1022,#1023,#1024,#1025));
#150=EDGE_LOOP('',(#1026,#1027,#1028,#1029));
#151=EDGE_LOOP('',(#1030,#1031,#1032,#1033));
#152=EDGE_LOOP('',(#1034,#1035,#1036,#1037));
#153=EDGE_LOOP('',(#1038,#1039,#1040,#1041));
#154=EDGE_LOOP('',(#1042,#1043,#1044,#1045));
#155=EDGE_LOOP('',(#1046,#1047,#1048,#1049));
#156=EDGE_LOOP('',(#1050,#1051,#1052,#1053));
#157=EDGE_LOOP('',(#1054,#1055,#1056,#1057));
#158=EDGE_LOOP('',(#1058,#1059,#1060,#1061));
#159=EDGE_LOOP('',(#1062,#1063,#1064,#1065));
#160=EDGE_LOOP('',(#1066,#1067,#1068,#1069));
#161=EDGE_LOOP('',(#1070,#1071,#1072,#1073));
#162=EDGE_LOOP('',(#1074,#1075,#1076,#1077));
#163=EDGE_LOOP('',(#1078,#1079,#1080,#1081));
#164=EDGE_LOOP('',(#1082,#1083,#1084,#1085));
#165=EDGE_LOOP('',(#1086,#1087,#1088,#1089));
#166=EDGE_LOOP('',(#1090,#1091,#1092,#1093));
#167=EDGE_LOOP('',(#1094,#1095,#1096,#1097,#1098,#1099,#1100,#1101,#1102,
#1103,#1104,#1105));
#168=EDGE_LOOP('',(#1106));
#169=EDGE_LOOP('',(#1107,#1108,#1109,#1110,#1111,#1112,#1113,#1114,#1115,
#1116,#1117,#1118));
#170=EDGE_LOOP('',(#1119));
#171=CIRCLE('',#1255,0.06725);
#172=CIRCLE('',#1265,0.06725);
#173=CIRCLE('',#1267,0.082);
#174=CIRCLE('',#1278,0.082);
#175=CIRCLE('',#1280,0.06725);
#176=CIRCLE('',#1290,0.06725);
#177=CIRCLE('',#1292,0.0819999999999999);
#178=CIRCLE('',#1303,0.082);
#179=CIRCLE('',#1311,0.1475);
#180=CIRCLE('',#1312,0.1475);
#181=CIRCLE('',#1314,0.0325817958447617);
#182=CIRCLE('',#1315,0.0325817958447617);
#183=CIRCLE('',#1318,0.0325817958447619);
#184=CIRCLE('',#1319,0.0325817958447619);
#185=CIRCLE('',#1322,0.0330000000000001);
#186=CIRCLE('',#1323,0.0330000000000001);
#187=CIRCLE('',#1326,0.033);
#188=CIRCLE('',#1327,0.033);
#189=CIRCLE('',#1330,0.033);
#190=CIRCLE('',#1331,0.033);
#191=CIRCLE('',#1334,0.0325817958447617);
#192=CIRCLE('',#1335,0.0325817958447617);
#193=B_SPLINE_CURVE_WITH_KNOTS('',3,(#1584,#1585,#1586,#1587,#1588,#1589,
#1590,#1591,#1592,#1593,#1594,#1595,#1596,#1597,#1598,#1599),
 .UNSPECIFIED.,.F.,.F.,(4,3,3,3,3,4),(63.899818137457,64.1170017947461,
65.1034172069729,66.0898326191998,67.0762480314267,68.0626634436535),
 .UNSPECIFIED.);
#194=B_SPLINE_CURVE_WITH_KNOTS('',3,(#1602,#1603,#1604,#1605,#1606,#1607,
#1608,#1609,#1610,#1611,#1612,#1613,#1614,#1615,#1616,#1617,#1618,#1619,
#1620,#1621,#1622,#1623),.UNSPECIFIED.,.F.,.F.,(4,3,3,3,3,3,3,4),(-66.3504368438164,
-66.0898326191998,-65.1034172069729,-64.1170017947461,-63.1305863825192,
-62.1441709702924,-61.1577555580655,-60.3345219523821),.UNSPECIFIED.);
#195=B_SPLINE_CURVE_WITH_KNOTS('',3,(#1628,#1629,#1630,#1631,#1632,#1633,
#1634,#1635,#1636,#1637,#1638,#1639,#1640,#1641,#1642,#1643,#1644,#1645,
#1646,#1647,#1648,#1649),.UNSPECIFIED.,.F.,.F.,(4,3,3,3,3,3,3,4),(57.6166328302774,
58.1985093213849,59.1849247336118,60.1713401458386,61.1577555580655,62.1441709702924,
63.1305863825192,63.899818137457),.UNSPECIFIED.);
#196=B_SPLINE_CURVE_WITH_KNOTS('',3,(#1650,#1651,#1652,#1653,#1654,#1655,
#1656,#1657,#1658,#1659,#1660,#1661,#1662,#1663,#1664,#1665,#1666,#1667,
#1668,#1669,#1670,#1671,#1672,#1673,#1674),.UNSPECIFIED.,.F.,.F.,(4,3,3,
3,3,3,3,3,4),(-60.3345219523821,-60.1713401458386,-59.1849247336118,-58.1985093213849,
-57.2120939091581,-56.2256784969312,-55.2392630847043,-54.2528476724775,
-54.0513366452025),.UNSPECIFIED.);
#197=B_SPLINE_CURVE_WITH_KNOTS('',3,(#1679,#1680,#1681,#1682,#1683,#1684,
#1685,#1686,#1687,#1688,#1689,#1690,#1691,#1692,#1693,#1694,#1695,#1696,
#1697,#1698,#1699,#1700),.UNSPECIFIED.,.F.,.F.,(4,3,3,3,3,3,3,4),(51.3334475230978,
52.2800168480237,53.2664322602506,54.2528476724775,55.2392630847043,56.2256784969312,
57.2120939091581,57.6166328302774),.UNSPECIFIED.);
#198=B_SPLINE_CURVE_WITH_KNOTS('',3,(#1701,#1702,#1703,#1704,#1705,#1706,
#1707,#1708,#1709,#1710,#1711,#1712,#1713,#1714,#1715,#1716,#1717,#1718,
#1719,#1720,#1721,#1722),.UNSPECIFIED.,.F.,.F.,(4,3,3,3,3,3,3,4),(-54.0513366452025,
-53.2664322602506,-52.2800168480237,-51.2936014357969,-50.30718602357,-49.3207706113431,
-48.3343551991163,-47.7681513380229),.UNSPECIFIED.);
#199=B_SPLINE_CURVE_WITH_KNOTS('',3,(#1727,#1728,#1729,#1730,#1731,#1732,
#1733,#1734,#1735,#1736,#1737,#1738,#1739,#1740,#1741,#1742,#1743,#1744,
#1745,#1746,#1747,#1748,#1749,#1750,#1751),.UNSPECIFIED.,.F.,.F.,(4,3,3,
3,3,3,3,3,4),(45.0502622159182,45.3751089624357,46.3615243746626,47.3479397868894,
48.3343551991163,49.3207706113431,50.30718602357,51.2936014357969,51.3334475230978),
 .UNSPECIFIED.);
#200=B_SPLINE_CURVE_WITH_KNOTS('',3,(#1752,#1753,#1754,#1755,#1756,#1757,
#1758,#1759,#1760,#1761,#1762,#1763,#1764,#1765,#1766,#1767,#1768,#1769,
#1770,#1771,#1772,#1773),.UNSPECIFIED.,.F.,.F.,(4,3,3,3,3,3,3,4),(-47.7681513380229,
-47.3479397868894,-46.3615243746626,-45.3751089624357,-44.3886935502088,
-43.402278137982,-42.4158627257551,-41.4849660308433),.UNSPECIFIED.);
#201=B_SPLINE_CURVE_WITH_KNOTS('',3,(#1778,#1779,#1780,#1781,#1782,#1783,
#1784,#1785,#1786,#1787,#1788,#1789,#1790,#1791,#1792,#1793,#1794,#1795,
#1796,#1797,#1798,#1799),.UNSPECIFIED.,.F.,.F.,(4,3,3,3,3,3,3,4),(38.7670769087386,
39.4566164890745,40.4430319013014,41.4294473135282,42.4158627257551,43.402278137982,
44.3886935502088,45.0502622159182),.UNSPECIFIED.);
#202=B_SPLINE_CURVE_WITH_KNOTS('',3,(#1800,#1801,#1802,#1803,#1804,#1805,
#1806,#1807,#1808,#1809,#1810,#1811,#1812,#1813,#1814,#1815,#1816,#1817,
#1818,#1819,#1820,#1821,#1822,#1823,#1824),.UNSPECIFIED.,.F.,.F.,(4,3,3,
3,3,3,3,3,4),(-41.4849660308433,-41.4294473135282,-40.4430319013014,-39.4566164890745,
-38.4702010768477,-37.4837856646208,-36.4973702523939,-35.5109548401671,
-35.2017807236637),.UNSPECIFIED.);
#203=B_SPLINE_CURVE_WITH_KNOTS('',3,(#1829,#1830,#1831,#1832,#1833,#1834,
#1835,#1836,#1837,#1838,#1839,#1840,#1841,#1842,#1843,#1844,#1845,#1846,
#1847,#1848,#1849,#1850,#1851,#1852,#1853),.UNSPECIFIED.,.F.,.F.,(4,3,3,
3,3,3,3,3,4),(32.483891601559,32.5517086034865,33.5381240157134,34.5245394279402,
35.5109548401671,36.4973702523939,37.4837856646208,38.4702010768477,38.7670769087386),
 .UNSPECIFIED.);
#204=B_SPLINE_CURVE_WITH_KNOTS('',3,(#1854,#1855,#1856,#1857,#1858,#1859,
#1860,#1861,#1862,#1863,#1864,#1865,#1866,#1867,#1868,#1869,#1870,#1871,
#1872,#1873,#1874,#1875),.UNSPECIFIED.,.F.,.F.,(4,3,3,3,3,3,3,4),(-35.2017807236637,
-34.5245394279402,-33.5381240157133,-32.5517086034865,-31.5652931912596,
-30.5788777790328,-29.5924623668059,-28.9185954164841),.UNSPECIFIED.);
#205=B_SPLINE_CURVE_WITH_KNOTS('',3,(#1880,#1881,#1882,#1883,#1884,#1885,
#1886,#1887,#1888,#1889,#1890,#1891,#1892,#1893,#1894,#1895,#1896,#1897,
#1898,#1899,#1900,#1901),.UNSPECIFIED.,.F.,.F.,(4,3,3,3,3,3,3,4),(26.2007062943794,
26.6332161301253,27.6196315423522,28.606046954579,29.5924623668059,30.5788777790328,
31.5652931912596,32.483891601559),.UNSPECIFIED.);
#206=B_SPLINE_CURVE_WITH_KNOTS('',3,(#1902,#1903,#1904,#1905,#1906,#1907,
#1908,#1909,#1910,#1911,#1912,#1913,#1914,#1915,#1916,#1917,#1918,#1919,
#1920,#1921,#1922,#1923,#1924,#1925,#1926),.UNSPECIFIED.,.F.,.F.,(4,3,3,
3,3,3,3,3,4),(-28.9185954164841,-28.606046954579,-27.6196315423522,-26.6332161301253,
-25.6468007178984,-24.6603853056716,-23.6739698934447,-22.6875544812179,
-22.6354101093046),.UNSPECIFIED.);
#207=B_SPLINE_CURVE_WITH_KNOTS('',3,(#1931,#1932,#1933,#1934,#1935,#1936,
#1937,#1938,#1939,#1940,#1941,#1942,#1943,#1944,#1945,#1946,#1947,#1948,
#1949,#1950,#1951,#1952),.UNSPECIFIED.,.F.,.F.,(4,3,3,3,3,3,3,4),(19.9175209871998,
20.7147236567641,21.701139068991,22.6875544812179,23.6739698934447,24.6603853056716,
25.6468007178984,26.2007062943794),.UNSPECIFIED.);
#208=B_SPLINE_CURVE_WITH_KNOTS('',3,(#1953,#1954,#1955,#1956,#1957,#1958,
#1959,#1960,#1961,#1962,#1963,#1964,#1965,#1966,#1967,#1968,#1969,#1970,
#1971,#1972,#1973,#1974),.UNSPECIFIED.,.F.,.F.,(4,3,3,3,3,3,3,4),(-22.6354101093046,
-21.701139068991,-20.7147236567641,-19.7283082445373,-18.7418928323104,
-17.7554774200835,-16.7690620078567,-16.352224802125),.UNSPECIFIED.);
#209=B_SPLINE_CURVE_WITH_KNOTS('',3,(#1979,#1980,#1981,#1982,#1983,#1984,
#1985,#1986,#1987,#1988,#1989,#1990,#1991,#1992,#1993,#1994,#1995,#1996,
#1997,#1998,#1999,#2000,#2001,#2002,#2003),.UNSPECIFIED.,.F.,.F.,(4,3,3,
3,3,3,3,3,4),(13.6343356800202,13.8098157711761,14.7962311834029,15.7826465956298,
16.7690620078567,17.7554774200835,18.7418928323104,19.7283082445373,19.9175209871998),
 .UNSPECIFIED.);
#210=B_SPLINE_CURVE_WITH_KNOTS('',3,(#2004,#2005,#2006,#2007,#2008,#2009,
#2010,#2011,#2012,#2013,#2014,#2015,#2016,#2017,#2018,#2019,#2020,#2021,
#2022,#2023,#2024,#2025),.UNSPECIFIED.,.F.,.F.,(4,3,3,3,3,3,3,4),(-16.352224802125,
-15.7826465956298,-14.7962311834029,-13.8098157711761,-12.8234003589492,
-11.8369849467224,-10.8505695344955,-10.0690394949454),.UNSPECIFIED.);
#211=B_SPLINE_CURVE_WITH_KNOTS('',3,(#2031,#2032,#2033,#2034,#2035,#2036,
#2037,#2038,#2039,#2040,#2041,#2042,#2043),.UNSPECIFIED.,.F.,.F.,(4,3,3,
3,4),(-3.78585418776579,-2.95924623668059,-1.97283082445373,-0.986415412226864,
0.),.UNSPECIFIED.);
#212=B_SPLINE_CURVE_WITH_KNOTS('',3,(#2046,#2047,#2048,#2049,#2050,#2051,
#2052,#2053,#2054,#2055,#2056,#2057,#2058,#2059,#2060,#2061,#2062,#2063,
#2064,#2065,#2066,#2067),.UNSPECIFIED.,.F.,.F.,(4,3,3,3,3,3,3,4),(1.7122265998371,
1.97283082445373,2.95924623668059,3.94566164890745,4.93207706113431,5.91849247336117,
6.90490788558804,7.35115037284066),.UNSPECIFIED.);
#213=B_SPLINE_CURVE_WITH_KNOTS('',3,(#2073,#2074,#2075,#2076,#2077),
 .UNSPECIFIED.,.F.,.F.,(4,1,4),(78.5398163397448,78.9983571116098,79.9847725238367),
 .UNSPECIFIED.);
#214=B_SPLINE_CURVE_WITH_KNOTS('',3,(#2080,#2081,#2082,#2083,#2084,#2085,
#2086),.UNSPECIFIED.,.F.,.F.,(4,1,1,1,4),(78.5398163397448,78.7569999970339,
79.7434154092608,80.7298308214876,80.9904350461042),.UNSPECIFIED.);
#215=B_SPLINE_CURVE_WITH_KNOTS('',3,(#2091,#2092,#2093,#2094,#2095,#2096,
#2097,#2098,#2099,#2100),.UNSPECIFIED.,.F.,.F.,(4,1,1,1,1,1,1,4),(72.2566310325652,
73.0798646382486,74.0662800504755,75.0526954627023,76.0391108749292,77.0255262871561,
78.0119416993829,78.5398163397448),.UNSPECIFIED.);
#216=B_SPLINE_CURVE_WITH_KNOTS('',3,(#2101,#2102,#2103,#2104,#2105,#2106,
#2107,#2108,#2109,#2110),.UNSPECIFIED.,.F.,.F.,(4,1,1,1,1,1,1,4),(72.2566310325652,
72.8385075236727,73.8249229358996,74.8113383481264,75.7977537603533,76.7841691725802,
77.770584584807,78.5398163397448),.UNSPECIFIED.);
#217=B_SPLINE_CURVE_WITH_KNOTS('',3,(#2115,#2116,#2117,#2118,#2119,#2120,
#2121,#2122,#2123,#2124,#2125),.UNSPECIFIED.,.F.,.F.,(4,1,1,1,1,1,1,1,4),
(65.9734457253856,66.1749567526606,67.1613721648875,68.1477875771143,69.1342029893412,
70.120618401568,71.1070338137949,72.0934492260218,72.2566310325652),
 .UNSPECIFIED.);
#218=B_SPLINE_CURVE_WITH_KNOTS('',3,(#2126,#2127,#2128,#2129,#2130,#2131,
#2132,#2133,#2134,#2135),.UNSPECIFIED.,.F.,.F.,(4,1,1,1,1,1,1,4),(65.9734457253856,
66.9200150503115,67.9064304625384,68.8928458747653,69.8792612869921,70.865676699219,
71.8520921114459,72.2566310325652),.UNSPECIFIED.);
#219=B_SPLINE_CURVE_WITH_KNOTS('',3,(#2140,#2141,#2142,#2143,#2144,#2145,
#2146,#2147,#2148,#2149),.UNSPECIFIED.,.F.,.F.,(4,1,1,1,1,1,1,4),(59.6902604182061,
60.2564642792994,61.2428796915263,62.2292951037531,63.21571051598,64.2021259282069,
65.1885413404337,65.9734457253856),.UNSPECIFIED.);
#220=B_SPLINE_CURVE_WITH_KNOTS('',3,(#2150,#2151,#2152,#2153,#2154,#2155,
#2156,#2157,#2158,#2159,#2160),.UNSPECIFIED.,.F.,.F.,(4,1,1,1,1,1,1,1,4),
(59.6902604182061,60.0151071647235,61.0015225769504,61.9879379891772,62.9743534014041,
63.9607688136309,64.9471842258578,65.9335996380847,65.9734457253856),
 .UNSPECIFIED.);
#221=B_SPLINE_CURVE_WITH_KNOTS('',3,(#2165,#2166,#2167,#2168,#2169,#2170,
#2171,#2172,#2173,#2174),.UNSPECIFIED.,.F.,.F.,(4,1,1,1,1,1,1,4),(53.4070751110264,
54.3379718059382,55.3243872181651,56.310802630392,57.2972180426188,58.2836334548457,
59.2700488670725,59.6902604182061),.UNSPECIFIED.);
#222=B_SPLINE_CURVE_WITH_KNOTS('',3,(#2175,#2176,#2177,#2178,#2179,#2180,
#2181,#2182,#2183,#2184),.UNSPECIFIED.,.F.,.F.,(4,1,1,1,1,1,1,4),(53.4070751110265,
54.0966146913623,55.0830301035892,56.069445515816,57.0558609280429,58.0422763402698,
59.0286917524966,59.6902604182061),.UNSPECIFIED.);
#223=B_SPLINE_CURVE_WITH_KNOTS('',3,(#2189,#2190,#2191,#2192,#2193,#2194,
#2195,#2196,#2197,#2198,#2199),.UNSPECIFIED.,.F.,.F.,(4,1,1,1,1,1,1,1,4),
(47.1238898038469,47.4330639203502,48.419479332577,49.4058947448039,50.3923101570308,
51.3787255692576,52.3651409814845,53.3515563937114,53.4070751110264),
 .UNSPECIFIED.);
#224=B_SPLINE_CURVE_WITH_KNOTS('',3,(#2200,#2201,#2202,#2203,#2204,#2205,
#2206,#2207,#2208,#2209,#2210),.UNSPECIFIED.,.F.,.F.,(4,1,1,1,1,1,1,1,4),
(47.1238898038469,47.1917068057743,48.1781222180011,49.164537630228,50.1509530424549,
51.1373684546817,52.1237838669086,53.1101992791355,53.4070751110265),
 .UNSPECIFIED.);
#225=B_SPLINE_CURVE_WITH_KNOTS('',3,(#2215,#2216,#2217,#2218,#2219,#2220,
#2221,#2222,#2223,#2224),.UNSPECIFIED.,.F.,.F.,(4,1,1,1,1,1,1,4),(40.8407044966673,
41.514571446989,42.5009868592159,43.4874022714427,44.4738176836696,45.4602330958965,
46.4466485081233,47.1238898038469),.UNSPECIFIED.);
#226=B_SPLINE_CURVE_WITH_KNOTS('',3,(#2225,#2226,#2227,#2228,#2229,#2230,
#2231,#2232,#2233,#2234),.UNSPECIFIED.,.F.,.F.,(4,1,1,1,1,1,1,4),(40.8407044966673,
41.2732143324131,42.25962974464,43.2460451568668,44.2324605690937,45.2188759813206,
46.2052913935474,47.1238898038469),.UNSPECIFIED.);
#227=B_SPLINE_CURVE_WITH_KNOTS('',3,(#2239,#2240,#2241,#2242,#2243,#2244,
#2245,#2246,#2247,#2248,#2249),.UNSPECIFIED.,.F.,.F.,(4,1,1,1,1,1,1,1,4),
(34.5575191894877,34.609663561401,35.5960789736278,36.5824943858547,37.5689097980816,
38.5553252103084,39.5417406225353,40.5281560347621,40.8407044966673),
 .UNSPECIFIED.);
#228=B_SPLINE_CURVE_WITH_KNOTS('',3,(#2250,#2251,#2252,#2253,#2254,#2255,
#2256,#2257,#2258,#2259),.UNSPECIFIED.,.F.,.F.,(4,1,1,1,1,1,1,4),(34.5575191894877,
35.3547218590519,36.3411372712788,37.3275526835057,38.3139680957325,39.3003835079594,
40.2867989201862,40.8407044966673),.UNSPECIFIED.);
#229=B_SPLINE_CURVE_WITH_KNOTS('',3,(#2264,#2265,#2266,#2267,#2268,#2269,
#2270,#2271,#2272,#2273),.UNSPECIFIED.,.F.,.F.,(4,1,1,1,1,1,1,4),(28.2743338823081,
28.6911710880398,29.6775865002667,30.6640019124935,31.6504173247204,32.6368327369472,
33.6232481491741,34.5575191894877),.UNSPECIFIED.);
#230=B_SPLINE_CURVE_WITH_KNOTS('',3,(#2274,#2275,#2276,#2277,#2278,#2279,
#2280,#2281,#2282,#2283,#2284),.UNSPECIFIED.,.F.,.F.,(4,1,1,1,1,1,1,1,4),
(28.2743338823081,28.4498139734639,29.4362293856908,30.4226447979176,31.4090602101445,
32.3954756223713,33.3818910345982,34.3683064468251,34.5575191894877),
 .UNSPECIFIED.);
#231=B_SPLINE_CURVE_WITH_KNOTS('',3,(#2289,#2290,#2291,#2292,#2293,#2294,
#2295,#2296,#2297,#2298),.UNSPECIFIED.,.F.,.F.,(4,1,1,1,1,1,1,4),(21.9911485751285,
22.7726786146786,23.7590940269055,24.7455094391323,25.7319248513592,26.7183402635861,
27.7047556758129,28.2743338823081),.UNSPECIFIED.);
#232=B_SPLINE_CURVE_WITH_KNOTS('',3,(#2299,#2300,#2301,#2302,#2303,#2304,
#2305,#2306,#2307,#2308),.UNSPECIFIED.,.F.,.F.,(4,1,1,1,1,1,1,4),(21.9911485751285,
22.5313215001027,23.5177369123296,24.5041523245564,25.4905677367833,26.4769831490102,
27.463398561237,28.2743338823081),.UNSPECIFIED.);
#233=B_SPLINE_CURVE_WITH_KNOTS('',3,(#2314,#2315,#2316,#2317,#2318),
 .UNSPECIFIED.,.F.,.F.,(4,1,4),(14.6399982022878,15.6264136145147,15.7079632679489),
 .UNSPECIFIED.);
#234=B_SPLINE_CURVE_WITH_KNOTS('',3,(#2321,#2322,#2323,#2324,#2325,#2326),
 .UNSPECIFIED.,.F.,.F.,(4,1,1,4),(13.6343356800202,13.8949399046369,14.8813553168637,
15.7079632679489),.UNSPECIFIED.);
#235=B_SPLINE_CURVE_WITH_KNOTS('',3,(#2332,#2333,#2334,#2335,#2336,#2337,
#2338,#2339,#2340,#2341,#2342,#2343,#2344,#2345,#2346,#2347),
 .UNSPECIFIED.,.F.,.F.,(4,3,3,3,3,4),(63.899818137457,64.1170017947461,
65.1034172069729,66.0898326191998,67.0762480314267,68.0626634436535),
 .UNSPECIFIED.);
#236=B_SPLINE_CURVE_WITH_KNOTS('',3,(#2350,#2351,#2352,#2353,#2354,#2355,
#2356,#2357,#2358,#2359,#2360,#2361,#2362,#2363,#2364,#2365,#2366,#2367,
#2368,#2369,#2370,#2371),.UNSPECIFIED.,.F.,.F.,(4,3,3,3,3,3,3,4),(-66.3504368438164,
-66.0898326191998,-65.1034172069729,-64.1170017947461,-63.1305863825192,
-62.1441709702924,-61.1577555580655,-60.3345219523821),.UNSPECIFIED.);
#237=B_SPLINE_CURVE_WITH_KNOTS('',3,(#2376,#2377,#2378,#2379,#2380,#2381,
#2382,#2383,#2384,#2385,#2386,#2387,#2388,#2389,#2390,#2391,#2392,#2393,
#2394,#2395,#2396,#2397),.UNSPECIFIED.,.F.,.F.,(4,3,3,3,3,3,3,4),(57.6166328302774,
58.1985093213849,59.1849247336118,60.1713401458386,61.1577555580655,62.1441709702924,
63.1305863825192,63.899818137457),.UNSPECIFIED.);
#238=B_SPLINE_CURVE_WITH_KNOTS('',3,(#2398,#2399,#2400,#2401,#2402,#2403,
#2404,#2405,#2406,#2407,#2408,#2409,#2410,#2411,#2412,#2413,#2414,#2415,
#2416,#2417,#2418,#2419,#2420,#2421,#2422),.UNSPECIFIED.,.F.,.F.,(4,3,3,
3,3,3,3,3,4),(-60.3345219523821,-60.1713401458386,-59.1849247336118,-58.1985093213849,
-57.212093909158,-56.2256784969312,-55.2392630847043,-54.2528476724774,
-54.0513366452025),.UNSPECIFIED.);
#239=B_SPLINE_CURVE_WITH_KNOTS('',3,(#2427,#2428,#2429,#2430,#2431,#2432,
#2433,#2434,#2435,#2436,#2437,#2438,#2439,#2440,#2441,#2442,#2443,#2444,
#2445,#2446,#2447,#2448),.UNSPECIFIED.,.F.,.F.,(4,3,3,3,3,3,3,4),(51.3334475230978,
52.2800168480237,53.2664322602506,54.2528476724775,55.2392630847043,56.2256784969312,
57.2120939091581,57.6166328302774),.UNSPECIFIED.);
#240=B_SPLINE_CURVE_WITH_KNOTS('',3,(#2449,#2450,#2451,#2452,#2453,#2454,
#2455,#2456,#2457,#2458,#2459,#2460,#2461,#2462,#2463,#2464,#2465,#2466,
#2467,#2468,#2469,#2470),.UNSPECIFIED.,.F.,.F.,(4,3,3,3,3,3,3,4),(-54.0513366452025,
-53.2664322602506,-52.2800168480237,-51.2936014357969,-50.30718602357,-49.3207706113431,
-48.3343551991163,-47.7681513380229),.UNSPECIFIED.);
#241=B_SPLINE_CURVE_WITH_KNOTS('',3,(#2475,#2476,#2477,#2478,#2479,#2480,
#2481,#2482,#2483,#2484,#2485,#2486,#2487,#2488,#2489,#2490,#2491,#2492,
#2493,#2494,#2495,#2496,#2497,#2498,#2499),.UNSPECIFIED.,.F.,.F.,(4,3,3,
3,3,3,3,3,4),(45.0502622159182,45.3751089624357,46.3615243746626,47.3479397868894,
48.3343551991163,49.3207706113431,50.30718602357,51.2936014357969,51.3334475230978),
 .UNSPECIFIED.);
#242=B_SPLINE_CURVE_WITH_KNOTS('',3,(#2500,#2501,#2502,#2503,#2504,#2505,
#2506,#2507,#2508,#2509,#2510,#2511,#2512,#2513,#2514,#2515,#2516,#2517,
#2518,#2519,#2520,#2521),.UNSPECIFIED.,.F.,.F.,(4,3,3,3,3,3,3,4),(-47.7681513380229,
-47.3479397868894,-46.3615243746626,-45.3751089624357,-44.3886935502088,
-43.402278137982,-42.4158627257551,-41.4849660308433),.UNSPECIFIED.);
#243=B_SPLINE_CURVE_WITH_KNOTS('',3,(#2526,#2527,#2528,#2529,#2530,#2531,
#2532,#2533,#2534,#2535,#2536,#2537,#2538,#2539,#2540,#2541,#2542,#2543,
#2544,#2545,#2546,#2547),.UNSPECIFIED.,.F.,.F.,(4,3,3,3,3,3,3,4),(38.7670769087386,
39.4566164890745,40.4430319013014,41.4294473135282,42.4158627257551,43.402278137982,
44.3886935502088,45.0502622159182),.UNSPECIFIED.);
#244=B_SPLINE_CURVE_WITH_KNOTS('',3,(#2548,#2549,#2550,#2551,#2552,#2553,
#2554,#2555,#2556,#2557,#2558,#2559,#2560,#2561,#2562,#2563,#2564,#2565,
#2566,#2567,#2568,#2569,#2570,#2571,#2572),.UNSPECIFIED.,.F.,.F.,(4,3,3,
3,3,3,3,3,4),(-41.4849660308433,-41.4294473135282,-40.4430319013014,-39.4566164890745,
-38.4702010768477,-37.4837856646208,-36.4973702523939,-35.5109548401671,
-35.2017807236637),.UNSPECIFIED.);
#245=B_SPLINE_CURVE_WITH_KNOTS('',3,(#2577,#2578,#2579,#2580,#2581,#2582,
#2583,#2584,#2585,#2586,#2587,#2588,#2589,#2590,#2591,#2592,#2593,#2594,
#2595,#2596,#2597,#2598,#2599,#2600,#2601),.UNSPECIFIED.,.F.,.F.,(4,3,3,
3,3,3,3,3,4),(32.483891601559,32.5517086034865,33.5381240157134,34.5245394279402,
35.5109548401671,36.4973702523939,37.4837856646208,38.4702010768477,38.7670769087386),
 .UNSPECIFIED.);
#246=B_SPLINE_CURVE_WITH_KNOTS('',3,(#2602,#2603,#2604,#2605,#2606,#2607,
#2608,#2609,#2610,#2611,#2612,#2613,#2614,#2615,#2616,#2617,#2618,#2619,
#2620,#2621,#2622,#2623),.UNSPECIFIED.,.F.,.F.,(4,3,3,3,3,3,3,4),(-35.2017807236637,
-34.5245394279402,-33.5381240157133,-32.5517086034865,-31.5652931912596,
-30.5788777790328,-29.5924623668059,-28.9185954164841),.UNSPECIFIED.);
#247=B_SPLINE_CURVE_WITH_KNOTS('',3,(#2628,#2629,#2630,#2631,#2632,#2633,
#2634,#2635,#2636,#2637,#2638,#2639,#2640,#2641,#2642,#2643,#2644,#2645,
#2646,#2647,#2648,#2649),.UNSPECIFIED.,.F.,.F.,(4,3,3,3,3,3,3,4),(26.2007062943794,
26.6332161301253,27.6196315423522,28.606046954579,29.5924623668059,30.5788777790328,
31.5652931912596,32.483891601559),.UNSPECIFIED.);
#248=B_SPLINE_CURVE_WITH_KNOTS('',3,(#2650,#2651,#2652,#2653,#2654,#2655,
#2656,#2657,#2658,#2659,#2660,#2661,#2662,#2663,#2664,#2665,#2666,#2667,
#2668,#2669,#2670,#2671,#2672,#2673,#2674),.UNSPECIFIED.,.F.,.F.,(4,3,3,
3,3,3,3,3,4),(-28.9185954164841,-28.606046954579,-27.6196315423522,-26.6332161301253,
-25.6468007178984,-24.6603853056716,-23.6739698934447,-22.6875544812178,
-22.6354101093045),.UNSPECIFIED.);
#249=B_SPLINE_CURVE_WITH_KNOTS('',3,(#2679,#2680,#2681,#2682,#2683,#2684,
#2685,#2686,#2687,#2688,#2689,#2690,#2691,#2692,#2693,#2694,#2695,#2696,
#2697,#2698,#2699,#2700),.UNSPECIFIED.,.F.,.F.,(4,3,3,3,3,3,3,4),(19.9175209871998,
20.7147236567641,21.701139068991,22.6875544812179,23.6739698934447,24.6603853056716,
25.6468007178984,26.2007062943794),.UNSPECIFIED.);
#250=B_SPLINE_CURVE_WITH_KNOTS('',3,(#2701,#2702,#2703,#2704,#2705,#2706,
#2707,#2708,#2709,#2710,#2711,#2712,#2713,#2714,#2715,#2716,#2717,#2718,
#2719,#2720,#2721,#2722),.UNSPECIFIED.,.F.,.F.,(4,3,3,3,3,3,3,4),(-22.6354101093045,
-21.701139068991,-20.7147236567641,-19.7283082445373,-18.7418928323104,
-17.7554774200835,-16.7690620078567,-16.352224802125),.UNSPECIFIED.);
#251=B_SPLINE_CURVE_WITH_KNOTS('',3,(#2727,#2728,#2729,#2730,#2731,#2732,
#2733,#2734,#2735,#2736,#2737,#2738,#2739,#2740,#2741,#2742,#2743,#2744,
#2745,#2746,#2747,#2748,#2749,#2750,#2751),.UNSPECIFIED.,.F.,.F.,(4,3,3,
3,3,3,3,3,4),(13.6343356800202,13.8098157711761,14.7962311834029,15.7826465956298,
16.7690620078567,17.7554774200835,18.7418928323104,19.7283082445373,19.9175209871998),
 .UNSPECIFIED.);
#252=B_SPLINE_CURVE_WITH_KNOTS('',3,(#2752,#2753,#2754,#2755,#2756,#2757,
#2758,#2759,#2760,#2761,#2762,#2763,#2764,#2765,#2766,#2767,#2768,#2769,
#2770,#2771,#2772,#2773),.UNSPECIFIED.,.F.,.F.,(4,3,3,3,3,3,3,4),(-16.352224802125,
-15.7826465956298,-14.7962311834029,-13.8098157711761,-12.8234003589492,
-11.8369849467224,-10.8505695344955,-10.0690394949454),.UNSPECIFIED.);
#253=B_SPLINE_CURVE_WITH_KNOTS('',3,(#2779,#2780,#2781,#2782,#2783,#2784,
#2785,#2786,#2787,#2788,#2789,#2790,#2791),.UNSPECIFIED.,.F.,.F.,(4,3,3,
3,4),(-3.78585418776579,-2.95924623668059,-1.97283082445373,-0.986415412226864,
0.),.UNSPECIFIED.);
#254=B_SPLINE_CURVE_WITH_KNOTS('',3,(#2794,#2795,#2796,#2797,#2798,#2799,
#2800,#2801,#2802,#2803,#2804,#2805,#2806,#2807,#2808,#2809,#2810,#2811,
#2812,#2813,#2814,#2815),.UNSPECIFIED.,.F.,.F.,(4,3,3,3,3,3,3,4),(1.7122265998371,
1.97283082445373,2.95924623668059,3.94566164890745,4.93207706113431,5.91849247336117,
6.90490788558804,7.35115037284066),.UNSPECIFIED.);
#255=B_SPLINE_CURVE_WITH_KNOTS('',3,(#2821,#2822,#2823,#2824,#2825),
 .UNSPECIFIED.,.F.,.F.,(4,1,4),(78.5398163397448,78.9983571116098,79.9847725238367),
 .UNSPECIFIED.);
#256=B_SPLINE_CURVE_WITH_KNOTS('',3,(#2828,#2829,#2830,#2831,#2832,#2833,
#2834),.UNSPECIFIED.,.F.,.F.,(4,1,1,1,4),(78.5398163397448,78.7569999970339,
79.7434154092608,80.7298308214876,80.9904350461043),.UNSPECIFIED.);
#257=B_SPLINE_CURVE_WITH_KNOTS('',3,(#2839,#2840,#2841,#2842,#2843,#2844,
#2845,#2846,#2847,#2848),.UNSPECIFIED.,.F.,.F.,(4,1,1,1,1,1,1,4),(72.2566310325652,
73.0798646382486,74.0662800504755,75.0526954627023,76.0391108749292,77.0255262871561,
78.0119416993829,78.5398163397448),.UNSPECIFIED.);
#258=B_SPLINE_CURVE_WITH_KNOTS('',3,(#2849,#2850,#2851,#2852,#2853,#2854,
#2855,#2856,#2857,#2858),.UNSPECIFIED.,.F.,.F.,(4,1,1,1,1,1,1,4),(72.2566310325652,
72.8385075236727,73.8249229358996,74.8113383481264,75.7977537603533,76.7841691725802,
77.770584584807,78.5398163397448),.UNSPECIFIED.);
#259=B_SPLINE_CURVE_WITH_KNOTS('',3,(#2863,#2864,#2865,#2866,#2867,#2868,
#2869,#2870,#2871,#2872,#2873),.UNSPECIFIED.,.F.,.F.,(4,1,1,1,1,1,1,1,4),
(65.9734457253856,66.1749567526606,67.1613721648875,68.1477875771143,69.1342029893412,
70.120618401568,71.1070338137949,72.0934492260218,72.2566310325652),
 .UNSPECIFIED.);
#260=B_SPLINE_CURVE_WITH_KNOTS('',3,(#2874,#2875,#2876,#2877,#2878,#2879,
#2880,#2881,#2882,#2883),.UNSPECIFIED.,.F.,.F.,(4,1,1,1,1,1,1,4),(65.9734457253856,
66.9200150503115,67.9064304625384,68.8928458747653,69.8792612869921,70.865676699219,
71.8520921114459,72.2566310325652),.UNSPECIFIED.);
#261=B_SPLINE_CURVE_WITH_KNOTS('',3,(#2888,#2889,#2890,#2891,#2892,#2893,
#2894,#2895,#2896,#2897),.UNSPECIFIED.,.F.,.F.,(4,1,1,1,1,1,1,4),(59.6902604182061,
60.2564642792994,61.2428796915263,62.2292951037531,63.21571051598,64.2021259282069,
65.1885413404337,65.9734457253856),.UNSPECIFIED.);
#262=B_SPLINE_CURVE_WITH_KNOTS('',3,(#2898,#2899,#2900,#2901,#2902,#2903,
#2904,#2905,#2906,#2907,#2908),.UNSPECIFIED.,.F.,.F.,(4,1,1,1,1,1,1,1,4),
(59.6902604182061,60.0151071647235,61.0015225769504,61.9879379891772,62.9743534014041,
63.9607688136309,64.9471842258578,65.9335996380847,65.9734457253856),
 .UNSPECIFIED.);
#263=B_SPLINE_CURVE_WITH_KNOTS('',3,(#2913,#2914,#2915,#2916,#2917,#2918,
#2919,#2920,#2921,#2922),.UNSPECIFIED.,.F.,.F.,(4,1,1,1,1,1,1,4),(53.4070751110264,
54.3379718059382,55.3243872181651,56.310802630392,57.2972180426188,58.2836334548457,
59.2700488670725,59.6902604182061),.UNSPECIFIED.);
#264=B_SPLINE_CURVE_WITH_KNOTS('',3,(#2923,#2924,#2925,#2926,#2927,#2928,
#2929,#2930,#2931,#2932),.UNSPECIFIED.,.F.,.F.,(4,1,1,1,1,1,1,4),(53.4070751110265,
54.0966146913623,55.0830301035892,56.069445515816,57.0558609280429,58.0422763402698,
59.0286917524966,59.6902604182061),.UNSPECIFIED.);
#265=B_SPLINE_CURVE_WITH_KNOTS('',3,(#2937,#2938,#2939,#2940,#2941,#2942,
#2943,#2944,#2945,#2946,#2947),.UNSPECIFIED.,.F.,.F.,(4,1,1,1,1,1,1,1,4),
(47.1238898038469,47.4330639203502,48.4194793325771,49.4058947448039,50.3923101570308,
51.3787255692576,52.3651409814845,53.3515563937114,53.4070751110264),
 .UNSPECIFIED.);
#266=B_SPLINE_CURVE_WITH_KNOTS('',3,(#2948,#2949,#2950,#2951,#2952,#2953,
#2954,#2955,#2956,#2957,#2958),.UNSPECIFIED.,.F.,.F.,(4,1,1,1,1,1,1,1,4),
(47.1238898038469,47.1917068057743,48.1781222180011,49.164537630228,50.1509530424549,
51.1373684546817,52.1237838669086,53.1101992791355,53.4070751110265),
 .UNSPECIFIED.);
#267=B_SPLINE_CURVE_WITH_KNOTS('',3,(#2963,#2964,#2965,#2966,#2967,#2968,
#2969,#2970,#2971,#2972),.UNSPECIFIED.,.F.,.F.,(4,1,1,1,1,1,1,4),(40.8407044966673,
41.514571446989,42.5009868592159,43.4874022714427,44.4738176836696,45.4602330958965,
46.4466485081233,47.1238898038469),.UNSPECIFIED.);
#268=B_SPLINE_CURVE_WITH_KNOTS('',3,(#2973,#2974,#2975,#2976,#2977,#2978,
#2979,#2980,#2981,#2982),.UNSPECIFIED.,.F.,.F.,(4,1,1,1,1,1,1,4),(40.8407044966673,
41.2732143324131,42.25962974464,43.2460451568668,44.2324605690937,45.2188759813206,
46.2052913935474,47.1238898038469),.UNSPECIFIED.);
#269=B_SPLINE_CURVE_WITH_KNOTS('',3,(#2987,#2988,#2989,#2990,#2991,#2992,
#2993,#2994,#2995,#2996,#2997),.UNSPECIFIED.,.F.,.F.,(4,1,1,1,1,1,1,1,4),
(34.5575191894877,34.609663561401,35.5960789736278,36.5824943858547,37.5689097980816,
38.5553252103084,39.5417406225353,40.5281560347621,40.8407044966673),
 .UNSPECIFIED.);
#270=B_SPLINE_CURVE_WITH_KNOTS('',3,(#2998,#2999,#3000,#3001,#3002,#3003,
#3004,#3005,#3006,#3007),.UNSPECIFIED.,.F.,.F.,(4,1,1,1,1,1,1,4),(34.5575191894877,
35.3547218590519,36.3411372712788,37.3275526835057,38.3139680957325,39.3003835079594,
40.2867989201862,40.8407044966673),.UNSPECIFIED.);
#271=B_SPLINE_CURVE_WITH_KNOTS('',3,(#3012,#3013,#3014,#3015,#3016,#3017,
#3018,#3019,#3020,#3021),.UNSPECIFIED.,.F.,.F.,(4,1,1,1,1,1,1,4),(28.2743338823081,
28.6911710880398,29.6775865002667,30.6640019124935,31.6504173247204,32.6368327369472,
33.6232481491741,34.5575191894877),.UNSPECIFIED.);
#272=B_SPLINE_CURVE_WITH_KNOTS('',3,(#3022,#3023,#3024,#3025,#3026,#3027,
#3028,#3029,#3030,#3031,#3032),.UNSPECIFIED.,.F.,.F.,(4,1,1,1,1,1,1,1,4),
(28.2743338823081,28.4498139734639,29.4362293856908,30.4226447979176,31.4090602101445,
32.3954756223713,33.3818910345982,34.3683064468251,34.5575191894877),
 .UNSPECIFIED.);
#273=B_SPLINE_CURVE_WITH_KNOTS('',3,(#3037,#3038,#3039,#3040,#3041,#3042,
#3043,#3044,#3045,#3046),.UNSPECIFIED.,.F.,.F.,(4,1,1,1,1,1,1,4),(21.9911485751285,
22.7726786146786,23.7590940269055,24.7455094391323,25.7319248513592,26.7183402635861,
27.7047556758129,28.2743338823081),.UNSPECIFIED.);
#274=B_SPLINE_CURVE_WITH_KNOTS('',3,(#3047,#3048,#3049,#3050,#3051,#3052,
#3053,#3054,#3055,#3056),.UNSPECIFIED.,.F.,.F.,(4,1,1,1,1,1,1,4),(21.9911485751285,
22.5313215001027,23.5177369123296,24.5041523245564,25.4905677367833,26.4769831490102,
27.463398561237,28.2743338823081),.UNSPECIFIED.);
#275=B_SPLINE_CURVE_WITH_KNOTS('',3,(#3062,#3063,#3064,#3065,#3066),
 .UNSPECIFIED.,.F.,.F.,(4,1,4),(14.6399982022878,15.6264136145147,15.7079632679489),
 .UNSPECIFIED.);
#276=B_SPLINE_CURVE_WITH_KNOTS('',3,(#3069,#3070,#3071,#3072,#3073,#3074),
 .UNSPECIFIED.,.F.,.F.,(4,1,1,4),(13.6343356800202,13.8949399046369,14.8813553168637,
15.7079632679489),.UNSPECIFIED.);
#277=B_SPLINE_CURVE_WITH_KNOTS('',3,(#3076,#3077,#3078,#3079,#3080,#3081,
#3082,#3083,#3084,#3085,#3086),.UNSPECIFIED.,.F.,.F.,(4,1,1,1,1,1,1,1,4),
(15.7079632679489,15.8677707290906,16.8541861413174,17.8406015535443,18.8270169657712,
19.813432377998,20.7998477902249,21.7862632024518,21.9911485751285),
 .UNSPECIFIED.);
#278=B_SPLINE_CURVE_WITH_KNOTS('',3,(#3087,#3088,#3089,#3090,#3091,#3092,
#3093,#3094,#3095,#3096),.UNSPECIFIED.,.F.,.F.,(4,1,1,1,1,1,1,4),(15.7079632679489,
16.6128290267415,17.5992444389684,18.5856598511953,19.5720752634221,20.558490675649,
21.5449060878759,21.9911485751285),.UNSPECIFIED.);
#279=B_SPLINE_CURVE_WITH_KNOTS('',3,(#3385,#3386,#3387,#3388,#3389,#3390,
#3391,#3392,#3393,#3394,#3395,#3396,#3397,#3398,#3399,#3400,#3401,#3402,
#3403,#3404,#3405,#3406,#3407,#3408,#3409,#3410,#3411,#3412,#3413,#3414,
#3415,#3416,#3417,#3418,#3419,#3420,#3421,#3422,#3423,#3424),
 .UNSPECIFIED.,.F.,.F.,(4,3,3,3,3,3,3,3,3,3,3,3,3,4),(-0.326867331054371,
-0.293582718923372,-0.271368177437682,-0.248713018162717,-0.215611752042185,
-0.194839414271549,-0.161046434354017,-0.142234771662613,-0.131015316374885,
-0.0982614872811638,-0.0703487510726193,-0.0534520580298477,-0.009050174086758,
0.),.UNSPECIFIED.);
#280=B_SPLINE_CURVE_WITH_KNOTS('',3,(#3425,#3426,#3427,#3428,#3429,#3430,
#3431,#3432,#3433,#3434,#3435,#3436,#3437,#3438,#3439,#3440,#3441,#3442,
#3443,#3444,#3445,#3446,#3447,#3448,#3449,#3450,#3451,#3452,#3453,#3454,
#3455,#3456,#3457,#3458,#3459,#3460,#3461),.UNSPECIFIED.,.F.,.F.,(4,3,3,
3,3,3,3,3,3,3,3,3,4),(0.,0.0433532840044599,0.0638884327171142,0.0791427713601164,
0.117410241942738,0.137671925237324,0.156317813530798,0.180775890880999,
0.211582410995243,0.231945970572311,0.26459947543155,0.283594157770893,
0.32686733105437),.UNSPECIFIED.);
#281=B_SPLINE_CURVE_WITH_KNOTS('',3,(#3462,#3463,#3464,#3465,#3466,#3467,
#3468,#3469,#3470,#3471,#3472,#3473,#3474,#3475,#3476,#3477,#3478,#3479,
#3480,#3481,#3482,#3483,#3484,#3485,#3486),.UNSPECIFIED.,.F.,.F.,(4,3,3,
3,3,3,3,3,4),(-10.0690394949454,-9.86415412226863,-8.87773871004177,-7.89132329781491,
-6.90490788558804,-5.91849247336118,-4.93207706113432,-3.94566164890745,
-3.78585418776579),.UNSPECIFIED.);
#282=B_SPLINE_CURVE_WITH_KNOTS('',3,(#3775,#3776,#3777,#3778,#3779,#3780,
#3781,#3782,#3783,#3784,#3785,#3786,#3787,#3788,#3789,#3790,#3791,#3792,
#3793,#3794,#3795,#3796,#3797,#3798,#3799,#3800,#3801,#3802,#3803,#3804,
#3805,#3806,#3807,#3808,#3809,#3810,#3811),.UNSPECIFIED.,.F.,.F.,(4,3,3,
3,3,3,3,3,3,3,3,3,4),(-0.328226035497141,-0.292601632666145,-0.265031708705036,
-0.231730246377344,-0.2144296125776,-0.178233486233141,-0.158876235525772,
-0.146883345751911,-0.109766582208218,-0.0795182679873276,-0.0621492325209041,
-0.0111100032859126,0.),.UNSPECIFIED.);
#283=B_SPLINE_CURVE_WITH_KNOTS('',3,(#3812,#3813,#3814,#3815,#3816,#3817,
#3818,#3819,#3820,#3821,#3822,#3823,#3824,#3825,#3826,#3827,#3828,#3829,
#3830,#3831,#3832,#3833),.UNSPECIFIED.,.F.,.F.,(4,3,3,3,3,3,3,4),(7.35115037284066,
7.8913232978149,8.87773871004177,9.86415412226863,10.8505695344955,11.8369849467224,
12.8234003589492,13.6343356800202),.UNSPECIFIED.);
#284=B_SPLINE_CURVE_WITH_KNOTS('',3,(#3834,#3835,#3836,#3837,#3838,#3839,
#3840,#3841,#3842,#3843,#3844,#3845,#3846,#3847,#3848,#3849,#3850,#3851,
#3852,#3853,#3854,#3855,#3856,#3857,#3858,#3859,#3860,#3861,#3862,#3863,
#3864,#3865,#3866,#3867),.UNSPECIFIED.,.F.,.F.,(4,3,3,3,3,3,3,3,3,3,3,4),
(0.,0.0492147840384769,0.0779109536700223,0.096824654072895,0.145285800968909,
0.167686751799452,0.196859136153908,0.22337472539638,0.242091853438891,
0.274962149570368,0.292964802474283,0.328226035497159),.UNSPECIFIED.);
#285=B_SPLINE_CURVE_WITH_KNOTS('',3,(#3871,#3872,#3873,#3874,#3875,#3876,
#3877,#3878,#3879,#3880,#3881),.UNSPECIFIED.,.F.,.F.,(4,1,1,1,1,1,1,1,4),
(15.7079632679489,15.8677707290906,16.8541861413174,17.8406015535443,18.8270169657712,
19.813432377998,20.7998477902249,21.7862632024518,21.9911485751285),
 .UNSPECIFIED.);
#286=B_SPLINE_CURVE_WITH_KNOTS('',3,(#3882,#3883,#3884,#3885,#3886,#3887,
#3888,#3889,#3890,#3891),.UNSPECIFIED.,.F.,.F.,(4,1,1,1,1,1,1,4),(15.7079632679489,
16.6128290267415,17.5992444389684,18.5856598511953,19.5720752634221,20.558490675649,
21.5449060878759,21.9911485751285),.UNSPECIFIED.);
#287=B_SPLINE_CURVE_WITH_KNOTS('',3,(#4180,#4181,#4182,#4183,#4184,#4185,
#4186,#4187,#4188,#4189,#4190,#4191,#4192,#4193,#4194,#4195,#4196,#4197,
#4198,#4199,#4200,#4201,#4202,#4203,#4204,#4205,#4206,#4207,#4208,#4209,
#4210,#4211,#4212,#4213,#4214,#4215,#4216,#4217,#4218,#4219),
 .UNSPECIFIED.,.F.,.F.,(4,3,3,3,3,3,3,3,3,3,3,3,3,4),(-0.326867331054372,
-0.293582707521698,-0.271368691940775,-0.24871322995247,-0.215613181584884,
-0.194839831944644,-0.161046980132245,-0.142235771921515,-0.131015316374883,
-0.0982614872811624,-0.0703489936712017,-0.0534520278685591,-0.0090494344739448,
0.),.UNSPECIFIED.);
#288=B_SPLINE_CURVE_WITH_KNOTS('',3,(#4220,#4221,#4222,#4223,#4224,#4225,
#4226,#4227,#4228,#4229,#4230,#4231,#4232,#4233,#4234,#4235,#4236,#4237,
#4238,#4239,#4240,#4241,#4242,#4243,#4244,#4245,#4246,#4247,#4248,#4249,
#4250,#4251,#4252,#4253,#4254,#4255,#4256),.UNSPECIFIED.,.F.,.F.,(4,3,3,
3,3,3,3,3,3,3,3,3,4),(0.,0.0433513410444138,0.0638829569933213,0.0791364609730001,
0.117397605028137,0.137538051524782,0.156290921666978,0.180775890881,0.211585438629381,
0.23194654841807,0.26460265407121,0.283598845813652,0.326867331054372),
 .UNSPECIFIED.);
#289=B_SPLINE_CURVE_WITH_KNOTS('',3,(#4257,#4258,#4259,#4260,#4261,#4262,
#4263,#4264,#4265,#4266,#4267,#4268,#4269,#4270,#4271,#4272,#4273,#4274,
#4275,#4276,#4277,#4278,#4279,#4280,#4281),.UNSPECIFIED.,.F.,.F.,(4,3,3,
3,3,3,3,3,4),(-10.0690394949454,-9.86415412226863,-8.87773871004177,-7.8913232978149,
-6.90490788558804,-5.91849247336118,-4.93207706113431,-3.94566164890745,
-3.78585418776579),.UNSPECIFIED.);
#290=B_SPLINE_CURVE_WITH_KNOTS('',3,(#4570,#4571,#4572,#4573,#4574,#4575,
#4576,#4577,#4578,#4579,#4580,#4581,#4582,#4583,#4584,#4585,#4586,#4587,
#4588,#4589,#4590,#4591,#4592,#4593,#4594,#4595,#4596,#4597,#4598,#4599,
#4600,#4601,#4602,#4603,#4604,#4605,#4606),.UNSPECIFIED.,.F.,.F.,(4,3,3,
3,3,3,3,3,3,3,3,3,4),(-0.328226035497161,-0.292604272919843,-0.265031891635956,
-0.231730558472368,-0.214430426306792,-0.178234101240895,-0.158877325784936,
-0.146883345751925,-0.109766584887425,-0.0795172168728457,-0.062148721427107,
-0.0111093370022324,0.),.UNSPECIFIED.);
#291=B_SPLINE_CURVE_WITH_KNOTS('',3,(#4607,#4608,#4609,#4610,#4611,#4612,
#4613,#4614,#4615,#4616,#4617,#4618,#4619,#4620,#4621,#4622,#4623,#4624,
#4625,#4626,#4627,#4628),.UNSPECIFIED.,.F.,.F.,(4,3,3,3,3,3,3,4),(7.35115037284066,
7.8913232978149,8.87773871004177,9.86415412226863,10.8505695344955,11.8369849467224,
12.8234003589492,13.6343356800202),.UNSPECIFIED.);
#292=B_SPLINE_CURVE_WITH_KNOTS('',3,(#4629,#4630,#4631,#4632,#4633,#4634,
#4635,#4636,#4637,#4638,#4639,#4640,#4641,#4642,#4643,#4644,#4645,#4646,
#4647,#4648,#4649,#4650,#4651,#4652,#4653,#4654,#4655,#4656,#4657,#4658,
#4659,#4660,#4661,#4662),.UNSPECIFIED.,.F.,.F.,(4,3,3,3,3,3,3,3,3,3,3,4),
(0.,0.0492147840384768,0.0778065275209305,0.0968061379189141,0.145269116204724,
0.167684270113626,0.196859136153907,0.223374768026131,0.242092127591471,
0.274965037377404,0.292969555567208,0.328226035497157),.UNSPECIFIED.);
#293=LINE('',#1582,#360);
#294=LINE('',#1627,#361);
#295=LINE('',#1678,#362);
#296=LINE('',#1726,#363);
#297=LINE('',#1777,#364);
#298=LINE('',#1828,#365);
#299=LINE('',#1879,#366);
#300=LINE('',#1930,#367);
#301=LINE('',#1978,#368);
#302=LINE('',#2029,#369);
#303=LINE('',#2071,#370);
#304=LINE('',#2090,#371);
#305=LINE('',#2114,#372);
#306=LINE('',#2139,#373);
#307=LINE('',#2164,#374);
#308=LINE('',#2188,#375);
#309=LINE('',#2214,#376);
#310=LINE('',#2238,#377);
#311=LINE('',#2263,#378);
#312=LINE('',#2288,#379);
#313=LINE('',#2312,#380);
#314=LINE('',#2330,#381);
#315=LINE('',#2375,#382);
#316=LINE('',#2426,#383);
#317=LINE('',#2474,#384);
#318=LINE('',#2525,#385);
#319=LINE('',#2576,#386);
#320=LINE('',#2627,#387);
#321=LINE('',#2678,#388);
#322=LINE('',#2726,#389);
#323=LINE('',#2777,#390);
#324=LINE('',#2819,#391);
#325=LINE('',#2838,#392);
#326=LINE('',#2862,#393);
#327=LINE('',#2887,#394);
#328=LINE('',#2912,#395);
#329=LINE('',#2936,#396);
#330=LINE('',#2962,#397);
#331=LINE('',#2986,#398);
#332=LINE('',#3011,#399);
#333=LINE('',#3036,#400);
#334=LINE('',#3060,#401);
#335=LINE('',#4669,#402);
#336=LINE('',#4676,#403);
#337=LINE('',#4679,#404);
#338=LINE('',#4682,#405);
#339=LINE('',#4684,#406);
#340=LINE('',#4685,#407);
#341=LINE('',#4691,#408);
#342=LINE('',#4694,#409);
#343=LINE('',#4696,#410);
#344=LINE('',#4697,#411);
#345=LINE('',#4703,#412);
#346=LINE('',#4706,#413);
#347=LINE('',#4708,#414);
#348=LINE('',#4709,#415);
#349=LINE('',#4715,#416);
#350=LINE('',#4718,#417);
#351=LINE('',#4720,#418);
#352=LINE('',#4721,#419);
#353=LINE('',#4727,#420);
#354=LINE('',#4730,#421);
#355=LINE('',#4732,#422);
#356=LINE('',#4733,#423);
#357=LINE('',#4739,#424);
#358=LINE('',#4741,#425);
#359=LINE('',#4742,#426);
#360=VECTOR('',#1343,0.0675);
#361=VECTOR('',#1348,0.0675);
#362=VECTOR('',#1351,0.0675);
#363=VECTOR('',#1354,0.0675);
#364=VECTOR('',#1357,0.0675);
#365=VECTOR('',#1360,0.0675);
#366=VECTOR('',#1363,0.0675);
#367=VECTOR('',#1366,0.0675);
#368=VECTOR('',#1369,0.0675);
#369=VECTOR('',#1372,0.0675);
#370=VECTOR('',#1377,0.082);
#371=VECTOR('',#1382,0.082);
#372=VECTOR('',#1385,0.082);
#373=VECTOR('',#1388,0.082);
#374=VECTOR('',#1391,0.082);
#375=VECTOR('',#1394,0.082);
#376=VECTOR('',#1397,0.082);
#377=VECTOR('',#1400,0.082);
#378=VECTOR('',#1403,0.082);
#379=VECTOR('',#1406,0.082);
#380=VECTOR('',#1409,0.082);
#381=VECTOR('',#1414,0.0675);
#382=VECTOR('',#1419,0.0675);
#383=VECTOR('',#1422,0.0675);
#384=VECTOR('',#1425,0.0675);
#385=VECTOR('',#1428,0.0675);
#386=VECTOR('',#1431,0.0675);
#387=VECTOR('',#1434,0.0675);
#388=VECTOR('',#1437,0.0675);
#389=VECTOR('',#1440,0.0675);
#390=VECTOR('',#1443,0.0675);
#391=VECTOR('',#1448,0.082);
#392=VECTOR('',#1453,0.082);
#393=VECTOR('',#1456,0.082);
#394=VECTOR('',#1459,0.082);
#395=VECTOR('',#1462,0.082);
#396=VECTOR('',#1465,0.082);
#397=VECTOR('',#1468,0.082);
#398=VECTOR('',#1471,0.082);
#399=VECTOR('',#1474,0.082);
#400=VECTOR('',#1477,0.082);
#401=VECTOR('',#1480,0.082);
#402=VECTOR('',#1499,0.1475);
#403=VECTOR('',#1506,0.393700787401575);
#404=VECTOR('',#1509,0.393700787401575);
#405=VECTOR('',#1512,0.393700787401575);
#406=VECTOR('',#1513,0.393700787401575);
#407=VECTOR('',#1514,0.393700787401575);
#408=VECTOR('',#1521,0.393700787401575);
#409=VECTOR('',#1524,0.393700787401575);
#410=VECTOR('',#1525,0.393700787401575);
#411=VECTOR('',#1526,0.393700787401575);
#412=VECTOR('',#1533,0.393700787401575);
#413=VECTOR('',#1536,0.393700787401575);
#414=VECTOR('',#1537,0.393700787401575);
#415=VECTOR('',#1538,0.393700787401575);
#416=VECTOR('',#1545,0.393700787401575);
#417=VECTOR('',#1548,0.393700787401575);
#418=VECTOR('',#1549,0.393700787401575);
#419=VECTOR('',#1550,0.393700787401575);
#420=VECTOR('',#1557,0.393700787401575);
#421=VECTOR('',#1560,0.393700787401575);
#422=VECTOR('',#1561,0.393700787401575);
#423=VECTOR('',#1562,0.393700787401575);
#424=VECTOR('',#1569,0.393700787401575);
#425=VECTOR('',#1572,0.393700787401575);
#426=VECTOR('',#1573,0.393700787401575);
#427=VERTEX_POINT('',#1580);
#428=VERTEX_POINT('',#1581);
#429=VERTEX_POINT('',#1583);
#430=VERTEX_POINT('',#1600);
#431=VERTEX_POINT('',#1625);
#432=VERTEX_POINT('',#1626);
#433=VERTEX_POINT('',#1676);
#434=VERTEX_POINT('',#1677);
#435=VERTEX_POINT('',#1724);
#436=VERTEX_POINT('',#1725);
#437=VERTEX_POINT('',#1775);
#438=VERTEX_POINT('',#1776);
#439=VERTEX_POINT('',#1826);
#440=VERTEX_POINT('',#1827);
#441=VERTEX_POINT('',#1877);
#442=VERTEX_POINT('',#1878);
#443=VERTEX_POINT('',#1928);
#444=VERTEX_POINT('',#1929);
#445=VERTEX_POINT('',#1976);
#446=VERTEX_POINT('',#1977);
#447=VERTEX_POINT('',#2027);
#448=VERTEX_POINT('',#2028);
#449=VERTEX_POINT('',#2030);
#450=VERTEX_POINT('',#2044);
#451=VERTEX_POINT('',#2069);
#452=VERTEX_POINT('',#2070);
#453=VERTEX_POINT('',#2072);
#454=VERTEX_POINT('',#2078);
#455=VERTEX_POINT('',#2088);
#456=VERTEX_POINT('',#2089);
#457=VERTEX_POINT('',#2112);
#458=VERTEX_POINT('',#2113);
#459=VERTEX_POINT('',#2137);
#460=VERTEX_POINT('',#2138);
#461=VERTEX_POINT('',#2162);
#462=VERTEX_POINT('',#2163);
#463=VERTEX_POINT('',#2186);
#464=VERTEX_POINT('',#2187);
#465=VERTEX_POINT('',#2212);
#466=VERTEX_POINT('',#2213);
#467=VERTEX_POINT('',#2236);
#468=VERTEX_POINT('',#2237);
#469=VERTEX_POINT('',#2261);
#470=VERTEX_POINT('',#2262);
#471=VERTEX_POINT('',#2286);
#472=VERTEX_POINT('',#2287);
#473=VERTEX_POINT('',#2310);
#474=VERTEX_POINT('',#2311);
#475=VERTEX_POINT('',#2313);
#476=VERTEX_POINT('',#2319);
#477=VERTEX_POINT('',#2328);
#478=VERTEX_POINT('',#2329);
#479=VERTEX_POINT('',#2331);
#480=VERTEX_POINT('',#2348);
#481=VERTEX_POINT('',#2373);
#482=VERTEX_POINT('',#2374);
#483=VERTEX_POINT('',#2424);
#484=VERTEX_POINT('',#2425);
#485=VERTEX_POINT('',#2472);
#486=VERTEX_POINT('',#2473);
#487=VERTEX_POINT('',#2523);
#488=VERTEX_POINT('',#2524);
#489=VERTEX_POINT('',#2574);
#490=VERTEX_POINT('',#2575);
#491=VERTEX_POINT('',#2625);
#492=VERTEX_POINT('',#2626);
#493=VERTEX_POINT('',#2676);
#494=VERTEX_POINT('',#2677);
#495=VERTEX_POINT('',#2724);
#496=VERTEX_POINT('',#2725);
#497=VERTEX_POINT('',#2775);
#498=VERTEX_POINT('',#2776);
#499=VERTEX_POINT('',#2778);
#500=VERTEX_POINT('',#2792);
#501=VERTEX_POINT('',#2817);
#502=VERTEX_POINT('',#2818);
#503=VERTEX_POINT('',#2820);
#504=VERTEX_POINT('',#2826);
#505=VERTEX_POINT('',#2836);
#506=VERTEX_POINT('',#2837);
#507=VERTEX_POINT('',#2860);
#508=VERTEX_POINT('',#2861);
#509=VERTEX_POINT('',#2885);
#510=VERTEX_POINT('',#2886);
#511=VERTEX_POINT('',#2910);
#512=VERTEX_POINT('',#2911);
#513=VERTEX_POINT('',#2934);
#514=VERTEX_POINT('',#2935);
#515=VERTEX_POINT('',#2960);
#516=VERTEX_POINT('',#2961);
#517=VERTEX_POINT('',#2984);
#518=VERTEX_POINT('',#2985);
#519=VERTEX_POINT('',#3009);
#520=VERTEX_POINT('',#3010);
#521=VERTEX_POINT('',#3034);
#522=VERTEX_POINT('',#3035);
#523=VERTEX_POINT('',#3058);
#524=VERTEX_POINT('',#3059);
#525=VERTEX_POINT('',#3061);
#526=VERTEX_POINT('',#3067);
#527=VERTEX_POINT('',#4666);
#528=VERTEX_POINT('',#4668);
#529=VERTEX_POINT('',#4672);
#530=VERTEX_POINT('',#4673);
#531=VERTEX_POINT('',#4675);
#532=VERTEX_POINT('',#4677);
#533=VERTEX_POINT('',#4681);
#534=VERTEX_POINT('',#4683);
#535=VERTEX_POINT('',#4687);
#536=VERTEX_POINT('',#4689);
#537=VERTEX_POINT('',#4693);
#538=VERTEX_POINT('',#4695);
#539=VERTEX_POINT('',#4699);
#540=VERTEX_POINT('',#4701);
#541=VERTEX_POINT('',#4705);
#542=VERTEX_POINT('',#4707);
#543=VERTEX_POINT('',#4711);
#544=VERTEX_POINT('',#4713);
#545=VERTEX_POINT('',#4717);
#546=VERTEX_POINT('',#4719);
#547=VERTEX_POINT('',#4723);
#548=VERTEX_POINT('',#4725);
#549=VERTEX_POINT('',#4729);
#550=VERTEX_POINT('',#4731);
#551=VERTEX_POINT('',#4735);
#552=VERTEX_POINT('',#4737);
#553=EDGE_CURVE('',#427,#428,#293,.T.);
#554=EDGE_CURVE('',#428,#429,#193,.T.);
#555=EDGE_CURVE('',#429,#430,#171,.F.);
#556=EDGE_CURVE('',#430,#427,#194,.T.);
#557=EDGE_CURVE('',#431,#432,#294,.T.);
#558=EDGE_CURVE('',#432,#428,#195,.T.);
#559=EDGE_CURVE('',#427,#431,#196,.T.);
#560=EDGE_CURVE('',#433,#434,#295,.T.);
#561=EDGE_CURVE('',#434,#432,#197,.T.);
#562=EDGE_CURVE('',#431,#433,#198,.T.);
#563=EDGE_CURVE('',#435,#436,#296,.T.);
#564=EDGE_CURVE('',#436,#434,#199,.T.);
#565=EDGE_CURVE('',#433,#435,#200,.T.);
#566=EDGE_CURVE('',#437,#438,#297,.T.);
#567=EDGE_CURVE('',#438,#436,#201,.T.);
#568=EDGE_CURVE('',#435,#437,#202,.T.);
#569=EDGE_CURVE('',#439,#440,#298,.T.);
#570=EDGE_CURVE('',#440,#438,#203,.T.);
#571=EDGE_CURVE('',#437,#439,#204,.T.);
#572=EDGE_CURVE('',#441,#442,#299,.T.);
#573=EDGE_CURVE('',#442,#440,#205,.T.);
#574=EDGE_CURVE('',#439,#441,#206,.T.);
#575=EDGE_CURVE('',#443,#444,#300,.T.);
#576=EDGE_CURVE('',#444,#442,#207,.T.);
#577=EDGE_CURVE('',#441,#443,#208,.T.);
#578=EDGE_CURVE('',#445,#446,#301,.T.);
#579=EDGE_CURVE('',#446,#444,#209,.T.);
#580=EDGE_CURVE('',#443,#445,#210,.T.);
#581=EDGE_CURVE('',#447,#448,#302,.T.);
#582=EDGE_CURVE('',#447,#449,#211,.T.);
#583=EDGE_CURVE('',#450,#449,#172,.T.);
#584=EDGE_CURVE('',#450,#448,#212,.T.);
#585=EDGE_CURVE('',#451,#452,#303,.T.);
#586=EDGE_CURVE('',#452,#453,#213,.T.);
#587=EDGE_CURVE('',#454,#453,#173,.T.);
#588=EDGE_CURVE('',#451,#454,#214,.T.);
#589=EDGE_CURVE('',#455,#456,#304,.T.);
#590=EDGE_CURVE('',#456,#452,#215,.T.);
#591=EDGE_CURVE('',#455,#451,#216,.T.);
#592=EDGE_CURVE('',#457,#458,#305,.T.);
#593=EDGE_CURVE('',#458,#456,#217,.T.);
#594=EDGE_CURVE('',#457,#455,#218,.T.);
#595=EDGE_CURVE('',#459,#460,#306,.T.);
#596=EDGE_CURVE('',#460,#458,#219,.T.);
#597=EDGE_CURVE('',#459,#457,#220,.T.);
#598=EDGE_CURVE('',#461,#462,#307,.T.);
#599=EDGE_CURVE('',#462,#460,#221,.T.);
#600=EDGE_CURVE('',#461,#459,#222,.T.);
#601=EDGE_CURVE('',#463,#464,#308,.T.);
#602=EDGE_CURVE('',#464,#462,#223,.T.);
#603=EDGE_CURVE('',#463,#461,#224,.T.);
#604=EDGE_CURVE('',#465,#466,#309,.T.);
#605=EDGE_CURVE('',#466,#464,#225,.T.);
#606=EDGE_CURVE('',#465,#463,#226,.T.);
#607=EDGE_CURVE('',#467,#468,#310,.T.);
#608=EDGE_CURVE('',#468,#466,#227,.T.);
#609=EDGE_CURVE('',#467,#465,#228,.T.);
#610=EDGE_CURVE('',#469,#470,#311,.T.);
#611=EDGE_CURVE('',#470,#468,#229,.T.);
#612=EDGE_CURVE('',#469,#467,#230,.T.);
#613=EDGE_CURVE('',#471,#472,#312,.T.);
#614=EDGE_CURVE('',#472,#470,#231,.T.);
#615=EDGE_CURVE('',#471,#469,#232,.T.);
#616=EDGE_CURVE('',#473,#474,#313,.T.);
#617=EDGE_CURVE('',#475,#473,#233,.T.);
#618=EDGE_CURVE('',#476,#475,#174,.T.);
#619=EDGE_CURVE('',#476,#474,#234,.T.);
#620=EDGE_CURVE('',#477,#478,#314,.T.);
#621=EDGE_CURVE('',#478,#479,#235,.T.);
#622=EDGE_CURVE('',#479,#480,#175,.F.);
#623=EDGE_CURVE('',#480,#477,#236,.T.);
#624=EDGE_CURVE('',#481,#482,#315,.T.);
#625=EDGE_CURVE('',#482,#478,#237,.T.);
#626=EDGE_CURVE('',#477,#481,#238,.T.);
#627=EDGE_CURVE('',#483,#484,#316,.T.);
#628=EDGE_CURVE('',#484,#482,#239,.T.);
#629=EDGE_CURVE('',#481,#483,#240,.T.);
#630=EDGE_CURVE('',#485,#486,#317,.T.);
#631=EDGE_CURVE('',#486,#484,#241,.T.);
#632=EDGE_CURVE('',#483,#485,#242,.T.);
#633=EDGE_CURVE('',#487,#488,#318,.T.);
#634=EDGE_CURVE('',#488,#486,#243,.T.);
#635=EDGE_CURVE('',#485,#487,#244,.T.);
#636=EDGE_CURVE('',#489,#490,#319,.T.);
#637=EDGE_CURVE('',#490,#488,#245,.T.);
#638=EDGE_CURVE('',#487,#489,#246,.T.);
#639=EDGE_CURVE('',#491,#492,#320,.T.);
#640=EDGE_CURVE('',#492,#490,#247,.T.);
#641=EDGE_CURVE('',#489,#491,#248,.T.);
#642=EDGE_CURVE('',#493,#494,#321,.T.);
#643=EDGE_CURVE('',#494,#492,#249,.T.);
#644=EDGE_CURVE('',#491,#493,#250,.T.);
#645=EDGE_CURVE('',#495,#496,#322,.T.);
#646=EDGE_CURVE('',#496,#494,#251,.T.);
#647=EDGE_CURVE('',#493,#495,#252,.T.);
#648=EDGE_CURVE('',#497,#498,#323,.T.);
#649=EDGE_CURVE('',#497,#499,#253,.T.);
#650=EDGE_CURVE('',#500,#499,#176,.T.);
#651=EDGE_CURVE('',#500,#498,#254,.T.);
#652=EDGE_CURVE('',#501,#502,#324,.T.);
#653=EDGE_CURVE('',#502,#503,#255,.T.);
#654=EDGE_CURVE('',#504,#503,#177,.T.);
#655=EDGE_CURVE('',#501,#504,#256,.T.);
#656=EDGE_CURVE('',#505,#506,#325,.T.);
#657=EDGE_CURVE('',#506,#502,#257,.T.);
#658=EDGE_CURVE('',#505,#501,#258,.T.);
#659=EDGE_CURVE('',#507,#508,#326,.T.);
#660=EDGE_CURVE('',#508,#506,#259,.T.);
#661=EDGE_CURVE('',#507,#505,#260,.T.);
#662=EDGE_CURVE('',#509,#510,#327,.T.);
#663=EDGE_CURVE('',#510,#508,#261,.T.);
#664=EDGE_CURVE('',#509,#507,#262,.T.);
#665=EDGE_CURVE('',#511,#512,#328,.T.);
#666=EDGE_CURVE('',#512,#510,#263,.T.);
#667=EDGE_CURVE('',#511,#509,#264,.T.);
#668=EDGE_CURVE('',#513,#514,#329,.T.);
#669=EDGE_CURVE('',#514,#512,#265,.T.);
#670=EDGE_CURVE('',#513,#511,#266,.T.);
#671=EDGE_CURVE('',#515,#516,#330,.T.);
#672=EDGE_CURVE('',#516,#514,#267,.T.);
#673=EDGE_CURVE('',#515,#513,#268,.T.);
#674=EDGE_CURVE('',#517,#518,#331,.T.);
#675=EDGE_CURVE('',#518,#516,#269,.T.);
#676=EDGE_CURVE('',#517,#515,#270,.T.);
#677=EDGE_CURVE('',#519,#520,#332,.T.);
#678=EDGE_CURVE('',#520,#518,#271,.T.);
#679=EDGE_CURVE('',#519,#517,#272,.T.);
#680=EDGE_CURVE('',#521,#522,#333,.T.);
#681=EDGE_CURVE('',#522,#520,#273,.T.);
#682=EDGE_CURVE('',#521,#519,#274,.T.);
#683=EDGE_CURVE('',#523,#524,#334,.T.);
#684=EDGE_CURVE('',#525,#523,#275,.T.);
#685=EDGE_CURVE('',#526,#525,#178,.T.);
#686=EDGE_CURVE('',#526,#524,#276,.T.);
#687=EDGE_CURVE('',#524,#522,#277,.T.);
#688=EDGE_CURVE('',#523,#521,#278,.T.);
#689=EDGE_CURVE('',#503,#480,#279,.T.);
#690=EDGE_CURVE('',#499,#526,#280,.T.);
#691=EDGE_CURVE('',#495,#497,#281,.T.);
#692=EDGE_CURVE('',#479,#504,#282,.T.);
#693=EDGE_CURVE('',#498,#496,#283,.T.);
#694=EDGE_CURVE('',#525,#500,#284,.T.);
#695=EDGE_CURVE('',#474,#472,#285,.T.);
#696=EDGE_CURVE('',#473,#471,#286,.T.);
#697=EDGE_CURVE('',#453,#430,#287,.T.);
#698=EDGE_CURVE('',#449,#476,#288,.T.);
#699=EDGE_CURVE('',#445,#447,#289,.T.);
#700=EDGE_CURVE('',#429,#454,#290,.T.);
#701=EDGE_CURVE('',#448,#446,#291,.T.);
#702=EDGE_CURVE('',#475,#450,#292,.T.);
#703=EDGE_CURVE('',#527,#527,#179,.T.);
#704=EDGE_CURVE('',#527,#528,#335,.T.);
#705=EDGE_CURVE('',#528,#528,#180,.T.);
#706=EDGE_CURVE('',#529,#530,#181,.T.);
#707=EDGE_CURVE('',#529,#531,#336,.T.);
#708=EDGE_CURVE('',#532,#531,#182,.T.);
#709=EDGE_CURVE('',#530,#532,#337,.T.);
#710=EDGE_CURVE('',#530,#533,#338,.T.);
#711=EDGE_CURVE('',#534,#532,#339,.T.);
#712=EDGE_CURVE('',#533,#534,#340,.T.);
#713=EDGE_CURVE('',#533,#535,#183,.T.);
#714=EDGE_CURVE('',#536,#534,#184,.T.);
#715=EDGE_CURVE('',#535,#536,#341,.T.);
#716=EDGE_CURVE('',#535,#537,#342,.T.);
#717=EDGE_CURVE('',#538,#536,#343,.T.);
#718=EDGE_CURVE('',#537,#538,#344,.T.);
#719=EDGE_CURVE('',#537,#539,#185,.T.);
#720=EDGE_CURVE('',#540,#538,#186,.T.);
#721=EDGE_CURVE('',#539,#540,#345,.T.);
#722=EDGE_CURVE('',#541,#539,#346,.T.);
#723=EDGE_CURVE('',#542,#540,#347,.T.);
#724=EDGE_CURVE('',#541,#542,#348,.T.);
#725=EDGE_CURVE('',#543,#541,#187,.T.);
#726=EDGE_CURVE('',#544,#542,#188,.T.);
#727=EDGE_CURVE('',#543,#544,#349,.T.);
#728=EDGE_CURVE('',#545,#543,#350,.T.);
#729=EDGE_CURVE('',#546,#544,#351,.T.);
#730=EDGE_CURVE('',#545,#546,#352,.T.);
#731=EDGE_CURVE('',#545,#547,#189,.T.);
#732=EDGE_CURVE('',#548,#546,#190,.T.);
#733=EDGE_CURVE('',#547,#548,#353,.T.);
#734=EDGE_CURVE('',#547,#549,#354,.T.);
#735=EDGE_CURVE('',#550,#548,#355,.T.);
#736=EDGE_CURVE('',#549,#550,#356,.T.);
#737=EDGE_CURVE('',#549,#551,#191,.T.);
#738=EDGE_CURVE('',#552,#550,#192,.T.);
#739=EDGE_CURVE('',#551,#552,#357,.T.);
#740=EDGE_CURVE('',#551,#529,#358,.T.);
#741=EDGE_CURVE('',#531,#552,#359,.T.);
#742=ORIENTED_EDGE('',*,*,#553,.T.);
#743=ORIENTED_EDGE('',*,*,#554,.T.);
#744=ORIENTED_EDGE('',*,*,#555,.T.);
#745=ORIENTED_EDGE('',*,*,#556,.T.);
#746=ORIENTED_EDGE('',*,*,#557,.T.);
#747=ORIENTED_EDGE('',*,*,#558,.T.);
#748=ORIENTED_EDGE('',*,*,#553,.F.);
#749=ORIENTED_EDGE('',*,*,#559,.T.);
#750=ORIENTED_EDGE('',*,*,#560,.T.);
#751=ORIENTED_EDGE('',*,*,#561,.T.);
#752=ORIENTED_EDGE('',*,*,#557,.F.);
#753=ORIENTED_EDGE('',*,*,#562,.T.);
#754=ORIENTED_EDGE('',*,*,#563,.T.);
#755=ORIENTED_EDGE('',*,*,#564,.T.);
#756=ORIENTED_EDGE('',*,*,#560,.F.);
#757=ORIENTED_EDGE('',*,*,#565,.T.);
#758=ORIENTED_EDGE('',*,*,#566,.T.);
#759=ORIENTED_EDGE('',*,*,#567,.T.);
#760=ORIENTED_EDGE('',*,*,#563,.F.);
#761=ORIENTED_EDGE('',*,*,#568,.T.);
#762=ORIENTED_EDGE('',*,*,#569,.T.);
#763=ORIENTED_EDGE('',*,*,#570,.T.);
#764=ORIENTED_EDGE('',*,*,#566,.F.);
#765=ORIENTED_EDGE('',*,*,#571,.T.);
#766=ORIENTED_EDGE('',*,*,#572,.T.);
#767=ORIENTED_EDGE('',*,*,#573,.T.);
#768=ORIENTED_EDGE('',*,*,#569,.F.);
#769=ORIENTED_EDGE('',*,*,#574,.T.);
#770=ORIENTED_EDGE('',*,*,#575,.T.);
#771=ORIENTED_EDGE('',*,*,#576,.T.);
#772=ORIENTED_EDGE('',*,*,#572,.F.);
#773=ORIENTED_EDGE('',*,*,#577,.T.);
#774=ORIENTED_EDGE('',*,*,#578,.T.);
#775=ORIENTED_EDGE('',*,*,#579,.T.);
#776=ORIENTED_EDGE('',*,*,#575,.F.);
#777=ORIENTED_EDGE('',*,*,#580,.T.);
#778=ORIENTED_EDGE('',*,*,#581,.F.);
#779=ORIENTED_EDGE('',*,*,#582,.T.);
#780=ORIENTED_EDGE('',*,*,#583,.F.);
#781=ORIENTED_EDGE('',*,*,#584,.T.);
#782=ORIENTED_EDGE('',*,*,#585,.T.);
#783=ORIENTED_EDGE('',*,*,#586,.T.);
#784=ORIENTED_EDGE('',*,*,#587,.F.);
#785=ORIENTED_EDGE('',*,*,#588,.F.);
#786=ORIENTED_EDGE('',*,*,#589,.T.);
#787=ORIENTED_EDGE('',*,*,#590,.T.);
#788=ORIENTED_EDGE('',*,*,#585,.F.);
#789=ORIENTED_EDGE('',*,*,#591,.F.);
#790=ORIENTED_EDGE('',*,*,#592,.T.);
#791=ORIENTED_EDGE('',*,*,#593,.T.);
#792=ORIENTED_EDGE('',*,*,#589,.F.);
#793=ORIENTED_EDGE('',*,*,#594,.F.);
#794=ORIENTED_EDGE('',*,*,#595,.T.);
#795=ORIENTED_EDGE('',*,*,#596,.T.);
#796=ORIENTED_EDGE('',*,*,#592,.F.);
#797=ORIENTED_EDGE('',*,*,#597,.F.);
#798=ORIENTED_EDGE('',*,*,#598,.T.);
#799=ORIENTED_EDGE('',*,*,#599,.T.);
#800=ORIENTED_EDGE('',*,*,#595,.F.);
#801=ORIENTED_EDGE('',*,*,#600,.F.);
#802=ORIENTED_EDGE('',*,*,#601,.T.);
#803=ORIENTED_EDGE('',*,*,#602,.T.);
#804=ORIENTED_EDGE('',*,*,#598,.F.);
#805=ORIENTED_EDGE('',*,*,#603,.F.);
#806=ORIENTED_EDGE('',*,*,#604,.T.);
#807=ORIENTED_EDGE('',*,*,#605,.T.);
#808=ORIENTED_EDGE('',*,*,#601,.F.);
#809=ORIENTED_EDGE('',*,*,#606,.F.);
#810=ORIENTED_EDGE('',*,*,#607,.T.);
#811=ORIENTED_EDGE('',*,*,#608,.T.);
#812=ORIENTED_EDGE('',*,*,#604,.F.);
#813=ORIENTED_EDGE('',*,*,#609,.F.);
#814=ORIENTED_EDGE('',*,*,#610,.T.);
#815=ORIENTED_EDGE('',*,*,#611,.T.);
#816=ORIENTED_EDGE('',*,*,#607,.F.);
#817=ORIENTED_EDGE('',*,*,#612,.F.);
#818=ORIENTED_EDGE('',*,*,#613,.T.);
#819=ORIENTED_EDGE('',*,*,#614,.T.);
#820=ORIENTED_EDGE('',*,*,#610,.F.);
#821=ORIENTED_EDGE('',*,*,#615,.F.);
#822=ORIENTED_EDGE('',*,*,#616,.F.);
#823=ORIENTED_EDGE('',*,*,#617,.F.);
#824=ORIENTED_EDGE('',*,*,#618,.F.);
#825=ORIENTED_EDGE('',*,*,#619,.T.);
#826=ORIENTED_EDGE('',*,*,#620,.T.);
#827=ORIENTED_EDGE('',*,*,#621,.T.);
#828=ORIENTED_EDGE('',*,*,#622,.T.);
#829=ORIENTED_EDGE('',*,*,#623,.T.);
#830=ORIENTED_EDGE('',*,*,#624,.T.);
#831=ORIENTED_EDGE('',*,*,#625,.T.);
#832=ORIENTED_EDGE('',*,*,#620,.F.);
#833=ORIENTED_EDGE('',*,*,#626,.T.);
#834=ORIENTED_EDGE('',*,*,#627,.T.);
#835=ORIENTED_EDGE('',*,*,#628,.T.);
#836=ORIENTED_EDGE('',*,*,#624,.F.);
#837=ORIENTED_EDGE('',*,*,#629,.T.);
#838=ORIENTED_EDGE('',*,*,#630,.T.);
#839=ORIENTED_EDGE('',*,*,#631,.T.);
#840=ORIENTED_EDGE('',*,*,#627,.F.);
#841=ORIENTED_EDGE('',*,*,#632,.T.);
#842=ORIENTED_EDGE('',*,*,#633,.T.);
#843=ORIENTED_EDGE('',*,*,#634,.T.);
#844=ORIENTED_EDGE('',*,*,#630,.F.);
#845=ORIENTED_EDGE('',*,*,#635,.T.);
#846=ORIENTED_EDGE('',*,*,#636,.T.);
#847=ORIENTED_EDGE('',*,*,#637,.T.);
#848=ORIENTED_EDGE('',*,*,#633,.F.);
#849=ORIENTED_EDGE('',*,*,#638,.T.);
#850=ORIENTED_EDGE('',*,*,#639,.T.);
#851=ORIENTED_EDGE('',*,*,#640,.T.);
#852=ORIENTED_EDGE('',*,*,#636,.F.);
#853=ORIENTED_EDGE('',*,*,#641,.T.);
#854=ORIENTED_EDGE('',*,*,#642,.T.);
#855=ORIENTED_EDGE('',*,*,#643,.T.);
#856=ORIENTED_EDGE('',*,*,#639,.F.);
#857=ORIENTED_EDGE('',*,*,#644,.T.);
#858=ORIENTED_EDGE('',*,*,#645,.T.);
#859=ORIENTED_EDGE('',*,*,#646,.T.);
#860=ORIENTED_EDGE('',*,*,#642,.F.);
#861=ORIENTED_EDGE('',*,*,#647,.T.);
#862=ORIENTED_EDGE('',*,*,#648,.F.);
#863=ORIENTED_EDGE('',*,*,#649,.T.);
#864=ORIENTED_EDGE('',*,*,#650,.F.);
#865=ORIENTED_EDGE('',*,*,#651,.T.);
#866=ORIENTED_EDGE('',*,*,#652,.T.);
#867=ORIENTED_EDGE('',*,*,#653,.T.);
#868=ORIENTED_EDGE('',*,*,#654,.F.);
#869=ORIENTED_EDGE('',*,*,#655,.F.);
#870=ORIENTED_EDGE('',*,*,#656,.T.);
#871=ORIENTED_EDGE('',*,*,#657,.T.);
#872=ORIENTED_EDGE('',*,*,#652,.F.);
#873=ORIENTED_EDGE('',*,*,#658,.F.);
#874=ORIENTED_EDGE('',*,*,#659,.T.);
#875=ORIENTED_EDGE('',*,*,#660,.T.);
#876=ORIENTED_EDGE('',*,*,#656,.F.);
#877=ORIENTED_EDGE('',*,*,#661,.F.);
#878=ORIENTED_EDGE('',*,*,#662,.T.);
#879=ORIENTED_EDGE('',*,*,#663,.T.);
#880=ORIENTED_EDGE('',*,*,#659,.F.);
#881=ORIENTED_EDGE('',*,*,#664,.F.);
#882=ORIENTED_EDGE('',*,*,#665,.T.);
#883=ORIENTED_EDGE('',*,*,#666,.T.);
#884=ORIENTED_EDGE('',*,*,#662,.F.);
#885=ORIENTED_EDGE('',*,*,#667,.F.);
#886=ORIENTED_EDGE('',*,*,#668,.T.);
#887=ORIENTED_EDGE('',*,*,#669,.T.);
#888=ORIENTED_EDGE('',*,*,#665,.F.);
#889=ORIENTED_EDGE('',*,*,#670,.F.);
#890=ORIENTED_EDGE('',*,*,#671,.T.);
#891=ORIENTED_EDGE('',*,*,#672,.T.);
#892=ORIENTED_EDGE('',*,*,#668,.F.);
#893=ORIENTED_EDGE('',*,*,#673,.F.);
#894=ORIENTED_EDGE('',*,*,#674,.T.);
#895=ORIENTED_EDGE('',*,*,#675,.T.);
#896=ORIENTED_EDGE('',*,*,#671,.F.);
#897=ORIENTED_EDGE('',*,*,#676,.F.);
#898=ORIENTED_EDGE('',*,*,#677,.T.);
#899=ORIENTED_EDGE('',*,*,#678,.T.);
#900=ORIENTED_EDGE('',*,*,#674,.F.);
#901=ORIENTED_EDGE('',*,*,#679,.F.);
#902=ORIENTED_EDGE('',*,*,#680,.T.);
#903=ORIENTED_EDGE('',*,*,#681,.T.);
#904=ORIENTED_EDGE('',*,*,#677,.F.);
#905=ORIENTED_EDGE('',*,*,#682,.F.);
#906=ORIENTED_EDGE('',*,*,#683,.F.);
#907=ORIENTED_EDGE('',*,*,#684,.F.);
#908=ORIENTED_EDGE('',*,*,#685,.F.);
#909=ORIENTED_EDGE('',*,*,#686,.T.);
#910=ORIENTED_EDGE('',*,*,#683,.T.);
#911=ORIENTED_EDGE('',*,*,#687,.T.);
#912=ORIENTED_EDGE('',*,*,#680,.F.);
#913=ORIENTED_EDGE('',*,*,#688,.F.);
#914=ORIENTED_EDGE('',*,*,#689,.F.);
#915=ORIENTED_EDGE('',*,*,#653,.F.);
#916=ORIENTED_EDGE('',*,*,#657,.F.);
#917=ORIENTED_EDGE('',*,*,#660,.F.);
#918=ORIENTED_EDGE('',*,*,#663,.F.);
#919=ORIENTED_EDGE('',*,*,#666,.F.);
#920=ORIENTED_EDGE('',*,*,#669,.F.);
#921=ORIENTED_EDGE('',*,*,#672,.F.);
#922=ORIENTED_EDGE('',*,*,#675,.F.);
#923=ORIENTED_EDGE('',*,*,#678,.F.);
#924=ORIENTED_EDGE('',*,*,#681,.F.);
#925=ORIENTED_EDGE('',*,*,#687,.F.);
#926=ORIENTED_EDGE('',*,*,#686,.F.);
#927=ORIENTED_EDGE('',*,*,#690,.F.);
#928=ORIENTED_EDGE('',*,*,#649,.F.);
#929=ORIENTED_EDGE('',*,*,#691,.F.);
#930=ORIENTED_EDGE('',*,*,#647,.F.);
#931=ORIENTED_EDGE('',*,*,#644,.F.);
#932=ORIENTED_EDGE('',*,*,#641,.F.);
#933=ORIENTED_EDGE('',*,*,#638,.F.);
#934=ORIENTED_EDGE('',*,*,#635,.F.);
#935=ORIENTED_EDGE('',*,*,#632,.F.);
#936=ORIENTED_EDGE('',*,*,#629,.F.);
#937=ORIENTED_EDGE('',*,*,#626,.F.);
#938=ORIENTED_EDGE('',*,*,#623,.F.);
#939=ORIENTED_EDGE('',*,*,#692,.F.);
#940=ORIENTED_EDGE('',*,*,#621,.F.);
#941=ORIENTED_EDGE('',*,*,#625,.F.);
#942=ORIENTED_EDGE('',*,*,#628,.F.);
#943=ORIENTED_EDGE('',*,*,#631,.F.);
#944=ORIENTED_EDGE('',*,*,#634,.F.);
#945=ORIENTED_EDGE('',*,*,#637,.F.);
#946=ORIENTED_EDGE('',*,*,#640,.F.);
#947=ORIENTED_EDGE('',*,*,#643,.F.);
#948=ORIENTED_EDGE('',*,*,#646,.F.);
#949=ORIENTED_EDGE('',*,*,#693,.F.);
#950=ORIENTED_EDGE('',*,*,#651,.F.);
#951=ORIENTED_EDGE('',*,*,#694,.F.);
#952=ORIENTED_EDGE('',*,*,#684,.T.);
#953=ORIENTED_EDGE('',*,*,#688,.T.);
#954=ORIENTED_EDGE('',*,*,#682,.T.);
#955=ORIENTED_EDGE('',*,*,#679,.T.);
#956=ORIENTED_EDGE('',*,*,#676,.T.);
#957=ORIENTED_EDGE('',*,*,#673,.T.);
#958=ORIENTED_EDGE('',*,*,#670,.T.);
#959=ORIENTED_EDGE('',*,*,#667,.T.);
#960=ORIENTED_EDGE('',*,*,#664,.T.);
#961=ORIENTED_EDGE('',*,*,#661,.T.);
#962=ORIENTED_EDGE('',*,*,#658,.T.);
#963=ORIENTED_EDGE('',*,*,#655,.T.);
#964=ORIENTED_EDGE('',*,*,#648,.T.);
#965=ORIENTED_EDGE('',*,*,#693,.T.);
#966=ORIENTED_EDGE('',*,*,#645,.F.);
#967=ORIENTED_EDGE('',*,*,#691,.T.);
#968=ORIENTED_EDGE('',*,*,#692,.T.);
#969=ORIENTED_EDGE('',*,*,#654,.T.);
#970=ORIENTED_EDGE('',*,*,#689,.T.);
#971=ORIENTED_EDGE('',*,*,#622,.F.);
#972=ORIENTED_EDGE('',*,*,#616,.T.);
#973=ORIENTED_EDGE('',*,*,#695,.T.);
#974=ORIENTED_EDGE('',*,*,#613,.F.);
#975=ORIENTED_EDGE('',*,*,#696,.F.);
#976=ORIENTED_EDGE('',*,*,#697,.F.);
#977=ORIENTED_EDGE('',*,*,#586,.F.);
#978=ORIENTED_EDGE('',*,*,#590,.F.);
#979=ORIENTED_EDGE('',*,*,#593,.F.);
#980=ORIENTED_EDGE('',*,*,#596,.F.);
#981=ORIENTED_EDGE('',*,*,#599,.F.);
#982=ORIENTED_EDGE('',*,*,#602,.F.);
#983=ORIENTED_EDGE('',*,*,#605,.F.);
#984=ORIENTED_EDGE('',*,*,#608,.F.);
#985=ORIENTED_EDGE('',*,*,#611,.F.);
#986=ORIENTED_EDGE('',*,*,#614,.F.);
#987=ORIENTED_EDGE('',*,*,#695,.F.);
#988=ORIENTED_EDGE('',*,*,#619,.F.);
#989=ORIENTED_EDGE('',*,*,#698,.F.);
#990=ORIENTED_EDGE('',*,*,#582,.F.);
#991=ORIENTED_EDGE('',*,*,#699,.F.);
#992=ORIENTED_EDGE('',*,*,#580,.F.);
#993=ORIENTED_EDGE('',*,*,#577,.F.);
#994=ORIENTED_EDGE('',*,*,#574,.F.);
#995=ORIENTED_EDGE('',*,*,#571,.F.);
#996=ORIENTED_EDGE('',*,*,#568,.F.);
#997=ORIENTED_EDGE('',*,*,#565,.F.);
#998=ORIENTED_EDGE('',*,*,#562,.F.);
#999=ORIENTED_EDGE('',*,*,#559,.F.);
#1000=ORIENTED_EDGE('',*,*,#556,.F.);
#1001=ORIENTED_EDGE('',*,*,#700,.F.);
#1002=ORIENTED_EDGE('',*,*,#554,.F.);
#1003=ORIENTED_EDGE('',*,*,#558,.F.);
#1004=ORIENTED_EDGE('',*,*,#561,.F.);
#1005=ORIENTED_EDGE('',*,*,#564,.F.);
#1006=ORIENTED_EDGE('',*,*,#567,.F.);
#1007=ORIENTED_EDGE('',*,*,#570,.F.);
#1008=ORIENTED_EDGE('',*,*,#573,.F.);
#1009=ORIENTED_EDGE('',*,*,#576,.F.);
#1010=ORIENTED_EDGE('',*,*,#579,.F.);
#1011=ORIENTED_EDGE('',*,*,#701,.F.);
#1012=ORIENTED_EDGE('',*,*,#584,.F.);
#1013=ORIENTED_EDGE('',*,*,#702,.F.);
#1014=ORIENTED_EDGE('',*,*,#617,.T.);
#1015=ORIENTED_EDGE('',*,*,#696,.T.);
#1016=ORIENTED_EDGE('',*,*,#615,.T.);
#1017=ORIENTED_EDGE('',*,*,#612,.T.);
#1018=ORIENTED_EDGE('',*,*,#609,.T.);
#1019=ORIENTED_EDGE('',*,*,#606,.T.);
#1020=ORIENTED_EDGE('',*,*,#603,.T.);
#1021=ORIENTED_EDGE('',*,*,#600,.T.);
#1022=ORIENTED_EDGE('',*,*,#597,.T.);
#1023=ORIENTED_EDGE('',*,*,#594,.T.);
#1024=ORIENTED_EDGE('',*,*,#591,.T.);
#1025=ORIENTED_EDGE('',*,*,#588,.T.);
#1026=ORIENTED_EDGE('',*,*,#581,.T.);
#1027=ORIENTED_EDGE('',*,*,#701,.T.);
#1028=ORIENTED_EDGE('',*,*,#578,.F.);
#1029=ORIENTED_EDGE('',*,*,#699,.T.);
#1030=ORIENTED_EDGE('',*,*,#700,.T.);
#1031=ORIENTED_EDGE('',*,*,#587,.T.);
#1032=ORIENTED_EDGE('',*,*,#697,.T.);
#1033=ORIENTED_EDGE('',*,*,#555,.F.);
#1034=ORIENTED_EDGE('',*,*,#703,.F.);
#1035=ORIENTED_EDGE('',*,*,#704,.T.);
#1036=ORIENTED_EDGE('',*,*,#705,.F.);
#1037=ORIENTED_EDGE('',*,*,#704,.F.);
#1038=ORIENTED_EDGE('',*,*,#706,.F.);
#1039=ORIENTED_EDGE('',*,*,#707,.T.);
#1040=ORIENTED_EDGE('',*,*,#708,.F.);
#1041=ORIENTED_EDGE('',*,*,#709,.F.);
#1042=ORIENTED_EDGE('',*,*,#710,.F.);
#1043=ORIENTED_EDGE('',*,*,#709,.T.);
#1044=ORIENTED_EDGE('',*,*,#711,.F.);
#1045=ORIENTED_EDGE('',*,*,#712,.F.);
#1046=ORIENTED_EDGE('',*,*,#713,.F.);
#1047=ORIENTED_EDGE('',*,*,#712,.T.);
#1048=ORIENTED_EDGE('',*,*,#714,.F.);
#1049=ORIENTED_EDGE('',*,*,#715,.F.);
#1050=ORIENTED_EDGE('',*,*,#716,.F.);
#1051=ORIENTED_EDGE('',*,*,#715,.T.);
#1052=ORIENTED_EDGE('',*,*,#717,.F.);
#1053=ORIENTED_EDGE('',*,*,#718,.F.);
#1054=ORIENTED_EDGE('',*,*,#719,.F.);
#1055=ORIENTED_EDGE('',*,*,#718,.T.);
#1056=ORIENTED_EDGE('',*,*,#720,.F.);
#1057=ORIENTED_EDGE('',*,*,#721,.F.);
#1058=ORIENTED_EDGE('',*,*,#722,.T.);
#1059=ORIENTED_EDGE('',*,*,#721,.T.);
#1060=ORIENTED_EDGE('',*,*,#723,.F.);
#1061=ORIENTED_EDGE('',*,*,#724,.F.);
#1062=ORIENTED_EDGE('',*,*,#725,.T.);
#1063=ORIENTED_EDGE('',*,*,#724,.T.);
#1064=ORIENTED_EDGE('',*,*,#726,.F.);
#1065=ORIENTED_EDGE('',*,*,#727,.F.);
#1066=ORIENTED_EDGE('',*,*,#728,.T.);
#1067=ORIENTED_EDGE('',*,*,#727,.T.);
#1068=ORIENTED_EDGE('',*,*,#729,.F.);
#1069=ORIENTED_EDGE('',*,*,#730,.F.);
#1070=ORIENTED_EDGE('',*,*,#731,.F.);
#1071=ORIENTED_EDGE('',*,*,#730,.T.);
#1072=ORIENTED_EDGE('',*,*,#732,.F.);
#1073=ORIENTED_EDGE('',*,*,#733,.F.);
#1074=ORIENTED_EDGE('',*,*,#734,.F.);
#1075=ORIENTED_EDGE('',*,*,#733,.T.);
#1076=ORIENTED_EDGE('',*,*,#735,.F.);
#1077=ORIENTED_EDGE('',*,*,#736,.F.);
#1078=ORIENTED_EDGE('',*,*,#737,.F.);
#1079=ORIENTED_EDGE('',*,*,#736,.T.);
#1080=ORIENTED_EDGE('',*,*,#738,.F.);
#1081=ORIENTED_EDGE('',*,*,#739,.F.);
#1082=ORIENTED_EDGE('',*,*,#740,.F.);
#1083=ORIENTED_EDGE('',*,*,#739,.T.);
#1084=ORIENTED_EDGE('',*,*,#741,.F.);
#1085=ORIENTED_EDGE('',*,*,#707,.F.);
#1086=ORIENTED_EDGE('',*,*,#694,.T.);
#1087=ORIENTED_EDGE('',*,*,#650,.T.);
#1088=ORIENTED_EDGE('',*,*,#690,.T.);
#1089=ORIENTED_EDGE('',*,*,#685,.T.);
#1090=ORIENTED_EDGE('',*,*,#702,.T.);
#1091=ORIENTED_EDGE('',*,*,#583,.T.);
#1092=ORIENTED_EDGE('',*,*,#698,.T.);
#1093=ORIENTED_EDGE('',*,*,#618,.T.);
#1094=ORIENTED_EDGE('',*,*,#740,.T.);
#1095=ORIENTED_EDGE('',*,*,#706,.T.);
#1096=ORIENTED_EDGE('',*,*,#710,.T.);
#1097=ORIENTED_EDGE('',*,*,#713,.T.);
#1098=ORIENTED_EDGE('',*,*,#716,.T.);
#1099=ORIENTED_EDGE('',*,*,#719,.T.);
#1100=ORIENTED_EDGE('',*,*,#722,.F.);
#1101=ORIENTED_EDGE('',*,*,#725,.F.);
#1102=ORIENTED_EDGE('',*,*,#728,.F.);
#1103=ORIENTED_EDGE('',*,*,#731,.T.);
#1104=ORIENTED_EDGE('',*,*,#734,.T.);
#1105=ORIENTED_EDGE('',*,*,#737,.T.);
#1106=ORIENTED_EDGE('',*,*,#705,.T.);
#1107=ORIENTED_EDGE('',*,*,#741,.T.);
#1108=ORIENTED_EDGE('',*,*,#738,.T.);
#1109=ORIENTED_EDGE('',*,*,#735,.T.);
#1110=ORIENTED_EDGE('',*,*,#732,.T.);
#1111=ORIENTED_EDGE('',*,*,#729,.T.);
#1112=ORIENTED_EDGE('',*,*,#726,.T.);
#1113=ORIENTED_EDGE('',*,*,#723,.T.);
#1114=ORIENTED_EDGE('',*,*,#720,.T.);
#1115=ORIENTED_EDGE('',*,*,#717,.T.);
#1116=ORIENTED_EDGE('',*,*,#714,.T.);
#1117=ORIENTED_EDGE('',*,*,#711,.T.);
#1118=ORIENTED_EDGE('',*,*,#708,.T.);
#1119=ORIENTED_EDGE('',*,*,#703,.T.);
#1120=CYLINDRICAL_SURFACE('',#1254,0.06725);
#1121=CYLINDRICAL_SURFACE('',#1256,0.06725);
#1122=CYLINDRICAL_SURFACE('',#1257,0.06725);
#1123=CYLINDRICAL_SURFACE('',#1258,0.06725);
#1124=CYLINDRICAL_SURFACE('',#1259,0.06725);
#1125=CYLINDRICAL_SURFACE('',#1260,0.06725);
#1126=CYLINDRICAL_SURFACE('',#1261,0.06725);
#1127=CYLINDRICAL_SURFACE('',#1262,0.06725);
#1128=CYLINDRICAL_SURFACE('',#1263,0.06725);
#1129=CYLINDRICAL_SURFACE('',#1264,0.06725);
#1130=CYLINDRICAL_SURFACE('',#1266,0.082);
#1131=CYLINDRICAL_SURFACE('',#1268,0.082);
#1132=CYLINDRICAL_SURFACE('',#1269,0.082);
#1133=CYLINDRICAL_SURFACE('',#1270,0.082);
#1134=CYLINDRICAL_SURFACE('',#1271,0.082);
#1135=CYLINDRICAL_SURFACE('',#1272,0.082);
#1136=CYLINDRICAL_SURFACE('',#1273,0.082);
#1137=CYLINDRICAL_SURFACE('',#1274,0.082);
#1138=CYLINDRICAL_SURFACE('',#1275,0.082);
#1139=CYLINDRICAL_SURFACE('',#1276,0.082);
#1140=CYLINDRICAL_SURFACE('',#1277,0.082);
#1141=CYLINDRICAL_SURFACE('',#1279,0.06725);
#1142=CYLINDRICAL_SURFACE('',#1281,0.06725);
#1143=CYLINDRICAL_SURFACE('',#1282,0.06725);
#1144=CYLINDRICAL_SURFACE('',#1283,0.06725);
#1145=CYLINDRICAL_SURFACE('',#1284,0.06725);
#1146=CYLINDRICAL_SURFACE('',#1285,0.06725);
#1147=CYLINDRICAL_SURFACE('',#1286,0.06725);
#1148=CYLINDRICAL_SURFACE('',#1287,0.06725);
#1149=CYLINDRICAL_SURFACE('',#1288,0.06725);
#1150=CYLINDRICAL_SURFACE('',#1289,0.06725);
#1151=CYLINDRICAL_SURFACE('',#1291,0.082);
#1152=CYLINDRICAL_SURFACE('',#1293,0.082);
#1153=CYLINDRICAL_SURFACE('',#1294,0.082);
#1154=CYLINDRICAL_SURFACE('',#1295,0.082);
#1155=CYLINDRICAL_SURFACE('',#1296,0.082);
#1156=CYLINDRICAL_SURFACE('',#1297,0.082);
#1157=CYLINDRICAL_SURFACE('',#1298,0.082);
#1158=CYLINDRICAL_SURFACE('',#1299,0.082);
#1159=CYLINDRICAL_SURFACE('',#1300,0.082);
#1160=CYLINDRICAL_SURFACE('',#1301,0.082);
#1161=CYLINDRICAL_SURFACE('',#1302,0.082);
#1162=CYLINDRICAL_SURFACE('',#1304,0.082);
#1163=CYLINDRICAL_SURFACE('',#1305,0.06725);
#1164=CYLINDRICAL_SURFACE('',#1307,0.082);
#1165=CYLINDRICAL_SURFACE('',#1308,0.06725);
#1166=CYLINDRICAL_SURFACE('',#1310,0.1475);
#1167=CYLINDRICAL_SURFACE('',#1313,0.0325817958447617);
#1168=CYLINDRICAL_SURFACE('',#1317,0.0325817958447619);
#1169=CYLINDRICAL_SURFACE('',#1321,0.0330000000000001);
#1170=CYLINDRICAL_SURFACE('',#1325,0.033);
#1171=CYLINDRICAL_SURFACE('',#1329,0.033);
#1172=CYLINDRICAL_SURFACE('',#1333,0.0325817958447617);
#1173=ADVANCED_FACE('',(#33),#1120,.F.);
#1174=ADVANCED_FACE('',(#34),#1121,.F.);
#1175=ADVANCED_FACE('',(#35),#1122,.F.);
#1176=ADVANCED_FACE('',(#36),#1123,.F.);
#1177=ADVANCED_FACE('',(#37),#1124,.F.);
#1178=ADVANCED_FACE('',(#38),#1125,.F.);
#1179=ADVANCED_FACE('',(#39),#1126,.F.);
#1180=ADVANCED_FACE('',(#40),#1127,.F.);
#1181=ADVANCED_FACE('',(#41),#1128,.F.);
#1182=ADVANCED_FACE('',(#42),#1129,.F.);
#1183=ADVANCED_FACE('',(#43),#1130,.F.);
#1184=ADVANCED_FACE('',(#44),#1131,.F.);
#1185=ADVANCED_FACE('',(#45),#1132,.F.);
#1186=ADVANCED_FACE('',(#46),#1133,.F.);
#1187=ADVANCED_FACE('',(#47),#1134,.F.);
#1188=ADVANCED_FACE('',(#48),#1135,.F.);
#1189=ADVANCED_FACE('',(#49),#1136,.F.);
#1190=ADVANCED_FACE('',(#50),#1137,.F.);
#1191=ADVANCED_FACE('',(#51),#1138,.F.);
#1192=ADVANCED_FACE('',(#52),#1139,.F.);
#1193=ADVANCED_FACE('',(#53),#1140,.F.);
#1194=ADVANCED_FACE('',(#54),#1141,.F.);
#1195=ADVANCED_FACE('',(#55),#1142,.F.);
#1196=ADVANCED_FACE('',(#56),#1143,.F.);
#1197=ADVANCED_FACE('',(#57),#1144,.F.);
#1198=ADVANCED_FACE('',(#58),#1145,.F.);
#1199=ADVANCED_FACE('',(#59),#1146,.F.);
#1200=ADVANCED_FACE('',(#60),#1147,.F.);
#1201=ADVANCED_FACE('',(#61),#1148,.F.);
#1202=ADVANCED_FACE('',(#62),#1149,.F.);
#1203=ADVANCED_FACE('',(#63),#1150,.F.);
#1204=ADVANCED_FACE('',(#64),#1151,.F.);
#1205=ADVANCED_FACE('',(#65),#1152,.F.);
#1206=ADVANCED_FACE('',(#66),#1153,.F.);
#1207=ADVANCED_FACE('',(#67),#1154,.F.);
#1208=ADVANCED_FACE('',(#68),#1155,.F.);
#1209=ADVANCED_FACE('',(#69),#1156,.F.);
#1210=ADVANCED_FACE('',(#70),#1157,.F.);
#1211=ADVANCED_FACE('',(#71),#1158,.F.);
#1212=ADVANCED_FACE('',(#72),#1159,.F.);
#1213=ADVANCED_FACE('',(#73),#1160,.F.);
#1214=ADVANCED_FACE('',(#74),#1161,.F.);
#1215=ADVANCED_FACE('',(#75),#1162,.F.);
#1216=ADVANCED_FACE('',(#76),#29,.F.);
#1217=ADVANCED_FACE('',(#77),#30,.F.);
#1218=ADVANCED_FACE('',(#78),#1163,.F.);
#1219=ADVANCED_FACE('',(#79),#19,.F.);
#1220=ADVANCED_FACE('',(#80),#1164,.F.);
#1221=ADVANCED_FACE('',(#81),#31,.F.);
#1222=ADVANCED_FACE('',(#82),#32,.F.);
#1223=ADVANCED_FACE('',(#83),#1165,.F.);
#1224=ADVANCED_FACE('',(#84),#20,.F.);
#1225=ADVANCED_FACE('',(#85),#1166,.F.);
#1226=ADVANCED_FACE('',(#86),#1167,.T.);
#1227=ADVANCED_FACE('',(#87),#21,.T.);
#1228=ADVANCED_FACE('',(#88),#1168,.T.);
#1229=ADVANCED_FACE('',(#89),#22,.T.);
#1230=ADVANCED_FACE('',(#90),#1169,.T.);
#1231=ADVANCED_FACE('',(#91),#23,.T.);
#1232=ADVANCED_FACE('',(#92),#1170,.F.);
#1233=ADVANCED_FACE('',(#93),#24,.T.);
#1234=ADVANCED_FACE('',(#94),#1171,.T.);
#1235=ADVANCED_FACE('',(#95),#25,.T.);
#1236=ADVANCED_FACE('',(#96),#1172,.T.);
#1237=ADVANCED_FACE('',(#97,#15,#16),#26,.T.);
#1238=ADVANCED_FACE('',(#98,#17),#27,.T.);
#1239=ADVANCED_FACE('',(#99,#18),#28,.F.);
#1240=CLOSED_SHELL('',(#1173,#1174,#1175,#1176,#1177,#1178,#1179,#1180,
#1181,#1182,#1183,#1184,#1185,#1186,#1187,#1188,#1189,#1190,#1191,#1192,
#1193,#1194,#1195,#1196,#1197,#1198,#1199,#1200,#1201,#1202,#1203,#1204,
#1205,#1206,#1207,#1208,#1209,#1210,#1211,#1212,#1213,#1214,#1215,#1216,
#1217,#1218,#1219,#1220,#1221,#1222,#1223,#1224,#1225,#1226,#1227,#1228,
#1229,#1230,#1231,#1232,#1233,#1234,#1235,#1236,#1237,#1238,#1239));
#1241=DERIVED_UNIT_ELEMENT(#1243,1.);
#1242=DERIVED_UNIT_ELEMENT(#4752,-3.);
#1243=(
MASS_UNIT()
NAMED_UNIT(*)
SI_UNIT(.KILO.,.GRAM.)
);
#1244=DERIVED_UNIT((#1241,#1242));
#1245=MEASURE_REPRESENTATION_ITEM('density measure',
POSITIVE_RATIO_MEASURE(7850.),#1244);
#1246=PROPERTY_DEFINITION_REPRESENTATION(#1251,#1248);
#1247=PROPERTY_DEFINITION_REPRESENTATION(#1252,#1249);
#1248=REPRESENTATION('material name',(#1250),#4747);
#1249=REPRESENTATION('density',(#1245),#4747);
#1250=DESCRIPTIVE_REPRESENTATION_ITEM('Steel','Steel');
#1251=PROPERTY_DEFINITION('material property','material name',#4760);
#1252=PROPERTY_DEFINITION('material property','density of part',#4760);
#1253=AXIS2_PLACEMENT_3D('',#1578,#1339,#1340);
#1254=AXIS2_PLACEMENT_3D('',#1579,#1341,#1342);
#1255=AXIS2_PLACEMENT_3D('',#1601,#1344,#1345);
#1256=AXIS2_PLACEMENT_3D('',#1624,#1346,#1347);
#1257=AXIS2_PLACEMENT_3D('',#1675,#1349,#1350);
#1258=AXIS2_PLACEMENT_3D('',#1723,#1352,#1353);
#1259=AXIS2_PLACEMENT_3D('',#1774,#1355,#1356);
#1260=AXIS2_PLACEMENT_3D('',#1825,#1358,#1359);
#1261=AXIS2_PLACEMENT_3D('',#1876,#1361,#1362);
#1262=AXIS2_PLACEMENT_3D('',#1927,#1364,#1365);
#1263=AXIS2_PLACEMENT_3D('',#1975,#1367,#1368);
#1264=AXIS2_PLACEMENT_3D('',#2026,#1370,#1371);
#1265=AXIS2_PLACEMENT_3D('',#2045,#1373,#1374);
#1266=AXIS2_PLACEMENT_3D('',#2068,#1375,#1376);
#1267=AXIS2_PLACEMENT_3D('',#2079,#1378,#1379);
#1268=AXIS2_PLACEMENT_3D('',#2087,#1380,#1381);
#1269=AXIS2_PLACEMENT_3D('',#2111,#1383,#1384);
#1270=AXIS2_PLACEMENT_3D('',#2136,#1386,#1387);
#1271=AXIS2_PLACEMENT_3D('',#2161,#1389,#1390);
#1272=AXIS2_PLACEMENT_3D('',#2185,#1392,#1393);
#1273=AXIS2_PLACEMENT_3D('',#2211,#1395,#1396);
#1274=AXIS2_PLACEMENT_3D('',#2235,#1398,#1399);
#1275=AXIS2_PLACEMENT_3D('',#2260,#1401,#1402);
#1276=AXIS2_PLACEMENT_3D('',#2285,#1404,#1405);
#1277=AXIS2_PLACEMENT_3D('',#2309,#1407,#1408);
#1278=AXIS2_PLACEMENT_3D('',#2320,#1410,#1411);
#1279=AXIS2_PLACEMENT_3D('',#2327,#1412,#1413);
#1280=AXIS2_PLACEMENT_3D('',#2349,#1415,#1416);
#1281=AXIS2_PLACEMENT_3D('',#2372,#1417,#1418);
#1282=AXIS2_PLACEMENT_3D('',#2423,#1420,#1421);
#1283=AXIS2_PLACEMENT_3D('',#2471,#1423,#1424);
#1284=AXIS2_PLACEMENT_3D('',#2522,#1426,#1427);
#1285=AXIS2_PLACEMENT_3D('',#2573,#1429,#1430);
#1286=AXIS2_PLACEMENT_3D('',#2624,#1432,#1433);
#1287=AXIS2_PLACEMENT_3D('',#2675,#1435,#1436);
#1288=AXIS2_PLACEMENT_3D('',#2723,#1438,#1439);
#1289=AXIS2_PLACEMENT_3D('',#2774,#1441,#1442);
#1290=AXIS2_PLACEMENT_3D('',#2793,#1444,#1445);
#1291=AXIS2_PLACEMENT_3D('',#2816,#1446,#1447);
#1292=AXIS2_PLACEMENT_3D('',#2827,#1449,#1450);
#1293=AXIS2_PLACEMENT_3D('',#2835,#1451,#1452);
#1294=AXIS2_PLACEMENT_3D('',#2859,#1454,#1455);
#1295=AXIS2_PLACEMENT_3D('',#2884,#1457,#1458);
#1296=AXIS2_PLACEMENT_3D('',#2909,#1460,#1461);
#1297=AXIS2_PLACEMENT_3D('',#2933,#1463,#1464);
#1298=AXIS2_PLACEMENT_3D('',#2959,#1466,#1467);
#1299=AXIS2_PLACEMENT_3D('',#2983,#1469,#1470);
#1300=AXIS2_PLACEMENT_3D('',#3008,#1472,#1473);
#1301=AXIS2_PLACEMENT_3D('',#3033,#1475,#1476);
#1302=AXIS2_PLACEMENT_3D('',#3057,#1478,#1479);
#1303=AXIS2_PLACEMENT_3D('',#3068,#1481,#1482);
#1304=AXIS2_PLACEMENT_3D('',#3075,#1483,#1484);
#1305=AXIS2_PLACEMENT_3D('',#3868,#1485,#1486);
#1306=AXIS2_PLACEMENT_3D('',#3869,#1487,#1488);
#1307=AXIS2_PLACEMENT_3D('',#3870,#1489,#1490);
#1308=AXIS2_PLACEMENT_3D('',#4663,#1491,#1492);
#1309=AXIS2_PLACEMENT_3D('',#4664,#1493,#1494);
#1310=AXIS2_PLACEMENT_3D('',#4665,#1495,#1496);
#1311=AXIS2_PLACEMENT_3D('',#4667,#1497,#1498);
#1312=AXIS2_PLACEMENT_3D('',#4670,#1500,#1501);
#1313=AXIS2_PLACEMENT_3D('',#4671,#1502,#1503);
#1314=AXIS2_PLACEMENT_3D('',#4674,#1504,#1505);
#1315=AXIS2_PLACEMENT_3D('',#4678,#1507,#1508);
#1316=AXIS2_PLACEMENT_3D('',#4680,#1510,#1511);
#1317=AXIS2_PLACEMENT_3D('',#4686,#1515,#1516);
#1318=AXIS2_PLACEMENT_3D('',#4688,#1517,#1518);
#1319=AXIS2_PLACEMENT_3D('',#4690,#1519,#1520);
#1320=AXIS2_PLACEMENT_3D('',#4692,#1522,#1523);
#1321=AXIS2_PLACEMENT_3D('',#4698,#1527,#1528);
#1322=AXIS2_PLACEMENT_3D('',#4700,#1529,#1530);
#1323=AXIS2_PLACEMENT_3D('',#4702,#1531,#1532);
#1324=AXIS2_PLACEMENT_3D('',#4704,#1534,#1535);
#1325=AXIS2_PLACEMENT_3D('',#4710,#1539,#1540);
#1326=AXIS2_PLACEMENT_3D('',#4712,#1541,#1542);
#1327=AXIS2_PLACEMENT_3D('',#4714,#1543,#1544);
#1328=AXIS2_PLACEMENT_3D('',#4716,#1546,#1547);
#1329=AXIS2_PLACEMENT_3D('',#4722,#1551,#1552);
#1330=AXIS2_PLACEMENT_3D('',#4724,#1553,#1554);
#1331=AXIS2_PLACEMENT_3D('',#4726,#1555,#1556);
#1332=AXIS2_PLACEMENT_3D('',#4728,#1558,#1559);
#1333=AXIS2_PLACEMENT_3D('',#4734,#1563,#1564);
#1334=AXIS2_PLACEMENT_3D('',#4736,#1565,#1566);
#1335=AXIS2_PLACEMENT_3D('',#4738,#1567,#1568);
#1336=AXIS2_PLACEMENT_3D('',#4740,#1570,#1571);
#1337=AXIS2_PLACEMENT_3D('',#4743,#1574,#1575);
#1338=AXIS2_PLACEMENT_3D('',#4744,#1576,#1577);
#1339=DIRECTION('axis',(0.,0.,1.));
#1340=DIRECTION('refdir',(1.,0.,0.));
#1341=DIRECTION('center_axis',(0.,0.,1.));
#1342=DIRECTION('ref_axis',(-0.991032996396709,0.133617364339225,0.));
#1343=DIRECTION('',(0.,0.,1.));
#1344=DIRECTION('center_axis',(0.,0.,-1.));
#1345=DIRECTION('ref_axis',(-1.,0.,0.));
#1346=DIRECTION('center_axis',(0.,0.,1.));
#1347=DIRECTION('ref_axis',(-1.,0.,0.));
#1348=DIRECTION('',(0.,0.,1.));
#1349=DIRECTION('center_axis',(0.,0.,1.));
#1350=DIRECTION('ref_axis',(-1.,0.,0.));
#1351=DIRECTION('',(0.,0.,1.));
#1352=DIRECTION('center_axis',(0.,0.,1.));
#1353=DIRECTION('ref_axis',(-1.,0.,0.));
#1354=DIRECTION('',(0.,0.,1.));
#1355=DIRECTION('center_axis',(0.,0.,1.));
#1356=DIRECTION('ref_axis',(-1.,0.,0.));
#1357=DIRECTION('',(0.,0.,1.));
#1358=DIRECTION('center_axis',(0.,0.,1.));
#1359=DIRECTION('ref_axis',(-1.,0.,0.));
#1360=DIRECTION('',(0.,0.,1.));
#1361=DIRECTION('center_axis',(0.,0.,1.));
#1362=DIRECTION('ref_axis',(-1.,0.,0.));
#1363=DIRECTION('',(0.,0.,1.));
#1364=DIRECTION('center_axis',(0.,0.,1.));
#1365=DIRECTION('ref_axis',(-1.,0.,0.));
#1366=DIRECTION('',(0.,0.,1.));
#1367=DIRECTION('center_axis',(0.,0.,1.));
#1368=DIRECTION('ref_axis',(-1.,0.,0.));
#1369=DIRECTION('',(0.,0.,1.));
#1370=DIRECTION('center_axis',(0.,0.,1.));
#1371=DIRECTION('ref_axis',(-0.948446323277093,-0.31693780440674,0.));
#1372=DIRECTION('',(0.,0.,1.));
#1373=DIRECTION('center_axis',(0.,0.,1.));
#1374=DIRECTION('ref_axis',(-1.,0.,0.));
#1375=DIRECTION('center_axis',(0.,0.,1.));
#1376=DIRECTION('ref_axis',(-1.,-4.30040482162937E-14,0.));
#1377=DIRECTION('',(-1.22464679914735E-16,-5.28147459767287E-30,1.));
#1378=DIRECTION('center_axis',(0.,0.,-1.));
#1379=DIRECTION('ref_axis',(-1.,-4.30040482162937E-14,0.));
#1380=DIRECTION('center_axis',(0.,0.,1.));
#1381=DIRECTION('ref_axis',(-1.,-4.30040482162937E-14,0.));
#1382=DIRECTION('',(-1.22464679914735E-16,-5.28147459767287E-30,1.));
#1383=DIRECTION('center_axis',(0.,0.,1.));
#1384=DIRECTION('ref_axis',(-1.,-4.30040482162937E-14,0.));
#1385=DIRECTION('',(-1.22464679914735E-16,-5.28147459767287E-30,1.));
#1386=DIRECTION('center_axis',(0.,0.,1.));
#1387=DIRECTION('ref_axis',(-1.,-4.30040482162937E-14,0.));
#1388=DIRECTION('',(-1.22464679914735E-16,-5.28147459767287E-30,1.));
#1389=DIRECTION('center_axis',(0.,0.,1.));
#1390=DIRECTION('ref_axis',(-1.,-4.30040482162937E-14,0.));
#1391=DIRECTION('',(-1.22464679914735E-16,-5.28147459767287E-30,1.));
#1392=DIRECTION('center_axis',(0.,0.,1.));
#1393=DIRECTION('ref_axis',(-1.,-4.30040482162937E-14,0.));
#1394=DIRECTION('',(-1.22464679914735E-16,-5.28147459767287E-30,1.));
#1395=DIRECTION('center_axis',(0.,0.,1.));
#1396=DIRECTION('ref_axis',(-1.,-4.30040482162937E-14,0.));
#1397=DIRECTION('',(-1.22464679914735E-16,-5.28147459767287E-30,1.));
#1398=DIRECTION('center_axis',(0.,0.,1.));
#1399=DIRECTION('ref_axis',(-1.,-4.30040482162937E-14,0.));
#1400=DIRECTION('',(-1.22464679914735E-16,-5.28147459767287E-30,1.));
#1401=DIRECTION('center_axis',(0.,0.,1.));
#1402=DIRECTION('ref_axis',(-1.,-4.30040482162937E-14,0.));
#1403=DIRECTION('',(-1.22464679914735E-16,-5.28147459767287E-30,1.));
#1404=DIRECTION('center_axis',(0.,0.,1.));
#1405=DIRECTION('ref_axis',(-1.,-4.30040482162937E-14,0.));
#1406=DIRECTION('',(-1.22464679914735E-16,-5.28147459767287E-30,1.));
#1407=DIRECTION('center_axis',(0.,0.,1.));
#1408=DIRECTION('ref_axis',(0.50928249707612,-0.860599406327887,0.));
#1409=DIRECTION('',(-1.22464679914735E-16,-5.28147459767287E-30,1.));
#1410=DIRECTION('center_axis',(0.,0.,1.));
#1411=DIRECTION('ref_axis',(-1.,-4.30040482162937E-14,0.));
#1412=DIRECTION('center_axis',(0.,0.,1.));
#1413=DIRECTION('ref_axis',(-0.991032984128461,0.133617455332145,0.));
#1414=DIRECTION('',(0.,0.,1.));
#1415=DIRECTION('center_axis',(0.,0.,-1.));
#1416=DIRECTION('ref_axis',(-1.,0.,0.));
#1417=DIRECTION('center_axis',(0.,0.,1.));
#1418=DIRECTION('ref_axis',(-1.,0.,0.));
#1419=DIRECTION('',(0.,0.,1.));
#1420=DIRECTION('center_axis',(0.,0.,1.));
#1421=DIRECTION('ref_axis',(-1.,0.,0.));
#1422=DIRECTION('',(0.,0.,1.));
#1423=DIRECTION('center_axis',(0.,0.,1.));
#1424=DIRECTION('ref_axis',(-1.,0.,0.));
#1425=DIRECTION('',(0.,0.,1.));
#1426=DIRECTION('center_axis',(0.,0.,1.));
#1427=DIRECTION('ref_axis',(-1.,0.,0.));
#1428=DIRECTION('',(0.,0.,1.));
#1429=DIRECTION('center_axis',(0.,0.,1.));
#1430=DIRECTION('ref_axis',(-1.,0.,0.));
#1431=DIRECTION('',(0.,0.,1.));
#1432=DIRECTION('center_axis',(0.,0.,1.));
#1433=DIRECTION('ref_axis',(-1.,0.,0.));
#1434=DIRECTION('',(0.,0.,1.));
#1435=DIRECTION('center_axis',(0.,0.,1.));
#1436=DIRECTION('ref_axis',(-1.,0.,0.));
#1437=DIRECTION('',(0.,0.,1.));
#1438=DIRECTION('center_axis',(0.,0.,1.));
#1439=DIRECTION('ref_axis',(-1.,0.,0.));
#1440=DIRECTION('',(0.,0.,1.));
#1441=DIRECTION('center_axis',(0.,0.,1.));
#1442=DIRECTION('ref_axis',(-0.94844660894193,-0.316936949544469,0.));
#1443=DIRECTION('',(0.,0.,1.));
#1444=DIRECTION('center_axis',(0.,0.,1.));
#1445=DIRECTION('ref_axis',(-1.,0.,0.));
#1446=DIRECTION('center_axis',(0.,0.,1.));
#1447=DIRECTION('ref_axis',(-1.,-4.30332734047852E-14,0.));
#1448=DIRECTION('',(-1.22464679914735E-16,-5.28505365102693E-30,1.));
#1449=DIRECTION('center_axis',(0.,0.,-1.));
#1450=DIRECTION('ref_axis',(-1.,-4.30332734047852E-14,0.));
#1451=DIRECTION('center_axis',(0.,0.,1.));
#1452=DIRECTION('ref_axis',(-1.,-4.30332734047852E-14,0.));
#1453=DIRECTION('',(-1.22464679914735E-16,-5.28505365102693E-30,1.));
#1454=DIRECTION('center_axis',(0.,0.,1.));
#1455=DIRECTION('ref_axis',(-1.,-4.30332734047852E-14,0.));
#1456=DIRECTION('',(-1.22464679914735E-16,-5.28505365102693E-30,1.));
#1457=DIRECTION('center_axis',(0.,0.,1.));
#1458=DIRECTION('ref_axis',(-1.,-4.30332734047852E-14,0.));
#1459=DIRECTION('',(-1.22464679914735E-16,-5.28505365102693E-30,1.));
#1460=DIRECTION('center_axis',(0.,0.,1.));
#1461=DIRECTION('ref_axis',(-1.,-4.30332734047852E-14,0.));
#1462=DIRECTION('',(-1.22464679914735E-16,-5.28505365102693E-30,1.));
#1463=DIRECTION('center_axis',(0.,0.,1.));
#1464=DIRECTION('ref_axis',(-1.,-4.30332734047852E-14,0.));
#1465=DIRECTION('',(-1.22464679914735E-16,-5.28505365102693E-30,1.));
#1466=DIRECTION('center_axis',(0.,0.,1.));
#1467=DIRECTION('ref_axis',(-1.,-4.30332734047852E-14,0.));
#1468=DIRECTION('',(-1.22464679914735E-16,-5.28505365102693E-30,1.));
#1469=DIRECTION('center_axis',(0.,0.,1.));
#1470=DIRECTION('ref_axis',(-1.,-4.30332734047852E-14,0.));
#1471=DIRECTION('',(-1.22464679914735E-16,-5.28505365102693E-30,1.));
#1472=DIRECTION('center_axis',(0.,0.,1.));
#1473=DIRECTION('ref_axis',(-1.,-4.30332734047852E-14,0.));
#1474=DIRECTION('',(-1.22464679914735E-16,-5.28505365102693E-30,1.));
#1475=DIRECTION('center_axis',(0.,0.,1.));
#1476=DIRECTION('ref_axis',(-1.,-4.30332734047852E-14,0.));
#1477=DIRECTION('',(-1.22464679914735E-16,-5.28505365102693E-30,1.));
#1478=DIRECTION('center_axis',(0.,0.,1.));
#1479=DIRECTION('ref_axis',(0.509281721392741,-0.860599865358604,0.));
#1480=DIRECTION('',(-1.22464679914735E-16,-5.28505365102693E-30,1.));
#1481=DIRECTION('center_axis',(0.,0.,1.));
#1482=DIRECTION('ref_axis',(-1.,-4.30332734047852E-14,0.));
#1483=DIRECTION('center_axis',(0.,0.,1.));
#1484=DIRECTION('ref_axis',(-1.,-4.30332734047852E-14,0.));
#1485=DIRECTION('center_axis',(0.,0.,1.));
#1486=DIRECTION('ref_axis',(-1.,0.,0.));
#1487=DIRECTION('center_axis',(0.,0.,1.));
#1488=DIRECTION('ref_axis',(-1.,0.,0.));
#1489=DIRECTION('center_axis',(0.,0.,1.));
#1490=DIRECTION('ref_axis',(-1.,-4.30040482162937E-14,0.));
#1491=DIRECTION('center_axis',(0.,0.,1.));
#1492=DIRECTION('ref_axis',(-1.,0.,0.));
#1493=DIRECTION('center_axis',(0.,0.,1.));
#1494=DIRECTION('ref_axis',(-1.,0.,0.));
#1495=DIRECTION('center_axis',(0.,1.,0.));
#1496=DIRECTION('ref_axis',(1.,0.,0.));
#1497=DIRECTION('center_axis',(0.,-1.,0.));
#1498=DIRECTION('ref_axis',(1.,0.,0.));
#1499=DIRECTION('',(0.,-1.,0.));
#1500=DIRECTION('center_axis',(0.,1.,0.));
#1501=DIRECTION('ref_axis',(1.,0.,0.));
#1502=DIRECTION('center_axis',(0.,1.,0.));
#1503=DIRECTION('ref_axis',(-2.68306683320254E-15,0.,-1.));
#1504=DIRECTION('center_axis',(0.,-1.,0.));
#1505=DIRECTION('ref_axis',(-2.68306683320254E-15,0.,-1.));
#1506=DIRECTION('',(0.,1.,0.));
#1507=DIRECTION('center_axis',(0.,1.,0.));
#1508=DIRECTION('ref_axis',(-2.68306683320254E-15,0.,-1.));
#1509=DIRECTION('',(0.,1.,0.));
#1510=DIRECTION('center_axis',(1.,0.,0.));
#1511=DIRECTION('ref_axis',(0.,0.,-1.));
#1512=DIRECTION('',(0.,0.,1.));
#1513=DIRECTION('',(0.,0.,-1.));
#1514=DIRECTION('',(0.,1.,0.));
#1515=DIRECTION('center_axis',(0.,1.,0.));
#1516=DIRECTION('ref_axis',(1.,0.,5.36613366640505E-15));
#1517=DIRECTION('center_axis',(0.,-1.,0.));
#1518=DIRECTION('ref_axis',(1.,0.,5.36613366640505E-15));
#1519=DIRECTION('center_axis',(0.,1.,0.));
#1520=DIRECTION('ref_axis',(1.,0.,5.36613366640505E-15));
#1521=DIRECTION('',(0.,1.,0.));
#1522=DIRECTION('center_axis',(-2.44642577602143E-16,0.,1.));
#1523=DIRECTION('ref_axis',(1.,3.89383185514019E-32,2.44642577602143E-16));
#1524=DIRECTION('',(-1.,-3.89383185514019E-32,-2.44642577602143E-16));
#1525=DIRECTION('',(1.,3.89383185514019E-32,2.44642577602143E-16));
#1526=DIRECTION('',(0.,1.,0.));
#1527=DIRECTION('center_axis',(0.,1.,0.));
#1528=DIRECTION('ref_axis',(-2.31793163098785E-15,0.,1.));
#1529=DIRECTION('center_axis',(3.89383185514019E-32,-1.,-4.03526143909026E-47));
#1530=DIRECTION('ref_axis',(-2.31793163098785E-15,-1.30608974618678E-46,
1.));
#1531=DIRECTION('center_axis',(-3.89383185514019E-32,1.,4.03526143909026E-47));
#1532=DIRECTION('ref_axis',(-2.31793163098785E-15,-1.30608974618678E-46,
1.));
#1533=DIRECTION('',(0.,1.,0.));
#1534=DIRECTION('center_axis',(-1.,0.,-4.01741130004669E-17));
#1535=DIRECTION('ref_axis',(-4.01741130004669E-17,3.48609658627995E-46,
1.));
#1536=DIRECTION('',(-4.01741130004669E-17,3.48609658627995E-46,1.));
#1537=DIRECTION('',(-4.01741130004669E-17,3.48609658627995E-46,1.));
#1538=DIRECTION('',(0.,1.,0.));
#1539=DIRECTION('center_axis',(0.,1.,0.));
#1540=DIRECTION('ref_axis',(6.62266180282246E-16,0.,-1.));
#1541=DIRECTION('center_axis',(4.7873567171781E-30,-1.,-5.66956710215084E-30));
#1542=DIRECTION('ref_axis',(6.62266180282246E-16,5.66956710215084E-30,-1.));
#1543=DIRECTION('center_axis',(4.7873567171781E-30,-1.,-5.66956710215084E-30));
#1544=DIRECTION('ref_axis',(6.62266180282246E-16,5.66956710215084E-30,-1.));
#1545=DIRECTION('',(0.,1.,0.));
#1546=DIRECTION('center_axis',(0.,0.,1.));
#1547=DIRECTION('ref_axis',(1.,8.77575756363708E-47,0.));
#1548=DIRECTION('',(1.,8.77575756363708E-47,0.));
#1549=DIRECTION('',(1.,8.77575756363708E-47,0.));
#1550=DIRECTION('',(0.,1.,0.));
#1551=DIRECTION('center_axis',(0.,1.,0.));
#1552=DIRECTION('ref_axis',(-6.62266180282246E-16,0.,1.));
#1553=DIRECTION('center_axis',(0.,-1.,0.));
#1554=DIRECTION('ref_axis',(-6.62266180282246E-16,0.,1.));
#1555=DIRECTION('center_axis',(0.,1.,0.));
#1556=DIRECTION('ref_axis',(-6.62266180282246E-16,0.,1.));
#1557=DIRECTION('',(0.,1.,0.));
#1558=DIRECTION('center_axis',(-1.,0.,5.18601869614672E-17));
#1559=DIRECTION('ref_axis',(5.18601869614672E-17,0.,1.));
#1560=DIRECTION('',(-5.18601869614672E-17,0.,-1.));
#1561=DIRECTION('',(5.18601869614672E-17,0.,1.));
#1562=DIRECTION('',(0.,1.,0.));
#1563=DIRECTION('center_axis',(0.,1.,0.));
#1564=DIRECTION('ref_axis',(-1.,0.,-2.68306683320254E-15));
#1565=DIRECTION('center_axis',(0.,-1.,0.));
#1566=DIRECTION('ref_axis',(-1.,0.,-2.68306683320254E-15));
#1567=DIRECTION('center_axis',(0.,1.,0.));
#1568=DIRECTION('ref_axis',(-1.,0.,-2.68306683320254E-15));
#1569=DIRECTION('',(0.,1.,0.));
#1570=DIRECTION('center_axis',(0.,0.,-1.));
#1571=DIRECTION('ref_axis',(-1.,0.,0.));
#1572=DIRECTION('',(1.,0.,0.));
#1573=DIRECTION('',(-1.,0.,0.));
#1574=DIRECTION('center_axis',(-4.62110201632927E-31,-1.,-8.1538894352667E-32));
#1575=DIRECTION('ref_axis',(1.,-4.62110201632927E-31,0.));
#1576=DIRECTION('center_axis',(-4.62110201632927E-31,-1.,-8.1538894352667E-32));
#1577=DIRECTION('ref_axis',(1.,-4.62110201632927E-31,0.));
#1578=CARTESIAN_POINT('',(0.,0.,0.));
#1579=CARTESIAN_POINT('Origin',(0.5,0.,-0.0719999999994828));
#1580=CARTESIAN_POINT('',(0.567293186180486,-5.1543490074163E-5,0.0630792939945197));
#1581=CARTESIAN_POINT('',(0.567257169361187,6.16813808029948E-5,0.0722957060065148));
#1582=CARTESIAN_POINT('',(0.56725,8.23574972426595E-18,-0.0719999999994828));
#1583=CARTESIAN_POINT('',(0.464875449709808,-0.0573483083177853,0.0930000000005172));
#1584=CARTESIAN_POINT('Ctrl Pts',(0.567257169361187,6.16813808029948E-5,
0.0722957060065148));
#1585=CARTESIAN_POINT('Ctrl Pts',(0.567300423908899,0.0049274275556379,
0.0726557669712684));
#1586=CARTESIAN_POINT('Ctrl Pts',(0.566816165546467,0.00978431668332571,
0.0730158279360219));
#1587=CARTESIAN_POINT('Ctrl Pts',(0.565771842435562,0.0145171150223708,
0.0733758889007754));
#1588=CARTESIAN_POINT('Ctrl Pts',(0.561028684387672,0.0360127712005018,
0.0750112314924206));
#1589=CARTESIAN_POINT('Ctrl Pts',(0.544732290140353,0.0549486337203619,
0.0766465740840657));
#1590=CARTESIAN_POINT('Ctrl Pts',(0.524182341584587,0.0628584901848324,
0.0782819166757109));
#1591=CARTESIAN_POINT('Ctrl Pts',(0.503632393028821,0.0707683466493028,
0.079917259267356));
#1592=CARTESIAN_POINT('Ctrl Pts',(0.478828890164608,0.067652197058384,0.0815526018590011));
#1593=CARTESIAN_POINT('Ctrl Pts',(0.460903752434306,0.054861247162435,0.0831879444506462));
#1594=CARTESIAN_POINT('Ctrl Pts',(0.442978614704003,0.0420702972664856,
0.0848232870422914));
#1595=CARTESIAN_POINT('Ctrl Pts',(0.431931842107611,0.0196045470655054,
0.0864586296339366));
#1596=CARTESIAN_POINT('Ctrl Pts',(0.432691946259912,-0.00236282118441396,
0.0880939722255818));
#1597=CARTESIAN_POINT('Ctrl Pts',(0.433452050412213,-0.024330189434333,
0.0897293148172269));
#1598=CARTESIAN_POINT('Ctrl Pts',(0.446019031313207,-0.045799175733191,
0.0913646574088721));
#1599=CARTESIAN_POINT('Ctrl Pts',(0.464875449709808,-0.0573483083177853,
0.0930000000005172));
#1600=CARTESIAN_POINT('',(0.56482586150063,-0.017807350163834,0.0930000000005171));
#1601=CARTESIAN_POINT('Origin',(0.5,0.,0.0930000000005173));
#1602=CARTESIAN_POINT('Ctrl Pts',(0.56482586150063,-0.017807350163834,0.0930000000005171));
#1603=CARTESIAN_POINT('Ctrl Pts',(0.563334557378945,-0.0234628356205128,
0.0925679536407425));
#1604=CARTESIAN_POINT('Ctrl Pts',(0.561122257290056,-0.0289085108271943,
0.0921359072809678));
#1605=CARTESIAN_POINT('Ctrl Pts',(0.558194679553318,-0.0339360035779716,
0.0917038609211932));
#1606=CARTESIAN_POINT('Ctrl Pts',(0.547113478531888,-0.0529656119487543,
0.090068518329548));
#1607=CARTESIAN_POINT('Ctrl Pts',(0.525784458447917,-0.066003899108642,
0.088433175737903));
#1608=CARTESIAN_POINT('Ctrl Pts',(0.503799637341114,-0.0672423819524287,
0.0867978331462578));
#1609=CARTESIAN_POINT('Ctrl Pts',(0.481814816234311,-0.0684808647962154,
0.0851624905546127));
#1610=CARTESIAN_POINT('Ctrl Pts',(0.459174194104676,-0.0579195433239005,
0.0835271479629675));
#1611=CARTESIAN_POINT('Ctrl Pts',(0.446012752565732,-0.0402747930194244,
0.0818918053713223));
#1612=CARTESIAN_POINT('Ctrl Pts',(0.432851311026789,-0.022630042714948,
0.0802564627796771));
#1613=CARTESIAN_POINT('Ctrl Pts',(0.429169050078537,0.00209813642168992,
0.078621120188032));
#1614=CARTESIAN_POINT('Ctrl Pts',(0.436624654001465,0.0228141674744131,
0.0769857775963868));
#1615=CARTESIAN_POINT('Ctrl Pts',(0.444080257924394,0.0435301985271358,
0.0753504350047417));
#1616=CARTESIAN_POINT('Ctrl Pts',(0.462673726718503,0.0602340814959436,
0.0737150924130965));
#1617=CARTESIAN_POINT('Ctrl Pts',(0.484065208256286,0.0654421258913181,
0.0720797498214514));
#1618=CARTESIAN_POINT('Ctrl Pts',(0.505456689794069,0.0706501702866925,
0.0704444072298063));
#1619=CARTESIAN_POINT('Ctrl Pts',(0.529646184075526,0.0643623761086331,
0.0688090646381611));
#1620=CARTESIAN_POINT('Ctrl Pts',(0.545791257940942,0.0493950980519392,
0.0671737220465159));
#1621=CARTESIAN_POINT('Ctrl Pts',(0.559265466887299,0.0369038432224328,
0.0658089126958505));
#1622=CARTESIAN_POINT('Ctrl Pts',(0.567136667835684,0.0183672532320132,
0.0644441033451851));
#1623=CARTESIAN_POINT('Ctrl Pts',(0.567293186180486,-5.1543490074163E-5,
0.0630792939945197));
#1624=CARTESIAN_POINT('Origin',(0.5,0.,-0.0719999999994828));
#1625=CARTESIAN_POINT('',(0.567268588018359,5.6423109657793E-5,0.0318292939945197));
#1626=CARTESIAN_POINT('',(0.567159052575774,-2.97395600263741E-5,0.0410457060065147));
#1627=CARTESIAN_POINT('',(0.56725,8.23574972426595E-18,-0.0719999999994828));
#1628=CARTESIAN_POINT('Ctrl Pts',(0.567159052575774,-2.97395600263741E-5,
0.0410457060065147));
#1629=CARTESIAN_POINT('Ctrl Pts',(0.567105543087344,0.013055262597137,0.042010378088064));
#1630=CARTESIAN_POINT('Ctrl Pts',(0.563408166973178,0.02616819415395,0.0429750501696133));
#1631=CARTESIAN_POINT('Ctrl Pts',(0.556270621847512,0.0370179181093735,
0.0439397222511625));
#1632=CARTESIAN_POINT('Ctrl Pts',(0.544170829838351,0.0554107129577553,
0.0455750648428077));
#1633=CARTESIAN_POINT('Ctrl Pts',(0.522184645167185,0.0672994788040222,
0.0472104074344529));
#1634=CARTESIAN_POINT('Ctrl Pts',(0.500168721250075,0.067354733719017,0.048845750026098));
#1635=CARTESIAN_POINT('Ctrl Pts',(0.478152797332966,0.0674099886340117,
0.0504810926177432));
#1636=CARTESIAN_POINT('Ctrl Pts',(0.456107134169911,0.0556317326177347,
0.0521164352093883));
#1637=CARTESIAN_POINT('Ctrl Pts',(0.443915412553986,0.0372994868464159,
0.0537517778010335));
#1638=CARTESIAN_POINT('Ctrl Pts',(0.431723690938061,0.0189672410750971,
0.0553871203926786));
#1639=CARTESIAN_POINT('Ctrl Pts',(0.429385910869265,-0.00591899445126357,
0.0570224629843238));
#1640=CARTESIAN_POINT('Ctrl Pts',(0.437949680474533,-0.0262006286558815,
0.058657805575969));
#1641=CARTESIAN_POINT('Ctrl Pts',(0.446513450079802,-0.0464822628604995,
0.0602931481676141));
#1642=CARTESIAN_POINT('Ctrl Pts',(0.465978769359134,-0.0621592957433746,
0.0619284907592593));
#1643=CARTESIAN_POINT('Ctrl Pts',(0.487619888255785,-0.0662066642185313,
0.0635638333509044));
#1644=CARTESIAN_POINT('Ctrl Pts',(0.509261007152436,-0.070254032693688,
0.0651991759425496));
#1645=CARTESIAN_POINT('Ctrl Pts',(0.533077925666406,-0.0626717367611263,
0.0668345185341947));
#1646=CARTESIAN_POINT('Ctrl Pts',(0.54839142399916,-0.0468528638766447,
0.0684698611258399));
#1647=CARTESIAN_POINT('Ctrl Pts',(0.560333278364704,-0.0345169056188587,
0.0697451427527315));
#1648=CARTESIAN_POINT('Ctrl Pts',(0.567103968277548,-0.0171720576392904,
0.0710204243796232));
#1649=CARTESIAN_POINT('Ctrl Pts',(0.567257169361187,6.16813808029948E-5,
0.0722957060065148));
#1650=CARTESIAN_POINT('Ctrl Pts',(0.567293186180486,-5.1543490074163E-5,
0.0630792939945197));
#1651=CARTESIAN_POINT('Ctrl Pts',(0.567324211330681,-0.0037025272481675,
0.0628087607535399));
#1652=CARTESIAN_POINT('Ctrl Pts',(0.567052115948342,-0.00734888274608988,
0.0625382275125602));
#1653=CARTESIAN_POINT('Ctrl Pts',(0.566460453554444,-0.0109426093296809,
0.0622676942715805));
#1654=CARTESIAN_POINT('Ctrl Pts',(0.562883921853155,-0.0326662767192787,
0.0606323516799353));
#1655=CARTESIAN_POINT('Ctrl Pts',(0.547630205001201,-0.0524668495631461,
0.0589970090882902));
#1656=CARTESIAN_POINT('Ctrl Pts',(0.527538376295664,-0.0614680921830404,
0.057361666496645));
#1657=CARTESIAN_POINT('Ctrl Pts',(0.507446547590128,-0.0704693348029347,
0.0557263239049998));
#1658=CARTESIAN_POINT('Ctrl Pts',(0.482516607031007,-0.0686712471988558,
0.0540909813133547));
#1659=CARTESIAN_POINT('Ctrl Pts',(0.463924768384438,-0.05687958088225,0.0524556387217095));
#1660=CARTESIAN_POINT('Ctrl Pts',(0.445332929737869,-0.0450879145656442,
0.0508202961300644));
#1661=CARTESIAN_POINT('Ctrl Pts',(0.433079193003851,-0.0233026695365119,
0.0491849535384193));
#1662=CARTESIAN_POINT('Ctrl Pts',(0.432657270483509,-0.00129072650386638,
0.0475496109467742));
#1663=CARTESIAN_POINT('Ctrl Pts',(0.432235347963167,0.0207212165287796,
0.045914268355129));
#1664=CARTESIAN_POINT('Ctrl Pts',(0.443645239656501,0.0429598575649386,
0.0442789257634838));
#1665=CARTESIAN_POINT('Ctrl Pts',(0.461771617844206,0.0554553366151803,
0.0426435831718387));
#1666=CARTESIAN_POINT('Ctrl Pts',(0.47989799603191,0.0679508156654218,0.0410082405801935));
#1667=CARTESIAN_POINT('Ctrl Pts',(0.504740860713985,0.0707031327297465,
0.0393728979885483));
#1668=CARTESIAN_POINT('Ctrl Pts',(0.525162778804967,0.0624783267983819,
0.0377375553969031));
#1669=CARTESIAN_POINT('Ctrl Pts',(0.54558469689595,0.0542535208670172,0.036102212805258));
#1670=CARTESIAN_POINT('Ctrl Pts',(0.561585668395841,0.0350515919399628,
0.0344668702136128));
#1671=CARTESIAN_POINT('Ctrl Pts',(0.565992166087906,0.0134811149992343,
0.0328315276219677));
#1672=CARTESIAN_POINT('Ctrl Pts',(0.566892352627579,0.00907456486502266,
0.0324974497461517));
#1673=CARTESIAN_POINT('Ctrl Pts',(0.567308668852327,0.00456916849662347,
0.0321633718703357));
#1674=CARTESIAN_POINT('Ctrl Pts',(0.567268588018359,5.6423109657793E-5,
0.0318292939945197));
#1675=CARTESIAN_POINT('Origin',(0.5,0.,-0.0719999999994828));
#1676=CARTESIAN_POINT('',(0.567154669192855,-2.489209332343E-5,0.000579293994519728));
#1677=CARTESIAN_POINT('',(0.567350333361559,-1.56074838576659E-5,0.00979570600651475));
#1678=CARTESIAN_POINT('',(0.56725,8.23574972426595E-18,-0.0719999999994828));
#1679=CARTESIAN_POINT('Ctrl Pts',(0.567350333361559,-1.56074838576659E-5,
0.00979570600651475));
#1680=CARTESIAN_POINT('Ctrl Pts',(0.567282898456739,0.0211150267127496,
0.0113649892048597));
#1681=CARTESIAN_POINT('Ctrl Pts',(0.556509502999021,0.0423050457215746,
0.0129342724032048));
#1682=CARTESIAN_POINT('Ctrl Pts',(0.539367035835778,0.0546529305364307,
0.0145035556015498));
#1683=CARTESIAN_POINT('Ctrl Pts',(0.521502951961373,0.0675206028442452,
0.0161388981931949));
#1684=CARTESIAN_POINT('Ctrl Pts',(0.496722294781488,0.0707860486177887,
0.0177742407848401));
#1685=CARTESIAN_POINT('Ctrl Pts',(0.476134648320366,0.0629853224044808,
0.0194095833764852));
#1686=CARTESIAN_POINT('Ctrl Pts',(0.455547001859244,0.055184596191173,0.0210449259681304));
#1687=CARTESIAN_POINT('Ctrl Pts',(0.439152366116884,0.0363176979910138,
0.0226802685597755));
#1688=CARTESIAN_POINT('Ctrl Pts',(0.434300737465909,0.0148429591987755,
0.0243156111514207));
#1689=CARTESIAN_POINT('Ctrl Pts',(0.429449108814933,-0.00663177959346299,
0.0259509537430659));
#1690=CARTESIAN_POINT('Ctrl Pts',(0.436140487255342,-0.0307143589777808,
0.0275862963347111));
#1691=CARTESIAN_POINT('Ctrl Pts',(0.45137500593274,-0.0466081194328149,
0.0292216389263562));
#1692=CARTESIAN_POINT('Ctrl Pts',(0.466609524610138,-0.062501879887849,
0.0308569815180014));
#1693=CARTESIAN_POINT('Ctrl Pts',(0.490387183524524,-0.0702068214135997,
0.0324923241096465));
#1694=CARTESIAN_POINT('Ctrl Pts',(0.512048074667063,-0.0662687524265831,
0.0341276667012917));
#1695=CARTESIAN_POINT('Ctrl Pts',(0.533708965809602,-0.0623306834395666,
0.0357630092929368));
#1696=CARTESIAN_POINT('Ctrl Pts',(0.553253089180294,-0.0467496039397827,
0.037398351884582));
#1697=CARTESIAN_POINT('Ctrl Pts',(0.561918451192062,-0.0265106522646428,
0.0390336944762271));
#1698=CARTESIAN_POINT('Ctrl Pts',(0.565472203653649,-0.0182104538150222,
0.039704364986323));
#1699=CARTESIAN_POINT('Ctrl Pts',(0.567196254062773,-0.00912684648288495,
0.0403750354964188));
#1700=CARTESIAN_POINT('Ctrl Pts',(0.567159052575774,-2.97395600263741E-5,
0.0410457060065147));
#1701=CARTESIAN_POINT('Ctrl Pts',(0.567268588018359,5.6423109657793E-5,
0.0318292939945197));
#1702=CARTESIAN_POINT('Ctrl Pts',(0.56711246940411,-0.0175211441843047,
0.0305280292786906));
#1703=CARTESIAN_POINT('Ctrl Pts',(0.560032005543606,-0.0352102090017587,
0.0292267645628614));
#1704=CARTESIAN_POINT('Ctrl Pts',(0.547650740018992,-0.04760370506399,0.0279254998470322));
#1705=CARTESIAN_POINT('Ctrl Pts',(0.532090792373776,-0.0631790232320836,
0.026290157255387));
#1706=CARTESIAN_POINT('Ctrl Pts',(0.508158873199107,-0.0703906346138684,
0.0246548146637419));
#1707=CARTESIAN_POINT('Ctrl Pts',(0.486584059493946,-0.0660054450656996,
0.0230194720720967));
#1708=CARTESIAN_POINT('Ctrl Pts',(0.465009245788786,-0.0616202555175307,
0.0213841294804516));
#1709=CARTESIAN_POINT('Ctrl Pts',(0.445791537553135,-0.0456382650394081,
0.0197487868888064));
#1710=CARTESIAN_POINT('Ctrl Pts',(0.437546560525021,-0.0252244731801228,
0.0181134442971613));
#1711=CARTESIAN_POINT('Ctrl Pts',(0.429301583496907,-0.00481068132083745,
0.0164781017055161));
#1712=CARTESIAN_POINT('Ctrl Pts',(0.432029337676329,0.0200349119196104,
0.014842759113871));
#1713=CARTESIAN_POINT('Ctrl Pts',(0.444506923267061,0.0381736100693174,
0.0132074165222258));
#1714=CARTESIAN_POINT('Ctrl Pts',(0.456984508857793,0.0563123082190243,
0.0115720739305807));
#1715=CARTESIAN_POINT('Ctrl Pts',(0.479211925859835,0.0677441112779901,
0.00993673133893552));
#1716=CARTESIAN_POINT('Ctrl Pts',(0.501224249254825,0.0673439481597464,
0.00830138874729037));
#1717=CARTESIAN_POINT('Ctrl Pts',(0.523236572649815,0.0669437850415028,
0.0066660461556452));
#1718=CARTESIAN_POINT('Ctrl Pts',(0.545033802437754,0.0547116557460494,
0.00503070356400002));
#1719=CARTESIAN_POINT('Ctrl Pts',(0.556843872516642,0.0361314306240026,
0.00339536097235486));
#1720=CARTESIAN_POINT('Ctrl Pts',(0.563622869677031,0.0254663547607444,
0.00245667197974315));
#1721=CARTESIAN_POINT('Ctrl Pts',(0.567111320964437,0.0127097232268011,
0.00151798298713144));
#1722=CARTESIAN_POINT('Ctrl Pts',(0.567154669192855,-2.489209332343E-5,
0.000579293994519728));
#1723=CARTESIAN_POINT('Origin',(0.5,0.,-0.0719999999994828));
#1724=CARTESIAN_POINT('',(0.567346132504041,-2.14503284551837E-5,-0.0306707060054803));
#1725=CARTESIAN_POINT('',(0.567192677479319,4.96492730029502E-5,-0.0214542939934853));
#1726=CARTESIAN_POINT('',(0.56725,8.23574972426595E-18,-0.0719999999994828));
#1727=CARTESIAN_POINT('Ctrl Pts',(0.567192677479319,4.96492730029502E-5,
-0.0214542939934853));
#1728=CARTESIAN_POINT('Ctrl Pts',(0.567244159344121,0.00734544265515335,
-0.0209157422699897));
#1729=CARTESIAN_POINT('Ctrl Pts',(0.566146414897033,0.0146261730046438,
-0.0203771905464941));
#1730=CARTESIAN_POINT('Ctrl Pts',(0.563832381604777,0.0214972851141728,
-0.0198386388229984));
#1731=CARTESIAN_POINT('Ctrl Pts',(0.556805689392657,0.0423618034036083,
-0.0182032962313533));
#1732=CARTESIAN_POINT('Ctrl Pts',(0.538563994561456,0.0594493655429946,
-0.0165679536397081));
#1733=CARTESIAN_POINT('Ctrl Pts',(0.51728535652916,0.0650993291947153,-0.014932611048063));
#1734=CARTESIAN_POINT('Ctrl Pts',(0.496006718496863,0.070749292846436,-0.0132972684564178));
#1735=CARTESIAN_POINT('Ctrl Pts',(0.471691137263469,0.0649616580104907,
-0.0116619258647727));
#1736=CARTESIAN_POINT('Ctrl Pts',(0.455239697867972,0.0503311191547712,
-0.0100265832731275));
#1737=CARTESIAN_POINT('Ctrl Pts',(0.438788258472475,0.0357005802990519,
-0.00839124068148236));
#1738=CARTESIAN_POINT('Ctrl Pts',(0.430200960914874,0.0122271374235583,
-0.00675589808983719));
#1739=CARTESIAN_POINT('Ctrl Pts',(0.433327635586558,-0.00956566955117853,
-0.00512055549819205));
#1740=CARTESIAN_POINT('Ctrl Pts',(0.436454310258242,-0.0313584765259158,
-0.00348521290654687));
#1741=CARTESIAN_POINT('Ctrl Pts',(0.45129495715921,-0.0514706475998961,
-0.00184987031490174));
#1742=CARTESIAN_POINT('Ctrl Pts',(0.471196263854455,-0.0608855566849698,
-0.000214527723256563));
#1743=CARTESIAN_POINT('Ctrl Pts',(0.4910975705497,-0.0703004657700432,0.00142081486838857));
#1744=CARTESIAN_POINT('Ctrl Pts',(0.51605953703922,-0.0690181128662102,
0.00305615746003374));
#1745=CARTESIAN_POINT('Ctrl Pts',(0.534891293170529,-0.0576133996631567,
0.00469150005167887));
#1746=CARTESIAN_POINT('Ctrl Pts',(0.553723049301838,-0.0462086864601031,
0.00632684264332402));
#1747=CARTESIAN_POINT('Ctrl Pts',(0.566424595074937,-0.024681612957829,
0.00796218523496915));
#1748=CARTESIAN_POINT('Ctrl Pts',(0.567301612677023,-0.00268312678564912,
0.0095975278266143));
#1749=CARTESIAN_POINT('Ctrl Pts',(0.567337039657891,-0.00179450157801359,
0.00966358721991445));
#1750=CARTESIAN_POINT('Ctrl Pts',(0.567353172051799,-0.000905107146217753,
0.0097296466132146));
#1751=CARTESIAN_POINT('Ctrl Pts',(0.567350333361559,-1.56074838576659E-5,
0.00979570600651475));
#1752=CARTESIAN_POINT('Ctrl Pts',(0.567154669192855,-2.489209332343E-5,
0.000579293994519728));
#1753=CARTESIAN_POINT('Ctrl Pts',(0.56718684033748,-0.00947596232520886,
-0.000117359604513707));
#1754=CARTESIAN_POINT('Ctrl Pts',(0.565321464498264,-0.018914906127373,
-0.000814013203547142));
#1755=CARTESIAN_POINT('Ctrl Pts',(0.561495362393847,-0.0274777458600863,
-0.00151066680258058));
#1756=CARTESIAN_POINT('Ctrl Pts',(0.552513871822323,-0.0475783762734883,
-0.00314600939422573));
#1757=CARTESIAN_POINT('Ctrl Pts',(0.532727980309438,-0.0628513161516521,
-0.00478135198587088));
#1758=CARTESIAN_POINT('Ctrl Pts',(0.511008036542137,-0.0664494488661573,
-0.00641669457751604));
#1759=CARTESIAN_POINT('Ctrl Pts',(0.489288092774836,-0.0700475815806625,
-0.00805203716916119));
#1760=CARTESIAN_POINT('Ctrl Pts',(0.465634096753121,-0.0619709071315092,
-0.00968737976080634));
#1761=CARTESIAN_POINT('Ctrl Pts',(0.4506505338191,-0.0458403349405533,-0.0113227223524515));
#1762=CARTESIAN_POINT('Ctrl Pts',(0.43566697088508,-0.0297097627495975,
-0.0129580649440966));
#1763=CARTESIAN_POINT('Ctrl Pts',(0.429353841038755,-0.00552529281683923,
-0.0145934075357418));
#1764=CARTESIAN_POINT('Ctrl Pts',(0.434541426813463,0.0158707692154433,
-0.0162287501273869));
#1765=CARTESIAN_POINT('Ctrl Pts',(0.439729012588172,0.0372668312477262,
-0.0178640927190321));
#1766=CARTESIAN_POINT('Ctrl Pts',(0.456417313983914,0.0558744853795334,
-0.0194994353106773));
#1767=CARTESIAN_POINT('Ctrl Pts',(0.477124684095588,0.0633516064727579,
-0.0211347779023225));
#1768=CARTESIAN_POINT('Ctrl Pts',(0.497832054207262,0.0708287275659824,
-0.0227701204939676));
#1769=CARTESIAN_POINT('Ctrl Pts',(0.522558493034869,0.0671753156206248,
-0.0244054630856127));
#1770=CARTESIAN_POINT('Ctrl Pts',(0.540218721094747,0.0540292568276796,
-0.0260408056772579));
#1771=CARTESIAN_POINT('Ctrl Pts',(0.556884973191535,0.0416231016421663,
-0.0275841057866654));
#1772=CARTESIAN_POINT('Ctrl Pts',(0.567258049466568,0.0207627837392708,
-0.0291274058960729));
#1773=CARTESIAN_POINT('Ctrl Pts',(0.567346132504041,-2.14503284551837E-5,
-0.0306707060054803));
#1774=CARTESIAN_POINT('Origin',(0.5,0.,-0.0719999999994828));
#1775=CARTESIAN_POINT('',(0.567201168594748,5.23137919484974E-5,-0.0619207060054803));
#1776=CARTESIAN_POINT('',(0.56720817315972,-5.40664590512857E-5,-0.0527042939934853));
#1777=CARTESIAN_POINT('',(0.56725,8.23574972426595E-18,-0.0719999999994828));
#1778=CARTESIAN_POINT('Ctrl Pts',(0.56720817315972,-5.40664590512857E-5,
-0.0527042939934853));
#1779=CARTESIAN_POINT('Ctrl Pts',(0.567087132619372,0.0154233844545939,
-0.0515611311531939));
#1780=CARTESIAN_POINT('Ctrl Pts',(0.561757872746508,0.0309761470758285,
-0.0504179683129026));
#1781=CARTESIAN_POINT('Ctrl Pts',(0.551967068174923,0.0428500879114162,
-0.0492748054726112));
#1782=CARTESIAN_POINT('Ctrl Pts',(0.537960909858661,0.059836260392462,-0.0476394628809661));
#1783=CARTESIAN_POINT('Ctrl Pts',(0.514824420031642,0.0692939052580431,
-0.0460041202893209));
#1784=CARTESIAN_POINT('Ctrl Pts',(0.492930077222031,0.0669830008339055,
-0.0443687776976757));
#1785=CARTESIAN_POINT('Ctrl Pts',(0.471035734412421,0.0646720964097679,
-0.0427334351060306));
#1786=CARTESIAN_POINT('Ctrl Pts',(0.45038353862022,0.0505926426959121,-0.0410980925143855));
#1787=CARTESIAN_POINT('Ctrl Pts',(0.440232217465008,0.0310566962100392,
-0.0394627499227403));
#1788=CARTESIAN_POINT('Ctrl Pts',(0.430080896309796,0.0115207497241661,
-0.0378274073310952));
#1789=CARTESIAN_POINT('Ctrl Pts',(0.430430449791572,-0.0134716895337243,
-0.03619206473945));
#1790=CARTESIAN_POINT('Ctrl Pts',(0.441124167191972,-0.032716089616967,
-0.0345567221478049));
#1791=CARTESIAN_POINT('Ctrl Pts',(0.451817884592372,-0.0519604897002101,
-0.0329213795561597));
#1792=CARTESIAN_POINT('Ctrl Pts',(0.472855765911395,-0.0654568506088054,
-0.0312860369645145));
#1793=CARTESIAN_POINT('Ctrl Pts',(0.494806174199666,-0.0671545261525748,
-0.0296506943728693));
#1794=CARTESIAN_POINT('Ctrl Pts',(0.516756582487938,-0.0688522016963443,
-0.0280153517812242));
#1795=CARTESIAN_POINT('Ctrl Pts',(0.539619517745457,-0.0587511918752883,
-0.026380009189579));
#1796=CARTESIAN_POINT('Ctrl Pts',(0.553145140577697,-0.0413799497450179,
-0.0247446665979339));
#1797=CARTESIAN_POINT('Ctrl Pts',(0.5622164994992,-0.0297294125216658,-0.0236478757297844));
#1798=CARTESIAN_POINT('Ctrl Pts',(0.567087831766778,-0.0148086441988092,
-0.0225510848616348));
#1799=CARTESIAN_POINT('Ctrl Pts',(0.567192677479319,4.96492730029502E-5,
-0.0214542939934853));
#1800=CARTESIAN_POINT('Ctrl Pts',(0.567346132504041,-2.14503284551837E-5,
-0.0306707060054803));
#1801=CARTESIAN_POINT('Ctrl Pts',(0.567351385780032,-0.00126102290629753,
-0.030762748487718));
#1802=CARTESIAN_POINT('Ctrl Pts',(0.567320056008494,-0.00250032485891983,
-0.0308547909699557));
#1803=CARTESIAN_POINT('Ctrl Pts',(0.567251296382359,-0.00373754661631191,
-0.0309468334521934));
#1804=CARTESIAN_POINT('Ctrl Pts',(0.56602962631794,-0.0257195856268254,
-0.0325821760438385));
#1805=CARTESIAN_POINT('Ctrl Pts',(0.552992268896952,-0.0470449580073199,
-0.0342175186354836));
#1806=CARTESIAN_POINT('Ctrl Pts',(0.533984091290867,-0.0581531397185036,
-0.0358528612271288));
#1807=CARTESIAN_POINT('Ctrl Pts',(0.514975913684782,-0.0692613214296875,
-0.0374882038187739));
#1808=CARTESIAN_POINT('Ctrl Pts',(0.489996915893601,-0.0701523124715603,
-0.0391235464104191));
#1809=CARTESIAN_POINT('Ctrl Pts',(0.470245603835753,-0.0604266665372042,
-0.0407588890020643));
#1810=CARTESIAN_POINT('Ctrl Pts',(0.450494291777905,-0.0507010206028482,
-0.0423942315937094));
#1811=CARTESIAN_POINT('Ctrl Pts',(0.435970665453391,-0.0303587376922634,
-0.0440295741853546));
#1812=CARTESIAN_POINT('Ctrl Pts',(0.433185911446981,-0.0085196062545103,
-0.0456649167769997));
#1813=CARTESIAN_POINT('Ctrl Pts',(0.430401157440572,0.0133195251832428,
-0.0473002593686449));
#1814=CARTESIAN_POINT('Ctrl Pts',(0.439355275752267,0.0366555051481644,
-0.04893560196029));
#1815=CARTESIAN_POINT('Ctrl Pts',(0.456033984154767,0.0510264203194787,
-0.0505709445519352));
#1816=CARTESIAN_POINT('Ctrl Pts',(0.472712692557267,0.065397335490793,-0.0522062871435803));
#1817=CARTESIAN_POINT('Ctrl Pts',(0.497115991050571,0.0708031858685,-0.0538416297352256));
#1818=CARTESIAN_POINT('Ctrl Pts',(0.518303469420233,0.064820437572519,-0.0554769723268707));
#1819=CARTESIAN_POINT('Ctrl Pts',(0.539490947789895,0.058837689276538,-0.0571123149185158));
#1820=CARTESIAN_POINT('Ctrl Pts',(0.557462606035916,0.0414663423068695,
-0.0587476575101609));
#1821=CARTESIAN_POINT('Ctrl Pts',(0.56416144672026,0.0204942644336226,-0.0603830001018061));
#1822=CARTESIAN_POINT('Ctrl Pts',(0.566261077488907,0.0139209449504421,
-0.0608955687363641));
#1823=CARTESIAN_POINT('Ctrl Pts',(0.567253271238735,0.00699389112572654,
-0.0614081373709222));
#1824=CARTESIAN_POINT('Ctrl Pts',(0.567201168594748,5.23137919484974E-5,
-0.0619207060054803));
#1825=CARTESIAN_POINT('Origin',(0.5,0.,-0.0719999999994828));
#1826=CARTESIAN_POINT('',(0.567199297391287,-5.17801360772353E-5,-0.0931707060054803));
#1827=CARTESIAN_POINT('',(0.567342040730017,2.58473073505068E-5,-0.0839542939934853));
#1828=CARTESIAN_POINT('',(0.56725,8.23574972426595E-18,-0.0719999999994828));
#1829=CARTESIAN_POINT('Ctrl Pts',(0.567342040730017,2.58473073505068E-5,
-0.0839542939934853));
#1830=CARTESIAN_POINT('Ctrl Pts',(0.567349581088194,0.0015402503141855,
-0.0838418626280433));
#1831=CARTESIAN_POINT('Ctrl Pts',(0.567302817438494,0.00305417976255982,
-0.0837294312626014));
#1832=CARTESIAN_POINT('Ctrl Pts',(0.567200247046093,0.00456431875221718,
-0.0836169998971594));
#1833=CARTESIAN_POINT('Ctrl Pts',(0.565708334796546,0.0265296715644192,
-0.0819816573055142));
#1834=CARTESIAN_POINT('Ctrl Pts',(0.552409704279657,0.0476930983725419,
-0.0803463147138691));
#1835=CARTESIAN_POINT('Ctrl Pts',(0.533266355803789,0.0585666780709427,
-0.078710972122224));
#1836=CARTESIAN_POINT('Ctrl Pts',(0.514123007327922,0.0694402577693434,
-0.0770756295305789));
#1837=CARTESIAN_POINT('Ctrl Pts',(0.489134940893076,0.0700239903580225,
-0.0754402869389337));
#1838=CARTESIAN_POINT('Ctrl Pts',(0.469504728042373,0.0600561786743053,
-0.0738049443472885));
#1839=CARTESIAN_POINT('Ctrl Pts',(0.44987451519167,0.0500883669905881,-0.0721696017556433));
#1840=CARTESIAN_POINT('Ctrl Pts',(0.435602155925108,0.0295690110344743,
-0.0705342591639982));
#1841=CARTESIAN_POINT('Ctrl Pts',(0.433086189569,0.00769728408803085,-0.068898916572353));
#1842=CARTESIAN_POINT('Ctrl Pts',(0.430570223212891,-0.0141744428584126,
-0.0672635739807079));
#1843=CARTESIAN_POINT('Ctrl Pts',(0.439810649767236,-0.0373985407951858,
-0.0656282313890627));
#1844=CARTESIAN_POINT('Ctrl Pts',(0.456664830191406,-0.0515632550018542,
-0.0639928887974176));
#1845=CARTESIAN_POINT('Ctrl Pts',(0.473519010615575,-0.0657279692085225,
-0.0623575462057724));
#1846=CARTESIAN_POINT('Ctrl Pts',(0.497986944909569,-0.0708332996850862,
-0.0607222036141273));
#1847=CARTESIAN_POINT('Ctrl Pts',(0.519099245539671,-0.0645904406902016,
-0.0590868610224822));
#1848=CARTESIAN_POINT('Ctrl Pts',(0.540211546169773,-0.0583475816953169,
-0.057451518430837));
#1849=CARTESIAN_POINT('Ctrl Pts',(0.557968213135982,-0.0407565332289835,
-0.0558161758391918));
#1850=CARTESIAN_POINT('Ctrl Pts',(0.564408633216335,-0.0197036589475616,
-0.0541808332475467));
#1851=CARTESIAN_POINT('Ctrl Pts',(0.566346969788718,-0.013367495209119,
-0.0536886534961929));
#1852=CARTESIAN_POINT('Ctrl Pts',(0.567260286210418,-0.00671776096851128,
-0.0531964737448391));
#1853=CARTESIAN_POINT('Ctrl Pts',(0.56720817315972,-5.40664590512857E-5,
-0.0527042939934853));
#1854=CARTESIAN_POINT('Ctrl Pts',(0.567201168594748,5.23137919484974E-5,
-0.0619207060054803));
#1855=CARTESIAN_POINT('Ctrl Pts',(0.567087038529388,-0.0151531079330691,
-0.0630434799625674));
#1856=CARTESIAN_POINT('Ctrl Pts',(0.561962139424455,-0.0304282167220155,
-0.0641662539196545));
#1857=CARTESIAN_POINT('Ctrl Pts',(0.552490107050845,-0.0422077573640773,
-0.0652890278767416));
#1858=CARTESIAN_POINT('Ctrl Pts',(0.538693903574419,-0.0593648925117039,
-0.0669243704683868));
#1859=CARTESIAN_POINT('Ctrl Pts',(0.515675473498898,-0.0691063540301319,
-0.0685597130600319));
#1860=CARTESIAN_POINT('Ctrl Pts',(0.493754367174596,-0.0670648804556025,
-0.070195055651677));
#1861=CARTESIAN_POINT('Ctrl Pts',(0.471833260850293,-0.065023406881073,
-0.0718303982433222));
#1862=CARTESIAN_POINT('Ctrl Pts',(0.451009478277208,-0.0511989982135864,
-0.0734657408349674));
#1863=CARTESIAN_POINT('Ctrl Pts',(0.440618672323123,-0.0317893699724191,
-0.0751010834266125));
#1864=CARTESIAN_POINT('Ctrl Pts',(0.430227866369038,-0.012379741731252,
-0.0767364260182577));
#1865=CARTESIAN_POINT('Ctrl Pts',(0.430270037033953,0.0126151060835956,
-0.0783717686099028));
#1866=CARTESIAN_POINT('Ctrl Pts',(0.440726278497676,0.0319895617221492,
-0.0800071112015479));
#1867=CARTESIAN_POINT('Ctrl Pts',(0.4511825199614,0.0513640173607026,-0.0816424537931931));
#1868=CARTESIAN_POINT('Ctrl Pts',(0.472052832223932,0.0651180808229622,
-0.0832777963848383));
#1869=CARTESIAN_POINT('Ctrl Pts',(0.493980702373127,0.0670855735311439,
-0.0849131389764834));
#1870=CARTESIAN_POINT('Ctrl Pts',(0.515908572522322,0.0690530662393256,
-0.0865484815681286));
#1871=CARTESIAN_POINT('Ctrl Pts',(0.538894000558181,0.0592339881934288,
-0.0881838241597737));
#1872=CARTESIAN_POINT('Ctrl Pts',(0.552632231501233,0.0420303976557807,
-0.0898191667514189));
#1873=CARTESIAN_POINT('Ctrl Pts',(0.562017465829142,0.0302778125415464,
-0.0909363465027727));
#1874=CARTESIAN_POINT('Ctrl Pts',(0.567087124550054,0.0150789483376451,
-0.0920535262541265));
#1875=CARTESIAN_POINT('Ctrl Pts',(0.567199297391287,-5.17801360772353E-5,
-0.0931707060054803));
#1876=CARTESIAN_POINT('Origin',(0.5,0.,-0.0719999999994828));
#1877=CARTESIAN_POINT('',(0.56734713637551,2.02131375749955E-5,-0.12442070600548));
#1878=CARTESIAN_POINT('',(0.567151791840995,2.09048937308409E-5,-0.115204293993485));
#1879=CARTESIAN_POINT('',(0.56725,8.23574972426595E-18,-0.0719999999994828));
#1880=CARTESIAN_POINT('Ctrl Pts',(0.567151791840995,2.09048937308409E-5,
-0.115204293993485));
#1881=CARTESIAN_POINT('Ctrl Pts',(0.567179528697846,0.00974962437275783,
-0.114487251511248));
#1882=CARTESIAN_POINT('Ctrl Pts',(0.565198961921933,0.019467586032473,-0.11377020902901));
#1883=CARTESIAN_POINT('Ctrl Pts',(0.56115279194415,0.0282319366333285,-0.113053166546772));
#1884=CARTESIAN_POINT('Ctrl Pts',(0.551924783476569,0.0482205930668512,
-0.111417823955127));
#1885=CARTESIAN_POINT('Ctrl Pts',(0.531952561744509,0.0632490516373598,
-0.109782481363482));
#1886=CARTESIAN_POINT('Ctrl Pts',(0.51019001053019,0.0665798009474046,-0.108147138771837));
#1887=CARTESIAN_POINT('Ctrl Pts',(0.488427459315871,0.0699105502574495,
-0.106511796180191));
#1888=CARTESIAN_POINT('Ctrl Pts',(0.464874578619292,0.0615435903070305,
-0.104876453588547));
#1889=CARTESIAN_POINT('Ctrl Pts',(0.450090522016904,0.0452299703312745,
-0.103241110996901));
#1890=CARTESIAN_POINT('Ctrl Pts',(0.435306465414515,0.0289163503555185,
-0.101605768405256));
#1891=CARTESIAN_POINT('Ctrl Pts',(0.429291232906317,0.00465607035442548,
-0.099970425813611));
#1892=CARTESIAN_POINT('Ctrl Pts',(0.43474155465707,-0.0166745770603633,
-0.0983350832219658));
#1893=CARTESIAN_POINT('Ctrl Pts',(0.440191876407822,-0.0380052244751523,
-0.0966997406303206));
#1894=CARTESIAN_POINT('Ctrl Pts',(0.457107752417526,-0.0564062393036369,
-0.0950643980386755));
#1895=CARTESIAN_POINT('Ctrl Pts',(0.477905510227846,-0.0636281363112835,
-0.0934290554470304));
#1896=CARTESIAN_POINT('Ctrl Pts',(0.498703268038167,-0.0708500333189302,
-0.0917937128553852));
#1897=CARTESIAN_POINT('Ctrl Pts',(0.523382907649105,-0.0668928125057388,
-0.0901583702637401));
#1898=CARTESIAN_POINT('Ctrl Pts',(0.540880130463473,-0.0535305626910026,
-0.088523027672095));
#1899=CARTESIAN_POINT('Ctrl Pts',(0.557174402494004,-0.0410869803161794,
-0.0870001164458918));
#1900=CARTESIAN_POINT('Ctrl Pts',(0.567239904675077,-0.0204871237042403,
-0.0854772052196885));
#1901=CARTESIAN_POINT('Ctrl Pts',(0.567342040730017,2.58473073505068E-5,
-0.0839542939934853));
#1902=CARTESIAN_POINT('Ctrl Pts',(0.567199297391287,-5.17801360772353E-5,
-0.0931707060054803));
#1903=CARTESIAN_POINT('Ctrl Pts',(0.567251324648268,-0.00706961341860886,
-0.0936888688457717));
#1904=CARTESIAN_POINT('Ctrl Pts',(0.566236883720582,-0.0140727891528915,
-0.0942070316860631));
#1905=CARTESIAN_POINT('Ctrl Pts',(0.564091926847116,-0.020710650229325,
-0.0947251945263544));
#1906=CARTESIAN_POINT('Ctrl Pts',(0.557322357399702,-0.0416600045473839,
-0.0963605371179996));
#1907=CARTESIAN_POINT('Ctrl Pts',(0.539292184654628,-0.0589706101541026,
-0.0979958797096447));
#1908=CARTESIAN_POINT('Ctrl Pts',(0.518084639086435,-0.064881830654654,
-0.0996312223012899));
#1909=CARTESIAN_POINT('Ctrl Pts',(0.496877093518241,-0.0707930511552055,
-0.101266564892935));
#1910=CARTESIAN_POINT('Ctrl Pts',(0.472492175126927,-0.0653048865495897,
-0.10290190748458));
#1911=CARTESIAN_POINT('Ctrl Pts',(0.455862054017513,-0.0508777735780959,
-0.104537250076225));
#1912=CARTESIAN_POINT('Ctrl Pts',(0.439231932908098,-0.0364506606066021,
-0.10617259266787));
#1913=CARTESIAN_POINT('Ctrl Pts',(0.430356609080582,-0.0130845992692304,
-0.107807935259516));
#1914=CARTESIAN_POINT('Ctrl Pts',(0.4332150398659,0.00874501113407399,-0.109443277851161));
#1915=CARTESIAN_POINT('Ctrl Pts',(0.436073470651217,0.0305746215373783,
-0.111078620442806));
#1916=CARTESIAN_POINT('Ctrl Pts',(0.450665656049367,0.0508677810066154,
-0.112713963034451));
#1917=CARTESIAN_POINT('Ctrl Pts',(0.470449673287637,0.0605267239456955,
-0.114349305626096));
#1918=CARTESIAN_POINT('Ctrl Pts',(0.490233690525908,0.0701856668847757,
-0.115984648217741));
#1919=CARTESIAN_POINT('Ctrl Pts',(0.5152095396043,0.069210393293699,-0.117619990809386));
#1920=CARTESIAN_POINT('Ctrl Pts',(0.534180126223797,0.0580381347945673,
-0.119255333401032));
#1921=CARTESIAN_POINT('Ctrl Pts',(0.553150712843293,0.0468658762954357,
-0.120890675992677));
#1922=CARTESIAN_POINT('Ctrl Pts',(0.566116037003895,0.0254966328882496,
-0.122526018584322));
#1923=CARTESIAN_POINT('Ctrl Pts',(0.567263525262541,0.00351059668111009,
-0.124161361175967));
#1924=CARTESIAN_POINT('Ctrl Pts',(0.567324184345705,0.00234836012775349,
-0.124247809452472));
#1925=CARTESIAN_POINT('Ctrl Pts',(0.567351819165581,0.00118439998236286,
-0.124334257728976));
#1926=CARTESIAN_POINT('Ctrl Pts',(0.56734713637551,2.02131375749955E-5,
-0.12442070600548));
#1927=CARTESIAN_POINT('Origin',(0.5,0.,-0.0719999999994828));
#1928=CARTESIAN_POINT('',(0.567155547076349,2.59625025544164E-5,-0.15567070600548));
#1929=CARTESIAN_POINT('',(0.567276583608793,-5.52064726133349E-5,-0.146454293993485));
#1930=CARTESIAN_POINT('',(0.56725,8.23574972426595E-18,-0.0719999999994828));
#1931=CARTESIAN_POINT('Ctrl Pts',(0.567276583608793,-5.52064726133349E-5,
-0.146454293993485));
#1932=CARTESIAN_POINT('Ctrl Pts',(0.567119312039996,0.0177922940122002,
-0.145132640394452));
#1933=CARTESIAN_POINT('Ctrl Pts',(0.559790821994321,0.035754032073804,-0.143810986795419));
#1934=CARTESIAN_POINT('Ctrl Pts',(0.547061709502123,0.0481861152310501,
-0.142489333196385));
#1935=CARTESIAN_POINT('Ctrl Pts',(0.531311395026712,0.0635689016924853,
-0.14085399060474));
#1936=CARTESIAN_POINT('Ctrl Pts',(0.507292593949743,0.0704856496665686,
-0.139218648013095));
#1937=CARTESIAN_POINT('Ctrl Pts',(0.485773339753418,0.0658354642284112,
-0.137583305421449));
#1938=CARTESIAN_POINT('Ctrl Pts',(0.464254085557094,0.0611852787902539,
-0.135947962829804));
#1939=CARTESIAN_POINT('Ctrl Pts',(0.445234378241415,0.0449681599398561,
-0.134312620238159));
#1940=CARTESIAN_POINT('Ctrl Pts',(0.437241073344638,0.0244545156092837,
-0.132677277646514));
#1941=CARTESIAN_POINT('Ctrl Pts',(0.429247768447861,0.00394087127871132,
-0.131041935054869));
#1942=CARTESIAN_POINT('Ctrl Pts',(0.432280865969986,-0.0208692985320357,
-0.129406592463224));
#1943=CARTESIAN_POINT('Ctrl Pts',(0.444980577130997,-0.0388531763834721,
-0.127771249871579));
#1944=CARTESIAN_POINT('Ctrl Pts',(0.457680288292008,-0.0568370542349086,
-0.126135907279933));
#1945=CARTESIAN_POINT('Ctrl Pts',(0.480046613091904,-0.0679946401270346,
-0.124500564688288));
#1946=CARTESIAN_POINT('Ctrl Pts',(0.502052350979541,-0.0673238001354488,
-0.122865222096643));
#1947=CARTESIAN_POINT('Ctrl Pts',(0.524058088867178,-0.066652960143863,
-0.121229879504998));
#1948=CARTESIAN_POINT('Ctrl Pts',(0.545703239842557,-0.0541536942685654,
-0.119594536913353));
#1949=CARTESIAN_POINT('Ctrl Pts',(0.557283917728695,-0.0354296341826482,
-0.117959194321708));
#1950=CARTESIAN_POINT('Ctrl Pts',(0.563786859573532,-0.0249154419190248,
-0.1170408942123));
#1951=CARTESIAN_POINT('Ctrl Pts',(0.567116269874985,-0.0124384463766492,
-0.116122594102893));
#1952=CARTESIAN_POINT('Ctrl Pts',(0.567151791840995,2.09048937308409E-5,
-0.115204293993485));
#1953=CARTESIAN_POINT('Ctrl Pts',(0.56734713637551,2.02131375749955E-5,
-0.12442070600548));
#1954=CARTESIAN_POINT('Ctrl Pts',(0.567263234796276,-0.0208385299000778,
-0.125969600320621));
#1955=CARTESIAN_POINT('Ctrl Pts',(0.556804762675546,-0.041770047777583,
-0.127518494635762));
#1956=CARTESIAN_POINT('Ctrl Pts',(0.540036179098992,-0.0541646608618803,
-0.129067388950903));
#1957=CARTESIAN_POINT('Ctrl Pts',(0.522331692320106,-0.0672510531906376,
-0.130702731542548));
#1958=CARTESIAN_POINT('Ctrl Pts',(0.497593066405644,-0.0708210088410594,
-0.132338074134193));
#1959=CARTESIAN_POINT('Ctrl Pts',(0.476911044527353,-0.0632740566795283,
-0.133973416725838));
#1960=CARTESIAN_POINT('Ctrl Pts',(0.456229022649063,-0.0557271045179972,
-0.135608759317483));
#1961=CARTESIAN_POINT('Ctrl Pts',(0.439603604806943,-0.037063244544513,
-0.137244101909128));
#1962=CARTESIAN_POINT('Ctrl Pts',(0.434488246126436,-0.0156497995525471,
-0.138879444500774));
#1963=CARTESIAN_POINT('Ctrl Pts',(0.429372887445928,0.00576364543941896,
-0.140514787092419));
#1964=CARTESIAN_POINT('Ctrl Pts',(0.435767587927033,0.0299266754498668,
-0.142150129684064));
#1965=CARTESIAN_POINT('Ctrl Pts',(0.450805495588042,0.0460065960014685,
-0.143785472275709));
#1966=CARTESIAN_POINT('Ctrl Pts',(0.46584340324905,0.0620865165530702,-0.145420814867354));
#1967=CARTESIAN_POINT('Ctrl Pts',(0.489524518089961,0.0700833276458254,
-0.147056157458999));
#1968=CARTESIAN_POINT('Ctrl Pts',(0.511232196862665,0.0664119253195573,
-0.148691500050644));
#1969=CARTESIAN_POINT('Ctrl Pts',(0.532939875635369,0.0627405229932893,
-0.15032684264229));
#1970=CARTESIAN_POINT('Ctrl Pts',(0.552674118339866,0.0474009072479983,
-0.151962185233935));
#1971=CARTESIAN_POINT('Ctrl Pts',(0.561587731478718,0.0272700839891438,
-0.15359752782558));
#1972=CARTESIAN_POINT('Ctrl Pts',(0.565354426065722,0.0187632459853093,
-0.15428858721888));
#1973=CARTESIAN_POINT('Ctrl Pts',(0.567188859676596,0.00940083268885064,
-0.15497964661218));
#1974=CARTESIAN_POINT('Ctrl Pts',(0.567155547076349,2.59625025544164E-5,
-0.15567070600548));
#1975=CARTESIAN_POINT('Origin',(0.5,0.,-0.0719999999994828));
#1976=CARTESIAN_POINT('',(0.567266387809818,-5.67876950728307E-5,-0.18692070600548));
#1977=CARTESIAN_POINT('',(0.567285396731231,5.34303809932157E-5,-0.177704293993485));
#1978=CARTESIAN_POINT('',(0.56725,8.23574972426595E-18,-0.0719999999994828));
#1979=CARTESIAN_POINT('Ctrl Pts',(0.567285396731231,5.34303809932157E-5,
-0.177704293993485));
#1980=CARTESIAN_POINT('Ctrl Pts',(0.567319449717429,0.00398068774886061,
-0.177413371869301));
#1981=CARTESIAN_POINT('Ctrl Pts',(0.567004451932849,0.00790249183352881,
-0.177122449745117));
#1982=CARTESIAN_POINT('Ctrl Pts',(0.566320694358973,0.0117589130043462,
-0.176831527620933));
#1983=CARTESIAN_POINT('Ctrl Pts',(0.562477130085349,0.0334367754551587,
-0.175196185029288));
#1984=CARTESIAN_POINT('Ctrl Pts',(0.54698137590771,0.0530486476576295,-0.173560842437643));
#1985=CARTESIAN_POINT('Ctrl Pts',(0.526780445234377,0.0618022135706928,
-0.171925499845998));
#1986=CARTESIAN_POINT('Ctrl Pts',(0.506579514561044,0.070555779483756,-0.170290157254353));
#1987=CARTESIAN_POINT('Ctrl Pts',(0.481673407392017,0.0684510391074116,
-0.168654814662707));
#1988=CARTESIAN_POINT('Ctrl Pts',(0.463227948681761,0.0564315742166045,
-0.167019472071062));
#1989=CARTESIAN_POINT('Ctrl Pts',(0.444782489971506,0.0444121093257974,
-0.165384129479417));
#1990=CARTESIAN_POINT('Ctrl Pts',(0.432797679720022,0.0224779199205276,
-0.163748786887772));
#1991=CARTESIAN_POINT('Ctrl Pts',(0.432646511947959,0.00046247756642886,
-0.162113444296127));
#1992=CARTESIAN_POINT('Ctrl Pts',(0.432495344175895,-0.0215529647876699,
-0.160478101704482));
#1993=CARTESIAN_POINT('Ctrl Pts',(0.444177818883251,-0.0436496600905976,
-0.158842759112837));
#1994=CARTESIAN_POINT('Ctrl Pts',(0.462456484887708,-0.0559212896209621,
-0.157207416521191));
#1995=CARTESIAN_POINT('Ctrl Pts',(0.480735150892166,-0.0681929191513267,
-0.155572073929546));
#1996=CARTESIAN_POINT('Ctrl Pts',(0.505610008193724,-0.0706394829091279,
-0.153936731337901));
#1997=CARTESIAN_POINT('Ctrl Pts',(0.525929239216163,-0.0621641438648668,
-0.152301388746256));
#1998=CARTESIAN_POINT('Ctrl Pts',(0.5462484702386,-0.0536888048206058,-0.150666046154611));
#1999=CARTESIAN_POINT('Ctrl Pts',(0.562012074981918,-0.0342915629742828,
-0.149030703562966));
#2000=CARTESIAN_POINT('Ctrl Pts',(0.566152963416651,-0.0126685295767278,
-0.14739536097132));
#2001=CARTESIAN_POINT('Ctrl Pts',(0.566947262500063,-0.00852083135230563,
-0.147081671978709));
#2002=CARTESIAN_POINT('Ctrl Pts',(0.567313911362464,-0.00429123658807826,
-0.146767982986097));
#2003=CARTESIAN_POINT('Ctrl Pts',(0.567276583608793,-5.52064726133349E-5,
-0.146454293993485));
#2004=CARTESIAN_POINT('Ctrl Pts',(0.567155547076349,2.59625025544164E-5,
-0.15567070600548));
#2005=CARTESIAN_POINT('Ctrl Pts',(0.567110027792463,-0.0127841266003666,
-0.156614989203825));
#2006=CARTESIAN_POINT('Ctrl Pts',(0.5635771898,-0.0256174742941618,-0.15755927240217));
#2007=CARTESIAN_POINT('Ctrl Pts',(0.556721629290855,-0.0363230368853412,
-0.158503555600515));
#2008=CARTESIAN_POINT('Ctrl Pts',(0.544848930390932,-0.0548633037285534,
-0.160138898192161));
#2009=CARTESIAN_POINT('Ctrl Pts',(0.52301054901788,-0.0670218066425598,
-0.161774240783806));
#2010=CARTESIAN_POINT('Ctrl Pts',(0.500997000806494,-0.067347692978815,
-0.163409583375451));
#2011=CARTESIAN_POINT('Ctrl Pts',(0.478983452595107,-0.0676735793150702,
-0.165044925967096));
#2012=CARTESIAN_POINT('Ctrl Pts',(0.456794737545386,-0.0561668490735741,
-0.166680268558741));
#2013=CARTESIAN_POINT('Ctrl Pts',(0.444378428816409,-0.0379861457068893,
-0.168315611150386));
#2014=CARTESIAN_POINT('Ctrl Pts',(0.431962120087432,-0.0198054423402045,
-0.169950953742032));
#2015=CARTESIAN_POINT('Ctrl Pts',(0.429318217679199,0.00504923415166901,
-0.171586296333677));
#2016=CARTESIAN_POINT('Ctrl Pts',(0.437632031381146,0.0254350790655485,
-0.173221638925322));
#2017=CARTESIAN_POINT('Ctrl Pts',(0.445945845083093,0.0458209239794279,
-0.174856981516967));
#2018=CARTESIAN_POINT('Ctrl Pts',(0.46521737489522,0.0617379373153133,-0.176492324108612));
#2019=CARTESIAN_POINT('Ctrl Pts',(0.486806861813564,0.0660503191979117,
-0.178127666700257));
#2020=CARTESIAN_POINT('Ctrl Pts',(0.508396348731908,0.07036270108051,-0.179763009291902));
#2021=CARTESIAN_POINT('Ctrl Pts',(0.532303792756469,0.0630704515098214,
-0.181398351883548));
#2022=CARTESIAN_POINT('Ctrl Pts',(0.547811097481506,0.0474426827999112,
-0.183033694475193));
#2023=CARTESIAN_POINT('Ctrl Pts',(0.560097426673903,0.035060910833916,-0.184329364985289));
#2024=CARTESIAN_POINT('Ctrl Pts',(0.567110751381976,0.0174466982817529,
-0.185625035495384));
#2025=CARTESIAN_POINT('Ctrl Pts',(0.567266387809818,-5.67876950728307E-5,
-0.18692070600548));
#2026=CARTESIAN_POINT('Origin',(0.5,0.,-0.0719999999994828));
#2027=CARTESIAN_POINT('',(0.567295353492157,4.95733926575863E-5,-0.21817070600548));
#2028=CARTESIAN_POINT('',(0.567149050257437,-1.67350658108428E-5,-0.208954293993485));
#2029=CARTESIAN_POINT('',(0.56725,8.23574972426595E-18,-0.0719999999994828));
#2030=CARTESIAN_POINT('',(0.446230698716073,0.0403908992155194,-0.236999999999483));
#2031=CARTESIAN_POINT('Ctrl Pts',(0.567295353492157,4.95733926575863E-5,
-0.21817070600548));
#2032=CARTESIAN_POINT('Ctrl Pts',(0.567139024502859,-0.018438177569713,
-0.219541109561879));
#2033=CARTESIAN_POINT('Ctrl Pts',(0.559195239255645,-0.0370399479256295,
-0.220911513118278));
#2034=CARTESIAN_POINT('Ctrl Pts',(0.54562392494297,-0.0495422309485407,
-0.222281916674676));
#2035=CARTESIAN_POINT('Ctrl Pts',(0.529428879172332,-0.0644615704560198,
-0.223917259266322));
#2036=CARTESIAN_POINT('Ctrl Pts',(0.505220037297212,-0.0706950289560474,
-0.225552601857967));
#2037=CARTESIAN_POINT('Ctrl Pts',(0.483845002063145,-0.0654009870630228,
-0.227187944449612));
#2038=CARTESIAN_POINT('Ctrl Pts',(0.462469966829078,-0.0601069451699982,
-0.228823287041257));
#2039=CARTESIAN_POINT('Ctrl Pts',(0.443928738236065,-0.0432854028839213,
-0.230458629632902));
#2040=CARTESIAN_POINT('Ctrl Pts',(0.436548737416156,-0.0225808474118032,
-0.232093972224547));
#2041=CARTESIAN_POINT('Ctrl Pts',(0.429168736596247,-0.00187629193968507,
-0.233729314816193));
#2042=CARTESIAN_POINT('Ctrl Pts',(0.432949963549443,0.0227112767184744,
-0.235364657407838));
#2043=CARTESIAN_POINT('Ctrl Pts',(0.446230698716073,0.0403908992155195,
-0.236999999999483));
#2044=CARTESIAN_POINT('',(0.55371823925025,0.0404208469648085,-0.236999999999483));
#2045=CARTESIAN_POINT('Origin',(0.5,0.,-0.236999999999483));
#2046=CARTESIAN_POINT('Ctrl Pts',(0.55371823925025,0.0404208469648085,-0.236999999999483));
#2047=CARTESIAN_POINT('Ctrl Pts',(0.550249737058081,0.0451301979344173,
-0.236567953639708));
#2048=CARTESIAN_POINT('Ctrl Pts',(0.546188106008509,0.0493790560890498,
-0.236135907279933));
#2049=CARTESIAN_POINT('Ctrl Pts',(0.541615369696656,0.0529757871007732,
-0.235703860920159));
#2050=CARTESIAN_POINT('Ctrl Pts',(0.524307064043912,0.0665898062473066,
-0.234068518328514));
#2051=CARTESIAN_POINT('Ctrl Pts',(0.499676127430277,0.0708607668117578,
-0.232433175736869));
#2052=CARTESIAN_POINT('Ctrl Pts',(0.478779241177415,0.0639191272454809,
-0.230797833145223));
#2053=CARTESIAN_POINT('Ctrl Pts',(0.457882354924552,0.0569774876792039,
-0.229162490553578));
#2054=CARTESIAN_POINT('Ctrl Pts',(0.440719519032463,0.0388232479821987,
-0.227527147961933));
#2055=CARTESIAN_POINT('Ctrl Pts',(0.434977786107517,0.017572523622444,-0.225891805370288));
#2056=CARTESIAN_POINT('Ctrl Pts',(0.42923605318257,-0.00367820073731068,
-0.224256462778643));
#2057=CARTESIAN_POINT('Ctrl Pts',(0.434915423224766,-0.0280254097598149,
-0.222621120186998));
#2058=CARTESIAN_POINT('Ctrl Pts',(0.449473548168953,-0.0445420973403225,
-0.220985777595353));
#2059=CARTESIAN_POINT('Ctrl Pts',(0.46403167311314,-0.06105878492083,-0.219350435003707));
#2060=CARTESIAN_POINT('Ctrl Pts',(0.487468552959318,-0.069744951059341,
-0.217715092412062));
#2061=CARTESIAN_POINT('Ctrl Pts',(0.509275058750587,-0.0667125388432922,
-0.216079749820417));
#2062=CARTESIAN_POINT('Ctrl Pts',(0.531081564541856,-0.0636801266272434,
-0.214444407228772));
#2063=CARTESIAN_POINT('Ctrl Pts',(0.551257696278216,-0.0489291360566346,
-0.212809064637127));
#2064=CARTESIAN_POINT('Ctrl Pts',(0.560759183862454,-0.0290695144703952,
-0.211173722045481));
#2065=CARTESIAN_POINT('Ctrl Pts',(0.565057542748208,-0.0200852601464156,
-0.210433912694816));
#2066=CARTESIAN_POINT('Ctrl Pts',(0.567171283456132,-0.010055499478475,
-0.209694103344151));
#2067=CARTESIAN_POINT('Ctrl Pts',(0.567149050257437,-1.67350658108428E-5,
-0.208954293993485));
#2068=CARTESIAN_POINT('Origin',(0.5,0.,-0.304811622476027));
#2069=CARTESIAN_POINT('',(0.582008741823306,7.52100107967162E-5,0.080811622477062));
#2070=CARTESIAN_POINT('',(0.581858756537956,3.66621132844212E-5,0.0858133775239729));
#2071=CARTESIAN_POINT('',(0.582,3.53637405748909E-15,-0.304811622476027));
#2072=CARTESIAN_POINT('',(0.510291678707198,0.0813515909456466,0.0930000000005173));
#2073=CARTESIAN_POINT('Ctrl Pts',(0.581857321695851,3.70345506561574E-5,
0.0858133775239729));
#2074=CARTESIAN_POINT('Ctrl Pts',(0.581871077850774,0.0126236742929912,
0.0865735757578425));
#2075=CARTESIAN_POINT('Ctrl Pts',(0.573267885419876,0.0522404632008048,
0.0889691165833573));
#2076=CARTESIAN_POINT('Ctrl Pts',(0.537040499746518,0.0779676341141576,
0.0913646574088721));
#2077=CARTESIAN_POINT('Ctrl Pts',(0.510291678707198,0.0813515909456466,
0.0930000000005173));
#2078=CARTESIAN_POINT('',(0.436808692954416,0.0522576187160367,0.0930000000005172));
#2079=CARTESIAN_POINT('Origin',(0.5,0.,0.0930000000005173));
#2080=CARTESIAN_POINT('Ctrl Pts',(0.582008741823306,7.52100107967176E-5,
0.080811622477062));
#2081=CARTESIAN_POINT('Ctrl Pts',(0.582061483427951,0.00600816445446041,
0.0811716834418155));
#2082=CARTESIAN_POINT('Ctrl Pts',(0.578789181306462,0.0388278529293425,
0.0831670869982141));
#2083=CARTESIAN_POINT('Ctrl Pts',(0.534672765252473,0.0900896459732076,
0.0867978331462578));
#2084=CARTESIAN_POINT('Ctrl Pts',(0.466195239509812,0.0814865782936816,
0.0905005646893228));
#2085=CARTESIAN_POINT('Ctrl Pts',(0.441365367194186,0.0578296941938299,
0.0925679536407426));
#2086=CARTESIAN_POINT('Ctrl Pts',(0.436872591691329,0.0522911877700034,
0.0930000000005172));
#2087=CARTESIAN_POINT('Origin',(0.5,0.,-0.304811622476027));
#2088=CARTESIAN_POINT('',(0.581889104999457,-3.62623631513534E-5,0.0495616224770619));
#2089=CARTESIAN_POINT('',(0.582052658242377,-6.28485678215651E-5,0.0545633775239728));
#2090=CARTESIAN_POINT('',(0.582,3.53637405748909E-15,-0.304811622476027));
#2091=CARTESIAN_POINT('Ctrl Pts',(0.582052658242377,-6.28485678215604E-5,
0.0545633775239728));
#2092=CARTESIAN_POINT('Ctrl Pts',(0.581861810595182,0.0223957585877343,
0.0559281868746382));
#2093=CARTESIAN_POINT('Ctrl Pts',(0.560764173174648,0.0720804581901812,
0.0589283388169487));
#2094=CARTESIAN_POINT('Ctrl Pts',(0.477158513487497,0.0938128339941958,
0.0635638333509044));
#2095=CARTESIAN_POINT('Ctrl Pts',(0.409143742880049,0.0327101542867328,
0.0684698611258399));
#2096=CARTESIAN_POINT('Ctrl Pts',(0.422613426051352,-0.057745341142455,
0.0733758889007754));
#2097=CARTESIAN_POINT('Ctrl Pts',(0.505432653469793,-0.0963785765653449,
0.0782819166757108));
#2098=CARTESIAN_POINT('Ctrl Pts',(0.571364488120683,-0.0560748875176429,
0.0824277462167767));
#2099=CARTESIAN_POINT('Ctrl Pts',(0.58184148553519,-0.0144527738481185,
0.0849382331661974));
#2100=CARTESIAN_POINT('Ctrl Pts',(0.581857321695851,3.70345506561574E-5,
0.0858133775239729));
#2101=CARTESIAN_POINT('Ctrl Pts',(0.581889104999456,-3.62623631513466E-5,
0.0495616224770619));
#2102=CARTESIAN_POINT('Ctrl Pts',(0.581823859229177,0.0159186845050619,
0.0505262945586111));
#2103=CARTESIAN_POINT('Ctrl Pts',(0.569672879844461,0.0590127479976945,
0.0531263092318055));
#2104=CARTESIAN_POINT('Ctrl Pts',(0.500241989006299,0.0965566700568577,
0.0573616664966451));
#2105=CARTESIAN_POINT('Ctrl Pts',(0.419599117064124,0.0534718971199931,
0.0622676942715804));
#2106=CARTESIAN_POINT('Ctrl Pts',(0.411047534953731,-0.0375617674076608,
0.067173722046516));
#2107=CARTESIAN_POINT('Ctrl Pts',(0.482251528153967,-0.094908237135353,
0.0720797498214514));
#2108=CARTESIAN_POINT('Ctrl Pts',(0.562979612565807,-0.0692078416068393,
0.0766257166316334));
#2109=CARTESIAN_POINT('Ctrl Pts',(0.581821939015004,-0.0209384197237421,
0.0795363408501703));
#2110=CARTESIAN_POINT('Ctrl Pts',(0.582008741823306,7.52100107967176E-5,
0.080811622477062));
#2111=CARTESIAN_POINT('Origin',(0.5,0.,-0.304811622476027));
#2112=CARTESIAN_POINT('',(0.582122339563537,-1.90306866333899E-5,0.0183116224770619));
#2113=CARTESIAN_POINT('',(0.582022664944319,6.87984385430192E-5,0.0233133775239728));
#2114=CARTESIAN_POINT('',(0.582,3.53637405748909E-15,-0.304811622476027));
#2115=CARTESIAN_POINT('Ctrl Pts',(0.582022664944319,6.8798438543027E-5,
0.0233133775239728));
#2116=CARTESIAN_POINT('Ctrl Pts',(0.582071536741872,0.0055713281297127,
0.0236474553997888));
#2117=CARTESIAN_POINT('Ctrl Pts',(0.579079026594107,0.0379564324101748,
0.0256168758672499));
#2118=CARTESIAN_POINT('Ctrl Pts',(0.536072349181812,0.0895664964031797,
0.0292216389263562));
#2119=CARTESIAN_POINT('Ctrl Pts',(0.445197334880097,0.0794985410452042,
0.0341276667012916));
#2120=CARTESIAN_POINT('Ctrl Pts',(0.403460035897789,-0.00185024252200775,
0.0390336944762271));
#2121=CARTESIAN_POINT('Ctrl Pts',(0.448284113764976,-0.0815405068664938,
0.0439397222511626));
#2122=CARTESIAN_POINT('Ctrl Pts',(0.539477650977522,-0.0881178979535334,
0.048845750026098));
#2123=CARTESIAN_POINT('Ctrl Pts',(0.579753176089312,-0.0358369701940225,
0.0523869684503681));
#2124=CARTESIAN_POINT('Ctrl Pts',(0.582090488165291,-0.00451460571523688,
0.054292844282993));
#2125=CARTESIAN_POINT('Ctrl Pts',(0.582052658242377,-6.28485678215604E-5,
0.0545633775239728));
#2126=CARTESIAN_POINT('Ctrl Pts',(0.582122339563537,-1.90306866333887E-5,
0.0183116224770619));
#2127=CARTESIAN_POINT('Ctrl Pts',(0.582040114103383,0.0257462035753997,
0.0198809056754069));
#2128=CARTESIAN_POINT('Ctrl Pts',(0.555214469663868,0.078509134058014,0.023085531465397));
#2129=CARTESIAN_POINT('Ctrl Pts',(0.465787572986342,0.0902932719715872,
0.0279254998470322));
#2130=CARTESIAN_POINT('Ctrl Pts',(0.405816117333991,0.0212782986297406,
0.0328315276219677));
#2131=CARTESIAN_POINT('Ctrl Pts',(0.430293129918984,-0.0668155977054579,
0.0377375553969032));
#2132=CARTESIAN_POINT('Ctrl Pts',(0.517271629442239,-0.0950002165208436,
0.0426435831718386));
#2133=CARTESIAN_POINT('Ctrl Pts',(0.574706367065241,-0.0492117615474587,
0.0465849388652249));
#2134=CARTESIAN_POINT('Ctrl Pts',(0.581934465920408,-0.0111286455255972,
0.048890951966966));
#2135=CARTESIAN_POINT('Ctrl Pts',(0.581889104999456,-3.62623631513466E-5,
0.0495616224770619));
#2136=CARTESIAN_POINT('Origin',(0.5,0.,-0.304811622476027));
#2137=CARTESIAN_POINT('',(0.581930104881846,6.05388905058071E-5,-0.0129383775229381));
#2138=CARTESIAN_POINT('',(0.581883760205414,-3.03516974346491E-5,-0.00793662247602721));
#2139=CARTESIAN_POINT('',(0.582,3.53637405748909E-15,-0.304811622476027));
#2140=CARTESIAN_POINT('Ctrl Pts',(0.581883760205414,-3.03516974346533E-5,
-0.00793662247602721));
#2141=CARTESIAN_POINT('Ctrl Pts',(0.581830904372994,0.0154973576891854,
-0.00699793348341551));
#2142=CARTESIAN_POINT('Ctrl Pts',(0.57016693493779,0.0581503713188308,-0.00442390189915866));
#2143=CARTESIAN_POINT('Ctrl Pts',(0.501755035162437,0.0965416353253588,
-0.000214527723256619));
#2144=CARTESIAN_POINT('Ctrl Pts',(0.420447309028575,0.0547241847304805,
0.00469150005167886));
#2145=CARTESIAN_POINT('Ctrl Pts',(0.410469204520947,-0.0361608106174785,
0.00959752782661429));
#2146=CARTESIAN_POINT('Ctrl Pts',(0.48076743836437,-0.0946228129612425,
0.0145035556015498));
#2147=CARTESIAN_POINT('Ctrl Pts',(0.562348960842857,-0.0700391499564004,
0.0190755055006693));
#2148=CARTESIAN_POINT('Ctrl Pts',(0.581832304700923,-0.0213640717191514,
0.0220121128081436));
#2149=CARTESIAN_POINT('Ctrl Pts',(0.582022664944319,6.8798438543027E-5,
0.0233133775239728));
#2150=CARTESIAN_POINT('Ctrl Pts',(0.581930104881846,6.05388905058125E-5,
-0.0129383775229381));
#2151=CARTESIAN_POINT('Ctrl Pts',(0.581992878308072,0.00895652487320082,
-0.0123998257994425));
#2152=CARTESIAN_POINT('Ctrl Pts',(0.576589892592048,0.0447915338179932,
-0.0102259314843018));
#2153=CARTESIAN_POINT('Ctrl Pts',(0.524779607106038,0.0933238374714539,
-0.00641669457751599));
#2154=CARTESIAN_POINT('Ctrl Pts',(0.435833391739274,0.0721527122723078,
-0.00151066680258053));
#2155=CARTESIAN_POINT('Ctrl Pts',(0.404421121119649,-0.0137129672425081,
0.00339536097235492));
#2156=CARTESIAN_POINT('Ctrl Pts',(0.45870809714401,-0.0872831394982582,
0.00830138874729039));
#2157=CARTESIAN_POINT('Ctrl Pts',(0.550018784971847,-0.0825923021102594,
0.0132074165222258));
#2158=CARTESIAN_POINT('Ctrl Pts',(0.58161916872788,-0.0290347433714642,
0.0165441610988163));
#2159=CARTESIAN_POINT('Ctrl Pts',(0.582125800866135,-0.00110362507047882,
0.0182455630837617));
#2160=CARTESIAN_POINT('Ctrl Pts',(0.582122339563537,-1.90306866333887E-5,
0.0183116224770619));
#2161=CARTESIAN_POINT('Origin',(0.5,0.,-0.304811622476027));
#2162=CARTESIAN_POINT('',(0.581948999243079,-6.59249017393423E-5,-0.0441883775229381));
#2163=CARTESIAN_POINT('',(0.582117217328347,-2.61550473362668E-5,-0.0391866224760273));
#2164=CARTESIAN_POINT('',(0.582,3.53637405748909E-15,-0.304811622476027));
#2165=CARTESIAN_POINT('Ctrl Pts',(0.582117217328347,-2.61550473362725E-5,
-0.0391866224760273));
#2166=CARTESIAN_POINT('Ctrl Pts',(0.582009814962954,0.0253167028493707,
-0.0376433223666198));
#2167=CARTESIAN_POINT('Ctrl Pts',(0.555959051152064,0.0777049433577686,
-0.0344646796655672));
#2168=CARTESIAN_POINT('Ctrl Pts',(0.467206847005676,0.090818370853976,-0.0296506943728694));
#2169=CARTESIAN_POINT('Ctrl Pts',(0.406161164576644,0.0227517103866975,
-0.0247446665979339));
#2170=CARTESIAN_POINT('Ctrl Pts',(0.429254546616732,-0.0657149008171478,
-0.0198386388229985));
#2171=CARTESIAN_POINT('Ctrl Pts',(0.515780688198026,-0.0952593159025264,
-0.014932611048063));
#2172=CARTESIAN_POINT('Ctrl Pts',(0.574309233089198,-0.0500805102521918,
-0.0109652722657393));
#2173=CARTESIAN_POINT('Ctrl Pts',(0.581922987474697,-0.0115543332441205,
-0.00863327607506066));
#2174=CARTESIAN_POINT('Ctrl Pts',(0.581883760205414,-3.03516974346533E-5,
-0.00793662247602721));
#2175=CARTESIAN_POINT('Ctrl Pts',(0.581948999243078,-6.59249017393396E-5,
-0.0441883775229381));
#2176=CARTESIAN_POINT('Ctrl Pts',(0.581801410777524,0.0188062085543027,
-0.0430452146826469));
#2177=CARTESIAN_POINT('Ctrl Pts',(0.566007429695093,0.0648989202026991,
-0.0402667092507104));
#2178=CARTESIAN_POINT('Ctrl Pts',(0.489864836829429,0.0960241949462776,
-0.0358528612271288));
#2179=CARTESIAN_POINT('Ctrl Pts',(0.41431925816948,0.0445216579409461,-0.0309468334521934));
#2180=CARTESIAN_POINT('Ctrl Pts',(0.41559792220691,-0.0469004990470249,
-0.0260408056772579));
#2181=CARTESIAN_POINT('Ctrl Pts',(0.49255433565642,-0.0962700869059755,
-0.0211347779023224));
#2182=CARTESIAN_POINT('Ctrl Pts',(0.567006158387674,-0.0633767342312976,
-0.0167673018508824));
#2183=CARTESIAN_POINT('Ctrl Pts',(0.581802263269529,-0.0180566367925974,
-0.0140351683910877));
#2184=CARTESIAN_POINT('Ctrl Pts',(0.581930104881846,6.05388905058125E-5,
-0.0129383775229381));
#2185=CARTESIAN_POINT('Origin',(0.5,0.,-0.304811622476027));
#2186=CARTESIAN_POINT('',(0.582112228102029,3.15164193750863E-5,-0.0754383775229382));
#2187=CARTESIAN_POINT('',(0.581940458360883,6.37878206658184E-5,-0.0704366224760273));
#2188=CARTESIAN_POINT('',(0.582,3.53637405748909E-15,-0.304811622476027));
#2189=CARTESIAN_POINT('Ctrl Pts',(0.581940458360883,6.37878206658215E-5,
-0.0704366224760273));
#2190=CARTESIAN_POINT('Ctrl Pts',(0.582003988722324,0.00852786724623886,
-0.0699240538414693));
#2191=CARTESIAN_POINT('Ctrl Pts',(0.576934287662031,0.043922256825829,-0.067776142615266));
#2192=CARTESIAN_POINT('Ctrl Pts',(0.526239133718926,0.09292402932623,-0.0639928887974177));
#2193=CARTESIAN_POINT('Ctrl Pts',(0.436972049267582,0.0731494688367742,
-0.0590868610224822));
#2194=CARTESIAN_POINT('Ctrl Pts',(0.404217951056772,-0.0122133723731993,
-0.0541808332475467));
#2195=CARTESIAN_POINT('Ctrl Pts',(0.457345268169492,-0.0866252920163793,
-0.0492748054726113));
#2196=CARTESIAN_POINT('Ctrl Pts',(0.548718256372178,-0.0833660534096776,
-0.0443687776976758));
#2197=CARTESIAN_POINT('Ctrl Pts',(0.581406688058849,-0.0298971673660702,
-0.0410060500321478));
#2198=CARTESIAN_POINT('Ctrl Pts',(0.582123622809853,-0.00153760413853419,
-0.039278664958265));
#2199=CARTESIAN_POINT('Ctrl Pts',(0.582117217328347,-2.61550473362725E-5,
-0.0391866224760273));
#2200=CARTESIAN_POINT('Ctrl Pts',(0.582112228102028,3.15164193750931E-5,
-0.0754383775229382));
#2201=CARTESIAN_POINT('Ctrl Pts',(0.582121422293412,0.00187807473254077,
-0.0753259461574962));
#2202=CARTESIAN_POINT('Ctrl Pts',(0.581235026388318,0.0305743136326845,
-0.0735781722004092));
#2203=CARTESIAN_POINT('Ctrl Pts',(0.54768933901185,0.0839588857221481,-0.0701950556516771));
#2204=CARTESIAN_POINT('Ctrl Pts',(0.456283177778066,0.0860941751915175,
-0.0652890278767416));
#2205=CARTESIAN_POINT('Ctrl Pts',(0.404074993695179,0.0110345236643207,
-0.060383000101806));
#2206=CARTESIAN_POINT('Ctrl Pts',(0.437876405328917,-0.0739190539185226,
-0.0554769723268707));
#2207=CARTESIAN_POINT('Ctrl Pts',(0.527379927058621,-0.0925943148439448,
-0.0505709445519351));
#2208=CARTESIAN_POINT('Ctrl Pts',(0.577198684935578,-0.0432402223211874,
-0.046808079617291));
#2209=CARTESIAN_POINT('Ctrl Pts',(0.582012542293744,-0.00819117322554304,
-0.044680557274292));
#2210=CARTESIAN_POINT('Ctrl Pts',(0.581948999243078,-6.59249017393396E-5,
-0.0441883775229381));
#2211=CARTESIAN_POINT('Origin',(0.5,0.,-0.304811622476027));
#2212=CARTESIAN_POINT('',(0.58188025176151,2.5489981950396E-5,-0.106688377522938));
#2213=CARTESIAN_POINT('',(0.581938176744766,-6.31371175960501E-5,-0.101686622476027));
#2214=CARTESIAN_POINT('',(0.582,3.53637405748909E-15,-0.304811622476027));
#2215=CARTESIAN_POINT('Ctrl Pts',(0.581938176744766,-6.31371175960518E-5,
-0.101686622476027));
#2216=CARTESIAN_POINT('Ctrl Pts',(0.581801400938355,0.0183862269693219,
-0.100569442724673));
#2217=CARTESIAN_POINT('Ctrl Pts',(0.566571113998689,0.0640467094052737,
-0.0978169203816746));
#2218=CARTESIAN_POINT('Ctrl Pts',(0.491370971715837,0.0961712391284494,
-0.0934290554470304));
#2219=CARTESIAN_POINT('Ctrl Pts',(0.415027524629102,0.0458589772441983,
-0.088523027672095));
#2220=CARTESIAN_POINT('Ctrl Pts',(0.41487326465038,-0.0455719902272143,
-0.0836169998971595));
#2221=CARTESIAN_POINT('Ctrl Pts',(0.491046506479064,-0.0961415743491734,
-0.078710972122224));
#2222=CARTESIAN_POINT('Ctrl Pts',(0.566450632010431,-0.0642303456170407,
-0.0743175129818467));
#2223=CARTESIAN_POINT('Ctrl Pts',(0.581801296050703,-0.0184766520522181,
-0.0715593964331144));
#2224=CARTESIAN_POINT('Ctrl Pts',(0.581940458360883,6.37878206658215E-5,
-0.0704366224760273));
#2225=CARTESIAN_POINT('Ctrl Pts',(0.58188025176151,2.54899819503947E-5,
-0.106688377522938));
#2226=CARTESIAN_POINT('Ctrl Pts',(0.58191407216689,0.0118880178225472,-0.105971335040701));
#2227=CARTESIAN_POINT('Ctrl Pts',(0.573991347171949,0.0507621111768613,
-0.103618949966818));
#2228=CARTESIAN_POINT('Ctrl Pts',(0.514607998230794,0.0954461834504865,
-0.0996312223012899));
#2229=CARTESIAN_POINT('Ctrl Pts',(0.428451735757063,0.0648399061597346,
-0.0947251945263544));
#2230=CARTESIAN_POINT('Ctrl Pts',(0.406448059964993,-0.0239040177104351,
-0.0898191667514189));
#2231=CARTESIAN_POINT('Ctrl Pts',(0.468326208639892,-0.0912147931425124,
-0.0849131389764833));
#2232=CARTESIAN_POINT('Ctrl Pts',(0.556535248679823,-0.077071043287959,
-0.0801195425669899));
#2233=CARTESIAN_POINT('Ctrl Pts',(0.581987690458832,-0.0249805820631605,
-0.0769612887491414));
#2234=CARTESIAN_POINT('Ctrl Pts',(0.582112228102028,3.15164193750931E-5,
-0.0754383775229382));
#2235=CARTESIAN_POINT('Origin',(0.5,0.,-0.304811622476027));
#2236=CARTESIAN_POINT('',(0.58203241421444,-6.73149554512804E-5,-0.137938377522938));
#2237=CARTESIAN_POINT('',(0.582118441379804,2.46465023219273E-5,-0.132936622476027));
#2238=CARTESIAN_POINT('',(0.582,3.53637405748909E-15,-0.304811622476027));
#2239=CARTESIAN_POINT('Ctrl Pts',(0.582118441379804,2.46465023219259E-5,
-0.132936622476027));
#2240=CARTESIAN_POINT('Ctrl Pts',(0.582124151250226,0.00144417544317832,
-0.132850174199523));
#2241=CARTESIAN_POINT('Ctrl Pts',(0.581453028033886,0.0297114368174557,
-0.131128383331373));
#2242=CARTESIAN_POINT('Ctrl Pts',(0.54899928434172,0.0832011868492941,-0.127771249871579));
#2243=CARTESIAN_POINT('Ctrl Pts',(0.457637814107008,0.086768730394348,-0.122865222096643));
#2244=CARTESIAN_POINT('Ctrl Pts',(0.404259708412662,0.012536503934388,-0.117959194321708));
#2245=CARTESIAN_POINT('Ctrl Pts',(0.436725576986175,-0.0729363747123548,
-0.113053166546772));
#2246=CARTESIAN_POINT('Ctrl Pts',(0.525925427161094,-0.0930120400354996,
-0.108147138771837));
#2247=CARTESIAN_POINT('Ctrl Pts',(0.576860846849189,-0.0441094047640623,
-0.104358290748255));
#2248=CARTESIAN_POINT('Ctrl Pts',(0.582001615184504,-0.00862019777436324,
-0.102204785316319));
#2249=CARTESIAN_POINT('Ctrl Pts',(0.581938176744766,-6.31371175960518E-5,
-0.101686622476027));
#2250=CARTESIAN_POINT('Ctrl Pts',(0.58203241421444,-6.7314955451277E-5,
-0.137938377522938));
#2251=CARTESIAN_POINT('Ctrl Pts',(0.581840648137987,0.0216946930706401,
-0.136616723923905));
#2252=CARTESIAN_POINT('Ctrl Pts',(0.56184805222896,0.0706954788602555,-0.133659727733226));
#2253=CARTESIAN_POINT('Ctrl Pts',(0.47960521956234,0.0943791316956646,-0.129067388950903));
#2254=CARTESIAN_POINT('Ctrl Pts',(0.410031271612049,0.0350570315142838,
-0.124161361175967));
#2255=CARTESIAN_POINT('Ctrl Pts',(0.421126319797074,-0.0556983851911997,
-0.119255333401032));
#2256=CARTESIAN_POINT('Ctrl Pts',(0.502942169622714,-0.0965127514285675,
-0.114349305626096));
#2257=CARTESIAN_POINT('Ctrl Pts',(0.570547707244253,-0.0574730796639661,
-0.110160320333398));
#2258=CARTESIAN_POINT('Ctrl Pts',(0.581836938732325,-0.0151665814555402,
-0.107606677632346));
#2259=CARTESIAN_POINT('Ctrl Pts',(0.58188025176151,2.54899819503947E-5,
-0.106688377522938));
#2260=CARTESIAN_POINT('Origin',(0.5,0.,-0.304811622476027));
#2261=CARTESIAN_POINT('',(0.582043160326557,6.51493121433257E-5,-0.169188377522938));
#2262=CARTESIAN_POINT('',(0.581884830635846,3.1656880436915E-5,-0.164186622476027));
#2263=CARTESIAN_POINT('',(0.582,3.53637405748909E-15,-0.304811622476027));
#2264=CARTESIAN_POINT('Ctrl Pts',(0.581884830635846,3.16568804369241E-5,
-0.164186622476027));
#2265=CARTESIAN_POINT('Ctrl Pts',(0.581925449717187,0.0114627253603822,
-0.163495563082727));
#2266=CARTESIAN_POINT('Ctrl Pts',(0.574395484884306,0.0498934663015448,
-0.161169161097782));
#2267=CARTESIAN_POINT('Ctrl Pts',(0.516102035692662,0.0952055223280833,
-0.157207416521191));
#2268=CARTESIAN_POINT('Ctrl Pts',(0.429476693672378,0.0659532468066296,
-0.152301388746256));
#2269=CARTESIAN_POINT('Ctrl Pts',(0.406084926856736,-0.0224349373208088,
-0.14739536097132));
#2270=CARTESIAN_POINT('Ctrl Pts',(0.466900581714155,-0.0907071983390551,
-0.142489333196385));
#2271=CARTESIAN_POINT('Ctrl Pts',(0.555799717195134,-0.077878435249089,
-0.137669753697954));
#2272=CARTESIAN_POINT('Ctrl Pts',(0.58201613759546,-0.0254090624803923,
-0.134485516791168));
#2273=CARTESIAN_POINT('Ctrl Pts',(0.582118441379804,2.46465023219259E-5,
-0.132936622476027));
#2274=CARTESIAN_POINT('Ctrl Pts',(0.582043160326557,6.51493121433264E-5,
-0.169188377522938));
#2275=CARTESIAN_POINT('Ctrl Pts',(0.582084682183334,0.00485377539638216,
-0.168897455398754));
#2276=CARTESIAN_POINT('Ctrl Pts',(0.57954155381341,0.0365163829359853,-0.166971190682925));
#2277=CARTESIAN_POINT('Ctrl Pts',(0.538391390064921,0.0885972138071114,
-0.163409583375451));
#2278=CARTESIAN_POINT('Ctrl Pts',(0.447285035216135,0.0808980891590707,
-0.158503555600515));
#2279=CARTESIAN_POINT('Ctrl Pts',(0.403444688422606,0.000662987394068942,
-0.15359752782558));
#2280=CARTESIAN_POINT('Ctrl Pts',(0.446179094043565,-0.0801665597363435,
-0.148691500050644));
#2281=CARTESIAN_POINT('Ctrl Pts',(0.53717113710949,-0.0891160717723151,
-0.143785472275709));
#2282=CARTESIAN_POINT('Ctrl Pts',(0.579300189670473,-0.0372759352941224,
-0.140201098099807));
#2283=CARTESIAN_POINT('Ctrl Pts',(0.582077929096239,-0.00523243717802639,
-0.13825206651555));
#2284=CARTESIAN_POINT('Ctrl Pts',(0.58203241421444,-6.7314955451277E-5,
-0.137938377522938));
#2285=CARTESIAN_POINT('Origin',(0.5,0.,-0.304811622476027));
#2286=CARTESIAN_POINT('',(0.581876908864087,-2.04055821015774E-5,-0.200438377522938));
#2287=CARTESIAN_POINT('',(0.582019982162158,-6.92429887882804E-5,-0.195436622476027));
#2288=CARTESIAN_POINT('',(0.582,3.53637405748909E-15,-0.304811622476027));
#2289=CARTESIAN_POINT('Ctrl Pts',(0.582019982162158,-6.92429887882761E-5,
-0.195436622476027));
#2290=CARTESIAN_POINT('Ctrl Pts',(0.581830209863525,0.0212732975331407,
-0.194140951965931));
#2291=CARTESIAN_POINT('Ctrl Pts',(0.562485211562005,0.0698589435837207,
-0.191209938864191));
#2292=CARTESIAN_POINT('Ctrl Pts',(0.481086842914534,0.0946870773739522,
-0.186643583170804));
#2293=CARTESIAN_POINT('Ctrl Pts',(0.410591730144523,0.0364627609333902,
-0.181737555395869));
#2294=CARTESIAN_POINT('Ctrl Pts',(0.420263105496573,-0.0544554608807494,
-0.176831527620933));
#2295=CARTESIAN_POINT('Ctrl Pts',(0.501429260176593,-0.0965469945522444,
-0.171925499845998));
#2296=CARTESIAN_POINT('Ctrl Pts',(0.570061406853401,-0.0583360969078714,
-0.167710531464362));
#2297=CARTESIAN_POINT('Ctrl Pts',(0.581829327568505,-0.0155880800182916,
-0.165130905674372));
#2298=CARTESIAN_POINT('Ctrl Pts',(0.581884830635846,3.16568804369241E-5,
-0.164186622476027));
#2299=CARTESIAN_POINT('Ctrl Pts',(0.581876908864087,-2.04055821015774E-5,
-0.200438377522938));
#2300=CARTESIAN_POINT('Ctrl Pts',(0.581844092881871,0.0147967117814982,
-0.199542844281959));
#2301=CARTESIAN_POINT('Ctrl Pts',(0.570966096137964,0.0567169846576619,
-0.197011968449334));
#2302=CARTESIAN_POINT('Ctrl Pts',(0.504267029877927,0.0964626432727661,
-0.192845750025063));
#2303=CARTESIAN_POINT('Ctrl Pts',(0.421898721644503,0.056776558876837,-0.187939722250128));
#2304=CARTESIAN_POINT('Ctrl Pts',(0.409558290848526,-0.033818419372432,
-0.183033694475192));
#2305=CARTESIAN_POINT('Ctrl Pts',(0.478311135252877,-0.0940900816695266,
-0.178127666700257));
#2306=CARTESIAN_POINT('Ctrl Pts',(0.561280701797656,-0.071426357300985,
-0.173512561049506));
#2307=CARTESIAN_POINT('Ctrl Pts',(0.581851277931038,-0.0220642330327962,
-0.170532797990399));
#2308=CARTESIAN_POINT('Ctrl Pts',(0.582043160326557,6.51493121433264E-5,
-0.169188377522938));
#2309=CARTESIAN_POINT('Origin',(0.5,0.,-0.304811622476027));
#2310=CARTESIAN_POINT('',(0.582095335647273,-6.58695807480081E-5,-0.231688377522938));
#2311=CARTESIAN_POINT('',(0.58205530091237,6.04463672556564E-5,-0.226686622476027));
#2312=CARTESIAN_POINT('',(0.582,3.53637405748909E-15,-0.304811622476027));
#2313=CARTESIAN_POINT('',(0.539516478889322,-0.0718501767304005,-0.236999999999483));
#2314=CARTESIAN_POINT('Ctrl Pts',(0.539516478889322,-0.0718501767304005,
-0.236999999999483));
#2315=CARTESIAN_POINT('Ctrl Pts',(0.563141186122019,-0.0588569554592789,
-0.235364657407838));
#2316=CARTESIAN_POINT('Ctrl Pts',(0.581036657579836,-0.0313205673618664,
-0.233594116582323));
#2317=CARTESIAN_POINT('Ctrl Pts',(0.582108519337919,-0.00228463275732778,
-0.231823575756808));
#2318=CARTESIAN_POINT('Ctrl Pts',(0.582095335647273,-6.58695807480071E-5,
-0.231688377522938));
#2319=CARTESIAN_POINT('',(0.46055529053037,-0.0718578653056229,-0.236999999999483));
#2320=CARTESIAN_POINT('Origin',(0.5,0.,-0.236999999999483));
#2321=CARTESIAN_POINT('Ctrl Pts',(0.46055529053037,-0.0718578653056229,
-0.236999999999483));
#2322=CARTESIAN_POINT('Ctrl Pts',(0.466771428539315,-0.0753535380354399,
-0.236567953639708));
#2323=CARTESIAN_POINT('Ctrl Pts',(0.498566342942532,-0.0882086695428302,
-0.234500564688288));
#2324=CARTESIAN_POINT('Ctrl Pts',(0.560619872712914,-0.0722307014682218,
-0.23106277218047));
#2325=CARTESIAN_POINT('Ctrl Pts',(0.581864684152185,-0.0224822388210624,
-0.228057026032426));
#2326=CARTESIAN_POINT('Ctrl Pts',(0.58205530091237,6.04463672556489E-5,
-0.226686622476027));
#2327=CARTESIAN_POINT('Origin',(5.80482582794578E-17,0.,-0.0719999999994828));
#2328=CARTESIAN_POINT('',(0.0672930025611109,-5.15557066179843E-5,0.0630792939945198));
#2329=CARTESIAN_POINT('',(0.0672570432325961,6.19387850230274E-5,0.0722957060065148));
#2330=CARTESIAN_POINT('',(0.0672500000000001,8.23574972426595E-18,-0.0719999999994828));
#2331=CARTESIAN_POINT('',(-0.035124550290192,-0.0573483083177853,0.0930000000005172));
#2332=CARTESIAN_POINT('Ctrl Pts',(0.0672570432325961,6.19387850230274E-5,
0.0722957060065148));
#2333=CARTESIAN_POINT('Ctrl Pts',(0.0673002972329805,0.00492768665098651,
0.0726557669712684));
#2334=CARTESIAN_POINT('Ctrl Pts',(0.0668160343186799,0.0097845596072394,
0.0730158279360219));
#2335=CARTESIAN_POINT('Ctrl Pts',(0.065771700169729,0.0145173143952413,
0.0733758889007754));
#2336=CARTESIAN_POINT('Ctrl Pts',(0.0610284919886979,0.036012772771103,
0.0750112314924206));
#2337=CARTESIAN_POINT('Ctrl Pts',(0.0447319138088208,0.0549478726913512,
0.0766465740840657));
#2338=CARTESIAN_POINT('Ctrl Pts',(0.0241821575406787,0.0628579210410151,
0.0782819166757108));
#2339=CARTESIAN_POINT('Ctrl Pts',(0.003632401272537,0.0707679693906789,
0.0799172592673559));
#2340=CARTESIAN_POINT('Ctrl Pts',(-0.0211705330838695,0.0676529661697586,
0.0815526018590011));
#2341=CARTESIAN_POINT('Ctrl Pts',(-0.0390958554681084,0.0548616995265069,
0.0831879444506463));
#2342=CARTESIAN_POINT('Ctrl Pts',(-0.0570211778523479,0.0420704328832547,
0.0848232870422915));
#2343=CARTESIAN_POINT('Ctrl Pts',(-0.0680688882644193,0.0196029028176703,
0.0864586296339366));
#2344=CARTESIAN_POINT('Ctrl Pts',(-0.0673088359730304,-0.00236449933644129,
0.0880939722255818));
#2345=CARTESIAN_POINT('Ctrl Pts',(-0.0665487836816414,-0.0243319014905525,
0.0897293148172269));
#2346=CARTESIAN_POINT('Ctrl Pts',(-0.0539809686867925,-0.045799175733191,
0.091364657408872));
#2347=CARTESIAN_POINT('Ctrl Pts',(-0.035124550290192,-0.0573483083177853,
0.0930000000005172));
#2348=CARTESIAN_POINT('',(0.0648257383285691,-0.0178073560688842,0.0930000000005173));
#2349=CARTESIAN_POINT('Origin',(5.80482582794578E-17,0.,0.0930000000005173));
#2350=CARTESIAN_POINT('Ctrl Pts',(0.0648257383285691,-0.0178073560688842,
0.0930000000005173));
#2351=CARTESIAN_POINT('Ctrl Pts',(0.0633344160228997,-0.0234630935725324,
0.0925679536407426));
#2352=CARTESIAN_POINT('Ctrl Pts',(0.0611221003855529,-0.0289089738777375,
0.092135907280968));
#2353=CARTESIAN_POINT('Ctrl Pts',(0.0581945128686384,-0.0339365602927281,
0.0917038609211933));
#2354=CARTESIAN_POINT('Ctrl Pts',(0.0471132748281743,-0.0529665231927722,
0.0900685183295481));
#2355=CARTESIAN_POINT('Ctrl Pts',(0.025784300367625,-0.0660035683569194,
0.0884331757379029));
#2356=CARTESIAN_POINT('Ctrl Pts',(0.00379957296729472,-0.0672418044513741,
0.0867978331462578));
#2357=CARTESIAN_POINT('Ctrl Pts',(-0.0181851544330355,-0.0684800405458288,
0.0851624905546126));
#2358=CARTESIAN_POINT('Ctrl Pts',(-0.0408256347731465,-0.057919467570591,
0.0835271479629675));
#2359=CARTESIAN_POINT('Ctrl Pts',(-0.0539870416553619,-0.0402749124771857,
0.0818918053713224));
#2360=CARTESIAN_POINT('Ctrl Pts',(-0.0671484485375775,-0.02263035738378,
0.0802564627796772));
#2361=CARTESIAN_POINT('Ctrl Pts',(-0.0708307819618969,0.00209817982779395,
0.078621120188032));
#2362=CARTESIAN_POINT('Ctrl Pts',(-0.0633752074154802,0.0228142403138129,
0.0769857775963868));
#2363=CARTESIAN_POINT('Ctrl Pts',(-0.0559196328690637,0.0435303007998311,
0.0753504350047416));
#2364=CARTESIAN_POINT('Ctrl Pts',(-0.0373261503519123,0.0602338845602949,
0.0737150924130965));
#2365=CARTESIAN_POINT('Ctrl Pts',(-0.0159347194282638,0.0654418616218611,
0.0720797498214514));
#2366=CARTESIAN_POINT('Ctrl Pts',(0.00545671149538493,0.0706498386834274,
0.0704444072298062));
#2367=CARTESIAN_POINT('Ctrl Pts',(0.0296460908255307,0.0643622090460958,
0.0688090646381611));
#2368=CARTESIAN_POINT('Ctrl Pts',(0.0457911111519335,0.0493950043178198,
0.0671737220465159));
#2369=CARTESIAN_POINT('Ctrl Pts',(0.0592652754161873,0.0369038106860778,
0.0658089126958505));
#2370=CARTESIAN_POINT('Ctrl Pts',(0.0671364744566626,0.0183672183632647,
0.0644441033451851));
#2371=CARTESIAN_POINT('Ctrl Pts',(0.0672930025611109,-5.15557066179843E-5,
0.0630792939945198));
#2372=CARTESIAN_POINT('Origin',(5.80482582794578E-17,0.,-0.0719999999994828));
#2373=CARTESIAN_POINT('',(0.0672683986658914,5.64220266474876E-5,0.0318292939945198));
#2374=CARTESIAN_POINT('',(0.0671588578568636,-2.9735781588559E-5,0.0410457060065147));
#2375=CARTESIAN_POINT('',(0.0672500000000001,8.23574972426595E-18,-0.0719999999994828));
#2376=CARTESIAN_POINT('Ctrl Pts',(0.0671588578568636,-2.9735781588559E-5,
0.0410457060065147));
#2377=CARTESIAN_POINT('Ctrl Pts',(0.067105348474699,0.0130552335352699,
0.042010378088064));
#2378=CARTESIAN_POINT('Ctrl Pts',(0.0634079829766103,0.0261681315406957,
0.0429750501696132));
#2379=CARTESIAN_POINT('Ctrl Pts',(0.0562704583856644,0.0370178201004986,
0.0439397222511625));
#2380=CARTESIAN_POINT('Ctrl Pts',(0.0441707011876091,0.055410554945106,
0.0455750648428077));
#2381=CARTESIAN_POINT('Ctrl Pts',(0.022184579831845,0.067299255487622,0.0472104074344528));
#2382=CARTESIAN_POINT('Ctrl Pts',(0.000168720708760705,0.0673545216599855,
0.048845750026098));
#2383=CARTESIAN_POINT('Ctrl Pts',(-0.0218471384143231,0.067409787832349,
0.0504810926177432));
#2384=CARTESIAN_POINT('Ctrl Pts',(-0.0438927353047273,0.0556316196345603,
0.0521164352093884));
#2385=CARTESIAN_POINT('Ctrl Pts',(-0.0560844238900155,0.0372994076323897,
0.0537517778010335));
#2386=CARTESIAN_POINT('Ctrl Pts',(-0.0682761124753037,0.018967195630219,
0.0553871203926786));
#2387=CARTESIAN_POINT('Ctrl Pts',(-0.0706138927554761,-0.00591906017633371,
0.0570224629843238));
#2388=CARTESIAN_POINT('Ctrl Pts',(-0.062050142319596,-0.0262006029556019,
0.0586578055759689));
#2389=CARTESIAN_POINT('Ctrl Pts',(-0.0534863918837158,-0.0464821457348701,
0.0602931481676141));
#2390=CARTESIAN_POINT('Ctrl Pts',(-0.0340211107317832,-0.0621589754868536,
0.0619284907592593));
#2391=CARTESIAN_POINT('Ctrl Pts',(-0.0123800677733202,-0.0662063857636346,
0.0635638333509045));
#2392=CARTESIAN_POINT('Ctrl Pts',(0.00926097518514269,-0.0702537960404154,
0.0651991759425496));
#2393=CARTESIAN_POINT('Ctrl Pts',(0.0330777799501362,-0.0626717868419936,
0.0668345185341947));
#2394=CARTESIAN_POINT('Ctrl Pts',(0.0483912632415404,-0.0468528738270451,
0.0684698611258399));
#2395=CARTESIAN_POINT('Ctrl Pts',(0.0603331058774581,-0.0345168842745034,
0.0697451427527315));
#2396=CARTESIAN_POINT('Ctrl Pts',(0.0671038440875083,-0.0171718062247927,
0.0710204243796232));
#2397=CARTESIAN_POINT('Ctrl Pts',(0.0672570432325961,6.19387850230274E-5,
0.0722957060065148));
#2398=CARTESIAN_POINT('Ctrl Pts',(0.0672930025611109,-5.15557066179843E-5,
0.0630792939945198));
#2399=CARTESIAN_POINT('Ctrl Pts',(0.0673240296458683,-0.00370253497457955,
0.06280876075354));
#2400=CARTESIAN_POINT('Ctrl Pts',(0.067051936656526,-0.0073488850006908,
0.0625382275125602));
#2401=CARTESIAN_POINT('Ctrl Pts',(0.0664602768717889,-0.0109426044414067,
0.0622676942715805));
#2402=CARTESIAN_POINT('Ctrl Pts',(0.0628837609425818,-0.0326662286531367,
0.0606323516799353));
#2403=CARTESIAN_POINT('Ctrl Pts',(0.0476300677615077,-0.0524666972573766,
0.0589970090882902));
#2404=CARTESIAN_POINT('Ctrl Pts',(0.0275382920002362,-0.0614679040127883,
0.0573616664966451));
#2405=CARTESIAN_POINT('Ctrl Pts',(0.00744651623896482,-0.0704691107682,
0.0557263239049999));
#2406=CARTESIAN_POINT('Ctrl Pts',(-0.017483342102504,-0.0686710556747835,
0.0540909813133547));
#2407=CARTESIAN_POINT('Ctrl Pts',(-0.0360751259017413,-0.0568794286195642,
0.0524556387217095));
#2408=CARTESIAN_POINT('Ctrl Pts',(-0.0546669097009787,-0.0450878015643448,
0.0508202961300643));
#2409=CARTESIAN_POINT('Ctrl Pts',(-0.0669206189579843,-0.0233026025473228,
0.0491849535384193));
#2410=CARTESIAN_POINT('Ctrl Pts',(-0.0673425417465407,-0.00129071823960082,
0.0475496109467741));
#2411=CARTESIAN_POINT('Ctrl Pts',(-0.0677644645350971,0.020721166068121,
0.045914268355129));
#2412=CARTESIAN_POINT('Ctrl Pts',(-0.0563546008552041,0.0429597356665425,
0.0442789257634838));
#2413=CARTESIAN_POINT('Ctrl Pts',(-0.0382282729478359,0.0554551775360225,
0.0426435831718386));
#2414=CARTESIAN_POINT('Ctrl Pts',(-0.0201019450404677,0.0679506194055026,
0.0410082405801935));
#2415=CARTESIAN_POINT('Ctrl Pts',(0.00474084709437576,0.0707029335460412,
0.0393728979885483));
#2416=CARTESIAN_POINT('Ctrl Pts',(0.0251627070343435,0.0624781519018196,
0.0377375553969032));
#2417=CARTESIAN_POINT('Ctrl Pts',(0.0455845669743115,0.0542533702575979,
0.036102212805258));
#2418=CARTESIAN_POINT('Ctrl Pts',(0.0615854947194037,0.0350514928286154,
0.0344668702136128));
#2419=CARTESIAN_POINT('Ctrl Pts',(0.0659919802764952,0.0134810761630979,
0.0328315276219676));
#2420=CARTESIAN_POINT('Ctrl Pts',(0.0668921643371609,0.0090745383422786,
0.0324974497461517));
#2421=CARTESIAN_POINT('Ctrl Pts',(0.0673084794024876,0.00456915465356673,
0.0321633718703357));
#2422=CARTESIAN_POINT('Ctrl Pts',(0.0672683986658914,5.64220266474876E-5,
0.0318292939945198));
#2423=CARTESIAN_POINT('Origin',(5.80482582794578E-17,0.,-0.0719999999994828));
#2424=CARTESIAN_POINT('',(0.0671544796764637,-2.48920335177591E-5,0.000579293994519729));
#2425=CARTESIAN_POINT('',(0.0673501379250255,-1.56075780484095E-5,0.00979570600651474));
#2426=CARTESIAN_POINT('',(0.0672500000000001,8.23574972426595E-18,-0.0719999999994828));
#2427=CARTESIAN_POINT('Ctrl Pts',(0.0673501379250255,-1.56075780484095E-5,
0.00979570600651474));
#2428=CARTESIAN_POINT('Ctrl Pts',(0.067282703204007,0.021114965442791,0.0113649892048597));
#2429=CARTESIAN_POINT('Ctrl Pts',(0.0565093389672027,0.0423049234424933,
0.0129342724032048));
#2430=CARTESIAN_POINT('Ctrl Pts',(0.0393669215655667,0.0546527722163623,
0.0145035556015498));
#2431=CARTESIAN_POINT('Ctrl Pts',(0.0215028895474966,0.0675204069660349,
0.0161388981931949));
#2432=CARTESIAN_POINT('Ctrl Pts',(-0.00327769564155371,0.0707858422958965,
0.0177742407848401));
#2433=CARTESIAN_POINT('Ctrl Pts',(-0.0238652823784836,0.0629851391078694,
0.0194095833764852));
#2434=CARTESIAN_POINT('Ctrl Pts',(-0.0444528691154134,0.0551844359198424,
0.0210449259681304));
#2435=CARTESIAN_POINT('Ctrl Pts',(-0.0608474574002225,0.0363175942139265,
0.0226802685597755));
#2436=CARTESIAN_POINT('Ctrl Pts',(-0.0656990719436108,0.0148429170495788,
0.0243156111514207));
#2437=CARTESIAN_POINT('Ctrl Pts',(-0.0705506864869992,-0.00663176011476916,
0.0259509537430659));
#2438=CARTESIAN_POINT('Ctrl Pts',(-0.0638593272889665,-0.0307142727375492,
0.0275862963347111));
#2439=CARTESIAN_POINT('Ctrl Pts',(-0.0486248528518056,-0.0466079858393161,
0.0292216389263562));
#2440=CARTESIAN_POINT('Ctrl Pts',(-0.0333903784146449,-0.0625016989410829,
0.0308569815180014));
#2441=CARTESIAN_POINT('Ctrl Pts',(-0.00961278873835661,-0.0702066125218366,
0.0324923241096465));
#2442=CARTESIAN_POINT('Ctrl Pts',(0.0120480395542012,-0.0662685571346991,
0.0341276667012917));
#2443=CARTESIAN_POINT('Ctrl Pts',(0.0337088678467589,-0.0623305017475615,
0.0357630092929368));
#2444=CARTESIAN_POINT('Ctrl Pts',(0.053252934755586,-0.0467494773925325,
0.037398351884582));
#2445=CARTESIAN_POINT('Ctrl Pts',(0.061918271689826,-0.0265105806416691,
0.0390336944762271));
#2446=CARTESIAN_POINT('Ctrl Pts',(0.065472013866866,-0.0182104047170488,
0.039704364986323));
#2447=CARTESIAN_POINT('Ctrl Pts',(0.0671960592699838,-0.00912681987282959,
0.0403750354964189));
#2448=CARTESIAN_POINT('Ctrl Pts',(0.0671588578568636,-2.9735781588559E-5,
0.0410457060065147));
#2449=CARTESIAN_POINT('Ctrl Pts',(0.0672683986658914,5.64220266474876E-5,
0.0318292939945198));
#2450=CARTESIAN_POINT('Ctrl Pts',(0.067112280430915,-0.0175210955657368,
0.0305280292786906));
#2451=CARTESIAN_POINT('Ctrl Pts',(0.0600318360174531,-0.0352101094624233,
0.0292267645628614));
#2452=CARTESIAN_POINT('Ctrl Pts',(0.0476506052969731,-0.0476035702821938,
0.0279254998470322));
#2453=CARTESIAN_POINT('Ctrl Pts',(0.0320907013912685,-0.0631788441599159,
0.0262901572553871));
#2454=CARTESIAN_POINT('Ctrl Pts',(0.0081588502107684,-0.0703904360133077,
0.0246548146637419));
#2455=CARTESIAN_POINT('Ctrl Pts',(-0.0134159025073007,-0.0660052590260548,
0.0230194720720967));
#2456=CARTESIAN_POINT('Ctrl Pts',(-0.0349906552253697,-0.0616200820388018,
0.0213841294804516));
#2457=CARTESIAN_POINT('Ctrl Pts',(-0.0542083094810079,-0.0456381362109039,
0.0197487868888064));
#2458=CARTESIAN_POINT('Ctrl Pts',(-0.0624532632965318,-0.0252244018607279,
0.0181134442971613));
#2459=CARTESIAN_POINT('Ctrl Pts',(-0.0706982171120558,-0.00481066751055167,
0.0164781017055161));
#2460=CARTESIAN_POINT('Ctrl Pts',(-0.0679704704874656,0.0200348553619029,
0.014842759113871));
#2461=CARTESIAN_POINT('Ctrl Pts',(-0.0554929200790265,0.0381735022646189,
0.0132074165222258));
#2462=CARTESIAN_POINT('Ctrl Pts',(-0.0430153696705876,0.0563121491673346,
0.0115720739305806));
#2463=CARTESIAN_POINT('Ctrl Pts',(-0.0207880154783002,0.0677439201003117,
0.00993673133893551));
#2464=CARTESIAN_POINT('Ctrl Pts',(0.00122424577619855,0.0673437581423514,
0.00830138874729037));
#2465=CARTESIAN_POINT('Ctrl Pts',(0.0232365070306974,0.0669435961843911,
0.00666604615564521));
#2466=CARTESIAN_POINT('Ctrl Pts',(0.0450336753474075,0.0547115013354932,
0.00503070356400006));
#2467=CARTESIAN_POINT('Ctrl Pts',(0.0568437121060814,0.0361313286332057,
0.00339536097235491));
#2468=CARTESIAN_POINT('Ctrl Pts',(0.0636226901406194,0.0254662828589643,
0.00245667197974318));
#2469=CARTESIAN_POINT('Ctrl Pts',(0.0671111315773037,0.0127096873358068,
0.00151798298713146));
#2470=CARTESIAN_POINT('Ctrl Pts',(0.0671544796764637,-2.48920335177591E-5,
0.000579293994519729));
#2471=CARTESIAN_POINT('Origin',(5.80482582794578E-17,0.,-0.0719999999994828));
#2472=CARTESIAN_POINT('',(0.0673459424410252,-2.14502676715071E-5,-0.0306707060054803));
#2473=CARTESIAN_POINT('',(0.0671924824861939,4.96491245252395E-5,-0.0214542939934853));
#2474=CARTESIAN_POINT('',(0.0672500000000001,8.23574972426595E-18,-0.0719999999994828));
#2475=CARTESIAN_POINT('Ctrl Pts',(0.0671924824861939,4.96491245252395E-5,
-0.0214542939934853));
#2476=CARTESIAN_POINT('Ctrl Pts',(0.0672439642016991,0.00734542133349641,
-0.0209157422699897));
#2477=CARTESIAN_POINT('Ctrl Pts',(0.0661462229402996,0.0146261305541195,
-0.0203771905464941));
#2478=CARTESIAN_POINT('Ctrl Pts',(0.0638321963632512,0.0214972227247151,
-0.0198386388229984));
#2479=CARTESIAN_POINT('Ctrl Pts',(0.0568055245422355,0.0423616804684582,
-0.0182032962313533));
#2480=CARTESIAN_POINT('Ctrl Pts',(0.038563882646677,0.0594491930341452,
-0.0165679536397081));
#2481=CARTESIAN_POINT('Ctrl Pts',(0.0172853063658876,0.0650991402835623,
-0.014932611048063));
#2482=CARTESIAN_POINT('Ctrl Pts',(-0.00399326991490205,0.0707490875329796,
-0.0132972684564178));
#2483=CARTESIAN_POINT('Ctrl Pts',(-0.0283087805809226,0.0649614694661266,
-0.0116619258647727));
#2484=CARTESIAN_POINT('Ctrl Pts',(-0.0447601722354532,0.0503309730794211,
-0.0100265832731275));
#2485=CARTESIAN_POINT('Ctrl Pts',(-0.0612115638899835,0.0357004766927158,
-0.00839124068148236));
#2486=CARTESIAN_POINT('Ctrl Pts',(-0.0697988365330241,0.0122271019861579,
-0.00675589808983719));
#2487=CARTESIAN_POINT('Ctrl Pts',(-0.0666721709328491,-0.00956564176583645,
-0.00512055549819205));
#2488=CARTESIAN_POINT('Ctrl Pts',(-0.063545505332674,-0.0313583855178313,
-0.00348521290654687));
#2489=CARTESIAN_POINT('Ctrl Pts',(-0.0487049014892834,-0.0514704983152625,
-0.00184987031490174));
#2490=CARTESIAN_POINT('Ctrl Pts',(-0.0288036525513696,-0.0608853800415467,
-0.000214527723256567));
#2491=CARTESIAN_POINT('Ctrl Pts',(-0.00890240361345635,-0.0703002617678307,
0.00142081486838857));
#2492=CARTESIAN_POINT('Ctrl Pts',(0.01605949041898,-0.069017912422968,0.00305615746003374));
#2493=CARTESIAN_POINT('Ctrl Pts',(0.0348911919062645,-0.0576132323828987,
0.00469150005167887));
#2494=CARTESIAN_POINT('Ctrl Pts',(0.0537228933935493,-0.0462085523428293,
0.00632684264332402));
#2495=CARTESIAN_POINT('Ctrl Pts',(0.0664244023356824,-0.0246815416075532,
0.00796218523496915));
#2496=CARTESIAN_POINT('Ctrl Pts',(0.0673014173832043,-0.00268311915517338,
0.0095975278266143));
#2497=CARTESIAN_POINT('Ctrl Pts',(0.0673368442608814,-0.00179449652148863,
0.00966358721991445));
#2498=CARTESIAN_POINT('Ctrl Pts',(0.0673529766075288,-0.000905104665198289,
0.0097296466132146));
#2499=CARTESIAN_POINT('Ctrl Pts',(0.0673501379250255,-1.56075780484095E-5,
0.00979570600651474));
#2500=CARTESIAN_POINT('Ctrl Pts',(0.0671544796764637,-2.48920335177591E-5,
0.000579293994519729));
#2501=CARTESIAN_POINT('Ctrl Pts',(0.067186650725159,-0.00947593558430385,
-0.00011735960451371));
#2502=CARTESIAN_POINT('Ctrl Pts',(0.0653212801445514,-0.0189148527384086,
-0.000814013203547148));
#2503=CARTESIAN_POINT('Ctrl Pts',(0.0614951888357308,-0.0274776683013008,
-0.00151066680258059));
#2504=CARTESIAN_POINT('Ctrl Pts',(0.0525137236060688,-0.0475782419778423,
-0.00314600939422572));
#2505=CARTESIAN_POINT('Ctrl Pts',(0.0327278879461076,-0.0628511387752486,
-0.00478135198587086));
#2506=CARTESIAN_POINT('Ctrl Pts',(0.0110080054794353,-0.0664492613402444,
-0.006416694577516));
#2507=CARTESIAN_POINT('Ctrl Pts',(-0.0107118769872372,-0.0700473839052402,
-0.00805203716916116));
#2508=CARTESIAN_POINT('Ctrl Pts',(-0.0343658062606209,-0.0619707322378253,
-0.00968737976080632));
#2509=CARTESIAN_POINT('Ctrl Pts',(-0.0493493269100288,-0.0458402055674742,
-0.0113227223524515));
#2510=CARTESIAN_POINT('Ctrl Pts',(-0.0643328475594367,-0.0297096788971231,
-0.0129580649440966));
#2511=CARTESIAN_POINT('Ctrl Pts',(-0.0706459595848689,-0.00552527722383574,
-0.0145934075357418));
#2512=CARTESIAN_POINT('Ctrl Pts',(-0.0654583884495283,0.0158707244234241,
-0.0162287501273869));
#2513=CARTESIAN_POINT('Ctrl Pts',(-0.0602708173141877,0.037266726070684,
-0.0178640927190321));
#2514=CARTESIAN_POINT('Ctrl Pts',(-0.0435825630180744,0.0558743276919165,
-0.0194994353106772));
#2515=CARTESIAN_POINT('Ctrl Pts',(-0.0228752513468196,0.0633514276841815,
-0.0211347779023224));
#2516=CARTESIAN_POINT('Ctrl Pts',(-0.00216793967556451,0.0708285276764467,
-0.0227701204939676));
#2517=CARTESIAN_POINT('Ctrl Pts',(0.0225584293708322,0.067175126039744,
-0.0244054630856127));
#2518=CARTESIAN_POINT('Ctrl Pts',(0.0402186075906627,0.0540291043468897,
-0.0260408056772579));
#2519=CARTESIAN_POINT('Ctrl Pts',(0.0568848126525642,0.0416229841733518,
-0.0275841057866654));
#2520=CARTESIAN_POINT('Ctrl Pts',(0.0672578596523342,0.0207627251429169,
-0.0291274058960728));
#2521=CARTESIAN_POINT('Ctrl Pts',(0.0673459424410252,-2.14502676715071E-5,
-0.0306707060054803));
#2522=CARTESIAN_POINT('Origin',(5.80482582794578E-17,0.,-0.0719999999994828));
#2523=CARTESIAN_POINT('',(0.0672009789410034,5.23136443179184E-5,-0.0619207060054803));
#2524=CARTESIAN_POINT('',(0.0672079781210445,-5.40663021653054E-5,-0.0527042939934853));
#2525=CARTESIAN_POINT('',(0.0672500000000001,8.23574972426595E-18,-0.0719999999994828));
#2526=CARTESIAN_POINT('Ctrl Pts',(0.0672079781210445,-5.40663021653054E-5,
-0.0527042939934853));
#2527=CARTESIAN_POINT('Ctrl Pts',(0.0670869379319687,0.0154233396957193,
-0.051561131153194));
#2528=CARTESIAN_POINT('Ctrl Pts',(0.061757693524674,0.0309760571826276,
-0.0504179683129026));
#2529=CARTESIAN_POINT('Ctrl Pts',(0.0519669173660757,0.04284996356,-0.0492748054726112));
#2530=CARTESIAN_POINT('Ctrl Pts',(0.0379607996957891,0.0598360867471174,
-0.0476394628809661));
#2531=CARTESIAN_POINT('Ctrl Pts',(0.0148243770109975,0.0692937041669053,
-0.0460041202893209));
#2532=CARTESIAN_POINT('Ctrl Pts',(-0.00706990226102457,0.066982806448874,
-0.0443687776976757));
#2533=CARTESIAN_POINT('Ctrl Pts',(-0.0289641815330463,0.0646719087308427,
-0.0427334351060306));
#2534=CARTESIAN_POINT('Ctrl Pts',(-0.0496163173922985,0.0505924958749925,
-0.0410980925143854));
#2535=CARTESIAN_POINT('Ctrl Pts',(-0.0597676090883343,0.0310566060828893,
-0.0394627499227403));
#2536=CARTESIAN_POINT('Ctrl Pts',(-0.0699189007843701,0.0115207162907861,
-0.0378274073310952));
#2537=CARTESIAN_POINT('Ctrl Pts',(-0.0695693483171893,-0.0134716504375702,
-0.03619206473945));
#2538=CARTESIAN_POINT('Ctrl Pts',(-0.0588756619499713,-0.0327159946739391,
-0.0345567221478049));
#2539=CARTESIAN_POINT('Ctrl Pts',(-0.0481819755827532,-0.0519603389103083,
-0.0329213795561597));
#2540=CARTESIAN_POINT('Ctrl Pts',(-0.0271441553154976,-0.0654566606546899,
-0.0312860369645145));
#2541=CARTESIAN_POINT('Ctrl Pts',(-0.00519381072762738,-0.0671543312708065,
-0.0296506943728693));
#2542=CARTESIAN_POINT('Ctrl Pts',(0.0167565338602426,-0.068852001886923,
-0.0280153517812242));
#2543=CARTESIAN_POINT('Ctrl Pts',(0.0396194027687272,-0.0587510213747748,
-0.026380009189579));
#2544=CARTESIAN_POINT('Ctrl Pts',(0.0531449863497333,-0.0413798296578011,
-0.0247446665979339));
#2545=CARTESIAN_POINT('Ctrl Pts',(0.0622163189462364,-0.0297293262456172,
-0.0236478757297844));
#2546=CARTESIAN_POINT('Ctrl Pts',(0.0670876370777042,-0.0148086012269169,
-0.0225510848616348));
#2547=CARTESIAN_POINT('Ctrl Pts',(0.0671924824861939,4.96491245252395E-5,
-0.0214542939934853));
#2548=CARTESIAN_POINT('Ctrl Pts',(0.0673459424410252,-2.14502676715071E-5,
-0.0306707060054803));
#2549=CARTESIAN_POINT('Ctrl Pts',(0.0673511957021791,-0.00126101934719975,
-0.030762748487718));
#2550=CARTESIAN_POINT('Ctrl Pts',(0.0673198660190496,-0.00250031780227382,
-0.0308547909699557));
#2551=CARTESIAN_POINT('Ctrl Pts',(0.0672511065869577,-0.00373753606799092,
-0.0309468334521934));
#2552=CARTESIAN_POINT('Ctrl Pts',(0.066029439970158,-0.0257195130410116,
-0.0325821760438385));
#2553=CARTESIAN_POINT('Ctrl Pts',(0.0529921193432944,-0.0470448252380477,
-0.0342175186354836));
#2554=CARTESIAN_POINT('Ctrl Pts',(0.0339839953817764,-0.0581529756000819,
-0.0358528612271288));
#2555=CARTESIAN_POINT('Ctrl Pts',(0.0149758714202581,-0.0692611259621163,
-0.0374882038187739));
#2556=CARTESIAN_POINT('Ctrl Pts',(-0.0100030558759148,-0.0701521144891486,
-0.0391235464104191));
#2557=CARTESIAN_POINT('Ctrl Pts',(-0.0297543121920663,-0.0604264960022379,
-0.0407588890020643));
#2558=CARTESIAN_POINT('Ctrl Pts',(-0.0495055685082176,-0.0507008775153272,
-0.0423942315937094));
#2559=CARTESIAN_POINT('Ctrl Pts',(-0.0640291538443476,-0.0303586520144737,
-0.0440295741853546));
#2560=CARTESIAN_POINT('Ctrl Pts',(-0.0668138999916575,-0.00851958221070078,
-0.0456649167769997));
#2561=CARTESIAN_POINT('Ctrl Pts',(-0.0695986461389674,0.0133194875930721,
-0.0473002593686449));
#2562=CARTESIAN_POINT('Ctrl Pts',(-0.0606445530974572,0.0366554016997643,
-0.04893560196029));
#2563=CARTESIAN_POINT('Ctrl Pts',(-0.0439658917652748,0.0510262763138016,
-0.0505709445519352));
#2564=CARTESIAN_POINT('Ctrl Pts',(-0.0272872304330923,0.0653971509278389,
-0.0522062871435803));
#2565=CARTESIAN_POINT('Ctrl Pts',(-0.00288400081023768,0.0708029860492212,
-0.0538416297352255));
#2566=CARTESIAN_POINT('Ctrl Pts',(0.0183034177645716,0.0648202546376165,
-0.0554769723268707));
#2567=CARTESIAN_POINT('Ctrl Pts',(0.0394908363393808,0.0588375232260119,
-0.0571123149185158));
#2568=CARTESIAN_POINT('Ctrl Pts',(0.0574624438661446,0.0414662252814202,
-0.0587476575101609));
#2569=CARTESIAN_POINT('Ctrl Pts',(0.0641612656451558,0.0204942065951418,
-0.0603830001018061));
#2570=CARTESIAN_POINT('Ctrl Pts',(0.0662608904882668,0.013920905663049,
-0.0608955687363642));
#2571=CARTESIAN_POINT('Ctrl Pts',(0.0672530814379468,0.00699387138772122,
-0.0614081373709222));
#2572=CARTESIAN_POINT('Ctrl Pts',(0.0672009789410034,5.23136443179184E-5,
-0.0619207060054803));
#2573=CARTESIAN_POINT('Origin',(5.80482582794578E-17,0.,-0.0719999999994828));
#2574=CARTESIAN_POINT('',(0.0671991077428041,-5.17799898365167E-5,-0.0931707060054804));
#2575=CARTESIAN_POINT('',(0.067341845302853,2.58472323360013E-5,-0.0839542939934854));
#2576=CARTESIAN_POINT('',(0.0672500000000001,8.23574972426595E-18,-0.0719999999994828));
#2577=CARTESIAN_POINT('Ctrl Pts',(0.067341845302853,2.58472323360013E-5,
-0.0839542939934854));
#2578=CARTESIAN_POINT('Ctrl Pts',(0.0673493856391479,0.00154024584436013,
-0.0838418626280434));
#2579=CARTESIAN_POINT('Ctrl Pts',(0.0673026221251561,0.00305417089929793,
-0.0837294312626014));
#2580=CARTESIAN_POINT('Ctrl Pts',(0.0672000520304145,0.00456430550651881,
-0.0836169998971594));
#2581=CARTESIAN_POINT('Ctrl Pts',(0.0657081441104087,0.026529594575076,
-0.0819816573055143));
#2582=CARTESIAN_POINT('Ctrl Pts',(0.0524095521862599,0.0476929599667699,
-0.0803463147138691));
#2583=CARTESIAN_POINT('Ctrl Pts',(0.0332662592645492,0.0585665081099579,
-0.0787109721222239));
#2584=CARTESIAN_POINT('Ctrl Pts',(0.0141229663428388,0.0694400562531458,
-0.0770756295305788));
#2585=CARTESIAN_POINT('Ctrl Pts',(-0.0108650275764334,0.0700237871478282,
-0.0754402869389337));
#2586=CARTESIAN_POINT('Ctrl Pts',(-0.0304951834600955,0.0600560043907775,
-0.0738049443472885));
#2587=CARTESIAN_POINT('Ctrl Pts',(-0.0501253393437578,0.0500882216337267,
-0.0721696017556434));
#2588=CARTESIAN_POINT('Ctrl Pts',(-0.06439765719181,0.0295689252249425,
-0.0705342591639982));
#2589=CARTESIAN_POINT('Ctrl Pts',(-0.066913616246564,0.00769726175044094,
-0.068898916572353));
#2590=CARTESIAN_POINT('Ctrl Pts',(-0.0694295753013181,-0.0141744017240606,
-0.0672635739807079));
#2591=CARTESIAN_POINT('Ctrl Pts',(-0.0601891755627739,-0.0373984322642796,
-0.0656282313890628));
#2592=CARTESIAN_POINT('Ctrl Pts',(-0.0433350440495741,-0.0515631053648436,
-0.0639928887974176));
#2593=CARTESIAN_POINT('Ctrl Pts',(-0.0264809125363743,-0.0657277784654076,
-0.0623575462057725));
#2594=CARTESIAN_POINT('Ctrl Pts',(-0.00201304924851888,-0.0708330941263167,
-0.0607222036141273));
#2595=CARTESIAN_POINT('Ctrl Pts',(0.0190991901135068,-0.0645902532482355,
-0.0590868610224822));
#2596=CARTESIAN_POINT('Ctrl Pts',(0.0402114294755328,-0.0583474123701543,
-0.057451518430837));
#2597=CARTESIAN_POINT('Ctrl Pts',(0.057968044911729,-0.0407564149530824,
-0.0558161758391918));
#2598=CARTESIAN_POINT('Ctrl Pts',(0.0644084463019363,-0.0197036017673231,
-0.0541808332475467));
#2599=CARTESIAN_POINT('Ctrl Pts',(0.066346777249253,-0.0133674564164944,
-0.0536886534961929));
#2600=CARTESIAN_POINT('Ctrl Pts',(0.067260091020505,-0.00671774147349858,
-0.0531964737448391));
#2601=CARTESIAN_POINT('Ctrl Pts',(0.0672079781210445,-5.40663021653054E-5,
-0.0527042939934853));
#2602=CARTESIAN_POINT('Ctrl Pts',(0.0672009789410034,5.23136443179184E-5,
-0.0619207060054803));
#2603=CARTESIAN_POINT('Ctrl Pts',(0.0670868491977395,-0.0151530651682756,
-0.0630434799625674));
#2604=CARTESIAN_POINT('Ctrl Pts',(0.0619619645561953,-0.030428130848133,
-0.0641662539196545));
#2605=CARTESIAN_POINT('Ctrl Pts',(0.05248995891436,-0.0422076382462239,
-0.0652890278767416));
#2606=CARTESIAN_POINT('Ctrl Pts',(0.0386937943732946,-0.0593647249733462,
-0.0669243704683867));
#2607=CARTESIAN_POINT('Ctrl Pts',(0.0156754292599055,-0.0691061589996256,
-0.0685597130600318));
#2608=CARTESIAN_POINT('Ctrl Pts',(-0.00624561519910923,-0.0670646911864951,
-0.070195055651677));
#2609=CARTESIAN_POINT('Ctrl Pts',(-0.0281666596581238,-0.0650232233733646,
-0.0718303982433222));
#2610=CARTESIAN_POINT('Ctrl Pts',(-0.0489903834627641,-0.051198853720824,
-0.0734657408349674));
#2611=CARTESIAN_POINT('Ctrl Pts',(-0.0593811600921308,-0.0317892802571138,
-0.0751010834266125));
#2612=CARTESIAN_POINT('Ctrl Pts',(-0.0697719367214977,-0.0123797067934033,
-0.0767364260182577));
#2613=CARTESIAN_POINT('Ctrl Pts',(-0.0697297661755911,0.012615070481477,
-0.0783717686099027));
#2614=CARTESIAN_POINT('Ctrl Pts',(-0.0592735542212577,0.0319894714418587,
-0.0800071112015479));
#2615=CARTESIAN_POINT('Ctrl Pts',(-0.0488173422669245,0.0513638724022401,
-0.0816424537931931));
#2616=CARTESIAN_POINT('Ctrl Pts',(-0.0279470889041645,0.0651178970481229,
-0.0832777963848383));
#2617=CARTESIAN_POINT('Ctrl Pts',(-0.00601928063934244,0.0670853842036633,
-0.0849131389764835));
#2618=CARTESIAN_POINT('Ctrl Pts',(0.01590852762548,0.0690528713592038,-0.0865484815681287));
#2619=CARTESIAN_POINT('Ctrl Pts',(0.0388938907923647,0.0592338210244016,
-0.0881838241597737));
#2620=CARTESIAN_POINT('Ctrl Pts',(0.052632082963657,0.0420302790384128,
-0.0898191667514189));
#2621=CARTESIAN_POINT('Ctrl Pts',(0.0620172908047461,0.0302777270921097,
-0.0909363465027727));
#2622=CARTESIAN_POINT('Ctrl Pts',(0.06708693521815,0.0150789057822253,-0.0920535262541265));
#2623=CARTESIAN_POINT('Ctrl Pts',(0.0671991077428041,-5.17799898365167E-5,
-0.0931707060054804));
#2624=CARTESIAN_POINT('Origin',(5.80482582794578E-17,0.,-0.0719999999994828));
#2625=CARTESIAN_POINT('',(0.0673469463090106,2.02130838980725E-5,-0.12442070600548));
#2626=CARTESIAN_POINT('',(0.0671515969660022,2.0904833414185E-5,-0.115204293993485));
#2627=CARTESIAN_POINT('',(0.0672500000000001,8.23574972426595E-18,-0.0719999999994828));
#2628=CARTESIAN_POINT('Ctrl Pts',(0.0671515969660022,2.0904833414185E-5,
-0.115204293993485));
#2629=CARTESIAN_POINT('Ctrl Pts',(0.0671793337423083,0.0097495960793498,
-0.114487251511248));
#2630=CARTESIAN_POINT('Ctrl Pts',(0.0651987727139553,0.0194675295371467,
-0.11377020902901));
#2631=CARTESIAN_POINT('Ctrl Pts',(0.0611526144781667,0.0282318547036575,
-0.113053166546772));
#2632=CARTESIAN_POINT('Ctrl Pts',(0.0519246327902875,0.0482204531296446,
-0.111417823955127));
#2633=CARTESIAN_POINT('Ctrl Pts',(0.0319524690179189,0.063248868088122,
-0.109782481363482));
#2634=CARTESIAN_POINT('Ctrl Pts',(0.010189980958735,0.066579607732461,-0.108147138771837));
#2635=CARTESIAN_POINT('Ctrl Pts',(-0.0115725071004488,0.0699103473767999,
-0.106511796180192));
#2636=CARTESIAN_POINT('Ctrl Pts',(-0.0351253194464479,0.0615434117070004,
-0.104876453588546));
#2637=CARTESIAN_POINT('Ctrl Pts',(-0.0499093331453981,0.0452298390734206,
-0.103241110996901));
#2638=CARTESIAN_POINT('Ctrl Pts',(-0.0646933468443483,0.0289162664398407,
-0.101605768405256));
#2639=CARTESIAN_POINT('Ctrl Pts',(-0.0707085618962497,0.00465605684248048,
-0.099970425813611));
#2640=CARTESIAN_POINT('Ctrl Pts',(-0.0652582559623669,-0.0166745286705461,
-0.0983350832219659));
#2641=CARTESIAN_POINT('Ctrl Pts',(-0.059807950028484,-0.0380051141835729,
-0.0966997406303207));
#2642=CARTESIAN_POINT('Ctrl Pts',(-0.0428921231088168,-0.0564060756122661,
-0.0950643980386756));
#2643=CARTESIAN_POINT('Ctrl Pts',(-0.0220944256537673,-0.0636279516619325,
-0.0934290554470304));
#2644=CARTESIAN_POINT('Ctrl Pts',(-0.00129672819871781,-0.070849827711599,
-0.0917937128553852));
#2645=CARTESIAN_POINT('Ctrl Pts',(0.023382839791714,-0.0668926183822389,
-0.0901583702637401));
#2646=CARTESIAN_POINT('Ctrl Pts',(0.0408800118289984,-0.0535304073448489,
-0.0885230276720949));
#2647=CARTESIAN_POINT('Ctrl Pts',(0.0571742365734188,-0.0410868610813923,
-0.0870001164458917));
#2648=CARTESIAN_POINT('Ctrl Pts',(0.0672397095443149,-0.0204870642504322,
-0.0854772052196886));
#2649=CARTESIAN_POINT('Ctrl Pts',(0.067341845302853,2.58472323360013E-5,
-0.0839542939934854));
#2650=CARTESIAN_POINT('Ctrl Pts',(0.0671991077428041,-5.17799898365167E-5,
-0.0931707060054804));
#2651=CARTESIAN_POINT('Ctrl Pts',(0.0672511348529508,-0.00706959346676915,
-0.0936888688457717));
#2652=CARTESIAN_POINT('Ctrl Pts',(0.0662366967881992,-0.0140727494368331,
-0.0942070316860631));
#2653=CARTESIAN_POINT('Ctrl Pts',(0.0640917459681915,-0.0207105917800587,
-0.0947251945263544));
#2654=CARTESIAN_POINT('Ctrl Pts',(0.0573221956257339,-0.0416598869753673,
-0.0963605371179995));
#2655=CARTESIAN_POINT('Ctrl Pts',(0.0392920737651189,-0.0589704437288096,
-0.0979958797096447));
#2656=CARTESIAN_POINT('Ctrl Pts',(0.018084588048384,-0.0648816475466874,
-0.0996312223012898));
#2657=CARTESIAN_POINT('Ctrl Pts',(-0.00312289766835082,-0.0707928513645651,
-0.101266564892935));
#2658=CARTESIAN_POINT('Ctrl Pts',(-0.0275077472412054,-0.0653047022468782,
-0.10290190748458));
#2659=CARTESIAN_POINT('Ctrl Pts',(-0.0441378214173726,-0.0508776299915591,
-0.104537250076225));
#2660=CARTESIAN_POINT('Ctrl Pts',(-0.0607678955935399,-0.03645055773624,
-0.10617259266787));
#2661=CARTESIAN_POINT('Ctrl Pts',(-0.0696431943730197,-0.0130845623432887,
-0.107807935259516));
#2662=CARTESIAN_POINT('Ctrl Pts',(-0.0667847716548296,0.00874498645345235,
-0.109443277851161));
#2663=CARTESIAN_POINT('Ctrl Pts',(-0.0639263489366394,0.0305745352501933,
-0.111078620442806));
#2664=CARTESIAN_POINT('Ctrl Pts',(-0.0493342047207792,0.0508676374507239,
-0.112713963034451));
#2665=CARTESIAN_POINT('Ctrl Pts',(-0.0295502433163199,0.0605265531296021,
-0.114349305626096));
#2666=CARTESIAN_POINT('Ctrl Pts',(-0.00976628191186061,0.0701854688084803,
-0.115984648217741));
#2667=CARTESIAN_POINT('Ctrl Pts',(0.0152094966811979,0.0692101979657061,
-0.117619990809387));
#2668=CARTESIAN_POINT('Ctrl Pts',(0.0341800297618685,0.0580379709984024,
-0.119255333401032));
#2669=CARTESIAN_POINT('Ctrl Pts',(0.0531505628425392,0.0468657440310988,
-0.120890675992677));
#2670=CARTESIAN_POINT('Ctrl Pts',(0.0661158504108221,0.0254965609392658,
-0.122526018584322));
#2671=CARTESIAN_POINT('Ctrl Pts',(0.067263335431858,0.00351058677752705,
-0.124161361175967));
#2672=CARTESIAN_POINT('Ctrl Pts',(0.0673239943438744,0.00234835350404465,
-0.124247809452471));
#2673=CARTESIAN_POINT('Ctrl Pts',(0.06735162908581,0.00118439664336274,
-0.124334257728976));
#2674=CARTESIAN_POINT('Ctrl Pts',(0.0673469463090106,2.02130838980725E-5,
-0.12442070600548));
#2675=CARTESIAN_POINT('Origin',(5.80482582794578E-17,0.,-0.0719999999994828));
#2676=CARTESIAN_POINT('',(0.0671553575898663,2.59623083639849E-5,-0.15567070600548));
#2677=CARTESIAN_POINT('',(0.0672763883766008,-5.52062821717957E-5,-0.146454293993485));
#2678=CARTESIAN_POINT('',(0.0672500000000001,8.23574972426595E-18,-0.0719999999994828));
#2679=CARTESIAN_POINT('Ctrl Pts',(0.0672763883766008,-5.52062821717957E-5,
-0.146454293993485));
#2680=CARTESIAN_POINT('Ctrl Pts',(0.0671191172637376,0.0177922424071515,
-0.145132640394452));
#2681=CARTESIAN_POINT('Ctrl Pts',(0.0597906484798243,0.0357539283102702,
-0.143810986795418));
#2682=CARTESIAN_POINT('Ctrl Pts',(0.0470615729261916,0.0481859753806189,
-0.142489333196385));
#2683=CARTESIAN_POINT('Ctrl Pts',(0.0313113041565621,0.0635687171900816,
-0.14085399060474));
#2684=CARTESIAN_POINT('Ctrl Pts',(0.00729257278694896,0.070485445118191,
-0.139218648013095));
#2685=CARTESIAN_POINT('Ctrl Pts',(-0.0142266189593158,0.0658352731809321,
-0.13758330542145));
#2686=CARTESIAN_POINT('Ctrl Pts',(-0.0357458107055805,0.0611851012436732,
-0.135947962829804));
#2687=CARTESIAN_POINT('Ctrl Pts',(-0.0547654628284969,0.0449680294410462,
-0.134312620238159));
#2688=CARTESIAN_POINT('Ctrl Pts',(-0.0627587445292055,0.02445444463795,
-0.132677277646514));
#2689=CARTESIAN_POINT('Ctrl Pts',(-0.0707520262299142,0.00394085983485389,
-0.131041935054869));
#2690=CARTESIAN_POINT('Ctrl Pts',(-0.0677189375084151,-0.0208692379687114,
-0.129406592463224));
#2691=CARTESIAN_POINT('Ctrl Pts',(-0.0550192632017514,-0.0388530636289903,
-0.127771249871579));
#2692=CARTESIAN_POINT('Ctrl Pts',(-0.0423195888950878,-0.0568368892892692,
-0.126135907279934));
#2693=CARTESIAN_POINT('Ctrl Pts',(-0.0199533290032596,-0.0679944428062616,
-0.124500564688288));
#2694=CARTESIAN_POINT('Ctrl Pts',(0.00205234502336395,-0.0673236047624361,
-0.122865222096643));
#2695=CARTESIAN_POINT('Ctrl Pts',(0.0240580190499875,-0.0666527667186106,
-0.121229879504998));
#2696=CARTESIAN_POINT('Ctrl Pts',(0.0457031072114064,-0.0541535371139671,
-0.119594536913353));
#2697=CARTESIAN_POINT('Ctrl Pts',(0.057283751490421,-0.0354295313648969,
-0.117959194321708));
#2698=CARTESIAN_POINT('Ctrl Pts',(0.0637866744637226,-0.0249153696132486,
-0.1170408942123));
#2699=CARTESIAN_POINT('Ctrl Pts',(0.0671160751031455,-0.0124384102794835,
-0.116122594102893));
#2700=CARTESIAN_POINT('Ctrl Pts',(0.0671515969660022,2.0904833414185E-5,
-0.115204293993485));
#2701=CARTESIAN_POINT('Ctrl Pts',(0.0673469463090106,2.02130838980725E-5,
-0.12442070600548));
#2702=CARTESIAN_POINT('Ctrl Pts',(0.0672630449675726,-0.0208384710905981,
-0.125969600320621));
#2703=CARTESIAN_POINT('Ctrl Pts',(0.056804602365558,-0.0417699299076886,
-0.127518494635762));
#2704=CARTESIAN_POINT('Ctrl Pts',(0.0400360661115219,-0.0541645080067495,
-0.129067388950903));
#2705=CARTESIAN_POINT('Ctrl Pts',(0.0223316292963608,-0.0672508633976433,
-0.130702731542548));
#2706=CARTESIAN_POINT('Ctrl Pts',(-0.00240692680775037,-0.0708208089477863,
-0.132338074134193));
#2707=CARTESIAN_POINT('Ctrl Pts',(-0.0230888903148477,-0.0632738780955255,
-0.133973416725838));
#2708=CARTESIAN_POINT('Ctrl Pts',(-0.043770853821945,-0.0557269472432647,
-0.135608759317483));
#2709=CARTESIAN_POINT('Ctrl Pts',(-0.0603962247320285,-0.0370631399886003,
-0.137244101909128));
#2710=CARTESIAN_POINT('Ctrl Pts',(-0.0655115689813496,-0.0156497554102812,
-0.138879444500773));
#2711=CARTESIAN_POINT('Ctrl Pts',(-0.0706269132306708,0.00576362916803781,
-0.140514787092419));
#2712=CARTESIAN_POINT('Ctrl Pts',(-0.0642322308192295,0.0299265910700115,
-0.142150129684064));
#2713=CARTESIAN_POINT('Ctrl Pts',(-0.049194365588045,0.0460064662068912,
-0.143785472275709));
#2714=CARTESIAN_POINT('Ctrl Pts',(-0.0341565003568605,0.0620863413437711,
-0.145420814867354));
#2715=CARTESIAN_POINT('Ctrl Pts',(-0.0104754523059328,0.070083129715557,
-0.147056157458999));
#2716=CARTESIAN_POINT('Ctrl Pts',(0.0112321651854349,0.0664117378126126,
-0.148691500050644));
#2717=CARTESIAN_POINT('Ctrl Pts',(0.0329397826768027,0.0627403459096682,
-0.15032684264229));
#2718=CARTESIAN_POINT('Ctrl Pts',(0.0526739696086105,0.0474007737319935,
-0.151962185233935));
#2719=CARTESIAN_POINT('Ctrl Pts',(0.0615875576259267,0.0272700071743773,
-0.15359752782558));
#2720=CARTESIAN_POINT('Ctrl Pts',(0.0653542415971288,0.0187631931312244,
-0.15428858721888));
#2721=CARTESIAN_POINT('Ctrl Pts',(0.0671886700656364,0.00940080614074395,
-0.15497964661218));
#2722=CARTESIAN_POINT('Ctrl Pts',(0.0671553575898663,2.59623083639849E-5,
-0.15567070600548));
#2723=CARTESIAN_POINT('Origin',(5.80482582794578E-17,0.,-0.0719999999994828));
#2724=CARTESIAN_POINT('',(0.0672662018126061,-5.6797240024479E-5,-0.18692070600548));
#2725=CARTESIAN_POINT('',(0.0672852015276172,5.34305865681166E-5,-0.177704293993485));
#2726=CARTESIAN_POINT('',(0.0672500000000001,8.23574972426595E-18,-0.0719999999994828));
#2727=CARTESIAN_POINT('Ctrl Pts',(0.0672852015276172,5.34305865681166E-5,
-0.177704293993485));
#2728=CARTESIAN_POINT('Ctrl Pts',(0.0673192544385137,0.00398067679561624,
-0.177413371869301));
#2729=CARTESIAN_POINT('Ctrl Pts',(0.0670042575870794,0.00790246969864662,
-0.177122449745117));
#2730=CARTESIAN_POINT('Ctrl Pts',(0.0663205020082181,0.0117588798008308,
-0.176831527620933));
#2731=CARTESIAN_POINT('Ctrl Pts',(0.0624769489490516,0.0334366800322183,
-0.175196185029288));
#2732=CARTESIAN_POINT('Ctrl Pts',(0.0469812395391736,0.0530484935860205,
-0.173560842437643));
#2733=CARTESIAN_POINT('Ctrl Pts',(0.026780367449709,0.0618020337100729,
-0.171925499845998));
#2734=CARTESIAN_POINT('Ctrl Pts',(0.00657949536024442,0.0705555738341253,
-0.170290157254353));
#2735=CARTESIAN_POINT('Ctrl Pts',(-0.0183265394088067,0.0684508405284278,
-0.168654814662707));
#2736=CARTESIAN_POINT('Ctrl Pts',(-0.0367719445654997,0.0564314107333396,
-0.167019472071062));
#2737=CARTESIAN_POINT('Ctrl Pts',(-0.0552173497221926,0.0444119809382514,
-0.165384129479417));
#2738=CARTESIAN_POINT('Ctrl Pts',(-0.0672021252665274,0.0224778546537723,
-0.163748786887772));
#2739=CARTESIAN_POINT('Ctrl Pts',(-0.0673532926149456,0.000462476069252872,
-0.162113444296127));
#2740=CARTESIAN_POINT('Ctrl Pts',(-0.0675044599633639,-0.0215529025152666,
-0.160478101704482));
#2741=CARTESIAN_POINT('Ctrl Pts',(-0.0558220191158657,-0.0436495333998265,
-0.158842759112837));
#2742=CARTESIAN_POINT('Ctrl Pts',(-0.0375434061472662,-0.0559211272517558,
-0.157207416521191));
#2743=CARTESIAN_POINT('Ctrl Pts',(-0.0192647931786667,-0.0681927211036852,
-0.155572073929546));
#2744=CARTESIAN_POINT('Ctrl Pts',(0.00560999191103421,-0.0706392779229839,
-0.153936731337901));
#2745=CARTESIAN_POINT('Ctrl Pts',(0.0259291639616143,-0.0621639635106653,
-0.152301388746256));
#2746=CARTESIAN_POINT('Ctrl Pts',(0.0462483360121941,-0.0536886490983469,
-0.150666046154611));
#2747=CARTESIAN_POINT('Ctrl Pts',(0.0620118950236532,-0.0342914634544114,
-0.149030703562966));
#2748=CARTESIAN_POINT('Ctrl Pts',(0.06615277144456,-0.0126684927870359,
-0.14739536097132));
#2749=CARTESIAN_POINT('Ctrl Pts',(0.066947068223498,-0.00852080659542373,
-0.147081671978709));
#2750=CARTESIAN_POINT('Ctrl Pts',(0.0673137160220573,-0.00429122410419223,
-0.146767982986097));
#2751=CARTESIAN_POINT('Ctrl Pts',(0.0672763883766008,-5.52062821717957E-5,
-0.146454293993485));
#2752=CARTESIAN_POINT('Ctrl Pts',(0.0671553575898663,2.59623083639849E-5,
-0.15567070600548));
#2753=CARTESIAN_POINT('Ctrl Pts',(0.067109838476068,-0.0127840907838165,
-0.156614989203825));
#2754=CARTESIAN_POINT('Ctrl Pts',(0.0635770104875536,-0.0256174023773647,
-0.15755927240217));
#2755=CARTESIAN_POINT('Ctrl Pts',(0.0567214692891337,-0.0363229346400296,
-0.158503555600515));
#2756=CARTESIAN_POINT('Ctrl Pts',(0.0448488038321995,-0.0548631489592624,
-0.160138898192161));
#2757=CARTESIAN_POINT('Ctrl Pts',(0.0230104838155065,-0.0670216166601702,
-0.161774240783806));
#2758=CARTESIAN_POINT('Ctrl Pts',(0.000996997849322708,-0.0673475024337809,
-0.163409583375451));
#2759=CARTESIAN_POINT('Ctrl Pts',(-0.0210164881168611,-0.0676733882073915,
-0.165044925967096));
#2760=CARTESIAN_POINT('Ctrl Pts',(-0.0432051400325356,-0.056166692053705,
-0.166680268558741));
#2761=CARTESIAN_POINT('Ctrl Pts',(-0.05562141394203,-0.0379860393620855,
-0.168315611150386));
#2762=CARTESIAN_POINT('Ctrl Pts',(-0.0680376878515245,-0.0198053866704661,
-0.169950953742031));
#2763=CARTESIAN_POINT('Ctrl Pts',(-0.0706815837548387,0.00504922255908632,
-0.171586296333677));
#2764=CARTESIAN_POINT('Ctrl Pts',(-0.0623677931038272,0.0254350088209389,
-0.173221638925322));
#2765=CARTESIAN_POINT('Ctrl Pts',(-0.0540540024528156,0.0458207950827915,
-0.174856981516967));
#2766=CARTESIAN_POINT('Ctrl Pts',(-0.0347825252474784,0.0617377583769444,
-0.176492324108612));
#2767=CARTESIAN_POINT('Ctrl Pts',(-0.0131931000245517,0.0660501300518643,
-0.178127666700257));
#2768=CARTESIAN_POINT('Ctrl Pts',(0.00839632519837485,0.0703625017267842,
-0.179763009291902));
#2769=CARTESIAN_POINT('Ctrl Pts',(0.0323036984388907,0.063070281782471,
-0.181398351883547));
#2770=CARTESIAN_POINT('Ctrl Pts',(0.0478109608221022,0.047442553764801,
-0.183033694475193));
#2771=CARTESIAN_POINT('Ctrl Pts',(0.0600972564673673,0.0350608140389834,
-0.184329364985289));
#2772=CARTESIAN_POINT('Ctrl Pts',(0.067110565482291,0.0174466406733533,
-0.185625035495385));
#2773=CARTESIAN_POINT('Ctrl Pts',(0.0672662018126061,-5.6797240024479E-5,
-0.18692070600548));
#2774=CARTESIAN_POINT('Origin',(5.80482582794578E-17,0.,-0.0719999999994828));
#2775=CARTESIAN_POINT('',(0.0672952184658191,4.94519828650977E-5,-0.218170706005481));
#2776=CARTESIAN_POINT('',(0.0671488580971997,-1.67712741105673E-5,-0.208954293993485));
#2777=CARTESIAN_POINT('',(0.0672500000000001,8.23574972426595E-18,-0.0719999999994828));
#2778=CARTESIAN_POINT('',(-0.0537693012839273,0.0403908992155194,-0.236999999999483));
#2779=CARTESIAN_POINT('Ctrl Pts',(0.0672952184658191,4.94519828650977E-5,
-0.218170706005481));
#2780=CARTESIAN_POINT('Ctrl Pts',(0.0671387267510359,-0.0184380649328611,
-0.219541109561879));
#2781=CARTESIAN_POINT('Ctrl Pts',(0.059194666419462,-0.0370394120654133,
-0.220911513118278));
#2782=CARTESIAN_POINT('Ctrl Pts',(0.0456235552072621,-0.0495417826774587,
-0.222281916674676));
#2783=CARTESIAN_POINT('Ctrl Pts',(0.0294287518023539,-0.0644612267076099,
-0.223917259266321));
#2784=CARTESIAN_POINT('Ctrl Pts',(0.00522083324471513,-0.0706955171449819,
-0.225552601857967));
#2785=CARTESIAN_POINT('Ctrl Pts',(-0.0161544822575522,-0.0654012549995068,
-0.227187944449612));
#2786=CARTESIAN_POINT('Ctrl Pts',(-0.0375297977598195,-0.0601069928540317,
-0.228823287041257));
#2787=CARTESIAN_POINT('Ctrl Pts',(-0.0560725102067153,-0.0432841781257097,
-0.230458629632902));
#2788=CARTESIAN_POINT('Ctrl Pts',(-0.0634525698793998,-0.0225796107325832,
-0.232093972224547));
#2789=CARTESIAN_POINT('Ctrl Pts',(-0.0708326295520843,-0.00187504333945676,
-0.233729314816192));
#2790=CARTESIAN_POINT('Ctrl Pts',(-0.0670500364505574,0.0227112767184742,
-0.235364657407838));
#2791=CARTESIAN_POINT('Ctrl Pts',(-0.0537693012839273,0.0403908992155194,
-0.236999999999483));
#2792=CARTESIAN_POINT('',(0.0537181189744732,0.0404208066615928,-0.236999999999483));
#2793=CARTESIAN_POINT('Origin',(5.80482582794578E-17,0.,-0.236999999999483));
#2794=CARTESIAN_POINT('Ctrl Pts',(0.0537181189744732,0.0404208066615928,
-0.236999999999483));
#2795=CARTESIAN_POINT('Ctrl Pts',(0.050249503901755,0.0451303919097477,
-0.236567953639708));
#2796=CARTESIAN_POINT('Ctrl Pts',(0.0461877802854739,0.0493794403996367,
-0.236135907279933));
#2797=CARTESIAN_POINT('Ctrl Pts',(0.0416149991501146,0.0529762572805584,
-0.235703860920159));
#2798=CARTESIAN_POINT('Ctrl Pts',(0.0243065238355095,0.0665906014513727,
-0.234068518328514));
#2799=CARTESIAN_POINT('Ctrl Pts',(-0.000323898420699183,0.0708603903496013,
-0.232433175736868));
#2800=CARTESIAN_POINT('Ctrl Pts',(-0.0212206015558507,0.0639185501284918,
-0.230797833145223));
#2801=CARTESIAN_POINT('Ctrl Pts',(-0.0421173046910021,0.0569767099073822,
-0.229162490553578));
#2802=CARTESIAN_POINT('Ctrl Pts',(-0.0592802887050964,0.0388232405669345,
-0.227527147961933));
#2803=CARTESIAN_POINT('Ctrl Pts',(-0.0650220624720358,0.0175727161346695,
-0.225891805370288));
#2804=CARTESIAN_POINT('Ctrl Pts',(-0.0707638362389751,-0.00367780829759549,
-0.224256462778643));
#2805=CARTESIAN_POINT('Ctrl Pts',(-0.0650843997587595,-0.0280253878216777,
-0.222621120186998));
#2806=CARTESIAN_POINT('Ctrl Pts',(-0.0505262917134241,-0.0445421147865144,
-0.220985777595352));
#2807=CARTESIAN_POINT('Ctrl Pts',(-0.0359681836680886,-0.0610588417513511,
-0.219350435003707));
#2808=CARTESIAN_POINT('Ctrl Pts',(-0.0125314040576333,-0.0697447161569423,
-0.217715092412062));
#2809=CARTESIAN_POINT('Ctrl Pts',(0.00927502783022749,-0.0667122586389016,
-0.216079749820417));
#2810=CARTESIAN_POINT('Ctrl Pts',(0.0310814597180884,-0.0636798011208609,
-0.214444407228772));
#2811=CARTESIAN_POINT('Ctrl Pts',(0.0512575438833547,-0.048929011679188,
-0.212809064637127));
#2812=CARTESIAN_POINT('Ctrl Pts',(0.060759008049969,-0.0290694805234464,
-0.211173722045481));
#2813=CARTESIAN_POINT('Ctrl Pts',(0.0650573563418715,-0.0200852671091381,
-0.210433912694816));
#2814=CARTESIAN_POINT('Ctrl Pts',(0.0671710913990705,-0.0100555246958915,
-0.209694103344151));
#2815=CARTESIAN_POINT('Ctrl Pts',(0.0671488580971997,-1.67712741105673E-5,
-0.208954293993485));
#2816=CARTESIAN_POINT('Origin',(5.80482582794578E-17,0.,-0.304811622476027));
#2817=CARTESIAN_POINT('',(0.0820085880308235,7.55238717044413E-5,0.080811622477062));
#2818=CARTESIAN_POINT('',(0.0818587878554342,3.76574975525467E-5,0.0858133775239729));
#2819=CARTESIAN_POINT('',(0.082,3.53877052294539E-15,-0.304811622476027));
#2820=CARTESIAN_POINT('',(0.010291678707198,0.0813515909456466,0.0930000000005173));
#2821=CARTESIAN_POINT('Ctrl Pts',(0.0818572457464228,3.80687367309926E-5,
0.0858133775239729));
#2822=CARTESIAN_POINT('Ctrl Pts',(0.0818710454427838,0.0126253103172347,
0.0865735757578425));
#2823=CARTESIAN_POINT('Ctrl Pts',(0.0732679833517529,0.0522437674978842,
0.0889691165833572));
#2824=CARTESIAN_POINT('Ctrl Pts',(0.0370404997465183,0.0779676341141576,
0.0913646574088721));
#2825=CARTESIAN_POINT('Ctrl Pts',(0.010291678707198,0.0813515909456466,
0.0930000000005173));
#2826=CARTESIAN_POINT('',(-0.0631913070455851,0.0522576187160358,0.0930000000005173));
#2827=CARTESIAN_POINT('Origin',(5.80482582794578E-17,0.,0.0930000000005173));
#2828=CARTESIAN_POINT('Ctrl Pts',(0.0820085880308235,7.55238717044406E-5,
0.080811622477062));
#2829=CARTESIAN_POINT('Ctrl Pts',(0.0820613289680949,0.00600848037741339,
0.0811716834418155));
#2830=CARTESIAN_POINT('Ctrl Pts',(0.0787889960880454,0.0388280595762872,
0.083167086998214));
#2831=CARTESIAN_POINT('Ctrl Pts',(0.0346720821051802,0.0900877881658164,
0.0867978331462578));
#2832=CARTESIAN_POINT('Ctrl Pts',(-0.0338038741007846,0.0814878853852775,
0.0905005646893228));
#2833=CARTESIAN_POINT('Ctrl Pts',(-0.0586343377768214,0.05782991718067,
0.0925679536407426));
#2834=CARTESIAN_POINT('Ctrl Pts',(-0.0631272641074334,0.0522911318324916,
0.0930000000005173));
#2835=CARTESIAN_POINT('Origin',(5.80482582794578E-17,0.,-0.304811622476027));
#2836=CARTESIAN_POINT('',(0.0818888675726812,-3.62577559855453E-5,0.0495616224770619));
#2837=CARTESIAN_POINT('',(0.0820524343496073,-6.28634638315748E-5,0.0545633775239728));
#2838=CARTESIAN_POINT('',(0.082,3.53877052294539E-15,-0.304811622476027));
#2839=CARTESIAN_POINT('Ctrl Pts',(0.0820524343496073,-6.28634638315676E-5,
0.0545633775239728));
#2840=CARTESIAN_POINT('Ctrl Pts',(0.0818615748021759,0.0223957160711926,
0.0559281868746382));
#2841=CARTESIAN_POINT('Ctrl Pts',(0.0607639424955211,0.0720804219252905,
0.0589283388169485));
#2842=CARTESIAN_POINT('Ctrl Pts',(-0.0228413198877382,0.0938122290305167,
0.0635638333509046));
#2843=CARTESIAN_POINT('Ctrl Pts',(-0.0908561406939737,0.0327106438249518,
0.0684698611258398));
#2844=CARTESIAN_POINT('Ctrl Pts',(-0.0773861924057569,-0.0577461614396869,
0.0733758889007755));
#2845=CARTESIAN_POINT('Ctrl Pts',(0.00543251634766098,-0.0963766588658359,
0.0782819166757107));
#2846=CARTESIAN_POINT('Ctrl Pts',(0.0713642099683554,-0.0560768090501981,
0.0824277462167768));
#2847=CARTESIAN_POINT('Ctrl Pts',(0.0818413594606209,-0.0144524325014297,
0.0849382331661974));
#2848=CARTESIAN_POINT('Ctrl Pts',(0.0818572457464228,3.80687367309926E-5,
0.0858133775239729));
#2849=CARTESIAN_POINT('Ctrl Pts',(0.0818888675726812,-3.62577559855412E-5,
0.0495616224770619));
#2850=CARTESIAN_POINT('Ctrl Pts',(0.0818236219319743,0.0159186490690307,
0.0505262945586111));
#2851=CARTESIAN_POINT('Ctrl Pts',(0.0696726774357121,0.0590126022990871,
0.0531263092318055));
#2852=CARTESIAN_POINT('Ctrl Pts',(0.000241986543325365,0.0965563181334021,
0.057361666496645));
#2853=CARTESIAN_POINT('Ctrl Pts',(-0.0804006429739892,0.053471866435915,
0.0622676942715805));
#2854=CARTESIAN_POINT('Ctrl Pts',(-0.0889522258575937,-0.0375618722765307,
0.0671737220465159));
#2855=CARTESIAN_POINT('Ctrl Pts',(-0.017748372127104,-0.0949075989529317,
0.0720797498214514));
#2856=CARTESIAN_POINT('Ctrl Pts',(0.062979326729529,-0.0692081753174795,
0.0766257166316335));
#2857=CARTESIAN_POINT('Ctrl Pts',(0.0818217875862564,-0.0209381131662876,
0.0795363408501703));
#2858=CARTESIAN_POINT('Ctrl Pts',(0.0820085880308235,7.55238717044406E-5,
0.080811622477062));
#2859=CARTESIAN_POINT('Origin',(5.80482582794578E-17,0.,-0.304811622476027));
#2860=CARTESIAN_POINT('',(0.0821221012617412,-1.9030801483066E-5,0.0183116224770619));
#2861=CARTESIAN_POINT('',(0.0820224340610126,6.87971179939611E-5,0.0233133775239728));
#2862=CARTESIAN_POINT('',(0.082,3.53877052294539E-15,-0.304811622476027));
#2863=CARTESIAN_POINT('Ctrl Pts',(0.0820224340610127,6.87971179939688E-5,
0.0233133775239728));
#2864=CARTESIAN_POINT('Ctrl Pts',(0.0820713057398363,0.0055713112504457,
0.0236474553997888));
#2865=CARTESIAN_POINT('Ctrl Pts',(0.0790788039260782,0.0379563243884307,
0.0256168758672499));
#2866=CARTESIAN_POINT('Ctrl Pts',(0.0360722441159256,0.0895662499672796,
0.0292216389263562));
#2867=CARTESIAN_POINT('Ctrl Pts',(-0.0548025048085577,0.0794983053044913,
0.0341276667012917));
#2868=CARTESIAN_POINT('Ctrl Pts',(-0.0965397013179062,-0.00185021694400945,
0.0390336944762271));
#2869=CARTESIAN_POINT('Ctrl Pts',(-0.0517157239614241,-0.0815403129765368,
0.0439397222511626));
#2870=CARTESIAN_POINT('Ctrl Pts',(0.0394775124995621,-0.0881175851398149,
0.0488457500260979));
#2871=CARTESIAN_POINT('Ctrl Pts',(0.0797529751113658,-0.0358369326119593,
0.0523869684503682));
#2872=CARTESIAN_POINT('Ctrl Pts',(0.0820902666313933,-0.00451461513629029,
0.0542928442829931));
#2873=CARTESIAN_POINT('Ctrl Pts',(0.0820524343496073,-6.28634638315676E-5,
0.0545633775239728));
#2874=CARTESIAN_POINT('Ctrl Pts',(0.0821221012617412,-1.90308014830671E-5,
0.0183116224770619));
#2875=CARTESIAN_POINT('Ctrl Pts',(0.0820398760257025,0.0257461288670487,
0.0198809056754069));
#2876=CARTESIAN_POINT('Ctrl Pts',(0.0552143093259426,0.0785089074375716,
0.0230855314653969));
#2877=CARTESIAN_POINT('Ctrl Pts',(-0.0342123275555324,0.0902930076626345,
0.0279254998470322));
#2878=CARTESIAN_POINT('Ctrl Pts',(-0.0941836096085148,0.0212782409763102,
0.0328315276219676));
#2879=CARTESIAN_POINT('Ctrl Pts',(-0.0697066674119936,-0.0668154111456799,
0.0377375553969032));
#2880=CARTESIAN_POINT('Ctrl Pts',(0.0172715788388166,-0.0949999277384745,
0.0426435831718386));
#2881=CARTESIAN_POINT('Ctrl Pts',(0.0747061505361157,-0.0492116348201723,
0.0465849388652249));
#2882=CARTESIAN_POINT('Ctrl Pts',(0.0819342284035495,-0.0111286130791357,
0.048890951966966));
#2883=CARTESIAN_POINT('Ctrl Pts',(0.0818888675726812,-3.62577559855412E-5,
0.0495616224770619));
#2884=CARTESIAN_POINT('Origin',(5.80482582794578E-17,0.,-0.304811622476027));
#2885=CARTESIAN_POINT('',(0.0819298671207123,6.05387094623722E-5,-0.0129383775229381));
#2886=CARTESIAN_POINT('',(0.0818835291222308,-3.03516245117918E-5,-0.0079366224760272));
#2887=CARTESIAN_POINT('',(0.082,3.53877052294539E-15,-0.304811622476027));
#2888=CARTESIAN_POINT('Ctrl Pts',(0.0818835291222308,-3.0351624511778E-5,
-0.00793662247602721));
#2889=CARTESIAN_POINT('Ctrl Pts',(0.0818306734474185,0.0154973139261887,
-0.00699793348341549));
#2890=CARTESIAN_POINT('Ctrl Pts',(0.070166736949041,0.0581502071503384,
-0.00442390189915863));
#2891=CARTESIAN_POINT('Ctrl Pts',(0.00175503010478755,0.0965413630443078,
-0.00021452772325661));
#2892=CARTESIAN_POINT('Ctrl Pts',(-0.0795524662714616,0.0547240299660561,
0.00469150005167886));
#2893=CARTESIAN_POINT('Ctrl Pts',(-0.0895305431435681,-0.036160707976305,
0.0095975278266143));
#2894=CARTESIAN_POINT('Ctrl Pts',(-0.0192325067586321,-0.094622546989879,
0.0145035556015498));
#2895=CARTESIAN_POINT('Ctrl Pts',(0.0623487839345229,-0.0700389505553782,
0.0190755055006693));
#2896=CARTESIAN_POINT('Ctrl Pts',(0.0818320742800748,-0.0213640124370322,
0.0220121128081436));
#2897=CARTESIAN_POINT('Ctrl Pts',(0.0820224340610127,6.87971179939688E-5,
0.0233133775239728));
#2898=CARTESIAN_POINT('Ctrl Pts',(0.0819298671207123,6.05387094623893E-5,
-0.0129383775229381));
#2899=CARTESIAN_POINT('Ctrl Pts',(0.0819926403648966,0.00895649887504668,
-0.0123998257994425));
#2900=CARTESIAN_POINT('Ctrl Pts',(0.0765896703285072,0.0447914038257183,
-0.0102259314843018));
#2901=CARTESIAN_POINT('Ctrl Pts',(0.0247795351909543,0.0933235666793497,
-0.00641669457751599));
#2902=CARTESIAN_POINT('Ctrl Pts',(-0.0641664220408824,0.0721525028214188,
-0.00151066680258054));
#2903=CARTESIAN_POINT('Ctrl Pts',(-0.0955786015232311,-0.0137129273319371,
0.00339536097235493));
#2904=CARTESIAN_POINT('Ctrl Pts',(-0.0412917830031706,-0.0872828864125037,
0.00830138874729038));
#2905=CARTESIAN_POINT('Ctrl Pts',(0.0500186397771914,-0.0825920620431917,
0.0132074165222258));
#2906=CARTESIAN_POINT('Ctrl Pts',(0.0816189319008637,-0.029034659463439,
0.0165441610988163));
#2907=CARTESIAN_POINT('Ctrl Pts',(0.0821255625549051,-0.00110362204529523,
0.0182455630837617));
#2908=CARTESIAN_POINT('Ctrl Pts',(0.0821221012617412,-1.90308014830671E-5,
0.0183116224770619));
#2909=CARTESIAN_POINT('Origin',(5.80482582794578E-17,0.,-0.304811622476027));
#2910=CARTESIAN_POINT('',(0.0819487614264036,-6.59247104433967E-5,-0.0441883775229382));
#2911=CARTESIAN_POINT('',(0.0821169855786479,-2.61549732208304E-5,-0.0391866224760273));
#2912=CARTESIAN_POINT('',(0.082,3.53877052294539E-15,-0.304811622476027));
#2913=CARTESIAN_POINT('Ctrl Pts',(0.0821169855786479,-2.61549732208342E-5,
-0.0391866224760273));
#2914=CARTESIAN_POINT('Ctrl Pts',(0.0820095835166011,0.0253166314010284,
-0.0376433223666199));
#2915=CARTESIAN_POINT('Ctrl Pts',(0.0559588932270999,0.07770472405815,-0.0344646796655671));
#2916=CARTESIAN_POINT('Ctrl Pts',(-0.0327930604490824,0.0908181145528363,
-0.0296506943728694));
#2917=CARTESIAN_POINT('Ctrl Pts',(-0.093838570588025,0.022751646168848,
-0.0247446665979339));
#2918=CARTESIAN_POINT('Ctrl Pts',(-0.0707452537366301,-0.0657147153423592,
-0.0198386388229984));
#2919=CARTESIAN_POINT('Ctrl Pts',(0.0157806436797622,-0.0952590470923081,
-0.014932611048063));
#2920=CARTESIAN_POINT('Ctrl Pts',(0.0743090233526824,-0.0500803688789421,
-0.0109652722657392));
#2921=CARTESIAN_POINT('Ctrl Pts',(0.0819227562745434,-0.0115543006381097,
-0.00863327607506065));
#2922=CARTESIAN_POINT('Ctrl Pts',(0.0818835291222308,-3.0351624511778E-5,
-0.00793662247602721));
#2923=CARTESIAN_POINT('Ctrl Pts',(0.0819487614264035,-6.59247104433892E-5,
-0.0441883775229381));
#2924=CARTESIAN_POINT('Ctrl Pts',(0.0818011733891654,0.0188061539784259,
-0.0430452146826469));
#2925=CARTESIAN_POINT('Ctrl Pts',(0.0660072381410379,0.0648987318651532,
-0.0402667092507104));
#2926=CARTESIAN_POINT('Ctrl Pts',(-0.0101351337583803,0.0960239162841462,
-0.0358528612271288));
#2927=CARTESIAN_POINT('Ctrl Pts',(-0.0856804931840472,0.0445215287370955,
-0.0309468334521934));
#2928=CARTESIAN_POINT('Ctrl Pts',(-0.0844018328580029,-0.0469003629383792,
-0.0260408056772578));
#2929=CARTESIAN_POINT('Ctrl Pts',(-0.00744564273540338,-0.0962698075349272,
-0.0211347779023224));
#2930=CARTESIAN_POINT('Ctrl Pts',(0.0670059639340658,-0.0633765503030081,
-0.0167673018508824));
#2931=CARTESIAN_POINT('Ctrl Pts',(0.0818020258791346,-0.0180565843956431,
-0.0140351683910877));
#2932=CARTESIAN_POINT('Ctrl Pts',(0.0819298671207123,6.05387094623893E-5,
-0.0129383775229381));
#2933=CARTESIAN_POINT('Origin',(5.80482582794578E-17,0.,-0.304811622476027));
#2934=CARTESIAN_POINT('',(0.0821119898116571,3.15163279076031E-5,-0.0754383775229383));
#2935=CARTESIAN_POINT('',(0.0819402271102197,6.37876406553021E-5,-0.0704366224760273));
#2936=CARTESIAN_POINT('',(0.082,3.53877052294539E-15,-0.304811622476027));
#2937=CARTESIAN_POINT('Ctrl Pts',(0.0819402271102197,6.37876406552998E-5,
-0.0704366224760273));
#2938=CARTESIAN_POINT('Ctrl Pts',(0.0820037572923663,0.00852784317908014,
-0.0699240538414693));
#2939=CARTESIAN_POINT('Ctrl Pts',(0.0769340705396783,0.0439221328693577,
-0.067776142615266));
#2940=CARTESIAN_POINT('Ctrl Pts',(0.0262390596674289,0.0929237670779106,
-0.0639928887974176));
#2941=CARTESIAN_POINT('Ctrl Pts',(-0.0630277728563221,0.0731492623959767,
-0.0590868610224822));
#2942=CARTESIAN_POINT('Ctrl Pts',(-0.0957817786289838,-0.0122133379050832,
-0.0541808332475467));
#2943=CARTESIAN_POINT('Ctrl Pts',(-0.0426546114514674,-0.0866250475438932,
-0.0492748054726113));
#2944=CARTESIAN_POINT('Ctrl Pts',(0.0487181188810005,-0.0833658181364595,
-0.0443687776976757));
#2945=CARTESIAN_POINT('Ctrl Pts',(0.0814064583141424,-0.0298970829902162,
-0.0410060500321478));
#2946=CARTESIAN_POINT('Ctrl Pts',(0.0821233910420622,-0.00153759979881641,
-0.039278664958265));
#2947=CARTESIAN_POINT('Ctrl Pts',(0.0821169855786479,-2.61549732208342E-5,
-0.0391866224760273));
#2948=CARTESIAN_POINT('Ctrl Pts',(0.0821119898116571,3.15163279076062E-5,
-0.0754383775229382));
#2949=CARTESIAN_POINT('Ctrl Pts',(0.0821211839763587,0.00187806928234479,
-0.0753259461574963));
#2950=CARTESIAN_POINT('Ctrl Pts',(0.0812347906435906,0.0305742249057519,
-0.0735781722004093));
#2951=CARTESIAN_POINT('Ctrl Pts',(0.0476892006169984,0.0839586420727731,
-0.0701950556516769));
#2952=CARTESIAN_POINT('Ctrl Pts',(-0.0437166953553585,0.0860939253455151,
-0.0652890278767416));
#2953=CARTESIAN_POINT('Ctrl Pts',(-0.0959247279296461,0.0110344916420072,
-0.0603830001018061));
#2954=CARTESIAN_POINT('Ctrl Pts',(-0.0621234143879085,-0.0739188394047418,
-0.0554769723268707));
#2955=CARTESIAN_POINT('Ctrl Pts',(0.0273798476018683,-0.0925940461346099,
-0.0505709445519352));
#2956=CARTESIAN_POINT('Ctrl Pts',(0.0771984609043254,-0.0432400968375379,
-0.046808079617291));
#2957=CARTESIAN_POINT('Ctrl Pts',(0.0820123042926606,-0.0081911494546725,
-0.044680557274292));
#2958=CARTESIAN_POINT('Ctrl Pts',(0.0819487614264035,-6.59247104433892E-5,
-0.0441883775229381));
#2959=CARTESIAN_POINT('Origin',(5.80482582794578E-17,0.,-0.304811622476027));
#2960=CARTESIAN_POINT('',(0.081880014144419,2.5489908404464E-5,-0.106688377522938));
#2961=CARTESIAN_POINT('',(0.0819379455005195,-6.31369392790406E-5,-0.101686622476027));
#2962=CARTESIAN_POINT('',(0.082,3.53877052294539E-15,-0.304811622476027));
#2963=CARTESIAN_POINT('Ctrl Pts',(0.0819379455005195,-6.31369392790395E-5,
-0.101686622476027));
#2964=CARTESIAN_POINT('Ctrl Pts',(0.0818011700801231,0.0183861750801865,
-0.100569442724673));
#2965=CARTESIAN_POINT('Ctrl Pts',(0.0665709261231215,0.0640465286537776,
-0.0978169203816746));
#2966=CARTESIAN_POINT('Ctrl Pts',(-0.00862900393152665,0.0961709677161111,
-0.0934290554470304));
#2967=CARTESIAN_POINT('Ctrl Pts',(-0.0849722355633328,0.0458588478218781,
-0.0885230276720949));
#2968=CARTESIAN_POINT('Ctrl Pts',(-0.0851264951067233,-0.0455718616148588,
-0.0836169998971595));
#2969=CARTESIAN_POINT('Ctrl Pts',(-0.00895346825257507,-0.0961413030204344,
-0.0787109721222239));
#2970=CARTESIAN_POINT('Ctrl Pts',(0.0664504444748497,-0.0642301643475025,
-0.0743175129818466));
#2971=CARTESIAN_POINT('Ctrl Pts',(0.0818010651927827,-0.0184765999077858,
-0.0715593964331144));
#2972=CARTESIAN_POINT('Ctrl Pts',(0.0819402271102197,6.37876406552998E-5,
-0.0704366224760273));
#2973=CARTESIAN_POINT('Ctrl Pts',(0.081880014144419,2.54899084044654E-5,
-0.106688377522938));
#2974=CARTESIAN_POINT('Ctrl Pts',(0.0819138344515873,0.0118879833235218,
-0.105971335040701));
#2975=CARTESIAN_POINT('Ctrl Pts',(0.0739911324482153,0.0507619638636429,
-0.103618949966818));
#2976=CARTESIAN_POINT('Ctrl Pts',(0.0146079558384404,0.0954459064657419,
-0.0996312223012899));
#2977=CARTESIAN_POINT('Ctrl Pts',(-0.0715480566093777,0.0648397179933157,
-0.0947251945263543));
#2978=CARTESIAN_POINT('Ctrl Pts',(-0.0935516685464444,-0.0239039483405228,
-0.0898191667514188));
#2979=CARTESIAN_POINT('Ctrl Pts',(-0.0316736994425321,-0.0912145284365597,
-0.0849131389764835));
#2980=CARTESIAN_POINT('Ctrl Pts',(0.0565350846140774,-0.0770708196270842,
-0.0801195425669898));
#2981=CARTESIAN_POINT('Ctrl Pts',(0.081987452529872,-0.0249805095692979,
-0.0769612887491415));
#2982=CARTESIAN_POINT('Ctrl Pts',(0.0821119898116571,3.15163279076062E-5,
-0.0754383775229382));
#2983=CARTESIAN_POINT('Origin',(5.80482582794578E-17,0.,-0.304811622476027));
#2984=CARTESIAN_POINT('',(0.0820321761618032,-6.73147232400321E-5,-0.137938377522938));
#2985=CARTESIAN_POINT('',(0.0821182096258567,2.46464368719712E-5,-0.132936622476027));
#2986=CARTESIAN_POINT('',(0.082,3.53877052294539E-15,-0.304811622476027));
#2987=CARTESIAN_POINT('Ctrl Pts',(0.0821182096258567,2.46464368719637E-5,
-0.132936622476027));
#2988=CARTESIAN_POINT('Ctrl Pts',(0.0821239194800955,0.0014441713718326,
-0.132850174199523));
#2989=CARTESIAN_POINT('Ctrl Pts',(0.0814527981565696,0.0297113529755781,
-0.131128383331373));
#2990=CARTESIAN_POINT('Ctrl Pts',(0.0489991460593161,0.0832009520309356,
-0.127771249871579));
#2991=CARTESIAN_POINT('Ctrl Pts',(-0.0423620663405702,0.0867684855227192,
-0.122865222096643));
#2992=CARTESIAN_POINT('Ctrl Pts',(-0.0957400213904086,0.0125364685512617,
-0.117959194321708));
#2993=CARTESIAN_POINT('Ctrl Pts',(-0.0632742444424224,-0.0729361688712817,
-0.113053166546772));
#2994=CARTESIAN_POINT('Ctrl Pts',(0.0259253539950824,-0.0930117775396976,
-0.108147138771837));
#2995=CARTESIAN_POINT('Ctrl Pts',(0.0768606299340717,-0.0441092802792583,
-0.104358290748255));
#2996=CARTESIAN_POINT('Ctrl Pts',(0.082001383761219,-0.00862017344646867,
-0.102204785316319));
#2997=CARTESIAN_POINT('Ctrl Pts',(0.0819379455005195,-6.31369392790395E-5,
-0.101686622476027));
#2998=CARTESIAN_POINT('Ctrl Pts',(0.0820321761618032,-6.73147232400335E-5,
-0.137938377522938));
#2999=CARTESIAN_POINT('Ctrl Pts',(0.0818404106412852,0.0216946301470119,
-0.136616723923905));
#3000=CARTESIAN_POINT('Ctrl Pts',(0.0618478727357208,0.0706952736448986,
-0.133659727733226));
#3001=CARTESIAN_POINT('Ctrl Pts',(-0.0203947212457763,0.0943788578408421,
-0.129067388950903));
#3002=CARTESIAN_POINT('Ctrl Pts',(-0.0899684673013514,0.0350569297598568,
-0.124161361175967));
#3003=CARTESIAN_POINT('Ctrl Pts',(-0.0788734513089534,-0.0556982235438913,
-0.119255333401032));
#3004=CARTESIAN_POINT('Ctrl Pts',(0.00294216108345911,-0.0965124713532615,
-0.114349305626096));
#3005=CARTESIAN_POINT('Ctrl Pts',(0.0705475025145643,-0.0574729128748677,
-0.110160320333398));
#3006=CARTESIAN_POINT('Ctrl Pts',(0.0818367012410107,-0.0151665374411523,
-0.107606677632346));
#3007=CARTESIAN_POINT('Ctrl Pts',(0.081880014144419,2.54899084044654E-5,
-0.106688377522938));
#3008=CARTESIAN_POINT('Origin',(5.80482582794578E-17,0.,-0.304811622476027));
#3009=CARTESIAN_POINT('',(0.0820429223087674,6.51495628071418E-5,-0.169188377522938));
#3010=CARTESIAN_POINT('',(0.0818845995891306,3.16566436548539E-5,-0.164186622476027));
#3011=CARTESIAN_POINT('',(0.082,3.53877052294539E-15,-0.304811622476027));
#3012=CARTESIAN_POINT('Ctrl Pts',(0.0818845995891306,3.1656643654838E-5,
-0.164186622476027));
#3013=CARTESIAN_POINT('Ctrl Pts',(0.0819252185186943,0.0114626929894568,
-0.163495563082727));
#3014=CARTESIAN_POINT('Ctrl Pts',(0.0743952747941448,0.0498933259501017,
-0.161169161097782));
#3015=CARTESIAN_POINT('Ctrl Pts',(0.0161019903507744,0.095205253281221,
-0.157207416521191));
#3016=CARTESIAN_POINT('Ctrl Pts',(-0.0705231073522473,0.0659530608729038,
-0.152301388746256));
#3017=CARTESIAN_POINT('Ctrl Pts',(-0.0939148080691924,-0.0224348741142414,
-0.14739536097132));
#3018=CARTESIAN_POINT('Ctrl Pts',(-0.0330993248888123,-0.0907069422874381,
-0.142489333196385));
#3019=CARTESIAN_POINT('Ctrl Pts',(0.0557995597261773,-0.077878215493184,
-0.137669753697954));
#3020=CARTESIAN_POINT('Ctrl Pts',(0.082015906131464,-0.0254089907721792,
-0.134485516791168));
#3021=CARTESIAN_POINT('Ctrl Pts',(0.0821182096258567,2.46464368719637E-5,
-0.132936622476027));
#3022=CARTESIAN_POINT('Ctrl Pts',(0.0820429223087674,6.51495628071418E-5,
-0.169188377522938));
#3023=CARTESIAN_POINT('Ctrl Pts',(0.0820844440737265,0.00485376204075333,
-0.168897455398754));
#3024=CARTESIAN_POINT('Ctrl Pts',(0.0795413232375356,0.0365162793056252,
-0.166971190682925));
#3025=CARTESIAN_POINT('Ctrl Pts',(0.0383912783732676,0.0885969544307133,
-0.163409583375451));
#3026=CARTESIAN_POINT('Ctrl Pts',(-0.0527148116369421,0.0808978556470466,
-0.158503555600515));
#3027=CARTESIAN_POINT('Ctrl Pts',(-0.0965550314719805,0.000662984777428195,
-0.15359752782558));
#3028=CARTESIAN_POINT('Ctrl Pts',(-0.0538207497101282,-0.0801663267110736,
-0.148691500050644));
#3029=CARTESIAN_POINT('Ctrl Pts',(0.0371710292053571,-0.0891158133660546,
-0.143785472275709));
#3030=CARTESIAN_POINT('Ctrl Pts',(0.0792999595455738,-0.0372758270916624,
-0.140201098099807));
#3031=CARTESIAN_POINT('Ctrl Pts',(0.0820776909116536,-0.00523242195603897,
-0.13825206651555));
#3032=CARTESIAN_POINT('Ctrl Pts',(0.0820321761618032,-6.73147232400335E-5,
-0.137938377522938));
#3033=CARTESIAN_POINT('Origin',(5.80482582794578E-17,0.,-0.304811622476027));
#3034=CARTESIAN_POINT('',(0.0818766745571803,-2.04497319986468E-5,-0.200438377522938));
#3035=CARTESIAN_POINT('',(0.0820197553700178,-6.92546272420388E-5,-0.195436622476027));
#3036=CARTESIAN_POINT('',(0.082,3.53877052294539E-15,-0.304811622476027));
#3037=CARTESIAN_POINT('Ctrl Pts',(0.0820197553700178,-6.92546272420335E-5,
-0.195436622476027));
#3038=CARTESIAN_POINT('Ctrl Pts',(0.0818299831903028,0.0212732272894417,
-0.194140951965932));
#3039=CARTESIAN_POINT('Ctrl Pts',(0.0624850281755202,0.0698587652509983,
-0.19120993886419));
#3040=CARTESIAN_POINT('Ctrl Pts',(-0.0189130994714584,0.0946867981714496,
-0.186643583170804));
#3041=CARTESIAN_POINT('Ctrl Pts',(-0.0894080198062237,0.0364626647831726,
-0.181737555395869));
#3042=CARTESIAN_POINT('Ctrl Pts',(-0.0797366682491187,-0.0544553109858961,
-0.176831527620933));
#3043=CARTESIAN_POINT('Ctrl Pts',(0.00142925548702903,-0.0965467199644372,
-0.171925499845998));
#3044=CARTESIAN_POINT('Ctrl Pts',(0.0700612093373363,-0.0583359329853425,
-0.167710531464363));
#3045=CARTESIAN_POINT('Ctrl Pts',(0.081829096729183,-0.0155880363460668,
-0.165130905674372));
#3046=CARTESIAN_POINT('Ctrl Pts',(0.0818845995891306,3.1656643654838E-5,
-0.164186622476027));
#3047=CARTESIAN_POINT('Ctrl Pts',(0.0818766745571803,-2.04497319986495E-5,
-0.200438377522938));
#3048=CARTESIAN_POINT('Ctrl Pts',(0.0818438584226779,0.0147966514091659,
-0.199542844281958));
#3049=CARTESIAN_POINT('Ctrl Pts',(0.0709658892598471,0.0567169151163759,
-0.197011968449334));
#3050=CARTESIAN_POINT('Ctrl Pts',(0.00426701590499805,0.0964622916181884,
-0.192845750025064));
#3051=CARTESIAN_POINT('Ctrl Pts',(-0.0781010498191676,0.0567764350273168,
-0.187939722250128));
#3052=CARTESIAN_POINT('Ctrl Pts',(-0.0904414482260069,-0.033818344411423,
-0.183033694475193));
#3053=CARTESIAN_POINT('Ctrl Pts',(-0.0216888007140847,-0.0940897955651173,
-0.178127666700257));
#3054=CARTESIAN_POINT('Ctrl Pts',(0.0612805233466504,-0.0714261561272267,
-0.173512561049506));
#3055=CARTESIAN_POINT('Ctrl Pts',(0.0818510403375606,-0.0220641699042114,
-0.170532797990399));
#3056=CARTESIAN_POINT('Ctrl Pts',(0.0820429223087674,6.51495628071418E-5,
-0.169188377522938));
#3057=CARTESIAN_POINT('Origin',(5.80482582794578E-17,0.,-0.304811622476027));
#3058=CARTESIAN_POINT('',(0.0820961586077554,-6.79047578723904E-5,-0.231688377522938));
#3059=CARTESIAN_POINT('',(0.0820551362705899,6.02983285494125E-5,-0.226686622476027));
#3060=CARTESIAN_POINT('',(0.082,3.53877052294539E-15,-0.304811622476027));
#3061=CARTESIAN_POINT('',(0.0395164788893218,-0.0718501767304005,-0.236999999999483));
#3062=CARTESIAN_POINT('Ctrl Pts',(0.0395164788893219,-0.0718501767304004,
-0.236999999999483));
#3063=CARTESIAN_POINT('Ctrl Pts',(0.0631411861220189,-0.0588569554592789,
-0.235364657407838));
#3064=CARTESIAN_POINT('Ctrl Pts',(0.0810376519577003,-0.0313228764610923,
-0.233594116582323));
#3065=CARTESIAN_POINT('Ctrl Pts',(0.0821093597279625,-0.00228669909021796,
-0.231823575756808));
#3066=CARTESIAN_POINT('Ctrl Pts',(0.0820961586077554,-6.7904757872387E-5,
-0.231688377522938));
#3067=CARTESIAN_POINT('',(-0.0394445997392609,-0.0718577625078949,-0.236999999999483));
#3068=CARTESIAN_POINT('Origin',(5.80482582794578E-17,0.,-0.236999999999483));
#3069=CARTESIAN_POINT('Ctrl Pts',(-0.0394445997392609,-0.0718577625078949,
-0.236999999999483));
#3070=CARTESIAN_POINT('Ctrl Pts',(-0.033228225681023,-0.0753536332862885,
-0.236567953639708));
#3071=CARTESIAN_POINT('Ctrl Pts',(-0.00143238909764497,-0.0882095328060389,
-0.234500564688288));
#3072=CARTESIAN_POINT('Ctrl Pts',(0.0606187739709724,-0.0722294322606154,
-0.23106277218047));
#3073=CARTESIAN_POINT('Ctrl Pts',(0.0818643210942,-0.0224821014794736,-0.228057026032426));
#3074=CARTESIAN_POINT('Ctrl Pts',(0.0820551362705899,6.02983285494134E-5,
-0.226686622476027));
#3075=CARTESIAN_POINT('Origin',(5.80482582794578E-17,0.,-0.304811622476027));
#3076=CARTESIAN_POINT('Ctrl Pts',(0.0820551362705899,6.02983285494134E-5,
-0.226686622476027));
#3077=CARTESIAN_POINT('Ctrl Pts',(0.0820920264176616,0.00441840264708505,
-0.226421683440781));
#3078=CARTESIAN_POINT('Ctrl Pts',(0.079811020402135,0.0356398022554589,
-0.224521401813889));
#3079=CARTESIAN_POINT('Ctrl Pts',(0.0397737880892555,0.0879935810288283,
-0.220985777595352));
#3080=CARTESIAN_POINT('Ctrl Pts',(-0.0514398448141163,0.0817092563629589,
-0.216079749820417));
#3081=CARTESIAN_POINT('Ctrl Pts',(-0.096533139582785,0.00217864236484837,
-0.211173722045481));
#3082=CARTESIAN_POINT('Ctrl Pts',(-0.055070325634154,-0.0793143373609146,
-0.206267694270546));
#3083=CARTESIAN_POINT('Ctrl Pts',(0.0357697480869577,-0.0896867210116481,
-0.20136166649561));
#3084=CARTESIAN_POINT('Ctrl Pts',(0.0790172954781187,-0.0381431700934345,
-0.197751309230771));
#3085=CARTESIAN_POINT('Ctrl Pts',(0.0820695059129233,-0.00566438487183709,
-0.195776294557577));
#3086=CARTESIAN_POINT('Ctrl Pts',(0.0820197553700178,-6.92546272420335E-5,
-0.195436622476027));
#3087=CARTESIAN_POINT('Ctrl Pts',(0.0820961586077554,-6.7904757872387E-5,
-0.231688377522938));
#3088=CARTESIAN_POINT('Ctrl Pts',(0.0819496804665238,0.0245515869578283,
-0.230188233165163));
#3089=CARTESIAN_POINT('Ctrl Pts',(0.0571874485412451,0.0764201074702681,
-0.227052746215742));
#3090=CARTESIAN_POINT('Ctrl Pts',(-0.030427573167382,0.0916085456999563,
-0.222281916674677));
#3091=CARTESIAN_POINT('Ctrl Pts',(-0.09320964108511,0.0252032898226306,
-0.217375888899741));
#3092=CARTESIAN_POINT('Ctrl Pts',(-0.0724343046667747,-0.0638599750535663,
-0.212469861124806));
#3093=CARTESIAN_POINT('Ctrl Pts',(0.0132972608971218,-0.0956328390502267,
-0.20756383334987));
#3094=CARTESIAN_POINT('Ctrl Pts',(0.0736292474406957,-0.0515239612911734,
-0.203553338815914));
#3095=CARTESIAN_POINT('Ctrl Pts',(0.0819037843081606,-0.0122610115251004,
-0.201178186873604));
#3096=CARTESIAN_POINT('Ctrl Pts',(0.0818766745571803,-2.04497319986495E-5,
-0.200438377522938));
#3097=CARTESIAN_POINT('Ctrl Pts',(-0.0537693012839273,0.0403908992155194,
-0.236999999999483));
#3098=CARTESIAN_POINT('Ctrl Pts',(-0.0670500364505574,0.0227112767184742,
-0.235364657407838));
#3099=CARTESIAN_POINT('Ctrl Pts',(-0.0746152226536112,-0.0264613633973875,
-0.232093972224547));
#3100=CARTESIAN_POINT('Ctrl Pts',(-0.0189870853129237,-0.0769298075823539,
-0.227187944449612));
#3101=CARTESIAN_POINT('Ctrl Pts',(0.0536366703599929,-0.0582269362702379,
-0.222281916674676));
#3102=CARTESIAN_POINT('Ctrl Pts',(0.0781817351165251,0.012586856598554,
-0.217375888899741));
#3103=CARTESIAN_POINT('Ctrl Pts',(0.0326193566951517,0.0721654673681549,
-0.212469861124805));
#3104=CARTESIAN_POINT('Ctrl Pts',(-0.042186945899382,0.0670115547610851,
-0.20756383334987));
#3105=CARTESIAN_POINT('Ctrl Pts',(-0.0791689467919792,0.00178675242726896,
-0.202657805574934));
#3106=CARTESIAN_POINT('Ctrl Pts',(-0.0451643829133762,-0.065047429116116,
-0.197751777799999));
#3107=CARTESIAN_POINT('Ctrl Pts',(0.0293355555957061,-0.0735540486345529,
-0.192845750025063));
#3108=CARTESIAN_POINT('Ctrl Pts',(0.0775325262571277,-0.016111646434923,
-0.187939722250128));
#3109=CARTESIAN_POINT('Ctrl Pts',(0.0562110716794067,0.0557780618381579,
-0.183033694475193));
#3110=CARTESIAN_POINT('Ctrl Pts',(-0.0155110480421411,0.0776547216710973,
-0.178127666700257));
#3111=CARTESIAN_POINT('Ctrl Pts',(-0.073325479658153,0.0299038317886385,
-0.173221638925322));
#3112=CARTESIAN_POINT('Ctrl Pts',(-0.0653937919482101,-0.0446599959000184,
-0.168315611150386));
#3113=CARTESIAN_POINT('Ctrl Pts',(0.00117216379881345,-0.0791800843610781,
-0.163409583375451));
#3114=CARTESIAN_POINT('Ctrl Pts',(0.0666871238488927,-0.0427046812583545,
-0.158503555600515));
#3115=CARTESIAN_POINT('Ctrl Pts',(0.0724081565404181,0.032061201554319,
-0.15359752782558));
#3116=CARTESIAN_POINT('Ctrl Pts',(0.0132055957449948,0.0780799180873428,
-0.148691500050644));
#3117=CARTESIAN_POINT('Ctrl Pts',(-0.0578375484077882,0.0540895529719852,
-0.143785472275709));
#3118=CARTESIAN_POINT('Ctrl Pts',(-0.0770215956421121,-0.0183993327339358,
-0.138879444500773));
#3119=CARTESIAN_POINT('Ctrl Pts',(-0.0271454829118613,-0.0743907544979293,
-0.133973416725838));
#3120=CARTESIAN_POINT('Ctrl Pts',(0.0470701854004717,-0.0636809178475003,
-0.129067388950903));
#3121=CARTESIAN_POINT('Ctrl Pts',(0.079081137979105,0.00412737784743262,
-0.124161361175967));
#3122=CARTESIAN_POINT('Ctrl Pts',(0.0401852752742563,0.0682349271229319,
-0.119255333401032));
#3123=CARTESIAN_POINT('Ctrl Pts',(-0.034742060504919,0.0711607396512545,
-0.114349305626096));
#3124=CARTESIAN_POINT('Ctrl Pts',(-0.0785184931524996,0.0102814330496628,
-0.109443277851161));
#3125=CARTESIAN_POINT('Ctrl Pts',(-0.05189259681406,-0.0598165531291914,
-0.104537250076225));
#3126=CARTESIAN_POINT('Ctrl Pts',(0.0212619519045037,-0.076281000482252,
-0.0996312223012898));
#3127=CARTESIAN_POINT('Ctrl Pts',(0.0753523174863491,-0.024349330221925,
-0.0947251945263544));
#3128=CARTESIAN_POINT('Ctrl Pts',(0.0618792539592488,0.0494147706895997,
-0.0898191667514188));
#3129=CARTESIAN_POINT('Ctrl Pts',(-0.00707683554140453,0.0788719216940057,
-0.0849131389764835));
#3130=CARTESIAN_POINT('Ctrl Pts',(-0.0696875956296845,0.0376098477563574,
-0.0800071112015478));
#3131=CARTESIAN_POINT('Ctrl Pts',(-0.0698141072674042,-0.0373744840682836,
-0.0751010834266126));
#3132=CARTESIAN_POINT('Ctrl Pts',(-0.00734293585348379,-0.078847593025905,
-0.070195055651677));
#3133=CARTESIAN_POINT('Ctrl Pts',(0.0617121594866839,-0.0496232909470668,
-0.0652890278767416));
#3134=CARTESIAN_POINT('Ctrl Pts',(0.0754340513929085,0.0240949273368285,
-0.060383000101806));
#3135=CARTESIAN_POINT('Ctrl Pts',(0.021519228812617,0.0762088211706035,
-0.0554769723268707));
#3136=CARTESIAN_POINT('Ctrl Pts',(-0.051690460055947,0.0599913158064565,
-0.0505709445519351));
#3137=CARTESIAN_POINT('Ctrl Pts',(-0.0785527391804776,-0.0100164265136201,
-0.0456649167769997));
#3138=CARTESIAN_POINT('Ctrl Pts',(-0.0349819831720876,-0.0710431030161807,
-0.0407588890020643));
#3139=CARTESIAN_POINT('Ctrl Pts',(0.0399547987164304,-0.0683701374350841,
-0.0358528612271288));
#3140=CARTESIAN_POINT('Ctrl Pts',(0.0790667605970218,-0.00439420084397563,
-0.0309468334521934));
#3141=CARTESIAN_POINT('Ctrl Pts',(0.0472847984172285,0.0635217244030415,
-0.0260408056772578));
#3142=CARTESIAN_POINT('Ctrl Pts',(-0.0268943087219608,0.0744819293131492,
-0.0211347779023224));
#3143=CARTESIAN_POINT('Ctrl Pts',(-0.076959071610301,0.0186591244494516,
-0.0162287501273869));
#3144=CARTESIAN_POINT('Ctrl Pts',(-0.0580197355340045,-0.0538940805704104,
-0.0113227223524515));
#3145=CARTESIAN_POINT('Ctrl Pts',(0.0129420522861465,-0.0781240355726551,
-0.006416694577516));
#3146=CARTESIAN_POINT('Ctrl Pts',(0.0722995592660304,-0.0323053451804355,
-0.00151066680258055));
#3147=CARTESIAN_POINT('Ctrl Pts',(0.0668308436641176,0.0424794064865952,
0.00339536097235491));
#3148=CARTESIAN_POINT('Ctrl Pts',(0.00143933871398729,0.0791756910332891,
0.00830138874729037));
#3149=CARTESIAN_POINT('Ctrl Pts',(-0.0652427238628755,0.044880378234357,
0.0132074165222258));
#3150=CARTESIAN_POINT('Ctrl Pts',(-0.0734259637366459,-0.0296561903830062,
0.0181134442971613));
#3151=CARTESIAN_POINT('Ctrl Pts',(-0.0157730009697318,-0.0776020278666996,
0.0230194720720967));
#3152=CARTESIAN_POINT('Ctrl Pts',(0.0560225525717687,-0.055967252306524,
0.0279254998470322));
#3153=CARTESIAN_POINT('Ctrl Pts',(0.0775864224644957,0.0158496153996333,
0.0328315276219676));
#3154=CARTESIAN_POINT('Ctrl Pts',(0.0295836392292195,0.07345524768658,0.0377375553969032));
#3155=CARTESIAN_POINT('Ctrl Pts',(-0.0449447371753111,0.0651983052649639,
0.0426435831718386));
#3156=CARTESIAN_POINT('Ctrl Pts',(-0.0791743282149901,-0.00151740353030043,
0.0475496109467742));
#3157=CARTESIAN_POINT('Ctrl Pts',(-0.0424132004439728,-0.0668730005813671,
0.0524556387217094));
#3158=CARTESIAN_POINT('Ctrl Pts',(0.0323763745804336,-0.0722671658616165,
0.0573616664966451));
#3159=CARTESIAN_POINT('Ctrl Pts',(0.0781374541236559,-0.0128657600488969,
0.0622676942715804));
#3160=CARTESIAN_POINT('Ctrl Pts',(0.0538354701556765,0.0580745794087641,
0.0671737220465159));
#3161=CARTESIAN_POINT('Ctrl Pts',(-0.0187326678347609,0.0769374683207591,
0.0720797498214513));
#3162=CARTESIAN_POINT('Ctrl Pts',(-0.0745131153862162,0.026826717039366,
0.0769857775963869));
#3163=CARTESIAN_POINT('Ctrl Pts',(-0.0634661151132579,-0.047358894595353,
0.0818918053713223));
#3164=CARTESIAN_POINT('Ctrl Pts',(0.00445532590707557,-0.0790406135210666,
0.0867978331462577));
#3165=CARTESIAN_POINT('Ctrl Pts',(0.0684422492887236,-0.0399294780286249,
0.0917038609211933));
#3166=CARTESIAN_POINT('Ctrl Pts',(0.0709427541498601,0.0351391638791975,
0.0966098886961287));
#3167=CARTESIAN_POINT('Ctrl Pts',(0.0303777269262605,0.0639429682216719,
0.0998805738794191));
#3168=CARTESIAN_POINT('Ctrl Pts',(0.00844043162267153,0.0667182255011553,
0.101515916471064));
#3169=CARTESIAN_POINT('Ctrl Pts',(-0.0577003902253792,0.0433438893688226,
-0.239838638822998));
#3170=CARTESIAN_POINT('Ctrl Pts',(-0.0719520837251334,0.0243717046322164,
-0.238203296231353));
#3171=CARTESIAN_POINT('Ctrl Pts',(-0.0800703628476176,-0.0283959612170229,
-0.234932611048063));
#3172=CARTESIAN_POINT('Ctrl Pts',(-0.0203752365315884,-0.0825541677401716,
-0.230026583273127));
#3173=CARTESIAN_POINT('Ctrl Pts',(0.0575580626167952,-0.0624839241759925,
-0.225120555498192));
#3174=CARTESIAN_POINT('Ctrl Pts',(0.0838976240531733,0.0135070852718064,
-0.220214527723257));
#3175=CARTESIAN_POINT('Ctrl Pts',(0.035004167159853,0.077441505255046,-0.215308499948321));
#3176=CARTESIAN_POINT('Ctrl Pts',(-0.0452712455376267,0.0719107886283764,
-0.210402472173386));
#3177=CARTESIAN_POINT('Ctrl Pts',(-0.0849570110555812,0.0019173824064621,
-0.20549644439845));
#3178=CARTESIAN_POINT('Ctrl Pts',(-0.0484663638203021,-0.0698030651977155,
-0.200590416623515));
#3179=CARTESIAN_POINT('Ctrl Pts',(0.0314802864261233,-0.0789316060935846,
-0.195684388848579));
#3180=CARTESIAN_POINT('Ctrl Pts',(0.0832009513490367,-0.0172895734976993,
-0.190778361073644));
#3181=CARTESIAN_POINT('Ctrl Pts',(0.0603206791503919,0.0598560118362388,
-0.185872333298708));
#3182=CARTESIAN_POINT('Ctrl Pts',(-0.0166450651852469,0.0833320805045481,
-0.180966305523773));
#3183=CARTESIAN_POINT('Ctrl Pts',(-0.0786863263741766,0.0320901094534832,
-0.176060277748837));
#3184=CARTESIAN_POINT('Ctrl Pts',(-0.0701747507151796,-0.0479251009286443,
-0.171154249973902));
#3185=CARTESIAN_POINT('Ctrl Pts',(0.00125786102821865,-0.0849689628955311,
-0.166248222198966));
#3186=CARTESIAN_POINT('Ctrl Pts',(0.0715626384797287,-0.0458268326762515,
-0.161342194424031));
#3187=CARTESIAN_POINT('Ctrl Pts',(0.0777019375018613,0.0344052051375964,
-0.156436166649095));
#3188=CARTESIAN_POINT('Ctrl Pts',(0.0141710606135879,0.0837883631519689,
-0.15153013887416));
#3189=CARTESIAN_POINT('Ctrl Pts',(-0.0620660680559411,0.0580440556056247,
-0.146624111099224));
#3190=CARTESIAN_POINT('Ctrl Pts',(-0.082652666451139,-0.0197445131940377,
-0.141718083324289));
#3191=CARTESIAN_POINT('Ctrl Pts',(-0.0291300969041783,-0.0798294837610989,
-0.136812055549354));
#3192=CARTESIAN_POINT('Ctrl Pts',(0.0505115000703947,-0.0683366479007871,
-0.131906027774418));
#3193=CARTESIAN_POINT('Ctrl Pts',(0.0848627825153716,0.00442913161818663,
-0.126999999999483));
#3194=CARTESIAN_POINT('Ctrl Pts',(0.0431232322026095,0.0732236020922665,
-0.122093972224548));
#3195=CARTESIAN_POINT('Ctrl Pts',(-0.037282062450136,0.0763633216084094,
-0.117187944449612));
#3196=CARTESIAN_POINT('Ctrl Pts',(-0.084259002565136,0.0110331115501957,
-0.112281916674676));
#3197=CARTESIAN_POINT('Ctrl Pts',(-0.0556864793568474,-0.0641897583765548,
-0.107375888899741));
#3198=CARTESIAN_POINT('Ctrl Pts',(0.0228164192680299,-0.0818579261680672,
-0.102469861124806));
#3199=CARTESIAN_POINT('Ctrl Pts',(0.0808613468936535,-0.0261295166941598,
-0.09756383334987));
#3200=CARTESIAN_POINT('Ctrl Pts',(0.0664032638521802,0.0530274986582321,
-0.0926578055749346));
#3201=CARTESIAN_POINT('Ctrl Pts',(-0.00759422500477859,0.0846382703680409,
-0.0877517777999991));
#3202=CARTESIAN_POINT('Ctrl Pts',(-0.0747824756075672,0.0403595144448642,
-0.0828457500250637));
#3203=CARTESIAN_POINT('Ctrl Pts',(-0.0749182365471773,-0.0401069432504754,
-0.0779397222501281));
#3204=CARTESIAN_POINT('Ctrl Pts',(-0.00787977998651422,-0.0846121630240815,
-0.0730336944751927));
#3205=CARTESIAN_POINT('Ctrl Pts',(0.0662239530551032,-0.0532512638911522,
-0.0681276667002572));
#3206=CARTESIAN_POINT('Ctrl Pts',(0.0809490563894159,0.0258565143416277,
-0.0632216389253218));
#3207=CARTESIAN_POINT('Ctrl Pts',(0.023092505764221,0.0817804698063725,
-0.0583156111503863));
#3208=CARTESIAN_POINT('Ctrl Pts',(-0.0554695643227388,0.0643772980029633,
-0.0534095833754508));
#3209=CARTESIAN_POINT('Ctrl Pts',(-0.0842957523299795,-0.0107487303107745,
-0.0485035556005154));
#3210=CARTESIAN_POINT('Ctrl Pts',(-0.0375395259318809,-0.0762370845254182,
-0.0435975278255799));
#3211=CARTESIAN_POINT('Ctrl Pts',(0.0428759054379537,-0.073368697668876,
-0.0386915000506445));
#3212=CARTESIAN_POINT('Ctrl Pts',(0.0848473539987869,-0.00471546212005313,
-0.033785472275709));
#3213=CARTESIAN_POINT('Ctrl Pts',(0.0507418035059725,0.0681658157782328,
-0.0288794445007735));
#3214=CARTESIAN_POINT('Ctrl Pts',(-0.028860559297668,0.0799273243930449,
-0.0239734167258381));
#3215=CARTESIAN_POINT('Ctrl Pts',(-0.0825855712695424,0.020023298355917,
-0.0190673889509026));
#3216=CARTESIAN_POINT('Ctrl Pts',(-0.0622615749348797,-0.05783429216106,
-0.0141613611759671));
#3217=CARTESIAN_POINT('Ctrl Pts',(0.0138882494173517,-0.0838357060792061,
-0.00925533340103167));
#3218=CARTESIAN_POINT('Ctrl Pts',(0.0775854006497924,-0.0346671981738007,
-0.0043493056260962));
#3219=CARTESIAN_POINT('Ctrl Pts',(0.0717168656916057,0.0455850880017242,
0.000556722148839251));
#3220=CARTESIAN_POINT('Ctrl Pts',(0.00154456917758746,0.0849642483702953,
0.0054627499237747));
#3221=CARTESIAN_POINT('Ctrl Pts',(-0.070012637999071,0.0481615954782566,
0.0103687776987102));
#3222=CARTESIAN_POINT('Ctrl Pts',(-0.0787941568722865,-0.0318243629141058,
0.0152748054736456));
#3223=CARTESIAN_POINT('Ctrl Pts',(-0.016926169566032,-0.0832755342410927,
0.0201808332485811));
#3224=CARTESIAN_POINT('Ctrl Pts',(0.0601183773570653,-0.0600590340736677,
0.0250868610235166));
#3225=CARTESIAN_POINT('Ctrl Pts',(0.0832587879234862,0.0170083852987392,
0.029992888798452));
#3226=CARTESIAN_POINT('Ctrl Pts',(0.0317465075247881,0.0788255817801465,
0.0348989165733875));
#3227=CARTESIAN_POINT('Ctrl Pts',(-0.0482306597197266,0.0699649719448064,
0.039804944348323));
#3228=CARTESIAN_POINT('Ctrl Pts',(-0.0849627859159622,-0.00162834133487015,
0.0447109721232585));
#3229=CARTESIAN_POINT('Ctrl Pts',(-0.0455140416164565,-0.0717621047130903,
0.0496169998981939));
#3230=CARTESIAN_POINT('Ctrl Pts',(0.0347434205534764,-0.0775506389543494,
0.0545230276731294));
#3231=CARTESIAN_POINT('Ctrl Pts',(0.0838501056642949,-0.013806379432893,
0.0594290554480648));
#3232=CARTESIAN_POINT('Ctrl Pts',(0.0577713967222006,0.0623204284609538,
0.0643350832230003));
#3233=CARTESIAN_POINT('Ctrl Pts',(-0.0201022185190867,0.0825623885573449,
0.0692411109979358));
#3234=CARTESIAN_POINT('Ctrl Pts',(-0.079960790488802,0.0287880259678946,
0.0741471387728712));
#3235=CARTESIAN_POINT('Ctrl Pts',(-0.0681061408774243,-0.0508213168767977,
0.0790531665478068));
#3236=CARTESIAN_POINT('Ctrl Pts',(0.00478105605393739,-0.0848192953026564,
0.083959194322742));
#3237=CARTESIAN_POINT('Ctrl Pts',(0.0734460816406873,-0.0428487335474463,
0.0888652220976778));
#3238=CARTESIAN_POINT('Ctrl Pts',(0.0761293991248808,0.0377081981652851,
0.093771249872613));
#3239=CARTESIAN_POINT('Ctrl Pts',(0.0325986511996798,0.0686178568525005,
0.0970419350559034));
#3240=CARTESIAN_POINT('Ctrl Pts',(0.00905751398418035,0.0715960139826524,
0.0986772776475486));
#3241=CARTESIAN_POINT('Ctrl Pts',(-0.0616314791668311,0.0462968795221258,
-0.242677277646514));
#3242=CARTESIAN_POINT('Ctrl Pts',(-0.0768541309997095,0.0260321325459587,
-0.241041935054869));
#3243=CARTESIAN_POINT('Ctrl Pts',(-0.0855255030416237,-0.0303305590366585,
-0.237771249871579));
#3244=CARTESIAN_POINT('Ctrl Pts',(-0.0217633877502533,-0.0881785278979892,
-0.232865222096643));
#3245=CARTESIAN_POINT('Ctrl Pts',(0.0614794548735978,-0.0667409120817473,
-0.227959194321708));
#3246=CARTESIAN_POINT('Ctrl Pts',(0.0896135129898213,0.0144273139450588,
-0.223053166546772));
#3247=CARTESIAN_POINT('Ctrl Pts',(0.0373889776245543,0.0827175431419371,
-0.218147138771837));
#3248=CARTESIAN_POINT('Ctrl Pts',(-0.0483555451758715,0.0768100224956677,
-0.213241110996901));
#3249=CARTESIAN_POINT('Ctrl Pts',(-0.0907450753191831,0.00204801238565518,
-0.208335083221966));
#3250=CARTESIAN_POINT('Ctrl Pts',(-0.0517683447272281,-0.074558701279315,
-0.20342905544703));
#3251=CARTESIAN_POINT('Ctrl Pts',(0.0336250172565405,-0.0843091635526163,
-0.198523027672095));
#3252=CARTESIAN_POINT('Ctrl Pts',(0.0888693764409456,-0.0184675005604755,
-0.19361699989716));
#3253=CARTESIAN_POINT('Ctrl Pts',(0.064430286621377,0.0639339618343197,
-0.188710972122224));
#3254=CARTESIAN_POINT('Ctrl Pts',(-0.0177790823283527,0.0890094393379988,
-0.183804944347288));
#3255=CARTESIAN_POINT('Ctrl Pts',(-0.0840471730902001,0.0342763871183278,
-0.178898916572353));
#3256=CARTESIAN_POINT('Ctrl Pts',(-0.0749557094821492,-0.0511902059572701,
-0.173992888797417));
#3257=CARTESIAN_POINT('Ctrl Pts',(0.00134355825762387,-0.0907578414299842,
-0.169086861022482));
#3258=CARTESIAN_POINT('Ctrl Pts',(0.0764381531105647,-0.0489489840941486,
-0.164180833247547));
#3259=CARTESIAN_POINT('Ctrl Pts',(0.0829957184633044,0.0367492087208737,
-0.159274805472611));
#3260=CARTESIAN_POINT('Ctrl Pts',(0.0151365254821812,0.0894968082165949,
-0.154368777697675));
#3261=CARTESIAN_POINT('Ctrl Pts',(-0.0662945877040943,0.0619985582392643,
-0.149462749922741));
#3262=CARTESIAN_POINT('Ctrl Pts',(-0.0882837372601657,-0.0210896936541395,
-0.144556722147805));
#3263=CARTESIAN_POINT('Ctrl Pts',(-0.0311147108964953,-0.0852682130242685,
-0.139650694372869));
#3264=CARTESIAN_POINT('Ctrl Pts',(0.0539528147403176,-0.0729923779540739,
-0.134744666597934));
#3265=CARTESIAN_POINT('Ctrl Pts',(0.0906444270516383,0.00473088538894066,
-0.129838638822998));
#3266=CARTESIAN_POINT('Ctrl Pts',(0.0460611891309628,0.0782122770616011,
-0.124932611048063));
#3267=CARTESIAN_POINT('Ctrl Pts',(-0.0398220643953531,0.0815659035655643,
-0.120026583273127));
#3268=CARTESIAN_POINT('Ctrl Pts',(-0.0899995119777723,0.0117847900507287,
-0.115120555498192));
#3269=CARTESIAN_POINT('Ctrl Pts',(-0.0594803618996349,-0.0685629636239182,
-0.110214527723256));
#3270=CARTESIAN_POINT('Ctrl Pts',(0.0243708866315562,-0.0874348518538824,
-0.105308499948321));
#3271=CARTESIAN_POINT('Ctrl Pts',(0.0863703763009578,-0.0279097031663947,
-0.100402472173386));
#3272=CARTESIAN_POINT('Ctrl Pts',(0.0709272737451116,0.0566402266268645,
-0.0954964443984502));
#3273=CARTESIAN_POINT('Ctrl Pts',(-0.00811161446815266,0.0904046190420761,
-0.0905904166235148));
#3274=CARTESIAN_POINT('Ctrl Pts',(-0.07987735558545,0.0431091811333711,
-0.0856843888485792));
#3275=CARTESIAN_POINT('Ctrl Pts',(-0.0800223658269504,-0.0428394024326671,
-0.0807783610736439));
#3276=CARTESIAN_POINT('Ctrl Pts',(-0.00841662411954462,-0.090376733022258,
-0.0758723332987082));
#3277=CARTESIAN_POINT('Ctrl Pts',(0.0707357466235224,-0.0568792368352376,
-0.070966305523773));
#3278=CARTESIAN_POINT('Ctrl Pts',(0.0864640613859236,0.0276181013464267,
-0.0660602777488374));
#3279=CARTESIAN_POINT('Ctrl Pts',(0.0246657827158249,0.0873521184421416,
-0.061154249973902));
#3280=CARTESIAN_POINT('Ctrl Pts',(-0.0592486685895304,0.0687632801994699,
-0.0562482221989664));
#3281=CARTESIAN_POINT('Ctrl Pts',(-0.0900387654794816,-0.0114810341079289,
-0.0513421944240311));
#3282=CARTESIAN_POINT('Ctrl Pts',(-0.0400970686916743,-0.0814310660346557,
-0.0464361666490956));
#3283=CARTESIAN_POINT('Ctrl Pts',(0.0457970121594773,-0.0783672579026678,
-0.0415301388741601));
#3284=CARTESIAN_POINT('Ctrl Pts',(0.0906279474005516,-0.00503672339613064,
-0.0366241110992247));
#3285=CARTESIAN_POINT('Ctrl Pts',(0.0541988085947168,0.0728099071534242,
-0.0317180833242891));
#3286=CARTESIAN_POINT('Ctrl Pts',(-0.0308268098733753,0.0853727194729406,
-0.0268120555493537));
#3287=CARTESIAN_POINT('Ctrl Pts',(-0.0882120709287836,0.0213874722623825,
-0.0219060277744182));
#3288=CARTESIAN_POINT('Ctrl Pts',(-0.0665034143357549,-0.0617745037517095,
-0.0169999999994828));
#3289=CARTESIAN_POINT('Ctrl Pts',(0.014834446548557,-0.0895473765857572,
-0.0120939722245473));
#3290=CARTESIAN_POINT('Ctrl Pts',(0.0828712420335541,-0.0370290511671658,
-0.00718794444961184));
#3291=CARTESIAN_POINT('Ctrl Pts',(0.0766028877190939,0.0486907695168532,
-0.00228191667467642));
#3292=CARTESIAN_POINT('Ctrl Pts',(0.00164979964118745,0.0907528057073016,
0.00262411110025906));
#3293=CARTESIAN_POINT('Ctrl Pts',(-0.0747825521352663,0.0514428127221564,
0.0075301388751945));
#3294=CARTESIAN_POINT('Ctrl Pts',(-0.0841623500079274,-0.0339925354452054,
0.01243616665013));
#3295=CARTESIAN_POINT('Ctrl Pts',(-0.0180793381623319,-0.0889490406154859,
0.0173421944250654));
#3296=CARTESIAN_POINT('Ctrl Pts',(0.0642142021423617,-0.0641508158408113,
0.0222482222000009));
#3297=CARTESIAN_POINT('Ctrl Pts',(0.0889311533824766,0.0181671551978449,
0.0271542499749364));
#3298=CARTESIAN_POINT('Ctrl Pts',(0.0339093758203568,0.0841959158737131,
0.0320602777498718));
#3299=CARTESIAN_POINT('Ctrl Pts',(-0.0515165822641421,0.0747316386246489,
0.0369663055248074));
#3300=CARTESIAN_POINT('Ctrl Pts',(-0.0907512436169342,-0.00173927913943983,
0.0418723332997428));
#3301=CARTESIAN_POINT('Ctrl Pts',(-0.0486148827889403,-0.0766512088448135,
0.0467783610746782));
#3302=CARTESIAN_POINT('Ctrl Pts',(0.0371104665265193,-0.0828341120470821,
0.0516843888496136));
#3303=CARTESIAN_POINT('Ctrl Pts',(0.0895627572049339,-0.0147469988168892,
0.0565904166245492));
#3304=CARTESIAN_POINT('Ctrl Pts',(0.0617073232887246,0.0665662775131435,
0.0614964443994846));
#3305=CARTESIAN_POINT('Ctrl Pts',(-0.0214717692034124,0.0881873087939309,
0.0664024721744201));
#3306=CARTESIAN_POINT('Ctrl Pts',(-0.0854084655913879,0.0307493348964232,
0.0713084999493556));
#3307=CARTESIAN_POINT('Ctrl Pts',(-0.0727461666415906,-0.0542837391582423,
0.076214527724291));
#3308=CARTESIAN_POINT('Ctrl Pts',(0.00510678620079914,-0.0905979770842461,
0.0811205554992266));
#3309=CARTESIAN_POINT('Ctrl Pts',(0.0784499139926509,-0.0457679890662677,
0.0860265832741618));
#3310=CARTESIAN_POINT('Ctrl Pts',(0.0813160440999016,0.0402772324513726,
0.0909326110490975));
#3311=CARTESIAN_POINT('Ctrl Pts',(0.034819575473099,0.073292745483329,0.0942032962323878));
#3312=CARTESIAN_POINT('Ctrl Pts',(0.00967459634568917,0.0764738024641495,
0.0958386388240329));
#3313=CARTESIAN_POINT('Ctrl Pts',(-0.0655625681082831,0.0492498696754289,
-0.24551591647003));
#3314=CARTESIAN_POINT('Ctrl Pts',(-0.0817561782742856,0.0276925604597009,
-0.243880573878385));
#3315=CARTESIAN_POINT('Ctrl Pts',(-0.0909806432356301,-0.032265156856294,
-0.240609888695094));
#3316=CARTESIAN_POINT('Ctrl Pts',(-0.023151538968918,-0.093802888055807,
-0.235703860920159));
#3317=CARTESIAN_POINT('Ctrl Pts',(0.0654008471304001,-0.070997899987502,
-0.230797833145223));
#3318=CARTESIAN_POINT('Ctrl Pts',(0.0953294019264694,0.0153475426183112,
-0.225891805370288));
#3319=CARTESIAN_POINT('Ctrl Pts',(0.0397737880892555,0.0879935810288283,
-0.220985777595352));
#3320=CARTESIAN_POINT('Ctrl Pts',(-0.0514398448141163,0.0817092563629589,
-0.216079749820417));
#3321=CARTESIAN_POINT('Ctrl Pts',(-0.096533139582785,0.00217864236484837,
-0.211173722045481));
#3322=CARTESIAN_POINT('Ctrl Pts',(-0.055070325634154,-0.0793143373609146,
-0.206267694270546));
#3323=CARTESIAN_POINT('Ctrl Pts',(0.0357697480869577,-0.0896867210116481,
-0.20136166649561));
#3324=CARTESIAN_POINT('Ctrl Pts',(0.0945378015328545,-0.0196454276232518,
-0.196455638720675));
#3325=CARTESIAN_POINT('Ctrl Pts',(0.0685398940923622,0.0680119118324007,
-0.19154961094574));
#3326=CARTESIAN_POINT('Ctrl Pts',(-0.0189130994714584,0.0946867981714496,
-0.186643583170804));
#3327=CARTESIAN_POINT('Ctrl Pts',(-0.0894080198062237,0.0364626647831726,
-0.181737555395869));
#3328=CARTESIAN_POINT('Ctrl Pts',(-0.0797366682491187,-0.0544553109858961,
-0.176831527620933));
#3329=CARTESIAN_POINT('Ctrl Pts',(0.00142925548702903,-0.0965467199644372,
-0.171925499845998));
#3330=CARTESIAN_POINT('Ctrl Pts',(0.0813136677414007,-0.0520711355120456,
-0.167019472071062));
#3331=CARTESIAN_POINT('Ctrl Pts',(0.0882894994247476,0.0390932123041511,
-0.162113444296127));
#3332=CARTESIAN_POINT('Ctrl Pts',(0.0161019903507744,0.095205253281221,
-0.157207416521191));
#3333=CARTESIAN_POINT('Ctrl Pts',(-0.0705231073522473,0.0659530608729038,
-0.152301388746256));
#3334=CARTESIAN_POINT('Ctrl Pts',(-0.0939148080691924,-0.0224348741142414,
-0.14739536097132));
#3335=CARTESIAN_POINT('Ctrl Pts',(-0.0330993248888123,-0.0907069422874381,
-0.142489333196385));
#3336=CARTESIAN_POINT('Ctrl Pts',(0.0573941294102406,-0.0776481080073608,
-0.13758330542145));
#3337=CARTESIAN_POINT('Ctrl Pts',(0.0964260715879049,0.0050326391596947,
-0.132677277646514));
#3338=CARTESIAN_POINT('Ctrl Pts',(0.0489991460593161,0.0832009520309356,
-0.127771249871579));
#3339=CARTESIAN_POINT('Ctrl Pts',(-0.0423620663405702,0.0867684855227192,
-0.122865222096643));
#3340=CARTESIAN_POINT('Ctrl Pts',(-0.0957400213904086,0.0125364685512617,
-0.117959194321708));
#3341=CARTESIAN_POINT('Ctrl Pts',(-0.0632742444424224,-0.0729361688712817,
-0.113053166546772));
#3342=CARTESIAN_POINT('Ctrl Pts',(0.0259253539950824,-0.0930117775396976,
-0.108147138771837));
#3343=CARTESIAN_POINT('Ctrl Pts',(0.0918794057082622,-0.0296898896386296,
-0.103241110996901));
#3344=CARTESIAN_POINT('Ctrl Pts',(0.075451283638043,0.060252954595497,-0.0983350832219659));
#3345=CARTESIAN_POINT('Ctrl Pts',(-0.00862900393152665,0.0961709677161111,
-0.0934290554470304));
#3346=CARTESIAN_POINT('Ctrl Pts',(-0.0849722355633328,0.0458588478218781,
-0.0885230276720949));
#3347=CARTESIAN_POINT('Ctrl Pts',(-0.0851264951067233,-0.0455718616148588,
-0.0836169998971595));
#3348=CARTESIAN_POINT('Ctrl Pts',(-0.00895346825257507,-0.0961413030204344,
-0.0787109721222239));
#3349=CARTESIAN_POINT('Ctrl Pts',(0.0752475401919417,-0.060507209779323,
-0.0738049443472886));
#3350=CARTESIAN_POINT('Ctrl Pts',(0.0919790663824311,0.0293796883512259,
-0.0688989165723531));
#3351=CARTESIAN_POINT('Ctrl Pts',(0.0262390596674289,0.0929237670779106,
-0.0639928887974176));
#3352=CARTESIAN_POINT('Ctrl Pts',(-0.0630277728563221,0.0731492623959767,
-0.0590868610224822));
#3353=CARTESIAN_POINT('Ctrl Pts',(-0.0957817786289838,-0.0122133379050832,
-0.0541808332475467));
#3354=CARTESIAN_POINT('Ctrl Pts',(-0.0426546114514674,-0.0866250475438932,
-0.0492748054726113));
#3355=CARTESIAN_POINT('Ctrl Pts',(0.0487181188810005,-0.0833658181364595,
-0.0443687776976757));
#3356=CARTESIAN_POINT('Ctrl Pts',(0.0964085408023166,-0.00535798467220812,
-0.0394627499227404));
#3357=CARTESIAN_POINT('Ctrl Pts',(0.0576558136834607,0.0774539985286156,
-0.0345567221478048));
#3358=CARTESIAN_POINT('Ctrl Pts',(-0.0327930604490824,0.0908181145528363,
-0.0296506943728694));
#3359=CARTESIAN_POINT('Ctrl Pts',(-0.093838570588025,0.022751646168848,
-0.0247446665979339));
#3360=CARTESIAN_POINT('Ctrl Pts',(-0.0707452537366301,-0.0657147153423592,
-0.0198386388229984));
#3361=CARTESIAN_POINT('Ctrl Pts',(0.0157806436797622,-0.0952590470923081,
-0.014932611048063));
#3362=CARTESIAN_POINT('Ctrl Pts',(0.088157083417316,-0.0393909041605311,
-0.0100265832731275));
#3363=CARTESIAN_POINT('Ctrl Pts',(0.081488909746582,0.0517964510319823,
-0.00512055549819206));
#3364=CARTESIAN_POINT('Ctrl Pts',(0.00175503010478755,0.0965413630443078,
-0.00021452772325661));
#3365=CARTESIAN_POINT('Ctrl Pts',(-0.0795524662714616,0.0547240299660561,
0.00469150005167886));
#3366=CARTESIAN_POINT('Ctrl Pts',(-0.0895305431435681,-0.036160707976305,
0.0095975278266143));
#3367=CARTESIAN_POINT('Ctrl Pts',(-0.0192325067586321,-0.094622546989879,
0.0145035556015498));
#3368=CARTESIAN_POINT('Ctrl Pts',(0.0683100269276584,-0.068242597607955,
0.0194095833764853));
#3369=CARTESIAN_POINT('Ctrl Pts',(0.0946035188414669,0.0193259250969507,
0.0243156111514207));
#3370=CARTESIAN_POINT('Ctrl Pts',(0.0360722441159256,0.0895662499672796,
0.0292216389263562));
#3371=CARTESIAN_POINT('Ctrl Pts',(-0.0548025048085577,0.0794983053044913,
0.0341276667012917));
#3372=CARTESIAN_POINT('Ctrl Pts',(-0.0965397013179062,-0.00185021694400945,
0.0390336944762271));
#3373=CARTESIAN_POINT('Ctrl Pts',(-0.0517157239614241,-0.0815403129765368,
0.0439397222511626));
#3374=CARTESIAN_POINT('Ctrl Pts',(0.0394775124995621,-0.0881175851398149,
0.0488457500260979));
#3375=CARTESIAN_POINT('Ctrl Pts',(0.095275408745573,-0.0156876182008854,
0.0537517778010336));
#3376=CARTESIAN_POINT('Ctrl Pts',(0.0656432498552486,0.0708121265653331,
0.0586578055759688));
#3377=CARTESIAN_POINT('Ctrl Pts',(-0.0228413198877382,0.0938122290305167,
0.0635638333509046));
#3378=CARTESIAN_POINT('Ctrl Pts',(-0.0908561406939737,0.0327106438249518,
0.0684698611258398));
#3379=CARTESIAN_POINT('Ctrl Pts',(-0.0773861924057569,-0.0577461614396869,
0.0733758889007755));
#3380=CARTESIAN_POINT('Ctrl Pts',(0.00543251634766098,-0.0963766588658359,
0.0782819166757107));
#3381=CARTESIAN_POINT('Ctrl Pts',(0.0834537463446146,-0.0486872445850891,
0.0831879444506465));
#3382=CARTESIAN_POINT('Ctrl Pts',(0.0865026890749224,0.0428462667374602,
0.0880939722255816));
#3383=CARTESIAN_POINT('Ctrl Pts',(0.0370404997465183,0.0779676341141576,
0.0913646574088721));
#3384=CARTESIAN_POINT('Ctrl Pts',(0.010291678707198,0.0813515909456466,
0.0930000000005173));
#3385=CARTESIAN_POINT('Ctrl Pts',(0.010291678707198,0.0813515909456466,
0.0930000000005173));
#3386=CARTESIAN_POINT('Ctrl Pts',(0.0145598815473433,0.080349917563646,
0.0930000000005172));
#3387=CARTESIAN_POINT('Ctrl Pts',(0.0187255567895809,0.0789821553841434,
0.0930000000005172));
#3388=CARTESIAN_POINT('Ctrl Pts',(0.0227555711067591,0.0772797958194288,
0.0930000000005173));
#3389=CARTESIAN_POINT('Ctrl Pts',(0.0254452500456193,0.0761436210301575,
0.0930000000005173));
#3390=CARTESIAN_POINT('Ctrl Pts',(0.0280744233817849,0.0748582012331134,
0.0930000000005172));
#3391=CARTESIAN_POINT('Ctrl Pts',(0.0306316889831669,0.0734311383060135,
0.0930000000005171));
#3392=CARTESIAN_POINT('Ctrl Pts',(0.0332396770681347,0.0719757700766185,
0.0930000000005171));
#3393=CARTESIAN_POINT('Ctrl Pts',(0.0357661279938775,0.0703766144272288,
0.0930000000005172));
#3394=CARTESIAN_POINT('Ctrl Pts',(0.0381944017046454,0.0686465271526571,
0.0930000000005173));
#3395=CARTESIAN_POINT('Ctrl Pts',(0.0417423323697119,0.0661187109235907,
0.0930000000005173));
#3396=CARTESIAN_POINT('Ctrl Pts',(0.0450849978248078,0.063309396258428,
0.0930000000005172));
#3397=CARTESIAN_POINT('Ctrl Pts',(0.0481813333877501,0.0602439571276856,
0.0930000000005172));
#3398=CARTESIAN_POINT('Ctrl Pts',(0.0501244049285928,0.0583202743051845,
0.0930000000005173));
#3399=CARTESIAN_POINT('Ctrl Pts',(0.0519650888607392,0.0563004047597682,
0.0930000000005172));
#3400=CARTESIAN_POINT('Ctrl Pts',(0.0536887672617988,0.0541975535024866,
0.0930000000005172));
#3401=CARTESIAN_POINT('Ctrl Pts',(0.0564928921626386,0.0507765803269331,
0.0930000000005172));
#3402=CARTESIAN_POINT('Ctrl Pts',(0.0589930075959232,0.0471313119032234,
0.0930000000005172));
#3403=CARTESIAN_POINT('Ctrl Pts',(0.0611426660273179,0.0432890571274727,
0.0930000000005172));
#3404=CARTESIAN_POINT('Ctrl Pts',(0.0623393243099498,0.0411501749989287,
0.0930000000005173));
#3405=CARTESIAN_POINT('Ctrl Pts',(0.0634271603868961,0.0389501712990264,
0.0930000000005173));
#3406=CARTESIAN_POINT('Ctrl Pts',(0.064396253660846,0.0366934764133936,
0.0930000000005173));
#3407=CARTESIAN_POINT('Ctrl Pts',(0.0649742301446412,0.0353475620313027,
0.0930000000005173));
#3408=CARTESIAN_POINT('Ctrl Pts',(0.0655097317174008,0.0339816688518093,
0.0930000000005173));
#3409=CARTESIAN_POINT('Ctrl Pts',(0.0659989661563803,0.0326019698932719,
0.0930000000005173));
#3410=CARTESIAN_POINT('Ctrl Pts',(0.0674272263339152,0.028574107334013,
0.0930000000005173));
#3411=CARTESIAN_POINT('Ctrl Pts',(0.0684671963520689,0.0244173623574112,
0.0930000000005173));
#3412=CARTESIAN_POINT('Ctrl Pts',(0.069127858011265,0.0201870332588204,
0.0930000000005173));
#3413=CARTESIAN_POINT('Ctrl Pts',(0.069690872325209,0.0165819567388684,
0.0930000000005172));
#3414=CARTESIAN_POINT('Ctrl Pts',(0.0699781520176847,0.0129232376678498,
0.0930000000005173));
#3415=CARTESIAN_POINT('Ctrl Pts',(0.0699883466109114,0.00924672247653469,
0.0930000000005173));
#3416=CARTESIAN_POINT('Ctrl Pts',(0.0699945178049915,0.0070211811254248,
0.0930000000005173));
#3417=CARTESIAN_POINT('Ctrl Pts',(0.0698988009340136,0.00479404666003581,
0.0930000000005172));
#3418=CARTESIAN_POINT('Ctrl Pts',(0.0697025298494535,0.00258112490416905,
0.0930000000005172));
#3419=CARTESIAN_POINT('Ctrl Pts',(0.0691867599354258,-0.0032340896310307,
0.0930000000005173));
#3420=CARTESIAN_POINT('Ctrl Pts',(0.0679797287273179,-0.00897023629716648,
0.0930000000005172));
#3421=CARTESIAN_POINT('Ctrl Pts',(0.0660767382435421,-0.0144732785940683,
0.0930000000005172));
#3422=CARTESIAN_POINT('Ctrl Pts',(0.0656888629185742,-0.0155949312441582,
0.0930000000005172));
#3423=CARTESIAN_POINT('Ctrl Pts',(0.065271941248034,-0.0167067907399875,
0.0930000000005173));
#3424=CARTESIAN_POINT('Ctrl Pts',(0.0648257383285691,-0.0178073560688842,
0.0930000000005173));
#3425=CARTESIAN_POINT('Ctrl Pts',(-0.0537693012839273,0.0403908992155194,
-0.236999999999483));
#3426=CARTESIAN_POINT('Ctrl Pts',(-0.057736691673684,0.0363130113448556,
-0.236999999999483));
#3427=CARTESIAN_POINT('Ctrl Pts',(-0.0611120309514895,0.0317309317910083,
-0.236999999999483));
#3428=CARTESIAN_POINT('Ctrl Pts',(-0.0638964571880869,0.0267953564525896,
-0.236999999999483));
#3429=CARTESIAN_POINT('Ctrl Pts',(-0.0652153562786855,0.0244575226325148,
-0.236999999999483));
#3430=CARTESIAN_POINT('Ctrl Pts',(-0.066401307110234,0.0220396876122377,
-0.236999999999483));
#3431=CARTESIAN_POINT('Ctrl Pts',(-0.0674520365197757,0.0195549224479634,
-0.236999999999483));
#3432=CARTESIAN_POINT('Ctrl Pts',(-0.0682325608032659,0.0177091384317602,
-0.236999999999483));
#3433=CARTESIAN_POINT('Ctrl Pts',(-0.0689376289318955,0.0158275936745122,
-0.236999999999483));
#3434=CARTESIAN_POINT('Ctrl Pts',(-0.0695635822674569,0.013925175754012,
-0.236999999999483));
#3435=CARTESIAN_POINT('Ctrl Pts',(-0.0711338667232617,0.00915271570101656,
-0.236999999999483));
#3436=CARTESIAN_POINT('Ctrl Pts',(-0.0722142862152985,0.00423479474735168,
-0.236999999999483));
#3437=CARTESIAN_POINT('Ctrl Pts',(-0.0727952736396923,-0.000743201531067742,
-0.236999999999483));
#3438=CARTESIAN_POINT('Ctrl Pts',(-0.0731028921734491,-0.0033789279718104,
-0.236999999999483));
#3439=CARTESIAN_POINT('Ctrl Pts',(-0.0732701907556273,-0.00603176164026996,
-0.236999999999483));
#3440=CARTESIAN_POINT('Ctrl Pts',(-0.073293368604572,-0.00869011917444874,
-0.236999999999483));
#3441=CARTESIAN_POINT('Ctrl Pts',(-0.0733146981049902,-0.0111364824358693,
-0.236999999999483));
#3442=CARTESIAN_POINT('Ctrl Pts',(-0.0732137133868263,-0.0135782342870822,
-0.236999999999483));
#3443=CARTESIAN_POINT('Ctrl Pts',(-0.0729897710801698,-0.0160019205642065,
-0.236999999999483));
#3444=CARTESIAN_POINT('Ctrl Pts',(-0.07269602276569,-0.0191811043877668,
-0.236999999999483));
#3445=CARTESIAN_POINT('Ctrl Pts',(-0.0721908702026189,-0.0223314270610016,
-0.236999999999483));
#3446=CARTESIAN_POINT('Ctrl Pts',(-0.0714702284373137,-0.0254326962666844,
-0.236999999999483));
#3447=CARTESIAN_POINT('Ctrl Pts',(-0.0705625338250117,-0.0293389441207811,
-0.236999999999483));
#3448=CARTESIAN_POINT('Ctrl Pts',(-0.0693133123346817,-0.0331675451396929,
-0.236999999999483));
#3449=CARTESIAN_POINT('Ctrl Pts',(-0.0677531030621636,-0.0368931266475884,
-0.236999999999483));
#3450=CARTESIAN_POINT('Ctrl Pts',(-0.0667217819536517,-0.0393557904185664,
-0.236999999999483));
#3451=CARTESIAN_POINT('Ctrl Pts',(-0.0655576614021616,-0.0417651351851132,
-0.236999999999483));
#3452=CARTESIAN_POINT('Ctrl Pts',(-0.0642731772775356,-0.0441097796533238,
-0.236999999999483));
#3453=CARTESIAN_POINT('Ctrl Pts',(-0.0622134731061528,-0.0478694788967764,
-0.236999999999483));
#3454=CARTESIAN_POINT('Ctrl Pts',(-0.0598432493255391,-0.0514665943874717,
-0.236999999999483));
#3455=CARTESIAN_POINT('Ctrl Pts',(-0.0571978143322664,-0.0548710114890857,
-0.236999999999483));
#3456=CARTESIAN_POINT('Ctrl Pts',(-0.0556589535709726,-0.0568513753634859,
-0.236999999999483));
#3457=CARTESIAN_POINT('Ctrl Pts',(-0.054027671912787,-0.0587648830367577,
-0.236999999999483));
#3458=CARTESIAN_POINT('Ctrl Pts',(-0.0523170954632073,-0.0605988590396985,
-0.236999999999483));
#3459=CARTESIAN_POINT('Ctrl Pts',(-0.0484201063061961,-0.06477697373281,
-0.236999999999483));
#3460=CARTESIAN_POINT('Ctrl Pts',(-0.0441051351577024,-0.0685538819857751,
-0.236999999999483));
#3461=CARTESIAN_POINT('Ctrl Pts',(-0.0394445997392605,-0.0718577625078951,
-0.236999999999483));
#3462=CARTESIAN_POINT('Ctrl Pts',(0.0672662018126061,-5.6797240024479E-5,
-0.18692070600548));
#3463=CARTESIAN_POINT('Ctrl Pts',(0.067307003324928,-0.00464548637354916,
-0.18726037808703));
#3464=CARTESIAN_POINT('Ctrl Pts',(0.0668764941265123,-0.00922656493609661,
-0.187600050168579));
#3465=CARTESIAN_POINT('Ctrl Pts',(0.0659461220506039,-0.0137037620893479,
-0.187939722250128));
#3466=CARTESIAN_POINT('Ctrl Pts',(0.0614668693699871,-0.0352591138347996,
-0.189575064841773));
#3467=CARTESIAN_POINT('Ctrl Pts',(0.0454012124828466,-0.0544065812346763,
-0.191210407433418));
#3468=CARTESIAN_POINT('Ctrl Pts',(0.024951727621096,-0.0625625450148751,
-0.192845750025064));
#3469=CARTESIAN_POINT('Ctrl Pts',(0.00450224275934533,-0.0707185087950739,
-0.194481092616709));
#3470=CARTESIAN_POINT('Ctrl Pts',(-0.0203310700770155,-0.0678829689555949,
-0.196116435208354));
#3471=CARTESIAN_POINT('Ctrl Pts',(-0.0384151538082963,-0.0553261687786246,
-0.197751777799999));
#3472=CARTESIAN_POINT('Ctrl Pts',(-0.0564992375395772,-0.0427693686016544,
-0.199387120391644));
#3473=CARTESIAN_POINT('Ctrl Pts',(-0.0678340921657782,-0.0204913080871927,
-0.201022462983289));
#3474=CARTESIAN_POINT('Ctrl Pts',(-0.0673378526634458,0.00151852255900743,
-0.202657805574934));
#3475=CARTESIAN_POINT('Ctrl Pts',(-0.0668416131611135,0.0235283532052077,
-0.20429314816658));
#3476=CARTESIAN_POINT('Ctrl Pts',(-0.0545142795302477,0.0452699539831464,
-0.205928490758225));
#3477=CARTESIAN_POINT('Ctrl Pts',(-0.0358828956157258,0.0569997398066274,
-0.20756383334987));
#3478=CARTESIAN_POINT('Ctrl Pts',(-0.017251511701204,0.0687295256301084,
-0.209199175941515));
#3479=CARTESIAN_POINT('Ctrl Pts',(0.00768392249697382,0.0704474964991317,
-0.21083451853316));
#3480=CARTESIAN_POINT('Ctrl Pts',(0.0277453693329583,0.0613767134720432,
-0.212469861124805));
#3481=CARTESIAN_POINT('Ctrl Pts',(0.0478068161689428,0.0523059304449546,
-0.214105203716451));
#3482=CARTESIAN_POINT('Ctrl Pts',(0.062994275642734,0.0324463935217543,
-0.215740546308096));
#3483=CARTESIAN_POINT('Ctrl Pts',(0.0664971612535408,0.0107143262486889,
-0.217375888899741));
#3484=CARTESIAN_POINT('Ctrl Pts',(0.0670646577151674,0.0071935514785258,
-0.217640827934988));
#3485=CARTESIAN_POINT('Ctrl Pts',(0.0673254728852164,0.00362362900020076,
-0.217905766970234));
#3486=CARTESIAN_POINT('Ctrl Pts',(0.0672952184658191,4.94519828650977E-5,
-0.218170706005481));
#3487=CARTESIAN_POINT('Ctrl Pts',(0.0395164788893219,-0.0718501767304004,
-0.236999999999483));
#3488=CARTESIAN_POINT('Ctrl Pts',(0.0631411861220189,-0.0588569554592789,
-0.235364657407838));
#3489=CARTESIAN_POINT('Ctrl Pts',(0.0962009748591712,-0.00799379380994124,
-0.232093972224548));
#3490=CARTESIAN_POINT('Ctrl Pts',(0.0596703283200132,0.0759896896558781,
-0.227187944449612));
#3491=CARTESIAN_POINT('Ctrl Pts',(-0.030427573167382,0.0916085456999563,
-0.222281916674677));
#3492=CARTESIAN_POINT('Ctrl Pts',(-0.09320964108511,0.0252032898226306,
-0.217375888899741));
#3493=CARTESIAN_POINT('Ctrl Pts',(-0.0724343046667747,-0.0638599750535663,
-0.212469861124806));
#3494=CARTESIAN_POINT('Ctrl Pts',(0.0132972608971218,-0.0956328390502267,
-0.20756383334987));
#3495=CARTESIAN_POINT('Ctrl Pts',(0.0871012267656046,-0.0416745609438846,
-0.202657805574935));
#3496=CARTESIAN_POINT('Ctrl Pts',(0.0828098314543595,0.0496591955761646,
-0.197751777799999));
#3497=CARTESIAN_POINT('Ctrl Pts',(0.00426701590499805,0.0964622916181884,
-0.192845750025064));
#3498=CARTESIAN_POINT('Ctrl Pts',(-0.0781010498191676,0.0567764350273168,
-0.187939722250128));
#3499=CARTESIAN_POINT('Ctrl Pts',(-0.0904414482260069,-0.033818344411423,
-0.183033694475193));
#3500=CARTESIAN_POINT('Ctrl Pts',(-0.0216888007140847,-0.0940897955651173,
-0.178127666700257));
#3501=CARTESIAN_POINT('Ctrl Pts',(0.0665106554009247,-0.0699975097156462,
-0.173221638925322));
#3502=CARTESIAN_POINT('Ctrl Pts',(0.0950744681848656,0.0168570862636449,
-0.168315611150386));
#3503=CARTESIAN_POINT('Ctrl Pts',(0.0383912783732676,0.0885969544307133,
-0.163409583375451));
#3504=CARTESIAN_POINT('Ctrl Pts',(-0.0527148116369421,0.0808978556470466,
-0.158503555600515));
#3505=CARTESIAN_POINT('Ctrl Pts',(-0.0965550314719805,0.000662984777428195,
-0.15359752782558));
#3506=CARTESIAN_POINT('Ctrl Pts',(-0.0538207497101282,-0.0801663267110736,
-0.148691500050644));
#3507=CARTESIAN_POINT('Ctrl Pts',(0.0371710292053571,-0.0891158133660546,
-0.143785472275709));
#3508=CARTESIAN_POINT('Ctrl Pts',(0.0948340108680926,-0.0181610524975315,
-0.138879444500774));
#3509=CARTESIAN_POINT('Ctrl Pts',(0.0674656195263399,0.0690775185053045,
-0.133973416725838));
#3510=CARTESIAN_POINT('Ctrl Pts',(-0.0203947212457763,0.0943788578408421,
-0.129067388950903));
#3511=CARTESIAN_POINT('Ctrl Pts',(-0.0899684673013514,0.0350569297598568,
-0.124161361175967));
#3512=CARTESIAN_POINT('Ctrl Pts',(-0.0788734513089534,-0.0556982235438913,
-0.119255333401032));
#3513=CARTESIAN_POINT('Ctrl Pts',(0.00294216108345911,-0.0965124713532615,
-0.114349305626096));
#3514=CARTESIAN_POINT('Ctrl Pts',(0.082119732647906,-0.0507903823905507,
-0.109443277851161));
#3515=CARTESIAN_POINT('Ctrl Pts',(0.087665982425841,0.040472076283059,-0.104537250076225));
#3516=CARTESIAN_POINT('Ctrl Pts',(0.0146079558384404,0.0954459064657419,
-0.0996312223012899));
#3517=CARTESIAN_POINT('Ctrl Pts',(-0.0715480566093777,0.0648397179933157,
-0.0947251945263543));
#3518=CARTESIAN_POINT('Ctrl Pts',(-0.0935516685464444,-0.0239039483405228,
-0.0898191667514188));
#3519=CARTESIAN_POINT('Ctrl Pts',(-0.0316736994425321,-0.0912145284365597,
-0.0849131389764835));
#3520=CARTESIAN_POINT('Ctrl Pts',(0.058603976775256,-0.0767390861313914,
-0.0800071112015479));
#3521=CARTESIAN_POINT('Ctrl Pts',(0.0963353510012447,0.00654320881839874,
-0.0751010834266126));
#3522=CARTESIAN_POINT('Ctrl Pts',(0.0476892006169984,0.0839586420727731,
-0.0701950556516769));
#3523=CARTESIAN_POINT('Ctrl Pts',(-0.0437166953553585,0.0860939253455151,
-0.0652890278767416));
#3524=CARTESIAN_POINT('Ctrl Pts',(-0.0959247279296461,0.0110344916420072,
-0.0603830001018061));
#3525=CARTESIAN_POINT('Ctrl Pts',(-0.0621234143879085,-0.0739188394047418,
-0.0554769723268707));
#3526=CARTESIAN_POINT('Ctrl Pts',(0.0273798476018683,-0.0925940461346099,
-0.0505709445519352));
#3527=CARTESIAN_POINT('Ctrl Pts',(0.0923334148480275,-0.0282463083710463,
-0.0456649167769997));
#3528=CARTESIAN_POINT('Ctrl Pts',(0.0744977284045742,0.0614280220794202,
-0.0407588890020643));
#3529=CARTESIAN_POINT('Ctrl Pts',(-0.0101351337583803,0.0960239162841462,
-0.0358528612271288));
#3530=CARTESIAN_POINT('Ctrl Pts',(-0.0856804931840472,0.0445215287370955,
-0.0309468334521934));
#3531=CARTESIAN_POINT('Ctrl Pts',(-0.0844018328580029,-0.0469003629383792,
-0.0260408056772578));
#3532=CARTESIAN_POINT('Ctrl Pts',(-0.00744564273540338,-0.0962698075349272,
-0.0211347779023224));
#3533=CARTESIAN_POINT('Ctrl Pts',(0.0761865617476785,-0.0593204959217157,
-0.0162287501273869));
#3534=CARTESIAN_POINT('Ctrl Pts',(0.0915073256193178,0.0308175727587694,
-0.0113227223524515));
#3535=CARTESIAN_POINT('Ctrl Pts',(0.0247795351909543,0.0933235666793497,
-0.00641669457751599));
#3536=CARTESIAN_POINT('Ctrl Pts',(-0.0641664220408824,0.0721525028214188,
-0.00151066680258054));
#3537=CARTESIAN_POINT('Ctrl Pts',(-0.0955786015232311,-0.0137129273319371,
0.00339536097235493));
#3538=CARTESIAN_POINT('Ctrl Pts',(-0.0412917830031706,-0.0872828864125037,
0.00830138874729038));
#3539=CARTESIAN_POINT('Ctrl Pts',(0.0500186397771914,-0.0825920620431917,
0.0132074165222258));
#3540=CARTESIAN_POINT('Ctrl Pts',(0.0964806650525038,-0.00384641682567605,
0.0181134442971613));
#3541=CARTESIAN_POINT('Ctrl Pts',(0.0564348688237452,0.07834806950433,0.0230194720720967));
#3542=CARTESIAN_POINT('Ctrl Pts',(-0.0342123275555324,0.0902930076626345,
0.0279254998470322));
#3543=CARTESIAN_POINT('Ctrl Pts',(-0.0941836096085148,0.0212782409763102,
0.0328315276219676));
#3544=CARTESIAN_POINT('Ctrl Pts',(-0.0697066674119936,-0.0668154111456799,
0.0377375553969032));
#3545=CARTESIAN_POINT('Ctrl Pts',(0.0172715788388166,-0.0949999277384745,
0.0426435831718386));
#3546=CARTESIAN_POINT('Ctrl Pts',(0.0887636302822583,-0.038004656491826,
0.0475496109467741));
#3547=CARTESIAN_POINT('Ctrl Pts',(0.080667054997123,0.0530675399407052,
0.0524556387217096));
#3548=CARTESIAN_POINT('Ctrl Pts',(0.000241986543325365,0.0965563181334021,
0.057361666496645));
#3549=CARTESIAN_POINT('Ctrl Pts',(-0.0804006429739892,0.053471866435915,
0.0622676942715805));
#3550=CARTESIAN_POINT('Ctrl Pts',(-0.0889522258575937,-0.0375618722765307,
0.0671737220465159));
#3551=CARTESIAN_POINT('Ctrl Pts',(-0.017748372127104,-0.0949075989529317,
0.0720797498214514));
#3552=CARTESIAN_POINT('Ctrl Pts',(0.0693733226266266,-0.0671726656769201,
0.076985777596387));
#3553=CARTESIAN_POINT('Ctrl Pts',(0.0942848439230212,0.0208233334389602,
0.0818918053713223));
#3554=CARTESIAN_POINT('Ctrl Pts',(0.0346720821051802,0.0900877881658164,
0.0867978331462578));
#3555=CARTESIAN_POINT('Ctrl Pts',(-0.0560568673621222,0.0786931295435647,
0.0917038609211933));
#3556=CARTESIAN_POINT('Ctrl Pts',(-0.0964693099103675,-0.00349292839150862,
0.0966098886961288));
#3557=CARTESIAN_POINT('Ctrl Pts',(-0.0658206607035983,-0.0558443481058983,
0.099880573879419));
#3558=CARTESIAN_POINT('Ctrl Pts',(-0.0428284479374832,-0.0699265618149948,
0.101515916471064));
#3559=CARTESIAN_POINT('Ctrl Pts',(0.0371470965168931,-0.0675420868654679,
-0.239838638822998));
#3560=CARTESIAN_POINT('Ctrl Pts',(0.0593552816695807,-0.0553279306908872,
-0.238203296231353));
#3561=CARTESIAN_POINT('Ctrl Pts',(0.0904328269763551,-0.00751449113231262,
-0.234932611048063));
#3562=CARTESIAN_POINT('Ctrl Pts',(0.0560925342439148,0.0714333972883,-0.230026583273128));
#3563=CARTESIAN_POINT('Ctrl Pts',(-0.0286031556705572,0.0861157568825809,
-0.225120555498192));
#3564=CARTESIAN_POINT('Ctrl Pts',(-0.0876208516298037,0.0236921169572493,
-0.220214527723257));
#3565=CARTESIAN_POINT('Ctrl Pts',(-0.0680911908706976,-0.0600309724842976,
-0.215308499948321));
#3566=CARTESIAN_POINT('Ctrl Pts',(0.0124999657823553,-0.0898987562209956,
-0.210402472173386));
#3567=CARTESIAN_POINT('Ctrl Pts',(0.0818786938599434,-0.0391757813750948,
-0.20549644439845));
#3568=CARTESIAN_POINT('Ctrl Pts',(0.0778446078204091,0.0466816625080816,
-0.200590416623515));
#3569=CARTESIAN_POINT('Ctrl Pts',(0.0040111684066293,0.0906784753524636,
-0.195684388848579));
#3570=CARTESIAN_POINT('Ctrl Pts',(-0.0734181616694411,0.0533721569108415,
-0.190778361073644));
#3571=CARTESIAN_POINT('Ctrl Pts',(-0.0850186378140817,-0.0317906184761852,
-0.185872333298708));
#3572=CARTESIAN_POINT('Ctrl Pts',(-0.0203883543298053,-0.0884482326196478,
-0.180966305523773));
#3573=CARTESIAN_POINT('Ctrl Pts',(0.0625227197620481,-0.0658005045599317,
-0.176060277748837));
#3574=CARTESIAN_POINT('Ctrl Pts',(0.0893738649095536,0.0158463463352353,
-0.171154249973902));
#3575=CARTESIAN_POINT('Ctrl Pts',(0.0360893622919436,0.0832847386670831,
-0.166248222198966));
#3576=CARTESIAN_POINT('Ctrl Pts',(-0.0495540658172474,0.0760472728389412,
-0.161342194424031));
#3577=CARTESIAN_POINT('Ctrl Pts',(-0.090765654584941,0.000623232641383189,
-0.156436166649096));
#3578=CARTESIAN_POINT('Ctrl Pts',(-0.0505936925628746,-0.0753596059021779,
-0.15153013887416));
#3579=CARTESIAN_POINT('Ctrl Pts',(0.034942278470483,-0.0837724871581306,
-0.146624111099225));
#3580=CARTESIAN_POINT('Ctrl Pts',(0.0891478252570994,-0.0170721276018462,
-0.141718083324289));
#3581=CARTESIAN_POINT('Ctrl Pts',(0.0634204248596181,0.0649356754241937,
-0.136812055549354));
#3582=CARTESIAN_POINT('Ctrl Pts',(-0.0191718670247387,0.0887199629093281,
-0.131906027774418));
#3583=CARTESIAN_POINT('Ctrl Pts',(-0.0845740165180388,0.032954939052711,
-0.126999999999482));
#3584=CARTESIAN_POINT('Ctrl Pts',(-0.0741442504682741,-0.0523585942866866,
-0.122093972224547));
#3585=CARTESIAN_POINT('Ctrl Pts',(0.0027657510184955,-0.0907256463432589,
-0.117187944449612));
#3586=CARTESIAN_POINT('Ctrl Pts',(0.0771958868895458,-0.0477450240968084,
-0.112281916674676));
#3587=CARTESIAN_POINT('Ctrl Pts',(0.0824095871381127,0.0380453969124284,
-0.107375888899741));
#3588=CARTESIAN_POINT('Ctrl Pts',(0.013732072307477,0.0897230319926944,
-0.102469861124806));
#3589=CARTESIAN_POINT('Ctrl Pts',(-0.0672580816704008,0.0609519706746108,
-0.0975638333498699));
#3590=CARTESIAN_POINT('Ctrl Pts',(-0.0879423713470134,-0.0224706831453085,
-0.0926578055749347));
#3591=CARTESIAN_POINT('Ctrl Pts',(-0.0297745650247379,-0.0857453646380261,
-0.087751777799999));
#3592=CARTESIAN_POINT('Ctrl Pts',(0.0550901204442193,-0.0721378604385539,
-0.0828457500250637));
#3593=CARTESIAN_POINT('Ctrl Pts',(0.090559146012349,0.00615088227339319,
-0.077939722250128));
#3594=CARTESIAN_POINT('Ctrl Pts',(0.0448297871653693,0.0789245365013364,
-0.0730336944751928));
#3595=CARTESIAN_POINT('Ctrl Pts',(-0.0410954707354741,0.080931789577847,
-0.0681276667002571));
#3596=CARTESIAN_POINT('Ctrl Pts',(-0.0901731436330515,0.0103728707000576,
-0.0632216389253219));
#3597=CARTESIAN_POINT('Ctrl Pts',(-0.0583985348666823,-0.0694867138713274,
-0.0583156111503862));
#3598=CARTESIAN_POINT('Ctrl Pts',(0.0257381697476913,-0.0870421673521485,
-0.0534095833754509));
#3599=CARTESIAN_POINT('Ctrl Pts',(0.0867971633479933,-0.026552678092701,
-0.0485035556005153));
#3600=CARTESIAN_POINT('Ctrl Pts',(0.070030893063243,0.0577448378287232,
-0.0435975278255799));
#3601=CARTESIAN_POINT('Ctrl Pts',(-0.00952743773018472,0.0902663847183285,
-0.0386915000506445));
#3602=CARTESIAN_POINT('Ctrl Pts',(-0.0805431465398818,0.0418520468311111,
-0.033785472275709));
#3603=CARTESIAN_POINT('Ctrl Pts',(-0.0793411538553381,-0.0440882476808951,
-0.0288794445007735));
#3604=CARTESIAN_POINT('Ctrl Pts',(-0.00699920683968303,-0.0904975324896418,
-0.0239734167258381));
#3605=CARTESIAN_POINT('Ctrl Pts',(0.071618465057523,-0.0557636775686862,
-0.0190673889509026));
#3606=CARTESIAN_POINT('Ctrl Pts',(0.0860206058921433,0.0289697711401034,
-0.0141613611759671));
#3607=CARTESIAN_POINT('Ctrl Pts',(0.0232937703776755,0.0877279463195106,
-0.00925533340103165));
#3608=CARTESIAN_POINT('Ctrl Pts',(-0.0603190451095693,0.0678262856807037,
-0.0043493056260962));
#3609=CARTESIAN_POINT('Ctrl Pts',(-0.0898477707408423,-0.0128907091280913,
0.000556722148839276));
#3610=CARTESIAN_POINT('Ctrl Pts',(-0.0388159545507447,-0.0820494613125669,
0.00546274992377471));
#3611=CARTESIAN_POINT('Ctrl Pts',(0.0470195546685996,-0.0776398957214963,
0.0103687776987102));
#3612=CARTESIAN_POINT('Ctrl Pts',(0.0906957471276077,-0.00361578817454304,
0.0152748054736456));
#3613=CARTESIAN_POINT('Ctrl Pts',(0.0530510707946792,0.0736503702149444,
0.0201808332485811));
#3614=CARTESIAN_POINT('Ctrl Pts',(-0.0321609786472231,0.0848790976503423,
0.0250868610235165));
#3615=CARTESIAN_POINT('Ctrl Pts',(-0.0885364216340204,0.020002411486877,
0.029992888798452));
#3616=CARTESIAN_POINT('Ctrl Pts',(-0.0655271009716404,-0.0628092025505629,
0.0348989165733876));
#3617=CARTESIAN_POINT('Ctrl Pts',(0.0162359862051885,-0.0893037938598464,
0.0398049443483229));
#3618=CARTESIAN_POINT('Ctrl Pts',(0.0834414207429765,-0.0357259220070519,
0.0447109721232585));
#3619=CARTESIAN_POINT('Ctrl Pts',(0.0758303108458729,0.0498856447613337,
0.0496169998981939));
#3620=CARTESIAN_POINT('Ctrl Pts',(0.000227477187577028,0.0907668640989806,
0.0545230276731293));
#3621=CARTESIAN_POINT('Ctrl Pts',(-0.0755798727143697,0.0502657281028673,
0.0594290554480648));
#3622=CARTESIAN_POINT('Ctrl Pts',(-0.0836187082502788,-0.0353096868453161,
0.0643350832230002));
#3623=CARTESIAN_POINT('Ctrl Pts',(-0.0166841912780194,-0.0892170010482335,
0.0692411109979357));
#3624=CARTESIAN_POINT('Ctrl Pts',(0.0652137433227943,-0.0631450363324707,
0.0741471387728712));
#3625=CARTESIAN_POINT('Ctrl Pts',(0.0886315860048726,0.0195747799095917,
0.0790531665478067));
#3626=CARTESIAN_POINT('Ctrl Pts',(0.0325931666131013,0.0846861829810774,
0.0839591943227421));
#3627=CARTESIAN_POINT('Ctrl Pts',(-0.0526957340548405,0.0739747406786557,
0.0888652220976776));
#3628=CARTESIAN_POINT('Ctrl Pts',(-0.0906850728324084,-0.00328349467697705,
0.0937712498726131));
#3629=CARTESIAN_POINT('Ctrl Pts',(-0.0618740966979964,-0.0524959573149959,
0.0970419350559034));
#3630=CARTESIAN_POINT('Ctrl Pts',(-0.0402604820550528,-0.0657338106492583,
0.0986772776475485));
#3631=CARTESIAN_POINT('Ctrl Pts',(0.0347777141444642,-0.0632339970005353,
-0.242677277646514));
#3632=CARTESIAN_POINT('Ctrl Pts',(0.0555693772171427,-0.0517989059224955,
-0.241041935054869));
#3633=CARTESIAN_POINT('Ctrl Pts',(0.0846646790935388,-0.00703518845468403,
-0.237771249871579));
#3634=CARTESIAN_POINT('Ctrl Pts',(0.0525147401678165,0.066877104920722,
-0.232865222096643));
#3635=CARTESIAN_POINT('Ctrl Pts',(-0.0267787381737325,0.0806229680652055,
-0.227959194321708));
#3636=CARTESIAN_POINT('Ctrl Pts',(-0.0820320621744972,0.022180944091868,
-0.223053166546772));
#3637=CARTESIAN_POINT('Ctrl Pts',(-0.0637480770746208,-0.0562019699150289,
-0.218147138771837));
#3638=CARTESIAN_POINT('Ctrl Pts',(0.0117026706675889,-0.0841646733917645,
-0.213241110996901));
#3639=CARTESIAN_POINT('Ctrl Pts',(0.0766561609542821,-0.036677001806305,
-0.208335083221966));
#3640=CARTESIAN_POINT('Ctrl Pts',(0.0728793841864587,0.0437041294399986,
-0.20342905544703));
#3641=CARTESIAN_POINT('Ctrl Pts',(0.00375532090826048,0.0848946590867389,
-0.198523027672095));
#3642=CARTESIAN_POINT('Ctrl Pts',(-0.0687352735197145,0.0499678787943662,
-0.193616999897159));
#3643=CARTESIAN_POINT('Ctrl Pts',(-0.0795958274021565,-0.0297628925409475,
-0.188710972122224));
#3644=CARTESIAN_POINT('Ctrl Pts',(-0.0190879079455257,-0.0828066696741784,
-0.183804944347288));
#3645=CARTESIAN_POINT('Ctrl Pts',(0.0585347841231715,-0.0616034994042172,
-0.178898916572353));
#3646=CARTESIAN_POINT('Ctrl Pts',(0.0836732616342415,0.0148356064068257,
-0.173992888797417));
#3647=CARTESIAN_POINT('Ctrl Pts',(0.0337874462106196,0.0779725229034529,
-0.169086861022482));
#3648=CARTESIAN_POINT('Ctrl Pts',(-0.0463933199975527,0.0711966900308357,
-0.164180833247546));
#3649=CARTESIAN_POINT('Ctrl Pts',(-0.0849762776979015,0.000583480505338223,
-0.159274805472612));
#3650=CARTESIAN_POINT('Ctrl Pts',(-0.0473666354156209,-0.0705528850932822,
-0.154368777697675));
#3651=CARTESIAN_POINT('Ctrl Pts',(0.0327135277356089,-0.0784291609502066,
-0.149462749922741));
#3652=CARTESIAN_POINT('Ctrl Pts',(0.0834616396461061,-0.0159832027061609,
-0.144556722147805));
#3653=CARTESIAN_POINT('Ctrl Pts',(0.0593752301928965,0.060793832343083,
-0.139650694372869));
#3654=CARTESIAN_POINT('Ctrl Pts',(-0.0179490128037014,0.0830610679778142,
-0.134744666597934));
#3655=CARTESIAN_POINT('Ctrl Pts',(-0.079179565734726,0.030852948345565,
-0.129838638822998));
#3656=CARTESIAN_POINT('Ctrl Pts',(-0.0694150496275951,-0.0490189650294816,
-0.124932611048063));
#3657=CARTESIAN_POINT('Ctrl Pts',(0.00258934095353204,-0.0849388213332565,
-0.120026583273128));
#3658=CARTESIAN_POINT('Ctrl Pts',(0.0722720411311856,-0.044699665803066,
-0.115120555498192));
#3659=CARTESIAN_POINT('Ctrl Pts',(0.0771531918503844,0.0356187175417979,
-0.110214527723257));
#3660=CARTESIAN_POINT('Ctrl Pts',(0.0128561887765136,0.0840001575196468,
-0.105308499948321));
#3661=CARTESIAN_POINT('Ctrl Pts',(-0.0629681067314238,0.057064223355906,
-0.100402472173386));
#3662=CARTESIAN_POINT('Ctrl Pts',(-0.0823330741475822,-0.0210374179500943,
-0.0954964443984502));
#3663=CARTESIAN_POINT('Ctrl Pts',(-0.0278754306069439,-0.0802762008394925,
-0.0905904166235147));
#3664=CARTESIAN_POINT('Ctrl Pts',(0.0515762641131826,-0.0675366347457165,
-0.0856843888485792));
#3665=CARTESIAN_POINT('Ctrl Pts',(0.0847829410234532,0.00575855572838755,
-0.0807783610736438));
#3666=CARTESIAN_POINT('Ctrl Pts',(0.0419703737137404,0.0738904309298999,
-0.0758723332987083));
#3667=CARTESIAN_POINT('Ctrl Pts',(-0.0384742461155899,0.0757696538101789,
-0.0709663055237729));
#3668=CARTESIAN_POINT('Ctrl Pts',(-0.0844215593364568,0.00971124975810797,
-0.0660602777488374));
#3669=CARTESIAN_POINT('Ctrl Pts',(-0.054673655345456,-0.065054588337913,
-0.061154249973902));
#3670=CARTESIAN_POINT('Ctrl Pts',(0.0240964918935142,-0.0814902885696871,
-0.0562482221989665));
#3671=CARTESIAN_POINT('Ctrl Pts',(0.0812609118479591,-0.0248590478143558,
-0.051342194424031));
#3672=CARTESIAN_POINT('Ctrl Pts',(0.0655640577219119,0.0540616535780264,
-0.0464361666490956));
#3673=CARTESIAN_POINT('Ctrl Pts',(-0.00891974170198918,0.0845088531525107,
-0.0415301388741601));
#3674=CARTESIAN_POINT('Ctrl Pts',(-0.0754057998957163,0.0391825649251268,
-0.0366241110992247));
#3675=CARTESIAN_POINT('Ctrl Pts',(-0.0742804748526732,-0.0412761324234111,
-0.0317180833242892));
#3676=CARTESIAN_POINT('Ctrl Pts',(-0.00655277094396277,-0.0847252574443565,
-0.0268120555493537));
#3677=CARTESIAN_POINT('Ctrl Pts',(0.0670503683673675,-0.0522068592156565,
-0.0219060277744182));
#3678=CARTESIAN_POINT('Ctrl Pts',(0.0805338861649687,0.0271219695214374,
-0.0169999999994828));
#3679=CARTESIAN_POINT('Ctrl Pts',(0.0218080055643968,0.0821323259596714,
-0.0120939722245473));
#3680=CARTESIAN_POINT('Ctrl Pts',(-0.0564716681782562,0.0635000685399886,
-0.00718794444961186));
#3681=CARTESIAN_POINT('Ctrl Pts',(-0.0841169399584534,-0.0120684909242455,
-0.00228191667467638));
#3682=CARTESIAN_POINT('Ctrl Pts',(-0.0363401260983189,-0.0768160362126302,
0.00262411110025905));
#3683=CARTESIAN_POINT('Ctrl Pts',(0.0440204695600079,-0.0726877293998009,
0.00753013887519453));
#3684=CARTESIAN_POINT('Ctrl Pts',(0.0849108292027116,-0.00338515952340997,
0.01243616665013));
#3685=CARTESIAN_POINT('Ctrl Pts',(0.0496672727656132,0.0689526709255587,
0.0173421944250654));
#3686=CARTESIAN_POINT('Ctrl Pts',(-0.0301096297389137,0.0794651876380502,
0.0222482222000009));
#3687=CARTESIAN_POINT('Ctrl Pts',(-0.0828892336595262,0.0187265819974437,
0.0271542499749363));
#3688=CARTESIAN_POINT('Ctrl Pts',(-0.0613475345312871,-0.0588029939554459,
0.0320602777498719));
#3689=CARTESIAN_POINT('Ctrl Pts',(0.0152003935715602,-0.0836076599812183,
0.0369663055248073));
#3690=CARTESIAN_POINT('Ctrl Pts',(0.0781192112036947,-0.0334471875222779,
0.0418723332997428));
#3691=CARTESIAN_POINT('Ctrl Pts',(0.0709935666946226,0.0467037495819622,
0.0467783610746782));
#3692=CARTESIAN_POINT('Ctrl Pts',(0.000212967831828949,0.0849774100645591,
0.0516843888496137));
#3693=CARTESIAN_POINT('Ctrl Pts',(-0.0707591024547505,0.0470595897698195,
0.0565904166245492));
#3694=CARTESIAN_POINT('Ctrl Pts',(-0.0782851906429636,-0.0330575014141012,
0.0614964443994846));
#3695=CARTESIAN_POINT('Ctrl Pts',(-0.015620010428935,-0.0835264031435354,
0.0664024721744201));
#3696=CARTESIAN_POINT('Ctrl Pts',(0.061054164018962,-0.0591174069880211,
0.0713084999493555));
#3697=CARTESIAN_POINT('Ctrl Pts',(0.082978328086724,0.0183262263802231,
0.076214527724291));
#3698=CARTESIAN_POINT('Ctrl Pts',(0.0305142511210225,0.0792845777963385,
0.0811205554992266));
#3699=CARTESIAN_POINT('Ctrl Pts',(-0.0493346007475588,0.0692563518137469,
0.0860265832741619));
#3700=CARTESIAN_POINT('Ctrl Pts',(-0.0849008357544494,-0.00307406096244555,
0.0909326110490975));
#3701=CARTESIAN_POINT('Ctrl Pts',(-0.0579275326923944,-0.0491475665240935,
0.0942032962323877));
#3702=CARTESIAN_POINT('Ctrl Pts',(-0.0376925161726224,-0.0615410594835218,
0.0958386388240329));
#3703=CARTESIAN_POINT('Ctrl Pts',(0.0324083317720354,-0.0589259071356028,
-0.24551591647003));
#3704=CARTESIAN_POINT('Ctrl Pts',(0.0517834727647045,-0.0482698811541037,
-0.243880573878385));
#3705=CARTESIAN_POINT('Ctrl Pts',(0.0788965312107227,-0.00655588577705548,
-0.240609888695094));
#3706=CARTESIAN_POINT('Ctrl Pts',(0.0489369460917182,0.062320812553144,
-0.235703860920159));
#3707=CARTESIAN_POINT('Ctrl Pts',(-0.0249543206769078,0.07513017924783,
-0.230797833145223));
#3708=CARTESIAN_POINT('Ctrl Pts',(-0.0764432727191908,0.0206697712264867,
-0.225891805370288));
#3709=CARTESIAN_POINT('Ctrl Pts',(-0.0594049632785439,-0.0523729673457601,
-0.220985777595352));
#3710=CARTESIAN_POINT('Ctrl Pts',(0.0109053755528224,-0.0784305905625335,
-0.216079749820417));
#3711=CARTESIAN_POINT('Ctrl Pts',(0.0714336280486208,-0.0341782222375151,
-0.211173722045482));
#3712=CARTESIAN_POINT('Ctrl Pts',(0.0679141605525082,0.0407265963719154,
-0.206267694270546));
#3713=CARTESIAN_POINT('Ctrl Pts',(0.00349947340989175,0.0791108428210143,
-0.201361666495611));
#3714=CARTESIAN_POINT('Ctrl Pts',(-0.0640523853699881,0.0465636006778908,
-0.196455638720675));
#3715=CARTESIAN_POINT('Ctrl Pts',(-0.0741730169902312,-0.0277351666057097,
-0.19154961094574));
#3716=CARTESIAN_POINT('Ctrl Pts',(-0.0177874615612463,-0.077165106728709,
-0.186643583170804));
#3717=CARTESIAN_POINT('Ctrl Pts',(0.0545468484842949,-0.0574064942485025,
-0.181737555395869));
#3718=CARTESIAN_POINT('Ctrl Pts',(0.0779726583589295,0.0138248664784161,
-0.176831527620933));
#3719=CARTESIAN_POINT('Ctrl Pts',(0.0314855301292956,0.0726603071398227,
-0.171925499845998));
#3720=CARTESIAN_POINT('Ctrl Pts',(-0.043232574177858,0.0663461072227303,
-0.167019472071062));
#3721=CARTESIAN_POINT('Ctrl Pts',(-0.0791869008108621,0.000543728369293198,
-0.162113444296127));
#3722=CARTESIAN_POINT('Ctrl Pts',(-0.0441395782683673,-0.0657461642843865,
-0.157207416521191));
#3723=CARTESIAN_POINT('Ctrl Pts',(0.0304847770007349,-0.0730858347422826,
-0.152301388746256));
#3724=CARTESIAN_POINT('Ctrl Pts',(0.0777754540351126,-0.0148942778104755,
-0.14739536097132));
#3725=CARTESIAN_POINT('Ctrl Pts',(0.055330035526175,0.0566519892619723,
-0.142489333196385));
#3726=CARTESIAN_POINT('Ctrl Pts',(-0.016726158582664,0.0774021730463003,
-0.13758330542145));
#3727=CARTESIAN_POINT('Ctrl Pts',(-0.0737851149514133,0.0287509576384192,
-0.132677277646514));
#3728=CARTESIAN_POINT('Ctrl Pts',(-0.064685848786916,-0.0456793357722767,
-0.127771249871579));
#3729=CARTESIAN_POINT('Ctrl Pts',(0.00241293088856858,-0.079151996323254,
-0.122865222096643));
#3730=CARTESIAN_POINT('Ctrl Pts',(0.0673481953728253,-0.0416543075093237,
-0.117959194321708));
#3731=CARTESIAN_POINT('Ctrl Pts',(0.0718967965626561,0.0331920381711673,
-0.113053166546772));
#3732=CARTESIAN_POINT('Ctrl Pts',(0.0119803052455502,0.0782772830465993,
-0.108147138771837));
#3733=CARTESIAN_POINT('Ctrl Pts',(-0.0586781317924469,0.053176476037201,
-0.103241110996901));
#3734=CARTESIAN_POINT('Ctrl Pts',(-0.0767237769481511,-0.0196041527548799,
-0.0983350832219658));
#3735=CARTESIAN_POINT('Ctrl Pts',(-0.0259762961891497,-0.074807037040959,
-0.0934290554470304));
#3736=CARTESIAN_POINT('Ctrl Pts',(0.0480624077821459,-0.0629354090528789,
-0.0885230276720949));
#3737=CARTESIAN_POINT('Ctrl Pts',(0.0790067360345575,0.00536622918338186,
-0.0836169998971595));
#3738=CARTESIAN_POINT('Ctrl Pts',(0.0391109602621115,0.0688563253584633,
-0.0787109721222239));
#3739=CARTESIAN_POINT('Ctrl Pts',(-0.0358530214957056,0.0706075180425108,
-0.0738049443472886));
#3740=CARTESIAN_POINT('Ctrl Pts',(-0.0786699750398622,0.00904962881615837,
-0.068898916572353));
#3741=CARTESIAN_POINT('Ctrl Pts',(-0.0509487758242298,-0.0606224628044986,
-0.0639928887974177));
#3742=CARTESIAN_POINT('Ctrl Pts',(0.0224548140393371,-0.0759384097872257,
-0.0590868610224821));
#3743=CARTESIAN_POINT('Ctrl Pts',(0.075724660347925,-0.0231654175360105,
-0.0541808332475467));
#3744=CARTESIAN_POINT('Ctrl Pts',(0.0610972223805806,0.0503784693273293,
-0.0492748054726113));
#3745=CARTESIAN_POINT('Ctrl Pts',(-0.00831204567379359,0.0787513215866932,
-0.0443687776976758));
#3746=CARTESIAN_POINT('Ctrl Pts',(-0.0702684532515509,0.0365130830191423,
-0.0394627499227403));
#3747=CARTESIAN_POINT('Ctrl Pts',(-0.0692197958500084,-0.0384640171659268,
-0.0345567221478049));
#3748=CARTESIAN_POINT('Ctrl Pts',(-0.0061063350482424,-0.0789529823990714,
-0.0296506943728693));
#3749=CARTESIAN_POINT('Ctrl Pts',(0.0624822716772119,-0.0486500408626266,
-0.0247446665979339));
#3750=CARTESIAN_POINT('Ctrl Pts',(0.0750471664377943,0.0252741679027712,
-0.0198386388229984));
#3751=CARTESIAN_POINT('Ctrl Pts',(0.020322240751118,0.0765367055998325,
-0.014932611048063));
#3752=CARTESIAN_POINT('Ctrl Pts',(-0.0526242912469431,0.0591738513992734,
-0.0100265832731275));
#3753=CARTESIAN_POINT('Ctrl Pts',(-0.0783861091760646,-0.0112462727203996,
-0.00512055549819204));
#3754=CARTESIAN_POINT('Ctrl Pts',(-0.0338642976458929,-0.0715826111126936,
-0.00021452772325661));
#3755=CARTESIAN_POINT('Ctrl Pts',(0.0410213844514161,-0.0677355630781054,
0.00469150005167888));
#3756=CARTESIAN_POINT('Ctrl Pts',(0.0791259112778156,-0.003154530872277,
0.00959752782661429));
#3757=CARTESIAN_POINT('Ctrl Pts',(0.0462834747365472,0.0642549716361731,
0.0145035556015498));
#3758=CARTESIAN_POINT('Ctrl Pts',(-0.0280582808306043,0.0740512776257582,
0.0194095833764852));
#3759=CARTESIAN_POINT('Ctrl Pts',(-0.0772420456850319,0.0174507525080104,
0.0243156111514207));
#3760=CARTESIAN_POINT('Ctrl Pts',(-0.0571679680909339,-0.0547967853603288,
0.0292216389263562));
#3761=CARTESIAN_POINT('Ctrl Pts',(0.014164800937932,-0.0779115261025905,
0.0341276667012916));
#3762=CARTESIAN_POINT('Ctrl Pts',(0.072797001664413,-0.0311684530375036,
0.0390336944762272));
#3763=CARTESIAN_POINT('Ctrl Pts',(0.0661568225433723,0.0435218544025905,
0.0439397222511626));
#3764=CARTESIAN_POINT('Ctrl Pts',(0.00019845847608079,0.0791879560301377,
0.048845750026098));
#3765=CARTESIAN_POINT('Ctrl Pts',(-0.0659383321951313,0.0438534514367717,
0.0537517778010335));
#3766=CARTESIAN_POINT('Ctrl Pts',(-0.0729516730356485,-0.0308053159828865,
0.0586578055759689));
#3767=CARTESIAN_POINT('Ctrl Pts',(-0.0145558295798505,-0.0778358052388372,
0.0635638333509045));
#3768=CARTESIAN_POINT('Ctrl Pts',(0.0568945847151298,-0.0550897776435717,
0.0684698611258398));
#3769=CARTESIAN_POINT('Ctrl Pts',(0.0773250701685753,0.0170776728508546,
0.0733758889007754));
#3770=CARTESIAN_POINT('Ctrl Pts',(0.0284353356289436,0.0738829726115994,
0.0782819166757107));
#3771=CARTESIAN_POINT('Ctrl Pts',(-0.0459734674402771,0.0645379629488381,
0.0831879444506464));
#3772=CARTESIAN_POINT('Ctrl Pts',(-0.0791165986764904,-0.00286462724791409,
0.0880939722255817));
#3773=CARTESIAN_POINT('Ctrl Pts',(-0.0539809686867925,-0.045799175733191,
0.091364657408872));
#3774=CARTESIAN_POINT('Ctrl Pts',(-0.035124550290192,-0.0573483083177853,
0.0930000000005172));
#3775=CARTESIAN_POINT('Ctrl Pts',(-0.035124550290192,-0.0573483083177853,
0.0930000000005172));
#3776=CARTESIAN_POINT('Ctrl Pts',(-0.0393739423465503,-0.0554397255779394,
0.0930000000005172));
#3777=CARTESIAN_POINT('Ctrl Pts',(-0.0433835829686327,-0.0530675575397002,
0.0930000000005173));
#3778=CARTESIAN_POINT('Ctrl Pts',(-0.0471226777057911,-0.0503081934358629,
0.0930000000005173));
#3779=CARTESIAN_POINT('Ctrl Pts',(-0.0500163839687672,-0.0481727061721265,
0.0930000000005173));
#3780=CARTESIAN_POINT('Ctrl Pts',(-0.0527511366003169,-0.0458005545285585,
0.0930000000005172));
#3781=CARTESIAN_POINT('Ctrl Pts',(-0.0552895592174413,-0.0432423812158865,
0.0930000000005172));
#3782=CARTESIAN_POINT('Ctrl Pts',(-0.0583556969868154,-0.0401523867596149,
0.0930000000005172));
#3783=CARTESIAN_POINT('Ctrl Pts',(-0.0611420910580839,-0.0367877933677077,
0.0930000000005173));
#3784=CARTESIAN_POINT('Ctrl Pts',(-0.0636209421388363,-0.0331982479308538,
0.0930000000005173));
#3785=CARTESIAN_POINT('Ctrl Pts',(-0.06490874428909,-0.0313334225817606,
0.0930000000005173));
#3786=CARTESIAN_POINT('Ctrl Pts',(-0.0661115947552317,-0.0294098666757865,
0.0930000000005173));
#3787=CARTESIAN_POINT('Ctrl Pts',(-0.0672216488861795,-0.027441937557505,
0.0930000000005173));
#3788=CARTESIAN_POINT('Ctrl Pts',(-0.069544087476468,-0.0233246657958598,
0.0930000000005173));
#3789=CARTESIAN_POINT('Ctrl Pts',(-0.0714672399852158,-0.01900530273879,
0.0930000000005173));
#3790=CARTESIAN_POINT('Ctrl Pts',(-0.0729559658141969,-0.014542642873315,
0.0930000000005173));
#3791=CARTESIAN_POINT('Ctrl Pts',(-0.0737521183867644,-0.0121560663370406,
0.0930000000005173));
#3792=CARTESIAN_POINT('Ctrl Pts',(-0.0744238433387442,-0.00972827816049444,
0.0930000000005173));
#3793=CARTESIAN_POINT('Ctrl Pts',(-0.074964109268065,-0.00726710292745835,
0.0930000000005173));
#3794=CARTESIAN_POINT('Ctrl Pts',(-0.0752988339578915,-0.00574226844914462,
0.0930000000005173));
#3795=CARTESIAN_POINT('Ctrl Pts',(-0.0755828361310155,-0.00420503995530004,
0.0930000000005173));
#3796=CARTESIAN_POINT('Ctrl Pts',(-0.0758137596630888,-0.00266326971526173,
0.0930000000005173));
#3797=CARTESIAN_POINT('Ctrl Pts',(-0.0765284443052606,0.00210835101312421,
0.0930000000005173));
#3798=CARTESIAN_POINT('Ctrl Pts',(-0.0767396226223277,0.00693738675309579,
0.0930000000005174));
#3799=CARTESIAN_POINT('Ctrl Pts',(-0.0764910974108249,0.0117606015208997,
0.0930000000005173));
#3800=CARTESIAN_POINT('Ctrl Pts',(-0.0762885617376781,0.0156912814057347,
0.0930000000005173));
#3801=CARTESIAN_POINT('Ctrl Pts',(-0.0757803372595232,0.0196184434474352,
0.0930000000005173));
#3802=CARTESIAN_POINT('Ctrl Pts',(-0.0749813655656155,0.0235101290396701,
0.0930000000005173));
#3803=CARTESIAN_POINT('Ctrl Pts',(-0.0745225840418979,0.025744793245486,
0.0930000000005173));
#3804=CARTESIAN_POINT('Ctrl Pts',(-0.0739696661993242,0.0279585448849336,
0.0930000000005172));
#3805=CARTESIAN_POINT('Ctrl Pts',(-0.0733270192852069,0.0301447434825116,
0.0930000000005172));
#3806=CARTESIAN_POINT('Ctrl Pts',(-0.0714385895430835,0.0365689281524495,
0.0930000000005173));
#3807=CARTESIAN_POINT('Ctrl Pts',(-0.0687789061661726,0.0427570488738866,
0.0930000000005172));
#3808=CARTESIAN_POINT('Ctrl Pts',(-0.0654201496618489,0.0485589509330094,
0.0930000000005172));
#3809=CARTESIAN_POINT('Ctrl Pts',(-0.0646890297691912,0.0498218844041365,
0.0930000000005172));
#3810=CARTESIAN_POINT('Ctrl Pts',(-0.063924591358634,0.0510664905903398,
0.0930000000005173));
#3811=CARTESIAN_POINT('Ctrl Pts',(-0.0631272641074334,0.0522911318324917,
0.0930000000005173));
#3812=CARTESIAN_POINT('Ctrl Pts',(0.0671488580971997,-1.67712741105673E-5,
-0.208954293993485));
#3813=CARTESIAN_POINT('Ctrl Pts',(0.0671219448649405,0.0121350586251988,
-0.208058760752505));
#3814=CARTESIAN_POINT('Ctrl Pts',(0.0639652170878351,0.0243000922713966,
-0.207163227511526));
#3815=CARTESIAN_POINT('Ctrl Pts',(0.0577649572780909,0.0346398343451935,
-0.206267694270546));
#3816=CARTESIAN_POINT('Ctrl Pts',(0.0464425981716361,0.0535213451882817,
-0.204632351678901));
#3817=CARTESIAN_POINT('Ctrl Pts',(0.0249710357907639,0.066316094004648,
-0.202997009087256));
#3818=CARTESIAN_POINT('Ctrl Pts',(0.00297661147034788,0.0672889280556439,
-0.201361666495611));
#3819=CARTESIAN_POINT('Ctrl Pts',(-0.0190178128500682,0.0682617621066398,
-0.199726323903966));
#3820=CARTESIAN_POINT('Ctrl Pts',(-0.0415350991100281,0.0574126813922654,
-0.19809098131232));
#3821=CARTESIAN_POINT('Ctrl Pts',(-0.0544805141767152,0.0396050131544781,
-0.196455638720675));
#3822=CARTESIAN_POINT('Ctrl Pts',(-0.0674259292434024,0.0217973449166908,
-0.19482029612903));
#3823=CARTESIAN_POINT('Ctrl Pts',(-0.0707994731168168,-0.00296891084450936,
-0.193184953537385));
#3824=CARTESIAN_POINT('Ctrl Pts',(-0.0630886524820266,-0.0235903620789427,
-0.19154961094574));
#3825=CARTESIAN_POINT('Ctrl Pts',(-0.0553778318472364,-0.044211813313376,
-0.189914268354095));
#3826=CARTESIAN_POINT('Ctrl Pts',(-0.0365826467042414,-0.0606884600210426,
-0.188278925762449));
#3827=CARTESIAN_POINT('Ctrl Pts',(-0.0151293357918203,-0.0656336812948414,
-0.186643583170804));
#3828=CARTESIAN_POINT('Ctrl Pts',(0.00632397512060072,-0.0705789025686402,
-0.185008240579159));
#3829=CARTESIAN_POINT('Ctrl Pts',(0.0304354118024479,-0.0639926984085714,
-0.183372897987514));
#3830=CARTESIAN_POINT('Ctrl Pts',(0.0463954317891439,-0.0488277028740505,
-0.181737555395869));
#3831=CARTESIAN_POINT('Ctrl Pts',(0.0595162161684077,-0.0363605106846415,
-0.180393134928408));
#3832=CARTESIAN_POINT('Ctrl Pts',(0.0671278349109866,-0.0180953100738823,
-0.179048714460946));
#3833=CARTESIAN_POINT('Ctrl Pts',(0.0672852015276172,5.34305865681166E-5,
-0.177704293993485));
#3834=CARTESIAN_POINT('Ctrl Pts',(0.0395164788893219,-0.0718501767304004,
-0.236999999999483));
#3835=CARTESIAN_POINT('Ctrl Pts',(0.044819509261231,-0.0681634695161073,
-0.236999999999483));
#3836=CARTESIAN_POINT('Ctrl Pts',(0.0496148501174894,-0.0638283609555175,
-0.236999999999483));
#3837=CARTESIAN_POINT('Ctrl Pts',(0.0538423993479694,-0.0589776945207496,
-0.236999999999483));
#3838=CARTESIAN_POINT('Ctrl Pts',(0.0563073999004196,-0.0561493666197409,
-0.236999999999483));
#3839=CARTESIAN_POINT('Ctrl Pts',(0.0585787039726599,-0.0531451091820599,
-0.236999999999483));
#3840=CARTESIAN_POINT('Ctrl Pts',(0.0606378370638147,-0.0499885626351887,
-0.236999999999483));
#3841=CARTESIAN_POINT('Ctrl Pts',(0.0619950156307036,-0.0479080767563481,
-0.236999999999483));
#3842=CARTESIAN_POINT('Ctrl Pts',(0.0632552412070615,-0.0457683480129345,
-0.236999999999483));
#3843=CARTESIAN_POINT('Ctrl Pts',(0.0644123327332853,-0.0435810513660189,
-0.236999999999483));
#3844=CARTESIAN_POINT('Ctrl Pts',(0.0673770610112031,-0.0379767062694224,
-0.236999999999483));
#3845=CARTESIAN_POINT('Ctrl Pts',(0.0696739723187461,-0.0320514413365551,
-0.236999999999483));
#3846=CARTESIAN_POINT('Ctrl Pts',(0.0712109704081438,-0.0259267786741891,
-0.236999999999483));
#3847=CARTESIAN_POINT('Ctrl Pts',(0.0719214409775077,-0.0230956804451745,
-0.236999999999483));
#3848=CARTESIAN_POINT('Ctrl Pts',(0.0724686319800899,-0.0202187961253391,
-0.236999999999483));
#3849=CARTESIAN_POINT('Ctrl Pts',(0.0728382384715556,-0.0173330804554445,
-0.236999999999483));
#3850=CARTESIAN_POINT('Ctrl Pts',(0.0733195708359944,-0.0135750611063256,
-0.236999999999483));
#3851=CARTESIAN_POINT('Ctrl Pts',(0.0735027880690781,-0.00979377895896417,
-0.236999999999483));
#3852=CARTESIAN_POINT('Ctrl Pts',(0.0733658915005343,-0.00601675146437438,
-0.236999999999483));
#3853=CARTESIAN_POINT('Ctrl Pts',(0.0732414624125274,-0.00258370641782612,
-0.236999999999483));
#3854=CARTESIAN_POINT('Ctrl Pts',(0.0728523511436492,0.000845930888401186,
-0.236999999999483));
#3855=CARTESIAN_POINT('Ctrl Pts',(0.0722094054796995,0.00424552938070667,
-0.236999999999483));
#3856=CARTESIAN_POINT('Ctrl Pts',(0.0717555556253185,0.00664527692890322,
-0.236999999999483));
#3857=CARTESIAN_POINT('Ctrl Pts',(0.0711750689882652,0.00902826565524085,
-0.236999999999483));
#3858=CARTESIAN_POINT('Ctrl Pts',(0.0704755756752571,0.0113736108049065,
-0.236999999999483));
#3859=CARTESIAN_POINT('Ctrl Pts',(0.0692471525812684,0.0154924152189671,
-0.236999999999483));
#3860=CARTESIAN_POINT('Ctrl Pts',(0.0676504897454856,0.0195057998225223,
-0.236999999999483));
#3861=CARTESIAN_POINT('Ctrl Pts',(0.0657076551229279,0.0233592795168267,
-0.236999999999483));
#3862=CARTESIAN_POINT('Ctrl Pts',(0.064643588732418,0.0254697824806991,
-0.236999999999483));
#3863=CARTESIAN_POINT('Ctrl Pts',(0.0634762364877346,0.0275301232281095,
-0.236999999999483));
#3864=CARTESIAN_POINT('Ctrl Pts',(0.0622140012305382,0.0295235447229106,
-0.236999999999483));
#3865=CARTESIAN_POINT('Ctrl Pts',(0.0597417005217902,0.0334279970398081,
-0.236999999999483));
#3866=CARTESIAN_POINT('Ctrl Pts',(0.0569015807138677,0.0370859078971439,
-0.236999999999483));
#3867=CARTESIAN_POINT('Ctrl Pts',(0.0537181189744731,0.040420806661593,
-0.236999999999483));
#3868=CARTESIAN_POINT('Origin',(5.80482582794578E-17,0.,-0.0719999999994828));
#3869=CARTESIAN_POINT('Origin',(5.80482582794578E-17,0.,0.0930000000005173));
#3870=CARTESIAN_POINT('Origin',(0.5,0.,-0.304811622476027));
#3871=CARTESIAN_POINT('Ctrl Pts',(0.58205530091237,6.04463672556489E-5,
-0.226686622476027));
#3872=CARTESIAN_POINT('Ctrl Pts',(0.582092152699794,0.00441860585813788,
-0.226421683440781));
#3873=CARTESIAN_POINT('Ctrl Pts',(0.579810908276651,0.0356403393533881,
-0.224521401813889));
#3874=CARTESIAN_POINT('Ctrl Pts',(0.539774220556037,0.0879933237835011,
-0.220985777595352));
#3875=CARTESIAN_POINT('Ctrl Pts',(0.44855983692436,0.0817097971535538,-0.216079749820417));
#3876=CARTESIAN_POINT('Ctrl Pts',(0.403466681466122,0.00217846227029407,
-0.211173722045481));
#3877=CARTESIAN_POINT('Ctrl Pts',(0.444929468505371,-0.0793144512360343,
-0.206267694270546));
#3878=CARTESIAN_POINT('Ctrl Pts',(0.535769876227625,-0.0896870382001366,
-0.201361666495611));
#3879=CARTESIAN_POINT('Ctrl Pts',(0.579017514883548,-0.0381432674773412,
-0.197751309230771));
#3880=CARTESIAN_POINT('Ctrl Pts',(0.582069732736239,-0.00566438859729377,
-0.195776294557577));
#3881=CARTESIAN_POINT('Ctrl Pts',(0.582019982162158,-6.92429887882761E-5,
-0.195436622476027));
#3882=CARTESIAN_POINT('Ctrl Pts',(0.582095335647273,-6.58695807480071E-5,
-0.231688377522938));
#3883=CARTESIAN_POINT('Ctrl Pts',(0.581949050902484,0.0245532764340885,
-0.230188233165163));
#3884=CARTESIAN_POINT('Ctrl Pts',(0.557188682555888,0.0764178273149296,
-0.227052746215742));
#3885=CARTESIAN_POINT('Ctrl Pts',(0.46957183118163,0.0916104333806565,-0.222281916674676));
#3886=CARTESIAN_POINT('Ctrl Pts',(0.406790305093096,0.0252023595447712,
-0.217375888899741));
#3887=CARTESIAN_POINT('Ctrl Pts',(0.427565398481648,-0.0638595500394079,
-0.212469861124805));
#3888=CARTESIAN_POINT('Ctrl Pts',(0.513297330707076,-0.0956334811929199,
-0.20756383334987));
#3889=CARTESIAN_POINT('Ctrl Pts',(0.573629459501173,-0.0515240020035714,
-0.203553338815914));
#3890=CARTESIAN_POINT('Ctrl Pts',(0.581904018489262,-0.0122609807767263,
-0.201178186873604));
#3891=CARTESIAN_POINT('Ctrl Pts',(0.581876908864087,-2.04055821015774E-5,
-0.200438377522938));
#3892=CARTESIAN_POINT('Ctrl Pts',(0.446230698716073,0.0403908992155195,
-0.236999999999483));
#3893=CARTESIAN_POINT('Ctrl Pts',(0.432949963549443,0.0227112767184744,
-0.235364657407838));
#3894=CARTESIAN_POINT('Ctrl Pts',(0.425387509643051,-0.0264638605978445,
-0.232093972224547));
#3895=CARTESIAN_POINT('Ctrl Pts',(0.481011195422092,-0.076928487456075,
-0.227187944449612));
#3896=CARTESIAN_POINT('Ctrl Pts',(0.553637721047453,-0.0582281119559921,
-0.222281916674677));
#3897=CARTESIAN_POINT('Ctrl Pts',(0.578181470045918,0.0125875495887998,
-0.217375888899741));
#3898=CARTESIAN_POINT('Ctrl Pts',(0.532619711370654,0.0721652563956152,
-0.212469861124806));
#3899=CARTESIAN_POINT('Ctrl Pts',(0.457812793087355,0.0670119982753231,
-0.20756383334987));
#3900=CARTESIAN_POINT('Ctrl Pts',(0.420830906446302,0.00178660472777164,
-0.202657805574935));
#3901=CARTESIAN_POINT('Ctrl Pts',(0.454835448255929,-0.0650475225076012,
-0.197751777799999));
#3902=CARTESIAN_POINT('Ctrl Pts',(0.529335660686681,-0.073554308767795,
-0.192845750025064));
#3903=CARTESIAN_POINT('Ctrl Pts',(0.57753273305757,-0.0161116616082629,
-0.187939722250128));
#3904=CARTESIAN_POINT('Ctrl Pts',(0.556211236781029,0.0557782019391329,
-0.183033694475193));
#3905=CARTESIAN_POINT('Ctrl Pts',(0.484488904707347,0.0776549506511986,
-0.178127666700257));
#3906=CARTESIAN_POINT('Ctrl Pts',(0.426674315270966,0.0299039106435425,
-0.173221638925322));
#3907=CARTESIAN_POINT('Ctrl Pts',(0.434606022495665,-0.0446601188320779,
-0.168315611150386));
#3908=CARTESIAN_POINT('Ctrl Pts',(0.501172167644828,-0.0791803095565664,
-0.163409583375451));
#3909=CARTESIAN_POINT('Ctrl Pts',(0.566687311763984,-0.0427048008145467,
-0.158503555600515));
#3910=CARTESIAN_POINT('Ctrl Pts',(0.572408361044363,0.0320612915027073,
-0.15359752782558));
#3911=CARTESIAN_POINT('Ctrl Pts',(0.513205632930872,0.0780801387385805,
-0.148691500050644));
#3912=CARTESIAN_POINT('Ctrl Pts',(0.442162288408139,0.054089705460315,-0.143785472275709));
#3913=CARTESIAN_POINT('Ctrl Pts',(0.422978186964823,-0.0183993845710291,
-0.138879444500774));
#3914=CARTESIAN_POINT('Ctrl Pts',(0.472854440491182,-0.0743909644914812,
-0.133973416725838));
#3915=CARTESIAN_POINT('Ctrl Pts',(0.547070318234568,-0.0636810975402159,
-0.129067388950903));
#3916=CARTESIAN_POINT('Ctrl Pts',(0.579081361164496,0.00412738948106288,
-0.124161361175967));
#3917=CARTESIAN_POINT('Ctrl Pts',(0.540185388682692,0.0682351197026222,
-0.119255333401031));
#3918=CARTESIAN_POINT('Ctrl Pts',(0.465257841447516,0.0711609404758525,
-0.114349305626096));
#3919=CARTESIAN_POINT('Ctrl Pts',(0.421481285253067,0.0102814620681414,
-0.109443277851161));
#3920=CARTESIAN_POINT('Ctrl Pts',(0.448107256735614,-0.0598167219439738,
-0.104537250076225));
#3921=CARTESIAN_POINT('Ctrl Pts',(0.521262011909555,-0.0762812157608213,
-0.0996312223012899));
#3922=CARTESIAN_POINT('Ctrl Pts',(0.575352530144775,-0.0243493989406651,
-0.0947251945263544));
#3923=CARTESIAN_POINT('Ctrl Pts',(0.56187942859404,0.049414910147532,-0.0898191667514189));
#3924=CARTESIAN_POINT('Ctrl Pts',(0.492923144486464,0.0788721442852222,
-0.0849131389764835));
#3925=CARTESIAN_POINT('Ctrl Pts',(0.430312207698868,0.0376099538984431,
-0.0800071112015479));
#3926=CARTESIAN_POINT('Ctrl Pts',(0.430185695704123,-0.0373745895460995,
-0.0751010834266126));
#3927=CARTESIAN_POINT('Ctrl Pts',(0.492657043423378,-0.0788478155485598,
-0.070195055651677));
#3928=CARTESIAN_POINT('Ctrl Pts',(0.561712333649939,-0.0496234309932762,
-0.0652890278767417));
#3929=CARTESIAN_POINT('Ctrl Pts',(0.575434264281937,0.0240949953372005,
-0.0603830001018061));
#3930=CARTESIAN_POINT('Ctrl Pts',(0.521519289543875,0.0762090362462069,
-0.0554769723268707));
#3931=CARTESIAN_POINT('Ctrl Pts',(0.448309394063963,0.0599914851130861,
-0.0505709445519352));
#3932=CARTESIAN_POINT('Ctrl Pts',(0.421447039128877,-0.0100164547816787,
-0.0456649167769998));
#3933=CARTESIAN_POINT('Ctrl Pts',(0.46501791810242,-0.0710433035134329,
-0.0407588890020643));
#3934=CARTESIAN_POINT('Ctrl Pts',(0.539954911475963,-0.0683703303878148,
-0.0358528612271288));
#3935=CARTESIAN_POINT('Ctrl Pts',(0.579066983738929,-0.00439421324633093,
-0.0309468334521934));
#3936=CARTESIAN_POINT('Ctrl Pts',(0.547284931862475,0.0635219036752673,
-0.0260408056772579));
#3937=CARTESIAN_POINT('Ctrl Pts',(0.473105615379655,0.07448213951134,-0.0211347779023224));
#3938=CARTESIAN_POINT('Ctrl Pts',(0.42304071119243,0.0186591771159196,-0.0162287501273869));
#3939=CARTESIAN_POINT('Ctrl Pts',(0.441980100731405,-0.0538942326823559,
-0.0113227223524515));
#3940=CARTESIAN_POINT('Ctrl Pts',(0.512942088796552,-0.0781242560298159,
-0.00641669457751604));
#3941=CARTESIAN_POINT('Ctrl Pts',(0.572299763335209,-0.0323054363953245,
-0.00151066680258057));
#3942=CARTESIAN_POINT('Ctrl Pts',(0.566831032225692,0.0424795264505962,
0.00339536097235486));
#3943=CARTESIAN_POINT('Ctrl Pts',(0.501439342861877,0.0791759143369559,
0.00830138874729036));
#3944=CARTESIAN_POINT('Ctrl Pts',(0.434757091855752,0.0448805051600586,
0.0132074165222258));
#3945=CARTESIAN_POINT('Ctrl Pts',(0.426573829317484,-0.0296562745612856,
0.0181134442971613));
#3946=CARTESIAN_POINT('Ctrl Pts',(0.484226954024437,-0.0776022459956532,
0.0230194720720968));
#3947=CARTESIAN_POINT('Ctrl Pts',(0.556022711548446,-0.0559674118502988,
0.0279254998470322));
#3948=CARTESIAN_POINT('Ctrl Pts',(0.577586639895732,0.0158496630129088,
0.0328315276219677));
#3949=CARTESIAN_POINT('Ctrl Pts',(0.52958372539606,0.0734554497940712,0.0377375553969031));
#3950=CARTESIAN_POINT('Ctrl Pts',(0.455055131349836,0.0651984986010972,
0.0426435831718387));
#3951=CARTESIAN_POINT('Ctrl Pts',(0.420825456269833,-0.00151742450737819,
0.0475496109467741));
#3952=CARTESIAN_POINT('Ctrl Pts',(0.457586666471887,-0.066873159594777,
0.0524556387217095));
#3953=CARTESIAN_POINT('Ctrl Pts',(0.532376488149248,-0.0722674224070135,
0.057361666496645));
#3954=CARTESIAN_POINT('Ctrl Pts',(0.578137638705108,-0.0128657038754114,
0.0622676942715805));
#3955=CARTESIAN_POINT('Ctrl Pts',(0.553835678356983,0.0580745819305737,
0.0671737220465159));
#3956=CARTESIAN_POINT('Ctrl Pts',(0.481267195512612,0.076937964464752,0.0720797498214514));
#3957=CARTESIAN_POINT('Ctrl Pts',(0.425486789130284,0.0268263155583266,
0.0769857775963869));
#3958=CARTESIAN_POINT('Ctrl Pts',(0.436533571975042,-0.0473582218515866,
0.0818918053713223));
#3959=CARTESIAN_POINT('Ctrl Pts',(0.504455438363946,-0.0790421862685298,
0.0867978331462579));
#3960=CARTESIAN_POINT('Ctrl Pts',(0.568442498615858,-0.0399273247888664,
0.0917038609211932));
#3961=CARTESIAN_POINT('Ctrl Pts',(0.570942644492527,0.0351354639561655,
0.0966098886961288));
#3962=CARTESIAN_POINT('Ctrl Pts',(0.53037772692626,0.0639429682216719,0.0998805738794191));
#3963=CARTESIAN_POINT('Ctrl Pts',(0.508440431622671,0.0667182255011552,
0.101515916471064));
#3964=CARTESIAN_POINT('Ctrl Pts',(0.442299609774621,0.0433438893688227,
-0.239838638822998));
#3965=CARTESIAN_POINT('Ctrl Pts',(0.428047916274867,0.0243717046322166,
-0.238203296231353));
#3966=CARTESIAN_POINT('Ctrl Pts',(0.419932569208033,-0.0283986409885172,
-0.234932611048063));
#3967=CARTESIAN_POINT('Ctrl Pts',(0.479622918507474,-0.0825527510990842,
-0.230026583273127));
#3968=CARTESIAN_POINT('Ctrl Pts',(0.557559190120315,-0.0624851858164674,
-0.225120555498192));
#3969=CARTESIAN_POINT('Ctrl Pts',(0.583897339603178,0.0135078289267666,
-0.220214527723256));
#3970=CARTESIAN_POINT('Ctrl Pts',(0.535004547765782,0.0774412788582437,
-0.215308499948321));
#3971=CARTESIAN_POINT('Ctrl Pts',(0.454728474366356,0.0719112645680667,
-0.210402472173386));
#3972=CARTESIAN_POINT('Ctrl Pts',(0.41504283145291,0.00191722390861239,
-0.20549644439845));
#3973=CARTESIAN_POINT('Ctrl Pts',(0.451533455005743,-0.0698031654170789,
-0.200590416623515));
#3974=CARTESIAN_POINT('Ctrl Pts',(0.531480399200329,-0.0789318852452422,
-0.195684388848579));
#3975=CARTESIAN_POINT('Ctrl Pts',(0.583201173268718,-0.0172895897803664,
-0.190778361073644));
#3976=CARTESIAN_POINT('Ctrl Pts',(0.560320856322641,0.059856162180036,-0.185872333298708));
#3977=CARTESIAN_POINT('Ctrl Pts',(0.483354884109743,0.0833323262254498,
-0.180966305523773));
#3978=CARTESIAN_POINT('Ctrl Pts',(0.42131345356215,0.0320901940734917,-0.176060277748837));
#3979=CARTESIAN_POINT('Ctrl Pts',(0.429825050162636,-0.0479252328483017,
-0.171154249973902));
#3980=CARTESIAN_POINT('Ctrl Pts',(0.501257865155415,-0.0849692045551257,
-0.166248222198966));
#3981=CARTESIAN_POINT('Ctrl Pts',(0.571562840133348,-0.0458269609732311,
-0.161342194424031));
#3982=CARTESIAN_POINT('Ctrl Pts',(0.577702156957147,0.0344053016621369,
-0.156436166649096));
#3983=CARTESIAN_POINT('Ctrl Pts',(0.514171100518136,0.0837885999350814,
-0.15153013887416));
#3984=CARTESIAN_POINT('Ctrl Pts',(0.437933756829551,0.0580442192424199,
-0.146624111099225));
#3985=CARTESIAN_POINT('Ctrl Pts',(0.417347100262129,-0.0197445688209558,
-0.141718083324289));
#3986=CARTESIAN_POINT('Ctrl Pts',(0.470869820898839,-0.0798297091073391,
-0.136812055549353));
#3987=CARTESIAN_POINT('Ctrl Pts',(0.550511642616031,-0.0683368407308885,
-0.131906027774418));
#3988=CARTESIAN_POINT('Ctrl Pts',(0.58486302201791,0.00442914410235496,
-0.126999999999483));
#3989=CARTESIAN_POINT('Ctrl Pts',(0.543123353902368,0.0732238087515129,
-0.122093972224547));
#3990=CARTESIAN_POINT('Ctrl Pts',(0.462717832334014,0.0763635371153509,
-0.117187944449612));
#3991=CARTESIAN_POINT('Ctrl Pts',(0.415740759639599,0.0110331426902237,
-0.112281916674676));
#3992=CARTESIAN_POINT('Ctrl Pts',(0.444313363485801,-0.0641899395334343,
-0.107375888899741));
#3993=CARTESIAN_POINT('Ctrl Pts',(0.522816483660067,-0.081858157185714,
-0.102469861124806));
#3994=CARTESIAN_POINT('Ctrl Pts',(0.580861575099597,-0.0261295904369468,
-0.09756383334987));
#3995=CARTESIAN_POINT('Ctrl Pts',(0.566403451254572,0.0530276483119736,
-0.0926578055749346));
#3996=CARTESIAN_POINT('Ctrl Pts',(0.492405753562921,0.0846385092329646,
-0.0877517777999991));
#3997=CARTESIAN_POINT('Ctrl Pts',(0.42521731334228,0.0403596283470282,-0.0828457500250637));
#3998=CARTESIAN_POINT('Ctrl Pts',(0.425081552019542,-0.0401070564398044,
-0.0779397222501281));
#3999=CARTESIAN_POINT('Ctrl Pts',(0.492120197775273,-0.0846124018154311,
-0.0730336944751927));
#4000=CARTESIAN_POINT('Ctrl Pts',(0.566224139951484,-0.0532514141761798,
-0.0681276667002572));
#4001=CARTESIAN_POINT('Ctrl Pts',(0.580949284842822,0.0258565873135262,
-0.0632216389253218));
#4002=CARTESIAN_POINT('Ctrl Pts',(0.523092570935559,0.0817807006062146,
-0.0583156111503864));
#4003=CARTESIAN_POINT('Ctrl Pts',(0.444530279131836,0.0643774796876488,
-0.0534095833754508));
#4004=CARTESIAN_POINT('Ctrl Pts',(0.415704009771509,-0.0107487606455189,
-0.0485035556005154));
#4005=CARTESIAN_POINT('Ctrl Pts',(0.462460368124777,-0.0762372996810817,
-0.04359752782558));
#4006=CARTESIAN_POINT('Ctrl Pts',(0.542876026441368,-0.0733689047284357,
-0.0386915000506444));
#4007=CARTESIAN_POINT('Ctrl Pts',(0.584847593454662,-0.00471547542914821,
-0.033785472275709));
#4008=CARTESIAN_POINT('Ctrl Pts',(0.55074194670744,0.0681660081571023,-0.0288794445007735));
#4009=CARTESIAN_POINT('Ctrl Pts',(0.471139359254995,0.0799275499588853,
-0.0239734167258381));
#4010=CARTESIAN_POINT('Ctrl Pts',(0.417414195653835,0.0200233548728456,
-0.0190673889509026));
#4011=CARTESIAN_POINT('Ctrl Pts',(0.437738249359847,-0.0578344553939532,
-0.0141613611759672));
#4012=CARTESIAN_POINT('Ctrl Pts',(0.513888288597043,-0.0838359426540527,
-0.00925533340103169));
#4013=CARTESIAN_POINT('Ctrl Pts',(0.577585619638527,-0.0346672960574363,
-0.00434930562609623));
#4014=CARTESIAN_POINT('Ctrl Pts',(0.57171706803897,0.0455852167363276,0.000556722148839203));
#4015=CARTESIAN_POINT('Ctrl Pts',(0.501544573628732,0.0849644879997569,
0.0054627499237747));
#4016=CARTESIAN_POINT('Ctrl Pts',(0.429987164246692,0.0481617316835325,
0.0103687776987102));
#4017=CARTESIAN_POINT('Ctrl Pts',(0.421205621051973,-0.0318244532466832,
0.0152748054736456));
#4018=CARTESIAN_POINT('Ctrl Pts',(0.483073782137748,-0.0832757683175163,
0.0201808332485811));
#4019=CARTESIAN_POINT('Ctrl Pts',(0.560118547956572,-0.0600592052817333,
0.0250868610235166));
#4020=CARTESIAN_POINT('Ctrl Pts',(0.583259021251182,0.0170084363930348,
0.029992888798452));
#4021=CARTESIAN_POINT('Ctrl Pts',(0.531746599991311,0.078825798663774,0.0348989165733875));
#4022=CARTESIAN_POINT('Ctrl Pts',(0.451769199193255,0.0699651794157996,
0.0398049443483229));
#4023=CARTESIAN_POINT('Ctrl Pts',(0.415036982812486,-0.00162836384558804,
0.0447109721232585));
#4024=CARTESIAN_POINT('Ctrl Pts',(0.454485815569582,-0.071762275352016,
0.0496169998981938));
#4025=CARTESIAN_POINT('Ctrl Pts',(0.534743542425341,-0.0775509142558535,
0.0545230276731294));
#4026=CARTESIAN_POINT('Ctrl Pts',(0.583850303740549,-0.013806319152548,
0.0594290554480648));
#4027=CARTESIAN_POINT('Ctrl Pts',(0.557771620145165,0.0623204311671336,
0.0643350832230003));
#4028=CARTESIAN_POINT('Ctrl Pts',(0.479897634837572,0.0825629209745666,
0.0692411109979357));
#4029=CARTESIAN_POINT('Ctrl Pts',(0.420039107046873,0.028787595134462,0.0741471387728713));
#4030=CARTESIAN_POINT('Ctrl Pts',(0.431893523333811,-0.0508205949485427,
0.0790531665478066));
#4031=CARTESIAN_POINT('Ctrl Pts',(0.504781176732561,-0.0848209830341348,
0.0839591943227422));
#4032=CARTESIAN_POINT('Ctrl Pts',(0.573446349196201,-0.0428464228837154,
0.0888652220976776));
#4033=CARTESIAN_POINT('Ctrl Pts',(0.576129281450468,0.0377042277398257,
0.0937712498726131));
#4034=CARTESIAN_POINT('Ctrl Pts',(0.53259865119968,0.0686178568525004,0.0970419350559034));
#4035=CARTESIAN_POINT('Ctrl Pts',(0.50905751398418,0.0715960139826524,0.0986772776475486));
#4036=CARTESIAN_POINT('Ctrl Pts',(0.438368520833169,0.0462968795221259,
-0.242677277646514));
#4037=CARTESIAN_POINT('Ctrl Pts',(0.42314586900029,0.0260321325459588,-0.241041935054869));
#4038=CARTESIAN_POINT('Ctrl Pts',(0.414477628773014,-0.0303334213791898,
-0.237771249871579));
#4039=CARTESIAN_POINT('Ctrl Pts',(0.478234641592856,-0.0881770147420934,
-0.232865222096643));
#4040=CARTESIAN_POINT('Ctrl Pts',(0.561480659193177,-0.0667422596769427,
-0.227959194321707));
#4041=CARTESIAN_POINT('Ctrl Pts',(0.589613209160439,0.0144281082647333,
-0.223053166546772));
#4042=CARTESIAN_POINT('Ctrl Pts',(0.53738938416091,0.0827173013208725,-0.218147138771837));
#4043=CARTESIAN_POINT('Ctrl Pts',(0.451644155645358,0.0768105308608102,
-0.213241110996901));
#4044=CARTESIAN_POINT('Ctrl Pts',(0.409254756459516,0.00204784308945326,
-0.208335083221966));
#4045=CARTESIAN_POINT('Ctrl Pts',(0.448231461755557,-0.0745588083265566,
-0.20342905544703));
#4046=CARTESIAN_POINT('Ctrl Pts',(0.533625137713977,-0.0843094617226895,
-0.198523027672095));
#4047=CARTESIAN_POINT('Ctrl Pts',(0.588869613479866,-0.0184675179524698,
-0.193616999897159));
#4048=CARTESIAN_POINT('Ctrl Pts',(0.564430475864253,0.0639341224209392,
-0.188710972122224));
#4049=CARTESIAN_POINT('Ctrl Pts',(0.482220863512138,0.089009701799701,-0.183804944347289));
#4050=CARTESIAN_POINT('Ctrl Pts',(0.415952591853337,0.034276477503441,-0.178898916572353));
#4051=CARTESIAN_POINT('Ctrl Pts',(0.425044077829604,-0.0511903468645255,
-0.173992888797418));
#4052=CARTESIAN_POINT('Ctrl Pts',(0.501343562666004,-0.0907580995536852,
-0.169086861022482));
#4053=CARTESIAN_POINT('Ctrl Pts',(0.576438368502709,-0.0489491211319154,
-0.164180833247547));
#4054=CARTESIAN_POINT('Ctrl Pts',(0.582995952869932,0.0367493118215666,
-0.159274805472611));
#4055=CARTESIAN_POINT('Ctrl Pts',(0.515136568105399,0.0894970611315823,
-0.154368777697676));
#4056=CARTESIAN_POINT('Ctrl Pts',(0.433705225250963,0.0619987330245248,
-0.14946274992274));
#4057=CARTESIAN_POINT('Ctrl Pts',(0.411716013559432,-0.0210897530708823,
-0.144556722147805));
#4058=CARTESIAN_POINT('Ctrl Pts',(0.468885201306497,-0.085268453723197,
-0.139650694372869));
#4059=CARTESIAN_POINT('Ctrl Pts',(0.553952966997493,-0.072992583921561,
-0.134744666597934));
#4060=CARTESIAN_POINT('Ctrl Pts',(0.590644682871324,0.00473089872364707,
-0.129838638822999));
#4061=CARTESIAN_POINT('Ctrl Pts',(0.546061319122045,0.0782124978004034,
-0.124932611048063));
#4062=CARTESIAN_POINT('Ctrl Pts',(0.46017782322051,0.0815661337548495,-0.120026583273128));
#4063=CARTESIAN_POINT('Ctrl Pts',(0.410000234026131,0.0117848233123058,
-0.115120555498192));
#4064=CARTESIAN_POINT('Ctrl Pts',(0.440519470235988,-0.0685631571228944,
-0.110214527723257));
#4065=CARTESIAN_POINT('Ctrl Pts',(0.52437095541058,-0.0874350986106069,
-0.105308499948321));
#4066=CARTESIAN_POINT('Ctrl Pts',(0.58637062005442,-0.0279097819332283,
-0.100402472173386));
#4067=CARTESIAN_POINT('Ctrl Pts',(0.570927473915102,0.0566403864764152,
-0.0954964443984502));
#4068=CARTESIAN_POINT('Ctrl Pts',(0.491888362639379,0.090404874180707,-0.0905904166235147));
#4069=CARTESIAN_POINT('Ctrl Pts',(0.420122418985691,0.0431093027956133,
-0.0856843888485793));
#4070=CARTESIAN_POINT('Ctrl Pts',(0.41997740833496,-0.0428395233335094,
-0.0807783610736438));
#4071=CARTESIAN_POINT('Ctrl Pts',(0.491583352127169,-0.0903769880823022,
-0.0758723332987084));
#4072=CARTESIAN_POINT('Ctrl Pts',(0.570735946253028,-0.0568793973590835,
-0.0709663055237729));
#4073=CARTESIAN_POINT('Ctrl Pts',(0.586464305403707,0.0276181792898518,
-0.0660602777488375));
#4074=CARTESIAN_POINT('Ctrl Pts',(0.524665852327242,0.0873523649662223,
-0.061154249973902));
#4075=CARTESIAN_POINT('Ctrl Pts',(0.44075116419971,0.0687634742622115,-0.0562482221989666));
#4076=CARTESIAN_POINT('Ctrl Pts',(0.40996098041414,-0.011481066509359,-0.051342194424031));
#4077=CARTESIAN_POINT('Ctrl Pts',(0.459902818147135,-0.0814312958487306,
-0.0464361666490956));
#4078=CARTESIAN_POINT('Ctrl Pts',(0.545797141406773,-0.0783674790690567,
-0.0415301388741601));
#4079=CARTESIAN_POINT('Ctrl Pts',(0.590628203170396,-0.00503673761196548,
-0.0366241110992247));
#4080=CARTESIAN_POINT('Ctrl Pts',(0.554198961552402,0.0728101126389372,
-0.0317180833242891));
#4081=CARTESIAN_POINT('Ctrl Pts',(0.469173103130337,0.0853729604064306,
-0.0268120555493538));
#4082=CARTESIAN_POINT('Ctrl Pts',(0.411787680115239,0.0213875326297716,
-0.0219060277744182));
#4083=CARTESIAN_POINT('Ctrl Pts',(0.43349639798829,-0.0617746781055504,
-0.0169999999994828));
#4084=CARTESIAN_POINT('Ctrl Pts',(0.514834488397535,-0.0895476292782896,
-0.0120939722245473));
#4085=CARTESIAN_POINT('Ctrl Pts',(0.582871475941845,-0.037029155719548,
-0.00718794444961189));
#4086=CARTESIAN_POINT('Ctrl Pts',(0.576603103852248,0.048690907022059,-0.00228191667467645));
#4087=CARTESIAN_POINT('Ctrl Pts',(0.501649804395585,0.090753061662558,0.00262411110025904));
#4088=CARTESIAN_POINT('Ctrl Pts',(0.425217236637633,0.0514429582070064,
0.00753013887519452));
#4089=CARTESIAN_POINT('Ctrl Pts',(0.41583741278646,-0.0339926319320808,
0.0124361666501299));
#4090=CARTESIAN_POINT('Ctrl Pts',(0.481920610251059,-0.0889492906393795,
0.0173421944250655));
#4091=CARTESIAN_POINT('Ctrl Pts',(0.564214384364698,-0.0641509987131678,
0.0222482222000009));
#4092=CARTESIAN_POINT('Ctrl Pts',(0.588931402606633,0.0181672097731607,
0.0271542499749364));
#4093=CARTESIAN_POINT('Ctrl Pts',(0.533909474586561,0.0841961475334769,
0.0320602777498718));
#4094=CARTESIAN_POINT('Ctrl Pts',(0.448483267036677,0.0747318602305019,
0.0369663055248074));
#4095=CARTESIAN_POINT('Ctrl Pts',(0.409248509355137,-0.00173930318379785,
0.0418723332997428));
#4096=CARTESIAN_POINT('Ctrl Pts',(0.45138496466728,-0.076651391109255,0.0467783610746782));
#4097=CARTESIAN_POINT('Ctrl Pts',(0.537110596701431,-0.0828344061046933,
0.0516843888496138));
#4098=CARTESIAN_POINT('Ctrl Pts',(0.589562968775991,-0.0147469344296847,
0.0565904166245491));
#4099=CARTESIAN_POINT('Ctrl Pts',(0.561707561933345,0.0665662804036935,
0.0614964443994846));
#4100=CARTESIAN_POINT('Ctrl Pts',(0.478528074162535,0.0881878774843812,
0.0664024721744201));
#4101=CARTESIAN_POINT('Ctrl Pts',(0.41459142496346,0.0307488747105974,0.0713084999493555));
#4102=CARTESIAN_POINT('Ctrl Pts',(0.427253474692582,-0.0542829680454989,
0.0762145277242911));
#4103=CARTESIAN_POINT('Ctrl Pts',(0.505106915101177,-0.0905997797997398,
0.0811205554992265));
#4104=CARTESIAN_POINT('Ctrl Pts',(0.578450199776542,-0.0457655209785644,
0.0860265832741619));
#4105=CARTESIAN_POINT('Ctrl Pts',(0.58131591840841,0.0402729915234859,0.0909326110490974));
#4106=CARTESIAN_POINT('Ctrl Pts',(0.534819575473099,0.073292745483329,0.0942032962323878));
#4107=CARTESIAN_POINT('Ctrl Pts',(0.509674596345689,0.0764738024641495,
0.0958386388240329));
#4108=CARTESIAN_POINT('Ctrl Pts',(0.434437431891717,0.049249869675429,-0.24551591647003));
#4109=CARTESIAN_POINT('Ctrl Pts',(0.418243821725714,0.0276925604597011,
-0.243880573878385));
#4110=CARTESIAN_POINT('Ctrl Pts',(0.409022688337995,-0.0322682017698624,
-0.240609888695094));
#4111=CARTESIAN_POINT('Ctrl Pts',(0.476846364678239,-0.0938012783851027,
-0.235703860920159));
#4112=CARTESIAN_POINT('Ctrl Pts',(0.565402128266038,-0.0709993335374179,
-0.230797833145223));
#4113=CARTESIAN_POINT('Ctrl Pts',(0.5953290787177,0.0153483876027001,-0.225891805370288));
#4114=CARTESIAN_POINT('Ctrl Pts',(0.539774220556037,0.0879933237835011,
-0.220985777595352));
#4115=CARTESIAN_POINT('Ctrl Pts',(0.44855983692436,0.0817097971535538,-0.216079749820417));
#4116=CARTESIAN_POINT('Ctrl Pts',(0.403466681466122,0.00217846227029407,
-0.211173722045481));
#4117=CARTESIAN_POINT('Ctrl Pts',(0.444929468505371,-0.0793144512360343,
-0.206267694270546));
#4118=CARTESIAN_POINT('Ctrl Pts',(0.535769876227625,-0.0896870382001366,
-0.201361666495611));
#4119=CARTESIAN_POINT('Ctrl Pts',(0.594538053691015,-0.0196454461245734,
-0.196455638720675));
#4120=CARTESIAN_POINT('Ctrl Pts',(0.568540095405865,0.0680120826618424,
-0.19154961094574));
#4121=CARTESIAN_POINT('Ctrl Pts',(0.481086842914534,0.0946870773739522,
-0.186643583170804));
#4122=CARTESIAN_POINT('Ctrl Pts',(0.410591730144523,0.0364627609333902,
-0.181737555395869));
#4123=CARTESIAN_POINT('Ctrl Pts',(0.420263105496573,-0.0544554608807494,
-0.176831527620933));
#4124=CARTESIAN_POINT('Ctrl Pts',(0.501429260176593,-0.0965469945522444,
-0.171925499845998));
#4125=CARTESIAN_POINT('Ctrl Pts',(0.581313896872071,-0.0520712812905998,
-0.167019472071062));
#4126=CARTESIAN_POINT('Ctrl Pts',(0.588289748782717,0.0390933219809963,
-0.162113444296127));
#4127=CARTESIAN_POINT('Ctrl Pts',(0.516102035692662,0.0952055223280833,
-0.157207416521191));
#4128=CARTESIAN_POINT('Ctrl Pts',(0.429476693672378,0.0659532468066296,
-0.152301388746256));
#4129=CARTESIAN_POINT('Ctrl Pts',(0.406084926856736,-0.0224349373208088,
-0.14739536097132));
#4130=CARTESIAN_POINT('Ctrl Pts',(0.466900581714155,-0.0907071983390551,
-0.142489333196385));
#4131=CARTESIAN_POINT('Ctrl Pts',(0.557394291378953,-0.0776483271122336,
-0.13758330542145));
#4132=CARTESIAN_POINT('Ctrl Pts',(0.596426343724739,0.00503265334493913,
-0.132677277646514));
#4133=CARTESIAN_POINT('Ctrl Pts',(0.54899928434172,0.0832011868492941,-0.127771249871579));
#4134=CARTESIAN_POINT('Ctrl Pts',(0.457637814107008,0.086768730394348,-0.122865222096643));
#4135=CARTESIAN_POINT('Ctrl Pts',(0.404259708412662,0.012536503934388,-0.117959194321708));
#4136=CARTESIAN_POINT('Ctrl Pts',(0.436725576986175,-0.0729363747123548,
-0.113053166546772));
#4137=CARTESIAN_POINT('Ctrl Pts',(0.525925427161094,-0.0930120400354996,
-0.108147138771837));
#4138=CARTESIAN_POINT('Ctrl Pts',(0.591879665009241,-0.0296899734295099,
-0.103241110996901));
#4139=CARTESIAN_POINT('Ctrl Pts',(0.575451496575633,0.0602531246408569,
-0.0983350832219659));
#4140=CARTESIAN_POINT('Ctrl Pts',(0.491370971715837,0.0961712391284494,
-0.0934290554470304));
#4141=CARTESIAN_POINT('Ctrl Pts',(0.415027524629102,0.0458589772441983,
-0.088523027672095));
#4142=CARTESIAN_POINT('Ctrl Pts',(0.41487326465038,-0.0455719902272143,
-0.0836169998971595));
#4143=CARTESIAN_POINT('Ctrl Pts',(0.491046506479064,-0.0961415743491734,
-0.078710972122224));
#4144=CARTESIAN_POINT('Ctrl Pts',(0.575247752554572,-0.0605073805419873,
-0.0738049443472887));
#4145=CARTESIAN_POINT('Ctrl Pts',(0.591979325964592,0.0293797712661775,
-0.0688989165723531));
#4146=CARTESIAN_POINT('Ctrl Pts',(0.526239133718926,0.09292402932623,-0.0639928887974177));
#4147=CARTESIAN_POINT('Ctrl Pts',(0.436972049267582,0.0731494688367742,
-0.0590868610224822));
#4148=CARTESIAN_POINT('Ctrl Pts',(0.404217951056772,-0.0122133723731993,
-0.0541808332475467));
#4149=CARTESIAN_POINT('Ctrl Pts',(0.457345268169492,-0.0866252920163793,
-0.0492748054726113));
#4150=CARTESIAN_POINT('Ctrl Pts',(0.548718256372178,-0.0833660534096776,
-0.0443687776976758));
#4151=CARTESIAN_POINT('Ctrl Pts',(0.596408812886129,-0.00535799979478271,
-0.0394627499227403));
#4152=CARTESIAN_POINT('Ctrl Pts',(0.557655976397367,0.0774542171207721,
-0.0345567221478048));
#4153=CARTESIAN_POINT('Ctrl Pts',(0.467206847005676,0.090818370853976,-0.0296506943728694));
#4154=CARTESIAN_POINT('Ctrl Pts',(0.406161164576644,0.0227517103866975,
-0.0247446665979339));
#4155=CARTESIAN_POINT('Ctrl Pts',(0.429254546616732,-0.0657149008171478,
-0.0198386388229985));
#4156=CARTESIAN_POINT('Ctrl Pts',(0.515780688198026,-0.0952593159025264,
-0.014932611048063));
#4157=CARTESIAN_POINT('Ctrl Pts',(0.588157332245162,-0.0393910153816597,
-0.0100265832731276));
#4158=CARTESIAN_POINT('Ctrl Pts',(0.581489139665528,0.0517965973077904,
-0.00512055549819211));
#4159=CARTESIAN_POINT('Ctrl Pts',(0.501755035162437,0.0965416353253588,
-0.000214527723256619));
#4160=CARTESIAN_POINT('Ctrl Pts',(0.420447309028575,0.0547241847304805,
0.00469150005167886));
#4161=CARTESIAN_POINT('Ctrl Pts',(0.410469204520947,-0.0361608106174785,
0.00959752782661429));
#4162=CARTESIAN_POINT('Ctrl Pts',(0.48076743836437,-0.0946228129612425,
0.0145035556015498));
#4163=CARTESIAN_POINT('Ctrl Pts',(0.568310220772825,-0.0682427921446024,
0.0194095833764852));
#4164=CARTESIAN_POINT('Ctrl Pts',(0.594603783962083,0.0193259831532866,
0.0243156111514207));
#4165=CARTESIAN_POINT('Ctrl Pts',(0.536072349181812,0.0895664964031797,
0.0292216389263562));
#4166=CARTESIAN_POINT('Ctrl Pts',(0.445197334880097,0.0794985410452042,
0.0341276667012916));
#4167=CARTESIAN_POINT('Ctrl Pts',(0.403460035897789,-0.00185024252200775,
0.0390336944762271));
#4168=CARTESIAN_POINT('Ctrl Pts',(0.448284113764976,-0.0815405068664938,
0.0439397222511626));
#4169=CARTESIAN_POINT('Ctrl Pts',(0.539477650977522,-0.0881178979535334,
0.048845750026098));
#4170=CARTESIAN_POINT('Ctrl Pts',(0.595275633811433,-0.0156875497068212,
0.0537517778010335));
#4171=CARTESIAN_POINT('Ctrl Pts',(0.565643503721526,0.0708121296402534,
0.0586578055759689));
#4172=CARTESIAN_POINT('Ctrl Pts',(0.477158513487497,0.0938128339941958,
0.0635638333509044));
#4173=CARTESIAN_POINT('Ctrl Pts',(0.409143742880049,0.0327101542867328,
0.0684698611258399));
#4174=CARTESIAN_POINT('Ctrl Pts',(0.422613426051352,-0.057745341142455,
0.0733758889007754));
#4175=CARTESIAN_POINT('Ctrl Pts',(0.505432653469793,-0.0963785765653449,
0.0782819166757108));
#4176=CARTESIAN_POINT('Ctrl Pts',(0.583454050356883,-0.0486846190734133,
0.0831879444506463));
#4177=CARTESIAN_POINT('Ctrl Pts',(0.586502555366352,0.0428417553071461,
0.0880939722255818));
#4178=CARTESIAN_POINT('Ctrl Pts',(0.537040499746518,0.0779676341141576,
0.0913646574088721));
#4179=CARTESIAN_POINT('Ctrl Pts',(0.510291678707198,0.0813515909456466,
0.0930000000005173));
#4180=CARTESIAN_POINT('Ctrl Pts',(0.510291678707198,0.0813515909456466,
0.0930000000005173));
#4181=CARTESIAN_POINT('Ctrl Pts',(0.51455988300942,0.0803499172205218,0.0930000000005172));
#4182=CARTESIAN_POINT('Ctrl Pts',(0.518725557897849,0.0789820955484655,
0.0930000000005173));
#4183=CARTESIAN_POINT('Ctrl Pts',(0.522755570758726,0.0772796371984855,
0.0930000000005173));
#4184=CARTESIAN_POINT('Ctrl Pts',(0.525445184129145,0.0761434237672234,
0.0930000000005173));
#4185=CARTESIAN_POINT('Ctrl Pts',(0.528074294304784,0.0748579549577944,
0.0930000000005173));
#4186=CARTESIAN_POINT('Ctrl Pts',(0.53063150020286,0.0734308379238402,0.0930000000005173));
#4187=CARTESIAN_POINT('Ctrl Pts',(0.533239523988973,0.0719753606105274,
0.0930000000005173));
#4188=CARTESIAN_POINT('Ctrl Pts',(0.535766009221259,0.0703760795331036,
0.0930000000005173));
#4189=CARTESIAN_POINT('Ctrl Pts',(0.538194314430835,0.0686458581882632,
0.0930000000005173));
#4190=CARTESIAN_POINT('Ctrl Pts',(0.541742113188137,0.0661179728496013,
0.0930000000005173));
#4191=CARTESIAN_POINT('Ctrl Pts',(0.545084662052968,0.0633085982055431,
0.0930000000005173));
#4192=CARTESIAN_POINT('Ctrl Pts',(0.54818090189662,0.0602431258746148,0.0930000000005173));
#4193=CARTESIAN_POINT('Ctrl Pts',(0.550124079505545,0.0583192577329231,
0.0930000000005173));
#4194=CARTESIAN_POINT('Ctrl Pts',(0.55196486233068,0.0562991950292967,0.0930000000005172));
#4195=CARTESIAN_POINT('Ctrl Pts',(0.553688628213222,0.0541961523238551,
0.0930000000005172));
#4196=CARTESIAN_POINT('Ctrl Pts',(0.556492748205269,0.0507750473152307,
0.0930000000005172));
#4197=CARTESIAN_POINT('Ctrl Pts',(0.558992862913594,0.0471296724683117,
0.0930000000005172));
#4198=CARTESIAN_POINT('Ctrl Pts',(0.561142526396355,0.0432873592722865,
0.0930000000005173));
#4199=CARTESIAN_POINT('Ctrl Pts',(0.562339163116503,0.0411484881896528,
0.0930000000005173));
#4200=CARTESIAN_POINT('Ctrl Pts',(0.563426983854356,0.0389485129292414,
0.0930000000005172));
#4201=CARTESIAN_POINT('Ctrl Pts',(0.56439606895951,0.0366918678418818,0.0930000000005172));
#4202=CARTESIAN_POINT('Ctrl Pts',(0.564974106064914,0.0353458306493956,
0.0930000000005172));
#4203=CARTESIAN_POINT('Ctrl Pts',(0.565509661403023,0.0339798172136858,
0.0930000000005173));
#4204=CARTESIAN_POINT('Ctrl Pts',(0.565998941660365,0.032600003179061,0.0930000000005173));
#4205=CARTESIAN_POINT('Ctrl Pts',(0.567427208263385,0.02857216376707,0.0930000000005172));
#4206=CARTESIAN_POINT('Ctrl Pts',(0.568467187590465,0.0244155065817834,
0.0930000000005173));
#4207=CARTESIAN_POINT('Ctrl Pts',(0.569127860410913,0.0201853082884234,
0.0930000000005173));
#4208=CARTESIAN_POINT('Ctrl Pts',(0.569690879343028,0.0165803745722944,
0.0930000000005173));
#4209=CARTESIAN_POINT('Ctrl Pts',(0.5699781697872,0.0129218305629316,0.0930000000005173));
#4210=CARTESIAN_POINT('Ctrl Pts',(0.569988380692112,0.00924550855274,0.0930000000005173));
#4211=CARTESIAN_POINT('Ctrl Pts',(0.56999456191381,0.00702002887493925,
0.0930000000005173));
#4212=CARTESIAN_POINT('Ctrl Pts',(0.569898852018404,0.00479296196724898,
0.0930000000005172));
#4213=CARTESIAN_POINT('Ctrl Pts',(0.569702584733261,0.00258011135316461,
0.0930000000005172));
#4214=CARTESIAN_POINT('Ctrl Pts',(0.569186824888528,-0.00323491527397361,
0.0930000000005172));
#4215=CARTESIAN_POINT('Ctrl Pts',(0.567979782354672,-0.0089708498954569,
0.0930000000005172));
#4216=CARTESIAN_POINT('Ctrl Pts',(0.566076755823842,-0.0144737056618082,
0.0930000000005172));
#4217=CARTESIAN_POINT('Ctrl Pts',(0.565688911047752,-0.0155952107107273,
0.0930000000005172));
#4218=CARTESIAN_POINT('Ctrl Pts',(0.565272024564511,-0.0167069255869601,
0.0930000000005172));
#4219=CARTESIAN_POINT('Ctrl Pts',(0.56482586150063,-0.0178073501638331,
0.0930000000005172));
#4220=CARTESIAN_POINT('Ctrl Pts',(0.446230698716073,0.0403908992155195,
-0.236999999999483));
#4221=CARTESIAN_POINT('Ctrl Pts',(0.442263486132478,0.0363131941031724,
-0.236999999999483));
#4222=CARTESIAN_POINT('Ctrl Pts',(0.438888360097812,0.0317312614708358,
-0.236999999999483));
#4223=CARTESIAN_POINT('Ctrl Pts',(0.436104137244399,0.0267958182370925,
-0.236999999999483));
#4224=CARTESIAN_POINT('Ctrl Pts',(0.434785502273364,0.0244583444111032,
-0.236999999999483));
#4225=CARTESIAN_POINT('Ctrl Pts',(0.433599779608177,0.0220408863998717,
-0.236999999999483));
#4226=CARTESIAN_POINT('Ctrl Pts',(0.432549236568896,0.0195565126631811,
-0.236999999999483));
#4227=CARTESIAN_POINT('Ctrl Pts',(0.431768759159307,0.017710802867424,-0.236999999999483));
#4228=CARTESIAN_POINT('Ctrl Pts',(0.431063729412902,0.0158293242336678,
-0.236999999999483));
#4229=CARTESIAN_POINT('Ctrl Pts',(0.43043780746575,0.0139269724884533,-0.236999999999483));
#4230=CARTESIAN_POINT('Ctrl Pts',(0.428867775437754,0.00915520632481222,
-0.236999999999483));
#4231=CARTESIAN_POINT('Ctrl Pts',(0.427787453169475,0.00423800510753106,
-0.236999999999483));
#4232=CARTESIAN_POINT('Ctrl Pts',(0.427206371263195,-0.000739260303745631,
-0.236999999999483));
#4233=CARTESIAN_POINT('Ctrl Pts',(0.426900493084885,-0.00335926423177672,
-0.236999999999483));
#4234=CARTESIAN_POINT('Ctrl Pts',(0.426733254966734,-0.00599617396905869,
-0.236999999999483));
#4235=CARTESIAN_POINT('Ctrl Pts',(0.426708379404748,-0.00863860821753971,
-0.236999999999483));
#4236=CARTESIAN_POINT('Ctrl Pts',(0.426685217644967,-0.0110989919200216,
-0.236999999999483));
#4237=CARTESIAN_POINT('Ctrl Pts',(0.426785760506155,-0.0135550722795231,
-0.236999999999483));
#4238=CARTESIAN_POINT('Ctrl Pts',(0.427010665037952,-0.0159927480240221,
-0.236999999999483));
#4239=CARTESIAN_POINT('Ctrl Pts',(0.427304315049678,-0.0191755363175073,
-0.236999999999483));
#4240=CARTESIAN_POINT('Ctrl Pts',(0.427809811362899,-0.0223294051859532,
-0.236999999999483));
#4241=CARTESIAN_POINT('Ctrl Pts',(0.428531244043819,-0.0254340892086334,
-0.236999999999483));
#4242=CARTESIAN_POINT('Ctrl Pts',(0.429439026056358,-0.0293407271873987,
-0.236999999999483));
#4243=CARTESIAN_POINT('Ctrl Pts',(0.430688360264852,-0.0331696663044158,
-0.236999999999483));
#4244=CARTESIAN_POINT('Ctrl Pts',(0.432248710578095,-0.0368955365167818,
-0.236999999999483));
#4245=CARTESIAN_POINT('Ctrl Pts',(0.433279899490579,-0.0393578528439139,
-0.236999999999483));
#4246=CARTESIAN_POINT('Ctrl Pts',(0.434443838957598,-0.0417668448015064,
-0.236999999999483));
#4247=CARTESIAN_POINT('Ctrl Pts',(0.435728104308594,-0.044111145910371,
-0.236999999999483));
#4248=CARTESIAN_POINT('Ctrl Pts',(0.437787869489569,-0.0478710463032454,
-0.236999999999483));
#4249=CARTESIAN_POINT('Ctrl Pts',(0.440158178495476,-0.0514683149265343,
-0.236999999999483));
#4250=CARTESIAN_POINT('Ctrl Pts',(0.442803728325152,-0.0548728414902142,
-0.236999999999483));
#4251=CARTESIAN_POINT('Ctrl Pts',(0.444342655604555,-0.0568532686753426,
-0.236999999999483));
#4252=CARTESIAN_POINT('Ctrl Pts',(0.445974011101055,-0.0587668215400255,
-0.236999999999483));
#4253=CARTESIAN_POINT('Ctrl Pts',(0.447684671849725,-0.0606008286940083,
-0.236999999999483));
#4254=CARTESIAN_POINT('Ctrl Pts',(0.451581121220172,-0.064778229751515,
-0.236999999999483));
#4255=CARTESIAN_POINT('Ctrl Pts',(0.455895448640543,-0.0685544995564956,
-0.236999999999483));
#4256=CARTESIAN_POINT('Ctrl Pts',(0.460555290530371,-0.071857865305623,
-0.236999999999483));
#4257=CARTESIAN_POINT('Ctrl Pts',(0.567266387809818,-5.67876950728307E-5,
-0.18692070600548));
#4258=CARTESIAN_POINT('Ctrl Pts',(0.567307189347708,-0.00464548942887779,
-0.18726037808703));
#4259=CARTESIAN_POINT('Ctrl Pts',(0.566876679103012,-0.0092265812017937,
-0.187600050168579));
#4260=CARTESIAN_POINT('Ctrl Pts',(0.565946304949665,-0.0137037922102856,
-0.187939722250128));
#4261=CARTESIAN_POINT('Ctrl Pts',(0.561467042267273,-0.0352592106614402,
-0.189575064841773));
#4262=CARTESIAN_POINT('Ctrl Pts',(0.545401351476977,-0.0544067597146176,
-0.191210407433419));
#4263=CARTESIAN_POINT('Ctrl Pts',(0.524951804010037,-0.062562736531174,
-0.192845750025064));
#4264=CARTESIAN_POINT('Ctrl Pts',(0.504502256543097,-0.0707187133477304,
-0.194481092616709));
#4265=CARTESIAN_POINT('Ctrl Pts',(0.479668852399513,-0.0678831179276658,
-0.196116435208354));
#4266=CARTESIAN_POINT('Ctrl Pts',(0.461584726692783,-0.055326299011738,
-0.197751777799999));
#4267=CARTESIAN_POINT('Ctrl Pts',(0.443500600986054,-0.0427694800958103,
-0.199387120391644));
#4268=CARTESIAN_POINT('Ctrl Pts',(0.432165753716178,-0.0204914376840193,
-0.20102246298329));
#4269=CARTESIAN_POINT('Ctrl Pts',(0.432661977854749,0.001518482446468,-0.202657805574935));
#4270=CARTESIAN_POINT('Ctrl Pts',(0.43315820199332,0.0235284025769554,-0.20429314816658));
#4271=CARTESIAN_POINT('Ctrl Pts',(0.445485497540337,0.0452702004261393,
-0.205928490758225));
#4272=CARTESIAN_POINT('Ctrl Pts',(0.464116965027729,0.0569999757041132,
-0.20756383334987));
#4273=CARTESIAN_POINT('Ctrl Pts',(0.482748432515121,0.0687297509820872,
-0.209199175941515));
#4274=CARTESIAN_POINT('Ctrl Pts',(0.507684071942888,0.0704475036888512,
-0.21083451853316));
#4275=CARTESIAN_POINT('Ctrl Pts',(0.527745518102648,0.0613767622410973,
-0.212469861124806));
#4276=CARTESIAN_POINT('Ctrl Pts',(0.547806964262408,0.0523060207933434,
-0.214105203716451));
#4277=CARTESIAN_POINT('Ctrl Pts',(0.562994217154163,0.0324467851910716,
-0.215740546308096));
#4278=CARTESIAN_POINT('Ctrl Pts',(0.566497218766963,0.0107145571324704,
-0.217375888899741));
#4279=CARTESIAN_POINT('Ctrl Pts',(0.567064734021873,0.00719375631371976,
-0.217640827934987));
#4280=CARTESIAN_POINT('Ctrl Pts',(0.567325576451965,0.00362379565804583,
-0.217905766970234));
#4281=CARTESIAN_POINT('Ctrl Pts',(0.567295353492157,4.95733926575863E-5,
-0.21817070600548));
#4282=CARTESIAN_POINT('Ctrl Pts',(0.539516478889322,-0.0718501767304005,
-0.236999999999483));
#4283=CARTESIAN_POINT('Ctrl Pts',(0.563141186122019,-0.0588569554592789,
-0.235364657407838));
#4284=CARTESIAN_POINT('Ctrl Pts',(0.596199137964534,-0.0079895282564357,
-0.232093972224547));
#4285=CARTESIAN_POINT('Ctrl Pts',(0.559671614184667,0.0759872913902473,
-0.227187944449612));
#4286=CARTESIAN_POINT('Ctrl Pts',(0.46957183118163,0.0916104333806565,-0.222281916674676));
#4287=CARTESIAN_POINT('Ctrl Pts',(0.406790305093096,0.0252023595447712,
-0.217375888899741));
#4288=CARTESIAN_POINT('Ctrl Pts',(0.427565398481648,-0.0638595500394079,
-0.212469861124805));
#4289=CARTESIAN_POINT('Ctrl Pts',(0.513297330707076,-0.0956334811929199,
-0.20756383334987));
#4290=CARTESIAN_POINT('Ctrl Pts',(0.587101470590262,-0.0416744673584257,
-0.202657805574934));
#4291=CARTESIAN_POINT('Ctrl Pts',(0.582810072587296,0.0496592150216491,
-0.197751777799999));
#4292=CARTESIAN_POINT('Ctrl Pts',(0.504267029877927,0.0964626432727661,
-0.192845750025063));
#4293=CARTESIAN_POINT('Ctrl Pts',(0.421898721644503,0.056776558876837,-0.187939722250128));
#4294=CARTESIAN_POINT('Ctrl Pts',(0.409558290848526,-0.033818419372432,
-0.183033694475192));
#4295=CARTESIAN_POINT('Ctrl Pts',(0.478311135252877,-0.0940900816695266,
-0.178127666700257));
#4296=CARTESIAN_POINT('Ctrl Pts',(0.566510849137381,-0.0699977055356364,
-0.173221638925322));
#4297=CARTESIAN_POINT('Ctrl Pts',(0.595074743636653,0.0168571311036491,
-0.168315611150386));
#4298=CARTESIAN_POINT('Ctrl Pts',(0.538391390064921,0.0885972138071114,
-0.163409583375451));
#4299=CARTESIAN_POINT('Ctrl Pts',(0.447285035216135,0.0808980891590707,
-0.158503555600515));
#4300=CARTESIAN_POINT('Ctrl Pts',(0.403444688422606,0.000662987394068942,
-0.15359752782558));
#4301=CARTESIAN_POINT('Ctrl Pts',(0.446179094043565,-0.0801665597363435,
-0.148691500050644));
#4302=CARTESIAN_POINT('Ctrl Pts',(0.53717113710949,-0.0891160717723151,
-0.143785472275709));
#4303=CARTESIAN_POINT('Ctrl Pts',(0.594834286059023,-0.0181611053158761,
-0.138879444500774));
#4304=CARTESIAN_POINT('Ctrl Pts',(0.567465815323449,0.0690777190321038,
-0.133973416725838));
#4305=CARTESIAN_POINT('Ctrl Pts',(0.47960521956234,0.0943791316956646,-0.129067388950903));
#4306=CARTESIAN_POINT('Ctrl Pts',(0.410031271612049,0.0350570315142838,
-0.124161361175967));
#4307=CARTESIAN_POINT('Ctrl Pts',(0.421126319797074,-0.0556983851911997,
-0.119255333401032));
#4308=CARTESIAN_POINT('Ctrl Pts',(0.502942169622714,-0.0965127514285675,
-0.114349305626096));
#4309=CARTESIAN_POINT('Ctrl Pts',(0.58211997096016,-0.0507905297880739,
-0.109443277851161));
#4310=CARTESIAN_POINT('Ctrl Pts',(0.587666236834313,0.0404721937353174,
-0.104537250076225));
#4311=CARTESIAN_POINT('Ctrl Pts',(0.514607998230794,0.0954461834504865,
-0.0996312223012899));
#4312=CARTESIAN_POINT('Ctrl Pts',(0.428451735757063,0.0648399061597346,
-0.0947251945263544));
#4313=CARTESIAN_POINT('Ctrl Pts',(0.406448059964993,-0.0239040177104351,
-0.0898191667514189));
#4314=CARTESIAN_POINT('Ctrl Pts',(0.468326208639892,-0.0912147931425124,
-0.0849131389764833));
#4315=CARTESIAN_POINT('Ctrl Pts',(0.55860414684496,-0.0767393088295747,
-0.080007111201548));
#4316=CARTESIAN_POINT('Ctrl Pts',(0.596335630568056,0.00654322780693387,
-0.0751010834266124));
#4317=CARTESIAN_POINT('Ctrl Pts',(0.54768933901185,0.0839588857221481,-0.0701950556516771));
#4318=CARTESIAN_POINT('Ctrl Pts',(0.456283177778066,0.0860941751915175,
-0.0652890278767416));
#4319=CARTESIAN_POINT('Ctrl Pts',(0.404074993695179,0.0110345236643207,
-0.060383000101806));
#4320=CARTESIAN_POINT('Ctrl Pts',(0.437876405328917,-0.0739190539185226,
-0.0554769723268707));
#4321=CARTESIAN_POINT('Ctrl Pts',(0.527379927058621,-0.0925943148439448,
-0.0505709445519351));
#4322=CARTESIAN_POINT('Ctrl Pts',(0.592333682801185,-0.0282463903425623,
-0.0456649167769997));
#4323=CARTESIAN_POINT('Ctrl Pts',(0.574497944598153,0.0614282003450444,
-0.0407588890020643));
#4324=CARTESIAN_POINT('Ctrl Pts',(0.489864836829429,0.0960241949462776,
-0.0358528612271288));
#4325=CARTESIAN_POINT('Ctrl Pts',(0.41431925816948,0.0445216579409461,-0.0309468334521934));
#4326=CARTESIAN_POINT('Ctrl Pts',(0.41559792220691,-0.0469004990470249,
-0.0260408056772579));
#4327=CARTESIAN_POINT('Ctrl Pts',(0.49255433565642,-0.0962700869059755,
-0.0211347779023224));
#4328=CARTESIAN_POINT('Ctrl Pts',(0.576186782843779,-0.0593206680809968,
-0.0162287501273869));
#4329=CARTESIAN_POINT('Ctrl Pts',(0.591507591172583,0.0308176622106497,
-0.0113227223524515));
#4330=CARTESIAN_POINT('Ctrl Pts',(0.524779607106038,0.0933238374714539,
-0.00641669457751599));
#4331=CARTESIAN_POINT('Ctrl Pts',(0.435833391739274,0.0721527122723078,
-0.00151066680258053));
#4332=CARTESIAN_POINT('Ctrl Pts',(0.404421121119649,-0.0137129672425081,
0.00339536097235492));
#4333=CARTESIAN_POINT('Ctrl Pts',(0.45870809714401,-0.0872831394982582,
0.00830138874729039));
#4334=CARTESIAN_POINT('Ctrl Pts',(0.550018784971847,-0.0825923021102594,
0.0132074165222258));
#4335=CARTESIAN_POINT('Ctrl Pts',(0.596480944974556,-0.00384642729153148,
0.0181134442971613));
#4336=CARTESIAN_POINT('Ctrl Pts',(0.556435032707555,0.0783482956103723,
0.0230194720720967));
#4337=CARTESIAN_POINT('Ctrl Pts',(0.465787572986342,0.0902932719715872,
0.0279254998470322));
#4338=CARTESIAN_POINT('Ctrl Pts',(0.405816117333991,0.0212782986297406,
0.0328315276219677));
#4339=CARTESIAN_POINT('Ctrl Pts',(0.430293129918984,-0.0668155977054579,
0.0377375553969032));
#4340=CARTESIAN_POINT('Ctrl Pts',(0.517271629442239,-0.0950002165208436,
0.0426435831718386));
#4341=CARTESIAN_POINT('Ctrl Pts',(0.588763887422764,-0.0380047435550916,
0.0475496109467741));
#4342=CARTESIAN_POINT('Ctrl Pts',(0.580667289067365,0.0530676529835257,
0.0524556387217095));
#4343=CARTESIAN_POINT('Ctrl Pts',(0.500241989006299,0.0965566700568577,
0.0573616664966451));
#4344=CARTESIAN_POINT('Ctrl Pts',(0.419599117064124,0.0534718971199931,
0.0622676942715804));
#4345=CARTESIAN_POINT('Ctrl Pts',(0.411047534953731,-0.0375617674076608,
0.067173722046516));
#4346=CARTESIAN_POINT('Ctrl Pts',(0.482251528153967,-0.094908237135353,
0.0720797498214514));
#4347=CARTESIAN_POINT('Ctrl Pts',(0.569373639000607,-0.0671722549879895,
0.0769857775963868));
#4348=CARTESIAN_POINT('Ctrl Pts',(0.594284854246383,0.0208224016626408,
0.0818918053713224));
#4349=CARTESIAN_POINT('Ctrl Pts',(0.534672765252473,0.0900896459732076,
0.0867978331462578));
#4350=CARTESIAN_POINT('Ctrl Pts',(0.443941736187841,0.0786907939380241,
0.0917038609211933));
#4351=CARTESIAN_POINT('Ctrl Pts',(0.403532724162378,-0.00348875326556044,
0.0966098886961288));
#4352=CARTESIAN_POINT('Ctrl Pts',(0.434179339296402,-0.0558443481058983,
0.099880573879419));
#4353=CARTESIAN_POINT('Ctrl Pts',(0.457171552062517,-0.0699265618149948,
0.101515916471064));
#4354=CARTESIAN_POINT('Ctrl Pts',(0.537147096516893,-0.0675420868654679,
-0.239838638822998));
#4355=CARTESIAN_POINT('Ctrl Pts',(0.559355281669581,-0.0553279306908872,
-0.238203296231353));
#4356=CARTESIAN_POINT('Ctrl Pts',(0.590431100220726,-0.00751048133862091,
-0.234932611048063));
#4357=CARTESIAN_POINT('Ctrl Pts',(0.556093743008961,0.0714311428211165,
-0.230026583273128));
#4358=CARTESIAN_POINT('Ctrl Pts',(0.4713962843933,0.0861175313791741,-0.225120555498192));
#4359=CARTESIAN_POINT('Ctrl Pts',(0.412379097775522,0.0236912424582453,
-0.220214527723257));
#4360=CARTESIAN_POINT('Ctrl Pts',(0.431908530076752,-0.0600305729537117,
-0.215308499948321));
#4361=CARTESIAN_POINT('Ctrl Pts',(0.51250003140655,-0.0898993598612305,
-0.210402472173386));
#4362=CARTESIAN_POINT('Ctrl Pts',(0.581878923065033,-0.0391756934009591,
-0.20549644439845));
#4363=CARTESIAN_POINT('Ctrl Pts',(0.577844834495172,0.0466816807876274,
-0.200590416623515));
#4364=CARTESIAN_POINT('Ctrl Pts',(0.50401118154175,0.0906788059220616,-0.195684388848579));
#4365=CARTESIAN_POINT('Ctrl Pts',(0.42658162349712,0.0533722733344251,-0.190778361073644));
#4366=CARTESIAN_POINT('Ctrl Pts',(0.414981116905372,-0.0317906889425809,
-0.185872333298708));
#4367=CARTESIAN_POINT('Ctrl Pts',(0.479611585476536,-0.0884485015694228,
-0.180966305523773));
#4368=CARTESIAN_POINT('Ctrl Pts',(0.562522901882193,-0.0658006886386826,
-0.176060277748837));
#4369=CARTESIAN_POINT('Ctrl Pts',(0.589374123845431,0.0158463884866621,
-0.171154249973902));
#4370=CARTESIAN_POINT('Ctrl Pts',(0.536089467286638,0.083284982491441,-0.166248222198966));
#4371=CARTESIAN_POINT('Ctrl Pts',(0.450445790218419,0.0760474923497363,
-0.161342194424031));
#4372=CARTESIAN_POINT('Ctrl Pts',(0.409234082104585,0.000623235101131873,
-0.156436166649096));
#4373=CARTESIAN_POINT('Ctrl Pts',(0.449406160559244,-0.0753598249554042,
-0.15153013887416));
#4374=CARTESIAN_POINT('Ctrl Pts',(0.534942379904756,-0.0837727300705197,
-0.146624111099225));
#4375=CARTESIAN_POINT('Ctrl Pts',(0.58914808394776,-0.0170721772532372,
-0.141718083324289));
#4376=CARTESIAN_POINT('Ctrl Pts',(0.56342060891686,0.0649358639275367,-0.136812055549354));
#4377=CARTESIAN_POINT('Ctrl Pts',(0.480828077332484,0.0887202203439936,
-0.131906027774418));
#4378=CARTESIAN_POINT('Ctrl Pts',(0.415425738049945,0.0329550347060087,
-0.126999999999483));
#4379=CARTESIAN_POINT('Ctrl Pts',(0.425855534362086,-0.0523587462417274,
-0.122093972224547));
#4380=CARTESIAN_POINT('Ctrl Pts',(0.502765759045743,-0.0907259096254318,
-0.117187944449612));
#4381=CARTESIAN_POINT('Ctrl Pts',(0.577196110912752,-0.0477451626564719,
-0.112281916674676));
#4382=CARTESIAN_POINT('Ctrl Pts',(0.582409826292417,0.0380455073223258,
-0.107375888899741));
#4383=CARTESIAN_POINT('Ctrl Pts',(0.513732112158013,0.0897232923696138,
-0.102469861124805));
#4384=CARTESIAN_POINT('Ctrl Pts',(0.432741723145612,0.0609521475586936,
-0.0975638333498702));
#4385=CARTESIAN_POINT('Ctrl Pts',(0.412057373442702,-0.022470748355846,
-0.0926578055749345));
#4386=CARTESIAN_POINT('Ctrl Pts',(0.470225348569004,-0.085745613472382,
-0.0877517777999991));
#4387=CARTESIAN_POINT('Ctrl Pts',(0.555090280316655,-0.072138069783899,
-0.0828457500250637));
#4388=CARTESIAN_POINT('Ctrl Pts',(0.590559408816516,0.00615090012338806,
-0.0779397222501281));
#4389=CARTESIAN_POINT('Ctrl Pts',(0.544829917262156,0.0789247655416534,
-0.0730336944751928));
#4390=CARTESIAN_POINT('Ctrl Pts',(0.458904410004788,0.0809320244432455,
-0.0681276667002572));
#4391=CARTESIAN_POINT('Ctrl Pts',(0.409826594682968,0.0103729008023341,
-0.0632216389253218));
#4392=CARTESIAN_POINT('Ctrl Pts',(0.441601295659804,-0.0694869155230014,
-0.0583156111503863));
#4393=CARTESIAN_POINT('Ctrl Pts',(0.525738244440269,-0.0870424199498464,
-0.0534095833754508));
#4394=CARTESIAN_POINT('Ctrl Pts',(0.586797415234854,-0.0265527551492582,
-0.0485035556005154));
#4395=CARTESIAN_POINT('Ctrl Pts',(0.570031096293996,0.0577450054056566,
-0.0435975278255799));
#4396=CARTESIAN_POINT('Ctrl Pts',(0.49047253462116,0.0902666466720597,-0.0386915000506445));
#4397=CARTESIAN_POINT('Ctrl Pts',(0.419456619722327,0.0418521682879829,
-0.033785472275709));
#4398=CARTESIAN_POINT('Ctrl Pts',(0.420658615895723,-0.044088375628555,
-0.0288794445007735));
#4399=CARTESIAN_POINT('Ctrl Pts',(0.493000772847753,-0.0904977951097837,
-0.0239734167258381));
#4400=CARTESIAN_POINT('Ctrl Pts',(0.571618672896844,-0.0557638394054087,
-0.0190673889509025));
#4401=CARTESIAN_POINT('Ctrl Pts',(0.586020855523008,0.0289698552285072,
-0.0141613611759671));
#4402=CARTESIAN_POINT('Ctrl Pts',(0.523293837980777,0.0877282008750963,
-0.00925533340103164));
#4403=CARTESIAN_POINT('Ctrl Pts',(0.439680779836207,0.0678264825730537,
-0.0043493056260962));
#4404=CARTESIAN_POINT('Ctrl Pts',(0.410151968532191,-0.0128907466456504,
0.000556722148839271));
#4405=CARTESIAN_POINT('Ctrl Pts',(0.461183932782732,-0.0820496992234642,
0.00546274992377472));
#4406=CARTESIAN_POINT('Ctrl Pts',(0.547019691157479,-0.0776401213942987,
0.0103687776987102));
#4407=CARTESIAN_POINT('Ctrl Pts',(0.590696010265715,-0.0036157980128726,
0.0152748054736456));
#4408=CARTESIAN_POINT('Ctrl Pts',(0.553051224852123,0.0736505827638155,
0.0201808332485811));
#4409=CARTESIAN_POINT('Ctrl Pts',(0.467838927858096,0.0848793461115022,
0.0250868610235166));
#4410=CARTESIAN_POINT('Ctrl Pts',(0.411463321680835,0.0200024656834452,
0.029992888798452));
#4411=CARTESIAN_POINT('Ctrl Pts',(0.43447270851124,-0.062809377924338,0.0348989165733876));
#4412=CARTESIAN_POINT('Ctrl Pts',(0.516236033774462,-0.0893040653270125,
0.039804944348323));
#4413=CARTESIAN_POINT('Ctrl Pts',(0.583441662465505,-0.0357260038500607,
0.0447109721232584));
#4414=CARTESIAN_POINT('Ctrl Pts',(0.575830530881415,0.0498857510261801,
0.0496169998981939));
#4415=CARTESIAN_POINT('Ctrl Pts',(0.500227479502872,0.0907671949213347,
0.0545230276731294));
#4416=CARTESIAN_POINT('Ctrl Pts',(0.424419901711702,0.050265756947148,0.0594290554480648));
#4417=CARTESIAN_POINT('Ctrl Pts',(0.416381066902644,-0.0353095882643153,
0.0643350832230003));
#4418=CARTESIAN_POINT('Ctrl Pts',(0.483315714982132,-0.089217600965652,
0.0692411109979357));
#4419=CARTESIAN_POINT('Ctrl Pts',(0.565214040727197,-0.0631446502681811,
0.0741471387728713));
#4420=CARTESIAN_POINT('Ctrl Pts',(0.588631595709252,0.0195739040019743,
0.0790531665478067));
#4421=CARTESIAN_POINT('Ctrl Pts',(0.532593808799327,0.0846879293955457,
0.0839591943227423));
#4422=CARTESIAN_POINT('Ctrl Pts',(0.447302953225359,0.0739725451145044,
0.0888652220976775));
#4423=CARTESIAN_POINT('Ctrl Pts',(0.409316839278659,-0.00327956988886527,
0.0937712498726132));
#4424=CARTESIAN_POINT('Ctrl Pts',(0.438125903302004,-0.0524959573149959,
0.0970419350559034));
#4425=CARTESIAN_POINT('Ctrl Pts',(0.459739517944947,-0.0657338106492583,
0.0986772776475485));
#4426=CARTESIAN_POINT('Ctrl Pts',(0.534777714144464,-0.0632339970005353,
-0.242677277646514));
#4427=CARTESIAN_POINT('Ctrl Pts',(0.555569377217143,-0.0517989059224954,
-0.241041935054869));
#4428=CARTESIAN_POINT('Ctrl Pts',(0.584663062476918,-0.00703143442080628,
-0.237771249871578));
#4429=CARTESIAN_POINT('Ctrl Pts',(0.552515871833253,0.066874994251986,-0.232865222096643));
#4430=CARTESIAN_POINT('Ctrl Pts',(0.473220737604972,0.0806246293776915,
-0.227959194321707));
#4431=CARTESIAN_POINT('Ctrl Pts',(0.417967890457947,0.0221801253717194,
-0.223053166546772));
#4432=CARTESIAN_POINT('Ctrl Pts',(0.436251661671858,-0.0562015958680155,
-0.218147138771837));
#4433=CARTESIAN_POINT('Ctrl Pts',(0.511702732106023,-0.0841652385295412,
-0.213241110996901));
#4434=CARTESIAN_POINT('Ctrl Pts',(0.576656375539804,-0.0366769194434925,
-0.208335083221966));
#4435=CARTESIAN_POINT('Ctrl Pts',(0.572879596403047,0.0437041465536058,
-0.20342905544703));
#4436=CARTESIAN_POINT('Ctrl Pts',(0.503755333205573,0.0848949685713571,
-0.198523027672095));
#4437=CARTESIAN_POINT('Ctrl Pts',(0.431264525349737,0.0499679877920131,
-0.193616999897159));
#4438=CARTESIAN_POINT('Ctrl Pts',(0.420403942962219,-0.0297629585127298,
-0.188710972122224));
#4439=CARTESIAN_POINT('Ctrl Pts',(0.480912035700195,-0.0828069214693191,
-0.183804944347289));
#4440=CARTESIAN_POINT('Ctrl Pts',(0.558534954627004,-0.0616036717417288,
-0.178898916572353));
#4441=CARTESIAN_POINT('Ctrl Pts',(0.583673504054209,0.014835645869675,-0.173992888797418));
#4442=CARTESIAN_POINT('Ctrl Pts',(0.533787544508355,0.0779727511757707,
-0.169086861022482));
#4443=CARTESIAN_POINT('Ctrl Pts',(0.453606545220704,0.0711968955404017,
-0.164180833247547));
#4444=CARTESIAN_POINT('Ctrl Pts',(0.415023475786562,0.000583482808194811,
-0.159274805472611));
#4445=CARTESIAN_POINT('Ctrl Pts',(0.452633227074925,-0.0705530901744649,
-0.154368777697676));
#4446=CARTESIAN_POINT('Ctrl Pts',(0.532713622700019,-0.0784293883687244,
-0.14946274992274));
#4447=CARTESIAN_POINT('Ctrl Pts',(0.583461881836497,-0.0159832491905982,
-0.144556722147805));
#4448=CARTESIAN_POINT('Ctrl Pts',(0.559375402510271,0.0607940088229694,
-0.139650694372869));
#4449=CARTESIAN_POINT('Ctrl Pts',(0.482050935102629,0.0830613089923227,
-0.134744666597934));
#4450=CARTESIAN_POINT('Ctrl Pts',(0.42082020448784,0.0308530378977335,-0.129838638822998));
#4451=CARTESIAN_POINT('Ctrl Pts',(0.4305847489271,-0.049019107292255,-0.124932611048063));
#4452=CARTESIAN_POINT('Ctrl Pts',(0.502589348468771,-0.0849390678222962,
-0.120026583273127));
#4453=CARTESIAN_POINT('Ctrl Pts',(0.572272250865345,-0.0446997955248699,
-0.115120555498192));
#4454=CARTESIAN_POINT('Ctrl Pts',(0.577153415750522,0.0356188209093342,
-0.110214527723257));
#4455=CARTESIAN_POINT('Ctrl Pts',(0.512856226085232,0.0840004012887412,
-0.105308499948321));
#4456=CARTESIAN_POINT('Ctrl Pts',(0.437031710534162,0.0570643889576525,
-0.100402472173386));
#4457=CARTESIAN_POINT('Ctrl Pts',(0.417666686920412,-0.0210374790012569,
-0.0954964443984502));
#4458=CARTESIAN_POINT('Ctrl Pts',(0.472124488498116,-0.0802764338022517,
-0.0905904166235147));
#4459=CARTESIAN_POINT('Ctrl Pts',(0.55157641378835,-0.0675368307382232,
-0.0856843888485793));
#4460=CARTESIAN_POINT('Ctrl Pts',(0.584783187064975,0.00575857243984223,
-0.0807783610736437));
#4461=CARTESIAN_POINT('Ctrl Pts',(0.541970495512462,0.0738906453611587,
-0.0758723332987084));
#4462=CARTESIAN_POINT('Ctrl Pts',(0.461525642231509,0.0757698736949737,
-0.0709663055237728));
#4463=CARTESIAN_POINT('Ctrl Pts',(0.415578195670757,0.00971127794034724,
-0.0660602777488375));
#4464=CARTESIAN_POINT('Ctrl Pts',(0.445326185990692,-0.0650547771274801,
-0.0611542499739018));
#4465=CARTESIAN_POINT('Ctrl Pts',(0.524096561821916,-0.0814905250557482,
-0.0562482221989666));
#4466=CARTESIAN_POINT('Ctrl Pts',(0.581261147668522,-0.0248591199559541,
-0.0513421944240309));
#4467=CARTESIAN_POINT('Ctrl Pts',(0.565564247989838,0.0540618104662687,
-0.0464361666490956));
#4468=CARTESIAN_POINT('Ctrl Pts',(0.491080232412892,0.0845090983978419,
-0.0415301388741601));
#4469=CARTESIAN_POINT('Ctrl Pts',(0.424593981275173,0.0391826786350196,
-0.0366241110992247));
#4470=CARTESIAN_POINT('Ctrl Pts',(0.425719309584537,-0.0412762522100849,
-0.0317180833242892));
#4471=CARTESIAN_POINT('Ctrl Pts',(0.493447210039085,-0.0847255033135922,
-0.0268120555493537));
#4472=CARTESIAN_POINT('Ctrl Pts',(0.56705056294991,-0.0522070107298204,
-0.0219060277744182));
#4473=CARTESIAN_POINT('Ctrl Pts',(0.580534119873432,0.0271220482463645,
-0.0169999999994828));
#4474=CARTESIAN_POINT('Ctrl Pts',(0.521808068855516,0.0821325642787389,
-0.0120939722245473));
#4475=CARTESIAN_POINT('Ctrl Pts',(0.443528167933141,0.0635002528737993,
-0.00718794444961186));
#4476=CARTESIAN_POINT('Ctrl Pts',(0.415882815944732,-0.0120685260487926,
-0.00228191667467638));
#4477=CARTESIAN_POINT('Ctrl Pts',(0.463659768421456,-0.0768162589486703,
0.00262411110025905));
#4478=CARTESIAN_POINT('Ctrl Pts',(0.544020597343109,-0.072687940678338,
0.00753013887519454));
#4479=CARTESIAN_POINT('Ctrl Pts',(0.584911075556875,-0.00338516873421369,
0.0124361666501299));
#4480=CARTESIAN_POINT('Ctrl Pts',(0.54966741699669,0.0689528699172586,0.0173421944250654));
#4481=CARTESIAN_POINT('Ctrl Pts',(0.46989028272985,0.0794654202514172,0.0222482222000009));
#4482=CARTESIAN_POINT('Ctrl Pts',(0.41711052602768,0.0187266327371498,0.0271542499749364));
#4483=CARTESIAN_POINT('Ctrl Pts',(0.438652287103496,-0.058803158143218,
0.0320602777498718));
#4484=CARTESIAN_POINT('Ctrl Pts',(0.515200438106686,-0.0836079141331815,
0.0369663055248074));
#4485=CARTESIAN_POINT('Ctrl Pts',(0.578119437508246,-0.0334472641450298,
0.0418723332997427));
#4486=CARTESIAN_POINT('Ctrl Pts',(0.570993772695465,0.0467038490688346,
0.0467783610746783));
#4487=CARTESIAN_POINT('Ctrl Pts',(0.500212969999447,0.0849777197858117,
0.0516843888496136));
#4488=CARTESIAN_POINT('Ctrl Pts',(0.429240686359279,0.0470596167743029,
0.0565904166245492));
#4489=CARTESIAN_POINT('Ctrl Pts',(0.421714598851557,-0.0330574091209697,
0.0614964443994847));
#4490=CARTESIAN_POINT('Ctrl Pts',(0.4843799018103,-0.083526964795951,0.06640247217442));
#4491=CARTESIAN_POINT('Ctrl Pts',(0.561054442453786,-0.0591170455483727,
0.0713084999493556));
#4492=CARTESIAN_POINT('Ctrl Pts',(0.582978337172122,0.0183254063413078,
0.0762145277242909));
#4493=CARTESIAN_POINT('Ctrl Pts',(0.53051485234618,0.0792862128178839,0.0811205554992266));
#4494=CARTESIAN_POINT('Ctrl Pts',(0.450664170262876,0.0692542962909846,
0.0860265832741618));
#4495=CARTESIAN_POINT('Ctrl Pts',(0.415100954394939,-0.00307038651217006,
0.0909326110490975));
#4496=CARTESIAN_POINT('Ctrl Pts',(0.442072467307606,-0.0491475665240934,
0.0942032962323877));
#4497=CARTESIAN_POINT('Ctrl Pts',(0.462307483827378,-0.0615410594835218,
0.0958386388240329));
#4498=CARTESIAN_POINT('Ctrl Pts',(0.532408331772035,-0.0589259071356028,
-0.24551591647003));
#4499=CARTESIAN_POINT('Ctrl Pts',(0.551783472764705,-0.0482698811541037,
-0.243880573878385));
#4500=CARTESIAN_POINT('Ctrl Pts',(0.578895024733109,-0.00655238750299152,
-0.240609888695094));
#4501=CARTESIAN_POINT('Ctrl Pts',(0.548938000657547,0.0623188456828553,
-0.235703860920159));
#4502=CARTESIAN_POINT('Ctrl Pts',(0.475045190816642,0.0751317273762091,
-0.230797833145223));
#4503=CARTESIAN_POINT('Ctrl Pts',(0.423556683140374,0.0206690082851935,
-0.225891805370288));
#4504=CARTESIAN_POINT('Ctrl Pts',(0.440594793266963,-0.0523726187823193,
-0.220985777595353));
#4505=CARTESIAN_POINT('Ctrl Pts',(0.510905432805496,-0.0784311171978519,
-0.216079749820417));
#4506=CARTESIAN_POINT('Ctrl Pts',(0.571433828014576,-0.0341781454860259,
-0.211173722045482));
#4507=CARTESIAN_POINT('Ctrl Pts',(0.567914358310922,0.040726612319584,-0.206267694270546));
#4508=CARTESIAN_POINT('Ctrl Pts',(0.503499484869397,0.0791111312206528,
-0.201361666495611));
#4509=CARTESIAN_POINT('Ctrl Pts',(0.435947427202352,0.0465637022496009,
-0.196455638720675));
#4510=CARTESIAN_POINT('Ctrl Pts',(0.425826769019065,-0.0277352280828786,
-0.19154961094574));
#4511=CARTESIAN_POINT('Ctrl Pts',(0.482212485923854,-0.0771653413692154,
-0.186643583170804));
#4512=CARTESIAN_POINT('Ctrl Pts',(0.554547007371815,-0.057406654844775,
-0.181737555395869));
#4513=CARTESIAN_POINT('Ctrl Pts',(0.577972884262987,0.0138249032526879,
-0.176831527620933));
#4514=CARTESIAN_POINT('Ctrl Pts',(0.531485621730071,0.0726605198601004,
-0.171925499845998));
#4515=CARTESIAN_POINT('Ctrl Pts',(0.456767300222989,0.0663462987310672,
-0.167019472071062));
#4516=CARTESIAN_POINT('Ctrl Pts',(0.420812869468539,0.000543730515257723,
-0.162113444296127));
#4517=CARTESIAN_POINT('Ctrl Pts',(0.455860293590607,-0.0657463553935255,
-0.157207416521191));
#4518=CARTESIAN_POINT('Ctrl Pts',(0.530484865495283,-0.0730860466669291,
-0.152301388746256));
#4519=CARTESIAN_POINT('Ctrl Pts',(0.577775679725235,-0.0148943211279593,
-0.14739536097132));
#4520=CARTESIAN_POINT('Ctrl Pts',(0.555330196103682,0.0566521537184022,
-0.142489333196385));
#4521=CARTESIAN_POINT('Ctrl Pts',(0.483273792872773,0.0774023976406518,
-0.137583305421449));
#4522=CARTESIAN_POINT('Ctrl Pts',(0.426214670925736,0.0287510410894583,
-0.132677277646514));
#4523=CARTESIAN_POINT('Ctrl Pts',(0.435313963492112,-0.0456794683427827,
-0.127771249871578));
#4524=CARTESIAN_POINT('Ctrl Pts',(0.5024129378918,-0.0791522260191605,-0.122865222096643));
#4525=CARTESIAN_POINT('Ctrl Pts',(0.567348390817935,-0.0416544283932679,
-0.117959194321707));
#4526=CARTESIAN_POINT('Ctrl Pts',(0.571897005208629,0.0331921344963426,
-0.113053166546773));
#4527=CARTESIAN_POINT('Ctrl Pts',(0.51198034001245,0.0782775102078684,-0.108147138771836));
#4528=CARTESIAN_POINT('Ctrl Pts',(0.441321697922713,0.0531766303566116,
-0.103241110996902));
#4529=CARTESIAN_POINT('Ctrl Pts',(0.423276000398119,-0.0196042096466677,
-0.0983350832219658));
#4530=CARTESIAN_POINT('Ctrl Pts',(0.474023628427228,-0.0748072541321215,
-0.0934290554470304));
#4531=CARTESIAN_POINT('Ctrl Pts',(0.548062547260044,-0.0629355916925475,
-0.088523027672095));
#4532=CARTESIAN_POINT('Ctrl Pts',(0.579006965313436,0.00536624475629639,
-0.0836169998971593));
#4533=CARTESIAN_POINT('Ctrl Pts',(0.539111073762767,0.0688565251806641,
-0.0787109721222241));
#4534=CARTESIAN_POINT('Ctrl Pts',(0.464146874458231,0.0706077229467018,
-0.0738049443472885));
#4535=CARTESIAN_POINT('Ctrl Pts',(0.421329796658546,0.00904965507836059,
-0.068898916572353));
#4536=CARTESIAN_POINT('Ctrl Pts',(0.449051076321581,-0.060622638731959,
-0.0639928887974176));
#4537=CARTESIAN_POINT('Ctrl Pts',(0.522454879203564,-0.0759386301616499,
-0.0590868610224822));
#4538=CARTESIAN_POINT('Ctrl Pts',(0.575724880102191,-0.0231654847626501,
-0.0541808332475467));
#4539=CARTESIAN_POINT('Ctrl Pts',(0.561097399685681,0.0503786155268809,
-0.0492748054726112));
#4540=CARTESIAN_POINT('Ctrl Pts',(0.491687930204623,0.078751550123624,-0.0443687776976758));
#4541=CARTESIAN_POINT('Ctrl Pts',(0.42973134282802,0.0365131889820564,-0.0394627499227403));
#4542=CARTESIAN_POINT('Ctrl Pts',(0.430780003273349,-0.038464128791615,
-0.0345567221478048));
#4543=CARTESIAN_POINT('Ctrl Pts',(0.493893647230418,-0.0789532115174004,
-0.0296506943728694));
#4544=CARTESIAN_POINT('Ctrl Pts',(0.562482453002976,-0.0486501820542323,
-0.0247446665979339));
#4545=CARTESIAN_POINT('Ctrl Pts',(0.575047384223857,0.025274241264222,-0.0198386388229984));
#4546=CARTESIAN_POINT('Ctrl Pts',(0.520322299730255,0.0765369276823813,
-0.014932611048063));
#4547=CARTESIAN_POINT('Ctrl Pts',(0.447375556030076,0.0591740231745452,
-0.0100265832731275));
#4548=CARTESIAN_POINT('Ctrl Pts',(0.421613663357273,-0.011246305451935,
-0.00512055549819204));
#4549=CARTESIAN_POINT('Ctrl Pts',(0.466135604060179,-0.0715828186738763,
-0.000214527723256607));
#4550=CARTESIAN_POINT('Ctrl Pts',(0.54102150352874,-0.0677357599623774,
0.00469150005167888));
#4551=CARTESIAN_POINT('Ctrl Pts',(0.579126140848035,-0.00315453945555475,
0.00959752782661429));
#4552=CARTESIAN_POINT('Ctrl Pts',(0.546283609141258,0.0642551570707016,
0.0145035556015498));
#4553=CARTESIAN_POINT('Ctrl Pts',(0.471941637601603,0.0740514943913322,
0.0194095833764852));
#4554=CARTESIAN_POINT('Ctrl Pts',(0.422757730374524,0.0174507997908543,
0.0243156111514207));
#4555=CARTESIAN_POINT('Ctrl Pts',(0.442831865695752,-0.0547969383620981,
0.0292216389263562));
#4556=CARTESIAN_POINT('Ctrl Pts',(0.514164842438909,-0.0779117629393504,
0.0341276667012917));
#4557=CARTESIAN_POINT('Ctrl Pts',(0.572797212550986,-0.0311685244399989,
0.0390336944762271));
#4558=CARTESIAN_POINT('Ctrl Pts',(0.566157014509515,0.043521947111489,0.0439397222511626));
#4559=CARTESIAN_POINT('Ctrl Pts',(0.50019846049602,0.0791882446502887,0.048845750026098));
#4560=CARTESIAN_POINT('Ctrl Pts',(0.434061471006857,0.0438534766014578,
0.0537517778010334));
#4561=CARTESIAN_POINT('Ctrl Pts',(0.427048130800469,-0.0308052299776243,
0.058657805575969));
#4562=CARTESIAN_POINT('Ctrl Pts',(0.485444088638467,-0.0778363286262498,
0.0635638333509044));
#4563=CARTESIAN_POINT('Ctrl Pts',(0.556894844180376,-0.0550894408285646,
0.0684698611258399));
#4564=CARTESIAN_POINT('Ctrl Pts',(0.577325078634991,0.0170769086806414,
0.0733758889007754));
#4565=CARTESIAN_POINT('Ctrl Pts',(0.528435895893034,0.073884496240222,0.0782819166757109));
#4566=CARTESIAN_POINT('Ctrl Pts',(0.454025387300395,0.0645360474674649,
0.0831879444506463));
#4567=CARTESIAN_POINT('Ctrl Pts',(0.420885069511219,-0.00286120313547491,
0.0880939722255818));
#4568=CARTESIAN_POINT('Ctrl Pts',(0.446019031313207,-0.045799175733191,
0.091364657408872));
#4569=CARTESIAN_POINT('Ctrl Pts',(0.464875449709808,-0.0573483083177853,
0.0930000000005172));
#4570=CARTESIAN_POINT('Ctrl Pts',(0.464875449709808,-0.0573483083177853,
0.0930000000005172));
#4571=CARTESIAN_POINT('Ctrl Pts',(0.460626372591303,-0.0554398670299266,
0.0930000000005172));
#4572=CARTESIAN_POINT('Ctrl Pts',(0.456617047659572,-0.0530678344987604,
0.0930000000005171));
#4573=CARTESIAN_POINT('Ctrl Pts',(0.452878247134906,-0.050308614416764,
0.0930000000005171));
#4574=CARTESIAN_POINT('Ctrl Pts',(0.449984296186052,-0.0481728899988094,
0.0930000000005171));
#4575=CARTESIAN_POINT('Ctrl Pts',(0.447249337602724,-0.0458004289163274,
0.093000000000517));
#4576=CARTESIAN_POINT('Ctrl Pts',(0.444710748957708,-0.0432418996931753,
0.0930000000005171));
#4577=CARTESIAN_POINT('Ctrl Pts',(0.441644695816973,-0.0401517627481027,
0.0930000000005171));
#4578=CARTESIAN_POINT('Ctrl Pts',(0.438858392446773,-0.0367870105281896,
0.0930000000005172));
#4579=CARTESIAN_POINT('Ctrl Pts',(0.436379626615879,-0.0331973118117883,
0.0930000000005172));
#4580=CARTESIAN_POINT('Ctrl Pts',(0.435091901098364,-0.0313324536716271,
0.0930000000005171));
#4581=CARTESIAN_POINT('Ctrl Pts',(0.433889121141699,-0.0294088690100118,
0.0930000000005172));
#4582=CARTESIAN_POINT('Ctrl Pts',(0.432779129627469,-0.0274409181043346,
0.0930000000005172));
#4583=CARTESIAN_POINT('Ctrl Pts',(0.430456741955228,-0.0233234587685409,
0.0930000000005172));
#4584=CARTESIAN_POINT('Ctrl Pts',(0.428533633491544,-0.0190039242054355,
0.0930000000005172));
#4585=CARTESIAN_POINT('Ctrl Pts',(0.42704493176554,-0.0145411370510481,
0.0930000000005172));
#4586=CARTESIAN_POINT('Ctrl Pts',(0.426248816000232,-0.0121545641407335,
0.0930000000005173));
#4587=CARTESIAN_POINT('Ctrl Pts',(0.425577114690339,-0.00972679469029767,
0.0930000000005173));
#4588=CARTESIAN_POINT('Ctrl Pts',(0.425036856554997,-0.00726565694786071,
0.0930000000005173));
#4589=CARTESIAN_POINT('Ctrl Pts',(0.424702098046138,-0.00574066963742559,
0.0930000000005173));
#4590=CARTESIAN_POINT('Ctrl Pts',(0.424418067528734,-0.00420329195104581,
0.0930000000005173));
#4591=CARTESIAN_POINT('Ctrl Pts',(0.424187121410242,-0.00266137951744984,
0.0930000000005173));
#4592=CARTESIAN_POINT('Ctrl Pts',(0.423472431888577,0.00211024715812106,
0.0930000000005173));
#4593=CARTESIAN_POINT('Ctrl Pts',(0.423261211188607,0.00693921516839267,
0.0930000000005172));
#4594=CARTESIAN_POINT('Ctrl Pts',(0.423509669637484,0.0117623142816212,
0.0930000000005173));
#4595=CARTESIAN_POINT('Ctrl Pts',(0.423712157971093,0.0156930371315879,
0.0930000000005173));
#4596=CARTESIAN_POINT('Ctrl Pts',(0.424220340156543,0.019620209942878,0.0930000000005172));
#4597=CARTESIAN_POINT('Ctrl Pts',(0.425019279629624,0.0235118834425038,
0.0930000000005171));
#4598=CARTESIAN_POINT('Ctrl Pts',(0.425478012406882,0.0257463933807602,
0.0930000000005171));
#4599=CARTESIAN_POINT('Ctrl Pts',(0.426030871878393,0.0279599833871759,
0.0930000000005171));
#4600=CARTESIAN_POINT('Ctrl Pts',(0.426673453195113,0.0301460194717361,
0.0930000000005171));
#4601=CARTESIAN_POINT('Ctrl Pts',(0.428561754628635,0.0365699458524111,
0.0930000000005172));
#4602=CARTESIAN_POINT('Ctrl Pts',(0.431221298233948,0.0427577749961453,
0.0930000000005172));
#4603=CARTESIAN_POINT('Ctrl Pts',(0.434579933271585,0.048559409285529,0.0930000000005173));
#4604=CARTESIAN_POINT('Ctrl Pts',(0.435310980656287,0.0498222048934842,
0.0930000000005173));
#4605=CARTESIAN_POINT('Ctrl Pts',(0.43607534322623,0.051066676643178,0.0930000000005172));
#4606=CARTESIAN_POINT('Ctrl Pts',(0.436872591691329,0.0522911877700034,
0.0930000000005172));
#4607=CARTESIAN_POINT('Ctrl Pts',(0.567149050257437,-1.67350658108428E-5,
-0.208954293993485));
#4608=CARTESIAN_POINT('Ctrl Pts',(0.567122137150072,0.0121351081378737,
-0.208058760752506));
#4609=CARTESIAN_POINT('Ctrl Pts',(0.563965401369087,0.0243001444448523,
-0.207163227511526));
#4610=CARTESIAN_POINT('Ctrl Pts',(0.55776512435461,0.0346399058354938,-0.206267694270546));
#4611=CARTESIAN_POINT('Ctrl Pts',(0.546442733830414,0.0535214519532736,
-0.204632351678901));
#4612=CARTESIAN_POINT('Ctrl Pts',(0.524971109349906,0.0663162915869632,
-0.202997009087256));
#4613=CARTESIAN_POINT('Ctrl Pts',(0.50297662083181,0.0672891399086327,-0.201361666495611));
#4614=CARTESIAN_POINT('Ctrl Pts',(0.480982132313716,0.0682619882303022,
-0.199726323903965));
#4615=CARTESIAN_POINT('Ctrl Pts',(0.458464779758034,0.0574128452399516,
-0.19809098131232));
#4616=CARTESIAN_POINT('Ctrl Pts',(0.445519327116312,0.0396051186893631,
-0.196455638720675));
#4617=CARTESIAN_POINT('Ctrl Pts',(0.43257387447459,0.0217973921387745,-0.19482029612903));
#4618=CARTESIAN_POINT('Ctrl Pts',(0.429200321746828,-0.00296891797205193,
-0.193184953537385));
#4619=CARTESIAN_POINT('Ctrl Pts',(0.436911164867078,-0.0235904252418546,
-0.19154961094574));
#4620=CARTESIAN_POINT('Ctrl Pts',(0.444622007987328,-0.0442119325116574,
-0.189914268354095));
#4621=CARTESIAN_POINT('Ctrl Pts',(0.463417246955591,-0.0606886369404364,
-0.188278925762449));
#4622=CARTESIAN_POINT('Ctrl Pts',(0.484870620014383,-0.0656338747340859,
-0.186643583170804));
#4623=CARTESIAN_POINT('Ctrl Pts',(0.506323993073174,-0.0705791125277353,
-0.185008240579159));
#4624=CARTESIAN_POINT('Ctrl Pts',(0.530435500222495,-0.0639928836862551,
-0.183372897987514));
#4625=CARTESIAN_POINT('Ctrl Pts',(0.54639556661235,-0.0488278429159378,
-0.181737555395869));
#4626=CARTESIAN_POINT('Ctrl Pts',(0.559516389139803,-0.0363606135380334,
-0.180393134928408));
#4627=CARTESIAN_POINT('Ctrl Pts',(0.567128029766613,-0.0180953618470204,
-0.179048714460946));
#4628=CARTESIAN_POINT('Ctrl Pts',(0.567285396731231,5.34303809932157E-5,
-0.177704293993485));
#4629=CARTESIAN_POINT('Ctrl Pts',(0.539516478889322,-0.0718501767304005,
-0.236999999999483));
#4630=CARTESIAN_POINT('Ctrl Pts',(0.544819509261231,-0.0681634695161073,
-0.236999999999483));
#4631=CARTESIAN_POINT('Ctrl Pts',(0.549614798174871,-0.0638282403403706,
-0.236999999999483));
#4632=CARTESIAN_POINT('Ctrl Pts',(0.553842269893896,-0.0589773925831492,
-0.236999999999483));
#4633=CARTESIAN_POINT('Ctrl Pts',(0.556298255210731,-0.0561592517042118,
-0.236999999999483));
#4634=CARTESIAN_POINT('Ctrl Pts',(0.558561939268667,-0.0531664385353545,
-0.236999999999483));
#4635=CARTESIAN_POINT('Ctrl Pts',(0.560615063450211,-0.0500223487457885,
-0.236999999999483));
#4636=CARTESIAN_POINT('Ctrl Pts',(0.561979392966246,-0.0479330574406014,
-0.236999999999483));
#4637=CARTESIAN_POINT('Ctrl Pts',(0.563246022571023,-0.0457837597623365,
-0.236999999999483));
#4638=CARTESIAN_POINT('Ctrl Pts',(0.564408531922485,-0.0435865309972831,
-0.236999999999483));
#4639=CARTESIAN_POINT('Ctrl Pts',(0.567373785644897,-0.0379819818671051,
-0.236999999999483));
#4640=CARTESIAN_POINT('Ctrl Pts',(0.56967119880515,-0.0320564420616953,
-0.236999999999483));
#4641=CARTESIAN_POINT('Ctrl Pts',(0.571208710105799,-0.0259315080976188,
-0.236999999999483));
#4642=CARTESIAN_POINT('Ctrl Pts',(0.571919841647023,-0.0230985964123947,
-0.236999999999483));
#4643=CARTESIAN_POINT('Ctrl Pts',(0.572467503437582,-0.0202198347157119,
-0.236999999999483));
#4644=CARTESIAN_POINT('Ctrl Pts',(0.572837365458861,-0.0173322436046824,
-0.236999999999483));
#4645=CARTESIAN_POINT('Ctrl Pts',(0.57331876634364,-0.0135738449701793,
-0.236999999999483));
#4646=CARTESIAN_POINT('Ctrl Pts',(0.573502018132389,-0.00979221070229694,
-0.236999999999483));
#4647=CARTESIAN_POINT('Ctrl Pts',(0.573365123120441,-0.0060148793656414,
-0.236999999999483));
#4648=CARTESIAN_POINT('Ctrl Pts',(0.573240705831362,-0.00258184467599153,
-0.236999999999483));
#4649=CARTESIAN_POINT('Ctrl Pts',(0.572851623186666,0.000847742885704558,
-0.236999999999483));
#4650=CARTESIAN_POINT('Ctrl Pts',(0.572208718464566,0.00424726218543612,
-0.236999999999483));
#4651=CARTESIAN_POINT('Ctrl Pts',(0.571754892626743,0.00664697965734165,
-0.236999999999483));
#4652=CARTESIAN_POINT('Ctrl Pts',(0.571174433443235,0.00902992313414617,
-0.236999999999483));
#4653=CARTESIAN_POINT('Ctrl Pts',(0.570474969365821,0.0113752115171867,
-0.236999999999483));
#4654=CARTESIAN_POINT('Ctrl Pts',(0.569246515136736,0.0154941927852738,
-0.236999999999483));
#4655=CARTESIAN_POINT('Ctrl Pts',(0.567649777425189,0.0195077046144725,
-0.236999999999483));
#4656=CARTESIAN_POINT('Ctrl Pts',(0.56570681968935,0.0233612690766308,-0.236999999999483));
#4657=CARTESIAN_POINT('Ctrl Pts',(0.564642660230248,0.0254718693218271,
-0.236999999999483));
#4658=CARTESIAN_POINT('Ctrl Pts',(0.563475197483295,0.0275322883502203,
-0.236999999999483));
#4659=CARTESIAN_POINT('Ctrl Pts',(0.562212832470666,0.0295257732843447,
-0.236999999999483));
#4660=CARTESIAN_POINT('Ctrl Pts',(0.559740867030501,0.0334294190709012,
-0.236999999999483));
#4661=CARTESIAN_POINT('Ctrl Pts',(0.556901184557968,0.0370865814707515,
-0.236999999999483));
#4662=CARTESIAN_POINT('Ctrl Pts',(0.55371823925025,0.0404208469648086,-0.236999999999483));
#4663=CARTESIAN_POINT('Origin',(0.5,0.,-0.0719999999994828));
#4664=CARTESIAN_POINT('Origin',(0.5,0.,0.0930000000005173));
#4665=CARTESIAN_POINT('Origin',(0.250091314612384,-0.25,0.369000000000517));
#4666=CARTESIAN_POINT('',(0.102591314612384,0.25,0.369000000000517));
#4667=CARTESIAN_POINT('Origin',(0.250091314612384,0.25,0.369000000000517));
#4668=CARTESIAN_POINT('',(0.102591314612384,-0.25,0.369000000000517));
#4669=CARTESIAN_POINT('',(0.102591314612384,-0.25,0.369000000000517));
#4670=CARTESIAN_POINT('Origin',(0.250091314612384,-0.25,0.369000000000517));
#4671=CARTESIAN_POINT('Origin',(0.654509518766969,-0.25,-0.204418204154721));
#4672=CARTESIAN_POINT('',(0.654509518766969,-0.25,-0.236999999999483));
#4673=CARTESIAN_POINT('',(0.68709131461173,-0.25,-0.204418204154721));
#4674=CARTESIAN_POINT('Origin',(0.654509518766969,-0.25,-0.204418204154721));
#4675=CARTESIAN_POINT('',(0.654509518766969,0.25,-0.236999999999483));
#4676=CARTESIAN_POINT('',(0.654509518766969,-0.25,-0.236999999999483));
#4677=CARTESIAN_POINT('',(0.68709131461173,0.25,-0.204418204154721));
#4678=CARTESIAN_POINT('Origin',(0.654509518766969,0.25,-0.204418204154721));
#4679=CARTESIAN_POINT('',(0.68709131461173,-0.25,-0.204418204154721));
#4680=CARTESIAN_POINT('Origin',(0.68709131461173,-0.25,0.555418204155756));
#4681=CARTESIAN_POINT('',(0.68709131461173,-0.25,0.555418204155756));
#4682=CARTESIAN_POINT('',(0.68709131461173,-0.25,-0.204418204154721));
#4683=CARTESIAN_POINT('',(0.68709131461173,0.25,0.555418204155756));
#4684=CARTESIAN_POINT('',(0.68709131461173,0.25,-0.204418204154721));
#4685=CARTESIAN_POINT('',(0.68709131461173,-0.25,0.555418204155756));
#4686=CARTESIAN_POINT('Origin',(0.654509518766969,-0.25,0.555418204155755));
#4687=CARTESIAN_POINT('',(0.654509518766969,-0.25,0.588000000000517));
#4688=CARTESIAN_POINT('Origin',(0.654509518766969,-0.25,0.555418204155755));
#4689=CARTESIAN_POINT('',(0.654509518766969,0.25,0.588000000000517));
#4690=CARTESIAN_POINT('Origin',(0.654509518766969,0.25,0.555418204155755));
#4691=CARTESIAN_POINT('',(0.654509518766969,-0.25,0.588000000000517));
#4692=CARTESIAN_POINT('Origin',(-0.0601586853869635,-0.25,0.588000000000517));
#4693=CARTESIAN_POINT('',(-0.0601586853869635,-0.25,0.588000000000517));
#4694=CARTESIAN_POINT('',(0.654509518766969,-0.25,0.588000000000517));
#4695=CARTESIAN_POINT('',(-0.0601586853869635,0.25,0.588000000000517));
#4696=CARTESIAN_POINT('',(0.654509518766969,0.25,0.588000000000517));
#4697=CARTESIAN_POINT('',(-0.0601586853869635,-0.25,0.588000000000517));
#4698=CARTESIAN_POINT('Origin',(-0.0601586853869634,-0.25,0.555000000000517));
#4699=CARTESIAN_POINT('',(-0.0931586853869635,-0.25,0.555000000000517));
#4700=CARTESIAN_POINT('Origin',(-0.0601586853869634,-0.25,0.555000000000517));
#4701=CARTESIAN_POINT('',(-0.0931586853869635,0.25,0.555000000000517));
#4702=CARTESIAN_POINT('Origin',(-0.0601586853869634,0.25,0.555000000000517));
#4703=CARTESIAN_POINT('',(-0.0931586853869635,-0.25,0.555000000000517));
#4704=CARTESIAN_POINT('Origin',(-0.0931586853869635,-0.25,0.282999172638627));
#4705=CARTESIAN_POINT('',(-0.0931586853869635,-0.25,0.282999172638627));
#4706=CARTESIAN_POINT('',(-0.0931586853869635,-0.25,0.282999172638627));
#4707=CARTESIAN_POINT('',(-0.0931586853869635,0.25,0.282999172638627));
#4708=CARTESIAN_POINT('',(-0.0931586853869635,0.25,0.282999172638627));
#4709=CARTESIAN_POINT('',(-0.0931586853869635,-0.25,0.282999172638627));
#4710=CARTESIAN_POINT('Origin',(-0.126158685386963,-0.25,0.282999172638627));
#4711=CARTESIAN_POINT('',(-0.126158685386963,-0.25,0.249999172638627));
#4712=CARTESIAN_POINT('Origin',(-0.126158685386963,-0.25,0.282999172638627));
#4713=CARTESIAN_POINT('',(-0.126158685386963,0.25,0.249999172638627));
#4714=CARTESIAN_POINT('Origin',(-0.126158685386963,0.25,0.282999172638627));
#4715=CARTESIAN_POINT('',(-0.126158685386963,-0.25,0.249999172638627));
#4716=CARTESIAN_POINT('Origin',(-0.153908685386963,-0.25,0.249999172638627));
#4717=CARTESIAN_POINT('',(-0.153908685386963,-0.25,0.249999172638627));
#4718=CARTESIAN_POINT('',(-0.153908685386963,-0.25,0.249999172638627));
#4719=CARTESIAN_POINT('',(-0.153908685386963,0.25,0.249999172638627));
#4720=CARTESIAN_POINT('',(-0.153908685386963,0.25,0.249999172638627));
#4721=CARTESIAN_POINT('',(-0.153908685386963,-0.25,0.249999172638627));
#4722=CARTESIAN_POINT('Origin',(-0.153908685386963,-0.25,0.216999172638627));
#4723=CARTESIAN_POINT('',(-0.186908685386963,-0.25,0.216999172638627));
#4724=CARTESIAN_POINT('Origin',(-0.153908685386963,-0.25,0.216999172638627));
#4725=CARTESIAN_POINT('',(-0.186908685386963,0.25,0.216999172638627));
#4726=CARTESIAN_POINT('Origin',(-0.153908685386963,0.25,0.216999172638627));
#4727=CARTESIAN_POINT('',(-0.186908685386963,-0.25,0.216999172638627));
#4728=CARTESIAN_POINT('Origin',(-0.186908685386963,-0.25,-0.204418204154721));
#4729=CARTESIAN_POINT('',(-0.186908685386963,-0.25,-0.204418204154721));
#4730=CARTESIAN_POINT('',(-0.186908685386963,-0.25,0.216999172638627));
#4731=CARTESIAN_POINT('',(-0.186908685386963,0.25,-0.204418204154721));
#4732=CARTESIAN_POINT('',(-0.186908685386963,0.25,0.216999172638627));
#4733=CARTESIAN_POINT('',(-0.186908685386963,-0.25,-0.204418204154721));
#4734=CARTESIAN_POINT('Origin',(-0.154326889542202,-0.25,-0.204418204154721));
#4735=CARTESIAN_POINT('',(-0.154326889542202,-0.25,-0.236999999999483));
#4736=CARTESIAN_POINT('Origin',(-0.154326889542202,-0.25,-0.204418204154721));
#4737=CARTESIAN_POINT('',(-0.154326889542202,0.25,-0.236999999999483));
#4738=CARTESIAN_POINT('Origin',(-0.154326889542202,0.25,-0.204418204154721));
#4739=CARTESIAN_POINT('',(-0.154326889542202,-0.25,-0.236999999999483));
#4740=CARTESIAN_POINT('Origin',(0.654509518766969,-0.25,-0.236999999999483));
#4741=CARTESIAN_POINT('',(-0.154326889542202,-0.25,-0.236999999999483));
#4742=CARTESIAN_POINT('',(-0.154326889542202,0.25,-0.236999999999483));
#4743=CARTESIAN_POINT('Origin',(0.250091314612384,-0.25,0.143999999999191));
#4744=CARTESIAN_POINT('Origin',(0.250091314612384,0.25,0.143999999999191));
#4745=UNCERTAINTY_MEASURE_WITH_UNIT(LENGTH_MEASURE(0.000393700787401575),
#4750,'DISTANCE_ACCURACY_VALUE',
'Maximum model space distance between geometric entities at asserted c
onnectivities');
#4746=UNCERTAINTY_MEASURE_WITH_UNIT(LENGTH_MEASURE(0.000393700787401575),
#4750,'DISTANCE_ACCURACY_VALUE',
'Maximum model space distance between geometric entities at asserted c
onnectivities');
#4747=(
GEOMETRIC_REPRESENTATION_CONTEXT(3)
GLOBAL_UNCERTAINTY_ASSIGNED_CONTEXT((#4745))
GLOBAL_UNIT_ASSIGNED_CONTEXT((#4750,#4754,#4755))
REPRESENTATION_CONTEXT('','3D')
);
#4748=(
GEOMETRIC_REPRESENTATION_CONTEXT(3)
GLOBAL_UNCERTAINTY_ASSIGNED_CONTEXT((#4746))
GLOBAL_UNIT_ASSIGNED_CONTEXT((#4750,#4754,#4755))
REPRESENTATION_CONTEXT('','3D')
);
#4749=DIMENSIONAL_EXPONENTS(1.,0.,0.,0.,0.,0.,0.);
#4750=(
CONVERSION_BASED_UNIT('inch',#4753)
LENGTH_UNIT()
NAMED_UNIT(#4749)
);
#4751=(
LENGTH_UNIT()
NAMED_UNIT(*)
SI_UNIT(.MILLI.,.METRE.)
);
#4752=(
LENGTH_UNIT()
NAMED_UNIT(*)
SI_UNIT($,.METRE.)
);
#4753=LENGTH_MEASURE_WITH_UNIT(LENGTH_MEASURE(25.4),#4751);
#4754=(
NAMED_UNIT(*)
PLANE_ANGLE_UNIT()
SI_UNIT($,.RADIAN.)
);
#4755=(
NAMED_UNIT(*)
SI_UNIT($,.STERADIAN.)
SOLID_ANGLE_UNIT()
);
#4756=SHAPE_DEFINITION_REPRESENTATION(#4757,#4758);
#4757=PRODUCT_DEFINITION_SHAPE('',$,#4760);
#4758=SHAPE_REPRESENTATION('',(#1253),#4747);
#4759=PRODUCT_DEFINITION_CONTEXT('part definition',#4764,'design');
#4760=PRODUCT_DEFINITION('StandoffHolder','StandoffHolder v13',#4761,#4759);
#4761=PRODUCT_DEFINITION_FORMATION('',$,#4766);
#4762=PRODUCT_RELATED_PRODUCT_CATEGORY('StandoffHolder v13',
'StandoffHolder v13',(#4766));
#4763=APPLICATION_PROTOCOL_DEFINITION('international standard',
'automotive_design',2009,#4764);
#4764=APPLICATION_CONTEXT(
'Core Data for Automotive Mechanical Design Process');
#4765=PRODUCT_CONTEXT('part definition',#4764,'mechanical');
#4766=PRODUCT('StandoffHolder','StandoffHolder v13',$,(#4765));
#4767=PRESENTATION_STYLE_ASSIGNMENT((#4769));
#4768=PRESENTATION_STYLE_ASSIGNMENT((#4770));
#4769=SURFACE_STYLE_USAGE(.BOTH.,#4771);
#4770=SURFACE_STYLE_USAGE(.BOTH.,#4772);
#4771=SURFACE_SIDE_STYLE('',(#4773));
#4772=SURFACE_SIDE_STYLE('',(#4774));
#4773=SURFACE_STYLE_FILL_AREA(#4775);
#4774=SURFACE_STYLE_FILL_AREA(#4776);
#4775=FILL_AREA_STYLE('Steel - Satin',(#4777));
#4776=FILL_AREA_STYLE('Nylon 12 (with Formlabs Fuse 1 3D Printer)',(#4778));
#4777=FILL_AREA_STYLE_COLOUR('Steel - Satin',#4779);
#4778=FILL_AREA_STYLE_COLOUR(
'Nylon 12 (with Formlabs Fuse 1 3D Printer)',#4780);
#4779=COLOUR_RGB('Steel - Satin',0.627450980392157,0.627450980392157,0.627450980392157);
#4780=COLOUR_RGB('Nylon 12 (with Formlabs Fuse 1 3D Printer)',0.247058823529412,
0.247058823529412,0.247058823529412);
ENDSEC;
END-ISO-10303-21;
